SET autocommit=0; SET unique_checks=0; SET foreign_key_checks=0;
-- MySQL dump 10.13  Distrib 5.5.37, for debian-linux-gnu (i686)
--
-- Host: localhost    Database: leihs2_test
-- ------------------------------------------------------
-- Server version	5.5.37-0+wheezy1

/*!40101 SET @OLD_CHARACTER_SET_CLIENT=@@CHARACTER_SET_CLIENT */;
/*!40101 SET @OLD_CHARACTER_SET_RESULTS=@@CHARACTER_SET_RESULTS */;
/*!40101 SET @OLD_COLLATION_CONNECTION=@@COLLATION_CONNECTION */;
/*!40101 SET NAMES utf8 */;
/*!40103 SET @OLD_TIME_ZONE=@@TIME_ZONE */;
/*!40103 SET TIME_ZONE='+00:00' */;
/*!40014 SET @OLD_UNIQUE_CHECKS=@@UNIQUE_CHECKS, UNIQUE_CHECKS=0 */;
/*!40014 SET @OLD_FOREIGN_KEY_CHECKS=@@FOREIGN_KEY_CHECKS, FOREIGN_KEY_CHECKS=0 */;
/*!40101 SET @OLD_SQL_MODE=@@SQL_MODE, SQL_MODE='NO_AUTO_VALUE_ON_ZERO' */;
/*!40111 SET @OLD_SQL_NOTES=@@SQL_NOTES, SQL_NOTES=0 */;

--
-- Table structure for table `access_rights`
--

DROP TABLE IF EXISTS `access_rights`;
/*!40101 SET @saved_cs_client     = @@character_set_client */;
/*!40101 SET character_set_client = utf8 */;
CREATE TABLE `access_rights` (
  `id` int(11) NOT NULL AUTO_INCREMENT,
  `user_id` int(11) DEFAULT NULL,
  `inventory_pool_id` int(11) DEFAULT NULL,
  `suspended_until` date DEFAULT NULL,
  `suspended_reason` text COLLATE utf8_unicode_ci,
  `deleted_at` date DEFAULT NULL,
  `created_at` datetime DEFAULT NULL,
  `updated_at` datetime DEFAULT NULL,
  `role` enum('customer','group_manager','lending_manager','inventory_manager','admin') COLLATE utf8_unicode_ci NOT NULL,
  PRIMARY KEY (`id`),
  KEY `index_access_rights_on_suspended_until` (`suspended_until`),
  KEY `index_access_rights_on_deleted_at` (`deleted_at`),
  KEY `index_access_rights_on_inventory_pool_id` (`inventory_pool_id`),
  KEY `index_access_rights_on_role` (`role`),
  KEY `index_on_user_id_and_inventory_pool_id_and_deleted_at` (`user_id`,`inventory_pool_id`,`deleted_at`)
) ENGINE=InnoDB AUTO_INCREMENT=41 DEFAULT CHARSET=utf8 COLLATE=utf8_unicode_ci;
/*!40101 SET character_set_client = @saved_cs_client */;

--
-- Dumping data for table `access_rights`
--

LOCK TABLES `access_rights` WRITE;
/*!40000 ALTER TABLE `access_rights` DISABLE KEYS */;
INSERT INTO `access_rights` VALUES (1,1,NULL,NULL,NULL,NULL,'2015-11-14 02:07:45','2015-11-14 02:07:45','admin'),(2,2,NULL,NULL,NULL,NULL,'2015-11-14 02:07:45','2015-11-14 02:07:45','admin'),(3,4,3,NULL,NULL,NULL,'2015-11-14 02:07:45','2015-11-14 02:07:45','customer'),(4,5,1,NULL,NULL,NULL,'2015-11-14 02:07:45','2015-11-14 02:07:45','lending_manager'),(5,6,5,NULL,NULL,NULL,'2015-11-14 02:07:45','2015-11-14 02:07:45','customer'),(6,7,12,NULL,NULL,NULL,'2015-11-14 02:07:45','2015-11-14 02:07:45','customer'),(7,8,1,NULL,NULL,'2015-11-14','2015-11-14 02:07:45','2015-11-14 02:07:45','customer'),(8,2,1,NULL,NULL,NULL,'2015-11-14 02:07:45','2015-11-14 02:07:45','customer'),(9,9,2,NULL,NULL,NULL,'2015-11-14 02:07:45','2015-11-14 02:07:45','inventory_manager'),(10,10,1,NULL,NULL,NULL,'2015-11-14 02:07:45','2015-11-14 02:07:45','inventory_manager'),(11,10,12,NULL,NULL,NULL,'2015-11-14 02:07:45','2015-11-14 02:07:45','inventory_manager'),(12,11,1,NULL,NULL,NULL,'2015-11-14 02:07:45','2015-11-14 02:07:45','lending_manager'),(13,11,2,NULL,NULL,NULL,'2015-11-14 02:07:45','2015-11-14 02:07:45','lending_manager'),(14,12,1,NULL,NULL,NULL,'2015-11-14 02:07:45','2015-11-14 02:07:45','customer'),(15,13,1,NULL,NULL,NULL,'2015-11-14 02:07:45','2015-11-14 02:07:45','customer'),(16,14,1,NULL,NULL,NULL,'2015-11-14 02:07:45','2015-11-14 02:07:45','customer'),(17,15,1,NULL,NULL,NULL,'2015-11-14 02:07:45','2015-11-14 02:07:45','customer'),(18,16,1,NULL,NULL,NULL,'2015-11-14 02:07:45','2015-11-14 02:07:45','customer'),(19,17,2,'2015-11-10','Pariatur sit ratione est nam modi ducimus qui quo.',NULL,'2015-11-09 00:00:00','2015-11-09 00:00:00','customer'),(20,19,1,NULL,NULL,NULL,'2015-11-14 02:07:45','2015-11-14 02:07:45','customer'),(21,20,1,NULL,NULL,NULL,'2015-11-14 02:07:45','2015-11-14 02:07:45','customer'),(22,21,1,NULL,NULL,NULL,'2015-11-14 02:07:45','2015-11-14 02:07:45','customer'),(23,22,1,NULL,NULL,NULL,'2015-11-14 02:07:45','2015-11-14 02:07:45','customer'),(24,24,1,NULL,NULL,NULL,'2015-11-14 02:07:45','2015-11-14 02:07:45','customer'),(25,24,13,NULL,NULL,NULL,'2015-11-14 02:07:45','2015-11-14 02:07:45','customer'),(26,25,1,NULL,NULL,NULL,'2015-11-14 02:07:45','2015-11-14 02:07:45','customer'),(27,25,2,NULL,NULL,NULL,'2015-11-14 02:07:45','2015-11-14 02:07:45','customer'),(28,25,3,NULL,NULL,NULL,'2015-11-14 02:07:45','2015-11-14 02:07:45','customer'),(29,25,13,NULL,NULL,'2015-11-13','2015-11-14 02:07:45','2015-11-14 02:07:45','customer'),(30,26,1,NULL,NULL,NULL,'2015-11-14 02:07:45','2015-11-14 02:07:45','customer'),(31,27,1,NULL,NULL,NULL,'2015-11-14 02:07:45','2015-11-14 02:07:45','group_manager'),(32,27,2,NULL,NULL,NULL,'2015-11-14 02:07:45','2015-11-14 02:07:45','group_manager'),(33,27,3,NULL,NULL,NULL,'2015-11-14 02:07:45','2015-11-14 02:07:45','group_manager'),(34,28,1,NULL,NULL,NULL,'2015-11-14 02:07:45','2015-11-14 02:07:45','group_manager'),(35,29,1,NULL,NULL,NULL,'2015-11-14 02:07:45','2015-11-14 02:07:45','customer'),(36,30,1,'2015-11-14','suspreason',NULL,'2015-11-14 02:07:45','2015-11-14 02:07:45','customer'),(37,31,1,NULL,NULL,NULL,'2015-11-14 02:07:45','2015-11-14 02:07:45','customer'),(38,32,1,NULL,NULL,NULL,'2015-11-14 02:07:45','2015-11-14 02:07:45','customer'),(39,33,1,NULL,NULL,NULL,'2015-11-14 02:07:45','2015-11-14 02:07:45','customer'),(40,34,1,NULL,NULL,NULL,'2015-11-14 02:07:45','2015-11-14 02:07:45','customer');
/*!40000 ALTER TABLE `access_rights` ENABLE KEYS */;
UNLOCK TABLES;

--
-- Table structure for table `accessories`
--

DROP TABLE IF EXISTS `accessories`;
/*!40101 SET @saved_cs_client     = @@character_set_client */;
/*!40101 SET character_set_client = utf8 */;
CREATE TABLE `accessories` (
  `id` int(11) NOT NULL AUTO_INCREMENT,
  `model_id` int(11) DEFAULT NULL,
  `name` varchar(255) COLLATE utf8_unicode_ci DEFAULT NULL,
  `quantity` int(11) DEFAULT NULL,
  PRIMARY KEY (`id`),
  KEY `index_accessories_on_model_id` (`model_id`)
) ENGINE=InnoDB AUTO_INCREMENT=489 DEFAULT CHARSET=utf8 COLLATE=utf8_unicode_ci;
/*!40101 SET character_set_client = @saved_cs_client */;

--
-- Dumping data for table `accessories`
--

LOCK TABLES `accessories` WRITE;
/*!40000 ALTER TABLE `accessories` DISABLE KEYS */;
INSERT INTO `accessories` VALUES (1,1,'Westley Carter IV',NULL),(2,1,'Sigmund Buckridge',NULL),(3,1,'Kenny Brown',NULL),(4,2,'Darron Moen V',NULL),(5,3,'Alanis Collier',NULL),(6,3,'Thomas Upton MD',NULL),(7,3,'Norbert Swift',NULL),(8,3,'Adolfo Gottlieb',NULL),(9,4,'Ariel Schmitt',NULL),(10,5,'Edwardo Wilderman',NULL),(11,5,'Sharon Maggio PhD',NULL),(12,5,'Arnoldo McKenzie',NULL),(13,5,'Ana Greenfelder',NULL),(14,5,'Kenyatta Halvorson',NULL),(15,6,'Mr. Celestine Hackett',NULL),(16,6,'Hester Wehner V',NULL),(17,6,'Heaven Donnelly',NULL),(18,6,'Joyce Wiegand III',NULL),(19,6,'Alaina Hayes',NULL),(20,7,'Nicolette Ullrich I',NULL),(21,7,'Howard Morissette',NULL),(22,7,'Darion Wolf',NULL),(23,7,'Abigale Kassulke',NULL),(24,8,'Berta Mills',NULL),(25,9,'Cierra Prohaska',NULL),(26,10,'Wilma Hane',NULL),(27,11,'Deborah Gerhold',NULL),(28,11,'Elna Schmeler',NULL),(29,11,'Orin Hammes',NULL),(30,12,'Geovanni Price',NULL),(31,12,'Greg Jerde',NULL),(32,13,'Gianni Schoen',NULL),(33,13,'Lonnie Waters',NULL),(34,13,'Zachery Jacobi Jr.',NULL),(35,14,'Kayden Barrows',NULL),(36,14,'Miss Vinnie Sporer',NULL),(37,14,'Dr. Hal Stamm',NULL),(38,14,'Krystina Corwin',NULL),(39,15,'Fabiola Deckow',NULL),(40,15,'Ima Towne',NULL),(41,15,'Gage Morissette',NULL),(42,15,'Isidro Bergnaum',NULL),(43,15,'Oren Dickens DDS',NULL),(44,16,'Hillary Frami',NULL),(45,16,'Reynold Powlowski',NULL),(46,16,'Adolfo Mills',NULL),(47,17,'Elijah Graham',NULL),(48,17,'Mozell Batz DDS',NULL),(49,17,'Logan Schamberger',NULL),(50,17,'Elmore Kassulke',NULL),(51,17,'Gertrude Bergstrom',NULL),(52,18,'Alex Christiansen',NULL),(53,18,'Zena Heidenreich DDS',NULL),(54,19,'Mr. Electa Christiansen',NULL),(55,19,'Quincy Littel',NULL),(56,19,'Alfonso Cartwright IV',NULL),(57,20,'Shawn Gutkowski',NULL),(58,21,'Santa Hahn IV',NULL),(59,21,'Mr. Evan Frami',NULL),(60,21,'Mr. Ryley Halvorson',NULL),(61,21,'Jessika Quitzon IV',NULL),(62,22,'Eva Fahey',NULL),(63,22,'Gillian Hills',NULL),(64,22,'Manley Connelly',NULL),(65,23,'Kenya Langosh',NULL),(66,23,'Minnie Labadie',NULL),(67,24,'Annamarie Huel',NULL),(68,24,'Asia VonRueden',NULL),(69,24,'Veronica Daugherty',NULL),(70,24,'Krystel Rippin V',NULL),(71,25,'Thalia Marks III',NULL),(72,25,'Coty Durgan',NULL),(73,26,'Ms. Coby Mertz',NULL),(74,27,'Adrianna Trantow',NULL),(75,28,'Ben Eichmann IV',NULL),(76,28,'Diamond Corkery DDS',NULL),(77,28,'Ila Krajcik',NULL),(78,28,'Beatrice Willms',NULL),(79,29,'Alexander Kub',NULL),(80,30,'Guillermo Beer I',NULL),(81,30,'Graciela Dickinson',NULL),(82,30,'Kenna Crona',NULL),(83,30,'Weldon Kassulke',NULL),(84,31,'Sydnie Armstrong',NULL),(85,31,'Rahul Kunde DDS',NULL),(86,31,'Kristina Lindgren',NULL),(87,32,'Elza Hermiston',NULL),(88,32,'Jess Beier',NULL),(89,33,'Giovanny DuBuque',NULL),(90,33,'Antonia Beahan Sr.',NULL),(91,33,'Floy Johns',NULL),(92,33,'Hal Jones',NULL),(93,34,'Ezra Reichel',NULL),(94,34,'Miss Anne Kunze',NULL),(95,34,'Mireya Franecki',NULL),(96,34,'Marianna Mante',NULL),(97,34,'Carley Predovic',NULL),(98,35,'Nikolas Wintheiser',NULL),(99,35,'Vito Reilly I',NULL),(100,36,'Napoleon Gusikowski',NULL),(101,36,'Mr. Sheridan McClure',NULL),(102,36,'Linnie Corkery',NULL),(103,36,'Lesly Senger II',NULL),(104,37,'Sister Stehr',NULL),(105,37,'Eva O\'Kon',NULL),(106,37,'Price Schuppe',NULL),(107,37,'Jovany Zemlak',NULL),(108,38,'Lorenza Jast PhD',NULL),(109,38,'Ryan Raynor',NULL),(110,38,'Furman Crona',NULL),(111,39,'Clara Collins MD',NULL),(112,39,'Kameron Abernathy',NULL),(113,39,'German Hahn',NULL),(114,39,'Julius Rosenbaum V',NULL),(115,39,'Mr. Owen Greenholt',NULL),(116,40,'Brandyn Huels IV',NULL),(117,40,'Koby Romaguera',NULL),(118,41,'Stewart Mertz',NULL),(119,41,'Eladio Lindgren III',NULL),(120,41,'Ladarius Gusikowski V',NULL),(121,42,'Mr. Keon Reilly',NULL),(122,42,'Gillian Barton',NULL),(123,43,'Zelma Hilpert',NULL),(124,43,'Alaina Schneider',NULL),(125,43,'Darlene Gibson',NULL),(126,43,'Price Weissnat',NULL),(127,43,'Elliott Fisher Jr.',NULL),(128,44,'Jayce Becker',NULL),(129,44,'Miss Adah Hand',NULL),(130,44,'Dr. Ken Prosacco',NULL),(131,44,'Anastacio Emard DVM',NULL),(132,45,'Viva Witting',NULL),(133,45,'Polly Weber',NULL),(134,45,'Casimir Klein',NULL),(135,46,'Viola Douglas',NULL),(136,46,'Brian Berge',NULL),(137,46,'Jody Zemlak',NULL),(138,47,'Wilbert Shields',NULL),(139,47,'Morgan Ortiz',NULL),(140,47,'Mrs. Unique Welch',NULL),(141,47,'Zula Frami',NULL),(142,48,'Ethelyn Gerlach',NULL),(143,48,'Miss Alek Hauck',NULL),(144,48,'Maggie Mohr',NULL),(145,48,'Nelda Flatley IV',NULL),(146,49,'Kasandra Botsford',NULL),(147,49,'Dedrick Rowe',NULL),(148,49,'Tyree Dickens',NULL),(149,50,'Josh Mayer',NULL),(150,50,'Augusta Shanahan Jr.',NULL),(151,50,'Darren O\'Connell',NULL),(152,50,'Reginald Bailey',NULL),(153,50,'Jordy Gulgowski',NULL),(154,51,'Justen Frami',NULL),(155,52,'Erwin Gusikowski',NULL),(156,53,'Mrs. Ova Mueller',NULL),(157,53,'Emile Rippin',NULL),(158,53,'Jarred Tromp',NULL),(159,53,'Alan Russel',NULL),(160,53,'Micaela Kris PhD',NULL),(161,54,'Darien Greenholt',NULL),(162,54,'Dr. Joana Dach',NULL),(163,55,'Malcolm Metz DDS',NULL),(164,56,'Valentin Paucek',NULL),(165,57,'Matt Schaefer',NULL),(166,57,'Dr. Bertrand Mueller',NULL),(167,58,'Bridgette Kihn',NULL),(168,58,'Keshawn Schmidt',NULL),(169,58,'Saul Upton',NULL),(170,58,'Haylie Johnston',NULL),(171,58,'Ms. Katelyn Hane',NULL),(172,59,'Miss Humberto Hoppe',NULL),(173,60,'Micheal Corwin',NULL),(174,61,'Sam Runolfsson',NULL),(175,61,'Effie Mosciski',NULL),(176,61,'Frederick Berge',NULL),(177,62,'Julian Konopelski',NULL),(178,62,'Mr. Retha Will',NULL),(179,63,'Beau Moore',NULL),(180,63,'Maxie Treutel MD',NULL),(181,63,'Nicola Beatty Jr.',NULL),(182,64,'Jettie Luettgen',NULL),(183,64,'Milford Buckridge',NULL),(184,64,'Mr. Clementina Ankunding',NULL),(185,65,'Mrs. Penelope Roberts',NULL),(186,65,'Krista Keebler PhD',NULL),(187,65,'Angelita Ferry',NULL),(188,66,'Rolando Lubowitz',NULL),(189,67,'Kody Gaylord III',NULL),(190,67,'Ashlynn Dickens',NULL),(191,67,'Foster Rodriguez',NULL),(192,68,'Ashton McDermott',NULL),(193,68,'Raina Schaefer',NULL),(194,68,'Scot Flatley',NULL),(195,68,'Julio Crooks',NULL),(196,69,'Mrs. Fredrick Jacobs',NULL),(197,69,'Chance Krajcik',NULL),(198,69,'Dixie Torphy',NULL),(199,69,'Annie Hamill',NULL),(200,69,'Joshuah Gorczany',NULL),(201,70,'Mrs. Lamont Ryan',NULL),(202,70,'Mr. Johnathon Yundt',NULL),(203,70,'Judson Schulist',NULL),(204,70,'Ms. Merl Ondricka',NULL),(205,70,'Leland Kuvalis',NULL),(206,71,'Chaya Bergstrom',NULL),(207,71,'Miss Renee Bednar',NULL),(208,71,'Larissa Crooks',NULL),(209,71,'Aubrey Rutherford',NULL),(210,71,'Ms. Macy Grant',NULL),(211,72,'Ebony Mante',NULL),(212,72,'Katelyn Sawayn',NULL),(213,72,'Darion Koepp',NULL),(214,72,'Jo Harber',NULL),(215,73,'Jaden Osinski',NULL),(216,74,'Mrs. Eleanora McDermott',NULL),(217,74,'Sarina Wolff',NULL),(218,74,'Eloise Steuber',NULL),(219,74,'Bryon Kerluke',NULL),(220,74,'Devon Stamm III',NULL),(221,75,'Mercedes Leffler',NULL),(222,75,'Janelle Schiller Sr.',NULL),(223,75,'Efren Kerluke',NULL),(224,75,'Mr. Linda Daugherty',NULL),(225,75,'Sarina Reinger',NULL),(226,76,'Concepcion Dooley',NULL),(227,77,'Ms. Mose Hauck',NULL),(228,77,'Desiree Frami',NULL),(229,78,'Dr. Wilfredo Veum',NULL),(230,78,'Gayle Will',NULL),(231,78,'Dr. Keshaun Satterfield',NULL),(232,78,'Juvenal Herman',NULL),(233,79,'Mrs. Raquel Bogan',NULL),(234,79,'Katelynn Cartwright',NULL),(235,79,'Claude Senger',NULL),(236,79,'Ethyl Armstrong III',NULL),(237,79,'Makayla Hackett',NULL),(238,80,'Rubie Wiza',NULL),(239,80,'Javon Schmitt',NULL),(240,80,'Fidel Orn Jr.',NULL),(241,80,'Oceane Bartoletti',NULL),(242,80,'Mollie Schowalter',NULL),(243,81,'Nellie Lindgren',NULL),(244,81,'Manuel Orn',NULL),(245,81,'Kareem Gutkowski',NULL),(246,82,'Yolanda Morissette',NULL),(247,82,'Golden Ankunding',NULL),(248,83,'Eladio Mills I',NULL),(249,83,'Leatha Lind',NULL),(250,83,'Anna Cormier',NULL),(251,84,'Roosevelt Flatley',NULL),(252,84,'Reginald Kutch DDS',NULL),(253,84,'Mr. Grant Douglas',NULL),(254,84,'Mrs. Trent Bergstrom',NULL),(255,85,'Clyde Romaguera',NULL),(256,86,'Lily Borer II',NULL),(257,86,'Verdie Monahan IV',NULL),(258,86,'Janet Koelpin',NULL),(259,86,'Myrtice Johns',NULL),(260,86,'Ms. Janessa Quitzon',NULL),(261,87,'Mr. Eladio Torphy',NULL),(262,87,'Birdie Brekke',NULL),(263,87,'Mario Klein',NULL),(264,87,'Kaleigh Nienow',NULL),(265,88,'Brad Emard',NULL),(266,88,'Aimee Anderson',NULL),(267,88,'Melyna Littel DDS',NULL),(268,89,'Maynard Beatty',NULL),(269,89,'Jedidiah Rempel',NULL),(270,89,'Maia Smith',NULL),(271,89,'Vincent Kassulke',NULL),(272,90,'William Lang',NULL),(273,91,'Gordon Hyatt Jr.',NULL),(274,91,'Fay Windler',NULL),(275,91,'Monty Hudson II',NULL),(276,92,'Giovanny Kuphal',NULL),(277,92,'Miss Elna Green',NULL),(278,92,'Samanta Mertz',NULL),(279,92,'Kamille Kilback I',NULL),(280,92,'Constance Walker',NULL),(281,93,'Miss Michaela Wolf',NULL),(282,93,'Clay Harvey IV',NULL),(283,93,'Jaylin Toy',NULL),(284,94,'Miss Tod Hilpert',NULL),(285,94,'Charlie Schiller',NULL),(286,94,'Miss Lambert Swaniawski',NULL),(287,94,'Miss Leatha Vandervort',NULL),(288,95,'Annetta Jacobi',NULL),(289,95,'Mr. Marcelino Hansen',NULL),(290,95,'Mekhi Nicolas',NULL),(291,95,'Verda Kling',NULL),(292,96,'Alan Mills IV',NULL),(293,97,'Miss Newell McGlynn',NULL),(294,97,'Maxwell Beier',NULL),(295,97,'Dr. Ryleigh Boyer',NULL),(296,97,'April Terry',NULL),(297,98,'Jazmin Keebler PhD',NULL),(298,98,'Braulio D\'Amore III',NULL),(299,98,'Adella Shields',NULL),(300,98,'Michaela Rosenbaum',NULL),(301,99,'Cristobal Huels III',NULL),(302,99,'Raina Satterfield MD',NULL),(303,99,'Mr. Mona Mayert',NULL),(304,99,'Lesly Halvorson',NULL),(305,99,'Hailie Kris',NULL),(306,100,'Thora Wiegand',NULL),(307,100,'Mr. Curt Wolf',NULL),(308,100,'Teresa Lang',NULL),(309,100,'Alessandro Runte',NULL),(310,100,'Ms. Ellsworth Morissette',NULL),(311,101,'Mitchel Davis',NULL),(312,101,'Ahmad Abbott',NULL),(313,102,'Sigurd Kemmer PhD',NULL),(314,102,'Barrett Gleichner',NULL),(315,102,'Marie Thiel',NULL),(316,102,'Kacie Wehner',NULL),(317,103,'Ms. Davonte Gerlach',NULL),(318,103,'Stephon Jacobs',NULL),(319,103,'Mariam Waelchi',NULL),(320,104,'Darby Kerluke',NULL),(321,104,'Jude Quigley',NULL),(322,104,'Hazel Tillman MD',NULL),(323,104,'Raoul Koepp',NULL),(324,104,'Johnnie Krajcik',NULL),(325,105,'Fred Boyer',NULL),(326,105,'Kaci Wyman',NULL),(327,105,'Murphy Erdman',NULL),(328,105,'Caterina Swaniawski',NULL),(329,106,'Maya Lakin',NULL),(330,106,'Dr. Zechariah VonRueden',NULL),(331,106,'Edgardo Runolfsson',NULL),(332,106,'Lewis Jacobson',NULL),(333,107,'Ms. Terrill Conn',NULL),(334,107,'Hollie Corkery',NULL),(335,107,'Mekhi Buckridge',NULL),(336,107,'Garth Runolfsdottir',NULL),(337,107,'Brennon Quigley',NULL),(338,108,'Jarvis Crona',NULL),(339,108,'Viva Emard',NULL),(340,108,'Roselyn Marquardt',NULL),(341,109,'Wilfrid Ryan',NULL),(342,109,'Gianni Boyle Sr.',NULL),(343,109,'Stone Hayes',NULL),(344,109,'Gwen Runte',NULL),(345,109,'Mrs. Ayana Gerhold',NULL),(346,110,'Mrs. Ally Nienow',NULL),(347,110,'Lysanne Cole',NULL),(348,110,'Ari Bednar',NULL),(349,111,'Wilhelmine Waters',NULL),(350,111,'Miss Bessie Wisozk',NULL),(351,111,'Marcella Cormier',NULL),(352,111,'Mireya Reynolds',NULL),(353,112,'Delta Lesch',NULL),(354,112,'Janessa Lesch',NULL),(355,112,'Dr. Mossie Brown',NULL),(356,112,'Libby Collier PhD',NULL),(357,112,'Lucious Stiedemann',NULL),(358,113,'Dr. Hollie Sipes',NULL),(359,113,'Treva Nitzsche',NULL),(360,114,'Kole Mitchell',NULL),(361,114,'Nikolas Schultz',NULL),(362,115,'Mrs. Laverna Abernathy',NULL),(363,115,'Jolie Kemmer',NULL),(364,116,'Dr. Katharina Bins',NULL),(365,116,'Mr. Annabell Anderson',NULL),(366,116,'Mr. Ryleigh Mraz',NULL),(367,116,'Kayley Dare',NULL),(368,116,'Delia Auer',NULL),(369,117,'Malcolm Considine',NULL),(370,117,'Cecil Ritchie',NULL),(371,117,'Estella Hills PhD',NULL),(372,118,'Brock Wolf',NULL),(373,118,'Maegan Funk',NULL),(374,118,'Madisyn Cremin',NULL),(375,118,'Cristopher Huels',NULL),(376,118,'Sally Glover',NULL),(377,119,'Della Erdman',NULL),(378,120,'Johathan Hyatt',NULL),(379,120,'Rosalee Jones',NULL),(380,121,'Forrest Luettgen',NULL),(381,121,'Orrin Smitham',NULL),(382,122,'Helga Farrell I',NULL),(383,123,'Delores Lakin',NULL),(384,123,'Sofia Ziemann',NULL),(385,123,'Ariane Becker III',NULL),(386,123,'Garret Toy',NULL),(387,123,'Odie Lakin',NULL),(388,124,'Ole Friesen',NULL),(389,124,'Jaden Brakus',NULL),(390,125,'Lizeth Leffler',NULL),(391,125,'Jewel Towne',NULL),(392,125,'Benton Schneider',NULL),(393,126,'Laurine Jaskolski IV',NULL),(394,127,'Shany Fahey',NULL),(395,127,'Lessie Hyatt',NULL),(396,128,'Raegan Swift',NULL),(397,129,'Alison Stroman',NULL),(398,129,'Arno Smith',NULL),(399,130,'Ms. Arnulfo Mitchell',NULL),(400,130,'Nichole Zboncak',NULL),(401,130,'Robyn Legros',NULL),(402,131,'Joy Shields',NULL),(403,131,'Abagail Hilll',NULL),(404,131,'Esther Howe',NULL),(405,131,'Norberto Brekke',NULL),(406,132,'Adelbert Runolfsson',NULL),(407,132,'Deon Wisoky',NULL),(408,132,'Mr. Jaylon Keeling',NULL),(409,132,'Regan Wisozk',NULL),(410,133,'Leonor Schneider',NULL),(411,134,'Kacie Pfannerstill',NULL),(412,134,'Miss Jettie Jacobs',NULL),(413,135,'Emie Christiansen',NULL),(414,135,'Retta Hegmann PhD',NULL),(415,135,'Mariana Thompson DDS',NULL),(416,135,'Jewell Johnston V',NULL),(417,135,'Lee Nitzsche',NULL),(418,136,'Billy Konopelski',NULL),(419,136,'Mrs. Ilene Feeney',NULL),(420,136,'Rosa Harris II',NULL),(421,136,'Remington Marquardt',NULL),(422,137,'Mabelle Lind Sr.',NULL),(423,137,'Kari Feil',NULL),(424,137,'Ezequiel Casper',NULL),(425,138,'Guillermo Jast',NULL),(426,138,'Gardner Rice',NULL),(427,138,'Mr. Jettie Shields',NULL),(428,139,'Eryn Gibson',NULL),(429,139,'Guiseppe Turcotte MD',NULL),(430,139,'Eve Homenick',NULL),(431,139,'Miss Rosanna Frami',NULL),(432,140,'Deangelo MacGyver',NULL),(433,140,'Clifton Hegmann',NULL),(434,140,'Baron Wyman',NULL),(435,141,'Eloisa Howe',NULL),(436,141,'Mrs. Griffin Veum',NULL),(437,142,'Dax Lakin',NULL),(438,142,'Janice Hayes',NULL),(439,142,'Roma Luettgen',NULL),(440,143,'Amir Corwin',NULL),(441,143,'Clemmie Koelpin',NULL),(442,143,'Kevon Swift',NULL),(443,144,'Odessa Leannon',NULL),(444,144,'Priscilla Koch',NULL),(445,144,'Ida Metz',NULL),(446,144,'Estelle Dooley',NULL),(447,145,'Geovanny Thompson',NULL),(448,145,'Mrs. Breana Luettgen',NULL),(449,145,'Jacklyn Blick',NULL),(450,146,'Alta Will',NULL),(451,146,'Emelie Steuber',NULL),(452,146,'Randy Bernier',NULL),(453,147,'Frederic Schumm',NULL),(454,147,'Ken Conn',NULL),(455,147,'Gerhard Schuster',NULL),(456,148,'Darrion Schuppe III',NULL),(457,148,'Jackie Lang',NULL),(458,149,'Rene Rowe',NULL),(459,149,'Devan Schroeder',NULL),(460,149,'River Franecki',NULL),(461,149,'Preston Berge',NULL),(462,149,'Dr. Eduardo Hackett',NULL),(463,150,'Telly Price',NULL),(464,150,'Beulah Eichmann',NULL),(465,150,'Ms. Dallin Volkman',NULL),(466,150,'Mittie Jaskolski',NULL),(467,150,'Harry Trantow',NULL),(468,151,'Shea Fadel',NULL),(469,151,'Mr. Major Schoen',NULL),(470,151,'Mrs. Michel Gislason',NULL),(471,151,'Dallas Medhurst',NULL),(472,152,'Kobe Moen',NULL),(473,152,'Valentine Lindgren',NULL),(474,153,'Jennyfer Moore',NULL),(475,153,'Dr. Sherwood Lang',NULL),(476,153,'Amy Nikolaus I',NULL),(477,153,'Avery Huels',NULL),(478,153,'Genevieve Gutkowski',NULL),(479,154,'Mabel Lang',NULL),(480,154,'Nathanael Oberbrunner',NULL),(481,155,'Ethelyn Kemmer',NULL),(482,155,'Jeanie Terry',NULL),(483,155,'Maryse Effertz',NULL),(484,155,'Dr. Lacey Wilderman',NULL),(485,155,'Terrence Fay',NULL),(486,156,'Mrs. Allison Treutel',NULL),(487,156,'Kenton Hyatt',NULL),(488,156,'Francesca Stark',NULL);
/*!40000 ALTER TABLE `accessories` ENABLE KEYS */;
UNLOCK TABLES;

--
-- Table structure for table `accessories_inventory_pools`
--

DROP TABLE IF EXISTS `accessories_inventory_pools`;
/*!40101 SET @saved_cs_client     = @@character_set_client */;
/*!40101 SET character_set_client = utf8 */;
CREATE TABLE `accessories_inventory_pools` (
  `accessory_id` int(11) DEFAULT NULL,
  `inventory_pool_id` int(11) DEFAULT NULL,
  UNIQUE KEY `index_accessories_inventory_pools` (`accessory_id`,`inventory_pool_id`),
  KEY `index_accessories_inventory_pools_on_inventory_pool_id` (`inventory_pool_id`)
) ENGINE=InnoDB DEFAULT CHARSET=utf8 COLLATE=utf8_unicode_ci;
/*!40101 SET character_set_client = @saved_cs_client */;

--
-- Dumping data for table `accessories_inventory_pools`
--

LOCK TABLES `accessories_inventory_pools` WRITE;
/*!40000 ALTER TABLE `accessories_inventory_pools` DISABLE KEYS */;
INSERT INTO `accessories_inventory_pools` VALUES (5,1),(6,1),(7,1),(9,1),(10,1),(11,1),(13,1),(15,1),(17,1),(18,1),(19,1),(22,1),(23,1),(24,1),(25,1),(26,1),(27,1),(30,1),(36,1),(37,1),(40,1),(41,1),(42,1),(44,1),(47,1),(48,1),(52,1),(53,1),(54,1),(57,1),(62,1),(68,1),(71,1),(72,1),(75,1),(77,1),(78,1),(80,1),(82,1),(86,1),(87,1),(88,1),(89,1),(91,1),(95,1),(99,1),(104,1),(105,1),(107,1),(108,1),(113,1),(114,1),(115,1),(118,1),(121,1),(122,1),(124,1),(125,1),(130,1),(131,1),(132,1),(133,1),(135,1),(136,1),(137,1),(138,1),(139,1),(141,1),(142,1),(145,1),(147,1),(148,1),(154,1),(158,1),(160,1),(162,1),(168,1),(169,1),(170,1),(171,1),(172,1),(173,1),(177,1),(178,1),(180,1),(181,1),(183,1),(185,1),(186,1),(187,1),(188,1),(189,1),(193,1),(196,1),(197,1),(200,1),(203,1),(204,1),(205,1),(207,1),(208,1),(209,1),(210,1),(212,1),(214,1),(216,1),(219,1),(221,1),(222,1),(227,1),(228,1),(230,1),(231,1),(232,1),(233,1),(236,1),(237,1),(238,1),(239,1),(240,1),(245,1),(248,1),(252,1),(253,1),(261,1),(262,1),(267,1),(268,1),(271,1),(273,1),(274,1),(275,1),(277,1),(279,1),(280,1),(283,1),(284,1),(286,1),(287,1),(288,1),(293,1),(296,1),(297,1),(300,1),(302,1),(304,1),(311,1),(312,1),(313,1),(314,1),(315,1),(319,1),(320,1),(322,1),(323,1),(324,1),(325,1),(326,1),(330,1),(332,1),(334,1),(336,1),(338,1),(340,1),(341,1),(347,1),(348,1),(349,1),(350,1),(351,1),(352,1),(356,1),(358,1),(360,1),(361,1),(362,1),(364,1),(367,1),(374,1),(375,1),(376,1),(379,1),(380,1),(381,1),(382,1),(383,1),(385,1),(389,1),(390,1),(393,1),(395,1),(399,1),(402,1),(403,1),(404,1),(407,1),(408,1),(410,1),(413,1),(414,1),(415,1),(416,1),(419,1),(420,1),(423,1),(424,1),(428,1),(429,1),(430,1),(432,1),(433,1),(434,1),(442,1),(447,1),(448,1),(450,1),(453,1),(454,1),(455,1),(458,1),(459,1),(460,1),(461,1),(462,1),(463,1),(464,1),(465,1),(468,1),(469,1),(470,1),(471,1),(473,1),(476,1),(477,1),(480,1),(482,1),(485,1),(486,1),(487,1),(488,1);
/*!40000 ALTER TABLE `accessories_inventory_pools` ENABLE KEYS */;
UNLOCK TABLES;

--
-- Table structure for table `addresses`
--

DROP TABLE IF EXISTS `addresses`;
/*!40101 SET @saved_cs_client     = @@character_set_client */;
/*!40101 SET character_set_client = utf8 */;
CREATE TABLE `addresses` (
  `id` int(11) NOT NULL AUTO_INCREMENT,
  `street` varchar(255) COLLATE utf8_unicode_ci DEFAULT NULL,
  `zip_code` varchar(255) COLLATE utf8_unicode_ci DEFAULT NULL,
  `city` varchar(255) COLLATE utf8_unicode_ci DEFAULT NULL,
  `country_code` varchar(255) COLLATE utf8_unicode_ci DEFAULT NULL,
  `latitude` float DEFAULT NULL,
  `longitude` float DEFAULT NULL,
  PRIMARY KEY (`id`),
  UNIQUE KEY `index_addresses_on_street_and_zip_code_and_city_and_country_code` (`street`,`zip_code`,`city`,`country_code`)
) ENGINE=InnoDB DEFAULT CHARSET=utf8 COLLATE=utf8_unicode_ci;
/*!40101 SET character_set_client = @saved_cs_client */;

--
-- Dumping data for table `addresses`
--

LOCK TABLES `addresses` WRITE;
/*!40000 ALTER TABLE `addresses` DISABLE KEYS */;
/*!40000 ALTER TABLE `addresses` ENABLE KEYS */;
UNLOCK TABLES;

--
-- Table structure for table `attachments`
--

DROP TABLE IF EXISTS `attachments`;
/*!40101 SET @saved_cs_client     = @@character_set_client */;
/*!40101 SET character_set_client = utf8 */;
CREATE TABLE `attachments` (
  `id` int(11) NOT NULL AUTO_INCREMENT,
  `model_id` int(11) DEFAULT NULL,
  `is_main` tinyint(1) DEFAULT '0',
  `content_type` varchar(255) COLLATE utf8_unicode_ci DEFAULT NULL,
  `filename` varchar(255) COLLATE utf8_unicode_ci DEFAULT NULL,
  `size` int(11) DEFAULT NULL,
  PRIMARY KEY (`id`),
  KEY `index_attachments_on_model_id` (`model_id`)
) ENGINE=InnoDB AUTO_INCREMENT=6 DEFAULT CHARSET=utf8 COLLATE=utf8_unicode_ci;
/*!40101 SET character_set_client = @saved_cs_client */;

--
-- Dumping data for table `attachments`
--

LOCK TABLES `attachments` WRITE;
/*!40000 ALTER TABLE `attachments` DISABLE KEYS */;
INSERT INTO `attachments` VALUES (1,141,0,'image/jpeg','Titus Fisher Jr.',NULL),(2,142,0,'image/jpeg','Deborah Harvey',NULL),(3,154,0,'image/jpeg','Juston Doyle Jr.',NULL),(4,154,0,'image/jpeg','Nova Wilkinson',NULL),(5,155,0,'image/jpeg','Dane Daniel',NULL);
/*!40000 ALTER TABLE `attachments` ENABLE KEYS */;
UNLOCK TABLES;

--
-- Table structure for table `authentication_systems`
--

DROP TABLE IF EXISTS `authentication_systems`;
/*!40101 SET @saved_cs_client     = @@character_set_client */;
/*!40101 SET character_set_client = utf8 */;
CREATE TABLE `authentication_systems` (
  `id` int(11) NOT NULL AUTO_INCREMENT,
  `name` varchar(255) COLLATE utf8_unicode_ci DEFAULT NULL,
  `class_name` varchar(255) COLLATE utf8_unicode_ci DEFAULT NULL,
  `is_default` tinyint(1) DEFAULT '0',
  `is_active` tinyint(1) DEFAULT '0',
  PRIMARY KEY (`id`)
) ENGINE=InnoDB AUTO_INCREMENT=7 DEFAULT CHARSET=utf8 COLLATE=utf8_unicode_ci;
/*!40101 SET character_set_client = @saved_cs_client */;

--
-- Dumping data for table `authentication_systems`
--

LOCK TABLES `authentication_systems` WRITE;
/*!40000 ALTER TABLE `authentication_systems` DISABLE KEYS */;
INSERT INTO `authentication_systems` VALUES (1,'Database Authentication','DatabaseAuthentication',1,1),(2,'LDAP Authentication','LdapAuthentication',0,0),(3,'ZHDK Authentication','Zhdk',0,0),(4,'Database Authentication','DatabaseAuthentication',1,1),(5,'LDAP Authentication','LdapAuthentication',0,0),(6,'ZHDK Authentication','Zhdk',0,0);
/*!40000 ALTER TABLE `authentication_systems` ENABLE KEYS */;
UNLOCK TABLES;

--
-- Table structure for table `buildings`
--

DROP TABLE IF EXISTS `buildings`;
/*!40101 SET @saved_cs_client     = @@character_set_client */;
/*!40101 SET character_set_client = utf8 */;
CREATE TABLE `buildings` (
  `id` int(11) NOT NULL AUTO_INCREMENT,
  `name` varchar(255) COLLATE utf8_unicode_ci DEFAULT NULL,
  `code` varchar(255) COLLATE utf8_unicode_ci DEFAULT NULL,
  PRIMARY KEY (`id`)
) ENGINE=InnoDB AUTO_INCREMENT=160 DEFAULT CHARSET=utf8 COLLATE=utf8_unicode_ci;
/*!40101 SET character_set_client = @saved_cs_client */;

--
-- Dumping data for table `buildings`
--

LOCK TABLES `buildings` WRITE;
/*!40000 ALTER TABLE `buildings` DISABLE KEYS */;
INSERT INTO `buildings` VALUES (1,'Great Pyramid of Giza','ZZZ'),(2,'Great Pyramid of Giza','ZZZ'),(3,'Repellendusatquefugiat','off'),(4,'Cumquiamagnam','eos'),(5,'Autquasnostrum','etq'),(6,'Eumdelectusdoloribus','nob'),(7,'Facerenamodio','acc'),(8,'Rerumautemfugiat','exe'),(9,'Consequaturauteos','eai'),(10,'Nequeetest','sin'),(11,'Voluptatumaperiamiste','dol'),(12,'Dictaabmaiores','mag'),(13,'Utconsequaturprovident','ven'),(14,'Delenitiisteat','qui'),(15,'Atquedoloribusquidem','rep'),(16,'Debitisquissit','utc'),(17,'Aliquamoptioquae','qui'),(18,'Perspiciatisetest','par'),(19,'Velitperferendisdolor','nos'),(20,'Consectetureaat','eae'),(21,'Optioaliaslaudantium','ven'),(22,'Voluptatemtemporaut','ita'),(23,'Autrationequod','ati'),(24,'Ipsamvoluptatemdolor','inv'),(25,'Facilisvelittemporibus','ver'),(26,'Undevoluptatequo','cor'),(27,'Corruptirerumvoluptatem','nih'),(28,'Quidemautemaut','ets'),(29,'Voluptatesuntillo','nat'),(30,'Nihildoloripsam','lab'),(31,'Nesciuntvelea','qui'),(32,'Etvelitsuscipit','nec'),(33,'Laborumoditaccusamus','ete'),(34,'Consequaturmaioresducimus','est'),(35,'Laboriosamsedculpa','sed'),(36,'Etmodiitaque','qui'),(37,'Temporibusautaperiam','etp'),(38,'Nequecumiure','ete'),(39,'Ausstellungsstrasse 60','AU60'),(40,'Ausstellungsstrasse 60','AU60'),(41,'Numquamcumodio','adi'),(42,'Sintvoluptasbeatae','num'),(43,'Perspiciatisrepellatsunt','exp'),(44,'Veritatisquovitae','rei'),(45,'Inventoreathic','abi'),(46,'Iurelaudantiumcorporis','rep'),(47,'Expeditaexplicaboneque','quo'),(48,'Quodvoluptaspraesentium','dis'),(49,'Inautdicta','cor'),(50,'Voluptasnequequasi','pos'),(51,'Nonsedratione','idr'),(52,'Etquosnatus','eum'),(53,'Modirepellatofficiis','non'),(54,'Etestdolores','nes'),(55,'Inventorequidemvero','nih'),(56,'Providentdolorvoluptatum','min'),(57,'Sitquiaperiam','eum'),(58,'Repudiandaeofficiisdolorem','dic'),(59,'Quiaquasiillum','ven'),(60,'Faceresitasperiores','ten'),(61,'Ullamperspiciatisnobis','idv'),(62,'Doloremqueperferendisvelit','dic'),(63,'Earumvoluptasblanditiis','ute'),(64,'Consequaturquamvoluptas','ets'),(65,'Blanditiisestmollitia','sed'),(66,'Molestiasveniamest','nes'),(67,'Corporisilloatque','sap'),(68,'Rerumfugitet','vol'),(69,'Autblanditiiscumque','ear'),(70,'Assumendasequialias','nes'),(71,'Eiusquonemo','per'),(72,'Nobisdelectusporro','del'),(73,'Beataeenimofficiis','pra'),(74,'Sedexcepturireiciendis','vol'),(75,'Oditquisquos','vol'),(76,'Aperiamfugiatquis','etf'),(77,'Quamundeatque','sin'),(78,'Excepturitemporeomnis','qua'),(79,'Quasnatusea','est'),(80,'Laboriosamquaequi','rem'),(81,'Sitpossimusqui','dol'),(82,'Rationeporrosed','num'),(83,'Laboreliberoet','qui'),(84,'Explicabototamlaboriosam','ame'),(85,'Expeditanihilet','off'),(86,'Quiaquaehic','cor'),(87,'Quiavoluptatemexplicabo','ess'),(88,'Quiaexplicaboet','non'),(89,'Nemodoloresvoluptatum','vol'),(90,'Cupiditatenamaccusamus','vol'),(91,'Quasiexplicaboaut','cor'),(92,'Veritatissedquasi','inv'),(93,'Undeprovidentfugiat','lab'),(94,'Aliasmollitiaet','per'),(95,'Doloresautmolestiae','neq'),(96,'Velitetlibero','sae'),(97,'Autemidsint','nul'),(98,'Nullatemporeneque','num'),(99,'Rerumtemporibussequi','vel'),(100,'Omnisaccusantiumasperiores','adi'),(101,'Accusantiumvoluptasipsum','rat'),(102,'Corruptidebitisexplicabo','fug'),(103,'Quiquiaquis','num'),(104,'Saepedolorquod','aut'),(105,'Teneturetsed','acc'),(106,'Cumnonrerum','idi'),(107,'Suntconsequunturdebitis','mag'),(108,'Quiquiillum','sin'),(109,'Reprehenderitoccaecatihic','ips'),(110,'Idconsecteturomnis','dol'),(111,'Corporisrecusandaedolores','asp'),(112,'Voluptatibusnondolore','ali'),(113,'Laudantiumillumbeatae','min'),(114,'Doloremqueineum','mol'),(115,'Eligendirepellendusmolestiae','vol'),(116,'Abetvelit','und'),(117,'Dignissimoscumasperiores','acc'),(118,'Temporeaspernaturcumque','qui'),(119,'Nemoexplicabopossimus','qui'),(120,'Eumquisconsequuntur','est'),(121,'Doloredoloreslibero','dol'),(122,'Illumeligendiest','atq'),(123,'Dictarepellatsit','lau'),(124,'Istefacilisprovident','eau'),(125,'Praesentiumullamquae','cup'),(126,'Architectofugiatconsequuntur','ver'),(127,'Autemaccusamusdolorem','exp'),(128,'Hicrerumiusto','vol'),(129,'Quosreprehenderitnemo','lab'),(130,'Quivoluptatemsuscipit','non'),(131,'Laudantiummaiorespraesentium','inc'),(132,'Beataelaudantiumrepellendus','bla'),(133,'Voluptassuntlaudantium','aut'),(134,'Deserunteligendivoluptatibus','err'),(135,'Aliassitsint','vol'),(136,'Illoquaequis','sit'),(137,'Laboriosamrerumenim','acc'),(138,'Autmodirerum','etn'),(139,'Eosdelenitiasperiores','ver'),(140,'Magnivoluptatemnostrum','qui'),(141,'Adipiscietdolorum','ips'),(142,'Voluptatumquisplaceat','inv'),(143,'Quiofficiaest','etu'),(144,'Quaeharumomnis','eti'),(145,'Deseruntetblanditiis','ina'),(146,'Consequaturearumexcepturi','sun'),(147,'Necessitatibusamettempore','est'),(148,'Quiabeataeiure','des'),(149,'Blanditiissitdistinctio','qui'),(150,'Doloremnullaerror','dol'),(151,'Omnisdistinctioquam','tem'),(152,'Velsintrerum','nec'),(153,'Nullaaspernaturconsequatur','lab'),(154,'Iddoloremrerum','fac'),(155,'Utquistempore','vol'),(156,'Blanditiisnobiset','per'),(157,'Eiusvoluptasfacilis','qui'),(158,'Mollitiaofficiaut','ape'),(159,'Consecteturnonvoluptatum','min');
/*!40000 ALTER TABLE `buildings` ENABLE KEYS */;
UNLOCK TABLES;

--
-- Table structure for table `contract_lines`
--

DROP TABLE IF EXISTS `contract_lines`;
/*!40101 SET @saved_cs_client     = @@character_set_client */;
/*!40101 SET character_set_client = utf8 */;
CREATE TABLE `contract_lines` (
  `id` int(11) NOT NULL AUTO_INCREMENT,
  `contract_id` int(11) DEFAULT NULL,
  `type` varchar(255) COLLATE utf8_unicode_ci NOT NULL DEFAULT 'ItemLine',
  `item_id` int(11) DEFAULT NULL,
  `model_id` int(11) DEFAULT NULL,
  `quantity` int(11) DEFAULT '1',
  `start_date` date DEFAULT NULL,
  `end_date` date DEFAULT NULL,
  `returned_date` date DEFAULT NULL,
  `option_id` int(11) DEFAULT NULL,
  `purpose_id` int(11) DEFAULT NULL,
  `returned_to_user_id` int(11) DEFAULT NULL,
  `created_at` datetime DEFAULT NULL,
  `updated_at` datetime DEFAULT NULL,
  PRIMARY KEY (`id`),
  KEY `index_contract_lines_on_start_date` (`start_date`),
  KEY `index_contract_lines_on_end_date` (`end_date`),
  KEY `index_contract_lines_on_option_id` (`option_id`),
  KEY `index_contract_lines_on_contract_id` (`contract_id`),
  KEY `index_contract_lines_on_item_id` (`item_id`),
  KEY `index_contract_lines_on_model_id` (`model_id`),
  KEY `index_contract_lines_on_returned_date_and_contract_id` (`returned_date`,`contract_id`),
  KEY `index_contract_lines_on_type_and_contract_id` (`type`,`contract_id`)
) ENGINE=InnoDB AUTO_INCREMENT=156 DEFAULT CHARSET=utf8 COLLATE=utf8_unicode_ci;
/*!40101 SET character_set_client = @saved_cs_client */;

--
-- Dumping data for table `contract_lines`
--

LOCK TABLES `contract_lines` WRITE;
/*!40000 ALTER TABLE `contract_lines` DISABLE KEYS */;
INSERT INTO `contract_lines` VALUES (1,1,'ItemLine',NULL,1,1,'2015-11-16','2015-11-16',NULL,NULL,NULL,NULL,'2015-11-14 02:07:45','2015-11-14 02:07:45'),(2,1,'ItemLine',NULL,5,1,'2015-11-16','2015-11-16',NULL,NULL,NULL,NULL,'2015-11-14 02:07:45','2015-11-14 02:07:45'),(3,1,'ItemLine',NULL,9,1,'2015-11-16','2015-11-16',NULL,NULL,NULL,NULL,'2015-11-14 02:07:45','2015-11-14 02:07:45'),(4,2,'ItemLine',NULL,13,1,'2015-11-16','2015-11-16',NULL,NULL,1,NULL,'2015-11-14 02:07:45','2015-11-14 02:07:45'),(5,2,'ItemLine',NULL,17,1,'2015-11-16','2015-11-16',NULL,NULL,1,NULL,'2015-11-14 02:07:45','2015-11-14 02:07:45'),(6,2,'ItemLine',NULL,21,1,'2015-11-16','2015-11-16',NULL,NULL,1,NULL,'2015-11-14 02:07:45','2015-11-14 02:07:45'),(7,3,'ItemLine',NULL,25,1,'2015-11-16','2015-11-16','2015-11-14',NULL,2,2,'2015-11-14 02:07:45','2015-11-14 02:07:45'),(8,3,'ItemLine',NULL,29,1,'2015-11-16','2015-11-16','2015-11-14',NULL,2,2,'2015-11-14 02:07:45','2015-11-14 02:07:45'),(9,3,'ItemLine',NULL,33,1,'2015-11-16','2015-11-16','2015-11-14',NULL,2,2,'2015-11-14 02:07:45','2015-11-14 02:07:45'),(10,3,'ItemLine',NULL,37,1,'2015-11-16','2015-11-16','2015-11-14',NULL,2,2,'2015-11-14 02:07:45','2015-11-14 02:07:45'),(11,3,'ItemLine',NULL,41,1,'2015-11-16','2015-11-16','2015-11-14',NULL,2,2,'2015-11-14 02:07:45','2015-11-14 02:07:45'),(12,3,'ItemLine',NULL,45,1,'2015-11-16','2015-11-16','2015-11-14',NULL,2,2,'2015-11-14 02:07:45','2015-11-14 02:07:45'),(13,4,'ItemLine',19,25,1,'2015-11-16','2015-11-16',NULL,NULL,3,NULL,'2015-11-14 02:07:45','2015-11-14 02:07:45'),(14,4,'ItemLine',20,25,1,'2015-11-16','2015-11-16',NULL,NULL,3,NULL,'2015-11-14 02:07:45','2015-11-14 02:07:45'),(15,4,'ItemLine',21,25,1,'2015-11-16','2015-11-16',NULL,NULL,3,NULL,'2015-11-14 02:07:45','2015-11-14 02:07:45'),(16,4,'ItemLine',22,29,1,'2015-11-16','2015-11-16',NULL,NULL,3,NULL,'2015-11-14 02:07:45','2015-11-14 02:07:45'),(17,4,'ItemLine',23,29,1,'2015-11-16','2015-11-16',NULL,NULL,3,NULL,'2015-11-14 02:07:45','2015-11-14 02:07:45'),(18,4,'ItemLine',24,29,1,'2015-11-16','2015-11-16',NULL,NULL,3,NULL,'2015-11-14 02:07:45','2015-11-14 02:07:45'),(19,4,'ItemLine',25,33,1,'2015-11-16','2015-11-16',NULL,NULL,3,NULL,'2015-11-14 02:07:45','2015-11-14 02:07:45'),(20,4,'ItemLine',26,33,1,'2015-11-16','2015-11-16',NULL,NULL,3,NULL,'2015-11-14 02:07:45','2015-11-14 02:07:45'),(21,4,'ItemLine',27,33,1,'2015-11-16','2015-11-16',NULL,NULL,3,NULL,'2015-11-14 02:07:45','2015-11-14 02:07:45'),(22,4,'ItemLine',28,37,1,'2015-11-16','2015-11-16',NULL,NULL,3,NULL,'2015-11-14 02:07:45','2015-11-14 02:07:45'),(23,4,'ItemLine',29,37,1,'2015-11-16','2015-11-16',NULL,NULL,3,NULL,'2015-11-14 02:07:45','2015-11-14 02:07:45'),(24,4,'ItemLine',30,37,1,'2015-11-16','2015-11-16',NULL,NULL,3,NULL,'2015-11-14 02:07:45','2015-11-14 02:07:45'),(25,4,'ItemLine',31,41,1,'2015-11-16','2015-11-16',NULL,NULL,3,NULL,'2015-11-14 02:07:45','2015-11-14 02:07:45'),(26,4,'ItemLine',32,41,1,'2015-11-16','2015-11-16',NULL,NULL,3,NULL,'2015-11-14 02:07:45','2015-11-14 02:07:45'),(27,4,'ItemLine',33,41,1,'2015-11-16','2015-11-16',NULL,NULL,3,NULL,'2015-11-14 02:07:45','2015-11-14 02:07:45'),(28,4,'ItemLine',34,45,1,'2015-11-16','2015-11-16',NULL,NULL,3,NULL,'2015-11-14 02:07:45','2015-11-14 02:07:45'),(29,4,'ItemLine',35,45,1,'2015-11-16','2015-11-16',NULL,NULL,3,NULL,'2015-11-14 02:07:45','2015-11-14 02:07:45'),(30,4,'ItemLine',36,45,1,'2015-11-16','2015-11-16',NULL,NULL,3,NULL,'2015-11-14 02:07:45','2015-11-14 02:07:45'),(31,4,'ItemLine',39,50,1,'2015-11-16','2015-11-16',NULL,NULL,3,NULL,'2015-11-14 02:07:45','2015-11-14 02:07:45'),(32,4,'ItemLine',40,50,1,'2015-11-16','2015-11-16',NULL,NULL,3,NULL,'2015-11-14 02:07:45','2015-11-14 02:07:45'),(33,4,'ItemLine',41,51,1,'2015-11-16','2015-11-16',NULL,NULL,3,NULL,'2015-11-14 02:07:45','2015-11-14 02:07:45'),(34,4,'ItemLine',43,53,1,'2015-11-16','2015-11-16',NULL,NULL,3,NULL,'2015-11-14 02:07:45','2015-11-14 02:07:45'),(35,4,'ItemLine',44,54,1,'2015-11-16','2015-11-16',NULL,NULL,3,NULL,'2015-11-14 02:07:45','2015-11-14 02:07:45'),(36,4,'ItemLine',45,55,1,'2015-11-16','2015-11-16',NULL,NULL,3,NULL,'2015-11-14 02:07:45','2015-11-14 02:07:45'),(37,4,'ItemLine',46,56,1,'2015-11-16','2015-11-16',NULL,NULL,3,NULL,'2015-11-14 02:07:45','2015-11-14 02:07:45'),(38,4,'ItemLine',47,57,1,'2015-11-16','2015-11-16',NULL,NULL,3,NULL,'2015-11-14 02:07:45','2015-11-14 02:07:45'),(39,4,'ItemLine',48,58,1,'2015-11-16','2015-11-16',NULL,NULL,3,NULL,'2015-11-14 02:07:45','2015-11-14 02:07:45'),(40,4,'ItemLine',49,59,1,'2015-11-16','2015-11-16',NULL,NULL,3,NULL,'2015-11-14 02:07:45','2015-11-14 02:07:45'),(41,4,'ItemLine',50,60,1,'2015-11-16','2015-11-16',NULL,NULL,3,NULL,'2015-11-14 02:07:45','2015-11-14 02:07:45'),(42,4,'ItemLine',51,61,1,'2015-11-16','2015-11-16',NULL,NULL,3,NULL,'2015-11-14 02:07:45','2015-11-14 02:07:45'),(43,5,'OptionLine',NULL,NULL,2,'2015-11-14','2015-11-15',NULL,4,4,NULL,'2015-11-14 02:07:45','2015-11-14 02:07:45'),(44,5,'ItemLine',157,157,1,'2015-11-14','2015-11-16',NULL,NULL,4,NULL,'2015-11-14 02:07:45','2015-11-14 02:07:45'),(45,6,'OptionLine',NULL,NULL,2,'2015-11-14','2015-11-14',NULL,5,5,NULL,'2015-11-14 02:07:45','2015-11-14 02:07:45'),(46,6,'OptionLine',NULL,NULL,1,'2015-11-14','2015-11-15',NULL,5,5,NULL,'2015-11-14 02:07:45','2015-11-14 02:07:45'),(47,7,'ItemLine',158,158,1,'2015-11-14','2015-11-16',NULL,NULL,6,NULL,'2015-11-14 02:07:45','2015-11-14 02:07:45'),(48,8,'ItemLine',159,159,1,'2015-11-09','2015-11-13',NULL,NULL,7,NULL,'2015-11-09 00:00:00','2015-11-09 00:00:00'),(49,8,'OptionLine',NULL,NULL,1,'2015-11-09','2015-11-13',NULL,6,7,NULL,'2015-11-09 00:00:00','2015-11-09 00:00:00'),(50,9,'ItemLine',NULL,164,1,'2015-11-16','2015-11-16',NULL,NULL,8,NULL,'2015-11-14 02:07:45','2015-11-14 02:07:45'),(51,9,'ItemLine',NULL,165,1,'2015-11-16','2015-11-16',NULL,NULL,8,NULL,'2015-11-14 02:07:45','2015-11-14 02:07:45'),(52,9,'ItemLine',NULL,166,1,'2015-11-16','2015-11-16',NULL,NULL,8,NULL,'2015-11-14 02:07:45','2015-11-14 02:07:45'),(53,9,'ItemLine',NULL,167,1,'2015-11-16','2015-11-16',NULL,NULL,8,NULL,'2015-11-14 02:07:45','2015-11-14 02:07:45'),(54,10,'ItemLine',167,168,1,'2015-11-14','2015-11-16',NULL,NULL,9,NULL,'2015-11-14 02:07:45','2015-11-14 02:07:45'),(55,10,'ItemLine',168,169,1,'2015-11-14','2015-11-16',NULL,NULL,9,NULL,'2015-11-14 02:07:45','2015-11-14 02:07:45'),(56,10,'ItemLine',169,170,1,'2015-11-14','2015-11-16',NULL,NULL,9,NULL,'2015-11-14 02:07:45','2015-11-14 02:07:45'),(57,10,'ItemLine',170,171,1,'2015-11-14','2015-11-16',NULL,NULL,9,NULL,'2015-11-14 02:07:45','2015-11-14 02:07:45'),(58,10,'ItemLine',171,172,1,'2015-11-14','2015-11-16',NULL,NULL,9,NULL,'2015-11-14 02:07:45','2015-11-14 02:07:45'),(59,11,'ItemLine',172,173,1,'2015-11-14','2015-11-16',NULL,NULL,10,NULL,'2015-11-14 02:07:45','2015-11-14 02:07:45'),(60,11,'ItemLine',173,174,1,'2015-11-14','2015-11-16',NULL,NULL,10,NULL,'2015-11-14 02:07:45','2015-11-14 02:07:45'),(61,11,'ItemLine',174,175,1,'2015-11-14','2015-11-16',NULL,NULL,10,NULL,'2015-11-14 02:07:45','2015-11-14 02:07:45'),(62,12,'ItemLine',175,176,1,'2015-11-09','2015-11-09',NULL,NULL,11,NULL,'2015-11-09 00:00:00','2015-11-09 00:00:00'),(63,12,'ItemLine',176,177,1,'2015-11-09','2015-11-09',NULL,NULL,11,NULL,'2015-11-09 00:00:00','2015-11-09 00:00:00'),(64,12,'ItemLine',177,178,1,'2015-11-09','2015-11-09',NULL,NULL,11,NULL,'2015-11-09 00:00:00','2015-11-09 00:00:00'),(65,12,'ItemLine',178,179,1,'2015-11-09','2015-11-09',NULL,NULL,11,NULL,'2015-11-09 00:00:00','2015-11-09 00:00:00'),(66,13,'ItemLine',NULL,76,1,'2015-11-21','2015-11-24',NULL,NULL,12,NULL,'2015-11-14 02:07:45','2015-11-14 02:07:45'),(67,13,'ItemLine',NULL,76,1,'2015-11-21','2015-11-24',NULL,NULL,12,NULL,'2015-11-14 02:07:45','2015-11-14 02:07:45'),(68,13,'ItemLine',NULL,76,1,'2015-11-21','2015-11-24',NULL,NULL,12,NULL,'2015-11-14 02:07:45','2015-11-14 02:07:45'),(69,13,'ItemLine',NULL,76,1,'2015-11-21','2015-11-24',NULL,NULL,12,NULL,'2015-11-14 02:07:45','2015-11-14 02:07:45'),(70,13,'ItemLine',NULL,108,1,'2015-11-21','2015-11-24',NULL,NULL,12,NULL,'2015-11-14 02:07:45','2015-11-14 02:07:45'),(71,13,'ItemLine',NULL,108,1,'2015-11-21','2015-11-24',NULL,NULL,12,NULL,'2015-11-14 02:07:45','2015-11-14 02:07:45'),(72,13,'ItemLine',NULL,108,1,'2015-11-21','2015-11-24',NULL,NULL,12,NULL,'2015-11-14 02:07:45','2015-11-14 02:07:45'),(73,13,'ItemLine',NULL,108,1,'2015-11-21','2015-11-24',NULL,NULL,12,NULL,'2015-11-14 02:07:45','2015-11-14 02:07:45'),(74,13,'ItemLine',NULL,108,1,'2015-11-21','2015-11-24',NULL,NULL,12,NULL,'2015-11-14 02:07:45','2015-11-14 02:07:45'),(75,14,'ItemLine',NULL,180,1,'2015-11-16','2015-11-16',NULL,NULL,13,NULL,'2015-11-14 02:07:45','2015-11-14 02:07:45'),(76,14,'ItemLine',NULL,184,1,'2015-11-16','2015-11-16',NULL,NULL,13,NULL,'2015-11-14 02:07:45','2015-11-14 02:07:45'),(77,14,'ItemLine',NULL,188,1,'2015-11-16','2015-11-16',NULL,NULL,13,NULL,'2015-11-14 02:07:45','2015-11-14 02:07:45'),(78,15,'ItemLine',NULL,192,1,'2015-11-16','2015-11-16',NULL,NULL,14,NULL,'2015-11-14 02:07:45','2015-11-14 02:07:45'),(79,15,'ItemLine',NULL,196,1,'2015-11-16','2015-11-16',NULL,NULL,14,NULL,'2015-11-14 02:07:45','2015-11-14 02:07:45'),(80,15,'ItemLine',NULL,200,1,'2015-11-16','2015-11-16',NULL,NULL,14,NULL,'2015-11-14 02:07:45','2015-11-14 02:07:45'),(81,15,'ItemLine',NULL,204,1,'2015-11-16','2015-11-16',NULL,NULL,14,NULL,'2015-11-14 02:07:45','2015-11-14 02:07:45'),(82,15,'ItemLine',NULL,208,1,'2015-11-16','2015-11-16',NULL,NULL,14,NULL,'2015-11-14 02:07:45','2015-11-14 02:07:45'),(83,16,'ItemLine',NULL,108,1,'2015-11-16','2015-11-16',NULL,NULL,15,NULL,'2015-11-14 02:07:45','2015-11-14 02:07:45'),(84,17,'ItemLine',NULL,108,1,'2015-11-16','2015-11-16',NULL,NULL,16,NULL,'2015-11-14 02:07:45','2015-11-14 02:07:45'),(85,17,'ItemLine',NULL,76,1,'2015-11-16','2015-11-16',NULL,NULL,16,NULL,'2015-11-14 02:07:45','2015-11-14 02:07:45'),(86,18,'ItemLine',NULL,108,1,'2015-11-21','2015-11-22',NULL,NULL,17,NULL,'2015-11-14 02:07:45','2015-11-14 02:07:45'),(87,19,'ItemLine',NULL,50,1,'2015-11-16','2015-11-16',NULL,NULL,18,NULL,'2015-11-14 02:07:45','2015-11-14 02:07:45'),(88,19,'ItemLine',NULL,50,1,'2015-11-16','2015-11-16',NULL,NULL,18,NULL,'2015-11-14 02:07:45','2015-11-14 02:07:45'),(89,19,'ItemLine',NULL,50,1,'2015-11-16','2015-11-16',NULL,NULL,18,NULL,'2015-11-14 02:07:45','2015-11-14 02:07:45'),(90,20,'ItemLine',NULL,76,1,'2015-11-16','2015-11-16',NULL,NULL,19,NULL,'2015-11-14 02:07:45','2015-11-14 02:07:45'),(91,20,'ItemLine',NULL,76,1,'2015-11-16','2015-11-16',NULL,NULL,19,NULL,'2015-11-14 02:07:45','2015-11-14 02:07:45'),(92,20,'ItemLine',NULL,76,1,'2015-11-16','2015-11-16',NULL,NULL,19,NULL,'2015-11-14 02:07:45','2015-11-14 02:07:45'),(93,20,'ItemLine',NULL,108,1,'2015-11-16','2015-11-16',NULL,NULL,19,NULL,'2015-11-14 02:07:45','2015-11-14 02:07:45'),(94,20,'OptionLine',NULL,NULL,5,'2015-11-14','2015-11-15',NULL,1,19,NULL,'2015-11-14 02:07:45','2015-11-14 02:07:45'),(95,21,'ItemLine',NULL,143,1,'2015-11-16','2015-11-16',NULL,NULL,NULL,NULL,'2015-11-14 02:07:45','2015-11-14 02:07:45'),(96,22,'ItemLine',66,76,1,'2015-11-14','2015-11-14',NULL,NULL,21,NULL,'2015-11-14 02:07:45','2015-11-14 02:07:45'),(97,23,'ItemLine',203,212,1,'2015-11-14','2015-11-14',NULL,NULL,22,NULL,'2015-11-14 02:07:45','2015-11-14 02:07:45'),(98,24,'ItemLine',37,49,1,'2015-11-14','2015-11-14',NULL,NULL,23,NULL,'2015-11-14 02:07:45','2015-11-14 02:07:45'),(99,24,'ItemLine',160,159,1,'2015-11-14','2015-11-14','2015-11-14',NULL,23,11,'2015-11-14 02:07:45','2015-11-14 02:07:45'),(100,25,'ItemLine',42,50,1,'2015-11-14','2015-11-14',NULL,NULL,24,NULL,'2015-11-14 02:07:45','2015-11-14 02:07:45'),(101,26,'ItemLine',107,111,1,'2015-11-14','2015-11-15',NULL,NULL,25,NULL,'2015-11-14 02:07:45','2015-11-14 02:07:45'),(102,27,'ItemLine',NULL,76,1,'2015-11-21','2015-11-24',NULL,NULL,26,NULL,'2015-11-14 02:07:45','2015-11-14 02:07:45'),(103,27,'ItemLine',NULL,108,1,'2015-11-21','2015-11-24',NULL,NULL,26,NULL,'2015-11-14 02:07:45','2015-11-14 02:07:45'),(104,27,'ItemLine',NULL,108,1,'2015-11-22','2015-11-25',NULL,NULL,26,NULL,'2015-11-14 02:07:45','2015-11-14 02:07:45'),(105,28,'ItemLine',NULL,NULL,1,'2015-11-14','2015-11-15',NULL,NULL,26,NULL,'2015-11-14 02:07:45','2015-11-14 02:07:45'),(106,29,'ItemLine',NULL,50,1,'2015-11-12','2015-11-15',NULL,NULL,27,NULL,'2015-11-14 02:07:45','2015-11-14 02:07:45'),(107,29,'ItemLine',NULL,213,1,'2015-11-12','2015-11-15',NULL,NULL,27,NULL,'2015-11-14 02:07:45','2015-11-14 02:07:45'),(108,30,'ItemLine',132,50,1,'2015-11-14','2015-11-14',NULL,NULL,28,NULL,'2015-11-14 02:07:45','2015-11-14 02:07:45'),(109,30,'OptionLine',NULL,NULL,1,'2015-11-14','2015-11-14',NULL,1,28,NULL,'2015-11-14 02:07:45','2015-11-14 02:07:45'),(110,31,'ItemLine',NULL,217,1,'2015-11-12','2015-11-12',NULL,NULL,29,NULL,'2015-11-12 16:51:52','2015-11-12 16:51:52'),(111,31,'ItemLine',NULL,218,1,'2015-11-12','2015-11-12',NULL,NULL,29,NULL,'2015-11-12 16:51:53','2015-11-12 16:51:53'),(112,31,'ItemLine',NULL,219,1,'2015-11-12','2015-11-12',NULL,NULL,29,NULL,'2015-11-12 16:51:53','2015-11-12 16:51:53'),(113,31,'ItemLine',NULL,220,1,'2015-11-12','2015-11-12',NULL,NULL,29,NULL,'2015-11-12 16:51:53','2015-11-12 16:51:53'),(114,31,'ItemLine',NULL,221,1,'2015-11-12','2015-11-12',NULL,NULL,29,NULL,'2015-11-12 16:51:53','2015-11-12 16:51:53'),(115,32,'ItemLine',NULL,225,1,'2015-11-12','2015-11-12',NULL,NULL,30,NULL,'2015-11-12 16:51:53','2015-11-12 16:51:53'),(116,32,'ItemLine',NULL,226,1,'2015-11-12','2015-11-12',NULL,NULL,30,NULL,'2015-11-12 16:51:53','2015-11-12 16:51:53'),(117,32,'ItemLine',NULL,227,1,'2015-11-12','2015-11-12',NULL,NULL,30,NULL,'2015-11-12 16:51:53','2015-11-12 16:51:53'),(118,32,'ItemLine',NULL,228,1,'2015-11-12','2015-11-12',NULL,NULL,30,NULL,'2015-11-12 16:51:53','2015-11-12 16:51:53'),(119,33,'ItemLine',NULL,232,1,'2015-11-12','2015-11-12',NULL,NULL,31,NULL,'2015-11-12 16:51:53','2015-11-12 16:51:53'),(120,33,'ItemLine',NULL,233,1,'2015-11-12','2015-11-12',NULL,NULL,31,NULL,'2015-11-12 16:51:53','2015-11-12 16:51:53'),(121,33,'ItemLine',NULL,234,1,'2015-11-12','2015-11-12',NULL,NULL,31,NULL,'2015-11-12 16:51:53','2015-11-12 16:51:53'),(122,33,'ItemLine',NULL,235,1,'2015-11-12','2015-11-12',NULL,NULL,31,NULL,'2015-11-12 16:51:53','2015-11-12 16:51:53'),(123,33,'ItemLine',NULL,236,1,'2015-11-12','2015-11-12',NULL,NULL,31,NULL,'2015-11-12 16:51:53','2015-11-12 16:51:53'),(124,34,'ItemLine',NULL,240,1,'2015-11-12','2015-11-12',NULL,NULL,32,NULL,'2015-11-12 02:54:21','2015-11-12 02:54:21'),(125,34,'ItemLine',NULL,241,1,'2015-11-12','2015-11-12',NULL,NULL,32,NULL,'2015-11-12 02:54:21','2015-11-12 02:54:21'),(126,34,'ItemLine',NULL,242,1,'2015-11-12','2015-11-12',NULL,NULL,32,NULL,'2015-11-12 02:54:21','2015-11-12 02:54:21'),(127,35,'ItemLine',NULL,243,1,'2015-11-09','2015-11-09',NULL,NULL,33,NULL,'2015-11-08 06:12:27','2015-11-08 06:12:27'),(128,35,'ItemLine',NULL,244,1,'2015-11-09','2015-11-09',NULL,NULL,33,NULL,'2015-11-08 06:12:27','2015-11-08 06:12:27'),(129,35,'ItemLine',NULL,245,1,'2015-11-09','2015-11-09',NULL,NULL,33,NULL,'2015-11-08 06:12:27','2015-11-08 06:12:27'),(130,35,'ItemLine',NULL,246,1,'2015-11-09','2015-11-09',NULL,NULL,33,NULL,'2015-11-08 06:12:27','2015-11-08 06:12:27'),(131,35,'ItemLine',NULL,246,1,'2015-11-09','2015-11-09',NULL,NULL,33,NULL,'2015-11-08 06:12:27','2015-11-08 06:12:27'),(132,36,'ItemLine',NULL,250,1,'2015-11-16','2015-11-16',NULL,NULL,34,NULL,'2015-11-14 02:07:45','2015-11-14 02:07:45'),(133,36,'ItemLine',NULL,251,1,'2015-11-16','2015-11-16',NULL,NULL,34,NULL,'2015-11-14 02:07:45','2015-11-14 02:07:45'),(134,36,'ItemLine',NULL,252,1,'2015-11-16','2015-11-16',NULL,NULL,34,NULL,'2015-11-14 02:07:45','2015-11-14 02:07:45'),(135,36,'ItemLine',NULL,253,1,'2015-11-16','2015-11-16',NULL,NULL,34,NULL,'2015-11-14 02:07:45','2015-11-14 02:07:45'),(136,37,'ItemLine',NULL,257,1,'2015-11-16','2015-11-16',NULL,NULL,35,NULL,'2015-11-14 02:07:45','2015-11-14 02:07:45'),(137,37,'ItemLine',NULL,258,1,'2015-11-16','2015-11-16',NULL,NULL,35,NULL,'2015-11-14 02:07:45','2015-11-14 02:07:45'),(138,37,'ItemLine',NULL,259,1,'2015-11-16','2015-11-16',NULL,NULL,35,NULL,'2015-11-14 02:07:45','2015-11-14 02:07:45'),(139,37,'ItemLine',NULL,260,1,'2015-11-16','2015-11-16',NULL,NULL,35,NULL,'2015-11-14 02:07:45','2015-11-14 02:07:45'),(140,38,'ItemLine',NULL,261,1,'2015-11-16','2015-11-16',NULL,NULL,36,NULL,'2015-11-14 02:07:45','2015-11-14 02:07:45'),(141,38,'ItemLine',NULL,262,1,'2015-11-16','2015-11-16',NULL,NULL,36,NULL,'2015-11-14 02:07:45','2015-11-14 02:07:45'),(142,38,'ItemLine',NULL,263,1,'2015-11-16','2015-11-16',NULL,NULL,36,NULL,'2015-11-14 02:07:45','2015-11-14 02:07:45'),(143,38,'ItemLine',NULL,264,1,'2015-11-16','2015-11-16',NULL,NULL,36,NULL,'2015-11-14 02:07:45','2015-11-14 02:07:45'),(144,39,'ItemLine',NULL,265,1,'2015-11-16','2015-11-16',NULL,NULL,37,NULL,'2015-11-14 02:07:45','2015-11-14 02:07:45'),(145,39,'ItemLine',NULL,266,1,'2015-11-16','2015-11-16',NULL,NULL,37,NULL,'2015-11-14 02:07:45','2015-11-14 02:07:45'),(146,39,'ItemLine',NULL,267,1,'2015-11-16','2015-11-16',NULL,NULL,37,NULL,'2015-11-14 02:07:45','2015-11-14 02:07:45'),(147,40,'ItemLine',NULL,76,1,'2015-12-21','2015-12-29',NULL,NULL,38,NULL,'2015-11-14 02:07:45','2015-11-14 02:07:45'),(148,41,'ItemLine',NULL,76,1,'2016-01-05','2016-01-08',NULL,NULL,39,NULL,'2015-11-14 02:07:45','2015-11-14 02:07:45'),(149,41,'ItemLine',NULL,76,1,'2016-01-05','2016-01-08',NULL,NULL,39,NULL,'2015-11-14 02:07:45','2015-11-14 02:07:45'),(150,41,'ItemLine',NULL,76,1,'2016-01-05','2016-01-08',NULL,NULL,39,NULL,'2015-11-14 02:07:45','2015-11-14 02:07:45'),(151,41,'ItemLine',NULL,76,1,'2016-01-05','2016-01-08',NULL,NULL,39,NULL,'2015-11-14 02:07:45','2015-11-14 02:07:45'),(152,41,'ItemLine',NULL,76,1,'2016-01-05','2016-01-08',NULL,NULL,39,NULL,'2015-11-14 02:07:45','2015-11-14 02:07:45'),(153,41,'ItemLine',NULL,76,1,'2016-01-05','2016-01-08',NULL,NULL,39,NULL,'2015-11-14 02:07:45','2015-11-14 02:07:45'),(154,42,'ItemLine',NULL,25,1,'2015-11-16','2015-11-16',NULL,NULL,40,NULL,'2015-11-14 02:07:45','2015-11-14 02:07:45'),(155,43,'ItemLine',102,108,1,'2015-11-09','2015-11-13',NULL,NULL,41,NULL,'2015-11-09 00:00:00','2015-11-09 00:00:00');
/*!40000 ALTER TABLE `contract_lines` ENABLE KEYS */;
UNLOCK TABLES;

--
-- Table structure for table `contracts`
--

DROP TABLE IF EXISTS `contracts`;
/*!40101 SET @saved_cs_client     = @@character_set_client */;
/*!40101 SET character_set_client = utf8 */;
CREATE TABLE `contracts` (
  `id` int(11) NOT NULL AUTO_INCREMENT,
  `user_id` int(11) DEFAULT NULL,
  `delegated_user_id` int(11) DEFAULT NULL,
  `inventory_pool_id` int(11) DEFAULT NULL,
  `note` text COLLATE utf8_unicode_ci,
  `handed_over_by_user_id` int(11) DEFAULT NULL,
  `created_at` datetime DEFAULT NULL,
  `updated_at` datetime DEFAULT NULL,
  `status` enum('unsubmitted','submitted','rejected','approved','signed','closed') COLLATE utf8_unicode_ci NOT NULL,
  PRIMARY KEY (`id`),
  KEY `index_contracts_on_inventory_pool_id` (`inventory_pool_id`),
  KEY `index_contracts_on_status` (`status`),
  KEY `index_contracts_on_user_id` (`user_id`)
) ENGINE=InnoDB AUTO_INCREMENT=44 DEFAULT CHARSET=utf8 COLLATE=utf8_unicode_ci;
/*!40101 SET character_set_client = @saved_cs_client */;

--
-- Dumping data for table `contracts`
--

LOCK TABLES `contracts` WRITE;
/*!40000 ALTER TABLE `contracts` DISABLE KEYS */;
INSERT INTO `contracts` VALUES (1,6,NULL,5,NULL,NULL,'2015-11-14 02:07:45','2015-11-14 02:07:45','unsubmitted'),(2,7,NULL,12,NULL,NULL,'2015-11-14 02:07:45','2015-11-14 02:07:45','approved'),(3,8,NULL,1,NULL,NULL,'2015-11-14 02:07:45','2015-11-14 02:07:45','closed'),(4,13,NULL,1,NULL,NULL,'2015-11-14 02:07:45','2015-11-14 02:07:45','approved'),(5,14,NULL,1,NULL,11,'2015-11-14 02:07:45','2015-11-14 02:07:45','signed'),(6,15,NULL,1,NULL,11,'2015-11-14 02:07:45','2015-11-14 02:07:45','signed'),(7,16,NULL,1,NULL,11,'2015-11-14 02:07:45','2015-11-14 02:07:45','signed'),(8,17,NULL,2,NULL,11,'2015-11-09 00:00:00','2015-11-09 00:00:00','signed'),(9,21,19,1,NULL,NULL,'2015-11-14 02:07:45','2015-11-14 02:07:45','submitted'),(10,21,20,1,NULL,NULL,'2015-11-14 02:07:45','2015-11-14 02:07:45','approved'),(11,21,19,1,NULL,11,'2015-11-14 02:07:45','2015-11-14 02:07:45','signed'),(12,21,19,1,NULL,11,'2015-11-09 00:00:00','2015-11-09 00:00:00','signed'),(13,25,NULL,1,NULL,NULL,'2015-11-14 02:07:45','2015-11-14 02:07:45','submitted'),(14,25,NULL,1,NULL,NULL,'2015-11-14 02:07:45','2015-11-14 02:07:45','submitted'),(15,25,NULL,1,NULL,NULL,'2015-11-14 02:07:45','2015-11-14 02:07:45','submitted'),(16,25,NULL,1,NULL,NULL,'2015-11-14 02:07:45','2015-11-14 02:07:45','approved'),(17,25,NULL,1,NULL,NULL,'2015-11-14 02:07:45','2015-11-14 02:07:45','approved'),(18,25,NULL,1,NULL,NULL,'2015-11-14 02:07:45','2015-11-14 02:07:45','approved'),(19,25,NULL,1,NULL,NULL,'2015-11-14 02:07:45','2015-11-14 02:07:45','approved'),(20,25,NULL,1,NULL,NULL,'2015-11-14 02:07:45','2015-11-14 02:07:45','approved'),(21,25,NULL,1,NULL,NULL,'2015-11-14 02:07:45','2015-11-14 02:07:45','approved'),(22,25,NULL,1,NULL,11,'2015-11-14 02:07:45','2015-11-14 02:07:45','signed'),(23,25,NULL,1,NULL,11,'2015-11-14 02:07:45','2015-11-14 02:07:45','signed'),(24,25,NULL,2,NULL,11,'2015-11-14 02:07:45','2015-11-14 02:07:45','signed'),(25,25,NULL,2,NULL,11,'2015-11-14 02:07:45','2015-11-14 02:07:45','signed'),(26,25,NULL,1,NULL,11,'2015-11-14 02:07:45','2015-11-14 02:07:45','signed'),(27,26,NULL,1,NULL,NULL,'2015-11-14 02:07:45','2015-11-14 02:07:45','submitted'),(28,26,NULL,1,NULL,NULL,'2015-11-14 02:07:45','2015-11-14 02:07:45','submitted'),(29,26,NULL,1,NULL,NULL,'2015-11-14 02:07:45','2015-11-14 02:07:45','approved'),(30,26,NULL,1,NULL,11,'2015-11-14 02:07:45','2015-11-14 02:07:45','signed'),(31,29,NULL,1,NULL,NULL,'2015-11-12 16:51:52','2015-11-12 16:51:52','submitted'),(32,29,NULL,1,NULL,NULL,'2015-11-12 16:51:53','2015-11-12 16:51:53','approved'),(33,29,NULL,1,NULL,NULL,'2015-11-12 16:51:53','2015-11-12 16:51:53','rejected'),(34,29,NULL,1,NULL,NULL,'2015-11-12 02:54:21','2015-11-12 02:54:21','submitted'),(35,29,NULL,1,NULL,NULL,'2015-11-08 06:12:27','2015-11-08 06:12:27','submitted'),(36,30,NULL,1,NULL,NULL,'2015-11-14 02:07:45','2015-11-14 02:07:45','submitted'),(37,31,NULL,1,NULL,NULL,'2015-11-14 02:07:45','2015-11-14 02:07:45','submitted'),(38,32,NULL,1,NULL,NULL,'2015-11-14 02:07:45','2015-11-14 02:07:45','submitted'),(39,33,NULL,1,NULL,NULL,'2015-11-14 02:07:45','2015-11-14 02:07:45','submitted'),(40,34,NULL,1,NULL,NULL,'2015-11-14 02:07:45','2015-11-14 02:07:45','submitted'),(41,34,NULL,1,NULL,NULL,'2015-11-14 02:07:45','2015-11-14 02:07:45','submitted'),(42,34,NULL,1,NULL,NULL,'2015-11-14 02:07:45','2015-11-14 02:07:45','approved'),(43,34,NULL,1,NULL,11,'2015-11-09 00:00:00','2015-11-09 00:00:00','signed');
/*!40000 ALTER TABLE `contracts` ENABLE KEYS */;
UNLOCK TABLES;

--
-- Table structure for table `database_authentications`
--

DROP TABLE IF EXISTS `database_authentications`;
/*!40101 SET @saved_cs_client     = @@character_set_client */;
/*!40101 SET character_set_client = utf8 */;
CREATE TABLE `database_authentications` (
  `id` int(11) NOT NULL AUTO_INCREMENT,
  `login` varchar(255) COLLATE utf8_unicode_ci DEFAULT NULL,
  `crypted_password` varchar(40) COLLATE utf8_unicode_ci DEFAULT NULL,
  `salt` varchar(40) COLLATE utf8_unicode_ci DEFAULT NULL,
  `user_id` int(11) DEFAULT NULL,
  `created_at` datetime DEFAULT NULL,
  `updated_at` datetime DEFAULT NULL,
  PRIMARY KEY (`id`)
) ENGINE=InnoDB AUTO_INCREMENT=31 DEFAULT CHARSET=utf8 COLLATE=utf8_unicode_ci;
/*!40101 SET character_set_client = @saved_cs_client */;

--
-- Dumping data for table `database_authentications`
--

LOCK TABLES `database_authentications` WRITE;
/*!40000 ALTER TABLE `database_authentications` DISABLE KEYS */;
INSERT INTO `database_authentications` VALUES (1,'gino','d495bc33b658eda0c46974fd74160b545e16eafa','a5366b91a8c2f8f661eed25ab35dc1b700d77e84',1,'2015-11-14 02:07:45','2015-11-14 02:07:45'),(2,'ramon','9413ef1bbf9063b0f10bc874494a6235a43e9266','86de1d50aebc3f02c7c69d30889cd6051acb15fc',2,'2015-11-14 02:07:45','2015-11-14 02:07:45'),(3,'eulah.mueller_4033','851770a80948719f718fee40333572cc3efdcf14','1eb82b22567ee4e9891d50646a76c3c7bb2c6186',3,'2015-11-14 02:07:45','2015-11-14 02:07:45'),(4,'cristobal_tillman_777','5465600cf0026e63646f23c1dbd508453a2c0dcc','e822c96fd43b17416b6f1afee3fc0e74295027dd',4,'2015-11-14 02:07:45','2015-11-14 02:07:45'),(5,'liliana_stroman_4084','3553a4a117e822d2c0846c02810950d4a70ca524','8fb282be997da91a298e1ca12bcdb01b3dbeea3a',5,'2015-11-14 02:07:45','2015-11-14 02:07:45'),(6,'kayden_1568','cb6915a5f81f5117bd62efe132c8b4ef53f8dbe9','3e706571804678539d09e93ef6efc7ff18e7d147',6,'2015-11-14 02:07:45','2015-11-14 02:07:45'),(7,'aliya_5494','fed3d9142f6dd591a7af7e2ca03b4fd32e6a4bc4','8dd7a34c8edbd487e885a96d31476954d3905257',7,'2015-11-14 02:07:45','2015-11-14 02:07:45'),(8,'claud_4064','6f6022849e3fc2d23be1ca604803e52858e2c4de','f77ee6063319066e0889d6911f7b7b559801eff3',8,'2015-11-14 02:07:45','2015-11-14 02:07:45'),(9,'matti','c6e7ddae18cbe6deb973fab47acdd9edf575afde','a7026ab29da35be1af9df3a4505a5dfb8a870170',9,'2015-11-14 02:07:45','2015-11-14 02:07:45'),(10,'mike','9f1773dc517b514193d665f26b7e61c7fab3b513','232562d799d2a4d39e38c2af780bd1f693dd7eb4',10,'2015-11-14 02:07:45','2015-11-14 02:07:45'),(11,'pius','bcb1bf219496a515ad0b7c41da2530b67a6544f8','4080960922b602d7197df8ba3ef31a549124e41c',11,'2015-11-14 02:07:45','2015-11-14 02:07:45'),(12,'peter','8c9eba37e4cccfae606bb124895cecf3eff37f5a','e6270675b03c20ffe5aa8210e85f8ee4cdbf0219',12,'2015-11-14 02:07:45','2015-11-14 02:07:45'),(13,'jey_8087','adafbf076a9ebba6613b5cda3399341ce5d488b2','57339dbb81683dd385fbad854bc590069fba29a2',13,'2015-11-14 02:07:45','2015-11-14 02:07:45'),(14,'jesus.schneider_1673','bf8244e81bd11b77e7eaa3ad7f8142504983da84','f1c41bdbcf1f296d6ee9ceb9f3c76e747c5312e1',14,'2015-11-14 02:07:45','2015-11-14 02:07:45'),(15,'samara_3254','4d74dda0c4d1f046289123679aa08f0f62d5690a','b48d215bb16b5ce1c14cdedcd449c14c52641db2',15,'2015-11-14 02:07:45','2015-11-14 02:07:45'),(16,'rickey_7984','bf008acae3940303e3d789b42fcf22d82d8dcd7f','3bcd11afe50bbfe1e08c54f32dc81224c3228df0',16,'2015-11-14 02:07:45','2015-11-14 02:07:45'),(17,'vivian_6814','376dde11958466a4a3df9c4c0df9e45f2c64a085','31f5210d870613fdaf62a082dcb00d8cdb55b356',17,'2015-11-09 00:00:00','2015-11-09 00:00:00'),(18,'brennon.deckow_4063','44365e8760175798849cc0566c1154f9b8e98cb5','06eb4865dcb48f614a29b122d4499f209812e331',18,'2015-11-09 00:00:00','2015-11-09 00:00:00'),(19,'mina','5196486098d7734043edec260cd7e26d9cbff5da','72a48a0ac0779ce4febdfb04114ece1c88f28666',19,'2015-11-14 02:07:45','2015-11-14 02:07:45'),(20,'julie','bba77852c89a9d0eb5f6c0763a7a77d127e5260c','4fdebdd442b6a602c13a666ed208e7b80086f7f2',20,'2015-11-14 02:07:45','2015-11-14 02:07:45'),(21,'normin','2c1344f6140b1d285149c5047c216a46268ffea2','81044f182c586c34cbfa57157a55ea82ae00c191',25,'2015-11-14 02:07:45','2015-11-14 02:07:45'),(22,'petra','d4c10be2713cdb7c4aaead87ca28ddd216a6f323','d0ec402f8a4748c43531aa6ddc015c84f91f3c78',26,'2015-11-14 02:07:45','2015-11-14 02:07:45'),(23,'andi','9fa1c79dbf6173c11fe27f81ea06a1e84b1059ad','17f9ac46bf1c8dad3a9d89c6239e5f890d264d29',27,'2015-11-14 02:07:45','2015-11-14 02:07:45'),(24,'ashtyn_5058','f892e4e375c16502db066d2fd44d48ce5d6b0de1','ab304283074e9901f3becd2754103baa42486449',28,'2015-11-14 02:07:45','2015-11-14 02:07:45'),(25,'darion_7762','d19850e2ee6ea0532cf664a35c18a6d244047d0a','e2011e75effbd9bef623557f83938b878f743cd3',29,'2015-11-14 02:07:45','2015-11-14 02:07:45'),(26,'reie.schiller_2596','4e499e08a83161c5fc148a1cba389cbe5fc74e80','c224437fe0245e106b3aacce515d899ba0e8871b',30,'2015-11-14 02:07:45','2015-11-14 02:07:45'),(27,'christop_1222','bb6534a091dab8de775ef1e8fb03c598b2b718c2','717f955f903ddc674c28753902bf05dfbe0e6669',31,'2015-11-14 02:07:45','2015-11-14 02:07:45'),(28,'hadley_1183','c9501531dcbb6abdc5c4aa17c51d5830ca7172ba','79bd58c63ac9af5b477e4359e79bf119543f1199',32,'2015-11-14 02:07:45','2015-11-14 02:07:45'),(29,'summer.damore_6990','fbc2f58884d32d3ca129265bdd771f9943ebe2b3','4ca5b99ae7d0d2c3cb9899e8ce40a3a44b957e76',33,'2015-11-14 02:07:45','2015-11-14 02:07:45'),(30,'lisa','147419a02994326a9de5eddf7d44e584caf9f4ac','edd666958ef87ea17b916f83fa8518085221024a',34,'2015-11-14 02:07:45','2015-11-14 02:07:45');
/*!40000 ALTER TABLE `database_authentications` ENABLE KEYS */;
UNLOCK TABLES;

--
-- Table structure for table `delegations_users`
--

DROP TABLE IF EXISTS `delegations_users`;
/*!40101 SET @saved_cs_client     = @@character_set_client */;
/*!40101 SET character_set_client = utf8 */;
CREATE TABLE `delegations_users` (
  `delegation_id` int(11) DEFAULT NULL,
  `user_id` int(11) DEFAULT NULL,
  UNIQUE KEY `index_delegations_users_on_user_id_and_delegation_id` (`user_id`,`delegation_id`),
  KEY `index_delegations_users_on_delegation_id` (`delegation_id`)
) ENGINE=InnoDB DEFAULT CHARSET=utf8 COLLATE=utf8_unicode_ci;
/*!40101 SET character_set_client = @saved_cs_client */;

--
-- Dumping data for table `delegations_users`
--

LOCK TABLES `delegations_users` WRITE;
/*!40000 ALTER TABLE `delegations_users` DISABLE KEYS */;
INSERT INTO `delegations_users` VALUES (21,19),(22,19),(23,19),(24,19),(21,20),(22,20),(23,20),(24,20);
/*!40000 ALTER TABLE `delegations_users` ENABLE KEYS */;
UNLOCK TABLES;

--
-- Table structure for table `groups`
--

DROP TABLE IF EXISTS `groups`;
/*!40101 SET @saved_cs_client     = @@character_set_client */;
/*!40101 SET character_set_client = utf8 */;
CREATE TABLE `groups` (
  `id` int(11) NOT NULL AUTO_INCREMENT,
  `name` varchar(255) COLLATE utf8_unicode_ci DEFAULT NULL,
  `inventory_pool_id` int(11) DEFAULT NULL,
  `is_verification_required` tinyint(1) DEFAULT '0',
  `created_at` datetime DEFAULT NULL,
  `updated_at` datetime DEFAULT NULL,
  PRIMARY KEY (`id`),
  KEY `index_groups_on_inventory_pool_id` (`inventory_pool_id`),
  KEY `index_groups_on_is_verification_required` (`is_verification_required`)
) ENGINE=InnoDB AUTO_INCREMENT=10 DEFAULT CHARSET=utf8 COLLATE=utf8_unicode_ci;
/*!40101 SET character_set_client = @saved_cs_client */;

--
-- Dumping data for table `groups`
--

LOCK TABLES `groups` WRITE;
/*!40000 ALTER TABLE `groups` DISABLE KEYS */;
INSERT INTO `groups` VALUES (1,'Cast',1,0,'2015-11-14 02:07:45','2015-11-14 02:07:45'),(2,'IAD',1,0,'2015-11-14 02:07:45','2015-11-14 02:07:45'),(3,'Wu',1,0,'2015-11-14 02:07:45','2015-11-14 02:07:45'),(4,'Group Hifi',1,0,'2015-11-14 02:07:45','2015-11-14 02:07:45'),(5,'Group A',1,0,'2015-11-14 02:07:45','2015-11-14 02:07:45'),(6,'Group B',1,0,'2015-11-14 02:07:45','2015-11-14 02:07:45'),(7,'FFI',1,1,'2015-11-14 02:07:45','2015-11-14 02:07:45'),(8,'VTO',1,1,'2015-11-14 02:07:45','2015-11-14 02:07:45'),(9,'1. Semester',2,1,'2015-11-14 02:07:45','2015-11-14 02:07:45');
/*!40000 ALTER TABLE `groups` ENABLE KEYS */;
UNLOCK TABLES;

--
-- Table structure for table `groups_users`
--

DROP TABLE IF EXISTS `groups_users`;
/*!40101 SET @saved_cs_client     = @@character_set_client */;
/*!40101 SET character_set_client = utf8 */;
CREATE TABLE `groups_users` (
  `user_id` int(11) DEFAULT NULL,
  `group_id` int(11) DEFAULT NULL,
  UNIQUE KEY `index_groups_users_on_user_id_and_group_id` (`user_id`,`group_id`),
  KEY `index_groups_users_on_group_id` (`group_id`)
) ENGINE=InnoDB DEFAULT CHARSET=utf8 COLLATE=utf8_unicode_ci;
/*!40101 SET character_set_client = @saved_cs_client */;

--
-- Dumping data for table `groups_users`
--

LOCK TABLES `groups_users` WRITE;
/*!40000 ALTER TABLE `groups_users` DISABLE KEYS */;
INSERT INTO `groups_users` VALUES (25,1),(29,7),(29,8),(30,7),(31,7),(31,8),(32,7),(32,9),(33,7),(34,1);
/*!40000 ALTER TABLE `groups_users` ENABLE KEYS */;
UNLOCK TABLES;

--
-- Table structure for table `histories`
--

DROP TABLE IF EXISTS `histories`;
/*!40101 SET @saved_cs_client     = @@character_set_client */;
/*!40101 SET character_set_client = utf8 */;
CREATE TABLE `histories` (
  `id` int(11) NOT NULL AUTO_INCREMENT,
  `text` varchar(255) COLLATE utf8_unicode_ci DEFAULT '',
  `type_const` int(11) DEFAULT NULL,
  `created_at` datetime NOT NULL,
  `target_id` int(11) NOT NULL,
  `target_type` varchar(255) COLLATE utf8_unicode_ci NOT NULL,
  `user_id` int(11) DEFAULT NULL,
  PRIMARY KEY (`id`),
  KEY `index_histories_on_target_type_and_target_id` (`target_type`,`target_id`),
  KEY `index_histories_on_type_const` (`type_const`),
  KEY `index_histories_on_user_id` (`user_id`)
) ENGINE=InnoDB AUTO_INCREMENT=14 DEFAULT CHARSET=utf8 COLLATE=utf8_unicode_ci;
/*!40101 SET character_set_client = @saved_cs_client */;

--
-- Dumping data for table `histories`
--

LOCK TABLES `histories` WRITE;
/*!40000 ALTER TABLE `histories` DISABLE KEYS */;
INSERT INTO `histories` VALUES (1,'Contract 5 has been signed by Liana Waelchi',1,'2015-11-14 02:07:45',5,'Contract',11),(2,'Contract 6 has been signed by Dominic Hodkiewicz',1,'2015-11-14 02:07:45',6,'Contract',11),(3,'Contract 7 has been signed by Herminio Kling',1,'2015-11-14 02:07:45',7,'Contract',11),(4,'Contract 8 has been signed by Karley Pouros',1,'2015-11-09 00:00:00',8,'Contract',11),(5,'Contract 11 has been signed by At autem in velit quo qui.',1,'2015-11-14 02:07:45',11,'Contract',11),(6,'Contract 12 has been signed by At autem in velit quo qui.',1,'2015-11-09 00:00:00',12,'Contract',11),(7,'Contract 22 has been signed by Normin N.',1,'2015-11-14 02:07:45',22,'Contract',11),(8,'Contract 23 has been signed by Normin N.',1,'2015-11-14 02:07:45',23,'Contract',11),(9,'Contract 24 has been signed by Normin N.',1,'2015-11-14 02:07:45',24,'Contract',11),(10,'Contract 25 has been signed by Normin N.',1,'2015-11-14 02:07:45',25,'Contract',11),(11,'Contract 26 has been signed by Normin N.',1,'2015-11-14 02:07:45',26,'Contract',11),(12,'Contract 30 has been signed by Petra K.',1,'2015-11-14 02:07:45',30,'Contract',11),(13,'Contract 43 has been signed by Lisa L.',1,'2015-11-09 00:00:00',43,'Contract',11);
/*!40000 ALTER TABLE `histories` ENABLE KEYS */;
UNLOCK TABLES;

--
-- Table structure for table `holidays`
--

DROP TABLE IF EXISTS `holidays`;
/*!40101 SET @saved_cs_client     = @@character_set_client */;
/*!40101 SET character_set_client = utf8 */;
CREATE TABLE `holidays` (
  `id` int(11) NOT NULL AUTO_INCREMENT,
  `inventory_pool_id` int(11) DEFAULT NULL,
  `start_date` date DEFAULT NULL,
  `end_date` date DEFAULT NULL,
  `name` varchar(255) COLLATE utf8_unicode_ci DEFAULT NULL,
  PRIMARY KEY (`id`),
  KEY `index_holidays_on_inventory_pool_id` (`inventory_pool_id`),
  KEY `index_holidays_on_start_date_and_end_date` (`start_date`,`end_date`)
) ENGINE=InnoDB AUTO_INCREMENT=5 DEFAULT CHARSET=utf8 COLLATE=utf8_unicode_ci;
/*!40101 SET character_set_client = @saved_cs_client */;

--
-- Dumping data for table `holidays`
--

LOCK TABLES `holidays` WRITE;
/*!40000 ALTER TABLE `holidays` DISABLE KEYS */;
INSERT INTO `holidays` VALUES (1,1,'2015-12-24','2015-12-24','Christmas'),(2,2,'2015-12-24','2015-12-24','Christmas'),(3,3,'2015-12-24','2015-12-24','Christmas'),(4,1,'2015-12-24','2015-12-24','Christmas');
/*!40000 ALTER TABLE `holidays` ENABLE KEYS */;
UNLOCK TABLES;

--
-- Table structure for table `images`
--

DROP TABLE IF EXISTS `images`;
/*!40101 SET @saved_cs_client     = @@character_set_client */;
/*!40101 SET character_set_client = utf8 */;
CREATE TABLE `images` (
  `id` int(11) NOT NULL AUTO_INCREMENT,
  `model_id` int(11) DEFAULT NULL,
  `is_main` tinyint(1) DEFAULT '0',
  `content_type` varchar(255) COLLATE utf8_unicode_ci DEFAULT NULL,
  `filename` varchar(255) COLLATE utf8_unicode_ci DEFAULT NULL,
  `size` int(11) DEFAULT NULL,
  `height` int(11) DEFAULT NULL,
  `width` int(11) DEFAULT NULL,
  `parent_id` int(11) DEFAULT NULL,
  `thumbnail` varchar(255) COLLATE utf8_unicode_ci DEFAULT NULL,
  PRIMARY KEY (`id`),
  KEY `index_images_on_model_id` (`model_id`)
) ENGINE=InnoDB AUTO_INCREMENT=4 DEFAULT CHARSET=utf8 COLLATE=utf8_unicode_ci;
/*!40101 SET character_set_client = @saved_cs_client */;

--
-- Dumping data for table `images`
--

LOCK TABLES `images` WRITE;
/*!40000 ALTER TABLE `images` DISABLE KEYS */;
INSERT INTO `images` VALUES (1,141,0,'image/jpeg','Rey Berge',NULL,NULL,NULL,NULL,NULL),(2,141,0,'image/jpeg','Ronaldo Emmerich',NULL,NULL,NULL,NULL,NULL),(3,142,0,'image/jpeg','Jeffry Koelpin II',NULL,NULL,NULL,NULL,NULL);
/*!40000 ALTER TABLE `images` ENABLE KEYS */;
UNLOCK TABLES;

--
-- Table structure for table `inventory_pools`
--

DROP TABLE IF EXISTS `inventory_pools`;
/*!40101 SET @saved_cs_client     = @@character_set_client */;
/*!40101 SET character_set_client = utf8 */;
CREATE TABLE `inventory_pools` (
  `id` int(11) NOT NULL AUTO_INCREMENT,
  `name` varchar(255) COLLATE utf8_unicode_ci DEFAULT NULL,
  `description` text COLLATE utf8_unicode_ci,
  `contact_details` varchar(255) COLLATE utf8_unicode_ci DEFAULT NULL,
  `contract_description` varchar(255) COLLATE utf8_unicode_ci DEFAULT NULL,
  `contract_url` varchar(255) COLLATE utf8_unicode_ci DEFAULT NULL,
  `logo_url` varchar(255) COLLATE utf8_unicode_ci DEFAULT NULL,
  `default_contract_note` text COLLATE utf8_unicode_ci,
  `shortname` varchar(255) COLLATE utf8_unicode_ci DEFAULT NULL,
  `email` varchar(255) COLLATE utf8_unicode_ci DEFAULT NULL,
  `color` text COLLATE utf8_unicode_ci,
  `print_contracts` tinyint(1) DEFAULT '1',
  `opening_hours` text COLLATE utf8_unicode_ci,
  `address_id` int(11) DEFAULT NULL,
  `automatic_suspension` tinyint(1) NOT NULL DEFAULT '0',
  `automatic_suspension_reason` text COLLATE utf8_unicode_ci,
  `automatic_access` tinyint(1) DEFAULT NULL,
  PRIMARY KEY (`id`),
  UNIQUE KEY `index_inventory_pools_on_name` (`name`)
) ENGINE=InnoDB AUTO_INCREMENT=14 DEFAULT CHARSET=utf8 COLLATE=utf8_unicode_ci;
/*!40101 SET character_set_client = @saved_cs_client */;

--
-- Dumping data for table `inventory_pools`
--

LOCK TABLES `inventory_pools` WRITE;
/*!40000 ALTER TABLE `inventory_pools` DISABLE KEYS */;
INSERT INTO `inventory_pools` VALUES (1,'A-Ausleihe','Wichtige Hinweise...\n Bitte die Gegenstnde rechtzeitig zurckbringen','A Verleih  /  ZHdK\nav@zh-dk.ch\n+41 00 00 00 00','Gert erhalten','av@zhdk.ch',NULL,'Et dolor eum modi architecto accusamus quam necessitatibus.','A','av@zhdk.ch',NULL,1,NULL,NULL,1,'Optio deserunt quas repellat culpa dolor omnis minima quidem.',NULL),(2,'IT-Ausleihe','Bringt die Gerte bitte rechtzeitig zurck','IT Verleih  /  ZHdK\nav@zh-dk.ch\n+41 00 00 00 00','Gert erhalten','it@zhdk.ch',NULL,NULL,'IT','it@zhdk.ch',NULL,1,NULL,NULL,1,'Natus aliquam in eligendi labore.',NULL),(3,'AV-Technik','Bringt die Gerte bitte rechtzeitig zurck','AV Verleih  /  ZHdK\nav@zh-dk.ch\n+41 00 00 00 00','Gert erhalten','it@zhdk.ch',NULL,NULL,'AV','it@zhdk.ch',NULL,1,NULL,NULL,0,NULL,NULL),(4,'DT deletable','Bringt die Gerte bitte rechtzeitig zurck','AV Verleih  /  ZHdK\nav@zh-dk.ch\n+41 00 00 00 00','Gert erhalten','it@zhdk.ch',NULL,NULL,'DT','it@zhdk.ch',NULL,1,NULL,NULL,0,NULL,NULL),(5,'Mollitiaomnisnonquia','Harum rerum quod non.','Ea iusto ut expedita.','Mollitiaomnisnonquia','max_bogisich@wisozk.com',NULL,NULL,'HQ9NPL','max_bogisich@wisozk.com',NULL,1,NULL,NULL,0,NULL,NULL),(6,'Temporeetsedlibero','Nihil saepe quibusdam officiis labore voluptatum repellendus incidunt.','Quae voluptatem natus soluta doloremque quaerat.','Temporeetsedlibero','chris.gorczany@crooks.info',NULL,NULL,'WJFPLV','chris.gorczany@crooks.info',NULL,1,NULL,NULL,0,NULL,NULL),(7,'Minusaccusantiumutperspiciatis','Quia commodi sed consequatur ut eaque.','Dolorum consequatur molestiae assumenda quos et voluptatem iste.','Minusaccusantiumutperspiciatis','maia.klocko@koch.info',NULL,NULL,'VLII8B','maia.klocko@koch.info',NULL,1,NULL,NULL,0,NULL,NULL),(8,'Ablaboreautdoloribus','Aut ea vero nihil.','Adipisci vel quia asperiores ut maiores neque deserunt harum.','Ablaboreautdoloribus','wellington.klein@leannonjohns.biz',NULL,NULL,'WTR0BT','wellington.klein@leannonjohns.biz',NULL,1,NULL,NULL,0,NULL,NULL),(9,'Veritatismagnamquiquasi','Sed dignissimos dolor laborum quidem unde quae.','Id libero exercitationem error veniam aliquam qui voluptatum.','Veritatismagnamquiquasi','althea@altenwerthernser.co.uk',NULL,NULL,'4K1HYS','althea@altenwerthernser.co.uk',NULL,1,NULL,NULL,0,NULL,NULL),(10,'Debitisquoquamquaerat','Et ut consequuntur omnis mollitia expedita qui itaque.','Vel eum itaque explicabo distinctio qui.','Debitisquoquamquaerat','lesly@nolan.info',NULL,NULL,'95POW0','lesly@nolan.info',NULL,1,NULL,NULL,0,NULL,NULL),(11,'Nobisidutvoluptatem','Quae ipsum saepe minima odio.','Qui qui autem molestiae provident ex quia reprehenderit.','Nobisidutvoluptatem','donnie.deckow@vonrueden.info',NULL,NULL,'AJM1E6','donnie.deckow@vonrueden.info',NULL,1,NULL,NULL,0,NULL,NULL),(12,'Assumendasuscipitseddolor','Eos sit quasi repellat rerum.','Quod qui alias sunt sint placeat quam est odit.','Assumendasuscipitseddolor','jannie.considine@farrell.name',NULL,NULL,'DUWFNA','jannie.considine@farrell.name',NULL,1,NULL,NULL,0,NULL,NULL),(13,'Expeditasedrecusandaeofficia','Tempore distinctio fugit ipsam excepturi.','Esse blanditiis ipsam delectus earum vero.','Expeditasedrecusandaeofficia','elmo@pollichcarroll.info',NULL,NULL,'3SKQJE','elmo@pollichcarroll.info',NULL,1,NULL,NULL,0,NULL,NULL);
/*!40000 ALTER TABLE `inventory_pools` ENABLE KEYS */;
UNLOCK TABLES;

--
-- Table structure for table `inventory_pools_model_groups`
--

DROP TABLE IF EXISTS `inventory_pools_model_groups`;
/*!40101 SET @saved_cs_client     = @@character_set_client */;
/*!40101 SET character_set_client = utf8 */;
CREATE TABLE `inventory_pools_model_groups` (
  `inventory_pool_id` int(11) DEFAULT NULL,
  `model_group_id` int(11) DEFAULT NULL,
  KEY `index_inventory_pools_model_groups_on_inventory_pool_id` (`inventory_pool_id`),
  KEY `index_inventory_pools_model_groups_on_model_group_id` (`model_group_id`)
) ENGINE=InnoDB DEFAULT CHARSET=utf8 COLLATE=utf8_unicode_ci;
/*!40101 SET character_set_client = @saved_cs_client */;

--
-- Dumping data for table `inventory_pools_model_groups`
--

LOCK TABLES `inventory_pools_model_groups` WRITE;
/*!40000 ALTER TABLE `inventory_pools_model_groups` DISABLE KEYS */;
INSERT INTO `inventory_pools_model_groups` VALUES (1,12),(1,13),(1,14);
/*!40000 ALTER TABLE `inventory_pools_model_groups` ENABLE KEYS */;
UNLOCK TABLES;

--
-- Table structure for table `items`
--

DROP TABLE IF EXISTS `items`;
/*!40101 SET @saved_cs_client     = @@character_set_client */;
/*!40101 SET character_set_client = utf8 */;
CREATE TABLE `items` (
  `id` int(11) NOT NULL AUTO_INCREMENT,
  `inventory_code` varchar(255) COLLATE utf8_unicode_ci DEFAULT NULL,
  `serial_number` varchar(255) COLLATE utf8_unicode_ci DEFAULT NULL,
  `model_id` int(11) DEFAULT NULL,
  `location_id` int(11) DEFAULT NULL,
  `supplier_id` int(11) DEFAULT NULL,
  `owner_id` int(11) DEFAULT NULL,
  `parent_id` int(11) DEFAULT NULL,
  `invoice_number` varchar(255) COLLATE utf8_unicode_ci DEFAULT NULL,
  `invoice_date` date DEFAULT NULL,
  `last_check` date DEFAULT NULL,
  `retired` date DEFAULT NULL,
  `retired_reason` varchar(255) COLLATE utf8_unicode_ci DEFAULT NULL,
  `price` decimal(8,2) DEFAULT NULL,
  `is_broken` tinyint(1) DEFAULT '0',
  `is_incomplete` tinyint(1) DEFAULT '0',
  `is_borrowable` tinyint(1) DEFAULT '0',
  `needs_permission` tinyint(1) DEFAULT '0',
  `inventory_pool_id` int(11) DEFAULT NULL,
  `is_inventory_relevant` tinyint(1) DEFAULT '0',
  `responsible` varchar(255) COLLATE utf8_unicode_ci DEFAULT NULL,
  `insurance_number` varchar(255) COLLATE utf8_unicode_ci DEFAULT NULL,
  `note` text COLLATE utf8_unicode_ci,
  `name` text COLLATE utf8_unicode_ci,
  `user_name` varchar(255) COLLATE utf8_unicode_ci DEFAULT NULL,
  `properties` varchar(2048) COLLATE utf8_unicode_ci DEFAULT NULL,
  `created_at` datetime DEFAULT NULL,
  `updated_at` datetime DEFAULT NULL,
  PRIMARY KEY (`id`),
  UNIQUE KEY `index_items_on_inventory_code` (`inventory_code`),
  KEY `index_items_on_inventory_pool_id` (`inventory_pool_id`),
  KEY `index_items_on_retired` (`retired`),
  KEY `index_items_on_is_borrowable` (`is_borrowable`),
  KEY `index_items_on_is_broken` (`is_broken`),
  KEY `index_items_on_is_incomplete` (`is_incomplete`),
  KEY `index_items_on_location_id` (`location_id`),
  KEY `index_items_on_owner_id` (`owner_id`),
  KEY `index_items_on_parent_id_and_retired` (`parent_id`,`retired`),
  KEY `index_items_on_model_id_and_retired_and_inventory_pool_id` (`model_id`,`retired`,`inventory_pool_id`)
) ENGINE=InnoDB AUTO_INCREMENT=253 DEFAULT CHARSET=utf8 COLLATE=utf8_unicode_ci;
/*!40101 SET character_set_client = @saved_cs_client */;

--
-- Dumping data for table `items`
--

LOCK TABLES `items` WRITE;
/*!40000 ALTER TABLE `items` DISABLE KEYS */;
INSERT INTO `items` VALUES (1,'pugx39fxx2atshnapidu363','odi-1294il3796',1,1,1,6,NULL,NULL,'2010-08-14',NULL,NULL,NULL,65.00,0,0,1,0,5,1,NULL,NULL,NULL,NULL,NULL,'--- !ruby/hash:ActiveSupport::HashWithIndifferentAccess\nanschaffungskategorie: AV-Technik\n','2015-11-14 02:07:45','2015-11-14 02:07:45'),(2,'g6oi1je5uzn8wv5fziy7364','eve-4736do3664',1,2,2,7,NULL,NULL,'2011-03-29',NULL,NULL,NULL,361.00,0,0,1,0,5,1,NULL,NULL,NULL,NULL,NULL,'--- !ruby/hash:ActiveSupport::HashWithIndifferentAccess\nanschaffungskategorie: AV-Technik\n','2015-11-14 02:07:45','2015-11-14 02:07:45'),(3,'vptjww37v043ktb0zz8r365','dol-2450om7596',1,3,3,8,NULL,NULL,'2010-08-29',NULL,NULL,NULL,1038.00,0,0,1,0,5,1,NULL,NULL,NULL,NULL,NULL,'--- !ruby/hash:ActiveSupport::HashWithIndifferentAccess\nanschaffungskategorie: AV-Technik\n','2015-11-14 02:07:45','2015-11-14 02:07:45'),(4,'2qr4wr602srg8gaanozp366','est-8047qu3565',5,4,4,4,NULL,NULL,'2010-09-18',NULL,NULL,NULL,551.00,0,0,1,0,5,1,NULL,NULL,NULL,NULL,NULL,'--- !ruby/hash:ActiveSupport::HashWithIndifferentAccess\nanschaffungskategorie: AV-Technik\n','2015-11-14 02:07:45','2015-11-14 02:07:45'),(5,'x7a1bv78t048a1s5dlmq367','lau-10866ve10790',5,5,5,9,NULL,NULL,'2011-04-11',NULL,NULL,NULL,306.00,0,0,1,0,5,1,NULL,NULL,NULL,NULL,NULL,'--- !ruby/hash:ActiveSupport::HashWithIndifferentAccess\nanschaffungskategorie: AV-Technik\n','2015-11-14 02:07:45','2015-11-14 02:07:45'),(6,'fm3ztnqgl5btazrv3tru368','qui-4145co4651',5,6,6,10,NULL,NULL,'2013-11-02',NULL,NULL,NULL,352.00,0,0,1,0,5,1,NULL,NULL,NULL,NULL,NULL,'--- !ruby/hash:ActiveSupport::HashWithIndifferentAccess\nanschaffungskategorie: AV-Technik\n','2015-11-14 02:07:45','2015-11-14 02:07:45'),(7,'utlzhnm59cvsv2ynck3q369','cor-9942vo2489',9,7,7,11,NULL,NULL,'2012-03-01',NULL,NULL,NULL,56.00,0,0,1,0,5,1,NULL,NULL,NULL,NULL,NULL,'--- !ruby/hash:ActiveSupport::HashWithIndifferentAccess\nanschaffungskategorie: AV-Technik\n','2015-11-14 02:07:45','2015-11-14 02:07:45'),(8,'4h87ggyypttk5shpvjjo370','imp-4325si10217',9,8,8,4,NULL,NULL,'2011-09-28',NULL,NULL,NULL,743.00,0,0,1,0,5,1,NULL,NULL,NULL,NULL,NULL,'--- !ruby/hash:ActiveSupport::HashWithIndifferentAccess\nanschaffungskategorie: AV-Technik\n','2015-11-14 02:07:45','2015-11-14 02:07:45'),(9,'bw5set2vrpce4z5jwfyw371','vol-1104id6538',9,9,9,5,NULL,NULL,'2014-02-15',NULL,NULL,NULL,370.00,0,0,1,0,5,1,NULL,NULL,NULL,NULL,NULL,'--- !ruby/hash:ActiveSupport::HashWithIndifferentAccess\nanschaffungskategorie: AV-Technik\n','2015-11-14 02:07:45','2015-11-14 02:07:45'),(10,'02tqni2ash2ai1v5ps43372','rat-2456cu8714',13,10,10,12,NULL,NULL,'2011-12-30',NULL,NULL,NULL,1406.00,0,0,1,0,12,1,NULL,NULL,NULL,NULL,NULL,'--- !ruby/hash:ActiveSupport::HashWithIndifferentAccess\nanschaffungskategorie: AV-Technik\n','2015-11-14 02:07:45','2015-11-14 02:07:45'),(11,'qq1l3u61ipq5mmrqs6ia373','adm-5966re5444',13,11,11,2,NULL,NULL,'2012-02-15',NULL,NULL,NULL,315.00,0,0,1,0,12,1,NULL,NULL,NULL,NULL,NULL,'--- !ruby/hash:ActiveSupport::HashWithIndifferentAccess\nanschaffungskategorie: AV-Technik\n','2015-11-14 02:07:45','2015-11-14 02:07:45'),(12,'ste1g7evxxbz8ibuo9qx374','utd-3681qu3005',13,12,12,4,NULL,NULL,'2012-09-06',NULL,NULL,NULL,990.00,0,0,1,0,12,1,NULL,NULL,NULL,NULL,NULL,'--- !ruby/hash:ActiveSupport::HashWithIndifferentAccess\nanschaffungskategorie: AV-Technik\n','2015-11-14 02:07:45','2015-11-14 02:07:45'),(13,'8e0n3grpgpt5kvyawtfd375','rep-3145et2917',17,13,13,5,NULL,NULL,'2010-05-05',NULL,NULL,NULL,1242.00,0,0,1,0,12,1,NULL,NULL,NULL,NULL,NULL,'--- !ruby/hash:ActiveSupport::HashWithIndifferentAccess\nanschaffungskategorie: AV-Technik\n','2015-11-14 02:07:45','2015-11-14 02:07:45'),(14,'ou8ts5077qgwf8fsv6qz376','aut-9574it7964',17,14,14,1,NULL,NULL,'2014-07-10',NULL,NULL,NULL,1239.00,0,0,1,0,12,1,NULL,NULL,NULL,NULL,NULL,'--- !ruby/hash:ActiveSupport::HashWithIndifferentAccess\nanschaffungskategorie: AV-Technik\n','2015-11-14 02:07:45','2015-11-14 02:07:45'),(15,'cwolhkaea16p3znqittq377','qua-10397mi6876',17,15,15,7,NULL,NULL,'2012-03-08',NULL,NULL,NULL,1276.00,0,0,1,0,12,1,NULL,NULL,NULL,NULL,NULL,'--- !ruby/hash:ActiveSupport::HashWithIndifferentAccess\nanschaffungskategorie: AV-Technik\n','2015-11-14 02:07:45','2015-11-14 02:07:45'),(16,'047169l43s3oawkyydue378','rer-4593ut4994',21,16,16,6,NULL,NULL,'2014-10-21',NULL,NULL,NULL,1429.00,0,0,1,0,12,1,NULL,NULL,NULL,NULL,NULL,'--- !ruby/hash:ActiveSupport::HashWithIndifferentAccess\nanschaffungskategorie: AV-Technik\n','2015-11-14 02:07:45','2015-11-14 02:07:45'),(17,'l5p18lpgwajckz0safnr379','mol-8026ra1392',21,17,17,3,NULL,NULL,'2010-01-06',NULL,NULL,NULL,696.00,0,0,1,0,12,1,NULL,NULL,NULL,NULL,NULL,'--- !ruby/hash:ActiveSupport::HashWithIndifferentAccess\nanschaffungskategorie: AV-Technik\n','2015-11-14 02:07:45','2015-11-14 02:07:45'),(18,'r3cco83oeud20indgpu1380','max-7968au4390',21,18,18,2,NULL,NULL,'2010-06-08',NULL,NULL,NULL,1081.00,0,0,1,0,12,1,NULL,NULL,NULL,NULL,NULL,'--- !ruby/hash:ActiveSupport::HashWithIndifferentAccess\nanschaffungskategorie: AV-Technik\n','2015-11-14 02:07:45','2015-11-14 02:07:45'),(19,'t8uzx8pjltni5q9g3zep381','dol-1640mo7660',25,19,19,8,NULL,NULL,'2011-03-13',NULL,NULL,NULL,644.00,0,0,1,0,1,1,NULL,NULL,NULL,NULL,NULL,'--- !ruby/hash:ActiveSupport::HashWithIndifferentAccess\nanschaffungskategorie: AV-Technik\n','2015-11-14 02:07:45','2015-11-14 02:07:45'),(20,'uo7qi67wurw5ramyxhoj382','exc-4710as10260',25,20,20,7,NULL,NULL,'2012-08-25',NULL,NULL,NULL,1227.00,0,0,1,0,1,1,NULL,NULL,NULL,NULL,NULL,'--- !ruby/hash:ActiveSupport::HashWithIndifferentAccess\nanschaffungskategorie: AV-Technik\n','2015-11-14 02:07:45','2015-11-14 02:07:45'),(21,'1tbn0mw485lkyerlluke383','quo-8821su3206',25,21,21,8,NULL,NULL,'2012-10-23',NULL,NULL,NULL,28.00,0,0,1,0,1,1,NULL,NULL,NULL,NULL,NULL,'--- !ruby/hash:ActiveSupport::HashWithIndifferentAccess\nanschaffungskategorie: AV-Technik\n','2015-11-14 02:07:45','2015-11-14 02:07:45'),(22,'9018scyk2bk41q93317m384','ahi-9713ex1645',29,22,22,3,NULL,NULL,'2011-12-04',NULL,NULL,NULL,620.00,0,0,1,0,1,1,NULL,NULL,NULL,NULL,NULL,'--- !ruby/hash:ActiveSupport::HashWithIndifferentAccess\nanschaffungskategorie: AV-Technik\n','2015-11-14 02:07:45','2015-11-14 02:07:45'),(23,'mprorsj36vov40gd8d1o385','tot-2264ei5939',29,23,23,11,NULL,NULL,'2014-07-31',NULL,NULL,NULL,850.00,0,0,1,0,1,1,NULL,NULL,NULL,NULL,NULL,'--- !ruby/hash:ActiveSupport::HashWithIndifferentAccess\nanschaffungskategorie: AV-Technik\n','2015-11-14 02:07:45','2015-11-14 02:07:45'),(24,'duo7zpd2vhsnjn52a9rg386','non-9616er10997',29,24,24,7,NULL,NULL,'2013-10-11',NULL,NULL,NULL,1217.00,0,0,1,0,1,1,NULL,NULL,NULL,NULL,NULL,'--- !ruby/hash:ActiveSupport::HashWithIndifferentAccess\nanschaffungskategorie: AV-Technik\n','2015-11-14 02:07:45','2015-11-14 02:07:45'),(25,'p7ykguxilk77bdj6b4n3387','utm-8785es7395',33,25,25,5,NULL,NULL,'2013-12-02',NULL,NULL,NULL,477.00,0,0,1,0,1,1,NULL,NULL,NULL,NULL,NULL,'--- !ruby/hash:ActiveSupport::HashWithIndifferentAccess\nanschaffungskategorie: AV-Technik\n','2015-11-14 02:07:45','2015-11-14 02:07:45'),(26,'8hu4pxs6l3y13kepl0hb388','rer-6367co2970',33,26,26,2,NULL,NULL,'2011-07-20',NULL,NULL,NULL,1162.00,0,0,1,0,1,1,NULL,NULL,NULL,NULL,NULL,'--- !ruby/hash:ActiveSupport::HashWithIndifferentAccess\nanschaffungskategorie: AV-Technik\n','2015-11-14 02:07:45','2015-11-14 02:07:45'),(27,'w1majxdip8mx9t12nmly389','qui-10816of1157',33,27,27,2,NULL,NULL,'2012-01-26',NULL,NULL,NULL,107.00,0,0,1,0,1,1,NULL,NULL,NULL,NULL,NULL,'--- !ruby/hash:ActiveSupport::HashWithIndifferentAccess\nanschaffungskategorie: AV-Technik\n','2015-11-14 02:07:45','2015-11-14 02:07:45'),(28,'qqbvawnkgizkwfis2pme390','non-5645co6862',37,28,28,4,NULL,NULL,'2011-07-01',NULL,NULL,NULL,1461.00,0,0,1,0,1,1,NULL,NULL,NULL,NULL,NULL,'--- !ruby/hash:ActiveSupport::HashWithIndifferentAccess\nanschaffungskategorie: AV-Technik\n','2015-11-14 02:07:45','2015-11-14 02:07:45'),(29,'t1zf51pxzepfv6k5bcgq391','ten-9982ea2591',37,29,29,12,NULL,NULL,'2010-07-02',NULL,NULL,NULL,1280.00,0,0,1,0,1,1,NULL,NULL,NULL,NULL,NULL,'--- !ruby/hash:ActiveSupport::HashWithIndifferentAccess\nanschaffungskategorie: AV-Technik\n','2015-11-14 02:07:45','2015-11-14 02:07:45'),(30,'tax06qw97109rcajq7sg392','lab-8569id10013',37,30,30,4,NULL,NULL,'2011-04-08',NULL,NULL,NULL,311.00,0,0,1,0,1,1,NULL,NULL,NULL,NULL,NULL,'--- !ruby/hash:ActiveSupport::HashWithIndifferentAccess\nanschaffungskategorie: AV-Technik\n','2015-11-14 02:07:45','2015-11-14 02:07:45'),(31,'z4ppbzuxa6qa2xk8610z393','aut-2071re5437',41,31,31,5,NULL,NULL,'2013-10-12',NULL,NULL,NULL,418.00,0,0,1,0,1,1,NULL,NULL,NULL,NULL,NULL,'--- !ruby/hash:ActiveSupport::HashWithIndifferentAccess\nanschaffungskategorie: AV-Technik\n','2015-11-14 02:07:45','2015-11-14 02:07:45'),(32,'noby3w1160e2ljuukglk394','qui-4764qu8698',41,32,32,7,NULL,NULL,'2014-04-12',NULL,NULL,NULL,846.00,0,0,1,0,1,1,NULL,NULL,NULL,NULL,NULL,'--- !ruby/hash:ActiveSupport::HashWithIndifferentAccess\nanschaffungskategorie: AV-Technik\n','2015-11-14 02:07:45','2015-11-14 02:07:45'),(33,'16telwiyx2s63a4zjef7395','lau-3747od1111',41,33,33,2,NULL,NULL,'2011-08-07',NULL,NULL,NULL,45.00,0,0,1,0,1,1,NULL,NULL,NULL,NULL,NULL,'--- !ruby/hash:ActiveSupport::HashWithIndifferentAccess\nanschaffungskategorie: AV-Technik\n','2015-11-14 02:07:45','2015-11-14 02:07:45'),(34,'d1lwqxyqzgy55lk3wzcc396','qua-9269et7293',45,34,34,10,NULL,NULL,'2010-08-19',NULL,NULL,NULL,535.00,0,0,1,0,1,1,NULL,NULL,NULL,NULL,NULL,'--- !ruby/hash:ActiveSupport::HashWithIndifferentAccess\nanschaffungskategorie: AV-Technik\n','2015-11-14 02:07:45','2015-11-14 02:07:45'),(35,'q45gd6kbj4yhbo9sz5qq397','qui-7246be2916',45,35,35,9,NULL,NULL,'2013-11-08',NULL,NULL,NULL,434.00,0,0,1,0,1,1,NULL,NULL,NULL,NULL,NULL,'--- !ruby/hash:ActiveSupport::HashWithIndifferentAccess\nanschaffungskategorie: AV-Technik\n','2015-11-14 02:07:45','2015-11-14 02:07:45'),(36,'rhohqnl63aqqb9rgkqol398','est-1439po1580',45,36,36,3,NULL,NULL,'2010-08-24',NULL,NULL,NULL,801.00,0,0,1,0,1,1,NULL,NULL,NULL,NULL,NULL,'--- !ruby/hash:ActiveSupport::HashWithIndifferentAccess\nanschaffungskategorie: AV-Technik\n','2015-11-14 02:07:45','2015-11-14 02:07:45'),(37,'book1','book1',49,37,37,2,NULL,NULL,'2013-05-25',NULL,NULL,NULL,682.00,0,0,1,0,2,1,NULL,NULL,NULL,NULL,NULL,'--- !ruby/hash:ActiveSupport::HashWithIndifferentAccess\nanschaffungskategorie: AV-Technik\n','2015-11-14 02:07:45','2015-11-14 02:07:45'),(38,'book2','book2',49,37,38,2,NULL,NULL,'2010-03-10',NULL,NULL,NULL,593.00,0,0,1,0,2,1,NULL,NULL,NULL,NULL,NULL,'--- !ruby/hash:ActiveSupport::HashWithIndifferentAccess\nanschaffungskategorie: AV-Technik\n','2015-11-14 02:07:45','2015-11-14 02:07:45'),(39,'beam123','xyz456',50,38,39,1,NULL,NULL,'2014-03-22',NULL,NULL,NULL,1287.00,0,0,1,0,1,1,NULL,NULL,NULL,'name123',NULL,'--- !ruby/hash:ActiveSupport::HashWithIndifferentAccess\nanschaffungskategorie: AV-Technik\n','2015-11-14 02:07:45','2015-11-14 02:07:45'),(40,'beam345','xyz890',50,38,40,1,NULL,NULL,'2012-01-26',NULL,NULL,NULL,1243.00,0,0,1,0,1,1,NULL,NULL,NULL,NULL,NULL,'--- !ruby/hash:ActiveSupport::HashWithIndifferentAccess\nanschaffungskategorie: AV-Technik\n','2015-11-14 02:07:45','2015-11-14 02:07:45'),(41,'beam678','xyz678',51,38,41,1,NULL,NULL,'2011-06-23',NULL,NULL,NULL,1361.00,0,0,1,0,1,1,NULL,NULL,NULL,NULL,NULL,'--- !ruby/hash:ActiveSupport::HashWithIndifferentAccess\nanschaffungskategorie: AV-Technik\n','2015-11-14 02:07:45','2015-11-14 02:07:45'),(42,'beam749','xyz749',50,38,42,1,NULL,NULL,'2013-12-20',NULL,NULL,NULL,612.00,0,0,1,0,2,1,NULL,NULL,NULL,NULL,NULL,'--- !ruby/hash:ActiveSupport::HashWithIndifferentAccess\nanschaffungskategorie: AV-Technik\n','2015-11-14 02:07:45','2015-11-14 02:07:45'),(43,'beamTest123','xyz749',53,38,43,1,NULL,NULL,'2013-10-24',NULL,NULL,NULL,491.00,0,0,1,0,1,1,NULL,NULL,NULL,NULL,NULL,'--- !ruby/hash:ActiveSupport::HashWithIndifferentAccess\nanschaffungskategorie: AV-Technik\n','2015-11-14 02:07:45','2015-11-14 02:07:45'),(44,'ucbeam1','minbeam1',54,38,44,1,NULL,NULL,'2010-10-28',NULL,NULL,NULL,465.00,0,0,1,0,1,1,NULL,NULL,NULL,'ucbeam1',NULL,'--- !ruby/hash:ActiveSupport::HashWithIndifferentAccess\nanschaffungskategorie: AV-Technik\n','2015-11-14 02:07:45','2015-11-14 02:07:45'),(45,'microbeam1','microbeam1',55,38,45,1,NULL,NULL,'2011-07-12',NULL,NULL,NULL,1319.00,0,0,1,0,1,1,NULL,NULL,NULL,'microbeam1',NULL,'--- !ruby/hash:ActiveSupport::HashWithIndifferentAccess\nanschaffungskategorie: AV-Technik\n','2015-11-14 02:07:45','2015-11-14 02:07:45'),(46,'mbeam1','mbeam1',56,38,46,1,NULL,NULL,'2014-01-16',NULL,NULL,NULL,809.00,0,0,1,0,1,1,NULL,NULL,NULL,'mbeam1',NULL,'--- !ruby/hash:ActiveSupport::HashWithIndifferentAccess\nanschaffungskategorie: AV-Technik\n','2015-11-14 02:07:45','2015-11-14 02:07:45'),(47,'mbeam2','mbeam2',57,38,47,1,NULL,NULL,'2014-06-18',NULL,NULL,NULL,630.00,0,0,1,0,1,1,NULL,NULL,NULL,'mbeam2',NULL,'--- !ruby/hash:ActiveSupport::HashWithIndifferentAccess\nanschaffungskategorie: AV-Technik\n','2015-11-14 02:07:45','2015-11-14 02:07:45'),(48,'mbeam3','mbeam3',58,38,48,1,NULL,NULL,'2010-11-14',NULL,NULL,NULL,802.00,0,0,1,0,1,1,NULL,NULL,NULL,'mbeam3',NULL,'--- !ruby/hash:ActiveSupport::HashWithIndifferentAccess\nanschaffungskategorie: AV-Technik\n','2015-11-14 02:07:45','2015-11-14 02:07:45'),(49,'mbeam4','mbeam4',59,38,49,1,NULL,NULL,'2010-01-11',NULL,NULL,NULL,574.00,0,0,1,0,1,1,NULL,NULL,NULL,'mbeam4',NULL,'--- !ruby/hash:ActiveSupport::HashWithIndifferentAccess\nanschaffungskategorie: AV-Technik\n','2015-11-14 02:07:45','2015-11-14 02:07:45'),(50,'mbeam5','mbeam5',60,38,50,1,NULL,NULL,'2012-06-11',NULL,NULL,NULL,1382.00,0,0,1,0,1,1,NULL,NULL,NULL,'mbeam5',NULL,'--- !ruby/hash:ActiveSupport::HashWithIndifferentAccess\nanschaffungskategorie: AV-Technik\n','2015-11-14 02:07:45','2015-11-14 02:07:45'),(51,'mbeam6','mbeam6',61,38,51,1,NULL,NULL,'2012-08-24',NULL,NULL,NULL,410.00,0,0,1,0,1,1,NULL,NULL,NULL,'mbeam6',NULL,'--- !ruby/hash:ActiveSupport::HashWithIndifferentAccess\nanschaffungskategorie: AV-Technik\n','2015-11-14 02:07:45','2015-11-14 02:07:45'),(52,'mbeam7','mbeam7',62,38,52,1,NULL,NULL,'2011-07-20',NULL,NULL,NULL,1365.00,0,0,1,0,1,1,NULL,NULL,NULL,'mbeam7',NULL,'--- !ruby/hash:ActiveSupport::HashWithIndifferentAccess\nanschaffungskategorie: AV-Technik\n','2015-11-14 02:07:45','2015-11-14 02:07:45'),(53,'mbeam8','mbeam8',63,38,53,1,NULL,NULL,'2014-02-05',NULL,NULL,NULL,1344.00,0,0,1,0,1,1,NULL,NULL,NULL,'mbeam8',NULL,'--- !ruby/hash:ActiveSupport::HashWithIndifferentAccess\nanschaffungskategorie: AV-Technik\n','2015-11-14 02:07:45','2015-11-14 02:07:45'),(54,'mbeam9','mbeam9',64,38,54,1,NULL,NULL,'2011-03-16',NULL,NULL,NULL,1236.00,0,0,1,0,1,1,NULL,NULL,NULL,'mbeam9',NULL,'--- !ruby/hash:ActiveSupport::HashWithIndifferentAccess\nanschaffungskategorie: AV-Technik\n','2015-11-14 02:07:45','2015-11-14 02:07:45'),(55,'mbeam10','mbeam10',65,38,55,1,NULL,NULL,'2011-03-02',NULL,NULL,NULL,636.00,0,0,1,0,1,1,NULL,NULL,NULL,'mbeam10',NULL,'--- !ruby/hash:ActiveSupport::HashWithIndifferentAccess\nanschaffungskategorie: AV-Technik\n','2015-11-14 02:07:45','2015-11-14 02:07:45'),(56,'mbeam11','mbeam11',66,38,56,1,NULL,NULL,'2011-02-07',NULL,NULL,NULL,1428.00,0,0,1,0,1,1,NULL,NULL,NULL,'mbeam11',NULL,'--- !ruby/hash:ActiveSupport::HashWithIndifferentAccess\nanschaffungskategorie: AV-Technik\n','2015-11-14 02:07:45','2015-11-14 02:07:45'),(57,'mbeam12','mbeam12',67,38,57,1,NULL,NULL,'2014-01-20',NULL,NULL,NULL,1025.00,0,0,1,0,1,1,NULL,NULL,NULL,'mbeam12',NULL,'--- !ruby/hash:ActiveSupport::HashWithIndifferentAccess\nanschaffungskategorie: AV-Technik\n','2015-11-14 02:07:45','2015-11-14 02:07:45'),(58,'mbeam13','mbeam13',68,38,58,1,NULL,NULL,'2014-04-19',NULL,NULL,NULL,295.00,0,0,1,0,1,1,NULL,NULL,NULL,'mbeam13',NULL,'--- !ruby/hash:ActiveSupport::HashWithIndifferentAccess\nanschaffungskategorie: AV-Technik\n','2015-11-14 02:07:45','2015-11-14 02:07:45'),(59,'mbeam14','mbeam14',69,38,59,1,NULL,NULL,'2014-05-15',NULL,NULL,NULL,150.00,0,0,1,0,1,1,NULL,NULL,NULL,'mbeam14',NULL,'--- !ruby/hash:ActiveSupport::HashWithIndifferentAccess\nanschaffungskategorie: AV-Technik\n','2015-11-14 02:07:45','2015-11-14 02:07:45'),(60,'mbeam15','mbeam15',70,38,60,1,NULL,NULL,'2013-02-08',NULL,NULL,NULL,222.00,0,0,1,0,1,1,NULL,NULL,NULL,'mbeam15',NULL,'--- !ruby/hash:ActiveSupport::HashWithIndifferentAccess\nanschaffungskategorie: AV-Technik\n','2015-11-14 02:07:45','2015-11-14 02:07:45'),(61,'mbeam16','mbeam16',71,38,61,1,NULL,NULL,'2010-01-07',NULL,NULL,NULL,1284.00,0,0,1,0,1,1,NULL,NULL,NULL,'mbeam16',NULL,'--- !ruby/hash:ActiveSupport::HashWithIndifferentAccess\nanschaffungskategorie: AV-Technik\n','2015-11-14 02:07:45','2015-11-14 02:07:45'),(62,'mbeam17','mbeam17',72,38,62,1,NULL,NULL,'2014-09-15',NULL,NULL,NULL,1424.00,0,0,1,0,1,1,NULL,NULL,NULL,'mbeam17',NULL,'--- !ruby/hash:ActiveSupport::HashWithIndifferentAccess\nanschaffungskategorie: AV-Technik\n','2015-11-14 02:07:45','2015-11-14 02:07:45'),(63,'mbeam18','mbeam18',73,38,63,1,NULL,NULL,'2011-11-28',NULL,NULL,NULL,1280.00,0,0,1,0,1,1,NULL,NULL,NULL,'mbeam18',NULL,'--- !ruby/hash:ActiveSupport::HashWithIndifferentAccess\nanschaffungskategorie: AV-Technik\n','2015-11-14 02:07:45','2015-11-14 02:07:45'),(64,'mbeam19','mbeam19',74,38,64,1,NULL,NULL,'2013-02-11',NULL,NULL,NULL,723.00,0,0,1,0,1,1,NULL,NULL,NULL,'mbeam19',NULL,'--- !ruby/hash:ActiveSupport::HashWithIndifferentAccess\nanschaffungskategorie: AV-Technik\n','2015-11-14 02:07:45','2015-11-14 02:07:45'),(65,'mbeam20','mbeam20',75,38,65,1,NULL,NULL,'2014-09-10',NULL,NULL,NULL,19.00,0,0,1,0,1,1,NULL,NULL,NULL,'mbeam20',NULL,'--- !ruby/hash:ActiveSupport::HashWithIndifferentAccess\nanschaffungskategorie: AV-Technik\n','2015-11-14 02:07:45','2015-11-14 02:07:45'),(66,'cam123','abc234',76,38,66,1,NULL,NULL,'2012-02-17',NULL,NULL,NULL,616.00,0,0,1,0,1,1,NULL,NULL,NULL,NULL,NULL,'--- !ruby/hash:ActiveSupport::HashWithIndifferentAccess\nanschaffungskategorie: AV-Technik\n','2015-11-14 02:07:45','2015-11-14 02:07:45'),(67,'cam345','ab567',76,38,67,1,NULL,NULL,'2010-01-07',NULL,NULL,NULL,969.00,0,0,1,0,1,1,NULL,NULL,NULL,NULL,NULL,'--- !ruby/hash:ActiveSupport::HashWithIndifferentAccess\nanschaffungskategorie: AV-Technik\n','2015-11-14 02:07:45','2015-11-14 02:07:45'),(68,'cam567','ab789',76,38,68,1,NULL,NULL,'2010-12-29',NULL,NULL,NULL,314.00,0,0,1,0,1,1,NULL,NULL,NULL,NULL,NULL,'--- !ruby/hash:ActiveSupport::HashWithIndifferentAccess\nanschaffungskategorie: AV-Technik\n','2015-11-14 02:07:45','2015-11-14 02:07:45'),(69,'cam53267','ab782129',76,38,69,1,NULL,NULL,'2012-10-28',NULL,NULL,NULL,454.00,0,0,1,0,1,1,NULL,NULL,NULL,NULL,NULL,'--- !ruby/hash:ActiveSupport::HashWithIndifferentAccess\nanschaffungskategorie: AV-Technik\n','2015-11-14 02:07:45','2015-11-14 02:07:45'),(70,'cam532asd67','ab78as2129',76,38,70,1,NULL,NULL,'2012-05-05',NULL,NULL,NULL,1182.00,0,0,1,0,1,1,NULL,NULL,NULL,NULL,NULL,'--- !ruby/hash:ActiveSupport::HashWithIndifferentAccess\nanschaffungskategorie: AV-Technik\n','2015-11-14 02:07:45','2015-11-14 02:07:45'),(71,'mcam1','mcam1',77,38,71,1,NULL,NULL,'2011-08-02',NULL,NULL,NULL,1074.00,0,0,1,0,1,1,NULL,NULL,NULL,'mcam1',NULL,'--- !ruby/hash:ActiveSupport::HashWithIndifferentAccess\nanschaffungskategorie: AV-Technik\n','2015-11-14 02:07:45','2015-11-14 02:07:45'),(72,'mcam2','mcam2',78,38,72,1,NULL,NULL,'2014-10-13',NULL,NULL,NULL,444.00,0,0,1,0,1,1,NULL,NULL,NULL,'mcam2',NULL,'--- !ruby/hash:ActiveSupport::HashWithIndifferentAccess\nanschaffungskategorie: AV-Technik\n','2015-11-14 02:07:45','2015-11-14 02:07:45'),(73,'mcam3','mcam3',79,38,73,1,NULL,NULL,'2011-09-19',NULL,NULL,NULL,46.00,0,0,1,0,1,1,NULL,NULL,NULL,'mcam3',NULL,'--- !ruby/hash:ActiveSupport::HashWithIndifferentAccess\nanschaffungskategorie: AV-Technik\n','2015-11-14 02:07:45','2015-11-14 02:07:45'),(74,'mcam4','mcam4',80,38,74,1,NULL,NULL,'2012-06-08',NULL,NULL,NULL,147.00,0,0,1,0,1,1,NULL,NULL,NULL,'mcam4',NULL,'--- !ruby/hash:ActiveSupport::HashWithIndifferentAccess\nanschaffungskategorie: AV-Technik\n','2015-11-14 02:07:45','2015-11-14 02:07:45'),(75,'mcam5','mcam5',81,38,75,1,NULL,NULL,'2010-01-20',NULL,NULL,NULL,1378.00,0,0,1,0,1,1,NULL,NULL,NULL,'mcam5',NULL,'--- !ruby/hash:ActiveSupport::HashWithIndifferentAccess\nanschaffungskategorie: AV-Technik\n','2015-11-14 02:07:45','2015-11-14 02:07:45'),(76,'mcam6','mcam6',82,38,76,1,NULL,NULL,'2010-05-14',NULL,NULL,NULL,555.00,0,0,1,0,1,1,NULL,NULL,NULL,'mcam6',NULL,'--- !ruby/hash:ActiveSupport::HashWithIndifferentAccess\nanschaffungskategorie: AV-Technik\n','2015-11-14 02:07:45','2015-11-14 02:07:45'),(77,'mcam7','mcam7',83,38,77,1,NULL,NULL,'2010-10-13',NULL,NULL,NULL,1238.00,0,0,1,0,1,1,NULL,NULL,NULL,'mcam7',NULL,'--- !ruby/hash:ActiveSupport::HashWithIndifferentAccess\nanschaffungskategorie: AV-Technik\n','2015-11-14 02:07:45','2015-11-14 02:07:45'),(78,'mcam8','mcam8',84,38,78,1,NULL,NULL,'2012-06-18',NULL,NULL,NULL,765.00,0,0,1,0,1,1,NULL,NULL,NULL,'mcam8',NULL,'--- !ruby/hash:ActiveSupport::HashWithIndifferentAccess\nanschaffungskategorie: AV-Technik\n','2015-11-14 02:07:45','2015-11-14 02:07:45'),(79,'mcam9','mcam9',85,38,79,1,NULL,NULL,'2014-08-08',NULL,NULL,NULL,1062.00,0,0,1,0,1,1,NULL,NULL,NULL,'mcam9',NULL,'--- !ruby/hash:ActiveSupport::HashWithIndifferentAccess\nanschaffungskategorie: AV-Technik\n','2015-11-14 02:07:45','2015-11-14 02:07:45'),(80,'mcam10','mcam10',86,38,80,1,NULL,NULL,'2013-07-08',NULL,NULL,NULL,676.00,0,0,1,0,1,1,NULL,NULL,NULL,'mcam10',NULL,'--- !ruby/hash:ActiveSupport::HashWithIndifferentAccess\nanschaffungskategorie: AV-Technik\n','2015-11-14 02:07:45','2015-11-14 02:07:45'),(81,'mcam11','mcam11',87,38,81,1,NULL,NULL,'2011-09-20',NULL,NULL,NULL,489.00,0,0,1,0,1,1,NULL,NULL,NULL,'mcam11',NULL,'--- !ruby/hash:ActiveSupport::HashWithIndifferentAccess\nanschaffungskategorie: AV-Technik\n','2015-11-14 02:07:45','2015-11-14 02:07:45'),(82,'mcam12','mcam12',88,38,82,1,NULL,NULL,'2012-06-03',NULL,NULL,NULL,256.00,0,0,1,0,1,1,NULL,NULL,NULL,'mcam12',NULL,'--- !ruby/hash:ActiveSupport::HashWithIndifferentAccess\nanschaffungskategorie: AV-Technik\n','2015-11-14 02:07:45','2015-11-14 02:07:45'),(83,'mcam13','mcam13',89,38,83,1,NULL,NULL,'2014-04-06',NULL,NULL,NULL,1367.00,0,0,1,0,1,1,NULL,NULL,NULL,'mcam13',NULL,'--- !ruby/hash:ActiveSupport::HashWithIndifferentAccess\nanschaffungskategorie: AV-Technik\n','2015-11-14 02:07:45','2015-11-14 02:07:45'),(84,'mcam14','mcam14',90,38,84,1,NULL,NULL,'2012-07-12',NULL,NULL,NULL,877.00,0,0,1,0,1,1,NULL,NULL,NULL,'mcam14',NULL,'--- !ruby/hash:ActiveSupport::HashWithIndifferentAccess\nanschaffungskategorie: AV-Technik\n','2015-11-14 02:07:45','2015-11-14 02:07:45'),(85,'mcam15','mcam15',91,38,85,1,NULL,NULL,'2014-10-16',NULL,NULL,NULL,1416.00,0,0,1,0,1,1,NULL,NULL,NULL,'mcam15',NULL,'--- !ruby/hash:ActiveSupport::HashWithIndifferentAccess\nanschaffungskategorie: AV-Technik\n','2015-11-14 02:07:45','2015-11-14 02:07:45'),(86,'mcam16','mcam16',92,38,86,1,NULL,NULL,'2011-04-17',NULL,NULL,NULL,1346.00,0,0,1,0,1,1,NULL,NULL,NULL,'mcam16',NULL,'--- !ruby/hash:ActiveSupport::HashWithIndifferentAccess\nanschaffungskategorie: AV-Technik\n','2015-11-14 02:07:45','2015-11-14 02:07:45'),(87,'mcam17','mcam17',93,38,87,1,NULL,NULL,'2011-11-02',NULL,NULL,NULL,1079.00,0,0,1,0,1,1,NULL,NULL,NULL,'mcam17',NULL,'--- !ruby/hash:ActiveSupport::HashWithIndifferentAccess\nanschaffungskategorie: AV-Technik\n','2015-11-14 02:07:45','2015-11-14 02:07:45'),(88,'mcam18','mcam18',94,38,88,1,NULL,NULL,'2014-08-02',NULL,NULL,NULL,1143.00,0,0,1,0,1,1,NULL,NULL,NULL,'mcam18',NULL,'--- !ruby/hash:ActiveSupport::HashWithIndifferentAccess\nanschaffungskategorie: AV-Technik\n','2015-11-14 02:07:45','2015-11-14 02:07:45'),(89,'mcam19','mcam19',95,38,89,1,NULL,NULL,'2014-01-21',NULL,NULL,NULL,752.00,0,0,1,0,1,1,NULL,NULL,NULL,'mcam19',NULL,'--- !ruby/hash:ActiveSupport::HashWithIndifferentAccess\nanschaffungskategorie: AV-Technik\n','2015-11-14 02:07:45','2015-11-14 02:07:45'),(90,'mcam20','mcam20',96,38,90,1,NULL,NULL,'2010-07-02',NULL,NULL,NULL,1103.00,0,0,1,0,1,1,NULL,NULL,NULL,'mcam20',NULL,'--- !ruby/hash:ActiveSupport::HashWithIndifferentAccess\nanschaffungskategorie: AV-Technik\n','2015-11-14 02:07:45','2015-11-14 02:07:45'),(91,'mcam21','mcam21',97,38,91,1,NULL,NULL,'2012-03-22',NULL,NULL,NULL,265.00,0,0,1,0,1,1,NULL,NULL,NULL,'mcam21',NULL,'--- !ruby/hash:ActiveSupport::HashWithIndifferentAccess\nanschaffungskategorie: AV-Technik\n','2015-11-14 02:07:45','2015-11-14 02:07:45'),(92,'mcam22','mcam22',98,38,92,1,NULL,NULL,'2010-09-20',NULL,NULL,NULL,783.00,0,0,1,0,1,1,NULL,NULL,NULL,'mcam22',NULL,'--- !ruby/hash:ActiveSupport::HashWithIndifferentAccess\nanschaffungskategorie: AV-Technik\n','2015-11-14 02:07:45','2015-11-14 02:07:45'),(93,'mcam23','mcam23',99,38,93,1,NULL,NULL,'2012-11-23',NULL,NULL,NULL,381.00,0,0,1,0,1,1,NULL,NULL,NULL,'mcam23',NULL,'--- !ruby/hash:ActiveSupport::HashWithIndifferentAccess\nanschaffungskategorie: AV-Technik\n','2015-11-14 02:07:45','2015-11-14 02:07:45'),(94,'mcam24','mcam24',100,38,94,1,NULL,NULL,'2014-11-06',NULL,NULL,NULL,1208.00,0,0,1,0,1,1,NULL,NULL,NULL,'mcam24',NULL,'--- !ruby/hash:ActiveSupport::HashWithIndifferentAccess\nanschaffungskategorie: AV-Technik\n','2015-11-14 02:07:45','2015-11-14 02:07:45'),(95,'mcam25','mcam25',101,38,95,1,NULL,NULL,'2013-03-27',NULL,NULL,NULL,464.00,0,0,1,0,1,1,NULL,NULL,NULL,'mcam25',NULL,'--- !ruby/hash:ActiveSupport::HashWithIndifferentAccess\nanschaffungskategorie: AV-Technik\n','2015-11-14 02:07:45','2015-11-14 02:07:45'),(96,'mcam26','mcam26',102,38,96,1,NULL,NULL,'2014-03-28',NULL,NULL,NULL,264.00,0,0,1,0,1,1,NULL,NULL,NULL,'mcam26',NULL,'--- !ruby/hash:ActiveSupport::HashWithIndifferentAccess\nanschaffungskategorie: AV-Technik\n','2015-11-14 02:07:45','2015-11-14 02:07:45'),(97,'mcam27','mcam27',103,38,97,1,NULL,NULL,'2012-01-14',NULL,NULL,NULL,1213.00,0,0,1,0,1,1,NULL,NULL,NULL,'mcam27',NULL,'--- !ruby/hash:ActiveSupport::HashWithIndifferentAccess\nanschaffungskategorie: AV-Technik\n','2015-11-14 02:07:45','2015-11-14 02:07:45'),(98,'mcam28','mcam28',104,38,98,1,NULL,NULL,'2014-07-17',NULL,NULL,NULL,905.00,0,0,1,0,1,1,NULL,NULL,NULL,'mcam28',NULL,'--- !ruby/hash:ActiveSupport::HashWithIndifferentAccess\nanschaffungskategorie: AV-Technik\n','2015-11-14 02:07:45','2015-11-14 02:07:45'),(99,'mcam29','mcam29',105,38,99,1,NULL,NULL,'2013-02-27',NULL,NULL,NULL,1011.00,0,0,1,0,1,1,NULL,NULL,NULL,'mcam29',NULL,'--- !ruby/hash:ActiveSupport::HashWithIndifferentAccess\nanschaffungskategorie: AV-Technik\n','2015-11-14 02:07:45','2015-11-14 02:07:45'),(100,'mcam30','mcam30',106,38,100,1,NULL,NULL,'2012-12-12',NULL,NULL,NULL,1150.00,0,0,1,0,1,1,NULL,NULL,NULL,'mcam30',NULL,'--- !ruby/hash:ActiveSupport::HashWithIndifferentAccess\nanschaffungskategorie: AV-Technik\n','2015-11-14 02:07:45','2015-11-14 02:07:45'),(101,'hifi123','hifi123',107,38,101,1,NULL,NULL,'2014-10-13',NULL,NULL,NULL,130.00,0,0,1,0,1,1,NULL,NULL,NULL,NULL,NULL,'--- !ruby/hash:ActiveSupport::HashWithIndifferentAccess\nanschaffungskategorie: AV-Technik\n','2015-11-14 02:07:45','2015-11-14 02:07:45'),(102,'tri789','fgh567',108,38,102,1,NULL,NULL,'2013-08-10',NULL,NULL,NULL,1393.00,0,0,1,0,1,1,NULL,NULL,NULL,NULL,NULL,'--- !ruby/hash:ActiveSupport::HashWithIndifferentAccess\nanschaffungskategorie: AV-Technik\n','2015-11-14 02:07:45','2015-11-14 02:07:45'),(103,'tri123','fgh987',108,38,103,1,NULL,NULL,'2014-01-14',NULL,NULL,NULL,753.00,0,0,1,0,1,1,NULL,NULL,NULL,NULL,NULL,'--- !ruby/hash:ActiveSupport::HashWithIndifferentAccess\nanschaffungskategorie: AV-Technik\n','2015-11-14 02:07:45','2015-11-14 02:07:45'),(104,'tri923','asd213',108,38,104,1,NULL,NULL,'2012-04-02',NULL,NULL,NULL,1037.00,0,0,1,0,1,1,NULL,NULL,NULL,NULL,NULL,'--- !ruby/hash:ActiveSupport::HashWithIndifferentAccess\nanschaffungskategorie: AV-Technik\n','2015-11-14 02:07:45','2015-11-14 02:07:45'),(105,'tri212','tri212',108,38,105,1,NULL,NULL,'2012-07-29',NULL,NULL,NULL,290.00,0,0,1,0,1,1,NULL,NULL,NULL,NULL,NULL,'--- !ruby/hash:ActiveSupport::HashWithIndifferentAccess\nanschaffungskategorie: AV-Technik\n','2015-11-14 02:07:45','2015-11-14 02:07:45'),(106,'88xp4u','7dgxzv',110,38,106,1,NULL,NULL,'2011-11-18',NULL,NULL,NULL,448.00,0,0,1,0,1,1,NULL,NULL,NULL,NULL,NULL,'--- !ruby/hash:ActiveSupport::HashWithIndifferentAccess\nanschaffungskategorie: AV-Technik\n','2015-11-14 02:07:45','2015-11-14 02:07:45'),(107,'upto8xs2ubsl8heocbxq399','neq-8372es8481',111,39,107,1,NULL,NULL,'2010-05-01',NULL,NULL,NULL,1177.00,0,0,1,0,1,1,NULL,NULL,NULL,NULL,NULL,'--- !ruby/hash:ActiveSupport::HashWithIndifferentAccess\nanschaffungskategorie: AV-Technik\n','2015-11-14 02:07:45','2015-11-14 02:07:45'),(108,'7xwur7lenkd0vn1v7n21400','rep-10797be7468',113,39,108,1,107,NULL,'2014-09-04',NULL,NULL,NULL,873.00,0,0,1,0,1,1,NULL,NULL,NULL,NULL,NULL,'--- !ruby/hash:ActiveSupport::HashWithIndifferentAccess\nanschaffungskategorie: AV-Technik\n','2015-11-14 02:07:45','2015-11-14 02:07:45'),(109,'uvhpa8glu4scdkq51czu401','ete-5401om3288',114,39,109,1,107,NULL,'2010-11-06',NULL,NULL,NULL,542.00,0,0,1,0,1,1,NULL,NULL,NULL,NULL,NULL,'--- !ruby/hash:ActiveSupport::HashWithIndifferentAccess\nanschaffungskategorie: AV-Technik\n','2015-11-14 02:07:45','2015-11-14 02:07:45'),(110,'959306cfeyaltnam8n5w402','qui-5561mo9940',115,39,110,1,107,NULL,'2011-02-09',NULL,NULL,NULL,1302.00,0,0,1,0,1,1,NULL,NULL,NULL,NULL,NULL,'--- !ruby/hash:ActiveSupport::HashWithIndifferentAccess\nanschaffungskategorie: AV-Technik\n','2015-11-14 02:07:45','2015-11-14 02:07:45'),(111,'wxz2rkzrg28fv5la1rcg403','mol-5713re6093',111,43,111,1,NULL,NULL,'2014-09-22',NULL,NULL,NULL,596.00,0,0,1,0,1,1,NULL,NULL,NULL,NULL,NULL,'--- !ruby/hash:ActiveSupport::HashWithIndifferentAccess\nanschaffungskategorie: AV-Technik\n','2015-11-14 02:07:45','2015-11-14 02:07:45'),(112,'ep28nwyaitdang83924p404','per-6644et10133',117,43,112,1,111,NULL,'2010-01-14',NULL,NULL,NULL,1221.00,0,0,1,0,1,1,NULL,NULL,NULL,NULL,NULL,'--- !ruby/hash:ActiveSupport::HashWithIndifferentAccess\nanschaffungskategorie: AV-Technik\n','2015-11-14 02:07:45','2015-11-14 02:07:45'),(113,'37hkvaamfz0xgxara2xx405','qui-9351qu9352',118,43,113,1,111,NULL,'2014-06-20',NULL,NULL,NULL,652.00,0,0,1,0,1,1,NULL,NULL,NULL,NULL,NULL,'--- !ruby/hash:ActiveSupport::HashWithIndifferentAccess\nanschaffungskategorie: AV-Technik\n','2015-11-14 02:07:45','2015-11-14 02:07:45'),(114,'llyrcnqz0hp19g5dad8k406','adi-8385qu2335',119,43,114,1,111,NULL,'2014-07-18',NULL,NULL,NULL,1208.00,0,0,1,0,1,1,NULL,NULL,NULL,NULL,NULL,'--- !ruby/hash:ActiveSupport::HashWithIndifferentAccess\nanschaffungskategorie: AV-Technik\n','2015-11-14 02:07:45','2015-11-14 02:07:45'),(115,'nrmteb67f6ejro356y23407','qua-9055mi8540',111,47,115,1,NULL,NULL,'2010-10-04',NULL,NULL,NULL,253.00,0,0,1,0,1,1,NULL,NULL,NULL,NULL,NULL,'--- !ruby/hash:ActiveSupport::HashWithIndifferentAccess\nanschaffungskategorie: AV-Technik\n','2015-11-14 02:07:45','2015-11-14 02:07:45'),(116,'5s87k29341ui4izs4iyz408','exe-10014ip2884',121,47,116,1,115,NULL,'2012-04-19',NULL,NULL,NULL,663.00,0,0,1,0,1,1,NULL,NULL,NULL,NULL,NULL,'--- !ruby/hash:ActiveSupport::HashWithIndifferentAccess\nanschaffungskategorie: AV-Technik\n','2015-11-14 02:07:45','2015-11-14 02:07:45'),(117,'u6srgb3x9bmeoas1jvy9409','dol-4969ut10958',122,47,117,1,115,NULL,'2012-07-01',NULL,NULL,NULL,1019.00,0,0,1,0,1,1,NULL,NULL,NULL,NULL,NULL,'--- !ruby/hash:ActiveSupport::HashWithIndifferentAccess\nanschaffungskategorie: AV-Technik\n','2015-11-14 02:07:45','2015-11-14 02:07:45'),(118,'65vqyz8r5dkp6u2zyjmz410','mol-9130as1001',123,47,118,1,115,NULL,'2010-05-03',NULL,NULL,NULL,1487.00,0,0,1,0,1,1,NULL,NULL,NULL,NULL,NULL,'--- !ruby/hash:ActiveSupport::HashWithIndifferentAccess\nanschaffungskategorie: AV-Technik\n','2015-11-14 02:07:45','2015-11-14 02:07:45'),(119,'n95mg2ivkoi2t5a78ck8411','pla-3290qu5475',124,51,119,1,NULL,NULL,'2011-08-08',NULL,NULL,NULL,338.00,0,0,1,0,1,1,NULL,NULL,NULL,NULL,NULL,'--- !ruby/hash:ActiveSupport::HashWithIndifferentAccess\nanschaffungskategorie: AV-Technik\n','2015-11-14 02:07:45','2015-11-14 02:07:45'),(120,'wa8a1srgmpuwctwtwbx7412','vol-4256te6700',126,51,120,1,119,NULL,'2012-02-26',NULL,NULL,NULL,185.00,0,0,1,0,1,1,NULL,NULL,NULL,NULL,NULL,'--- !ruby/hash:ActiveSupport::HashWithIndifferentAccess\nanschaffungskategorie: AV-Technik\n','2015-11-14 02:07:45','2015-11-14 02:07:45'),(121,'ws4lap2deyauqcocggyc413','vol-3618ea6775',127,51,121,1,119,NULL,'2012-09-09',NULL,NULL,NULL,752.00,0,0,1,0,1,1,NULL,NULL,NULL,NULL,NULL,'--- !ruby/hash:ActiveSupport::HashWithIndifferentAccess\nanschaffungskategorie: AV-Technik\n','2015-11-14 02:07:45','2015-11-14 02:07:45'),(122,'o6nbagz9c5e6088tm9qm414','dis-6433ut6519',128,51,122,1,119,NULL,'2014-12-10',NULL,NULL,NULL,1227.00,0,0,1,0,1,1,NULL,NULL,NULL,NULL,NULL,'--- !ruby/hash:ActiveSupport::HashWithIndifferentAccess\nanschaffungskategorie: AV-Technik\n','2015-11-14 02:07:45','2015-11-14 02:07:45'),(123,'dlyjqur0nwqbesl85arv415','ada-4559ve8866',124,55,123,1,NULL,NULL,'2013-09-03',NULL,NULL,NULL,383.00,0,0,1,0,1,1,NULL,NULL,NULL,NULL,NULL,'--- !ruby/hash:ActiveSupport::HashWithIndifferentAccess\nanschaffungskategorie: AV-Technik\n','2015-11-14 02:07:45','2015-11-14 02:07:45'),(124,'i9d99qodvyqaorjyyich416','pos-10121iu6786',130,55,124,1,123,NULL,'2014-01-22',NULL,NULL,NULL,216.00,0,0,1,0,1,1,NULL,NULL,NULL,NULL,NULL,'--- !ruby/hash:ActiveSupport::HashWithIndifferentAccess\nanschaffungskategorie: AV-Technik\n','2015-11-14 02:07:45','2015-11-14 02:07:45'),(125,'nxuluex66w83d0xt1rh4417','bea-8378do4337',131,55,125,1,123,NULL,'2010-05-01',NULL,NULL,NULL,218.00,0,0,1,0,1,1,NULL,NULL,NULL,NULL,NULL,'--- !ruby/hash:ActiveSupport::HashWithIndifferentAccess\nanschaffungskategorie: AV-Technik\n','2015-11-14 02:07:45','2015-11-14 02:07:45'),(126,'xuled89m6oeei1yonbzq418','iur-8051ea2878',132,55,126,1,123,NULL,'2011-04-12',NULL,NULL,NULL,640.00,0,0,1,0,1,1,NULL,NULL,NULL,NULL,NULL,'--- !ruby/hash:ActiveSupport::HashWithIndifferentAccess\nanschaffungskategorie: AV-Technik\n','2015-11-14 02:07:45','2015-11-14 02:07:45'),(127,'owaifpz77uqdr7ablvz1419','etu-7835do6150',124,59,127,1,NULL,NULL,'2011-04-13',NULL,NULL,NULL,1098.00,0,0,1,0,1,1,NULL,NULL,NULL,NULL,NULL,'--- !ruby/hash:ActiveSupport::HashWithIndifferentAccess\nanschaffungskategorie: AV-Technik\n','2015-11-14 02:07:45','2015-11-14 02:07:45'),(128,'hqqinzk395sy49v0i06d420','con-10390mo8184',134,59,128,1,127,NULL,'2012-10-01',NULL,NULL,NULL,220.00,0,0,1,0,1,1,NULL,NULL,NULL,NULL,NULL,'--- !ruby/hash:ActiveSupport::HashWithIndifferentAccess\nanschaffungskategorie: AV-Technik\n','2015-11-14 02:07:45','2015-11-14 02:07:45'),(129,'tm7yqbw3f7fon17xr5s9421','eum-1158es3835',135,59,129,1,127,NULL,'2011-07-05',NULL,NULL,NULL,66.00,0,0,1,0,1,1,NULL,NULL,NULL,NULL,NULL,'--- !ruby/hash:ActiveSupport::HashWithIndifferentAccess\nanschaffungskategorie: AV-Technik\n','2015-11-14 02:07:45','2015-11-14 02:07:45'),(130,'ss47mkxjulz3pr9wkrkc422','aut-9578do8836',136,59,130,1,127,NULL,'2014-07-09',NULL,NULL,NULL,614.00,0,0,1,0,1,1,NULL,NULL,NULL,NULL,NULL,'--- !ruby/hash:ActiveSupport::HashWithIndifferentAccess\nanschaffungskategorie: AV-Technik\n','2015-11-14 02:07:45','2015-11-14 02:07:45'),(131,'cand5','cand5',76,38,131,1,NULL,NULL,'2011-03-17',NULL,NULL,NULL,415.00,0,0,0,0,1,1,NULL,NULL,NULL,NULL,NULL,'--- !ruby/hash:ActiveSupport::HashWithIndifferentAccess\nanschaffungskategorie: AV-Technik\n','2015-11-14 02:07:45','2015-11-14 02:07:45'),(132,'beam21231','beamas12312',50,38,132,1,NULL,NULL,'2012-03-04',NULL,NULL,NULL,1480.00,0,0,0,0,1,1,NULL,NULL,NULL,NULL,NULL,'--- !ruby/hash:ActiveSupport::HashWithIndifferentAccess\nanschaffungskategorie: AV-Technik\n','2015-11-14 02:07:45','2015-11-14 02:07:45'),(133,'hifi345','hifi345',107,38,133,1,NULL,NULL,'2013-04-25',NULL,NULL,NULL,190.00,0,0,0,0,1,1,NULL,NULL,NULL,NULL,NULL,'--- !ruby/hash:ActiveSupport::HashWithIndifferentAccess\nanschaffungskategorie: AV-Technik\n','2015-11-14 02:07:45','2015-11-14 02:07:45'),(134,'iMac1','iMac5',138,38,134,1,NULL,NULL,'2011-09-09',NULL,'2015-11-14','This Item is gone',1144.00,0,0,1,0,1,1,NULL,NULL,NULL,NULL,NULL,'--- !ruby/hash:ActiveSupport::HashWithIndifferentAccess\nanschaffungskategorie: AV-Technik\n','2015-11-14 02:07:45','2015-11-14 02:07:45'),(135,'iMac2','iMac6',138,38,135,3,NULL,NULL,'2013-10-01',NULL,'2015-11-14','This Item is gone',394.00,0,0,1,0,1,1,NULL,NULL,NULL,NULL,NULL,'--- !ruby/hash:ActiveSupport::HashWithIndifferentAccess\nanschaffungskategorie: AV-Technik\n','2015-11-14 02:07:45','2015-11-14 02:07:45'),(136,'0cmij1','hs79ut',109,38,136,1,NULL,NULL,'2011-11-01',NULL,'2015-11-14','This Item is gone',346.00,0,0,1,0,1,1,NULL,NULL,NULL,NULL,NULL,'--- !ruby/hash:ActiveSupport::HashWithIndifferentAccess\nanschaffungskategorie: AV-Technik\n','2015-11-14 02:07:45','2015-11-14 02:07:45'),(137,'gjyjsp','49kxhk',109,38,137,1,NULL,NULL,'2012-07-13',NULL,NULL,NULL,333.00,0,0,1,0,1,1,NULL,NULL,NULL,NULL,NULL,'--- !ruby/hash:ActiveSupport::HashWithIndifferentAccess\nanschaffungskategorie: AV-Technik\n','2015-11-14 02:07:45','2015-11-14 02:07:45'),(138,'wlaptop1','wlaptop1',139,38,138,1,NULL,NULL,'2014-08-21',NULL,NULL,NULL,1358.00,1,0,1,0,1,1,NULL,NULL,NULL,NULL,NULL,'--- !ruby/hash:ActiveSupport::HashWithIndifferentAccess\nanschaffungskategorie: AV-Technik\n','2015-11-14 02:07:45','2015-11-14 02:07:45'),(139,'v120d02','v120d02',140,38,139,1,NULL,NULL,'2014-03-24',NULL,NULL,NULL,309.00,0,1,1,0,1,1,NULL,NULL,NULL,NULL,NULL,'--- !ruby/hash:ActiveSupport::HashWithIndifferentAccess\nanschaffungskategorie: AV-Technik\n','2015-11-14 02:07:45','2015-11-14 02:07:45'),(140,'v120d022g','v120d022g',141,38,140,1,NULL,NULL,'2010-12-22',NULL,NULL,NULL,1215.00,0,0,1,0,1,1,NULL,NULL,NULL,NULL,NULL,'--- !ruby/hash:ActiveSupport::HashWithIndifferentAccess\nanschaffungskategorie: AV-Technik\n','2015-11-14 02:07:45','2015-11-14 02:07:45'),(141,'v120d022g2','v120d022g2',141,38,141,1,NULL,NULL,'2013-09-15',NULL,NULL,NULL,575.00,0,0,1,0,1,1,NULL,NULL,NULL,NULL,NULL,'--- !ruby/hash:ActiveSupport::HashWithIndifferentAccess\nanschaffungskategorie: AV-Technik\n','2015-11-14 02:07:45','2015-11-14 02:07:45'),(142,'beam897','xyz890',50,38,142,1,NULL,NULL,'2010-10-25',NULL,NULL,NULL,848.00,0,0,1,0,2,1,NULL,NULL,NULL,NULL,NULL,'--- !ruby/hash:ActiveSupport::HashWithIndifferentAccess\nanschaffungskategorie: AV-Technik\n','2015-11-14 02:07:45','2015-11-14 02:07:45'),(143,'minibeam12','xyz890',52,38,143,1,NULL,NULL,'2011-03-12',NULL,NULL,NULL,716.00,0,0,1,0,2,1,NULL,NULL,NULL,NULL,NULL,'--- !ruby/hash:ActiveSupport::HashWithIndifferentAccess\nanschaffungskategorie: AV-Technik\n','2015-11-14 02:07:45','2015-11-14 02:07:45'),(144,'minibeam34','xyz890',52,38,144,1,NULL,NULL,'2011-05-17',NULL,NULL,NULL,731.00,0,0,1,0,3,1,NULL,NULL,NULL,NULL,NULL,'--- !ruby/hash:ActiveSupport::HashWithIndifferentAccess\nanschaffungskategorie: AV-Technik\n','2015-11-14 02:07:45','2015-11-14 02:07:45'),(145,'v7qal1rq6gy7il5w2pyl423','cum-10080la2320',143,NULL,NULL,1,NULL,NULL,NULL,NULL,NULL,NULL,NULL,0,0,1,0,1,0,NULL,NULL,NULL,NULL,NULL,'--- !ruby/hash:ActiveSupport::HashWithIndifferentAccess\nlicense_type: single_workspace\nactivation_type: serial_number\noperating_system:\n- windows\n- linux\ninstallation:\n- citrix\n- web\n','2015-11-14 02:07:45','2015-11-14 02:07:45'),(146,'rfk6p1zmus4hst8ic45s424','qua-9309do4581',144,NULL,NULL,1,NULL,NULL,NULL,NULL,NULL,NULL,NULL,0,0,0,0,1,0,NULL,NULL,NULL,NULL,NULL,'--- !ruby/hash:ActiveSupport::HashWithIndifferentAccess\nlicense_type: single_workspace\nactivation_type: serial_number\noperating_system:\n- windows\n- linux\ninstallation:\n- citrix\n- web\n','2015-11-14 02:07:45','2015-11-14 02:07:45'),(147,'yisgg2pw3w1zygugokqo425','eli-9793la8603',145,NULL,NULL,1,NULL,NULL,NULL,NULL,NULL,NULL,NULL,0,0,1,0,1,0,NULL,NULL,NULL,NULL,NULL,'--- !ruby/hash:ActiveSupport::HashWithIndifferentAccess\nlicense_type: single_workspace\nactivation_type: serial_number\noperating_system:\n- windows\n- linux\ninstallation:\n- citrix\n- web\n','2015-11-14 02:07:45','2015-11-14 02:07:45'),(148,'crjsdmljte4zhukv6h6v426','abr-1654do1929',146,NULL,NULL,1,NULL,NULL,NULL,NULL,NULL,NULL,NULL,0,0,1,0,1,0,NULL,NULL,NULL,NULL,NULL,'--- !ruby/hash:ActiveSupport::HashWithIndifferentAccess\nlicense_type: single_workspace\nactivation_type: serial_number\noperating_system:\n- windows\n- linux\ninstallation:\n- citrix\n- web\n','2015-11-14 02:07:45','2015-11-14 02:07:45'),(149,'3f9j4bz7erkk52hwry5l427','rem-2671in10103',147,NULL,NULL,1,NULL,NULL,NULL,NULL,NULL,NULL,NULL,0,0,1,0,1,0,NULL,NULL,NULL,NULL,NULL,'--- !ruby/hash:ActiveSupport::HashWithIndifferentAccess\nlicense_type: single_workspace\nactivation_type: serial_number\noperating_system:\n- windows\n- linux\ninstallation:\n- citrix\n- web\n','2015-11-14 02:07:45','2015-11-14 02:07:45'),(150,'eup7qi8y5noe2h47pt85428','mai-4260id8769',148,NULL,NULL,1,NULL,NULL,NULL,NULL,NULL,NULL,NULL,0,0,0,0,1,0,NULL,NULL,NULL,NULL,NULL,'--- !ruby/hash:ActiveSupport::HashWithIndifferentAccess\nlicense_type: single_workspace\nactivation_type: serial_number\noperating_system:\n- windows\n- linux\ninstallation:\n- citrix\n- web\n','2015-11-14 02:07:45','2015-11-14 02:07:45'),(151,'zy7dfklmga50z06ac4ff429','dol-4827vo9575',149,NULL,NULL,1,NULL,NULL,NULL,NULL,NULL,NULL,NULL,0,0,0,0,2,0,NULL,NULL,NULL,NULL,NULL,'--- !ruby/hash:ActiveSupport::HashWithIndifferentAccess\nlicense_type: single_workspace\nactivation_type: serial_number\noperating_system:\n- windows\n- linux\ninstallation:\n- citrix\n- web\n','2015-11-14 02:07:45','2015-11-14 02:07:45'),(152,'mm7rcfpcdrdi8qdak7es430','cup-1564mi2293',150,NULL,NULL,1,NULL,NULL,NULL,NULL,'2015-11-14','Non quia porro veniam vero molestiae quia.',NULL,0,0,0,0,1,0,NULL,NULL,NULL,NULL,NULL,'--- !ruby/hash:ActiveSupport::HashWithIndifferentAccess\nlicense_type: single_workspace\nactivation_type: serial_number\noperating_system:\n- windows\n- linux\ninstallation:\n- citrix\n- web\n','2015-11-14 02:07:45','2015-11-14 02:07:45'),(153,'szw2rj5uczf0u93r4e3e431','mol-1406et10148',151,NULL,NULL,2,NULL,NULL,NULL,NULL,'2015-11-14','Asperiores minima eum harum eveniet.',NULL,0,0,0,0,1,0,NULL,NULL,NULL,NULL,NULL,'--- !ruby/hash:ActiveSupport::HashWithIndifferentAccess\nlicense_type: single_workspace\nactivation_type: serial_number\noperating_system:\n- windows\n- linux\ninstallation:\n- citrix\n- web\n','2015-11-14 02:07:45','2015-11-14 02:07:45'),(154,'zbd1qyotdx0megv2mtq5432','atq-7099ne10450',152,NULL,NULL,2,NULL,NULL,NULL,NULL,NULL,NULL,NULL,0,0,1,0,2,0,NULL,NULL,NULL,NULL,NULL,'--- !ruby/hash:ActiveSupport::HashWithIndifferentAccess\nlicense_type: single_workspace\nactivation_type: serial_number\noperating_system:\n- windows\n- linux\ninstallation:\n- citrix\n- web\n','2015-11-14 02:07:45','2015-11-14 02:07:45'),(155,'172jc2tbyxebyfm6tgb9433','omn-8429ex8641',153,NULL,NULL,1,NULL,NULL,'2015-11-14',NULL,NULL,NULL,NULL,0,0,0,0,1,0,NULL,NULL,NULL,NULL,NULL,'--- !ruby/hash:ActiveSupport::HashWithIndifferentAccess\nlicense_expiration: \'2015-11-14\'\nmaintenance_contract: \'true\'\nmaintenance_expiration: \'2015-11-14\'\n','2015-11-14 02:07:45','2015-11-14 02:07:45'),(156,'zdyjl3n0n604p0jrz9z4434','qua-3779qu8860',154,NULL,NULL,1,NULL,NULL,NULL,NULL,NULL,NULL,NULL,0,0,0,0,1,0,NULL,NULL,NULL,NULL,NULL,'--- !ruby/hash:ActiveSupport::HashWithIndifferentAccess\nlicense_type: single_workspace\nactivation_type: serial_number\noperating_system:\n- windows\n- linux\ninstallation:\n- citrix\n- web\n','2015-11-14 02:07:45','2015-11-14 02:07:45'),(157,'513f6zunof61czca07u3435','inc-5674qu8555',157,63,145,1,NULL,NULL,'2013-02-08',NULL,NULL,NULL,984.00,0,0,1,0,1,1,NULL,NULL,NULL,NULL,NULL,'--- !ruby/hash:ActiveSupport::HashWithIndifferentAccess\nanschaffungskategorie: AV-Technik\n','2015-11-14 02:07:45','2015-11-14 02:07:45'),(158,'b8vqmmyp5dsgtusve2o4436','etc-9411su6360',158,NULL,NULL,1,NULL,NULL,NULL,NULL,NULL,NULL,NULL,0,0,1,0,1,0,NULL,NULL,NULL,NULL,NULL,'--- !ruby/hash:ActiveSupport::HashWithIndifferentAccess\nlicense_type: single_workspace\nactivation_type: serial_number\noperating_system:\n- windows\n- linux\ninstallation:\n- citrix\n- web\n','2015-11-14 02:07:45','2015-11-14 02:07:45'),(159,'zy0q4gdb4fpkecqw2jfg437','und-5405qu8438',159,64,146,6,NULL,NULL,'2013-03-26',NULL,NULL,NULL,906.00,0,0,1,0,2,1,NULL,NULL,NULL,NULL,NULL,'--- !ruby/hash:ActiveSupport::HashWithIndifferentAccess\nanschaffungskategorie: AV-Technik\n','2015-11-09 00:00:00','2015-11-09 00:00:00'),(160,'p5r441a8w6jgrjs4zcy8438','qui-8789ip7155',159,65,147,2,NULL,NULL,'2013-03-25',NULL,NULL,NULL,1229.00,0,0,1,0,2,1,NULL,NULL,NULL,NULL,NULL,'--- !ruby/hash:ActiveSupport::HashWithIndifferentAccess\nanschaffungskategorie: AV-Technik\n','2015-11-09 00:00:00','2015-11-09 00:00:00'),(161,'bv7ghc2wt7r2rltg223v439','cup-8518la6446',159,66,148,1,NULL,NULL,'2010-12-07',NULL,NULL,NULL,591.00,0,0,1,0,2,1,NULL,NULL,NULL,NULL,NULL,'--- !ruby/hash:ActiveSupport::HashWithIndifferentAccess\nanschaffungskategorie: AV-Technik\n','2015-11-09 00:00:00','2015-11-09 00:00:00'),(162,'ouscmw59j0tlulsrqdbq440','har-3564pa6761',163,67,149,9,NULL,NULL,'2011-08-10',NULL,NULL,NULL,706.00,0,0,1,0,13,1,NULL,NULL,NULL,NULL,NULL,'--- !ruby/hash:ActiveSupport::HashWithIndifferentAccess\nanschaffungskategorie: AV-Technik\n','2015-11-14 02:07:45','2015-11-14 02:07:45'),(163,'7lszend1kcjnb8emkm63441','inv-1546am6595',164,68,150,7,NULL,NULL,'2010-04-19',NULL,NULL,NULL,1386.00,0,0,1,0,1,1,NULL,NULL,NULL,NULL,NULL,'--- !ruby/hash:ActiveSupport::HashWithIndifferentAccess\nanschaffungskategorie: AV-Technik\n','2015-11-14 02:07:45','2015-11-14 02:07:45'),(164,'2mwcj8vlavflkejza05a442','ass-8423ip2228',165,69,151,7,NULL,NULL,'2014-08-25',NULL,NULL,NULL,1350.00,0,0,1,0,1,1,NULL,NULL,NULL,NULL,NULL,'--- !ruby/hash:ActiveSupport::HashWithIndifferentAccess\nanschaffungskategorie: AV-Technik\n','2015-11-14 02:07:45','2015-11-14 02:07:45'),(165,'4pfnj31ct1zq8nbojazy443','sit-1234vo8689',166,70,152,4,NULL,NULL,'2012-08-14',NULL,NULL,NULL,1264.00,0,0,1,0,1,1,NULL,NULL,NULL,NULL,NULL,'--- !ruby/hash:ActiveSupport::HashWithIndifferentAccess\nanschaffungskategorie: AV-Technik\n','2015-11-14 02:07:45','2015-11-14 02:07:45'),(166,'60lrsh9b2tv4zijfilb5444','cum-4113mo6848',167,71,153,6,NULL,NULL,'2013-02-07',NULL,NULL,NULL,1333.00,0,0,1,0,1,1,NULL,NULL,NULL,NULL,NULL,'--- !ruby/hash:ActiveSupport::HashWithIndifferentAccess\nanschaffungskategorie: AV-Technik\n','2015-11-14 02:07:45','2015-11-14 02:07:45'),(167,'h9cihqoeaob2miwfghra445','qui-9834hi5943',168,72,154,9,NULL,NULL,'2014-02-24',NULL,NULL,NULL,883.00,0,0,1,0,1,1,NULL,NULL,NULL,NULL,NULL,'--- !ruby/hash:ActiveSupport::HashWithIndifferentAccess\nanschaffungskategorie: AV-Technik\n','2015-11-14 02:07:45','2015-11-14 02:07:45'),(168,'0xiznauuy7tyry17ed3m446','sit-8056vi6447',169,73,155,1,NULL,NULL,'2014-04-13',NULL,NULL,NULL,390.00,0,0,1,0,1,1,NULL,NULL,NULL,NULL,NULL,'--- !ruby/hash:ActiveSupport::HashWithIndifferentAccess\nanschaffungskategorie: AV-Technik\n','2015-11-14 02:07:45','2015-11-14 02:07:45'),(169,'qs6o1xh3fkdiyeljzn2f447','eto-8565ut3758',170,74,156,5,NULL,NULL,'2013-10-11',NULL,NULL,NULL,1465.00,0,0,1,0,1,1,NULL,NULL,NULL,NULL,NULL,'--- !ruby/hash:ActiveSupport::HashWithIndifferentAccess\nanschaffungskategorie: AV-Technik\n','2015-11-14 02:07:45','2015-11-14 02:07:45'),(170,'w01fjrlj584nw6kvythm448','ist-5167ne10457',171,75,157,12,NULL,NULL,'2012-02-03',NULL,NULL,NULL,1223.00,0,0,1,0,1,1,NULL,NULL,NULL,NULL,NULL,'--- !ruby/hash:ActiveSupport::HashWithIndifferentAccess\nanschaffungskategorie: AV-Technik\n','2015-11-14 02:07:45','2015-11-14 02:07:45'),(171,'m0e1dcnsdw9jozubswmp449','qui-5398et7063',172,76,158,3,NULL,NULL,'2010-02-28',NULL,NULL,NULL,1030.00,0,0,1,0,1,1,NULL,NULL,NULL,NULL,NULL,'--- !ruby/hash:ActiveSupport::HashWithIndifferentAccess\nanschaffungskategorie: AV-Technik\n','2015-11-14 02:07:45','2015-11-14 02:07:45'),(172,'o145q53ir68ek99wj89y450','eta-4844et8989',173,77,159,7,NULL,NULL,'2011-03-04',NULL,NULL,NULL,1282.00,0,0,1,0,1,1,NULL,NULL,NULL,NULL,NULL,'--- !ruby/hash:ActiveSupport::HashWithIndifferentAccess\nanschaffungskategorie: AV-Technik\n','2015-11-14 02:07:45','2015-11-14 02:07:45'),(173,'snj762jhibv0ro8uljbk451','nis-9413ut5349',174,78,160,7,NULL,NULL,'2014-01-17',NULL,NULL,NULL,1164.00,0,0,1,0,1,1,NULL,NULL,NULL,NULL,NULL,'--- !ruby/hash:ActiveSupport::HashWithIndifferentAccess\nanschaffungskategorie: AV-Technik\n','2015-11-14 02:07:45','2015-11-14 02:07:45'),(174,'jk4mqam3srsap0sshlqk452','ass-6043vi1530',175,79,161,6,NULL,NULL,'2012-01-03',NULL,NULL,NULL,321.00,0,0,1,0,1,1,NULL,NULL,NULL,NULL,NULL,'--- !ruby/hash:ActiveSupport::HashWithIndifferentAccess\nanschaffungskategorie: AV-Technik\n','2015-11-14 02:07:45','2015-11-14 02:07:45'),(175,'8wk8fe0jnfqzmtefa0fy453','quo-9912do4546',176,80,162,4,NULL,NULL,'2011-01-08',NULL,NULL,NULL,696.00,0,0,1,0,1,1,NULL,NULL,NULL,NULL,NULL,'--- !ruby/hash:ActiveSupport::HashWithIndifferentAccess\nanschaffungskategorie: AV-Technik\n','2015-11-09 00:00:00','2015-11-09 00:00:00'),(176,'l0wz8d3bwh1sqfs43pvb454','eta-2332eu9955',177,81,163,7,NULL,NULL,'2010-01-08',NULL,NULL,NULL,527.00,0,0,1,0,1,1,NULL,NULL,NULL,NULL,NULL,'--- !ruby/hash:ActiveSupport::HashWithIndifferentAccess\nanschaffungskategorie: AV-Technik\n','2015-11-09 00:00:00','2015-11-09 00:00:00'),(177,'x048fc4t5yihtr1w7gpz455','sed-1407do1588',178,82,164,12,NULL,NULL,'2013-11-09',NULL,NULL,NULL,1404.00,0,0,1,0,1,1,NULL,NULL,NULL,NULL,NULL,'--- !ruby/hash:ActiveSupport::HashWithIndifferentAccess\nanschaffungskategorie: AV-Technik\n','2015-11-09 00:00:00','2015-11-09 00:00:00'),(178,'itugt0rw452ug4h119fy456','ali-8729cu1471',179,83,165,11,NULL,NULL,'2011-12-28',NULL,NULL,NULL,83.00,0,0,1,0,1,1,NULL,NULL,NULL,NULL,NULL,'--- !ruby/hash:ActiveSupport::HashWithIndifferentAccess\nanschaffungskategorie: AV-Technik\n','2015-11-09 00:00:00','2015-11-09 00:00:00'),(179,'ynuvov60ayzqk4ilbzg8457','eli-5246se5632',180,84,166,5,NULL,NULL,'2014-04-16',NULL,NULL,NULL,792.00,0,0,1,0,1,1,NULL,NULL,NULL,NULL,NULL,'--- !ruby/hash:ActiveSupport::HashWithIndifferentAccess\nanschaffungskategorie: AV-Technik\n','2015-11-14 02:07:45','2015-11-14 02:07:45'),(180,'cnw8zk54mw9juho6mzgm458','exp-1484do5155',180,85,167,10,NULL,NULL,'2010-09-12',NULL,NULL,NULL,1011.00,0,0,1,0,1,1,NULL,NULL,NULL,NULL,NULL,'--- !ruby/hash:ActiveSupport::HashWithIndifferentAccess\nanschaffungskategorie: AV-Technik\n','2015-11-14 02:07:45','2015-11-14 02:07:45'),(181,'zne8gvyax8ezcg626gdr459','tem-8262es9982',180,86,168,6,NULL,NULL,'2011-10-24',NULL,NULL,NULL,1018.00,0,0,1,0,1,1,NULL,NULL,NULL,NULL,NULL,'--- !ruby/hash:ActiveSupport::HashWithIndifferentAccess\nanschaffungskategorie: AV-Technik\n','2015-11-14 02:07:45','2015-11-14 02:07:45'),(182,'gke7ka406uej87b696qh460','ips-8246om5083',184,87,169,8,NULL,NULL,'2013-05-26',NULL,NULL,NULL,553.00,0,0,1,0,1,1,NULL,NULL,NULL,NULL,NULL,'--- !ruby/hash:ActiveSupport::HashWithIndifferentAccess\nanschaffungskategorie: AV-Technik\n','2015-11-14 02:07:45','2015-11-14 02:07:45'),(183,'hmm04sadl7ymtj9d30wk461','vol-6570it6877',184,88,170,4,NULL,NULL,'2014-04-13',NULL,NULL,NULL,763.00,0,0,1,0,1,1,NULL,NULL,NULL,NULL,NULL,'--- !ruby/hash:ActiveSupport::HashWithIndifferentAccess\nanschaffungskategorie: AV-Technik\n','2015-11-14 02:07:45','2015-11-14 02:07:45'),(184,'f4e47f5yp12n6vy6yohu462','mag-10005pl6488',184,89,171,11,NULL,NULL,'2013-05-19',NULL,NULL,NULL,1422.00,0,0,1,0,1,1,NULL,NULL,NULL,NULL,NULL,'--- !ruby/hash:ActiveSupport::HashWithIndifferentAccess\nanschaffungskategorie: AV-Technik\n','2015-11-14 02:07:45','2015-11-14 02:07:45'),(185,'qnu1jqe7q5c80z7flkjg463','cum-1167qu2516',188,90,172,13,NULL,NULL,'2014-07-16',NULL,NULL,NULL,117.00,0,0,1,0,1,1,NULL,NULL,NULL,NULL,NULL,'--- !ruby/hash:ActiveSupport::HashWithIndifferentAccess\nanschaffungskategorie: AV-Technik\n','2015-11-14 02:07:45','2015-11-14 02:07:45'),(186,'i60m7wmgpby5vpi3e4bv464','ven-2764es3878',188,91,173,5,NULL,NULL,'2014-02-20',NULL,NULL,NULL,1116.00,0,0,1,0,1,1,NULL,NULL,NULL,NULL,NULL,'--- !ruby/hash:ActiveSupport::HashWithIndifferentAccess\nanschaffungskategorie: AV-Technik\n','2015-11-14 02:07:45','2015-11-14 02:07:45'),(187,'opi15qrsqigs1kdlkamc465','qui-10585sa6776',188,92,174,12,NULL,NULL,'2012-07-14',NULL,NULL,NULL,1466.00,0,0,1,0,1,1,NULL,NULL,NULL,NULL,NULL,'--- !ruby/hash:ActiveSupport::HashWithIndifferentAccess\nanschaffungskategorie: AV-Technik\n','2015-11-14 02:07:45','2015-11-14 02:07:45'),(188,'y63g5gx8czjint5e8ung466','sit-2793po10419',192,93,175,3,NULL,NULL,'2012-08-03',NULL,NULL,NULL,609.00,0,0,1,0,1,1,NULL,NULL,NULL,NULL,NULL,'--- !ruby/hash:ActiveSupport::HashWithIndifferentAccess\nanschaffungskategorie: AV-Technik\n','2015-11-14 02:07:45','2015-11-14 02:07:45'),(189,'630itbilmqv5hy3uq5um467','dol-5841ve5079',192,94,176,13,NULL,NULL,'2011-01-25',NULL,NULL,NULL,1224.00,0,0,1,0,1,1,NULL,NULL,NULL,NULL,NULL,'--- !ruby/hash:ActiveSupport::HashWithIndifferentAccess\nanschaffungskategorie: AV-Technik\n','2015-11-14 02:07:45','2015-11-14 02:07:45'),(190,'3wk7d7hb9gxnp8vihe0y468','qui-7933ma6250',192,95,177,4,NULL,NULL,'2011-01-26',NULL,NULL,NULL,55.00,0,0,1,0,1,1,NULL,NULL,NULL,NULL,NULL,'--- !ruby/hash:ActiveSupport::HashWithIndifferentAccess\nanschaffungskategorie: AV-Technik\n','2015-11-14 02:07:45','2015-11-14 02:07:45'),(191,'fd1lny0lw1qibhky9dht469','aut-2245ha3350',196,96,178,11,NULL,NULL,'2012-11-29',NULL,NULL,NULL,582.00,0,0,1,0,1,1,NULL,NULL,NULL,NULL,NULL,'--- !ruby/hash:ActiveSupport::HashWithIndifferentAccess\nanschaffungskategorie: AV-Technik\n','2015-11-14 02:07:45','2015-11-14 02:07:45'),(192,'v4e5l4mtomnntpwznjvg470','dol-6335et3615',196,97,179,13,NULL,NULL,'2012-07-17',NULL,NULL,NULL,255.00,0,0,1,0,1,1,NULL,NULL,NULL,NULL,NULL,'--- !ruby/hash:ActiveSupport::HashWithIndifferentAccess\nanschaffungskategorie: AV-Technik\n','2015-11-14 02:07:45','2015-11-14 02:07:45'),(193,'18sbc1lvguia9pfmcn3f471','vel-4489qu6541',196,98,180,12,NULL,NULL,'2014-07-09',NULL,NULL,NULL,646.00,0,0,1,0,1,1,NULL,NULL,NULL,NULL,NULL,'--- !ruby/hash:ActiveSupport::HashWithIndifferentAccess\nanschaffungskategorie: AV-Technik\n','2015-11-14 02:07:45','2015-11-14 02:07:45'),(194,'46fwhe6yoqkq2z7cmmaz472','uta-9158et10810',200,99,181,1,NULL,NULL,'2014-01-29',NULL,NULL,NULL,1020.00,0,0,1,0,1,1,NULL,NULL,NULL,NULL,NULL,'--- !ruby/hash:ActiveSupport::HashWithIndifferentAccess\nanschaffungskategorie: AV-Technik\n','2015-11-14 02:07:45','2015-11-14 02:07:45'),(195,'hvi91mwm4sbgskg2dm73473','pla-8441mo6170',200,100,182,12,NULL,NULL,'2014-01-29',NULL,NULL,NULL,1478.00,0,0,1,0,1,1,NULL,NULL,NULL,NULL,NULL,'--- !ruby/hash:ActiveSupport::HashWithIndifferentAccess\nanschaffungskategorie: AV-Technik\n','2015-11-14 02:07:45','2015-11-14 02:07:45'),(196,'7lszk0kbmfby89yzgkt3474','fac-2112vo1018',200,101,183,9,NULL,NULL,'2013-10-07',NULL,NULL,NULL,1296.00,0,0,1,0,1,1,NULL,NULL,NULL,NULL,NULL,'--- !ruby/hash:ActiveSupport::HashWithIndifferentAccess\nanschaffungskategorie: AV-Technik\n','2015-11-14 02:07:45','2015-11-14 02:07:45'),(197,'5uuyprb7dmorku2107h2475','omn-3825ea5495',204,102,184,11,NULL,NULL,'2011-08-10',NULL,NULL,NULL,692.00,0,0,1,0,1,1,NULL,NULL,NULL,NULL,NULL,'--- !ruby/hash:ActiveSupport::HashWithIndifferentAccess\nanschaffungskategorie: AV-Technik\n','2015-11-14 02:07:45','2015-11-14 02:07:45'),(198,'cq7yo5rsy2jff9yg3a06476','dol-1539qu3477',204,103,185,6,NULL,NULL,'2013-11-18',NULL,NULL,NULL,722.00,0,0,1,0,1,1,NULL,NULL,NULL,NULL,NULL,'--- !ruby/hash:ActiveSupport::HashWithIndifferentAccess\nanschaffungskategorie: AV-Technik\n','2015-11-14 02:07:45','2015-11-14 02:07:45'),(199,'htd7spcsmv1mu1vjho7q477','ett-3785as7645',204,104,186,2,NULL,NULL,'2012-02-07',NULL,NULL,NULL,630.00,0,0,1,0,1,1,NULL,NULL,NULL,NULL,NULL,'--- !ruby/hash:ActiveSupport::HashWithIndifferentAccess\nanschaffungskategorie: AV-Technik\n','2015-11-14 02:07:45','2015-11-14 02:07:45'),(200,'4phkbngt305i1ekbn22g478','tem-5845es5855',208,105,187,1,NULL,NULL,'2011-07-27',NULL,NULL,NULL,666.00,0,0,1,0,1,1,NULL,NULL,NULL,NULL,NULL,'--- !ruby/hash:ActiveSupport::HashWithIndifferentAccess\nanschaffungskategorie: AV-Technik\n','2015-11-14 02:07:45','2015-11-14 02:07:45'),(201,'vgdqug1u2wywq0gmmopj479','dol-5030si7783',208,106,188,8,NULL,NULL,'2014-10-20',NULL,NULL,NULL,1388.00,0,0,1,0,1,1,NULL,NULL,NULL,NULL,NULL,'--- !ruby/hash:ActiveSupport::HashWithIndifferentAccess\nanschaffungskategorie: AV-Technik\n','2015-11-14 02:07:45','2015-11-14 02:07:45'),(202,'pi3cstymp78y52qd68nx480','mag-8408au6311',208,107,189,7,NULL,NULL,'2010-07-31',NULL,NULL,NULL,928.00,0,0,1,0,1,1,NULL,NULL,NULL,NULL,NULL,'--- !ruby/hash:ActiveSupport::HashWithIndifferentAccess\nanschaffungskategorie: AV-Technik\n','2015-11-14 02:07:45','2015-11-14 02:07:45'),(203,'qy5n0j18mywwo71053i4481','vol-7458is1516',212,108,190,1,NULL,NULL,'2010-11-12',NULL,NULL,NULL,1334.00,0,0,1,0,1,1,NULL,NULL,NULL,NULL,NULL,'--- !ruby/hash:ActiveSupport::HashWithIndifferentAccess\nanschaffungskategorie: AV-Technik\n','2015-11-14 02:07:45','2015-11-14 02:07:45'),(204,'0bdtxvgkvtzc53tqdtnz482','adr-1618au3154',213,109,191,3,NULL,NULL,'2014-06-06',NULL,NULL,NULL,520.00,0,0,1,0,1,1,NULL,NULL,NULL,NULL,NULL,'--- !ruby/hash:ActiveSupport::HashWithIndifferentAccess\nanschaffungskategorie: AV-Technik\n','2015-11-14 02:07:45','2015-11-14 02:07:45'),(205,'8izhxbzn89y2sr526vu5483','fug-9805eu4270',213,110,192,12,NULL,NULL,'2010-06-16',NULL,NULL,NULL,310.00,0,0,1,0,1,1,NULL,NULL,NULL,NULL,NULL,'--- !ruby/hash:ActiveSupport::HashWithIndifferentAccess\nanschaffungskategorie: AV-Technik\n','2015-11-14 02:07:45','2015-11-14 02:07:45'),(206,'491v78jfwl9lvfmbi7c8484','max-8045in2821',213,111,193,1,NULL,NULL,'2010-12-01',NULL,NULL,NULL,1285.00,0,0,1,0,1,1,NULL,NULL,NULL,NULL,NULL,'--- !ruby/hash:ActiveSupport::HashWithIndifferentAccess\nanschaffungskategorie: AV-Technik\n','2015-11-14 02:07:45','2015-11-14 02:07:45'),(207,'ibdb3fm9be6cdwwq4z54485','vel-1942en7110',217,112,194,6,NULL,NULL,'2014-05-01',NULL,NULL,NULL,492.00,0,0,1,0,1,1,NULL,NULL,NULL,NULL,NULL,'--- !ruby/hash:ActiveSupport::HashWithIndifferentAccess\nanschaffungskategorie: AV-Technik\n','2015-11-12 16:51:52','2015-11-12 16:51:52'),(208,'8sdqi5avekcqod56tbbs486','nob-10508vo6069',218,113,195,4,NULL,NULL,'2014-07-10',NULL,NULL,NULL,389.00,0,0,1,0,1,1,NULL,NULL,NULL,NULL,NULL,'--- !ruby/hash:ActiveSupport::HashWithIndifferentAccess\nanschaffungskategorie: AV-Technik\n','2015-11-12 16:51:52','2015-11-12 16:51:52'),(209,'8v7fiahnmx2dlu7yngdd487','neq-6547au5325',219,114,196,8,NULL,NULL,'2013-12-12',NULL,NULL,NULL,867.00,0,0,1,0,1,1,NULL,NULL,NULL,NULL,NULL,'--- !ruby/hash:ActiveSupport::HashWithIndifferentAccess\nanschaffungskategorie: AV-Technik\n','2015-11-12 16:51:53','2015-11-12 16:51:53'),(210,'9vf62yqlc9piilr9avak488','aut-1334ea8540',220,115,197,13,NULL,NULL,'2013-03-17',NULL,NULL,NULL,1484.00,0,0,1,0,1,1,NULL,NULL,NULL,NULL,NULL,'--- !ruby/hash:ActiveSupport::HashWithIndifferentAccess\nanschaffungskategorie: AV-Technik\n','2015-11-12 16:51:53','2015-11-12 16:51:53'),(211,'55s75h0tglthup4o4roc489','qua-8735so7176',221,116,198,10,NULL,NULL,'2010-11-23',NULL,NULL,NULL,1041.00,0,0,1,0,1,1,NULL,NULL,NULL,NULL,NULL,'--- !ruby/hash:ActiveSupport::HashWithIndifferentAccess\nanschaffungskategorie: AV-Technik\n','2015-11-12 16:51:53','2015-11-12 16:51:53'),(212,'oyx68o9kvyktswgzoc1d490','qui-10516qu8230',221,117,199,2,NULL,NULL,'2012-09-27',NULL,NULL,NULL,1372.00,0,0,1,0,1,1,NULL,NULL,NULL,NULL,NULL,'--- !ruby/hash:ActiveSupport::HashWithIndifferentAccess\nanschaffungskategorie: AV-Technik\n','2015-11-12 16:51:53','2015-11-12 16:51:53'),(213,'wonrid4pkt839ubtyiiy491','off-4466la1827',221,118,200,12,NULL,NULL,'2011-11-13',NULL,NULL,NULL,617.00,0,0,1,0,1,1,NULL,NULL,NULL,NULL,NULL,'--- !ruby/hash:ActiveSupport::HashWithIndifferentAccess\nanschaffungskategorie: AV-Technik\n','2015-11-12 16:51:53','2015-11-12 16:51:53'),(214,'igk9ehg63uvgtbhcjkld492','qui-6564ut9706',225,119,201,12,NULL,NULL,'2014-05-29',NULL,NULL,NULL,1177.00,0,0,1,0,1,1,NULL,NULL,NULL,NULL,NULL,'--- !ruby/hash:ActiveSupport::HashWithIndifferentAccess\nanschaffungskategorie: AV-Technik\n','2015-11-12 16:51:53','2015-11-12 16:51:53'),(215,'72ty7q9im8jix2o94mjc493','dol-4375po2044',226,120,202,7,NULL,NULL,'2014-05-08',NULL,NULL,NULL,1288.00,0,0,1,0,1,1,NULL,NULL,NULL,NULL,NULL,'--- !ruby/hash:ActiveSupport::HashWithIndifferentAccess\nanschaffungskategorie: AV-Technik\n','2015-11-12 16:51:53','2015-11-12 16:51:53'),(216,'v4cruukuvbdcmq4eiu87494','aut-7151es8477',227,121,203,1,NULL,NULL,'2014-08-18',NULL,NULL,NULL,400.00,0,0,1,0,1,1,NULL,NULL,NULL,NULL,NULL,'--- !ruby/hash:ActiveSupport::HashWithIndifferentAccess\nanschaffungskategorie: AV-Technik\n','2015-11-12 16:51:53','2015-11-12 16:51:53'),(217,'zvp8kwe0b6kp7z12lazz495','inv-5144an5150',228,122,204,6,NULL,NULL,'2010-12-07',NULL,NULL,NULL,499.00,0,0,1,0,1,1,NULL,NULL,NULL,NULL,NULL,'--- !ruby/hash:ActiveSupport::HashWithIndifferentAccess\nanschaffungskategorie: AV-Technik\n','2015-11-12 16:51:53','2015-11-12 16:51:53'),(218,'csdrxan6mes5mq6lslny496','nul-6691ev6613',228,123,205,7,NULL,NULL,'2012-08-22',NULL,NULL,NULL,1000.00,0,0,1,0,1,1,NULL,NULL,NULL,NULL,NULL,'--- !ruby/hash:ActiveSupport::HashWithIndifferentAccess\nanschaffungskategorie: AV-Technik\n','2015-11-12 16:51:53','2015-11-12 16:51:53'),(219,'4iumu0q6gvoxp6q6jden497','acc-5302qu10568',228,124,206,8,NULL,NULL,'2013-09-18',NULL,NULL,NULL,309.00,0,0,1,0,1,1,NULL,NULL,NULL,NULL,NULL,'--- !ruby/hash:ActiveSupport::HashWithIndifferentAccess\nanschaffungskategorie: AV-Technik\n','2015-11-12 16:51:53','2015-11-12 16:51:53'),(220,'nbtzxbx5l0nt6u9eune0498','adc-7351ac2665',232,125,207,5,NULL,NULL,'2012-01-06',NULL,NULL,NULL,1459.00,0,0,1,0,1,1,NULL,NULL,NULL,NULL,NULL,'--- !ruby/hash:ActiveSupport::HashWithIndifferentAccess\nanschaffungskategorie: AV-Technik\n','2015-11-12 16:51:53','2015-11-12 16:51:53'),(221,'gjrt70f534tn3ijqvlht499','pos-4341do4690',233,126,208,8,NULL,NULL,'2013-08-21',NULL,NULL,NULL,1221.00,0,0,1,0,1,1,NULL,NULL,NULL,NULL,NULL,'--- !ruby/hash:ActiveSupport::HashWithIndifferentAccess\nanschaffungskategorie: AV-Technik\n','2015-11-12 16:51:53','2015-11-12 16:51:53'),(222,'csea18e37pej2hkn9h07500','qui-7337si5343',234,127,209,8,NULL,NULL,'2012-08-18',NULL,NULL,NULL,471.00,0,0,1,0,1,1,NULL,NULL,NULL,NULL,NULL,'--- !ruby/hash:ActiveSupport::HashWithIndifferentAccess\nanschaffungskategorie: AV-Technik\n','2015-11-12 16:51:53','2015-11-12 16:51:53'),(223,'24ecd40138m8vl4bcpfg501','etn-9506no3343',235,128,210,13,NULL,NULL,'2011-02-19',NULL,NULL,NULL,664.00,0,0,1,0,1,1,NULL,NULL,NULL,NULL,NULL,'--- !ruby/hash:ActiveSupport::HashWithIndifferentAccess\nanschaffungskategorie: AV-Technik\n','2015-11-12 16:51:53','2015-11-12 16:51:53'),(224,'jv4u2fexhfydjb0clmga502','quo-2327so4835',236,129,211,8,NULL,NULL,'2011-02-17',NULL,NULL,NULL,454.00,0,0,1,0,1,1,NULL,NULL,NULL,NULL,NULL,'--- !ruby/hash:ActiveSupport::HashWithIndifferentAccess\nanschaffungskategorie: AV-Technik\n','2015-11-12 16:51:53','2015-11-12 16:51:53'),(225,'vq1fzwhw92988vspke2x503','con-10389ea6076',236,130,212,3,NULL,NULL,'2012-12-22',NULL,NULL,NULL,837.00,0,0,1,0,1,1,NULL,NULL,NULL,NULL,NULL,'--- !ruby/hash:ActiveSupport::HashWithIndifferentAccess\nanschaffungskategorie: AV-Technik\n','2015-11-12 16:51:53','2015-11-12 16:51:53'),(226,'jye9mvk6s4hc7zx0p6hh504','uta-10783au2806',236,131,213,11,NULL,NULL,'2014-07-19',NULL,NULL,NULL,1271.00,0,0,1,0,1,1,NULL,NULL,NULL,NULL,NULL,'--- !ruby/hash:ActiveSupport::HashWithIndifferentAccess\nanschaffungskategorie: AV-Technik\n','2015-11-12 16:51:53','2015-11-12 16:51:53'),(227,'iuxtvmpyphd2pxahj0dh505','acc-9136iu4176',240,132,214,12,NULL,NULL,'2011-12-03',NULL,NULL,NULL,499.00,0,0,1,0,1,1,NULL,NULL,NULL,NULL,NULL,'--- !ruby/hash:ActiveSupport::HashWithIndifferentAccess\nanschaffungskategorie: AV-Technik\n','2015-11-12 02:54:21','2015-11-12 02:54:21'),(228,'hi5z4mygr0uo566upara506','rer-4439ne6717',241,133,215,11,NULL,NULL,'2013-12-16',NULL,NULL,NULL,442.00,0,0,1,0,1,1,NULL,NULL,NULL,NULL,NULL,'--- !ruby/hash:ActiveSupport::HashWithIndifferentAccess\nanschaffungskategorie: AV-Technik\n','2015-11-12 02:54:21','2015-11-12 02:54:21'),(229,'vaozej7k1tm2pc3nramm507','ull-3584co8857',242,134,216,12,NULL,NULL,'2013-01-26',NULL,NULL,NULL,242.00,0,0,1,0,1,1,NULL,NULL,NULL,NULL,NULL,'--- !ruby/hash:ActiveSupport::HashWithIndifferentAccess\nanschaffungskategorie: AV-Technik\n','2015-11-12 02:54:21','2015-11-12 02:54:21'),(230,'ti44j1h0e1g82x169mme508','eaq-1958se9708',243,135,217,12,NULL,NULL,'2011-09-08',NULL,NULL,NULL,982.00,0,0,1,0,1,1,NULL,NULL,NULL,NULL,NULL,'--- !ruby/hash:ActiveSupport::HashWithIndifferentAccess\nanschaffungskategorie: AV-Technik\n','2015-11-08 06:12:27','2015-11-08 06:12:27'),(231,'9g6rfvu9cszrv8uzlisa509','del-8305fu4340',244,136,218,6,NULL,NULL,'2012-10-23',NULL,NULL,NULL,1041.00,0,0,1,0,1,1,NULL,NULL,NULL,NULL,NULL,'--- !ruby/hash:ActiveSupport::HashWithIndifferentAccess\nanschaffungskategorie: AV-Technik\n','2015-11-08 06:12:27','2015-11-08 06:12:27'),(232,'m4rfsjvh0k6cm6j0rn2o510','rep-6763ve8932',245,137,219,3,NULL,NULL,'2013-09-05',NULL,NULL,NULL,712.00,0,0,1,0,1,1,NULL,NULL,NULL,NULL,NULL,'--- !ruby/hash:ActiveSupport::HashWithIndifferentAccess\nanschaffungskategorie: AV-Technik\n','2015-11-08 06:12:27','2015-11-08 06:12:27'),(233,'o12pot33vdah1qu513it511','qui-8894si10570',246,138,220,9,NULL,NULL,'2011-01-31',NULL,NULL,NULL,1368.00,0,0,1,0,1,1,NULL,NULL,NULL,NULL,NULL,'--- !ruby/hash:ActiveSupport::HashWithIndifferentAccess\nanschaffungskategorie: AV-Technik\n','2015-11-08 06:12:27','2015-11-08 06:12:27'),(234,'sszxih63xda1834zlk9m512','qui-6586es1012',246,139,221,3,NULL,NULL,'2013-03-16',NULL,NULL,NULL,1053.00,0,0,1,0,1,1,NULL,NULL,NULL,NULL,NULL,'--- !ruby/hash:ActiveSupport::HashWithIndifferentAccess\nanschaffungskategorie: AV-Technik\n','2015-11-08 06:12:27','2015-11-08 06:12:27'),(235,'joyc28a9n16vpmi1c2w4513','num-10442mi7041',246,140,222,13,NULL,NULL,'2013-12-17',NULL,NULL,NULL,329.00,0,0,1,0,1,1,NULL,NULL,NULL,NULL,NULL,'--- !ruby/hash:ActiveSupport::HashWithIndifferentAccess\nanschaffungskategorie: AV-Technik\n','2015-11-08 06:12:27','2015-11-08 06:12:27'),(236,'34qm3e24bkxqcx9n1lo1514','est-9259fu2878',250,141,223,9,NULL,NULL,'2010-04-14',NULL,NULL,NULL,997.00,0,0,1,0,1,1,NULL,NULL,NULL,NULL,NULL,'--- !ruby/hash:ActiveSupport::HashWithIndifferentAccess\nanschaffungskategorie: AV-Technik\n','2015-11-14 02:07:45','2015-11-14 02:07:45'),(237,'iwjenbp5jpve1zlcf4gu515','adi-9742un6520',251,142,224,10,NULL,NULL,'2011-02-05',NULL,NULL,NULL,1413.00,0,0,1,0,1,1,NULL,NULL,NULL,NULL,NULL,'--- !ruby/hash:ActiveSupport::HashWithIndifferentAccess\nanschaffungskategorie: AV-Technik\n','2015-11-14 02:07:45','2015-11-14 02:07:45'),(238,'ncxidy81xh2iq6emv49m516','vol-2404re4671',252,143,225,3,NULL,NULL,'2012-04-01',NULL,NULL,NULL,1225.00,0,0,1,0,1,1,NULL,NULL,NULL,NULL,NULL,'--- !ruby/hash:ActiveSupport::HashWithIndifferentAccess\nanschaffungskategorie: AV-Technik\n','2015-11-14 02:07:45','2015-11-14 02:07:45'),(239,'p9k1mmk2tqxbht5ydt5w517','ape-8885no1832',253,144,226,1,NULL,NULL,'2013-09-01',NULL,NULL,NULL,164.00,0,0,1,0,1,1,NULL,NULL,NULL,NULL,NULL,'--- !ruby/hash:ActiveSupport::HashWithIndifferentAccess\nanschaffungskategorie: AV-Technik\n','2015-11-14 02:07:45','2015-11-14 02:07:45'),(240,'4ovbw8xxvq3yrx5jw5h8518','est-5421nu10336',253,145,227,4,NULL,NULL,'2013-01-20',NULL,NULL,NULL,367.00,0,0,1,0,1,1,NULL,NULL,NULL,NULL,NULL,'--- !ruby/hash:ActiveSupport::HashWithIndifferentAccess\nanschaffungskategorie: AV-Technik\n','2015-11-14 02:07:45','2015-11-14 02:07:45'),(241,'9bye8bs1ytq78ch18sdi519','eos-8842vi8747',253,146,228,7,NULL,NULL,'2012-04-15',NULL,NULL,NULL,1219.00,0,0,1,0,1,1,NULL,NULL,NULL,NULL,NULL,'--- !ruby/hash:ActiveSupport::HashWithIndifferentAccess\nanschaffungskategorie: AV-Technik\n','2015-11-14 02:07:45','2015-11-14 02:07:45'),(242,'2vf77kehfnru9u1w0mih520','con-7282au10164',257,147,229,6,NULL,NULL,'2014-04-19',NULL,NULL,NULL,146.00,0,0,1,0,1,1,NULL,NULL,NULL,NULL,NULL,'--- !ruby/hash:ActiveSupport::HashWithIndifferentAccess\nanschaffungskategorie: AV-Technik\n','2015-11-14 02:07:45','2015-11-14 02:07:45'),(243,'qn01lczd7si900uz4w1s521','rep-1658vo5704',258,148,230,2,NULL,NULL,'2011-05-05',NULL,NULL,NULL,83.00,0,0,1,0,1,1,NULL,NULL,NULL,NULL,NULL,'--- !ruby/hash:ActiveSupport::HashWithIndifferentAccess\nanschaffungskategorie: AV-Technik\n','2015-11-14 02:07:45','2015-11-14 02:07:45'),(244,'opmck3wlx3cpizytk1z2522','ten-9265qu8200',259,149,231,9,NULL,NULL,'2011-12-19',NULL,NULL,NULL,283.00,0,0,1,0,1,1,NULL,NULL,NULL,NULL,NULL,'--- !ruby/hash:ActiveSupport::HashWithIndifferentAccess\nanschaffungskategorie: AV-Technik\n','2015-11-14 02:07:45','2015-11-14 02:07:45'),(245,'4vrv9c1g12ddcy80pqhy523','atv-6376et1407',260,150,232,11,NULL,NULL,'2013-08-08',NULL,NULL,NULL,288.00,0,0,1,0,1,1,NULL,NULL,NULL,NULL,NULL,'--- !ruby/hash:ActiveSupport::HashWithIndifferentAccess\nanschaffungskategorie: AV-Technik\n','2015-11-14 02:07:45','2015-11-14 02:07:45'),(246,'e00vfwg09kpyit92wduq524','etq-7793co3282',261,151,233,12,NULL,NULL,'2014-09-19',NULL,NULL,NULL,785.00,0,0,1,0,1,1,NULL,NULL,NULL,NULL,NULL,'--- !ruby/hash:ActiveSupport::HashWithIndifferentAccess\nanschaffungskategorie: AV-Technik\n','2015-11-14 02:07:45','2015-11-14 02:07:45'),(247,'2pnjed4cfjgdmgnnenke525','ver-10107qu4402',262,152,234,1,NULL,NULL,'2014-04-01',NULL,NULL,NULL,153.00,0,0,1,0,1,1,NULL,NULL,NULL,NULL,NULL,'--- !ruby/hash:ActiveSupport::HashWithIndifferentAccess\nanschaffungskategorie: AV-Technik\n','2015-11-14 02:07:45','2015-11-14 02:07:45'),(248,'kxqch5k1y1szccwjusgy526','ver-4561od3672',263,153,235,9,NULL,NULL,'2011-02-10',NULL,NULL,NULL,1066.00,0,0,1,0,1,1,NULL,NULL,NULL,NULL,NULL,'--- !ruby/hash:ActiveSupport::HashWithIndifferentAccess\nanschaffungskategorie: AV-Technik\n','2015-11-14 02:07:45','2015-11-14 02:07:45'),(249,'yf1fmj73dtb56ehjb96i527','qui-5229ar2614',264,154,236,10,NULL,NULL,'2013-06-16',NULL,NULL,NULL,1089.00,0,0,1,0,1,1,NULL,NULL,NULL,NULL,NULL,'--- !ruby/hash:ActiveSupport::HashWithIndifferentAccess\nanschaffungskategorie: AV-Technik\n','2015-11-14 02:07:45','2015-11-14 02:07:45'),(250,'ycljuvu6gjwap6di712p528','rep-8468sa8228',265,155,237,5,NULL,NULL,'2014-12-11',NULL,NULL,NULL,950.00,0,0,1,0,1,1,NULL,NULL,NULL,NULL,NULL,'--- !ruby/hash:ActiveSupport::HashWithIndifferentAccess\nanschaffungskategorie: AV-Technik\n','2015-11-14 02:07:45','2015-11-14 02:07:45'),(251,'o5h4c0z6ndqjz92kumbb529','lau-3774do5816',266,156,238,7,NULL,NULL,'2010-02-13',NULL,NULL,NULL,1054.00,0,0,1,0,1,1,NULL,NULL,NULL,NULL,NULL,'--- !ruby/hash:ActiveSupport::HashWithIndifferentAccess\nanschaffungskategorie: AV-Technik\n','2015-11-14 02:07:45','2015-11-14 02:07:45'),(252,'6ljmtoiec6cpoodjbszf530','duc-1966so2357',267,157,239,6,NULL,NULL,'2011-09-16',NULL,NULL,NULL,1443.00,0,0,1,0,1,1,NULL,NULL,NULL,NULL,NULL,'--- !ruby/hash:ActiveSupport::HashWithIndifferentAccess\nanschaffungskategorie: AV-Technik\n','2015-11-14 02:07:45','2015-11-14 02:07:45');
/*!40000 ALTER TABLE `items` ENABLE KEYS */;
UNLOCK TABLES;

--
-- Table structure for table `languages`
--

DROP TABLE IF EXISTS `languages`;
/*!40101 SET @saved_cs_client     = @@character_set_client */;
/*!40101 SET character_set_client = utf8 */;
CREATE TABLE `languages` (
  `id` int(11) NOT NULL AUTO_INCREMENT,
  `name` varchar(255) COLLATE utf8_unicode_ci DEFAULT NULL,
  `locale_name` varchar(255) COLLATE utf8_unicode_ci DEFAULT NULL,
  `default` tinyint(1) DEFAULT NULL,
  `active` tinyint(1) DEFAULT NULL,
  PRIMARY KEY (`id`),
  UNIQUE KEY `index_languages_on_name` (`name`),
  KEY `index_languages_on_active_and_default` (`active`,`default`)
) ENGINE=InnoDB AUTO_INCREMENT=5 DEFAULT CHARSET=utf8 COLLATE=utf8_unicode_ci;
/*!40101 SET character_set_client = @saved_cs_client */;

--
-- Dumping data for table `languages`
--

LOCK TABLES `languages` WRITE;
/*!40000 ALTER TABLE `languages` DISABLE KEYS */;
INSERT INTO `languages` VALUES (1,'English','en-GB',1,1),(2,'Deutsch','de-CH',0,1),(3,'Castellano','es',0,1),(4,'Zrittsch','gsw-CH',0,1);
/*!40000 ALTER TABLE `languages` ENABLE KEYS */;
UNLOCK TABLES;

--
-- Table structure for table `locations`
--

DROP TABLE IF EXISTS `locations`;
/*!40101 SET @saved_cs_client     = @@character_set_client */;
/*!40101 SET character_set_client = utf8 */;
CREATE TABLE `locations` (
  `id` int(11) NOT NULL AUTO_INCREMENT,
  `room` varchar(255) COLLATE utf8_unicode_ci DEFAULT NULL,
  `shelf` varchar(255) COLLATE utf8_unicode_ci DEFAULT NULL,
  `building_id` int(11) DEFAULT NULL,
  PRIMARY KEY (`id`),
  KEY `index_locations_on_building_id` (`building_id`)
) ENGINE=InnoDB AUTO_INCREMENT=158 DEFAULT CHARSET=utf8 COLLATE=utf8_unicode_ci;
/*!40101 SET character_set_client = @saved_cs_client */;

--
-- Dumping data for table `locations`
--

LOCK TABLES `locations` WRITE;
/*!40000 ALTER TABLE `locations` DISABLE KEYS */;
INSERT INTO `locations` VALUES (1,'Omnisut','magnamomnis',3),(2,'Sitrepellat','quidicta',4),(3,'Omnisblanditiis','fugitratione',5),(4,'Enimfugit','quiminus',6),(5,'Esta','nonvoluptas',7),(6,'Utnihil','omnishic',8),(7,'Utaspernatur','etnumquam',9),(8,'Quosesse','ipsumquasi',10),(9,'Harumet','suntquis',11),(10,'Quaeratreprehenderit','nihilfugit',12),(11,'Etmaxime','fugiatsed',13),(12,'Expeditaitaque','etmaxime',14),(13,'Delectusaut','numquamqui',15),(14,'Ducimustempore','fugaillo',16),(15,'Laudantiumvoluptas','utmaxime',17),(16,'Laborumperspiciatis','rerumneque',18),(17,'Optioaut','estasperiores',19),(18,'Ipsamvoluptatem','optiovoluptate',20),(19,'Quiseius','etnihil',21),(20,'Remfuga','fugiateveniet',22),(21,'Blanditiisfacilis','iureplaceat',23),(22,'Quiexcepturi','rerumeius',24),(23,'Blanditiisest','velitfacere',25),(24,'Faceresit','expeditaquis',26),(25,'Repudiandaeomnis','sintinventore',27),(26,'Utautem','quisquamdelectus',28),(27,'Doloremqueofficia','commodiquisquam',29),(28,'Uteum','sedvoluptatem',30),(29,'Rationea','cupiditatelaboriosam',31),(30,'Dolorevelit','exrepudiandae',32),(31,'Doloresqui','etsimilique',33),(32,'Architectoquis','nonreiciendis',34),(33,'Estnulla','tenetureum',35),(34,'Occaecatiiste','facerererum',36),(35,'Quasexercitationem','quodquas',37),(36,'Oditfugit','autipsam',38),(37,'SQ2','Desk',39),(38,'UG 13','Ausgabe',40),(39,'Estdolor','sapienteut',41),(40,'Doloremfuga','omnisharum',42),(41,'Nihilaliquid','pariaturautem',43),(42,'Quidoloremque','nontotam',44),(43,'Etharum','eosdicta',45),(44,'Harumeius','deseruntqui',46),(45,'Accusamusperferendis','quamautem',47),(46,'Sapientecumque','nullased',48),(47,'Suscipitpariatur','nisiimpedit',49),(48,'Quiaat','adquo',50),(49,'Quaerateos','inciduntquidem',51),(50,'Cumet','placeatvoluptatem',52),(51,'Doloressit','eosvel',53),(52,'Iustoea','doloresconsequuntur',54),(53,'Aliasqui','magnamvelit',55),(54,'Voluptasfugiat','quiquia',56),(55,'Temporaalias','nonvoluptates',57),(56,'Velut','fugitsed',58),(57,'Suntquos','distinctiout',59),(58,'Officiasit','sitvitae',60),(59,'Atqueiure','harummaiores',61),(60,'Veritatistempore','minimaad',62),(61,'Quaeillum','similiquequi',63),(62,'Autat','omnisautem',64),(63,'Etexercitationem','doloremqueet',65),(64,'Possimusassumenda','odittemporibus',66),(65,'Doloret','quamperferendis',67),(66,'Dolorumet','itaqueblanditiis',68),(67,'Quisqui','voluptatemoccaecati',69),(68,'Eased','voluptatumnisi',70),(69,'Aliasesse','debitisquia',71),(70,'Pariatureligendi','remcupiditate',72),(71,'Earatione','voluptatemamet',73),(72,'Innesciunt','remeveniet',74),(73,'Exlibero','eaquequi',75),(74,'Aliquamhic','consecteturet',76),(75,'Etvoluptatem','velitquia',77),(76,'Nobisin','porroquia',78),(77,'Enimex','etex',79),(78,'Providentet','etomnis',80),(79,'Distinctiopariatur','autiusto',81),(80,'Atsuscipit','modiquia',82),(81,'Occaecatiet','dolorneque',83),(82,'Solutaex','nihilveritatis',84),(83,'Molestiaebeatae','recusandaeofficiis',85),(84,'Quicumque','dolordeserunt',86),(85,'Dictaeveniet','reiciendisesse',87),(86,'Aperiamofficia','eligendiconsequuntur',88),(87,'Quamquia','uttotam',89),(88,'Errorconsequatur','numquamvoluptas',90),(89,'Adipiscimagnam','sitet',91),(90,'Inciduntipsum','nobisearum',92),(91,'Etaut','eumqui',93),(92,'Isterepudiandae','sedeaque',94),(93,'Omnisquo','aliquidipsa',95),(94,'Quasiab','pariaturquia',96),(95,'Dolortemporibus','quiaipsam',97),(96,'Dolorumoccaecati','cumqueanimi',98),(97,'Sapientedeserunt','estdoloremque',99),(98,'Sequirerum','eumaliquam',100),(99,'Harumet','vitaevoluptas',101),(100,'Atcorrupti','perferendisnihil',102),(101,'Doloraccusantium','eapraesentium',103),(102,'Quisquamreiciendis','nonvoluptas',104),(103,'Enimquod','quaeratut',105),(104,'Veronon','harumconsequatur',106),(105,'Nihilconsequatur','debitissunt',107),(106,'Quisquamdolores','eumex',108),(107,'Eiusenim','nullaquo',109),(108,'Illonostrum','aspernaturet',110),(109,'Aliquidea','remquas',111),(110,'Autquo','eumillo',112),(111,'Velquia','eacum',113),(112,'Nonnobis','quiporro',114),(113,'Sedet','natuserror',115),(114,'Utullam','praesentiumeaque',116),(115,'Utvoluptas','sitharum',117),(116,'Sedest','quamquod',118),(117,'Doloremqui','atquerepellat',119),(118,'Doloremqueeveniet','cumquelaudantium',120),(119,'Idet','laboreiure',121),(120,'Dolortenetur','seda',122),(121,'Etrerum','enimrecusandae',123),(122,'Enimsed','accusantiumvoluptatum',124),(123,'Veroillum','isteerror',125),(124,'Utquia','velitvoluptatum',126),(125,'Autid','etatque',127),(126,'Eosmaiores','asperioresatque',128),(127,'Quaeomnis','quodsed',129),(128,'Ipsumnisi','quidicta',130),(129,'Voluptatemnon','rerumassumenda',131),(130,'Voluptatemtempora','abquisquam',132),(131,'Perspiciatisvero','suscipitdebitis',133),(132,'Inet','esteos',134),(133,'Illumincidunt','etcorrupti',135),(134,'Nisimodi','essealiquam',136),(135,'Ipsamporro','etsapiente',137),(136,'Quosvoluptas','quiavitae',138),(137,'Illovoluptatibus','nontenetur',139),(138,'Ipsammagni','etrepudiandae',140),(139,'Temporenulla','quidolor',141),(140,'Etlaboriosam','consequaturqui',142),(141,'Inciduntamet','quoaut',143),(142,'Quasianimi','ipsumperferendis',144),(143,'Quiqui','minusqui',145),(144,'Quiitaque','delectushic',146),(145,'Eosvelit','reprehenderitsint',147),(146,'Pariaturaliquid','exnumquam',148),(147,'Nammolestiae','asperioresqui',149),(148,'Voluptassit','sitvoluptates',150),(149,'Ipsumaut','voluptatesminus',151),(150,'Quosqui','utet',152),(151,'Remquidem','voluptatumaliquam',153),(152,'Delectusaccusantium','cupiditateincidunt',154),(153,'Cupiditatesoluta','etrem',155),(154,'Aliquamet','estharum',156),(155,'Nesciuntdolorem','sedporro',157),(156,'Etassumenda','natusvelit',158),(157,'Laborealias','maximeea',159);
/*!40000 ALTER TABLE `locations` ENABLE KEYS */;
UNLOCK TABLES;

--
-- Table structure for table `model_group_links`
--

DROP TABLE IF EXISTS `model_group_links`;
/*!40101 SET @saved_cs_client     = @@character_set_client */;
/*!40101 SET character_set_client = utf8 */;
CREATE TABLE `model_group_links` (
  `id` int(11) NOT NULL AUTO_INCREMENT,
  `ancestor_id` int(11) DEFAULT NULL,
  `descendant_id` int(11) DEFAULT NULL,
  `direct` tinyint(1) DEFAULT NULL,
  `count` int(11) DEFAULT NULL,
  `label` varchar(255) COLLATE utf8_unicode_ci DEFAULT NULL,
  PRIMARY KEY (`id`),
  KEY `index_model_group_links_on_ancestor_id` (`ancestor_id`),
  KEY `index_model_group_links_on_direct` (`direct`),
  KEY `index_on_descendant_id_and_ancestor_id_and_direct` (`descendant_id`,`ancestor_id`,`direct`)
) ENGINE=InnoDB AUTO_INCREMENT=9 DEFAULT CHARSET=utf8 COLLATE=utf8_unicode_ci;
/*!40101 SET character_set_client = @saved_cs_client */;

--
-- Dumping data for table `model_group_links`
--

LOCK TABLES `model_group_links` WRITE;
/*!40000 ALTER TABLE `model_group_links` DISABLE KEYS */;
INSERT INTO `model_group_links` VALUES (1,2,10,1,1,NULL),(2,2,8,1,1,NULL),(3,5,10,1,1,NULL),(4,5,9,1,1,NULL),(5,1,9,1,1,NULL),(6,1,11,0,1,NULL),(7,5,11,0,1,NULL),(8,9,11,1,1,NULL);
/*!40000 ALTER TABLE `model_group_links` ENABLE KEYS */;
UNLOCK TABLES;

--
-- Table structure for table `model_groups`
--

DROP TABLE IF EXISTS `model_groups`;
/*!40101 SET @saved_cs_client     = @@character_set_client */;
/*!40101 SET character_set_client = utf8 */;
CREATE TABLE `model_groups` (
  `id` int(11) NOT NULL AUTO_INCREMENT,
  `type` varchar(255) COLLATE utf8_unicode_ci DEFAULT NULL,
  `name` varchar(255) COLLATE utf8_unicode_ci DEFAULT NULL,
  `created_at` datetime DEFAULT NULL,
  `updated_at` datetime DEFAULT NULL,
  PRIMARY KEY (`id`),
  KEY `index_model_groups_on_type` (`type`)
) ENGINE=InnoDB AUTO_INCREMENT=15 DEFAULT CHARSET=utf8 COLLATE=utf8_unicode_ci;
/*!40101 SET character_set_client = @saved_cs_client */;

--
-- Dumping data for table `model_groups`
--

LOCK TABLES `model_groups` WRITE;
/*!40000 ALTER TABLE `model_groups` DISABLE KEYS */;
INSERT INTO `model_groups` VALUES (1,'Category','Beamer','2015-11-14 02:07:45','2015-11-14 02:07:45'),(2,'Category','Kameras','2015-11-14 02:07:45','2015-11-14 02:07:45'),(3,'Category','Stative','2015-11-14 02:07:45','2015-11-14 02:07:45'),(4,'Category','Hifi-Anlagen','2015-11-14 02:07:45','2015-11-14 02:07:45'),(5,'Category','Notebooks','2015-11-14 02:07:45','2015-11-14 02:07:45'),(6,'Category','RC Helikopter','2015-11-14 02:07:45','2015-11-14 02:07:45'),(7,'Category','Computer','2015-11-14 02:07:45','2015-11-14 02:07:45'),(8,'Category','Kurzdistanz','2015-11-14 02:07:45','2015-11-14 02:07:45'),(9,'Category','Portabel','2015-11-14 02:07:45','2015-11-14 02:07:45'),(10,'Category','Standard','2015-11-14 02:07:45','2015-11-14 02:07:45'),(11,'Category','Micro','2015-11-14 02:07:45','2015-11-14 02:07:45'),(12,'Template','Kamera & Stativ','2015-11-14 02:07:45','2015-11-14 02:07:45'),(13,'Template','Beamer & Hifi','2015-11-14 02:07:45','2015-11-14 02:07:45'),(14,'Template','Unaccomplishable template','2015-11-14 02:07:45','2015-11-14 02:07:45');
/*!40000 ALTER TABLE `model_groups` ENABLE KEYS */;
UNLOCK TABLES;

--
-- Table structure for table `model_links`
--

DROP TABLE IF EXISTS `model_links`;
/*!40101 SET @saved_cs_client     = @@character_set_client */;
/*!40101 SET character_set_client = utf8 */;
CREATE TABLE `model_links` (
  `id` int(11) NOT NULL AUTO_INCREMENT,
  `model_group_id` int(11) DEFAULT NULL,
  `model_id` int(11) DEFAULT NULL,
  `quantity` int(11) DEFAULT '1',
  PRIMARY KEY (`id`),
  KEY `index_model_links_on_model_id_and_model_group_id` (`model_id`,`model_group_id`),
  KEY `index_model_links_on_model_group_id_and_model_id` (`model_group_id`,`model_id`)
) ENGINE=InnoDB AUTO_INCREMENT=73 DEFAULT CHARSET=utf8 COLLATE=utf8_unicode_ci;
/*!40101 SET character_set_client = @saved_cs_client */;

--
-- Dumping data for table `model_links`
--

LOCK TABLES `model_links` WRITE;
/*!40000 ALTER TABLE `model_links` DISABLE KEYS */;
INSERT INTO `model_links` VALUES (1,1,50,1),(2,9,50,1),(3,1,51,1),(4,1,52,1),(5,1,54,1),(6,9,54,1),(7,11,55,1),(8,1,56,1),(9,1,57,1),(10,1,58,1),(11,1,59,1),(12,1,60,1),(13,1,61,1),(14,1,62,1),(15,1,63,1),(16,1,64,1),(17,1,65,1),(18,1,66,1),(19,1,67,1),(20,1,68,1),(21,1,69,1),(22,1,70,1),(23,1,71,1),(24,1,72,1),(25,1,73,1),(26,1,74,1),(27,1,75,1),(28,2,76,1),(29,2,77,1),(30,2,78,1),(31,2,79,1),(32,2,80,1),(33,2,81,1),(34,2,82,1),(35,2,83,1),(36,2,84,1),(37,2,85,1),(38,2,86,1),(39,2,87,1),(40,2,88,1),(41,2,89,1),(42,2,90,1),(43,2,91,1),(44,2,92,1),(45,2,93,1),(46,2,94,1),(47,2,95,1),(48,2,96,1),(49,2,97,1),(50,2,98,1),(51,2,99,1),(52,2,100,1),(53,2,101,1),(54,2,102,1),(55,2,103,1),(56,2,104,1),(57,2,105,1),(58,2,106,1),(59,4,107,1),(60,3,108,1),(61,12,76,1),(62,12,108,1),(63,13,50,1),(64,13,107,1),(65,14,76,999),(66,14,108,999),(67,2,137,1),(68,7,138,1),(69,5,139,1),(70,6,140,1),(71,6,141,1),(72,6,142,1);
/*!40000 ALTER TABLE `model_links` ENABLE KEYS */;
UNLOCK TABLES;

--
-- Table structure for table `models`
--

DROP TABLE IF EXISTS `models`;
/*!40101 SET @saved_cs_client     = @@character_set_client */;
/*!40101 SET character_set_client = utf8 */;
CREATE TABLE `models` (
  `id` int(11) NOT NULL AUTO_INCREMENT,
  `type` varchar(255) COLLATE utf8_unicode_ci NOT NULL DEFAULT 'Model',
  `manufacturer` varchar(255) COLLATE utf8_unicode_ci DEFAULT NULL,
  `product` varchar(255) COLLATE utf8_unicode_ci NOT NULL,
  `version` varchar(255) COLLATE utf8_unicode_ci DEFAULT NULL,
  `description` text COLLATE utf8_unicode_ci,
  `internal_description` text COLLATE utf8_unicode_ci,
  `info_url` varchar(255) COLLATE utf8_unicode_ci DEFAULT NULL,
  `rental_price` decimal(8,2) DEFAULT NULL,
  `maintenance_period` int(11) DEFAULT '0',
  `is_package` tinyint(1) DEFAULT '0',
  `technical_detail` text COLLATE utf8_unicode_ci,
  `hand_over_note` text COLLATE utf8_unicode_ci,
  `created_at` datetime DEFAULT NULL,
  `updated_at` datetime DEFAULT NULL,
  PRIMARY KEY (`id`),
  KEY `index_models_on_is_package` (`is_package`),
  KEY `index_models_on_type` (`type`)
) ENGINE=InnoDB AUTO_INCREMENT=268 DEFAULT CHARSET=utf8 COLLATE=utf8_unicode_ci;
/*!40101 SET character_set_client = @saved_cs_client */;

--
-- Dumping data for table `models`
--

LOCK TABLES `models` WRITE;
/*!40000 ALTER TABLE `models` DISABLE KEYS */;
INSERT INTO `models` VALUES (1,'Model','Padberg-Kling','Sleek Steel Shoes','562','Iure consectetur illo quasi provident molestiae.','Doloremque distinctio ipsa mollitia.',NULL,NULL,2,0,'Dolorum itaque culpa vero non consequuntur ab repudiandae.','In impedit exercitationem ipsum cumque.','2015-11-14 02:07:45','2015-11-14 02:07:45'),(2,'Model','Mraz, O\'Kon and Lynch','Small Concrete Hat','563','Dolorum vitae excepturi provident non perspiciatis laboriosam minima nemo.','Est neque sit et blanditiis molestiae.',NULL,NULL,1,0,'Omnis molestias eaque ipsum distinctio impedit delectus neque.','Soluta et voluptate dolores.','2015-11-14 02:07:45','2015-11-14 02:07:45'),(3,'Model','Hartmann, Hintz and Kessler','Rustic Plastic Car','564','Praesentium fugiat omnis commodi saepe vel expedita.','Earum vel et quod.',NULL,NULL,3,0,'Ut accusamus et dolorem sit ut recusandae ipsum.','Vitae repellendus voluptatem ea minus consequatur est ut.','2015-11-14 02:07:45','2015-11-14 02:07:45'),(4,'Model','Harris and Sons','Incredible Concrete Hat','565','Ex unde enim doloremque repellat ratione rerum voluptatibus.','Ab aut recusandae quasi et et explicabo eos temporibus.',NULL,NULL,0,0,'Fugiat eaque praesentium voluptates consequatur occaecati non repudiandae et.','Blanditiis rerum consequatur adipisci debitis qui id nihil et.','2015-11-14 02:07:45','2015-11-14 02:07:45'),(5,'Model','Spinka, Hyatt and Volkman','Small Rubber Hat','566','Deleniti voluptas esse illum.','Tempore dignissimos laudantium voluptatem molestiae non earum.',NULL,NULL,0,0,'Sit et dolore dolor eum fugit quasi eius ducimus.','Voluptas sunt voluptatum esse magnam.','2015-11-14 02:07:45','2015-11-14 02:07:45'),(6,'Model','Bins-Schumm','Sleek Rubber Gloves','567','In optio impedit molestias consequatur laudantium eius magni.','Quis inventore iure non distinctio dolorem dolor asperiores rem.',NULL,NULL,3,0,'Neque nemo similique numquam quis ut et voluptatem quibusdam.','Voluptates aliquid vitae occaecati ex voluptatum et.','2015-11-14 02:07:45','2015-11-14 02:07:45'),(7,'Model','Jakubowski, Predovic and Rosenbaum','Ergonomic Plastic Shoes','568','Et minus animi laborum praesentium.','Placeat ea necessitatibus quia.',NULL,NULL,1,0,'Exercitationem omnis molestias sunt tenetur qui fugit optio consequuntur.','Doloribus sit eos quo sed ab facere enim.','2015-11-14 02:07:45','2015-11-14 02:07:45'),(8,'Model','Anderson-Fay','Sleek Granite Table','569','Beatae modi suscipit qui cum facilis excepturi.','Sed amet quo adipisci soluta omnis.',NULL,NULL,3,0,'Et accusamus eos qui aut recusandae sunt.','Tempora vero quas eos aperiam eaque et corrupti et.','2015-11-14 02:07:45','2015-11-14 02:07:45'),(9,'Model','Raynor-Kling','Fantastic Granite Table','570','Magni error iure minus qui cum sunt distinctio.','Voluptate rerum nesciunt velit inventore.',NULL,NULL,2,0,'Tempore totam ab et.','Iusto porro quisquam hic consequatur esse aliquam saepe odio.','2015-11-14 02:07:45','2015-11-14 02:07:45'),(10,'Model','Hegmann-Mueller','Incredible Steel Shoes','571','Soluta nihil labore sit rerum consectetur facere velit.','Omnis sit voluptatem ipsam.',NULL,NULL,1,0,'Et sunt temporibus impedit consequatur.','Quae corrupti consequatur ut commodi minus maiores amet dolores.','2015-11-14 02:07:45','2015-11-14 02:07:45'),(11,'Model','Kerluke-Cassin','Sleek Plastic Hat','572','Mollitia nihil eaque quam qui aliquid sunt.','Assumenda saepe molestiae repellat distinctio.',NULL,NULL,1,0,'Vero architecto quod molestiae.','Temporibus tempore neque vero.','2015-11-14 02:07:45','2015-11-14 02:07:45'),(12,'Model','Satterfield, Wilderman and Skiles','Incredible Steel Computer','573','Labore id quod veritatis aut quisquam.','Perspiciatis ut libero sit.',NULL,NULL,1,0,'In veniam sed eveniet ex sit aut sed necessitatibus.','Aut beatae nobis quis laborum repellat doloremque eos eum.','2015-11-14 02:07:45','2015-11-14 02:07:45'),(13,'Model','Rippin-Ziemann','Practical Steel Shoes','574','Sapiente officiis et esse minima recusandae.','Eaque autem tempora omnis.',NULL,NULL,2,0,'Doloremque repellat recusandae dignissimos autem provident adipisci.','Perspiciatis est aut a laborum.','2015-11-14 02:07:45','2015-11-14 02:07:45'),(14,'Model','Gerhold-Jacobi','Rustic Wooden Table','575','Velit ut rem quis vel accusantium eum.','Totam in aliquid eos qui et dignissimos.',NULL,NULL,0,0,'Dolorem natus atque rem quod saepe sequi nihil provident.','Ducimus et est culpa provident accusamus officia.','2015-11-14 02:07:45','2015-11-14 02:07:45'),(15,'Model','Haley-Howell','Small Plastic Computer','576','Non atque delectus distinctio id ipsam ea mollitia.','Non et saepe officia aliquid.',NULL,NULL,0,0,'Enim at enim cum similique.','Et maiores aliquam provident.','2015-11-14 02:07:45','2015-11-14 02:07:45'),(16,'Model','Blanda, Block and Volkman','Practical Plastic Table','577','Amet facilis tempora aut quia cum sed molestias.','Impedit doloremque aut est sed ab est.',NULL,NULL,0,0,'Officiis eius quia itaque in.','Maiores cumque amet ad modi perferendis.','2015-11-14 02:07:45','2015-11-14 02:07:45'),(17,'Model','Kirlin Inc','Incredible Granite Hat','578','Ipsum maiores voluptates iure et non.','Aspernatur magnam aliquid dolores et at et qui consequuntur.',NULL,NULL,2,0,'Aut id cupiditate repellendus delectus ab omnis.','Eum et sunt molestias.','2015-11-14 02:07:45','2015-11-14 02:07:45'),(18,'Model','Huels Group','Rustic Plastic Pants','579','Dignissimos dicta provident aut praesentium nobis.','Id molestias est sint dignissimos expedita iusto ut et.',NULL,NULL,2,0,'Voluptates tempora laboriosam voluptatem nihil occaecati quam fuga ut.','Et vel vero omnis nesciunt et animi libero.','2015-11-14 02:07:45','2015-11-14 02:07:45'),(19,'Model','Marquardt-Cruickshank','Ergonomic Rubber Table','580','Omnis quibusdam placeat vel quia nisi.','Ullam rerum cumque quia adipisci.',NULL,NULL,1,0,'Et consequatur accusantium quae.','Sit corporis aut nemo maxime magni eum aut.','2015-11-14 02:07:45','2015-11-14 02:07:45'),(20,'Model','McLaughlin Group','Intelligent Steel Pants','581','Eum odio et eius delectus.','Natus voluptatem reiciendis non eaque similique.',NULL,NULL,1,0,'Sint dolores velit dicta error.','Assumenda rem quis enim veniam et possimus repellendus.','2015-11-14 02:07:45','2015-11-14 02:07:45'),(21,'Model','Collins-Hintz','Incredible Wooden Hat','582','Tenetur quidem esse amet vel.','Quam ullam omnis necessitatibus.',NULL,NULL,3,0,'Iusto ut pariatur est quis autem non praesentium.','Tenetur dolorem voluptatem officiis.','2015-11-14 02:07:45','2015-11-14 02:07:45'),(22,'Model','Trantow and Sons','Fantastic Plastic Pants','583','Sed voluptatum omnis quia.','Voluptatem non natus aut.',NULL,NULL,3,0,'Aut earum et sint quod ducimus quisquam vel.','Totam sunt accusantium officia fuga in.','2015-11-14 02:07:45','2015-11-14 02:07:45'),(23,'Model','Orn-Gleichner','Sleek Wooden Chair','584','Est accusamus distinctio cumque magni earum natus vero laborum.','Ipsa beatae molestias sequi molestiae consequatur.',NULL,NULL,1,0,'Et temporibus quos porro esse.','Et quam assumenda facilis.','2015-11-14 02:07:45','2015-11-14 02:07:45'),(24,'Model','Feeney, Lueilwitz and Sipes','Intelligent Wooden Gloves','585','Eos blanditiis voluptas sed ut ipsum est expedita.','Eaque aut exercitationem temporibus illo odio incidunt suscipit ratione.',NULL,NULL,2,0,'Ut qui quae in impedit ut.','Eaque numquam nulla magnam rerum iure placeat quia doloremque.','2015-11-14 02:07:45','2015-11-14 02:07:45'),(25,'Model','Hickle, Hermann and Barrows','Awesome Granite Pants','586','Beatae voluptatem iure dolore eius.','Omnis perferendis repudiandae et est officia eius.',NULL,NULL,1,0,'Asperiores quasi assumenda et occaecati perspiciatis.','Ipsam iusto culpa quia.','2015-11-14 02:07:45','2015-11-14 02:07:45'),(26,'Model','Hickle, Dach and Johnson','Gorgeous Plastic Shirt','587','Repudiandae id porro dignissimos neque commodi.','Nihil vitae occaecati vel expedita consectetur.',NULL,NULL,0,0,'Consectetur similique odit sed consequuntur et itaque sit magni.','Voluptatem ullam architecto est.','2015-11-14 02:07:45','2015-11-14 02:07:45'),(27,'Model','Gorczany, Altenwerth and McClure','Awesome Wooden Shoes','588','Voluptas assumenda quis et qui vitae repellendus est.','Illum et inventore est fugit voluptas atque perspiciatis.',NULL,NULL,3,0,'Nostrum quo non consequatur.','Dolores ea quia vero ipsa repudiandae.','2015-11-14 02:07:45','2015-11-14 02:07:45'),(28,'Model','Jerde, Langworth and Hansen','Small Granite Table','589','Aut officiis voluptatum id quaerat.','Voluptas non rem sit.',NULL,NULL,0,0,'Dolorem maiores quia blanditiis quam nemo nobis.','Iste ducimus sit ut quaerat odit officiis.','2015-11-14 02:07:45','2015-11-14 02:07:45'),(29,'Model','Schuppe Inc','Small Wooden Shirt','590','Quibusdam quia doloribus fugiat eum.','Debitis ut earum molestiae et nihil voluptatem hic.',NULL,NULL,0,0,'Nemo harum non incidunt saepe necessitatibus quo sequi.','Neque et veniam cum qui at.','2015-11-14 02:07:45','2015-11-14 02:07:45'),(30,'Model','Adams LLC','Sleek Steel Car','591','Accusamus adipisci eaque molestiae minus.','Dolores qui eos et cumque qui officia magnam.',NULL,NULL,1,0,'Facilis voluptatem accusamus labore.','Officiis vitae quisquam velit.','2015-11-14 02:07:45','2015-11-14 02:07:45'),(31,'Model','Yost-Lehner','Gorgeous Wooden Table','592','Autem qui non impedit dolores natus qui.','Voluptas et veritatis et aut labore quas dolorem.',NULL,NULL,1,0,'Eligendi illum aut ut dolorum quia voluptatem.','Veniam rerum laboriosam maiores quo.','2015-11-14 02:07:45','2015-11-14 02:07:45'),(32,'Model','Dibbert, Hauck and Rice','Small Wooden Gloves','593','Perferendis laboriosam quia itaque est id rerum nemo.','Sapiente molestiae et qui sunt sint.',NULL,NULL,2,0,'Quae voluptatibus voluptate accusantium totam aut.','Quasi quos necessitatibus non praesentium voluptatem nihil rem omnis.','2015-11-14 02:07:45','2015-11-14 02:07:45'),(33,'Model','Steuber-Howe','Sleek Wooden Hat','594','Et repudiandae totam id et unde sit.','Veritatis officia tempore minus.',NULL,NULL,2,0,'Perspiciatis quo odio error veritatis fuga.','Enim officiis delectus esse aut dolor porro est pariatur.','2015-11-14 02:07:45','2015-11-14 02:07:45'),(34,'Model','Little and Sons','Sleek Plastic Computer','595','Quo suscipit rerum non est quaerat.','Molestiae facilis assumenda suscipit ea.',NULL,NULL,2,0,'Ullam velit unde quidem quos.','Molestias quae et sequi sunt nulla dolore dignissimos optio.','2015-11-14 02:07:45','2015-11-14 02:07:45'),(35,'Model','Weimann and Sons','Sleek Cotton Shirt','596','Excepturi quis veniam voluptas.','Aperiam nihil at debitis quis harum.',NULL,NULL,2,0,'Voluptas dolor ea rem architecto corporis modi illo facilis.','Praesentium laborum quia possimus qui sapiente voluptatem.','2015-11-14 02:07:45','2015-11-14 02:07:45'),(36,'Model','Reynolds, Krajcik and Jacobs','Gorgeous Plastic Pants','597','Deleniti officiis quasi id quia quaerat.','Voluptate occaecati eos omnis illum libero aut ea voluptas.',NULL,NULL,3,0,'Officiis eaque soluta qui asperiores nulla ullam.','Sed voluptatem qui qui perferendis eligendi.','2015-11-14 02:07:45','2015-11-14 02:07:45'),(37,'Model','Wintheiser, Marvin and Ritchie','Fantastic Concrete Pants','598','Nostrum quibusdam aut atque.','Nihil ut voluptatem et ad deleniti aut quibusdam.',NULL,NULL,3,0,'Commodi aut repudiandae sit accusantium non perspiciatis iusto.','Ea enim qui sed voluptas facilis delectus cumque et.','2015-11-14 02:07:45','2015-11-14 02:07:45'),(38,'Model','Towne-Von','Rustic Rubber Chair','599','Aperiam impedit ratione alias in possimus iusto tempora et.','Rerum sit autem sed quia.',NULL,NULL,3,0,'Quibusdam blanditiis in distinctio consequatur voluptatem animi exercitationem vel.','Ducimus minima nihil ipsa rerum unde.','2015-11-14 02:07:45','2015-11-14 02:07:45'),(39,'Model','Hilll, Abernathy and Ryan','Gorgeous Plastic Gloves','600','Quis deserunt in et est consequatur non.','Expedita velit aut laborum sint qui quo iure rerum.',NULL,NULL,3,0,'Provident et est sed error sapiente modi.','Aperiam illo quia non non rerum id ea vitae.','2015-11-14 02:07:45','2015-11-14 02:07:45'),(40,'Model','Pagac-Mertz','Intelligent Concrete Chair','601','Tempora voluptate voluptas magni dolore doloremque dolor voluptas nesciunt.','Non temporibus quo qui necessitatibus.',NULL,NULL,3,0,'Inventore et molestiae ut quibusdam.','Perspiciatis maiores accusantium aliquam.','2015-11-14 02:07:45','2015-11-14 02:07:45'),(41,'Model','Koss and Sons','Awesome Cotton Hat','602','Saepe animi eius aspernatur nihil ea consectetur aliquam.','Sed sapiente tempore odio.',NULL,NULL,1,0,'Aut nihil aliquid rerum expedita.','Eum libero voluptatem voluptatum voluptas a illum.','2015-11-14 02:07:45','2015-11-14 02:07:45'),(42,'Model','Bernier-Ortiz','Incredible Concrete Table','603','Inventore sit qui accusamus enim rem aut.','Dolorum molestias amet ad voluptate earum.',NULL,NULL,0,0,'Eligendi et voluptatem repudiandae.','Numquam qui et hic ut quidem.','2015-11-14 02:07:45','2015-11-14 02:07:45'),(43,'Model','O\'Reilly-Sawayn','Fantastic Concrete Shoes','604','Et cumque voluptatem aut.','Deserunt non quos consequatur expedita asperiores ea.',NULL,NULL,2,0,'Aut qui reprehenderit earum ipsum sunt.','Suscipit est ipsa quia provident odio.','2015-11-14 02:07:45','2015-11-14 02:07:45'),(44,'Model','Hagenes Inc','Small Wooden Table','605','Magnam dolorem cum alias rerum accusantium animi consequatur et.','Rerum eum consequatur rerum eos.',NULL,NULL,2,0,'Dolor iusto fuga incidunt.','In rem ipsum sapiente sint deleniti rerum quam perferendis.','2015-11-14 02:07:45','2015-11-14 02:07:45'),(45,'Model','Rempel LLC','Intelligent Plastic Shirt','606','Harum dolores nam sapiente cumque.','Nihil alias perspiciatis molestiae nobis enim.',NULL,NULL,0,0,'Repellendus natus sed id eos blanditiis omnis accusantium eum.','Incidunt sed non sed esse quidem neque sequi.','2015-11-14 02:07:45','2015-11-14 02:07:45'),(46,'Model','Ernser-Pagac','Ergonomic Rubber Hat','607','Aspernatur ducimus consectetur est nihil eum suscipit.','Voluptates et tempora ut tempore.',NULL,NULL,2,0,'Quas et aut quod itaque.','Fugit molestiae esse cumque dolores voluptatem ut adipisci voluptas.','2015-11-14 02:07:45','2015-11-14 02:07:45'),(47,'Model','Dicki and Sons','Sleek Granite Car','608','Sunt impedit tempora eum eos vel voluptas.','Possimus in qui sequi nihil rerum.',NULL,NULL,1,0,'Dolor id omnis non autem voluptate.','Saepe repudiandae quae eos consectetur.','2015-11-14 02:07:45','2015-11-14 02:07:45'),(48,'Model','Cartwright LLC','Sleek Cotton Car','609','Ratione est velit voluptatum enim aut in corrupti.','Necessitatibus tempore ut explicabo omnis modi sit.',NULL,NULL,3,0,'Rem dolorum non et delectus excepturi sed quos consequuntur.','Beatae laudantium explicabo ullam iusto officiis iste.','2015-11-14 02:07:45','2015-11-14 02:07:45'),(49,'Model','Apple','MacBookPro','610','Laptop fr Studis und Angestellte.','Est suscipit voluptatum ut.',NULL,NULL,0,0,'Occaecati et cum qui veniam.','Mit Verpackung aushndigen.','2015-11-14 02:07:45','2015-11-14 02:07:45'),(50,'Model','Sharp','Sharp Beamer','123','Beamer, geeignet fr alle Verwendungszwecke.','Tempora et magni quisquam dolores neque et.',NULL,NULL,0,0,'Recusandae quod voluptas voluptatibus hic velit veniam adipisci.','Beamer brauch ein VGA Kabel!','2015-11-14 02:07:45','2015-11-14 02:07:45'),(51,'Model','Sharp','Sharp Beamer 2D','611','Beamer, geeignet fr alle Verwendungszwecke.','Libero dolorem et iste est.',NULL,NULL,0,0,'Accusantium perspiciatis voluptates occaecati.','Voluptatum et amet doloremque molestias suscipit velit corrupti.','2015-11-14 02:07:45','2015-11-14 02:07:45'),(52,'Model','Panasonic','Mini Beamer','612','Beamer, geeignet fr alle Verwendungszwecke.','Illo nobis expedita et et laudantium.',NULL,NULL,0,0,'Suscipit velit necessitatibus nulla.','Perspiciatis et quo necessitatibus dolorum occaecati fugiat dolor.','2015-11-14 02:07:45','2015-11-14 02:07:45'),(53,'Model','Sharp','Sharp Beamer','456','Beamer, geeignet fr alle Verwendungszwecke.','Veniam qui quia voluptas.',NULL,NULL,0,0,'Et ducimus ut in modi sunt numquam.','Beamer brauch ein VGA Kabel!','2015-11-14 02:07:45','2015-11-14 02:07:45'),(54,'Model','Sony','Ultra Compact Beamer','613','Besonders kleiner Beamer.','Recusandae qui sint ipsa.',NULL,NULL,0,0,'Qui soluta quibusdam dolore sapiente rerum.','Beamer brauch ein VGA Kabel!','2015-11-14 02:07:45','2015-11-14 02:07:45'),(55,'Model','Micro','Micro Beamer','614','Besonders mikro kleiner Beamer.','Vero natus quis sed praesentium quia harum doloribus soluta.',NULL,NULL,0,0,'Est ducimus ut iusto ea odio iure enim.','Beamer brauch ein VGA Kabel!','2015-11-14 02:07:45','2015-11-14 02:07:45'),(56,'Model','Sony','Beamer 1 numquam','615','Perspiciatis officia aut repellat iure aut dolorem iusto.','Voluptatem numquam corporis dolores eaque.',NULL,NULL,0,0,'Nemo est perspiciatis sit sed sed odit fuga eius.','Beamer brauch ein VGA Kabel!','2015-11-14 02:07:45','2015-11-14 02:07:45'),(57,'Model','Sony','Beamer 2 quasi','616','Voluptas voluptatem sint in modi ratione ipsum itaque possimus.','Occaecati dolores aut error similique saepe voluptatem consequatur est.',NULL,NULL,0,0,'Recusandae aut excepturi dolor modi.','Beamer brauch ein VGA Kabel!','2015-11-14 02:07:45','2015-11-14 02:07:45'),(58,'Model','Sony','Beamer 3 a','617','Corrupti ut ea occaecati velit.','Voluptas ut in autem iusto soluta explicabo esse sint.',NULL,NULL,0,0,'Tempore temporibus ea perspiciatis quia qui ducimus minus soluta.','Beamer brauch ein VGA Kabel!','2015-11-14 02:07:45','2015-11-14 02:07:45'),(59,'Model','Sony','Beamer 4 vitae','618','Iusto harum porro laborum possimus minus nihil.','Dignissimos consequatur fuga nulla rerum mollitia veritatis.',NULL,NULL,0,0,'Odit vel quisquam cum velit facilis et tempore aliquid.','Beamer brauch ein VGA Kabel!','2015-11-14 02:07:45','2015-11-14 02:07:45'),(60,'Model','Sony','Beamer 5 nostrum','619','Neque quasi dolorem quos voluptatibus ut.','Sapiente omnis facilis et at aut.',NULL,NULL,0,0,'Deleniti itaque consequatur sit repellat magni modi a voluptatem.','Beamer brauch ein VGA Kabel!','2015-11-14 02:07:45','2015-11-14 02:07:45'),(61,'Model','Sony','Beamer 6 occaecati','620','Beatae cupiditate fuga esse consequuntur ut eum et.','Sint illo quos quas nam quae est velit voluptas.',NULL,NULL,0,0,'Et rerum quos recusandae eum at beatae id.','Beamer brauch ein VGA Kabel!','2015-11-14 02:07:45','2015-11-14 02:07:45'),(62,'Model','Sony','Beamer 7 vel','621','Iure quod doloremque voluptatibus est vel est.','Quos iure qui neque cupiditate perferendis harum.',NULL,NULL,0,0,'Architecto in dolores commodi nam.','Beamer brauch ein VGA Kabel!','2015-11-14 02:07:45','2015-11-14 02:07:45'),(63,'Model','Sony','Beamer 8 ex','622','Laudantium quod reprehenderit deserunt aliquid ab illo voluptas.','Voluptate et nemo ab ut aliquam voluptas vero perspiciatis.',NULL,NULL,0,0,'Dignissimos a placeat non ratione dolorem hic quam ullam.','Beamer brauch ein VGA Kabel!','2015-11-14 02:07:45','2015-11-14 02:07:45'),(64,'Model','Sony','Beamer 9 eligendi','623','Distinctio qui earum dolorem autem nemo.','Et est labore aut occaecati enim quasi repellat voluptatibus.',NULL,NULL,0,0,'Animi architecto non qui.','Beamer brauch ein VGA Kabel!','2015-11-14 02:07:45','2015-11-14 02:07:45'),(65,'Model','Sony','Beamer 10 quam','624','Qui laborum quia quas deleniti porro neque.','Tenetur magnam amet ut omnis rerum nihil harum minus.',NULL,NULL,0,0,'Perspiciatis eius quos et quas.','Beamer brauch ein VGA Kabel!','2015-11-14 02:07:45','2015-11-14 02:07:45'),(66,'Model','Sony','Beamer 11 quia','625','Commodi tenetur facilis doloribus sed adipisci.','Voluptate quae eveniet molestiae labore officia sit totam.',NULL,NULL,0,0,'Earum error sunt molestiae impedit et explicabo.','Beamer brauch ein VGA Kabel!','2015-11-14 02:07:45','2015-11-14 02:07:45'),(67,'Model','Sony','Beamer 12 ut','626','Ipsum consequuntur sit maxime aliquam non aspernatur placeat sit.','Quas cumque repudiandae et dolorem velit qui qui.',NULL,NULL,0,0,'Accusantium minima est quaerat quasi provident modi neque.','Beamer brauch ein VGA Kabel!','2015-11-14 02:07:45','2015-11-14 02:07:45'),(68,'Model','Sony','Beamer 13 est','627','Placeat quas voluptatem accusamus laborum sequi est.','Maiores ut facilis rem.',NULL,NULL,0,0,'Possimus quia est ut nihil perferendis quasi et rerum.','Beamer brauch ein VGA Kabel!','2015-11-14 02:07:45','2015-11-14 02:07:45'),(69,'Model','Sony','Beamer 14 a','628','Nemo est consequatur eaque quo pariatur.','Ad maxime exercitationem necessitatibus quos.',NULL,NULL,0,0,'Dicta perspiciatis ullam et soluta.','Beamer brauch ein VGA Kabel!','2015-11-14 02:07:45','2015-11-14 02:07:45'),(70,'Model','Sony','Beamer 15 natus','629','Est ab qui cupiditate.','Facilis quia eligendi laboriosam voluptatibus atque a quam.',NULL,NULL,0,0,'Commodi sequi rerum omnis et.','Beamer brauch ein VGA Kabel!','2015-11-14 02:07:45','2015-11-14 02:07:45'),(71,'Model','Sony','Beamer 16 quaerat','630','Consequatur autem molestiae saepe explicabo dolores similique sit nesciunt.','Placeat dolorum similique illum.',NULL,NULL,0,0,'Dolores soluta eveniet facilis doloribus animi suscipit maxime.','Beamer brauch ein VGA Kabel!','2015-11-14 02:07:45','2015-11-14 02:07:45'),(72,'Model','Sony','Beamer 17 quia','631','Possimus perspiciatis quos itaque.','Voluptatem in explicabo recusandae voluptatem quod officiis eius.',NULL,NULL,0,0,'Id quas commodi ex qui sint.','Beamer brauch ein VGA Kabel!','2015-11-14 02:07:45','2015-11-14 02:07:45'),(73,'Model','Sony','Beamer 18 quis','632','Blanditiis aliquid ut minus.','Reiciendis ut aut dolor eveniet.',NULL,NULL,0,0,'Quo et ad fugiat delectus dolores est rerum voluptatem.','Beamer brauch ein VGA Kabel!','2015-11-14 02:07:45','2015-11-14 02:07:45'),(74,'Model','Sony','Beamer 19 voluptatem','633','Omnis atque fuga et excepturi voluptas quia.','Neque voluptate repudiandae voluptatem eius.',NULL,NULL,0,0,'Quisquam laboriosam doloremque dolorem occaecati molestiae minima deleniti.','Beamer brauch ein VGA Kabel!','2015-11-14 02:07:45','2015-11-14 02:07:45'),(75,'Model','Sony','Beamer 20 in','634','Numquam ut accusamus delectus expedita aperiam.','Hic ullam quasi animi qui sit officiis eligendi amet.',NULL,NULL,0,0,'Culpa consequatur ut nihil possimus.','Beamer brauch ein VGA Kabel!','2015-11-14 02:07:45','2015-11-14 02:07:45'),(76,'Model','Nikon','Kamera Nikon','X12','Super Kamera.','Doloremque rerum quae nostrum veniam aspernatur voluptas.',NULL,NULL,0,0,'Neque dolores cumque ratione qui et a totam.','Kamera brauch Akkus!','2015-11-14 02:07:45','2015-11-14 02:07:45'),(77,'Model','Nikon','Camera 1 qui','635','Voluptatem ex quisquam eos illo consequatur temporibus sed.','Libero mollitia architecto ab ut dolorem.',NULL,NULL,0,0,'Nulla voluptas non tempora quia voluptates.','Rerum delectus impedit fugit.','2015-11-14 02:07:45','2015-11-14 02:07:45'),(78,'Model','Nikon','Camera 2 omnis','636','Non labore illum quos.','Repudiandae aut atque id velit iure.',NULL,NULL,0,0,'Et est animi dolore iste occaecati impedit explicabo dolor.','Numquam dicta sint ipsum.','2015-11-14 02:07:45','2015-11-14 02:07:45'),(79,'Model','Nikon','Camera 3 numquam','637','Velit dignissimos molestiae autem est nobis.','Dolorem odit fuga et illo dolor.',NULL,NULL,0,0,'Reprehenderit cum consequatur a.','Quo illo numquam similique rerum.','2015-11-14 02:07:45','2015-11-14 02:07:45'),(80,'Model','Nikon','Camera 4 sint','638','Id sed facilis ad voluptate fuga voluptas totam quod.','Et numquam soluta dolores fuga autem magnam eum.',NULL,NULL,0,0,'Nostrum totam eos corporis natus et ea.','Nulla sed reiciendis praesentium non animi voluptatum.','2015-11-14 02:07:45','2015-11-14 02:07:45'),(81,'Model','Nikon','Camera 5 quas','639','Totam distinctio consequatur architecto.','Molestiae qui aut magnam.',NULL,NULL,0,0,'Iure hic est rerum voluptatem.','Voluptas blanditiis dignissimos explicabo similique rem nam repellendus.','2015-11-14 02:07:45','2015-11-14 02:07:45'),(82,'Model','Nikon','Camera 6 totam','640','Omnis et earum aperiam voluptas non sint occaecati architecto.','Delectus molestiae omnis sed assumenda sint eius.',NULL,NULL,0,0,'Expedita est nisi nobis ut laborum dolorem et.','Labore minima nam hic officia libero maiores sunt aut.','2015-11-14 02:07:45','2015-11-14 02:07:45'),(83,'Model','Nikon','Camera 7 numquam','641','Aliquid quos placeat beatae incidunt est ratione.','Sequi quia at facilis totam ipsum quo.',NULL,NULL,0,0,'Hic quis dolore voluptatem aliquid qui impedit quas.','Nemo quisquam repudiandae sed voluptates perspiciatis qui assumenda.','2015-11-14 02:07:45','2015-11-14 02:07:45'),(84,'Model','Nikon','Camera 8 non','642','Rerum harum maiores quia dolore ut omnis laborum aspernatur.','Enim natus sit recusandae consequatur.',NULL,NULL,0,0,'Qui rerum velit aut eos numquam voluptas dolores consectetur.','Quo odio nemo veritatis alias voluptate asperiores eos.','2015-11-14 02:07:45','2015-11-14 02:07:45'),(85,'Model','Nikon','Camera 9 minus','643','Ut et laudantium officiis eligendi iusto facere optio.','Minus necessitatibus aut in sed aut asperiores quia est.',NULL,NULL,0,0,'Sequi quia adipisci nulla ut praesentium tempore dolor.','Molestias nobis rerum modi odit id autem.','2015-11-14 02:07:45','2015-11-14 02:07:45'),(86,'Model','Nikon','Camera 10 vel','644','Rerum voluptatibus possimus ad reprehenderit soluta praesentium amet voluptatem.','Nihil eveniet quo voluptatem autem.',NULL,NULL,0,0,'Veritatis doloribus quos in.','Dolorum nemo sit repellat.','2015-11-14 02:07:45','2015-11-14 02:07:45'),(87,'Model','Nikon','Camera 11 magnam','645','Ea voluptatibus a culpa voluptates provident molestiae non dolores.','Ex dolorem assumenda ut.',NULL,NULL,0,0,'Exercitationem quae veritatis dolor ipsum maxime.','Sit quia sed accusantium enim ea et sit.','2015-11-14 02:07:45','2015-11-14 02:07:45'),(88,'Model','Nikon','Camera 12 quasi','646','Neque eveniet quae est ex eum dolore non.','Ipsa sequi quae et.',NULL,NULL,0,0,'Numquam ab suscipit amet ex.','Iusto provident recusandae eligendi laboriosam quia modi.','2015-11-14 02:07:45','2015-11-14 02:07:45'),(89,'Model','Nikon','Camera 13 quia','647','Illum occaecati corporis nihil adipisci veniam delectus quo.','Ut eum consequatur sed.',NULL,NULL,0,0,'Ut culpa officiis consectetur deleniti ea eaque omnis.','Praesentium magnam possimus ratione et et mollitia non quo.','2015-11-14 02:07:45','2015-11-14 02:07:45'),(90,'Model','Nikon','Camera 14 est','648','Quo quos quia itaque ad autem placeat doloremque.','Perferendis expedita rem sit ut officia.',NULL,NULL,0,0,'Nam ad maiores delectus facilis optio pariatur.','Nihil officia impedit ut repellat.','2015-11-14 02:07:45','2015-11-14 02:07:45'),(91,'Model','Nikon','Camera 15 dicta','649','Eveniet dicta qui facilis.','Sed sint in architecto quos facere quo nihil.',NULL,NULL,0,0,'Ab ipsam et nisi delectus sed modi.','Quod exercitationem maxime aut ex animi qui quae aut.','2015-11-14 02:07:45','2015-11-14 02:07:45'),(92,'Model','Nikon','Camera 16 quam','650','Qui dolorem nobis saepe sapiente earum laborum explicabo.','Laborum voluptatum dignissimos dicta repellat est aliquam.',NULL,NULL,0,0,'Dolorum ex repellendus aut voluptatem labore iste odio architecto.','Itaque explicabo incidunt cupiditate eos.','2015-11-14 02:07:45','2015-11-14 02:07:45'),(93,'Model','Nikon','Camera 17 rerum','651','Sit voluptatum quisquam assumenda laudantium excepturi.','Quibusdam consequatur iste deserunt atque rerum sint repellendus reiciendis.',NULL,NULL,0,0,'Sunt dolor et nemo provident repellendus.','Aut et atque qui.','2015-11-14 02:07:45','2015-11-14 02:07:45'),(94,'Model','Nikon','Camera 18 placeat','652','Tenetur eaque expedita nam unde dolores.','Sit id vel error et eaque autem facilis consequatur.',NULL,NULL,0,0,'Repellendus rerum dolorem nisi.','Magni voluptates qui nemo.','2015-11-14 02:07:45','2015-11-14 02:07:45'),(95,'Model','Nikon','Camera 19 qui','653','Quaerat et et vitae nihil sed perspiciatis dolores autem.','Error nam omnis quibusdam voluptatem rem dolores eaque harum.',NULL,NULL,0,0,'Eligendi modi sed quia possimus qui maiores itaque eum.','Dolor quo consequatur dolores sunt voluptatibus.','2015-11-14 02:07:45','2015-11-14 02:07:45'),(96,'Model','Nikon','Camera 20 atque','654','Iusto harum nihil et dolores similique.','Velit saepe rem cumque et aut dolorum facilis voluptas.',NULL,NULL,0,0,'Recusandae dolores voluptatem qui iure ipsum sunt voluptas.','Beatae quos non fuga a ea quasi consequatur reiciendis.','2015-11-14 02:07:45','2015-11-14 02:07:45'),(97,'Model','Nikon','Camera 21 expedita','655','Mollitia aut perspiciatis velit eligendi molestias est est.','Officiis quod quibusdam qui voluptas ut et.',NULL,NULL,0,0,'In et incidunt totam modi.','Quia iure atque consequatur sapiente earum vel in provident.','2015-11-14 02:07:45','2015-11-14 02:07:45'),(98,'Model','Nikon','Camera 22 magni','656','Debitis ullam excepturi eaque rerum rerum itaque ut eos.','Quo nulla temporibus tenetur nemo beatae non nam quos.',NULL,NULL,0,0,'Odio dolor quos ex sunt voluptas quaerat voluptates.','Amet quos accusamus deleniti necessitatibus possimus in numquam quasi.','2015-11-14 02:07:45','2015-11-14 02:07:45'),(99,'Model','Nikon','Camera 23 vitae','657','Pariatur dolor rem quibusdam recusandae neque ut eum doloribus.','Quidem necessitatibus beatae harum est numquam sunt eaque.',NULL,NULL,0,0,'Labore tenetur saepe ex ut vel eos.','Nostrum rerum et corrupti repudiandae sit aut temporibus.','2015-11-14 02:07:45','2015-11-14 02:07:45'),(100,'Model','Nikon','Camera 24 tempora','658','Quod et nobis voluptatibus voluptate atque cumque nisi placeat.','Dolore iste ut quis delectus et voluptatum et.',NULL,NULL,0,0,'Quisquam et asperiores ad minus aut.','Saepe nulla autem odit iusto et.','2015-11-14 02:07:45','2015-11-14 02:07:45'),(101,'Model','Nikon','Camera 25 debitis','659','Quia et nobis architecto minus culpa consequuntur accusamus.','Aut eum incidunt iusto delectus.',NULL,NULL,0,0,'Deleniti officiis minima praesentium ea ut.','Accusamus repellendus quia impedit aut autem.','2015-11-14 02:07:45','2015-11-14 02:07:45'),(102,'Model','Nikon','Camera 26 omnis','660','Perferendis corporis aperiam et odio.','Cupiditate eligendi molestias omnis laborum facilis impedit.',NULL,NULL,0,0,'Sed sint hic nisi eum earum dolorem et.','Dolorem perspiciatis dolorem eos vitae.','2015-11-14 02:07:45','2015-11-14 02:07:45'),(103,'Model','Nikon','Camera 27 eos','661','Et autem sed inventore.','Sed deleniti cum ex cumque.',NULL,NULL,0,0,'Rem in provident nisi ex illum quia.','Ipsum ut ut illo sed magni.','2015-11-14 02:07:45','2015-11-14 02:07:45'),(104,'Model','Nikon','Camera 28 doloribus','662','Eaque porro quos ea quo.','Ut nesciunt qui amet accusantium odit.',NULL,NULL,0,0,'Dolore aut a illo.','Neque officiis rem dolores alias aut et provident ipsa.','2015-11-14 02:07:45','2015-11-14 02:07:45'),(105,'Model','Nikon','Camera 29 unde','663','Cupiditate sint aut reiciendis deserunt dolor totam earum quas.','Sed explicabo doloribus corporis voluptatibus.',NULL,NULL,0,0,'Rerum ut in id quia quia laborum eaque voluptatem.','Magni qui provident aut quia rerum odio illum ipsa.','2015-11-14 02:07:45','2015-11-14 02:07:45'),(106,'Model','Nikon','Camera 30 praesentium','664','Recusandae fuga eligendi dolorem assumenda eius.','Ipsum velit illo quam.',NULL,NULL,0,0,'Odio aut modi vitae incidunt.','Autem rerum perferendis quo culpa consectetur et minima atque.','2015-11-14 02:07:45','2015-11-14 02:07:45'),(107,'Model','Sony','Hifi Standard','665','Odio aspernatur veniam error ut hic excepturi nihil.','Repudiandae dolores consequatur omnis voluptatibus a dicta.',NULL,NULL,0,0,'Rem mollitia sint numquam.','Dignissimos id veniam dolor deserunt dolorem velit cum.','2015-11-14 02:07:45','2015-11-14 02:07:45'),(108,'Model','Feli','Kamera Stativ','123','Stabiles Kamera Stativ','Neque cumque vel voluptas accusamus.',NULL,NULL,0,0,'Ad qui rerum exercitationem eius dolorem iure.','Stativ muss mit Stativtasche ausgehndigt werden.','2015-11-14 02:07:45','2015-11-14 02:07:45'),(109,'Model','Bose','BoseErgonomic Concrete Hat','666','Sed id alias. Quam ea ut nesciunt autem ut excepturi voluptate. Praesentium iste est et. Repellat suscipit voluptas numquam dicta enim dolores tempora.','Nobis quia sit fugit accusantium at ea voluptatem.',NULL,NULL,0,0,'Quaerat quo illo harum nihil corporis eum enim qui.','Sit quia expedita recusandae vitae totam labore iusto voluptatem.','2015-11-14 02:07:45','2015-11-14 02:07:45'),(110,'Model','Bose','BoseRustic Cotton Table','667','Voluptatum perferendis magnam et tempora exercitationem voluptas. Inventore eaque libero qui non est necessitatibus reiciendis. Repellat fuga non et.','Deserunt ducimus aspernatur ut rem unde consequatur.',NULL,NULL,0,0,'Recusandae tempora ipsum sapiente rem eveniet ducimus veniam.','Rem ullam velit ut aliquid quo.','2015-11-14 02:07:45','2015-11-14 02:07:45'),(111,'Model','Kshlerin, Anderson and Schamberger','Kamera Set','671','Voluptas omnis voluptatem temporibus.','Velit quidem et facilis tempore.',NULL,NULL,3,1,'Est sint odit aut minus.','Qui possimus assumenda enim quos ut enim.','2015-11-14 02:07:45','2015-11-14 02:07:45'),(112,'Model','O\'Reilly, Heller and Russel','Incredible Rubber Gloves','672','Consequatur magnam eos eaque culpa autem aliquid consequuntur qui.','Tempora omnis enim quam facere est tenetur modi.',NULL,NULL,1,0,'Vel eligendi non iure a nemo suscipit architecto.','Ut sunt recusandae qui labore aut omnis quo.','2015-11-14 02:07:45','2015-11-14 02:07:45'),(113,'Model','Heller LLC','Incredible Rubber Shoes','673','Iusto facilis deserunt est.','Libero quia consectetur occaecati non vitae sunt.',NULL,NULL,1,0,'Hic nemo animi consequatur quisquam sequi.','Facilis harum placeat sit iure soluta nihil non.','2015-11-14 02:07:45','2015-11-14 02:07:45'),(114,'Model','Reynolds-Leannon','Rustic Cotton Shoes','674','Possimus voluptatem quia beatae quasi.','Necessitatibus eveniet ullam vel occaecati ipsum aspernatur.',NULL,NULL,0,0,'Doloremque provident est dolor quas.','Sequi similique expedita iure.','2015-11-14 02:07:45','2015-11-14 02:07:45'),(115,'Model','Emard Group','Intelligent Concrete Shirt','675','Rerum dolores sequi nobis aliquid id illo.','Qui suscipit dicta illo.',NULL,NULL,0,0,'Optio asperiores ut soluta.','Doloribus necessitatibus eveniet hic aut.','2015-11-14 02:07:45','2015-11-14 02:07:45'),(116,'Model','Rogahn-Jast','Fantastic Concrete Chair','676','Ad iste dolorum expedita ut a iusto.','Nemo quia rerum adipisci modi laborum ut.',NULL,NULL,1,0,'Dolor accusamus rerum cum.','Aspernatur quis consequatur reiciendis tempore qui.','2015-11-14 02:07:45','2015-11-14 02:07:45'),(117,'Model','Walsh-Ankunding','Gorgeous Rubber Computer','677','Expedita aut omnis ipsum tempore illum.','Saepe consequatur voluptatem et officia dolores.',NULL,NULL,0,0,'Fugit aut iure quam.','Ea eligendi dolorem et in distinctio.','2015-11-14 02:07:45','2015-11-14 02:07:45'),(118,'Model','Thompson, Donnelly and Hermiston','Small Concrete Gloves','678','Non doloremque velit occaecati aut ut tenetur.','Voluptatem ea voluptas quasi libero facere.',NULL,NULL,3,0,'Sit autem qui rem non est.','Vitae dolorem rerum amet eius quis.','2015-11-14 02:07:45','2015-11-14 02:07:45'),(119,'Model','Rogahn, Bins and Bailey','Fantastic Granite Hat','679','Aliquid ad harum impedit sed amet exercitationem.','Dicta accusamus dolor quo eos.',NULL,NULL,1,0,'Consequuntur et sit ut labore.','Quae dicta aut necessitatibus quos.','2015-11-14 02:07:45','2015-11-14 02:07:45'),(120,'Model','Turcotte-Marvin','Intelligent Rubber Computer','680','Quaerat et amet neque molestias et alias fugiat aut.','Tenetur et non sed quae sunt.',NULL,NULL,3,0,'Ab incidunt excepturi sunt.','Quia et vero maxime veniam voluptate non sit in.','2015-11-14 02:07:45','2015-11-14 02:07:45'),(121,'Model','Cremin Inc','Intelligent Plastic Car','681','Veritatis et molestiae et veniam tempore.','Et earum aut deserunt nostrum odit.',NULL,NULL,1,0,'Sed eum et et aperiam.','Sint delectus ducimus sunt consequatur necessitatibus.','2015-11-14 02:07:45','2015-11-14 02:07:45'),(122,'Model','Nienow-Abernathy','Intelligent Steel Computer','682','Officiis sed velit eum tempore et possimus doloribus et.','Non id nulla et voluptas asperiores repellendus numquam.',NULL,NULL,3,0,'Dolorem eos cupiditate sed tenetur et laudantium.','Facilis suscipit laudantium culpa inventore.','2015-11-14 02:07:45','2015-11-14 02:07:45'),(123,'Model','Mante-Dooley','Practical Cotton Car','683','Voluptatem eos est cupiditate maiores ducimus.','Et et qui iure aut.',NULL,NULL,2,0,'Ipsum aut repellendus quo deleniti doloribus est quia.','Alias saepe quam fugiat omnis velit.','2015-11-14 02:07:45','2015-11-14 02:07:45'),(124,'Model','Lindgren, Kemmer and Ryan','Kamera Set2','684','Nam rerum omnis aut.','Ad culpa dolor et aut.',NULL,NULL,2,1,'Eius in ipsum laudantium.','Saepe rerum maxime officiis deleniti perferendis occaecati nihil autem.','2015-11-14 02:07:45','2015-11-14 02:07:45'),(125,'Model','Beier and Sons','Incredible Cotton Car','685','Quo a ut et sit et ea vel.','Distinctio voluptatem eum sit.',NULL,NULL,1,0,'Porro facere quam molestiae id et.','Assumenda ipsa quia minus sit fugiat vero.','2015-11-14 02:07:45','2015-11-14 02:07:45'),(126,'Model','Miller LLC','Rustic Cotton Car','686','Laborum ipsam sit non beatae architecto adipisci.','Cumque culpa error nisi debitis consectetur omnis laudantium.',NULL,NULL,1,0,'Consequatur voluptatem molestiae sint sequi.','Fuga voluptas aut explicabo a.','2015-11-14 02:07:45','2015-11-14 02:07:45'),(127,'Model','Sanford, Sawayn and Stokes','Gorgeous Concrete Shirt','687','Totam quos occaecati ipsum molestiae.','Architecto nisi rerum at a dolores.',NULL,NULL,0,0,'Ea accusantium quas ipsa nobis.','Voluptatem iste culpa quis quas debitis.','2015-11-14 02:07:45','2015-11-14 02:07:45'),(128,'Model','Dicki-Cormier','Gorgeous Rubber Hat','688','Velit vero aut aliquam delectus modi soluta earum nam.','Voluptatem quia sequi nobis odio magnam qui.',NULL,NULL,0,0,'Sed officiis voluptas neque aliquam temporibus nostrum fuga doloremque.','Labore voluptatum voluptas et similique sit qui.','2015-11-14 02:07:45','2015-11-14 02:07:45'),(129,'Model','Mills Inc','Practical Cotton Computer','689','Enim tempora placeat architecto.','Rerum iusto quis illo ut quis.',NULL,NULL,2,0,'Qui nesciunt a incidunt accusantium.','Nam nostrum natus nobis porro cum sed.','2015-11-14 02:07:45','2015-11-14 02:07:45'),(130,'Model','Stoltenberg-Sanford','Awesome Cotton Computer','690','Voluptates voluptatem et iste autem asperiores neque veritatis aut.','Et placeat sed sunt.',NULL,NULL,2,0,'Eos aut voluptatem ex et vitae a.','Ut accusantium fugiat et.','2015-11-14 02:07:45','2015-11-14 02:07:45'),(131,'Model','Runolfsson-Nolan','Ergonomic Concrete Gloves','691','Facilis unde sunt illum dolor qui aut.','Sint aliquam dolorum corporis quis quo ut fugit adipisci.',NULL,NULL,3,0,'Excepturi ea asperiores sint esse.','Ut ut soluta inventore.','2015-11-14 02:07:45','2015-11-14 02:07:45'),(132,'Model','O\'Keefe LLC','Intelligent Granite Chair','692','Perspiciatis quia accusantium sint fugit.','Vitae doloribus sint non distinctio qui rem error aut.',NULL,NULL,2,0,'Voluptates vel ut ipsum debitis quibusdam corporis aut et.','Veniam eveniet repudiandae nulla esse dolor.','2015-11-14 02:07:45','2015-11-14 02:07:45'),(133,'Model','Mayer LLC','Gorgeous Plastic Table','693','Consectetur magni facilis ut fugiat deleniti culpa sint.','Et laborum in et sunt aut rerum cumque.',NULL,NULL,1,0,'Corrupti dolore odio debitis non exercitationem.','Blanditiis consequatur sunt pariatur.','2015-11-14 02:07:45','2015-11-14 02:07:45'),(134,'Model','Murphy and Sons','Ergonomic Rubber Shoes','694','Veritatis voluptatibus qui perferendis molestiae illum beatae sunt maxime.','Modi corporis quis vitae est sit omnis eveniet.',NULL,NULL,1,0,'Qui veritatis harum id corrupti et sed veniam.','Qui tempora quaerat labore soluta sit consequatur saepe reprehenderit.','2015-11-14 02:07:45','2015-11-14 02:07:45'),(135,'Model','Kiehn LLC','Fantastic Plastic Hat','695','Veniam quia eos expedita necessitatibus sit.','Et fuga asperiores qui facilis quidem sequi est eum.',NULL,NULL,0,0,'Et quidem explicabo et.','Blanditiis magni delectus quae minima.','2015-11-14 02:07:45','2015-11-14 02:07:45'),(136,'Model','Zboncak, Kohler and Labadie','Incredible Wooden Car','696','Fugiat nostrum sit tempore veniam ullam et.','Facere amet iure sit ea sunt fugiat aut.',NULL,NULL,1,0,'Molestias sunt consequatur rem molestiae iste illum dolor.','Sequi ullam numquam cumque.','2015-11-14 02:07:45','2015-11-14 02:07:45'),(137,'Model','Canon','Kamera Canon D5','697','Ganz teure Kamera','Tenetur adipisci magni voluptas officia vel amet maiores sint.',NULL,NULL,0,0,'Praesentium voluptates porro impedit.','Kamera brauch Akkus!','2015-11-14 02:07:45','2015-11-14 02:07:45'),(138,'Model','Apple','iMac','698','Apples alter iMac','Reiciendis voluptas delectus odio.',NULL,NULL,0,0,'Voluptatem ut ut et alias praesentium aperiam.','Voluptatem aliquam odio praesentium modi fugit.','2015-11-14 02:07:45','2015-11-14 02:07:45'),(139,'Model','Microsoft','Windows Laptop','699','Ein Laptop der Marke Microsoft','Omnis accusamus non nihil illo.',NULL,NULL,0,0,'Et ea repellendus qui ut cupiditate praesentium earum.','Laptop mit Tasche ausgeben','2015-11-14 02:07:45','2015-11-14 02:07:45'),(140,'Model','Walkera','Walkera v120','1G','3D Helikopter','Velit ut excepturi aut et sed maxime iure sequi.',NULL,NULL,0,0,'Sed pariatur aut ut rerum.','Et est omnis iste.','2015-11-14 02:07:45','2015-11-14 02:07:45'),(141,'Model','Walkera','Walkera v120','2G','3D Helikopter','Esse voluptatibus reiciendis aut quas quo et ut.',NULL,NULL,0,0,'Quis vel quas laborum suscipit repudiandae cum.','Excepturi vel corporis aliquam officiis et perferendis delectus dolores.','2015-11-14 02:07:45','2015-11-14 02:07:45'),(142,'Model','Walkera','Walkera v120','3G','3D Helikopter','Veniam veritatis impedit voluptas velit dolorem adipisci est quaerat.',NULL,NULL,0,0,'Voluptate laudantium quia eius omnis tempore fuga.','Nihil beatae dolorem enim unde voluptas sed.','2015-11-14 02:07:45','2015-11-14 02:07:45'),(143,'Software','Reynolds, Sauer and Heathcote','Small Wooden Pants','700',NULL,NULL,NULL,NULL,0,0,NULL,NULL,'2015-11-14 02:07:45','2015-11-14 02:07:45'),(144,'Software','Schmidt and Sons','Intelligent Wooden Hat','701',NULL,NULL,NULL,NULL,0,0,NULL,NULL,'2015-11-14 02:07:45','2015-11-14 02:07:45'),(145,'Software','McDermott, Wunsch and Greenfelder','Sleek Steel Gloves','702',NULL,NULL,NULL,NULL,0,0,NULL,NULL,'2015-11-14 02:07:45','2015-11-14 02:07:45'),(146,'Software','Leannon Inc','Intelligent Plastic Hat','703',NULL,NULL,NULL,NULL,0,0,NULL,NULL,'2015-11-14 02:07:45','2015-11-14 02:07:45'),(147,'Software','Gutmann-Brekke','Incredible Granite Shoes','704',NULL,NULL,NULL,NULL,0,0,NULL,NULL,'2015-11-14 02:07:45','2015-11-14 02:07:45'),(148,'Software','O\'Kon, Ferry and Nicolas','Small Granite Shirt','705',NULL,NULL,NULL,NULL,0,0,NULL,NULL,'2015-11-14 02:07:45','2015-11-14 02:07:45'),(149,'Software','Abbott, Beier and Goldner','Sleek Plastic Table','706',NULL,NULL,NULL,NULL,0,0,NULL,NULL,'2015-11-14 02:07:45','2015-11-14 02:07:45'),(150,'Software','Ferry, Fahey and Schowalter','Rustic Wooden Hat','707',NULL,NULL,NULL,NULL,0,0,NULL,NULL,'2015-11-14 02:07:45','2015-11-14 02:07:45'),(151,'Software','Zemlak LLC','Sleek Rubber Table','708',NULL,NULL,NULL,NULL,0,0,NULL,NULL,'2015-11-14 02:07:45','2015-11-14 02:07:45'),(152,'Software','Brakus LLC','Small Plastic Gloves','709',NULL,NULL,NULL,NULL,0,0,NULL,NULL,'2015-11-14 02:07:45','2015-11-14 02:07:45'),(153,'Software','Raynor, Hilll and Funk','Incredible Concrete Chair','710',NULL,NULL,NULL,NULL,0,0,NULL,NULL,'2015-11-14 02:07:45','2015-11-14 02:07:45'),(154,'Software','Lowe-Borer','Practical Cotton Shirt','711',NULL,NULL,NULL,NULL,0,0,'test http://test.ch\r\nwww.foo.ch\r\njust a text',NULL,'2015-11-14 02:07:45','2015-11-14 02:07:45'),(155,'Software','Wolff, Konopelski and Schoen','Incredible Cotton Pants','712',NULL,NULL,NULL,NULL,0,0,'test http://test.ch\r\nwww.foo.ch\r\njust a text',NULL,'2015-11-14 02:07:45','2015-11-14 02:07:45'),(156,'Model','Ryan Inc','Rustic Wooden Pants',NULL,'Qui facere aliquam et aut occaecati dolores alias in.','Rerum illum beatae nihil.',NULL,NULL,1,0,'Et illo quasi possimus.','Dolorem fuga laudantium aperiam ut eos.','2015-11-14 02:07:45','2015-11-14 02:07:45'),(157,'Model','Wisoky-Rogahn','Small Cotton Hat','714','Nostrum velit sapiente alias debitis.','Temporibus provident ad asperiores consequatur non pariatur autem itaque.',NULL,NULL,2,0,'Ab aliquid ullam a impedit asperiores deleniti itaque similique.','Dolorem rerum consectetur atque sed.','2015-11-14 02:07:45','2015-11-14 02:07:45'),(158,'Software','Weimann, Schultz and Jerde','Ergonomic Concrete Pants','716',NULL,NULL,NULL,NULL,0,0,NULL,NULL,'2015-11-14 02:07:45','2015-11-14 02:07:45'),(159,'Model','DuBuque, Koss and McClure','Ergonomic Cotton Pants','717','Iusto occaecati deleniti vel tenetur.','Laboriosam ut deleniti est rerum ducimus ullam quo quis.',NULL,NULL,2,0,'Quis laborum ad velit doloremque omnis sed.','Alias at deserunt corrupti neque voluptatem architecto.','2015-11-09 00:00:00','2015-11-09 00:00:00'),(160,'Model','Wisozk-Dibbert','Small Plastic Car','718','Et eaque blanditiis ullam et dolores molestias deserunt tenetur.','Dignissimos sequi in consequatur qui.',NULL,NULL,2,0,'Eum quas distinctio reiciendis at repudiandae magni placeat.','Quisquam nostrum quas labore nisi perspiciatis repellendus maxime.','2015-11-09 00:00:00','2015-11-09 00:00:00'),(161,'Model','Ullrich-Schowalter','Sleek Cotton Chair','719','Nobis id illo ipsam tenetur sed.','Et possimus cumque suscipit.',NULL,NULL,1,0,'Et animi nam laboriosam laudantium dolorum beatae eum.','Est odio libero magnam dolore omnis eum minus.','2015-11-09 00:00:00','2015-11-09 00:00:00'),(162,'Model','Hermann and Sons','Gorgeous Steel Chair','720','Ea tempore consequatur facilis nihil.','Corporis nostrum aliquid temporibus vel suscipit illo ipsam officiis.',NULL,NULL,3,0,'Ut rerum explicabo sequi enim officia quidem.','Dolorum architecto cupiditate maxime quisquam quo beatae ut deleniti.','2015-11-09 00:00:00','2015-11-09 00:00:00'),(163,'Model','Pagac and Sons','Gorgeous Concrete Pants','722','Quibusdam quia alias ratione illum quia delectus eveniet.','Sed ipsam id cum.',NULL,NULL,3,0,'Repellendus at voluptas labore.','Sunt id quia ea placeat voluptatem.','2015-11-14 02:07:45','2015-11-14 02:07:45'),(164,'Model','Armstrong, Hessel and Homenick','Awesome Granite Shoes','723','Nulla labore ipsum voluptas nemo.','Eos debitis sed deleniti.',NULL,NULL,2,0,'In est nesciunt dolores et dolorem maxime autem.','Ut hic aut pariatur.','2015-11-14 02:07:45','2015-11-14 02:07:45'),(165,'Model','Gutmann-Block','Small Granite Car','724','Sit repellendus non eligendi est commodi reprehenderit.','Aperiam eaque sit aut magni.',NULL,NULL,2,0,'Ab est dolorem dolor eligendi illum.','Et minima voluptatum eos aut.','2015-11-14 02:07:45','2015-11-14 02:07:45'),(166,'Model','Haag, Auer and Frami','Small Rubber Shirt','725','Praesentium odit et voluptas natus incidunt sapiente.','Et quae est sit dolores.',NULL,NULL,3,0,'Optio itaque numquam facilis iusto nemo perspiciatis.','Quia ipsa qui ducimus minus.','2015-11-14 02:07:45','2015-11-14 02:07:45'),(167,'Model','Kerluke, Beahan and Nienow','Awesome Steel Table','726','Et omnis consequatur ab consequuntur quaerat explicabo et.','Eos blanditiis aut quia accusantium et.',NULL,NULL,0,0,'Perspiciatis ea dignissimos laborum consequatur id et.','Id rem enim placeat neque aliquam ratione alias.','2015-11-14 02:07:45','2015-11-14 02:07:45'),(168,'Model','Rempel-Dibbert','Small Wooden Hat','727','Qui iste amet delectus.','Mollitia aut reprehenderit atque est laborum debitis.',NULL,NULL,1,0,'Omnis nesciunt aut sed et.','Officiis numquam ipsum eum ut omnis eveniet natus.','2015-11-14 02:07:45','2015-11-14 02:07:45'),(169,'Model','Satterfield Inc','Practical Plastic Shoes','728','Accusantium doloribus facilis enim.','Sunt impedit sint dicta sunt maiores maxime iure sit.',NULL,NULL,1,0,'Ea ut repellat accusamus eum autem.','Adipisci voluptatem quo ad eius sapiente.','2015-11-14 02:07:45','2015-11-14 02:07:45'),(170,'Model','Terry LLC','Ergonomic Granite Hat','729','Et reprehenderit quod cum maxime quia.','Ducimus impedit ratione suscipit soluta vitae aut maxime.',NULL,NULL,1,0,'Minima nam eum mollitia in beatae error consequatur.','Atque assumenda laborum et delectus.','2015-11-14 02:07:45','2015-11-14 02:07:45'),(171,'Model','Beatty, Hagenes and Kohler','Rustic Granite Shirt','730','Error ea repellat sit quisquam perferendis vero et iusto.','Voluptas maxime eveniet veniam cum.',NULL,NULL,1,0,'Fuga similique ad nihil delectus est est cumque.','Sunt et fugiat consequatur provident quidem velit et aut.','2015-11-14 02:07:45','2015-11-14 02:07:45'),(172,'Model','Funk-Harvey','Ergonomic Wooden Car','731','Iste ut autem qui.','Voluptatem ea tenetur odio nesciunt magni omnis ut recusandae.',NULL,NULL,2,0,'Porro sit nulla ea recusandae saepe.','Enim aliquid ipsa non at qui.','2015-11-14 02:07:45','2015-11-14 02:07:45'),(173,'Model','Kilback LLC','Practical Steel Shirt','732','Rerum molestiae optio minima expedita quam nisi et quo.','Animi non nihil atque doloribus iste tempora ullam.',NULL,NULL,0,0,'Laborum non aut dicta quia velit qui.','Ipsum aperiam voluptas necessitatibus aliquid alias.','2015-11-14 02:07:45','2015-11-14 02:07:45'),(174,'Model','Jacobs-Schulist','Gorgeous Plastic Chair','733','Quaerat distinctio tempore quisquam et quis est adipisci.','Eos molestiae ut quo nihil.',NULL,NULL,0,0,'Omnis laboriosam rerum soluta.','Doloremque earum id est ipsa qui voluptas corrupti minima.','2015-11-14 02:07:45','2015-11-14 02:07:45'),(175,'Model','Ankunding, McKenzie and Ondricka','Sleek Granite Pants','734','Nostrum voluptatem numquam possimus ea id laboriosam assumenda ut.','Quis dolores tempore neque est laboriosam.',NULL,NULL,1,0,'Qui explicabo quae perferendis.','Reiciendis quia pariatur tempora molestiae aliquid qui.','2015-11-14 02:07:45','2015-11-14 02:07:45'),(176,'Model','Steuber LLC','Rustic Cotton Computer','735','Dicta non nihil natus laudantium.','Qui voluptatem sed alias.',NULL,NULL,2,0,'Ea animi nostrum fuga tenetur vero ullam eum adipisci.','Id tenetur iure perspiciatis qui.','2015-11-09 00:00:00','2015-11-09 00:00:00'),(177,'Model','Goldner-Harber','Incredible Cotton Gloves','736','Sapiente et debitis in.','Delectus qui nostrum et.',NULL,NULL,1,0,'Aut ratione consequatur nulla minima praesentium corrupti consectetur cumque.','Est cumque tempora ut provident et error rerum.','2015-11-09 00:00:00','2015-11-09 00:00:00'),(178,'Model','Pfeffer, Daugherty and Leuschke','Sleek Concrete Table','737','Error est tempora molestiae repudiandae id alias ut.','Expedita quos et hic aperiam.',NULL,NULL,1,0,'Minus atque quas sint nostrum iste.','In est voluptas enim velit alias ullam.','2015-11-09 00:00:00','2015-11-09 00:00:00'),(179,'Model','Muller and Sons','Sleek Cotton Shoes','738','Et reiciendis sed quae labore et.','Nihil ullam et in eum ea.',NULL,NULL,0,0,'Dolores vitae necessitatibus sunt nihil impedit.','Quia voluptatem eius fuga labore non exercitationem enim necessitatibus.','2015-11-09 00:00:00','2015-11-09 00:00:00'),(180,'Model','Wisozk, Ondricka and Mohr','Rustic Rubber Pants','739','Alias natus voluptate expedita sint explicabo blanditiis.','Impedit aliquam doloremque ducimus adipisci temporibus.',NULL,NULL,3,0,'Ut magni voluptatum expedita et consequatur et autem.','Odio delectus labore expedita quis minima doloremque molestias.','2015-11-14 02:07:45','2015-11-14 02:07:45'),(181,'Model','Kertzmann, Graham and Fahey','Gorgeous Wooden Shoes','740','Consequatur eos id et assumenda.','In in aut vero quidem neque reiciendis accusantium et.',NULL,NULL,3,0,'Atque nemo hic maxime eveniet delectus vitae temporibus.','Doloribus necessitatibus debitis porro pariatur numquam officia voluptatem.','2015-11-14 02:07:45','2015-11-14 02:07:45'),(182,'Model','Lynch-Skiles','Gorgeous Steel Hat','741','Ipsa cupiditate iure ut explicabo iste minima suscipit.','Ullam sequi impedit consequatur.',NULL,NULL,3,0,'Facilis facere saepe est id.','Aut illo enim rerum et at quisquam maxime dolorem.','2015-11-14 02:07:45','2015-11-14 02:07:45'),(183,'Model','Robel and Sons','Awesome Concrete Chair','742','Sunt vel aperiam totam in officiis.','Culpa et amet et.',NULL,NULL,2,0,'Iure ullam est voluptatibus illum ipsam.','Voluptatum quidem fugit omnis quia dicta consequatur exercitationem.','2015-11-14 02:07:45','2015-11-14 02:07:45'),(184,'Model','Hackett Group','Awesome Concrete Shoes','743','Quo eum eaque exercitationem ad qui odio iure molestiae.','Explicabo delectus impedit itaque velit.',NULL,NULL,2,0,'Quas quia in voluptas sequi.','Numquam expedita sequi facere nobis natus veniam voluptatem iste.','2015-11-14 02:07:45','2015-11-14 02:07:45'),(185,'Model','McClure LLC','Intelligent Cotton Gloves','744','Nulla ut repudiandae dolorem quis et.','Et sed ut pariatur eos et ea qui.',NULL,NULL,0,0,'At consequatur beatae vel est expedita error.','Consequatur quis at sed quod.','2015-11-14 02:07:45','2015-11-14 02:07:45'),(186,'Model','Shanahan Group','Incredible Rubber Car','745','Veniam esse assumenda voluptas.','Est accusamus harum aperiam.',NULL,NULL,0,0,'Ducimus praesentium dolorem officia vel veritatis dolor nam.','Ea quo debitis ullam aut ut autem eum.','2015-11-14 02:07:45','2015-11-14 02:07:45'),(187,'Model','Altenwerth, Kohler and Sipes','Incredible Steel Pants','746','A neque aut eligendi sunt.','Ullam rerum dolorum molestiae facere.',NULL,NULL,3,0,'Delectus esse beatae hic est.','Ipsam cumque facilis quis iure.','2015-11-14 02:07:45','2015-11-14 02:07:45'),(188,'Model','Kling LLC','Sleek Concrete Pants','747','Sint dolores est et nemo illum rem voluptatem.','Totam ut rerum ullam ut aut quas magnam.',NULL,NULL,2,0,'At dolores hic rem dicta nulla autem cupiditate.','Autem neque eum qui unde exercitationem eos et.','2015-11-14 02:07:45','2015-11-14 02:07:45'),(189,'Model','Schinner-Konopelski','Sleek Concrete Chair','748','Corrupti veritatis eligendi temporibus earum voluptas sapiente.','Tempora fugiat aut iusto aut molestiae.',NULL,NULL,0,0,'Reiciendis sapiente aut maxime.','Amet quia pariatur voluptatem.','2015-11-14 02:07:45','2015-11-14 02:07:45'),(190,'Model','Block-Schowalter','Gorgeous Steel Shirt','749','Quis ut ullam vero quas.','Enim reprehenderit ad assumenda nihil autem et quae.',NULL,NULL,2,0,'Dolor officiis ipsam sint qui voluptatem quibusdam tempore non.','Eum ut quibusdam voluptas expedita suscipit et fuga aut.','2015-11-14 02:07:45','2015-11-14 02:07:45'),(191,'Model','Kunde, Dooley and Schowalter','Awesome Concrete Hat','750','Dicta delectus maxime voluptas quo itaque.','Voluptas suscipit possimus dolorem adipisci officiis ea aliquam repudiandae.',NULL,NULL,0,0,'Voluptatem commodi quas et.','Nemo autem fugit autem atque et rem debitis.','2015-11-14 02:07:45','2015-11-14 02:07:45'),(192,'Model','O\'Keefe and Sons','Sleek Steel Shirt','751','Veritatis officia quibusdam porro consequuntur eos distinctio provident.','Non cumque iste laudantium.',NULL,NULL,1,0,'Sit error iste sed neque et id sequi.','Nihil voluptatibus cum provident in et enim.','2015-11-14 02:07:45','2015-11-14 02:07:45'),(193,'Model','Schaefer-Renner','Small Concrete Table','752','Ea id eligendi consequatur ut sint dolore.','Et sit est repellat est nemo perspiciatis laborum.',NULL,NULL,3,0,'Blanditiis officiis consequatur ducimus id est.','Tenetur omnis minima veritatis.','2015-11-14 02:07:45','2015-11-14 02:07:45'),(194,'Model','Koch Inc','Awesome Cotton Shoes','753','Atque sint et qui voluptatem distinctio.','Labore explicabo quis necessitatibus non ipsa velit.',NULL,NULL,2,0,'Maiores aut occaecati animi.','Incidunt rerum voluptatem amet.','2015-11-14 02:07:45','2015-11-14 02:07:45'),(195,'Model','Shanahan, Wisoky and Ruecker','Fantastic Wooden Table','754','Est impedit rerum commodi.','Officia eaque rerum numquam illo.',NULL,NULL,3,0,'Et commodi at molestiae ipsum assumenda voluptatibus.','Aliquam perspiciatis molestias veritatis.','2015-11-14 02:07:45','2015-11-14 02:07:45'),(196,'Model','Krajcik-Corkery','Fantastic Cotton Shoes','755','Et placeat inventore voluptatibus.','Rem saepe excepturi consequuntur.',NULL,NULL,0,0,'Itaque quia illum quo tempora et.','Sit delectus aut nam numquam sunt eos qui iure.','2015-11-14 02:07:45','2015-11-14 02:07:45'),(197,'Model','Hoeger, Bins and Nikolaus','Incredible Cotton Hat','756','Magnam corporis ipsa officia nisi voluptates qui sit.','Et exercitationem explicabo voluptate.',NULL,NULL,0,0,'Aliquam consectetur est laborum sit harum porro.','Velit molestias qui esse aut optio eos.','2015-11-14 02:07:45','2015-11-14 02:07:45'),(198,'Model','Steuber LLC','Ergonomic Wooden Gloves','757','Sit atque optio fugiat id omnis ratione ea.','Voluptatem fugiat harum minus aliquam debitis similique.',NULL,NULL,0,0,'Explicabo molestiae laborum voluptatem quo optio enim.','Quae ut non rerum et ut est.','2015-11-14 02:07:45','2015-11-14 02:07:45'),(199,'Model','Nader LLC','Small Steel Table','758','Nam non deleniti eligendi qui et.','Itaque expedita omnis molestiae nisi ratione nesciunt mollitia aliquid.',NULL,NULL,2,0,'Eius mollitia minima necessitatibus eveniet officiis alias provident.','Eveniet quia voluptas qui vitae omnis.','2015-11-14 02:07:45','2015-11-14 02:07:45'),(200,'Model','Rutherford and Sons','Practical Cotton Pants','759','Aliquid sit natus eum sint corrupti cumque.','Nihil molestiae sed pariatur aperiam nihil voluptas quia.',NULL,NULL,1,0,'Vel aperiam illum fugiat quae labore facilis occaecati ut.','Beatae ea expedita quia placeat enim exercitationem.','2015-11-14 02:07:45','2015-11-14 02:07:45'),(201,'Model','Koch-O\'Kon','Small Cotton Computer','760','Ab amet vitae est ea atque dolores accusantium a.','Consequuntur voluptas minima aliquid earum.',NULL,NULL,1,0,'Officia soluta iusto minus.','Quia dolore qui nam est animi tenetur omnis qui.','2015-11-14 02:07:45','2015-11-14 02:07:45'),(202,'Model','McKenzie-Heller','Incredible Granite Shirt','761','Inventore minus quibusdam qui architecto eos non.','Culpa sunt perferendis tempora tenetur ut.',NULL,NULL,0,0,'Molestias vel impedit totam odit omnis dignissimos.','Et ratione impedit asperiores vero voluptatum voluptatem itaque.','2015-11-14 02:07:45','2015-11-14 02:07:45'),(203,'Model','Dach-Bins','Fantastic Granite Shoes','762','Recusandae occaecati cumque aliquam veritatis suscipit tempora iusto repellat.','Omnis adipisci molestiae expedita ex accusamus.',NULL,NULL,3,0,'Labore iure quasi harum tempora illum beatae.','Nihil consectetur labore natus qui qui aut.','2015-11-14 02:07:45','2015-11-14 02:07:45'),(204,'Model','Kessler-Haley','Awesome Rubber Car','763','Recusandae quod labore eveniet molestiae enim voluptate.','Omnis facilis ea sunt.',NULL,NULL,3,0,'Nobis deserunt vel officiis nulla vel sit illum repellat.','Libero nesciunt eum est quis.','2015-11-14 02:07:45','2015-11-14 02:07:45'),(205,'Model','Murphy LLC','Incredible Concrete Computer','764','Et autem in adipisci aperiam sit.','Molestias voluptas occaecati dicta ea et vero.',NULL,NULL,3,0,'Adipisci sapiente magnam earum commodi sed ea.','Molestias sint molestiae repudiandae eum ex.','2015-11-14 02:07:45','2015-11-14 02:07:45'),(206,'Model','Legros-McCullough','Awesome Rubber Table','765','Ut magni et quo ducimus excepturi.','Quia tempora et aliquid consequuntur.',NULL,NULL,2,0,'Molestiae provident mollitia rerum facilis porro.','Tempore magnam quae autem sint qui.','2015-11-14 02:07:45','2015-11-14 02:07:45'),(207,'Model','Cremin-Leuschke','Small Granite Chair','766','Rerum voluptas pariatur asperiores enim provident sit vitae aut.','Qui soluta ut unde consequatur eos exercitationem.',NULL,NULL,0,0,'Qui consequuntur modi quasi laudantium ut voluptas earum.','Animi aut quia vitae quos.','2015-11-14 02:07:45','2015-11-14 02:07:45'),(208,'Model','Gusikowski-Bahringer','Fantastic Cotton Table','767','Magnam repellat aut unde tempore officia consequatur cumque porro.','Distinctio ipsa sit ut.',NULL,NULL,2,0,'Est quisquam eaque quidem.','Adipisci ut et et nemo consequuntur porro illum rerum.','2015-11-14 02:07:45','2015-11-14 02:07:45'),(209,'Model','Weber-Jenkins','Ergonomic Granite Table','768','Sint alias natus quae optio suscipit eius.','Qui voluptas qui voluptatibus.',NULL,NULL,1,0,'Officiis necessitatibus delectus et.','Tempora nulla aut quia et consectetur reiciendis.','2015-11-14 02:07:45','2015-11-14 02:07:45'),(210,'Model','Yundt, Powlowski and Cartwright','Awesome Cotton Gloves','769','Omnis autem labore voluptatem quidem error nam nihil perferendis.','Sint sit quis cum qui quidem consequuntur.',NULL,NULL,2,0,'Sed voluptatum autem voluptatem est.','Ipsa quaerat qui sunt dolorem.','2015-11-14 02:07:45','2015-11-14 02:07:45'),(211,'Model','Crist-Batz','Intelligent Concrete Pants','770','Consequatur et sit laboriosam in officia aliquid inventore commodi.','Earum exercitationem error repellendus illum.',NULL,NULL,0,0,'Voluptatibus enim voluptas mollitia.','Quia repellat et architecto.','2015-11-14 02:07:45','2015-11-14 02:07:45'),(212,'Model','Schoen-Runolfsson','Incredible Plastic Hat','771','Sunt beatae corrupti perferendis est.','Molestias magni odit non sit quia.',NULL,NULL,0,0,'Facilis maiores ut in.','Ea in qui inventore qui eos.','2015-11-14 02:07:45','2015-11-14 02:07:45'),(213,'Model','Price LLC','Gorgeous Cotton Chair','772','Fuga fugiat voluptate rerum commodi qui.','Nesciunt officia et inventore accusamus omnis culpa et eum.',NULL,NULL,0,0,'Laudantium perspiciatis veritatis maiores voluptas quis tempore vel.','Doloremque consequatur quis aut quia et ut rerum magni.','2015-11-14 02:07:45','2015-11-14 02:07:45'),(214,'Model','Medhurst-Conroy','Awesome Wooden Gloves','773','Voluptatem et et et ut iure doloremque debitis voluptate.','Officia cum exercitationem amet sint molestiae necessitatibus.',NULL,NULL,0,0,'Perspiciatis dolore et itaque iure sit.','Modi praesentium ipsa corporis sapiente.','2015-11-14 02:07:45','2015-11-14 02:07:45'),(215,'Model','Walsh-Wilkinson','Incredible Granite Chair','774','Ea ipsa et optio.','Incidunt nostrum fuga doloribus ad.',NULL,NULL,0,0,'Ipsa veniam architecto praesentium aliquam nihil excepturi.','Est rerum enim aut rerum tenetur excepturi.','2015-11-14 02:07:45','2015-11-14 02:07:45'),(216,'Model','Howe LLC','Gorgeous Plastic Shoes','775','Illo voluptates vel ipsum nam qui.','Illo architecto commodi labore tempore id necessitatibus.',NULL,NULL,1,0,'Exercitationem quae corrupti architecto odio sequi cupiditate.','Dicta et dolor ad et.','2015-11-14 02:07:45','2015-11-14 02:07:45'),(217,'Model','Bashirian-Maggio','Small Plastic Pants','776','Iusto possimus sapiente doloremque earum necessitatibus distinctio tenetur.','Animi maiores quis sit eum veniam omnis natus.',NULL,NULL,2,0,'Illum aperiam ullam consequatur aut quibusdam qui labore totam.','Voluptatibus iusto quo error dolorum quaerat.','2015-11-12 16:51:52','2015-11-12 16:51:52'),(218,'Model','Connelly Inc','Practical Cotton Hat','777','Est quas nobis recusandae nesciunt nulla.','Et quibusdam veritatis laboriosam.',NULL,NULL,3,0,'Sit ratione et veritatis non quos totam.','Odit dolores id nostrum est.','2015-11-12 16:51:52','2015-11-12 16:51:52'),(219,'Model','Schinner, Paucek and Rolfson','Practical Rubber Computer','778','Et tempora facilis expedita perferendis.','Voluptates occaecati repudiandae cum cumque autem eius.',NULL,NULL,1,0,'Nesciunt et qui voluptate optio sit doloremque tempora nihil.','Non in itaque id nam ipsa et.','2015-11-12 16:51:53','2015-11-12 16:51:53'),(220,'Model','Effertz-Hane','Practical Wooden Hat','779','Quaerat at hic reiciendis sunt.','Velit incidunt harum necessitatibus.',NULL,NULL,1,0,'Id modi minima esse.','Et molestiae sit voluptatum eos id molestias minima.','2015-11-12 16:51:53','2015-11-12 16:51:53'),(221,'Model','Collins and Sons','Rustic Rubber Hat','780','Ab molestias illo enim animi eum at.','Similique officia dolorem corrupti amet autem corporis non.',NULL,NULL,2,0,'Temporibus fuga ea voluptatem illum ut reprehenderit.','Dolores ratione consequuntur quibusdam enim consequatur iusto.','2015-11-12 16:51:53','2015-11-12 16:51:53'),(222,'Model','Murazik and Sons','Awesome Cotton Table','781','Qui et occaecati beatae sed sunt repellendus perferendis.','Unde voluptatem esse nostrum inventore earum animi voluptatem.',NULL,NULL,1,0,'Iste omnis voluptate rerum.','Commodi aut animi voluptatem delectus laudantium consectetur possimus ipsum.','2015-11-12 16:51:53','2015-11-12 16:51:53'),(223,'Model','Ratke Group','Fantastic Wooden Car','782','Odit facere maxime ut tempore.','Dolore molestiae quidem voluptas provident deserunt harum mollitia.',NULL,NULL,1,0,'Eum ut et reprehenderit voluptatem exercitationem quaerat.','Beatae nihil qui voluptatibus non qui.','2015-11-12 16:51:53','2015-11-12 16:51:53'),(224,'Model','Schultz-Harris','Incredible Steel Chair','783','Quis vitae consequuntur ea debitis dolores.','Cum aut accusamus omnis tenetur velit.',NULL,NULL,3,0,'Sed quam animi dolorem.','Temporibus dolorem consectetur excepturi adipisci aut.','2015-11-12 16:51:53','2015-11-12 16:51:53'),(225,'Model','Schneider, Abernathy and Hudson','Sleek Concrete Car','784','Mollitia iste molestias et qui fugiat sint dicta.','Itaque dolorum qui minima doloribus ipsum.',NULL,NULL,3,0,'Doloremque aut similique amet modi quam voluptatum eligendi facilis.','Quis consequatur commodi sit consequuntur eum provident deserunt itaque.','2015-11-12 16:51:53','2015-11-12 16:51:53'),(226,'Model','Fahey and Sons','Sleek Wooden Gloves','785','Maxime et et ducimus quibusdam nihil eos deserunt.','Ipsa quam quo incidunt qui consequatur.',NULL,NULL,3,0,'Aut optio ullam quas nostrum in.','Est dolore commodi velit.','2015-11-12 16:51:53','2015-11-12 16:51:53'),(227,'Model','Olson-Friesen','Incredible Plastic Table','786','Quidem pariatur sint et architecto.','Ut alias rerum quia.',NULL,NULL,2,0,'Quo voluptas nihil enim modi quis accusantium.','Porro ut exercitationem quia saepe ab quidem.','2015-11-12 16:51:53','2015-11-12 16:51:53'),(228,'Model','Ruecker, Bins and Heller','Rustic Steel Pants','787','Beatae ut qui fugit odio molestiae error.','Voluptatem praesentium quia quas itaque possimus voluptas.',NULL,NULL,2,0,'Debitis et aspernatur aliquid.','Et quo occaecati consequatur aut vero est dignissimos.','2015-11-12 16:51:53','2015-11-12 16:51:53'),(229,'Model','Greenfelder, Cartwright and Kub','Incredible Plastic Car','788','Quis qui aut doloremque alias laborum.','Debitis id qui labore.',NULL,NULL,2,0,'Quia tempore odio autem quidem aut nesciunt aut porro.','Molestiae autem explicabo ullam eligendi error natus laudantium.','2015-11-12 16:51:53','2015-11-12 16:51:53'),(230,'Model','Borer LLC','Intelligent Steel Hat','789','Cum aut magni occaecati error ut assumenda.','Dolore aut architecto laborum maxime officiis molestiae quibusdam.',NULL,NULL,3,0,'Dolores quia necessitatibus eos.','Autem nihil tempora ut cumque et sunt enim itaque.','2015-11-12 16:51:53','2015-11-12 16:51:53'),(231,'Model','Larson Inc','Awesome Concrete Car','790','Sed vel illo non soluta.','Occaecati consequatur provident dignissimos.',NULL,NULL,3,0,'Est cupiditate aliquam ea blanditiis quia aliquid aperiam.','Inventore commodi dolorum cum natus architecto ut.','2015-11-12 16:51:53','2015-11-12 16:51:53'),(232,'Model','Torphy, Leffler and Langosh','Small Rubber Shoes','791','Totam dolorum perferendis doloremque expedita possimus omnis laudantium.','Voluptatibus cupiditate in animi corrupti ex.',NULL,NULL,1,0,'Praesentium at nihil consequatur harum eius cupiditate eveniet placeat.','Expedita omnis sed et quia ratione.','2015-11-12 16:51:53','2015-11-12 16:51:53'),(233,'Model','Cronin Group','Small Plastic Shoes','792','Totam perferendis culpa architecto incidunt nesciunt.','Consequuntur provident tempore voluptatem.',NULL,NULL,0,0,'Sit quo ut non ut voluptatibus eum aliquid et.','Quo cumque recusandae corrupti autem dolorum omnis amet.','2015-11-12 16:51:53','2015-11-12 16:51:53'),(234,'Model','Reichel-Hettinger','Ergonomic Granite Shoes','793','Excepturi autem nesciunt perferendis itaque earum velit.','Nam nesciunt quod non quia officiis.',NULL,NULL,3,0,'Consequatur et quia voluptatem enim ut.','At cupiditate itaque tempora velit.','2015-11-12 16:51:53','2015-11-12 16:51:53'),(235,'Model','Rowe Group','Fantastic Plastic Gloves','794','Ut repellat tempora perferendis alias autem aliquam.','Delectus maiores voluptatem dolorum.',NULL,NULL,1,0,'Odit sit sed doloremque.','Totam nemo distinctio aut aut.','2015-11-12 16:51:53','2015-11-12 16:51:53'),(236,'Model','Braun, Corkery and Mayert','Rustic Steel Chair','795','Tempora vero aliquam reiciendis dolor fugit porro nostrum non.','Doloremque quod placeat enim aut quia accusamus dolore.',NULL,NULL,2,0,'Suscipit sed minima assumenda voluptatibus ducimus praesentium a nihil.','Vel aut aut ipsa.','2015-11-12 16:51:53','2015-11-12 16:51:53'),(237,'Model','Hills Inc','Incredible Plastic Gloves','796','Atque et dicta similique illo iure libero.','Amet vel ea quaerat.',NULL,NULL,1,0,'Error illo tempora ea.','Ut quam et laborum autem omnis voluptatem beatae.','2015-11-12 16:51:53','2015-11-12 16:51:53'),(238,'Model','Botsford and Sons','Intelligent Granite Hat','797','Cum ea sit eos asperiores.','Fuga omnis cumque a sunt ut accusantium eum.',NULL,NULL,1,0,'Aut aliquid tempora minima.','Qui quae omnis deleniti.','2015-11-12 16:51:53','2015-11-12 16:51:53'),(239,'Model','Auer, Berge and Vandervort','Fantastic Cotton Shirt','798','Facere qui quas molestiae consequuntur et deserunt deleniti et.','Eos sed vero dolores et et dolor.',NULL,NULL,3,0,'Inventore voluptatibus sit qui ut sapiente mollitia.','Voluptas voluptas illum maiores delectus veniam corrupti animi reiciendis.','2015-11-12 16:51:53','2015-11-12 16:51:53'),(240,'Model','Gorczany-Bechtelar','Small Steel Shoes','799','Autem libero molestiae illum eveniet.','Aperiam unde quo odio omnis sequi sed alias eius.',NULL,NULL,1,0,'Quis qui rerum et odio facilis animi libero.','Eaque numquam perspiciatis quo quaerat ut magni porro esse.','2015-11-12 02:54:21','2015-11-12 02:54:21'),(241,'Model','Langworth-Walsh','Rustic Plastic Shoes','800','Sed officia eaque ipsa dolore minus.','Odio explicabo id non.',NULL,NULL,1,0,'Rem pariatur eum amet tempora laudantium repellendus ea commodi.','Dolorem vitae voluptate ut.','2015-11-12 02:54:21','2015-11-12 02:54:21'),(242,'Model','Lebsack-Fritsch','Fantastic Cotton Pants','801','Quisquam et veniam repellendus.','Commodi architecto non voluptas molestiae et aut eum.',NULL,NULL,2,0,'Similique aut facilis odio quo ea consequatur qui.','Distinctio dolorem accusamus modi quos.','2015-11-12 02:54:21','2015-11-12 02:54:21'),(243,'Model','Herman Inc','Small Concrete Pants','802','Debitis iste et officia veritatis alias qui voluptate.','Quis sunt et aperiam.',NULL,NULL,1,0,'Aspernatur quis magnam consequatur eos perspiciatis consequatur qui.','Quia quibusdam quisquam expedita sunt ullam beatae voluptatum.','2015-11-08 06:12:27','2015-11-08 06:12:27'),(244,'Model','Skiles-Heaney','Awesome Steel Gloves','803','Deserunt dolorem fuga aut temporibus dolor harum.','Odio dolore aut optio quae.',NULL,NULL,0,0,'Sunt omnis debitis ad facere ipsa nostrum eveniet quis.','Pariatur porro sequi et est.','2015-11-08 06:12:27','2015-11-08 06:12:27'),(245,'Model','Mohr-Rice','Gorgeous Rubber Pants','804','Consequatur nisi maxime sequi non modi.','Nisi velit sed iste qui perferendis enim natus officiis.',NULL,NULL,0,0,'Odio vitae tempora et natus et debitis maiores asperiores.','Necessitatibus minima et aut et vel.','2015-11-08 06:12:27','2015-11-08 06:12:27'),(246,'Model','Cronin, Schinner and Swift','Small Granite Gloves','805','Tempora aut autem adipisci consequatur.','Distinctio velit itaque minima libero nihil.',NULL,NULL,0,0,'Rem mollitia sit tempore est ut omnis.','Reprehenderit voluptatem natus vel.','2015-11-08 06:12:27','2015-11-08 06:12:27'),(247,'Model','Morissette, Lesch and Oberbrunner','Fantastic Plastic Chair','806','Delectus molestiae cumque voluptatem.','Occaecati dolore dolor ipsam quae.',NULL,NULL,1,0,'Fuga distinctio et consequatur et sit doloremque.','Mollitia error officiis optio qui repellendus sint rerum.','2015-11-08 06:12:27','2015-11-08 06:12:27'),(248,'Model','Bechtelar-Berge','Sleek Concrete Gloves','807','Quidem ut iure temporibus odit ducimus eveniet et.','Debitis commodi recusandae perferendis.',NULL,NULL,0,0,'Unde velit facilis cupiditate officiis.','Voluptatem est dolorem quia explicabo.','2015-11-08 06:12:27','2015-11-08 06:12:27'),(249,'Model','Runte LLC','Intelligent Rubber Shirt','808','Est omnis incidunt aut expedita dignissimos dolore delectus ut.','Et nulla aperiam error accusamus saepe odit mollitia.',NULL,NULL,0,0,'Pariatur sed doloremque nemo non dolore ullam explicabo.','Pariatur tenetur repellendus reprehenderit deleniti aliquid eveniet debitis.','2015-11-08 06:12:27','2015-11-08 06:12:27'),(250,'Model','Gerlach, Deckow and Okuneva','Intelligent Rubber Shoes','809','Aut quia necessitatibus ea voluptatem praesentium dignissimos quibusdam et.','Voluptatem ea beatae repellendus omnis voluptate.',NULL,NULL,3,0,'Maxime ratione dicta voluptatem accusamus aliquid.','Voluptatem et non doloremque.','2015-11-14 02:07:45','2015-11-14 02:07:45'),(251,'Model','Schaden-Spencer','Fantastic Plastic Table','810','Sit est fugiat ratione consectetur dolorem.','Facilis consectetur hic illo quia repellat voluptas voluptatibus.',NULL,NULL,3,0,'Et et doloremque totam fugiat qui.','Magnam deserunt sed nisi ullam temporibus voluptas placeat exercitationem.','2015-11-14 02:07:45','2015-11-14 02:07:45'),(252,'Model','Schamberger Inc','Gorgeous Wooden Pants','811','Eum dolorem dignissimos laudantium non ut qui aut.','Similique est ut eligendi neque ut quas.',NULL,NULL,1,0,'Voluptatem soluta provident sapiente.','Quo facere quisquam sed est assumenda a.','2015-11-14 02:07:45','2015-11-14 02:07:45'),(253,'Model','Heidenreich, Rodriguez and Eichmann','Intelligent Granite Gloves','812','Voluptates suscipit provident ipsum sint.','Facilis fugit sit delectus minima cumque et quia praesentium.',NULL,NULL,0,0,'Cumque vitae libero odit corrupti non quisquam voluptatem laborum.','Suscipit impedit aliquid ducimus.','2015-11-14 02:07:45','2015-11-14 02:07:45'),(254,'Model','Jaskolski, Predovic and Johnson','Small Wooden Computer','813','Consequuntur distinctio optio et exercitationem dicta vel ut voluptatem.','Est doloribus facere quia asperiores illo.',NULL,NULL,2,0,'Eum nulla rerum et doloribus enim distinctio rerum.','Eum quasi et blanditiis commodi.','2015-11-14 02:07:45','2015-11-14 02:07:45'),(255,'Model','Blanda-Price','Gorgeous Granite Pants','814','Rerum nam nihil pariatur dignissimos non quisquam sit.','Fugit eum amet impedit cumque occaecati blanditiis deserunt.',NULL,NULL,2,0,'Est voluptas ab repellendus velit voluptas doloremque.','Recusandae earum asperiores ut occaecati.','2015-11-14 02:07:45','2015-11-14 02:07:45'),(256,'Model','Batz, Witting and Hahn','Incredible Rubber Hat','815','Porro laboriosam necessitatibus perspiciatis rem quia.','Dolor quisquam alias voluptates.',NULL,NULL,1,0,'Sit autem possimus minus autem.','Pariatur quae aut sit.','2015-11-14 02:07:45','2015-11-14 02:07:45'),(257,'Model','Block and Sons','Small Cotton Pants','816','Porro magni beatae maxime amet et error.','Nihil inventore excepturi saepe nisi minima debitis facere incidunt.',NULL,NULL,2,0,'Sunt unde voluptates deleniti ipsam rerum qui quae debitis.','Et est et iusto et omnis aut.','2015-11-14 02:07:45','2015-11-14 02:07:45'),(258,'Model','Wuckert-Hansen','Practical Cotton Shoes','817','Quia fugit libero id laudantium placeat ut.','Eum consequatur laboriosam ab dolore.',NULL,NULL,1,0,'Aut non error occaecati nesciunt nulla cumque nam.','Voluptatem et debitis dolor quo aut.','2015-11-14 02:07:45','2015-11-14 02:07:45'),(259,'Model','Cummings, Muller and Roberts','Awesome Rubber Pants','818','Nam dolorum eos blanditiis beatae voluptatem voluptas.','Hic quam veniam maiores sed.',NULL,NULL,3,0,'Aliquid rerum velit fugit voluptas dolor qui quis.','Est at error voluptates delectus culpa dolorem cupiditate dolores.','2015-11-14 02:07:45','2015-11-14 02:07:45'),(260,'Model','Schmidt-Langosh','Sleek Cotton Table','819','Nihil error vitae consectetur at alias.','Beatae dolor impedit vitae rerum eligendi blanditiis minus optio.',NULL,NULL,1,0,'Et consectetur dignissimos est.','Dolorem et odio cumque dignissimos provident.','2015-11-14 02:07:45','2015-11-14 02:07:45'),(261,'Model','Goodwin, Fahey and Mosciski','Gorgeous Cotton Shirt','820','Sed fugit nihil eos.','Alias omnis iure est.',NULL,NULL,2,0,'Voluptatibus aut vel eos.','Saepe quod provident et iusto voluptatem error.','2015-11-14 02:07:45','2015-11-14 02:07:45'),(262,'Model','Schiller-Kutch','Small Concrete Car','821','Quia quos omnis placeat sapiente est adipisci quasi.','Iure vel quia quod.',NULL,NULL,2,0,'Autem id distinctio est aspernatur libero.','Voluptatum et est eum porro inventore voluptas.','2015-11-14 02:07:45','2015-11-14 02:07:45'),(263,'Model','Hand Group','Practical Granite Shirt','822','Recusandae quibusdam et id aut.','Omnis sed molestias ea.',NULL,NULL,2,0,'Repellat voluptates autem facere ab consequatur quam.','Perspiciatis reiciendis consequatur dolorum et praesentium repellat perferendis.','2015-11-14 02:07:45','2015-11-14 02:07:45'),(264,'Model','Quitzon Group','Practical Cotton Gloves','823','Est amet est quia ut.','Totam molestias et minima adipisci quia dolorem nihil.',NULL,NULL,0,0,'Dolorem qui hic dolor eum architecto fuga perferendis voluptatem.','Laboriosam officiis id veniam accusamus esse cum neque.','2015-11-14 02:07:45','2015-11-14 02:07:45'),(265,'Model','Quigley, Romaguera and Langworth','Incredible Rubber Pants','824','Autem quia officiis aut.','Sed voluptatem similique praesentium id laudantium quasi odio.',NULL,NULL,3,0,'Ea saepe et inventore.','Voluptates et non soluta ea velit.','2015-11-14 02:07:45','2015-11-14 02:07:45'),(266,'Model','Stehr Inc','Ergonomic Granite Car','825','Pariatur rerum consequatur ut.','Quam sit aut sunt qui ut rerum est est.',NULL,NULL,0,0,'Quis mollitia totam enim.','Sunt omnis itaque tempore ex asperiores.','2015-11-14 02:07:45','2015-11-14 02:07:45'),(267,'Model','Block LLC','Gorgeous Plastic Car','826','Velit sequi voluptas voluptatibus.','Maxime totam rem odit error.',NULL,NULL,2,0,'Deserunt molestiae perspiciatis ipsam illum magnam quis.','Cum voluptatem ea iste quia porro.','2015-11-14 02:07:45','2015-11-14 02:07:45');
/*!40000 ALTER TABLE `models` ENABLE KEYS */;
UNLOCK TABLES;

--
-- Table structure for table `models_compatibles`
--

DROP TABLE IF EXISTS `models_compatibles`;
/*!40101 SET @saved_cs_client     = @@character_set_client */;
/*!40101 SET character_set_client = utf8 */;
CREATE TABLE `models_compatibles` (
  `model_id` int(11) DEFAULT NULL,
  `compatible_id` int(11) DEFAULT NULL,
  KEY `index_models_compatibles_on_compatible_id` (`compatible_id`),
  KEY `index_models_compatibles_on_model_id` (`model_id`)
) ENGINE=InnoDB DEFAULT CHARSET=utf8 COLLATE=utf8_unicode_ci;
/*!40101 SET character_set_client = @saved_cs_client */;

--
-- Dumping data for table `models_compatibles`
--

LOCK TABLES `models_compatibles` WRITE;
/*!40000 ALTER TABLE `models_compatibles` DISABLE KEYS */;
INSERT INTO `models_compatibles` VALUES (140,139),(141,139),(142,139);
/*!40000 ALTER TABLE `models_compatibles` ENABLE KEYS */;
UNLOCK TABLES;

--
-- Table structure for table `notifications`
--

DROP TABLE IF EXISTS `notifications`;
/*!40101 SET @saved_cs_client     = @@character_set_client */;
/*!40101 SET character_set_client = utf8 */;
CREATE TABLE `notifications` (
  `id` int(11) NOT NULL AUTO_INCREMENT,
  `user_id` int(11) DEFAULT NULL,
  `title` varchar(255) COLLATE utf8_unicode_ci DEFAULT '',
  `created_at` datetime NOT NULL,
  PRIMARY KEY (`id`),
  KEY `index_notifications_on_user_id` (`user_id`)
) ENGINE=InnoDB DEFAULT CHARSET=utf8 COLLATE=utf8_unicode_ci;
/*!40101 SET character_set_client = @saved_cs_client */;

--
-- Dumping data for table `notifications`
--

LOCK TABLES `notifications` WRITE;
/*!40000 ALTER TABLE `notifications` DISABLE KEYS */;
/*!40000 ALTER TABLE `notifications` ENABLE KEYS */;
UNLOCK TABLES;

--
-- Table structure for table `numerators`
--

DROP TABLE IF EXISTS `numerators`;
/*!40101 SET @saved_cs_client     = @@character_set_client */;
/*!40101 SET character_set_client = utf8 */;
CREATE TABLE `numerators` (
  `id` int(11) NOT NULL AUTO_INCREMENT,
  `item` int(11) DEFAULT NULL,
  PRIMARY KEY (`id`)
) ENGINE=InnoDB DEFAULT CHARSET=utf8 COLLATE=utf8_unicode_ci;
/*!40101 SET character_set_client = @saved_cs_client */;

--
-- Dumping data for table `numerators`
--

LOCK TABLES `numerators` WRITE;
/*!40000 ALTER TABLE `numerators` DISABLE KEYS */;
/*!40000 ALTER TABLE `numerators` ENABLE KEYS */;
UNLOCK TABLES;

--
-- Table structure for table `options`
--

DROP TABLE IF EXISTS `options`;
/*!40101 SET @saved_cs_client     = @@character_set_client */;
/*!40101 SET character_set_client = utf8 */;
CREATE TABLE `options` (
  `id` int(11) NOT NULL AUTO_INCREMENT,
  `inventory_pool_id` int(11) DEFAULT NULL,
  `inventory_code` varchar(255) COLLATE utf8_unicode_ci DEFAULT NULL,
  `manufacturer` varchar(255) COLLATE utf8_unicode_ci DEFAULT NULL,
  `product` varchar(255) COLLATE utf8_unicode_ci NOT NULL,
  `version` varchar(255) COLLATE utf8_unicode_ci DEFAULT NULL,
  `price` decimal(8,2) DEFAULT NULL,
  PRIMARY KEY (`id`),
  KEY `index_options_on_inventory_pool_id` (`inventory_pool_id`)
) ENGINE=InnoDB AUTO_INCREMENT=7 DEFAULT CHARSET=utf8 COLLATE=utf8_unicode_ci;
/*!40101 SET character_set_client = @saved_cs_client */;

--
-- Dumping data for table `options`
--

LOCK TABLES `options` WRITE;
/*!40000 ALTER TABLE `options` DISABLE KEYS */;
INSERT INTO `options` VALUES (1,1,'akku-aa',NULL,'Akku AA','668',936.00),(2,1,'akku-aaa',NULL,'Akku AAA','669',908.00),(3,1,'usb',NULL,'USB Kabel','670',1349.00),(4,1,'per2235',NULL,'Ergonomic Cotton Chair','713',605.00),(5,1,'lab7736',NULL,'Fantastic Steel Hat','715',1241.00),(6,2,'cum8782',NULL,'Sleek Rubber Car','721',937.00);
/*!40000 ALTER TABLE `options` ENABLE KEYS */;
UNLOCK TABLES;

--
-- Table structure for table `partitions`
--

DROP TABLE IF EXISTS `partitions`;
/*!40101 SET @saved_cs_client     = @@character_set_client */;
/*!40101 SET character_set_client = utf8 */;
CREATE TABLE `partitions` (
  `id` int(11) NOT NULL AUTO_INCREMENT,
  `model_id` int(11) DEFAULT NULL,
  `inventory_pool_id` int(11) DEFAULT NULL,
  `group_id` int(11) DEFAULT NULL,
  `quantity` int(11) DEFAULT NULL,
  PRIMARY KEY (`id`),
  UNIQUE KEY `index_partitions_on_model_id_and_inventory_pool_id_and_group_id` (`model_id`,`inventory_pool_id`,`group_id`)
) ENGINE=InnoDB AUTO_INCREMENT=12 DEFAULT CHARSET=utf8 COLLATE=utf8_unicode_ci;
/*!40101 SET character_set_client = @saved_cs_client */;

--
-- Dumping data for table `partitions`
--

LOCK TABLES `partitions` WRITE;
/*!40000 ALTER TABLE `partitions` DISABLE KEYS */;
INSERT INTO `partitions` VALUES (1,107,1,4,1),(2,141,1,5,1),(3,142,1,6,5),(4,140,1,1,1),(5,76,1,1,1),(6,76,1,2,1),(7,221,1,7,1),(8,228,1,7,1),(9,236,1,7,1),(10,246,1,8,1),(11,253,1,7,1);
/*!40000 ALTER TABLE `partitions` ENABLE KEYS */;
UNLOCK TABLES;

--
-- Temporary table structure for view `partitions_with_generals`
--

DROP TABLE IF EXISTS `partitions_with_generals`;
/*!50001 DROP VIEW IF EXISTS `partitions_with_generals`*/;
SET @saved_cs_client     = @@character_set_client;
SET character_set_client = utf8;
/*!50001 CREATE TABLE `partitions_with_generals` (
  `model_id` tinyint NOT NULL,
  `inventory_pool_id` tinyint NOT NULL,
  `group_id` tinyint NOT NULL,
  `quantity` tinyint NOT NULL
) ENGINE=MyISAM */;
SET character_set_client = @saved_cs_client;

--
-- Table structure for table `properties`
--

DROP TABLE IF EXISTS `properties`;
/*!40101 SET @saved_cs_client     = @@character_set_client */;
/*!40101 SET character_set_client = utf8 */;
CREATE TABLE `properties` (
  `id` int(11) NOT NULL AUTO_INCREMENT,
  `model_id` int(11) DEFAULT NULL,
  `key` varchar(255) COLLATE utf8_unicode_ci DEFAULT NULL,
  `value` varchar(255) COLLATE utf8_unicode_ci DEFAULT NULL,
  PRIMARY KEY (`id`),
  KEY `index_properties_on_model_id` (`model_id`)
) ENGINE=InnoDB AUTO_INCREMENT=13 DEFAULT CHARSET=utf8 COLLATE=utf8_unicode_ci;
/*!40101 SET character_set_client = @saved_cs_client */;

--
-- Dumping data for table `properties`
--

LOCK TABLES `properties` WRITE;
/*!40000 ALTER TABLE `properties` DISABLE KEYS */;
INSERT INTO `properties` VALUES (1,140,'Rotorduchmesser','120'),(2,140,'Akkus','2'),(3,140,'Farbe','Rot'),(4,141,'Rotorduchmesser','120'),(5,141,'Akkus','2'),(6,141,'Farbe','Rot'),(7,141,'max. Speed','80 kmh'),(8,141,'Gyro','Ja'),(9,141,'Achsen','3-Achsen'),(10,142,'Rotorduchmesser','120'),(11,142,'Akkus','2'),(12,142,'Farbe','Rot');
/*!40000 ALTER TABLE `properties` ENABLE KEYS */;
UNLOCK TABLES;

--
-- Table structure for table `purposes`
--

DROP TABLE IF EXISTS `purposes`;
/*!40101 SET @saved_cs_client     = @@character_set_client */;
/*!40101 SET character_set_client = utf8 */;
CREATE TABLE `purposes` (
  `id` int(11) NOT NULL AUTO_INCREMENT,
  `description` text COLLATE utf8_unicode_ci,
  PRIMARY KEY (`id`)
) ENGINE=InnoDB AUTO_INCREMENT=42 DEFAULT CHARSET=utf8 COLLATE=utf8_unicode_ci;
/*!40101 SET character_set_client = @saved_cs_client */;

--
-- Dumping data for table `purposes`
--

LOCK TABLES `purposes` WRITE;
/*!40000 ALTER TABLE `purposes` DISABLE KEYS */;
INSERT INTO `purposes` VALUES (1,'---\n- Deleniti accusantium unde dolor nesciunt consequatur.\n- Est maiores quasi ut maxime eius id.\n'),(2,'---\n- Sed quam voluptatem quia enim repellat et.\n- Pariatur repellat quia rem facilis dolorum qui aliquam.\n'),(3,'Ersatzstativ fr die Ausstellung.'),(4,'Ersatzstativ fr die Ausstellung.'),(5,'Ersatzstativ fr die Ausstellung.'),(6,'Odit ea est ut eaque nihil libero harum.'),(7,'Laboriosam doloremque soluta rerum error voluptas quasi voluptatem.'),(8,'Inventore voluptas unde optio.'),(9,'Ex unde sunt neque numquam provident itaque aut non.'),(10,'Delectus hic illo enim commodi.'),(11,'Aut autem rerum et hic ducimus deserunt voluptas pariatur.'),(12,'Bentige ich fr die Aufnahmen meiner Abschlussarbeit.'),(13,'Dolorem non voluptatem est cumque minus.'),(14,'Tenetur rerum eos ut eius sit aperiam cumque.'),(15,'Ersatzstativ fr die Ausstellung.'),(16,'Fr das zweite Austellungswochenende.'),(17,'Fr das dritte Austellungswochenende.'),(18,'Fr die Abschlussarbeit.'),(19,'Ersatzstativ fr die Ausstellung.'),(20,'Bestellung mit Software'),(21,'Um meine Abschlussarbeit zu fotografieren.'),(22,'Voluptas expedita magnam occaecati dolorum nobis quisquam alias.'),(23,'Um meine Abschlussarbeit zu fotografieren.'),(24,'Um meine Abschlussarbeit zu fotografieren.'),(25,'Paketausgabe'),(26,'Fr meinen aktuellen Kurs.'),(27,'Ersatzstativ fr die Ausstellung.'),(28,'Um meine Abschlussarbeit zu fotografieren.'),(29,'Ersatzstativ fr die Ausstellung.'),(30,'Ersatzstativ fr die Ausstellung.'),(31,'Ersatzstativ fr die Ausstellung.'),(32,'Ersatzstativ fr die Ausstellung.'),(33,'Ersatzstativ fr die Ausstellung.'),(34,'Ersatzstativ fr die Ausstellung.'),(35,'Ersatzstativ fr die Ausstellung.'),(36,'Ersatzstativ fr die Ausstellung.'),(37,'Ersatzstativ fr die Ausstellung.'),(38,'Fotoshooting (Kurs Fotografie).'),(39,'Brauche ich zwingend fr meinen Kurs.'),(40,'Ganz dringend bentigt fr meine Abschlussarbeit.'),(41,'Als Ersatz.');
/*!40000 ALTER TABLE `purposes` ENABLE KEYS */;
UNLOCK TABLES;

--
-- Table structure for table `schema_migrations`
--

DROP TABLE IF EXISTS `schema_migrations`;
/*!40101 SET @saved_cs_client     = @@character_set_client */;
/*!40101 SET character_set_client = utf8 */;
CREATE TABLE `schema_migrations` (
  `version` varchar(255) COLLATE utf8_unicode_ci NOT NULL,
  UNIQUE KEY `unique_schema_migrations` (`version`)
) ENGINE=InnoDB DEFAULT CHARSET=utf8 COLLATE=utf8_unicode_ci;
/*!40101 SET character_set_client = @saved_cs_client */;

--
-- Dumping data for table `schema_migrations`
--

LOCK TABLES `schema_migrations` WRITE;
/*!40000 ALTER TABLE `schema_migrations` DISABLE KEYS */;
INSERT INTO `schema_migrations` VALUES ('20140410180000'),('20140414100000'),('20140415083535'),('20140417113831'),('20140428092844'),('20140515131025');
/*!40000 ALTER TABLE `schema_migrations` ENABLE KEYS */;
UNLOCK TABLES;

--
-- Table structure for table `settings`
--

DROP TABLE IF EXISTS `settings`;
/*!40101 SET @saved_cs_client     = @@character_set_client */;
/*!40101 SET character_set_client = utf8 */;
CREATE TABLE `settings` (
  `id` int(11) NOT NULL AUTO_INCREMENT,
  `smtp_address` varchar(255) COLLATE utf8_unicode_ci DEFAULT NULL,
  `smtp_port` int(11) DEFAULT NULL,
  `smtp_domain` varchar(255) COLLATE utf8_unicode_ci DEFAULT NULL,
  `local_currency_string` varchar(255) COLLATE utf8_unicode_ci DEFAULT NULL,
  `contract_terms` text COLLATE utf8_unicode_ci,
  `contract_lending_party_string` text COLLATE utf8_unicode_ci,
  `email_signature` varchar(255) COLLATE utf8_unicode_ci DEFAULT NULL,
  `default_email` varchar(255) COLLATE utf8_unicode_ci DEFAULT NULL,
  `deliver_order_notifications` tinyint(1) DEFAULT NULL,
  `user_image_url` varchar(255) COLLATE utf8_unicode_ci DEFAULT NULL,
  `ldap_config` varchar(255) COLLATE utf8_unicode_ci DEFAULT NULL,
  `logo_url` varchar(255) COLLATE utf8_unicode_ci DEFAULT NULL,
  `mail_delivery_method` varchar(255) COLLATE utf8_unicode_ci DEFAULT NULL,
  `smtp_username` varchar(255) COLLATE utf8_unicode_ci DEFAULT NULL,
  `smtp_password` varchar(255) COLLATE utf8_unicode_ci DEFAULT NULL,
  `smtp_enable_starttls_auto` tinyint(1) NOT NULL DEFAULT '0',
  `smtp_openssl_verify_mode` varchar(255) COLLATE utf8_unicode_ci NOT NULL DEFAULT 'none',
  `time_zone` varchar(255) COLLATE utf8_unicode_ci NOT NULL DEFAULT 'Bern',
  `disable_manage_section` tinyint(1) NOT NULL DEFAULT '0',
  `disable_manage_section_message` text COLLATE utf8_unicode_ci,
  `disable_borrow_section` tinyint(1) NOT NULL DEFAULT '0',
  `disable_borrow_section_message` text COLLATE utf8_unicode_ci,
  `text` text COLLATE utf8_unicode_ci,
  PRIMARY KEY (`id`)
) ENGINE=InnoDB AUTO_INCREMENT=2 DEFAULT CHARSET=utf8 COLLATE=utf8_unicode_ci;
/*!40101 SET character_set_client = @saved_cs_client */;

--
-- Dumping data for table `settings`
--

LOCK TABLES `settings` WRITE;
/*!40000 ALTER TABLE `settings` DISABLE KEYS */;
INSERT INTO `settings` VALUES (1,'smtp.zhdk.ch',25,'beta.ausleihe.zhdk.ch','CHF','Die Benutzerin/der Benutzer ist bei unsachgemsser Handhabung oder Verlust schadenersatzpflichtig. Sie/Er verpflichtet sich, das Material sorgfltig zu behandeln und gereinigt zu retournieren. Bei mangelbehafteter oder verspteter Rckgabe kann eine Ausleihsperre (bis zu 6 Monaten) verhngt werden. Das geliehene Material bleibt jederzeit uneingeschrnktes Eigentum der Zrcher Hochschule der Knste und darf ausschliesslich fr schulische Zwecke eingesetzt werden. Mit ihrer/seiner Unterschrift akzeptiert die Benutzerin/der Benutzer diese Bedingungen sowie die \'Richtlinie zur Ausleihe von Sachen\' der ZHdK und etwaige abteilungsspezifische Ausleih-Richtlinien.','Your\nAddress\nHere','Das PZ-leihs Team','sender@example.com',0,'http://www.zhdk.ch/?person/foto&width=100&compressionlevel=0&id={:id}',NULL,'/assets/image-logo-zhdk.png','test',NULL,NULL,0,'none','Bern',0,'',0,'',NULL);
/*!40000 ALTER TABLE `settings` ENABLE KEYS */;
UNLOCK TABLES;

--
-- Table structure for table `suppliers`
--

DROP TABLE IF EXISTS `suppliers`;
/*!40101 SET @saved_cs_client     = @@character_set_client */;
/*!40101 SET character_set_client = utf8 */;
CREATE TABLE `suppliers` (
  `id` int(11) NOT NULL AUTO_INCREMENT,
  `name` varchar(255) COLLATE utf8_unicode_ci DEFAULT NULL,
  `created_at` datetime DEFAULT NULL,
  `updated_at` datetime DEFAULT NULL,
  PRIMARY KEY (`id`)
) ENGINE=InnoDB AUTO_INCREMENT=240 DEFAULT CHARSET=utf8 COLLATE=utf8_unicode_ci;
/*!40101 SET character_set_client = @saved_cs_client */;

--
-- Dumping data for table `suppliers`
--

LOCK TABLES `suppliers` WRITE;
/*!40000 ALTER TABLE `suppliers` DISABLE KEYS */;
INSERT INTO `suppliers` VALUES (1,'rerumquiaaccusantium','2015-11-14 02:07:45','2015-11-14 02:07:45'),(2,'hiccorporiset','2015-11-14 02:07:45','2015-11-14 02:07:45'),(3,'cumquesolutadoloremque','2015-11-14 02:07:45','2015-11-14 02:07:45'),(4,'sitnonvoluptatem','2015-11-14 02:07:45','2015-11-14 02:07:45'),(5,'inmaioresdeleniti','2015-11-14 02:07:45','2015-11-14 02:07:45'),(6,'minusnonmolestiae','2015-11-14 02:07:45','2015-11-14 02:07:45'),(7,'eaqueipsavoluptas','2015-11-14 02:07:45','2015-11-14 02:07:45'),(8,'nihiletet','2015-11-14 02:07:45','2015-11-14 02:07:45'),(9,'quirationeesse','2015-11-14 02:07:45','2015-11-14 02:07:45'),(10,'inciduntrationehic','2015-11-14 02:07:45','2015-11-14 02:07:45'),(11,'dolorumetad','2015-11-14 02:07:45','2015-11-14 02:07:45'),(12,'eosassumendavero','2015-11-14 02:07:45','2015-11-14 02:07:45'),(13,'adnatusconsequatur','2015-11-14 02:07:45','2015-11-14 02:07:45'),(14,'eaquevelitnon','2015-11-14 02:07:45','2015-11-14 02:07:45'),(15,'inciduntnamut','2015-11-14 02:07:45','2015-11-14 02:07:45'),(16,'repellatdoloremsit','2015-11-14 02:07:45','2015-11-14 02:07:45'),(17,'evenietperspiciatisnisi','2015-11-14 02:07:45','2015-11-14 02:07:45'),(18,'adoccaecatiamet','2015-11-14 02:07:45','2015-11-14 02:07:45'),(19,'quamaccusantiumnam','2015-11-14 02:07:45','2015-11-14 02:07:45'),(20,'nondoloresitaque','2015-11-14 02:07:45','2015-11-14 02:07:45'),(21,'iustosedipsa','2015-11-14 02:07:45','2015-11-14 02:07:45'),(22,'itaquelaboriosamest','2015-11-14 02:07:45','2015-11-14 02:07:45'),(23,'oditquoeveniet','2015-11-14 02:07:45','2015-11-14 02:07:45'),(24,'porrovoluptatibusoptio','2015-11-14 02:07:45','2015-11-14 02:07:45'),(25,'voluptatemiustotenetur','2015-11-14 02:07:45','2015-11-14 02:07:45'),(26,'sedetdolores','2015-11-14 02:07:45','2015-11-14 02:07:45'),(27,'voluptatesquiavero','2015-11-14 02:07:45','2015-11-14 02:07:45'),(28,'laboriosamquaevel','2015-11-14 02:07:45','2015-11-14 02:07:45'),(29,'omnisenimlaboriosam','2015-11-14 02:07:45','2015-11-14 02:07:45'),(30,'commoditemporaaliquid','2015-11-14 02:07:45','2015-11-14 02:07:45'),(31,'necessitatibusvoluptatumconsectetur','2015-11-14 02:07:45','2015-11-14 02:07:45'),(32,'asperioresrationeautem','2015-11-14 02:07:45','2015-11-14 02:07:45'),(33,'distinctiooptionulla','2015-11-14 02:07:45','2015-11-14 02:07:45'),(34,'idnobissed','2015-11-14 02:07:45','2015-11-14 02:07:45'),(35,'accusantiumvoluptasvel','2015-11-14 02:07:45','2015-11-14 02:07:45'),(36,'etveritatisofficiis','2015-11-14 02:07:45','2015-11-14 02:07:45'),(37,'consectetursitomnis','2015-11-14 02:07:45','2015-11-14 02:07:45'),(38,'veniammolestiasconsequuntur','2015-11-14 02:07:45','2015-11-14 02:07:45'),(39,'eosrepellendusvel','2015-11-14 02:07:45','2015-11-14 02:07:45'),(40,'quasiaccusamusconsequatur','2015-11-14 02:07:45','2015-11-14 02:07:45'),(41,'omnisdebitisoptio','2015-11-14 02:07:45','2015-11-14 02:07:45'),(42,'hiccorruptimodi','2015-11-14 02:07:45','2015-11-14 02:07:45'),(43,'teneturquaeratut','2015-11-14 02:07:45','2015-11-14 02:07:45'),(44,'natusquasconsequuntur','2015-11-14 02:07:45','2015-11-14 02:07:45'),(45,'aliquidexcepturirerum','2015-11-14 02:07:45','2015-11-14 02:07:45'),(46,'praesentiumdeseruntfugiat','2015-11-14 02:07:45','2015-11-14 02:07:45'),(47,'numquamculpamaiores','2015-11-14 02:07:45','2015-11-14 02:07:45'),(48,'consequuntursedquasi','2015-11-14 02:07:45','2015-11-14 02:07:45'),(49,'etnequeesse','2015-11-14 02:07:45','2015-11-14 02:07:45'),(50,'voluptasconsequaturautem','2015-11-14 02:07:45','2015-11-14 02:07:45'),(51,'reprehenderitcorporisqui','2015-11-14 02:07:45','2015-11-14 02:07:45'),(52,'eossedmaxime','2015-11-14 02:07:45','2015-11-14 02:07:45'),(53,'dolorsuntrepellendus','2015-11-14 02:07:45','2015-11-14 02:07:45'),(54,'officiafacilisassumenda','2015-11-14 02:07:45','2015-11-14 02:07:45'),(55,'veniamsedeveniet','2015-11-14 02:07:45','2015-11-14 02:07:45'),(56,'etutvoluptatibus','2015-11-14 02:07:45','2015-11-14 02:07:45'),(57,'aliquidpraesentiumtemporibus','2015-11-14 02:07:45','2015-11-14 02:07:45'),(58,'assumendadignissimossoluta','2015-11-14 02:07:45','2015-11-14 02:07:45'),(59,'laboremagniquia','2015-11-14 02:07:45','2015-11-14 02:07:45'),(60,'velitanisi','2015-11-14 02:07:45','2015-11-14 02:07:45'),(61,'istesapienteconsectetur','2015-11-14 02:07:45','2015-11-14 02:07:45'),(62,'enimnatusquae','2015-11-14 02:07:45','2015-11-14 02:07:45'),(63,'nihilpariatursed','2015-11-14 02:07:45','2015-11-14 02:07:45'),(64,'vitaeautemdolorem','2015-11-14 02:07:45','2015-11-14 02:07:45'),(65,'quodsedet','2015-11-14 02:07:45','2015-11-14 02:07:45'),(66,'dignissimosvoluptasest','2015-11-14 02:07:45','2015-11-14 02:07:45'),(67,'consequaturundeconsequatur','2015-11-14 02:07:45','2015-11-14 02:07:45'),(68,'aperiamestfugiat','2015-11-14 02:07:45','2015-11-14 02:07:45'),(69,'itaqueenimarchitecto','2015-11-14 02:07:45','2015-11-14 02:07:45'),(70,'verodoloremquaerat','2015-11-14 02:07:45','2015-11-14 02:07:45'),(71,'corruptiteneturdolor','2015-11-14 02:07:45','2015-11-14 02:07:45'),(72,'adutet','2015-11-14 02:07:45','2015-11-14 02:07:45'),(73,'etofficiismagnam','2015-11-14 02:07:45','2015-11-14 02:07:45'),(74,'perferendisanimidolor','2015-11-14 02:07:45','2015-11-14 02:07:45'),(75,'suntcommodiqui','2015-11-14 02:07:45','2015-11-14 02:07:45'),(76,'errorsitet','2015-11-14 02:07:45','2015-11-14 02:07:45'),(77,'velitintempora','2015-11-14 02:07:45','2015-11-14 02:07:45'),(78,'aliquidvitaenon','2015-11-14 02:07:45','2015-11-14 02:07:45'),(79,'tenetureumaut','2015-11-14 02:07:45','2015-11-14 02:07:45'),(80,'repellatveniamconsequuntur','2015-11-14 02:07:45','2015-11-14 02:07:45'),(81,'cumquenihilrerum','2015-11-14 02:07:45','2015-11-14 02:07:45'),(82,'maioresvoluptatemest','2015-11-14 02:07:45','2015-11-14 02:07:45'),(83,'maioresperferendisfugiat','2015-11-14 02:07:45','2015-11-14 02:07:45'),(84,'ipsaplaceatipsum','2015-11-14 02:07:45','2015-11-14 02:07:45'),(85,'officiaetnihil','2015-11-14 02:07:45','2015-11-14 02:07:45'),(86,'voluptatibusinciduntimpedit','2015-11-14 02:07:45','2015-11-14 02:07:45'),(87,'asperioresnesciuntquia','2015-11-14 02:07:45','2015-11-14 02:07:45'),(88,'placeatautemullam','2015-11-14 02:07:45','2015-11-14 02:07:45'),(89,'aperiamsimiliqueconsectetur','2015-11-14 02:07:45','2015-11-14 02:07:45'),(90,'velitdignissimosratione','2015-11-14 02:07:45','2015-11-14 02:07:45'),(91,'utquaealiquam','2015-11-14 02:07:45','2015-11-14 02:07:45'),(92,'nonquivoluptates','2015-11-14 02:07:45','2015-11-14 02:07:45'),(93,'laboriosamautut','2015-11-14 02:07:45','2015-11-14 02:07:45'),(94,'cumquisquamsaepe','2015-11-14 02:07:45','2015-11-14 02:07:45'),(95,'consequunturquomaiores','2015-11-14 02:07:45','2015-11-14 02:07:45'),(96,'hicharumenim','2015-11-14 02:07:45','2015-11-14 02:07:45'),(97,'ametofficiamaiores','2015-11-14 02:07:45','2015-11-14 02:07:45'),(98,'quasiilloreiciendis','2015-11-14 02:07:45','2015-11-14 02:07:45'),(99,'deseruntnihilfugit','2015-11-14 02:07:45','2015-11-14 02:07:45'),(100,'ipsumutexcepturi','2015-11-14 02:07:45','2015-11-14 02:07:45'),(101,'eteaquesed','2015-11-14 02:07:45','2015-11-14 02:07:45'),(102,'temporibusatquevitae','2015-11-14 02:07:45','2015-11-14 02:07:45'),(103,'undevoluptatemquidem','2015-11-14 02:07:45','2015-11-14 02:07:45'),(104,'molestiaearchitectocorrupti','2015-11-14 02:07:45','2015-11-14 02:07:45'),(105,'eligendirepellataut','2015-11-14 02:07:45','2015-11-14 02:07:45'),(106,'utsuntcommodi','2015-11-14 02:07:45','2015-11-14 02:07:45'),(107,'numquammolestiasmaxime','2015-11-14 02:07:45','2015-11-14 02:07:45'),(108,'eosharumfuga','2015-11-14 02:07:45','2015-11-14 02:07:45'),(109,'iustoipsumrepudiandae','2015-11-14 02:07:45','2015-11-14 02:07:45'),(110,'namreiciendisnecessitatibus','2015-11-14 02:07:45','2015-11-14 02:07:45'),(111,'perferendisquamquaerat','2015-11-14 02:07:45','2015-11-14 02:07:45'),(112,'dignissimoseosminus','2015-11-14 02:07:45','2015-11-14 02:07:45'),(113,'cumqueautemid','2015-11-14 02:07:45','2015-11-14 02:07:45'),(114,'voluptatemmaioresplaceat','2015-11-14 02:07:45','2015-11-14 02:07:45'),(115,'delenitietnobis','2015-11-14 02:07:45','2015-11-14 02:07:45'),(116,'aliasquisquamin','2015-11-14 02:07:45','2015-11-14 02:07:45'),(117,'corruptiteneturbeatae','2015-11-14 02:07:45','2015-11-14 02:07:45'),(118,'nesciuntlaudantiumquia','2015-11-14 02:07:45','2015-11-14 02:07:45'),(119,'repellattemporaarchitecto','2015-11-14 02:07:45','2015-11-14 02:07:45'),(120,'minusetprovident','2015-11-14 02:07:45','2015-11-14 02:07:45'),(121,'inatconsequatur','2015-11-14 02:07:45','2015-11-14 02:07:45'),(122,'abnonsint','2015-11-14 02:07:45','2015-11-14 02:07:45'),(123,'quaesedassumenda','2015-11-14 02:07:45','2015-11-14 02:07:45'),(124,'teneturfacilisrepudiandae','2015-11-14 02:07:45','2015-11-14 02:07:45'),(125,'asperioresquamfugit','2015-11-14 02:07:45','2015-11-14 02:07:45'),(126,'molestiaerationedebitis','2015-11-14 02:07:45','2015-11-14 02:07:45'),(127,'fugiatpossimusmaxime','2015-11-14 02:07:45','2015-11-14 02:07:45'),(128,'cumundeut','2015-11-14 02:07:45','2015-11-14 02:07:45'),(129,'eummollitianatus','2015-11-14 02:07:45','2015-11-14 02:07:45'),(130,'eligendiisteadipisci','2015-11-14 02:07:45','2015-11-14 02:07:45'),(131,'etutdistinctio','2015-11-14 02:07:45','2015-11-14 02:07:45'),(132,'quisquamcorruptinon','2015-11-14 02:07:45','2015-11-14 02:07:45'),(133,'insuntexpedita','2015-11-14 02:07:45','2015-11-14 02:07:45'),(134,'etautemvero','2015-11-14 02:07:45','2015-11-14 02:07:45'),(135,'quooptiovoluptatem','2015-11-14 02:07:45','2015-11-14 02:07:45'),(136,'minusetquia','2015-11-14 02:07:45','2015-11-14 02:07:45'),(137,'optioinciduntet','2015-11-14 02:07:45','2015-11-14 02:07:45'),(138,'velitofficiisquia','2015-11-14 02:07:45','2015-11-14 02:07:45'),(139,'nihilvoluptatemnon','2015-11-14 02:07:45','2015-11-14 02:07:45'),(140,'nisiiustocum','2015-11-14 02:07:45','2015-11-14 02:07:45'),(141,'doloreexpeditaqui','2015-11-14 02:07:45','2015-11-14 02:07:45'),(142,'consecteturinet','2015-11-14 02:07:45','2015-11-14 02:07:45'),(143,'voluptasdoloresquia','2015-11-14 02:07:45','2015-11-14 02:07:45'),(144,'quioccaecatisapiente','2015-11-14 02:07:45','2015-11-14 02:07:45'),(145,'natuseosea','2015-11-14 02:07:45','2015-11-14 02:07:45'),(146,'estsintet','2015-11-09 00:00:00','2015-11-09 00:00:00'),(147,'dolorfugacumque','2015-11-09 00:00:00','2015-11-09 00:00:00'),(148,'essefaceremaiores','2015-11-09 00:00:00','2015-11-09 00:00:00'),(149,'nequeetdelectus','2015-11-14 02:07:45','2015-11-14 02:07:45'),(150,'autemeospossimus','2015-11-14 02:07:45','2015-11-14 02:07:45'),(151,'debitisrepudiandaeut','2015-11-14 02:07:45','2015-11-14 02:07:45'),(152,'quiavoluptatemsint','2015-11-14 02:07:45','2015-11-14 02:07:45'),(153,'hicaccusantiumesse','2015-11-14 02:07:45','2015-11-14 02:07:45'),(154,'accusantiumtotamquis','2015-11-14 02:07:45','2015-11-14 02:07:45'),(155,'dolorumatmagnam','2015-11-14 02:07:45','2015-11-14 02:07:45'),(156,'officiafugiatquia','2015-11-14 02:07:45','2015-11-14 02:07:45'),(157,'illumautiste','2015-11-14 02:07:45','2015-11-14 02:07:45'),(158,'fugalaboriosamdelectus','2015-11-14 02:07:45','2015-11-14 02:07:45'),(159,'eumvelittemporibus','2015-11-14 02:07:45','2015-11-14 02:07:45'),(160,'optiocupiditateet','2015-11-14 02:07:45','2015-11-14 02:07:45'),(161,'earuminventoreab','2015-11-14 02:07:45','2015-11-14 02:07:45'),(162,'hicnequevelit','2015-11-09 00:00:00','2015-11-09 00:00:00'),(163,'voluptatumquislaudantium','2015-11-09 00:00:00','2015-11-09 00:00:00'),(164,'exetnulla','2015-11-09 00:00:00','2015-11-09 00:00:00'),(165,'aliasautqui','2015-11-09 00:00:00','2015-11-09 00:00:00'),(166,'porroetad','2015-11-14 02:07:45','2015-11-14 02:07:45'),(167,'utdoloremblanditiis','2015-11-14 02:07:45','2015-11-14 02:07:45'),(168,'estvoluptasvoluptas','2015-11-14 02:07:45','2015-11-14 02:07:45'),(169,'animirepudiandaeaperiam','2015-11-14 02:07:45','2015-11-14 02:07:45'),(170,'facilisetdolorem','2015-11-14 02:07:45','2015-11-14 02:07:45'),(171,'autsuntipsa','2015-11-14 02:07:45','2015-11-14 02:07:45'),(172,'doloressitmagnam','2015-11-14 02:07:45','2015-11-14 02:07:45'),(173,'quositet','2015-11-14 02:07:45','2015-11-14 02:07:45'),(174,'veniamimpedita','2015-11-14 02:07:45','2015-11-14 02:07:45'),(175,'culpaundereprehenderit','2015-11-14 02:07:45','2015-11-14 02:07:45'),(176,'pariatursedillo','2015-11-14 02:07:45','2015-11-14 02:07:45'),(177,'nihiletharum','2015-11-14 02:07:45','2015-11-14 02:07:45'),(178,'expeditamollitiareiciendis','2015-11-14 02:07:45','2015-11-14 02:07:45'),(179,'deseruntmolestiassit','2015-11-14 02:07:45','2015-11-14 02:07:45'),(180,'voluptasdeseruntdolores','2015-11-14 02:07:45','2015-11-14 02:07:45'),(181,'dolorumdoloribusveritatis','2015-11-14 02:07:45','2015-11-14 02:07:45'),(182,'quamvelitautem','2015-11-14 02:07:45','2015-11-14 02:07:45'),(183,'rationeautsunt','2015-11-14 02:07:45','2015-11-14 02:07:45'),(184,'etperspiciatisoptio','2015-11-14 02:07:45','2015-11-14 02:07:45'),(185,'utoditnatus','2015-11-14 02:07:45','2015-11-14 02:07:45'),(186,'quomolestiasvoluptas','2015-11-14 02:07:45','2015-11-14 02:07:45'),(187,'delectusaliasoptio','2015-11-14 02:07:45','2015-11-14 02:07:45'),(188,'molestiaseumearum','2015-11-14 02:07:45','2015-11-14 02:07:45'),(189,'suntatquereiciendis','2015-11-14 02:07:45','2015-11-14 02:07:45'),(190,'doloresculpasuscipit','2015-11-14 02:07:45','2015-11-14 02:07:45'),(191,'consequaturdebitiseaque','2015-11-14 02:07:45','2015-11-14 02:07:45'),(192,'quosuntin','2015-11-14 02:07:45','2015-11-14 02:07:45'),(193,'teneturducimusdolores','2015-11-14 02:07:45','2015-11-14 02:07:45'),(194,'maioresutearum','2015-11-12 16:51:52','2015-11-12 16:51:52'),(195,'utnostrumodit','2015-11-12 16:51:52','2015-11-12 16:51:52'),(196,'officiisporroeaque','2015-11-12 16:51:53','2015-11-12 16:51:53'),(197,'voluptatesofficiiset','2015-11-12 16:51:53','2015-11-12 16:51:53'),(198,'etetquos','2015-11-12 16:51:53','2015-11-12 16:51:53'),(199,'consequaturetveritatis','2015-11-12 16:51:53','2015-11-12 16:51:53'),(200,'nisiconsequunturducimus','2015-11-12 16:51:53','2015-11-12 16:51:53'),(201,'totamminusalias','2015-11-12 16:51:53','2015-11-12 16:51:53'),(202,'remvoluptassint','2015-11-12 16:51:53','2015-11-12 16:51:53'),(203,'itaquenonnulla','2015-11-12 16:51:53','2015-11-12 16:51:53'),(204,'quidemblanditiisut','2015-11-12 16:51:53','2015-11-12 16:51:53'),(205,'autemrepudiandaeeum','2015-11-12 16:51:53','2015-11-12 16:51:53'),(206,'doloresetdistinctio','2015-11-12 16:51:53','2015-11-12 16:51:53'),(207,'explicabominimaaut','2015-11-12 16:51:53','2015-11-12 16:51:53'),(208,'eiusnequeexplicabo','2015-11-12 16:51:53','2015-11-12 16:51:53'),(209,'doloremconsequatursaepe','2015-11-12 16:51:53','2015-11-12 16:51:53'),(210,'laboriosamestquisquam','2015-11-12 16:51:53','2015-11-12 16:51:53'),(211,'etabvitae','2015-11-12 16:51:53','2015-11-12 16:51:53'),(212,'aliquiddoloribusaperiam','2015-11-12 16:51:53','2015-11-12 16:51:53'),(213,'sinttotamratione','2015-11-12 16:51:53','2015-11-12 16:51:53'),(214,'repudiandaeprovidentfugit','2015-11-12 02:54:21','2015-11-12 02:54:21'),(215,'remeteum','2015-11-12 02:54:21','2015-11-12 02:54:21'),(216,'placeatrationefacere','2015-11-12 02:54:21','2015-11-12 02:54:21'),(217,'atdoloremquemollitia','2015-11-08 06:12:27','2015-11-08 06:12:27'),(218,'sedetnostrum','2015-11-08 06:12:27','2015-11-08 06:12:27'),(219,'suntquiamollitia','2015-11-08 06:12:27','2015-11-08 06:12:27'),(220,'repellenduspossimusdolor','2015-11-08 06:12:27','2015-11-08 06:12:27'),(221,'deseruntculpaut','2015-11-08 06:12:27','2015-11-08 06:12:27'),(222,'etpraesentiumaut','2015-11-08 06:12:27','2015-11-08 06:12:27'),(223,'eumdoloremquerecusandae','2015-11-14 02:07:45','2015-11-14 02:07:45'),(224,'aperiamofficiiset','2015-11-14 02:07:45','2015-11-14 02:07:45'),(225,'praesentiumcumqueneque','2015-11-14 02:07:45','2015-11-14 02:07:45'),(226,'evenietestquam','2015-11-14 02:07:45','2015-11-14 02:07:45'),(227,'officiaodiomagni','2015-11-14 02:07:45','2015-11-14 02:07:45'),(228,'minimaporrooptio','2015-11-14 02:07:45','2015-11-14 02:07:45'),(229,'possimusipsamqui','2015-11-14 02:07:45','2015-11-14 02:07:45'),(230,'doloresaliaslabore','2015-11-14 02:07:45','2015-11-14 02:07:45'),(231,'voluptaseanon','2015-11-14 02:07:45','2015-11-14 02:07:45'),(232,'assumendalaudantiumqui','2015-11-14 02:07:45','2015-11-14 02:07:45'),(233,'consequunturametquos','2015-11-14 02:07:45','2015-11-14 02:07:45'),(234,'quaeoccaecatiautem','2015-11-14 02:07:45','2015-11-14 02:07:45'),(235,'rerumnesciuntdolor','2015-11-14 02:07:45','2015-11-14 02:07:45'),(236,'quiasitnon','2015-11-14 02:07:45','2015-11-14 02:07:45'),(237,'etfacilisea','2015-11-14 02:07:45','2015-11-14 02:07:45'),(238,'voluptatedeserunteligendi','2015-11-14 02:07:45','2015-11-14 02:07:45'),(239,'praesentiumsintcumque','2015-11-14 02:07:45','2015-11-14 02:07:45');
/*!40000 ALTER TABLE `suppliers` ENABLE KEYS */;
UNLOCK TABLES;

--
-- Table structure for table `users`
--

DROP TABLE IF EXISTS `users`;
/*!40101 SET @saved_cs_client     = @@character_set_client */;
/*!40101 SET character_set_client = utf8 */;
CREATE TABLE `users` (
  `id` int(11) NOT NULL AUTO_INCREMENT,
  `login` varchar(255) COLLATE utf8_unicode_ci DEFAULT NULL,
  `firstname` varchar(255) COLLATE utf8_unicode_ci DEFAULT NULL,
  `lastname` varchar(255) COLLATE utf8_unicode_ci DEFAULT NULL,
  `phone` varchar(255) COLLATE utf8_unicode_ci DEFAULT NULL,
  `authentication_system_id` int(11) DEFAULT '1',
  `unique_id` varchar(255) COLLATE utf8_unicode_ci DEFAULT NULL,
  `email` varchar(255) COLLATE utf8_unicode_ci DEFAULT NULL,
  `badge_id` varchar(255) COLLATE utf8_unicode_ci DEFAULT NULL,
  `address` varchar(255) COLLATE utf8_unicode_ci DEFAULT NULL,
  `city` varchar(255) COLLATE utf8_unicode_ci DEFAULT NULL,
  `zip` varchar(255) COLLATE utf8_unicode_ci DEFAULT NULL,
  `country` varchar(255) COLLATE utf8_unicode_ci DEFAULT NULL,
  `language_id` int(11) DEFAULT NULL,
  `extended_info` text COLLATE utf8_unicode_ci,
  `settings` varchar(1024) COLLATE utf8_unicode_ci DEFAULT NULL,
  `created_at` datetime DEFAULT NULL,
  `updated_at` datetime DEFAULT NULL,
  `delegator_user_id` int(11) DEFAULT NULL,
  PRIMARY KEY (`id`),
  KEY `index_users_on_authentication_system_id` (`authentication_system_id`)
) ENGINE=InnoDB AUTO_INCREMENT=35 DEFAULT CHARSET=utf8 COLLATE=utf8_unicode_ci;
/*!40101 SET character_set_client = @saved_cs_client */;

--
-- Dumping data for table `users`
--

LOCK TABLES `users` WRITE;
/*!40000 ALTER TABLE `users` DISABLE KEYS */;
INSERT INTO `users` VALUES (1,'gino','Gino','F.','0800792003',1,'naunbi7psd8u9nfk2i','gino@zhdk.ch','3b6ybhvq85v36zgehp','19343 Bogan Islands','Orrinside','S-U3N 6YZ','Sudan',2,NULL,'--- !ruby/hash:ActiveSupport::HashWithIndifferentAccess {}\n','2015-11-14 02:07:45','2015-11-14 02:07:45',NULL),(2,'ramon','Ramon','C.','09365638177',1,'4wowhq5i5jjkqqnc57','ramon@zhdk.ch','cjnducdvw9nreygfuv','54215 Maynard Loop','Port Maegan','C-Y2 3BJ','Cyprus',2,NULL,'--- !ruby/hash:ActiveSupport::HashWithIndifferentAccess {}\n','2015-11-14 02:07:45','2015-11-14 02:07:45',NULL),(3,'eulah.mueller_4033','Gabriella','Franecki','05627784454',1,'ifr9h65k5lcsxnipyv','jewel_stark@homenicksporer.biz','p0woojsh7lxbe0fr4s','876 Rempel Crescent','New Scottiechester','U-W6 8BL','United States of America',1,NULL,'--- !ruby/hash:ActiveSupport::HashWithIndifferentAccess {}\n','2015-11-14 02:07:45','2015-11-14 02:07:45',NULL),(4,'cristobal_tillman_777','Geovanny','Brekke','01432402446',1,'0w85qfwakosz7eptox','luther@bergstrom.co.uk','2kkfm80mfaczziq3cd','8885 Schmitt Green','Lake Maryjanefurt','C-WB1 5RB','Cambodia',1,NULL,'--- !ruby/hash:ActiveSupport::HashWithIndifferentAccess {}\n','2015-11-14 02:07:45','2015-11-14 02:07:45',NULL),(5,'liliana_stroman_4084','Alyce','Wunsch','01660355502',1,'wjhyraym4okea3o5hq','aniyah@bradtke.co.uk','yz13w1da5lygdw1bzu','907 Monserrat Throughway','West Don','T-W7 8XB','Trinidad and Tobago',1,NULL,'--- !ruby/hash:ActiveSupport::HashWithIndifferentAccess {}\n','2015-11-14 02:07:45','2015-11-14 02:07:45',NULL),(6,'kayden_1568','Marcellus','Kilback','05530934984',1,'tmg2r9ysiq7q8o1b0y','piper@oberbrunner.biz','3mq7qz4mu09kzezdic','2614 Pinkie Hills','South Jerad','S-Y9X 0EJ','Switzerland',1,NULL,'--- !ruby/hash:ActiveSupport::HashWithIndifferentAccess {}\n','2015-11-14 02:07:45','2015-11-14 02:07:45',NULL),(7,'aliya_5494','Pansy','Hane','08001517606',1,'vgeb7x7rytfjqts11a','eliza.schultz@blockdouglas.biz','6fsgwgc3lyjovqt5eo','9347 Jacobs Heights','Haagburgh','B-ZN1N 3JA','Botswana',1,NULL,'--- !ruby/hash:ActiveSupport::HashWithIndifferentAccess {}\n','2015-11-14 02:07:45','2015-11-14 02:07:45',NULL),(8,'claud_4064','Hal','Simonis','05657037446',1,'1slpiqljx0lsfb5u0n','garfield@wymanpfeffer.info','axoa9g00x91kehgzxc','8809 Lester Radial','South Kavonland','N-Y5H 3EL','Niger',1,NULL,'--- !ruby/hash:ActiveSupport::HashWithIndifferentAccess {}\n','2015-11-14 02:07:45','2015-11-14 02:07:45',NULL),(9,'matti','Matti','S.','03486513758',1,'ozqqm5mrp8gdpbrfvl','matti@zhdk.ch','ig0lk9ruotguypepba','431 Leannon Center','East Garrison','D-ZK9 6HJ','Dominica',2,NULL,'--- !ruby/hash:ActiveSupport::HashWithIndifferentAccess {}\n','2015-11-14 02:07:45','2015-11-14 02:07:45',NULL),(10,'mike','Mike','H.','01318604254',1,'wrcrnod7vc9ft7zoyh','mike@zhdk.ch','twfbp6h81y1ld0xe1t','66620 Ryan Flat','Harberberg','A-R2R 1LQ','American Samoa',2,NULL,'--- !ruby/hash:ActiveSupport::HashWithIndifferentAccess {}\n','2015-11-14 02:07:45','2015-11-14 02:07:45',NULL),(11,'pius','Pius','Barrows','0169772494',1,'5j2y0ah4dhou6q034v','pius@zhdk.ch','6wnqnzcqb5xexa332r','6066 Johnston Trail','Dianaside','U-T4R 1AH','Uganda',2,NULL,'--- !ruby/hash:ActiveSupport::HashWithIndifferentAccess {}\n','2015-11-14 02:07:45','2015-11-14 02:07:45',NULL),(12,'peter','Peter','Silie','01762959221',1,'8zycp1m9jl1rk7z9fw','peter@silie.com','ohp9j0vvpbwcidnl8e','70647 Jacobi Greens','Ethelton','S-UW4 8LJ','Sweden',2,NULL,'--- !ruby/hash:ActiveSupport::HashWithIndifferentAccess {}\n','2015-11-14 02:07:45','2015-11-14 02:07:45',NULL),(13,'jey_8087','Delilah','Sanford','01143328365',1,'gkuq4nr5h6au3gbxe3','maybelle.collier@kris.com','khlm68eolavv20rnrh','1487 Kimberly Burgs','Berniershire','M-YH1E 2LL','Malawi',1,NULL,'--- !ruby/hash:ActiveSupport::HashWithIndifferentAccess {}\n','2015-11-14 02:07:45','2015-11-14 02:07:45',NULL),(14,'jesus.schneider_1673','Liana','Waelchi','08594316642',1,'nyfdb98qlbnka3vpox','erin_legros@williamsonbashirian.name','3mwwh90fg59eeelpqr','7002 Pouros Shore','Kamrentown','B-JX27 2LL','Belgium',1,NULL,'--- !ruby/hash:ActiveSupport::HashWithIndifferentAccess {}\n','2015-11-14 02:07:45','2015-11-14 02:07:45',NULL),(15,'samara_3254','Dominic','Hodkiewicz','01811232743',1,'cneb2g0q58r1ryanv7','kiley@predovic.co.uk','snysfkqtluvuzdlxaq','3860 Ondricka Views','Binsbury','G-WB8 4DW','Guam',1,NULL,'--- !ruby/hash:ActiveSupport::HashWithIndifferentAccess {}\n','2015-11-14 02:07:45','2015-11-14 02:07:45',NULL),(16,'rickey_7984','Herminio','Kling','01533463586',1,'p56jp64cr6rmzuqonx','nicola@rohan.co.uk','ak7e9vbmkoj43ue4a4','86561 Amalia Circles','Lake Parisshire','J-Y1R 4EA','Jersey',1,NULL,'--- !ruby/hash:ActiveSupport::HashWithIndifferentAccess {}\n','2015-11-14 02:07:45','2015-11-14 02:07:45',NULL),(17,'vivian_6814','Karley','Pouros','0169771723',1,'445pmx7dhf1bz9na8k','angelo@smith.com','o9zlvt79ls3uqkjtuy','6468 Schroeder Curve','Lake Efrenshire','I-Y2 2ZZ','Iceland',1,NULL,'--- !ruby/hash:ActiveSupport::HashWithIndifferentAccess {}\n','2015-11-09 00:00:00','2015-11-09 00:00:00',NULL),(18,'brennon.deckow_4063','Georgiana','Gleichner','01485639218',1,'m8fd7w1bootajfaswd','ila@tillman.name','khpjd97sy6oxv0d2zj','74439 Jordon Mountains','Port Aldenbury','C-Y5 2SL','Costa Rica',1,NULL,'--- !ruby/hash:ActiveSupport::HashWithIndifferentAccess {}\n','2015-11-09 00:00:00','2015-11-09 00:00:00',NULL),(19,'mina','Mina','Fahey','05628622508',1,'ro5wtzm2jk7n6jx1n1','mina@zhdk.ch','4qaxeo1jxr614eem2o','14504 Garfield Station','West Armand','S-W8 9JF','Singapore',1,NULL,'--- !ruby/hash:ActiveSupport::HashWithIndifferentAccess {}\n','2015-11-14 02:07:45','2015-11-14 02:07:45',NULL),(20,'julie','Julie','Hodkiewicz','0169778842',1,'2z35ncwthphhgce1tr','julie@zhdk.ch','oplwekch1rlttx1nae','9785 Lind Squares','Stehrport','A-AC3Y 4DJ','Azerbaijan',1,NULL,'--- !ruby/hash:ActiveSupport::HashWithIndifferentAccess {}\n','2015-11-14 02:07:45','2015-11-14 02:07:45',NULL),(21,NULL,'At autem in velit quo qui.',NULL,NULL,NULL,NULL,NULL,NULL,NULL,NULL,NULL,NULL,1,NULL,'--- !ruby/hash:ActiveSupport::HashWithIndifferentAccess {}\n','2015-11-14 02:07:45','2015-11-14 02:07:45',20),(22,NULL,'Aut quo impedit expedita omnis.',NULL,NULL,NULL,NULL,NULL,NULL,NULL,NULL,NULL,NULL,1,NULL,'--- !ruby/hash:ActiveSupport::HashWithIndifferentAccess {}\n','2015-11-14 02:07:45','2015-11-14 02:07:45',19),(23,NULL,'Id laborum labore magnam sunt.',NULL,NULL,NULL,NULL,NULL,NULL,NULL,NULL,NULL,NULL,1,NULL,'--- !ruby/hash:ActiveSupport::HashWithIndifferentAccess {}\n','2015-11-14 02:07:45','2015-11-14 02:07:45',19),(24,NULL,'Iusto eum at voluptatem voluptate porro vel voluptas sit.',NULL,NULL,NULL,NULL,NULL,NULL,NULL,NULL,NULL,NULL,1,NULL,'--- !ruby/hash:ActiveSupport::HashWithIndifferentAccess {}\n','2015-11-14 02:07:45','2015-11-14 02:07:45',19),(25,'normin','Normin','N.','05598122429',1,'ydj8hwtpqumu69lpbd','normin@zhdk.ch','ecf5r9j6mlimmd2lw8','37847 Hilpert Loaf','Yasminside','A-YL8H 5HL','Austria',2,NULL,'--- !ruby/hash:ActiveSupport::HashWithIndifferentAccess {}\n','2015-11-14 02:07:45','2015-11-14 02:07:45',NULL),(26,'petra','Petra','K.','01970586257',1,'09gjkto7ytejumkwon','petra@zhdk.ch','e8g82019m9bow4mjfh','6831 Haag Pine, ','Baileyshire','S-W9 0AJ','Slovakia (Slovak Republic)',2,NULL,'--- !ruby/hash:ActiveSupport::HashWithIndifferentAccess {}\n','2015-11-14 02:07:45','2015-11-14 02:07:45',NULL),(27,'andi','Andi','Champlin','01708325824',1,'7s7jc073cwev9tk9bg','andi@zhdk.ch','f3c7uoihpdg8hy8ln1','50952 Cade Mission','South Norrisside','S-W6W 3LB','Saudi Arabia',2,NULL,'--- !ruby/hash:ActiveSupport::HashWithIndifferentAccess {}\n','2015-11-14 02:07:45','2015-11-14 02:07:45',NULL),(28,'ashtyn_5058','Manuela','Konopelski','0500164941',1,'4urymwfh4s681ksql9','leland@moore.info','kl02l1wv4d46aomr32','961 Champlin Stream','Doyleborough','S-U1Y 2BJ','Sri Lanka',2,NULL,'--- !ruby/hash:ActiveSupport::HashWithIndifferentAccess {}\n','2015-11-14 02:07:45','2015-11-14 02:07:45',NULL),(29,'darion_7762','Darron','Hamill','02761342871',1,'euw4c0yia4mula40wm','virgil@dubuque.com','uzvaisgj0txqlk50oi','86662 Marvin Lane','Kovacekhaven','B-KV2M 0JJ','Bulgaria',1,NULL,'--- !ruby/hash:ActiveSupport::HashWithIndifferentAccess {}\n','2015-11-14 02:07:45','2015-11-14 02:07:45',NULL),(30,'reie.schiller_2596','Odell','Stokes','09333876984',1,'klbx1gj1ghgvyhjwyq','trey.mayer@bahringer.info','5p5vpanru7ay2o5onf','1452 Hessel Shore','New Trever','M-ZN4 5BJ','Macedonia',1,NULL,'--- !ruby/hash:ActiveSupport::HashWithIndifferentAccess {}\n','2015-11-14 02:07:45','2015-11-14 02:07:45',NULL),(31,'christop_1222','Kiley','Mills','0500434658',1,'cy9d736ygooz04koro','arne@mccullough.co.uk','yy5q0ijo4pj3p4neyb','3412 Miller Causeway','Boyleview','G-ZB7 2JU','Guernsey',1,NULL,'--- !ruby/hash:ActiveSupport::HashWithIndifferentAccess {}\n','2015-11-14 02:07:45','2015-11-14 02:07:45',NULL),(32,'hadley_1183','Jerry','Kertzmann','09613634385',1,'82mvoy4fey5zxbdvqy','ava.mitchell@ratkegerhold.info','dxk4wun6s2u954suc7','26514 Bria Row','Lake Fletaview','N-W7 5BA','Northern Mariana Islands',1,NULL,'--- !ruby/hash:ActiveSupport::HashWithIndifferentAccess {}\n','2015-11-14 02:07:45','2015-11-14 02:07:45',NULL),(33,'summer.damore_6990','Stella','Feil','05579105700',1,'3lfdngbqbol3xguqm8','matilde_ernser@okeefeokon.biz','msbwhbng9kezuvhae4','43746 White Inlet','Eldoraton','O-S3H 5BF','Oman',1,NULL,'--- !ruby/hash:ActiveSupport::HashWithIndifferentAccess {}\n','2015-11-14 02:07:45','2015-11-14 02:07:45',NULL),(34,'lisa','Lisa','L.','0800825895',1,'wx78pq6ns0p7f311pz','lisa@zhdk.ch','ua8uih13tvex4yked6','7015 Travis Neck','North Bomouth','U-ZY0Y 9GJ','United States of America',2,NULL,'--- !ruby/hash:ActiveSupport::HashWithIndifferentAccess {}\n','2015-11-14 02:07:45','2015-11-14 02:07:45',NULL);
/*!40000 ALTER TABLE `users` ENABLE KEYS */;
UNLOCK TABLES;

--
-- Temporary table structure for view `visit_lines`
--

DROP TABLE IF EXISTS `visit_lines`;
/*!50001 DROP VIEW IF EXISTS `visit_lines`*/;
SET @saved_cs_client     = @@character_set_client;
SET character_set_client = utf8;
/*!50001 CREATE TABLE `visit_lines` (
  `visit_id` tinyint NOT NULL,
  `inventory_pool_id` tinyint NOT NULL,
  `user_id` tinyint NOT NULL,
  `delegated_user_id` tinyint NOT NULL,
  `status` tinyint NOT NULL,
  `action` tinyint NOT NULL,
  `date` tinyint NOT NULL,
  `quantity` tinyint NOT NULL,
  `contract_line_id` tinyint NOT NULL
) ENGINE=MyISAM */;
SET character_set_client = @saved_cs_client;

--
-- Temporary table structure for view `visits`
--

DROP TABLE IF EXISTS `visits`;
/*!50001 DROP VIEW IF EXISTS `visits`*/;
SET @saved_cs_client     = @@character_set_client;
SET character_set_client = utf8;
/*!50001 CREATE TABLE `visits` (
  `id` tinyint NOT NULL,
  `inventory_pool_id` tinyint NOT NULL,
  `user_id` tinyint NOT NULL,
  `status` tinyint NOT NULL,
  `action` tinyint NOT NULL,
  `date` tinyint NOT NULL,
  `quantity` tinyint NOT NULL
) ENGINE=MyISAM */;
SET character_set_client = @saved_cs_client;

--
-- Table structure for table `workdays`
--

DROP TABLE IF EXISTS `workdays`;
/*!40101 SET @saved_cs_client     = @@character_set_client */;
/*!40101 SET character_set_client = utf8 */;
CREATE TABLE `workdays` (
  `id` int(11) NOT NULL AUTO_INCREMENT,
  `inventory_pool_id` int(11) DEFAULT NULL,
  `monday` tinyint(1) DEFAULT '1',
  `tuesday` tinyint(1) DEFAULT '1',
  `wednesday` tinyint(1) DEFAULT '1',
  `thursday` tinyint(1) DEFAULT '1',
  `friday` tinyint(1) DEFAULT '1',
  `saturday` tinyint(1) DEFAULT '0',
  `sunday` tinyint(1) DEFAULT '0',
  PRIMARY KEY (`id`),
  KEY `index_workdays_on_inventory_pool_id` (`inventory_pool_id`)
) ENGINE=InnoDB AUTO_INCREMENT=14 DEFAULT CHARSET=utf8 COLLATE=utf8_unicode_ci;
/*!40101 SET character_set_client = @saved_cs_client */;

--
-- Dumping data for table `workdays`
--

LOCK TABLES `workdays` WRITE;
/*!40000 ALTER TABLE `workdays` DISABLE KEYS */;
INSERT INTO `workdays` VALUES (1,1,1,1,1,1,1,0,0),(2,2,1,1,1,1,1,0,0),(3,3,1,1,1,1,1,0,0),(4,4,1,1,1,1,1,0,0),(5,5,1,1,1,1,1,0,0),(6,6,1,1,1,1,1,0,0),(7,7,1,1,1,1,1,0,0),(8,8,1,1,1,1,1,0,0),(9,9,1,1,1,1,1,0,0),(10,10,1,1,1,1,1,0,0),(11,11,1,1,1,1,1,0,0),(12,12,1,1,1,1,1,0,0),(13,13,1,1,1,1,1,0,0);
/*!40000 ALTER TABLE `workdays` ENABLE KEYS */;
UNLOCK TABLES;

--
-- Final view structure for view `partitions_with_generals`
--

/*!50001 DROP TABLE IF EXISTS `partitions_with_generals`*/;
/*!50001 DROP VIEW IF EXISTS `partitions_with_generals`*/;
/*!50001 SET @saved_cs_client          = @@character_set_client */;
/*!50001 SET @saved_cs_results         = @@character_set_results */;
/*!50001 SET @saved_col_connection     = @@collation_connection */;
/*!50001 SET character_set_client      = utf8 */;
/*!50001 SET character_set_results     = utf8 */;
/*!50001 SET collation_connection      = utf8_general_ci */;
/*!50001 CREATE ALGORITHM=UNDEFINED */
/*!50001 VIEW `partitions_with_generals` AS select `partitions`.`model_id` AS `model_id`,`partitions`.`inventory_pool_id` AS `inventory_pool_id`,`partitions`.`group_id` AS `group_id`,`partitions`.`quantity` AS `quantity` from `partitions` union select `i`.`model_id` AS `model_id`,`i`.`inventory_pool_id` AS `inventory_pool_id`,NULL AS `group_id`,(count(`i`.`id`) - ifnull((select sum(`p`.`quantity`) from `partitions` `p` where ((`p`.`model_id` = `i`.`model_id`) and (`p`.`inventory_pool_id` = `i`.`inventory_pool_id`)) group by `p`.`inventory_pool_id`,`p`.`model_id`),0)) AS `quantity` from `items` `i` where (isnull(`i`.`retired`) and (`i`.`is_borrowable` = 1) and isnull(`i`.`parent_id`)) group by `i`.`inventory_pool_id`,`i`.`model_id` */;
/*!50001 SET character_set_client      = @saved_cs_client */;
/*!50001 SET character_set_results     = @saved_cs_results */;
/*!50001 SET collation_connection      = @saved_col_connection */;

--
-- Final view structure for view `visit_lines`
--

/*!50001 DROP TABLE IF EXISTS `visit_lines`*/;
/*!50001 DROP VIEW IF EXISTS `visit_lines`*/;
/*!50001 SET @saved_cs_client          = @@character_set_client */;
/*!50001 SET @saved_cs_results         = @@character_set_results */;
/*!50001 SET @saved_col_connection     = @@collation_connection */;
/*!50001 SET character_set_client      = utf8 */;
/*!50001 SET character_set_results     = utf8 */;
/*!50001 SET collation_connection      = utf8_general_ci */;
/*!50001 CREATE ALGORITHM=UNDEFINED */
/*!50001 VIEW `visit_lines` AS select hex(concat(if((`c`.`status` = 'approved'),`cl`.`start_date`,`cl`.`end_date`),`c`.`inventory_pool_id`,`c`.`user_id`,`c`.`status`)) AS `visit_id`,`c`.`inventory_pool_id` AS `inventory_pool_id`,`c`.`user_id` AS `user_id`,`c`.`delegated_user_id` AS `delegated_user_id`,`c`.`status` AS `status`,if((`c`.`status` = 'approved'),'hand_over','take_back') AS `action`,if((`c`.`status` = 'approved'),`cl`.`start_date`,`cl`.`end_date`) AS `date`,`cl`.`quantity` AS `quantity`,`cl`.`id` AS `contract_line_id` from (`contract_lines` `cl` join `contracts` `c` on((`cl`.`contract_id` = `c`.`id`))) where ((`c`.`status` in ('approved','signed')) and isnull(`cl`.`returned_date`)) order by if((`c`.`status` = 'approved'),`cl`.`start_date`,`cl`.`end_date`) */;
/*!50001 SET character_set_client      = @saved_cs_client */;
/*!50001 SET character_set_results     = @saved_cs_results */;
/*!50001 SET collation_connection      = @saved_col_connection */;

--
-- Final view structure for view `visits`
--

/*!50001 DROP TABLE IF EXISTS `visits`*/;
/*!50001 DROP VIEW IF EXISTS `visits`*/;
/*!50001 SET @saved_cs_client          = @@character_set_client */;
/*!50001 SET @saved_cs_results         = @@character_set_results */;
/*!50001 SET @saved_col_connection     = @@collation_connection */;
/*!50001 SET character_set_client      = utf8 */;
/*!50001 SET character_set_results     = utf8 */;
/*!50001 SET collation_connection      = utf8_general_ci */;
/*!50001 CREATE ALGORITHM=UNDEFINED */
/*!50001 VIEW `visits` AS select hex(concat(`visit_lines`.`date`,`visit_lines`.`inventory_pool_id`,`visit_lines`.`user_id`,`visit_lines`.`status`)) AS `id`,`visit_lines`.`inventory_pool_id` AS `inventory_pool_id`,`visit_lines`.`user_id` AS `user_id`,`visit_lines`.`status` AS `status`,`visit_lines`.`action` AS `action`,`visit_lines`.`date` AS `date`,sum(`visit_lines`.`quantity`) AS `quantity` from `visit_lines` group by `visit_lines`.`user_id`,`visit_lines`.`status`,`visit_lines`.`date`,`visit_lines`.`inventory_pool_id` */;
/*!50001 SET character_set_client      = @saved_cs_client */;
/*!50001 SET character_set_results     = @saved_cs_results */;
/*!50001 SET collation_connection      = @saved_col_connection */;
/*!40103 SET TIME_ZONE=@OLD_TIME_ZONE */;

/*!40101 SET SQL_MODE=@OLD_SQL_MODE */;
/*!40014 SET FOREIGN_KEY_CHECKS=@OLD_FOREIGN_KEY_CHECKS */;
/*!40014 SET UNIQUE_CHECKS=@OLD_UNIQUE_CHECKS */;
/*!40101 SET CHARACTER_SET_CLIENT=@OLD_CHARACTER_SET_CLIENT */;
/*!40101 SET CHARACTER_SET_RESULTS=@OLD_CHARACTER_SET_RESULTS */;
/*!40101 SET COLLATION_CONNECTION=@OLD_COLLATION_CONNECTION */;
/*!40111 SET SQL_NOTES=@OLD_SQL_NOTES */;

-- Dump completed on 2014-06-10 15:28:00
COMMIT;
