SET autocommit=0; SET unique_checks=0; SET foreign_key_checks=0;
-- MySQL dump 10.13  Distrib 5.5.37, for debian-linux-gnu (i686)
--
-- Host: localhost    Database: leihs2_test
-- ------------------------------------------------------
-- Server version	5.5.37-0+wheezy1

/*!40101 SET @OLD_CHARACTER_SET_CLIENT=@@CHARACTER_SET_CLIENT */;
/*!40101 SET @OLD_CHARACTER_SET_RESULTS=@@CHARACTER_SET_RESULTS */;
/*!40101 SET @OLD_COLLATION_CONNECTION=@@COLLATION_CONNECTION */;
/*!40101 SET NAMES utf8 */;
/*!40103 SET @OLD_TIME_ZONE=@@TIME_ZONE */;
/*!40103 SET TIME_ZONE='+00:00' */;
/*!40014 SET @OLD_UNIQUE_CHECKS=@@UNIQUE_CHECKS, UNIQUE_CHECKS=0 */;
/*!40014 SET @OLD_FOREIGN_KEY_CHECKS=@@FOREIGN_KEY_CHECKS, FOREIGN_KEY_CHECKS=0 */;
/*!40101 SET @OLD_SQL_MODE=@@SQL_MODE, SQL_MODE='NO_AUTO_VALUE_ON_ZERO' */;
/*!40111 SET @OLD_SQL_NOTES=@@SQL_NOTES, SQL_NOTES=0 */;

--
-- Table structure for table `access_rights`
--

DROP TABLE IF EXISTS `access_rights`;
/*!40101 SET @saved_cs_client     = @@character_set_client */;
/*!40101 SET character_set_client = utf8 */;
CREATE TABLE `access_rights` (
  `id` int(11) NOT NULL AUTO_INCREMENT,
  `user_id` int(11) DEFAULT NULL,
  `inventory_pool_id` int(11) DEFAULT NULL,
  `suspended_until` date DEFAULT NULL,
  `suspended_reason` text COLLATE utf8_unicode_ci,
  `deleted_at` date DEFAULT NULL,
  `created_at` datetime DEFAULT NULL,
  `updated_at` datetime DEFAULT NULL,
  `role` enum('customer','group_manager','lending_manager','inventory_manager','admin') COLLATE utf8_unicode_ci NOT NULL,
  PRIMARY KEY (`id`),
  KEY `index_access_rights_on_suspended_until` (`suspended_until`),
  KEY `index_access_rights_on_deleted_at` (`deleted_at`),
  KEY `index_access_rights_on_inventory_pool_id` (`inventory_pool_id`),
  KEY `index_access_rights_on_role` (`role`),
  KEY `index_on_user_id_and_inventory_pool_id_and_deleted_at` (`user_id`,`inventory_pool_id`,`deleted_at`)
) ENGINE=InnoDB AUTO_INCREMENT=42 DEFAULT CHARSET=utf8 COLLATE=utf8_unicode_ci;
/*!40101 SET character_set_client = @saved_cs_client */;

--
-- Dumping data for table `access_rights`
--

LOCK TABLES `access_rights` WRITE;
/*!40000 ALTER TABLE `access_rights` DISABLE KEYS */;
INSERT INTO `access_rights` VALUES (1,1,NULL,NULL,NULL,NULL,'2014-01-10 09:57:57','2014-01-10 09:57:57','admin'),(2,2,NULL,NULL,NULL,NULL,'2014-01-10 09:57:57','2014-01-10 09:57:57','admin'),(3,4,3,NULL,NULL,NULL,'2014-01-10 09:57:57','2014-01-10 09:57:57','customer'),(4,5,1,NULL,NULL,NULL,'2014-01-10 09:57:57','2014-01-10 09:57:57','lending_manager'),(5,6,5,NULL,NULL,NULL,'2014-01-10 09:57:57','2014-01-10 09:57:57','customer'),(6,7,12,NULL,NULL,NULL,'2014-01-10 09:57:57','2014-01-10 09:57:57','customer'),(7,8,1,NULL,NULL,'2014-01-10','2014-01-10 09:57:57','2014-01-10 09:57:57','customer'),(8,2,1,NULL,NULL,NULL,'2014-01-10 09:57:57','2014-01-10 09:57:57','customer'),(9,9,2,NULL,NULL,NULL,'2014-01-10 09:57:57','2014-01-10 09:57:57','inventory_manager'),(10,10,1,NULL,NULL,NULL,'2014-01-10 09:57:57','2014-01-10 09:57:57','inventory_manager'),(11,10,12,NULL,NULL,NULL,'2014-01-10 09:57:57','2014-01-10 09:57:57','inventory_manager'),(12,11,1,NULL,NULL,NULL,'2014-01-10 09:57:57','2014-01-10 09:57:57','lending_manager'),(13,11,2,NULL,NULL,NULL,'2014-01-10 09:57:57','2014-01-10 09:57:57','lending_manager'),(14,12,1,NULL,NULL,NULL,'2014-01-10 09:57:57','2014-01-10 09:57:57','customer'),(15,13,1,NULL,NULL,NULL,'2014-01-10 09:57:57','2014-01-10 09:57:57','customer'),(16,14,1,NULL,NULL,NULL,'2014-01-10 09:57:57','2014-01-10 09:57:57','customer'),(17,15,1,NULL,NULL,NULL,'2014-01-10 09:57:57','2014-01-10 09:57:57','customer'),(18,16,2,'2014-01-06','Labore aliquid distinctio qui eaque dignissimos veniam.',NULL,'2014-01-05 00:00:00','2014-01-05 00:00:00','customer'),(19,18,1,NULL,NULL,NULL,'2014-01-10 09:57:57','2014-01-10 09:57:57','customer'),(20,19,1,NULL,NULL,NULL,'2014-01-10 09:57:57','2014-01-10 09:57:57','customer'),(21,20,1,NULL,NULL,NULL,'2014-01-10 09:57:57','2014-01-10 09:57:57','customer'),(22,21,1,NULL,NULL,NULL,'2014-01-10 09:57:57','2014-01-10 09:57:57','customer'),(23,23,1,NULL,NULL,NULL,'2014-01-10 09:57:57','2014-01-10 09:57:57','customer'),(24,23,13,NULL,NULL,NULL,'2014-01-10 09:57:57','2014-01-10 09:57:57','customer'),(25,23,14,NULL,NULL,NULL,'2014-01-10 09:57:57','2014-01-10 09:57:57','customer'),(26,23,15,NULL,NULL,NULL,'2014-01-10 09:57:57','2014-01-10 09:57:57','customer'),(27,24,1,NULL,NULL,NULL,'2014-01-10 09:57:57','2014-01-10 09:57:57','customer'),(28,24,2,NULL,NULL,NULL,'2014-01-10 09:57:57','2014-01-10 09:57:57','customer'),(29,24,3,NULL,NULL,NULL,'2014-01-10 09:57:57','2014-01-10 09:57:57','customer'),(30,24,15,NULL,NULL,'2014-01-09','2014-01-10 09:57:57','2014-01-10 09:57:57','customer'),(31,25,1,NULL,NULL,NULL,'2014-01-10 09:57:57','2014-01-10 09:57:57','customer'),(32,26,1,NULL,NULL,NULL,'2014-01-10 09:57:57','2014-01-10 09:57:57','group_manager'),(33,26,2,NULL,NULL,NULL,'2014-01-10 09:57:57','2014-01-10 09:57:57','group_manager'),(34,26,3,NULL,NULL,NULL,'2014-01-10 09:57:57','2014-01-10 09:57:57','group_manager'),(35,27,1,NULL,NULL,NULL,'2014-01-10 09:57:57','2014-01-10 09:57:57','group_manager'),(36,28,1,NULL,NULL,NULL,'2014-01-10 09:57:57','2014-01-10 09:57:57','customer'),(37,29,1,'2014-01-10','suspreason',NULL,'2014-01-10 09:57:57','2014-01-10 09:57:57','customer'),(38,30,1,NULL,NULL,NULL,'2014-01-10 09:57:57','2014-01-10 09:57:57','customer'),(39,31,1,NULL,NULL,NULL,'2014-01-10 09:57:57','2014-01-10 09:57:57','customer'),(40,32,1,NULL,NULL,NULL,'2014-01-10 09:57:57','2014-01-10 09:57:57','customer'),(41,33,1,NULL,NULL,NULL,'2014-01-10 09:57:57','2014-01-10 09:57:57','customer');
/*!40000 ALTER TABLE `access_rights` ENABLE KEYS */;
UNLOCK TABLES;

--
-- Table structure for table `accessories`
--

DROP TABLE IF EXISTS `accessories`;
/*!40101 SET @saved_cs_client     = @@character_set_client */;
/*!40101 SET character_set_client = utf8 */;
CREATE TABLE `accessories` (
  `id` int(11) NOT NULL AUTO_INCREMENT,
  `model_id` int(11) DEFAULT NULL,
  `name` varchar(255) COLLATE utf8_unicode_ci DEFAULT NULL,
  `quantity` int(11) DEFAULT NULL,
  PRIMARY KEY (`id`),
  KEY `index_accessories_on_model_id` (`model_id`)
) ENGINE=InnoDB AUTO_INCREMENT=487 DEFAULT CHARSET=utf8 COLLATE=utf8_unicode_ci;
/*!40101 SET character_set_client = @saved_cs_client */;

--
-- Dumping data for table `accessories`
--

LOCK TABLES `accessories` WRITE;
/*!40000 ALTER TABLE `accessories` DISABLE KEYS */;
INSERT INTO `accessories` VALUES (1,1,'Ms. Nat Koch',NULL),(2,1,'Emily Huel',NULL),(3,1,'Ms. Trent Lemke',NULL),(4,1,'Mrs. Anne Donnelly',NULL),(5,2,'Jodie Sawayn',NULL),(6,2,'Eldon Flatley',NULL),(7,2,'Adell Wiegand',NULL),(8,2,'Blaze Lockman',NULL),(9,3,'Mrs. Amani Dickens',NULL),(10,3,'Miracle Aufderhar IV',NULL),(11,3,'Ms. Laurel Huels',NULL),(12,3,'Axel Turcotte MD',NULL),(13,4,'Stephany Dibbert',NULL),(14,5,'Dr. Leonard Runolfsdottir',NULL),(15,5,'Ettie Schaden',NULL),(16,5,'Adam Hilll',NULL),(17,5,'Frances Rowe',NULL),(18,5,'Kayli Rice',NULL),(19,6,'Joesph Miller V',NULL),(20,6,'Perry Hauck IV',NULL),(21,6,'Anne Bauch',NULL),(22,6,'Thora Gislason',NULL),(23,6,'Colton Ryan',NULL),(24,7,'Malinda Wilderman',NULL),(25,8,'Lolita Prohaska',NULL),(26,8,'Golda Rau',NULL),(27,8,'Emily Jacobi',NULL),(28,8,'Liana Lowe',NULL),(29,8,'Queenie Littel',NULL),(30,9,'Eldon Fay',NULL),(31,9,'Bryce Kulas',NULL),(32,9,'Ms. Ayla McKenzie',NULL),(33,9,'Mrs. Bailey Abbott',NULL),(34,10,'Mrs. Delbert Frami',NULL),(35,10,'Stefan King',NULL),(36,11,'Hal Ziemann',NULL),(37,11,'Wilhelm Block',NULL),(38,12,'Rasheed Luettgen',NULL),(39,13,'Francisca Waelchi',NULL),(40,13,'Keyshawn Rogahn II',NULL),(41,13,'Reuben Kuphal',NULL),(42,13,'Frances Runte',NULL),(43,14,'Ms. Enola Dicki',NULL),(44,14,'Alyce Corkery',NULL),(45,14,'Dena Toy',NULL),(46,14,'Haven Renner',NULL),(47,15,'Bertrand Denesik',NULL),(48,15,'Wellington Kertzmann',NULL),(49,15,'Wilfred Considine',NULL),(50,15,'Americo Walter',NULL),(51,15,'Thea Larson V',NULL),(52,16,'Alberta Funk MD',NULL),(53,16,'Lance Stehr',NULL),(54,16,'Lolita Powlowski',NULL),(55,16,'Bennie Heaney',NULL),(56,17,'Kaylin Greenfelder PhD',NULL),(57,17,'Mr. Emily McCullough',NULL),(58,17,'Miss Nikko McLaughlin',NULL),(59,17,'Helen Bogisich DDS',NULL),(60,18,'Dasia Hauck MD',NULL),(61,18,'Alberto Purdy',NULL),(62,18,'Selmer Barton',NULL),(63,19,'Telly Stracke',NULL),(64,20,'Nicola Legros',NULL),(65,20,'Susie Fay',NULL),(66,21,'Otto Auer',NULL),(67,21,'Carolanne Thiel V',NULL),(68,22,'Boyd Dare',NULL),(69,22,'Name Ernser',NULL),(70,22,'Ms. Roslyn Effertz',NULL),(71,23,'Tatum Oberbrunner',NULL),(72,23,'Cathryn Fay III',NULL),(73,23,'Danyka Bode',NULL),(74,23,'Jordan Rosenbaum',NULL),(75,24,'Mercedes Moore IV',NULL),(76,24,'Shanel Mann',NULL),(77,24,'Deangelo Treutel',NULL),(78,24,'Danyka Rutherford',NULL),(79,24,'Hal Ullrich',NULL),(80,25,'Dr. Vinnie Eichmann',NULL),(81,25,'Jeremie Schneider',NULL),(82,26,'Jerry Considine DVM',NULL),(83,26,'Amy White',NULL),(84,26,'Dr. Eleanora Watsica',NULL),(85,27,'Alvis Sawayn',NULL),(86,27,'Yolanda Schiller',NULL),(87,27,'Maxie Boyle',NULL),(88,28,'Molly Hintz',NULL),(89,28,'Meagan Koch',NULL),(90,29,'Emma McLaughlin III',NULL),(91,29,'Fernando Parker',NULL),(92,30,'Oceane Stroman',NULL),(93,30,'Felipa Douglas',NULL),(94,30,'Nicklaus Hodkiewicz',NULL),(95,30,'Rowan Kuvalis',NULL),(96,30,'Coby Jerde',NULL),(97,31,'Merle Franecki',NULL),(98,31,'Malika Carter',NULL),(99,31,'Miss Erik Gulgowski',NULL),(100,31,'Jaron Hand',NULL),(101,31,'Cicero Stroman II',NULL),(102,32,'Mr. Toby Schuppe',NULL),(103,33,'Ms. Cooper Marquardt',NULL),(104,33,'Leonora Kshlerin I',NULL),(105,33,'Randal Powlowski',NULL),(106,33,'Alexanne Olson',NULL),(107,33,'Robyn Rohan PhD',NULL),(108,34,'Katlyn Shanahan Sr.',NULL),(109,34,'Burley Kozey',NULL),(110,34,'Jerald Lueilwitz',NULL),(111,34,'Arely Runolfsson',NULL),(112,34,'Michael Macejkovic Sr.',NULL),(113,35,'Amir Pollich',NULL),(114,35,'Tristian Howell',NULL),(115,36,'Margarita Wolf',NULL),(116,36,'Kaleb Dare',NULL),(117,36,'Carleton O\'Keefe III',NULL),(118,37,'Skye Reynolds',NULL),(119,37,'Jarrell Douglas',NULL),(120,37,'Shea Botsford IV',NULL),(121,37,'Kenna Blanda',NULL),(122,38,'Miss Trisha Hane',NULL),(123,38,'Gerald Krajcik',NULL),(124,38,'Adam Hoppe',NULL),(125,38,'Kailey O\'Kon',NULL),(126,38,'Miss Gennaro Halvorson',NULL),(127,39,'Dannie Durgan',NULL),(128,39,'Jacinthe Olson DDS',NULL),(129,39,'Miss Kennedi Koepp',NULL),(130,39,'Jordan Blanda',NULL),(131,40,'Ezra Wisozk',NULL),(132,41,'Wyatt Purdy',NULL),(133,41,'Dr. Daron Walter',NULL),(134,42,'Anibal Mueller',NULL),(135,42,'Evie Waters',NULL),(136,43,'Aniya Wehner',NULL),(137,43,'Christopher Hackett',NULL),(138,44,'Antwan Rogahn',NULL),(139,44,'Marcelo Jakubowski',NULL),(140,45,'Mr. Daisha Gutmann',NULL),(141,45,'Ewald Rodriguez',NULL),(142,45,'Ernest Metz',NULL),(143,45,'Bernita McCullough V',NULL),(144,46,'Araceli Fritsch',NULL),(145,46,'Fredy O\'Hara',NULL),(146,46,'Bruce O\'Conner',NULL),(147,46,'Camilla Ferry PhD',NULL),(148,46,'Remington O\'Kon',NULL),(149,47,'Maye Kuhic',NULL),(150,48,'Ansel Kiehn',NULL),(151,48,'Dorthy Smitham',NULL),(152,49,'Mr. Marcelo Grimes',NULL),(153,49,'Edward Wisoky',NULL),(154,49,'Daija Armstrong',NULL),(155,50,'Favian Stokes',NULL),(156,50,'Tyrese Anderson',NULL),(157,50,'Orland Hamill',NULL),(158,51,'Ebba Beatty III',NULL),(159,51,'Lizzie Goodwin Jr.',NULL),(160,51,'Clovis Doyle PhD',NULL),(161,51,'Destiny Skiles PhD',NULL),(162,52,'Keven Beahan',NULL),(163,52,'Mona Blanda Sr.',NULL),(164,52,'Odell Osinski',NULL),(165,52,'Nelson Smith V',NULL),(166,53,'Imogene Blanda',NULL),(167,54,'Murray Fahey',NULL),(168,54,'Marjorie Wiegand',NULL),(169,54,'Miss Branson Bednar',NULL),(170,55,'Bart O\'Conner',NULL),(171,55,'Ms. Fausto Torp',NULL),(172,55,'Lon Langosh',NULL),(173,55,'Mr. Rolando Blick',NULL),(174,55,'Hulda Flatley',NULL),(175,56,'Alejandrin Kunze Sr.',NULL),(176,56,'Axel Berge',NULL),(177,56,'Jay Leannon',NULL),(178,57,'Winnifred Green',NULL),(179,57,'Cristian Bartell',NULL),(180,57,'Carter Lehner',NULL),(181,57,'Cordia Ebert',NULL),(182,58,'Mrs. Anabelle Hettinger',NULL),(183,59,'Odell Hayes Jr.',NULL),(184,59,'Prudence Weimann',NULL),(185,59,'Katelin Hintz',NULL),(186,59,'Wilma Raynor',NULL),(187,60,'Pierce Konopelski',NULL),(188,60,'Rocio Rath',NULL),(189,60,'Lora Mueller V',NULL),(190,61,'Ms. Esmeralda Orn',NULL),(191,61,'Lily Hagenes',NULL),(192,62,'Floyd Schoen',NULL),(193,62,'Francisca Leuschke I',NULL),(194,62,'Mr. Catherine Marks',NULL),(195,62,'Francisco Rodriguez II',NULL),(196,63,'Mario Reichel',NULL),(197,63,'Dr. Waylon Smith',NULL),(198,64,'Teagan Hettinger DDS',NULL),(199,64,'Mr. Denis Flatley',NULL),(200,64,'Reginald Welch',NULL),(201,64,'Shakira Kemmer',NULL),(202,65,'Domingo Pfeffer DDS',NULL),(203,65,'Ofelia Little',NULL),(204,65,'Arnold O\'Reilly V',NULL),(205,65,'Ivah Parker',NULL),(206,66,'Mrs. Etha Kunze',NULL),(207,66,'Lola Yundt',NULL),(208,66,'Braeden Orn',NULL),(209,66,'Abigail Bashirian II',NULL),(210,67,'Olin Towne',NULL),(211,67,'Elsie Conroy',NULL),(212,68,'Camron Dickinson',NULL),(213,68,'Malinda Considine',NULL),(214,68,'Elena Schultz',NULL),(215,68,'Damian Lowe',NULL),(216,69,'Rodrick Stiedemann',NULL),(217,69,'Bethany Pfannerstill',NULL),(218,69,'Delaney O\'Kon',NULL),(219,69,'Jett Kreiger',NULL),(220,69,'Frida Hudson IV',NULL),(221,70,'Eloisa McDermott IV',NULL),(222,70,'Webster Schimmel',NULL),(223,70,'Gilda Pfannerstill DVM',NULL),(224,70,'Virginie Armstrong',NULL),(225,71,'Nettie Champlin Jr.',NULL),(226,71,'Ms. Antonia Stamm',NULL),(227,71,'Roman Homenick',NULL),(228,71,'Yasmin Jacobi',NULL),(229,71,'Zackery Goldner',NULL),(230,72,'Angelita Jones',NULL),(231,72,'Alicia Moore',NULL),(232,72,'Kamren Gerlach',NULL),(233,73,'Whitney Collins DVM',NULL),(234,73,'Miss Bertrand Blick',NULL),(235,74,'Athena Yundt',NULL),(236,75,'Cortney Murazik',NULL),(237,75,'Dr. Lauren Lockman',NULL),(238,75,'Kenton Veum Jr.',NULL),(239,75,'Mittie Crist DDS',NULL),(240,76,'Miss Heaven Schneider',NULL),(241,76,'Alvera Monahan II',NULL),(242,77,'Dr. Mollie Beatty',NULL),(243,78,'Mittie Mueller',NULL),(244,78,'Ludwig Zemlak',NULL),(245,78,'Lonnie Becker',NULL),(246,78,'Shania Volkman V',NULL),(247,78,'Lauretta Walter I',NULL),(248,79,'Kenneth Gulgowski',NULL),(249,80,'Diana Spencer',NULL),(250,80,'Samson Cassin',NULL),(251,80,'Miss Valentina Gerlach',NULL),(252,81,'Abigail Bechtelar',NULL),(253,81,'Wendell Hirthe',NULL),(254,81,'Rosella Reichert MD',NULL),(255,81,'Mariana Kutch',NULL),(256,81,'Mrs. Theresa Hand',NULL),(257,82,'Keaton Treutel',NULL),(258,82,'London Ankunding',NULL),(259,83,'Lucile McLaughlin',NULL),(260,83,'Anastacio Yost',NULL),(261,84,'Ova Gerhold DVM',NULL),(262,84,'Shana Hand Sr.',NULL),(263,84,'Verda Stoltenberg',NULL),(264,85,'Madonna Leuschke MD',NULL),(265,85,'Cortney Gusikowski',NULL),(266,85,'Marlin Jaskolski DVM',NULL),(267,85,'Jackson Kirlin',NULL),(268,85,'Ms. Cristopher Koepp',NULL),(269,86,'Miss Rosetta Schmitt',NULL),(270,87,'Dr. Newell Boyle',NULL),(271,87,'Edwardo Lang',NULL),(272,88,'Justyn Schoen',NULL),(273,88,'Maudie Kertzmann',NULL),(274,88,'Leonor Schinner',NULL),(275,88,'Ms. Zora Lemke',NULL),(276,89,'Dane Kunze II',NULL),(277,89,'Nayeli Cronin',NULL),(278,90,'Brayan Rath',NULL),(279,90,'Miss Shany White',NULL),(280,90,'Ms. Melany Harber',NULL),(281,90,'Bridget Trantow',NULL),(282,90,'Kamille Schimmel',NULL),(283,91,'Maximillia Gusikowski',NULL),(284,91,'Mr. Milton Jakubowski',NULL),(285,91,'Miss Constance Cassin',NULL),(286,92,'Leann Johnston',NULL),(287,93,'Britney Cormier',NULL),(288,93,'Mr. Derek Harvey',NULL),(289,93,'Philip Weber V',NULL),(290,94,'Vito Waelchi',NULL),(291,94,'Jeffry Miller',NULL),(292,94,'Orlo Rogahn',NULL),(293,94,'Kayley Mante',NULL),(294,95,'Bradford Aufderhar',NULL),(295,95,'Gregory Wisoky',NULL),(296,95,'Edyth Bednar',NULL),(297,95,'Leonel Crooks',NULL),(298,95,'Clementine McClure',NULL),(299,96,'Alycia Luettgen V',NULL),(300,96,'Hortense Kertzmann',NULL),(301,97,'Stephon Harris',NULL),(302,97,'Victor McCullough',NULL),(303,98,'Barrett Hills',NULL),(304,98,'Nyasia Renner',NULL),(305,99,'Doyle Satterfield MD',NULL),(306,99,'Miss Eldred Kohler',NULL),(307,99,'Elisa Bashirian MD',NULL),(308,100,'Samanta Swaniawski',NULL),(309,100,'Dr. Dasia Hayes',NULL),(310,100,'Angel Mayert',NULL),(311,101,'Rose Funk II',NULL),(312,101,'Merlin Botsford III',NULL),(313,102,'Israel DuBuque',NULL),(314,102,'Ms. Jamison Stiedemann',NULL),(315,103,'Rolando Hickle Jr.',NULL),(316,104,'Joelle Flatley',NULL),(317,104,'Isaac Gutmann',NULL),(318,105,'Eleazar Ratke I',NULL),(319,105,'Rocky Yundt II',NULL),(320,106,'Braeden Schiller',NULL),(321,107,'Damaris Nolan',NULL),(322,107,'Marlee Goyette',NULL),(323,107,'Herta Hamill',NULL),(324,108,'Elmer Abshire',NULL),(325,108,'Velda Hodkiewicz',NULL),(326,108,'Cleora McKenzie',NULL),(327,109,'Arturo Schowalter',NULL),(328,109,'Gennaro McDermott',NULL),(329,109,'German Hoppe',NULL),(330,109,'Mrs. Chet Morar',NULL),(331,109,'Johnathon Bayer',NULL),(332,110,'Rhoda Wiegand',NULL),(333,110,'Mark Hodkiewicz',NULL),(334,110,'Shaina Medhurst I',NULL),(335,110,'Moshe Corkery Sr.',NULL),(336,110,'Erwin Connelly DDS',NULL),(337,111,'Ms. Freddie Marquardt',NULL),(338,112,'Mrs. Alford Adams',NULL),(339,112,'Zella Parker DVM',NULL),(340,113,'Idell Quigley',NULL),(341,113,'Jerry Considine',NULL),(342,113,'Orion Tillman',NULL),(343,114,'Alvis Reynolds',NULL),(344,115,'Sebastian Jones',NULL),(345,116,'Ford Frami',NULL),(346,116,'Gus Yundt',NULL),(347,117,'Jefferey Wuckert PhD',NULL),(348,118,'Joesph Grant',NULL),(349,118,'Felicia Bernhard',NULL),(350,118,'Aidan Blick',NULL),(351,118,'Dr. Anabelle Dibbert',NULL),(352,118,'Emerson Feeney',NULL),(353,119,'Mrs. Katherine Kilback',NULL),(354,119,'Jonathon Larkin',NULL),(355,119,'Aubrey Dibbert',NULL),(356,119,'Ms. Leone Graham',NULL),(357,119,'Jordan Gulgowski',NULL),(358,120,'Miller Lemke',NULL),(359,120,'Marcel Aufderhar',NULL),(360,121,'Miss Leslie Gottlieb',NULL),(361,121,'Vivienne Larson V',NULL),(362,121,'Francisco Weissnat',NULL),(363,122,'Alvina Cassin Sr.',NULL),(364,122,'Lane Little',NULL),(365,123,'Dorothea Wyman',NULL),(366,123,'Jermain Nikolaus',NULL),(367,123,'Maryam Botsford II',NULL),(368,123,'Zackery Johns',NULL),(369,124,'Johathan Rath',NULL),(370,124,'Jordy Gulgowski',NULL),(371,124,'Juliet Swift',NULL),(372,124,'Lambert Skiles',NULL),(373,124,'Lucienne Crona I',NULL),(374,125,'Erika Keeling',NULL),(375,126,'Darlene Jones',NULL),(376,126,'Tristin Kreiger',NULL),(377,126,'Reyna Conroy',NULL),(378,127,'Ms. Beatrice Cummings',NULL),(379,127,'Chanel Upton',NULL),(380,127,'Nettie Roob',NULL),(381,127,'Camylle Bayer',NULL),(382,128,'Charley Waters',NULL),(383,128,'Niko Rempel IV',NULL),(384,128,'Cortez Ferry',NULL),(385,129,'Margarett Schmidt',NULL),(386,129,'Rogelio Lehner',NULL),(387,129,'Malinda Barton',NULL),(388,129,'Icie Fay',NULL),(389,129,'Casper Metz',NULL),(390,130,'Isaiah Reichert PhD',NULL),(391,130,'Mikel Hettinger',NULL),(392,130,'Albina Willms',NULL),(393,130,'Kailey Turcotte',NULL),(394,131,'Jovanny Cummings',NULL),(395,131,'Mrs. Novella Kihn',NULL),(396,132,'Norene Doyle',NULL),(397,132,'Lew Corwin',NULL),(398,132,'Elizabeth Feest',NULL),(399,132,'Florine Murphy',NULL),(400,132,'Kyla Dach',NULL),(401,133,'Ms. Jany Schulist',NULL),(402,133,'Milton Schuppe',NULL),(403,133,'Granville Dickens DVM',NULL),(404,133,'Kameron Ratke I',NULL),(405,134,'Dr. Mellie Dach',NULL),(406,134,'Morgan Heidenreich',NULL),(407,134,'Skylar Weimann',NULL),(408,134,'Ransom Kling',NULL),(409,135,'Sonia Stroman',NULL),(410,135,'Wilfred Schneider',NULL),(411,135,'Moshe Miller',NULL),(412,135,'Kayla Johnson Jr.',NULL),(413,135,'Jane Hills',NULL),(414,136,'Bessie Blick',NULL),(415,136,'Garnett Tremblay',NULL),(416,136,'Kiara Rodriguez',NULL),(417,136,'Cindy Lehner Jr.',NULL),(418,137,'Kattie Ryan',NULL),(419,137,'Retha Dooley',NULL),(420,137,'Darlene Howe',NULL),(421,138,'Lazaro Gibson',NULL),(422,138,'Ms. Bryana Langworth',NULL),(423,138,'Miss Annie Vandervort',NULL),(424,138,'Jolie Schroeder',NULL),(425,138,'Dr. Nia Ondricka',NULL),(426,139,'Dr. Peyton Yundt',NULL),(427,139,'Dr. Ernie O\'Kon',NULL),(428,139,'Maximillia Davis II',NULL),(429,139,'Hugh Schneider V',NULL),(430,139,'Esta Brekke',NULL),(431,140,'Moses Hackett DDS',NULL),(432,140,'Lucile Cassin',NULL),(433,140,'Adrienne Deckow Jr.',NULL),(434,140,'Reanna Bednar',NULL),(435,140,'Mya Conroy',NULL),(436,141,'Mac Welch MD',NULL),(437,141,'Katlyn Hudson',NULL),(438,141,'Madge Conn',NULL),(439,142,'Ayana Predovic',NULL),(440,142,'Kenyatta Cremin',NULL),(441,143,'Patsy Nader',NULL),(442,144,'Will Dickinson',NULL),(443,144,'Curt Zulauf',NULL),(444,144,'Merle Bruen Jr.',NULL),(445,145,'Vincent Rosenbaum Sr.',NULL),(446,145,'Alexie Deckow',NULL),(447,145,'Fanny McDermott',NULL),(448,146,'Vincenza Leffler',NULL),(449,146,'Zakary Balistreri',NULL),(450,146,'Raoul Reichert Jr.',NULL),(451,147,'Georgette Kub',NULL),(452,147,'Miss Sean Haley',NULL),(453,147,'Beryl Rowe',NULL),(454,148,'Mr. Mckenna Mosciski',NULL),(455,148,'Jeremie Jacobson',NULL),(456,149,'Merle Turcotte',NULL),(457,149,'Dorthy Fadel',NULL),(458,149,'Curtis Shanahan',NULL),(459,150,'Florine Wilderman',NULL),(460,150,'Maci Schimmel',NULL),(461,150,'Stanford Batz DDS',NULL),(462,150,'Hudson Macejkovic',NULL),(463,151,'Shaina Beer',NULL),(464,152,'Trinity Fritsch',NULL),(465,152,'Cassie Hahn',NULL),(466,152,'Catalina Dicki',NULL),(467,152,'Rigoberto Blanda',NULL),(468,153,'Meda McCullough',NULL),(469,153,'Gwen Trantow DDS',NULL),(470,153,'Mathilde Gulgowski V',NULL),(471,153,'Ms. Marjolaine DuBuque',NULL),(472,154,'Ms. Leonora Carter',NULL),(473,155,'Ursula Lesch',NULL),(474,155,'Jerry Schiller',NULL),(475,155,'Felipe Larkin',NULL),(476,155,'Demetrius Hettinger',NULL),(477,155,'Triston McCullough',NULL),(478,156,'Antonietta Schmeler',NULL),(479,156,'Wyatt Boehm',NULL),(480,156,'Irwin Pollich',NULL),(481,156,'Marguerite Hansen',NULL),(482,156,'Mr. Norwood Brekke',NULL),(483,157,'Orie Lebsack Jr.',NULL),(484,157,'Robyn Haag',NULL),(485,158,'Evert Boehm V',NULL),(486,158,'Charley Daugherty',NULL);
/*!40000 ALTER TABLE `accessories` ENABLE KEYS */;
UNLOCK TABLES;

--
-- Table structure for table `accessories_inventory_pools`
--

DROP TABLE IF EXISTS `accessories_inventory_pools`;
/*!40101 SET @saved_cs_client     = @@character_set_client */;
/*!40101 SET character_set_client = utf8 */;
CREATE TABLE `accessories_inventory_pools` (
  `accessory_id` int(11) DEFAULT NULL,
  `inventory_pool_id` int(11) DEFAULT NULL,
  UNIQUE KEY `index_accessories_inventory_pools` (`accessory_id`,`inventory_pool_id`),
  KEY `index_accessories_inventory_pools_on_inventory_pool_id` (`inventory_pool_id`)
) ENGINE=InnoDB DEFAULT CHARSET=utf8 COLLATE=utf8_unicode_ci;
/*!40101 SET character_set_client = @saved_cs_client */;

--
-- Dumping data for table `accessories_inventory_pools`
--

LOCK TABLES `accessories_inventory_pools` WRITE;
/*!40000 ALTER TABLE `accessories_inventory_pools` DISABLE KEYS */;
INSERT INTO `accessories_inventory_pools` VALUES (1,1),(2,1),(3,1),(7,1),(10,1),(14,1),(20,1),(22,1),(23,1),(26,1),(31,1),(35,1),(36,1),(37,1),(39,1),(40,1),(45,1),(57,1),(58,1),(60,1),(61,1),(62,1),(63,1),(64,1),(65,1),(67,1),(71,1),(73,1),(74,1),(78,1),(80,1),(81,1),(82,1),(88,1),(89,1),(92,1),(93,1),(95,1),(96,1),(97,1),(100,1),(102,1),(103,1),(105,1),(106,1),(107,1),(108,1),(110,1),(112,1),(114,1),(115,1),(117,1),(121,1),(122,1),(123,1),(125,1),(127,1),(129,1),(135,1),(140,1),(142,1),(145,1),(146,1),(150,1),(153,1),(159,1),(160,1),(161,1),(162,1),(163,1),(165,1),(166,1),(168,1),(170,1),(173,1),(174,1),(176,1),(178,1),(179,1),(181,1),(183,1),(184,1),(185,1),(188,1),(192,1),(195,1),(197,1),(198,1),(199,1),(200,1),(202,1),(203,1),(206,1),(210,1),(212,1),(219,1),(220,1),(222,1),(223,1),(225,1),(226,1),(227,1),(229,1),(233,1),(238,1),(248,1),(250,1),(253,1),(254,1),(256,1),(260,1),(261,1),(263,1),(266,1),(267,1),(268,1),(270,1),(271,1),(272,1),(274,1),(276,1),(278,1),(279,1),(281,1),(288,1),(290,1),(295,1),(297,1),(299,1),(301,1),(303,1),(306,1),(310,1),(312,1),(314,1),(316,1),(321,1),(322,1),(324,1),(326,1),(327,1),(328,1),(333,1),(334,1),(335,1),(337,1),(338,1),(340,1),(342,1),(343,1),(345,1),(346,1),(354,1),(355,1),(358,1),(360,1),(361,1),(362,1),(365,1),(366,1),(367,1),(368,1),(370,1),(373,1),(374,1),(383,1),(384,1),(385,1),(388,1),(390,1),(394,1),(395,1),(396,1),(397,1),(400,1),(406,1),(407,1),(409,1),(411,1),(413,1),(414,1),(415,1),(416,1),(422,1),(424,1),(426,1),(429,1),(433,1),(434,1),(435,1),(436,1),(438,1),(439,1),(441,1),(442,1),(443,1),(444,1),(445,1),(448,1),(450,1),(453,1),(454,1),(457,1),(459,1),(460,1),(461,1),(462,1),(463,1),(464,1),(465,1),(469,1),(471,1),(472,1),(475,1),(476,1),(477,1),(478,1),(479,1),(480,1),(485,1);
/*!40000 ALTER TABLE `accessories_inventory_pools` ENABLE KEYS */;
UNLOCK TABLES;

--
-- Table structure for table `addresses`
--

DROP TABLE IF EXISTS `addresses`;
/*!40101 SET @saved_cs_client     = @@character_set_client */;
/*!40101 SET character_set_client = utf8 */;
CREATE TABLE `addresses` (
  `id` int(11) NOT NULL AUTO_INCREMENT,
  `street` varchar(255) COLLATE utf8_unicode_ci DEFAULT NULL,
  `zip_code` varchar(255) COLLATE utf8_unicode_ci DEFAULT NULL,
  `city` varchar(255) COLLATE utf8_unicode_ci DEFAULT NULL,
  `country_code` varchar(255) COLLATE utf8_unicode_ci DEFAULT NULL,
  `latitude` float DEFAULT NULL,
  `longitude` float DEFAULT NULL,
  PRIMARY KEY (`id`),
  UNIQUE KEY `index_addresses_on_street_and_zip_code_and_city_and_country_code` (`street`,`zip_code`,`city`,`country_code`)
) ENGINE=InnoDB DEFAULT CHARSET=utf8 COLLATE=utf8_unicode_ci;
/*!40101 SET character_set_client = @saved_cs_client */;

--
-- Dumping data for table `addresses`
--

LOCK TABLES `addresses` WRITE;
/*!40000 ALTER TABLE `addresses` DISABLE KEYS */;
/*!40000 ALTER TABLE `addresses` ENABLE KEYS */;
UNLOCK TABLES;

--
-- Table structure for table `attachments`
--

DROP TABLE IF EXISTS `attachments`;
/*!40101 SET @saved_cs_client     = @@character_set_client */;
/*!40101 SET character_set_client = utf8 */;
CREATE TABLE `attachments` (
  `id` int(11) NOT NULL AUTO_INCREMENT,
  `model_id` int(11) DEFAULT NULL,
  `is_main` tinyint(1) DEFAULT '0',
  `content_type` varchar(255) COLLATE utf8_unicode_ci DEFAULT NULL,
  `filename` varchar(255) COLLATE utf8_unicode_ci DEFAULT NULL,
  `size` int(11) DEFAULT NULL,
  PRIMARY KEY (`id`),
  KEY `index_attachments_on_model_id` (`model_id`)
) ENGINE=InnoDB AUTO_INCREMENT=3 DEFAULT CHARSET=utf8 COLLATE=utf8_unicode_ci;
/*!40101 SET character_set_client = @saved_cs_client */;

--
-- Dumping data for table `attachments`
--

LOCK TABLES `attachments` WRITE;
/*!40000 ALTER TABLE `attachments` DISABLE KEYS */;
INSERT INTO `attachments` VALUES (1,153,0,'image/jpeg','Isobel Welch',NULL),(2,154,0,'image/jpeg','Cindy Turner',NULL);
/*!40000 ALTER TABLE `attachments` ENABLE KEYS */;
UNLOCK TABLES;

--
-- Table structure for table `authentication_systems`
--

DROP TABLE IF EXISTS `authentication_systems`;
/*!40101 SET @saved_cs_client     = @@character_set_client */;
/*!40101 SET character_set_client = utf8 */;
CREATE TABLE `authentication_systems` (
  `id` int(11) NOT NULL AUTO_INCREMENT,
  `name` varchar(255) COLLATE utf8_unicode_ci DEFAULT NULL,
  `class_name` varchar(255) COLLATE utf8_unicode_ci DEFAULT NULL,
  `is_default` tinyint(1) DEFAULT '0',
  `is_active` tinyint(1) DEFAULT '0',
  PRIMARY KEY (`id`)
) ENGINE=InnoDB AUTO_INCREMENT=7 DEFAULT CHARSET=utf8 COLLATE=utf8_unicode_ci;
/*!40101 SET character_set_client = @saved_cs_client */;

--
-- Dumping data for table `authentication_systems`
--

LOCK TABLES `authentication_systems` WRITE;
/*!40000 ALTER TABLE `authentication_systems` DISABLE KEYS */;
INSERT INTO `authentication_systems` VALUES (1,'Database Authentication','DatabaseAuthentication',1,1),(2,'LDAP Authentication','LdapAuthentication',0,0),(3,'ZHDK Authentication','Zhdk',0,0),(4,'Database Authentication','DatabaseAuthentication',1,1),(5,'LDAP Authentication','LdapAuthentication',0,0),(6,'ZHDK Authentication','Zhdk',0,0);
/*!40000 ALTER TABLE `authentication_systems` ENABLE KEYS */;
UNLOCK TABLES;

--
-- Table structure for table `buildings`
--

DROP TABLE IF EXISTS `buildings`;
/*!40101 SET @saved_cs_client     = @@character_set_client */;
/*!40101 SET character_set_client = utf8 */;
CREATE TABLE `buildings` (
  `id` int(11) NOT NULL AUTO_INCREMENT,
  `name` varchar(255) COLLATE utf8_unicode_ci DEFAULT NULL,
  `code` varchar(255) COLLATE utf8_unicode_ci DEFAULT NULL,
  PRIMARY KEY (`id`)
) ENGINE=InnoDB AUTO_INCREMENT=185 DEFAULT CHARSET=utf8 COLLATE=utf8_unicode_ci;
/*!40101 SET character_set_client = @saved_cs_client */;

--
-- Dumping data for table `buildings`
--

LOCK TABLES `buildings` WRITE;
/*!40000 ALTER TABLE `buildings` DISABLE KEYS */;
INSERT INTO `buildings` VALUES (1,'Great Pyramid of Giza','ZZZ'),(2,'Great Pyramid of Giza','ZZZ'),(3,'Autinciduntquasi','rep'),(4,'Reiciendisvelperspiciatis','nat'),(5,'Doloremnatuset','eos'),(6,'Etinciduntsit','qui'),(7,'Reprehenderitinventorequis','hic'),(8,'Placeatomnismaxime','qui'),(9,'Corruptivoluptatemmaxime','pos'),(10,'Ipsumdoloresaliquam','nul'),(11,'Rerumetreprehenderit','occ'),(12,'Molestiaelaboriosamcorrupti','ete'),(13,'Facereutfuga','ist'),(14,'Etconsequaturmolestias','neq'),(15,'Consecteturdoloremet','vit'),(16,'Voluptasasperioresqui','imp'),(17,'Eiussedharum','ass'),(18,'Quamcorruptiodio','dol'),(19,'Veritatisdoloremquesapiente','eaa'),(20,'Quodminimaassumenda','ean'),(21,'Atipsumlaudantium','qua'),(22,'Doloremeainventore','est'),(23,'Idmolestiaedolorem','lib'),(24,'Voluptasetquas','mod'),(25,'Aliquidconsequunturvoluptatum','har'),(26,'Nostrumetnecessitatibus','cum'),(27,'Ututea','cup'),(28,'Eummaioresquisquam','exc'),(29,'Etquieum','asp'),(30,'Etducimusquia','ess'),(31,'Eabeataesint','mol'),(32,'Cumqueconsequaturoptio','sun'),(33,'Utmagniomnis','dol'),(34,'Velvelitquibusdam','pra'),(35,'Etnullafugit','eli'),(36,'Inciduntasperioresaut','tem'),(37,'Dolorumaccusamusquia','deb'),(38,'Quonemolabore','sap'),(39,'Reiciendisetmodi','per'),(40,'Velperferendisest','dol'),(41,'Ipsailloest','dol'),(42,'Solutaveniamaut','fug'),(43,'Dolorecorruptivoluptatem','rer'),(44,'Natusnonipsam','eaq'),(45,'Estquasiaut','ius'),(46,'Autsolutasint','ill'),(47,'Voluptassaepequo','rep'),(48,'Ausstellungsstrasse 60','AU60'),(49,'Ausstellungsstrasse 60','AU60'),(50,'Sedveritatisminima','aut'),(51,'Nihiladipisciconsequatur','eve'),(52,'Voluptatumvelet','uta'),(53,'Etipsamquia','eli'),(54,'Recusandaeetquasi','inv'),(55,'Optiodelenitiomnis','eli'),(56,'Quamcommodipariatur','per'),(57,'Quaeeumadipisci','cor'),(58,'Evenietrecusandaeet','vol'),(59,'Laborumeumomnis','uti'),(60,'Eaquecommodiest','dig'),(61,'Suntsuscipitalias','eum'),(62,'Maximelaboriosamneque','dic'),(63,'Veniamidquisquam','asp'),(64,'Porroeasimilique','dol'),(65,'Molestiaecorporisodit','vol'),(66,'Aliquidsintfacere','eth'),(67,'Adipiscisuntaut','ame'),(68,'Etaccusamuspariatur','est'),(69,'Necessitatibusautvoluptatem','pos'),(70,'Perspiciatisetet','qui'),(71,'Atteneturenim','etn'),(72,'Doloreomnisat','ali'),(73,'Voluptatibusreiciendissit','lab'),(74,'Utmolestiasquia','ill'),(75,'Laudantiumveroducimus','vol'),(76,'Distinctioconsequaturmodi','eum'),(77,'Etdoloresquia','ven'),(78,'Delectusdistinctioipsum','cor'),(79,'Quiinciduntvel','des'),(80,'Ipsamminusvitae','dol'),(81,'Enimnequeeos','quo'),(82,'Namaliquideum','idq'),(83,'Nullaquiaea','ape'),(84,'Esseistequi','omn'),(85,'Sedveroab','mol'),(86,'Recusandaedelectusincidunt','sin'),(87,'Utconsequaturvoluptas','eos'),(88,'Euminnatus','quo'),(89,'Cupiditatemolestiaead','sim'),(90,'Adipiscivitaerecusandae','ali'),(91,'Blanditiiscumqui','est'),(92,'Corporisetcumque','est'),(93,'Illumquiaad','est'),(94,'Doloribusidet','aes'),(95,'Nisivoluptatumin','min'),(96,'Sitnostrumut','qui'),(97,'Eumexplicaboaccusantium','rei'),(98,'Molestiaeconsequuntursapiente','quo'),(99,'Sintquasieos','pro'),(100,'Ipsavoluptatemqui','rer'),(101,'Saepesitquos','qui'),(102,'Quasvoluptatibusquis','utq'),(103,'Repellatfugitexercitationem','dis'),(104,'Laboriosammagniquis','ate'),(105,'Estvoluptatehic','ill'),(106,'Possimusblanditiisvelit','cum'),(107,'Omnisquisaspernatur','omn'),(108,'Perspiciatisbeataetotam','sin'),(109,'Voluptatemisteet','eos'),(110,'Nequetemporaaut','ete'),(111,'Aquasiex','qui'),(112,'Nisiminimadistinctio','sit'),(113,'Officiisestexplicabo','mai'),(114,'Porrositlibero','aut'),(115,'Suntinciduntdolor','etn'),(116,'Sedquiaquos','qua'),(117,'Namautvoluptatem','rep'),(118,'Explicaboinventoresimilique','ver'),(119,'Iureullamcumque','ull'),(120,'Necessitatibusquisvoluptas','cul'),(121,'Exdictaquia','mai'),(122,'Explicabosequiaut','mol'),(123,'Facereprovidentfugiat','vol'),(124,'Ametomniscommodi','tot'),(125,'Quasimagniquam','ass'),(126,'Addistinctioexplicabo','vol'),(127,'Estsuscipitnumquam','vol'),(128,'Modinullaillum','eti'),(129,'Voluptatesenimid','tem'),(130,'Etprovidentconsequatur','sit'),(131,'Voluptasomnisfacere','vel'),(132,'Repellatrecusandaeeum','ape'),(133,'Dictaliberoillum','ull'),(134,'Asperioresetsequi','rei'),(135,'Repudiandaeveritatisexercitationem','ute'),(136,'Magnamodioquam','fac'),(137,'Hicfacereblanditiis','omn'),(138,'Evenietvoluptatemamet','err'),(139,'Undedignissimosquasi','del'),(140,'Consequatureumvitae','non'),(141,'Laborumsaepenostrum','ape'),(142,'Teneturcumdolor','rem'),(143,'Nequeexplicabocorrupti','pro'),(144,'Consequaturnonconsequatur','lab'),(145,'Hicsintrepudiandae','qua'),(146,'Excepturifugitquidem','rei'),(147,'Fugiatquiaaperiam','dol'),(148,'Minimavoluptatesvoluptate','eaq'),(149,'Sintvoluptatemdolorem','dol'),(150,'Fugitdistinctiocorporis','est'),(151,'Porrooditsunt','mol'),(152,'Liberoestipsam','con'),(153,'Omnisbeataevoluptatem','max'),(154,'Doloresdolorequas','qua'),(155,'Abhicdebitis','per'),(156,'Repellatnequeillo','vel'),(157,'Nostrumsitlaboriosam','non'),(158,'Cupiditatevoluptatemaut','des'),(159,'Utaperiamqui','ita'),(160,'Commodivitaevoluptates','aut'),(161,'Laudantiumnullacorrupti','qui'),(162,'Etautminima','inc'),(163,'Nihilquierror','por'),(164,'Quasvoluptatemipsam','qui'),(165,'Facereipsaoccaecati','qui'),(166,'Aspernaturdoloresreiciendis','del'),(167,'Eumeiusofficiis','vol'),(168,'Sittenetureius','vel'),(169,'Evenietsitvoluptatum','vel'),(170,'Totamautvoluptatem','ius'),(171,'Porroperferendisconsequatur','pla'),(172,'Quosipsamdoloremque','sit'),(173,'Solutaharumdebitis','vel'),(174,'Nostrumabvoluptate','off'),(175,'Dolorametexercitationem','qui'),(176,'Laborumetporro','arc'),(177,'Modiestvoluptatem','inc'),(178,'Etquorepudiandae','tot'),(179,'Voluptatemvelitquidem','rec'),(180,'Sedundenihil','qui'),(181,'Iureutquidem','exp'),(182,'Ametoditiure','arc'),(183,'Placeatvelerror','eum'),(184,'Etetvoluptates','qui');
/*!40000 ALTER TABLE `buildings` ENABLE KEYS */;
UNLOCK TABLES;

--
-- Table structure for table `contract_lines`
--

DROP TABLE IF EXISTS `contract_lines`;
/*!40101 SET @saved_cs_client     = @@character_set_client */;
/*!40101 SET character_set_client = utf8 */;
CREATE TABLE `contract_lines` (
  `id` int(11) NOT NULL AUTO_INCREMENT,
  `contract_id` int(11) DEFAULT NULL,
  `type` varchar(255) COLLATE utf8_unicode_ci NOT NULL DEFAULT 'ItemLine',
  `item_id` int(11) DEFAULT NULL,
  `model_id` int(11) DEFAULT NULL,
  `quantity` int(11) DEFAULT '1',
  `start_date` date DEFAULT NULL,
  `end_date` date DEFAULT NULL,
  `returned_date` date DEFAULT NULL,
  `option_id` int(11) DEFAULT NULL,
  `purpose_id` int(11) DEFAULT NULL,
  `returned_to_user_id` int(11) DEFAULT NULL,
  `created_at` datetime DEFAULT NULL,
  `updated_at` datetime DEFAULT NULL,
  PRIMARY KEY (`id`),
  KEY `index_contract_lines_on_start_date` (`start_date`),
  KEY `index_contract_lines_on_end_date` (`end_date`),
  KEY `index_contract_lines_on_option_id` (`option_id`),
  KEY `index_contract_lines_on_contract_id` (`contract_id`),
  KEY `index_contract_lines_on_item_id` (`item_id`),
  KEY `index_contract_lines_on_model_id` (`model_id`),
  KEY `index_contract_lines_on_returned_date_and_contract_id` (`returned_date`,`contract_id`),
  KEY `index_contract_lines_on_type_and_contract_id` (`type`,`contract_id`)
) ENGINE=InnoDB AUTO_INCREMENT=165 DEFAULT CHARSET=utf8 COLLATE=utf8_unicode_ci;
/*!40101 SET character_set_client = @saved_cs_client */;

--
-- Dumping data for table `contract_lines`
--

LOCK TABLES `contract_lines` WRITE;
/*!40000 ALTER TABLE `contract_lines` DISABLE KEYS */;
INSERT INTO `contract_lines` VALUES (1,1,'ItemLine',NULL,1,1,'2014-01-10','2014-01-10',NULL,NULL,NULL,NULL,'2014-01-10 09:57:57','2014-01-10 09:57:57'),(2,1,'ItemLine',NULL,5,1,'2014-01-10','2014-01-10',NULL,NULL,NULL,NULL,'2014-01-10 09:57:57','2014-01-10 09:57:57'),(3,1,'ItemLine',NULL,9,1,'2014-01-10','2014-01-10',NULL,NULL,NULL,NULL,'2014-01-10 09:57:57','2014-01-10 09:57:57'),(4,1,'ItemLine',NULL,13,1,'2014-01-10','2014-01-10',NULL,NULL,NULL,NULL,'2014-01-10 09:57:57','2014-01-10 09:57:57'),(5,1,'ItemLine',NULL,17,1,'2014-01-10','2014-01-10',NULL,NULL,NULL,NULL,'2014-01-10 09:57:57','2014-01-10 09:57:57'),(6,1,'ItemLine',NULL,21,1,'2014-01-10','2014-01-10',NULL,NULL,NULL,NULL,'2014-01-10 09:57:57','2014-01-10 09:57:57'),(7,2,'ItemLine',NULL,25,1,'2014-01-10','2014-01-10',NULL,NULL,1,NULL,'2014-01-10 09:57:57','2014-01-10 09:57:57'),(8,2,'ItemLine',NULL,29,1,'2014-01-10','2014-01-10',NULL,NULL,1,NULL,'2014-01-10 09:57:57','2014-01-10 09:57:57'),(9,2,'ItemLine',NULL,33,1,'2014-01-10','2014-01-10',NULL,NULL,1,NULL,'2014-01-10 09:57:57','2014-01-10 09:57:57'),(10,3,'ItemLine',NULL,37,1,'2014-01-10','2014-01-10','2014-01-10',NULL,2,2,'2014-01-10 09:57:57','2014-01-10 09:57:57'),(11,3,'ItemLine',NULL,41,1,'2014-01-10','2014-01-10','2014-01-10',NULL,2,2,'2014-01-10 09:57:57','2014-01-10 09:57:57'),(12,3,'ItemLine',NULL,45,1,'2014-01-10','2014-01-10','2014-01-10',NULL,2,2,'2014-01-10 09:57:57','2014-01-10 09:57:57'),(13,3,'ItemLine',NULL,49,1,'2014-01-10','2014-01-10','2014-01-10',NULL,2,2,'2014-01-10 09:57:57','2014-01-10 09:57:57'),(14,3,'ItemLine',NULL,53,1,'2014-01-10','2014-01-10','2014-01-10',NULL,2,2,'2014-01-10 09:57:57','2014-01-10 09:57:57'),(15,3,'ItemLine',NULL,57,1,'2014-01-10','2014-01-10','2014-01-10',NULL,2,2,'2014-01-10 09:57:57','2014-01-10 09:57:57'),(16,4,'ItemLine',28,37,1,'2014-01-10','2014-01-10',NULL,NULL,3,NULL,'2014-01-10 09:57:57','2014-01-10 09:57:57'),(17,4,'ItemLine',29,37,1,'2014-01-10','2014-01-10',NULL,NULL,3,NULL,'2014-01-10 09:57:57','2014-01-10 09:57:57'),(18,4,'ItemLine',30,37,1,'2014-01-10','2014-01-10',NULL,NULL,3,NULL,'2014-01-10 09:57:57','2014-01-10 09:57:57'),(19,4,'ItemLine',31,41,1,'2014-01-10','2014-01-10',NULL,NULL,3,NULL,'2014-01-10 09:57:57','2014-01-10 09:57:57'),(20,4,'ItemLine',32,41,1,'2014-01-10','2014-01-10',NULL,NULL,3,NULL,'2014-01-10 09:57:57','2014-01-10 09:57:57'),(21,4,'ItemLine',33,41,1,'2014-01-10','2014-01-10',NULL,NULL,3,NULL,'2014-01-10 09:57:57','2014-01-10 09:57:57'),(22,4,'ItemLine',34,45,1,'2014-01-10','2014-01-10',NULL,NULL,3,NULL,'2014-01-10 09:57:57','2014-01-10 09:57:57'),(23,4,'ItemLine',35,45,1,'2014-01-10','2014-01-10',NULL,NULL,3,NULL,'2014-01-10 09:57:57','2014-01-10 09:57:57'),(24,4,'ItemLine',36,45,1,'2014-01-10','2014-01-10',NULL,NULL,3,NULL,'2014-01-10 09:57:57','2014-01-10 09:57:57'),(25,4,'ItemLine',37,49,1,'2014-01-10','2014-01-10',NULL,NULL,3,NULL,'2014-01-10 09:57:57','2014-01-10 09:57:57'),(26,4,'ItemLine',38,49,1,'2014-01-10','2014-01-10',NULL,NULL,3,NULL,'2014-01-10 09:57:57','2014-01-10 09:57:57'),(27,4,'ItemLine',39,49,1,'2014-01-10','2014-01-10',NULL,NULL,3,NULL,'2014-01-10 09:57:57','2014-01-10 09:57:57'),(28,4,'ItemLine',40,53,1,'2014-01-10','2014-01-10',NULL,NULL,3,NULL,'2014-01-10 09:57:57','2014-01-10 09:57:57'),(29,4,'ItemLine',41,53,1,'2014-01-10','2014-01-10',NULL,NULL,3,NULL,'2014-01-10 09:57:57','2014-01-10 09:57:57'),(30,4,'ItemLine',42,53,1,'2014-01-10','2014-01-10',NULL,NULL,3,NULL,'2014-01-10 09:57:57','2014-01-10 09:57:57'),(31,4,'ItemLine',43,57,1,'2014-01-10','2014-01-10',NULL,NULL,3,NULL,'2014-01-10 09:57:57','2014-01-10 09:57:57'),(32,4,'ItemLine',44,57,1,'2014-01-10','2014-01-10',NULL,NULL,3,NULL,'2014-01-10 09:57:57','2014-01-10 09:57:57'),(33,4,'ItemLine',45,57,1,'2014-01-10','2014-01-10',NULL,NULL,3,NULL,'2014-01-10 09:57:57','2014-01-10 09:57:57'),(34,4,'ItemLine',48,62,1,'2014-01-10','2014-01-10',NULL,NULL,3,NULL,'2014-01-10 09:57:57','2014-01-10 09:57:57'),(35,4,'ItemLine',49,62,1,'2014-01-10','2014-01-10',NULL,NULL,3,NULL,'2014-01-10 09:57:57','2014-01-10 09:57:57'),(36,4,'ItemLine',50,63,1,'2014-01-10','2014-01-10',NULL,NULL,3,NULL,'2014-01-10 09:57:57','2014-01-10 09:57:57'),(37,4,'ItemLine',52,65,1,'2014-01-10','2014-01-10',NULL,NULL,3,NULL,'2014-01-10 09:57:57','2014-01-10 09:57:57'),(38,4,'ItemLine',53,66,1,'2014-01-10','2014-01-10',NULL,NULL,3,NULL,'2014-01-10 09:57:57','2014-01-10 09:57:57'),(39,4,'ItemLine',54,67,1,'2014-01-10','2014-01-10',NULL,NULL,3,NULL,'2014-01-10 09:57:57','2014-01-10 09:57:57'),(40,4,'ItemLine',55,68,1,'2014-01-10','2014-01-10',NULL,NULL,3,NULL,'2014-01-10 09:57:57','2014-01-10 09:57:57'),(41,4,'ItemLine',56,69,1,'2014-01-10','2014-01-10',NULL,NULL,3,NULL,'2014-01-10 09:57:57','2014-01-10 09:57:57'),(42,4,'ItemLine',57,70,1,'2014-01-10','2014-01-10',NULL,NULL,3,NULL,'2014-01-10 09:57:57','2014-01-10 09:57:57'),(43,4,'ItemLine',58,71,1,'2014-01-10','2014-01-10',NULL,NULL,3,NULL,'2014-01-10 09:57:57','2014-01-10 09:57:57'),(44,4,'ItemLine',59,72,1,'2014-01-10','2014-01-10',NULL,NULL,3,NULL,'2014-01-10 09:57:57','2014-01-10 09:57:57'),(45,4,'ItemLine',60,73,1,'2014-01-10','2014-01-10',NULL,NULL,3,NULL,'2014-01-10 09:57:57','2014-01-10 09:57:57'),(46,5,'OptionLine',NULL,NULL,2,'2014-01-10','2014-01-11',NULL,4,4,NULL,'2014-01-10 09:57:57','2014-01-10 09:57:57'),(47,5,'ItemLine',157,159,1,'2014-01-10','2014-01-10',NULL,NULL,4,NULL,'2014-01-10 09:57:57','2014-01-10 09:57:57'),(48,6,'OptionLine',NULL,NULL,2,'2014-01-10','2014-01-10',NULL,5,5,NULL,'2014-01-10 09:57:57','2014-01-10 09:57:57'),(49,6,'OptionLine',NULL,NULL,1,'2014-01-10','2014-01-11',NULL,5,5,NULL,'2014-01-10 09:57:57','2014-01-10 09:57:57'),(50,7,'ItemLine',158,160,1,'2014-01-05','2014-01-09',NULL,NULL,6,NULL,'2014-01-05 00:00:00','2014-01-05 00:00:00'),(51,7,'OptionLine',NULL,NULL,1,'2014-01-05','2014-01-09',NULL,6,6,NULL,'2014-01-05 00:00:00','2014-01-05 00:00:00'),(52,8,'ItemLine',NULL,167,1,'2014-01-10','2014-01-10',NULL,NULL,7,NULL,'2014-01-10 09:57:57','2014-01-10 09:57:57'),(53,8,'ItemLine',NULL,168,1,'2014-01-10','2014-01-10',NULL,NULL,7,NULL,'2014-01-10 09:57:57','2014-01-10 09:57:57'),(54,8,'ItemLine',NULL,169,1,'2014-01-10','2014-01-10',NULL,NULL,7,NULL,'2014-01-10 09:57:57','2014-01-10 09:57:57'),(55,9,'ItemLine',167,170,1,'2014-01-10','2014-01-10',NULL,NULL,8,NULL,'2014-01-10 09:57:57','2014-01-10 09:57:57'),(56,9,'ItemLine',168,171,1,'2014-01-10','2014-01-10',NULL,NULL,8,NULL,'2014-01-10 09:57:57','2014-01-10 09:57:57'),(57,9,'ItemLine',169,172,1,'2014-01-10','2014-01-10',NULL,NULL,8,NULL,'2014-01-10 09:57:57','2014-01-10 09:57:57'),(58,9,'ItemLine',170,173,1,'2014-01-10','2014-01-10',NULL,NULL,8,NULL,'2014-01-10 09:57:57','2014-01-10 09:57:57'),(59,9,'ItemLine',171,174,1,'2014-01-10','2014-01-10',NULL,NULL,8,NULL,'2014-01-10 09:57:57','2014-01-10 09:57:57'),(60,10,'ItemLine',172,175,1,'2014-01-10','2014-01-10',NULL,NULL,9,NULL,'2014-01-10 09:57:57','2014-01-10 09:57:57'),(61,10,'ItemLine',173,176,1,'2014-01-10','2014-01-10',NULL,NULL,9,NULL,'2014-01-10 09:57:57','2014-01-10 09:57:57'),(62,10,'ItemLine',174,177,1,'2014-01-10','2014-01-10',NULL,NULL,9,NULL,'2014-01-10 09:57:57','2014-01-10 09:57:57'),(63,10,'ItemLine',175,178,1,'2014-01-10','2014-01-10',NULL,NULL,9,NULL,'2014-01-10 09:57:57','2014-01-10 09:57:57'),(64,11,'ItemLine',176,179,1,'2014-01-05','2014-01-06',NULL,NULL,10,NULL,'2014-01-05 00:00:00','2014-01-05 00:00:00'),(65,11,'ItemLine',177,180,1,'2014-01-05','2014-01-06',NULL,NULL,10,NULL,'2014-01-05 00:00:00','2014-01-05 00:00:00'),(66,11,'ItemLine',178,181,1,'2014-01-05','2014-01-06',NULL,NULL,10,NULL,'2014-01-05 00:00:00','2014-01-05 00:00:00'),(67,11,'ItemLine',179,182,1,'2014-01-05','2014-01-06',NULL,NULL,10,NULL,'2014-01-05 00:00:00','2014-01-05 00:00:00'),(68,11,'ItemLine',180,183,1,'2014-01-05','2014-01-06',NULL,NULL,10,NULL,'2014-01-05 00:00:00','2014-01-05 00:00:00'),(69,12,'ItemLine',NULL,88,1,'2014-01-17','2014-01-20',NULL,NULL,11,NULL,'2014-01-10 09:57:57','2014-01-10 09:57:57'),(70,12,'ItemLine',NULL,88,1,'2014-01-17','2014-01-20',NULL,NULL,11,NULL,'2014-01-10 09:57:57','2014-01-10 09:57:57'),(71,12,'ItemLine',NULL,88,1,'2014-01-17','2014-01-20',NULL,NULL,11,NULL,'2014-01-10 09:57:57','2014-01-10 09:57:57'),(72,12,'ItemLine',NULL,88,1,'2014-01-17','2014-01-20',NULL,NULL,11,NULL,'2014-01-10 09:57:57','2014-01-10 09:57:57'),(73,12,'ItemLine',NULL,88,1,'2014-01-17','2014-01-20',NULL,NULL,11,NULL,'2014-01-10 09:57:57','2014-01-10 09:57:57'),(74,12,'ItemLine',NULL,120,1,'2014-01-17','2014-01-20',NULL,NULL,11,NULL,'2014-01-10 09:57:57','2014-01-10 09:57:57'),(75,12,'ItemLine',NULL,120,1,'2014-01-17','2014-01-20',NULL,NULL,11,NULL,'2014-01-10 09:57:57','2014-01-10 09:57:57'),(76,12,'ItemLine',NULL,120,1,'2014-01-17','2014-01-20',NULL,NULL,11,NULL,'2014-01-10 09:57:57','2014-01-10 09:57:57'),(77,13,'ItemLine',NULL,184,1,'2014-01-10','2014-01-10',NULL,NULL,12,NULL,'2014-01-10 09:57:57','2014-01-10 09:57:57'),(78,13,'ItemLine',NULL,188,1,'2014-01-10','2014-01-10',NULL,NULL,12,NULL,'2014-01-10 09:57:57','2014-01-10 09:57:57'),(79,13,'ItemLine',NULL,192,1,'2014-01-10','2014-01-10',NULL,NULL,12,NULL,'2014-01-10 09:57:57','2014-01-10 09:57:57'),(80,13,'ItemLine',NULL,196,1,'2014-01-10','2014-01-10',NULL,NULL,12,NULL,'2014-01-10 09:57:57','2014-01-10 09:57:57'),(81,13,'ItemLine',NULL,200,1,'2014-01-10','2014-01-10',NULL,NULL,12,NULL,'2014-01-10 09:57:57','2014-01-10 09:57:57'),(82,14,'ItemLine',NULL,204,1,'2014-01-10','2014-01-10',NULL,NULL,13,NULL,'2014-01-10 09:57:57','2014-01-10 09:57:57'),(83,14,'ItemLine',NULL,208,1,'2014-01-10','2014-01-10',NULL,NULL,13,NULL,'2014-01-10 09:57:57','2014-01-10 09:57:57'),(84,14,'ItemLine',NULL,212,1,'2014-01-10','2014-01-10',NULL,NULL,13,NULL,'2014-01-10 09:57:57','2014-01-10 09:57:57'),(85,14,'ItemLine',NULL,216,1,'2014-01-10','2014-01-10',NULL,NULL,13,NULL,'2014-01-10 09:57:57','2014-01-10 09:57:57'),(86,14,'ItemLine',NULL,220,1,'2014-01-10','2014-01-10',NULL,NULL,13,NULL,'2014-01-10 09:57:57','2014-01-10 09:57:57'),(87,15,'ItemLine',NULL,120,1,'2014-01-10','2014-01-10',NULL,NULL,14,NULL,'2014-01-10 09:57:57','2014-01-10 09:57:57'),(88,16,'ItemLine',NULL,120,1,'2014-01-10','2014-01-10',NULL,NULL,15,NULL,'2014-01-10 09:57:57','2014-01-10 09:57:57'),(89,16,'ItemLine',NULL,88,1,'2014-01-10','2014-01-10',NULL,NULL,15,NULL,'2014-01-10 09:57:57','2014-01-10 09:57:57'),(90,17,'ItemLine',NULL,120,1,'2014-01-17','2014-01-18',NULL,NULL,16,NULL,'2014-01-10 09:57:57','2014-01-10 09:57:57'),(91,18,'ItemLine',NULL,62,1,'2014-01-10','2014-01-10',NULL,NULL,17,NULL,'2014-01-10 09:57:57','2014-01-10 09:57:57'),(92,18,'ItemLine',NULL,62,1,'2014-01-10','2014-01-10',NULL,NULL,17,NULL,'2014-01-10 09:57:57','2014-01-10 09:57:57'),(93,18,'ItemLine',NULL,62,1,'2014-01-10','2014-01-10',NULL,NULL,17,NULL,'2014-01-10 09:57:57','2014-01-10 09:57:57'),(94,19,'ItemLine',NULL,88,1,'2014-01-10','2014-01-10',NULL,NULL,18,NULL,'2014-01-10 09:57:57','2014-01-10 09:57:57'),(95,19,'ItemLine',NULL,88,1,'2014-01-10','2014-01-10',NULL,NULL,18,NULL,'2014-01-10 09:57:57','2014-01-10 09:57:57'),(96,19,'ItemLine',NULL,120,1,'2014-01-10','2014-01-10',NULL,NULL,18,NULL,'2014-01-10 09:57:57','2014-01-10 09:57:57'),(97,19,'OptionLine',NULL,NULL,5,'2014-01-10','2014-01-11',NULL,1,18,NULL,'2014-01-10 09:57:57','2014-01-10 09:57:57'),(98,20,'ItemLine',75,88,1,'2014-01-10','2014-01-10',NULL,NULL,19,NULL,'2014-01-10 09:57:57','2014-01-10 09:57:57'),(99,21,'ItemLine',211,224,1,'2014-01-10','2014-01-10',NULL,NULL,20,NULL,'2014-01-10 09:57:57','2014-01-10 09:57:57'),(100,22,'ItemLine',46,61,1,'2014-01-10','2014-01-10',NULL,NULL,21,NULL,'2014-01-10 09:57:57','2014-01-10 09:57:57'),(101,22,'ItemLine',159,160,1,'2014-01-10','2014-01-10','2014-01-10',NULL,21,11,'2014-01-10 09:57:57','2014-01-10 09:57:57'),(102,23,'ItemLine',51,62,1,'2014-01-10','2014-01-10',NULL,NULL,22,NULL,'2014-01-10 09:57:57','2014-01-10 09:57:57'),(103,24,'ItemLine',116,123,1,'2014-01-10','2014-01-11',NULL,NULL,23,NULL,'2014-01-10 09:57:57','2014-01-10 09:57:57'),(104,25,'ItemLine',NULL,88,1,'2014-01-17','2014-01-20',NULL,NULL,24,NULL,'2014-01-10 09:57:57','2014-01-10 09:57:57'),(105,25,'ItemLine',NULL,120,1,'2014-01-17','2014-01-20',NULL,NULL,24,NULL,'2014-01-10 09:57:57','2014-01-10 09:57:57'),(106,25,'ItemLine',NULL,120,1,'2014-01-18','2014-01-21',NULL,NULL,24,NULL,'2014-01-10 09:57:57','2014-01-10 09:57:57'),(107,26,'ItemLine',NULL,NULL,1,'2014-01-10','2014-01-11',NULL,NULL,24,NULL,'2014-01-10 09:57:57','2014-01-10 09:57:57'),(108,27,'ItemLine',NULL,62,1,'2014-01-08','2014-01-11',NULL,NULL,25,NULL,'2014-01-10 09:57:57','2014-01-10 09:57:57'),(109,27,'ItemLine',NULL,225,1,'2014-01-08','2014-01-11',NULL,NULL,25,NULL,'2014-01-10 09:57:57','2014-01-10 09:57:57'),(110,28,'ItemLine',141,62,1,'2014-01-10','2014-01-10',NULL,NULL,26,NULL,'2014-01-10 09:57:57','2014-01-10 09:57:57'),(111,28,'OptionLine',NULL,NULL,1,'2014-01-10','2014-01-10',NULL,1,26,NULL,'2014-01-10 09:57:57','2014-01-10 09:57:57'),(112,29,'ItemLine',NULL,229,1,'2014-01-03','2014-01-03',NULL,NULL,27,NULL,'2014-01-03 18:29:04','2014-01-03 18:29:04'),(113,29,'ItemLine',NULL,230,1,'2014-01-03','2014-01-03',NULL,NULL,27,NULL,'2014-01-03 18:29:04','2014-01-03 18:29:04'),(114,29,'ItemLine',NULL,231,1,'2014-01-03','2014-01-03',NULL,NULL,27,NULL,'2014-01-03 18:29:04','2014-01-03 18:29:04'),(115,29,'ItemLine',NULL,232,1,'2014-01-03','2014-01-03',NULL,NULL,27,NULL,'2014-01-03 18:29:04','2014-01-03 18:29:04'),(116,30,'ItemLine',NULL,236,1,'2014-01-03','2014-01-03',NULL,NULL,28,NULL,'2014-01-03 18:29:04','2014-01-03 18:29:04'),(117,30,'ItemLine',NULL,237,1,'2014-01-03','2014-01-03',NULL,NULL,28,NULL,'2014-01-03 18:29:04','2014-01-03 18:29:04'),(118,30,'ItemLine',NULL,238,1,'2014-01-03','2014-01-03',NULL,NULL,28,NULL,'2014-01-03 18:29:04','2014-01-03 18:29:04'),(119,30,'ItemLine',NULL,239,1,'2014-01-03','2014-01-03',NULL,NULL,28,NULL,'2014-01-03 18:29:04','2014-01-03 18:29:04'),(120,30,'ItemLine',NULL,240,1,'2014-01-03','2014-01-03',NULL,NULL,28,NULL,'2014-01-03 18:29:04','2014-01-03 18:29:04'),(121,30,'ItemLine',NULL,241,1,'2014-01-03','2014-01-03',NULL,NULL,28,NULL,'2014-01-03 18:29:04','2014-01-03 18:29:04'),(122,31,'ItemLine',NULL,245,1,'2014-01-03','2014-01-03',NULL,NULL,29,NULL,'2014-01-03 18:29:04','2014-01-03 18:29:04'),(123,31,'ItemLine',NULL,246,1,'2014-01-03','2014-01-03',NULL,NULL,29,NULL,'2014-01-03 18:29:04','2014-01-03 18:29:04'),(124,31,'ItemLine',NULL,247,1,'2014-01-03','2014-01-03',NULL,NULL,29,NULL,'2014-01-03 18:29:04','2014-01-03 18:29:04'),(125,31,'ItemLine',NULL,248,1,'2014-01-03','2014-01-03',NULL,NULL,29,NULL,'2014-01-03 18:29:05','2014-01-03 18:29:05'),(126,32,'ItemLine',NULL,252,1,'2014-01-08','2014-01-08',NULL,NULL,30,NULL,'2014-01-08 02:00:30','2014-01-08 02:00:30'),(127,32,'ItemLine',NULL,253,1,'2014-01-08','2014-01-08',NULL,NULL,30,NULL,'2014-01-08 02:00:30','2014-01-08 02:00:30'),(128,32,'ItemLine',NULL,254,1,'2014-01-08','2014-01-08',NULL,NULL,30,NULL,'2014-01-08 02:00:30','2014-01-08 02:00:30'),(129,33,'ItemLine',NULL,255,1,'2014-01-03','2014-01-03',NULL,NULL,31,NULL,'2014-01-03 15:54:09','2014-01-03 15:54:09'),(130,33,'ItemLine',NULL,256,1,'2014-01-03','2014-01-03',NULL,NULL,31,NULL,'2014-01-03 15:54:09','2014-01-03 15:54:09'),(131,33,'ItemLine',NULL,257,1,'2014-01-03','2014-01-03',NULL,NULL,31,NULL,'2014-01-03 15:54:09','2014-01-03 15:54:09'),(132,33,'ItemLine',NULL,258,1,'2014-01-03','2014-01-03',NULL,NULL,31,NULL,'2014-01-03 15:54:09','2014-01-03 15:54:09'),(133,33,'ItemLine',NULL,259,1,'2014-01-03','2014-01-03',NULL,NULL,31,NULL,'2014-01-03 15:54:09','2014-01-03 15:54:09'),(134,33,'ItemLine',NULL,260,1,'2014-01-03','2014-01-03',NULL,NULL,31,NULL,'2014-01-03 15:54:09','2014-01-03 15:54:09'),(135,33,'ItemLine',NULL,260,1,'2014-01-03','2014-01-03',NULL,NULL,31,NULL,'2014-01-03 15:54:09','2014-01-03 15:54:09'),(136,34,'ItemLine',NULL,264,1,'2014-01-10','2014-01-10',NULL,NULL,32,NULL,'2014-01-10 09:57:57','2014-01-10 09:57:57'),(137,34,'ItemLine',NULL,265,1,'2014-01-10','2014-01-10',NULL,NULL,32,NULL,'2014-01-10 09:57:57','2014-01-10 09:57:57'),(138,34,'ItemLine',NULL,266,1,'2014-01-10','2014-01-10',NULL,NULL,32,NULL,'2014-01-10 09:57:57','2014-01-10 09:57:57'),(139,34,'ItemLine',NULL,267,1,'2014-01-10','2014-01-10',NULL,NULL,32,NULL,'2014-01-10 09:57:57','2014-01-10 09:57:57'),(140,34,'ItemLine',NULL,268,1,'2014-01-10','2014-01-10',NULL,NULL,32,NULL,'2014-01-10 09:57:57','2014-01-10 09:57:57'),(141,34,'ItemLine',NULL,269,1,'2014-01-10','2014-01-10',NULL,NULL,32,NULL,'2014-01-10 09:57:57','2014-01-10 09:57:57'),(142,35,'ItemLine',NULL,273,1,'2014-01-10','2014-01-10',NULL,NULL,33,NULL,'2014-01-10 09:57:57','2014-01-10 09:57:57'),(143,35,'ItemLine',NULL,274,1,'2014-01-10','2014-01-10',NULL,NULL,33,NULL,'2014-01-10 09:57:57','2014-01-10 09:57:57'),(144,35,'ItemLine',NULL,275,1,'2014-01-10','2014-01-10',NULL,NULL,33,NULL,'2014-01-10 09:57:57','2014-01-10 09:57:57'),(145,35,'ItemLine',NULL,276,1,'2014-01-10','2014-01-10',NULL,NULL,33,NULL,'2014-01-10 09:57:57','2014-01-10 09:57:57'),(146,35,'ItemLine',NULL,277,1,'2014-01-10','2014-01-10',NULL,NULL,33,NULL,'2014-01-10 09:57:57','2014-01-10 09:57:57'),(147,36,'ItemLine',NULL,278,1,'2014-01-10','2014-01-10',NULL,NULL,34,NULL,'2014-01-10 09:57:57','2014-01-10 09:57:57'),(148,36,'ItemLine',NULL,279,1,'2014-01-10','2014-01-10',NULL,NULL,34,NULL,'2014-01-10 09:57:57','2014-01-10 09:57:57'),(149,36,'ItemLine',NULL,280,1,'2014-01-10','2014-01-10',NULL,NULL,34,NULL,'2014-01-10 09:57:57','2014-01-10 09:57:57'),(150,36,'ItemLine',NULL,281,1,'2014-01-10','2014-01-10',NULL,NULL,34,NULL,'2014-01-10 09:57:57','2014-01-10 09:57:57'),(151,36,'ItemLine',NULL,282,1,'2014-01-10','2014-01-10',NULL,NULL,34,NULL,'2014-01-10 09:57:57','2014-01-10 09:57:57'),(152,37,'ItemLine',NULL,283,1,'2014-01-10','2014-01-10',NULL,NULL,35,NULL,'2014-01-10 09:57:57','2014-01-10 09:57:57'),(153,37,'ItemLine',NULL,284,1,'2014-01-10','2014-01-10',NULL,NULL,35,NULL,'2014-01-10 09:57:57','2014-01-10 09:57:57'),(154,37,'ItemLine',NULL,285,1,'2014-01-10','2014-01-10',NULL,NULL,35,NULL,'2014-01-10 09:57:57','2014-01-10 09:57:57'),(155,37,'ItemLine',NULL,286,1,'2014-01-10','2014-01-10',NULL,NULL,35,NULL,'2014-01-10 09:57:57','2014-01-10 09:57:57'),(156,38,'ItemLine',NULL,88,1,'2014-02-16','2014-02-24',NULL,NULL,36,NULL,'2014-01-10 09:57:57','2014-01-10 09:57:57'),(157,39,'ItemLine',NULL,88,1,'2014-03-03','2014-03-06',NULL,NULL,37,NULL,'2014-01-10 09:57:57','2014-01-10 09:57:57'),(158,39,'ItemLine',NULL,88,1,'2014-03-03','2014-03-06',NULL,NULL,37,NULL,'2014-01-10 09:57:57','2014-01-10 09:57:57'),(159,39,'ItemLine',NULL,88,1,'2014-03-03','2014-03-06',NULL,NULL,37,NULL,'2014-01-10 09:57:57','2014-01-10 09:57:57'),(160,39,'ItemLine',NULL,88,1,'2014-03-03','2014-03-06',NULL,NULL,37,NULL,'2014-01-10 09:57:57','2014-01-10 09:57:57'),(161,39,'ItemLine',NULL,88,1,'2014-03-03','2014-03-06',NULL,NULL,37,NULL,'2014-01-10 09:57:57','2014-01-10 09:57:57'),(162,39,'ItemLine',NULL,88,1,'2014-03-03','2014-03-06',NULL,NULL,37,NULL,'2014-01-10 09:57:57','2014-01-10 09:57:57'),(163,40,'ItemLine',NULL,37,1,'2014-01-10','2014-01-10',NULL,NULL,38,NULL,'2014-01-10 09:57:57','2014-01-10 09:57:57'),(164,41,'ItemLine',111,120,1,'2014-01-05','2014-01-09',NULL,NULL,39,NULL,'2014-01-05 00:00:00','2014-01-05 00:00:00');
/*!40000 ALTER TABLE `contract_lines` ENABLE KEYS */;
UNLOCK TABLES;

--
-- Table structure for table `contracts`
--

DROP TABLE IF EXISTS `contracts`;
/*!40101 SET @saved_cs_client     = @@character_set_client */;
/*!40101 SET character_set_client = utf8 */;
CREATE TABLE `contracts` (
  `id` int(11) NOT NULL AUTO_INCREMENT,
  `user_id` int(11) DEFAULT NULL,
  `delegated_user_id` int(11) DEFAULT NULL,
  `inventory_pool_id` int(11) DEFAULT NULL,
  `note` text COLLATE utf8_unicode_ci,
  `handed_over_by_user_id` int(11) DEFAULT NULL,
  `created_at` datetime DEFAULT NULL,
  `updated_at` datetime DEFAULT NULL,
  `status` enum('unsubmitted','submitted','rejected','approved','signed','closed') COLLATE utf8_unicode_ci NOT NULL,
  PRIMARY KEY (`id`),
  KEY `index_contracts_on_inventory_pool_id` (`inventory_pool_id`),
  KEY `index_contracts_on_status` (`status`),
  KEY `index_contracts_on_user_id` (`user_id`)
) ENGINE=InnoDB AUTO_INCREMENT=42 DEFAULT CHARSET=utf8 COLLATE=utf8_unicode_ci;
/*!40101 SET character_set_client = @saved_cs_client */;

--
-- Dumping data for table `contracts`
--

LOCK TABLES `contracts` WRITE;
/*!40000 ALTER TABLE `contracts` DISABLE KEYS */;
INSERT INTO `contracts` VALUES (1,6,NULL,5,NULL,NULL,'2014-01-10 09:57:57','2014-01-10 09:57:57','unsubmitted'),(2,7,NULL,12,NULL,NULL,'2014-01-10 09:57:57','2014-01-10 09:57:57','approved'),(3,8,NULL,1,NULL,NULL,'2014-01-10 09:57:57','2014-01-10 09:57:57','closed'),(4,13,NULL,1,NULL,NULL,'2014-01-10 09:57:57','2014-01-10 09:57:57','approved'),(5,14,NULL,1,NULL,11,'2014-01-10 09:57:57','2014-01-10 09:57:57','signed'),(6,15,NULL,1,NULL,11,'2014-01-10 09:57:57','2014-01-10 09:57:57','signed'),(7,16,NULL,2,NULL,11,'2014-01-05 00:00:00','2014-01-05 00:00:00','signed'),(8,20,18,1,NULL,NULL,'2014-01-10 09:57:57','2014-01-10 09:57:57','submitted'),(9,20,19,1,NULL,NULL,'2014-01-10 09:57:57','2014-01-10 09:57:57','approved'),(10,20,18,1,NULL,11,'2014-01-10 09:57:57','2014-01-10 09:57:57','signed'),(11,20,18,1,NULL,11,'2014-01-05 00:00:00','2014-01-05 00:00:00','signed'),(12,24,NULL,1,NULL,NULL,'2014-01-10 09:57:57','2014-01-10 09:57:57','submitted'),(13,24,NULL,3,NULL,NULL,'2014-01-10 09:57:57','2014-01-10 09:57:57','submitted'),(14,24,NULL,1,NULL,NULL,'2014-01-10 09:57:57','2014-01-10 09:57:57','submitted'),(15,24,NULL,1,NULL,NULL,'2014-01-10 09:57:57','2014-01-10 09:57:57','approved'),(16,24,NULL,1,NULL,NULL,'2014-01-10 09:57:57','2014-01-10 09:57:57','approved'),(17,24,NULL,1,NULL,NULL,'2014-01-10 09:57:57','2014-01-10 09:57:57','approved'),(18,24,NULL,1,NULL,NULL,'2014-01-10 09:57:57','2014-01-10 09:57:57','approved'),(19,24,NULL,1,NULL,NULL,'2014-01-10 09:57:57','2014-01-10 09:57:57','approved'),(20,24,NULL,1,NULL,11,'2014-01-10 09:57:57','2014-01-10 09:57:57','signed'),(21,24,NULL,1,NULL,11,'2014-01-10 09:57:57','2014-01-10 09:57:57','signed'),(22,24,NULL,2,NULL,11,'2014-01-10 09:57:57','2014-01-10 09:57:57','signed'),(23,24,NULL,2,NULL,11,'2014-01-10 09:57:57','2014-01-10 09:57:57','signed'),(24,24,NULL,1,NULL,11,'2014-01-10 09:57:57','2014-01-10 09:57:57','signed'),(25,25,NULL,1,NULL,NULL,'2014-01-10 09:57:57','2014-01-10 09:57:57','submitted'),(26,25,NULL,1,NULL,NULL,'2014-01-10 09:57:57','2014-01-10 09:57:57','submitted'),(27,25,NULL,1,NULL,NULL,'2014-01-10 09:57:57','2014-01-10 09:57:57','approved'),(28,25,NULL,1,NULL,11,'2014-01-10 09:57:57','2014-01-10 09:57:57','signed'),(29,28,NULL,1,NULL,NULL,'2014-01-03 18:29:04','2014-01-03 18:29:04','submitted'),(30,28,NULL,1,NULL,NULL,'2014-01-03 18:29:04','2014-01-03 18:29:04','approved'),(31,28,NULL,1,NULL,NULL,'2014-01-03 18:29:04','2014-01-03 18:29:04','rejected'),(32,28,NULL,1,NULL,NULL,'2014-01-08 02:00:30','2014-01-08 02:00:30','submitted'),(33,28,NULL,1,NULL,NULL,'2014-01-03 15:54:09','2014-01-03 15:54:09','submitted'),(34,29,NULL,1,NULL,NULL,'2014-01-10 09:57:57','2014-01-10 09:57:57','submitted'),(35,30,NULL,1,NULL,NULL,'2014-01-10 09:57:57','2014-01-10 09:57:57','submitted'),(36,31,NULL,1,NULL,NULL,'2014-01-10 09:57:57','2014-01-10 09:57:57','submitted'),(37,32,NULL,1,NULL,NULL,'2014-01-10 09:57:57','2014-01-10 09:57:57','submitted'),(38,33,NULL,1,NULL,NULL,'2014-01-10 09:57:57','2014-01-10 09:57:57','submitted'),(39,33,NULL,1,NULL,NULL,'2014-01-10 09:57:57','2014-01-10 09:57:57','submitted'),(40,33,NULL,1,NULL,NULL,'2014-01-10 09:57:57','2014-01-10 09:57:57','approved'),(41,33,NULL,1,NULL,11,'2014-01-05 00:00:00','2014-01-05 00:00:00','signed');
/*!40000 ALTER TABLE `contracts` ENABLE KEYS */;
UNLOCK TABLES;

--
-- Table structure for table `database_authentications`
--

DROP TABLE IF EXISTS `database_authentications`;
/*!40101 SET @saved_cs_client     = @@character_set_client */;
/*!40101 SET character_set_client = utf8 */;
CREATE TABLE `database_authentications` (
  `id` int(11) NOT NULL AUTO_INCREMENT,
  `login` varchar(255) COLLATE utf8_unicode_ci DEFAULT NULL,
  `crypted_password` varchar(40) COLLATE utf8_unicode_ci DEFAULT NULL,
  `salt` varchar(40) COLLATE utf8_unicode_ci DEFAULT NULL,
  `user_id` int(11) DEFAULT NULL,
  `created_at` datetime DEFAULT NULL,
  `updated_at` datetime DEFAULT NULL,
  PRIMARY KEY (`id`)
) ENGINE=InnoDB AUTO_INCREMENT=30 DEFAULT CHARSET=utf8 COLLATE=utf8_unicode_ci;
/*!40101 SET character_set_client = @saved_cs_client */;

--
-- Dumping data for table `database_authentications`
--

LOCK TABLES `database_authentications` WRITE;
/*!40000 ALTER TABLE `database_authentications` DISABLE KEYS */;
INSERT INTO `database_authentications` VALUES (1,'gino','cc89a585a9fed483a6712ab6678ce4e15e89ea86','55c917e862088ac91186a8217cbec5b207a76319',1,'2014-01-10 09:57:57','2014-01-10 09:57:57'),(2,'ramon','294daec1f1da9ceb8b0b0d1eb2ee476581b37e8c','41bff5a6ece608a4cfe012e5c441074dd899def0',2,'2014-01-10 09:57:57','2014-01-10 09:57:57'),(3,'muhammad.koch_1078','421924f23b9821adba7f8ad76a41a3c0a9940483','9db9ce7850f09629d8e4a90a4423b0def6716278',3,'2014-01-10 09:57:57','2014-01-10 09:57:57'),(4,'ro_ward_8007','c1a995e0fdc5412799738d47996c3807a5394857','b3a472eac52a5f86e96fcdd2d2fa3da10e78e616',4,'2014-01-10 09:57:57','2014-01-10 09:57:57'),(5,'nicola_1508','753749fcdf50b8d2aded73a6d4d1bb43293e65d7','ef9f7a120053593e08f8af388ad3c5790bd968e5',5,'2014-01-10 09:57:57','2014-01-10 09:57:57'),(6,'cornelius_5468','0b779028ecc9d832c093aa7f9c5c3ac8ce13cf92','49ecafaaebe245cd473aa5af87a90e633d08d68c',6,'2014-01-10 09:57:57','2014-01-10 09:57:57'),(7,'trudie_bode_7184','16bfaed88c23032f994f04f4dff3f5fc9b6bc684','2ca890eb5853d86856b43fd8bccece31c61bb8e2',7,'2014-01-10 09:57:57','2014-01-10 09:57:57'),(8,'jaunita_2365','1011c682d8b5c5c50c1fa9b650c7cf32681c0d33','d504b31ff6464a7bbd29e1a86860723a3bf3781e',8,'2014-01-10 09:57:57','2014-01-10 09:57:57'),(9,'matti','c5ecf7b7120325b150f92583ebf377679abbe0e8','1f387dc6dad0794aff63ed3e574cccdc720f562a',9,'2014-01-10 09:57:57','2014-01-10 09:57:57'),(10,'mike','aa8fd3a902857e41f1f1212e17f0d2ada9b8af75','c7522b885d6780a14cfeecbe8c53cca417ffef4b',10,'2014-01-10 09:57:57','2014-01-10 09:57:57'),(11,'pius','1f85b7262d5d32d9a2fa92055169b2e5cc7cd45b','cfd34464eb68dc783dd95335571a1ef06c82aae4',11,'2014-01-10 09:57:57','2014-01-10 09:57:57'),(12,'peter','fb00c7bf48fdd0909c24eeef90dd0caddc0d1329','ef5ebeb747898c9dbc27281de9bcea1b56be0fd0',12,'2014-01-10 09:57:57','2014-01-10 09:57:57'),(13,'jaylen_schoen_9895','5e71dceb4c89038549137cac8e8310d03b4f1acd','41799722a50f3557fbd5d1e1c673f0be920fa6d8',13,'2014-01-10 09:57:57','2014-01-10 09:57:57'),(14,'mallie_6331','7b30ab38e31a057f1b8e7e1cb9664a12e62ab74a','fb99ccd1d87cdacd23a32cbdc75eb20b48a8bfc6',14,'2014-01-10 09:57:57','2014-01-10 09:57:57'),(15,'edwina_bergstrom_4914','e27b1012ae561281e8af582ace67252e04791569','64cdc0c9301c1fd539907d1c72e37d57e306c9f1',15,'2014-01-10 09:57:57','2014-01-10 09:57:57'),(16,'richie_fahey_7251','9e64c77cb5b745ecaa4c9290f2908005eeeed51e','dc251e002706981e44990de72d3778c67a030cca',16,'2014-01-05 00:00:00','2014-01-05 00:00:00'),(17,'jayson_8414','a58f03e9988581558fee4477afc6d3b9b3ff7200','f28cb0b3966e34c5ec0371b3ee3f47a33376d626',17,'2014-01-05 00:00:00','2014-01-05 00:00:00'),(18,'mina','49280bdb3b2d1b3ad8cf469fc0271104bed40125','049f27a79bf170ac638cad5c228ae389439a20c2',18,'2014-01-10 09:57:57','2014-01-10 09:57:57'),(19,'julie','37fe6a02e75213acd394a541d7024fdd8e835793','f546437e46e312ec305169ed247c1d5ffdb81446',19,'2014-01-10 09:57:57','2014-01-10 09:57:57'),(20,'normin','6d5c9415e7e602cde0460a0e53ed6edc6ea01670','ff0ce8f2a6d770f9b7acf51b8f661474999241ab',24,'2014-01-10 09:57:57','2014-01-10 09:57:57'),(21,'petra','48a53fe32704d500cac912107bfd83fc5be3ea75','3dc2bef993c78341fe22785075e61dda3ef49ff2',25,'2014-01-10 09:57:57','2014-01-10 09:57:57'),(22,'andi','baec6a04e8b11fe1c83d0965eeb362f960262629','96f51ec1eb9e494b9147d02578317633320155d3',26,'2014-01-10 09:57:57','2014-01-10 09:57:57'),(23,'haley.mclaughlin_4801','31eaf42fff30f108a65a37a1d860d40000214386','cb56b39f749d495797b57edea90c9258c60be346',27,'2014-01-10 09:57:57','2014-01-10 09:57:57'),(24,'maddison_7675','63dacf178a7bd7009871fc23c68402cb5d51bcc1','aa8db99822d4e06c50d19a0be1cc09e77ad6ac7f',28,'2014-01-10 09:57:57','2014-01-10 09:57:57'),(25,'melany_3845','572ac385e96437d91f184a3504d726ecb61c19de','93a81920f6051e16085d8120a0b35b550bc1a68c',29,'2014-01-10 09:57:57','2014-01-10 09:57:57'),(26,'reva_koelpin_6564','42843dc27a3c4028746d202cfa9a3798af30de38','29e2d30fa26bac3b3fd42a2ea63b1fbebed0aa72',30,'2014-01-10 09:57:57','2014-01-10 09:57:57'),(27,'ralph_jast_712','b0bd26c98ae5672521ce93d07008bfca8ba6cd1d','aac9bd56a7e09f902e85d85beeb0faaaa57c89ea',31,'2014-01-10 09:57:57','2014-01-10 09:57:57'),(28,'sophie.cruickshank_9280','c4566c25f3f45e18bbb7d2fea0260d7a3e37cb9a','04033aeb5a6d32acb648a641b2749a07eb44aa37',32,'2014-01-10 09:57:57','2014-01-10 09:57:57'),(29,'lisa','fde8ee35a36c82fde070e49adb41784e97c58d67','e7b40db62c83e8971d4e67ef4890ed97954fbce0',33,'2014-01-10 09:57:57','2014-01-10 09:57:57');
/*!40000 ALTER TABLE `database_authentications` ENABLE KEYS */;
UNLOCK TABLES;

--
-- Table structure for table `delegations_users`
--

DROP TABLE IF EXISTS `delegations_users`;
/*!40101 SET @saved_cs_client     = @@character_set_client */;
/*!40101 SET character_set_client = utf8 */;
CREATE TABLE `delegations_users` (
  `delegation_id` int(11) DEFAULT NULL,
  `user_id` int(11) DEFAULT NULL,
  UNIQUE KEY `index_delegations_users_on_user_id_and_delegation_id` (`user_id`,`delegation_id`),
  KEY `index_delegations_users_on_delegation_id` (`delegation_id`)
) ENGINE=InnoDB DEFAULT CHARSET=utf8 COLLATE=utf8_unicode_ci;
/*!40101 SET character_set_client = @saved_cs_client */;

--
-- Dumping data for table `delegations_users`
--

LOCK TABLES `delegations_users` WRITE;
/*!40000 ALTER TABLE `delegations_users` DISABLE KEYS */;
INSERT INTO `delegations_users` VALUES (20,18),(21,18),(22,18),(23,18),(20,19),(21,19),(22,19),(23,19);
/*!40000 ALTER TABLE `delegations_users` ENABLE KEYS */;
UNLOCK TABLES;

--
-- Table structure for table `groups`
--

DROP TABLE IF EXISTS `groups`;
/*!40101 SET @saved_cs_client     = @@character_set_client */;
/*!40101 SET character_set_client = utf8 */;
CREATE TABLE `groups` (
  `id` int(11) NOT NULL AUTO_INCREMENT,
  `name` varchar(255) COLLATE utf8_unicode_ci DEFAULT NULL,
  `inventory_pool_id` int(11) DEFAULT NULL,
  `is_verification_required` tinyint(1) DEFAULT '0',
  `created_at` datetime DEFAULT NULL,
  `updated_at` datetime DEFAULT NULL,
  PRIMARY KEY (`id`),
  KEY `index_groups_on_inventory_pool_id` (`inventory_pool_id`),
  KEY `index_groups_on_is_verification_required` (`is_verification_required`)
) ENGINE=InnoDB AUTO_INCREMENT=10 DEFAULT CHARSET=utf8 COLLATE=utf8_unicode_ci;
/*!40101 SET character_set_client = @saved_cs_client */;

--
-- Dumping data for table `groups`
--

LOCK TABLES `groups` WRITE;
/*!40000 ALTER TABLE `groups` DISABLE KEYS */;
INSERT INTO `groups` VALUES (1,'Cast',1,0,'2014-01-10 09:57:57','2014-01-10 09:57:57'),(2,'IAD',1,0,'2014-01-10 09:57:57','2014-01-10 09:57:57'),(3,'Wu',1,0,'2014-01-10 09:57:57','2014-01-10 09:57:57'),(4,'Group Hifi',1,0,'2014-01-10 09:57:57','2014-01-10 09:57:57'),(5,'Group A',1,0,'2014-01-10 09:57:57','2014-01-10 09:57:57'),(6,'Group B',1,0,'2014-01-10 09:57:57','2014-01-10 09:57:57'),(7,'FFI',1,1,'2014-01-10 09:57:57','2014-01-10 09:57:57'),(8,'VTO',1,1,'2014-01-10 09:57:57','2014-01-10 09:57:57'),(9,'1. Semester',2,1,'2014-01-10 09:57:57','2014-01-10 09:57:57');
/*!40000 ALTER TABLE `groups` ENABLE KEYS */;
UNLOCK TABLES;

--
-- Table structure for table `groups_users`
--

DROP TABLE IF EXISTS `groups_users`;
/*!40101 SET @saved_cs_client     = @@character_set_client */;
/*!40101 SET character_set_client = utf8 */;
CREATE TABLE `groups_users` (
  `user_id` int(11) DEFAULT NULL,
  `group_id` int(11) DEFAULT NULL,
  UNIQUE KEY `index_groups_users_on_user_id_and_group_id` (`user_id`,`group_id`),
  KEY `index_groups_users_on_group_id` (`group_id`)
) ENGINE=InnoDB DEFAULT CHARSET=utf8 COLLATE=utf8_unicode_ci;
/*!40101 SET character_set_client = @saved_cs_client */;

--
-- Dumping data for table `groups_users`
--

LOCK TABLES `groups_users` WRITE;
/*!40000 ALTER TABLE `groups_users` DISABLE KEYS */;
INSERT INTO `groups_users` VALUES (24,1),(28,7),(28,8),(29,7),(30,7),(30,8),(31,7),(31,9),(32,7),(33,1);
/*!40000 ALTER TABLE `groups_users` ENABLE KEYS */;
UNLOCK TABLES;

--
-- Table structure for table `histories`
--

DROP TABLE IF EXISTS `histories`;
/*!40101 SET @saved_cs_client     = @@character_set_client */;
/*!40101 SET character_set_client = utf8 */;
CREATE TABLE `histories` (
  `id` int(11) NOT NULL AUTO_INCREMENT,
  `text` varchar(255) COLLATE utf8_unicode_ci DEFAULT '',
  `type_const` int(11) DEFAULT NULL,
  `created_at` datetime NOT NULL,
  `target_id` int(11) NOT NULL,
  `target_type` varchar(255) COLLATE utf8_unicode_ci NOT NULL,
  `user_id` int(11) DEFAULT NULL,
  PRIMARY KEY (`id`),
  KEY `index_histories_on_target_type_and_target_id` (`target_type`,`target_id`),
  KEY `index_histories_on_type_const` (`type_const`),
  KEY `index_histories_on_user_id` (`user_id`)
) ENGINE=InnoDB AUTO_INCREMENT=13 DEFAULT CHARSET=utf8 COLLATE=utf8_unicode_ci;
/*!40101 SET character_set_client = @saved_cs_client */;

--
-- Dumping data for table `histories`
--

LOCK TABLES `histories` WRITE;
/*!40000 ALTER TABLE `histories` DISABLE KEYS */;
INSERT INTO `histories` VALUES (1,'Contract 5 has been signed by Alaina Abshire',1,'2014-01-10 09:57:57',5,'Contract',11),(2,'Contract 6 has been signed by Carole Bernier',1,'2014-01-10 09:57:57',6,'Contract',11),(3,'Contract 7 has been signed by Cassandre Moen',1,'2014-01-05 00:00:00',7,'Contract',11),(4,'Contract 10 has been signed by Et tempore quia aliquid sed itaque doloremque sunt.',1,'2014-01-10 09:57:57',10,'Contract',11),(5,'Contract 11 has been signed by Et tempore quia aliquid sed itaque doloremque sunt.',1,'2014-01-05 00:00:00',11,'Contract',11),(6,'Contract 20 has been signed by Normin N.',1,'2014-01-10 09:57:57',20,'Contract',11),(7,'Contract 21 has been signed by Normin N.',1,'2014-01-10 09:57:57',21,'Contract',11),(8,'Contract 22 has been signed by Normin N.',1,'2014-01-10 09:57:57',22,'Contract',11),(9,'Contract 23 has been signed by Normin N.',1,'2014-01-10 09:57:57',23,'Contract',11),(10,'Contract 24 has been signed by Normin N.',1,'2014-01-10 09:57:57',24,'Contract',11),(11,'Contract 28 has been signed by Petra K.',1,'2014-01-10 09:57:57',28,'Contract',11),(12,'Contract 41 has been signed by Lisa L.',1,'2014-01-05 00:00:00',41,'Contract',11);
/*!40000 ALTER TABLE `histories` ENABLE KEYS */;
UNLOCK TABLES;

--
-- Table structure for table `holidays`
--

DROP TABLE IF EXISTS `holidays`;
/*!40101 SET @saved_cs_client     = @@character_set_client */;
/*!40101 SET character_set_client = utf8 */;
CREATE TABLE `holidays` (
  `id` int(11) NOT NULL AUTO_INCREMENT,
  `inventory_pool_id` int(11) DEFAULT NULL,
  `start_date` date DEFAULT NULL,
  `end_date` date DEFAULT NULL,
  `name` varchar(255) COLLATE utf8_unicode_ci DEFAULT NULL,
  PRIMARY KEY (`id`),
  KEY `index_holidays_on_inventory_pool_id` (`inventory_pool_id`),
  KEY `index_holidays_on_start_date_and_end_date` (`start_date`,`end_date`)
) ENGINE=InnoDB AUTO_INCREMENT=5 DEFAULT CHARSET=utf8 COLLATE=utf8_unicode_ci;
/*!40101 SET character_set_client = @saved_cs_client */;

--
-- Dumping data for table `holidays`
--

LOCK TABLES `holidays` WRITE;
/*!40000 ALTER TABLE `holidays` DISABLE KEYS */;
INSERT INTO `holidays` VALUES (1,1,'2014-12-24','2014-12-24','Christmas'),(2,2,'2014-12-24','2014-12-24','Christmas'),(3,3,'2014-12-24','2014-12-24','Christmas'),(4,1,'2014-12-24','2014-12-24','Christmas');
/*!40000 ALTER TABLE `holidays` ENABLE KEYS */;
UNLOCK TABLES;

--
-- Table structure for table `images`
--

DROP TABLE IF EXISTS `images`;
/*!40101 SET @saved_cs_client     = @@character_set_client */;
/*!40101 SET character_set_client = utf8 */;
CREATE TABLE `images` (
  `id` int(11) NOT NULL AUTO_INCREMENT,
  `model_id` int(11) DEFAULT NULL,
  `is_main` tinyint(1) DEFAULT '0',
  `content_type` varchar(255) COLLATE utf8_unicode_ci DEFAULT NULL,
  `filename` varchar(255) COLLATE utf8_unicode_ci DEFAULT NULL,
  `size` int(11) DEFAULT NULL,
  `height` int(11) DEFAULT NULL,
  `width` int(11) DEFAULT NULL,
  `parent_id` int(11) DEFAULT NULL,
  `thumbnail` varchar(255) COLLATE utf8_unicode_ci DEFAULT NULL,
  PRIMARY KEY (`id`),
  KEY `index_images_on_model_id` (`model_id`)
) ENGINE=InnoDB AUTO_INCREMENT=4 DEFAULT CHARSET=utf8 COLLATE=utf8_unicode_ci;
/*!40101 SET character_set_client = @saved_cs_client */;

--
-- Dumping data for table `images`
--

LOCK TABLES `images` WRITE;
/*!40000 ALTER TABLE `images` DISABLE KEYS */;
INSERT INTO `images` VALUES (1,153,0,'image/jpeg','Hayden Mann',NULL,NULL,NULL,NULL,NULL),(2,153,0,'image/jpeg','Xander Moen',NULL,NULL,NULL,NULL,NULL),(3,154,0,'image/jpeg','Dr. Nathen Douglas',NULL,NULL,NULL,NULL,NULL);
/*!40000 ALTER TABLE `images` ENABLE KEYS */;
UNLOCK TABLES;

--
-- Table structure for table `inventory_pools`
--

DROP TABLE IF EXISTS `inventory_pools`;
/*!40101 SET @saved_cs_client     = @@character_set_client */;
/*!40101 SET character_set_client = utf8 */;
CREATE TABLE `inventory_pools` (
  `id` int(11) NOT NULL AUTO_INCREMENT,
  `name` varchar(255) COLLATE utf8_unicode_ci DEFAULT NULL,
  `description` text COLLATE utf8_unicode_ci,
  `contact_details` varchar(255) COLLATE utf8_unicode_ci DEFAULT NULL,
  `contract_description` varchar(255) COLLATE utf8_unicode_ci DEFAULT NULL,
  `contract_url` varchar(255) COLLATE utf8_unicode_ci DEFAULT NULL,
  `logo_url` varchar(255) COLLATE utf8_unicode_ci DEFAULT NULL,
  `default_contract_note` text COLLATE utf8_unicode_ci,
  `shortname` varchar(255) COLLATE utf8_unicode_ci DEFAULT NULL,
  `email` varchar(255) COLLATE utf8_unicode_ci DEFAULT NULL,
  `color` text COLLATE utf8_unicode_ci,
  `print_contracts` tinyint(1) DEFAULT '1',
  `opening_hours` text COLLATE utf8_unicode_ci,
  `address_id` int(11) DEFAULT NULL,
  `automatic_suspension` tinyint(1) NOT NULL DEFAULT '0',
  `automatic_suspension_reason` text COLLATE utf8_unicode_ci,
  `automatic_access` tinyint(1) DEFAULT NULL,
  PRIMARY KEY (`id`),
  UNIQUE KEY `index_inventory_pools_on_name` (`name`)
) ENGINE=InnoDB AUTO_INCREMENT=16 DEFAULT CHARSET=utf8 COLLATE=utf8_unicode_ci;
/*!40101 SET character_set_client = @saved_cs_client */;

--
-- Dumping data for table `inventory_pools`
--

LOCK TABLES `inventory_pools` WRITE;
/*!40000 ALTER TABLE `inventory_pools` DISABLE KEYS */;
INSERT INTO `inventory_pools` VALUES (1,'A-Ausleihe','Wichtige Hinweise...\n Bitte die Gegenstnde rechtzeitig zurckbringen','A Verleih  /  ZHdK\nav@zh-dk.ch\n+41 00 00 00 00','Gert erhalten','av@zhdk.ch',NULL,'Tempora ut aut aliquam et laudantium.','A','av@zhdk.ch',NULL,1,NULL,NULL,1,'Odio id et vitae nemo rerum optio inventore.',NULL),(2,'IT-Ausleihe','Bringt die Gerte bitte rechtzeitig zurck','IT Verleih  /  ZHdK\nav@zh-dk.ch\n+41 00 00 00 00','Gert erhalten','it@zhdk.ch',NULL,NULL,'IT','it@zhdk.ch',NULL,1,NULL,NULL,1,'Nisi consequatur non doloremque aut rerum sint.',NULL),(3,'AV-Technik','Bringt die Gerte bitte rechtzeitig zurck','AV Verleih  /  ZHdK\nav@zh-dk.ch\n+41 00 00 00 00','Gert erhalten','it@zhdk.ch',NULL,NULL,'AV','it@zhdk.ch',NULL,1,NULL,NULL,0,NULL,NULL),(4,'DT deletable','Bringt die Gerte bitte rechtzeitig zurck','AV Verleih  /  ZHdK\nav@zh-dk.ch\n+41 00 00 00 00','Gert erhalten','it@zhdk.ch',NULL,NULL,'DT','it@zhdk.ch',NULL,1,NULL,NULL,0,NULL,NULL),(5,'Nequesuscipitoditipsum','Dolorum labore et reprehenderit et nam numquam consequuntur nihil.','Et placeat sunt quidem impedit amet possimus est dolore.','Nequesuscipitoditipsum','victoria@carter.name',NULL,NULL,'YUGSDR','victoria@carter.name',NULL,1,NULL,NULL,0,NULL,NULL),(6,'Etetconsequaturqui','Tempora et ullam consequatur qui debitis quas.','Laborum quaerat ea corrupti asperiores quia.','Etetconsequaturqui','edna.dubuque@west.info',NULL,NULL,'RXV4NI','edna.dubuque@west.info',NULL,1,NULL,NULL,0,NULL,NULL),(7,'Remnostrumeumquos','Et consequatur nemo quae dolore laborum.','Sed error reiciendis aliquam consectetur dolor adipisci nihil.','Remnostrumeumquos','eda_oconnell@spencer.biz',NULL,NULL,'TMU9B5','eda_oconnell@spencer.biz',NULL,1,NULL,NULL,0,NULL,NULL),(8,'Liberoarchitectoutvero','Excepturi nihil saepe eum autem occaecati sapiente.','Tempora saepe quidem numquam velit.','Liberoarchitectoutvero','tina@lehner.biz',NULL,NULL,'FI64WB','tina@lehner.biz',NULL,1,NULL,NULL,0,NULL,NULL),(9,'Expeditasedullamcommodi','Sapiente saepe autem dolorum adipisci aut sunt.','Quia perferendis voluptatem tempora velit hic non in.','Expeditasedullamcommodi','helena_runolfon@cartwrightzieme.biz',NULL,NULL,'NYVZGB','helena_runolfon@cartwrightzieme.biz',NULL,1,NULL,NULL,0,NULL,NULL),(10,'Etofficiislaudantiumnon','Sit recusandae ipsa occaecati voluptatibus officiis.','Et est quas sapiente.','Etofficiislaudantiumnon','edyth_jakubowski@tillmanswift.com',NULL,NULL,'48PW19','edyth_jakubowski@tillmanswift.com',NULL,1,NULL,NULL,0,NULL,NULL),(11,'Exvelreiciendismolestias','Est assumenda qui quae aut expedita.','Delectus eum voluptatem natus.','Exvelreiciendismolestias','rusty.mertz@labadieboyer.info',NULL,NULL,'IJW5AD','rusty.mertz@labadieboyer.info',NULL,1,NULL,NULL,0,NULL,NULL),(12,'Nonoptiovoluptatemperspiciatis','Ut velit facilis similique.','Ut labore sint beatae quasi aut.','Nonoptiovoluptatemperspiciatis','leta_grimes@schambergerheel.biz',NULL,NULL,'ZK8B9L','leta_grimes@schambergerheel.biz',NULL,1,NULL,NULL,0,NULL,NULL),(13,'Doloresetimpeditincidunt','Magnam corporis illo et.','Omnis quis alias ut rerum sunt.','Doloresetimpeditincidunt','jovanny@spinka.name',NULL,NULL,'PZHXFF','jovanny@spinka.name',NULL,1,NULL,NULL,0,NULL,NULL),(14,'Eoseosnullavoluptates','Voluptatem quo beatae veniam nemo tenetur et consectetur laboriosam.','Quis id repellat illo facilis quisquam autem.','Eoseosnullavoluptates','anabel@lockman.co.uk',NULL,NULL,'WLJCI8','anabel@lockman.co.uk',NULL,1,NULL,NULL,0,NULL,NULL),(15,'Quiavoluptatemetet','Voluptatem aperiam excepturi sit.','Rerum cumque aspernatur consectetur dolore enim aliquid reiciendis.','Quiavoluptatemetet','christian_stroman@robertsbechtelar.com',NULL,NULL,'MQHA6H','christian_stroman@robertsbechtelar.com',NULL,1,NULL,NULL,0,NULL,NULL);
/*!40000 ALTER TABLE `inventory_pools` ENABLE KEYS */;
UNLOCK TABLES;

--
-- Table structure for table `inventory_pools_model_groups`
--

DROP TABLE IF EXISTS `inventory_pools_model_groups`;
/*!40101 SET @saved_cs_client     = @@character_set_client */;
/*!40101 SET character_set_client = utf8 */;
CREATE TABLE `inventory_pools_model_groups` (
  `inventory_pool_id` int(11) DEFAULT NULL,
  `model_group_id` int(11) DEFAULT NULL,
  KEY `index_inventory_pools_model_groups_on_inventory_pool_id` (`inventory_pool_id`),
  KEY `index_inventory_pools_model_groups_on_model_group_id` (`model_group_id`)
) ENGINE=InnoDB DEFAULT CHARSET=utf8 COLLATE=utf8_unicode_ci;
/*!40101 SET character_set_client = @saved_cs_client */;

--
-- Dumping data for table `inventory_pools_model_groups`
--

LOCK TABLES `inventory_pools_model_groups` WRITE;
/*!40000 ALTER TABLE `inventory_pools_model_groups` DISABLE KEYS */;
INSERT INTO `inventory_pools_model_groups` VALUES (1,12),(1,13),(1,14);
/*!40000 ALTER TABLE `inventory_pools_model_groups` ENABLE KEYS */;
UNLOCK TABLES;

--
-- Table structure for table `items`
--

DROP TABLE IF EXISTS `items`;
/*!40101 SET @saved_cs_client     = @@character_set_client */;
/*!40101 SET character_set_client = utf8 */;
CREATE TABLE `items` (
  `id` int(11) NOT NULL AUTO_INCREMENT,
  `inventory_code` varchar(255) COLLATE utf8_unicode_ci DEFAULT NULL,
  `serial_number` varchar(255) COLLATE utf8_unicode_ci DEFAULT NULL,
  `model_id` int(11) DEFAULT NULL,
  `location_id` int(11) DEFAULT NULL,
  `supplier_id` int(11) DEFAULT NULL,
  `owner_id` int(11) DEFAULT NULL,
  `parent_id` int(11) DEFAULT NULL,
  `invoice_number` varchar(255) COLLATE utf8_unicode_ci DEFAULT NULL,
  `invoice_date` date DEFAULT NULL,
  `last_check` date DEFAULT NULL,
  `retired` date DEFAULT NULL,
  `retired_reason` varchar(255) COLLATE utf8_unicode_ci DEFAULT NULL,
  `price` decimal(8,2) DEFAULT NULL,
  `is_broken` tinyint(1) DEFAULT '0',
  `is_incomplete` tinyint(1) DEFAULT '0',
  `is_borrowable` tinyint(1) DEFAULT '0',
  `needs_permission` tinyint(1) DEFAULT '0',
  `inventory_pool_id` int(11) DEFAULT NULL,
  `is_inventory_relevant` tinyint(1) DEFAULT '0',
  `responsible` varchar(255) COLLATE utf8_unicode_ci DEFAULT NULL,
  `insurance_number` varchar(255) COLLATE utf8_unicode_ci DEFAULT NULL,
  `note` text COLLATE utf8_unicode_ci,
  `name` text COLLATE utf8_unicode_ci,
  `user_name` varchar(255) COLLATE utf8_unicode_ci DEFAULT NULL,
  `properties` varchar(2048) COLLATE utf8_unicode_ci DEFAULT NULL,
  `created_at` datetime DEFAULT NULL,
  `updated_at` datetime DEFAULT NULL,
  PRIMARY KEY (`id`),
  UNIQUE KEY `index_items_on_inventory_code` (`inventory_code`),
  KEY `index_items_on_inventory_pool_id` (`inventory_pool_id`),
  KEY `index_items_on_retired` (`retired`),
  KEY `index_items_on_is_borrowable` (`is_borrowable`),
  KEY `index_items_on_is_broken` (`is_broken`),
  KEY `index_items_on_is_incomplete` (`is_incomplete`),
  KEY `index_items_on_location_id` (`location_id`),
  KEY `index_items_on_owner_id` (`owner_id`),
  KEY `index_items_on_parent_id_and_retired` (`parent_id`,`retired`),
  KEY `index_items_on_model_id_and_retired_and_inventory_pool_id` (`model_id`,`retired`,`inventory_pool_id`)
) ENGINE=InnoDB AUTO_INCREMENT=268 DEFAULT CHARSET=utf8 COLLATE=utf8_unicode_ci;
/*!40101 SET character_set_client = @saved_cs_client */;

--
-- Dumping data for table `items`
--

LOCK TABLES `items` WRITE;
/*!40000 ALTER TABLE `items` DISABLE KEYS */;
INSERT INTO `items` VALUES (1,'rhry7xtn2b30ruijwq','nih-6697fa5003',1,1,1,6,NULL,NULL,'2009-04-04',NULL,NULL,NULL,675.00,0,0,1,0,5,1,NULL,NULL,NULL,NULL,NULL,'--- !ruby/hash:ActiveSupport::HashWithIndifferentAccess\nanschaffungskategorie: AV-Technik\n','2014-01-10 09:57:57','2014-01-10 09:57:57'),(2,'7nq7bw269g27a7kn28','ali-9082ac4887',1,2,2,4,NULL,NULL,'2010-11-08',NULL,NULL,NULL,1263.00,0,0,1,0,5,1,NULL,NULL,NULL,NULL,NULL,'--- !ruby/hash:ActiveSupport::HashWithIndifferentAccess\nanschaffungskategorie: AV-Technik\n','2014-01-10 09:57:57','2014-01-10 09:57:57'),(3,'tiyjo5n8jtzp08myqc','vel-5261vo1006',1,3,3,6,NULL,NULL,'2013-08-06',NULL,NULL,NULL,1294.00,0,0,1,0,5,1,NULL,NULL,NULL,NULL,NULL,'--- !ruby/hash:ActiveSupport::HashWithIndifferentAccess\nanschaffungskategorie: AV-Technik\n','2014-01-10 09:57:57','2014-01-10 09:57:57'),(4,'8a9yq2o04n313hlts4','uti-4334ve4435',5,4,4,1,NULL,NULL,'2011-03-03',NULL,NULL,NULL,320.00,0,0,1,0,5,1,NULL,NULL,NULL,NULL,NULL,'--- !ruby/hash:ActiveSupport::HashWithIndifferentAccess\nanschaffungskategorie: AV-Technik\n','2014-01-10 09:57:57','2014-01-10 09:57:57'),(5,'wn0kuuuvalctyfnqpf','rec-2294al3077',5,5,5,7,NULL,NULL,'2012-06-09',NULL,NULL,NULL,756.00,0,0,1,0,5,1,NULL,NULL,NULL,NULL,NULL,'--- !ruby/hash:ActiveSupport::HashWithIndifferentAccess\nanschaffungskategorie: AV-Technik\n','2014-01-10 09:57:57','2014-01-10 09:57:57'),(6,'qehq2u468f1yq0ysgn','mol-9434au2527',5,6,6,7,NULL,NULL,'2013-10-09',NULL,NULL,NULL,1337.00,0,0,1,0,5,1,NULL,NULL,NULL,NULL,NULL,'--- !ruby/hash:ActiveSupport::HashWithIndifferentAccess\nanschaffungskategorie: AV-Technik\n','2014-01-10 09:57:57','2014-01-10 09:57:57'),(7,'zo98ttdy22aljt8c5y','rep-6164to1753',9,7,7,8,NULL,NULL,'2011-12-13',NULL,NULL,NULL,671.00,0,0,1,0,5,1,NULL,NULL,NULL,NULL,NULL,'--- !ruby/hash:ActiveSupport::HashWithIndifferentAccess\nanschaffungskategorie: AV-Technik\n','2014-01-10 09:57:57','2014-01-10 09:57:57'),(8,'osw4mqksufw0xm4jo5','tem-8824qu6253',9,8,8,9,NULL,NULL,'2009-10-15',NULL,NULL,NULL,29.00,0,0,1,0,5,1,NULL,NULL,NULL,NULL,NULL,'--- !ruby/hash:ActiveSupport::HashWithIndifferentAccess\nanschaffungskategorie: AV-Technik\n','2014-01-10 09:57:57','2014-01-10 09:57:57'),(9,'asfcq7cxie5u5gf4o8','des-7980ar5229',9,9,9,10,NULL,NULL,'2012-02-21',NULL,NULL,NULL,571.00,0,0,1,0,5,1,NULL,NULL,NULL,NULL,NULL,'--- !ruby/hash:ActiveSupport::HashWithIndifferentAccess\nanschaffungskategorie: AV-Technik\n','2014-01-10 09:57:57','2014-01-10 09:57:57'),(10,'fgwmd7a5fm6g5vicdh','neq-8302il9537',13,10,10,8,NULL,NULL,'2009-04-21',NULL,NULL,NULL,41.00,0,0,1,0,5,1,NULL,NULL,NULL,NULL,NULL,'--- !ruby/hash:ActiveSupport::HashWithIndifferentAccess\nanschaffungskategorie: AV-Technik\n','2014-01-10 09:57:57','2014-01-10 09:57:57'),(11,'7a4bov9e1xcfn0tlq4','nam-2333ve6604',13,11,11,11,NULL,NULL,'2010-01-11',NULL,NULL,NULL,714.00,0,0,1,0,5,1,NULL,NULL,NULL,NULL,NULL,'--- !ruby/hash:ActiveSupport::HashWithIndifferentAccess\nanschaffungskategorie: AV-Technik\n','2014-01-10 09:57:57','2014-01-10 09:57:57'),(12,'wco7oconurgdvo8rs0','ali-3194ma7835',13,12,12,2,NULL,NULL,'2013-05-14',NULL,NULL,NULL,1124.00,0,0,1,0,5,1,NULL,NULL,NULL,NULL,NULL,'--- !ruby/hash:ActiveSupport::HashWithIndifferentAccess\nanschaffungskategorie: AV-Technik\n','2014-01-10 09:57:57','2014-01-10 09:57:57'),(13,'9xpskg86txcn4x4uix','nul-5148re2845',17,13,13,6,NULL,NULL,'2010-02-17',NULL,NULL,NULL,988.00,0,0,1,0,5,1,NULL,NULL,NULL,NULL,NULL,'--- !ruby/hash:ActiveSupport::HashWithIndifferentAccess\nanschaffungskategorie: AV-Technik\n','2014-01-10 09:57:57','2014-01-10 09:57:57'),(14,'io3ciy49awkta87ds4','vel-5624ex5066',17,14,14,7,NULL,NULL,'2009-09-17',NULL,NULL,NULL,553.00,0,0,1,0,5,1,NULL,NULL,NULL,NULL,NULL,'--- !ruby/hash:ActiveSupport::HashWithIndifferentAccess\nanschaffungskategorie: AV-Technik\n','2014-01-10 09:57:57','2014-01-10 09:57:57'),(15,'skg2liq0dryebm7ajo','ver-1588vo7441',17,15,15,11,NULL,NULL,'2009-08-25',NULL,NULL,NULL,535.00,0,0,1,0,5,1,NULL,NULL,NULL,NULL,NULL,'--- !ruby/hash:ActiveSupport::HashWithIndifferentAccess\nanschaffungskategorie: AV-Technik\n','2014-01-10 09:57:57','2014-01-10 09:57:57'),(16,'mylzn2z7nfsla6spau','arc-3032ad2474',21,16,16,2,NULL,NULL,'2010-10-24',NULL,NULL,NULL,1097.00,0,0,1,0,5,1,NULL,NULL,NULL,NULL,NULL,'--- !ruby/hash:ActiveSupport::HashWithIndifferentAccess\nanschaffungskategorie: AV-Technik\n','2014-01-10 09:57:57','2014-01-10 09:57:57'),(17,'6hs9azeqkf35sz4ujc','sit-10944et9620',21,17,17,2,NULL,NULL,'2011-07-15',NULL,NULL,NULL,544.00,0,0,1,0,5,1,NULL,NULL,NULL,NULL,NULL,'--- !ruby/hash:ActiveSupport::HashWithIndifferentAccess\nanschaffungskategorie: AV-Technik\n','2014-01-10 09:57:57','2014-01-10 09:57:57'),(18,'9s5s6z8f66f84nmnsb','exm-3657de3931',21,18,18,11,NULL,NULL,'2010-11-15',NULL,NULL,NULL,547.00,0,0,1,0,5,1,NULL,NULL,NULL,NULL,NULL,'--- !ruby/hash:ActiveSupport::HashWithIndifferentAccess\nanschaffungskategorie: AV-Technik\n','2014-01-10 09:57:57','2014-01-10 09:57:57'),(19,'fjo3koz6xxp999c8kx','utv-2743su3361',25,19,19,3,NULL,NULL,'2012-09-13',NULL,NULL,NULL,90.00,0,0,1,0,12,1,NULL,NULL,NULL,NULL,NULL,'--- !ruby/hash:ActiveSupport::HashWithIndifferentAccess\nanschaffungskategorie: AV-Technik\n','2014-01-10 09:57:57','2014-01-10 09:57:57'),(20,'ofhfh09i495il1u2k2','cup-1239er10745',25,20,20,9,NULL,NULL,'2012-03-16',NULL,NULL,NULL,1048.00,0,0,1,0,12,1,NULL,NULL,NULL,NULL,NULL,'--- !ruby/hash:ActiveSupport::HashWithIndifferentAccess\nanschaffungskategorie: AV-Technik\n','2014-01-10 09:57:57','2014-01-10 09:57:57'),(21,'d3ftyjlh5l5n029dsr','vol-1629op2743',25,21,21,11,NULL,NULL,'2009-09-19',NULL,NULL,NULL,842.00,0,0,1,0,12,1,NULL,NULL,NULL,NULL,NULL,'--- !ruby/hash:ActiveSupport::HashWithIndifferentAccess\nanschaffungskategorie: AV-Technik\n','2014-01-10 09:57:57','2014-01-10 09:57:57'),(22,'omg7t3tiljz37zzg1q','acc-2102no3843',29,22,22,3,NULL,NULL,'2010-03-11',NULL,NULL,NULL,314.00,0,0,1,0,12,1,NULL,NULL,NULL,NULL,NULL,'--- !ruby/hash:ActiveSupport::HashWithIndifferentAccess\nanschaffungskategorie: AV-Technik\n','2014-01-10 09:57:57','2014-01-10 09:57:57'),(23,'23o4zsp7vs51nj5gde','vel-6432de8391',29,23,23,2,NULL,NULL,'2010-12-07',NULL,NULL,NULL,1435.00,0,0,1,0,12,1,NULL,NULL,NULL,NULL,NULL,'--- !ruby/hash:ActiveSupport::HashWithIndifferentAccess\nanschaffungskategorie: AV-Technik\n','2014-01-10 09:57:57','2014-01-10 09:57:57'),(24,'ogyvwl8ey8oj1hv4ud','qui-2799au9574',29,24,24,1,NULL,NULL,'2010-12-31',NULL,NULL,NULL,582.00,0,0,1,0,12,1,NULL,NULL,NULL,NULL,NULL,'--- !ruby/hash:ActiveSupport::HashWithIndifferentAccess\nanschaffungskategorie: AV-Technik\n','2014-01-10 09:57:57','2014-01-10 09:57:57'),(25,'msuqmc3vceg24ugd60','ita-7575mo7335',33,25,25,7,NULL,NULL,'2010-08-18',NULL,NULL,NULL,1297.00,0,0,1,0,12,1,NULL,NULL,NULL,NULL,NULL,'--- !ruby/hash:ActiveSupport::HashWithIndifferentAccess\nanschaffungskategorie: AV-Technik\n','2014-01-10 09:57:57','2014-01-10 09:57:57'),(26,'y8lqyxwdeehqawx2kt','qui-4175co6076',33,26,26,11,NULL,NULL,'2009-10-31',NULL,NULL,NULL,481.00,0,0,1,0,12,1,NULL,NULL,NULL,NULL,NULL,'--- !ruby/hash:ActiveSupport::HashWithIndifferentAccess\nanschaffungskategorie: AV-Technik\n','2014-01-10 09:57:57','2014-01-10 09:57:57'),(27,'5zexsehke2tecdwqdx','vol-8038re5072',33,27,27,12,NULL,NULL,'2009-04-22',NULL,NULL,NULL,532.00,0,0,1,0,12,1,NULL,NULL,NULL,NULL,NULL,'--- !ruby/hash:ActiveSupport::HashWithIndifferentAccess\nanschaffungskategorie: AV-Technik\n','2014-01-10 09:57:57','2014-01-10 09:57:57'),(28,'c1ozwpgeag9woag7d1','eli-6526mo8709',37,28,28,10,NULL,NULL,'2011-05-09',NULL,NULL,NULL,1129.00,0,0,1,0,1,1,NULL,NULL,NULL,NULL,NULL,'--- !ruby/hash:ActiveSupport::HashWithIndifferentAccess\nanschaffungskategorie: AV-Technik\n','2014-01-10 09:57:57','2014-01-10 09:57:57'),(29,'4kcuyqmd785zjoq8h2','asp-9947as6361',37,29,29,9,NULL,NULL,'2013-01-07',NULL,NULL,NULL,421.00,0,0,1,0,1,1,NULL,NULL,NULL,NULL,NULL,'--- !ruby/hash:ActiveSupport::HashWithIndifferentAccess\nanschaffungskategorie: AV-Technik\n','2014-01-10 09:57:57','2014-01-10 09:57:57'),(30,'gw1h2k36dipim61ku1','ali-9358ma6908',37,30,30,4,NULL,NULL,'2012-02-16',NULL,NULL,NULL,790.00,0,0,1,0,1,1,NULL,NULL,NULL,NULL,NULL,'--- !ruby/hash:ActiveSupport::HashWithIndifferentAccess\nanschaffungskategorie: AV-Technik\n','2014-01-10 09:57:57','2014-01-10 09:57:57'),(31,'mqw9yo6l76e4kfo66d','mol-2859en6335',41,31,31,3,NULL,NULL,'2013-10-06',NULL,NULL,NULL,901.00,0,0,1,0,1,1,NULL,NULL,NULL,NULL,NULL,'--- !ruby/hash:ActiveSupport::HashWithIndifferentAccess\nanschaffungskategorie: AV-Technik\n','2014-01-10 09:57:57','2014-01-10 09:57:57'),(32,'ffvuugsntx9d3igd7g','quo-3686vi8194',41,32,32,7,NULL,NULL,'2013-05-01',NULL,NULL,NULL,841.00,0,0,1,0,1,1,NULL,NULL,NULL,NULL,NULL,'--- !ruby/hash:ActiveSupport::HashWithIndifferentAccess\nanschaffungskategorie: AV-Technik\n','2014-01-10 09:57:57','2014-01-10 09:57:57'),(33,'yomzx68j84up4vg81o','mol-1967ev9222',41,33,33,7,NULL,NULL,'2011-04-21',NULL,NULL,NULL,1073.00,0,0,1,0,1,1,NULL,NULL,NULL,NULL,NULL,'--- !ruby/hash:ActiveSupport::HashWithIndifferentAccess\nanschaffungskategorie: AV-Technik\n','2014-01-10 09:57:57','2014-01-10 09:57:57'),(34,'g6tgac5zxxsa2i7sn5','ete-1393no10100',45,34,34,8,NULL,NULL,'2009-12-26',NULL,NULL,NULL,1490.00,0,0,1,0,1,1,NULL,NULL,NULL,NULL,NULL,'--- !ruby/hash:ActiveSupport::HashWithIndifferentAccess\nanschaffungskategorie: AV-Technik\n','2014-01-10 09:57:57','2014-01-10 09:57:57'),(35,'5vhmxqf73sroipmjk5','sit-1872ma9692',45,35,35,4,NULL,NULL,'2009-11-29',NULL,NULL,NULL,890.00,0,0,1,0,1,1,NULL,NULL,NULL,NULL,NULL,'--- !ruby/hash:ActiveSupport::HashWithIndifferentAccess\nanschaffungskategorie: AV-Technik\n','2014-01-10 09:57:57','2014-01-10 09:57:57'),(36,'dgiuq5jhwx87ib7ccc','utv-8647co5871',45,36,36,4,NULL,NULL,'2009-06-05',NULL,NULL,NULL,1405.00,0,0,1,0,1,1,NULL,NULL,NULL,NULL,NULL,'--- !ruby/hash:ActiveSupport::HashWithIndifferentAccess\nanschaffungskategorie: AV-Technik\n','2014-01-10 09:57:57','2014-01-10 09:57:57'),(37,'7uk83rwajvqh52p4rd','tem-9682is5790',49,37,37,5,NULL,NULL,'2013-06-10',NULL,NULL,NULL,913.00,0,0,1,0,1,1,NULL,NULL,NULL,NULL,NULL,'--- !ruby/hash:ActiveSupport::HashWithIndifferentAccess\nanschaffungskategorie: AV-Technik\n','2014-01-10 09:57:57','2014-01-10 09:57:57'),(38,'i6dp774dux9wbvjwct','etc-8535fu3189',49,38,38,7,NULL,NULL,'2013-05-11',NULL,NULL,NULL,897.00,0,0,1,0,1,1,NULL,NULL,NULL,NULL,NULL,'--- !ruby/hash:ActiveSupport::HashWithIndifferentAccess\nanschaffungskategorie: AV-Technik\n','2014-01-10 09:57:57','2014-01-10 09:57:57'),(39,'9f2ucqbn7vsrnbotc1','ven-6714ut3673',49,39,39,5,NULL,NULL,'2010-07-02',NULL,NULL,NULL,797.00,0,0,1,0,1,1,NULL,NULL,NULL,NULL,NULL,'--- !ruby/hash:ActiveSupport::HashWithIndifferentAccess\nanschaffungskategorie: AV-Technik\n','2014-01-10 09:57:57','2014-01-10 09:57:57'),(40,'j5wmu1xej951ptz27q','lib-4657ve10455',53,40,40,5,NULL,NULL,'2012-03-23',NULL,NULL,NULL,895.00,0,0,1,0,1,1,NULL,NULL,NULL,NULL,NULL,'--- !ruby/hash:ActiveSupport::HashWithIndifferentAccess\nanschaffungskategorie: AV-Technik\n','2014-01-10 09:57:57','2014-01-10 09:57:57'),(41,'fwnophazfcwfdf3t02','vol-2213vo1406',53,41,41,1,NULL,NULL,'2009-07-12',NULL,NULL,NULL,860.00,0,0,1,0,1,1,NULL,NULL,NULL,NULL,NULL,'--- !ruby/hash:ActiveSupport::HashWithIndifferentAccess\nanschaffungskategorie: AV-Technik\n','2014-01-10 09:57:57','2014-01-10 09:57:57'),(42,'n7abs6l3aeh9i03zqu','nat-9483ac2570',53,42,42,3,NULL,NULL,'2010-01-17',NULL,NULL,NULL,442.00,0,0,1,0,1,1,NULL,NULL,NULL,NULL,NULL,'--- !ruby/hash:ActiveSupport::HashWithIndifferentAccess\nanschaffungskategorie: AV-Technik\n','2014-01-10 09:57:57','2014-01-10 09:57:57'),(43,'qmlwx6ln1vay328ie1','quo-9433re4445',57,43,43,1,NULL,NULL,'2012-08-08',NULL,NULL,NULL,1153.00,0,0,1,0,1,1,NULL,NULL,NULL,NULL,NULL,'--- !ruby/hash:ActiveSupport::HashWithIndifferentAccess\nanschaffungskategorie: AV-Technik\n','2014-01-10 09:57:57','2014-01-10 09:57:57'),(44,'eez4s0uiplpvjt3lng','sit-8050do3619',57,44,44,6,NULL,NULL,'2009-01-23',NULL,NULL,NULL,962.00,0,0,1,0,1,1,NULL,NULL,NULL,NULL,NULL,'--- !ruby/hash:ActiveSupport::HashWithIndifferentAccess\nanschaffungskategorie: AV-Technik\n','2014-01-10 09:57:57','2014-01-10 09:57:57'),(45,'km818j0prn4jlv4ogy','vol-4708mo10883',57,45,45,5,NULL,NULL,'2010-10-22',NULL,NULL,NULL,116.00,0,0,1,0,1,1,NULL,NULL,NULL,NULL,NULL,'--- !ruby/hash:ActiveSupport::HashWithIndifferentAccess\nanschaffungskategorie: AV-Technik\n','2014-01-10 09:57:57','2014-01-10 09:57:57'),(46,'book1','book1',61,46,46,2,NULL,NULL,'2010-09-20',NULL,NULL,NULL,563.00,0,0,1,0,2,1,NULL,NULL,NULL,NULL,NULL,'--- !ruby/hash:ActiveSupport::HashWithIndifferentAccess\nanschaffungskategorie: AV-Technik\n','2014-01-10 09:57:57','2014-01-10 09:57:57'),(47,'book2','book2',61,46,47,2,NULL,NULL,'2013-02-15',NULL,NULL,NULL,143.00,0,0,1,0,2,1,NULL,NULL,NULL,NULL,NULL,'--- !ruby/hash:ActiveSupport::HashWithIndifferentAccess\nanschaffungskategorie: AV-Technik\n','2014-01-10 09:57:57','2014-01-10 09:57:57'),(48,'beam123','xyz456',62,47,48,1,NULL,NULL,'2012-05-24',NULL,NULL,NULL,344.00,0,0,1,0,1,1,NULL,NULL,NULL,'name123',NULL,'--- !ruby/hash:ActiveSupport::HashWithIndifferentAccess\nanschaffungskategorie: AV-Technik\n','2014-01-10 09:57:57','2014-01-10 09:57:57'),(49,'beam345','xyz890',62,47,49,1,NULL,NULL,'2012-04-09',NULL,NULL,NULL,919.00,0,0,1,0,1,1,NULL,NULL,NULL,NULL,NULL,'--- !ruby/hash:ActiveSupport::HashWithIndifferentAccess\nanschaffungskategorie: AV-Technik\n','2014-01-10 09:57:57','2014-01-10 09:57:57'),(50,'beam678','xyz678',63,47,50,1,NULL,NULL,'2009-11-25',NULL,NULL,NULL,1120.00,0,0,1,0,1,1,NULL,NULL,NULL,NULL,NULL,'--- !ruby/hash:ActiveSupport::HashWithIndifferentAccess\nanschaffungskategorie: AV-Technik\n','2014-01-10 09:57:57','2014-01-10 09:57:57'),(51,'beam749','xyz749',62,47,51,1,NULL,NULL,'2013-04-11',NULL,NULL,NULL,1492.00,0,0,1,0,2,1,NULL,NULL,NULL,NULL,NULL,'--- !ruby/hash:ActiveSupport::HashWithIndifferentAccess\nanschaffungskategorie: AV-Technik\n','2014-01-10 09:57:57','2014-01-10 09:57:57'),(52,'beamTest123','xyz749',65,47,52,1,NULL,NULL,'2011-01-01',NULL,NULL,NULL,517.00,0,0,1,0,1,1,NULL,NULL,NULL,NULL,NULL,'--- !ruby/hash:ActiveSupport::HashWithIndifferentAccess\nanschaffungskategorie: AV-Technik\n','2014-01-10 09:57:57','2014-01-10 09:57:57'),(53,'ucbeam1','minbeam1',66,47,53,1,NULL,NULL,'2011-02-18',NULL,NULL,NULL,576.00,0,0,1,0,1,1,NULL,NULL,NULL,'ucbeam1',NULL,'--- !ruby/hash:ActiveSupport::HashWithIndifferentAccess\nanschaffungskategorie: AV-Technik\n','2014-01-10 09:57:57','2014-01-10 09:57:57'),(54,'microbeam1','microbeam1',67,47,54,1,NULL,NULL,'2012-12-08',NULL,NULL,NULL,1231.00,0,0,1,0,1,1,NULL,NULL,NULL,'microbeam1',NULL,'--- !ruby/hash:ActiveSupport::HashWithIndifferentAccess\nanschaffungskategorie: AV-Technik\n','2014-01-10 09:57:57','2014-01-10 09:57:57'),(55,'mbeam1','mbeam1',68,47,55,1,NULL,NULL,'2011-11-04',NULL,NULL,NULL,1226.00,0,0,1,0,1,1,NULL,NULL,NULL,'mbeam1',NULL,'--- !ruby/hash:ActiveSupport::HashWithIndifferentAccess\nanschaffungskategorie: AV-Technik\n','2014-01-10 09:57:57','2014-01-10 09:57:57'),(56,'mbeam2','mbeam2',69,47,56,1,NULL,NULL,'2012-03-06',NULL,NULL,NULL,282.00,0,0,1,0,1,1,NULL,NULL,NULL,'mbeam2',NULL,'--- !ruby/hash:ActiveSupport::HashWithIndifferentAccess\nanschaffungskategorie: AV-Technik\n','2014-01-10 09:57:57','2014-01-10 09:57:57'),(57,'mbeam3','mbeam3',70,47,57,1,NULL,NULL,'2012-03-24',NULL,NULL,NULL,86.00,0,0,1,0,1,1,NULL,NULL,NULL,'mbeam3',NULL,'--- !ruby/hash:ActiveSupport::HashWithIndifferentAccess\nanschaffungskategorie: AV-Technik\n','2014-01-10 09:57:57','2014-01-10 09:57:57'),(58,'mbeam4','mbeam4',71,47,58,1,NULL,NULL,'2011-08-15',NULL,NULL,NULL,876.00,0,0,1,0,1,1,NULL,NULL,NULL,'mbeam4',NULL,'--- !ruby/hash:ActiveSupport::HashWithIndifferentAccess\nanschaffungskategorie: AV-Technik\n','2014-01-10 09:57:57','2014-01-10 09:57:57'),(59,'mbeam5','mbeam5',72,47,59,1,NULL,NULL,'2010-09-26',NULL,NULL,NULL,714.00,0,0,1,0,1,1,NULL,NULL,NULL,'mbeam5',NULL,'--- !ruby/hash:ActiveSupport::HashWithIndifferentAccess\nanschaffungskategorie: AV-Technik\n','2014-01-10 09:57:57','2014-01-10 09:57:57'),(60,'mbeam6','mbeam6',73,47,60,1,NULL,NULL,'2013-12-11',NULL,NULL,NULL,246.00,0,0,1,0,1,1,NULL,NULL,NULL,'mbeam6',NULL,'--- !ruby/hash:ActiveSupport::HashWithIndifferentAccess\nanschaffungskategorie: AV-Technik\n','2014-01-10 09:57:57','2014-01-10 09:57:57'),(61,'mbeam7','mbeam7',74,47,61,1,NULL,NULL,'2009-11-03',NULL,NULL,NULL,926.00,0,0,1,0,1,1,NULL,NULL,NULL,'mbeam7',NULL,'--- !ruby/hash:ActiveSupport::HashWithIndifferentAccess\nanschaffungskategorie: AV-Technik\n','2014-01-10 09:57:57','2014-01-10 09:57:57'),(62,'mbeam8','mbeam8',75,47,62,1,NULL,NULL,'2009-06-13',NULL,NULL,NULL,1343.00,0,0,1,0,1,1,NULL,NULL,NULL,'mbeam8',NULL,'--- !ruby/hash:ActiveSupport::HashWithIndifferentAccess\nanschaffungskategorie: AV-Technik\n','2014-01-10 09:57:57','2014-01-10 09:57:57'),(63,'mbeam9','mbeam9',76,47,63,1,NULL,NULL,'2012-09-23',NULL,NULL,NULL,1427.00,0,0,1,0,1,1,NULL,NULL,NULL,'mbeam9',NULL,'--- !ruby/hash:ActiveSupport::HashWithIndifferentAccess\nanschaffungskategorie: AV-Technik\n','2014-01-10 09:57:57','2014-01-10 09:57:57'),(64,'mbeam10','mbeam10',77,47,64,1,NULL,NULL,'2013-10-23',NULL,NULL,NULL,1264.00,0,0,1,0,1,1,NULL,NULL,NULL,'mbeam10',NULL,'--- !ruby/hash:ActiveSupport::HashWithIndifferentAccess\nanschaffungskategorie: AV-Technik\n','2014-01-10 09:57:57','2014-01-10 09:57:57'),(65,'mbeam11','mbeam11',78,47,65,1,NULL,NULL,'2012-11-17',NULL,NULL,NULL,978.00,0,0,1,0,1,1,NULL,NULL,NULL,'mbeam11',NULL,'--- !ruby/hash:ActiveSupport::HashWithIndifferentAccess\nanschaffungskategorie: AV-Technik\n','2014-01-10 09:57:57','2014-01-10 09:57:57'),(66,'mbeam12','mbeam12',79,47,66,1,NULL,NULL,'2009-12-06',NULL,NULL,NULL,1328.00,0,0,1,0,1,1,NULL,NULL,NULL,'mbeam12',NULL,'--- !ruby/hash:ActiveSupport::HashWithIndifferentAccess\nanschaffungskategorie: AV-Technik\n','2014-01-10 09:57:57','2014-01-10 09:57:57'),(67,'mbeam13','mbeam13',80,47,67,1,NULL,NULL,'2011-06-23',NULL,NULL,NULL,403.00,0,0,1,0,1,1,NULL,NULL,NULL,'mbeam13',NULL,'--- !ruby/hash:ActiveSupport::HashWithIndifferentAccess\nanschaffungskategorie: AV-Technik\n','2014-01-10 09:57:57','2014-01-10 09:57:57'),(68,'mbeam14','mbeam14',81,47,68,1,NULL,NULL,'2009-07-20',NULL,NULL,NULL,1161.00,0,0,1,0,1,1,NULL,NULL,NULL,'mbeam14',NULL,'--- !ruby/hash:ActiveSupport::HashWithIndifferentAccess\nanschaffungskategorie: AV-Technik\n','2014-01-10 09:57:57','2014-01-10 09:57:57'),(69,'mbeam15','mbeam15',82,47,69,1,NULL,NULL,'2010-08-25',NULL,NULL,NULL,486.00,0,0,1,0,1,1,NULL,NULL,NULL,'mbeam15',NULL,'--- !ruby/hash:ActiveSupport::HashWithIndifferentAccess\nanschaffungskategorie: AV-Technik\n','2014-01-10 09:57:57','2014-01-10 09:57:57'),(70,'mbeam16','mbeam16',83,47,70,1,NULL,NULL,'2012-07-15',NULL,NULL,NULL,993.00,0,0,1,0,1,1,NULL,NULL,NULL,'mbeam16',NULL,'--- !ruby/hash:ActiveSupport::HashWithIndifferentAccess\nanschaffungskategorie: AV-Technik\n','2014-01-10 09:57:57','2014-01-10 09:57:57'),(71,'mbeam17','mbeam17',84,47,71,1,NULL,NULL,'2009-11-04',NULL,NULL,NULL,1192.00,0,0,1,0,1,1,NULL,NULL,NULL,'mbeam17',NULL,'--- !ruby/hash:ActiveSupport::HashWithIndifferentAccess\nanschaffungskategorie: AV-Technik\n','2014-01-10 09:57:57','2014-01-10 09:57:57'),(72,'mbeam18','mbeam18',85,47,72,1,NULL,NULL,'2011-05-31',NULL,NULL,NULL,824.00,0,0,1,0,1,1,NULL,NULL,NULL,'mbeam18',NULL,'--- !ruby/hash:ActiveSupport::HashWithIndifferentAccess\nanschaffungskategorie: AV-Technik\n','2014-01-10 09:57:57','2014-01-10 09:57:57'),(73,'mbeam19','mbeam19',86,47,73,1,NULL,NULL,'2009-04-09',NULL,NULL,NULL,339.00,0,0,1,0,1,1,NULL,NULL,NULL,'mbeam19',NULL,'--- !ruby/hash:ActiveSupport::HashWithIndifferentAccess\nanschaffungskategorie: AV-Technik\n','2014-01-10 09:57:57','2014-01-10 09:57:57'),(74,'mbeam20','mbeam20',87,47,74,1,NULL,NULL,'2009-05-30',NULL,NULL,NULL,1163.00,0,0,1,0,1,1,NULL,NULL,NULL,'mbeam20',NULL,'--- !ruby/hash:ActiveSupport::HashWithIndifferentAccess\nanschaffungskategorie: AV-Technik\n','2014-01-10 09:57:57','2014-01-10 09:57:57'),(75,'cam123','abc234',88,47,75,1,NULL,NULL,'2009-04-05',NULL,NULL,NULL,214.00,0,0,1,0,1,1,NULL,NULL,NULL,NULL,NULL,'--- !ruby/hash:ActiveSupport::HashWithIndifferentAccess\nanschaffungskategorie: AV-Technik\n','2014-01-10 09:57:57','2014-01-10 09:57:57'),(76,'cam345','ab567',88,47,76,1,NULL,NULL,'2011-12-06',NULL,NULL,NULL,506.00,0,0,1,0,1,1,NULL,NULL,NULL,NULL,NULL,'--- !ruby/hash:ActiveSupport::HashWithIndifferentAccess\nanschaffungskategorie: AV-Technik\n','2014-01-10 09:57:57','2014-01-10 09:57:57'),(77,'cam567','ab789',88,47,77,1,NULL,NULL,'2010-02-02',NULL,NULL,NULL,22.00,0,0,1,0,1,1,NULL,NULL,NULL,NULL,NULL,'--- !ruby/hash:ActiveSupport::HashWithIndifferentAccess\nanschaffungskategorie: AV-Technik\n','2014-01-10 09:57:57','2014-01-10 09:57:57'),(78,'cam53267','ab782129',88,47,78,1,NULL,NULL,'2012-08-22',NULL,NULL,NULL,870.00,0,0,1,0,1,1,NULL,NULL,NULL,NULL,NULL,'--- !ruby/hash:ActiveSupport::HashWithIndifferentAccess\nanschaffungskategorie: AV-Technik\n','2014-01-10 09:57:57','2014-01-10 09:57:57'),(79,'cam532asd67','ab78as2129',88,47,79,1,NULL,NULL,'2009-03-10',NULL,NULL,NULL,1065.00,0,0,1,0,1,1,NULL,NULL,NULL,NULL,NULL,'--- !ruby/hash:ActiveSupport::HashWithIndifferentAccess\nanschaffungskategorie: AV-Technik\n','2014-01-10 09:57:57','2014-01-10 09:57:57'),(80,'mcam1','mcam1',89,47,80,1,NULL,NULL,'2012-03-29',NULL,NULL,NULL,118.00,0,0,1,0,1,1,NULL,NULL,NULL,'mcam1',NULL,'--- !ruby/hash:ActiveSupport::HashWithIndifferentAccess\nanschaffungskategorie: AV-Technik\n','2014-01-10 09:57:57','2014-01-10 09:57:57'),(81,'mcam2','mcam2',90,47,81,1,NULL,NULL,'2010-11-09',NULL,NULL,NULL,764.00,0,0,1,0,1,1,NULL,NULL,NULL,'mcam2',NULL,'--- !ruby/hash:ActiveSupport::HashWithIndifferentAccess\nanschaffungskategorie: AV-Technik\n','2014-01-10 09:57:57','2014-01-10 09:57:57'),(82,'mcam3','mcam3',91,47,82,1,NULL,NULL,'2010-08-22',NULL,NULL,NULL,832.00,0,0,1,0,1,1,NULL,NULL,NULL,'mcam3',NULL,'--- !ruby/hash:ActiveSupport::HashWithIndifferentAccess\nanschaffungskategorie: AV-Technik\n','2014-01-10 09:57:57','2014-01-10 09:57:57'),(83,'mcam4','mcam4',92,47,83,1,NULL,NULL,'2012-04-01',NULL,NULL,NULL,874.00,0,0,1,0,1,1,NULL,NULL,NULL,'mcam4',NULL,'--- !ruby/hash:ActiveSupport::HashWithIndifferentAccess\nanschaffungskategorie: AV-Technik\n','2014-01-10 09:57:57','2014-01-10 09:57:57'),(84,'mcam5','mcam5',93,47,84,1,NULL,NULL,'2012-08-17',NULL,NULL,NULL,686.00,0,0,1,0,1,1,NULL,NULL,NULL,'mcam5',NULL,'--- !ruby/hash:ActiveSupport::HashWithIndifferentAccess\nanschaffungskategorie: AV-Technik\n','2014-01-10 09:57:57','2014-01-10 09:57:57'),(85,'mcam6','mcam6',94,47,85,1,NULL,NULL,'2011-06-09',NULL,NULL,NULL,1181.00,0,0,1,0,1,1,NULL,NULL,NULL,'mcam6',NULL,'--- !ruby/hash:ActiveSupport::HashWithIndifferentAccess\nanschaffungskategorie: AV-Technik\n','2014-01-10 09:57:57','2014-01-10 09:57:57'),(86,'mcam7','mcam7',95,47,86,1,NULL,NULL,'2009-10-15',NULL,NULL,NULL,1111.00,0,0,1,0,1,1,NULL,NULL,NULL,'mcam7',NULL,'--- !ruby/hash:ActiveSupport::HashWithIndifferentAccess\nanschaffungskategorie: AV-Technik\n','2014-01-10 09:57:57','2014-01-10 09:57:57'),(87,'mcam8','mcam8',96,47,87,1,NULL,NULL,'2011-10-27',NULL,NULL,NULL,728.00,0,0,1,0,1,1,NULL,NULL,NULL,'mcam8',NULL,'--- !ruby/hash:ActiveSupport::HashWithIndifferentAccess\nanschaffungskategorie: AV-Technik\n','2014-01-10 09:57:57','2014-01-10 09:57:57'),(88,'mcam9','mcam9',97,47,88,1,NULL,NULL,'2010-03-16',NULL,NULL,NULL,1081.00,0,0,1,0,1,1,NULL,NULL,NULL,'mcam9',NULL,'--- !ruby/hash:ActiveSupport::HashWithIndifferentAccess\nanschaffungskategorie: AV-Technik\n','2014-01-10 09:57:57','2014-01-10 09:57:57'),(89,'mcam10','mcam10',98,47,89,1,NULL,NULL,'2009-11-21',NULL,NULL,NULL,96.00,0,0,1,0,1,1,NULL,NULL,NULL,'mcam10',NULL,'--- !ruby/hash:ActiveSupport::HashWithIndifferentAccess\nanschaffungskategorie: AV-Technik\n','2014-01-10 09:57:57','2014-01-10 09:57:57'),(90,'mcam11','mcam11',99,47,90,1,NULL,NULL,'2010-05-31',NULL,NULL,NULL,741.00,0,0,1,0,1,1,NULL,NULL,NULL,'mcam11',NULL,'--- !ruby/hash:ActiveSupport::HashWithIndifferentAccess\nanschaffungskategorie: AV-Technik\n','2014-01-10 09:57:57','2014-01-10 09:57:57'),(91,'mcam12','mcam12',100,47,91,1,NULL,NULL,'2013-10-13',NULL,NULL,NULL,1484.00,0,0,1,0,1,1,NULL,NULL,NULL,'mcam12',NULL,'--- !ruby/hash:ActiveSupport::HashWithIndifferentAccess\nanschaffungskategorie: AV-Technik\n','2014-01-10 09:57:57','2014-01-10 09:57:57'),(92,'mcam13','mcam13',101,47,92,1,NULL,NULL,'2010-12-12',NULL,NULL,NULL,1189.00,0,0,1,0,1,1,NULL,NULL,NULL,'mcam13',NULL,'--- !ruby/hash:ActiveSupport::HashWithIndifferentAccess\nanschaffungskategorie: AV-Technik\n','2014-01-10 09:57:57','2014-01-10 09:57:57'),(93,'mcam14','mcam14',102,47,93,1,NULL,NULL,'2012-06-29',NULL,NULL,NULL,308.00,0,0,1,0,1,1,NULL,NULL,NULL,'mcam14',NULL,'--- !ruby/hash:ActiveSupport::HashWithIndifferentAccess\nanschaffungskategorie: AV-Technik\n','2014-01-10 09:57:57','2014-01-10 09:57:57'),(94,'mcam15','mcam15',103,47,94,1,NULL,NULL,'2010-03-28',NULL,NULL,NULL,131.00,0,0,1,0,1,1,NULL,NULL,NULL,'mcam15',NULL,'--- !ruby/hash:ActiveSupport::HashWithIndifferentAccess\nanschaffungskategorie: AV-Technik\n','2014-01-10 09:57:57','2014-01-10 09:57:57'),(95,'mcam16','mcam16',104,47,95,1,NULL,NULL,'2010-10-01',NULL,NULL,NULL,158.00,0,0,1,0,1,1,NULL,NULL,NULL,'mcam16',NULL,'--- !ruby/hash:ActiveSupport::HashWithIndifferentAccess\nanschaffungskategorie: AV-Technik\n','2014-01-10 09:57:57','2014-01-10 09:57:57'),(96,'mcam17','mcam17',105,47,96,1,NULL,NULL,'2012-02-24',NULL,NULL,NULL,1194.00,0,0,1,0,1,1,NULL,NULL,NULL,'mcam17',NULL,'--- !ruby/hash:ActiveSupport::HashWithIndifferentAccess\nanschaffungskategorie: AV-Technik\n','2014-01-10 09:57:57','2014-01-10 09:57:57'),(97,'mcam18','mcam18',106,47,97,1,NULL,NULL,'2013-08-10',NULL,NULL,NULL,198.00,0,0,1,0,1,1,NULL,NULL,NULL,'mcam18',NULL,'--- !ruby/hash:ActiveSupport::HashWithIndifferentAccess\nanschaffungskategorie: AV-Technik\n','2014-01-10 09:57:57','2014-01-10 09:57:57'),(98,'mcam19','mcam19',107,47,98,1,NULL,NULL,'2012-10-09',NULL,NULL,NULL,429.00,0,0,1,0,1,1,NULL,NULL,NULL,'mcam19',NULL,'--- !ruby/hash:ActiveSupport::HashWithIndifferentAccess\nanschaffungskategorie: AV-Technik\n','2014-01-10 09:57:57','2014-01-10 09:57:57'),(99,'mcam20','mcam20',108,47,99,1,NULL,NULL,'2010-05-27',NULL,NULL,NULL,509.00,0,0,1,0,1,1,NULL,NULL,NULL,'mcam20',NULL,'--- !ruby/hash:ActiveSupport::HashWithIndifferentAccess\nanschaffungskategorie: AV-Technik\n','2014-01-10 09:57:57','2014-01-10 09:57:57'),(100,'mcam21','mcam21',109,47,100,1,NULL,NULL,'2012-10-10',NULL,NULL,NULL,1331.00,0,0,1,0,1,1,NULL,NULL,NULL,'mcam21',NULL,'--- !ruby/hash:ActiveSupport::HashWithIndifferentAccess\nanschaffungskategorie: AV-Technik\n','2014-01-10 09:57:57','2014-01-10 09:57:57'),(101,'mcam22','mcam22',110,47,101,1,NULL,NULL,'2012-10-05',NULL,NULL,NULL,875.00,0,0,1,0,1,1,NULL,NULL,NULL,'mcam22',NULL,'--- !ruby/hash:ActiveSupport::HashWithIndifferentAccess\nanschaffungskategorie: AV-Technik\n','2014-01-10 09:57:57','2014-01-10 09:57:57'),(102,'mcam23','mcam23',111,47,102,1,NULL,NULL,'2012-10-06',NULL,NULL,NULL,256.00,0,0,1,0,1,1,NULL,NULL,NULL,'mcam23',NULL,'--- !ruby/hash:ActiveSupport::HashWithIndifferentAccess\nanschaffungskategorie: AV-Technik\n','2014-01-10 09:57:57','2014-01-10 09:57:57'),(103,'mcam24','mcam24',112,47,103,1,NULL,NULL,'2011-07-27',NULL,NULL,NULL,107.00,0,0,1,0,1,1,NULL,NULL,NULL,'mcam24',NULL,'--- !ruby/hash:ActiveSupport::HashWithIndifferentAccess\nanschaffungskategorie: AV-Technik\n','2014-01-10 09:57:57','2014-01-10 09:57:57'),(104,'mcam25','mcam25',113,47,104,1,NULL,NULL,'2011-08-09',NULL,NULL,NULL,989.00,0,0,1,0,1,1,NULL,NULL,NULL,'mcam25',NULL,'--- !ruby/hash:ActiveSupport::HashWithIndifferentAccess\nanschaffungskategorie: AV-Technik\n','2014-01-10 09:57:57','2014-01-10 09:57:57'),(105,'mcam26','mcam26',114,47,105,1,NULL,NULL,'2013-12-20',NULL,NULL,NULL,224.00,0,0,1,0,1,1,NULL,NULL,NULL,'mcam26',NULL,'--- !ruby/hash:ActiveSupport::HashWithIndifferentAccess\nanschaffungskategorie: AV-Technik\n','2014-01-10 09:57:57','2014-01-10 09:57:57'),(106,'mcam27','mcam27',115,47,106,1,NULL,NULL,'2011-05-25',NULL,NULL,NULL,527.00,0,0,1,0,1,1,NULL,NULL,NULL,'mcam27',NULL,'--- !ruby/hash:ActiveSupport::HashWithIndifferentAccess\nanschaffungskategorie: AV-Technik\n','2014-01-10 09:57:57','2014-01-10 09:57:57'),(107,'mcam28','mcam28',116,47,107,1,NULL,NULL,'2011-10-01',NULL,NULL,NULL,781.00,0,0,1,0,1,1,NULL,NULL,NULL,'mcam28',NULL,'--- !ruby/hash:ActiveSupport::HashWithIndifferentAccess\nanschaffungskategorie: AV-Technik\n','2014-01-10 09:57:57','2014-01-10 09:57:57'),(108,'mcam29','mcam29',117,47,108,1,NULL,NULL,'2009-07-13',NULL,NULL,NULL,226.00,0,0,1,0,1,1,NULL,NULL,NULL,'mcam29',NULL,'--- !ruby/hash:ActiveSupport::HashWithIndifferentAccess\nanschaffungskategorie: AV-Technik\n','2014-01-10 09:57:57','2014-01-10 09:57:57'),(109,'mcam30','mcam30',118,47,109,1,NULL,NULL,'2010-04-26',NULL,NULL,NULL,381.00,0,0,1,0,1,1,NULL,NULL,NULL,'mcam30',NULL,'--- !ruby/hash:ActiveSupport::HashWithIndifferentAccess\nanschaffungskategorie: AV-Technik\n','2014-01-10 09:57:57','2014-01-10 09:57:57'),(110,'hifi123','hifi123',119,47,110,1,NULL,NULL,'2010-10-10',NULL,NULL,NULL,1292.00,0,0,1,0,1,1,NULL,NULL,NULL,NULL,NULL,'--- !ruby/hash:ActiveSupport::HashWithIndifferentAccess\nanschaffungskategorie: AV-Technik\n','2014-01-10 09:57:57','2014-01-10 09:57:57'),(111,'tri789','fgh567',120,47,111,1,NULL,NULL,'2011-08-10',NULL,NULL,NULL,69.00,0,0,1,0,1,1,NULL,NULL,NULL,NULL,NULL,'--- !ruby/hash:ActiveSupport::HashWithIndifferentAccess\nanschaffungskategorie: AV-Technik\n','2014-01-10 09:57:57','2014-01-10 09:57:57'),(112,'tri123','fgh987',120,47,112,1,NULL,NULL,'2012-06-04',NULL,NULL,NULL,808.00,0,0,1,0,1,1,NULL,NULL,NULL,NULL,NULL,'--- !ruby/hash:ActiveSupport::HashWithIndifferentAccess\nanschaffungskategorie: AV-Technik\n','2014-01-10 09:57:57','2014-01-10 09:57:57'),(113,'tri923','asd213',120,47,113,1,NULL,NULL,'2011-08-03',NULL,NULL,NULL,1362.00,0,0,1,0,1,1,NULL,NULL,NULL,NULL,NULL,'--- !ruby/hash:ActiveSupport::HashWithIndifferentAccess\nanschaffungskategorie: AV-Technik\n','2014-01-10 09:57:57','2014-01-10 09:57:57'),(114,'tri212','tri212',120,47,114,1,NULL,NULL,'2009-01-28',NULL,NULL,NULL,1333.00,0,0,1,0,1,1,NULL,NULL,NULL,NULL,NULL,'--- !ruby/hash:ActiveSupport::HashWithIndifferentAccess\nanschaffungskategorie: AV-Technik\n','2014-01-10 09:57:57','2014-01-10 09:57:57'),(115,'u1lybf','9qvwxb',122,47,115,1,NULL,NULL,'2012-04-15',NULL,NULL,NULL,736.00,0,0,1,0,1,1,NULL,NULL,NULL,NULL,NULL,'--- !ruby/hash:ActiveSupport::HashWithIndifferentAccess\nanschaffungskategorie: AV-Technik\n','2014-01-10 09:57:57','2014-01-10 09:57:57'),(116,'9fpu7jer48z47n8w3f','sin-9331re6500',123,48,116,1,NULL,NULL,'2009-01-18',NULL,NULL,NULL,1109.00,0,0,1,0,1,1,NULL,NULL,NULL,NULL,NULL,'--- !ruby/hash:ActiveSupport::HashWithIndifferentAccess\nanschaffungskategorie: AV-Technik\n','2014-01-10 09:57:57','2014-01-10 09:57:57'),(117,'m4mppr647t68t2t423','quo-3678ne3603',125,48,117,1,116,NULL,'2010-07-03',NULL,NULL,NULL,540.00,0,0,1,0,1,1,NULL,NULL,NULL,NULL,NULL,'--- !ruby/hash:ActiveSupport::HashWithIndifferentAccess\nanschaffungskategorie: AV-Technik\n','2014-01-10 09:57:57','2014-01-10 09:57:57'),(118,'5r1vt4t8w7vj8smthg','dol-4676vo2680',126,48,118,1,116,NULL,'2012-03-16',NULL,NULL,NULL,395.00,0,0,1,0,1,1,NULL,NULL,NULL,NULL,NULL,'--- !ruby/hash:ActiveSupport::HashWithIndifferentAccess\nanschaffungskategorie: AV-Technik\n','2014-01-10 09:57:57','2014-01-10 09:57:57'),(119,'pixxchfy0k7hkyb4zj','qui-6866na8995',127,48,119,1,116,NULL,'2011-10-24',NULL,NULL,NULL,204.00,0,0,1,0,1,1,NULL,NULL,NULL,NULL,NULL,'--- !ruby/hash:ActiveSupport::HashWithIndifferentAccess\nanschaffungskategorie: AV-Technik\n','2014-01-10 09:57:57','2014-01-10 09:57:57'),(120,'a6qrilbegz7esh8r7s','sit-3114mo5356',123,52,120,1,NULL,NULL,'2009-11-28',NULL,NULL,NULL,346.00,0,0,1,0,1,1,NULL,NULL,NULL,NULL,NULL,'--- !ruby/hash:ActiveSupport::HashWithIndifferentAccess\nanschaffungskategorie: AV-Technik\n','2014-01-10 09:57:57','2014-01-10 09:57:57'),(121,'u35b8a35j7l1yxdu6w','sin-7295ut5854',129,52,121,1,120,NULL,'2013-12-18',NULL,NULL,NULL,1047.00,0,0,1,0,1,1,NULL,NULL,NULL,NULL,NULL,'--- !ruby/hash:ActiveSupport::HashWithIndifferentAccess\nanschaffungskategorie: AV-Technik\n','2014-01-10 09:57:57','2014-01-10 09:57:57'),(122,'6woh0fci9hpld4ljx5','max-4822vo4560',130,52,122,1,120,NULL,'2010-03-04',NULL,NULL,NULL,1367.00,0,0,1,0,1,1,NULL,NULL,NULL,NULL,NULL,'--- !ruby/hash:ActiveSupport::HashWithIndifferentAccess\nanschaffungskategorie: AV-Technik\n','2014-01-10 09:57:57','2014-01-10 09:57:57'),(123,'bjoaedauzzqco1y4uy','dic-3622pl3448',131,52,123,1,120,NULL,'2012-09-01',NULL,NULL,NULL,1146.00,0,0,1,0,1,1,NULL,NULL,NULL,NULL,NULL,'--- !ruby/hash:ActiveSupport::HashWithIndifferentAccess\nanschaffungskategorie: AV-Technik\n','2014-01-10 09:57:57','2014-01-10 09:57:57'),(124,'f270kl5chz2oln7vvh','dol-10724pe2090',123,56,124,1,NULL,NULL,'2011-05-10',NULL,NULL,NULL,771.00,0,0,1,0,1,1,NULL,NULL,NULL,NULL,NULL,'--- !ruby/hash:ActiveSupport::HashWithIndifferentAccess\nanschaffungskategorie: AV-Technik\n','2014-01-10 09:57:57','2014-01-10 09:57:57'),(125,'lo8c0li1drviu0rvke','aut-10349su10481',133,56,125,1,124,NULL,'2010-09-26',NULL,NULL,NULL,106.00,0,0,1,0,1,1,NULL,NULL,NULL,NULL,NULL,'--- !ruby/hash:ActiveSupport::HashWithIndifferentAccess\nanschaffungskategorie: AV-Technik\n','2014-01-10 09:57:57','2014-01-10 09:57:57'),(126,'5qqw3wpuam3c66e3x0','fac-9582fu5354',134,56,126,1,124,NULL,'2009-04-26',NULL,NULL,NULL,553.00,0,0,1,0,1,1,NULL,NULL,NULL,NULL,NULL,'--- !ruby/hash:ActiveSupport::HashWithIndifferentAccess\nanschaffungskategorie: AV-Technik\n','2014-01-10 09:57:57','2014-01-10 09:57:57'),(127,'a5mhzxfyyuqqnb66t5','rer-8454qu2074',135,56,127,1,124,NULL,'2010-10-31',NULL,NULL,NULL,49.00,0,0,1,0,1,1,NULL,NULL,NULL,NULL,NULL,'--- !ruby/hash:ActiveSupport::HashWithIndifferentAccess\nanschaffungskategorie: AV-Technik\n','2014-01-10 09:57:57','2014-01-10 09:57:57'),(128,'9bxb08ggxlu1h8h996','quo-8243ev1585',136,60,128,1,NULL,NULL,'2010-12-04',NULL,NULL,NULL,1027.00,0,0,1,0,1,1,NULL,NULL,NULL,NULL,NULL,'--- !ruby/hash:ActiveSupport::HashWithIndifferentAccess\nanschaffungskategorie: AV-Technik\n','2014-01-10 09:57:57','2014-01-10 09:57:57'),(129,'6x41qb700ebbfx5n9u','ali-9502et3406',138,60,129,1,128,NULL,'2011-08-17',NULL,NULL,NULL,1318.00,0,0,1,0,1,1,NULL,NULL,NULL,NULL,NULL,'--- !ruby/hash:ActiveSupport::HashWithIndifferentAccess\nanschaffungskategorie: AV-Technik\n','2014-01-10 09:57:57','2014-01-10 09:57:57'),(130,'x7b5e39slkph1dw2vm','ass-7730an10567',139,60,130,1,128,NULL,'2011-03-11',NULL,NULL,NULL,396.00,0,0,1,0,1,1,NULL,NULL,NULL,NULL,NULL,'--- !ruby/hash:ActiveSupport::HashWithIndifferentAccess\nanschaffungskategorie: AV-Technik\n','2014-01-10 09:57:57','2014-01-10 09:57:57'),(131,'ua83623bymintx0zdc','exe-5094od7202',140,60,131,1,128,NULL,'2012-11-12',NULL,NULL,NULL,13.00,0,0,1,0,1,1,NULL,NULL,NULL,NULL,NULL,'--- !ruby/hash:ActiveSupport::HashWithIndifferentAccess\nanschaffungskategorie: AV-Technik\n','2014-01-10 09:57:57','2014-01-10 09:57:57'),(132,'o66g93q1e5qemn06t3','qua-10364ut4160',136,64,132,1,NULL,NULL,'2009-04-29',NULL,NULL,NULL,1356.00,0,0,1,0,1,1,NULL,NULL,NULL,NULL,NULL,'--- !ruby/hash:ActiveSupport::HashWithIndifferentAccess\nanschaffungskategorie: AV-Technik\n','2014-01-10 09:57:57','2014-01-10 09:57:57'),(133,'hne8qsdt6sbgswdj20','qui-9422do1068',142,64,133,1,132,NULL,'2012-04-14',NULL,NULL,NULL,429.00,0,0,1,0,1,1,NULL,NULL,NULL,NULL,NULL,'--- !ruby/hash:ActiveSupport::HashWithIndifferentAccess\nanschaffungskategorie: AV-Technik\n','2014-01-10 09:57:57','2014-01-10 09:57:57'),(134,'mvgx6mmxs3dzslp49c','vol-10691in1347',143,64,134,1,132,NULL,'2012-10-31',NULL,NULL,NULL,850.00,0,0,1,0,1,1,NULL,NULL,NULL,NULL,NULL,'--- !ruby/hash:ActiveSupport::HashWithIndifferentAccess\nanschaffungskategorie: AV-Technik\n','2014-01-10 09:57:57','2014-01-10 09:57:57'),(135,'ikaar30nq05ikw0kw9','atq-3000hi10279',144,64,135,1,132,NULL,'2013-04-09',NULL,NULL,NULL,645.00,0,0,1,0,1,1,NULL,NULL,NULL,NULL,NULL,'--- !ruby/hash:ActiveSupport::HashWithIndifferentAccess\nanschaffungskategorie: AV-Technik\n','2014-01-10 09:57:57','2014-01-10 09:57:57'),(136,'78wco7hx50x76dqvjy','mag-1503ut4874',136,68,136,1,NULL,NULL,'2009-12-06',NULL,NULL,NULL,1261.00,0,0,1,0,1,1,NULL,NULL,NULL,NULL,NULL,'--- !ruby/hash:ActiveSupport::HashWithIndifferentAccess\nanschaffungskategorie: AV-Technik\n','2014-01-10 09:57:57','2014-01-10 09:57:57'),(137,'86mk1a7apn0smdsufp','fac-1917il7915',146,68,137,1,136,NULL,'2013-11-14',NULL,NULL,NULL,338.00,0,0,1,0,1,1,NULL,NULL,NULL,NULL,NULL,'--- !ruby/hash:ActiveSupport::HashWithIndifferentAccess\nanschaffungskategorie: AV-Technik\n','2014-01-10 09:57:57','2014-01-10 09:57:57'),(138,'tp8p3c6d31dj3au0ka','seq-2367au8910',147,68,138,1,136,NULL,'2010-12-27',NULL,NULL,NULL,1344.00,0,0,1,0,1,1,NULL,NULL,NULL,NULL,NULL,'--- !ruby/hash:ActiveSupport::HashWithIndifferentAccess\nanschaffungskategorie: AV-Technik\n','2014-01-10 09:57:57','2014-01-10 09:57:57'),(139,'vq90vss73vvpvsnhx9','utd-8684ip4803',148,68,139,1,136,NULL,'2013-07-23',NULL,NULL,NULL,199.00,0,0,1,0,1,1,NULL,NULL,NULL,NULL,NULL,'--- !ruby/hash:ActiveSupport::HashWithIndifferentAccess\nanschaffungskategorie: AV-Technik\n','2014-01-10 09:57:57','2014-01-10 09:57:57'),(140,'cand5','cand5',88,47,140,1,NULL,NULL,'2009-06-28',NULL,NULL,NULL,475.00,0,0,0,0,1,1,NULL,NULL,NULL,NULL,NULL,'--- !ruby/hash:ActiveSupport::HashWithIndifferentAccess\nanschaffungskategorie: AV-Technik\n','2014-01-10 09:57:57','2014-01-10 09:57:57'),(141,'beam21231','beamas12312',62,47,141,1,NULL,NULL,'2011-12-25',NULL,NULL,NULL,692.00,0,0,0,0,1,1,NULL,NULL,NULL,NULL,NULL,'--- !ruby/hash:ActiveSupport::HashWithIndifferentAccess\nanschaffungskategorie: AV-Technik\n','2014-01-10 09:57:57','2014-01-10 09:57:57'),(142,'hifi345','hifi345',119,47,142,1,NULL,NULL,'2013-08-16',NULL,NULL,NULL,1358.00,0,0,0,0,1,1,NULL,NULL,NULL,NULL,NULL,'--- !ruby/hash:ActiveSupport::HashWithIndifferentAccess\nanschaffungskategorie: AV-Technik\n','2014-01-10 09:57:57','2014-01-10 09:57:57'),(143,'iMac1','iMac5',150,47,143,1,NULL,NULL,'2012-01-12',NULL,'2014-01-10','This Item is gone',135.00,0,0,1,0,1,1,NULL,NULL,NULL,NULL,NULL,'--- !ruby/hash:ActiveSupport::HashWithIndifferentAccess\nanschaffungskategorie: AV-Technik\n','2014-01-10 09:57:57','2014-01-10 09:57:57'),(144,'iMac2','iMac6',150,47,144,3,NULL,NULL,'2011-02-27',NULL,'2014-01-10','This Item is gone',383.00,0,0,1,0,1,1,NULL,NULL,NULL,NULL,NULL,'--- !ruby/hash:ActiveSupport::HashWithIndifferentAccess\nanschaffungskategorie: AV-Technik\n','2014-01-10 09:57:57','2014-01-10 09:57:57'),(145,'gy8v7v','u2jz2e',121,47,145,1,NULL,NULL,'2012-09-30',NULL,'2014-01-10','This Item is gone',797.00,0,0,1,0,1,1,NULL,NULL,NULL,NULL,NULL,'--- !ruby/hash:ActiveSupport::HashWithIndifferentAccess\nanschaffungskategorie: AV-Technik\n','2014-01-10 09:57:57','2014-01-10 09:57:57'),(146,'5s0try','6p3bz7',121,47,146,1,NULL,NULL,'2009-08-27',NULL,NULL,NULL,394.00,0,0,1,0,1,1,NULL,NULL,NULL,NULL,NULL,'--- !ruby/hash:ActiveSupport::HashWithIndifferentAccess\nanschaffungskategorie: AV-Technik\n','2014-01-10 09:57:57','2014-01-10 09:57:57'),(147,'wlaptop1','wlaptop1',151,47,147,1,NULL,NULL,'2009-08-09',NULL,NULL,NULL,624.00,1,0,1,0,1,1,NULL,NULL,NULL,NULL,NULL,'--- !ruby/hash:ActiveSupport::HashWithIndifferentAccess\nanschaffungskategorie: AV-Technik\n','2014-01-10 09:57:57','2014-01-10 09:57:57'),(148,'v120d02','v120d02',152,47,148,1,NULL,NULL,'2009-01-15',NULL,NULL,NULL,492.00,0,1,1,0,1,1,NULL,NULL,NULL,NULL,NULL,'--- !ruby/hash:ActiveSupport::HashWithIndifferentAccess\nanschaffungskategorie: AV-Technik\n','2014-01-10 09:57:57','2014-01-10 09:57:57'),(149,'v120d022g','v120d022g',153,47,149,1,NULL,NULL,'2012-04-05',NULL,NULL,NULL,745.00,0,0,1,0,1,1,NULL,NULL,NULL,NULL,NULL,'--- !ruby/hash:ActiveSupport::HashWithIndifferentAccess\nanschaffungskategorie: AV-Technik\n','2014-01-10 09:57:57','2014-01-10 09:57:57'),(150,'v120d022g2','v120d022g2',153,47,150,1,NULL,NULL,'2010-05-06',NULL,NULL,NULL,748.00,0,0,1,0,1,1,NULL,NULL,NULL,NULL,NULL,'--- !ruby/hash:ActiveSupport::HashWithIndifferentAccess\nanschaffungskategorie: AV-Technik\n','2014-01-10 09:57:57','2014-01-10 09:57:57'),(151,'beam897','xyz890',62,47,151,1,NULL,NULL,'2013-04-17',NULL,NULL,NULL,782.00,0,0,1,0,2,1,NULL,NULL,NULL,NULL,NULL,'--- !ruby/hash:ActiveSupport::HashWithIndifferentAccess\nanschaffungskategorie: AV-Technik\n','2014-01-10 09:57:57','2014-01-10 09:57:57'),(152,'minibeam12','xyz890',64,47,152,1,NULL,NULL,'2010-04-21',NULL,NULL,NULL,829.00,0,0,1,0,2,1,NULL,NULL,NULL,NULL,NULL,'--- !ruby/hash:ActiveSupport::HashWithIndifferentAccess\nanschaffungskategorie: AV-Technik\n','2014-01-10 09:57:57','2014-01-10 09:57:57'),(153,'minibeam34','xyz890',64,47,153,1,NULL,NULL,'2012-09-11',NULL,NULL,NULL,1419.00,0,0,1,0,3,1,NULL,NULL,NULL,NULL,NULL,'--- !ruby/hash:ActiveSupport::HashWithIndifferentAccess\nanschaffungskategorie: AV-Technik\n','2014-01-10 09:57:57','2014-01-10 09:57:57'),(154,'7t6149rnfpowm26opr','etv-2246es5831',155,NULL,NULL,1,NULL,NULL,NULL,NULL,NULL,NULL,NULL,0,0,1,0,1,0,NULL,NULL,NULL,NULL,NULL,'--- !ruby/hash:ActiveSupport::HashWithIndifferentAccess\nlicense_type: single_workspace\nactivation_type: serial_number\noperating_system:\n- windows\n- linux\ninstallation:\n- citrix\n- web\n','2014-01-10 09:57:57','2014-01-10 09:57:57'),(155,'i3wb54qwd8n3bu7ipu','nih-3992ip4798',156,NULL,NULL,1,NULL,NULL,NULL,NULL,NULL,NULL,NULL,0,0,0,0,1,0,NULL,NULL,NULL,NULL,NULL,'--- !ruby/hash:ActiveSupport::HashWithIndifferentAccess\nlicense_type: single_workspace\nactivation_type: serial_number\noperating_system:\n- windows\n- linux\ninstallation:\n- citrix\n- web\n','2014-01-10 09:57:57','2014-01-10 09:57:57'),(156,'tpff0k1wl72qr8711h','qua-1107ut3215',157,NULL,NULL,1,NULL,NULL,NULL,NULL,NULL,NULL,NULL,0,0,1,0,1,0,NULL,NULL,NULL,NULL,NULL,'--- !ruby/hash:ActiveSupport::HashWithIndifferentAccess\nlicense_type: single_workspace\nactivation_type: serial_number\noperating_system:\n- windows\n- linux\ninstallation:\n- citrix\n- web\n','2014-01-10 09:57:57','2014-01-10 09:57:57'),(157,'az1nexpax3ao3e9ttl','occ-10709et4151',159,72,154,1,NULL,NULL,'2012-12-28',NULL,NULL,NULL,830.00,0,0,1,0,1,1,NULL,NULL,NULL,NULL,NULL,'--- !ruby/hash:ActiveSupport::HashWithIndifferentAccess\nanschaffungskategorie: AV-Technik\n','2014-01-10 09:57:57','2014-01-10 09:57:57'),(158,'xumv23susdz6n1y213','ear-7329au1575',160,73,155,5,NULL,NULL,'2009-10-17',NULL,NULL,NULL,985.00,0,0,1,0,2,1,NULL,NULL,NULL,NULL,NULL,'--- !ruby/hash:ActiveSupport::HashWithIndifferentAccess\nanschaffungskategorie: AV-Technik\n','2014-01-05 00:00:00','2014-01-05 00:00:00'),(159,'53yafg1j81028c0tol','ame-9798qu9987',160,74,156,4,NULL,NULL,'2009-06-19',NULL,NULL,NULL,1413.00,0,0,1,0,2,1,NULL,NULL,NULL,NULL,NULL,'--- !ruby/hash:ActiveSupport::HashWithIndifferentAccess\nanschaffungskategorie: AV-Technik\n','2014-01-05 00:00:00','2014-01-05 00:00:00'),(160,'ynrq1nezrdd74yqnkq','lab-8547te6366',160,75,157,4,NULL,NULL,'2009-05-22',NULL,NULL,NULL,1379.00,0,0,1,0,2,1,NULL,NULL,NULL,NULL,NULL,'--- !ruby/hash:ActiveSupport::HashWithIndifferentAccess\nanschaffungskategorie: AV-Technik\n','2014-01-05 00:00:00','2014-01-05 00:00:00'),(161,'q1yglefolbycqgaxq6','mol-8333es1736',164,76,158,13,NULL,NULL,'2012-12-24',NULL,NULL,NULL,644.00,0,0,1,0,13,1,NULL,NULL,NULL,NULL,NULL,'--- !ruby/hash:ActiveSupport::HashWithIndifferentAccess\nanschaffungskategorie: AV-Technik\n','2014-01-10 09:57:57','2014-01-10 09:57:57'),(162,'8b0g0br7x3qdq3dn7i','eve-6949re6315',165,77,159,12,NULL,NULL,'2010-07-09',NULL,NULL,NULL,225.00,0,0,1,0,14,1,NULL,NULL,NULL,NULL,NULL,'--- !ruby/hash:ActiveSupport::HashWithIndifferentAccess\nanschaffungskategorie: AV-Technik\n','2014-01-10 09:57:57','2014-01-10 09:57:57'),(163,'wnimecld7o0j965t2w','qui-7550ut10998',166,78,160,5,NULL,NULL,'2009-03-02',NULL,NULL,NULL,275.00,0,0,1,0,15,1,NULL,NULL,NULL,NULL,NULL,'--- !ruby/hash:ActiveSupport::HashWithIndifferentAccess\nanschaffungskategorie: AV-Technik\n','2014-01-10 09:57:57','2014-01-10 09:57:57'),(164,'6pf6uhkth3w6pdlimi','sit-9398de8142',167,79,161,8,NULL,NULL,'2010-11-30',NULL,NULL,NULL,851.00,0,0,1,0,1,1,NULL,NULL,NULL,NULL,NULL,'--- !ruby/hash:ActiveSupport::HashWithIndifferentAccess\nanschaffungskategorie: AV-Technik\n','2014-01-10 09:57:57','2014-01-10 09:57:57'),(165,'hpdducco3wthnd3i2l','rei-3990ve6151',168,80,162,3,NULL,NULL,'2011-09-09',NULL,NULL,NULL,1466.00,0,0,1,0,1,1,NULL,NULL,NULL,NULL,NULL,'--- !ruby/hash:ActiveSupport::HashWithIndifferentAccess\nanschaffungskategorie: AV-Technik\n','2014-01-10 09:57:57','2014-01-10 09:57:57'),(166,'ehs1dbz1fssmj7ogls','dol-2567ut9589',169,81,163,11,NULL,NULL,'2009-03-03',NULL,NULL,NULL,541.00,0,0,1,0,1,1,NULL,NULL,NULL,NULL,NULL,'--- !ruby/hash:ActiveSupport::HashWithIndifferentAccess\nanschaffungskategorie: AV-Technik\n','2014-01-10 09:57:57','2014-01-10 09:57:57'),(167,'qcxdavs536pcwehohh','qui-9760ex4013',170,82,164,6,NULL,NULL,'2010-06-08',NULL,NULL,NULL,615.00,0,0,1,0,1,1,NULL,NULL,NULL,NULL,NULL,'--- !ruby/hash:ActiveSupport::HashWithIndifferentAccess\nanschaffungskategorie: AV-Technik\n','2014-01-10 09:57:57','2014-01-10 09:57:57'),(168,'v7h9nz0pme27i1d91q','omn-2890in9836',171,83,165,5,NULL,NULL,'2013-07-07',NULL,NULL,NULL,637.00,0,0,1,0,1,1,NULL,NULL,NULL,NULL,NULL,'--- !ruby/hash:ActiveSupport::HashWithIndifferentAccess\nanschaffungskategorie: AV-Technik\n','2014-01-10 09:57:57','2014-01-10 09:57:57'),(169,'28l9sy4zi5nbyhns9g','qua-5840eu3537',172,84,166,7,NULL,NULL,'2013-05-21',NULL,NULL,NULL,381.00,0,0,1,0,1,1,NULL,NULL,NULL,NULL,NULL,'--- !ruby/hash:ActiveSupport::HashWithIndifferentAccess\nanschaffungskategorie: AV-Technik\n','2014-01-10 09:57:57','2014-01-10 09:57:57'),(170,'nc8kjqeokwij9zbgug','exe-1942co6050',173,85,167,15,NULL,NULL,'2012-03-22',NULL,NULL,NULL,1276.00,0,0,1,0,1,1,NULL,NULL,NULL,NULL,NULL,'--- !ruby/hash:ActiveSupport::HashWithIndifferentAccess\nanschaffungskategorie: AV-Technik\n','2014-01-10 09:57:57','2014-01-10 09:57:57'),(171,'rbbrgjxiurv7waoqsv','nam-4642au7629',174,86,168,2,NULL,NULL,'2010-09-25',NULL,NULL,NULL,1294.00,0,0,1,0,1,1,NULL,NULL,NULL,NULL,NULL,'--- !ruby/hash:ActiveSupport::HashWithIndifferentAccess\nanschaffungskategorie: AV-Technik\n','2014-01-10 09:57:57','2014-01-10 09:57:57'),(172,'lj7wg2l7e0q3h2yqy9','lab-10806do9297',175,87,169,7,NULL,NULL,'2009-04-17',NULL,NULL,NULL,980.00,0,0,1,0,1,1,NULL,NULL,NULL,NULL,NULL,'--- !ruby/hash:ActiveSupport::HashWithIndifferentAccess\nanschaffungskategorie: AV-Technik\n','2014-01-10 09:57:57','2014-01-10 09:57:57'),(173,'kdqqvmb2ffjhjzp6y4','mag-1319ve3324',176,88,170,9,NULL,NULL,'2009-06-12',NULL,NULL,NULL,1058.00,0,0,1,0,1,1,NULL,NULL,NULL,NULL,NULL,'--- !ruby/hash:ActiveSupport::HashWithIndifferentAccess\nanschaffungskategorie: AV-Technik\n','2014-01-10 09:57:57','2014-01-10 09:57:57'),(174,'3jyrbigrt0u3y50svz','ali-7028ac1026',177,89,171,7,NULL,NULL,'2011-10-06',NULL,NULL,NULL,974.00,0,0,1,0,1,1,NULL,NULL,NULL,NULL,NULL,'--- !ruby/hash:ActiveSupport::HashWithIndifferentAccess\nanschaffungskategorie: AV-Technik\n','2014-01-10 09:57:57','2014-01-10 09:57:57'),(175,'8jzmt7gpjsk23pjpyp','non-7250sa3711',178,90,172,11,NULL,NULL,'2010-05-14',NULL,NULL,NULL,1417.00,0,0,1,0,1,1,NULL,NULL,NULL,NULL,NULL,'--- !ruby/hash:ActiveSupport::HashWithIndifferentAccess\nanschaffungskategorie: AV-Technik\n','2014-01-10 09:57:57','2014-01-10 09:57:57'),(176,'zabcqmw0vqym3rn655','sed-1335ip10016',179,91,173,2,NULL,NULL,'2011-02-22',NULL,NULL,NULL,1125.00,0,0,1,0,1,1,NULL,NULL,NULL,NULL,NULL,'--- !ruby/hash:ActiveSupport::HashWithIndifferentAccess\nanschaffungskategorie: AV-Technik\n','2014-01-05 00:00:00','2014-01-05 00:00:00'),(177,'bc43pprvumzwf789vv','odi-5652ip8735',180,92,174,4,NULL,NULL,'2013-07-08',NULL,NULL,NULL,470.00,0,0,1,0,1,1,NULL,NULL,NULL,NULL,NULL,'--- !ruby/hash:ActiveSupport::HashWithIndifferentAccess\nanschaffungskategorie: AV-Technik\n','2014-01-05 00:00:00','2014-01-05 00:00:00'),(178,'2z8l601j7qphvjw0tr','vel-5863cu3958',181,93,175,11,NULL,NULL,'2013-02-03',NULL,NULL,NULL,1311.00,0,0,1,0,1,1,NULL,NULL,NULL,NULL,NULL,'--- !ruby/hash:ActiveSupport::HashWithIndifferentAccess\nanschaffungskategorie: AV-Technik\n','2014-01-05 00:00:00','2014-01-05 00:00:00'),(179,'yk1nwn0wqqp1903ce6','est-10585du4996',182,94,176,4,NULL,NULL,'2010-02-28',NULL,NULL,NULL,639.00,0,0,1,0,1,1,NULL,NULL,NULL,NULL,NULL,'--- !ruby/hash:ActiveSupport::HashWithIndifferentAccess\nanschaffungskategorie: AV-Technik\n','2014-01-05 00:00:00','2014-01-05 00:00:00'),(180,'zafzduk72atdsry7az','qui-2198au3168',183,95,177,4,NULL,NULL,'2013-07-18',NULL,NULL,NULL,510.00,0,0,1,0,1,1,NULL,NULL,NULL,NULL,NULL,'--- !ruby/hash:ActiveSupport::HashWithIndifferentAccess\nanschaffungskategorie: AV-Technik\n','2014-01-05 00:00:00','2014-01-05 00:00:00'),(181,'blc7934wym6spseei7','dol-1431te10440',184,96,178,2,NULL,NULL,'2010-04-08',NULL,NULL,NULL,1293.00,0,0,1,0,3,1,NULL,NULL,NULL,NULL,NULL,'--- !ruby/hash:ActiveSupport::HashWithIndifferentAccess\nanschaffungskategorie: AV-Technik\n','2014-01-10 09:57:57','2014-01-10 09:57:57'),(182,'sub3lilwh9whzkrjd6','idd-10901co4993',184,97,179,10,NULL,NULL,'2010-11-03',NULL,NULL,NULL,1150.00,0,0,1,0,3,1,NULL,NULL,NULL,NULL,NULL,'--- !ruby/hash:ActiveSupport::HashWithIndifferentAccess\nanschaffungskategorie: AV-Technik\n','2014-01-10 09:57:57','2014-01-10 09:57:57'),(183,'69y6nwcw3njvatm1cu','dol-9912et9217',184,98,180,2,NULL,NULL,'2009-04-20',NULL,NULL,NULL,1350.00,0,0,1,0,3,1,NULL,NULL,NULL,NULL,NULL,'--- !ruby/hash:ActiveSupport::HashWithIndifferentAccess\nanschaffungskategorie: AV-Technik\n','2014-01-10 09:57:57','2014-01-10 09:57:57'),(184,'lql09huj183z1ox8k5','qui-2609qu7298',188,99,181,11,NULL,NULL,'2009-01-11',NULL,NULL,NULL,911.00,0,0,1,0,3,1,NULL,NULL,NULL,NULL,NULL,'--- !ruby/hash:ActiveSupport::HashWithIndifferentAccess\nanschaffungskategorie: AV-Technik\n','2014-01-10 09:57:57','2014-01-10 09:57:57'),(185,'6tl2896pp6kjjfdwzq','ali-8178na2959',188,100,182,9,NULL,NULL,'2010-12-18',NULL,NULL,NULL,1266.00,0,0,1,0,3,1,NULL,NULL,NULL,NULL,NULL,'--- !ruby/hash:ActiveSupport::HashWithIndifferentAccess\nanschaffungskategorie: AV-Technik\n','2014-01-10 09:57:57','2014-01-10 09:57:57'),(186,'zfqqf7gekial484pyi','qui-9666om2925',188,101,183,8,NULL,NULL,'2009-05-19',NULL,NULL,NULL,1317.00,0,0,1,0,3,1,NULL,NULL,NULL,NULL,NULL,'--- !ruby/hash:ActiveSupport::HashWithIndifferentAccess\nanschaffungskategorie: AV-Technik\n','2014-01-10 09:57:57','2014-01-10 09:57:57'),(187,'y0mks3hg3gbpv22mjs','aut-1828re9646',192,102,184,8,NULL,NULL,'2009-10-08',NULL,NULL,NULL,1218.00,0,0,1,0,3,1,NULL,NULL,NULL,NULL,NULL,'--- !ruby/hash:ActiveSupport::HashWithIndifferentAccess\nanschaffungskategorie: AV-Technik\n','2014-01-10 09:57:57','2014-01-10 09:57:57'),(188,'p560t7q6rlifwq8gtq','ame-2485qu5668',192,103,185,6,NULL,NULL,'2012-05-03',NULL,NULL,NULL,51.00,0,0,1,0,3,1,NULL,NULL,NULL,NULL,NULL,'--- !ruby/hash:ActiveSupport::HashWithIndifferentAccess\nanschaffungskategorie: AV-Technik\n','2014-01-10 09:57:57','2014-01-10 09:57:57'),(189,'tyffnu2dh0bkkqy8iw','rep-5498au7988',192,104,186,9,NULL,NULL,'2010-12-12',NULL,NULL,NULL,1436.00,0,0,1,0,3,1,NULL,NULL,NULL,NULL,NULL,'--- !ruby/hash:ActiveSupport::HashWithIndifferentAccess\nanschaffungskategorie: AV-Technik\n','2014-01-10 09:57:57','2014-01-10 09:57:57'),(190,'mmomj07t841b15e82k','qui-6765es8023',196,105,187,4,NULL,NULL,'2009-03-26',NULL,NULL,NULL,205.00,0,0,1,0,3,1,NULL,NULL,NULL,NULL,NULL,'--- !ruby/hash:ActiveSupport::HashWithIndifferentAccess\nanschaffungskategorie: AV-Technik\n','2014-01-10 09:57:57','2014-01-10 09:57:57'),(191,'1wi7k8x8c6ulwms3oh','uti-5722qu4032',196,106,188,9,NULL,NULL,'2012-01-04',NULL,NULL,NULL,105.00,0,0,1,0,3,1,NULL,NULL,NULL,NULL,NULL,'--- !ruby/hash:ActiveSupport::HashWithIndifferentAccess\nanschaffungskategorie: AV-Technik\n','2014-01-10 09:57:57','2014-01-10 09:57:57'),(192,'myhwhh95afgcs45y3a','eve-6763om5602',196,107,189,10,NULL,NULL,'2009-06-25',NULL,NULL,NULL,69.00,0,0,1,0,3,1,NULL,NULL,NULL,NULL,NULL,'--- !ruby/hash:ActiveSupport::HashWithIndifferentAccess\nanschaffungskategorie: AV-Technik\n','2014-01-10 09:57:57','2014-01-10 09:57:57'),(193,'mxkg0c20ifqd3sswij','des-3665vo2264',200,108,190,9,NULL,NULL,'2010-08-08',NULL,NULL,NULL,869.00,0,0,1,0,3,1,NULL,NULL,NULL,NULL,NULL,'--- !ruby/hash:ActiveSupport::HashWithIndifferentAccess\nanschaffungskategorie: AV-Technik\n','2014-01-10 09:57:57','2014-01-10 09:57:57'),(194,'yggdptnv7pteltop0f','lau-7872as1953',200,109,191,6,NULL,NULL,'2012-07-22',NULL,NULL,NULL,788.00,0,0,1,0,3,1,NULL,NULL,NULL,NULL,NULL,'--- !ruby/hash:ActiveSupport::HashWithIndifferentAccess\nanschaffungskategorie: AV-Technik\n','2014-01-10 09:57:57','2014-01-10 09:57:57'),(195,'d897fal5mvhpmjcu37','del-6725no1269',200,110,192,5,NULL,NULL,'2011-10-08',NULL,NULL,NULL,1348.00,0,0,1,0,3,1,NULL,NULL,NULL,NULL,NULL,'--- !ruby/hash:ActiveSupport::HashWithIndifferentAccess\nanschaffungskategorie: AV-Technik\n','2014-01-10 09:57:57','2014-01-10 09:57:57'),(196,'va3cjar1i4yg8aac8b','ass-5516co9456',204,111,193,2,NULL,NULL,'2009-04-07',NULL,NULL,NULL,1203.00,0,0,1,0,1,1,NULL,NULL,NULL,NULL,NULL,'--- !ruby/hash:ActiveSupport::HashWithIndifferentAccess\nanschaffungskategorie: AV-Technik\n','2014-01-10 09:57:57','2014-01-10 09:57:57'),(197,'i6hv0qcupzpxbxhpaa','non-7096ut2125',204,112,194,1,NULL,NULL,'2013-08-27',NULL,NULL,NULL,979.00,0,0,1,0,1,1,NULL,NULL,NULL,NULL,NULL,'--- !ruby/hash:ActiveSupport::HashWithIndifferentAccess\nanschaffungskategorie: AV-Technik\n','2014-01-10 09:57:57','2014-01-10 09:57:57'),(198,'b9a7yjvq4feuirl6n9','ete-8102do8764',204,113,195,13,NULL,NULL,'2013-03-11',NULL,NULL,NULL,1340.00,0,0,1,0,1,1,NULL,NULL,NULL,NULL,NULL,'--- !ruby/hash:ActiveSupport::HashWithIndifferentAccess\nanschaffungskategorie: AV-Technik\n','2014-01-10 09:57:57','2014-01-10 09:57:57'),(199,'kdihbemvzkor9kqd59','qui-7779di9739',208,114,196,9,NULL,NULL,'2009-11-12',NULL,NULL,NULL,1488.00,0,0,1,0,1,1,NULL,NULL,NULL,NULL,NULL,'--- !ruby/hash:ActiveSupport::HashWithIndifferentAccess\nanschaffungskategorie: AV-Technik\n','2014-01-10 09:57:57','2014-01-10 09:57:57'),(200,'r7lxatfrmy5pym2b85','sun-9059qu7121',208,115,197,13,NULL,NULL,'2011-11-26',NULL,NULL,NULL,328.00,0,0,1,0,1,1,NULL,NULL,NULL,NULL,NULL,'--- !ruby/hash:ActiveSupport::HashWithIndifferentAccess\nanschaffungskategorie: AV-Technik\n','2014-01-10 09:57:57','2014-01-10 09:57:57'),(201,'1cdx1l6k93h416eoz8','nem-3239eo10388',208,116,198,1,NULL,NULL,'2012-11-29',NULL,NULL,NULL,952.00,0,0,1,0,1,1,NULL,NULL,NULL,NULL,NULL,'--- !ruby/hash:ActiveSupport::HashWithIndifferentAccess\nanschaffungskategorie: AV-Technik\n','2014-01-10 09:57:57','2014-01-10 09:57:57'),(202,'umbrdlia70y1ipgk51','aut-3736li7892',212,117,199,11,NULL,NULL,'2012-08-03',NULL,NULL,NULL,708.00,0,0,1,0,1,1,NULL,NULL,NULL,NULL,NULL,'--- !ruby/hash:ActiveSupport::HashWithIndifferentAccess\nanschaffungskategorie: AV-Technik\n','2014-01-10 09:57:57','2014-01-10 09:57:57'),(203,'kbijotuaz98mkrprdl','omn-8551of10991',212,118,200,12,NULL,NULL,'2013-08-13',NULL,NULL,NULL,1220.00,0,0,1,0,1,1,NULL,NULL,NULL,NULL,NULL,'--- !ruby/hash:ActiveSupport::HashWithIndifferentAccess\nanschaffungskategorie: AV-Technik\n','2014-01-10 09:57:57','2014-01-10 09:57:57'),(204,'6f87oum6vzbr8jkgpj','err-4491ac1903',212,119,201,1,NULL,NULL,'2010-02-03',NULL,NULL,NULL,1415.00,0,0,1,0,1,1,NULL,NULL,NULL,NULL,NULL,'--- !ruby/hash:ActiveSupport::HashWithIndifferentAccess\nanschaffungskategorie: AV-Technik\n','2014-01-10 09:57:57','2014-01-10 09:57:57'),(205,'lqbslpgsx1idz8609f','est-3135om8369',216,120,202,7,NULL,NULL,'2012-03-08',NULL,NULL,NULL,394.00,0,0,1,0,1,1,NULL,NULL,NULL,NULL,NULL,'--- !ruby/hash:ActiveSupport::HashWithIndifferentAccess\nanschaffungskategorie: AV-Technik\n','2014-01-10 09:57:57','2014-01-10 09:57:57'),(206,'35v83xpne0in18m2iz','fug-9245mi2512',216,121,203,5,NULL,NULL,'2013-06-10',NULL,NULL,NULL,1310.00,0,0,1,0,1,1,NULL,NULL,NULL,NULL,NULL,'--- !ruby/hash:ActiveSupport::HashWithIndifferentAccess\nanschaffungskategorie: AV-Technik\n','2014-01-10 09:57:57','2014-01-10 09:57:57'),(207,'af3s22jxs2wlun23xb','pla-7078et6726',216,122,204,1,NULL,NULL,'2012-10-15',NULL,NULL,NULL,663.00,0,0,1,0,1,1,NULL,NULL,NULL,NULL,NULL,'--- !ruby/hash:ActiveSupport::HashWithIndifferentAccess\nanschaffungskategorie: AV-Technik\n','2014-01-10 09:57:57','2014-01-10 09:57:57'),(208,'ugs1lzzw2vlrj6ampe','bea-5642of1576',220,123,205,14,NULL,NULL,'2010-02-07',NULL,NULL,NULL,366.00,0,0,1,0,1,1,NULL,NULL,NULL,NULL,NULL,'--- !ruby/hash:ActiveSupport::HashWithIndifferentAccess\nanschaffungskategorie: AV-Technik\n','2014-01-10 09:57:57','2014-01-10 09:57:57'),(209,'hw8ozeyfzhuheae1bv','ali-9399qu1881',220,124,206,14,NULL,NULL,'2013-07-19',NULL,NULL,NULL,53.00,0,0,1,0,1,1,NULL,NULL,NULL,NULL,NULL,'--- !ruby/hash:ActiveSupport::HashWithIndifferentAccess\nanschaffungskategorie: AV-Technik\n','2014-01-10 09:57:57','2014-01-10 09:57:57'),(210,'w3op0q34ffca7s98qz','mag-4183ve7358',220,125,207,10,NULL,NULL,'2011-08-15',NULL,NULL,NULL,1244.00,0,0,1,0,1,1,NULL,NULL,NULL,NULL,NULL,'--- !ruby/hash:ActiveSupport::HashWithIndifferentAccess\nanschaffungskategorie: AV-Technik\n','2014-01-10 09:57:57','2014-01-10 09:57:57'),(211,'j0q9n02o0asxgjaqxi','nes-7662te8751',224,126,208,1,NULL,NULL,'2013-07-20',NULL,NULL,NULL,1365.00,0,0,1,0,1,1,NULL,NULL,NULL,NULL,NULL,'--- !ruby/hash:ActiveSupport::HashWithIndifferentAccess\nanschaffungskategorie: AV-Technik\n','2014-01-10 09:57:57','2014-01-10 09:57:57'),(212,'xd0q8yrlzp3xuios6a','nem-8040la2542',225,127,209,1,NULL,NULL,'2011-11-11',NULL,NULL,NULL,549.00,0,0,1,0,1,1,NULL,NULL,NULL,NULL,NULL,'--- !ruby/hash:ActiveSupport::HashWithIndifferentAccess\nanschaffungskategorie: AV-Technik\n','2014-01-10 09:57:57','2014-01-10 09:57:57'),(213,'amu7cdvzs493vjdgpl','cor-8147ip4002',225,128,210,4,NULL,NULL,'2010-10-29',NULL,NULL,NULL,41.00,0,0,1,0,1,1,NULL,NULL,NULL,NULL,NULL,'--- !ruby/hash:ActiveSupport::HashWithIndifferentAccess\nanschaffungskategorie: AV-Technik\n','2014-01-10 09:57:57','2014-01-10 09:57:57'),(214,'fj0mszqkxuf8lnmv78','dig-3357fu6564',225,129,211,3,NULL,NULL,'2013-06-03',NULL,NULL,NULL,1445.00,0,0,1,0,1,1,NULL,NULL,NULL,NULL,NULL,'--- !ruby/hash:ActiveSupport::HashWithIndifferentAccess\nanschaffungskategorie: AV-Technik\n','2014-01-10 09:57:57','2014-01-10 09:57:57'),(215,'h34f90xanmz934e00e','rat-7434nu8420',229,130,212,7,NULL,NULL,'2009-02-22',NULL,NULL,NULL,1391.00,0,0,1,0,1,1,NULL,NULL,NULL,NULL,NULL,'--- !ruby/hash:ActiveSupport::HashWithIndifferentAccess\nanschaffungskategorie: AV-Technik\n','2014-01-03 18:29:04','2014-01-03 18:29:04'),(216,'9d5wy5wlw1nahh3i0r','lab-8695do9478',230,131,213,14,NULL,NULL,'2009-10-06',NULL,NULL,NULL,557.00,0,0,1,0,1,1,NULL,NULL,NULL,NULL,NULL,'--- !ruby/hash:ActiveSupport::HashWithIndifferentAccess\nanschaffungskategorie: AV-Technik\n','2014-01-03 18:29:04','2014-01-03 18:29:04'),(217,'rwydsqnew1jou3891v','imp-8707do3276',231,132,214,1,NULL,NULL,'2013-06-26',NULL,NULL,NULL,561.00,0,0,1,0,1,1,NULL,NULL,NULL,NULL,NULL,'--- !ruby/hash:ActiveSupport::HashWithIndifferentAccess\nanschaffungskategorie: AV-Technik\n','2014-01-03 18:29:04','2014-01-03 18:29:04'),(218,'snv2dmyc3s7sbsp3w7','rep-1721la2686',232,133,215,15,NULL,NULL,'2009-01-14',NULL,NULL,NULL,1189.00,0,0,1,0,1,1,NULL,NULL,NULL,NULL,NULL,'--- !ruby/hash:ActiveSupport::HashWithIndifferentAccess\nanschaffungskategorie: AV-Technik\n','2014-01-03 18:29:04','2014-01-03 18:29:04'),(219,'8rv5rqczkdb70uwwo2','exe-3206et2231',232,134,216,15,NULL,NULL,'2012-07-07',NULL,NULL,NULL,1187.00,0,0,1,0,1,1,NULL,NULL,NULL,NULL,NULL,'--- !ruby/hash:ActiveSupport::HashWithIndifferentAccess\nanschaffungskategorie: AV-Technik\n','2014-01-03 18:29:04','2014-01-03 18:29:04'),(220,'av4ocu21zzk5xoh9kn','ist-6447ex10550',232,135,217,9,NULL,NULL,'2009-09-17',NULL,NULL,NULL,1085.00,0,0,1,0,1,1,NULL,NULL,NULL,NULL,NULL,'--- !ruby/hash:ActiveSupport::HashWithIndifferentAccess\nanschaffungskategorie: AV-Technik\n','2014-01-03 18:29:04','2014-01-03 18:29:04'),(221,'udkvok77yqnozo6hwt','per-5021im4500',236,136,218,2,NULL,NULL,'2009-04-12',NULL,NULL,NULL,82.00,0,0,1,0,1,1,NULL,NULL,NULL,NULL,NULL,'--- !ruby/hash:ActiveSupport::HashWithIndifferentAccess\nanschaffungskategorie: AV-Technik\n','2014-01-03 18:29:04','2014-01-03 18:29:04'),(222,'5jfw77n40j79ptu14p','arc-4354et6412',237,137,219,9,NULL,NULL,'2009-10-26',NULL,NULL,NULL,1194.00,0,0,1,0,1,1,NULL,NULL,NULL,NULL,NULL,'--- !ruby/hash:ActiveSupport::HashWithIndifferentAccess\nanschaffungskategorie: AV-Technik\n','2014-01-03 18:29:04','2014-01-03 18:29:04'),(223,'l4bwlhtksj1lbco35d','sap-9534mi4527',238,138,220,15,NULL,NULL,'2011-09-17',NULL,NULL,NULL,1433.00,0,0,1,0,1,1,NULL,NULL,NULL,NULL,NULL,'--- !ruby/hash:ActiveSupport::HashWithIndifferentAccess\nanschaffungskategorie: AV-Technik\n','2014-01-03 18:29:04','2014-01-03 18:29:04'),(224,'8bc7j79sfxmddj5kyk','qui-6857id6927',239,139,221,15,NULL,NULL,'2012-07-11',NULL,NULL,NULL,1382.00,0,0,1,0,1,1,NULL,NULL,NULL,NULL,NULL,'--- !ruby/hash:ActiveSupport::HashWithIndifferentAccess\nanschaffungskategorie: AV-Technik\n','2014-01-03 18:29:04','2014-01-03 18:29:04'),(225,'8kts13m41wjavd0t6v','tem-8995te7680',240,140,222,12,NULL,NULL,'2012-01-23',NULL,NULL,NULL,105.00,0,0,1,0,1,1,NULL,NULL,NULL,NULL,NULL,'--- !ruby/hash:ActiveSupport::HashWithIndifferentAccess\nanschaffungskategorie: AV-Technik\n','2014-01-03 18:29:04','2014-01-03 18:29:04'),(226,'wei2me22yeppg0bxed','aut-5478re5379',241,141,223,5,NULL,NULL,'2009-09-16',NULL,NULL,NULL,1214.00,0,0,1,0,1,1,NULL,NULL,NULL,NULL,NULL,'--- !ruby/hash:ActiveSupport::HashWithIndifferentAccess\nanschaffungskategorie: AV-Technik\n','2014-01-03 18:29:04','2014-01-03 18:29:04'),(227,'cn15xcoqnafny4l9x1','mol-7159as4748',241,142,224,3,NULL,NULL,'2012-01-11',NULL,NULL,NULL,1475.00,0,0,1,0,1,1,NULL,NULL,NULL,NULL,NULL,'--- !ruby/hash:ActiveSupport::HashWithIndifferentAccess\nanschaffungskategorie: AV-Technik\n','2014-01-03 18:29:04','2014-01-03 18:29:04'),(228,'jgsxpg30h552zpl32i','con-10790mo10971',241,143,225,14,NULL,NULL,'2012-12-18',NULL,NULL,NULL,1246.00,0,0,1,0,1,1,NULL,NULL,NULL,NULL,NULL,'--- !ruby/hash:ActiveSupport::HashWithIndifferentAccess\nanschaffungskategorie: AV-Technik\n','2014-01-03 18:29:04','2014-01-03 18:29:04'),(229,'vcwyv44ktrlff8drgc','dis-7430qu3025',245,144,226,12,NULL,NULL,'2012-12-13',NULL,NULL,NULL,128.00,0,0,1,0,1,1,NULL,NULL,NULL,NULL,NULL,'--- !ruby/hash:ActiveSupport::HashWithIndifferentAccess\nanschaffungskategorie: AV-Technik\n','2014-01-03 18:29:04','2014-01-03 18:29:04'),(230,'qyvfucn2z7njy2rp3z','nat-4913in8719',246,145,227,4,NULL,NULL,'2011-07-29',NULL,NULL,NULL,1384.00,0,0,1,0,1,1,NULL,NULL,NULL,NULL,NULL,'--- !ruby/hash:ActiveSupport::HashWithIndifferentAccess\nanschaffungskategorie: AV-Technik\n','2014-01-03 18:29:04','2014-01-03 18:29:04'),(231,'91ev84r4ud256vgfsr','vol-5726no7697',247,146,228,13,NULL,NULL,'2009-05-09',NULL,NULL,NULL,167.00,0,0,1,0,1,1,NULL,NULL,NULL,NULL,NULL,'--- !ruby/hash:ActiveSupport::HashWithIndifferentAccess\nanschaffungskategorie: AV-Technik\n','2014-01-03 18:29:04','2014-01-03 18:29:04'),(232,'lb51erf7vswtfsnykk','ita-7288mo2325',248,147,229,14,NULL,NULL,'2010-09-19',NULL,NULL,NULL,970.00,0,0,1,0,1,1,NULL,NULL,NULL,NULL,NULL,'--- !ruby/hash:ActiveSupport::HashWithIndifferentAccess\nanschaffungskategorie: AV-Technik\n','2014-01-03 18:29:04','2014-01-03 18:29:04'),(233,'ylb2kc99xj37myql6p','eve-10784na2252',248,148,230,15,NULL,NULL,'2011-07-21',NULL,NULL,NULL,476.00,0,0,1,0,1,1,NULL,NULL,NULL,NULL,NULL,'--- !ruby/hash:ActiveSupport::HashWithIndifferentAccess\nanschaffungskategorie: AV-Technik\n','2014-01-03 18:29:04','2014-01-03 18:29:04'),(234,'t8pgaa90tsgl6kgd2b','sit-8680au6478',248,149,231,7,NULL,NULL,'2012-05-08',NULL,NULL,NULL,1062.00,0,0,1,0,1,1,NULL,NULL,NULL,NULL,NULL,'--- !ruby/hash:ActiveSupport::HashWithIndifferentAccess\nanschaffungskategorie: AV-Technik\n','2014-01-03 18:29:05','2014-01-03 18:29:05'),(235,'k8p7wui4ji32w9bza9','nam-9560ex7277',252,150,232,7,NULL,NULL,'2010-11-11',NULL,NULL,NULL,1392.00,0,0,1,0,1,1,NULL,NULL,NULL,NULL,NULL,'--- !ruby/hash:ActiveSupport::HashWithIndifferentAccess\nanschaffungskategorie: AV-Technik\n','2014-01-08 02:00:30','2014-01-08 02:00:30'),(236,'g4hzcqkj2z9adehv3f','pla-3000ab7254',253,151,233,7,NULL,NULL,'2011-06-28',NULL,NULL,NULL,428.00,0,0,1,0,1,1,NULL,NULL,NULL,NULL,NULL,'--- !ruby/hash:ActiveSupport::HashWithIndifferentAccess\nanschaffungskategorie: AV-Technik\n','2014-01-08 02:00:30','2014-01-08 02:00:30'),(237,'7kepnphl5egazom0nc','idq-3498ut9629',254,152,234,12,NULL,NULL,'2012-02-14',NULL,NULL,NULL,851.00,0,0,1,0,1,1,NULL,NULL,NULL,NULL,NULL,'--- !ruby/hash:ActiveSupport::HashWithIndifferentAccess\nanschaffungskategorie: AV-Technik\n','2014-01-08 02:00:30','2014-01-08 02:00:30'),(238,'zjaneqhg8tlkyycmwa','nat-9047au7731',255,153,235,8,NULL,NULL,'2011-12-09',NULL,NULL,NULL,1068.00,0,0,1,0,1,1,NULL,NULL,NULL,NULL,NULL,'--- !ruby/hash:ActiveSupport::HashWithIndifferentAccess\nanschaffungskategorie: AV-Technik\n','2014-01-03 15:54:09','2014-01-03 15:54:09'),(239,'h2oe8wpuqnxxv7rl5g','fug-7559la3366',256,154,236,7,NULL,NULL,'2013-02-23',NULL,NULL,NULL,1028.00,0,0,1,0,1,1,NULL,NULL,NULL,NULL,NULL,'--- !ruby/hash:ActiveSupport::HashWithIndifferentAccess\nanschaffungskategorie: AV-Technik\n','2014-01-03 15:54:09','2014-01-03 15:54:09'),(240,'ubvsxhhfoo2adpv7ps','vol-2715mi2698',257,155,237,8,NULL,NULL,'2010-06-17',NULL,NULL,NULL,987.00,0,0,1,0,1,1,NULL,NULL,NULL,NULL,NULL,'--- !ruby/hash:ActiveSupport::HashWithIndifferentAccess\nanschaffungskategorie: AV-Technik\n','2014-01-03 15:54:09','2014-01-03 15:54:09'),(241,'2na6siyoad1k3nitua','vol-1527ap10235',258,156,238,8,NULL,NULL,'2012-06-15',NULL,NULL,NULL,1462.00,0,0,1,0,1,1,NULL,NULL,NULL,NULL,NULL,'--- !ruby/hash:ActiveSupport::HashWithIndifferentAccess\nanschaffungskategorie: AV-Technik\n','2014-01-03 15:54:09','2014-01-03 15:54:09'),(242,'knkbncp9bnt93t8mmn','dol-1845do6993',259,157,239,8,NULL,NULL,'2009-05-31',NULL,NULL,NULL,779.00,0,0,1,0,1,1,NULL,NULL,NULL,NULL,NULL,'--- !ruby/hash:ActiveSupport::HashWithIndifferentAccess\nanschaffungskategorie: AV-Technik\n','2014-01-03 15:54:09','2014-01-03 15:54:09'),(243,'8r7v7ksnhwd0bu75ax','inc-9751ex8380',260,158,240,12,NULL,NULL,'2010-12-13',NULL,NULL,NULL,582.00,0,0,1,0,1,1,NULL,NULL,NULL,NULL,NULL,'--- !ruby/hash:ActiveSupport::HashWithIndifferentAccess\nanschaffungskategorie: AV-Technik\n','2014-01-03 15:54:09','2014-01-03 15:54:09'),(244,'8n5s99cb58y2o1ce5j','ali-10917qu2055',260,159,241,4,NULL,NULL,'2012-10-08',NULL,NULL,NULL,255.00,0,0,1,0,1,1,NULL,NULL,NULL,NULL,NULL,'--- !ruby/hash:ActiveSupport::HashWithIndifferentAccess\nanschaffungskategorie: AV-Technik\n','2014-01-03 15:54:09','2014-01-03 15:54:09'),(245,'tetm01sfnk5dnhy71t','vol-3561ar8805',260,160,242,12,NULL,NULL,'2012-10-12',NULL,NULL,NULL,994.00,0,0,1,0,1,1,NULL,NULL,NULL,NULL,NULL,'--- !ruby/hash:ActiveSupport::HashWithIndifferentAccess\nanschaffungskategorie: AV-Technik\n','2014-01-03 15:54:09','2014-01-03 15:54:09'),(246,'vyy6cmbgxw0594n2vd','min-9000qu2333',264,161,243,10,NULL,NULL,'2013-05-16',NULL,NULL,NULL,438.00,0,0,1,0,1,1,NULL,NULL,NULL,NULL,NULL,'--- !ruby/hash:ActiveSupport::HashWithIndifferentAccess\nanschaffungskategorie: AV-Technik\n','2014-01-10 09:57:57','2014-01-10 09:57:57'),(247,'h2gppra6z17y7i55se','ill-7307qu10282',265,162,244,11,NULL,NULL,'2011-04-15',NULL,NULL,NULL,962.00,0,0,1,0,1,1,NULL,NULL,NULL,NULL,NULL,'--- !ruby/hash:ActiveSupport::HashWithIndifferentAccess\nanschaffungskategorie: AV-Technik\n','2014-01-10 09:57:57','2014-01-10 09:57:57'),(248,'x68hes0atcq3hvgmi5','mol-2717ma8367',266,163,245,13,NULL,NULL,'2011-08-14',NULL,NULL,NULL,1158.00,0,0,1,0,1,1,NULL,NULL,NULL,NULL,NULL,'--- !ruby/hash:ActiveSupport::HashWithIndifferentAccess\nanschaffungskategorie: AV-Technik\n','2014-01-10 09:57:57','2014-01-10 09:57:57'),(249,'39ard3ahjjkojlyibf','sit-10609co3404',267,164,246,13,NULL,NULL,'2011-09-10',NULL,NULL,NULL,1039.00,0,0,1,0,1,1,NULL,NULL,NULL,NULL,NULL,'--- !ruby/hash:ActiveSupport::HashWithIndifferentAccess\nanschaffungskategorie: AV-Technik\n','2014-01-10 09:57:57','2014-01-10 09:57:57'),(250,'egvy7uaqz0v9dc5icw','inc-5965re7415',268,165,247,15,NULL,NULL,'2013-07-08',NULL,NULL,NULL,1200.00,0,0,1,0,1,1,NULL,NULL,NULL,NULL,NULL,'--- !ruby/hash:ActiveSupport::HashWithIndifferentAccess\nanschaffungskategorie: AV-Technik\n','2014-01-10 09:57:57','2014-01-10 09:57:57'),(251,'24oc9jdaullsnp63k8','qui-8069vo5937',269,166,248,6,NULL,NULL,'2010-07-03',NULL,NULL,NULL,1191.00,0,0,1,0,1,1,NULL,NULL,NULL,NULL,NULL,'--- !ruby/hash:ActiveSupport::HashWithIndifferentAccess\nanschaffungskategorie: AV-Technik\n','2014-01-10 09:57:57','2014-01-10 09:57:57'),(252,'itk0zton84ixsvyy10','vol-10907cu9956',269,167,249,15,NULL,NULL,'2013-07-17',NULL,NULL,NULL,366.00,0,0,1,0,1,1,NULL,NULL,NULL,NULL,NULL,'--- !ruby/hash:ActiveSupport::HashWithIndifferentAccess\nanschaffungskategorie: AV-Technik\n','2014-01-10 09:57:57','2014-01-10 09:57:57'),(253,'l2qdr64k829gd4ugu6','err-7854ad2217',269,168,250,14,NULL,NULL,'2010-10-16',NULL,NULL,NULL,1133.00,0,0,1,0,1,1,NULL,NULL,NULL,NULL,NULL,'--- !ruby/hash:ActiveSupport::HashWithIndifferentAccess\nanschaffungskategorie: AV-Technik\n','2014-01-10 09:57:57','2014-01-10 09:57:57'),(254,'chi04memja5v06krs3','sit-9601qu9965',273,169,251,5,NULL,NULL,'2013-09-12',NULL,NULL,NULL,1372.00,0,0,1,0,1,1,NULL,NULL,NULL,NULL,NULL,'--- !ruby/hash:ActiveSupport::HashWithIndifferentAccess\nanschaffungskategorie: AV-Technik\n','2014-01-10 09:57:57','2014-01-10 09:57:57'),(255,'ff2e456hkyickeh01u','rat-6591in3816',274,170,252,15,NULL,NULL,'2013-12-03',NULL,NULL,NULL,726.00,0,0,1,0,1,1,NULL,NULL,NULL,NULL,NULL,'--- !ruby/hash:ActiveSupport::HashWithIndifferentAccess\nanschaffungskategorie: AV-Technik\n','2014-01-10 09:57:57','2014-01-10 09:57:57'),(256,'a8jpgro5qj2uwip076','sun-6142vi5543',275,171,253,2,NULL,NULL,'2011-01-19',NULL,NULL,NULL,72.00,0,0,1,0,1,1,NULL,NULL,NULL,NULL,NULL,'--- !ruby/hash:ActiveSupport::HashWithIndifferentAccess\nanschaffungskategorie: AV-Technik\n','2014-01-10 09:57:57','2014-01-10 09:57:57'),(257,'0qzhyrttp8tfzdqxhp','omn-7259qu5698',276,172,254,11,NULL,NULL,'2012-03-21',NULL,NULL,NULL,628.00,0,0,1,0,1,1,NULL,NULL,NULL,NULL,NULL,'--- !ruby/hash:ActiveSupport::HashWithIndifferentAccess\nanschaffungskategorie: AV-Technik\n','2014-01-10 09:57:57','2014-01-10 09:57:57'),(258,'1h04qqsexwjm7l8v4f','eos-3185do6744',277,173,255,9,NULL,NULL,'2010-01-15',NULL,NULL,NULL,939.00,0,0,1,0,1,1,NULL,NULL,NULL,NULL,NULL,'--- !ruby/hash:ActiveSupport::HashWithIndifferentAccess\nanschaffungskategorie: AV-Technik\n','2014-01-10 09:57:57','2014-01-10 09:57:57'),(259,'krgq3eld7zxdiqnlk7','eni-10025co7773',278,174,256,15,NULL,NULL,'2011-12-11',NULL,NULL,NULL,425.00,0,0,1,0,1,1,NULL,NULL,NULL,NULL,NULL,'--- !ruby/hash:ActiveSupport::HashWithIndifferentAccess\nanschaffungskategorie: AV-Technik\n','2014-01-10 09:57:57','2014-01-10 09:57:57'),(260,'dr662mlyu8hc99k3nb','eli-2691il2028',279,175,257,7,NULL,NULL,'2012-04-17',NULL,NULL,NULL,1181.00,0,0,1,0,1,1,NULL,NULL,NULL,NULL,NULL,'--- !ruby/hash:ActiveSupport::HashWithIndifferentAccess\nanschaffungskategorie: AV-Technik\n','2014-01-10 09:57:57','2014-01-10 09:57:57'),(261,'uj9sdg4mo18mmd1mrc','ius-5410an1544',280,176,258,8,NULL,NULL,'2010-05-05',NULL,NULL,NULL,207.00,0,0,1,0,1,1,NULL,NULL,NULL,NULL,NULL,'--- !ruby/hash:ActiveSupport::HashWithIndifferentAccess\nanschaffungskategorie: AV-Technik\n','2014-01-10 09:57:57','2014-01-10 09:57:57'),(262,'1wbbyo021hibrarb6k','eaq-6899al2558',281,177,259,4,NULL,NULL,'2013-09-01',NULL,NULL,NULL,700.00,0,0,1,0,1,1,NULL,NULL,NULL,NULL,NULL,'--- !ruby/hash:ActiveSupport::HashWithIndifferentAccess\nanschaffungskategorie: AV-Technik\n','2014-01-10 09:57:57','2014-01-10 09:57:57'),(263,'oaw05w4c6azbaq0sfw','con-2546as1894',282,178,260,2,NULL,NULL,'2011-01-21',NULL,NULL,NULL,1315.00,0,0,1,0,1,1,NULL,NULL,NULL,NULL,NULL,'--- !ruby/hash:ActiveSupport::HashWithIndifferentAccess\nanschaffungskategorie: AV-Technik\n','2014-01-10 09:57:57','2014-01-10 09:57:57'),(264,'pars6aay3ri2lcky6q','dol-4846bl2367',283,179,261,8,NULL,NULL,'2010-12-14',NULL,NULL,NULL,1183.00,0,0,1,0,1,1,NULL,NULL,NULL,NULL,NULL,'--- !ruby/hash:ActiveSupport::HashWithIndifferentAccess\nanschaffungskategorie: AV-Technik\n','2014-01-10 09:57:57','2014-01-10 09:57:57'),(265,'f4t20ubbbittjfk835','qua-2098co7216',284,180,262,14,NULL,NULL,'2010-10-31',NULL,NULL,NULL,15.00,0,0,1,0,1,1,NULL,NULL,NULL,NULL,NULL,'--- !ruby/hash:ActiveSupport::HashWithIndifferentAccess\nanschaffungskategorie: AV-Technik\n','2014-01-10 09:57:57','2014-01-10 09:57:57'),(266,'pvos112qtxajq57js9','abd-8258od9193',285,181,263,7,NULL,NULL,'2010-02-14',NULL,NULL,NULL,1338.00,0,0,1,0,1,1,NULL,NULL,NULL,NULL,NULL,'--- !ruby/hash:ActiveSupport::HashWithIndifferentAccess\nanschaffungskategorie: AV-Technik\n','2014-01-10 09:57:57','2014-01-10 09:57:57'),(267,'ml35jzitaln7cl5s46','tem-7730de4381',286,182,264,7,NULL,NULL,'2012-03-19',NULL,NULL,NULL,136.00,0,0,1,0,1,1,NULL,NULL,NULL,NULL,NULL,'--- !ruby/hash:ActiveSupport::HashWithIndifferentAccess\nanschaffungskategorie: AV-Technik\n','2014-01-10 09:57:57','2014-01-10 09:57:57');
/*!40000 ALTER TABLE `items` ENABLE KEYS */;
UNLOCK TABLES;

--
-- Table structure for table `languages`
--

DROP TABLE IF EXISTS `languages`;
/*!40101 SET @saved_cs_client     = @@character_set_client */;
/*!40101 SET character_set_client = utf8 */;
CREATE TABLE `languages` (
  `id` int(11) NOT NULL AUTO_INCREMENT,
  `name` varchar(255) COLLATE utf8_unicode_ci DEFAULT NULL,
  `locale_name` varchar(255) COLLATE utf8_unicode_ci DEFAULT NULL,
  `default` tinyint(1) DEFAULT NULL,
  `active` tinyint(1) DEFAULT NULL,
  PRIMARY KEY (`id`),
  UNIQUE KEY `index_languages_on_name` (`name`),
  KEY `index_languages_on_active_and_default` (`active`,`default`)
) ENGINE=InnoDB AUTO_INCREMENT=5 DEFAULT CHARSET=utf8 COLLATE=utf8_unicode_ci;
/*!40101 SET character_set_client = @saved_cs_client */;

--
-- Dumping data for table `languages`
--

LOCK TABLES `languages` WRITE;
/*!40000 ALTER TABLE `languages` DISABLE KEYS */;
INSERT INTO `languages` VALUES (1,'English','en-GB',1,1),(2,'Deutsch','de-CH',0,1),(3,'Castellano','es',0,1),(4,'Zrittsch','gsw-CH',0,1);
/*!40000 ALTER TABLE `languages` ENABLE KEYS */;
UNLOCK TABLES;

--
-- Table structure for table `locations`
--

DROP TABLE IF EXISTS `locations`;
/*!40101 SET @saved_cs_client     = @@character_set_client */;
/*!40101 SET character_set_client = utf8 */;
CREATE TABLE `locations` (
  `id` int(11) NOT NULL AUTO_INCREMENT,
  `room` varchar(255) COLLATE utf8_unicode_ci DEFAULT NULL,
  `shelf` varchar(255) COLLATE utf8_unicode_ci DEFAULT NULL,
  `building_id` int(11) DEFAULT NULL,
  PRIMARY KEY (`id`),
  KEY `index_locations_on_building_id` (`building_id`)
) ENGINE=InnoDB AUTO_INCREMENT=183 DEFAULT CHARSET=utf8 COLLATE=utf8_unicode_ci;
/*!40101 SET character_set_client = @saved_cs_client */;

--
-- Dumping data for table `locations`
--

LOCK TABLES `locations` WRITE;
/*!40000 ALTER TABLE `locations` DISABLE KEYS */;
INSERT INTO `locations` VALUES (1,'Sintquod','exvoluptatum',3),(2,'Molestiasiusto','insed',4),(3,'Eiusquod','temporaqui',5),(4,'Eiusquia','facilisdistinctio',6),(5,'Atarchitecto','utducimus',7),(6,'Accusantiumquae','vitaenostrum',8),(7,'Nequeaccusamus','autinventore',9),(8,'Laboreullam','eligendiexcepturi',10),(9,'Nameligendi','fugaperspiciatis',11),(10,'Asperioresvoluptas','cupiditateiste',12),(11,'Utmodi','fugitaut',13),(12,'Assumendanam','etnulla',14),(13,'Exexcepturi','rationecorrupti',15),(14,'Quasiodit','eaanimi',16),(15,'Hicminus','repellendusvero',17),(16,'Etqui','oditexplicabo',18),(17,'Optioplaceat','remquis',19),(18,'Aspernaturid','repudiandaefugiat',20),(19,'Quiquasi','facilisvoluptatibus',21),(20,'Verorecusandae','officiaadipisci',22),(21,'Quaedeserunt','iureeum',23),(22,'Etest','quiareiciendis',24),(23,'Perferendisquis','saepesit',25),(24,'Facilisquia','enimpariatur',26),(25,'Omnisvoluptatem','nihilenim',27),(26,'Velsaepe','odioarchitecto',28),(27,'Accusantiumvel','sapienteeum',29),(28,'Earem','undeest',30),(29,'Doloribusdolores','uthic',31),(30,'Aperiamenim','uteum',32),(31,'Corporisdeserunt','inautem',33),(32,'Providentmagni','architectoreprehenderit',34),(33,'Eaquo','autest',35),(34,'Impeditillo','consequunturveniam',36),(35,'Doloresquos','rerummolestiae',37),(36,'Quiset','corporisdoloribus',38),(37,'Excepturideleniti','architectoadipisci',39),(38,'Ducimuscumque','eoseum',40),(39,'Odionulla','doloresvoluptatibus',41),(40,'Molestiasdignissimos','magnamdolorem',42),(41,'Voluptatemin','inventorereprehenderit',43),(42,'Culpaodit','voluptatemvoluptas',44),(43,'Mollitianihil','ipsumadipisci',45),(44,'Atotam','anesciunt',46),(45,'Quispraesentium','deseruntdignissimos',47),(46,'SQ2','Desk',48),(47,'UG 13','Ausgabe',49),(48,'Fugamodi','istequia',50),(49,'Perferendistemporibus','quisuscipit',51),(50,'Quamquos','nisiitaque',52),(51,'Minusquo','quodplaceat',53),(52,'Evenietiste','etporro',54),(53,'Voluptatibusnisi','utet',55),(54,'Adipiscirerum','molestiaset',56),(55,'Quitotam','perspiciatisdelectus',57),(56,'Maioressint','totamsunt',58),(57,'Cupiditatevoluptatem','voluptatesqui',59),(58,'Quitempora','nihilreprehenderit',60),(59,'Enimnecessitatibus','molestiaeet',61),(60,'Eaqueest','consequaturcommodi',62),(61,'Optioa','estbeatae',63),(62,'Doloribusquo','velitqui',64),(63,'Quosexplicabo','enimvoluptas',65),(64,'Porroiusto','ataut',66),(65,'Omnisid','adipiscivitae',67),(66,'Quasadipisci','voluptatemeos',68),(67,'Blanditiisducimus','autsequi',69),(68,'Quaerepudiandae','hicunde',70),(69,'Estqui','distinctiopossimus',71),(70,'Nobisest','necessitatibusomnis',72),(71,'Molestiaedignissimos','itaquesed',73),(72,'Providentbeatae','asperioresvelit',74),(73,'Velitnatus','itaquequos',75),(74,'Quisquamnumquam','adea',76),(75,'Natusamet','minusfugit',77),(76,'Velaut','voluptatemollitia',78),(77,'Sedmaiores','nequeporro',79),(78,'Fugadolorem','autnon',80),(79,'Nonnisi','eosaccusamus',81),(80,'Solutain','rerumsed',82),(81,'Porroautem','minusquo',83),(82,'Excepturisit','excepturiveniam',84),(83,'Optioquis','explicaboexercitationem',85),(84,'Etsit','consequaturincidunt',86),(85,'Istequi','laboriosamex',87),(86,'Natusplaceat','enimeum',88),(87,'Corporisexercitationem','deseruntmolestiae',89),(88,'Etsed','rerumvoluptatem',90),(89,'Quaequia','cumquedicta',91),(90,'Sedeligendi','quisrepellat',92),(91,'Eumneque','eumlabore',93),(92,'Harumrepellat','sintearum',94),(93,'Estiste','excepturisaepe',95),(94,'Doloribusquo','voluptatibusest',96),(95,'Atquequidem','natusquis',97),(96,'Enimquis','distinctionecessitatibus',98),(97,'Hicvelit','uta',99),(98,'Doloreseligendi','necessitatibusin',100),(99,'Sitvoluptatibus','quaeratmagni',101),(100,'Impeditet','explicaboex',102),(101,'Undeet','essereprehenderit',103),(102,'Earumquasi','etenim',104),(103,'Natusvoluptatem','utquisquam',105),(104,'Totamducimus','pariaturmolestias',106),(105,'Quoad','isteminima',107),(106,'Iustotempora','beataesuscipit',108),(107,'Omnisvoluptas','officiisnisi',109),(108,'Saepeet','utodio',110),(109,'Suscipitarchitecto','autminima',111),(110,'Utpariatur','explicaboet',112),(111,'Autemlaborum','reiciendiseos',113),(112,'Beataeodit','sita',114),(113,'Numquamplaceat','similiqueerror',115),(114,'Quiet','laborumaliquid',116),(115,'Maximedolor','voluptatumet',117),(116,'Etet','placeatmolestias',118),(117,'Fugitenim','quifacere',119),(118,'Recusandaesimilique','isteet',120),(119,'Incidunteveniet','sederror',121),(120,'Omnisin','iuredolorum',122),(121,'Quosrerum','autminima',123),(122,'Etquia','minimaet',124),(123,'Voluptasvero','deseruntquos',125),(124,'Eligendirepellendus','consequaturperspiciatis',126),(125,'Ipsamipsum','abquae',127),(126,'Adipiscivoluptatem','omnisvoluptate',128),(127,'Nostrumnon','fugiattotam',129),(128,'Sequialias','temporibusvoluptas',130),(129,'Facilisquasi','corruptieius',131),(130,'Quaeratquasi','modiquisquam',132),(131,'Quiapariatur','adipiscised',133),(132,'Ipsumdolores','verooptio',134),(133,'Explicabominima','rerumpossimus',135),(134,'Exercitationemconsequatur','blanditiisquia',136),(135,'Etvitae','deleniticumque',137),(136,'Solutanon','sedarchitecto',138),(137,'Corporisperferendis','anon',139),(138,'Molestiaenulla','accusamusperferendis',140),(139,'Repellendussed','atdolores',141),(140,'Dolorcommodi','reprehenderitnihil',142),(141,'Accusantiumquae','nemomaiores',143),(142,'Exet','dignissimosvoluptas',144),(143,'Delectusid','voluptatemeum',145),(144,'Eligendinisi','voluptasmaiores',146),(145,'Voluptaseum','voluptatemhic',147),(146,'Veritatisnobis','isteesse',148),(147,'Sintillum','consequaturnam',149),(148,'Harumid','exexpedita',150),(149,'Dictaaccusantium','estrecusandae',151),(150,'Autex','doloremquo',152),(151,'Autut','consequaturquo',153),(152,'Consequaturqui','veritatistempora',154),(153,'Vitaeeligendi','cumdeleniti',155),(154,'Consecteturet','etaut',156),(155,'Autemvel','eavoluptas',157),(156,'Cumnam','situt',158),(157,'Etest','expeditaiste',159),(158,'Maioresvel','veleaque',160),(159,'Omnismollitia','quasilaudantium',161),(160,'Delectusipsum','ipsamid',162),(161,'Necessitatibussint','nihilcorporis',163),(162,'Utnumquam','beataeomnis',164),(163,'Inventoreasperiores','repellatplaceat',165),(164,'Utpariatur','voluptatemanimi',166),(165,'Nonamet','etut',167),(166,'Fugaipsum','expeditanihil',168),(167,'Sintarchitecto','repellendusaut',169),(168,'Utoptio','teneturminus',170),(169,'Suntnisi','optiodoloribus',171),(170,'Sedet','repudiandaeest',172),(171,'Etdolore','voluptatevelit',173),(172,'Quisquamqui','veniamet',174),(173,'Estexercitationem','delectusducimus',175),(174,'Ettenetur','laborumodit',176),(175,'Dignissimoshic','deseruntfugit',177),(176,'Commodiaspernatur','doloremqueveritatis',178),(177,'Sapientetotam','utrerum',179),(178,'Fugitreiciendis','etperspiciatis',180),(179,'Velconsequatur','omnisconsequuntur',181),(180,'Utdolorem','illocorporis',182),(181,'Idiste','utut',183),(182,'Seddolor','quidoloribus',184);
/*!40000 ALTER TABLE `locations` ENABLE KEYS */;
UNLOCK TABLES;

--
-- Table structure for table `model_group_links`
--

DROP TABLE IF EXISTS `model_group_links`;
/*!40101 SET @saved_cs_client     = @@character_set_client */;
/*!40101 SET character_set_client = utf8 */;
CREATE TABLE `model_group_links` (
  `id` int(11) NOT NULL AUTO_INCREMENT,
  `ancestor_id` int(11) DEFAULT NULL,
  `descendant_id` int(11) DEFAULT NULL,
  `direct` tinyint(1) DEFAULT NULL,
  `count` int(11) DEFAULT NULL,
  `label` varchar(255) COLLATE utf8_unicode_ci DEFAULT NULL,
  PRIMARY KEY (`id`),
  KEY `index_model_group_links_on_ancestor_id` (`ancestor_id`),
  KEY `index_model_group_links_on_direct` (`direct`),
  KEY `index_on_descendant_id_and_ancestor_id_and_direct` (`descendant_id`,`ancestor_id`,`direct`)
) ENGINE=InnoDB AUTO_INCREMENT=9 DEFAULT CHARSET=utf8 COLLATE=utf8_unicode_ci;
/*!40101 SET character_set_client = @saved_cs_client */;

--
-- Dumping data for table `model_group_links`
--

LOCK TABLES `model_group_links` WRITE;
/*!40000 ALTER TABLE `model_group_links` DISABLE KEYS */;
INSERT INTO `model_group_links` VALUES (1,2,10,1,1,NULL),(2,2,8,1,1,NULL),(3,5,10,1,1,NULL),(4,5,9,1,1,NULL),(5,1,9,1,1,NULL),(6,1,11,0,1,NULL),(7,5,11,0,1,NULL),(8,9,11,1,1,NULL);
/*!40000 ALTER TABLE `model_group_links` ENABLE KEYS */;
UNLOCK TABLES;

--
-- Table structure for table `model_groups`
--

DROP TABLE IF EXISTS `model_groups`;
/*!40101 SET @saved_cs_client     = @@character_set_client */;
/*!40101 SET character_set_client = utf8 */;
CREATE TABLE `model_groups` (
  `id` int(11) NOT NULL AUTO_INCREMENT,
  `type` varchar(255) COLLATE utf8_unicode_ci DEFAULT NULL,
  `name` varchar(255) COLLATE utf8_unicode_ci DEFAULT NULL,
  `created_at` datetime DEFAULT NULL,
  `updated_at` datetime DEFAULT NULL,
  PRIMARY KEY (`id`),
  KEY `index_model_groups_on_type` (`type`)
) ENGINE=InnoDB AUTO_INCREMENT=15 DEFAULT CHARSET=utf8 COLLATE=utf8_unicode_ci;
/*!40101 SET character_set_client = @saved_cs_client */;

--
-- Dumping data for table `model_groups`
--

LOCK TABLES `model_groups` WRITE;
/*!40000 ALTER TABLE `model_groups` DISABLE KEYS */;
INSERT INTO `model_groups` VALUES (1,'Category','Beamer','2014-01-10 09:57:57','2014-01-10 09:57:57'),(2,'Category','Kameras','2014-01-10 09:57:57','2014-01-10 09:57:57'),(3,'Category','Stative','2014-01-10 09:57:57','2014-01-10 09:57:57'),(4,'Category','Hifi-Anlagen','2014-01-10 09:57:57','2014-01-10 09:57:57'),(5,'Category','Notebooks','2014-01-10 09:57:57','2014-01-10 09:57:57'),(6,'Category','RC Helikopter','2014-01-10 09:57:57','2014-01-10 09:57:57'),(7,'Category','Computer','2014-01-10 09:57:57','2014-01-10 09:57:57'),(8,'Category','Kurzdistanz','2014-01-10 09:57:57','2014-01-10 09:57:57'),(9,'Category','Portabel','2014-01-10 09:57:57','2014-01-10 09:57:57'),(10,'Category','Standard','2014-01-10 09:57:57','2014-01-10 09:57:57'),(11,'Category','Micro','2014-01-10 09:57:57','2014-01-10 09:57:57'),(12,'Template','Kamera & Stativ','2014-01-10 09:57:57','2014-01-10 09:57:57'),(13,'Template','Beamer & Hifi','2014-01-10 09:57:57','2014-01-10 09:57:57'),(14,'Template','Unaccomplishable template','2014-01-10 09:57:57','2014-01-10 09:57:57');
/*!40000 ALTER TABLE `model_groups` ENABLE KEYS */;
UNLOCK TABLES;

--
-- Table structure for table `model_links`
--

DROP TABLE IF EXISTS `model_links`;
/*!40101 SET @saved_cs_client     = @@character_set_client */;
/*!40101 SET character_set_client = utf8 */;
CREATE TABLE `model_links` (
  `id` int(11) NOT NULL AUTO_INCREMENT,
  `model_group_id` int(11) DEFAULT NULL,
  `model_id` int(11) DEFAULT NULL,
  `quantity` int(11) DEFAULT '1',
  PRIMARY KEY (`id`),
  KEY `index_model_links_on_model_id_and_model_group_id` (`model_id`,`model_group_id`),
  KEY `index_model_links_on_model_group_id_and_model_id` (`model_group_id`,`model_id`)
) ENGINE=InnoDB AUTO_INCREMENT=73 DEFAULT CHARSET=utf8 COLLATE=utf8_unicode_ci;
/*!40101 SET character_set_client = @saved_cs_client */;

--
-- Dumping data for table `model_links`
--

LOCK TABLES `model_links` WRITE;
/*!40000 ALTER TABLE `model_links` DISABLE KEYS */;
INSERT INTO `model_links` VALUES (1,1,62,1),(2,9,62,1),(3,1,63,1),(4,1,64,1),(5,1,66,1),(6,9,66,1),(7,11,67,1),(8,1,68,1),(9,1,69,1),(10,1,70,1),(11,1,71,1),(12,1,72,1),(13,1,73,1),(14,1,74,1),(15,1,75,1),(16,1,76,1),(17,1,77,1),(18,1,78,1),(19,1,79,1),(20,1,80,1),(21,1,81,1),(22,1,82,1),(23,1,83,1),(24,1,84,1),(25,1,85,1),(26,1,86,1),(27,1,87,1),(28,2,88,1),(29,2,89,1),(30,2,90,1),(31,2,91,1),(32,2,92,1),(33,2,93,1),(34,2,94,1),(35,2,95,1),(36,2,96,1),(37,2,97,1),(38,2,98,1),(39,2,99,1),(40,2,100,1),(41,2,101,1),(42,2,102,1),(43,2,103,1),(44,2,104,1),(45,2,105,1),(46,2,106,1),(47,2,107,1),(48,2,108,1),(49,2,109,1),(50,2,110,1),(51,2,111,1),(52,2,112,1),(53,2,113,1),(54,2,114,1),(55,2,115,1),(56,2,116,1),(57,2,117,1),(58,2,118,1),(59,4,119,1),(60,3,120,1),(61,12,88,1),(62,12,120,1),(63,13,62,1),(64,13,119,1),(65,14,88,999),(66,14,120,999),(67,2,149,1),(68,7,150,1),(69,5,151,1),(70,6,152,1),(71,6,153,1),(72,6,154,1);
/*!40000 ALTER TABLE `model_links` ENABLE KEYS */;
UNLOCK TABLES;

--
-- Table structure for table `models`
--

DROP TABLE IF EXISTS `models`;
/*!40101 SET @saved_cs_client     = @@character_set_client */;
/*!40101 SET character_set_client = utf8 */;
CREATE TABLE `models` (
  `id` int(11) NOT NULL AUTO_INCREMENT,
  `type` varchar(255) COLLATE utf8_unicode_ci NOT NULL DEFAULT 'Model',
  `manufacturer` varchar(255) COLLATE utf8_unicode_ci DEFAULT NULL,
  `product` varchar(255) COLLATE utf8_unicode_ci NOT NULL,
  `version` varchar(255) COLLATE utf8_unicode_ci DEFAULT NULL,
  `description` text COLLATE utf8_unicode_ci,
  `internal_description` text COLLATE utf8_unicode_ci,
  `info_url` varchar(255) COLLATE utf8_unicode_ci DEFAULT NULL,
  `rental_price` decimal(8,2) DEFAULT NULL,
  `maintenance_period` int(11) DEFAULT '0',
  `is_package` tinyint(1) DEFAULT '0',
  `technical_detail` text COLLATE utf8_unicode_ci,
  `hand_over_note` text COLLATE utf8_unicode_ci,
  `created_at` datetime DEFAULT NULL,
  `updated_at` datetime DEFAULT NULL,
  PRIMARY KEY (`id`),
  KEY `index_models_on_is_package` (`is_package`),
  KEY `index_models_on_type` (`type`)
) ENGINE=InnoDB AUTO_INCREMENT=287 DEFAULT CHARSET=utf8 COLLATE=utf8_unicode_ci;
/*!40101 SET character_set_client = @saved_cs_client */;

--
-- Dumping data for table `models`
--

LOCK TABLES `models` WRITE;
/*!40000 ALTER TABLE `models` DISABLE KEYS */;
INSERT INTO `models` VALUES (1,'Model','Treutel, White and Moen','Small Plastic Pants','315','Aut quis sit ad dolorem porro saepe optio fuga.','Ut aut nostrum nesciunt.',NULL,NULL,2,0,'Magnam nostrum aut nulla provident.','Et ab cumque deleniti et ducimus ratione.','2014-01-10 09:57:57','2014-01-10 09:57:57'),(2,'Model','Terry-Mertz','Fantastic Rubber Gloves','931','Nesciunt sunt ratione reiciendis aliquid non.','Harum facilis et rerum quos.',NULL,NULL,3,0,'Quia quos voluptas aliquid est consectetur et esse harum.','Ut necessitatibus veritatis expedita.','2014-01-10 09:57:57','2014-01-10 09:57:57'),(3,'Model','Hamill, Schaden and Price','Small Plastic Table','522','Totam molestiae dolores reprehenderit eos eum.','Explicabo at autem dolorum nemo similique fugit veniam.',NULL,NULL,0,0,'Ex sequi ut qui.','Veritatis nihil accusantium ab.','2014-01-10 09:57:57','2014-01-10 09:57:57'),(4,'Model','Parisian, Kohler and Langosh','Awesome Concrete Shirt','383','Dolor neque quaerat maxime quisquam at esse.','Voluptate illum assumenda quis error est expedita ut quia.',NULL,NULL,3,0,'Repellat ut dignissimos consequatur enim.','Consectetur repellat corporis aut modi laudantium natus est magni.','2014-01-10 09:57:57','2014-01-10 09:57:57'),(5,'Model','West-Heidenreich','Intelligent Steel Pants','226','Officia sed corrupti illum et corporis recusandae aspernatur.','Beatae aut minima velit corporis voluptate quae.',NULL,NULL,3,0,'Soluta aperiam modi delectus similique.','Sunt ut at voluptatem ullam sint id ut.','2014-01-10 09:57:57','2014-01-10 09:57:57'),(6,'Model','Mann Group','Awesome Concrete Computer','673','Impedit accusamus fugit provident eos dolores harum cumque ut.','Porro qui quia qui possimus suscipit qui quas.',NULL,NULL,1,0,'Illum aut molestias voluptatem quis eius.','Inventore aut qui excepturi aut similique.','2014-01-10 09:57:57','2014-01-10 09:57:57'),(7,'Model','Kutch, Bogan and Ratke','Awesome Plastic Pants','848','Quo earum expedita et accusamus voluptates temporibus recusandae molestias.','Laudantium provident fugiat iusto aut eaque labore aperiam.',NULL,NULL,1,0,'Tempore praesentium blanditiis ipsam recusandae aut.','Facilis consequatur quo ut est ut.','2014-01-10 09:57:57','2014-01-10 09:57:57'),(8,'Model','Reilly-Stamm','Rustic Plastic Pants','773','Nihil non autem dolorum minus quibusdam sit.','Voluptatibus velit iusto quae suscipit corrupti.',NULL,NULL,3,0,'Amet nemo dicta alias ex autem fugiat assumenda.','Ea rerum minus doloribus ipsum quia inventore praesentium.','2014-01-10 09:57:57','2014-01-10 09:57:57'),(9,'Model','Harvey-Goyette','Fantastic Cotton Table','262','Est enim odio omnis autem dolor hic.','Dolores reprehenderit atque nihil voluptatem.',NULL,NULL,1,0,'Illo consequatur quae iusto in.','Laboriosam quia dolorem aut pariatur beatae.','2014-01-10 09:57:57','2014-01-10 09:57:57'),(10,'Model','Boyer-Reynolds','Incredible Cotton Computer','893','Dolor dolore quaerat eveniet veniam sapiente sed qui.','Et corrupti occaecati perspiciatis iusto animi consequatur saepe.',NULL,NULL,3,0,'Harum nesciunt odio et hic ab dolor sint.','Quo velit natus consectetur sunt est.','2014-01-10 09:57:57','2014-01-10 09:57:57'),(11,'Model','Simonis LLC','Rustic Steel Pants','102','Est sed molestiae et.','Rem consequatur fuga nobis sed.',NULL,NULL,0,0,'Et explicabo doloremque iusto est natus omnis minus aut.','Occaecati aspernatur adipisci aperiam cum unde.','2014-01-10 09:57:57','2014-01-10 09:57:57'),(12,'Model','Grady, Robel and Grant','Intelligent Granite Gloves','666','Blanditiis harum saepe dolor velit numquam quae nihil rem.','Sunt voluptatibus et libero voluptatem vero hic dolores.',NULL,NULL,2,0,'Quos non at et autem mollitia quas voluptatum.','Qui quia nam rerum enim et suscipit laborum tempora.','2014-01-10 09:57:57','2014-01-10 09:57:57'),(13,'Model','Thompson Inc','Incredible Rubber Chair','469','Quia suscipit iste accusantium hic maxime sit.','Voluptatem omnis voluptatibus cupiditate similique.',NULL,NULL,0,0,'Eaque reiciendis quas deleniti fugit consectetur.','Accusamus eos consequatur facilis.','2014-01-10 09:57:57','2014-01-10 09:57:57'),(14,'Model','Friesen, Hane and Barrows','Awesome Plastic Car','193','Consequatur aut nulla sed repellendus modi et debitis et.','Sit ipsam fuga nesciunt incidunt voluptatem.',NULL,NULL,1,0,'Ut sint molestias unde.','Iure eaque incidunt voluptatum molestiae molestias perferendis voluptas rerum.','2014-01-10 09:57:57','2014-01-10 09:57:57'),(15,'Model','O\'Kon Group','Small Plastic Gloves','775','Alias nisi veritatis quaerat.','Dolor quidem at nobis est commodi mollitia.',NULL,NULL,2,0,'Aliquam quaerat fugiat adipisci neque dolore est vel.','Facere illo consectetur corrupti fugiat fuga est sint id.','2014-01-10 09:57:57','2014-01-10 09:57:57'),(16,'Model','Dietrich Group','Sleek Cotton Shirt','441','Saepe excepturi eaque nihil.','Placeat necessitatibus nihil dolorum reprehenderit ut.',NULL,NULL,3,0,'Blanditiis magni placeat doloremque harum aspernatur consequuntur sed corporis.','Laudantium dolorem voluptate est iste.','2014-01-10 09:57:57','2014-01-10 09:57:57'),(17,'Model','Mosciski Group','Sleek Concrete Chair','839','Accusamus necessitatibus libero excepturi.','Sit voluptas maiores est et nobis distinctio.',NULL,NULL,3,0,'Omnis vel consequatur qui illum.','Omnis dignissimos illum sunt quis officiis veritatis aspernatur.','2014-01-10 09:57:57','2014-01-10 09:57:57'),(18,'Model','Kessler-Daniel','Fantastic Rubber Car','886','Quas quidem temporibus aliquid qui odio qui distinctio ratione.','Voluptatibus voluptas cumque iusto eveniet aut.',NULL,NULL,1,0,'Eius necessitatibus aut soluta similique consectetur.','Et commodi temporibus impedit blanditiis hic dolorem non.','2014-01-10 09:57:57','2014-01-10 09:57:57'),(19,'Model','Mosciski and Sons','Sleek Plastic Hat','006','Quae enim iure est non exercitationem minus consectetur qui.','Sit alias corrupti et iusto omnis voluptas dolorem aut.',NULL,NULL,0,0,'Voluptatem aliquid deserunt non ea ipsam voluptatum vitae inventore.','Fuga corporis accusantium impedit aut nostrum autem.','2014-01-10 09:57:57','2014-01-10 09:57:57'),(20,'Model','Schneider Inc','Small Rubber Computer','395','Nisi corrupti totam sint dolore illum.','Nihil quia modi ut ut tenetur placeat similique.',NULL,NULL,0,0,'Consequatur fugit nihil neque.','Deserunt in quidem sunt.','2014-01-10 09:57:57','2014-01-10 09:57:57'),(21,'Model','Runte-Wehner','Awesome Rubber Pants','571','Illo sed sequi et.','Voluptatibus ea excepturi et quia maxime labore voluptas ducimus.',NULL,NULL,2,0,'Aliquam rerum dolores fuga asperiores.','Aliquid delectus maxime voluptatem ipsum id eum corporis.','2014-01-10 09:57:57','2014-01-10 09:57:57'),(22,'Model','Heller LLC','Sleek Cotton Shoes','378','Eum aut laborum nostrum error iste reprehenderit quis.','Qui blanditiis facere repudiandae quam occaecati perferendis.',NULL,NULL,1,0,'Deleniti suscipit ratione natus beatae.','Ut possimus id quas consequatur tenetur.','2014-01-10 09:57:57','2014-01-10 09:57:57'),(23,'Model','O\'Hara-Olson','Fantastic Cotton Pants','571','Dicta qui rerum temporibus repellat assumenda magni.','Esse fugiat neque eveniet velit quas cupiditate consequatur.',NULL,NULL,1,0,'Quis fugiat amet dolor.','Ipsa vero maxime adipisci non.','2014-01-10 09:57:57','2014-01-10 09:57:57'),(24,'Model','Roob, Ortiz and Olson','Incredible Concrete Table','570','Dolorem sed velit corporis soluta officia ipsam non.','Quasi et id ea eaque maxime sed sint corporis.',NULL,NULL,0,0,'Maiores voluptate quidem similique qui nisi modi.','Voluptatem cupiditate dolorum sequi doloribus occaecati.','2014-01-10 09:57:57','2014-01-10 09:57:57'),(25,'Model','Mueller, McLaughlin and D\'Amore','Small Wooden Chair','105','Quaerat nostrum blanditiis necessitatibus molestias dolores consequatur id.','Ut quia minima cum praesentium.',NULL,NULL,1,0,'Fugiat dolor ab et ad suscipit et.','Dolores enim ratione nobis a est non.','2014-01-10 09:57:57','2014-01-10 09:57:57'),(26,'Model','Reichel Inc','Incredible Cotton Table','131','Nulla suscipit ipsa omnis et consequuntur corrupti.','Vel consequuntur cumque molestiae exercitationem rem quia.',NULL,NULL,2,0,'Qui voluptatem id aut fugit sit.','Sed dolor itaque possimus dolores.','2014-01-10 09:57:57','2014-01-10 09:57:57'),(27,'Model','Collier-Wilderman','Gorgeous Wooden Hat','705','Facere eligendi culpa laborum.','Eligendi sit animi neque qui.',NULL,NULL,3,0,'Aut velit deserunt dolor laborum voluptate.','Necessitatibus nostrum occaecati ipsam sit ut vel.','2014-01-10 09:57:57','2014-01-10 09:57:57'),(28,'Model','Cole, Windler and Monahan','Incredible Granite Gloves','174','Quia nostrum qui error.','Neque vitae quis et dignissimos.',NULL,NULL,1,0,'Fugit commodi optio qui nostrum quibusdam in rerum molestias.','Minus ex illo quasi numquam quia ea dolorum at.','2014-01-10 09:57:57','2014-01-10 09:57:57'),(29,'Model','Grimes-Funk','Sleek Steel Pants','369','Aperiam sunt quam facere illo eos.','Et mollitia aut assumenda.',NULL,NULL,1,0,'Rem consectetur autem vitae laborum velit harum.','Sequi voluptatum non facilis.','2014-01-10 09:57:57','2014-01-10 09:57:57'),(30,'Model','Wehner LLC','Gorgeous Steel Chair','400','Doloremque dolore error quidem officia et unde cum qui.','Similique accusamus impedit ratione illum.',NULL,NULL,3,0,'Est minus non dolor.','Sapiente hic excepturi placeat non voluptates.','2014-01-10 09:57:57','2014-01-10 09:57:57'),(31,'Model','Kuphal-O\'Hara','Small Cotton Hat','773','Illum impedit recusandae omnis voluptas praesentium.','Totam in dolor odit culpa sint.',NULL,NULL,1,0,'Cumque illo quia quia et.','Velit rerum qui voluptatum et modi.','2014-01-10 09:57:57','2014-01-10 09:57:57'),(32,'Model','Bernhard, Jakubowski and Hills','Practical Concrete Pants','745','Quia quisquam perferendis architecto eos molestias quo.','Tempora a unde enim distinctio natus.',NULL,NULL,1,0,'Aspernatur fugiat est iste sunt doloribus autem nam.','Quia pariatur corrupti et sed voluptatem placeat.','2014-01-10 09:57:57','2014-01-10 09:57:57'),(33,'Model','Botsford, Torp and Kassulke','Intelligent Rubber Hat','568','Labore esse et deleniti ipsum eos est quas corrupti.','Amet voluptas nesciunt architecto est quos.',NULL,NULL,0,0,'Quibusdam odit velit similique vel a sed sunt aut.','Ipsam id qui aperiam sint non deleniti.','2014-01-10 09:57:57','2014-01-10 09:57:57'),(34,'Model','Considine LLC','Rustic Plastic Shoes','673','Id nostrum dolorem odit.','Reiciendis cum voluptatum autem doloremque voluptatem.',NULL,NULL,3,0,'Culpa ex totam eos vel alias accusamus.','Nostrum officiis dicta in illo eius animi et pariatur.','2014-01-10 09:57:57','2014-01-10 09:57:57'),(35,'Model','Beer, Wiegand and Frami','Sleek Rubber Table','784','Veritatis perferendis dolores explicabo est quam quod suscipit totam.','Iure nihil blanditiis ut velit laborum aut modi itaque.',NULL,NULL,2,0,'Maxime esse sint incidunt ut.','Nihil vel aut quia distinctio ut.','2014-01-10 09:57:57','2014-01-10 09:57:57'),(36,'Model','Corkery-Nienow','Sleek Granite Pants','060','Aspernatur nostrum vero et est rerum ut aperiam.','Dolores atque optio eum eveniet ut.',NULL,NULL,1,0,'Voluptas maiores et asperiores.','Totam deserunt voluptas reprehenderit illo sunt laudantium.','2014-01-10 09:57:57','2014-01-10 09:57:57'),(37,'Model','Pacocha-Jenkins','Fantastic Granite Shirt','936','Necessitatibus ea nostrum sit aut veritatis.','Quam corporis enim adipisci reprehenderit dolore dolores.',NULL,NULL,2,0,'Iure rem corrupti vero molestiae.','Architecto ut odit consequatur.','2014-01-10 09:57:57','2014-01-10 09:57:57'),(38,'Model','Padberg, Klocko and Padberg','Awesome Steel Pants','994','Rerum qui iste labore quisquam numquam.','Cumque id veniam rerum et ea.',NULL,NULL,2,0,'Deserunt esse sed dolor ab rerum repudiandae dolore sint.','Ducimus reprehenderit maiores voluptatibus.','2014-01-10 09:57:57','2014-01-10 09:57:57'),(39,'Model','Kling, Grady and Welch','Incredible Rubber Shoes','491','Et sed excepturi fuga dignissimos in vel sequi reiciendis.','Aspernatur blanditiis ab eos voluptatum quia at.',NULL,NULL,0,0,'Saepe enim aut doloremque est vero quo nihil.','Laudantium quia eum recusandae.','2014-01-10 09:57:57','2014-01-10 09:57:57'),(40,'Model','Lind LLC','Practical Wooden Gloves','575','Similique doloremque voluptatem incidunt quo ab reprehenderit modi ipsum.','Aut blanditiis quisquam commodi eaque qui fugiat architecto.',NULL,NULL,3,0,'Quia sed inventore dignissimos.','Cumque eum et unde aut dolor vitae id.','2014-01-10 09:57:57','2014-01-10 09:57:57'),(41,'Model','Reinger, Hackett and Kirlin','Rustic Steel Shirt','115','Tempore et ut ut eius quisquam.','Voluptatem et sit dolor provident ea illum unde assumenda.',NULL,NULL,0,0,'Recusandae aliquam et eum et autem adipisci laborum nostrum.','Ut est aut et quo qui sed.','2014-01-10 09:57:57','2014-01-10 09:57:57'),(42,'Model','Kovacek, McGlynn and McGlynn','Fantastic Steel Shirt','067','Sed eius consequuntur quibusdam quis.','Eos tempore iusto expedita atque.',NULL,NULL,3,0,'Voluptates qui distinctio voluptas qui dignissimos.','Neque reiciendis assumenda illo qui commodi dolorum.','2014-01-10 09:57:57','2014-01-10 09:57:57'),(43,'Model','West, Harvey and Jerde','Small Granite Pants','169','Architecto non a quia.','Ullam aliquid harum architecto excepturi est non.',NULL,NULL,1,0,'Ab alias modi quis voluptatem voluptatem quidem facere dolor.','Quia eligendi hic ut.','2014-01-10 09:57:57','2014-01-10 09:57:57'),(44,'Model','Jaskolski, Mayert and Heaney','Gorgeous Steel Car','002','Soluta omnis inventore facilis beatae consequatur.','Dicta aspernatur totam ut exercitationem ipsum.',NULL,NULL,3,0,'Non qui officiis iure et.','Similique soluta magni non expedita totam consequatur sit distinctio.','2014-01-10 09:57:57','2014-01-10 09:57:57'),(45,'Model','Bruen-Toy','Intelligent Plastic Table','988','Et cupiditate placeat qui.','Recusandae qui facilis rerum dolorem.',NULL,NULL,3,0,'Cum inventore optio quia sunt.','Voluptatem qui cupiditate vel sint aut eum et eligendi.','2014-01-10 09:57:57','2014-01-10 09:57:57'),(46,'Model','Daniel-Beahan','Sleek Wooden Shoes','093','Dolorum saepe delectus aut.','Quam ut fuga sit dolores inventore tempore.',NULL,NULL,0,0,'Vel quo expedita aspernatur quis quia nostrum.','Soluta cupiditate consectetur consequatur omnis perspiciatis velit.','2014-01-10 09:57:57','2014-01-10 09:57:57'),(47,'Model','Konopelski-McGlynn','Awesome Wooden Hat','942','Eos sint vero illo.','Impedit et non vero veritatis.',NULL,NULL,3,0,'At ipsam in et et.','Mollitia illo omnis eos deleniti.','2014-01-10 09:57:57','2014-01-10 09:57:57'),(48,'Model','Kshlerin and Sons','Small Plastic Car','917','Voluptatem deserunt quisquam mollitia vero enim est blanditiis nisi.','Deleniti quia et voluptate accusantium enim reprehenderit enim quaerat.',NULL,NULL,3,0,'Facilis modi impedit porro.','Eos ut aspernatur veritatis quidem quis praesentium occaecati.','2014-01-10 09:57:57','2014-01-10 09:57:57'),(49,'Model','Hagenes Inc','Gorgeous Concrete Shirt','719','Quidem aliquam maiores est odit reprehenderit nesciunt.','Doloribus non tenetur dolorem saepe nulla iste aut.',NULL,NULL,0,0,'A aut adipisci et eum eveniet quas id sunt.','Repellat quaerat et aut quia laboriosam.','2014-01-10 09:57:57','2014-01-10 09:57:57'),(50,'Model','Stokes Inc','Sleek Wooden Shirt','707','Illo aspernatur consequatur unde qui.','Iure quod tenetur quos neque nemo et.',NULL,NULL,0,0,'Omnis unde aut minima.','Incidunt aliquam qui deserunt inventore nesciunt iste similique.','2014-01-10 09:57:57','2014-01-10 09:57:57'),(51,'Model','Bergstrom and Sons','Small Cotton Pants','448','Et et et quia sed nihil labore architecto sunt.','Ipsam tempore tempora placeat sapiente assumenda facere.',NULL,NULL,0,0,'Quia quis dolores ea aut voluptatibus et similique.','Nihil eum alias eveniet.','2014-01-10 09:57:57','2014-01-10 09:57:57'),(52,'Model','Schmidt-Douglas','Intelligent Steel Car','692','Delectus enim pariatur dolor.','Praesentium et excepturi est ut sit et.',NULL,NULL,1,0,'Modi commodi corporis laudantium nihil voluptate aut distinctio.','Aut quia repellat reiciendis asperiores nisi adipisci.','2014-01-10 09:57:57','2014-01-10 09:57:57'),(53,'Model','Adams, Balistreri and Lehner','Small Granite Chair','916','Est neque molestiae eum voluptatibus.','Odio voluptatem ut itaque voluptas voluptatibus eius.',NULL,NULL,1,0,'Ut minima quas aut voluptas.','Et totam est qui hic.','2014-01-10 09:57:57','2014-01-10 09:57:57'),(54,'Model','Deckow, Raynor and Grady','Fantastic Granite Shoes','236','Similique accusantium dolor facere.','Et voluptas totam quod dolorem quia.',NULL,NULL,0,0,'Quam voluptatibus quis et distinctio.','Reiciendis soluta reprehenderit ad a eius.','2014-01-10 09:57:57','2014-01-10 09:57:57'),(55,'Model','Rutherford, Stokes and Lubowitz','Awesome Cotton Pants','693','Rem officia quia accusamus et aut neque.','Nobis et placeat saepe.',NULL,NULL,3,0,'Adipisci id quas placeat in.','Dolor provident debitis sunt laboriosam ab impedit alias totam.','2014-01-10 09:57:57','2014-01-10 09:57:57'),(56,'Model','Denesik-Collins','Intelligent Wooden Chair','500','Aut recusandae odio amet.','Minima reiciendis labore non velit explicabo autem aut.',NULL,NULL,1,0,'Quis sed odio et veniam ducimus odit aut.','Aperiam provident enim dolor quae repellendus non placeat.','2014-01-10 09:57:57','2014-01-10 09:57:57'),(57,'Model','Yundt-Huel','Incredible Plastic Car','971','Commodi aut et dolorem consectetur omnis perspiciatis autem adipisci.','Cupiditate magni quod quas et impedit.',NULL,NULL,0,0,'Placeat hic asperiores quia.','Reiciendis numquam voluptatem qui.','2014-01-10 09:57:57','2014-01-10 09:57:57'),(58,'Model','Dibbert LLC','Sleek Plastic Table','883','Eligendi eum neque consequuntur facere dolorem explicabo.','Nisi voluptas facilis sapiente accusantium odit sint.',NULL,NULL,2,0,'Excepturi incidunt qui est aperiam.','Placeat ex nam sed.','2014-01-10 09:57:57','2014-01-10 09:57:57'),(59,'Model','Cummings, Wisoky and Kertzmann','Awesome Cotton Table','346','Harum voluptate et sapiente atque optio.','Reiciendis animi asperiores ducimus quod.',NULL,NULL,0,0,'Amet sed et possimus consequatur.','Laudantium nostrum neque magnam.','2014-01-10 09:57:57','2014-01-10 09:57:57'),(60,'Model','Krajcik Group','Incredible Wooden Shirt','693','Qui officiis voluptatibus a nostrum quos aut.','Sed molestiae maiores rerum laboriosam est minus.',NULL,NULL,2,0,'Voluptas nesciunt facere occaecati dolor autem optio esse.','Repellat quibusdam sed asperiores et delectus non quo qui.','2014-01-10 09:57:57','2014-01-10 09:57:57'),(61,'Model','Apple','MacBookPro','135','Laptop fr Studis und Angestellte.','Sed libero et vero pariatur asperiores et minima blanditiis.',NULL,NULL,0,0,'Temporibus voluptatibus est nisi repudiandae omnis ut.','Mit Verpackung aushndigen.','2014-01-10 09:57:57','2014-01-10 09:57:57'),(62,'Model','Sharp','Sharp Beamer','123','Beamer, geeignet fr alle Verwendungszwecke.','Quisquam consequatur cum illum laudantium aut suscipit qui.',NULL,NULL,0,0,'Ipsam blanditiis sequi voluptatem pariatur aliquid ipsum qui aut.','Beamer brauch ein VGA Kabel!','2014-01-10 09:57:57','2014-01-10 09:57:57'),(63,'Model','Sharp','Sharp Beamer 2D','655','Beamer, geeignet fr alle Verwendungszwecke.','Unde aut eaque enim quis provident.',NULL,NULL,0,0,'Quasi sit facere ut sed dolores impedit.','Cum error reiciendis consectetur non id.','2014-01-10 09:57:57','2014-01-10 09:57:57'),(64,'Model','Panasonic','Mini Beamer','736','Beamer, geeignet fr alle Verwendungszwecke.','Dolore deleniti dicta qui suscipit ab aliquid dignissimos.',NULL,NULL,0,0,'Commodi quasi similique dolore aspernatur magni voluptatum.','Consequatur ab ut ea ut.','2014-01-10 09:57:57','2014-01-10 09:57:57'),(65,'Model','Sharp','Sharp Beamer','456','Beamer, geeignet fr alle Verwendungszwecke.','Dolor ex molestiae aut veritatis.',NULL,NULL,0,0,'Quia beatae voluptatem quis aut autem est voluptatem.','Beamer brauch ein VGA Kabel!','2014-01-10 09:57:57','2014-01-10 09:57:57'),(66,'Model','Sony','Ultra Compact Beamer','285','Besonders kleiner Beamer.','Ut veniam eum dolorem ipsa error autem aliquam.',NULL,NULL,0,0,'Est doloremque voluptates aut iusto nemo.','Beamer brauch ein VGA Kabel!','2014-01-10 09:57:57','2014-01-10 09:57:57'),(67,'Model','Micro','Micro Beamer','986','Besonders mikro kleiner Beamer.','Iure repellendus sed amet cupiditate praesentium.',NULL,NULL,0,0,'Corrupti perspiciatis maiores aperiam recusandae temporibus in vitae.','Beamer brauch ein VGA Kabel!','2014-01-10 09:57:57','2014-01-10 09:57:57'),(68,'Model','Sony','Beamer 1 et','100','Voluptas veritatis reprehenderit iusto.','Dolores nihil atque et.',NULL,NULL,0,0,'Necessitatibus magni illo dolores.','Beamer brauch ein VGA Kabel!','2014-01-10 09:57:57','2014-01-10 09:57:57'),(69,'Model','Sony','Beamer 2 doloremque','684','Consequatur in iure ut.','Voluptas et architecto ipsum.',NULL,NULL,0,0,'Ratione eveniet voluptatem saepe rerum et voluptate.','Beamer brauch ein VGA Kabel!','2014-01-10 09:57:57','2014-01-10 09:57:57'),(70,'Model','Sony','Beamer 3 eum','123','Ducimus veniam odio aliquid quo ipsa.','Dolor sit reiciendis et quisquam nesciunt impedit.',NULL,NULL,0,0,'Eligendi facilis ut dolores optio sunt corporis vel et.','Beamer brauch ein VGA Kabel!','2014-01-10 09:57:57','2014-01-10 09:57:57'),(71,'Model','Sony','Beamer 4 amet','244','Adipisci autem quaerat sit et.','Explicabo doloribus est voluptas nihil aut assumenda.',NULL,NULL,0,0,'Optio vel architecto aut saepe velit delectus debitis inventore.','Beamer brauch ein VGA Kabel!','2014-01-10 09:57:57','2014-01-10 09:57:57'),(72,'Model','Sony','Beamer 5 ducimus','747','Esse error vitae et earum.','Nihil et tenetur cumque voluptatum quae nulla debitis unde.',NULL,NULL,0,0,'Iusto perspiciatis suscipit velit dicta facere rerum minus.','Beamer brauch ein VGA Kabel!','2014-01-10 09:57:57','2014-01-10 09:57:57'),(73,'Model','Sony','Beamer 6 ut','410','Modi quasi voluptatem est et.','Repellendus ea praesentium pariatur recusandae et deserunt.',NULL,NULL,0,0,'Nemo quod soluta nihil a.','Beamer brauch ein VGA Kabel!','2014-01-10 09:57:57','2014-01-10 09:57:57'),(74,'Model','Sony','Beamer 7 tenetur','984','Voluptas rerum nulla accusamus ut in ut.','Quis consequatur eaque rerum culpa praesentium ut expedita.',NULL,NULL,0,0,'Iste ipsam labore dignissimos blanditiis.','Beamer brauch ein VGA Kabel!','2014-01-10 09:57:57','2014-01-10 09:57:57'),(75,'Model','Sony','Beamer 8 consequatur','773','Cumque officia id eligendi voluptatum sunt vitae ut repellendus.','Rerum ratione quibusdam vero deleniti eaque et sit.',NULL,NULL,0,0,'At exercitationem numquam inventore placeat ipsa.','Beamer brauch ein VGA Kabel!','2014-01-10 09:57:57','2014-01-10 09:57:57'),(76,'Model','Sony','Beamer 9 voluptas','051','Aut consectetur qui quasi repellendus possimus ut.','Officia consequatur dolorum omnis.',NULL,NULL,0,0,'Modi ratione eveniet perspiciatis dolorem sint provident numquam qui.','Beamer brauch ein VGA Kabel!','2014-01-10 09:57:57','2014-01-10 09:57:57'),(77,'Model','Sony','Beamer 10 debitis','238','Enim aut et magnam iusto.','Quidem iure eligendi accusamus aliquid ut magnam.',NULL,NULL,0,0,'Tempora voluptatem odio totam.','Beamer brauch ein VGA Kabel!','2014-01-10 09:57:57','2014-01-10 09:57:57'),(78,'Model','Sony','Beamer 11 aut','848','Dolor qui aut aut incidunt necessitatibus omnis eveniet iusto.','Veritatis et delectus tempore amet.',NULL,NULL,0,0,'Quo et et et recusandae et voluptatem.','Beamer brauch ein VGA Kabel!','2014-01-10 09:57:57','2014-01-10 09:57:57'),(79,'Model','Sony','Beamer 12 eos','131','Minima eaque sequi ratione omnis ex.','Provident non aut minima.',NULL,NULL,0,0,'Qui omnis vero consequatur voluptatibus nostrum veniam.','Beamer brauch ein VGA Kabel!','2014-01-10 09:57:57','2014-01-10 09:57:57'),(80,'Model','Sony','Beamer 13 aperiam','388','Et eum minima enim cum sint.','Eum nostrum illum molestias pariatur.',NULL,NULL,0,0,'Vel natus est vel error.','Beamer brauch ein VGA Kabel!','2014-01-10 09:57:57','2014-01-10 09:57:57'),(81,'Model','Sony','Beamer 14 iste','101','Rerum ratione sunt suscipit libero magni exercitationem.','Repellat vel et labore voluptatibus officia.',NULL,NULL,0,0,'Enim alias minus voluptatem culpa molestias hic quibusdam.','Beamer brauch ein VGA Kabel!','2014-01-10 09:57:57','2014-01-10 09:57:57'),(82,'Model','Sony','Beamer 15 sit','959','Voluptatum modi quaerat repellendus ut tempore facilis.','Provident id hic tempora enim.',NULL,NULL,0,0,'Voluptate eum nobis aspernatur perspiciatis illum maxime dolor.','Beamer brauch ein VGA Kabel!','2014-01-10 09:57:57','2014-01-10 09:57:57'),(83,'Model','Sony','Beamer 16 vitae','823','In voluptatum velit unde quis non omnis.','Voluptatem adipisci modi alias a ut rerum.',NULL,NULL,0,0,'Dolore quos hic autem quis aspernatur eos.','Beamer brauch ein VGA Kabel!','2014-01-10 09:57:57','2014-01-10 09:57:57'),(84,'Model','Sony','Beamer 17 at','002','Animi hic voluptatem repellat beatae ut voluptatibus rerum.','Veritatis debitis adipisci mollitia eveniet.',NULL,NULL,0,0,'Aut consequatur accusantium esse.','Beamer brauch ein VGA Kabel!','2014-01-10 09:57:57','2014-01-10 09:57:57'),(85,'Model','Sony','Beamer 18 nostrum','238','Necessitatibus beatae sunt doloribus saepe maiores quia voluptatem fugit.','Aut omnis animi nihil et.',NULL,NULL,0,0,'Quidem accusantium ducimus magni blanditiis optio harum rem.','Beamer brauch ein VGA Kabel!','2014-01-10 09:57:57','2014-01-10 09:57:57'),(86,'Model','Sony','Beamer 19 aut','036','Amet ut voluptatibus et omnis tempore.','At nisi omnis architecto animi.',NULL,NULL,0,0,'Exercitationem eum nobis alias quo fugiat rerum tenetur quasi.','Beamer brauch ein VGA Kabel!','2014-01-10 09:57:57','2014-01-10 09:57:57'),(87,'Model','Sony','Beamer 20 et','512','Sequi asperiores repellat nostrum omnis.','Incidunt aperiam vel consectetur quis aspernatur modi qui.',NULL,NULL,0,0,'Fugit dolorem cumque accusamus quasi.','Beamer brauch ein VGA Kabel!','2014-01-10 09:57:57','2014-01-10 09:57:57'),(88,'Model','Nikon','Kamera Nikon','X12','Super Kamera.','Cupiditate placeat et eum amet aliquid.',NULL,NULL,0,0,'Exercitationem ut et sapiente deleniti.','Kamera brauch Akkus!','2014-01-10 09:57:57','2014-01-10 09:57:57'),(89,'Model','Nikon','Camera 1 atque','851','Iure temporibus sapiente reprehenderit eligendi.','Debitis ipsa minima est explicabo dolor hic fugiat.',NULL,NULL,0,0,'Non consequatur veniam totam et aut non.','Et dolor quibusdam ratione dolorem mollitia sit incidunt commodi.','2014-01-10 09:57:57','2014-01-10 09:57:57'),(90,'Model','Nikon','Camera 2 sit','982','Velit temporibus voluptatum et accusamus ducimus.','Aliquam ab qui aut neque.',NULL,NULL,0,0,'Eius pariatur placeat harum amet tempora hic vitae.','Sit placeat voluptas maxime.','2014-01-10 09:57:57','2014-01-10 09:57:57'),(91,'Model','Nikon','Camera 3 qui','732','Dolor sed optio molestias facilis molestiae deleniti.','Pariatur quas maiores labore impedit.',NULL,NULL,0,0,'Dolorem ducimus velit quasi commodi magni et et ab.','Aut iusto sit ut possimus.','2014-01-10 09:57:57','2014-01-10 09:57:57'),(92,'Model','Nikon','Camera 4 dolores','286','Id quo dolores natus voluptatibus.','Modi id dolor odit et.',NULL,NULL,0,0,'Hic sed ducimus illum ut eum quisquam odio ipsa.','Libero id voluptate incidunt vel.','2014-01-10 09:57:57','2014-01-10 09:57:57'),(93,'Model','Nikon','Camera 5 quo','080','Deserunt incidunt facilis fuga.','Sunt quas eum voluptatem.',NULL,NULL,0,0,'Adipisci labore quos non provident omnis quia aut.','Sed dicta sint adipisci fugit.','2014-01-10 09:57:57','2014-01-10 09:57:57'),(94,'Model','Nikon','Camera 6 officia','127','Et magni libero molestiae dolorem.','Odit velit ducimus et eum.',NULL,NULL,0,0,'Architecto minus consequatur rem aliquid est in non.','Omnis consequuntur illo voluptatem voluptas qui atque aut deleniti.','2014-01-10 09:57:57','2014-01-10 09:57:57'),(95,'Model','Nikon','Camera 7 nemo','698','Cupiditate nam sunt incidunt dolores esse atque odio.','Quam at aut possimus et dolores ipsam qui et.',NULL,NULL,0,0,'Iure ut consequatur exercitationem.','Sunt eos ut doloremque consequatur ea sit perspiciatis.','2014-01-10 09:57:57','2014-01-10 09:57:57'),(96,'Model','Nikon','Camera 8 ipsam','692','Numquam ut est quis.','Iure ea non ut consequatur est.',NULL,NULL,0,0,'Sit aut eum sed facere qui quo est ea.','Ex error laudantium deleniti dicta.','2014-01-10 09:57:57','2014-01-10 09:57:57'),(97,'Model','Nikon','Camera 9 odio','390','Voluptatem at omnis qui.','Asperiores numquam laboriosam eligendi a.',NULL,NULL,0,0,'Non quae commodi qui nemo sunt.','Perspiciatis dolores accusantium neque quia vitae delectus molestiae.','2014-01-10 09:57:57','2014-01-10 09:57:57'),(98,'Model','Nikon','Camera 10 perferendis','936','Ut est molestiae perferendis corporis vero omnis.','Est libero necessitatibus suscipit.',NULL,NULL,0,0,'Odio voluptates reprehenderit praesentium quae deserunt unde et.','Dolores non qui asperiores.','2014-01-10 09:57:57','2014-01-10 09:57:57'),(99,'Model','Nikon','Camera 11 iusto','523','Impedit dolor aut a et natus magnam reiciendis voluptatem.','Reprehenderit impedit eaque repellendus id.',NULL,NULL,0,0,'Repellendus sed velit maiores.','Laboriosam architecto quos possimus omnis et maiores occaecati.','2014-01-10 09:57:57','2014-01-10 09:57:57'),(100,'Model','Nikon','Camera 12 aut','266','Odit nobis consectetur itaque architecto molestiae.','Quod sunt aut facilis dolores sint iusto.',NULL,NULL,0,0,'Qui ut et dolore at beatae.','Atque sint reprehenderit mollitia.','2014-01-10 09:57:57','2014-01-10 09:57:57'),(101,'Model','Nikon','Camera 13 necessitatibus','575','Et aut impedit fugit facere sit.','Et accusamus quas deleniti ratione sapiente tenetur ab et.',NULL,NULL,0,0,'Quas possimus ratione quia natus.','Accusantium unde voluptates cupiditate et consequuntur veniam officia.','2014-01-10 09:57:57','2014-01-10 09:57:57'),(102,'Model','Nikon','Camera 14 voluptas','304','Atque libero aut ut odit voluptates officiis accusantium.','Neque placeat accusamus eum qui eveniet cupiditate necessitatibus corporis.',NULL,NULL,0,0,'Rerum et fuga quia similique sit nobis occaecati.','Totam quam vel ut dolores repudiandae qui veritatis commodi.','2014-01-10 09:57:57','2014-01-10 09:57:57'),(103,'Model','Nikon','Camera 15 totam','218','Quo reprehenderit hic minus nobis nisi velit doloribus.','Rerum inventore ut provident architecto et.',NULL,NULL,0,0,'Quaerat ut sed eius.','Omnis perspiciatis amet possimus.','2014-01-10 09:57:57','2014-01-10 09:57:57'),(104,'Model','Nikon','Camera 16 beatae','462','Qui ex quas ipsum culpa cupiditate voluptatibus et eveniet.','Excepturi perspiciatis quasi in voluptates dolore harum repudiandae explicabo.',NULL,NULL,0,0,'Et voluptates doloremque provident libero.','Dolore nobis est voluptas quos repudiandae doloremque et et.','2014-01-10 09:57:57','2014-01-10 09:57:57'),(105,'Model','Nikon','Camera 17 quis','346','Autem ab quam illum dolores aspernatur.','Et est sequi facere aut ipsa illo.',NULL,NULL,0,0,'Aliquid minima tempora officia saepe voluptatibus recusandae.','Aut molestiae aut vel maxime corrupti dicta.','2014-01-10 09:57:57','2014-01-10 09:57:57'),(106,'Model','Nikon','Camera 18 recusandae','256','Repellat esse non debitis ullam.','Quidem nihil aut nesciunt est impedit non sit asperiores.',NULL,NULL,0,0,'Nesciunt molestiae fugit non magni.','Magnam ut porro praesentium numquam.','2014-01-10 09:57:57','2014-01-10 09:57:57'),(107,'Model','Nikon','Camera 19 quibusdam','925','Dolorem nam blanditiis voluptas molestiae amet.','Necessitatibus est nulla mollitia.',NULL,NULL,0,0,'Veniam saepe odit iusto facere rerum rerum repellendus.','Saepe quibusdam sed vero.','2014-01-10 09:57:57','2014-01-10 09:57:57'),(108,'Model','Nikon','Camera 20 quas','875','Incidunt vitae debitis amet pariatur dicta aut veniam inventore.','Exercitationem delectus sint sit.',NULL,NULL,0,0,'Consequatur sint autem error ex.','Voluptatum quaerat ex illo qui nostrum et.','2014-01-10 09:57:57','2014-01-10 09:57:57'),(109,'Model','Nikon','Camera 21 velit','412','Et ab neque eveniet nisi suscipit officia laboriosam.','Nostrum ut quis sed accusamus.',NULL,NULL,0,0,'Qui quia quisquam provident occaecati iusto.','Ut ut ex quas ut aut earum fuga.','2014-01-10 09:57:57','2014-01-10 09:57:57'),(110,'Model','Nikon','Camera 22 et','945','Ea quos repellat unde facilis et sed.','Est voluptatem ut aut distinctio quaerat aut consectetur.',NULL,NULL,0,0,'Delectus consectetur est aut maiores commodi.','Inventore est voluptatem in est ipsa.','2014-01-10 09:57:57','2014-01-10 09:57:57'),(111,'Model','Nikon','Camera 23 aut','024','Deserunt nobis sint ab enim facere ex ut.','Eos fugiat ut sed amet et deleniti similique possimus.',NULL,NULL,0,0,'Iste qui non itaque.','Minus eos molestias occaecati non dolorum corrupti iste.','2014-01-10 09:57:57','2014-01-10 09:57:57'),(112,'Model','Nikon','Camera 24 aut','604','Voluptatem quia incidunt rem quibusdam atque eius sit.','Rerum earum rem quia.',NULL,NULL,0,0,'Recusandae impedit quasi quibusdam.','Quo temporibus culpa ipsa nostrum dolorem fuga autem.','2014-01-10 09:57:57','2014-01-10 09:57:57'),(113,'Model','Nikon','Camera 25 eum','856','Eveniet rerum suscipit sapiente et nesciunt aspernatur.','Necessitatibus id architecto qui explicabo.',NULL,NULL,0,0,'Qui beatae sed voluptas.','Nam facere enim maiores quia ut.','2014-01-10 09:57:57','2014-01-10 09:57:57'),(114,'Model','Nikon','Camera 26 ipsum','335','Iste cumque quia reiciendis pariatur qui odit.','Quod veniam sit vel qui praesentium corrupti et nisi.',NULL,NULL,0,0,'Eum sequi quia nobis ea.','Fugit sequi eum suscipit.','2014-01-10 09:57:57','2014-01-10 09:57:57'),(115,'Model','Nikon','Camera 27 quo','623','Ducimus sed et dicta dignissimos dolorem.','Et ut molestiae ducimus ipsum.',NULL,NULL,0,0,'Similique voluptatem ipsa autem iusto eum magni nam assumenda.','Sed officia tenetur iusto et rerum sed consequatur.','2014-01-10 09:57:57','2014-01-10 09:57:57'),(116,'Model','Nikon','Camera 28 exercitationem','750','Non placeat similique eum enim sit molestiae dicta maxime.','Similique quisquam aut voluptatem dolores debitis mollitia facere.',NULL,NULL,0,0,'Deleniti aliquam consequatur aut eum qui est aperiam.','Nisi totam aliquam sequi doloremque non dolorem molestiae.','2014-01-10 09:57:57','2014-01-10 09:57:57'),(117,'Model','Nikon','Camera 29 eos','592','Alias quasi quia et atque accusamus.','Possimus dolor quis sit sint.',NULL,NULL,0,0,'Eius provident aliquid placeat qui aut.','Pariatur ut est deserunt mollitia.','2014-01-10 09:57:57','2014-01-10 09:57:57'),(118,'Model','Nikon','Camera 30 eos','288','Autem iste sed esse sit itaque.','Modi et molestias quidem dolores ut dolorum.',NULL,NULL,0,0,'Perferendis repudiandae similique assumenda ad aspernatur quo mollitia facilis.','Quasi similique eveniet culpa perspiciatis veritatis aut.','2014-01-10 09:57:57','2014-01-10 09:57:57'),(119,'Model','Sony','Hifi Standard','720','Nostrum ipsum corrupti voluptatum ut.','Consequatur adipisci praesentium id ad commodi aperiam voluptatibus.',NULL,NULL,2,0,'Inventore dolor expedita iste et aperiam ea tempore ut.','Blanditiis quis reiciendis deleniti dolorem recusandae porro odit.','2014-01-10 09:57:57','2014-01-10 09:57:57'),(120,'Model','Feli','Kamera Stativ','123','Stabiles Kamera Stativ','Quam dolor ea ab aut voluptatem dicta quis.',NULL,NULL,0,0,'Tempore assumenda eaque et odit voluptatem ut aperiam.','Stativ muss mit Stativtasche ausgehndigt werden.','2014-01-10 09:57:57','2014-01-10 09:57:57'),(121,'Model','Bose','BoseRustic Rubber Chair','013','Fuga et id. Eum odit nam tempora autem sit tempore quibusdam. Nam ut voluptatibus est. Rem provident quia et non sunt. Consequatur corrupti velit suscipit quis.','Nemo autem alias fugiat officiis commodi.',NULL,NULL,0,0,'Id earum soluta delectus quidem labore itaque saepe.','Iure et ratione dolorem.','2014-01-10 09:57:57','2014-01-10 09:57:57'),(122,'Model','Bose','BoseIntelligent Cotton Gloves','827','Quisquam impedit occaecati. Et consequatur porro et enim. Sed id ut voluptatibus.','Quia voluptatem dolores ipsa ratione recusandae.',NULL,NULL,0,0,'Nihil a enim corrupti.','Unde laudantium hic beatae aut est occaecati error.','2014-01-10 09:57:57','2014-01-10 09:57:57'),(123,'Model','Cruickshank and Sons','Kamera Set','935','Eligendi nihil animi fugiat impedit ea.','Non esse eos velit quam consequatur est rem.',NULL,NULL,3,1,'Sunt nulla ut sit quisquam molestiae reprehenderit ipsum saepe.','Cupiditate rerum consequuntur blanditiis aut nihil.','2014-01-10 09:57:57','2014-01-10 09:57:57'),(124,'Model','Hilpert-Spinka','Practical Granite Computer','050','Voluptatem quia id consequatur et blanditiis enim omnis sapiente.','Et optio officia mollitia quis voluptates ab porro.',NULL,NULL,0,0,'Dicta dolor omnis neque molestias et sapiente tenetur.','Nesciunt tenetur suscipit necessitatibus.','2014-01-10 09:57:57','2014-01-10 09:57:57'),(125,'Model','Reilly, Ruecker and McGlynn','Incredible Cotton Pants','667','Ratione sapiente natus ipsa fugit cupiditate.','Sed earum dolorem fugiat possimus reprehenderit.',NULL,NULL,3,0,'Dicta asperiores ut vel in deserunt.','Modi exercitationem impedit rerum dolor voluptatibus.','2014-01-10 09:57:57','2014-01-10 09:57:57'),(126,'Model','O\'Hara Group','Intelligent Plastic Car','144','Iusto nemo beatae quo assumenda accusamus et.','Quo delectus nihil officiis earum fugiat.',NULL,NULL,3,0,'Tempora quaerat laboriosam repellendus.','Molestiae velit dolores pariatur tempora alias.','2014-01-10 09:57:57','2014-01-10 09:57:57'),(127,'Model','Mills-McLaughlin','Incredible Granite Shoes','433','Est vitae ut ratione.','Quibusdam eius doloribus omnis temporibus non et.',NULL,NULL,0,0,'Et amet commodi nihil.','Tempora inventore eum et facilis commodi atque consequuntur.','2014-01-10 09:57:57','2014-01-10 09:57:57'),(128,'Model','Greenholt LLC','Practical Steel Gloves','573','Similique magni est vitae praesentium.','Sed voluptatem tempore consequatur aut nisi.',NULL,NULL,1,0,'Quibusdam et id beatae.','Fugit animi sit sed quisquam in nihil rem.','2014-01-10 09:57:57','2014-01-10 09:57:57'),(129,'Model','Botsford, Marks and Wisoky','Incredible Wooden Gloves','721','Qui est beatae omnis dolor totam.','Nemo qui qui accusamus.',NULL,NULL,1,0,'Eos magni quos dolor est optio aut deleniti vel.','Beatae labore quas qui debitis et hic molestias.','2014-01-10 09:57:57','2014-01-10 09:57:57'),(130,'Model','Zboncak-Gibson','Incredible Wooden Shoes','078','Ea eius autem quod.','Repellat officiis vero ut ea.',NULL,NULL,2,0,'Consequatur pariatur qui sint ut occaecati voluptatibus necessitatibus eum.','Laboriosam dignissimos rem et.','2014-01-10 09:57:57','2014-01-10 09:57:57'),(131,'Model','Trantow-Anderson','Awesome Wooden Pants','512','Aperiam velit unde distinctio.','Molestiae voluptatem consequatur eligendi soluta voluptatem dolorem itaque.',NULL,NULL,1,0,'Ad voluptate est sequi saepe vero dolores.','Et non voluptates delectus corrupti cum similique nihil.','2014-01-10 09:57:57','2014-01-10 09:57:57'),(132,'Model','Beier-Bogisich','Rustic Concrete Car','239','Similique autem id ipsam aut iste.','Blanditiis eum molestias quis exercitationem sed sed eos quos.',NULL,NULL,1,0,'Aut et temporibus ex est.','Optio nam architecto consequuntur magnam delectus repudiandae officia.','2014-01-10 09:57:57','2014-01-10 09:57:57'),(133,'Model','Hermiston LLC','Intelligent Steel Table','561','Ut ab quasi voluptatem sunt.','Facere qui quidem laboriosam vel et.',NULL,NULL,0,0,'Harum est labore fuga commodi.','Sit aperiam ratione dignissimos quasi id nobis omnis molestiae.','2014-01-10 09:57:57','2014-01-10 09:57:57'),(134,'Model','Wolff, Schmidt and McLaughlin','Practical Wooden Table','246','Sapiente nemo animi et et nulla consequatur rem ut.','Consectetur quidem facilis blanditiis voluptate.',NULL,NULL,3,0,'Nemo et aliquam et modi temporibus ipsum facere ut.','Voluptatem recusandae dolorum vel omnis.','2014-01-10 09:57:57','2014-01-10 09:57:57'),(135,'Model','McDermott LLC','Intelligent Concrete Shoes','630','Repellendus animi cumque velit commodi aut.','Ducimus reprehenderit omnis ad eius.',NULL,NULL,0,0,'Quis illum dolorum sunt.','Modi porro quo labore vero expedita.','2014-01-10 09:57:57','2014-01-10 09:57:57'),(136,'Model','Sanford, Auer and Weber','Kamera Set2','707','Eum molestiae ut ullam dolor praesentium commodi rerum eum.','Et qui quisquam minus architecto pariatur reprehenderit nostrum.',NULL,NULL,3,1,'Aut quibusdam quo quia ipsam.','Accusantium molestiae iusto enim velit reprehenderit sint autem molestiae.','2014-01-10 09:57:57','2014-01-10 09:57:57'),(137,'Model','Armstrong, Treutel and Beer','Rustic Concrete Pants','214','Deleniti qui quia sunt laborum.','Velit eos qui dolore.',NULL,NULL,1,0,'Qui possimus earum consequuntur architecto aliquam.','Quo voluptatem autem dolores doloremque.','2014-01-10 09:57:57','2014-01-10 09:57:57'),(138,'Model','Hilpert and Sons','Gorgeous Plastic Shoes','134','Ut dignissimos magnam in ut nesciunt.','Nam hic similique vel labore et.',NULL,NULL,0,0,'Labore praesentium autem est veritatis et.','Voluptas fugit quibusdam qui.','2014-01-10 09:57:57','2014-01-10 09:57:57'),(139,'Model','Goyette, Harris and Trantow','Intelligent Cotton Table','675','Fugit et corporis explicabo similique.','Perferendis beatae blanditiis corrupti nobis.',NULL,NULL,2,0,'Voluptas magni dolorum rerum voluptatem mollitia.','Nihil laudantium nesciunt ducimus earum.','2014-01-10 09:57:57','2014-01-10 09:57:57'),(140,'Model','Maggio-Bailey','Awesome Granite Pants','608','Est cupiditate ut iste architecto dolorem ab.','Est corporis cum beatae.',NULL,NULL,1,0,'Eveniet delectus sed eius.','Ut et saepe tempora sint delectus.','2014-01-10 09:57:57','2014-01-10 09:57:57'),(141,'Model','Bednar Inc','Awesome Granite Chair','850','Excepturi aut dolorem sint hic eos tenetur id.','Eum culpa cupiditate qui quod pariatur harum.',NULL,NULL,0,0,'Voluptatum rerum assumenda voluptas dolor cum modi.','Non ea sint ut aspernatur et aliquam eos.','2014-01-10 09:57:57','2014-01-10 09:57:57'),(142,'Model','Willms, Jacobson and Prosacco','Ergonomic Rubber Hat','977','Accusamus harum occaecati nihil.','Aliquam at molestias voluptatibus quo a qui.',NULL,NULL,0,0,'Laboriosam nisi non quas.','Aut voluptatem nihil rerum deserunt.','2014-01-10 09:57:57','2014-01-10 09:57:57'),(143,'Model','Kovacek Inc','Sleek Wooden Table','643','Et dolores sed consequatur facilis repellat nostrum aliquid.','Laboriosam voluptatem qui animi qui eveniet.',NULL,NULL,1,0,'Libero quas et sunt facilis ducimus deserunt.','Aliquid sunt illo sequi occaecati quas.','2014-01-10 09:57:57','2014-01-10 09:57:57'),(144,'Model','Hermann Group','Intelligent Granite Car','567','Et aliquam amet molestiae.','Enim consequatur consequuntur qui.',NULL,NULL,1,0,'Vel ea et quidem.','Eos placeat cum magnam est enim delectus expedita.','2014-01-10 09:57:57','2014-01-10 09:57:57'),(145,'Model','Hettinger-Koelpin','Gorgeous Concrete Gloves','781','Mollitia reiciendis eos aut cum rerum aut molestiae.','Eveniet sed eum eius voluptatum quas eum repudiandae quia.',NULL,NULL,0,0,'Eius occaecati in quos voluptas culpa.','Doloribus dolorem et vel ut sed laudantium in est.','2014-01-10 09:57:57','2014-01-10 09:57:57'),(146,'Model','Becker-Casper','Gorgeous Cotton Pants','455','Quisquam maxime quia odit quasi doloribus ullam.','Ut doloribus delectus voluptas.',NULL,NULL,3,0,'Facilis quisquam eos quas voluptates sed impedit ut autem.','Magni sapiente modi quis.','2014-01-10 09:57:57','2014-01-10 09:57:57'),(147,'Model','Feeney, Towne and Robel','Gorgeous Cotton Shoes','578','Rem tempora ea dicta ratione quos id consequatur.','Sed impedit delectus sed facilis laudantium consequatur.',NULL,NULL,0,0,'Delectus in et dignissimos pariatur.','Quis eligendi aperiam ratione in nesciunt similique qui tempore.','2014-01-10 09:57:57','2014-01-10 09:57:57'),(148,'Model','Corkery-Balistreri','Sleek Concrete Table','808','Explicabo excepturi doloribus optio et dolores.','Quod amet tenetur aut odio error cupiditate dolores aspernatur.',NULL,NULL,0,0,'Nulla suscipit doloribus sint ea accusamus error totam.','Aliquam ut ipsa distinctio itaque consequatur quis consectetur qui.','2014-01-10 09:57:57','2014-01-10 09:57:57'),(149,'Model','Canon','Kamera Canon D5','114','Ganz teure Kamera','Est omnis numquam corrupti nesciunt molestias iure distinctio accusantium.',NULL,NULL,0,0,'Occaecati dicta officia pariatur.','Kamera brauch Akkus!','2014-01-10 09:57:57','2014-01-10 09:57:57'),(150,'Model','Apple','iMac','206','Apples alter iMac','Ut a placeat voluptatem est sed minus reiciendis excepturi.',NULL,NULL,0,0,'Voluptatem sit voluptates molestias numquam accusamus a.','Et sunt voluptatem sit eum saepe expedita.','2014-01-10 09:57:57','2014-01-10 09:57:57'),(151,'Model','Microsoft','Windows Laptop','790','Ein Laptop der Marke Microsoft','Modi accusantium hic quam sed quos et dicta sit.',NULL,NULL,0,0,'Et eum sapiente autem incidunt magnam.','Laptop mit Tasche ausgeben','2014-01-10 09:57:57','2014-01-10 09:57:57'),(152,'Model','Walkera','Walkera v120','1G','3D Helikopter','Sed cum ea et voluptas et optio aut.',NULL,NULL,0,0,'Quibusdam hic optio recusandae.','Ex esse et fugiat placeat adipisci qui ullam.','2014-01-10 09:57:57','2014-01-10 09:57:57'),(153,'Model','Walkera','Walkera v120','2G','3D Helikopter','Voluptates officia fugit natus blanditiis maxime.',NULL,NULL,0,0,'Labore corporis quo assumenda qui voluptatem consequatur mollitia.','Pariatur exercitationem ad voluptas qui perspiciatis.','2014-01-10 09:57:57','2014-01-10 09:57:57'),(154,'Model','Walkera','Walkera v120','3G','3D Helikopter','Recusandae voluptates expedita non neque.',NULL,NULL,0,0,'Est blanditiis ea nisi cupiditate ea nemo.','Asperiores dicta consequuntur modi.','2014-01-10 09:57:57','2014-01-10 09:57:57'),(155,'Software','Bayer, Haley and Yundt','Intelligent Granite Chair','214',NULL,NULL,NULL,NULL,0,0,NULL,NULL,'2014-01-10 09:57:57','2014-01-10 09:57:57'),(156,'Software','Ritchie, Ritchie and Crooks','Intelligent Concrete Table','452',NULL,NULL,NULL,NULL,0,0,NULL,NULL,'2014-01-10 09:57:57','2014-01-10 09:57:57'),(157,'Software','D\'Amore-Roob','Gorgeous Rubber Shirt','126',NULL,NULL,NULL,NULL,0,0,NULL,NULL,'2014-01-10 09:57:57','2014-01-10 09:57:57'),(158,'Model','Luettgen, Howe and Rutherford','Sleek Concrete Shoes',NULL,'Ipsam maxime adipisci delectus.','Voluptate distinctio quo explicabo quia laboriosam dignissimos.',NULL,NULL,3,0,'Nisi repudiandae quia quaerat est et.','Ut repellat ea deleniti commodi.','2014-01-10 09:57:57','2014-01-10 09:57:57'),(159,'Model','Hilpert-Davis','Fantastic Concrete Pants','779','Velit ut sit quia rerum corporis facere.','Dolores quod praesentium quae aut excepturi.',NULL,NULL,3,0,'Nihil consectetur laboriosam nisi minima soluta aliquam in.','Eos alias qui sit id doloremque et rem.','2014-01-10 09:57:57','2014-01-10 09:57:57'),(160,'Model','Becker, Brekke and Harvey','Fantastic Concrete Table','610','Rerum qui placeat quam dolor cum est ut.','Consequatur omnis culpa architecto.',NULL,NULL,2,0,'Deleniti et ut aut.','Tempora tenetur ex tempore.','2014-01-05 00:00:00','2014-01-05 00:00:00'),(161,'Model','Mraz, Ebert and Emmerich','Fantastic Plastic Pants','963','Vel amet quaerat quasi est et.','Molestiae et autem iusto.',NULL,NULL,2,0,'Iusto eaque culpa qui error dolor.','Quis assumenda corrupti laudantium natus qui nam voluptatibus ducimus.','2014-01-05 00:00:00','2014-01-05 00:00:00'),(162,'Model','Shields, VonRueden and Hammes','Practical Plastic Table','648','Quasi inventore voluptates quo.','Rerum est quidem corporis ut placeat quia veritatis provident.',NULL,NULL,2,0,'Qui error ut voluptatem dicta quia sunt sed deserunt.','Consequuntur sit neque ipsum dolor et.','2014-01-05 00:00:00','2014-01-05 00:00:00'),(163,'Model','Simonis-Mills','Rustic Steel Table','284','Vero ut et ea.','Animi itaque laborum maiores omnis est voluptatem.',NULL,NULL,0,0,'Quia vero voluptas voluptatum iure ut dolorum.','Rerum voluptatibus dolor illo modi et repellendus ducimus earum.','2014-01-05 00:00:00','2014-01-05 00:00:00'),(164,'Model','Goodwin-Dietrich','Sleek Granite Table','267','Fugiat aut dolorem minima eligendi et.','Magni quo corrupti odio.',NULL,NULL,2,0,'Architecto aspernatur et voluptatem aut consequatur aliquid labore enim.','Ad sed est amet dolorem.','2014-01-10 09:57:57','2014-01-10 09:57:57'),(165,'Model','Corwin Inc','Sleek Granite Shoes','902','Est expedita dolore fugit aut placeat illum sed et.','Corporis et error est ut eum perferendis qui qui.',NULL,NULL,0,0,'Quia voluptas ut voluptatum et.','Non error enim qui enim quod nostrum consectetur.','2014-01-10 09:57:57','2014-01-10 09:57:57'),(166,'Model','Hills Group','Gorgeous Wooden Chair','467','Repudiandae aut reprehenderit ut et ut et ut.','Eaque soluta qui sed.',NULL,NULL,1,0,'Odio dolores unde adipisci.','Repellat illo sit voluptas.','2014-01-10 09:57:57','2014-01-10 09:57:57'),(167,'Model','Wisozk, Morar and Harris','Incredible Granite Table','160','Inventore distinctio at provident vel modi natus.','Voluptate rerum dolor molestiae unde ratione eveniet.',NULL,NULL,3,0,'Quo porro aliquam occaecati omnis amet.','Rerum facilis quo aut vel.','2014-01-10 09:57:57','2014-01-10 09:57:57'),(168,'Model','Rodriguez-Abbott','Sleek Wooden Pants','648','Est explicabo accusamus est.','Ipsa necessitatibus optio nobis fugit illum dolorem deleniti qui.',NULL,NULL,0,0,'Nesciunt excepturi nostrum dolor tempore est.','Molestiae omnis iusto dolor autem praesentium pariatur expedita.','2014-01-10 09:57:57','2014-01-10 09:57:57'),(169,'Model','McGlynn Group','Sleek Wooden Gloves','092','Veritatis hic cupiditate voluptas non aperiam soluta voluptatem est.','Velit minus recusandae culpa fuga quis quia ut.',NULL,NULL,2,0,'Quos reprehenderit quas aut libero.','Explicabo culpa perspiciatis tenetur sunt dolores aliquid.','2014-01-10 09:57:57','2014-01-10 09:57:57'),(170,'Model','Auer, Waters and Welch','Fantastic Granite Table','829','Dolor quod nam voluptas.','Et labore ratione mollitia.',NULL,NULL,0,0,'Nisi enim sed excepturi cupiditate et.','Facilis vel reiciendis et iure aperiam.','2014-01-10 09:57:57','2014-01-10 09:57:57'),(171,'Model','Becker, Kertzmann and Sawayn','Ergonomic Rubber Car','274','Itaque accusamus est nesciunt voluptate.','Consectetur nesciunt quia itaque quis corporis.',NULL,NULL,2,0,'Ad quo eligendi minima alias voluptas repellendus.','Totam soluta maxime at aut velit et odit repellendus.','2014-01-10 09:57:57','2014-01-10 09:57:57'),(172,'Model','Lakin Inc','Ergonomic Steel Shirt','091','Magni nostrum temporibus recusandae explicabo dolorem laborum minus.','Hic quia quia consequuntur.',NULL,NULL,0,0,'Sapiente voluptatem magnam ullam dolore eos nulla.','Ad sequi neque perferendis sunt veritatis.','2014-01-10 09:57:57','2014-01-10 09:57:57'),(173,'Model','Bashirian-Jenkins','Practical Wooden Shirt','516','Vel suscipit quia quaerat fugiat beatae nemo.','Dolores eaque ipsam exercitationem iste at.',NULL,NULL,2,0,'Esse quasi placeat et eligendi error.','Error ut explicabo iure.','2014-01-10 09:57:57','2014-01-10 09:57:57'),(174,'Model','Brakus, Grimes and Bechtelar','Intelligent Rubber Shoes','386','Non necessitatibus voluptatum quae et.','Eaque dolore sit quisquam.',NULL,NULL,2,0,'Voluptates voluptatem porro eius in quia nostrum.','Vel eligendi fuga et veritatis sint aut molestiae quo.','2014-01-10 09:57:57','2014-01-10 09:57:57'),(175,'Model','Wolff-Daugherty','Intelligent Plastic Shoes','443','Est molestias et voluptatem molestiae.','Velit ex nobis molestiae facere atque id dolorem.',NULL,NULL,3,0,'Voluptas amet quasi sint vel omnis blanditiis.','Dolorum aliquam placeat et unde est.','2014-01-10 09:57:57','2014-01-10 09:57:57'),(176,'Model','Schneider, Heller and Lesch','Ergonomic Granite Shoes','406','Praesentium unde soluta perspiciatis.','Dolorum deleniti laboriosam voluptatum.',NULL,NULL,0,0,'Veniam reprehenderit ex ut aliquam dicta ut.','Eum at sunt odit sit.','2014-01-10 09:57:57','2014-01-10 09:57:57'),(177,'Model','Runte-Veum','Awesome Plastic Hat','672','Qui voluptate suscipit quia dignissimos.','Autem nihil eum dolores distinctio blanditiis illo.',NULL,NULL,2,0,'Dolorem quas ut autem harum.','Quisquam eum facilis quidem sequi et sed quia beatae.','2014-01-10 09:57:57','2014-01-10 09:57:57'),(178,'Model','Zboncak LLC','Ergonomic Granite Shirt','723','Delectus rem ullam odio quos suscipit placeat eum blanditiis.','Consequuntur neque soluta et.',NULL,NULL,0,0,'Cupiditate dolores culpa accusamus impedit aut provident alias ut.','Ut delectus occaecati debitis ex.','2014-01-10 09:57:57','2014-01-10 09:57:57'),(179,'Model','Littel-Adams','Ergonomic Plastic Pants','045','Nulla porro quia qui molestias.','Et ea veniam neque.',NULL,NULL,3,0,'Et rem et ut.','Hic sit non aut deleniti.','2014-01-05 00:00:00','2014-01-05 00:00:00'),(180,'Model','Ankunding, Macejkovic and Purdy','Ergonomic Concrete Car','029','Fugit in est soluta voluptas atque vel tempora cum.','Est voluptatibus dolore voluptatum molestias.',NULL,NULL,2,0,'Aperiam fugiat illo eos corrupti quas architecto delectus.','Eum praesentium saepe sit autem quaerat et.','2014-01-05 00:00:00','2014-01-05 00:00:00'),(181,'Model','Feil, Schowalter and Haag','Gorgeous Plastic Gloves','233','Vel aspernatur quas beatae aut.','Minima enim iste ea iusto.',NULL,NULL,2,0,'Nulla debitis nobis maxime deserunt eum assumenda veritatis non.','Expedita provident sit temporibus necessitatibus consequuntur ut sint.','2014-01-05 00:00:00','2014-01-05 00:00:00'),(182,'Model','McCullough-Runolfsdottir','Incredible Steel Chair','185','Sunt nam est quidem ut ipsam.','Aut quidem non voluptatem ut consequatur sit culpa nihil.',NULL,NULL,3,0,'Delectus eveniet hic repellat autem saepe quia aperiam.','Blanditiis molestias et voluptate aliquam qui culpa quis.','2014-01-05 00:00:00','2014-01-05 00:00:00'),(183,'Model','Quitzon Group','Fantastic Rubber Shoes','584','Ea aut aut neque.','Aut quia similique dolorem.',NULL,NULL,3,0,'Aperiam dolorem a molestiae sint ad voluptas recusandae.','Repudiandae qui ipsum voluptate.','2014-01-05 00:00:00','2014-01-05 00:00:00'),(184,'Model','Mertz, Wyman and D\'Amore','Practical Cotton Chair','138','Impedit beatae ratione ullam laborum.','Repellat rerum rerum molestiae ea rem nemo.',NULL,NULL,3,0,'Et debitis nam repellendus omnis delectus quibusdam.','Sed voluptate eum inventore.','2014-01-10 09:57:57','2014-01-10 09:57:57'),(185,'Model','Toy-Cremin','Gorgeous Granite Chair','249','Est qui iste sit qui qui libero tenetur.','Recusandae quis inventore quia cum.',NULL,NULL,2,0,'Commodi facilis nihil quisquam explicabo sapiente.','Omnis accusantium laudantium eum id nisi eveniet cum.','2014-01-10 09:57:57','2014-01-10 09:57:57'),(186,'Model','Monahan-Powlowski','Incredible Granite Pants','386','Sapiente culpa provident saepe quibusdam vel.','Nostrum molestiae vel omnis ad aut aperiam.',NULL,NULL,1,0,'Ullam commodi qui adipisci dolorem fugiat.','Beatae quo numquam quidem impedit fugiat.','2014-01-10 09:57:57','2014-01-10 09:57:57'),(187,'Model','Botsford Group','Sleek Steel Gloves','627','Sint et et nostrum.','Et sapiente culpa qui ipsum.',NULL,NULL,2,0,'Quod odio nemo autem.','Quis maxime id qui aut modi.','2014-01-10 09:57:57','2014-01-10 09:57:57'),(188,'Model','Rempel-Nitzsche','Rustic Wooden Computer','094','Est eveniet voluptas dolor non omnis.','Ab ea ipsa quod error.',NULL,NULL,3,0,'Dolorem aut eveniet vel nisi.','Unde aut molestiae est optio non non amet quaerat.','2014-01-10 09:57:57','2014-01-10 09:57:57'),(189,'Model','Bailey LLC','Sleek Cotton Pants','246','Et velit nobis qui quia enim rem.','Sit perspiciatis qui nihil et.',NULL,NULL,1,0,'Iste odit molestiae vel in voluptas molestiae voluptas eligendi.','Vel culpa delectus rerum molestiae.','2014-01-10 09:57:57','2014-01-10 09:57:57'),(190,'Model','Ratke LLC','Sleek Rubber Computer','016','Nisi omnis dolores et similique autem.','Quisquam doloribus suscipit asperiores culpa qui.',NULL,NULL,3,0,'Ipsum ut magnam sunt cupiditate velit ex quia.','Sit et a explicabo harum aut dolore.','2014-01-10 09:57:57','2014-01-10 09:57:57'),(191,'Model','Botsford-Olson','Fantastic Wooden Table','121','In eum sed voluptatem aliquid assumenda ipsa debitis dolores.','Et eum voluptas ex voluptas eveniet eaque explicabo alias.',NULL,NULL,3,0,'Eos accusamus cupiditate ut eligendi.','Praesentium aliquam nihil voluptatibus ipsam magni distinctio itaque.','2014-01-10 09:57:57','2014-01-10 09:57:57'),(192,'Model','Kilback Inc','Fantastic Granite Car','957','Aut similique in aspernatur voluptas ullam.','Quia reprehenderit quo ducimus asperiores.',NULL,NULL,2,0,'Omnis cupiditate velit aliquam.','Non explicabo commodi asperiores.','2014-01-10 09:57:57','2014-01-10 09:57:57'),(193,'Model','Boehm, Heaney and Hayes','Small Rubber Car','472','Adipisci dolores laborum repellat dolores quo sapiente.','Culpa sunt minus dolore.',NULL,NULL,3,0,'Repellendus soluta beatae aliquid accusamus.','Reiciendis adipisci et exercitationem est eos voluptates iste.','2014-01-10 09:57:57','2014-01-10 09:57:57'),(194,'Model','Balistreri LLC','Ergonomic Plastic Hat','324','Laborum debitis accusamus aut hic expedita est sit.','Reprehenderit officia sit magni et voluptatum cum ullam sint.',NULL,NULL,3,0,'Consequuntur quam vero voluptatem eius harum omnis.','Quaerat et inventore mollitia.','2014-01-10 09:57:57','2014-01-10 09:57:57'),(195,'Model','Lindgren LLC','Intelligent Cotton Car','530','Deserunt nisi nesciunt eius omnis.','Rerum sed aut quo.',NULL,NULL,3,0,'Modi numquam aliquid perspiciatis ut voluptatem.','Officia reprehenderit dolores alias consequatur inventore voluptas id quam.','2014-01-10 09:57:57','2014-01-10 09:57:57'),(196,'Model','Glover, Gulgowski and Bogan','Fantastic Granite Pants','434','Quam ad corrupti sed.','Sint dignissimos totam nostrum nemo quo voluptatem.',NULL,NULL,0,0,'Temporibus eum saepe eius reprehenderit voluptatem.','Illo repellendus quis ullam.','2014-01-10 09:57:57','2014-01-10 09:57:57'),(197,'Model','Hyatt, Stark and Hirthe','Practical Plastic Computer','484','Velit odit minima omnis aut vitae sint quaerat.','Numquam consequatur sed doloribus et accusantium vel error voluptatem.',NULL,NULL,0,0,'Atque eos nemo ratione fugit commodi esse.','Aperiam accusantium maiores consequatur tenetur et fuga et temporibus.','2014-01-10 09:57:57','2014-01-10 09:57:57'),(198,'Model','Hane-Stokes','Ergonomic Cotton Table','078','Nihil recusandae provident dolores dolorum dolorem optio.','Vitae qui odio cum minus ipsam voluptas.',NULL,NULL,0,0,'Eligendi aut earum reprehenderit numquam nisi sequi.','Tempora quae odit iure dolor hic cumque est.','2014-01-10 09:57:57','2014-01-10 09:57:57'),(199,'Model','Runolfsdottir Inc','Ergonomic Granite Pants','309','Culpa nam exercitationem tenetur quibusdam enim recusandae velit enim.','Eius voluptatum quibusdam perferendis.',NULL,NULL,0,0,'Laborum explicabo neque libero praesentium esse dolor soluta dolore.','Cum nam totam earum.','2014-01-10 09:57:57','2014-01-10 09:57:57'),(200,'Model','Cummings, Hoeger and Toy','Incredible Concrete Shoes','057','Laboriosam rerum corporis tenetur aut aspernatur sequi et.','Aut dolorem perferendis rerum cum illum aut qui.',NULL,NULL,0,0,'Voluptas et dignissimos soluta amet facere architecto molestiae.','Repellendus quidem et ut.','2014-01-10 09:57:57','2014-01-10 09:57:57'),(201,'Model','Schultz and Sons','Gorgeous Cotton Chair','525','Provident dolor itaque consequuntur eos voluptas.','Dolor dolor neque quos blanditiis occaecati magnam officia autem.',NULL,NULL,0,0,'Animi sequi repudiandae non repellat esse sit.','Soluta exercitationem at omnis qui animi odio.','2014-01-10 09:57:57','2014-01-10 09:57:57'),(202,'Model','Koss, DuBuque and Schaden','Sleek Steel Computer','777','Ullam ad sint deleniti enim enim.','Deleniti est mollitia eum.',NULL,NULL,2,0,'Cupiditate sapiente illum quo quaerat.','Omnis laboriosam eos pariatur molestiae aperiam.','2014-01-10 09:57:57','2014-01-10 09:57:57'),(203,'Model','Powlowski-D\'Amore','Awesome Concrete Chair','371','Perferendis esse tempora laborum neque est.','Reiciendis quasi qui ipsam neque a exercitationem.',NULL,NULL,3,0,'Rerum voluptates autem perferendis quia.','Et qui aut et veritatis facere nulla dolorum.','2014-01-10 09:57:57','2014-01-10 09:57:57'),(204,'Model','Feest and Sons','Intelligent Cotton Chair','157','At repellat est repellendus repudiandae est qui.','Harum nihil sapiente mollitia atque.',NULL,NULL,2,0,'Ut sunt at illo laudantium ut exercitationem.','Ullam incidunt maxime impedit odit molestiae iure.','2014-01-10 09:57:57','2014-01-10 09:57:57'),(205,'Model','Lynch, Will and Schaden','Awesome Cotton Computer','997','Soluta aut et et voluptas eos.','Voluptatibus molestiae facilis deserunt voluptas.',NULL,NULL,3,0,'Voluptas soluta rerum nihil corrupti eum laudantium omnis.','Dolores consequatur facilis architecto sed iure aut et totam.','2014-01-10 09:57:57','2014-01-10 09:57:57'),(206,'Model','Bogisich LLC','Ergonomic Wooden Pants','574','Perferendis et et et autem autem.','Velit eum mollitia iste sed dicta reiciendis repudiandae.',NULL,NULL,0,0,'Quia libero placeat atque et corporis.','Perspiciatis vero consequatur assumenda.','2014-01-10 09:57:57','2014-01-10 09:57:57'),(207,'Model','Boyle, MacGyver and Kautzer','Practical Rubber Shoes','400','Impedit consequuntur placeat fugit ea.','Iusto ab in et sequi assumenda autem.',NULL,NULL,3,0,'Illum labore aperiam consequatur aliquid.','Reiciendis et tempore possimus.','2014-01-10 09:57:57','2014-01-10 09:57:57'),(208,'Model','Mills, Bergstrom and Robel','Rustic Wooden Chair','197','Sunt dolores nam modi cupiditate sit velit sed.','Modi voluptatem pariatur sint voluptates quo et ea.',NULL,NULL,0,0,'Unde ut facilis ut rem impedit.','Veniam tempore repudiandae molestiae.','2014-01-10 09:57:57','2014-01-10 09:57:57'),(209,'Model','Medhurst Group','Small Steel Shoes','175','Voluptas neque sunt laudantium.','Veniam libero laborum quaerat.',NULL,NULL,3,0,'Sint hic aut doloremque enim saepe velit labore.','Non et repudiandae sed possimus et non asperiores dolor.','2014-01-10 09:57:57','2014-01-10 09:57:57'),(210,'Model','Beahan-O\'Kon','Awesome Plastic Shoes','862','Perferendis deleniti dicta beatae laborum.','Minus maxime accusantium ut est non sunt.',NULL,NULL,3,0,'Quia illum ut excepturi.','Pariatur illo error aut recusandae consequatur vel dolor est.','2014-01-10 09:57:57','2014-01-10 09:57:57'),(211,'Model','Erdman, Keeling and Kerluke','Ergonomic Wooden Hat','690','Occaecati quia ipsum molestias est iste.','Et quia et porro.',NULL,NULL,3,0,'Natus deleniti sed molestiae quaerat.','Dicta minima velit consequatur reprehenderit quia modi.','2014-01-10 09:57:57','2014-01-10 09:57:57'),(212,'Model','Schneider and Sons','Fantastic Cotton Hat','001','Voluptas numquam possimus dolor.','Alias praesentium fuga corrupti mollitia.',NULL,NULL,0,0,'Reiciendis eaque et sit doloremque.','Expedita ex perferendis tempore inventore dolores sunt dicta.','2014-01-10 09:57:57','2014-01-10 09:57:57'),(213,'Model','Rowe, McClure and Feil','Ergonomic Rubber Pants','123','Dolorem ullam quis itaque.','Molestias temporibus eius fugit odit quo maiores dolorem.',NULL,NULL,2,0,'Sed numquam nobis doloremque ut quam fugit aliquam distinctio.','Corrupti quae deleniti reprehenderit.','2014-01-10 09:57:57','2014-01-10 09:57:57'),(214,'Model','Stamm-Mueller','Awesome Rubber Table','713','Architecto accusamus deleniti assumenda eos.','Minima ratione consequuntur ut.',NULL,NULL,3,0,'In accusantium eos velit mollitia et laborum tenetur.','Distinctio culpa ab nihil qui.','2014-01-10 09:57:57','2014-01-10 09:57:57'),(215,'Model','Nolan, Zieme and Bogan','Awesome Wooden Shirt','416','Quo quas omnis alias.','Explicabo rerum fugiat temporibus nostrum repellendus dolorem.',NULL,NULL,3,0,'Similique odit porro eum totam hic enim.','Molestias consequatur recusandae et commodi voluptatem.','2014-01-10 09:57:57','2014-01-10 09:57:57'),(216,'Model','Harber-Schowalter','Small Plastic Hat','736','Voluptas quia nemo dolorem unde.','Itaque omnis eius aut qui voluptatibus illum.',NULL,NULL,1,0,'Reiciendis porro qui quia aut.','Exercitationem porro dolor nemo aperiam.','2014-01-10 09:57:57','2014-01-10 09:57:57'),(217,'Model','Leuschke and Sons','Intelligent Cotton Hat','703','Maxime enim aliquid quae accusamus reprehenderit.','Consequatur tenetur sit est sint ad totam dolor consequatur.',NULL,NULL,1,0,'Distinctio sint vitae quisquam aut ut.','Et incidunt commodi voluptas quo iste vitae ipsum.','2014-01-10 09:57:57','2014-01-10 09:57:57'),(218,'Model','Mosciski, Murazik and Lowe','Incredible Steel Computer','430','Id unde occaecati et dignissimos illo.','Non eos est ipsum sed molestias.',NULL,NULL,1,0,'Alias molestiae dolorem iusto neque quod.','Quia dolores veritatis neque.','2014-01-10 09:57:57','2014-01-10 09:57:57'),(219,'Model','Bayer-Mayer','Ergonomic Concrete Shirt','701','Quia aliquid et sint.','Eum quis ea inventore mollitia.',NULL,NULL,0,0,'Doloremque quam et adipisci architecto est.','Sint molestiae ut optio.','2014-01-10 09:57:57','2014-01-10 09:57:57'),(220,'Model','Kautzer Group','Intelligent Wooden Table','897','Ut omnis inventore quas voluptatum.','Consequatur quibusdam nihil magnam qui iste aut.',NULL,NULL,3,0,'Repudiandae quasi totam est.','Sint minus et blanditiis ea qui commodi.','2014-01-10 09:57:57','2014-01-10 09:57:57'),(221,'Model','Wilkinson-Lockman','Rustic Concrete Shoes','517','Eum tempora deleniti vero veritatis rem qui.','Provident eum ea voluptatibus dolore itaque.',NULL,NULL,2,0,'Debitis perferendis quos totam officiis sunt rerum sed.','Eveniet ipsa magnam aut itaque nulla.','2014-01-10 09:57:57','2014-01-10 09:57:57'),(222,'Model','Haag Inc','Gorgeous Cotton Gloves','078','Omnis et aut mollitia rerum.','Sequi ut ipsum placeat quod cum ut ratione.',NULL,NULL,0,0,'Vero vel est excepturi.','Ut distinctio ex sit nobis est.','2014-01-10 09:57:57','2014-01-10 09:57:57'),(223,'Model','Haley-Trantow','Fantastic Wooden Car','897','Beatae quis magni consequuntur.','Inventore corrupti explicabo adipisci iste optio nesciunt consequatur consequatur.',NULL,NULL,0,0,'Ex et doloribus ipsam officiis sit impedit enim autem.','Voluptas aliquid omnis amet quisquam ut.','2014-01-10 09:57:57','2014-01-10 09:57:57'),(224,'Model','O\'Connell Group','Ergonomic Concrete Table','567','Est aut aut consequatur.','Eum possimus assumenda quisquam.',NULL,NULL,0,0,'Esse voluptatibus omnis deserunt consectetur.','Ut error quisquam est repellat voluptas.','2014-01-10 09:57:57','2014-01-10 09:57:57'),(225,'Model','Harvey, Cummerata and Windler','Small Cotton Shirt','855','Qui quia eos aut.','Omnis voluptas deleniti ut ipsam consequuntur est ducimus.',NULL,NULL,1,0,'Consequuntur porro aut alias recusandae.','Cum similique aut error.','2014-01-10 09:57:57','2014-01-10 09:57:57'),(226,'Model','Stark LLC','Awesome Steel Car','596','Veritatis enim voluptates quidem voluptatem quaerat fugiat.','Eveniet enim delectus eius eos.',NULL,NULL,0,0,'Magnam inventore laboriosam tempore dolore.','Et placeat aut nobis sed quam dicta ut delectus.','2014-01-10 09:57:57','2014-01-10 09:57:57'),(227,'Model','Rath, Schimmel and Kub','Awesome Granite Computer','980','Quam quis voluptatum facere veniam aut est.','Saepe rerum et natus et quod sunt excepturi.',NULL,NULL,3,0,'Sunt sed corporis velit.','Molestias eos vel odio ipsa vel.','2014-01-10 09:57:57','2014-01-10 09:57:57'),(228,'Model','Casper, Doyle and Mann','Awesome Rubber Chair','349','Dolor possimus tempora optio voluptatem qui voluptas nemo.','Quam voluptate unde id autem et voluptas.',NULL,NULL,2,0,'Sint natus et iure qui sed voluptatem doloribus.','Odit aspernatur non sint ipsum.','2014-01-10 09:57:57','2014-01-10 09:57:57'),(229,'Model','Fisher Group','Rustic Concrete Hat','187','Voluptatem iusto est quod commodi eius ipsa ab ut.','Veniam reprehenderit sit aut ut quasi omnis.',NULL,NULL,3,0,'Hic quisquam error ratione molestiae.','Asperiores et aut doloremque et consequatur enim aliquam architecto.','2014-01-03 18:29:04','2014-01-03 18:29:04'),(230,'Model','Dooley Group','Incredible Concrete Computer','442','Et facilis perferendis aliquam quas sed.','Aut nam mollitia tenetur aliquam itaque nihil est nemo.',NULL,NULL,3,0,'Aperiam rem reiciendis et enim dicta eum.','Aut aut cupiditate quasi vel facere.','2014-01-03 18:29:04','2014-01-03 18:29:04'),(231,'Model','Larkin Group','Small Concrete Computer','888','Dolores similique aut est tempora reprehenderit.','Cupiditate nulla quae possimus doloribus minus ut et.',NULL,NULL,0,0,'Dolores a et eos et itaque ipsum et quia.','Et quo id est.','2014-01-03 18:29:04','2014-01-03 18:29:04'),(232,'Model','Bogisich, Kreiger and Rosenbaum','Gorgeous Granite Computer','535','Enim enim et velit similique vero.','Sunt sed rerum ratione eos odit voluptate assumenda.',NULL,NULL,0,0,'Pariatur excepturi eos deleniti perferendis laborum.','Ab sit omnis eaque quis omnis.','2014-01-03 18:29:04','2014-01-03 18:29:04'),(233,'Model','Schaefer LLC','Rustic Cotton Shoes','948','Iste doloremque repellendus eius unde atque corporis in.','Odit quam quis ipsam quia deleniti exercitationem.',NULL,NULL,3,0,'Corporis nihil dolor labore ut unde qui accusamus.','Enim reprehenderit et odio ipsam debitis velit.','2014-01-03 18:29:04','2014-01-03 18:29:04'),(234,'Model','Hermiston-Thiel','Ergonomic Concrete Chair','774','Saepe eos quam ipsam aperiam ut repellendus.','Asperiores delectus est aut ut libero.',NULL,NULL,0,0,'At sunt minima delectus cum corporis ex adipisci placeat.','Eaque sunt velit necessitatibus dolor eveniet possimus ab qui.','2014-01-03 18:29:04','2014-01-03 18:29:04'),(235,'Model','Lesch, Smith and Zulauf','Intelligent Wooden Pants','714','Animi nihil odio quod aliquam rerum sit voluptas et.','Blanditiis ex ad deleniti soluta aliquam numquam dolorem.',NULL,NULL,0,0,'Consectetur quod ipsa velit cupiditate debitis molestias.','Atque sapiente mollitia odit rerum eum quod.','2014-01-03 18:29:04','2014-01-03 18:29:04'),(236,'Model','Spencer-Turcotte','Gorgeous Concrete Table','447','In eos natus nam eos.','Quia ea qui ut ratione sed.',NULL,NULL,1,0,'Vitae reiciendis totam odio maxime voluptatem.','Ea in sequi quaerat.','2014-01-03 18:29:04','2014-01-03 18:29:04'),(237,'Model','Jaskolski, Bashirian and Ziemann','Ergonomic Steel Gloves','769','Libero et optio odio est.','Odio est aperiam pariatur qui autem.',NULL,NULL,0,0,'Et nihil ex rem ut ipsum quam saepe.','Quam delectus in quod.','2014-01-03 18:29:04','2014-01-03 18:29:04'),(238,'Model','Stanton and Sons','Small Granite Table','699','Commodi facere recusandae expedita et et rerum non.','Eveniet ut distinctio sed corrupti numquam est.',NULL,NULL,2,0,'Praesentium in neque maiores rerum aut dolor.','Ut beatae commodi autem corporis consectetur illum.','2014-01-03 18:29:04','2014-01-03 18:29:04'),(239,'Model','Conroy-Grady','Gorgeous Plastic Pants','905','Praesentium dolor ex voluptas illum.','Sed dicta sint et.',NULL,NULL,2,0,'Nulla et et quia omnis soluta in et modi.','Beatae deserunt est non sed nostrum eos eos rerum.','2014-01-03 18:29:04','2014-01-03 18:29:04'),(240,'Model','Wyman Inc','Intelligent Rubber Car','275','Omnis consectetur ab sint reiciendis numquam optio aperiam ea.','Veritatis eos aut id recusandae.',NULL,NULL,1,0,'Magnam quaerat iste eius.','Nam ad placeat magnam.','2014-01-03 18:29:04','2014-01-03 18:29:04'),(241,'Model','Johns Inc','Sleek Wooden Hat','457','Et est est nam porro ut adipisci et quidem.','Qui blanditiis sequi autem necessitatibus aut suscipit debitis.',NULL,NULL,3,0,'Pariatur adipisci quis qui sunt dolor fuga sint.','Perferendis culpa aut facilis.','2014-01-03 18:29:04','2014-01-03 18:29:04'),(242,'Model','Murray and Sons','Fantastic Wooden Chair','943','Deleniti a iure voluptatem aspernatur minus laudantium qui sunt.','Voluptate sunt atque totam fugit corrupti impedit.',NULL,NULL,0,0,'Nam est sit quos corrupti qui.','Reprehenderit tempore est veritatis.','2014-01-03 18:29:04','2014-01-03 18:29:04'),(243,'Model','Feil-Buckridge','Incredible Wooden Computer','548','Et accusantium dolorum tempore inventore sint.','Voluptatem assumenda harum repellat cum.',NULL,NULL,1,0,'Aut quisquam praesentium nulla sequi adipisci.','Officiis similique itaque rerum vero.','2014-01-03 18:29:04','2014-01-03 18:29:04'),(244,'Model','Wolff and Sons','Rustic Concrete Gloves','570','Laudantium et deserunt reprehenderit consequatur.','Voluptatibus voluptas ut occaecati porro.',NULL,NULL,3,0,'Cumque mollitia neque ab quis non maiores voluptas repellendus.','Libero aut voluptas veritatis.','2014-01-03 18:29:04','2014-01-03 18:29:04'),(245,'Model','Stoltenberg-Ritchie','Practical Granite Chair','088','Ad sint qui est nobis quas aut possimus.','Numquam rerum ratione fugit exercitationem voluptas officia sit.',NULL,NULL,1,0,'Non nam sit distinctio.','Ipsa eos doloremque est earum.','2014-01-03 18:29:04','2014-01-03 18:29:04'),(246,'Model','Schmidt-Lind','Gorgeous Cotton Shirt','608','Rerum eaque harum qui soluta a.','A autem aliquid ipsum neque fugiat cum illum doloremque.',NULL,NULL,1,0,'Fugiat voluptas culpa voluptatum provident et doloribus aut at.','Quas porro laudantium quisquam.','2014-01-03 18:29:04','2014-01-03 18:29:04'),(247,'Model','Graham-Spinka','Practical Concrete Gloves','792','Ut aliquam placeat quasi minus ipsa dignissimos odit.','Dolor in optio voluptatibus similique molestiae aut.',NULL,NULL,1,0,'Quae repudiandae nobis officia voluptatem.','Ullam tempore ut occaecati dicta unde et corporis voluptas.','2014-01-03 18:29:04','2014-01-03 18:29:04'),(248,'Model','Abernathy-Keeling','Sleek Wooden Car','305','Iste facere perspiciatis corrupti consequatur et architecto molestiae.','Aut aut laborum repellendus error et a.',NULL,NULL,3,0,'Molestias quidem adipisci aut id voluptate qui et autem.','Quo occaecati excepturi quas iure iste.','2014-01-03 18:29:04','2014-01-03 18:29:04'),(249,'Model','Eichmann Inc','Fantastic Cotton Gloves','766','Quaerat cum odio debitis itaque non magnam sed consequatur.','Aut earum fugiat nostrum quia.',NULL,NULL,3,0,'Est libero delectus corrupti.','Dolorem ex est quia excepturi minus officia perspiciatis.','2014-01-03 18:29:04','2014-01-03 18:29:04'),(250,'Model','Flatley, Bahringer and Leannon','Small Granite Shoes','325','Dolorum velit molestias qui id perspiciatis rerum unde quos.','Et doloremque praesentium ducimus aperiam.',NULL,NULL,0,0,'Commodi ut magnam error in inventore.','Nam sapiente ipsam qui eveniet nostrum.','2014-01-03 18:29:04','2014-01-03 18:29:04'),(251,'Model','West-McLaughlin','Incredible Rubber Gloves','173','Accusamus ea et et dicta ducimus nesciunt.','Unde commodi et quia recusandae nostrum.',NULL,NULL,2,0,'Nihil voluptatem adipisci temporibus dolorem aut neque nam.','Tempore dolore voluptates eos illo.','2014-01-03 18:29:05','2014-01-03 18:29:05'),(252,'Model','Ratke-Lang','Incredible Rubber Shirt','988','Quasi et rem vel fugit.','Necessitatibus neque enim sit.',NULL,NULL,0,0,'Fuga deleniti sapiente libero consequuntur aliquam officiis.','Magni maiores nam ut voluptas non.','2014-01-08 02:00:30','2014-01-08 02:00:30'),(253,'Model','Reichert, Purdy and Moen','Incredible Steel Hat','432','Repellat cumque delectus sit perferendis nemo.','Voluptas quaerat assumenda quis.',NULL,NULL,0,0,'Vitae voluptates unde dolorem accusantium in assumenda quas.','Quia repellendus sunt et.','2014-01-08 02:00:30','2014-01-08 02:00:30'),(254,'Model','Jerde Inc','Rustic Granite Gloves','731','Cumque assumenda totam sunt et reiciendis excepturi quisquam consequatur.','Porro qui dolores molestiae.',NULL,NULL,3,0,'Eius hic possimus explicabo.','Aut ut quia doloremque perferendis eveniet quo.','2014-01-08 02:00:30','2014-01-08 02:00:30'),(255,'Model','Wunsch-Breitenberg','Ergonomic Plastic Car','298','Laudantium quam ea quis corporis ut numquam natus.','Beatae vero recusandae pariatur enim excepturi ipsam ut dolorem.',NULL,NULL,2,0,'Voluptas numquam vitae est laboriosam eius ut.','Cupiditate non sit sapiente non perspiciatis tempore qui.','2014-01-03 15:54:09','2014-01-03 15:54:09'),(256,'Model','Ziemann-Gerlach','Incredible Steel Car','815','Et molestias at et qui enim reprehenderit nam.','Placeat illo pariatur id perspiciatis amet.',NULL,NULL,0,0,'Qui architecto sunt tempora dignissimos reiciendis occaecati magni.','Praesentium mollitia adipisci qui dolorem velit voluptas.','2014-01-03 15:54:09','2014-01-03 15:54:09'),(257,'Model','Marquardt Group','Sleek Plastic Pants','491','Ut et omnis commodi eaque dolores.','Dolorem et iure voluptatum laborum eligendi repudiandae placeat officiis.',NULL,NULL,0,0,'Culpa aliquam tempore non tenetur illum perspiciatis facere quasi.','Amet odit sunt incidunt dolorem atque non dolorum veritatis.','2014-01-03 15:54:09','2014-01-03 15:54:09'),(258,'Model','Schumm Inc','Ergonomic Rubber Shirt','967','Aliquam sed perspiciatis eligendi rem nulla.','Amet unde eaque ipsam vel quis magni consectetur nemo.',NULL,NULL,0,0,'Neque quia sunt dolores natus ab nostrum ad.','Et repudiandae qui quis consequatur.','2014-01-03 15:54:09','2014-01-03 15:54:09'),(259,'Model','Gutkowski LLC','Rustic Steel Hat','684','Harum et nobis deserunt.','Aut dolores quas ducimus dolorem quis et.',NULL,NULL,0,0,'Quis voluptatem nulla ab consequatur ipsam aut.','Qui rerum ut exercitationem voluptatum.','2014-01-03 15:54:09','2014-01-03 15:54:09'),(260,'Model','Mante, Altenwerth and Adams','Rustic Wooden Pants','360','Dolor non consequatur quis illum sunt suscipit qui.','Explicabo ut quam et qui.',NULL,NULL,0,0,'Aut et suscipit eaque.','Dolorum quia veniam maiores repudiandae accusantium quo consequatur.','2014-01-03 15:54:09','2014-01-03 15:54:09'),(261,'Model','Williamson, Schmeler and Schoen','Fantastic Plastic Computer','720','Non consequuntur quibusdam non iusto aliquam.','Doloremque ratione in aut quaerat non animi quis fugit.',NULL,NULL,3,0,'Voluptas rerum distinctio omnis dolores molestias.','Consequatur facere deleniti illum impedit inventore ea.','2014-01-03 15:54:09','2014-01-03 15:54:09'),(262,'Model','Bode Inc','Small Plastic Chair','642','Esse quos est quaerat dicta beatae quo.','Nesciunt nam in est distinctio consequatur ea quae placeat.',NULL,NULL,1,0,'Est nulla quisquam et eum quam dolor cum.','Molestiae consequatur nemo et non et.','2014-01-03 15:54:09','2014-01-03 15:54:09'),(263,'Model','Ferry and Sons','Fantastic Plastic Hat','688','Reprehenderit quam consequatur dolores ipsum ipsam autem.','Sed eaque molestiae architecto neque delectus eligendi unde consequatur.',NULL,NULL,2,0,'Perferendis eligendi officia tempore.','Blanditiis quam natus nulla reiciendis et.','2014-01-03 15:54:09','2014-01-03 15:54:09'),(264,'Model','Mosciski and Sons','Practical Cotton Gloves','967','Odio esse eos et magnam ducimus.','Voluptates dolore nostrum deleniti repellendus iusto enim doloribus in.',NULL,NULL,3,0,'Quas vel praesentium et.','Laborum sunt aspernatur minima sit labore.','2014-01-10 09:57:57','2014-01-10 09:57:57'),(265,'Model','Donnelly and Sons','Ergonomic Steel Table','887','Quia ea et pariatur temporibus officiis perferendis voluptas corporis.','Quis aut cum necessitatibus.',NULL,NULL,2,0,'Tempore repudiandae enim minima at est molestiae.','Dolores eveniet quas voluptatem.','2014-01-10 09:57:57','2014-01-10 09:57:57'),(266,'Model','Auer and Sons','Ergonomic Rubber Computer','640','Non fugit labore ea.','Expedita est ex quam omnis laboriosam.',NULL,NULL,0,0,'Aliquam voluptas aut sit.','Harum ullam voluptatibus sint cupiditate.','2014-01-10 09:57:57','2014-01-10 09:57:57'),(267,'Model','Cremin-Blick','Rustic Cotton Shirt','708','Corporis consequatur fuga suscipit quidem id non et et.','Et praesentium ea voluptatem adipisci sed.',NULL,NULL,0,0,'Accusamus enim suscipit odit reiciendis et.','Quia explicabo odio est quae.','2014-01-10 09:57:57','2014-01-10 09:57:57'),(268,'Model','Beier and Sons','Small Wooden Shirt','996','Qui dolorem libero possimus.','Et sit vel aspernatur cumque consequatur fuga distinctio.',NULL,NULL,1,0,'Molestias quam in eos aspernatur et sed est itaque.','Dignissimos suscipit optio delectus.','2014-01-10 09:57:57','2014-01-10 09:57:57'),(269,'Model','Ullrich Group','Ergonomic Cotton Hat','085','Eum dolorum est fuga quam ipsam quidem eos.','Facere itaque labore qui corrupti.',NULL,NULL,2,0,'Ipsum molestiae et aut.','Culpa recusandae et sunt impedit est nobis.','2014-01-10 09:57:57','2014-01-10 09:57:57'),(270,'Model','Ortiz, Ziemann and Stroman','Fantastic Concrete Car','396','Ex officiis cumque ratione molestias.','Nisi aspernatur qui quia veritatis quo.',NULL,NULL,2,0,'Quaerat explicabo assumenda quidem fuga.','Repudiandae aut repellendus nostrum suscipit sint sit.','2014-01-10 09:57:57','2014-01-10 09:57:57'),(271,'Model','Jones-Grant','Ergonomic Cotton Gloves','980','Temporibus est voluptates nemo eius non illo.','Sed est et architecto dolores quia modi.',NULL,NULL,2,0,'Quod consequatur et quis perspiciatis maxime debitis dolor.','Ratione sit libero quo est voluptate non quod maiores.','2014-01-10 09:57:57','2014-01-10 09:57:57'),(272,'Model','Stokes-Goyette','Ergonomic Rubber Shoes','885','Voluptates natus velit sed a.','Voluptatem rerum omnis doloremque omnis dolores aut ut est.',NULL,NULL,2,0,'Minus aut quo maiores eos consequatur fugiat eius est.','Eligendi aut harum et expedita dolores vel accusamus et.','2014-01-10 09:57:57','2014-01-10 09:57:57'),(273,'Model','Dickens-Spencer','Sleek Granite Shirt','643','Officiis corrupti sequi minima.','Pariatur exercitationem molestiae explicabo doloribus.',NULL,NULL,2,0,'Repudiandae nihil aut maiores totam ex quo iure et.','Nostrum ipsum quis est labore.','2014-01-10 09:57:57','2014-01-10 09:57:57'),(274,'Model','Heidenreich, Connelly and Stehr','Gorgeous Rubber Computer','358','Repellendus maxime consequatur quod accusantium ut quae sapiente.','Quidem non et similique animi perspiciatis nulla.',NULL,NULL,0,0,'Nemo tempore dolore culpa iusto quae officia.','Deserunt est fugit qui facere.','2014-01-10 09:57:57','2014-01-10 09:57:57'),(275,'Model','Brekke, Stark and Bogan','Ergonomic Cotton Car','631','Ullam optio iste officia.','Aut tempora dolor minima quia sed asperiores.',NULL,NULL,0,0,'In rem reprehenderit consequuntur pariatur et sit quam.','Est quo eius et impedit harum sapiente sunt veniam.','2014-01-10 09:57:57','2014-01-10 09:57:57'),(276,'Model','Gusikowski LLC','Small Plastic Shirt','298','Incidunt omnis assumenda praesentium quae quibusdam alias.','Ipsam iure id iste quidem quaerat consequatur tenetur quam.',NULL,NULL,0,0,'Est ipsa facilis deserunt magnam dolorum.','Assumenda autem veritatis possimus et quibusdam velit.','2014-01-10 09:57:57','2014-01-10 09:57:57'),(277,'Model','Larson-Ratke','Rustic Rubber Hat','273','Illo hic voluptatem laudantium.','Vel amet aspernatur consequatur.',NULL,NULL,1,0,'Ut culpa eius sit eum quos.','Odio et reiciendis nobis similique alias qui.','2014-01-10 09:57:57','2014-01-10 09:57:57'),(278,'Model','Feest and Sons','Intelligent Granite Hat','191','Voluptatem corporis ipsam reiciendis.','Pariatur quis eos illum occaecati nihil.',NULL,NULL,1,0,'Magni voluptatem dolorem dicta ratione illum voluptatum.','Repellat est aut asperiores deserunt id vero.','2014-01-10 09:57:57','2014-01-10 09:57:57'),(279,'Model','Krajcik-Feeney','Intelligent Concrete Car','503','Cumque rerum voluptas et.','Dolores aspernatur ex impedit voluptatem.',NULL,NULL,2,0,'Reiciendis est nesciunt quibusdam facilis velit fugiat.','Rerum ullam distinctio magnam amet necessitatibus.','2014-01-10 09:57:57','2014-01-10 09:57:57'),(280,'Model','Blick, Torp and Stoltenberg','Awesome Rubber Shoes','170','Deleniti veritatis porro neque rem est quia.','Rerum culpa voluptates facere est omnis voluptate veniam accusamus.',NULL,NULL,0,0,'Quis delectus eum ut.','Expedita et odio fugiat odit.','2014-01-10 09:57:57','2014-01-10 09:57:57'),(281,'Model','Wilkinson-Cormier','Ergonomic Wooden Car','105','Provident iure nesciunt et et rerum aspernatur aut nostrum.','Rerum tenetur illum culpa ut consequatur beatae.',NULL,NULL,2,0,'Sunt illum velit qui molestias sint quae atque.','Iure dolorem pariatur autem delectus alias.','2014-01-10 09:57:57','2014-01-10 09:57:57'),(282,'Model','Ortiz-Tromp','Sleek Plastic Car','850','At quam dignissimos ratione sequi rerum repudiandae incidunt.','Veniam assumenda tenetur earum aut optio nihil maxime.',NULL,NULL,1,0,'Doloremque sed non veritatis esse iusto dolor.','Qui nulla pariatur consequatur molestias.','2014-01-10 09:57:57','2014-01-10 09:57:57'),(283,'Model','Lehner Inc','Small Cotton Car','660','Architecto qui corporis ad et voluptas laborum ut.','In ipsum animi eligendi et.',NULL,NULL,0,0,'Voluptas ex ipsum praesentium.','Aut facere at quibusdam qui.','2014-01-10 09:57:57','2014-01-10 09:57:57'),(284,'Model','Orn-Lubowitz','Fantastic Granite Gloves','987','Voluptatem atque adipisci dolorem.','Numquam accusamus assumenda qui harum sit nesciunt aliquid.',NULL,NULL,0,0,'Aut autem illo doloribus ratione veniam.','Voluptatem nemo suscipit non cumque et ad omnis.','2014-01-10 09:57:57','2014-01-10 09:57:57'),(285,'Model','Wilderman-Fahey','Awesome Plastic Chair','294','Et fugiat dolorem aspernatur perspiciatis iste magnam.','Praesentium voluptatum quas quia aut ad facere veniam.',NULL,NULL,2,0,'Est iure vitae quo assumenda placeat est.','Error exercitationem fugit odit explicabo ut voluptatibus omnis.','2014-01-10 09:57:57','2014-01-10 09:57:57'),(286,'Model','Nader-Streich','Awesome Rubber Shirt','962','At aspernatur autem rerum et et illum neque.','Perferendis ab qui velit magnam dolore cupiditate.',NULL,NULL,2,0,'In adipisci facilis qui ab qui.','In voluptas odio molestiae explicabo.','2014-01-10 09:57:57','2014-01-10 09:57:57');
/*!40000 ALTER TABLE `models` ENABLE KEYS */;
UNLOCK TABLES;

--
-- Table structure for table `models_compatibles`
--

DROP TABLE IF EXISTS `models_compatibles`;
/*!40101 SET @saved_cs_client     = @@character_set_client */;
/*!40101 SET character_set_client = utf8 */;
CREATE TABLE `models_compatibles` (
  `model_id` int(11) DEFAULT NULL,
  `compatible_id` int(11) DEFAULT NULL,
  KEY `index_models_compatibles_on_compatible_id` (`compatible_id`),
  KEY `index_models_compatibles_on_model_id` (`model_id`)
) ENGINE=InnoDB DEFAULT CHARSET=utf8 COLLATE=utf8_unicode_ci;
/*!40101 SET character_set_client = @saved_cs_client */;

--
-- Dumping data for table `models_compatibles`
--

LOCK TABLES `models_compatibles` WRITE;
/*!40000 ALTER TABLE `models_compatibles` DISABLE KEYS */;
INSERT INTO `models_compatibles` VALUES (152,151),(153,151),(154,151);
/*!40000 ALTER TABLE `models_compatibles` ENABLE KEYS */;
UNLOCK TABLES;

--
-- Table structure for table `notifications`
--

DROP TABLE IF EXISTS `notifications`;
/*!40101 SET @saved_cs_client     = @@character_set_client */;
/*!40101 SET character_set_client = utf8 */;
CREATE TABLE `notifications` (
  `id` int(11) NOT NULL AUTO_INCREMENT,
  `user_id` int(11) DEFAULT NULL,
  `title` varchar(255) COLLATE utf8_unicode_ci DEFAULT '',
  `created_at` datetime NOT NULL,
  PRIMARY KEY (`id`),
  KEY `index_notifications_on_user_id` (`user_id`)
) ENGINE=InnoDB DEFAULT CHARSET=utf8 COLLATE=utf8_unicode_ci;
/*!40101 SET character_set_client = @saved_cs_client */;

--
-- Dumping data for table `notifications`
--

LOCK TABLES `notifications` WRITE;
/*!40000 ALTER TABLE `notifications` DISABLE KEYS */;
/*!40000 ALTER TABLE `notifications` ENABLE KEYS */;
UNLOCK TABLES;

--
-- Table structure for table `numerators`
--

DROP TABLE IF EXISTS `numerators`;
/*!40101 SET @saved_cs_client     = @@character_set_client */;
/*!40101 SET character_set_client = utf8 */;
CREATE TABLE `numerators` (
  `id` int(11) NOT NULL AUTO_INCREMENT,
  `item` int(11) DEFAULT NULL,
  PRIMARY KEY (`id`)
) ENGINE=InnoDB DEFAULT CHARSET=utf8 COLLATE=utf8_unicode_ci;
/*!40101 SET character_set_client = @saved_cs_client */;

--
-- Dumping data for table `numerators`
--

LOCK TABLES `numerators` WRITE;
/*!40000 ALTER TABLE `numerators` DISABLE KEYS */;
/*!40000 ALTER TABLE `numerators` ENABLE KEYS */;
UNLOCK TABLES;

--
-- Table structure for table `options`
--

DROP TABLE IF EXISTS `options`;
/*!40101 SET @saved_cs_client     = @@character_set_client */;
/*!40101 SET character_set_client = utf8 */;
CREATE TABLE `options` (
  `id` int(11) NOT NULL AUTO_INCREMENT,
  `inventory_pool_id` int(11) DEFAULT NULL,
  `inventory_code` varchar(255) COLLATE utf8_unicode_ci DEFAULT NULL,
  `manufacturer` varchar(255) COLLATE utf8_unicode_ci DEFAULT NULL,
  `product` varchar(255) COLLATE utf8_unicode_ci NOT NULL,
  `version` varchar(255) COLLATE utf8_unicode_ci DEFAULT NULL,
  `price` decimal(8,2) DEFAULT NULL,
  PRIMARY KEY (`id`),
  KEY `index_options_on_inventory_pool_id` (`inventory_pool_id`)
) ENGINE=InnoDB AUTO_INCREMENT=7 DEFAULT CHARSET=utf8 COLLATE=utf8_unicode_ci;
/*!40101 SET character_set_client = @saved_cs_client */;

--
-- Dumping data for table `options`
--

LOCK TABLES `options` WRITE;
/*!40000 ALTER TABLE `options` DISABLE KEYS */;
INSERT INTO `options` VALUES (1,1,'akku-aa',NULL,'Akku AA','529',561.00),(2,1,'akku-aaa',NULL,'Akku AAA','636',723.00),(3,1,'usb',NULL,'USB Kabel','074',1349.00),(4,1,'del6765',NULL,'Small Plastic Table','323',688.00),(5,1,'ten5988',NULL,'Fantastic Concrete Shirt','812',26.00),(6,2,'exc9646',NULL,'Ergonomic Rubber Computer','753',593.00);
/*!40000 ALTER TABLE `options` ENABLE KEYS */;
UNLOCK TABLES;

--
-- Table structure for table `partitions`
--

DROP TABLE IF EXISTS `partitions`;
/*!40101 SET @saved_cs_client     = @@character_set_client */;
/*!40101 SET character_set_client = utf8 */;
CREATE TABLE `partitions` (
  `id` int(11) NOT NULL AUTO_INCREMENT,
  `model_id` int(11) DEFAULT NULL,
  `inventory_pool_id` int(11) DEFAULT NULL,
  `group_id` int(11) DEFAULT NULL,
  `quantity` int(11) DEFAULT NULL,
  PRIMARY KEY (`id`),
  UNIQUE KEY `index_partitions_on_model_id_and_inventory_pool_id_and_group_id` (`model_id`,`inventory_pool_id`,`group_id`)
) ENGINE=InnoDB AUTO_INCREMENT=12 DEFAULT CHARSET=utf8 COLLATE=utf8_unicode_ci;
/*!40101 SET character_set_client = @saved_cs_client */;

--
-- Dumping data for table `partitions`
--

LOCK TABLES `partitions` WRITE;
/*!40000 ALTER TABLE `partitions` DISABLE KEYS */;
INSERT INTO `partitions` VALUES (1,119,1,4,1),(2,153,1,5,1),(3,154,1,6,5),(4,152,1,1,1),(5,88,1,1,1),(6,88,1,2,1),(7,232,1,7,1),(8,241,1,7,1),(9,248,1,7,1),(10,260,1,8,1),(11,269,1,7,1);
/*!40000 ALTER TABLE `partitions` ENABLE KEYS */;
UNLOCK TABLES;

--
-- Temporary table structure for view `partitions_with_generals`
--

DROP TABLE IF EXISTS `partitions_with_generals`;
/*!50001 DROP VIEW IF EXISTS `partitions_with_generals`*/;
SET @saved_cs_client     = @@character_set_client;
SET character_set_client = utf8;
/*!50001 CREATE TABLE `partitions_with_generals` (
  `model_id` tinyint NOT NULL,
  `inventory_pool_id` tinyint NOT NULL,
  `group_id` tinyint NOT NULL,
  `quantity` tinyint NOT NULL
) ENGINE=MyISAM */;
SET character_set_client = @saved_cs_client;

--
-- Table structure for table `properties`
--

DROP TABLE IF EXISTS `properties`;
/*!40101 SET @saved_cs_client     = @@character_set_client */;
/*!40101 SET character_set_client = utf8 */;
CREATE TABLE `properties` (
  `id` int(11) NOT NULL AUTO_INCREMENT,
  `model_id` int(11) DEFAULT NULL,
  `key` varchar(255) COLLATE utf8_unicode_ci DEFAULT NULL,
  `value` varchar(255) COLLATE utf8_unicode_ci DEFAULT NULL,
  PRIMARY KEY (`id`),
  KEY `index_properties_on_model_id` (`model_id`)
) ENGINE=InnoDB AUTO_INCREMENT=13 DEFAULT CHARSET=utf8 COLLATE=utf8_unicode_ci;
/*!40101 SET character_set_client = @saved_cs_client */;

--
-- Dumping data for table `properties`
--

LOCK TABLES `properties` WRITE;
/*!40000 ALTER TABLE `properties` DISABLE KEYS */;
INSERT INTO `properties` VALUES (1,152,'Rotorduchmesser','120'),(2,152,'Akkus','2'),(3,152,'Farbe','Rot'),(4,153,'Rotorduchmesser','120'),(5,153,'Akkus','2'),(6,153,'Farbe','Rot'),(7,153,'max. Speed','80 kmh'),(8,153,'Gyro','Ja'),(9,153,'Achsen','3-Achsen'),(10,154,'Rotorduchmesser','120'),(11,154,'Akkus','2'),(12,154,'Farbe','Rot');
/*!40000 ALTER TABLE `properties` ENABLE KEYS */;
UNLOCK TABLES;

--
-- Table structure for table `purposes`
--

DROP TABLE IF EXISTS `purposes`;
/*!40101 SET @saved_cs_client     = @@character_set_client */;
/*!40101 SET character_set_client = utf8 */;
CREATE TABLE `purposes` (
  `id` int(11) NOT NULL AUTO_INCREMENT,
  `description` text COLLATE utf8_unicode_ci,
  PRIMARY KEY (`id`)
) ENGINE=InnoDB AUTO_INCREMENT=40 DEFAULT CHARSET=utf8 COLLATE=utf8_unicode_ci;
/*!40101 SET character_set_client = @saved_cs_client */;

--
-- Dumping data for table `purposes`
--

LOCK TABLES `purposes` WRITE;
/*!40000 ALTER TABLE `purposes` DISABLE KEYS */;
INSERT INTO `purposes` VALUES (1,'---\n- Iusto sunt quia accusamus corrupti beatae.\n- Quia dicta adipisci velit molestiae sapiente impedit suscipit.\n'),(2,'---\n- Debitis aut officiis cum fugiat blanditiis quam.\n- Beatae aliquam eum nisi dolorum.\n'),(3,'Ersatzstativ fr die Ausstellung.'),(4,'Ersatzstativ fr die Ausstellung.'),(5,'Ersatzstativ fr die Ausstellung.'),(6,'Magni doloribus velit quis.'),(7,'Enim ut ducimus molestiae maiores ipsum quisquam sunt.'),(8,'Sunt perspiciatis ducimus cupiditate libero blanditiis et voluptatum.'),(9,'Reiciendis perferendis laboriosam natus recusandae voluptatibus nihil repudiandae.'),(10,'Eaque aut maxime molestias nihil laborum.'),(11,'Bentige ich fr die Aufnahmen meiner Abschlussarbeit.'),(12,'Debitis eveniet minus illo dolorem dicta.'),(13,'In blanditiis perferendis ut quos qui ipsa vitae.'),(14,'Ersatzstativ fr die Ausstellung.'),(15,'Fr das zweite Austellungswochenende.'),(16,'Fr das dritte Austellungswochenende.'),(17,'Fr die Abschlussarbeit.'),(18,'Ersatzstativ fr die Ausstellung.'),(19,'Um meine Abschlussarbeit zu fotografieren.'),(20,'Aut nisi ad aliquid deleniti aut eum.'),(21,'Um meine Abschlussarbeit zu fotografieren.'),(22,'Um meine Abschlussarbeit zu fotografieren.'),(23,'Paketausgabe'),(24,'Fr meinen aktuellen Kurs.'),(25,'Ersatzstativ fr die Ausstellung.'),(26,'Um meine Abschlussarbeit zu fotografieren.'),(27,'Ersatzstativ fr die Ausstellung.'),(28,'Ersatzstativ fr die Ausstellung.'),(29,'Ersatzstativ fr die Ausstellung.'),(30,'Ersatzstativ fr die Ausstellung.'),(31,'Ersatzstativ fr die Ausstellung.'),(32,'Ersatzstativ fr die Ausstellung.'),(33,'Ersatzstativ fr die Ausstellung.'),(34,'Ersatzstativ fr die Ausstellung.'),(35,'Ersatzstativ fr die Ausstellung.'),(36,'Fotoshooting (Kurs Fotografie).'),(37,'Brauche ich zwingend fr meinen Kurs.'),(38,'Ganz dringend bentigt fr meine Abschlussarbeit.'),(39,'Als Ersatz.');
/*!40000 ALTER TABLE `purposes` ENABLE KEYS */;
UNLOCK TABLES;

--
-- Table structure for table `schema_migrations`
--

DROP TABLE IF EXISTS `schema_migrations`;
/*!40101 SET @saved_cs_client     = @@character_set_client */;
/*!40101 SET character_set_client = utf8 */;
CREATE TABLE `schema_migrations` (
  `version` varchar(255) COLLATE utf8_unicode_ci NOT NULL,
  UNIQUE KEY `unique_schema_migrations` (`version`)
) ENGINE=InnoDB DEFAULT CHARSET=utf8 COLLATE=utf8_unicode_ci;
/*!40101 SET character_set_client = @saved_cs_client */;

--
-- Dumping data for table `schema_migrations`
--

LOCK TABLES `schema_migrations` WRITE;
/*!40000 ALTER TABLE `schema_migrations` DISABLE KEYS */;
INSERT INTO `schema_migrations` VALUES ('20140410180000'),('20140414100000'),('20140415083535'),('20140417113831'),('20140428092844'),('20140515131025');
/*!40000 ALTER TABLE `schema_migrations` ENABLE KEYS */;
UNLOCK TABLES;

--
-- Table structure for table `settings`
--

DROP TABLE IF EXISTS `settings`;
/*!40101 SET @saved_cs_client     = @@character_set_client */;
/*!40101 SET character_set_client = utf8 */;
CREATE TABLE `settings` (
  `id` int(11) NOT NULL AUTO_INCREMENT,
  `smtp_address` varchar(255) COLLATE utf8_unicode_ci DEFAULT NULL,
  `smtp_port` int(11) DEFAULT NULL,
  `smtp_domain` varchar(255) COLLATE utf8_unicode_ci DEFAULT NULL,
  `local_currency_string` varchar(255) COLLATE utf8_unicode_ci DEFAULT NULL,
  `contract_terms` text COLLATE utf8_unicode_ci,
  `contract_lending_party_string` text COLLATE utf8_unicode_ci,
  `email_signature` varchar(255) COLLATE utf8_unicode_ci DEFAULT NULL,
  `default_email` varchar(255) COLLATE utf8_unicode_ci DEFAULT NULL,
  `deliver_order_notifications` tinyint(1) DEFAULT NULL,
  `user_image_url` varchar(255) COLLATE utf8_unicode_ci DEFAULT NULL,
  `ldap_config` varchar(255) COLLATE utf8_unicode_ci DEFAULT NULL,
  `logo_url` varchar(255) COLLATE utf8_unicode_ci DEFAULT NULL,
  `mail_delivery_method` varchar(255) COLLATE utf8_unicode_ci DEFAULT NULL,
  `smtp_username` varchar(255) COLLATE utf8_unicode_ci DEFAULT NULL,
  `smtp_password` varchar(255) COLLATE utf8_unicode_ci DEFAULT NULL,
  `smtp_enable_starttls_auto` tinyint(1) NOT NULL DEFAULT '0',
  `smtp_openssl_verify_mode` varchar(255) COLLATE utf8_unicode_ci NOT NULL DEFAULT 'none',
  `time_zone` varchar(255) COLLATE utf8_unicode_ci NOT NULL DEFAULT 'Bern',
  `disable_manage_section` tinyint(1) NOT NULL DEFAULT '0',
  `disable_manage_section_message` text COLLATE utf8_unicode_ci,
  `disable_borrow_section` tinyint(1) NOT NULL DEFAULT '0',
  `disable_borrow_section_message` text COLLATE utf8_unicode_ci,
  `text` text COLLATE utf8_unicode_ci,
  PRIMARY KEY (`id`)
) ENGINE=InnoDB AUTO_INCREMENT=2 DEFAULT CHARSET=utf8 COLLATE=utf8_unicode_ci;
/*!40101 SET character_set_client = @saved_cs_client */;

--
-- Dumping data for table `settings`
--

LOCK TABLES `settings` WRITE;
/*!40000 ALTER TABLE `settings` DISABLE KEYS */;
INSERT INTO `settings` VALUES (1,'smtp.zhdk.ch',25,'beta.ausleihe.zhdk.ch','CHF','Die Benutzerin/der Benutzer ist bei unsachgemsser Handhabung oder Verlust schadenersatzpflichtig. Sie/Er verpflichtet sich, das Material sorgfltig zu behandeln und gereinigt zu retournieren. Bei mangelbehafteter oder verspteter Rckgabe kann eine Ausleihsperre (bis zu 6 Monaten) verhngt werden. Das geliehene Material bleibt jederzeit uneingeschrnktes Eigentum der Zrcher Hochschule der Knste und darf ausschliesslich fr schulische Zwecke eingesetzt werden. Mit ihrer/seiner Unterschrift akzeptiert die Benutzerin/der Benutzer diese Bedingungen sowie die \'Richtlinie zur Ausleihe von Sachen\' der ZHdK und etwaige abteilungsspezifische Ausleih-Richtlinien.','Your\nAddress\nHere','Das PZ-leihs Team','sender@example.com',0,'http://www.zhdk.ch/?person/foto&width=100&compressionlevel=0&id={:id}',NULL,'/assets/image-logo-zhdk.png','test',NULL,NULL,0,'none','Bern',0,'',0,'',NULL);
/*!40000 ALTER TABLE `settings` ENABLE KEYS */;
UNLOCK TABLES;

--
-- Table structure for table `suppliers`
--

DROP TABLE IF EXISTS `suppliers`;
/*!40101 SET @saved_cs_client     = @@character_set_client */;
/*!40101 SET character_set_client = utf8 */;
CREATE TABLE `suppliers` (
  `id` int(11) NOT NULL AUTO_INCREMENT,
  `name` varchar(255) COLLATE utf8_unicode_ci DEFAULT NULL,
  `created_at` datetime DEFAULT NULL,
  `updated_at` datetime DEFAULT NULL,
  PRIMARY KEY (`id`)
) ENGINE=InnoDB AUTO_INCREMENT=265 DEFAULT CHARSET=utf8 COLLATE=utf8_unicode_ci;
/*!40101 SET character_set_client = @saved_cs_client */;

--
-- Dumping data for table `suppliers`
--

LOCK TABLES `suppliers` WRITE;
/*!40000 ALTER TABLE `suppliers` DISABLE KEYS */;
INSERT INTO `suppliers` VALUES (1,'aliquameosest','2014-01-10 09:57:57','2014-01-10 09:57:57'),(2,'nullacumquesoluta','2014-01-10 09:57:57','2014-01-10 09:57:57'),(3,'seddoloremtemporibus','2014-01-10 09:57:57','2014-01-10 09:57:57'),(4,'facilisreiciendisaccusantium','2014-01-10 09:57:57','2014-01-10 09:57:57'),(5,'corporisdoloremqueat','2014-01-10 09:57:57','2014-01-10 09:57:57'),(6,'etutvel','2014-01-10 09:57:57','2014-01-10 09:57:57'),(7,'quaelaborenon','2014-01-10 09:57:57','2014-01-10 09:57:57'),(8,'providentfugaeum','2014-01-10 09:57:57','2014-01-10 09:57:57'),(9,'etquaeducimus','2014-01-10 09:57:57','2014-01-10 09:57:57'),(10,'undequomollitia','2014-01-10 09:57:57','2014-01-10 09:57:57'),(11,'autemquirerum','2014-01-10 09:57:57','2014-01-10 09:57:57'),(12,'similiqueinvoluptates','2014-01-10 09:57:57','2014-01-10 09:57:57'),(13,'doloremquequivoluptate','2014-01-10 09:57:57','2014-01-10 09:57:57'),(14,'teneturrationeut','2014-01-10 09:57:57','2014-01-10 09:57:57'),(15,'similiqueetexpedita','2014-01-10 09:57:57','2014-01-10 09:57:57'),(16,'eavoluptasquam','2014-01-10 09:57:57','2014-01-10 09:57:57'),(17,'eumquasamet','2014-01-10 09:57:57','2014-01-10 09:57:57'),(18,'velitsedfugit','2014-01-10 09:57:57','2014-01-10 09:57:57'),(19,'quisomnissuscipit','2014-01-10 09:57:57','2014-01-10 09:57:57'),(20,'nesciuntestquo','2014-01-10 09:57:57','2014-01-10 09:57:57'),(21,'autrerumquia','2014-01-10 09:57:57','2014-01-10 09:57:57'),(22,'nesciuntquibusdamlaudantium','2014-01-10 09:57:57','2014-01-10 09:57:57'),(23,'fugitvoluptatemsaepe','2014-01-10 09:57:57','2014-01-10 09:57:57'),(24,'nonestcorporis','2014-01-10 09:57:57','2014-01-10 09:57:57'),(25,'utipsamid','2014-01-10 09:57:57','2014-01-10 09:57:57'),(26,'dolorquisomnis','2014-01-10 09:57:57','2014-01-10 09:57:57'),(27,'etesteaque','2014-01-10 09:57:57','2014-01-10 09:57:57'),(28,'nondoloresperspiciatis','2014-01-10 09:57:57','2014-01-10 09:57:57'),(29,'harumplaceatvoluptates','2014-01-10 09:57:57','2014-01-10 09:57:57'),(30,'enimoccaecatimolestias','2014-01-10 09:57:57','2014-01-10 09:57:57'),(31,'quiealabore','2014-01-10 09:57:57','2014-01-10 09:57:57'),(32,'abestillo','2014-01-10 09:57:57','2014-01-10 09:57:57'),(33,'quianonneque','2014-01-10 09:57:57','2014-01-10 09:57:57'),(34,'esseremdolores','2014-01-10 09:57:57','2014-01-10 09:57:57'),(35,'quiiustoreprehenderit','2014-01-10 09:57:57','2014-01-10 09:57:57'),(36,'accusamuseamolestiae','2014-01-10 09:57:57','2014-01-10 09:57:57'),(37,'dolormollitiareprehenderit','2014-01-10 09:57:57','2014-01-10 09:57:57'),(38,'possimusodiosequi','2014-01-10 09:57:57','2014-01-10 09:57:57'),(39,'cumarchitectovoluptatem','2014-01-10 09:57:57','2014-01-10 09:57:57'),(40,'itaquecorporisvoluptatibus','2014-01-10 09:57:57','2014-01-10 09:57:57'),(41,'asperioresnostrumqui','2014-01-10 09:57:57','2014-01-10 09:57:57'),(42,'eteosnecessitatibus','2014-01-10 09:57:57','2014-01-10 09:57:57'),(43,'suscipitdoloremaperiam','2014-01-10 09:57:57','2014-01-10 09:57:57'),(44,'utsedaliquid','2014-01-10 09:57:57','2014-01-10 09:57:57'),(45,'rerumveritatisenim','2014-01-10 09:57:57','2014-01-10 09:57:57'),(46,'utcumquibusdam','2014-01-10 09:57:57','2014-01-10 09:57:57'),(47,'eumsitmolestiae','2014-01-10 09:57:57','2014-01-10 09:57:57'),(48,'sinterrorea','2014-01-10 09:57:57','2014-01-10 09:57:57'),(49,'voluptatemnonveritatis','2014-01-10 09:57:57','2014-01-10 09:57:57'),(50,'evenietincidunteligendi','2014-01-10 09:57:57','2014-01-10 09:57:57'),(51,'possimusquoddignissimos','2014-01-10 09:57:57','2014-01-10 09:57:57'),(52,'velsuntsimilique','2014-01-10 09:57:57','2014-01-10 09:57:57'),(53,'autabvoluptas','2014-01-10 09:57:57','2014-01-10 09:57:57'),(54,'iustodolorumnam','2014-01-10 09:57:57','2014-01-10 09:57:57'),(55,'rerumsequidistinctio','2014-01-10 09:57:57','2014-01-10 09:57:57'),(56,'iuredoloresquod','2014-01-10 09:57:57','2014-01-10 09:57:57'),(57,'officiaautunde','2014-01-10 09:57:57','2014-01-10 09:57:57'),(58,'aliquidaliaserror','2014-01-10 09:57:57','2014-01-10 09:57:57'),(59,'ipsaiurevel','2014-01-10 09:57:57','2014-01-10 09:57:57'),(60,'nesciuntutquis','2014-01-10 09:57:57','2014-01-10 09:57:57'),(61,'dictaidconsequatur','2014-01-10 09:57:57','2014-01-10 09:57:57'),(62,'expeditaquoharum','2014-01-10 09:57:57','2014-01-10 09:57:57'),(63,'estestsit','2014-01-10 09:57:57','2014-01-10 09:57:57'),(64,'fugapossimusmagnam','2014-01-10 09:57:57','2014-01-10 09:57:57'),(65,'quointenetur','2014-01-10 09:57:57','2014-01-10 09:57:57'),(66,'culpaquaseum','2014-01-10 09:57:57','2014-01-10 09:57:57'),(67,'modiitaqueeius','2014-01-10 09:57:57','2014-01-10 09:57:57'),(68,'voluptatemasperioresfuga','2014-01-10 09:57:57','2014-01-10 09:57:57'),(69,'estminusquod','2014-01-10 09:57:57','2014-01-10 09:57:57'),(70,'nesciuntnihilconsequatur','2014-01-10 09:57:57','2014-01-10 09:57:57'),(71,'veniamquodquam','2014-01-10 09:57:57','2014-01-10 09:57:57'),(72,'adipiscievenieteum','2014-01-10 09:57:57','2014-01-10 09:57:57'),(73,'quiaquasiplaceat','2014-01-10 09:57:57','2014-01-10 09:57:57'),(74,'sitnequelaudantium','2014-01-10 09:57:57','2014-01-10 09:57:57'),(75,'inautassumenda','2014-01-10 09:57:57','2014-01-10 09:57:57'),(76,'nequeinventoreasperiores','2014-01-10 09:57:57','2014-01-10 09:57:57'),(77,'doloremexercitationemet','2014-01-10 09:57:57','2014-01-10 09:57:57'),(78,'etconsequaturitaque','2014-01-10 09:57:57','2014-01-10 09:57:57'),(79,'eaquenecessitatibusadipisci','2014-01-10 09:57:57','2014-01-10 09:57:57'),(80,'sedutlaboriosam','2014-01-10 09:57:57','2014-01-10 09:57:57'),(81,'utenimdolorem','2014-01-10 09:57:57','2014-01-10 09:57:57'),(82,'quasiinciduntmolestiae','2014-01-10 09:57:57','2014-01-10 09:57:57'),(83,'praesentiumundevoluptates','2014-01-10 09:57:57','2014-01-10 09:57:57'),(84,'abdoloremquedolore','2014-01-10 09:57:57','2014-01-10 09:57:57'),(85,'ullamliberonon','2014-01-10 09:57:57','2014-01-10 09:57:57'),(86,'harumeumut','2014-01-10 09:57:57','2014-01-10 09:57:57'),(87,'excepturidoloremquecupiditate','2014-01-10 09:57:57','2014-01-10 09:57:57'),(88,'veroeiusvoluptatem','2014-01-10 09:57:57','2014-01-10 09:57:57'),(89,'estpraesentiumrepellat','2014-01-10 09:57:57','2014-01-10 09:57:57'),(90,'deseruntoditvoluptas','2014-01-10 09:57:57','2014-01-10 09:57:57'),(91,'rerumomniset','2014-01-10 09:57:57','2014-01-10 09:57:57'),(92,'eaaliquamautem','2014-01-10 09:57:57','2014-01-10 09:57:57'),(93,'omnisistequisquam','2014-01-10 09:57:57','2014-01-10 09:57:57'),(94,'idquiomnis','2014-01-10 09:57:57','2014-01-10 09:57:57'),(95,'enimquidemex','2014-01-10 09:57:57','2014-01-10 09:57:57'),(96,'aspernaturexnesciunt','2014-01-10 09:57:57','2014-01-10 09:57:57'),(97,'etvoluptatemvoluptate','2014-01-10 09:57:57','2014-01-10 09:57:57'),(98,'sintducimusoccaecati','2014-01-10 09:57:57','2014-01-10 09:57:57'),(99,'atodittemporibus','2014-01-10 09:57:57','2014-01-10 09:57:57'),(100,'nonteneturet','2014-01-10 09:57:57','2014-01-10 09:57:57'),(101,'modiporroomnis','2014-01-10 09:57:57','2014-01-10 09:57:57'),(102,'adelectusdicta','2014-01-10 09:57:57','2014-01-10 09:57:57'),(103,'sitnatusoccaecati','2014-01-10 09:57:57','2014-01-10 09:57:57'),(104,'totamreprehenderitdoloremque','2014-01-10 09:57:57','2014-01-10 09:57:57'),(105,'temporibusconsequaturanimi','2014-01-10 09:57:57','2014-01-10 09:57:57'),(106,'praesentiumautemeos','2014-01-10 09:57:57','2014-01-10 09:57:57'),(107,'quiautassumenda','2014-01-10 09:57:57','2014-01-10 09:57:57'),(108,'inventoredoloreseos','2014-01-10 09:57:57','2014-01-10 09:57:57'),(109,'providentetaut','2014-01-10 09:57:57','2014-01-10 09:57:57'),(110,'optiopossimusvoluptatem','2014-01-10 09:57:57','2014-01-10 09:57:57'),(111,'similiqueconsecteturipsum','2014-01-10 09:57:57','2014-01-10 09:57:57'),(112,'exlaboreet','2014-01-10 09:57:57','2014-01-10 09:57:57'),(113,'molestiasnihiladipisci','2014-01-10 09:57:57','2014-01-10 09:57:57'),(114,'autnemoin','2014-01-10 09:57:57','2014-01-10 09:57:57'),(115,'delectusquosinventore','2014-01-10 09:57:57','2014-01-10 09:57:57'),(116,'consequaturerrora','2014-01-10 09:57:57','2014-01-10 09:57:57'),(117,'dignissimosnisivoluptatem','2014-01-10 09:57:57','2014-01-10 09:57:57'),(118,'veniamatqueeaque','2014-01-10 09:57:57','2014-01-10 09:57:57'),(119,'errorvoluptatumautem','2014-01-10 09:57:57','2014-01-10 09:57:57'),(120,'animietmagni','2014-01-10 09:57:57','2014-01-10 09:57:57'),(121,'omniseiusitaque','2014-01-10 09:57:57','2014-01-10 09:57:57'),(122,'etautminima','2014-01-10 09:57:57','2014-01-10 09:57:57'),(123,'commodinihildelectus','2014-01-10 09:57:57','2014-01-10 09:57:57'),(124,'numquamatconsequatur','2014-01-10 09:57:57','2014-01-10 09:57:57'),(125,'molestiasomnisvoluptatem','2014-01-10 09:57:57','2014-01-10 09:57:57'),(126,'dolorescorporisenim','2014-01-10 09:57:57','2014-01-10 09:57:57'),(127,'velconsequaturunde','2014-01-10 09:57:57','2014-01-10 09:57:57'),(128,'reiciendisprovidentratione','2014-01-10 09:57:57','2014-01-10 09:57:57'),(129,'quaeratsuscipitrepudiandae','2014-01-10 09:57:57','2014-01-10 09:57:57'),(130,'odioanam','2014-01-10 09:57:57','2014-01-10 09:57:57'),(131,'eumaccusamussed','2014-01-10 09:57:57','2014-01-10 09:57:57'),(132,'oditsednecessitatibus','2014-01-10 09:57:57','2014-01-10 09:57:57'),(133,'harumsuscipitoptio','2014-01-10 09:57:57','2014-01-10 09:57:57'),(134,'laboreofficiisest','2014-01-10 09:57:57','2014-01-10 09:57:57'),(135,'harumetut','2014-01-10 09:57:57','2014-01-10 09:57:57'),(136,'possimussedeveniet','2014-01-10 09:57:57','2014-01-10 09:57:57'),(137,'doloressintest','2014-01-10 09:57:57','2014-01-10 09:57:57'),(138,'aliquidfugaeum','2014-01-10 09:57:57','2014-01-10 09:57:57'),(139,'consequaturquidemeum','2014-01-10 09:57:57','2014-01-10 09:57:57'),(140,'magniearumquibusdam','2014-01-10 09:57:57','2014-01-10 09:57:57'),(141,'atundeut','2014-01-10 09:57:57','2014-01-10 09:57:57'),(142,'nemodoloraut','2014-01-10 09:57:57','2014-01-10 09:57:57'),(143,'vitaequasifacilis','2014-01-10 09:57:57','2014-01-10 09:57:57'),(144,'temporaipsumvoluptatem','2014-01-10 09:57:57','2014-01-10 09:57:57'),(145,'voluptatemmaioresneque','2014-01-10 09:57:57','2014-01-10 09:57:57'),(146,'voluptatemquiacumque','2014-01-10 09:57:57','2014-01-10 09:57:57'),(147,'laboriosameaquetempore','2014-01-10 09:57:57','2014-01-10 09:57:57'),(148,'quismollitiaarchitecto','2014-01-10 09:57:57','2014-01-10 09:57:57'),(149,'harumconsequaturdolor','2014-01-10 09:57:57','2014-01-10 09:57:57'),(150,'quasisimiliquevel','2014-01-10 09:57:57','2014-01-10 09:57:57'),(151,'utnullacorrupti','2014-01-10 09:57:57','2014-01-10 09:57:57'),(152,'dignissimosteneturvitae','2014-01-10 09:57:57','2014-01-10 09:57:57'),(153,'quodnihilea','2014-01-10 09:57:57','2014-01-10 09:57:57'),(154,'namremperferendis','2014-01-10 09:57:57','2014-01-10 09:57:57'),(155,'quisasperioresvelit','2014-01-05 00:00:00','2014-01-05 00:00:00'),(156,'quisquamrerumnecessitatibus','2014-01-05 00:00:00','2014-01-05 00:00:00'),(157,'eligendiassumendased','2014-01-05 00:00:00','2014-01-05 00:00:00'),(158,'placeatetvoluptas','2014-01-10 09:57:57','2014-01-10 09:57:57'),(159,'etestvoluptas','2014-01-10 09:57:57','2014-01-10 09:57:57'),(160,'nonremtotam','2014-01-10 09:57:57','2014-01-10 09:57:57'),(161,'velitsapienteeum','2014-01-10 09:57:57','2014-01-10 09:57:57'),(162,'deserunttemporaexcepturi','2014-01-10 09:57:57','2014-01-10 09:57:57'),(163,'etinitaque','2014-01-10 09:57:57','2014-01-10 09:57:57'),(164,'nobisomnislaboriosam','2014-01-10 09:57:57','2014-01-10 09:57:57'),(165,'namdelenitiiste','2014-01-10 09:57:57','2014-01-10 09:57:57'),(166,'doloremilloerror','2014-01-10 09:57:57','2014-01-10 09:57:57'),(167,'teneturatquevoluptas','2014-01-10 09:57:57','2014-01-10 09:57:57'),(168,'voluptatumquiablanditiis','2014-01-10 09:57:57','2014-01-10 09:57:57'),(169,'velitnatusautem','2014-01-10 09:57:57','2014-01-10 09:57:57'),(170,'nonquamdolor','2014-01-10 09:57:57','2014-01-10 09:57:57'),(171,'dolorinqui','2014-01-10 09:57:57','2014-01-10 09:57:57'),(172,'nemodistinctiomaxime','2014-01-10 09:57:57','2014-01-10 09:57:57'),(173,'aliquamvoluptatumipsa','2014-01-05 00:00:00','2014-01-05 00:00:00'),(174,'quiavoluptatumexplicabo','2014-01-05 00:00:00','2014-01-05 00:00:00'),(175,'voluptatesfaceredolorem','2014-01-05 00:00:00','2014-01-05 00:00:00'),(176,'quirepellatarchitecto','2014-01-05 00:00:00','2014-01-05 00:00:00'),(177,'enimsuscipitnihil','2014-01-05 00:00:00','2014-01-05 00:00:00'),(178,'maximeassumendaenim','2014-01-10 09:57:57','2014-01-10 09:57:57'),(179,'ineosvitae','2014-01-10 09:57:57','2014-01-10 09:57:57'),(180,'eaquesimiliqueanimi','2014-01-10 09:57:57','2014-01-10 09:57:57'),(181,'aspernaturfacerefuga','2014-01-10 09:57:57','2014-01-10 09:57:57'),(182,'etipsumexercitationem','2014-01-10 09:57:57','2014-01-10 09:57:57'),(183,'quodsedunde','2014-01-10 09:57:57','2014-01-10 09:57:57'),(184,'maximererumiste','2014-01-10 09:57:57','2014-01-10 09:57:57'),(185,'veniamrerumat','2014-01-10 09:57:57','2014-01-10 09:57:57'),(186,'liberoestautem','2014-01-10 09:57:57','2014-01-10 09:57:57'),(187,'illumvoluptatemerror','2014-01-10 09:57:57','2014-01-10 09:57:57'),(188,'noneiussit','2014-01-10 09:57:57','2014-01-10 09:57:57'),(189,'autemharumexpedita','2014-01-10 09:57:57','2014-01-10 09:57:57'),(190,'sedreprehenderitvoluptatibus','2014-01-10 09:57:57','2014-01-10 09:57:57'),(191,'temporeutet','2014-01-10 09:57:57','2014-01-10 09:57:57'),(192,'officiisaliquidesse','2014-01-10 09:57:57','2014-01-10 09:57:57'),(193,'fugiatexpeditaquam','2014-01-10 09:57:57','2014-01-10 09:57:57'),(194,'suscipitomnisdolore','2014-01-10 09:57:57','2014-01-10 09:57:57'),(195,'autetsapiente','2014-01-10 09:57:57','2014-01-10 09:57:57'),(196,'ametestipsam','2014-01-10 09:57:57','2014-01-10 09:57:57'),(197,'inciduntullamest','2014-01-10 09:57:57','2014-01-10 09:57:57'),(198,'aliaseligendinisi','2014-01-10 09:57:57','2014-01-10 09:57:57'),(199,'perferendisdoloresadipisci','2014-01-10 09:57:57','2014-01-10 09:57:57'),(200,'animifacilisquia','2014-01-10 09:57:57','2014-01-10 09:57:57'),(201,'itaquedebitissaepe','2014-01-10 09:57:57','2014-01-10 09:57:57'),(202,'velvoluptascorrupti','2014-01-10 09:57:57','2014-01-10 09:57:57'),(203,'harumnecessitatibusex','2014-01-10 09:57:57','2014-01-10 09:57:57'),(204,'temporeodiosit','2014-01-10 09:57:57','2014-01-10 09:57:57'),(205,'inculpanemo','2014-01-10 09:57:57','2014-01-10 09:57:57'),(206,'necessitatibuseumquia','2014-01-10 09:57:57','2014-01-10 09:57:57'),(207,'laudantiumlaboreconsequatur','2014-01-10 09:57:57','2014-01-10 09:57:57'),(208,'dictacorruptinam','2014-01-10 09:57:57','2014-01-10 09:57:57'),(209,'nonerrorquas','2014-01-10 09:57:57','2014-01-10 09:57:57'),(210,'etvelbeatae','2014-01-10 09:57:57','2014-01-10 09:57:57'),(211,'quoetfugiat','2014-01-10 09:57:57','2014-01-10 09:57:57'),(212,'nonsedeius','2014-01-03 18:29:04','2014-01-03 18:29:04'),(213,'dignissimosplaceatcupiditate','2014-01-03 18:29:04','2014-01-03 18:29:04'),(214,'eoslaboredolor','2014-01-03 18:29:04','2014-01-03 18:29:04'),(215,'enimvoluptatemut','2014-01-03 18:29:04','2014-01-03 18:29:04'),(216,'dignissimosodiovoluptatem','2014-01-03 18:29:04','2014-01-03 18:29:04'),(217,'suscipitnamquia','2014-01-03 18:29:04','2014-01-03 18:29:04'),(218,'architectovoluptatummodi','2014-01-03 18:29:04','2014-01-03 18:29:04'),(219,'quiamaximeodit','2014-01-03 18:29:04','2014-01-03 18:29:04'),(220,'accusamusetfacilis','2014-01-03 18:29:04','2014-01-03 18:29:04'),(221,'nonutipsa','2014-01-03 18:29:04','2014-01-03 18:29:04'),(222,'voluptatemsintet','2014-01-03 18:29:04','2014-01-03 18:29:04'),(223,'eosrerumut','2014-01-03 18:29:04','2014-01-03 18:29:04'),(224,'optioain','2014-01-03 18:29:04','2014-01-03 18:29:04'),(225,'harumestplaceat','2014-01-03 18:29:04','2014-01-03 18:29:04'),(226,'namsitquas','2014-01-03 18:29:04','2014-01-03 18:29:04'),(227,'voluptatemperferendissed','2014-01-03 18:29:04','2014-01-03 18:29:04'),(228,'placeatvoluptatemfuga','2014-01-03 18:29:04','2014-01-03 18:29:04'),(229,'laboriosamnatusest','2014-01-03 18:29:04','2014-01-03 18:29:04'),(230,'sednonnemo','2014-01-03 18:29:04','2014-01-03 18:29:04'),(231,'voluptatemeavitae','2014-01-03 18:29:05','2014-01-03 18:29:05'),(232,'doloresporroquam','2014-01-08 02:00:30','2014-01-08 02:00:30'),(233,'temporibusquibusdamomnis','2014-01-08 02:00:30','2014-01-08 02:00:30'),(234,'quiseaqueest','2014-01-08 02:00:30','2014-01-08 02:00:30'),(235,'suscipitvoluptateexpedita','2014-01-03 15:54:09','2014-01-03 15:54:09'),(236,'ducimustemporaqui','2014-01-03 15:54:09','2014-01-03 15:54:09'),(237,'voluptatemvoluptatesculpa','2014-01-03 15:54:09','2014-01-03 15:54:09'),(238,'praesentiumquiomnis','2014-01-03 15:54:09','2014-01-03 15:54:09'),(239,'nobisautrecusandae','2014-01-03 15:54:09','2014-01-03 15:54:09'),(240,'etcumquecorporis','2014-01-03 15:54:09','2014-01-03 15:54:09'),(241,'placeatdoloremtemporibus','2014-01-03 15:54:09','2014-01-03 15:54:09'),(242,'distinctioineos','2014-01-03 15:54:09','2014-01-03 15:54:09'),(243,'eumipsumaccusantium','2014-01-10 09:57:57','2014-01-10 09:57:57'),(244,'dolorumveritatissaepe','2014-01-10 09:57:57','2014-01-10 09:57:57'),(245,'atquasimollitia','2014-01-10 09:57:57','2014-01-10 09:57:57'),(246,'noninciduntquis','2014-01-10 09:57:57','2014-01-10 09:57:57'),(247,'verocorporisvoluptatem','2014-01-10 09:57:57','2014-01-10 09:57:57'),(248,'velitquised','2014-01-10 09:57:57','2014-01-10 09:57:57'),(249,'sintodiooptio','2014-01-10 09:57:57','2014-01-10 09:57:57'),(250,'doloreseumlaudantium','2014-01-10 09:57:57','2014-01-10 09:57:57'),(251,'repudiandaevoluptatumvelit','2014-01-10 09:57:57','2014-01-10 09:57:57'),(252,'etillumsed','2014-01-10 09:57:57','2014-01-10 09:57:57'),(253,'inventorequisnon','2014-01-10 09:57:57','2014-01-10 09:57:57'),(254,'inventoresitvoluptatem','2014-01-10 09:57:57','2014-01-10 09:57:57'),(255,'sinteadoloribus','2014-01-10 09:57:57','2014-01-10 09:57:57'),(256,'dolorevoluptasvel','2014-01-10 09:57:57','2014-01-10 09:57:57'),(257,'totamsolutanisi','2014-01-10 09:57:57','2014-01-10 09:57:57'),(258,'quodolorharum','2014-01-10 09:57:57','2014-01-10 09:57:57'),(259,'enimmagnihic','2014-01-10 09:57:57','2014-01-10 09:57:57'),(260,'aetrecusandae','2014-01-10 09:57:57','2014-01-10 09:57:57'),(261,'debitisevenietplaceat','2014-01-10 09:57:57','2014-01-10 09:57:57'),(262,'velitnihilomnis','2014-01-10 09:57:57','2014-01-10 09:57:57'),(263,'consequaturdoloresillum','2014-01-10 09:57:57','2014-01-10 09:57:57'),(264,'deseruntetvero','2014-01-10 09:57:57','2014-01-10 09:57:57');
/*!40000 ALTER TABLE `suppliers` ENABLE KEYS */;
UNLOCK TABLES;

--
-- Table structure for table `users`
--

DROP TABLE IF EXISTS `users`;
/*!40101 SET @saved_cs_client     = @@character_set_client */;
/*!40101 SET character_set_client = utf8 */;
CREATE TABLE `users` (
  `id` int(11) NOT NULL AUTO_INCREMENT,
  `login` varchar(255) COLLATE utf8_unicode_ci DEFAULT NULL,
  `firstname` varchar(255) COLLATE utf8_unicode_ci DEFAULT NULL,
  `lastname` varchar(255) COLLATE utf8_unicode_ci DEFAULT NULL,
  `phone` varchar(255) COLLATE utf8_unicode_ci DEFAULT NULL,
  `authentication_system_id` int(11) DEFAULT '1',
  `unique_id` varchar(255) COLLATE utf8_unicode_ci DEFAULT NULL,
  `email` varchar(255) COLLATE utf8_unicode_ci DEFAULT NULL,
  `badge_id` varchar(255) COLLATE utf8_unicode_ci DEFAULT NULL,
  `address` varchar(255) COLLATE utf8_unicode_ci DEFAULT NULL,
  `city` varchar(255) COLLATE utf8_unicode_ci DEFAULT NULL,
  `zip` varchar(255) COLLATE utf8_unicode_ci DEFAULT NULL,
  `country` varchar(255) COLLATE utf8_unicode_ci DEFAULT NULL,
  `language_id` int(11) DEFAULT NULL,
  `extended_info` text COLLATE utf8_unicode_ci,
  `settings` varchar(1024) COLLATE utf8_unicode_ci DEFAULT NULL,
  `created_at` datetime DEFAULT NULL,
  `updated_at` datetime DEFAULT NULL,
  `delegator_user_id` int(11) DEFAULT NULL,
  PRIMARY KEY (`id`),
  KEY `index_users_on_authentication_system_id` (`authentication_system_id`)
) ENGINE=InnoDB AUTO_INCREMENT=34 DEFAULT CHARSET=utf8 COLLATE=utf8_unicode_ci;
/*!40101 SET character_set_client = @saved_cs_client */;

--
-- Dumping data for table `users`
--

LOCK TABLES `users` WRITE;
/*!40000 ALTER TABLE `users` DISABLE KEYS */;
INSERT INTO `users` VALUES (1,'gino','Gino','F.','01153001763',1,'o42ge5ync082nxxxxo','gino@zhdk.ch','imzvstoyzelkpcgqk8','6623 Kane Park','Osinskistad','W-WB0 8QB','Western Sahara',2,NULL,'--- !ruby/hash:ActiveSupport::HashWithIndifferentAccess {}\n','2014-01-10 09:57:57','2014-01-10 09:57:57',NULL),(2,'ramon','Ramon','C.','05626764917',1,'f1duf2famb1oh5df8t','ramon@zhdk.ch','kaofhnaubt8krm6uvh','2291 Lavina Wall','Denesikfort','P-ZU0 4BA','Pakistan',2,NULL,'--- !ruby/hash:ActiveSupport::HashWithIndifferentAccess {}\n','2014-01-10 09:57:57','2014-01-10 09:57:57',NULL),(3,'muhammad.koch_1078','Karlee','Hoeger','08006027945',1,'02uy1tlsmsllciy1hc','theresa@vandervortrobel.com','w93fr9gyc6hkad7u03','247 Makayla Pines','Dollyville','S-WT99 9AB','Singapore',1,NULL,'--- !ruby/hash:ActiveSupport::HashWithIndifferentAccess {}\n','2014-01-10 09:57:57','2014-01-10 09:57:57',NULL),(4,'ro_ward_8007','Daisy','Halvorson','0126922580',1,'xksx7aifw2hn13nolf','logan_wintheiser@cruickshank.com','r21mt7lvu1me8hqvai','6979 Crist Cove','East Keith','G-ZY0 3WG','Gambia',1,NULL,'--- !ruby/hash:ActiveSupport::HashWithIndifferentAccess {}\n','2014-01-10 09:57:57','2014-01-10 09:57:57',NULL),(5,'nicola_1508','Kyler','Hettinger','03666630492',1,'o0w6mu14jy9l4edz3b','ignacio_roberts@schuppesatterfield.name','ugoh8tz4ktegxxm1zb','929 Hoeger Curve','Port Palmamouth','J-DC1V 1AQ','Jamaica',1,NULL,'--- !ruby/hash:ActiveSupport::HashWithIndifferentAccess {}\n','2014-01-10 09:57:57','2014-01-10 09:57:57',NULL),(6,'cornelius_5468','Sidney','Weimann','01811012578',1,'w3eq3q83353p23mlbf','garrison@funkwunsch.com','awncpjrecldx8v8ny6','8703 Walker Spur','Port Justen','K-PG8 7OH','Kiribati',1,NULL,'--- !ruby/hash:ActiveSupport::HashWithIndifferentAccess {}\n','2014-01-10 09:57:57','2014-01-10 09:57:57',NULL),(7,'trudie_bode_7184','Michale','Koepp','05642760873',1,'d8ts8n9ngcm01o94v5','braeden_kuphal@dooley.com','ekvod5dk7ah2a0uk21','93761 Raymond Prairie','McGlynnmouth','B-W1 9AB','Bouvet Island (Bouvetoya)',1,NULL,'--- !ruby/hash:ActiveSupport::HashWithIndifferentAccess {}\n','2014-01-10 09:57:57','2014-01-10 09:57:57',NULL),(8,'jaunita_2365','Cruz','Schulist','01537603881',1,'bg6ba92zidim4d8ddl','jaunita_cummings@bartell.info','gfnhucratdv6hyhd3h','499 Mohr Inlet','Lake Desireemouth','E-G5 6PJ','Estonia',1,NULL,'--- !ruby/hash:ActiveSupport::HashWithIndifferentAccess {}\n','2014-01-10 09:57:57','2014-01-10 09:57:57',NULL),(9,'matti','Matti','S.','09437441959',1,'m50djk44xpg1mkhvf7','matti@zhdk.ch','9kuztg27aw70j84v00','358 Becker Stream','Roobview','A-J0 9BB','Australia',2,NULL,'--- !ruby/hash:ActiveSupport::HashWithIndifferentAccess {}\n','2014-01-10 09:57:57','2014-01-10 09:57:57',NULL),(10,'mike','Mike','H.','01344288913',1,'xkrovmruckj635cwmw','mike@zhdk.ch','otkq7zsyjzfvb36rjy','453 Demario Rapid','Brownville','E-OA6E 2WJ','Egypt',2,NULL,'--- !ruby/hash:ActiveSupport::HashWithIndifferentAccess {}\n','2014-01-10 09:57:57','2014-01-10 09:57:57',NULL),(11,'pius','Pius','O\'Connell','08933292587',1,'9t35t6sml5uyap5ae1','pius@zhdk.ch','m9v9r10qpyf2tvlcxy','504 Domenic Spurs','West Jessefurt','S-Z9 2LJ','Saudi Arabia',2,NULL,'--- !ruby/hash:ActiveSupport::HashWithIndifferentAccess {}\n','2014-01-10 09:57:57','2014-01-10 09:57:57',NULL),(12,'peter','Peter','Silie','05518482141',1,'4ypvu1vu6c6delgd9a','peter@silie.com','eew6a947f7857i1x8t','325 Michale Gateway','Larkinberg','A-Z9 3LD','Afghanistan',2,NULL,'--- !ruby/hash:ActiveSupport::HashWithIndifferentAccess {}\n','2014-01-10 09:57:57','2014-01-10 09:57:57',NULL),(13,'jaylen_schoen_9895','Braxton','Nolan','09234013301',1,'xuoslob1nnbnlxqz40','elta_gutmann@stamm.co.uk','htjl3up7i17s3iubq0','7112 Sally Coves','South Riley','B-Z6M 3EJ','Bosnia and Herzegovina',1,NULL,'--- !ruby/hash:ActiveSupport::HashWithIndifferentAccess {}\n','2014-01-10 09:57:57','2014-01-10 09:57:57',NULL),(14,'mallie_6331','Alaina','Abshire','0800983968',1,'lhhywunz7du208qmz7','chadrick@gorczany.info','ps4zeb059i2v4gux2o','7684 Floy Plains','Lake Maudehaven','S-Z9V 6ZR','Somalia',1,NULL,'--- !ruby/hash:ActiveSupport::HashWithIndifferentAccess {}\n','2014-01-10 09:57:57','2014-01-10 09:57:57',NULL),(15,'edwina_bergstrom_4914','Carole','Bernier','05627981787',1,'0ba0yiupfygf6e9xgj','trystan@kemmer.co.uk','adhsa81s2xdcdagb9b','42614 Audreanne Square','West Eldaton','V-T9 0LZ','Vanuatu',1,NULL,'--- !ruby/hash:ActiveSupport::HashWithIndifferentAccess {}\n','2014-01-10 09:57:57','2014-01-10 09:57:57',NULL),(16,'richie_fahey_7251','Cassandre','Moen','0800151149',1,'2azt7uxdzts0xmq0e9','reinhold@altenwerth.co.uk','y5k9mpbvnv8mvlqobp','32046 Milford Spurs','East Randal','A-Y3B 6JL','American Samoa',1,NULL,'--- !ruby/hash:ActiveSupport::HashWithIndifferentAccess {}\n','2014-01-05 00:00:00','2014-01-05 00:00:00',NULL),(17,'jayson_8414','Lauretta','Hermann','01919539849',1,'498i1ubhcnddb78xcs','maddison@moriettehyatt.info','j56rvynm32b4z56s52','2844 Lueilwitz Road','New Chase','W-ZE84 1WB','Western Sahara',1,NULL,'--- !ruby/hash:ActiveSupport::HashWithIndifferentAccess {}\n','2014-01-05 00:00:00','2014-01-05 00:00:00',NULL),(18,'mina','Mina','Wolff','01195709029',1,'9m4gl7r1e39gujmee8','mina@zhdk.ch','aa7270bq3c2rmp6g85','474 Yundt Fort','Nadertown','N-SN7X 9NL','Nicaragua',1,NULL,'--- !ruby/hash:ActiveSupport::HashWithIndifferentAccess {}\n','2014-01-10 09:57:57','2014-01-10 09:57:57',NULL),(19,'julie','Julie','Rempel','03765839590',1,'6dxns4m2ie3t90q7i5','julie@zhdk.ch','matz7wcsaq30pa87e3','85652 Feil Vista','Boehmshire','G-WN85 3ZJ','Germany',1,NULL,'--- !ruby/hash:ActiveSupport::HashWithIndifferentAccess {}\n','2014-01-10 09:57:57','2014-01-10 09:57:57',NULL),(20,NULL,'Et tempore quia aliquid sed itaque doloremque sunt.',NULL,NULL,NULL,NULL,NULL,NULL,NULL,NULL,NULL,NULL,1,NULL,'--- !ruby/hash:ActiveSupport::HashWithIndifferentAccess {}\n','2014-01-10 09:57:57','2014-01-10 09:57:57',19),(21,NULL,'Cumque aut provident non aut soluta totam laboriosam.',NULL,NULL,NULL,NULL,NULL,NULL,NULL,NULL,NULL,NULL,1,NULL,'--- !ruby/hash:ActiveSupport::HashWithIndifferentAccess {}\n','2014-01-10 09:57:57','2014-01-10 09:57:57',18),(22,NULL,'Optio et quia libero praesentium et asperiores deserunt ad.',NULL,NULL,NULL,NULL,NULL,NULL,NULL,NULL,NULL,NULL,1,NULL,'--- !ruby/hash:ActiveSupport::HashWithIndifferentAccess {}\n','2014-01-10 09:57:57','2014-01-10 09:57:57',18),(23,NULL,'Voluptatem pariatur repellat dolorum illum id nobis aliquam.',NULL,NULL,NULL,NULL,NULL,NULL,NULL,NULL,NULL,NULL,1,NULL,'--- !ruby/hash:ActiveSupport::HashWithIndifferentAccess {}\n','2014-01-10 09:57:57','2014-01-10 09:57:57',18),(24,'normin','Normin','N.','0169773787',1,'ba4bb7tezc04t5zdyh','normin@zhdk.ch','fieb5ytzdfunh1jqui','84809 Maya Path','Lake Orphaberg','S-W2 9QA','Saint Martin',2,NULL,'--- !ruby/hash:ActiveSupport::HashWithIndifferentAccess {}\n','2014-01-10 09:57:57','2014-01-10 09:57:57',NULL),(25,'petra','Petra','K.','01913929057',1,'dpdyv46rqcppj8mwct','petra@zhdk.ch','3a5e2czcxot02gcgdg','530 Powlowski Port, ','East Fernandoview','B-YM4 5BB','Burundi',2,NULL,'--- !ruby/hash:ActiveSupport::HashWithIndifferentAccess {}\n','2014-01-10 09:57:57','2014-01-10 09:57:57',NULL),(26,'andi','Andi','Paucek','02200026233',1,'bw0kl1slxi1wbst77e','andi@zhdk.ch','d2in5wzltgtlskqdju','4101 Andre Forge','New Nyah','T-LD8E 1LH','Turkey',2,NULL,'--- !ruby/hash:ActiveSupport::HashWithIndifferentAccess {}\n','2014-01-10 09:57:57','2014-01-10 09:57:57',NULL),(27,'haley.mclaughlin_4801','Mossie','Schiller','01312666327',1,'1i10xompmdz160m1vo','jillian@pagac.info','cy84c75p2kg6z5n159','96515 Rohan Lodge','South Chase','B-WR9 7QJ','Belize',2,NULL,'--- !ruby/hash:ActiveSupport::HashWithIndifferentAccess {}\n','2014-01-10 09:57:57','2014-01-10 09:57:57',NULL),(28,'maddison_7675','Wyatt','Brakus','0169771045',1,'1ijkoebpop1sydptdw','lela@wuckert.com','do1ouoxp21ddk4zqsx','46456 Kulas Forge','Vandervortland','G-Z5 3BW','Greenland',1,NULL,'--- !ruby/hash:ActiveSupport::HashWithIndifferentAccess {}\n','2014-01-10 09:57:57','2014-01-10 09:57:57',NULL),(29,'melany_3845','Stephen','Hauck','0500603103',1,'aaisoicyjba377m38w','gilda@walterturner.com','ecwe7wnmgjx3105wo8','70837 Armand Circles','West Constanceburgh','F-W7 4HF','Finland',1,NULL,'--- !ruby/hash:ActiveSupport::HashWithIndifferentAccess {}\n','2014-01-10 09:57:57','2014-01-10 09:57:57',NULL),(30,'reva_koelpin_6564','Lysanne','Berge','09150704842',1,'ogg0f5myux2wicuvct','zaria_abernathy@willwintheiser.com','otwb48a8r745f19uy8','46852 Spencer Highway','North Adela','F-N6P 1LJ','Fiji',1,NULL,'--- !ruby/hash:ActiveSupport::HashWithIndifferentAccess {}\n','2014-01-10 09:57:57','2014-01-10 09:57:57',NULL),(31,'ralph_jast_712','Tiara','Hoppe','01351459880',1,'0avignpotzm9zjwu0j','tia@wiza.biz','5lz0kaq8q85qwlwgdi','6382 Ratke Estate','Carriefort','C-W5 0AJ','Comoros',1,NULL,'--- !ruby/hash:ActiveSupport::HashWithIndifferentAccess {}\n','2014-01-10 09:57:57','2014-01-10 09:57:57',NULL),(32,'sophie.cruickshank_9280','May','Schinner','0187393303',1,'j4tm9mozey4s6p4dje','orlo@bartoletti.biz','zri7mez5n91u4ewbvh','43142 Rick Mountain','South Arvillabury','C-ZM8 2AL','Comoros',1,NULL,'--- !ruby/hash:ActiveSupport::HashWithIndifferentAccess {}\n','2014-01-10 09:57:57','2014-01-10 09:57:57',NULL),(33,'lisa','Lisa','L.','0169779203',1,'065ib18m2m4r1euufh','lisa@zhdk.ch','uhfdajpy6psvu5bg94','7864 Vanessa Falls','Wisozkport','B-Y1 1QB','Benin',2,NULL,'--- !ruby/hash:ActiveSupport::HashWithIndifferentAccess {}\n','2014-01-10 09:57:57','2014-01-10 09:57:57',NULL);
/*!40000 ALTER TABLE `users` ENABLE KEYS */;
UNLOCK TABLES;

--
-- Temporary table structure for view `visit_lines`
--

DROP TABLE IF EXISTS `visit_lines`;
/*!50001 DROP VIEW IF EXISTS `visit_lines`*/;
SET @saved_cs_client     = @@character_set_client;
SET character_set_client = utf8;
/*!50001 CREATE TABLE `visit_lines` (
  `visit_id` tinyint NOT NULL,
  `inventory_pool_id` tinyint NOT NULL,
  `user_id` tinyint NOT NULL,
  `delegated_user_id` tinyint NOT NULL,
  `status` tinyint NOT NULL,
  `action` tinyint NOT NULL,
  `date` tinyint NOT NULL,
  `quantity` tinyint NOT NULL,
  `contract_line_id` tinyint NOT NULL
) ENGINE=MyISAM */;
SET character_set_client = @saved_cs_client;

--
-- Temporary table structure for view `visits`
--

DROP TABLE IF EXISTS `visits`;
/*!50001 DROP VIEW IF EXISTS `visits`*/;
SET @saved_cs_client     = @@character_set_client;
SET character_set_client = utf8;
/*!50001 CREATE TABLE `visits` (
  `id` tinyint NOT NULL,
  `inventory_pool_id` tinyint NOT NULL,
  `user_id` tinyint NOT NULL,
  `status` tinyint NOT NULL,
  `action` tinyint NOT NULL,
  `date` tinyint NOT NULL,
  `quantity` tinyint NOT NULL
) ENGINE=MyISAM */;
SET character_set_client = @saved_cs_client;

--
-- Table structure for table `workdays`
--

DROP TABLE IF EXISTS `workdays`;
/*!40101 SET @saved_cs_client     = @@character_set_client */;
/*!40101 SET character_set_client = utf8 */;
CREATE TABLE `workdays` (
  `id` int(11) NOT NULL AUTO_INCREMENT,
  `inventory_pool_id` int(11) DEFAULT NULL,
  `monday` tinyint(1) DEFAULT '1',
  `tuesday` tinyint(1) DEFAULT '1',
  `wednesday` tinyint(1) DEFAULT '1',
  `thursday` tinyint(1) DEFAULT '1',
  `friday` tinyint(1) DEFAULT '1',
  `saturday` tinyint(1) DEFAULT '0',
  `sunday` tinyint(1) DEFAULT '0',
  PRIMARY KEY (`id`),
  KEY `index_workdays_on_inventory_pool_id` (`inventory_pool_id`)
) ENGINE=InnoDB AUTO_INCREMENT=16 DEFAULT CHARSET=utf8 COLLATE=utf8_unicode_ci;
/*!40101 SET character_set_client = @saved_cs_client */;

--
-- Dumping data for table `workdays`
--

LOCK TABLES `workdays` WRITE;
/*!40000 ALTER TABLE `workdays` DISABLE KEYS */;
INSERT INTO `workdays` VALUES (1,1,1,1,1,1,1,0,0),(2,2,1,1,1,1,1,0,0),(3,3,1,1,1,1,1,0,0),(4,4,1,1,1,1,1,0,0),(5,5,1,1,1,1,1,0,0),(6,6,1,1,1,1,1,0,0),(7,7,1,1,1,1,1,0,0),(8,8,1,1,1,1,1,0,0),(9,9,1,1,1,1,1,0,0),(10,10,1,1,1,1,1,0,0),(11,11,1,1,1,1,1,0,0),(12,12,1,1,1,1,1,0,0),(13,13,1,1,1,1,1,0,0),(14,14,1,1,1,1,1,0,0),(15,15,1,1,1,1,1,0,0);
/*!40000 ALTER TABLE `workdays` ENABLE KEYS */;
UNLOCK TABLES;

--
-- Final view structure for view `partitions_with_generals`
--

/*!50001 DROP TABLE IF EXISTS `partitions_with_generals`*/;
/*!50001 DROP VIEW IF EXISTS `partitions_with_generals`*/;
/*!50001 SET @saved_cs_client          = @@character_set_client */;
/*!50001 SET @saved_cs_results         = @@character_set_results */;
/*!50001 SET @saved_col_connection     = @@collation_connection */;
/*!50001 SET character_set_client      = utf8 */;
/*!50001 SET character_set_results     = utf8 */;
/*!50001 SET collation_connection      = utf8_general_ci */;
/*!50001 CREATE ALGORITHM=UNDEFINED */
/*!50001 VIEW `partitions_with_generals` AS select `partitions`.`model_id` AS `model_id`,`partitions`.`inventory_pool_id` AS `inventory_pool_id`,`partitions`.`group_id` AS `group_id`,`partitions`.`quantity` AS `quantity` from `partitions` union select `i`.`model_id` AS `model_id`,`i`.`inventory_pool_id` AS `inventory_pool_id`,NULL AS `group_id`,(count(`i`.`id`) - ifnull((select sum(`p`.`quantity`) from `partitions` `p` where ((`p`.`model_id` = `i`.`model_id`) and (`p`.`inventory_pool_id` = `i`.`inventory_pool_id`)) group by `p`.`inventory_pool_id`,`p`.`model_id`),0)) AS `quantity` from `items` `i` where (isnull(`i`.`retired`) and (`i`.`is_borrowable` = 1) and isnull(`i`.`parent_id`)) group by `i`.`inventory_pool_id`,`i`.`model_id` */;
/*!50001 SET character_set_client      = @saved_cs_client */;
/*!50001 SET character_set_results     = @saved_cs_results */;
/*!50001 SET collation_connection      = @saved_col_connection */;

--
-- Final view structure for view `visit_lines`
--

/*!50001 DROP TABLE IF EXISTS `visit_lines`*/;
/*!50001 DROP VIEW IF EXISTS `visit_lines`*/;
/*!50001 SET @saved_cs_client          = @@character_set_client */;
/*!50001 SET @saved_cs_results         = @@character_set_results */;
/*!50001 SET @saved_col_connection     = @@collation_connection */;
/*!50001 SET character_set_client      = utf8 */;
/*!50001 SET character_set_results     = utf8 */;
/*!50001 SET collation_connection      = utf8_general_ci */;
/*!50001 CREATE ALGORITHM=UNDEFINED */
/*!50001 VIEW `visit_lines` AS select hex(concat(if((`c`.`status` = 'approved'),`cl`.`start_date`,`cl`.`end_date`),`c`.`inventory_pool_id`,`c`.`user_id`,`c`.`status`)) AS `visit_id`,`c`.`inventory_pool_id` AS `inventory_pool_id`,`c`.`user_id` AS `user_id`,`c`.`delegated_user_id` AS `delegated_user_id`,`c`.`status` AS `status`,if((`c`.`status` = 'approved'),'hand_over','take_back') AS `action`,if((`c`.`status` = 'approved'),`cl`.`start_date`,`cl`.`end_date`) AS `date`,`cl`.`quantity` AS `quantity`,`cl`.`id` AS `contract_line_id` from (`contract_lines` `cl` join `contracts` `c` on((`cl`.`contract_id` = `c`.`id`))) where ((`c`.`status` in ('approved','signed')) and isnull(`cl`.`returned_date`)) order by if((`c`.`status` = 'approved'),`cl`.`start_date`,`cl`.`end_date`) */;
/*!50001 SET character_set_client      = @saved_cs_client */;
/*!50001 SET character_set_results     = @saved_cs_results */;
/*!50001 SET collation_connection      = @saved_col_connection */;

--
-- Final view structure for view `visits`
--

/*!50001 DROP TABLE IF EXISTS `visits`*/;
/*!50001 DROP VIEW IF EXISTS `visits`*/;
/*!50001 SET @saved_cs_client          = @@character_set_client */;
/*!50001 SET @saved_cs_results         = @@character_set_results */;
/*!50001 SET @saved_col_connection     = @@collation_connection */;
/*!50001 SET character_set_client      = utf8 */;
/*!50001 SET character_set_results     = utf8 */;
/*!50001 SET collation_connection      = utf8_general_ci */;
/*!50001 CREATE ALGORITHM=UNDEFINED */
/*!50001 VIEW `visits` AS select hex(concat(`visit_lines`.`date`,`visit_lines`.`inventory_pool_id`,`visit_lines`.`user_id`,`visit_lines`.`status`)) AS `id`,`visit_lines`.`inventory_pool_id` AS `inventory_pool_id`,`visit_lines`.`user_id` AS `user_id`,`visit_lines`.`status` AS `status`,`visit_lines`.`action` AS `action`,`visit_lines`.`date` AS `date`,sum(`visit_lines`.`quantity`) AS `quantity` from `visit_lines` group by `visit_lines`.`user_id`,`visit_lines`.`status`,`visit_lines`.`date`,`visit_lines`.`inventory_pool_id` */;
/*!50001 SET character_set_client      = @saved_cs_client */;
/*!50001 SET character_set_results     = @saved_cs_results */;
/*!50001 SET collation_connection      = @saved_col_connection */;
/*!40103 SET TIME_ZONE=@OLD_TIME_ZONE */;

/*!40101 SET SQL_MODE=@OLD_SQL_MODE */;
/*!40014 SET FOREIGN_KEY_CHECKS=@OLD_FOREIGN_KEY_CHECKS */;
/*!40014 SET UNIQUE_CHECKS=@OLD_UNIQUE_CHECKS */;
/*!40101 SET CHARACTER_SET_CLIENT=@OLD_CHARACTER_SET_CLIENT */;
/*!40101 SET CHARACTER_SET_RESULTS=@OLD_CHARACTER_SET_RESULTS */;
/*!40101 SET COLLATION_CONNECTION=@OLD_COLLATION_CONNECTION */;
/*!40111 SET SQL_NOTES=@OLD_SQL_NOTES */;

-- Dump completed on 2014-05-26 13:00:07
COMMIT;
