SET autocommit=0; SET unique_checks=0; SET foreign_key_checks=0;
-- MySQL dump 10.13  Distrib 5.1.48, for apple-darwin10.3.0 (i386)
--
-- Host: localhost    Database: leihs2_test
-- ------------------------------------------------------
-- Server version	5.1.48

/*!40101 SET @OLD_CHARACTER_SET_CLIENT=@@CHARACTER_SET_CLIENT */;
/*!40101 SET @OLD_CHARACTER_SET_RESULTS=@@CHARACTER_SET_RESULTS */;
/*!40101 SET @OLD_COLLATION_CONNECTION=@@COLLATION_CONNECTION */;
/*!40101 SET NAMES utf8 */;
/*!40103 SET @OLD_TIME_ZONE=@@TIME_ZONE */;
/*!40103 SET TIME_ZONE='+00:00' */;
/*!40014 SET @OLD_UNIQUE_CHECKS=@@UNIQUE_CHECKS, UNIQUE_CHECKS=0 */;
/*!40014 SET @OLD_FOREIGN_KEY_CHECKS=@@FOREIGN_KEY_CHECKS, FOREIGN_KEY_CHECKS=0 */;
/*!40101 SET @OLD_SQL_MODE=@@SQL_MODE, SQL_MODE='NO_AUTO_VALUE_ON_ZERO' */;
/*!40111 SET @OLD_SQL_NOTES=@@SQL_NOTES, SQL_NOTES=0 */;

--
-- Table structure for table `access_rights`
--

DROP TABLE IF EXISTS `access_rights`;
/*!40101 SET @saved_cs_client     = @@character_set_client */;
/*!40101 SET character_set_client = utf8 */;
CREATE TABLE `access_rights` (
  `id` int(11) NOT NULL AUTO_INCREMENT,
  `user_id` int(11) DEFAULT NULL,
  `inventory_pool_id` int(11) DEFAULT NULL,
  `suspended_until` date DEFAULT NULL,
  `suspended_reason` text COLLATE utf8_unicode_ci,
  `deleted_at` date DEFAULT NULL,
  `created_at` datetime DEFAULT NULL,
  `updated_at` datetime DEFAULT NULL,
  `role` enum('customer','group_manager','lending_manager','inventory_manager','admin') COLLATE utf8_unicode_ci NOT NULL,
  PRIMARY KEY (`id`),
  KEY `index_access_rights_on_suspended_until` (`suspended_until`),
  KEY `index_access_rights_on_deleted_at` (`deleted_at`),
  KEY `index_access_rights_on_inventory_pool_id` (`inventory_pool_id`),
  KEY `index_access_rights_on_role` (`role`),
  KEY `index_on_user_id_and_inventory_pool_id_and_deleted_at` (`user_id`,`inventory_pool_id`,`deleted_at`)
) ENGINE=InnoDB AUTO_INCREMENT=42 DEFAULT CHARSET=utf8 COLLATE=utf8_unicode_ci;
/*!40101 SET character_set_client = @saved_cs_client */;

--
-- Dumping data for table `access_rights`
--

LOCK TABLES `access_rights` WRITE;
/*!40000 ALTER TABLE `access_rights` DISABLE KEYS */;
INSERT INTO `access_rights` VALUES (1,1,NULL,NULL,NULL,NULL,'2012-08-27 15:10:46','2012-08-27 15:10:46','admin'),(2,3,3,NULL,NULL,NULL,'2012-08-27 15:10:46','2012-08-27 15:10:46','customer'),(3,4,1,NULL,NULL,NULL,'2012-08-27 15:10:46','2012-08-27 15:10:46','lending_manager'),(4,5,5,NULL,NULL,NULL,'2012-08-27 15:10:46','2012-08-27 15:10:46','customer'),(5,6,12,NULL,NULL,NULL,'2012-08-27 15:10:46','2012-08-27 15:10:46','customer'),(6,7,1,NULL,NULL,'2012-08-27','2012-08-27 15:10:46','2012-08-27 15:10:46','customer'),(7,1,1,NULL,NULL,NULL,'2012-08-27 15:10:46','2012-08-27 15:10:46','customer'),(8,8,2,NULL,NULL,NULL,'2012-08-27 15:10:46','2012-08-27 15:10:46','inventory_manager'),(9,9,1,NULL,NULL,NULL,'2012-08-27 15:10:46','2012-08-27 15:10:46','inventory_manager'),(10,9,12,NULL,NULL,NULL,'2012-08-27 15:10:46','2012-08-27 15:10:46','inventory_manager'),(11,10,1,NULL,NULL,NULL,'2012-08-27 15:10:46','2012-08-27 15:10:46','group_manager'),(12,10,2,NULL,NULL,NULL,'2012-08-27 15:10:46','2012-08-27 15:10:46','group_manager'),(13,10,3,NULL,NULL,NULL,'2012-08-27 15:10:46','2012-08-27 15:10:46','group_manager'),(14,11,1,NULL,NULL,NULL,'2012-08-27 15:10:46','2012-08-27 15:10:46','group_manager'),(15,12,1,NULL,NULL,NULL,'2012-08-27 15:10:46','2012-08-27 15:10:46','customer'),(16,13,1,'2012-08-27','suspreason',NULL,'2012-08-27 15:10:46','2012-08-27 15:10:46','customer'),(17,14,1,NULL,NULL,NULL,'2012-08-27 15:10:46','2012-08-27 15:10:46','customer'),(18,15,1,NULL,NULL,NULL,'2012-08-27 15:10:46','2012-08-27 15:10:46','customer'),(19,16,1,NULL,NULL,NULL,'2012-08-27 15:10:46','2012-08-27 15:10:46','customer'),(20,17,NULL,NULL,NULL,NULL,'2012-08-27 15:10:46','2012-08-27 15:10:46','admin'),(21,18,1,NULL,NULL,NULL,'2012-08-27 15:10:46','2012-08-27 15:10:46','lending_manager'),(22,18,2,NULL,NULL,NULL,'2012-08-27 15:10:46','2012-08-27 15:10:46','lending_manager'),(23,19,1,NULL,NULL,NULL,'2012-08-27 15:10:46','2012-08-27 15:10:46','customer'),(24,20,1,NULL,NULL,NULL,'2012-08-27 15:10:46','2012-08-27 15:10:46','customer'),(25,21,1,NULL,NULL,NULL,'2012-08-27 15:10:46','2012-08-27 15:10:46','customer'),(26,22,1,NULL,NULL,NULL,'2012-08-27 15:10:46','2012-08-27 15:10:46','customer'),(27,23,1,NULL,NULL,NULL,'2012-08-27 15:10:46','2012-08-27 15:10:46','customer'),(28,24,2,'2012-08-23','In nulla cumque voluptatibus voluptatem.',NULL,'2012-08-22 00:00:00','2012-08-22 00:00:00','customer'),(29,26,1,NULL,NULL,NULL,'2012-08-27 15:10:46','2012-08-27 15:10:46','customer'),(30,27,1,NULL,NULL,NULL,'2012-08-27 15:10:46','2012-08-27 15:10:46','customer'),(31,28,1,NULL,NULL,NULL,'2012-08-27 15:10:46','2012-08-27 15:10:46','customer'),(32,29,1,NULL,NULL,NULL,'2012-08-27 15:10:46','2012-08-27 15:10:46','customer'),(33,31,1,NULL,NULL,NULL,'2012-08-27 15:10:46','2012-08-27 15:10:46','customer'),(34,31,13,NULL,NULL,NULL,'2012-08-27 15:10:46','2012-08-27 15:10:46','customer'),(35,31,14,NULL,NULL,NULL,'2012-08-27 15:10:46','2012-08-27 15:10:46','customer'),(36,32,1,NULL,NULL,NULL,'2012-08-27 15:10:46','2012-08-27 15:10:46','customer'),(37,32,2,NULL,NULL,NULL,'2012-08-27 15:10:46','2012-08-27 15:10:46','customer'),(38,32,3,NULL,NULL,NULL,'2012-08-27 15:10:46','2012-08-27 15:10:46','customer'),(39,32,14,NULL,NULL,'2012-08-26','2012-08-27 15:10:46','2012-08-27 15:10:46','customer'),(40,33,1,NULL,NULL,NULL,'2012-08-27 15:10:46','2012-08-27 15:10:46','customer'),(41,34,1,NULL,NULL,NULL,'2012-08-27 15:10:46','2012-08-27 15:10:46','customer');
/*!40000 ALTER TABLE `access_rights` ENABLE KEYS */;
UNLOCK TABLES;

--
-- Table structure for table `accessories`
--

DROP TABLE IF EXISTS `accessories`;
/*!40101 SET @saved_cs_client     = @@character_set_client */;
/*!40101 SET character_set_client = utf8 */;
CREATE TABLE `accessories` (
  `id` int(11) NOT NULL AUTO_INCREMENT,
  `model_id` int(11) DEFAULT NULL,
  `name` varchar(255) COLLATE utf8_unicode_ci DEFAULT NULL,
  `quantity` int(11) DEFAULT NULL,
  PRIMARY KEY (`id`),
  KEY `index_accessories_on_model_id` (`model_id`)
) ENGINE=InnoDB AUTO_INCREMENT=494 DEFAULT CHARSET=utf8 COLLATE=utf8_unicode_ci;
/*!40101 SET character_set_client = @saved_cs_client */;

--
-- Dumping data for table `accessories`
--

LOCK TABLES `accessories` WRITE;
/*!40000 ALTER TABLE `accessories` DISABLE KEYS */;
INSERT INTO `accessories` VALUES (1,1,'Nadia Larson',NULL),(2,1,'Dr. Kaleb Littel',NULL),(3,1,'Elfrieda Feeney',NULL),(4,2,'Clement Cartwright',NULL),(5,2,'Giuseppe Ratke',NULL),(6,3,'Mr. Bernardo Roob',NULL),(7,3,'Jaleel Lesch',NULL),(8,3,'Ronny Halvorson',NULL),(9,3,'Immanuel Beier',NULL),(10,4,'Emmalee King',NULL),(11,4,'Robbie Morissette',NULL),(12,5,'Roderick Prohaska Jr.',NULL),(13,5,'Odell Cole',NULL),(14,5,'Mr. Cydney Hackett',NULL),(15,5,'Destin Denesik',NULL),(16,6,'Mikel Keebler',NULL),(17,6,'Eulalia Leuschke I',NULL),(18,6,'Lavon Larkin V',NULL),(19,6,'Mr. Carolyn Shanahan',NULL),(20,6,'Laura Stokes',NULL),(21,7,'Lorenza Schinner III',NULL),(22,7,'Bernadette Ebert',NULL),(23,7,'Nedra Strosin',NULL),(24,7,'Garret Hahn',NULL),(25,8,'Spencer Murazik',NULL),(26,9,'Raoul Sanford',NULL),(27,9,'Elissa Tromp',NULL),(28,9,'Mrs. Simone Grady',NULL),(29,10,'Susie Halvorson',NULL),(30,11,'Grayson Greenholt I',NULL),(31,11,'Mariana Breitenberg',NULL),(32,11,'Jason Rogahn',NULL),(33,11,'Amie Larkin Jr.',NULL),(34,11,'Madison Hessel',NULL),(35,12,'Winifred Wolf',NULL),(36,12,'Bradford Becker',NULL),(37,12,'Orland Brekke',NULL),(38,12,'Lenna Quitzon',NULL),(39,12,'Vivien Zboncak',NULL),(40,13,'Miss Erick Frami',NULL),(41,13,'Adrian Predovic',NULL),(42,13,'Brandt Williamson',NULL),(43,13,'Gabriella Sipes',NULL),(44,14,'Sharon McGlynn',NULL),(45,15,'Virginia Pfannerstill',NULL),(46,15,'Sienna Farrell',NULL),(47,15,'Kyra Hirthe',NULL),(48,15,'Cloyd Gulgowski',NULL),(49,16,'Vidal Pagac',NULL),(50,16,'Jany Zulauf',NULL),(51,16,'Zoie Parker',NULL),(52,17,'Ms. Jameson Carter',NULL),(53,18,'Judge Considine',NULL),(54,18,'Felipe Kuvalis',NULL),(55,18,'Gabriella Labadie',NULL),(56,18,'Wellington Quitzon PhD',NULL),(57,18,'Elisabeth Volkman',NULL),(58,19,'Mrs. Eleanore Hoppe',NULL),(59,19,'Miss Greg Kunde',NULL),(60,19,'Miss Theresia Schiller',NULL),(61,19,'Rhiannon Ferry',NULL),(62,19,'Missouri Swift',NULL),(63,20,'Moriah Schamberger',NULL),(64,20,'Vita Trantow',NULL),(65,20,'Cortez O\'Connell',NULL),(66,20,'Janick Nikolaus',NULL),(67,21,'Nyasia Eichmann',NULL),(68,21,'Santa Osinski',NULL),(69,21,'Mariane Nikolaus',NULL),(70,21,'Marge Volkman V',NULL),(71,22,'Arden Rodriguez',NULL),(72,22,'Ayla Abbott',NULL),(73,23,'Lila Walker V',NULL),(74,23,'Dulce Lindgren',NULL),(75,23,'Summer Hills',NULL),(76,24,'Brooks Bechtelar',NULL),(77,24,'Nicolas Stanton',NULL),(78,24,'Ansel Jast',NULL),(79,24,'Green Conroy',NULL),(80,25,'Kathlyn Abernathy',NULL),(81,26,'Ethan Ritchie',NULL),(82,27,'Rodrick Brown',NULL),(83,27,'Porter Shanahan II',NULL),(84,27,'Luella Hermann',NULL),(85,28,'Mrs. Gay Kuhlman',NULL),(86,28,'Christa Yundt',NULL),(87,29,'Tobin Metz II',NULL),(88,30,'Emmet Schmitt',NULL),(89,30,'Merl Nader',NULL),(90,30,'Sibyl Streich',NULL),(91,30,'Karianne Blanda',NULL),(92,30,'Elias Anderson',NULL),(93,31,'Zion Hoppe',NULL),(94,31,'Beulah Cronin',NULL),(95,32,'Simeon Schumm',NULL),(96,32,'Hettie Kohler',NULL),(97,33,'Lilly Block',NULL),(98,33,'Amie Gorczany III',NULL),(99,33,'Johnathan Schiller',NULL),(100,34,'Marlon Muller',NULL),(101,35,'Edward Harber',NULL),(102,35,'Bertrand Corkery DVM',NULL),(103,35,'Jerad Mayer MD',NULL),(104,35,'Jaquan Willms',NULL),(105,35,'Rosario Hegmann',NULL),(106,36,'Annamarie Kassulke',NULL),(107,36,'Beulah Emmerich DDS',NULL),(108,36,'Ivory Bergstrom',NULL),(109,36,'Josephine Lind Sr.',NULL),(110,37,'John Herman',NULL),(111,37,'Mrs. Wilber Kertzmann',NULL),(112,38,'Estelle Schulist',NULL),(113,38,'Ms. Paige Bode',NULL),(114,38,'Miss Lorena King',NULL),(115,38,'Berta Upton',NULL),(116,38,'Addie Klein',NULL),(117,39,'Osbaldo Frami II',NULL),(118,39,'Houston Heidenreich DVM',NULL),(119,39,'Robin Murazik',NULL),(120,39,'Arturo Hane',NULL),(121,40,'Fae Beer',NULL),(122,40,'Gia Dietrich',NULL),(123,40,'Giovani Ebert',NULL),(124,40,'Flo Langosh',NULL),(125,40,'Thea Mueller',NULL),(126,41,'Ms. Forrest Jacobson',NULL),(127,41,'Axel Nikolaus',NULL),(128,41,'Macey Reilly',NULL),(129,42,'Mrs. Edd Champlin',NULL),(130,42,'Bryana Rowe',NULL),(131,42,'Soledad Hirthe',NULL),(132,42,'Vanessa Smitham',NULL),(133,43,'Sydnie Koch',NULL),(134,43,'Garth Rice MD',NULL),(135,43,'Sheridan Monahan Sr.',NULL),(136,43,'Jay Stoltenberg IV',NULL),(137,44,'Miss Coty Legros',NULL),(138,44,'Dr. Reinhold Shields',NULL),(139,45,'Charley Nienow',NULL),(140,45,'Garrison Roob',NULL),(141,45,'Ivy Schaden II',NULL),(142,45,'Zoie Kilback',NULL),(143,46,'Giovanni Champlin',NULL),(144,46,'Aniyah Macejkovic Jr.',NULL),(145,46,'Keara Wintheiser II',NULL),(146,46,'Dr. Shad Grant',NULL),(147,47,'Doug Langworth',NULL),(148,48,'Mrs. Bernice Berge',NULL),(149,48,'Kody Lehner',NULL),(150,48,'Thora Gleichner',NULL),(151,48,'Mrs. Jettie Will',NULL),(152,49,'Mona Nolan',NULL),(153,50,'Weldon Lesch',NULL),(154,50,'Jordon Swift',NULL),(155,51,'Jean McClure',NULL),(156,51,'Kyra Homenick',NULL),(157,51,'Delphine Langosh',NULL),(158,51,'Al Bauch',NULL),(159,51,'Mrs. Alexis Jacobson',NULL),(160,52,'Mikayla Kemmer',NULL),(161,52,'Jarrod Schiller DDS',NULL),(162,52,'Bessie Paucek',NULL),(163,53,'Emory Ritchie',NULL),(164,53,'Idella Gulgowski',NULL),(165,53,'Mrs. Terrance Jacobi',NULL),(166,53,'Dante Jakubowski',NULL),(167,54,'Eleazar Dickinson',NULL),(168,54,'Myra Hirthe',NULL),(169,55,'Amie Osinski V',NULL),(170,55,'Thalia Conn',NULL),(171,56,'Karen Emmerich',NULL),(172,56,'Ottis Christiansen',NULL),(173,56,'Mr. Afton Huel',NULL),(174,57,'Mr. Marc Keeling',NULL),(175,57,'Tracy Abernathy MD',NULL),(176,58,'Ariane Powlowski',NULL),(177,58,'Mozell Lynch',NULL),(178,58,'Glenna Stehr',NULL),(179,58,'Cloyd Bartell',NULL),(180,58,'Anais Lesch',NULL),(181,59,'Mrs. Tyler Pagac',NULL),(182,59,'Aliza Batz',NULL),(183,59,'Lilla Heidenreich',NULL),(184,60,'Crystal Stokes III',NULL),(185,61,'Aron Schaden DVM',NULL),(186,61,'Alexandra Becker',NULL),(187,61,'Madalyn Wiegand',NULL),(188,61,'Mr. Blanche Hane',NULL),(189,62,'Jalen Rolfson',NULL),(190,62,'Trenton Schimmel',NULL),(191,63,'Brennon McLaughlin',NULL),(192,63,'Ms. Billie Dicki',NULL),(193,63,'Andreane Weimann II',NULL),(194,63,'Lemuel Huels',NULL),(195,63,'Wilford Dickens',NULL),(196,64,'Alfredo Bechtelar',NULL),(197,64,'Enrico O\'Keefe',NULL),(198,64,'Rahul Schiller',NULL),(199,64,'Dusty Ratke',NULL),(200,64,'Dixie Crona DDS',NULL),(201,65,'Mr. Marshall Ward',NULL),(202,66,'Cornelius Hintz',NULL),(203,66,'Robin Cartwright III',NULL),(204,66,'Maritza Herzog',NULL),(205,66,'Isadore Bradtke',NULL),(206,67,'Adam Heidenreich',NULL),(207,67,'Raven Zemlak',NULL),(208,67,'Vernon Waelchi',NULL),(209,67,'Miss Devon Lind',NULL),(210,67,'Fleta Mante',NULL),(211,68,'Murl Volkman III',NULL),(212,68,'Lizzie Ullrich',NULL),(213,69,'Jermey Schimmel',NULL),(214,69,'Miss Emma Kerluke',NULL),(215,69,'Janessa Jakubowski',NULL),(216,69,'Mr. Jeanne Weber',NULL),(217,69,'Jamison Lind IV',NULL),(218,70,'Lauren Wehner',NULL),(219,71,'Haskell Pfannerstill',NULL),(220,72,'Allene Hauck III',NULL),(221,72,'Eulah Stehr',NULL),(222,73,'Gerardo Purdy V',NULL),(223,73,'Giovanna Gibson',NULL),(224,73,'Aaliyah Breitenberg',NULL),(225,73,'Rebekah Ruecker',NULL),(226,74,'Mr. Vilma Batz',NULL),(227,75,'Theodora Morissette',NULL),(228,75,'Pablo Hahn',NULL),(229,75,'Jerod Jacobi',NULL),(230,75,'Delores Daugherty',NULL),(231,76,'Dr. Mack Oberbrunner',NULL),(232,77,'Gaylord McGlynn',NULL),(233,78,'Thaddeus Beahan',NULL),(234,78,'Dax Jones IV',NULL),(235,78,'Tavares Rohan',NULL),(236,78,'Annamae Wunsch',NULL),(237,79,'Orland Koepp',NULL),(238,79,'Clyde Kerluke II',NULL),(239,79,'Vincent Mills',NULL),(240,80,'Don Sauer',NULL),(241,80,'Tianna Blanda',NULL),(242,81,'Bryce Batz',NULL),(243,81,'Madalyn Johnston',NULL),(244,81,'Dr. Darryl Jacobi',NULL),(245,81,'Taylor Kunde',NULL),(246,82,'Manley Halvorson',NULL),(247,83,'Leland Bergstrom Sr.',NULL),(248,83,'Dangelo Waters',NULL),(249,83,'Joesph Zboncak',NULL),(250,84,'Jordane Prosacco',NULL),(251,85,'Angelina Borer',NULL),(252,85,'Richmond Kunde',NULL),(253,85,'Orlando Ondricka',NULL),(254,85,'Mrs. Reyna Kiehn',NULL),(255,85,'Dameon O\'Reilly',NULL),(256,86,'Mr. Abbie Murphy',NULL),(257,86,'Myrtle Simonis',NULL),(258,86,'Abdul Pouros',NULL),(259,86,'Grayson Raynor',NULL),(260,86,'Doyle Wolff',NULL),(261,87,'Gussie Dooley',NULL),(262,87,'Maurine Leffler',NULL),(263,88,'Laisha Wintheiser',NULL),(264,88,'Colten Moen',NULL),(265,88,'Mr. Dana Towne',NULL),(266,89,'Reyes Kilback IV',NULL),(267,89,'Valentine Becker',NULL),(268,89,'Concepcion Murphy',NULL),(269,89,'Vergie Metz',NULL),(270,89,'Ford Leuschke',NULL),(271,90,'Zena Johnston',NULL),(272,90,'Verla Rohan',NULL),(273,90,'Jamil Koss',NULL),(274,90,'Doug Schroeder III',NULL),(275,91,'Walker Huels',NULL),(276,91,'Adah Reynolds',NULL),(277,92,'Deshaun Ruecker',NULL),(278,93,'Chaz Breitenberg III',NULL),(279,93,'Christ Lind MD',NULL),(280,93,'Vena Erdman',NULL),(281,94,'Leonel Bartoletti',NULL),(282,94,'Maya Sanford',NULL),(283,95,'Mathias Batz',NULL),(284,95,'Luella Ritchie',NULL),(285,95,'Ozella Collier',NULL),(286,95,'Arvel Toy',NULL),(287,95,'Josue Robel',NULL),(288,96,'Judy Lynch',NULL),(289,96,'Aurelio McCullough',NULL),(290,96,'Haylee Auer PhD',NULL),(291,96,'Mathias Hahn',NULL),(292,96,'Monica Lehner',NULL),(293,97,'Cooper Champlin',NULL),(294,97,'Mr. Juston Larkin',NULL),(295,98,'Tabitha Kertzmann',NULL),(296,98,'Edwina Gaylord',NULL),(297,98,'Oceane Schroeder',NULL),(298,99,'Leora Heathcote',NULL),(299,100,'Riley Spencer',NULL),(300,100,'Madie Haley',NULL),(301,100,'Mr. Waino Huels',NULL),(302,100,'Chadrick Harris',NULL),(303,100,'Braeden Pagac',NULL),(304,101,'Ignatius Waters',NULL),(305,101,'Roel Hartmann',NULL),(306,101,'Rafaela Boehm II',NULL),(307,101,'Jesus Simonis DDS',NULL),(308,101,'Hugh Wolff',NULL),(309,102,'Joshua Gusikowski',NULL),(310,102,'Hertha Effertz',NULL),(311,102,'Keaton Schroeder',NULL),(312,102,'Ozella Harber',NULL),(313,102,'Mrs. Lucy Bergstrom',NULL),(314,103,'Adam Robel',NULL),(315,103,'Miss Mikel Rosenbaum',NULL),(316,104,'Glen Kreiger Jr.',NULL),(317,104,'Ms. Mona Sawayn',NULL),(318,104,'Misael O\'Reilly',NULL),(319,105,'Mrs. Allan Weber',NULL),(320,105,'Donna Mueller',NULL),(321,106,'Tierra Walker II',NULL),(322,107,'Vada Abbott',NULL),(323,108,'Dr. Maximillian Muller',NULL),(324,108,'Alexys Bailey PhD',NULL),(325,108,'Shaun Beer',NULL),(326,108,'Madelynn Franecki DDS',NULL),(327,108,'Ms. Cassie Ortiz',NULL),(328,109,'Manuela Hackett',NULL),(329,109,'Trevion Schmidt',NULL),(330,109,'Rudy Walsh',NULL),(331,110,'Miss Rickey Kirlin',NULL),(332,110,'Nayeli Gorczany',NULL),(333,111,'Willy Schulist',NULL),(334,111,'Jovani Baumbach',NULL),(335,111,'Filiberto Pacocha',NULL),(336,111,'Cleta Bartoletti',NULL),(337,112,'Coleman Funk',NULL),(338,112,'Mr. Elton Weissnat',NULL),(339,112,'Athena Hickle',NULL),(340,112,'Elvera Rice',NULL),(341,113,'Minerva Emard',NULL),(342,113,'Jacques Reynolds',NULL),(343,113,'Myra Connelly',NULL),(344,113,'Miss Kaelyn Johnson',NULL),(345,113,'Elouise Nolan',NULL),(346,114,'Sigrid Koch',NULL),(347,114,'Jadon Schumm',NULL),(348,114,'Rodolfo Koch',NULL),(349,114,'Dr. April Walter',NULL),(350,115,'Jakayla Harris',NULL),(351,115,'Genoveva Goldner V',NULL),(352,116,'Arch Hirthe',NULL),(353,117,'Myriam Stiedemann',NULL),(354,117,'Therese Pollich',NULL),(355,117,'Lance Collins',NULL),(356,117,'Arturo Mayert',NULL),(357,118,'Tania Jacobs Sr.',NULL),(358,118,'Shea Weimann III',NULL),(359,118,'Adele Abbott',NULL),(360,118,'Domenick Mosciski I',NULL),(361,119,'Freeman Corwin',NULL),(362,120,'Brett Williamson Jr.',NULL),(363,120,'Beverly Stehr',NULL),(364,121,'Victor Nicolas',NULL),(365,121,'Vladimir Armstrong',NULL),(366,121,'Jade Borer',NULL),(367,121,'Mrs. Fatima Osinski',NULL),(368,122,'Alex Torp Sr.',NULL),(369,122,'Mrs. Emil Beahan',NULL),(370,122,'Jay Koepp',NULL),(371,122,'Kenya Greenholt',NULL),(372,123,'Nettie Ziemann',NULL),(373,123,'Frederik Gerlach V',NULL),(374,123,'Judson Hackett Jr.',NULL),(375,123,'Jerod Johns',NULL),(376,123,'Ophelia Russel',NULL),(377,124,'Mr. Kelley Jacobs',NULL),(378,124,'Roger Hermann',NULL),(379,124,'Phyllis Quigley',NULL),(380,124,'Jaqueline Johns',NULL),(381,125,'Zoey Auer',NULL),(382,125,'Lee Kilback',NULL),(383,125,'Benjamin Bogisich',NULL),(384,125,'Adolfo Russel',NULL),(385,125,'Ms. Justen Hodkiewicz',NULL),(386,126,'Oswald Hammes',NULL),(387,126,'Elsa Hamill MD',NULL),(388,126,'Ruth Leuschke',NULL),(389,127,'Grace Schowalter',NULL),(390,127,'Deja Littel',NULL),(391,127,'Lilly Murphy',NULL),(392,127,'Rachelle Ullrich',NULL),(393,128,'Eda Lemke',NULL),(394,128,'Korey Schmeler',NULL),(395,128,'Raheem Volkman IV',NULL),(396,128,'Dario Waelchi',NULL),(397,128,'Queenie Dare',NULL),(398,129,'Izabella Hintz',NULL),(399,129,'Jaylin Roob',NULL),(400,129,'Forest Berge',NULL),(401,129,'Curtis Fritsch',NULL),(402,129,'Mrs. Lucious McCullough',NULL),(403,130,'Edna Adams DDS',NULL),(404,130,'Elody Braun MD',NULL),(405,130,'Hildegard Moen',NULL),(406,130,'Caleb Gaylord',NULL),(407,131,'Gino McCullough',NULL),(408,131,'Arlene Fritsch V',NULL),(409,132,'Birdie Quitzon',NULL),(410,132,'Miss Merlin Stark',NULL),(411,132,'Alden Olson',NULL),(412,132,'Victoria Ebert',NULL),(413,133,'Marisol Ullrich',NULL),(414,133,'Randall Graham',NULL),(415,133,'Holly Mraz',NULL),(416,134,'Forrest Greenholt',NULL),(417,135,'Verda Rau',NULL),(418,135,'Noble Berge',NULL),(419,135,'Ramon Lindgren',NULL),(420,135,'Jarret Abernathy',NULL),(421,135,'Bethel Dare',NULL),(422,136,'Zack Olson',NULL),(423,136,'Janis Rogahn',NULL),(424,136,'Dell Jaskolski',NULL),(425,136,'Retha Kulas',NULL),(426,137,'Zoila Collins',NULL),(427,137,'Zelma Gottlieb IV',NULL),(428,137,'Francis Volkman',NULL),(429,138,'Della Ryan Jr.',NULL),(430,138,'Amya Deckow',NULL),(431,138,'Vada Maggio',NULL),(432,138,'Rosamond Walsh',NULL),(433,139,'Rollin Leannon',NULL),(434,139,'Myra Daugherty',NULL),(435,140,'Rae Stracke',NULL),(436,141,'Damaris Shanahan',NULL),(437,141,'Nathen Cole',NULL),(438,141,'Wade Mayer',NULL),(439,142,'Carmelo Franecki III',NULL),(440,142,'Jaquelin Kilback',NULL),(441,142,'Irma Monahan',NULL),(442,142,'Terrill Bosco',NULL),(443,143,'Jordan Franecki',NULL),(444,143,'Dion Huels',NULL),(445,144,'Gerald Goodwin',NULL),(446,144,'Nelle Gislason V',NULL),(447,144,'Ernie Rice',NULL),(448,144,'Brandi Spinka I',NULL),(449,145,'Wilford Dicki',NULL),(450,145,'Esperanza Littel',NULL),(451,145,'Muriel Kuphal',NULL),(452,145,'Marta Lesch',NULL),(453,146,'Marta McCullough Jr.',NULL),(454,146,'Dr. Kieran Sipes',NULL),(455,146,'Mrs. Mariano Gaylord',NULL),(456,147,'Neal Wuckert',NULL),(457,147,'Darius Lesch',NULL),(458,147,'Rogers Mohr',NULL),(459,147,'Magnus Grimes',NULL),(460,148,'Duncan Reinger',NULL),(461,148,'Juwan Nolan',NULL),(462,148,'Gavin Hauck MD',NULL),(463,148,'Iliana Beer',NULL),(464,148,'Herbert Stark DDS',NULL),(465,149,'Jerome Pouros',NULL),(466,149,'Jairo Simonis',NULL),(467,150,'Easton Fisher Sr.',NULL),(468,151,'Brad Ankunding',NULL),(469,152,'Aric Bednar',NULL),(470,152,'Mr. Hettie Medhurst',NULL),(471,152,'Mr. Melany Borer',NULL),(472,152,'Randy Robel',NULL),(473,152,'Mckenzie Wiza',NULL),(474,153,'Collin Bins',NULL),(475,154,'Ms. Heidi Wintheiser',NULL),(476,155,'Donald Gerhold',NULL),(477,156,'Rudolph Kozey',NULL),(478,157,'Sherwood Fisher',NULL),(479,157,'Wayne Huel',NULL),(480,157,'Lorna Beatty',NULL),(481,158,'Ayana Turcotte',NULL),(482,158,'Marielle Keeling',NULL),(483,158,'Amelia Hills DDS',NULL),(484,158,'Sheldon O\'Connell',NULL),(485,159,'Hunter Lehner',NULL),(486,159,'Omari Keeling',NULL),(487,159,'Elliott Littel',NULL),(488,159,'Thaddeus Klein',NULL),(489,159,'Kimberly Mertz',NULL),(490,160,'Dennis Klein Jr.',NULL),(491,160,'Damon Lockman',NULL),(492,160,'Helene Ebert',NULL),(493,160,'Kirk Robel',NULL);
/*!40000 ALTER TABLE `accessories` ENABLE KEYS */;
UNLOCK TABLES;

--
-- Table structure for table `accessories_inventory_pools`
--

DROP TABLE IF EXISTS `accessories_inventory_pools`;
/*!40101 SET @saved_cs_client     = @@character_set_client */;
/*!40101 SET character_set_client = utf8 */;
CREATE TABLE `accessories_inventory_pools` (
  `accessory_id` int(11) DEFAULT NULL,
  `inventory_pool_id` int(11) DEFAULT NULL,
  UNIQUE KEY `index_accessories_inventory_pools` (`accessory_id`,`inventory_pool_id`),
  KEY `index_accessories_inventory_pools_on_inventory_pool_id` (`inventory_pool_id`)
) ENGINE=InnoDB DEFAULT CHARSET=utf8 COLLATE=utf8_unicode_ci;
/*!40101 SET character_set_client = @saved_cs_client */;

--
-- Dumping data for table `accessories_inventory_pools`
--

LOCK TABLES `accessories_inventory_pools` WRITE;
/*!40000 ALTER TABLE `accessories_inventory_pools` DISABLE KEYS */;
INSERT INTO `accessories_inventory_pools` VALUES (2,1),(3,1),(8,1),(10,1),(11,1),(12,1),(13,1),(15,1),(16,1),(17,1),(19,1),(24,1),(27,1),(29,1),(32,1),(35,1),(36,1),(39,1),(41,1),(42,1),(43,1),(44,1),(46,1),(47,1),(50,1),(53,1),(56,1),(57,1),(58,1),(59,1),(60,1),(62,1),(64,1),(66,1),(67,1),(68,1),(71,1),(73,1),(75,1),(77,1),(80,1),(81,1),(82,1),(83,1),(85,1),(86,1),(87,1),(88,1),(90,1),(91,1),(92,1),(96,1),(97,1),(98,1),(100,1),(102,1),(103,1),(104,1),(105,1),(114,1),(115,1),(116,1),(117,1),(118,1),(119,1),(121,1),(122,1),(123,1),(125,1),(127,1),(128,1),(129,1),(131,1),(133,1),(134,1),(137,1),(138,1),(146,1),(149,1),(152,1),(153,1),(154,1),(155,1),(157,1),(158,1),(160,1),(162,1),(164,1),(167,1),(168,1),(171,1),(172,1),(174,1),(176,1),(177,1),(178,1),(179,1),(181,1),(182,1),(185,1),(187,1),(188,1),(189,1),(190,1),(192,1),(193,1),(196,1),(197,1),(198,1),(199,1),(200,1),(207,1),(208,1),(209,1),(211,1),(213,1),(214,1),(215,1),(216,1),(217,1),(219,1),(222,1),(231,1),(233,1),(234,1),(235,1),(236,1),(238,1),(240,1),(241,1),(242,1),(243,1),(244,1),(245,1),(246,1),(248,1),(249,1),(251,1),(252,1),(253,1),(254,1),(255,1),(256,1),(257,1),(261,1),(266,1),(267,1),(271,1),(272,1),(274,1),(275,1),(279,1),(280,1),(281,1),(282,1),(284,1),(285,1),(289,1),(296,1),(297,1),(298,1),(300,1),(302,1),(304,1),(305,1),(307,1),(308,1),(309,1),(310,1),(312,1),(313,1),(314,1),(317,1),(319,1),(324,1),(325,1),(326,1),(328,1),(333,1),(336,1),(337,1),(338,1),(342,1),(344,1),(345,1),(348,1),(349,1),(350,1),(353,1),(354,1),(356,1),(359,1),(362,1),(363,1),(367,1),(371,1),(374,1),(375,1),(376,1),(377,1),(378,1),(380,1),(382,1),(385,1),(387,1),(389,1),(391,1),(393,1),(394,1),(396,1),(398,1),(399,1),(402,1),(406,1),(407,1),(409,1),(410,1),(413,1),(414,1),(415,1),(418,1),(420,1),(421,1),(429,1),(430,1),(432,1),(433,1),(434,1),(435,1),(439,1),(441,1),(442,1),(445,1),(449,1),(450,1),(452,1),(457,1),(459,1),(462,1),(463,1),(467,1),(471,1),(472,1),(473,1),(474,1),(475,1),(477,1),(480,1),(482,1),(483,1),(484,1),(485,1),(486,1),(487,1),(488,1),(490,1),(491,1),(493,1);
/*!40000 ALTER TABLE `accessories_inventory_pools` ENABLE KEYS */;
UNLOCK TABLES;

--
-- Table structure for table `addresses`
--

DROP TABLE IF EXISTS `addresses`;
/*!40101 SET @saved_cs_client     = @@character_set_client */;
/*!40101 SET character_set_client = utf8 */;
CREATE TABLE `addresses` (
  `id` int(11) NOT NULL AUTO_INCREMENT,
  `street` varchar(255) COLLATE utf8_unicode_ci DEFAULT NULL,
  `zip_code` varchar(255) COLLATE utf8_unicode_ci DEFAULT NULL,
  `city` varchar(255) COLLATE utf8_unicode_ci DEFAULT NULL,
  `country_code` varchar(255) COLLATE utf8_unicode_ci DEFAULT NULL,
  `latitude` float DEFAULT NULL,
  `longitude` float DEFAULT NULL,
  PRIMARY KEY (`id`),
  UNIQUE KEY `index_addresses_on_street_and_zip_code_and_city_and_country_code` (`street`,`zip_code`,`city`,`country_code`)
) ENGINE=InnoDB DEFAULT CHARSET=utf8 COLLATE=utf8_unicode_ci;
/*!40101 SET character_set_client = @saved_cs_client */;

--
-- Dumping data for table `addresses`
--

LOCK TABLES `addresses` WRITE;
/*!40000 ALTER TABLE `addresses` DISABLE KEYS */;
/*!40000 ALTER TABLE `addresses` ENABLE KEYS */;
UNLOCK TABLES;

--
-- Table structure for table `attachments`
--

DROP TABLE IF EXISTS `attachments`;
/*!40101 SET @saved_cs_client     = @@character_set_client */;
/*!40101 SET character_set_client = utf8 */;
CREATE TABLE `attachments` (
  `id` int(11) NOT NULL AUTO_INCREMENT,
  `model_id` int(11) DEFAULT NULL,
  `is_main` tinyint(1) DEFAULT '0',
  `content_type` varchar(255) COLLATE utf8_unicode_ci DEFAULT NULL,
  `filename` varchar(255) COLLATE utf8_unicode_ci DEFAULT NULL,
  `size` int(11) DEFAULT NULL,
  PRIMARY KEY (`id`),
  KEY `index_attachments_on_model_id` (`model_id`)
) ENGINE=InnoDB AUTO_INCREMENT=7 DEFAULT CHARSET=utf8 COLLATE=utf8_unicode_ci;
/*!40101 SET character_set_client = @saved_cs_client */;

--
-- Dumping data for table `attachments`
--

LOCK TABLES `attachments` WRITE;
/*!40000 ALTER TABLE `attachments` DISABLE KEYS */;
INSERT INTO `attachments` VALUES (1,145,0,'image/jpeg','eos',NULL),(2,146,0,'image/jpeg','nam',NULL),(3,157,0,'image/jpeg','quisquam',NULL),(4,157,0,'image/jpeg','ipsum',NULL),(5,157,0,'image/jpeg','expedita',NULL),(6,158,0,'image/jpeg','repellat',NULL);
/*!40000 ALTER TABLE `attachments` ENABLE KEYS */;
UNLOCK TABLES;

--
-- Table structure for table `authentication_systems`
--

DROP TABLE IF EXISTS `authentication_systems`;
/*!40101 SET @saved_cs_client     = @@character_set_client */;
/*!40101 SET character_set_client = utf8 */;
CREATE TABLE `authentication_systems` (
  `id` int(11) NOT NULL AUTO_INCREMENT,
  `name` varchar(255) COLLATE utf8_unicode_ci DEFAULT NULL,
  `class_name` varchar(255) COLLATE utf8_unicode_ci DEFAULT NULL,
  `is_default` tinyint(1) DEFAULT '0',
  `is_active` tinyint(1) DEFAULT '0',
  PRIMARY KEY (`id`)
) ENGINE=InnoDB AUTO_INCREMENT=7 DEFAULT CHARSET=utf8 COLLATE=utf8_unicode_ci;
/*!40101 SET character_set_client = @saved_cs_client */;

--
-- Dumping data for table `authentication_systems`
--

LOCK TABLES `authentication_systems` WRITE;
/*!40000 ALTER TABLE `authentication_systems` DISABLE KEYS */;
INSERT INTO `authentication_systems` VALUES (1,'Database Authentication','DatabaseAuthentication',1,1),(2,'LDAP Authentication','LdapAuthentication',0,0),(3,'ZHDK Authentication','Zhdk',0,0),(4,'Database Authentication','DatabaseAuthentication',1,1),(5,'LDAP Authentication','LdapAuthentication',0,0),(6,'ZHDK Authentication','Zhdk',0,0);
/*!40000 ALTER TABLE `authentication_systems` ENABLE KEYS */;
UNLOCK TABLES;

--
-- Table structure for table `buildings`
--

DROP TABLE IF EXISTS `buildings`;
/*!40101 SET @saved_cs_client     = @@character_set_client */;
/*!40101 SET character_set_client = utf8 */;
CREATE TABLE `buildings` (
  `id` int(11) NOT NULL AUTO_INCREMENT,
  `name` varchar(255) COLLATE utf8_unicode_ci DEFAULT NULL,
  `code` varchar(255) COLLATE utf8_unicode_ci DEFAULT NULL,
  PRIMARY KEY (`id`)
) ENGINE=InnoDB AUTO_INCREMENT=182 DEFAULT CHARSET=utf8 COLLATE=utf8_unicode_ci;
/*!40101 SET character_set_client = @saved_cs_client */;

--
-- Dumping data for table `buildings`
--

LOCK TABLES `buildings` WRITE;
/*!40000 ALTER TABLE `buildings` DISABLE KEYS */;
INSERT INTO `buildings` VALUES (1,'Great Pyramid of Giza','ZZZ'),(2,'Etoptioa','ame'),(3,'Sapientevoluptatemab','nam'),(4,'Quosdoloresanimi','non'),(5,'Utaliasnobis','etv'),(6,'Repellendusaccusamusalias','fug'),(7,'Voluptatemexomnis','sol'),(8,'Quaeratvoluptasdoloremque','rep'),(9,'Suntlaboriosamvoluptatem','ius'),(10,'Rerumutdolorem','qua'),(11,'Beataeperferendisexpedita','non'),(12,'Eiusrecusandaeconsequatur','vol'),(13,'Erroruttenetur','etq'),(14,'Omnisrerumet','ips'),(15,'Autmolestiaererum','nes'),(16,'Autemullamquibusdam','rep'),(17,'Iustobeataenam','con'),(18,'Repudiandaeevenietneque','nat'),(19,'Saepesuntcupiditate','ete'),(20,'Rerumpariaturqui','ear'),(21,'Utexercitationemipsa','min'),(22,'Nobisvoluptatesimilique','quo'),(23,'Excepturieosquasi','sit'),(24,'Veliteumest','ear'),(25,'Explicaboquolaboriosam','asp'),(26,'Officiisvoluptatemet','ips'),(27,'Autmolestiaedolorum','uti'),(28,'Laborummolestiasnon','dol'),(29,'Dictaautaccusamus','exp'),(30,'Voluptasreprehenderitex','bla'),(31,'Sedillonihil','seq'),(32,'Iureuteum','non'),(33,'Deseruntvoluptatemratione','qui'),(34,'Delenitipraesentiumconsequatur','mai'),(35,'Dolorumnatusvelit','abi'),(36,'Doloribusexet','atq'),(37,'Impeditdelectusipsa','etn'),(38,'Utomnisimpedit','ute'),(39,'Eamolestiasreprehenderit','qui'),(40,'Auteumofficia','duc'),(41,'Ausstellungsstrasse 60','AU60'),(42,'Ausstellungsstrasse 60','AU60'),(43,'Quaeratipsamfugit','non'),(44,'Remacorporis','fug'),(45,'Quiaquisquamdistinctio','ten'),(46,'Explicabosaepeblanditiis','vel'),(47,'Quiaerrormaxime','ave'),(48,'Etetanimi','und'),(49,'Accusantiumetut','inl'),(50,'Praesentiumaccusantiumoccaecati','dol'),(51,'Laborumadipisciet','fug'),(52,'Eumsitrepellat','dol'),(53,'Quiaistemolestiae','qui'),(54,'Natuseumdoloremque','fac'),(55,'Fugiatrationeet','sed'),(56,'Omniseaquenostrum','com'),(57,'Debitismaioresautem','vol'),(58,'Maximeautsint','nes'),(59,'Etipsamomnis','duc'),(60,'Quisteneturblanditiis','dol'),(61,'Natusnihilblanditiis','aut'),(62,'Quamquoest','eve'),(63,'Eosillumqui','dol'),(64,'Enimeacumque','aut'),(65,'Abautemut','adb'),(66,'Molestiasmaximevoluptas','qui'),(67,'Facereetatque','tem'),(68,'Quisquamquoconsequatur','min'),(69,'Autincidunteum','vel'),(70,'Sintvitaea','est'),(71,'Invelitmolestiae','vol'),(72,'Voluptashicdolorum','vol'),(73,'Sitvelsint','nih'),(74,'Eligendietea','hic'),(75,'Doloribusearumvoluptas','ear'),(76,'Utautemdolorum','aut'),(77,'Distinctiovitaein','err'),(78,'Adipiscidebitisreiciendis','ear'),(79,'Architectoquaeratvel','lau'),(80,'Odioquassit','pla'),(81,'Molestiaeautemmolestiae','idc'),(82,'Quaequiaiusto','quo'),(83,'Harumetminus','con'),(84,'Quodinventoreid','sae'),(85,'Repellatquiapraesentium','aut'),(86,'Quisquamquaerem','eos'),(87,'Fugitcorporismaxime','vol'),(88,'Minusofficiisquia','ver'),(89,'Autmolestiasveritatis','ips'),(90,'Etautconsequatur','ull'),(91,'Voluptasnonqui','eae'),(92,'Dolorecorporisvoluptate','est'),(93,'Vitaenemoest','cul'),(94,'Sequibeataemollitia','cup'),(95,'Officiisvelitinventore','nec'),(96,'Repellatquidebitis','del'),(97,'Natusvoluptatema','utd'),(98,'Minimaaccusamusvelit','ape'),(99,'Iureearumvoluptatem','ate'),(100,'Placeatdistinctiototam','eos'),(101,'Idmagnamfuga','min'),(102,'Errorundesequi','qua'),(103,'Utreprehenderitquia','ips'),(104,'Cupiditatesitprovident','quo'),(105,'Atcumqui','und'),(106,'Consequunturconsequaturtenetur','dig'),(107,'Utdoloribusest','etr'),(108,'Repudiandaenihildolor','lab'),(109,'Maximereprehenderitaut','omn'),(110,'Oditinvelit','etr'),(111,'Etquovoluptas','pra'),(112,'Voluptatemadconsequatur','sed'),(113,'Quiaquifacere','nes'),(114,'Rationesedsint','tem'),(115,'Doloresnesciuntut','par'),(116,'Autemnatusillum','off'),(117,'Voluptatemquiavoluptate','err'),(118,'Great Pyramid of Giza','ZZZ'),(119,'Ealaboriosamet','qua'),(120,'Illoutest','inc'),(121,'Aspernaturquidemsit','acc'),(122,'Innemoest','qua'),(123,'Velsitqui','acc'),(124,'Inlaboreveniam','aut'),(125,'Delectusquidemiure','ade'),(126,'Omnisveniamhic','qua'),(127,'Voluptatumverodeserunt','qui'),(128,'Sintevenietad','quo'),(129,'Veldelectusperferendis','uts'),(130,'Aperiamminusiure','fug'),(131,'Sedaliasreiciendis','vol'),(132,'Excepturinequebeatae','con'),(133,'Voluptasenimquis','err'),(134,'Nonnobisvoluptatem','exe'),(135,'Nullaexercitationemest','exc'),(136,'Nonsedeos','vol'),(137,'Nullasuntsed','cor'),(138,'Rerumdoloreligendi','ali'),(139,'Optioquifacilis','eta'),(140,'Etquisit','duc'),(141,'Quiahicrem','ets'),(142,'Quienimsint','nec'),(143,'Velullamaut','idi'),(144,'Doloreiustoculpa','rer'),(145,'Omnisvelitvoluptatum','per'),(146,'Nemoaliquidab','dol'),(147,'Aspernaturesseut','dol'),(148,'Abdistinctioeum','vel'),(149,'Etasperioresnatus','aut'),(150,'Nobisconsequaturquia','lau'),(151,'Repellatminusqui','eiu'),(152,'Saepeconsequunturdolor','dis'),(153,'Consequaturrepudiandaedolore','ute'),(154,'Facerequamaccusantium','vel'),(155,'Fugitfacerevoluptatem','qua'),(156,'Accusamusaliquamtempore','eiu'),(157,'Distinctioofficiaculpa','ips'),(158,'Suscipitutest','ids'),(159,'Temporibussitfacilis','qui'),(160,'Excepturiquiautem','est'),(161,'Doloresautsunt','aut'),(162,'Eaeosassumenda','atq'),(163,'Explicaboveronatus','ill'),(164,'Repellatreprehenderitlaboriosam','etv'),(165,'Asperioresquisquia','abe'),(166,'Velidducimus','con'),(167,'Eosvoluptatumnon','ver'),(168,'Aliquamnonexplicabo','min'),(169,'Teneturvoluptatibusnumquam','con'),(170,'Placeatillumnobis','etq'),(171,'Undeharumsuscipit','omn'),(172,'Harumnemomodi','rer'),(173,'Liberonondolor','fug'),(174,'Fugitveritatisdoloribus','aut'),(175,'Remconsecteturest','cor'),(176,'Accusamusteneturiste','und'),(177,'Exercitationemiustooccaecati','fug'),(178,'Ipsamquamnihil','mol'),(179,'Praesentiumdolorumfugiat','fug'),(180,'Distinctioetconsequatur','ine'),(181,'Inlaborumdolores','ips');
/*!40000 ALTER TABLE `buildings` ENABLE KEYS */;
UNLOCK TABLES;

--
-- Table structure for table `contract_lines`
--

DROP TABLE IF EXISTS `contract_lines`;
/*!40101 SET @saved_cs_client     = @@character_set_client */;
/*!40101 SET character_set_client = utf8 */;
CREATE TABLE `contract_lines` (
  `id` int(11) NOT NULL AUTO_INCREMENT,
  `contract_id` int(11) DEFAULT NULL,
  `type` varchar(255) COLLATE utf8_unicode_ci NOT NULL DEFAULT 'ItemLine',
  `item_id` int(11) DEFAULT NULL,
  `model_id` int(11) DEFAULT NULL,
  `quantity` int(11) DEFAULT '1',
  `start_date` date DEFAULT NULL,
  `end_date` date DEFAULT NULL,
  `returned_date` date DEFAULT NULL,
  `option_id` int(11) DEFAULT NULL,
  `purpose_id` int(11) DEFAULT NULL,
  `returned_to_user_id` int(11) DEFAULT NULL,
  `created_at` datetime DEFAULT NULL,
  `updated_at` datetime DEFAULT NULL,
  PRIMARY KEY (`id`),
  KEY `index_contract_lines_on_start_date` (`start_date`),
  KEY `index_contract_lines_on_end_date` (`end_date`),
  KEY `index_contract_lines_on_option_id` (`option_id`),
  KEY `index_contract_lines_on_contract_id` (`contract_id`),
  KEY `index_contract_lines_on_item_id` (`item_id`),
  KEY `index_contract_lines_on_model_id` (`model_id`),
  KEY `index_contract_lines_on_returned_date_and_contract_id` (`returned_date`,`contract_id`),
  KEY `index_contract_lines_on_type_and_contract_id` (`type`,`contract_id`)
) ENGINE=InnoDB AUTO_INCREMENT=170 DEFAULT CHARSET=utf8 COLLATE=utf8_unicode_ci;
/*!40101 SET character_set_client = @saved_cs_client */;

--
-- Dumping data for table `contract_lines`
--

LOCK TABLES `contract_lines` WRITE;
/*!40000 ALTER TABLE `contract_lines` DISABLE KEYS */;
INSERT INTO `contract_lines` VALUES (1,1,'ItemLine',NULL,1,1,'2012-08-27','2012-08-27',NULL,NULL,NULL,NULL,'2012-08-27 15:10:46','2012-08-27 15:10:46'),(2,1,'ItemLine',NULL,5,1,'2012-08-27','2012-08-27',NULL,NULL,NULL,NULL,'2012-08-27 15:10:46','2012-08-27 15:10:46'),(3,1,'ItemLine',NULL,9,1,'2012-08-27','2012-08-27',NULL,NULL,NULL,NULL,'2012-08-27 15:10:46','2012-08-27 15:10:46'),(4,1,'ItemLine',NULL,13,1,'2012-08-27','2012-08-27',NULL,NULL,NULL,NULL,'2012-08-27 15:10:46','2012-08-27 15:10:46'),(5,2,'ItemLine',NULL,17,1,'2012-08-27','2012-08-27',NULL,NULL,1,NULL,'2012-08-27 15:10:46','2012-08-27 15:10:46'),(6,2,'ItemLine',NULL,21,1,'2012-08-27','2012-08-27',NULL,NULL,1,NULL,'2012-08-27 15:10:46','2012-08-27 15:10:46'),(7,2,'ItemLine',NULL,25,1,'2012-08-27','2012-08-27',NULL,NULL,1,NULL,'2012-08-27 15:10:46','2012-08-27 15:10:46'),(8,3,'ItemLine',NULL,29,1,'2012-08-27','2012-08-27','2012-08-27',NULL,2,1,'2012-08-27 15:10:46','2012-08-27 15:10:46'),(9,3,'ItemLine',NULL,33,1,'2012-08-27','2012-08-27','2012-08-27',NULL,2,1,'2012-08-27 15:10:46','2012-08-27 15:10:46'),(10,3,'ItemLine',NULL,37,1,'2012-08-27','2012-08-27','2012-08-27',NULL,2,1,'2012-08-27 15:10:46','2012-08-27 15:10:46'),(11,3,'ItemLine',NULL,41,1,'2012-08-27','2012-08-27','2012-08-27',NULL,2,1,'2012-08-27 15:10:46','2012-08-27 15:10:46'),(12,3,'ItemLine',NULL,45,1,'2012-08-27','2012-08-27','2012-08-27',NULL,2,1,'2012-08-27 15:10:46','2012-08-27 15:10:46'),(13,3,'ItemLine',NULL,49,1,'2012-08-27','2012-08-27','2012-08-27',NULL,2,1,'2012-08-27 15:10:46','2012-08-27 15:10:46'),(14,4,'ItemLine',NULL,161,1,'2012-08-24','2012-08-24',NULL,NULL,3,NULL,'2012-08-24 01:02:19','2012-08-24 01:02:19'),(15,4,'ItemLine',NULL,162,1,'2012-08-24','2012-08-24',NULL,NULL,3,NULL,'2012-08-24 01:02:19','2012-08-24 01:02:19'),(16,4,'ItemLine',NULL,163,1,'2012-08-24','2012-08-24',NULL,NULL,3,NULL,'2012-08-24 01:02:19','2012-08-24 01:02:19'),(17,4,'ItemLine',NULL,164,1,'2012-08-24','2012-08-24',NULL,NULL,3,NULL,'2012-08-24 01:02:19','2012-08-24 01:02:19'),(18,4,'ItemLine',NULL,165,1,'2012-08-24','2012-08-24',NULL,NULL,3,NULL,'2012-08-24 01:02:19','2012-08-24 01:02:19'),(19,4,'ItemLine',NULL,166,1,'2012-08-24','2012-08-24',NULL,NULL,3,NULL,'2012-08-24 01:02:19','2012-08-24 01:02:19'),(20,5,'ItemLine',NULL,170,1,'2012-08-24','2012-08-24',NULL,NULL,4,NULL,'2012-08-24 01:02:19','2012-08-24 01:02:19'),(21,5,'ItemLine',NULL,171,1,'2012-08-24','2012-08-24',NULL,NULL,4,NULL,'2012-08-24 01:02:19','2012-08-24 01:02:19'),(22,5,'ItemLine',NULL,172,1,'2012-08-24','2012-08-24',NULL,NULL,4,NULL,'2012-08-24 01:02:19','2012-08-24 01:02:19'),(23,5,'ItemLine',NULL,173,1,'2012-08-24','2012-08-24',NULL,NULL,4,NULL,'2012-08-24 01:02:20','2012-08-24 01:02:20'),(24,5,'ItemLine',NULL,174,1,'2012-08-24','2012-08-24',NULL,NULL,4,NULL,'2012-08-24 01:02:20','2012-08-24 01:02:20'),(25,5,'ItemLine',NULL,175,1,'2012-08-24','2012-08-24',NULL,NULL,4,NULL,'2012-08-24 01:02:20','2012-08-24 01:02:20'),(26,6,'ItemLine',NULL,179,1,'2012-08-24','2012-08-24',NULL,NULL,5,NULL,'2012-08-24 01:02:20','2012-08-24 01:02:20'),(27,6,'ItemLine',NULL,180,1,'2012-08-24','2012-08-24',NULL,NULL,5,NULL,'2012-08-24 01:02:20','2012-08-24 01:02:20'),(28,6,'ItemLine',NULL,181,1,'2012-08-24','2012-08-24',NULL,NULL,5,NULL,'2012-08-24 01:02:20','2012-08-24 01:02:20'),(29,6,'ItemLine',NULL,182,1,'2012-08-24','2012-08-24',NULL,NULL,5,NULL,'2012-08-24 01:02:20','2012-08-24 01:02:20'),(30,6,'ItemLine',NULL,183,1,'2012-08-24','2012-08-24',NULL,NULL,5,NULL,'2012-08-24 01:02:20','2012-08-24 01:02:20'),(31,7,'ItemLine',NULL,187,1,'2012-08-21','2012-08-21',NULL,NULL,6,NULL,'2012-08-20 23:02:22','2012-08-20 23:02:22'),(32,7,'ItemLine',NULL,188,1,'2012-08-21','2012-08-21',NULL,NULL,6,NULL,'2012-08-20 23:02:22','2012-08-20 23:02:22'),(33,7,'ItemLine',NULL,189,1,'2012-08-21','2012-08-21',NULL,NULL,6,NULL,'2012-08-20 23:02:22','2012-08-20 23:02:22'),(34,8,'ItemLine',NULL,190,1,'2012-08-24','2012-08-24',NULL,NULL,7,NULL,'2012-08-24 07:03:12','2012-08-24 07:03:12'),(35,8,'ItemLine',NULL,191,1,'2012-08-24','2012-08-24',NULL,NULL,7,NULL,'2012-08-24 07:03:12','2012-08-24 07:03:12'),(36,8,'ItemLine',NULL,192,1,'2012-08-24','2012-08-24',NULL,NULL,7,NULL,'2012-08-24 07:03:12','2012-08-24 07:03:12'),(37,8,'ItemLine',NULL,193,1,'2012-08-24','2012-08-24',NULL,NULL,7,NULL,'2012-08-24 07:03:12','2012-08-24 07:03:12'),(38,8,'ItemLine',NULL,194,1,'2012-08-24','2012-08-24',NULL,NULL,7,NULL,'2012-08-24 07:03:12','2012-08-24 07:03:12'),(39,8,'ItemLine',NULL,194,1,'2012-08-24','2012-08-24',NULL,NULL,7,NULL,'2012-08-24 07:03:12','2012-08-24 07:03:12'),(40,9,'ItemLine',NULL,198,1,'2012-08-27','2012-08-27',NULL,NULL,8,NULL,'2012-08-27 15:10:46','2012-08-27 15:10:46'),(41,9,'ItemLine',NULL,199,1,'2012-08-27','2012-08-27',NULL,NULL,8,NULL,'2012-08-27 15:10:46','2012-08-27 15:10:46'),(42,9,'ItemLine',NULL,200,1,'2012-08-27','2012-08-27',NULL,NULL,8,NULL,'2012-08-27 15:10:46','2012-08-27 15:10:46'),(43,9,'ItemLine',NULL,201,1,'2012-08-27','2012-08-27',NULL,NULL,8,NULL,'2012-08-27 15:10:46','2012-08-27 15:10:46'),(44,9,'ItemLine',NULL,202,1,'2012-08-27','2012-08-27',NULL,NULL,8,NULL,'2012-08-27 15:10:46','2012-08-27 15:10:46'),(45,10,'ItemLine',NULL,206,1,'2012-08-27','2012-08-27',NULL,NULL,9,NULL,'2012-08-27 15:10:46','2012-08-27 15:10:46'),(46,10,'ItemLine',NULL,207,1,'2012-08-27','2012-08-27',NULL,NULL,9,NULL,'2012-08-27 15:10:46','2012-08-27 15:10:46'),(47,10,'ItemLine',NULL,208,1,'2012-08-27','2012-08-27',NULL,NULL,9,NULL,'2012-08-27 15:10:46','2012-08-27 15:10:46'),(48,11,'ItemLine',NULL,209,1,'2012-08-27','2012-08-27',NULL,NULL,10,NULL,'2012-08-27 15:10:46','2012-08-27 15:10:46'),(49,11,'ItemLine',NULL,210,1,'2012-08-27','2012-08-27',NULL,NULL,10,NULL,'2012-08-27 15:10:46','2012-08-27 15:10:46'),(50,11,'ItemLine',NULL,211,1,'2012-08-27','2012-08-27',NULL,NULL,10,NULL,'2012-08-27 15:10:46','2012-08-27 15:10:46'),(51,11,'ItemLine',NULL,212,1,'2012-08-27','2012-08-27',NULL,NULL,10,NULL,'2012-08-27 15:10:46','2012-08-27 15:10:46'),(52,12,'ItemLine',NULL,213,1,'2012-08-27','2012-08-27',NULL,NULL,11,NULL,'2012-08-27 15:10:46','2012-08-27 15:10:46'),(53,12,'ItemLine',NULL,214,1,'2012-08-27','2012-08-27',NULL,NULL,11,NULL,'2012-08-27 15:10:46','2012-08-27 15:10:46'),(54,12,'ItemLine',NULL,215,1,'2012-08-27','2012-08-27',NULL,NULL,11,NULL,'2012-08-27 15:10:46','2012-08-27 15:10:46'),(55,12,'ItemLine',NULL,216,1,'2012-08-27','2012-08-27',NULL,NULL,11,NULL,'2012-08-27 15:10:46','2012-08-27 15:10:46'),(56,13,'ItemLine',22,29,1,'2012-08-27','2012-08-27',NULL,NULL,12,NULL,'2012-08-27 15:10:46','2012-08-27 15:10:46'),(57,13,'ItemLine',23,29,1,'2012-08-27','2012-08-27',NULL,NULL,12,NULL,'2012-08-27 15:10:46','2012-08-27 15:10:46'),(58,13,'ItemLine',24,29,1,'2012-08-27','2012-08-27',NULL,NULL,12,NULL,'2012-08-27 15:10:46','2012-08-27 15:10:46'),(59,13,'ItemLine',25,33,1,'2012-08-27','2012-08-27',NULL,NULL,12,NULL,'2012-08-27 15:10:46','2012-08-27 15:10:46'),(60,13,'ItemLine',26,33,1,'2012-08-27','2012-08-27',NULL,NULL,12,NULL,'2012-08-27 15:10:46','2012-08-27 15:10:46'),(61,13,'ItemLine',27,33,1,'2012-08-27','2012-08-27',NULL,NULL,12,NULL,'2012-08-27 15:10:46','2012-08-27 15:10:46'),(62,13,'ItemLine',28,37,1,'2012-08-27','2012-08-27',NULL,NULL,12,NULL,'2012-08-27 15:10:46','2012-08-27 15:10:46'),(63,13,'ItemLine',29,37,1,'2012-08-27','2012-08-27',NULL,NULL,12,NULL,'2012-08-27 15:10:46','2012-08-27 15:10:46'),(64,13,'ItemLine',30,37,1,'2012-08-27','2012-08-27',NULL,NULL,12,NULL,'2012-08-27 15:10:46','2012-08-27 15:10:46'),(65,13,'ItemLine',31,41,1,'2012-08-27','2012-08-27',NULL,NULL,12,NULL,'2012-08-27 15:10:46','2012-08-27 15:10:46'),(66,13,'ItemLine',32,41,1,'2012-08-27','2012-08-27',NULL,NULL,12,NULL,'2012-08-27 15:10:46','2012-08-27 15:10:46'),(67,13,'ItemLine',33,41,1,'2012-08-27','2012-08-27',NULL,NULL,12,NULL,'2012-08-27 15:10:46','2012-08-27 15:10:46'),(68,13,'ItemLine',34,45,1,'2012-08-27','2012-08-27',NULL,NULL,12,NULL,'2012-08-27 15:10:46','2012-08-27 15:10:46'),(69,13,'ItemLine',35,45,1,'2012-08-27','2012-08-27',NULL,NULL,12,NULL,'2012-08-27 15:10:46','2012-08-27 15:10:46'),(70,13,'ItemLine',36,45,1,'2012-08-27','2012-08-27',NULL,NULL,12,NULL,'2012-08-27 15:10:46','2012-08-27 15:10:46'),(71,13,'ItemLine',37,49,1,'2012-08-27','2012-08-27',NULL,NULL,12,NULL,'2012-08-27 15:10:46','2012-08-27 15:10:46'),(72,13,'ItemLine',38,49,1,'2012-08-27','2012-08-27',NULL,NULL,12,NULL,'2012-08-27 15:10:46','2012-08-27 15:10:46'),(73,13,'ItemLine',39,49,1,'2012-08-27','2012-08-27',NULL,NULL,12,NULL,'2012-08-27 15:10:46','2012-08-27 15:10:46'),(74,13,'ItemLine',42,54,1,'2012-08-27','2012-08-27',NULL,NULL,12,NULL,'2012-08-27 15:10:46','2012-08-27 15:10:46'),(75,13,'ItemLine',43,54,1,'2012-08-27','2012-08-27',NULL,NULL,12,NULL,'2012-08-27 15:10:46','2012-08-27 15:10:46'),(76,13,'ItemLine',44,55,1,'2012-08-27','2012-08-27',NULL,NULL,12,NULL,'2012-08-27 15:10:46','2012-08-27 15:10:46'),(77,13,'ItemLine',46,57,1,'2012-08-27','2012-08-27',NULL,NULL,12,NULL,'2012-08-27 15:10:46','2012-08-27 15:10:46'),(78,13,'ItemLine',47,58,1,'2012-08-27','2012-08-27',NULL,NULL,12,NULL,'2012-08-27 15:10:46','2012-08-27 15:10:46'),(79,13,'ItemLine',48,59,1,'2012-08-27','2012-08-27',NULL,NULL,12,NULL,'2012-08-27 15:10:46','2012-08-27 15:10:46'),(80,13,'ItemLine',49,60,1,'2012-08-27','2012-08-27',NULL,NULL,12,NULL,'2012-08-27 15:10:46','2012-08-27 15:10:46'),(81,13,'ItemLine',50,61,1,'2012-08-27','2012-08-27',NULL,NULL,12,NULL,'2012-08-27 15:10:46','2012-08-27 15:10:46'),(82,13,'ItemLine',51,62,1,'2012-08-27','2012-08-27',NULL,NULL,12,NULL,'2012-08-27 15:10:46','2012-08-27 15:10:46'),(83,13,'ItemLine',52,63,1,'2012-08-27','2012-08-27',NULL,NULL,12,NULL,'2012-08-27 15:10:46','2012-08-27 15:10:46'),(84,13,'ItemLine',53,64,1,'2012-08-27','2012-08-27',NULL,NULL,12,NULL,'2012-08-27 15:10:46','2012-08-27 15:10:46'),(85,13,'ItemLine',54,65,1,'2012-08-27','2012-08-27',NULL,NULL,12,NULL,'2012-08-27 15:10:46','2012-08-27 15:10:46'),(86,14,'OptionLine',NULL,NULL,2,'2012-08-27','2012-08-27',NULL,4,13,NULL,'2012-08-27 15:10:46','2012-08-27 15:10:46'),(87,14,'ItemLine',211,217,1,'2012-08-27','2012-08-27',NULL,NULL,13,NULL,'2012-08-27 15:10:46','2012-08-27 15:10:46'),(88,15,'OptionLine',NULL,NULL,2,'2012-08-27','2012-08-27',NULL,5,14,NULL,'2012-08-27 15:10:46','2012-08-27 15:10:46'),(89,15,'OptionLine',NULL,NULL,1,'2012-08-27','2012-09-27',NULL,5,14,NULL,'2012-08-27 15:10:46','2012-08-27 15:10:46'),(90,16,'ItemLine',212,218,1,'2012-08-27','2012-08-27',NULL,NULL,15,NULL,'2012-08-27 15:10:46','2012-08-27 15:10:46'),(91,17,'ItemLine',213,219,1,'2012-08-22','2012-08-26',NULL,NULL,16,NULL,'2012-08-22 00:00:00','2012-08-22 00:00:00'),(92,17,'OptionLine',NULL,NULL,1,'2012-08-22','2012-08-26',NULL,6,16,NULL,'2012-08-22 00:00:00','2012-08-22 00:00:00'),(93,18,'ItemLine',NULL,225,1,'2012-08-27','2012-08-27',NULL,NULL,17,NULL,'2012-08-27 15:10:46','2012-08-27 15:10:46'),(94,18,'ItemLine',NULL,226,1,'2012-08-27','2012-08-27',NULL,NULL,17,NULL,'2012-08-27 15:10:46','2012-08-27 15:10:46'),(95,18,'ItemLine',NULL,227,1,'2012-08-27','2012-08-27',NULL,NULL,17,NULL,'2012-08-27 15:10:46','2012-08-27 15:10:46'),(96,18,'ItemLine',NULL,228,1,'2012-08-27','2012-08-27',NULL,NULL,17,NULL,'2012-08-27 15:10:46','2012-08-27 15:10:46'),(97,18,'ItemLine',NULL,229,1,'2012-08-27','2012-08-27',NULL,NULL,17,NULL,'2012-08-27 15:10:46','2012-08-27 15:10:46'),(98,19,'ItemLine',223,230,1,'2012-08-27','2012-08-27',NULL,NULL,18,NULL,'2012-08-27 15:10:46','2012-08-27 15:10:46'),(99,19,'ItemLine',224,231,1,'2012-08-27','2012-08-27',NULL,NULL,18,NULL,'2012-08-27 15:10:46','2012-08-27 15:10:46'),(100,19,'ItemLine',225,232,1,'2012-08-27','2012-08-27',NULL,NULL,18,NULL,'2012-08-27 15:10:46','2012-08-27 15:10:46'),(101,20,'ItemLine',226,233,1,'2012-08-27','2012-08-27',NULL,NULL,19,NULL,'2012-08-27 15:10:46','2012-08-27 15:10:46'),(102,20,'ItemLine',227,234,1,'2012-08-27','2012-08-27',NULL,NULL,19,NULL,'2012-08-27 15:10:46','2012-08-27 15:10:46'),(103,20,'ItemLine',228,235,1,'2012-08-27','2012-08-27',NULL,NULL,19,NULL,'2012-08-27 15:10:46','2012-08-27 15:10:46'),(104,21,'ItemLine',229,236,1,'2012-08-22','2012-08-22',NULL,NULL,20,NULL,'2012-08-22 00:00:00','2012-08-22 00:00:00'),(105,21,'ItemLine',230,237,1,'2012-08-22','2012-08-22',NULL,NULL,20,NULL,'2012-08-22 00:00:00','2012-08-22 00:00:00'),(106,21,'ItemLine',231,238,1,'2012-08-22','2012-08-22',NULL,NULL,20,NULL,'2012-08-22 00:00:00','2012-08-22 00:00:00'),(107,22,'ItemLine',NULL,80,1,'2012-09-03','2012-09-06',NULL,NULL,21,NULL,'2012-08-27 15:10:46','2012-08-27 15:10:46'),(108,22,'ItemLine',NULL,80,1,'2012-09-03','2012-09-06',NULL,NULL,21,NULL,'2012-08-27 15:10:46','2012-08-27 15:10:46'),(109,22,'ItemLine',NULL,80,1,'2012-09-03','2012-09-06',NULL,NULL,21,NULL,'2012-08-27 15:10:46','2012-08-27 15:10:46'),(110,22,'ItemLine',NULL,80,1,'2012-09-03','2012-09-06',NULL,NULL,21,NULL,'2012-08-27 15:10:46','2012-08-27 15:10:46'),(111,22,'ItemLine',NULL,80,1,'2012-09-03','2012-09-06',NULL,NULL,21,NULL,'2012-08-27 15:10:46','2012-08-27 15:10:46'),(112,22,'ItemLine',NULL,112,1,'2012-09-03','2012-09-06',NULL,NULL,21,NULL,'2012-08-27 15:10:46','2012-08-27 15:10:46'),(113,22,'ItemLine',NULL,112,1,'2012-09-03','2012-09-06',NULL,NULL,21,NULL,'2012-08-27 15:10:46','2012-08-27 15:10:46'),(114,22,'ItemLine',NULL,112,1,'2012-09-03','2012-09-06',NULL,NULL,21,NULL,'2012-08-27 15:10:46','2012-08-27 15:10:46'),(115,22,'ItemLine',NULL,112,1,'2012-09-03','2012-09-06',NULL,NULL,21,NULL,'2012-08-27 15:10:46','2012-08-27 15:10:46'),(116,22,'ItemLine',NULL,112,1,'2012-09-03','2012-09-06',NULL,NULL,21,NULL,'2012-08-27 15:10:46','2012-08-27 15:10:46'),(117,23,'ItemLine',NULL,239,1,'2012-08-27','2012-08-27',NULL,NULL,22,NULL,'2012-08-27 15:10:46','2012-08-27 15:10:46'),(118,23,'ItemLine',NULL,243,1,'2012-08-27','2012-08-27',NULL,NULL,22,NULL,'2012-08-27 15:10:46','2012-08-27 15:10:46'),(119,23,'ItemLine',NULL,247,1,'2012-08-27','2012-08-27',NULL,NULL,22,NULL,'2012-08-27 15:10:46','2012-08-27 15:10:46'),(120,23,'ItemLine',NULL,251,1,'2012-08-27','2012-08-27',NULL,NULL,22,NULL,'2012-08-27 15:10:46','2012-08-27 15:10:46'),(121,23,'ItemLine',NULL,255,1,'2012-08-27','2012-08-27',NULL,NULL,22,NULL,'2012-08-27 15:10:46','2012-08-27 15:10:46'),(122,24,'ItemLine',NULL,259,1,'2012-08-27','2012-08-27',NULL,NULL,23,NULL,'2012-08-27 15:10:46','2012-08-27 15:10:46'),(123,24,'ItemLine',NULL,263,1,'2012-08-27','2012-08-27',NULL,NULL,23,NULL,'2012-08-27 15:10:46','2012-08-27 15:10:46'),(124,24,'ItemLine',NULL,267,1,'2012-08-27','2012-08-27',NULL,NULL,23,NULL,'2012-08-27 15:10:46','2012-08-27 15:10:46'),(125,24,'ItemLine',NULL,271,1,'2012-08-27','2012-08-27',NULL,NULL,23,NULL,'2012-08-27 15:10:46','2012-08-27 15:10:46'),(126,25,'ItemLine',NULL,275,1,'2012-08-27','2012-08-27',NULL,NULL,24,NULL,'2012-08-27 15:10:46','2012-08-27 15:10:46'),(127,25,'ItemLine',NULL,279,1,'2012-08-27','2012-08-27',NULL,NULL,24,NULL,'2012-08-27 15:10:46','2012-08-27 15:10:46'),(128,25,'ItemLine',NULL,283,1,'2012-08-27','2012-08-27',NULL,NULL,24,NULL,'2012-08-27 15:10:46','2012-08-27 15:10:46'),(129,25,'ItemLine',NULL,287,1,'2012-08-27','2012-08-27',NULL,NULL,24,NULL,'2012-08-27 15:10:46','2012-08-27 15:10:46'),(130,26,'ItemLine',NULL,112,1,'2012-08-27','2012-08-27',NULL,NULL,25,NULL,'2012-08-27 15:10:46','2012-08-27 15:10:46'),(131,27,'ItemLine',NULL,112,1,'2012-08-27','2012-08-27',NULL,NULL,26,NULL,'2012-08-27 15:10:46','2012-08-27 15:10:46'),(132,27,'ItemLine',NULL,80,1,'2012-08-27','2012-08-27',NULL,NULL,26,NULL,'2012-08-27 15:10:46','2012-08-27 15:10:46'),(133,28,'ItemLine',NULL,112,1,'2012-09-03','2012-09-04',NULL,NULL,27,NULL,'2012-08-27 15:10:46','2012-08-27 15:10:46'),(134,29,'ItemLine',NULL,54,1,'2012-08-27','2012-08-27',NULL,NULL,28,NULL,'2012-08-27 15:10:46','2012-08-27 15:10:46'),(135,29,'ItemLine',NULL,54,1,'2012-08-27','2012-08-27',NULL,NULL,28,NULL,'2012-08-27 15:10:46','2012-08-27 15:10:46'),(136,29,'ItemLine',NULL,54,1,'2012-08-27','2012-08-27',NULL,NULL,28,NULL,'2012-08-27 15:10:46','2012-08-27 15:10:46'),(137,30,'ItemLine',NULL,80,1,'2012-08-27','2012-08-27',NULL,NULL,29,NULL,'2012-08-27 15:10:46','2012-08-27 15:10:46'),(138,30,'ItemLine',NULL,112,1,'2012-08-27','2012-08-27',NULL,NULL,29,NULL,'2012-08-27 15:10:46','2012-08-27 15:10:46'),(139,30,'ItemLine',NULL,80,1,'2012-08-27','2012-08-27',NULL,NULL,29,NULL,'2012-08-27 15:10:46','2012-08-27 15:10:46'),(140,30,'ItemLine',NULL,112,1,'2012-08-27','2012-08-27',NULL,NULL,29,NULL,'2012-08-27 15:10:46','2012-08-27 15:10:46'),(141,30,'ItemLine',NULL,80,1,'2012-08-27','2012-08-27',NULL,NULL,29,NULL,'2012-08-27 15:10:46','2012-08-27 15:10:46'),(142,30,'ItemLine',NULL,112,1,'2012-08-27','2012-08-27',NULL,NULL,29,NULL,'2012-08-27 15:10:46','2012-08-27 15:10:46'),(143,30,'OptionLine',NULL,NULL,5,'2012-08-27','2012-08-27',NULL,1,29,NULL,'2012-08-27 15:10:46','2012-08-27 15:10:46'),(144,31,'ItemLine',NULL,147,1,'2012-08-27','2012-08-27',NULL,NULL,NULL,NULL,'2012-08-27 15:10:46','2012-08-27 15:10:46'),(145,32,'ItemLine',271,291,1,'2012-08-27','2012-08-27',NULL,NULL,NULL,NULL,'2012-08-27 15:10:46','2012-08-27 15:10:46'),(146,33,'ItemLine',69,80,1,'2012-08-27','2012-08-27',NULL,NULL,32,NULL,'2012-08-27 15:10:46','2012-08-27 15:10:46'),(147,34,'ItemLine',272,292,1,'2012-08-27','2012-08-27',NULL,NULL,33,NULL,'2012-08-27 15:10:46','2012-08-27 15:10:46'),(148,35,'ItemLine',40,53,1,'2012-08-27','2012-08-27',NULL,NULL,34,NULL,'2012-08-27 15:10:46','2012-08-27 15:10:46'),(149,35,'ItemLine',256,271,1,'2012-08-27','2012-08-27','2012-08-27',NULL,34,18,'2012-08-27 15:10:46','2012-08-27 15:10:46'),(150,36,'ItemLine',45,54,1,'2012-08-27','2012-08-27',NULL,NULL,35,NULL,'2012-08-27 15:10:46','2012-08-27 15:10:46'),(151,37,'ItemLine',273,293,1,'2012-08-27','2012-08-27',NULL,NULL,36,NULL,'2012-08-27 15:10:46','2012-08-27 15:10:46'),(152,38,'ItemLine',110,115,1,'2012-08-27','2012-08-28',NULL,NULL,37,NULL,'2012-08-27 15:10:46','2012-08-27 15:10:46'),(153,39,'ItemLine',NULL,80,1,'2012-09-03','2012-09-06',NULL,NULL,38,NULL,'2012-08-27 15:10:46','2012-08-27 15:10:46'),(154,39,'ItemLine',NULL,112,1,'2012-09-03','2012-09-06',NULL,NULL,38,NULL,'2012-08-27 15:10:46','2012-08-27 15:10:46'),(155,39,'ItemLine',NULL,112,1,'2012-09-04','2012-09-07',NULL,NULL,38,NULL,'2012-08-27 15:10:46','2012-08-27 15:10:46'),(156,40,'ItemLine',NULL,58,1,'2012-08-27','2012-08-28',NULL,NULL,38,NULL,'2012-08-27 15:10:46','2012-08-27 15:10:46'),(157,41,'ItemLine',NULL,54,1,'2012-08-25','2012-08-28',NULL,NULL,39,NULL,'2012-08-27 15:10:46','2012-08-27 15:10:46'),(158,41,'ItemLine',NULL,294,1,'2012-08-25','2012-08-28',NULL,NULL,39,NULL,'2012-08-27 15:10:46','2012-08-27 15:10:46'),(159,42,'ItemLine',135,54,1,'2012-08-27','2012-08-27',NULL,NULL,40,NULL,'2012-08-27 15:10:46','2012-08-27 15:10:46'),(160,42,'OptionLine',NULL,NULL,1,'2012-08-27','2012-08-27',NULL,1,40,NULL,'2012-08-27 15:10:46','2012-08-27 15:10:46'),(161,43,'ItemLine',NULL,80,1,'2012-10-03','2012-10-11',NULL,NULL,41,NULL,'2012-08-27 15:10:46','2012-08-27 15:10:46'),(162,44,'ItemLine',NULL,80,1,'2012-10-18','2012-10-21',NULL,NULL,42,NULL,'2012-08-27 15:10:46','2012-08-27 15:10:46'),(163,44,'ItemLine',NULL,80,1,'2012-10-18','2012-10-21',NULL,NULL,42,NULL,'2012-08-27 15:10:46','2012-08-27 15:10:46'),(164,44,'ItemLine',NULL,80,1,'2012-10-18','2012-10-21',NULL,NULL,42,NULL,'2012-08-27 15:10:46','2012-08-27 15:10:46'),(165,44,'ItemLine',NULL,80,1,'2012-10-18','2012-10-21',NULL,NULL,42,NULL,'2012-08-27 15:10:46','2012-08-27 15:10:46'),(166,44,'ItemLine',NULL,80,1,'2012-10-18','2012-10-21',NULL,NULL,42,NULL,'2012-08-27 15:10:46','2012-08-27 15:10:46'),(167,44,'ItemLine',NULL,80,1,'2012-10-18','2012-10-21',NULL,NULL,42,NULL,'2012-08-27 15:10:46','2012-08-27 15:10:46'),(168,45,'ItemLine',NULL,29,1,'2012-08-27','2012-08-27',NULL,NULL,43,NULL,'2012-08-27 15:10:46','2012-08-27 15:10:46'),(169,46,'ItemLine',105,112,1,'2012-08-22','2012-08-26',NULL,NULL,44,NULL,'2012-08-22 00:00:00','2012-08-22 00:00:00');
/*!40000 ALTER TABLE `contract_lines` ENABLE KEYS */;
UNLOCK TABLES;

--
-- Table structure for table `contracts`
--

DROP TABLE IF EXISTS `contracts`;
/*!40101 SET @saved_cs_client     = @@character_set_client */;
/*!40101 SET character_set_client = utf8 */;
CREATE TABLE `contracts` (
  `id` int(11) NOT NULL AUTO_INCREMENT,
  `user_id` int(11) DEFAULT NULL,
  `delegated_user_id` int(11) DEFAULT NULL,
  `inventory_pool_id` int(11) DEFAULT NULL,
  `note` text COLLATE utf8_unicode_ci,
  `handed_over_by_user_id` int(11) DEFAULT NULL,
  `created_at` datetime DEFAULT NULL,
  `updated_at` datetime DEFAULT NULL,
  `status` enum('unsubmitted','submitted','rejected','approved','signed','closed') COLLATE utf8_unicode_ci NOT NULL,
  PRIMARY KEY (`id`),
  KEY `index_contracts_on_inventory_pool_id` (`inventory_pool_id`),
  KEY `index_contracts_on_status` (`status`),
  KEY `index_contracts_on_user_id` (`user_id`)
) ENGINE=InnoDB AUTO_INCREMENT=47 DEFAULT CHARSET=utf8 COLLATE=utf8_unicode_ci;
/*!40101 SET character_set_client = @saved_cs_client */;

--
-- Dumping data for table `contracts`
--

LOCK TABLES `contracts` WRITE;
/*!40000 ALTER TABLE `contracts` DISABLE KEYS */;
INSERT INTO `contracts` VALUES (1,5,NULL,5,NULL,NULL,'2012-08-27 15:10:46','2012-08-27 15:10:46','unsubmitted'),(2,6,NULL,12,NULL,NULL,'2012-08-27 15:10:46','2012-08-27 15:10:46','approved'),(3,7,NULL,1,NULL,NULL,'2012-08-27 15:10:46','2012-08-27 15:10:46','closed'),(4,12,NULL,1,NULL,NULL,'2012-08-24 01:02:19','2012-08-24 01:02:19','submitted'),(5,12,NULL,1,NULL,NULL,'2012-08-24 01:02:19','2012-08-24 01:02:19','approved'),(6,12,NULL,1,NULL,NULL,'2012-08-24 01:02:20','2012-08-24 01:02:20','rejected'),(7,12,NULL,1,NULL,NULL,'2012-08-20 23:02:22','2012-08-20 23:02:22','submitted'),(8,12,NULL,1,NULL,NULL,'2012-08-24 07:03:12','2012-08-24 07:03:12','submitted'),(9,13,NULL,1,NULL,NULL,'2012-08-27 15:10:46','2012-08-27 15:10:46','submitted'),(10,14,NULL,1,NULL,NULL,'2012-08-27 15:10:46','2012-08-27 15:10:46','submitted'),(11,15,NULL,1,NULL,NULL,'2012-08-27 15:10:46','2012-08-27 15:10:46','submitted'),(12,16,NULL,1,NULL,NULL,'2012-08-27 15:10:46','2012-08-27 15:10:46','submitted'),(13,20,NULL,1,NULL,NULL,'2012-08-27 15:10:46','2012-08-27 15:10:46','approved'),(14,21,NULL,1,NULL,18,'2012-08-27 15:10:46','2012-08-27 15:10:46','signed'),(15,22,NULL,1,NULL,18,'2012-08-27 15:10:46','2012-08-27 15:10:46','signed'),(16,23,NULL,1,NULL,18,'2012-08-27 15:10:46','2012-08-27 15:10:46','signed'),(17,24,NULL,2,NULL,18,'2012-08-22 00:00:00','2012-08-22 00:00:00','signed'),(18,28,26,1,NULL,NULL,'2012-08-27 15:10:46','2012-08-27 15:10:46','submitted'),(19,28,27,1,NULL,NULL,'2012-08-27 15:10:46','2012-08-27 15:10:46','approved'),(20,28,26,1,NULL,18,'2012-08-27 15:10:46','2012-08-27 15:10:46','signed'),(21,28,26,1,NULL,18,'2012-08-22 00:00:00','2012-08-22 00:00:00','signed'),(22,32,NULL,1,NULL,NULL,'2012-08-27 15:10:46','2012-08-27 15:10:46','submitted'),(23,32,NULL,2,NULL,NULL,'2012-08-27 15:10:46','2012-08-27 15:10:46','submitted'),(24,32,NULL,2,NULL,NULL,'2012-08-27 15:10:46','2012-08-27 15:10:46','submitted'),(25,32,NULL,3,NULL,NULL,'2012-08-27 15:10:46','2012-08-27 15:10:46','submitted'),(26,32,NULL,1,NULL,NULL,'2012-08-27 15:10:46','2012-08-27 15:10:46','approved'),(27,32,NULL,1,NULL,NULL,'2012-08-27 15:10:46','2012-08-27 15:10:46','approved'),(28,32,NULL,1,NULL,NULL,'2012-08-27 15:10:46','2012-08-27 15:10:46','approved'),(29,32,NULL,1,NULL,NULL,'2012-08-27 15:10:46','2012-08-27 15:10:46','approved'),(30,32,NULL,1,NULL,NULL,'2012-08-27 15:10:46','2012-08-27 15:10:46','approved'),(31,32,NULL,1,NULL,NULL,'2012-08-27 15:10:46','2012-08-27 15:10:46','approved'),(32,32,NULL,1,NULL,NULL,'2012-08-27 15:10:46','2012-08-27 15:10:46','approved'),(33,32,NULL,1,NULL,18,'2012-08-27 15:10:46','2012-08-27 15:10:46','signed'),(34,32,NULL,1,NULL,18,'2012-08-27 15:10:46','2012-08-27 15:10:46','signed'),(35,32,NULL,2,NULL,18,'2012-08-27 15:10:46','2012-08-27 15:10:46','signed'),(36,32,NULL,2,NULL,18,'2012-08-27 15:10:46','2012-08-27 15:10:46','signed'),(37,32,NULL,2,NULL,18,'2012-08-27 15:10:46','2012-08-27 15:10:46','signed'),(38,32,NULL,1,NULL,18,'2012-08-27 15:10:46','2012-08-27 15:10:46','signed'),(39,33,NULL,1,NULL,NULL,'2012-08-27 15:10:46','2012-08-27 15:10:46','submitted'),(40,33,NULL,1,NULL,NULL,'2012-08-27 15:10:46','2012-08-27 15:10:46','submitted'),(41,33,NULL,1,NULL,NULL,'2012-08-27 15:10:46','2012-08-27 15:10:46','approved'),(42,33,NULL,1,NULL,18,'2012-08-27 15:10:46','2012-08-27 15:10:46','signed'),(43,34,NULL,1,NULL,NULL,'2012-08-27 15:10:46','2012-08-27 15:10:46','submitted'),(44,34,NULL,1,NULL,NULL,'2012-08-27 15:10:46','2012-08-27 15:10:46','submitted'),(45,34,NULL,1,NULL,NULL,'2012-08-27 15:10:46','2012-08-27 15:10:46','approved'),(46,34,NULL,1,NULL,18,'2012-08-22 00:00:00','2012-08-22 00:00:00','signed');
/*!40000 ALTER TABLE `contracts` ENABLE KEYS */;
UNLOCK TABLES;

--
-- Table structure for table `database_authentications`
--

DROP TABLE IF EXISTS `database_authentications`;
/*!40101 SET @saved_cs_client     = @@character_set_client */;
/*!40101 SET character_set_client = utf8 */;
CREATE TABLE `database_authentications` (
  `id` int(11) NOT NULL AUTO_INCREMENT,
  `login` varchar(255) COLLATE utf8_unicode_ci DEFAULT NULL,
  `crypted_password` varchar(40) COLLATE utf8_unicode_ci DEFAULT NULL,
  `salt` varchar(40) COLLATE utf8_unicode_ci DEFAULT NULL,
  `user_id` int(11) DEFAULT NULL,
  `created_at` datetime DEFAULT NULL,
  `updated_at` datetime DEFAULT NULL,
  PRIMARY KEY (`id`)
) ENGINE=InnoDB AUTO_INCREMENT=31 DEFAULT CHARSET=utf8 COLLATE=utf8_unicode_ci;
/*!40101 SET character_set_client = @saved_cs_client */;

--
-- Dumping data for table `database_authentications`
--

LOCK TABLES `database_authentications` WRITE;
/*!40000 ALTER TABLE `database_authentications` DISABLE KEYS */;
INSERT INTO `database_authentications` VALUES (1,'ramon','2bd18c48b4dba8080a7569399610bb9012fab25b','04f928f455eaee48f60c0f31c0b4bea164b921e9',1,'2012-08-27 15:10:46','2012-08-27 15:10:46'),(2,'king_9858','61532fd141903bca7b89b19b44603bb9cc923feb','bc5b4670b6cd5e59acb5f8665d0c3d7195ce8f0b',2,'2012-08-27 15:10:46','2012-08-27 15:10:46'),(3,'iva.emmerich_2841','581c935af19e7ddd787dc8e509c6db9674234c34','7626d59a09d12f0d4cfb5997bf0c71b859a194b6',3,'2012-08-27 15:10:46','2012-08-27 15:10:46'),(4,'ismael_kihn_6557','64709b85613a934d8ea68becd86ecf22f9dee097','fa373395acb4e6353256901ced8293e65a525b6e',4,'2012-08-27 15:10:46','2012-08-27 15:10:46'),(5,'emie_1763','179e5230e190e0dbd546af6f2302ab37762690e9','b4916a273edf66d673650f3f026aa5c9fd815ebe',5,'2012-08-27 15:10:46','2012-08-27 15:10:46'),(6,'brice_8047','077ea6064b8f7bfae3834915b63dd4fcc1006035','7f00a0393db919cc28635966a60e1f70330748b0',6,'2012-08-27 15:10:46','2012-08-27 15:10:46'),(7,'theodore_quigley_5651','40e38150e4ee46b2937723d0e592109ea15e95d1','cde1820d4c0f2f107409a54b0921d0342dbb5b33',7,'2012-08-27 15:10:46','2012-08-27 15:10:46'),(8,'matti','fec3361c56f1922734cf46eefa1423bb18fcfb72','ce84546493993a87c358c62b97e4e8b6650bb7f5',8,'2012-08-27 15:10:46','2012-08-27 15:10:46'),(9,'mike','ce63a110d524c37c1b028f691545ebee275519fc','a9922e7066fc2831666e9ee758bd4ee05e3c69ea',9,'2012-08-27 15:10:46','2012-08-27 15:10:46'),(10,'andi','3744c6e79de5c8bdce3b84695cee82b7cc7669a8','4db4a6557d0cb4a245ca7a1bf962bd6e1df182cc',10,'2012-08-27 15:10:46','2012-08-27 15:10:46'),(11,'sadye.murazik_9692','d2c946ece8aceb303a93ece3b58e500a6a5cfc19','bcb0867259e58bcc4afa1142d21cf10f9e3d98a9',11,'2012-08-27 15:10:46','2012-08-27 15:10:46'),(12,'dawson_ward_5140','e2ee31e3ae73c21b88203de93782553ced84c628','f598afabe0e9e0304e5492297b492dcc01bb4811',12,'2012-08-27 15:10:46','2012-08-27 15:10:46'),(13,'evalyn_2590','f63b7f544dfe43493178d75f2e6aee12d0bba062','4c5f9588926a2dcf4a6261d0d0daccc5a380c78e',13,'2012-08-27 15:10:46','2012-08-27 15:10:46'),(14,'roel_5759','e215c79335278b7f51f890969feffbd794fcfd61','4850b5706aec52d7f71eeac996c92924c590a380',14,'2012-08-27 15:10:46','2012-08-27 15:10:46'),(15,'ned_upton_5943','7e798441bb1986a208751858df695539a1441da9','386bfa5b9a9cb954ff7cea311953a8657214846b',15,'2012-08-27 15:10:46','2012-08-27 15:10:46'),(16,'franco_7198','b494f4f4dd5c879ad24755b4154d65b46fcc1689','ae4b73ff5711ad6c00286009a6fbb3e4006aba67',16,'2012-08-27 15:10:46','2012-08-27 15:10:46'),(17,'gino','9468984f92d3c0e7e5c81b23b4208b6ccf919b59','fd87c8525c22bd6a5f054bc2ca2210680cb4be92',17,'2012-08-27 15:10:46','2012-08-27 15:10:46'),(18,'pius','1962c2e68c7529775bd914274d167c65655450a6','d0d494e49cfad1fddbd15108eaf48b2c48efef67',18,'2012-08-27 15:10:46','2012-08-27 15:10:46'),(19,'peter','9d2e6d9c0090f7a47a6f2a58314883d634a3a486','d3353c4573ec0eb9c4d029208234e45ddcdbd963',19,'2012-08-27 15:10:46','2012-08-27 15:10:46'),(20,'elvis_7799','5ce65a7b48c76df1d8f1daeb86990f687be085ce','86595ec961433469f7917555da6bd1521fc0d283',20,'2012-08-27 15:10:46','2012-08-27 15:10:46'),(21,'mona_290','8fa71752c25d976c29e26cba05293c78615bb8a7','e71abe07dc6777e37720bc7bb9c3b72ca63a455f',21,'2012-08-27 15:10:46','2012-08-27 15:10:46'),(22,'wendy_2961','05df57a82b1bb3297e61a23f156524447851acfe','d47e37c0ad64f1a77cbf85245129628de2a0befb',22,'2012-08-27 15:10:46','2012-08-27 15:10:46'),(23,'jonathon.willms_5301','f7b7ce3ad0604268b6b7b10271d7dd837a2014cb','cdd07762d83eba24d6c492f9d135cb03efcfc60f',23,'2012-08-27 15:10:46','2012-08-27 15:10:46'),(24,'muhammad_2853','741cf0d2959c6763bdbb74f0159c2580c4ea3b64','8c8f5b1f546e84c65c3c8d797b805095b081c770',24,'2012-08-22 00:00:00','2012-08-22 00:00:00'),(25,'spencer_jerde_8454','03aaf2e0729695ff6b61c815c741e854f7283170','f915905817e36cca8530f202c3ae4e1ac1c75907',25,'2012-08-22 00:00:00','2012-08-22 00:00:00'),(26,'mina','ddc38e49d1caa8047d1eb54f8347261922e3486c','c5275663660cb354db4284636683811c47ac1155',26,'2012-08-27 15:10:46','2012-08-27 15:10:46'),(27,'julie','3d1ac2aea115aff1f0a5f1b3c3b0ffd43d6d6a87','f20dd8cf569fbede4439cd31a912c7e3c057d5c1',27,'2012-08-27 15:10:46','2012-08-27 15:10:46'),(28,'normin','e7308e4075327dc1c0c69f08d96c6a6177e8d63c','24956430af7cda6c87d88315adcdefbe04e6d086',32,'2012-08-27 15:10:46','2012-08-27 15:10:46'),(29,'petra','b22fdf7aefb17b438e435dce227fd106182ad724','a697b1ca164cbacd3874508f54e36edd914a9bcc',33,'2012-08-27 15:10:46','2012-08-27 15:10:46'),(30,'lisa','eb2c58364ed5bac356665f064959d57065a570e1','46581d58b4be8bda9f2cc9f9748f69f4a928f3ad',34,'2012-08-27 15:10:46','2012-08-27 15:10:46');
/*!40000 ALTER TABLE `database_authentications` ENABLE KEYS */;
UNLOCK TABLES;

--
-- Table structure for table `delegations_users`
--

DROP TABLE IF EXISTS `delegations_users`;
/*!40101 SET @saved_cs_client     = @@character_set_client */;
/*!40101 SET character_set_client = utf8 */;
CREATE TABLE `delegations_users` (
  `delegation_id` int(11) DEFAULT NULL,
  `user_id` int(11) DEFAULT NULL,
  UNIQUE KEY `index_delegations_users_on_user_id_and_delegation_id` (`user_id`,`delegation_id`),
  KEY `index_delegations_users_on_delegation_id` (`delegation_id`)
) ENGINE=InnoDB DEFAULT CHARSET=utf8 COLLATE=utf8_unicode_ci;
/*!40101 SET character_set_client = @saved_cs_client */;

--
-- Dumping data for table `delegations_users`
--

LOCK TABLES `delegations_users` WRITE;
/*!40000 ALTER TABLE `delegations_users` DISABLE KEYS */;
INSERT INTO `delegations_users` VALUES (28,26),(29,26),(30,26),(31,26),(28,27),(29,27),(30,27),(31,27);
/*!40000 ALTER TABLE `delegations_users` ENABLE KEYS */;
UNLOCK TABLES;

--
-- Table structure for table `groups`
--

DROP TABLE IF EXISTS `groups`;
/*!40101 SET @saved_cs_client     = @@character_set_client */;
/*!40101 SET character_set_client = utf8 */;
CREATE TABLE `groups` (
  `id` int(11) NOT NULL AUTO_INCREMENT,
  `name` varchar(255) COLLATE utf8_unicode_ci DEFAULT NULL,
  `inventory_pool_id` int(11) DEFAULT NULL,
  `is_verification_required` tinyint(1) DEFAULT '0',
  `created_at` datetime DEFAULT NULL,
  `updated_at` datetime DEFAULT NULL,
  PRIMARY KEY (`id`),
  KEY `index_groups_on_inventory_pool_id` (`inventory_pool_id`),
  KEY `index_groups_on_is_verification_required` (`is_verification_required`)
) ENGINE=InnoDB AUTO_INCREMENT=10 DEFAULT CHARSET=utf8 COLLATE=utf8_unicode_ci;
/*!40101 SET character_set_client = @saved_cs_client */;

--
-- Dumping data for table `groups`
--

LOCK TABLES `groups` WRITE;
/*!40000 ALTER TABLE `groups` DISABLE KEYS */;
INSERT INTO `groups` VALUES (1,'Cast',1,0,'2012-08-27 15:10:46','2012-08-27 15:10:46'),(2,'IAD',1,0,'2012-08-27 15:10:46','2012-08-27 15:10:46'),(3,'Wu',1,0,'2012-08-27 15:10:46','2012-08-27 15:10:46'),(4,'Group Hifi',1,0,'2012-08-27 15:10:46','2012-08-27 15:10:46'),(5,'Group A',1,0,'2012-08-27 15:10:46','2012-08-27 15:10:46'),(6,'Group B',1,0,'2012-08-27 15:10:46','2012-08-27 15:10:46'),(7,'FFI',1,1,'2012-08-27 15:10:46','2012-08-27 15:10:46'),(8,'VTO',1,1,'2012-08-27 15:10:46','2012-08-27 15:10:46'),(9,'1. Semester',2,1,'2012-08-27 15:10:46','2012-08-27 15:10:46');
/*!40000 ALTER TABLE `groups` ENABLE KEYS */;
UNLOCK TABLES;

--
-- Table structure for table `groups_users`
--

DROP TABLE IF EXISTS `groups_users`;
/*!40101 SET @saved_cs_client     = @@character_set_client */;
/*!40101 SET character_set_client = utf8 */;
CREATE TABLE `groups_users` (
  `user_id` int(11) DEFAULT NULL,
  `group_id` int(11) DEFAULT NULL,
  UNIQUE KEY `index_groups_users_on_user_id_and_group_id` (`user_id`,`group_id`),
  KEY `index_groups_users_on_group_id` (`group_id`)
) ENGINE=InnoDB DEFAULT CHARSET=utf8 COLLATE=utf8_unicode_ci;
/*!40101 SET character_set_client = @saved_cs_client */;

--
-- Dumping data for table `groups_users`
--

LOCK TABLES `groups_users` WRITE;
/*!40000 ALTER TABLE `groups_users` DISABLE KEYS */;
INSERT INTO `groups_users` VALUES (12,7),(12,8),(13,7),(14,7),(14,8),(15,7),(15,9),(16,7),(32,1),(34,1);
/*!40000 ALTER TABLE `groups_users` ENABLE KEYS */;
UNLOCK TABLES;

--
-- Table structure for table `histories`
--

DROP TABLE IF EXISTS `histories`;
/*!40101 SET @saved_cs_client     = @@character_set_client */;
/*!40101 SET character_set_client = utf8 */;
CREATE TABLE `histories` (
  `id` int(11) NOT NULL AUTO_INCREMENT,
  `text` varchar(255) COLLATE utf8_unicode_ci DEFAULT '',
  `type_const` int(11) DEFAULT NULL,
  `created_at` datetime NOT NULL,
  `target_id` int(11) NOT NULL,
  `target_type` varchar(255) COLLATE utf8_unicode_ci NOT NULL,
  `user_id` int(11) DEFAULT NULL,
  PRIMARY KEY (`id`),
  KEY `index_histories_on_target_type_and_target_id` (`target_type`,`target_id`),
  KEY `index_histories_on_type_const` (`type_const`),
  KEY `index_histories_on_user_id` (`user_id`)
) ENGINE=InnoDB AUTO_INCREMENT=15 DEFAULT CHARSET=utf8 COLLATE=utf8_unicode_ci;
/*!40101 SET character_set_client = @saved_cs_client */;

--
-- Dumping data for table `histories`
--

LOCK TABLES `histories` WRITE;
/*!40000 ALTER TABLE `histories` DISABLE KEYS */;
INSERT INTO `histories` VALUES (1,'Contract 14 has been signed by Manley Metz',1,'2012-08-27 15:10:46',14,'Contract',18),(2,'Contract 15 has been signed by Archibald Hegmann',1,'2012-08-27 15:10:46',15,'Contract',18),(3,'Contract 16 has been signed by Elisabeth Renner',1,'2012-08-27 15:10:46',16,'Contract',18),(4,'Contract 17 has been signed by Katheryn Schultz',1,'2012-08-22 00:00:00',17,'Contract',18),(5,'Contract 20 has been signed by Est itaque sunt ipsa qui et totam explicabo.',1,'2012-08-27 15:10:46',20,'Contract',18),(6,'Contract 21 has been signed by Est itaque sunt ipsa qui et totam explicabo.',1,'2012-08-22 00:00:00',21,'Contract',18),(7,'Contract 33 has been signed by Normin N.',1,'2012-08-27 15:10:46',33,'Contract',18),(8,'Contract 34 has been signed by Normin N.',1,'2012-08-27 15:10:46',34,'Contract',18),(9,'Contract 35 has been signed by Normin N.',1,'2012-08-27 15:10:46',35,'Contract',18),(10,'Contract 36 has been signed by Normin N.',1,'2012-08-27 15:10:46',36,'Contract',18),(11,'Contract 37 has been signed by Normin N.',1,'2012-08-27 15:10:46',37,'Contract',18),(12,'Contract 38 has been signed by Normin N.',1,'2012-08-27 15:10:46',38,'Contract',18),(13,'Contract 42 has been signed by Petra K.',1,'2012-08-27 15:10:46',42,'Contract',18),(14,'Contract 46 has been signed by Lisa L.',1,'2012-08-22 00:00:00',46,'Contract',18);
/*!40000 ALTER TABLE `histories` ENABLE KEYS */;
UNLOCK TABLES;

--
-- Table structure for table `holidays`
--

DROP TABLE IF EXISTS `holidays`;
/*!40101 SET @saved_cs_client     = @@character_set_client */;
/*!40101 SET character_set_client = utf8 */;
CREATE TABLE `holidays` (
  `id` int(11) NOT NULL AUTO_INCREMENT,
  `inventory_pool_id` int(11) DEFAULT NULL,
  `start_date` date DEFAULT NULL,
  `end_date` date DEFAULT NULL,
  `name` varchar(255) COLLATE utf8_unicode_ci DEFAULT NULL,
  PRIMARY KEY (`id`),
  KEY `index_holidays_on_inventory_pool_id` (`inventory_pool_id`),
  KEY `index_holidays_on_start_date_and_end_date` (`start_date`,`end_date`)
) ENGINE=InnoDB AUTO_INCREMENT=5 DEFAULT CHARSET=utf8 COLLATE=utf8_unicode_ci;
/*!40101 SET character_set_client = @saved_cs_client */;

--
-- Dumping data for table `holidays`
--

LOCK TABLES `holidays` WRITE;
/*!40000 ALTER TABLE `holidays` DISABLE KEYS */;
INSERT INTO `holidays` VALUES (1,1,'2012-12-24','2012-12-24','Christmas'),(2,2,'2012-12-24','2012-12-24','Christmas'),(3,3,'2012-12-24','2012-12-24','Christmas'),(4,1,'2012-12-24','2012-12-24','Christmas');
/*!40000 ALTER TABLE `holidays` ENABLE KEYS */;
UNLOCK TABLES;

--
-- Table structure for table `images`
--

DROP TABLE IF EXISTS `images`;
/*!40101 SET @saved_cs_client     = @@character_set_client */;
/*!40101 SET character_set_client = utf8 */;
CREATE TABLE `images` (
  `id` int(11) NOT NULL AUTO_INCREMENT,
  `model_id` int(11) DEFAULT NULL,
  `is_main` tinyint(1) DEFAULT '0',
  `content_type` varchar(255) COLLATE utf8_unicode_ci DEFAULT NULL,
  `filename` varchar(255) COLLATE utf8_unicode_ci DEFAULT NULL,
  `size` int(11) DEFAULT NULL,
  `height` int(11) DEFAULT NULL,
  `width` int(11) DEFAULT NULL,
  `parent_id` int(11) DEFAULT NULL,
  `thumbnail` varchar(255) COLLATE utf8_unicode_ci DEFAULT NULL,
  PRIMARY KEY (`id`),
  KEY `index_images_on_model_id` (`model_id`)
) ENGINE=InnoDB AUTO_INCREMENT=4 DEFAULT CHARSET=utf8 COLLATE=utf8_unicode_ci;
/*!40101 SET character_set_client = @saved_cs_client */;

--
-- Dumping data for table `images`
--

LOCK TABLES `images` WRITE;
/*!40000 ALTER TABLE `images` DISABLE KEYS */;
INSERT INTO `images` VALUES (1,145,0,'image/jpeg','adipisci',NULL,NULL,NULL,NULL,NULL),(2,145,0,'image/jpeg','enim',NULL,NULL,NULL,NULL,NULL),(3,146,0,'image/jpeg','cum',NULL,NULL,NULL,NULL,NULL);
/*!40000 ALTER TABLE `images` ENABLE KEYS */;
UNLOCK TABLES;

--
-- Table structure for table `inventory_pools`
--

DROP TABLE IF EXISTS `inventory_pools`;
/*!40101 SET @saved_cs_client     = @@character_set_client */;
/*!40101 SET character_set_client = utf8 */;
CREATE TABLE `inventory_pools` (
  `id` int(11) NOT NULL AUTO_INCREMENT,
  `name` varchar(255) COLLATE utf8_unicode_ci DEFAULT NULL,
  `description` text COLLATE utf8_unicode_ci,
  `contact_details` varchar(255) COLLATE utf8_unicode_ci DEFAULT NULL,
  `contract_description` varchar(255) COLLATE utf8_unicode_ci DEFAULT NULL,
  `contract_url` varchar(255) COLLATE utf8_unicode_ci DEFAULT NULL,
  `logo_url` varchar(255) COLLATE utf8_unicode_ci DEFAULT NULL,
  `default_contract_note` text COLLATE utf8_unicode_ci,
  `shortname` varchar(255) COLLATE utf8_unicode_ci DEFAULT NULL,
  `email` varchar(255) COLLATE utf8_unicode_ci DEFAULT NULL,
  `color` text COLLATE utf8_unicode_ci,
  `print_contracts` tinyint(1) DEFAULT '1',
  `opening_hours` text COLLATE utf8_unicode_ci,
  `address_id` int(11) DEFAULT NULL,
  `automatic_suspension` tinyint(1) NOT NULL DEFAULT '0',
  `automatic_suspension_reason` text COLLATE utf8_unicode_ci,
  `automatic_access` tinyint(1) DEFAULT NULL,
  PRIMARY KEY (`id`),
  UNIQUE KEY `index_inventory_pools_on_name` (`name`)
) ENGINE=InnoDB AUTO_INCREMENT=15 DEFAULT CHARSET=utf8 COLLATE=utf8_unicode_ci;
/*!40101 SET character_set_client = @saved_cs_client */;

--
-- Dumping data for table `inventory_pools`
--

LOCK TABLES `inventory_pools` WRITE;
/*!40000 ALTER TABLE `inventory_pools` DISABLE KEYS */;
INSERT INTO `inventory_pools` VALUES (1,'A-Ausleihe','Wichtige Hinweise...\n Bitte die Gegenstnde rechtzeitig zurckbringen','A Verleih  /  ZHdK\nav@zh-dk.ch\n+41 00 00 00 00','Gert erhalten','av@zhdk.ch',NULL,'Odio sunt est et occaecati ex minima.','A','av@zhdk.ch',NULL,1,NULL,NULL,1,'Quod qui consequuntur sed pariatur.',NULL),(2,'IT-Ausleihe','Bringt die Gerte bitte rechtzeitig zurck','IT Verleih  /  ZHdK\nav@zh-dk.ch\n+41 00 00 00 00','Gert erhalten','it@zhdk.ch',NULL,NULL,'IT','it@zhdk.ch',NULL,1,NULL,NULL,1,'Consequatur nisi qui sunt natus dolores et.',NULL),(3,'AV-Technik','Bringt die Gerte bitte rechtzeitig zurck','AV Verleih  /  ZHdK\nav@zh-dk.ch\n+41 00 00 00 00','Gert erhalten','it@zhdk.ch',NULL,NULL,'AV','it@zhdk.ch',NULL,1,NULL,NULL,0,NULL,NULL),(4,'DT deletable','Bringt die Gerte bitte rechtzeitig zurck','AV Verleih  /  ZHdK\nav@zh-dk.ch\n+41 00 00 00 00','Gert erhalten','it@zhdk.ch',NULL,NULL,'DT','it@zhdk.ch',NULL,1,NULL,NULL,0,NULL,NULL),(5,'Dolorsedquidemeaque','Vel illo repellendus sit odit quisquam in quis et.','Sapiente et fugit quidem libero nihil quisquam veritatis porro.','Dolorsedquidemeaque','bradley@berge.info',NULL,NULL,'K50U80','bradley@berge.info',NULL,1,NULL,NULL,0,NULL,NULL),(6,'Etvoluptatemplaceata','Dolores vel possimus a.','Natus doloribus harum recusandae.','Etvoluptatemplaceata','freeda@pollichbaumbach.co.uk',NULL,NULL,'DB5WD5','freeda@pollichbaumbach.co.uk',NULL,1,NULL,NULL,0,NULL,NULL),(7,'Ainciduntsuntab','Molestiae est ea doloremque repellat facilis animi.','Earum dolor eius error consequatur sed incidunt aut.','Ainciduntsuntab','rubie@cruickshanklockman.com',NULL,NULL,'LA8PDJ','rubie@cruickshanklockman.com',NULL,1,NULL,NULL,0,NULL,NULL),(8,'Suntnullanatussoluta','Corporis molestiae quis totam et itaque corrupti.','Nemo rerum ea perferendis.','Suntnullanatussoluta','anya_okon@bins.biz',NULL,NULL,'DPUPTX','anya_okon@bins.biz',NULL,1,NULL,NULL,0,NULL,NULL),(9,'Commodieaquetemporaoptio','Aliquid quod tenetur labore harum ad possimus.','Non exercitationem qui adipisci illo eaque rerum aperiam.','Commodieaquetemporaoptio','dakota@brown.com',NULL,NULL,'QVJPND','dakota@brown.com',NULL,1,NULL,NULL,0,NULL,NULL),(10,'Consequaturvoluptatibusbeataeest','Recusandae autem ullam doloremque quia vel itaque et quis.','Dicta perspiciatis sit magnam aut voluptatem temporibus error incidunt.','Consequaturvoluptatibusbeataeest','kelli_donnelly@wisozk.co.uk',NULL,NULL,'4AKTD4','kelli_donnelly@wisozk.co.uk',NULL,1,NULL,NULL,0,NULL,NULL),(11,'Assumendaoccaecatiullamquia','Magni repellat quos voluptatem.','Odio quos suscipit ut natus hic.','Assumendaoccaecatiullamquia','betty@grant.com',NULL,NULL,'2K02AK','betty@grant.com',NULL,1,NULL,NULL,0,NULL,NULL),(12,'Facilisquibusdamminusaliquam','Omnis unde aut minima eum.','Aperiam et earum quidem.','Facilisquibusdamminusaliquam','aditya@daughertyrenner.co.uk',NULL,NULL,'YOVL6I','aditya@daughertyrenner.co.uk',NULL,1,NULL,NULL,0,NULL,NULL),(13,'Utnemovoluptasitaque','Et architecto velit dolorem.','Hic ut vel quae.','Utnemovoluptasitaque','lindsey@greenholt.biz',NULL,NULL,'TAO6DC','lindsey@greenholt.biz',NULL,1,NULL,NULL,0,NULL,NULL),(14,'Aliquideanumquamaspernatur','Dolor laudantium accusantium ea rerum vitae.','Quidem aut fuga suscipit est sapiente.','Aliquideanumquamaspernatur','kamren@pourosfunk.info',NULL,NULL,'BOAWNT','kamren@pourosfunk.info',NULL,1,NULL,NULL,0,NULL,NULL);
/*!40000 ALTER TABLE `inventory_pools` ENABLE KEYS */;
UNLOCK TABLES;

--
-- Table structure for table `inventory_pools_model_groups`
--

DROP TABLE IF EXISTS `inventory_pools_model_groups`;
/*!40101 SET @saved_cs_client     = @@character_set_client */;
/*!40101 SET character_set_client = utf8 */;
CREATE TABLE `inventory_pools_model_groups` (
  `inventory_pool_id` int(11) DEFAULT NULL,
  `model_group_id` int(11) DEFAULT NULL,
  KEY `index_inventory_pools_model_groups_on_inventory_pool_id` (`inventory_pool_id`),
  KEY `index_inventory_pools_model_groups_on_model_group_id` (`model_group_id`)
) ENGINE=InnoDB DEFAULT CHARSET=utf8 COLLATE=utf8_unicode_ci;
/*!40101 SET character_set_client = @saved_cs_client */;

--
-- Dumping data for table `inventory_pools_model_groups`
--

LOCK TABLES `inventory_pools_model_groups` WRITE;
/*!40000 ALTER TABLE `inventory_pools_model_groups` DISABLE KEYS */;
INSERT INTO `inventory_pools_model_groups` VALUES (1,12),(1,13),(1,14);
/*!40000 ALTER TABLE `inventory_pools_model_groups` ENABLE KEYS */;
UNLOCK TABLES;

--
-- Table structure for table `items`
--

DROP TABLE IF EXISTS `items`;
/*!40101 SET @saved_cs_client     = @@character_set_client */;
/*!40101 SET character_set_client = utf8 */;
CREATE TABLE `items` (
  `id` int(11) NOT NULL AUTO_INCREMENT,
  `inventory_code` varchar(255) COLLATE utf8_unicode_ci DEFAULT NULL,
  `serial_number` varchar(255) COLLATE utf8_unicode_ci DEFAULT NULL,
  `model_id` int(11) DEFAULT NULL,
  `location_id` int(11) DEFAULT NULL,
  `supplier_id` int(11) DEFAULT NULL,
  `owner_id` int(11) DEFAULT NULL,
  `parent_id` int(11) DEFAULT NULL,
  `invoice_number` varchar(255) COLLATE utf8_unicode_ci DEFAULT NULL,
  `invoice_date` date DEFAULT NULL,
  `last_check` date DEFAULT NULL,
  `retired` date DEFAULT NULL,
  `retired_reason` varchar(255) COLLATE utf8_unicode_ci DEFAULT NULL,
  `price` decimal(8,2) DEFAULT NULL,
  `is_broken` tinyint(1) DEFAULT '0',
  `is_incomplete` tinyint(1) DEFAULT '0',
  `is_borrowable` tinyint(1) DEFAULT '0',
  `needs_permission` tinyint(1) DEFAULT '0',
  `inventory_pool_id` int(11) DEFAULT NULL,
  `is_inventory_relevant` tinyint(1) DEFAULT '0',
  `responsible` varchar(255) COLLATE utf8_unicode_ci DEFAULT NULL,
  `insurance_number` varchar(255) COLLATE utf8_unicode_ci DEFAULT NULL,
  `note` text COLLATE utf8_unicode_ci,
  `name` text COLLATE utf8_unicode_ci,
  `user_name` varchar(255) COLLATE utf8_unicode_ci DEFAULT NULL,
  `properties` varchar(2048) COLLATE utf8_unicode_ci DEFAULT NULL,
  `created_at` datetime DEFAULT NULL,
  `updated_at` datetime DEFAULT NULL,
  PRIMARY KEY (`id`),
  UNIQUE KEY `index_items_on_inventory_code` (`inventory_code`),
  KEY `index_items_on_inventory_pool_id` (`inventory_pool_id`),
  KEY `index_items_on_retired` (`retired`),
  KEY `index_items_on_is_borrowable` (`is_borrowable`),
  KEY `index_items_on_is_broken` (`is_broken`),
  KEY `index_items_on_is_incomplete` (`is_incomplete`),
  KEY `index_items_on_location_id` (`location_id`),
  KEY `index_items_on_owner_id` (`owner_id`),
  KEY `index_items_on_parent_id_and_retired` (`parent_id`,`retired`),
  KEY `index_items_on_model_id_and_retired_and_inventory_pool_id` (`model_id`,`retired`,`inventory_pool_id`)
) ENGINE=InnoDB AUTO_INCREMENT=277 DEFAULT CHARSET=utf8 COLLATE=utf8_unicode_ci;
/*!40101 SET character_set_client = @saved_cs_client */;

--
-- Dumping data for table `items`
--

LOCK TABLES `items` WRITE;
/*!40000 ALTER TABLE `items` DISABLE KEYS */;
INSERT INTO `items` VALUES (1,'ginq4ivygee8ffep1xzi383','a1:7a:49:da:13:ec-ee:8d:6e:ad:7b:51-17:d7:9b:be:38:21',1,1,1,6,NULL,NULL,'2011-07-20','2012-08-27',NULL,NULL,'1378.00',0,0,1,0,5,1,NULL,NULL,NULL,NULL,NULL,'--- !ruby/hash:ActiveSupport::HashWithIndifferentAccess\nanschaffungskategorie: AV-Technik\nreference: invoice\numzug: zgeln\nankunftszustand: intakt\n','2012-08-27 15:10:46','2012-08-27 15:10:46'),(2,'k8tu7i76vokv90v2dy0l384','de:bf:91:7e:6d:e4-b7:2d:0e:dc:84:a8-c5:0e:46:86:ac:0d',1,2,2,7,NULL,NULL,'2010-05-03','2012-08-27',NULL,NULL,'311.00',0,0,1,0,5,1,NULL,NULL,NULL,NULL,NULL,'--- !ruby/hash:ActiveSupport::HashWithIndifferentAccess\nanschaffungskategorie: AV-Technik\nreference: invoice\numzug: zgeln\nankunftszustand: intakt\n','2012-08-27 15:10:46','2012-08-27 15:10:46'),(3,'r1o7kj1ii8eksxonu2hi385','e2:8e:3a:0a:a1:94-34:a0:e9:79:97:47-aa:af:d0:08:68:3b',1,3,3,8,NULL,NULL,'2010-05-17','2012-08-27',NULL,NULL,'1450.00',0,0,1,0,5,1,NULL,NULL,NULL,NULL,NULL,'--- !ruby/hash:ActiveSupport::HashWithIndifferentAccess\nanschaffungskategorie: AV-Technik\nreference: invoice\numzug: zgeln\nankunftszustand: intakt\n','2012-08-27 15:10:46','2012-08-27 15:10:46'),(4,'f23twv9mi07jym8g0el6386','8d:f4:64:d1:f6:48-87:7f:cd:7a:be:09-30:bb:8f:2f:45:dc',5,4,4,9,NULL,NULL,'2007-05-20','2012-08-27',NULL,NULL,'892.00',0,0,1,0,5,1,NULL,NULL,NULL,NULL,NULL,'--- !ruby/hash:ActiveSupport::HashWithIndifferentAccess\nanschaffungskategorie: AV-Technik\nreference: invoice\numzug: zgeln\nankunftszustand: intakt\n','2012-08-27 15:10:46','2012-08-27 15:10:46'),(5,'ua4rmseazvddiep49skh387','09:98:d4:7a:b1:14-f0:49:3b:0d:5e:d6-6f:09:f2:99:48:5e',5,5,5,10,NULL,NULL,'2009-09-23','2012-08-27',NULL,NULL,'1308.00',0,0,1,0,5,1,NULL,NULL,NULL,NULL,NULL,'--- !ruby/hash:ActiveSupport::HashWithIndifferentAccess\nanschaffungskategorie: AV-Technik\nreference: invoice\numzug: zgeln\nankunftszustand: intakt\n','2012-08-27 15:10:46','2012-08-27 15:10:46'),(6,'9890vo4ne3hytyehdixm388','b5:55:e4:d4:70:c8-8b:ad:80:cd:b6:a0-16:ae:bb:da:02:ff',5,6,6,11,NULL,NULL,'2010-09-27','2012-08-27',NULL,NULL,'111.00',0,0,1,0,5,1,NULL,NULL,NULL,NULL,NULL,'--- !ruby/hash:ActiveSupport::HashWithIndifferentAccess\nanschaffungskategorie: AV-Technik\nreference: invoice\numzug: zgeln\nankunftszustand: intakt\n','2012-08-27 15:10:46','2012-08-27 15:10:46'),(7,'6ruuhzn9b6jm1rmhb8oo389','a0:95:59:e2:bf:f3-4e:01:cb:ed:13:c5-c7:e3:b8:cb:0d:b1',9,7,7,3,NULL,NULL,'2008-08-24','2012-08-27',NULL,NULL,'657.00',0,0,1,0,5,1,NULL,NULL,NULL,NULL,NULL,'--- !ruby/hash:ActiveSupport::HashWithIndifferentAccess\nanschaffungskategorie: AV-Technik\nreference: invoice\numzug: zgeln\nankunftszustand: intakt\n','2012-08-27 15:10:46','2012-08-27 15:10:46'),(8,'nd4usfdmws3jfqjtbb0e390','b5:fb:26:c0:51:f1-95:5b:fc:c2:00:27-3f:b1:cd:f8:0d:f2',9,8,8,8,NULL,NULL,'2009-01-09','2012-08-27',NULL,NULL,'1123.00',0,0,1,0,5,1,NULL,NULL,NULL,NULL,NULL,'--- !ruby/hash:ActiveSupport::HashWithIndifferentAccess\nanschaffungskategorie: AV-Technik\nreference: invoice\numzug: zgeln\nankunftszustand: intakt\n','2012-08-27 15:10:46','2012-08-27 15:10:46'),(9,'gk7dk74ig99p7x2x499d391','cd:cf:b7:d6:78:2b-ea:4a:7d:b3:8f:76-86:7b:38:31:91:06',9,9,9,6,NULL,NULL,'2007-11-22','2012-08-27',NULL,NULL,'821.00',0,0,1,0,5,1,NULL,NULL,NULL,NULL,NULL,'--- !ruby/hash:ActiveSupport::HashWithIndifferentAccess\nanschaffungskategorie: AV-Technik\nreference: invoice\numzug: zgeln\nankunftszustand: intakt\n','2012-08-27 15:10:46','2012-08-27 15:10:46'),(10,'ufrhydirx4hiscx5uyqt392','1a:3c:ca:26:ff:15-26:51:82:6a:f9:00-68:7e:35:fd:40:ea',13,10,10,6,NULL,NULL,'2007-05-31','2012-08-27',NULL,NULL,'1090.00',0,0,1,0,5,1,NULL,NULL,NULL,NULL,NULL,'--- !ruby/hash:ActiveSupport::HashWithIndifferentAccess\nanschaffungskategorie: AV-Technik\nreference: invoice\numzug: zgeln\nankunftszustand: intakt\n','2012-08-27 15:10:46','2012-08-27 15:10:46'),(11,'g23m47xkzypin7ft7kiq393','04:42:51:92:86:d2-17:66:36:ee:20:90-0c:64:51:91:ac:db',13,11,11,1,NULL,NULL,'2007-01-06','2012-08-27',NULL,NULL,'721.00',0,0,1,0,5,1,NULL,NULL,NULL,NULL,NULL,'--- !ruby/hash:ActiveSupport::HashWithIndifferentAccess\nanschaffungskategorie: AV-Technik\nreference: invoice\numzug: zgeln\nankunftszustand: intakt\n','2012-08-27 15:10:46','2012-08-27 15:10:46'),(12,'4opoq5sb7bsjrsuf6ae4394','1a:d2:a8:17:15:36-83:83:7f:ee:54:5d-2b:b2:0e:ed:64:73',13,12,12,4,NULL,NULL,'2009-08-08','2012-08-27',NULL,NULL,'1046.00',0,0,1,0,5,1,NULL,NULL,NULL,NULL,NULL,'--- !ruby/hash:ActiveSupport::HashWithIndifferentAccess\nanschaffungskategorie: AV-Technik\nreference: invoice\numzug: zgeln\nankunftszustand: intakt\n','2012-08-27 15:10:46','2012-08-27 15:10:46'),(13,'r1so8kke4pbvklbdkc8c395','6c:3b:8c:df:85:e5-f6:e1:9a:e8:e1:9b-16:34:2a:4e:7b:b5',17,13,13,12,NULL,NULL,'2009-10-03','2012-08-27',NULL,NULL,'117.00',0,0,1,0,12,1,NULL,NULL,NULL,NULL,NULL,'--- !ruby/hash:ActiveSupport::HashWithIndifferentAccess\nanschaffungskategorie: AV-Technik\nreference: invoice\numzug: zgeln\nankunftszustand: intakt\n','2012-08-27 15:10:46','2012-08-27 15:10:46'),(14,'86tzdygxhtk4tonlm3ek396','ed:c2:64:29:e0:23-ee:ef:ef:08:ae:e2-01:88:26:dd:93:d2',17,14,14,1,NULL,NULL,'2007-09-20','2012-08-27',NULL,NULL,'1288.00',0,0,1,0,12,1,NULL,NULL,NULL,NULL,NULL,'--- !ruby/hash:ActiveSupport::HashWithIndifferentAccess\nanschaffungskategorie: AV-Technik\nreference: invoice\numzug: zgeln\nankunftszustand: intakt\n','2012-08-27 15:10:46','2012-08-27 15:10:46'),(15,'ncange0y6in5yyijl3jm397','c6:11:b5:04:56:ca-c6:05:19:02:f9:2f-2f:a1:c3:64:85:fd',17,15,15,8,NULL,NULL,'2011-01-11','2012-08-27',NULL,NULL,'515.00',0,0,1,0,12,1,NULL,NULL,NULL,NULL,NULL,'--- !ruby/hash:ActiveSupport::HashWithIndifferentAccess\nanschaffungskategorie: AV-Technik\nreference: invoice\numzug: zgeln\nankunftszustand: intakt\n','2012-08-27 15:10:46','2012-08-27 15:10:46'),(16,'o0aqoisoqg9zvmxtun3f398','d4:a7:29:8a:cd:3e-cc:2c:5a:d5:73:d7-a2:04:5f:93:29:e2',21,16,16,1,NULL,NULL,'2008-10-15','2012-08-27',NULL,NULL,'467.00',0,0,1,0,12,1,NULL,NULL,NULL,NULL,NULL,'--- !ruby/hash:ActiveSupport::HashWithIndifferentAccess\nanschaffungskategorie: AV-Technik\nreference: invoice\numzug: zgeln\nankunftszustand: intakt\n','2012-08-27 15:10:46','2012-08-27 15:10:46'),(17,'5q1f8ogjsx1ctm168l2c399','c0:bc:eb:1f:46:fb-0e:af:64:9b:8c:55-8d:f0:a2:15:b6:5c',21,17,17,10,NULL,NULL,'2008-04-02','2012-08-27',NULL,NULL,'146.00',0,0,1,0,12,1,NULL,NULL,NULL,NULL,NULL,'--- !ruby/hash:ActiveSupport::HashWithIndifferentAccess\nanschaffungskategorie: AV-Technik\nreference: invoice\numzug: zgeln\nankunftszustand: intakt\n','2012-08-27 15:10:46','2012-08-27 15:10:46'),(18,'qpw5o1neexfkrmndiy6d400','03:28:4f:00:89:46-1f:cd:85:e7:dc:80-b0:ec:39:b8:4a:7e',21,18,18,6,NULL,NULL,'2009-09-11','2012-08-27',NULL,NULL,'583.00',0,0,1,0,12,1,NULL,NULL,NULL,NULL,NULL,'--- !ruby/hash:ActiveSupport::HashWithIndifferentAccess\nanschaffungskategorie: AV-Technik\nreference: invoice\numzug: zgeln\nankunftszustand: intakt\n','2012-08-27 15:10:46','2012-08-27 15:10:46'),(19,'h0xbdbtfz45brfptfnie401','f9:8c:9c:94:05:52-3b:0c:df:0b:50:ae-bb:36:ce:92:56:f0',25,19,19,7,NULL,NULL,'2011-03-26','2012-08-27',NULL,NULL,'446.00',0,0,1,0,12,1,NULL,NULL,NULL,NULL,NULL,'--- !ruby/hash:ActiveSupport::HashWithIndifferentAccess\nanschaffungskategorie: AV-Technik\nreference: invoice\numzug: zgeln\nankunftszustand: intakt\n','2012-08-27 15:10:46','2012-08-27 15:10:46'),(20,'z0d5s8zqxafv6qkbcacp402','43:6e:e5:b8:2d:ec-54:c4:83:c1:e2:49-22:a7:b9:99:b0:b6',25,20,20,11,NULL,NULL,'2009-08-15','2012-08-27',NULL,NULL,'464.00',0,0,1,0,12,1,NULL,NULL,NULL,NULL,NULL,'--- !ruby/hash:ActiveSupport::HashWithIndifferentAccess\nanschaffungskategorie: AV-Technik\nreference: invoice\numzug: zgeln\nankunftszustand: intakt\n','2012-08-27 15:10:46','2012-08-27 15:10:46'),(21,'sxw2yl5mh445owunhmvx403','f3:94:fa:7b:1a:36-cc:93:dd:65:19:84-39:fb:ed:69:d1:81',25,21,21,12,NULL,NULL,'2011-11-10','2012-08-27',NULL,NULL,'839.00',0,0,1,0,12,1,NULL,NULL,NULL,NULL,NULL,'--- !ruby/hash:ActiveSupport::HashWithIndifferentAccess\nanschaffungskategorie: AV-Technik\nreference: invoice\numzug: zgeln\nankunftszustand: intakt\n','2012-08-27 15:10:46','2012-08-27 15:10:46'),(22,'5j2cuolyq406rcja8iel404','3e:b6:62:f5:6c:4f-fb:04:a8:1e:3f:1a-62:79:da:e4:83:ff',29,22,22,9,NULL,NULL,'2010-10-10','2012-08-27',NULL,NULL,'295.00',0,0,1,0,1,1,NULL,NULL,NULL,NULL,NULL,'--- !ruby/hash:ActiveSupport::HashWithIndifferentAccess\nanschaffungskategorie: AV-Technik\nreference: invoice\numzug: zgeln\nankunftszustand: intakt\n','2012-08-27 15:10:46','2012-08-27 15:10:46'),(23,'jak2radtpm9n6pqut50x405','9c:42:fb:d3:9e:98-12:a5:d0:56:59:99-89:dc:12:9a:c2:0a',29,23,23,6,NULL,NULL,'2007-03-19','2012-08-27',NULL,NULL,'701.00',0,0,1,0,1,1,NULL,NULL,NULL,NULL,NULL,'--- !ruby/hash:ActiveSupport::HashWithIndifferentAccess\nanschaffungskategorie: AV-Technik\nreference: invoice\numzug: zgeln\nankunftszustand: intakt\n','2012-08-27 15:10:46','2012-08-27 15:10:46'),(24,'pib7hj5wsg4dcaicmd7o406','7c:6d:7b:d6:78:84-e7:24:65:78:11:fe-83:71:eb:21:c8:e5',29,24,24,5,NULL,NULL,'2011-03-13','2012-08-27',NULL,NULL,'906.00',0,0,1,0,1,1,NULL,NULL,NULL,NULL,NULL,'--- !ruby/hash:ActiveSupport::HashWithIndifferentAccess\nanschaffungskategorie: AV-Technik\nreference: invoice\numzug: zgeln\nankunftszustand: intakt\n','2012-08-27 15:10:46','2012-08-27 15:10:46'),(25,'pxc7kciymrjzmmivgq5q407','cb:33:97:c4:6d:71-74:bb:91:0f:73:bf-c2:74:17:10:63:5e',33,25,25,6,NULL,NULL,'2009-04-17','2012-08-27',NULL,NULL,'316.00',0,0,1,0,1,1,NULL,NULL,NULL,NULL,NULL,'--- !ruby/hash:ActiveSupport::HashWithIndifferentAccess\nanschaffungskategorie: AV-Technik\nreference: invoice\numzug: zgeln\nankunftszustand: intakt\n','2012-08-27 15:10:46','2012-08-27 15:10:46'),(26,'du8bk9zkam643y9360s1408','b4:a3:11:3a:b4:8e-8d:60:82:e9:16:21-d1:66:75:8d:97:c6',33,26,26,6,NULL,NULL,'2009-03-01','2012-08-27',NULL,NULL,'910.00',0,0,1,0,1,1,NULL,NULL,NULL,NULL,NULL,'--- !ruby/hash:ActiveSupport::HashWithIndifferentAccess\nanschaffungskategorie: AV-Technik\nreference: invoice\numzug: zgeln\nankunftszustand: intakt\n','2012-08-27 15:10:46','2012-08-27 15:10:46'),(27,'5hv2aysyjpqdqtwrpzx0409','13:a4:aa:cd:de:fb-44:f5:82:8b:e7:ad-22:b3:5c:25:1d:fd',33,27,27,5,NULL,NULL,'2010-01-09','2012-08-27',NULL,NULL,'1338.00',0,0,1,0,1,1,NULL,NULL,NULL,NULL,NULL,'--- !ruby/hash:ActiveSupport::HashWithIndifferentAccess\nanschaffungskategorie: AV-Technik\nreference: invoice\numzug: zgeln\nankunftszustand: intakt\n','2012-08-27 15:10:46','2012-08-27 15:10:46'),(28,'y3pyuzlmld7sg2sicrvg410','c3:e1:96:7f:77:b3-b4:ab:20:8e:bd:1c-26:e0:de:eb:59:fb',37,28,28,5,NULL,NULL,'2010-06-15','2012-08-27',NULL,NULL,'666.00',0,0,1,0,1,1,NULL,NULL,NULL,NULL,NULL,'--- !ruby/hash:ActiveSupport::HashWithIndifferentAccess\nanschaffungskategorie: AV-Technik\nreference: invoice\numzug: zgeln\nankunftszustand: intakt\n','2012-08-27 15:10:46','2012-08-27 15:10:46'),(29,'nkki42wdotuu39gwtupf411','0e:af:68:c0:6b:99-bc:f4:83:9f:41:a3-08:09:ad:e2:00:a1',37,29,29,3,NULL,NULL,'2010-04-04','2012-08-27',NULL,NULL,'1351.00',0,0,1,0,1,1,NULL,NULL,NULL,NULL,NULL,'--- !ruby/hash:ActiveSupport::HashWithIndifferentAccess\nanschaffungskategorie: AV-Technik\nreference: invoice\numzug: zgeln\nankunftszustand: intakt\n','2012-08-27 15:10:46','2012-08-27 15:10:46'),(30,'hqttxiob1njptl1m8qe8412','fa:21:4c:0a:29:d8-cf:7a:93:00:39:72-66:81:33:65:c1:b4',37,30,30,11,NULL,NULL,'2007-10-15','2012-08-27',NULL,NULL,'1110.00',0,0,1,0,1,1,NULL,NULL,NULL,NULL,NULL,'--- !ruby/hash:ActiveSupport::HashWithIndifferentAccess\nanschaffungskategorie: AV-Technik\nreference: invoice\numzug: zgeln\nankunftszustand: intakt\n','2012-08-27 15:10:46','2012-08-27 15:10:46'),(31,'krhr0ijq4oovs1m0hr8x413','e3:c6:29:41:98:d0-59:29:1c:a3:57:16-f7:4d:60:78:f4:4e',41,31,31,6,NULL,NULL,'2010-11-29','2012-08-27',NULL,NULL,'1291.00',0,0,1,0,1,1,NULL,NULL,NULL,NULL,NULL,'--- !ruby/hash:ActiveSupport::HashWithIndifferentAccess\nanschaffungskategorie: AV-Technik\nreference: invoice\numzug: zgeln\nankunftszustand: intakt\n','2012-08-27 15:10:46','2012-08-27 15:10:46'),(32,'mj9o56mxiofgovqd4tlk414','7b:df:cf:48:bf:1f-eb:f7:91:53:a6:c4-b3:5d:33:77:63:a4',41,32,32,1,NULL,NULL,'2009-06-12','2012-08-27',NULL,NULL,'704.00',0,0,1,0,1,1,NULL,NULL,NULL,NULL,NULL,'--- !ruby/hash:ActiveSupport::HashWithIndifferentAccess\nanschaffungskategorie: AV-Technik\nreference: invoice\numzug: zgeln\nankunftszustand: intakt\n','2012-08-27 15:10:46','2012-08-27 15:10:46'),(33,'wkv51toh2n0kguzl8lmx415','9f:87:d6:60:da:22-e9:65:88:f8:ea:6b-ac:bd:f5:09:4e:ec',41,33,33,8,NULL,NULL,'2009-10-06','2012-08-27',NULL,NULL,'1311.00',0,0,1,0,1,1,NULL,NULL,NULL,NULL,NULL,'--- !ruby/hash:ActiveSupport::HashWithIndifferentAccess\nanschaffungskategorie: AV-Technik\nreference: invoice\numzug: zgeln\nankunftszustand: intakt\n','2012-08-27 15:10:46','2012-08-27 15:10:46'),(34,'2l5bcsdgtvgxzlqh1qnx416','d1:aa:5d:b7:05:4d-bd:b8:a6:a4:2f:48-f1:36:d4:78:c2:23',45,34,34,11,NULL,NULL,'2009-03-17','2012-08-27',NULL,NULL,'459.00',0,0,1,0,1,1,NULL,NULL,NULL,NULL,NULL,'--- !ruby/hash:ActiveSupport::HashWithIndifferentAccess\nanschaffungskategorie: AV-Technik\nreference: invoice\numzug: zgeln\nankunftszustand: intakt\n','2012-08-27 15:10:46','2012-08-27 15:10:46'),(35,'de0345ymzix3pdf9k5yt417','eb:97:3f:b2:7f:41-7e:fa:e2:f3:a3:ab-60:54:2b:1f:b7:92',45,35,35,3,NULL,NULL,'2011-09-04','2012-08-27',NULL,NULL,'1284.00',0,0,1,0,1,1,NULL,NULL,NULL,NULL,NULL,'--- !ruby/hash:ActiveSupport::HashWithIndifferentAccess\nanschaffungskategorie: AV-Technik\nreference: invoice\numzug: zgeln\nankunftszustand: intakt\n','2012-08-27 15:10:46','2012-08-27 15:10:46'),(36,'nnwg7nqo3mdp8l6jp496418','ba:2f:2d:9a:d0:7d-42:fc:55:89:bd:30-7a:d6:d0:dd:31:1e',45,36,36,6,NULL,NULL,'2010-04-01','2012-08-27',NULL,NULL,'469.00',0,0,1,0,1,1,NULL,NULL,NULL,NULL,NULL,'--- !ruby/hash:ActiveSupport::HashWithIndifferentAccess\nanschaffungskategorie: AV-Technik\nreference: invoice\numzug: zgeln\nankunftszustand: intakt\n','2012-08-27 15:10:46','2012-08-27 15:10:46'),(37,'54eqyftsit2oeioiqslo419','b5:5f:7f:7a:3c:34-81:c6:41:11:fb:0e-24:d6:88:d8:14:4a',49,37,37,3,NULL,NULL,'2011-07-30','2012-08-27',NULL,NULL,'673.00',0,0,1,0,1,1,NULL,NULL,NULL,NULL,NULL,'--- !ruby/hash:ActiveSupport::HashWithIndifferentAccess\nanschaffungskategorie: AV-Technik\nreference: invoice\numzug: zgeln\nankunftszustand: intakt\n','2012-08-27 15:10:46','2012-08-27 15:10:46'),(38,'qf7tuyq48prsj7mhbn38420','f9:4a:ec:42:60:74-81:5e:22:47:41:6c-84:6c:57:b7:34:60',49,38,38,9,NULL,NULL,'2010-03-03','2012-08-27',NULL,NULL,'1391.00',0,0,1,0,1,1,NULL,NULL,NULL,NULL,NULL,'--- !ruby/hash:ActiveSupport::HashWithIndifferentAccess\nanschaffungskategorie: AV-Technik\nreference: invoice\numzug: zgeln\nankunftszustand: intakt\n','2012-08-27 15:10:46','2012-08-27 15:10:46'),(39,'vlv0hioonug90e0t5gy3421','33:51:83:14:31:f3-fa:34:31:06:73:4c-c6:14:df:53:74:4f',49,39,39,9,NULL,NULL,'2007-05-23','2012-08-27',NULL,NULL,'602.00',0,0,1,0,1,1,NULL,NULL,NULL,NULL,NULL,'--- !ruby/hash:ActiveSupport::HashWithIndifferentAccess\nanschaffungskategorie: AV-Technik\nreference: invoice\numzug: zgeln\nankunftszustand: intakt\n','2012-08-27 15:10:46','2012-08-27 15:10:46'),(40,'book1','book1',53,40,40,2,NULL,NULL,'2009-10-04','2012-08-27',NULL,NULL,'253.00',0,0,1,0,2,1,NULL,NULL,NULL,NULL,NULL,'--- !ruby/hash:ActiveSupport::HashWithIndifferentAccess\nanschaffungskategorie: AV-Technik\nreference: invoice\numzug: zgeln\nankunftszustand: intakt\n','2012-08-27 15:10:46','2012-08-27 15:10:46'),(41,'book2','book2',53,40,41,2,NULL,NULL,'2011-05-10','2012-08-27',NULL,NULL,'1454.00',0,0,1,0,2,1,NULL,NULL,NULL,NULL,NULL,'--- !ruby/hash:ActiveSupport::HashWithIndifferentAccess\nanschaffungskategorie: AV-Technik\nreference: invoice\numzug: zgeln\nankunftszustand: intakt\n','2012-08-27 15:10:46','2012-08-27 15:10:46'),(42,'beam123','xyz456',54,41,42,1,NULL,NULL,'2011-01-29','2012-08-27',NULL,NULL,'1415.00',0,0,1,0,1,1,NULL,NULL,NULL,'name123',NULL,'--- !ruby/hash:ActiveSupport::HashWithIndifferentAccess\nanschaffungskategorie: AV-Technik\nreference: invoice\numzug: zgeln\nankunftszustand: intakt\n','2012-08-27 15:10:46','2012-08-27 15:10:46'),(43,'beam345','xyz890',54,41,43,1,NULL,NULL,'2011-03-26','2012-08-27',NULL,NULL,'629.00',0,0,1,0,1,1,NULL,NULL,NULL,NULL,NULL,'--- !ruby/hash:ActiveSupport::HashWithIndifferentAccess\nanschaffungskategorie: AV-Technik\nreference: invoice\numzug: zgeln\nankunftszustand: intakt\n','2012-08-27 15:10:46','2012-08-27 15:10:46'),(44,'beam678','xyz678',55,41,44,1,NULL,NULL,'2010-06-16','2012-08-27',NULL,NULL,'1381.00',0,0,1,0,1,1,NULL,NULL,NULL,NULL,NULL,'--- !ruby/hash:ActiveSupport::HashWithIndifferentAccess\nanschaffungskategorie: AV-Technik\nreference: invoice\numzug: zgeln\nankunftszustand: intakt\n','2012-08-27 15:10:46','2012-08-27 15:10:46'),(45,'beam749','xyz749',54,41,45,1,NULL,NULL,'2007-11-22','2012-08-27',NULL,NULL,'1159.00',0,0,1,0,2,1,NULL,NULL,NULL,NULL,NULL,'--- !ruby/hash:ActiveSupport::HashWithIndifferentAccess\nanschaffungskategorie: AV-Technik\nreference: invoice\numzug: zgeln\nankunftszustand: intakt\n','2012-08-27 15:10:46','2012-08-27 15:10:46'),(46,'beamTest123','xyz749',57,41,46,1,NULL,NULL,'2011-01-18','2012-08-27',NULL,NULL,'899.00',0,0,1,0,1,1,NULL,NULL,NULL,NULL,NULL,'--- !ruby/hash:ActiveSupport::HashWithIndifferentAccess\nanschaffungskategorie: AV-Technik\nreference: invoice\numzug: zgeln\nankunftszustand: intakt\n','2012-08-27 15:10:46','2012-08-27 15:10:46'),(47,'ucbeam1','minbeam1',58,41,47,1,NULL,NULL,'2010-07-31','2012-08-27',NULL,NULL,'920.00',0,0,1,0,1,1,NULL,NULL,NULL,'ucbeam1',NULL,'--- !ruby/hash:ActiveSupport::HashWithIndifferentAccess\nanschaffungskategorie: AV-Technik\nreference: invoice\numzug: zgeln\nankunftszustand: intakt\n','2012-08-27 15:10:46','2012-08-27 15:10:46'),(48,'microbeam1','microbeam1',59,41,48,1,NULL,NULL,'2007-04-23','2012-08-27',NULL,NULL,'663.00',0,0,1,0,1,1,NULL,NULL,NULL,'microbeam1',NULL,'--- !ruby/hash:ActiveSupport::HashWithIndifferentAccess\nanschaffungskategorie: AV-Technik\nreference: invoice\numzug: zgeln\nankunftszustand: intakt\n','2012-08-27 15:10:46','2012-08-27 15:10:46'),(49,'mbeam1','mbeam1',60,41,49,1,NULL,NULL,'2010-02-23','2012-08-27',NULL,NULL,'1363.00',0,0,1,0,1,1,NULL,NULL,NULL,'mbeam1',NULL,'--- !ruby/hash:ActiveSupport::HashWithIndifferentAccess\nanschaffungskategorie: AV-Technik\nreference: invoice\numzug: zgeln\nankunftszustand: intakt\n','2012-08-27 15:10:46','2012-08-27 15:10:46'),(50,'mbeam2','mbeam2',61,41,50,1,NULL,NULL,'2010-07-16','2012-08-27',NULL,NULL,'769.00',0,0,1,0,1,1,NULL,NULL,NULL,'mbeam2',NULL,'--- !ruby/hash:ActiveSupport::HashWithIndifferentAccess\nanschaffungskategorie: AV-Technik\nreference: invoice\numzug: zgeln\nankunftszustand: intakt\n','2012-08-27 15:10:46','2012-08-27 15:10:46'),(51,'mbeam3','mbeam3',62,41,51,1,NULL,NULL,'2011-01-15','2012-08-27',NULL,NULL,'1286.00',0,0,1,0,1,1,NULL,NULL,NULL,'mbeam3',NULL,'--- !ruby/hash:ActiveSupport::HashWithIndifferentAccess\nanschaffungskategorie: AV-Technik\nreference: invoice\numzug: zgeln\nankunftszustand: intakt\n','2012-08-27 15:10:46','2012-08-27 15:10:46'),(52,'mbeam4','mbeam4',63,41,52,1,NULL,NULL,'2009-07-03','2012-08-27',NULL,NULL,'688.00',0,0,1,0,1,1,NULL,NULL,NULL,'mbeam4',NULL,'--- !ruby/hash:ActiveSupport::HashWithIndifferentAccess\nanschaffungskategorie: AV-Technik\nreference: invoice\numzug: zgeln\nankunftszustand: intakt\n','2012-08-27 15:10:46','2012-08-27 15:10:46'),(53,'mbeam5','mbeam5',64,41,53,1,NULL,NULL,'2007-03-03','2012-08-27',NULL,NULL,'714.00',0,0,1,0,1,1,NULL,NULL,NULL,'mbeam5',NULL,'--- !ruby/hash:ActiveSupport::HashWithIndifferentAccess\nanschaffungskategorie: AV-Technik\nreference: invoice\numzug: zgeln\nankunftszustand: intakt\n','2012-08-27 15:10:46','2012-08-27 15:10:46'),(54,'mbeam6','mbeam6',65,41,54,1,NULL,NULL,'2007-03-25','2012-08-27',NULL,NULL,'198.00',0,0,1,0,1,1,NULL,NULL,NULL,'mbeam6',NULL,'--- !ruby/hash:ActiveSupport::HashWithIndifferentAccess\nanschaffungskategorie: AV-Technik\nreference: invoice\numzug: zgeln\nankunftszustand: intakt\n','2012-08-27 15:10:46','2012-08-27 15:10:46'),(55,'mbeam7','mbeam7',66,41,55,1,NULL,NULL,'2009-10-29','2012-08-27',NULL,NULL,'996.00',0,0,1,0,1,1,NULL,NULL,NULL,'mbeam7',NULL,'--- !ruby/hash:ActiveSupport::HashWithIndifferentAccess\nanschaffungskategorie: AV-Technik\nreference: invoice\numzug: zgeln\nankunftszustand: intakt\n','2012-08-27 15:10:46','2012-08-27 15:10:46'),(56,'mbeam8','mbeam8',67,41,56,1,NULL,NULL,'2007-05-13','2012-08-27',NULL,NULL,'415.00',0,0,1,0,1,1,NULL,NULL,NULL,'mbeam8',NULL,'--- !ruby/hash:ActiveSupport::HashWithIndifferentAccess\nanschaffungskategorie: AV-Technik\nreference: invoice\numzug: zgeln\nankunftszustand: intakt\n','2012-08-27 15:10:46','2012-08-27 15:10:46'),(57,'mbeam9','mbeam9',68,41,57,1,NULL,NULL,'2009-11-23','2012-08-27',NULL,NULL,'667.00',0,0,1,0,1,1,NULL,NULL,NULL,'mbeam9',NULL,'--- !ruby/hash:ActiveSupport::HashWithIndifferentAccess\nanschaffungskategorie: AV-Technik\nreference: invoice\numzug: zgeln\nankunftszustand: intakt\n','2012-08-27 15:10:46','2012-08-27 15:10:46'),(58,'mbeam10','mbeam10',69,41,58,1,NULL,NULL,'2007-10-14','2012-08-27',NULL,NULL,'1116.00',0,0,1,0,1,1,NULL,NULL,NULL,'mbeam10',NULL,'--- !ruby/hash:ActiveSupport::HashWithIndifferentAccess\nanschaffungskategorie: AV-Technik\nreference: invoice\numzug: zgeln\nankunftszustand: intakt\n','2012-08-27 15:10:46','2012-08-27 15:10:46'),(59,'mbeam11','mbeam11',70,41,59,1,NULL,NULL,'2011-02-27','2012-08-27',NULL,NULL,'869.00',0,0,1,0,1,1,NULL,NULL,NULL,'mbeam11',NULL,'--- !ruby/hash:ActiveSupport::HashWithIndifferentAccess\nanschaffungskategorie: AV-Technik\nreference: invoice\numzug: zgeln\nankunftszustand: intakt\n','2012-08-27 15:10:46','2012-08-27 15:10:46'),(60,'mbeam12','mbeam12',71,41,60,1,NULL,NULL,'2010-06-03','2012-08-27',NULL,NULL,'690.00',0,0,1,0,1,1,NULL,NULL,NULL,'mbeam12',NULL,'--- !ruby/hash:ActiveSupport::HashWithIndifferentAccess\nanschaffungskategorie: AV-Technik\nreference: invoice\numzug: zgeln\nankunftszustand: intakt\n','2012-08-27 15:10:46','2012-08-27 15:10:46'),(61,'mbeam13','mbeam13',72,41,61,1,NULL,NULL,'2011-05-14','2012-08-27',NULL,NULL,'1313.00',0,0,1,0,1,1,NULL,NULL,NULL,'mbeam13',NULL,'--- !ruby/hash:ActiveSupport::HashWithIndifferentAccess\nanschaffungskategorie: AV-Technik\nreference: invoice\numzug: zgeln\nankunftszustand: intakt\n','2012-08-27 15:10:46','2012-08-27 15:10:46'),(62,'mbeam14','mbeam14',73,41,62,1,NULL,NULL,'2010-05-31','2012-08-27',NULL,NULL,'1096.00',0,0,1,0,1,1,NULL,NULL,NULL,'mbeam14',NULL,'--- !ruby/hash:ActiveSupport::HashWithIndifferentAccess\nanschaffungskategorie: AV-Technik\nreference: invoice\numzug: zgeln\nankunftszustand: intakt\n','2012-08-27 15:10:46','2012-08-27 15:10:46'),(63,'mbeam15','mbeam15',74,41,63,1,NULL,NULL,'2011-02-18','2012-08-27',NULL,NULL,'1186.00',0,0,1,0,1,1,NULL,NULL,NULL,'mbeam15',NULL,'--- !ruby/hash:ActiveSupport::HashWithIndifferentAccess\nanschaffungskategorie: AV-Technik\nreference: invoice\numzug: zgeln\nankunftszustand: intakt\n','2012-08-27 15:10:46','2012-08-27 15:10:46'),(64,'mbeam16','mbeam16',75,41,64,1,NULL,NULL,'2009-02-10','2012-08-27',NULL,NULL,'381.00',0,0,1,0,1,1,NULL,NULL,NULL,'mbeam16',NULL,'--- !ruby/hash:ActiveSupport::HashWithIndifferentAccess\nanschaffungskategorie: AV-Technik\nreference: invoice\numzug: zgeln\nankunftszustand: intakt\n','2012-08-27 15:10:46','2012-08-27 15:10:46'),(65,'mbeam17','mbeam17',76,41,65,1,NULL,NULL,'2007-09-14','2012-08-27',NULL,NULL,'1176.00',0,0,1,0,1,1,NULL,NULL,NULL,'mbeam17',NULL,'--- !ruby/hash:ActiveSupport::HashWithIndifferentAccess\nanschaffungskategorie: AV-Technik\nreference: invoice\numzug: zgeln\nankunftszustand: intakt\n','2012-08-27 15:10:46','2012-08-27 15:10:46'),(66,'mbeam18','mbeam18',77,41,66,1,NULL,NULL,'2007-09-26','2012-08-27',NULL,NULL,'505.00',0,0,1,0,1,1,NULL,NULL,NULL,'mbeam18',NULL,'--- !ruby/hash:ActiveSupport::HashWithIndifferentAccess\nanschaffungskategorie: AV-Technik\nreference: invoice\numzug: zgeln\nankunftszustand: intakt\n','2012-08-27 15:10:46','2012-08-27 15:10:46'),(67,'mbeam19','mbeam19',78,41,67,1,NULL,NULL,'2009-02-13','2012-08-27',NULL,NULL,'573.00',0,0,1,0,1,1,NULL,NULL,NULL,'mbeam19',NULL,'--- !ruby/hash:ActiveSupport::HashWithIndifferentAccess\nanschaffungskategorie: AV-Technik\nreference: invoice\numzug: zgeln\nankunftszustand: intakt\n','2012-08-27 15:10:46','2012-08-27 15:10:46'),(68,'mbeam20','mbeam20',79,41,68,1,NULL,NULL,'2009-10-15','2012-08-27',NULL,NULL,'686.00',0,0,1,0,1,1,NULL,NULL,NULL,'mbeam20',NULL,'--- !ruby/hash:ActiveSupport::HashWithIndifferentAccess\nanschaffungskategorie: AV-Technik\nreference: invoice\numzug: zgeln\nankunftszustand: intakt\n','2012-08-27 15:10:46','2012-08-27 15:10:46'),(69,'cam123','abc234',80,41,69,1,NULL,NULL,'2009-04-18','2012-08-27',NULL,NULL,'1017.00',0,0,1,0,1,1,NULL,NULL,NULL,NULL,NULL,'--- !ruby/hash:ActiveSupport::HashWithIndifferentAccess\nanschaffungskategorie: AV-Technik\nreference: invoice\numzug: zgeln\nankunftszustand: intakt\n','2012-08-27 15:10:46','2012-08-27 15:10:46'),(70,'cam345','ab567',80,41,70,1,NULL,NULL,'2010-06-24','2012-08-27',NULL,NULL,'1135.00',0,0,1,0,1,1,NULL,NULL,NULL,NULL,NULL,'--- !ruby/hash:ActiveSupport::HashWithIndifferentAccess\nanschaffungskategorie: AV-Technik\nreference: invoice\numzug: zgeln\nankunftszustand: intakt\n','2012-08-27 15:10:46','2012-08-27 15:10:46'),(71,'cam567','ab789',80,41,71,1,NULL,NULL,'2008-07-21','2012-08-27',NULL,NULL,'4.00',0,0,1,0,1,1,NULL,NULL,NULL,NULL,NULL,'--- !ruby/hash:ActiveSupport::HashWithIndifferentAccess\nanschaffungskategorie: AV-Technik\nreference: invoice\numzug: zgeln\nankunftszustand: intakt\n','2012-08-27 15:10:46','2012-08-27 15:10:46'),(72,'cam53267','ab782129',80,41,72,1,NULL,NULL,'2011-03-19','2012-08-27',NULL,NULL,'1016.00',0,0,1,0,1,1,NULL,NULL,NULL,NULL,NULL,'--- !ruby/hash:ActiveSupport::HashWithIndifferentAccess\nanschaffungskategorie: AV-Technik\nreference: invoice\numzug: zgeln\nankunftszustand: intakt\n','2012-08-27 15:10:46','2012-08-27 15:10:46'),(73,'cam532asd67','ab78as2129',80,41,73,1,NULL,NULL,'2010-04-23','2012-08-27',NULL,NULL,'1487.00',0,0,1,0,1,1,NULL,NULL,NULL,NULL,NULL,'--- !ruby/hash:ActiveSupport::HashWithIndifferentAccess\nanschaffungskategorie: AV-Technik\nreference: invoice\numzug: zgeln\nankunftszustand: intakt\n','2012-08-27 15:10:46','2012-08-27 15:10:46'),(74,'mcam1','mcam1',81,41,74,1,NULL,NULL,'2010-05-11','2012-08-27',NULL,NULL,'1054.00',0,0,1,0,1,1,NULL,NULL,NULL,'mcam1',NULL,'--- !ruby/hash:ActiveSupport::HashWithIndifferentAccess\nanschaffungskategorie: AV-Technik\nreference: invoice\numzug: zgeln\nankunftszustand: intakt\n','2012-08-27 15:10:46','2012-08-27 15:10:46'),(75,'mcam2','mcam2',82,41,75,1,NULL,NULL,'2011-03-10','2012-08-27',NULL,NULL,'99.00',0,0,1,0,1,1,NULL,NULL,NULL,'mcam2',NULL,'--- !ruby/hash:ActiveSupport::HashWithIndifferentAccess\nanschaffungskategorie: AV-Technik\nreference: invoice\numzug: zgeln\nankunftszustand: intakt\n','2012-08-27 15:10:46','2012-08-27 15:10:46'),(76,'mcam3','mcam3',83,41,76,1,NULL,NULL,'2010-05-27','2012-08-27',NULL,NULL,'643.00',0,0,1,0,1,1,NULL,NULL,NULL,'mcam3',NULL,'--- !ruby/hash:ActiveSupport::HashWithIndifferentAccess\nanschaffungskategorie: AV-Technik\nreference: invoice\numzug: zgeln\nankunftszustand: intakt\n','2012-08-27 15:10:46','2012-08-27 15:10:46'),(77,'mcam4','mcam4',84,41,77,1,NULL,NULL,'2011-07-16','2012-08-27',NULL,NULL,'1015.00',0,0,1,0,1,1,NULL,NULL,NULL,'mcam4',NULL,'--- !ruby/hash:ActiveSupport::HashWithIndifferentAccess\nanschaffungskategorie: AV-Technik\nreference: invoice\numzug: zgeln\nankunftszustand: intakt\n','2012-08-27 15:10:46','2012-08-27 15:10:46'),(78,'mcam5','mcam5',85,41,78,1,NULL,NULL,'2009-06-08','2012-08-27',NULL,NULL,'846.00',0,0,1,0,1,1,NULL,NULL,NULL,'mcam5',NULL,'--- !ruby/hash:ActiveSupport::HashWithIndifferentAccess\nanschaffungskategorie: AV-Technik\nreference: invoice\numzug: zgeln\nankunftszustand: intakt\n','2012-08-27 15:10:46','2012-08-27 15:10:46'),(79,'mcam6','mcam6',86,41,79,1,NULL,NULL,'2007-07-19','2012-08-27',NULL,NULL,'848.00',0,0,1,0,1,1,NULL,NULL,NULL,'mcam6',NULL,'--- !ruby/hash:ActiveSupport::HashWithIndifferentAccess\nanschaffungskategorie: AV-Technik\nreference: invoice\numzug: zgeln\nankunftszustand: intakt\n','2012-08-27 15:10:46','2012-08-27 15:10:46'),(80,'mcam7','mcam7',87,41,80,1,NULL,NULL,'2010-07-31','2012-08-27',NULL,NULL,'94.00',0,0,1,0,1,1,NULL,NULL,NULL,'mcam7',NULL,'--- !ruby/hash:ActiveSupport::HashWithIndifferentAccess\nanschaffungskategorie: AV-Technik\nreference: invoice\numzug: zgeln\nankunftszustand: intakt\n','2012-08-27 15:10:46','2012-08-27 15:10:46'),(81,'mcam8','mcam8',88,41,81,1,NULL,NULL,'2008-08-09','2012-08-27',NULL,NULL,'1227.00',0,0,1,0,1,1,NULL,NULL,NULL,'mcam8',NULL,'--- !ruby/hash:ActiveSupport::HashWithIndifferentAccess\nanschaffungskategorie: AV-Technik\nreference: invoice\numzug: zgeln\nankunftszustand: intakt\n','2012-08-27 15:10:46','2012-08-27 15:10:46'),(82,'mcam9','mcam9',89,41,82,1,NULL,NULL,'2007-11-27','2012-08-27',NULL,NULL,'281.00',0,0,1,0,1,1,NULL,NULL,NULL,'mcam9',NULL,'--- !ruby/hash:ActiveSupport::HashWithIndifferentAccess\nanschaffungskategorie: AV-Technik\nreference: invoice\numzug: zgeln\nankunftszustand: intakt\n','2012-08-27 15:10:46','2012-08-27 15:10:46'),(83,'mcam10','mcam10',90,41,83,1,NULL,NULL,'2008-03-07','2012-08-27',NULL,NULL,'744.00',0,0,1,0,1,1,NULL,NULL,NULL,'mcam10',NULL,'--- !ruby/hash:ActiveSupport::HashWithIndifferentAccess\nanschaffungskategorie: AV-Technik\nreference: invoice\numzug: zgeln\nankunftszustand: intakt\n','2012-08-27 15:10:46','2012-08-27 15:10:46'),(84,'mcam11','mcam11',91,41,84,1,NULL,NULL,'2007-04-13','2012-08-27',NULL,NULL,'763.00',0,0,1,0,1,1,NULL,NULL,NULL,'mcam11',NULL,'--- !ruby/hash:ActiveSupport::HashWithIndifferentAccess\nanschaffungskategorie: AV-Technik\nreference: invoice\numzug: zgeln\nankunftszustand: intakt\n','2012-08-27 15:10:46','2012-08-27 15:10:46'),(85,'mcam12','mcam12',92,41,85,1,NULL,NULL,'2011-10-17','2012-08-27',NULL,NULL,'1471.00',0,0,1,0,1,1,NULL,NULL,NULL,'mcam12',NULL,'--- !ruby/hash:ActiveSupport::HashWithIndifferentAccess\nanschaffungskategorie: AV-Technik\nreference: invoice\numzug: zgeln\nankunftszustand: intakt\n','2012-08-27 15:10:46','2012-08-27 15:10:46'),(86,'mcam13','mcam13',93,41,86,1,NULL,NULL,'2007-09-29','2012-08-27',NULL,NULL,'976.00',0,0,1,0,1,1,NULL,NULL,NULL,'mcam13',NULL,'--- !ruby/hash:ActiveSupport::HashWithIndifferentAccess\nanschaffungskategorie: AV-Technik\nreference: invoice\numzug: zgeln\nankunftszustand: intakt\n','2012-08-27 15:10:46','2012-08-27 15:10:46'),(87,'mcam14','mcam14',94,41,87,1,NULL,NULL,'2007-12-22','2012-08-27',NULL,NULL,'896.00',0,0,1,0,1,1,NULL,NULL,NULL,'mcam14',NULL,'--- !ruby/hash:ActiveSupport::HashWithIndifferentAccess\nanschaffungskategorie: AV-Technik\nreference: invoice\numzug: zgeln\nankunftszustand: intakt\n','2012-08-27 15:10:46','2012-08-27 15:10:46'),(88,'mcam15','mcam15',95,41,88,1,NULL,NULL,'2007-06-24','2012-08-27',NULL,NULL,'1471.00',0,0,1,0,1,1,NULL,NULL,NULL,'mcam15',NULL,'--- !ruby/hash:ActiveSupport::HashWithIndifferentAccess\nanschaffungskategorie: AV-Technik\nreference: invoice\numzug: zgeln\nankunftszustand: intakt\n','2012-08-27 15:10:46','2012-08-27 15:10:46'),(89,'mcam16','mcam16',96,41,89,1,NULL,NULL,'2009-11-14','2012-08-27',NULL,NULL,'370.00',0,0,1,0,1,1,NULL,NULL,NULL,'mcam16',NULL,'--- !ruby/hash:ActiveSupport::HashWithIndifferentAccess\nanschaffungskategorie: AV-Technik\nreference: invoice\numzug: zgeln\nankunftszustand: intakt\n','2012-08-27 15:10:46','2012-08-27 15:10:46'),(90,'mcam17','mcam17',97,41,90,1,NULL,NULL,'2009-10-19','2012-08-27',NULL,NULL,'1453.00',0,0,1,0,1,1,NULL,NULL,NULL,'mcam17',NULL,'--- !ruby/hash:ActiveSupport::HashWithIndifferentAccess\nanschaffungskategorie: AV-Technik\nreference: invoice\numzug: zgeln\nankunftszustand: intakt\n','2012-08-27 15:10:46','2012-08-27 15:10:46'),(91,'mcam18','mcam18',98,41,91,1,NULL,NULL,'2009-12-05','2012-08-27',NULL,NULL,'1118.00',0,0,1,0,1,1,NULL,NULL,NULL,'mcam18',NULL,'--- !ruby/hash:ActiveSupport::HashWithIndifferentAccess\nanschaffungskategorie: AV-Technik\nreference: invoice\numzug: zgeln\nankunftszustand: intakt\n','2012-08-27 15:10:46','2012-08-27 15:10:46'),(92,'mcam19','mcam19',99,41,92,1,NULL,NULL,'2009-02-23','2012-08-27',NULL,NULL,'1190.00',0,0,1,0,1,1,NULL,NULL,NULL,'mcam19',NULL,'--- !ruby/hash:ActiveSupport::HashWithIndifferentAccess\nanschaffungskategorie: AV-Technik\nreference: invoice\numzug: zgeln\nankunftszustand: intakt\n','2012-08-27 15:10:46','2012-08-27 15:10:46'),(93,'mcam20','mcam20',100,41,93,1,NULL,NULL,'2011-06-26','2012-08-27',NULL,NULL,'518.00',0,0,1,0,1,1,NULL,NULL,NULL,'mcam20',NULL,'--- !ruby/hash:ActiveSupport::HashWithIndifferentAccess\nanschaffungskategorie: AV-Technik\nreference: invoice\numzug: zgeln\nankunftszustand: intakt\n','2012-08-27 15:10:46','2012-08-27 15:10:46'),(94,'mcam21','mcam21',101,41,94,1,NULL,NULL,'2008-06-29','2012-08-27',NULL,NULL,'730.00',0,0,1,0,1,1,NULL,NULL,NULL,'mcam21',NULL,'--- !ruby/hash:ActiveSupport::HashWithIndifferentAccess\nanschaffungskategorie: AV-Technik\nreference: invoice\numzug: zgeln\nankunftszustand: intakt\n','2012-08-27 15:10:46','2012-08-27 15:10:46'),(95,'mcam22','mcam22',102,41,95,1,NULL,NULL,'2011-12-06','2012-08-27',NULL,NULL,'544.00',0,0,1,0,1,1,NULL,NULL,NULL,'mcam22',NULL,'--- !ruby/hash:ActiveSupport::HashWithIndifferentAccess\nanschaffungskategorie: AV-Technik\nreference: invoice\numzug: zgeln\nankunftszustand: intakt\n','2012-08-27 15:10:46','2012-08-27 15:10:46'),(96,'mcam23','mcam23',103,41,96,1,NULL,NULL,'2007-12-18','2012-08-27',NULL,NULL,'1208.00',0,0,1,0,1,1,NULL,NULL,NULL,'mcam23',NULL,'--- !ruby/hash:ActiveSupport::HashWithIndifferentAccess\nanschaffungskategorie: AV-Technik\nreference: invoice\numzug: zgeln\nankunftszustand: intakt\n','2012-08-27 15:10:46','2012-08-27 15:10:46'),(97,'mcam24','mcam24',104,41,97,1,NULL,NULL,'2009-04-27','2012-08-27',NULL,NULL,'630.00',0,0,1,0,1,1,NULL,NULL,NULL,'mcam24',NULL,'--- !ruby/hash:ActiveSupport::HashWithIndifferentAccess\nanschaffungskategorie: AV-Technik\nreference: invoice\numzug: zgeln\nankunftszustand: intakt\n','2012-08-27 15:10:46','2012-08-27 15:10:46'),(98,'mcam25','mcam25',105,41,98,1,NULL,NULL,'2011-05-09','2012-08-27',NULL,NULL,'892.00',0,0,1,0,1,1,NULL,NULL,NULL,'mcam25',NULL,'--- !ruby/hash:ActiveSupport::HashWithIndifferentAccess\nanschaffungskategorie: AV-Technik\nreference: invoice\numzug: zgeln\nankunftszustand: intakt\n','2012-08-27 15:10:46','2012-08-27 15:10:46'),(99,'mcam26','mcam26',106,41,99,1,NULL,NULL,'2008-02-27','2012-08-27',NULL,NULL,'636.00',0,0,1,0,1,1,NULL,NULL,NULL,'mcam26',NULL,'--- !ruby/hash:ActiveSupport::HashWithIndifferentAccess\nanschaffungskategorie: AV-Technik\nreference: invoice\numzug: zgeln\nankunftszustand: intakt\n','2012-08-27 15:10:46','2012-08-27 15:10:46'),(100,'mcam27','mcam27',107,41,100,1,NULL,NULL,'2009-03-04','2012-08-27',NULL,NULL,'922.00',0,0,1,0,1,1,NULL,NULL,NULL,'mcam27',NULL,'--- !ruby/hash:ActiveSupport::HashWithIndifferentAccess\nanschaffungskategorie: AV-Technik\nreference: invoice\numzug: zgeln\nankunftszustand: intakt\n','2012-08-27 15:10:46','2012-08-27 15:10:46'),(101,'mcam28','mcam28',108,41,101,1,NULL,NULL,'2007-09-26','2012-08-27',NULL,NULL,'602.00',0,0,1,0,1,1,NULL,NULL,NULL,'mcam28',NULL,'--- !ruby/hash:ActiveSupport::HashWithIndifferentAccess\nanschaffungskategorie: AV-Technik\nreference: invoice\numzug: zgeln\nankunftszustand: intakt\n','2012-08-27 15:10:46','2012-08-27 15:10:46'),(102,'mcam29','mcam29',109,41,102,1,NULL,NULL,'2007-08-21','2012-08-27',NULL,NULL,'24.00',0,0,1,0,1,1,NULL,NULL,NULL,'mcam29',NULL,'--- !ruby/hash:ActiveSupport::HashWithIndifferentAccess\nanschaffungskategorie: AV-Technik\nreference: invoice\numzug: zgeln\nankunftszustand: intakt\n','2012-08-27 15:10:46','2012-08-27 15:10:46'),(103,'mcam30','mcam30',110,41,103,1,NULL,NULL,'2007-12-06','2012-08-27',NULL,NULL,'870.00',0,0,1,0,1,1,NULL,NULL,NULL,'mcam30',NULL,'--- !ruby/hash:ActiveSupport::HashWithIndifferentAccess\nanschaffungskategorie: AV-Technik\nreference: invoice\numzug: zgeln\nankunftszustand: intakt\n','2012-08-27 15:10:46','2012-08-27 15:10:46'),(104,'hifi123','hifi123',111,41,104,1,NULL,NULL,'2008-01-19','2012-08-27',NULL,NULL,'1416.00',0,0,1,0,1,1,NULL,NULL,NULL,NULL,NULL,'--- !ruby/hash:ActiveSupport::HashWithIndifferentAccess\nanschaffungskategorie: AV-Technik\nreference: invoice\numzug: zgeln\nankunftszustand: intakt\n','2012-08-27 15:10:46','2012-08-27 15:10:46'),(105,'tri789','fgh567',112,41,105,1,NULL,NULL,'2010-10-26','2012-08-27',NULL,NULL,'834.00',0,0,1,0,1,1,NULL,NULL,NULL,NULL,NULL,'--- !ruby/hash:ActiveSupport::HashWithIndifferentAccess\nanschaffungskategorie: AV-Technik\nreference: invoice\numzug: zgeln\nankunftszustand: intakt\n','2012-08-27 15:10:46','2012-08-27 15:10:46'),(106,'tri123','fgh987',112,41,106,1,NULL,NULL,'2010-11-06','2012-08-27',NULL,NULL,'167.00',0,0,1,0,1,1,NULL,NULL,NULL,NULL,NULL,'--- !ruby/hash:ActiveSupport::HashWithIndifferentAccess\nanschaffungskategorie: AV-Technik\nreference: invoice\numzug: zgeln\nankunftszustand: intakt\n','2012-08-27 15:10:46','2012-08-27 15:10:46'),(107,'tri923','asd213',112,41,107,1,NULL,NULL,'2007-02-09','2012-08-27',NULL,NULL,'1161.00',0,0,1,0,1,1,NULL,NULL,NULL,NULL,NULL,'--- !ruby/hash:ActiveSupport::HashWithIndifferentAccess\nanschaffungskategorie: AV-Technik\nreference: invoice\numzug: zgeln\nankunftszustand: intakt\n','2012-08-27 15:10:46','2012-08-27 15:10:46'),(108,'tri212','tri212',112,41,108,1,NULL,NULL,'2007-09-02','2012-08-27',NULL,NULL,'432.00',0,0,1,0,1,1,NULL,NULL,NULL,NULL,NULL,'--- !ruby/hash:ActiveSupport::HashWithIndifferentAccess\nanschaffungskategorie: AV-Technik\nreference: invoice\numzug: zgeln\nankunftszustand: intakt\n','2012-08-27 15:10:46','2012-08-27 15:10:46'),(109,'cwpxnx','6bmsm1',114,41,109,1,NULL,NULL,'2010-11-29','2012-08-27',NULL,NULL,'797.00',0,0,1,0,1,1,NULL,NULL,NULL,NULL,NULL,'--- !ruby/hash:ActiveSupport::HashWithIndifferentAccess\nanschaffungskategorie: AV-Technik\nreference: invoice\numzug: zgeln\nankunftszustand: intakt\n','2012-08-27 15:10:46','2012-08-27 15:10:46'),(110,'5ysb4hst1jeqtrtl5bxj422','58:a2:d9:08:e5:00-b6:45:73:d1:7a:ad-d2:cb:68:c0:8c:1e',115,42,110,1,NULL,NULL,'2010-07-24','2012-08-27',NULL,NULL,'1045.00',0,0,1,0,1,1,NULL,NULL,NULL,NULL,NULL,'--- !ruby/hash:ActiveSupport::HashWithIndifferentAccess\nanschaffungskategorie: AV-Technik\nreference: invoice\numzug: zgeln\nankunftszustand: intakt\n','2012-08-27 15:10:46','2012-08-27 15:10:46'),(111,'fwngkurnuxwqrk83y7on423','fe:95:0e:eb:ca:90-69:ce:78:ef:77:fe-b5:49:0a:fa:b7:f5',117,42,111,1,110,NULL,'2011-06-17','2012-08-27',NULL,NULL,'516.00',0,0,1,0,1,1,NULL,NULL,NULL,NULL,NULL,'--- !ruby/hash:ActiveSupport::HashWithIndifferentAccess\nanschaffungskategorie: AV-Technik\nreference: invoice\numzug: zgeln\nankunftszustand: intakt\n','2012-08-27 15:10:46','2012-08-27 15:10:46'),(112,'ml4e095x9q9sp62l60hi424','85:00:bb:1d:33:ec-a9:ce:93:56:ed:fa-13:4e:e6:b4:72:ab',118,42,112,1,110,NULL,'2009-12-08','2012-08-27',NULL,NULL,'427.00',0,0,1,0,1,1,NULL,NULL,NULL,NULL,NULL,'--- !ruby/hash:ActiveSupport::HashWithIndifferentAccess\nanschaffungskategorie: AV-Technik\nreference: invoice\numzug: zgeln\nankunftszustand: intakt\n','2012-08-27 15:10:46','2012-08-27 15:10:46'),(113,'ok0smyghimhvetaiwm7m425','5f:e3:21:14:aa:20-f9:85:f3:b7:d1:50-01:02:0e:95:99:30',119,42,113,1,110,NULL,'2007-03-20','2012-08-27',NULL,NULL,'806.00',0,0,1,0,1,1,NULL,NULL,NULL,NULL,NULL,'--- !ruby/hash:ActiveSupport::HashWithIndifferentAccess\nanschaffungskategorie: AV-Technik\nreference: invoice\numzug: zgeln\nankunftszustand: intakt\n','2012-08-27 15:10:46','2012-08-27 15:10:46'),(114,'a041bp6wxe62wpkbkwdy426','f3:2f:5b:38:bf:8b-1f:34:5f:48:11:73-77:2f:ca:48:55:87',115,46,114,1,NULL,NULL,'2011-11-02','2012-08-27',NULL,NULL,'669.00',0,0,1,0,1,1,NULL,NULL,NULL,NULL,NULL,'--- !ruby/hash:ActiveSupport::HashWithIndifferentAccess\nanschaffungskategorie: AV-Technik\nreference: invoice\numzug: zgeln\nankunftszustand: intakt\n','2012-08-27 15:10:46','2012-08-27 15:10:46'),(115,'xst0x3j2dh3na799fmjr427','1a:c6:b3:85:18:4a-69:ca:73:cc:02:2a-45:4a:2b:e9:03:75',121,46,115,1,114,NULL,'2011-11-02','2012-08-27',NULL,NULL,'625.00',0,0,1,0,1,1,NULL,NULL,NULL,NULL,NULL,'--- !ruby/hash:ActiveSupport::HashWithIndifferentAccess\nanschaffungskategorie: AV-Technik\nreference: invoice\numzug: zgeln\nankunftszustand: intakt\n','2012-08-27 15:10:46','2012-08-27 15:10:46'),(116,'52envn8e06d76k3r7fui428','64:bf:4f:3b:b2:09-27:e5:d6:7a:2b:2e-08:1f:da:de:98:3f',122,46,116,1,114,NULL,'2009-08-19','2012-08-27',NULL,NULL,'266.00',0,0,1,0,1,1,NULL,NULL,NULL,NULL,NULL,'--- !ruby/hash:ActiveSupport::HashWithIndifferentAccess\nanschaffungskategorie: AV-Technik\nreference: invoice\numzug: zgeln\nankunftszustand: intakt\n','2012-08-27 15:10:46','2012-08-27 15:10:46'),(117,'wzmnmbfcpjp4m7fwo1en429','0d:4a:da:c2:a7:ab-74:97:46:13:2e:57-72:3e:94:83:7f:69',123,46,117,1,114,NULL,'2009-03-01','2012-08-27',NULL,NULL,'670.00',0,0,1,0,1,1,NULL,NULL,NULL,NULL,NULL,'--- !ruby/hash:ActiveSupport::HashWithIndifferentAccess\nanschaffungskategorie: AV-Technik\nreference: invoice\numzug: zgeln\nankunftszustand: intakt\n','2012-08-27 15:10:46','2012-08-27 15:10:46'),(118,'6d0xvtkt9s9x67s1ev6o430','7d:36:bb:44:71:98-aa:36:09:2b:b7:af-94:f5:13:1b:0e:89',115,50,118,1,NULL,NULL,'2010-04-20','2012-08-27',NULL,NULL,'170.00',0,0,1,0,1,1,NULL,NULL,NULL,NULL,NULL,'--- !ruby/hash:ActiveSupport::HashWithIndifferentAccess\nanschaffungskategorie: AV-Technik\nreference: invoice\numzug: zgeln\nankunftszustand: intakt\n','2012-08-27 15:10:46','2012-08-27 15:10:46'),(119,'j3imq6whw55gcdbppt88431','9a:59:1c:79:e3:ac-c0:6d:d9:a5:a0:a3-75:a3:ba:67:1d:87',125,50,119,1,118,NULL,'2011-12-10','2012-08-27',NULL,NULL,'98.00',0,0,1,0,1,1,NULL,NULL,NULL,NULL,NULL,'--- !ruby/hash:ActiveSupport::HashWithIndifferentAccess\nanschaffungskategorie: AV-Technik\nreference: invoice\numzug: zgeln\nankunftszustand: intakt\n','2012-08-27 15:10:46','2012-08-27 15:10:46'),(120,'tz2rfr7kvngxnfv4x2k2432','9b:0c:8d:06:cd:41-62:af:bc:66:32:2d-ff:f2:42:50:dc:ed',126,50,120,1,118,NULL,'2008-11-14','2012-08-27',NULL,NULL,'560.00',0,0,1,0,1,1,NULL,NULL,NULL,NULL,NULL,'--- !ruby/hash:ActiveSupport::HashWithIndifferentAccess\nanschaffungskategorie: AV-Technik\nreference: invoice\numzug: zgeln\nankunftszustand: intakt\n','2012-08-27 15:10:46','2012-08-27 15:10:46'),(121,'2k9syrdze1rdn72dfhwe433','3e:0f:71:63:fc:cc-72:94:ab:e5:14:13-df:f3:84:38:0e:78',127,50,121,1,118,NULL,'2008-01-15','2012-08-27',NULL,NULL,'1322.00',0,0,1,0,1,1,NULL,NULL,NULL,NULL,NULL,'--- !ruby/hash:ActiveSupport::HashWithIndifferentAccess\nanschaffungskategorie: AV-Technik\nreference: invoice\numzug: zgeln\nankunftszustand: intakt\n','2012-08-27 15:10:46','2012-08-27 15:10:46'),(122,'85j9zgqvdejoe336sxp5434','2a:3f:65:7b:89:10-24:c8:e2:af:1e:4e-31:01:8f:85:bf:6e',128,54,122,1,NULL,NULL,'2010-08-25','2012-08-27',NULL,NULL,'236.00',0,0,1,0,1,1,NULL,NULL,NULL,NULL,NULL,'--- !ruby/hash:ActiveSupport::HashWithIndifferentAccess\nanschaffungskategorie: AV-Technik\nreference: invoice\numzug: zgeln\nankunftszustand: intakt\n','2012-08-27 15:10:46','2012-08-27 15:10:46'),(123,'8xy57mxlr55mtwjo35ci435','e9:2a:73:d3:6a:9c-f0:b6:29:e3:28:fd-fe:e5:20:8d:90:f4',130,54,123,1,122,NULL,'2011-03-07','2012-08-27',NULL,NULL,'131.00',0,0,1,0,1,1,NULL,NULL,NULL,NULL,NULL,'--- !ruby/hash:ActiveSupport::HashWithIndifferentAccess\nanschaffungskategorie: AV-Technik\nreference: invoice\numzug: zgeln\nankunftszustand: intakt\n','2012-08-27 15:10:46','2012-08-27 15:10:46'),(124,'amauga2hd43usie3c98y436','c6:70:97:31:e3:2f-ad:69:a2:a8:ac:1f-92:2e:92:cb:88:3b',131,54,124,1,122,NULL,'2007-03-06','2012-08-27',NULL,NULL,'483.00',0,0,1,0,1,1,NULL,NULL,NULL,NULL,NULL,'--- !ruby/hash:ActiveSupport::HashWithIndifferentAccess\nanschaffungskategorie: AV-Technik\nreference: invoice\numzug: zgeln\nankunftszustand: intakt\n','2012-08-27 15:10:46','2012-08-27 15:10:46'),(125,'mpal09or1b7ous2tu3y3437','25:7a:a1:9f:8f:e8-0a:d8:e1:c4:63:98-5c:8d:7d:0a:95:75',132,54,125,1,122,NULL,'2011-01-01','2012-08-27',NULL,NULL,'687.00',0,0,1,0,1,1,NULL,NULL,NULL,NULL,NULL,'--- !ruby/hash:ActiveSupport::HashWithIndifferentAccess\nanschaffungskategorie: AV-Technik\nreference: invoice\numzug: zgeln\nankunftszustand: intakt\n','2012-08-27 15:10:46','2012-08-27 15:10:46'),(126,'7srwvyhoyl4ljru3wumu438','08:be:dd:81:6e:d5-51:94:15:50:c3:f1-a9:e3:64:af:e5:bb',128,58,126,1,NULL,NULL,'2011-03-05','2012-08-27',NULL,NULL,'777.00',0,0,1,0,1,1,NULL,NULL,NULL,NULL,NULL,'--- !ruby/hash:ActiveSupport::HashWithIndifferentAccess\nanschaffungskategorie: AV-Technik\nreference: invoice\numzug: zgeln\nankunftszustand: intakt\n','2012-08-27 15:10:46','2012-08-27 15:10:46'),(127,'70n7jmacv6onxu0n90mo439','d3:74:28:b6:9b:0b-8f:e5:cb:ad:61:0b-38:cd:5f:6c:35:27',134,58,127,1,126,NULL,'2007-08-14','2012-08-27',NULL,NULL,'677.00',0,0,1,0,1,1,NULL,NULL,NULL,NULL,NULL,'--- !ruby/hash:ActiveSupport::HashWithIndifferentAccess\nanschaffungskategorie: AV-Technik\nreference: invoice\numzug: zgeln\nankunftszustand: intakt\n','2012-08-27 15:10:46','2012-08-27 15:10:46'),(128,'o3pbbvfw1ecapzqvsd8v440','c2:3c:4c:7f:da:b1-6f:22:a5:a3:7b:95-2b:b1:55:df:7a:0a',135,58,128,1,126,NULL,'2010-02-18','2012-08-27',NULL,NULL,'735.00',0,0,1,0,1,1,NULL,NULL,NULL,NULL,NULL,'--- !ruby/hash:ActiveSupport::HashWithIndifferentAccess\nanschaffungskategorie: AV-Technik\nreference: invoice\numzug: zgeln\nankunftszustand: intakt\n','2012-08-27 15:10:46','2012-08-27 15:10:46'),(129,'49ym3w97qqpzg7liimx0441','1d:4d:fb:40:7e:4b-65:44:c4:55:90:d8-6a:f9:70:21:b5:9d',136,58,129,1,126,NULL,'2011-03-08','2012-08-27',NULL,NULL,'392.00',0,0,1,0,1,1,NULL,NULL,NULL,NULL,NULL,'--- !ruby/hash:ActiveSupport::HashWithIndifferentAccess\nanschaffungskategorie: AV-Technik\nreference: invoice\numzug: zgeln\nankunftszustand: intakt\n','2012-08-27 15:10:46','2012-08-27 15:10:46'),(130,'1jcvlranc26mhkfntbsu442','b2:7d:73:6d:f7:c0-b8:ca:e5:48:dc:9b-21:a3:ac:92:51:28',128,62,130,1,NULL,NULL,'2008-10-10','2012-08-27',NULL,NULL,'1419.00',0,0,1,0,1,1,NULL,NULL,NULL,NULL,NULL,'--- !ruby/hash:ActiveSupport::HashWithIndifferentAccess\nanschaffungskategorie: AV-Technik\nreference: invoice\numzug: zgeln\nankunftszustand: intakt\n','2012-08-27 15:10:46','2012-08-27 15:10:46'),(131,'pr9fpuxm9vm6gu4hl39r443','fb:34:6c:34:ef:ed-e0:fa:27:23:0b:c8-e6:ff:1a:df:c4:f3',138,62,131,1,130,NULL,'2009-03-31','2012-08-27',NULL,NULL,'901.00',0,0,1,0,1,1,NULL,NULL,NULL,NULL,NULL,'--- !ruby/hash:ActiveSupport::HashWithIndifferentAccess\nanschaffungskategorie: AV-Technik\nreference: invoice\numzug: zgeln\nankunftszustand: intakt\n','2012-08-27 15:10:46','2012-08-27 15:10:46'),(132,'i6hc10tfy55h5al82t5g444','79:89:10:78:04:53-90:5b:30:86:f1:8e-8b:9a:74:f9:74:73',139,62,132,1,130,NULL,'2011-04-06','2012-08-27',NULL,NULL,'0.00',0,0,1,0,1,1,NULL,NULL,NULL,NULL,NULL,'--- !ruby/hash:ActiveSupport::HashWithIndifferentAccess\nanschaffungskategorie: AV-Technik\nreference: invoice\numzug: zgeln\nankunftszustand: intakt\n','2012-08-27 15:10:46','2012-08-27 15:10:46'),(133,'ppfvshuxkd8y86284zqz445','e0:df:90:03:b0:63-32:ea:8e:e3:7b:74-0f:63:ea:b2:c6:a8',140,62,133,1,130,NULL,'2007-12-21','2012-08-27',NULL,NULL,'901.00',0,0,1,0,1,1,NULL,NULL,NULL,NULL,NULL,'--- !ruby/hash:ActiveSupport::HashWithIndifferentAccess\nanschaffungskategorie: AV-Technik\nreference: invoice\numzug: zgeln\nankunftszustand: intakt\n','2012-08-27 15:10:46','2012-08-27 15:10:46'),(134,'cand5','cand5',80,41,134,1,NULL,NULL,'2007-02-06','2012-08-27',NULL,NULL,'784.00',0,0,0,0,1,1,NULL,NULL,NULL,NULL,NULL,'--- !ruby/hash:ActiveSupport::HashWithIndifferentAccess\nanschaffungskategorie: AV-Technik\nreference: invoice\numzug: zgeln\nankunftszustand: intakt\n','2012-08-27 15:10:46','2012-08-27 15:10:46'),(135,'beam21231','beamas12312',54,41,135,1,NULL,NULL,'2009-08-20','2012-08-27',NULL,NULL,'440.00',0,0,0,0,1,1,NULL,NULL,NULL,NULL,NULL,'--- !ruby/hash:ActiveSupport::HashWithIndifferentAccess\nanschaffungskategorie: AV-Technik\nreference: invoice\numzug: zgeln\nankunftszustand: intakt\n','2012-08-27 15:10:46','2012-08-27 15:10:46'),(136,'hifi345','hifi345',111,41,136,1,NULL,NULL,'2007-02-04','2012-08-27',NULL,NULL,'950.00',0,0,0,0,1,1,NULL,NULL,NULL,NULL,NULL,'--- !ruby/hash:ActiveSupport::HashWithIndifferentAccess\nanschaffungskategorie: AV-Technik\nreference: invoice\numzug: zgeln\nankunftszustand: intakt\n','2012-08-27 15:10:46','2012-08-27 15:10:46'),(137,'iMac1','iMac5',142,41,137,1,NULL,NULL,'2008-11-30','2012-08-27','2012-08-27','This Item is gone','144.00',0,0,1,0,1,1,NULL,NULL,NULL,NULL,NULL,'--- !ruby/hash:ActiveSupport::HashWithIndifferentAccess\nanschaffungskategorie: AV-Technik\nreference: invoice\numzug: zgeln\nankunftszustand: intakt\n','2012-08-27 15:10:46','2012-08-27 15:10:46'),(138,'iMac2','iMac6',142,41,138,3,NULL,NULL,'2011-01-15','2012-08-27','2012-08-27','This Item is gone','158.00',0,0,1,0,1,1,NULL,NULL,NULL,NULL,NULL,'--- !ruby/hash:ActiveSupport::HashWithIndifferentAccess\nanschaffungskategorie: AV-Technik\nreference: invoice\numzug: zgeln\nankunftszustand: intakt\n','2012-08-27 15:10:46','2012-08-27 15:10:46'),(139,'4ct1a9','rbjvah',113,41,139,1,NULL,NULL,'2011-06-06','2012-08-27','2012-08-27','This Item is gone','983.00',0,0,1,0,1,1,NULL,NULL,NULL,NULL,NULL,'--- !ruby/hash:ActiveSupport::HashWithIndifferentAccess\nanschaffungskategorie: AV-Technik\nreference: invoice\numzug: zgeln\nankunftszustand: intakt\n','2012-08-27 15:10:46','2012-08-27 15:10:46'),(140,'qn6r43','2nkl87',113,41,140,1,NULL,NULL,'2009-03-16','2012-08-27',NULL,NULL,'400.00',0,0,1,0,1,1,NULL,NULL,NULL,NULL,NULL,'--- !ruby/hash:ActiveSupport::HashWithIndifferentAccess\nanschaffungskategorie: AV-Technik\nreference: invoice\numzug: zgeln\nankunftszustand: intakt\n','2012-08-27 15:10:46','2012-08-27 15:10:46'),(141,'wlaptop1','wlaptop1',143,41,141,1,NULL,NULL,'2009-12-23','2012-08-27',NULL,NULL,'686.00',1,0,1,0,1,1,NULL,NULL,NULL,NULL,NULL,'--- !ruby/hash:ActiveSupport::HashWithIndifferentAccess\nanschaffungskategorie: AV-Technik\nreference: invoice\numzug: zgeln\nankunftszustand: intakt\n','2012-08-27 15:10:46','2012-08-27 15:10:46'),(142,'v120d02','v120d02',144,41,142,1,NULL,NULL,'2010-08-06','2012-08-27',NULL,NULL,'1168.00',0,1,1,0,1,1,NULL,NULL,NULL,NULL,NULL,'--- !ruby/hash:ActiveSupport::HashWithIndifferentAccess\nanschaffungskategorie: AV-Technik\nreference: invoice\numzug: zgeln\nankunftszustand: intakt\n','2012-08-27 15:10:46','2012-08-27 15:10:46'),(143,'v120d022g','v120d022g',145,41,143,1,NULL,NULL,'2008-07-29','2012-08-27',NULL,NULL,'114.00',0,0,1,0,1,1,NULL,NULL,NULL,NULL,NULL,'--- !ruby/hash:ActiveSupport::HashWithIndifferentAccess\nanschaffungskategorie: AV-Technik\nreference: invoice\numzug: zgeln\nankunftszustand: intakt\n','2012-08-27 15:10:46','2012-08-27 15:10:46'),(144,'v120d022g2','v120d022g2',145,41,144,1,NULL,NULL,'2011-12-23','2012-08-27',NULL,NULL,'1336.00',0,0,1,0,1,1,NULL,NULL,NULL,NULL,NULL,'--- !ruby/hash:ActiveSupport::HashWithIndifferentAccess\nanschaffungskategorie: AV-Technik\nreference: invoice\numzug: zgeln\nankunftszustand: intakt\n','2012-08-27 15:10:46','2012-08-27 15:10:46'),(145,'beam897','xyz890',54,41,145,1,NULL,NULL,'2007-10-01','2012-08-27',NULL,NULL,'769.00',0,0,1,0,2,1,NULL,NULL,NULL,NULL,NULL,'--- !ruby/hash:ActiveSupport::HashWithIndifferentAccess\nanschaffungskategorie: AV-Technik\nreference: invoice\numzug: zgeln\nankunftszustand: intakt\n','2012-08-27 15:10:46','2012-08-27 15:10:46'),(146,'minibeam12','xyz890',56,41,146,1,NULL,NULL,'2008-10-21','2012-08-27',NULL,NULL,'1291.00',0,0,1,0,2,1,NULL,NULL,NULL,NULL,NULL,'--- !ruby/hash:ActiveSupport::HashWithIndifferentAccess\nanschaffungskategorie: AV-Technik\nreference: invoice\numzug: zgeln\nankunftszustand: intakt\n','2012-08-27 15:10:46','2012-08-27 15:10:46'),(147,'minibeam34','xyz890',56,41,147,1,NULL,NULL,'2011-04-24','2012-08-27',NULL,NULL,'1022.00',0,0,1,0,3,1,NULL,NULL,NULL,NULL,NULL,'--- !ruby/hash:ActiveSupport::HashWithIndifferentAccess\nanschaffungskategorie: AV-Technik\nreference: invoice\numzug: zgeln\nankunftszustand: intakt\n','2012-08-27 15:10:46','2012-08-27 15:10:46'),(148,'y9xp95lor2frlbb68i0p446','01:9c:e5:af:12:a1-df:ab:4a:68:f0:73-90:c8:13:c4:30:a7',147,NULL,NULL,1,NULL,NULL,NULL,NULL,NULL,NULL,NULL,0,0,0,0,1,0,NULL,NULL,NULL,NULL,NULL,'--- !ruby/hash:ActiveSupport::HashWithIndifferentAccess\nlicense_type: single_workplace\nactivation_type: serial_number\noperating_system:\n- windows\n- linux\ninstallation:\n- citrix\n- web\nprocured_by: Eunice Connelly\nreference: invoice\nmaintenance_contract: \'false\'\n','2012-08-27 15:10:46','2012-08-27 15:10:46'),(149,'b8ap73qfdrmrkw7jv34l447','be:81:2b:6f:ae:f7-d5:b4:8b:95:47:87-c6:04:b5:78:4e:20',148,NULL,NULL,1,NULL,NULL,NULL,NULL,NULL,NULL,NULL,0,0,0,0,1,0,NULL,NULL,NULL,NULL,NULL,'--- !ruby/hash:ActiveSupport::HashWithIndifferentAccess\nlicense_type: single_workplace\nactivation_type: serial_number\noperating_system:\n- windows\n- linux\ninstallation:\n- citrix\n- web\nreference: invoice\nmaintenance_contract: \'false\'\n','2012-08-27 15:10:46','2012-08-27 15:10:46'),(150,'odve9d5jx1w0jazkqr85448','00:76:16:6e:0d:5d-1e:0c:a9:50:b8:41-60:e0:3b:7d:cf:65',149,NULL,NULL,1,NULL,NULL,NULL,NULL,NULL,NULL,NULL,0,0,1,0,1,0,NULL,NULL,NULL,NULL,NULL,'--- !ruby/hash:ActiveSupport::HashWithIndifferentAccess\nlicense_type: single_workplace\nactivation_type: serial_number\noperating_system:\n- windows\n- linux\ninstallation:\n- citrix\n- web\nprocured_by: Kamron Rodriguez\nreference: invoice\nmaintenance_contract: \'false\'\n','2012-08-27 15:10:46','2012-08-27 15:10:46'),(151,'gn5mxwz89pkeklkvlado449','f9:65:c9:e1:53:86-59:aa:69:38:a7:89-91:b1:3c:9e:ca:34',150,NULL,NULL,1,NULL,NULL,NULL,NULL,NULL,NULL,NULL,0,0,0,0,1,0,NULL,NULL,NULL,NULL,NULL,'--- !ruby/hash:ActiveSupport::HashWithIndifferentAccess\nlicense_type: single_workplace\nactivation_type: serial_number\noperating_system:\n- windows\n- linux\ninstallation:\n- citrix\n- web\nreference: invoice\nmaintenance_contract: \'false\'\n','2012-08-27 15:10:46','2012-08-27 15:10:46'),(152,'2ixf424vzv8d1n1azj2t450','50:5e:b6:4d:73:47-38:51:4a:09:b4:d1-4a:62:99:3b:b5:7e',151,NULL,NULL,1,NULL,NULL,NULL,NULL,NULL,NULL,NULL,0,0,0,0,1,0,NULL,NULL,NULL,NULL,NULL,'--- !ruby/hash:ActiveSupport::HashWithIndifferentAccess\nlicense_type: single_workplace\nactivation_type: serial_number\noperating_system:\n- windows\n- linux\ninstallation:\n- citrix\n- web\nreference: invoice\nmaintenance_contract: \'false\'\n','2012-08-27 15:10:46','2012-08-27 15:10:46'),(153,'dq74yhxddjgik2szy81i451','1e:e0:7e:ba:23:4e-0e:a1:b4:ed:7b:76-c8:68:53:0f:22:16',152,NULL,NULL,1,NULL,NULL,NULL,NULL,NULL,NULL,NULL,0,0,1,0,2,0,NULL,NULL,NULL,NULL,NULL,'--- !ruby/hash:ActiveSupport::HashWithIndifferentAccess\nlicense_type: single_workplace\nactivation_type: serial_number\noperating_system:\n- windows\n- linux\ninstallation:\n- citrix\n- web\nprocured_by: Mike H.\nreference: invoice\nmaintenance_contract: \'false\'\n','2012-08-27 15:10:46','2012-08-27 15:10:46'),(154,'phv347myg1i8marasnhu452','f9:4e:42:ee:15:be-cd:f2:bf:e8:f7:a5-33:bd:d0:66:f2:db',153,NULL,NULL,1,NULL,NULL,NULL,NULL,'2012-08-27','Qui officia quos est voluptatum voluptas ex iusto.',NULL,0,0,1,0,1,0,NULL,NULL,NULL,NULL,NULL,'--- !ruby/hash:ActiveSupport::HashWithIndifferentAccess\nlicense_type: single_workplace\nactivation_type: serial_number\noperating_system:\n- windows\n- linux\ninstallation:\n- citrix\n- web\nreference: invoice\nmaintenance_contract: \'false\'\n','2012-08-27 15:10:46','2012-08-27 15:10:46'),(155,'60utqkssydehir9xw2h1453','aa:bb:10:43:b1:fb-61:55:9c:b8:c6:7f-54:b2:07:88:fe:a9',154,NULL,NULL,2,NULL,NULL,NULL,NULL,'2012-08-27','Autem fuga saepe quo.',NULL,0,0,0,0,1,0,NULL,NULL,NULL,NULL,NULL,'--- !ruby/hash:ActiveSupport::HashWithIndifferentAccess\nlicense_type: single_workplace\nactivation_type: serial_number\noperating_system:\n- windows\n- linux\ninstallation:\n- citrix\n- web\nreference: invoice\nmaintenance_contract: \'false\'\n','2012-08-27 15:10:46','2012-08-27 15:10:46'),(156,'uzakvxmxhkj183e2syf7454','95:1e:3e:c0:fe:60-0e:d2:a2:fc:b1:d4-d2:9e:52:a1:51:b7',155,NULL,NULL,2,NULL,NULL,NULL,NULL,NULL,NULL,NULL,0,0,1,0,2,0,NULL,NULL,NULL,NULL,NULL,'--- !ruby/hash:ActiveSupport::HashWithIndifferentAccess\nlicense_type: single_workplace\nactivation_type: serial_number\noperating_system:\n- windows\n- linux\ninstallation:\n- citrix\n- web\nreference: invoice\nmaintenance_contract: \'false\'\n','2012-08-27 15:10:46','2012-08-27 15:10:46'),(157,'2wwwbjlszp2x5q3umgqm455','11:36:a7:6e:4f:4e-bb:d0:55:df:d8:fa-f7:63:ef:86:48:ed',156,NULL,NULL,1,NULL,NULL,'2012-08-27',NULL,NULL,NULL,NULL,0,0,0,0,1,0,NULL,NULL,NULL,NULL,NULL,'--- !ruby/hash:ActiveSupport::HashWithIndifferentAccess\nlicense_expiration: \'2012-08-27\'\nmaintenance_contract: \'true\'\nmaintenance_expiration: \'2012-08-27\'\nreference: invoice\nactivation_type: none\nlicense_type: free\n','2012-08-27 15:10:46','2012-08-27 15:10:46'),(158,'ba40gv1tsjnxzx4d1alw456','23:d9:99:30:4c:3a-82:f3:39:e2:ed:70-08:01:c5:b3:e3:70',157,NULL,NULL,1,NULL,NULL,NULL,NULL,NULL,NULL,NULL,0,0,0,0,1,0,NULL,NULL,NULL,NULL,NULL,'--- !ruby/hash:ActiveSupport::HashWithIndifferentAccess\nquantity_allocations:\n- !ruby/hash:ActiveSupport::HashWithIndifferentAccess\n  room: qui\n  quantity: 24\n- !ruby/hash:ActiveSupport::HashWithIndifferentAccess\n  room: reprehenderit\n  quantity: 9\nreference: invoice\nactivation_type: none\nlicense_type: free\nmaintenance_contract: \'false\'\n','2012-08-27 15:10:46','2012-08-27 15:10:46'),(159,'ghu4v0qkmtno6pcixiny457','1a:a3:f3:9e:5a:f8-a4:3f:db:40:b5:29-d3:0f:2a:9b:cc:8f',159,NULL,NULL,1,NULL,NULL,NULL,NULL,NULL,NULL,NULL,0,0,0,0,1,0,NULL,NULL,NULL,NULL,NULL,'--- !ruby/hash:ActiveSupport::HashWithIndifferentAccess\noperating_system:\n- windows\nlicense_type: site_license\ntotal_quantity: 230\nquantity_allocations:\n- !ruby/hash:ActiveSupport::HashWithIndifferentAccess\n  room: assumenda\n  quantity: 32\n- !ruby/hash:ActiveSupport::HashWithIndifferentAccess\n  room: et\n  quantity: 23\nreference: invoice\nactivation_type: none\nmaintenance_contract: \'false\'\n','2012-08-27 15:10:46','2012-08-27 15:10:46'),(160,'116b77tz24qcg8vdp2fb458','a0:e2:c5:a0:e6:c8-7f:37:b3:25:d8:89-47:c6:3f:40:aa:1c',161,66,148,3,NULL,NULL,'2007-10-21','2012-08-24',NULL,NULL,'638.00',0,0,1,0,1,1,NULL,NULL,NULL,NULL,NULL,'--- !ruby/hash:ActiveSupport::HashWithIndifferentAccess\nanschaffungskategorie: AV-Technik\nreference: invoice\numzug: zgeln\nankunftszustand: intakt\n','2012-08-24 01:02:19','2012-08-24 01:02:19'),(161,'n5vlh86y8n3f8wns6oov459','eb:1c:7d:70:ab:5d-8a:9e:70:80:91:53-b7:a7:21:33:88:3c',162,67,149,7,NULL,NULL,'2011-03-28','2012-08-24',NULL,NULL,'667.00',0,0,1,0,1,1,NULL,NULL,NULL,NULL,NULL,'--- !ruby/hash:ActiveSupport::HashWithIndifferentAccess\nanschaffungskategorie: AV-Technik\nreference: invoice\numzug: zgeln\nankunftszustand: intakt\n','2012-08-24 01:02:19','2012-08-24 01:02:19'),(162,'cgw9nioag3tzb20chpnw460','06:32:5f:b0:8e:72-5f:7c:9b:f1:7d:4b-05:f8:2d:e6:02:58',163,68,150,6,NULL,NULL,'2010-04-06','2012-08-24',NULL,NULL,'744.00',0,0,1,0,1,1,NULL,NULL,NULL,NULL,NULL,'--- !ruby/hash:ActiveSupport::HashWithIndifferentAccess\nanschaffungskategorie: AV-Technik\nreference: invoice\numzug: zgeln\nankunftszustand: intakt\n','2012-08-24 01:02:19','2012-08-24 01:02:19'),(163,'34v9b9a6x1qdtjfe2qdz461','7a:a8:19:25:ba:c2-78:c8:82:e7:a9:f5-6c:ab:05:58:d3:ca',164,69,151,8,NULL,NULL,'2010-07-15','2012-08-24',NULL,NULL,'1000.00',0,0,1,0,1,1,NULL,NULL,NULL,NULL,NULL,'--- !ruby/hash:ActiveSupport::HashWithIndifferentAccess\nanschaffungskategorie: AV-Technik\nreference: invoice\numzug: zgeln\nankunftszustand: intakt\n','2012-08-24 01:02:19','2012-08-24 01:02:19'),(164,'cnkb5r8cs9qrjghi6yfj462','0f:5e:48:a8:50:51-86:1e:e0:1b:f8:0a-5b:e9:fe:a1:1d:62',165,70,152,8,NULL,NULL,'2011-06-05','2012-08-24',NULL,NULL,'303.00',0,0,1,0,1,1,NULL,NULL,NULL,NULL,NULL,'--- !ruby/hash:ActiveSupport::HashWithIndifferentAccess\nanschaffungskategorie: AV-Technik\nreference: invoice\numzug: zgeln\nankunftszustand: intakt\n','2012-08-24 01:02:19','2012-08-24 01:02:19'),(165,'6pbgmcykwwyh72yyddzz463','63:e6:c7:d8:03:16-64:a3:d3:36:9d:db-aa:b1:1f:74:21:a0',166,71,153,4,NULL,NULL,'2007-02-12','2012-08-24',NULL,NULL,'1478.00',0,0,1,0,1,1,NULL,NULL,NULL,NULL,NULL,'--- !ruby/hash:ActiveSupport::HashWithIndifferentAccess\nanschaffungskategorie: AV-Technik\nreference: invoice\numzug: zgeln\nankunftszustand: intakt\n','2012-08-24 01:02:19','2012-08-24 01:02:19'),(166,'0i6twu0f37b8uhf0qhd2464','3d:74:89:48:11:50-61:d7:7c:dc:29:16-4b:2e:cb:63:1c:9f',166,72,154,9,NULL,NULL,'2009-05-17','2012-08-24',NULL,NULL,'974.00',0,0,1,0,1,1,NULL,NULL,NULL,NULL,NULL,'--- !ruby/hash:ActiveSupport::HashWithIndifferentAccess\nanschaffungskategorie: AV-Technik\nreference: invoice\numzug: zgeln\nankunftszustand: intakt\n','2012-08-24 01:02:19','2012-08-24 01:02:19'),(167,'vdziw0gwbjhcco3zkug5465','a0:9f:db:01:c0:04-c1:42:86:1c:fc:99-9d:8a:8f:da:88:a0',166,73,155,7,NULL,NULL,'2007-08-14','2012-08-24',NULL,NULL,'878.00',0,0,1,0,1,1,NULL,NULL,NULL,NULL,NULL,'--- !ruby/hash:ActiveSupport::HashWithIndifferentAccess\nanschaffungskategorie: AV-Technik\nreference: invoice\numzug: zgeln\nankunftszustand: intakt\n','2012-08-24 01:02:19','2012-08-24 01:02:19'),(168,'7et44vt772tu256f2ozv466','89:19:6b:15:ab:b4-fd:7e:1f:ce:a4:86-e8:c8:af:dc:b6:22',170,74,156,12,NULL,NULL,'2008-09-24','2012-08-24',NULL,NULL,'1018.00',0,0,1,0,1,1,NULL,NULL,NULL,NULL,NULL,'--- !ruby/hash:ActiveSupport::HashWithIndifferentAccess\nanschaffungskategorie: AV-Technik\nreference: invoice\numzug: zgeln\nankunftszustand: intakt\n','2012-08-24 01:02:19','2012-08-24 01:02:19'),(169,'9dq6a4i93xwqbiz5nqe4467','d3:a9:3c:ee:9f:62-bc:a7:36:9a:e9:ea-64:2f:b6:eb:44:e4',171,75,157,6,NULL,NULL,'2007-07-18','2012-08-24',NULL,NULL,'717.00',0,0,1,0,1,1,NULL,NULL,NULL,NULL,NULL,'--- !ruby/hash:ActiveSupport::HashWithIndifferentAccess\nanschaffungskategorie: AV-Technik\nreference: invoice\numzug: zgeln\nankunftszustand: intakt\n','2012-08-24 01:02:19','2012-08-24 01:02:19'),(170,'g3vokqy4812nuy41npou468','52:1e:33:17:d0:08-df:9f:43:04:cc:dd-7a:7f:c2:ab:5d:fc',172,76,158,4,NULL,NULL,'2010-11-05','2012-08-24',NULL,NULL,'747.00',0,0,1,0,1,1,NULL,NULL,NULL,NULL,NULL,'--- !ruby/hash:ActiveSupport::HashWithIndifferentAccess\nanschaffungskategorie: AV-Technik\nreference: invoice\numzug: zgeln\nankunftszustand: intakt\n','2012-08-24 01:02:19','2012-08-24 01:02:19'),(171,'vj6pbcnl0pjfv5p5hd19469','37:e3:25:62:bc:73-aa:53:fa:df:7a:ea-6f:55:fa:93:45:5c',173,77,159,1,NULL,NULL,'2007-12-09','2012-08-24',NULL,NULL,'48.00',0,0,1,0,1,1,NULL,NULL,NULL,NULL,NULL,'--- !ruby/hash:ActiveSupport::HashWithIndifferentAccess\nanschaffungskategorie: AV-Technik\nreference: invoice\numzug: zgeln\nankunftszustand: intakt\n','2012-08-24 01:02:20','2012-08-24 01:02:20'),(172,'5rbgb1us2lwuboq61roz470','58:29:40:5b:42:37-a8:a3:21:75:b6:ba-ec:ae:4a:d9:14:4a',174,78,160,10,NULL,NULL,'2010-01-28','2012-08-24',NULL,NULL,'510.00',0,0,1,0,1,1,NULL,NULL,NULL,NULL,NULL,'--- !ruby/hash:ActiveSupport::HashWithIndifferentAccess\nanschaffungskategorie: AV-Technik\nreference: invoice\numzug: zgeln\nankunftszustand: intakt\n','2012-08-24 01:02:20','2012-08-24 01:02:20'),(173,'km43ssndhy2g8m3qe4bw471','ba:c5:32:7a:08:5d-62:5b:27:87:0a:2a-bc:89:d5:ea:96:a1',175,79,161,5,NULL,NULL,'2011-04-22','2012-08-24',NULL,NULL,'269.00',0,0,1,0,1,1,NULL,NULL,NULL,NULL,NULL,'--- !ruby/hash:ActiveSupport::HashWithIndifferentAccess\nanschaffungskategorie: AV-Technik\nreference: invoice\numzug: zgeln\nankunftszustand: intakt\n','2012-08-24 01:02:20','2012-08-24 01:02:20'),(174,'nul2dsxq1g7xtm3255eo472','19:b7:4f:2e:08:01-c0:27:f9:a4:50:de-fd:32:7c:3a:2c:a7',175,80,162,12,NULL,NULL,'2011-04-22','2012-08-24',NULL,NULL,'1254.00',0,0,1,0,1,1,NULL,NULL,NULL,NULL,NULL,'--- !ruby/hash:ActiveSupport::HashWithIndifferentAccess\nanschaffungskategorie: AV-Technik\nreference: invoice\numzug: zgeln\nankunftszustand: intakt\n','2012-08-24 01:02:20','2012-08-24 01:02:20'),(175,'9gzl6unos6py0y65uq44473','1e:a7:5b:69:71:65-93:7a:db:f4:cb:6a-30:47:ed:f3:0e:e5',175,81,163,12,NULL,NULL,'2011-05-11','2012-08-24',NULL,NULL,'757.00',0,0,1,0,1,1,NULL,NULL,NULL,NULL,NULL,'--- !ruby/hash:ActiveSupport::HashWithIndifferentAccess\nanschaffungskategorie: AV-Technik\nreference: invoice\numzug: zgeln\nankunftszustand: intakt\n','2012-08-24 01:02:20','2012-08-24 01:02:20'),(176,'w7zhz99dqlv6cbbs6k3s474','79:69:ba:a5:37:92-0c:ac:1a:5e:63:08-92:9f:2d:11:dc:f1',179,82,164,10,NULL,NULL,'2010-08-21','2012-08-24',NULL,NULL,'850.00',0,0,1,0,1,1,NULL,NULL,NULL,NULL,NULL,'--- !ruby/hash:ActiveSupport::HashWithIndifferentAccess\nanschaffungskategorie: AV-Technik\nreference: invoice\numzug: zgeln\nankunftszustand: intakt\n','2012-08-24 01:02:20','2012-08-24 01:02:20'),(177,'ea9yulsawoarbkvu81th475','a3:e5:63:1d:f1:b8-04:d9:bc:d9:0e:58-52:49:93:16:18:f3',180,83,165,9,NULL,NULL,'2010-12-08','2012-08-24',NULL,NULL,'100.00',0,0,1,0,1,1,NULL,NULL,NULL,NULL,NULL,'--- !ruby/hash:ActiveSupport::HashWithIndifferentAccess\nanschaffungskategorie: AV-Technik\nreference: invoice\numzug: zgeln\nankunftszustand: intakt\n','2012-08-24 01:02:20','2012-08-24 01:02:20'),(178,'omh1ywhli7um7au340z3476','b5:b9:3b:9d:f4:31-3c:64:ca:59:78:2b-ad:69:83:1f:59:7a',181,84,166,11,NULL,NULL,'2007-10-11','2012-08-24',NULL,NULL,'233.00',0,0,1,0,1,1,NULL,NULL,NULL,NULL,NULL,'--- !ruby/hash:ActiveSupport::HashWithIndifferentAccess\nanschaffungskategorie: AV-Technik\nreference: invoice\numzug: zgeln\nankunftszustand: intakt\n','2012-08-24 01:02:20','2012-08-24 01:02:20'),(179,'6ty6625m72ej79l7d84y477','72:03:86:0b:6a:ab-54:8a:82:64:81:90-da:ea:4d:1f:aa:74',182,85,167,8,NULL,NULL,'2007-10-04','2012-08-24',NULL,NULL,'968.00',0,0,1,0,1,1,NULL,NULL,NULL,NULL,NULL,'--- !ruby/hash:ActiveSupport::HashWithIndifferentAccess\nanschaffungskategorie: AV-Technik\nreference: invoice\numzug: zgeln\nankunftszustand: intakt\n','2012-08-24 01:02:20','2012-08-24 01:02:20'),(180,'sg3inhuq67qlea7rjbd5478','39:1c:f0:11:dd:a0-da:0e:bb:e3:4f:01-4e:4f:57:10:7a:86',183,86,168,2,NULL,NULL,'2009-07-31','2012-08-24',NULL,NULL,'579.00',0,0,1,0,1,1,NULL,NULL,NULL,NULL,NULL,'--- !ruby/hash:ActiveSupport::HashWithIndifferentAccess\nanschaffungskategorie: AV-Technik\nreference: invoice\numzug: zgeln\nankunftszustand: intakt\n','2012-08-24 01:02:20','2012-08-24 01:02:20'),(181,'xwyttty5gr6h8bkefpsc479','eb:c5:18:2b:ac:df-81:29:69:47:dd:b6-db:62:a0:4d:45:1c',183,87,169,2,NULL,NULL,'2010-05-26','2012-08-24',NULL,NULL,'756.00',0,0,1,0,1,1,NULL,NULL,NULL,NULL,NULL,'--- !ruby/hash:ActiveSupport::HashWithIndifferentAccess\nanschaffungskategorie: AV-Technik\nreference: invoice\numzug: zgeln\nankunftszustand: intakt\n','2012-08-24 01:02:20','2012-08-24 01:02:20'),(182,'85najckutma99dh726gr480','47:68:9b:7a:69:36-0b:ab:84:ca:c2:70-8f:35:56:e3:5c:09',183,88,170,2,NULL,NULL,'2011-12-26','2012-08-24',NULL,NULL,'242.00',0,0,1,0,1,1,NULL,NULL,NULL,NULL,NULL,'--- !ruby/hash:ActiveSupport::HashWithIndifferentAccess\nanschaffungskategorie: AV-Technik\nreference: invoice\numzug: zgeln\nankunftszustand: intakt\n','2012-08-24 01:02:20','2012-08-24 01:02:20'),(183,'bzup95wgn0gpbbxeqtgk481','10:93:e4:d8:87:b6-a4:28:71:b1:5c:b8-3a:ac:25:11:14:72',187,89,171,4,NULL,NULL,'2009-06-19','2012-08-21',NULL,NULL,'374.00',0,0,1,0,1,1,NULL,NULL,NULL,NULL,NULL,'--- !ruby/hash:ActiveSupport::HashWithIndifferentAccess\nanschaffungskategorie: AV-Technik\nreference: invoice\numzug: zgeln\nankunftszustand: intakt\n','2012-08-20 23:02:22','2012-08-20 23:02:22'),(184,'bqo2zmxom8o1voj1vlei482','bb:90:b5:7c:20:fe-75:9a:c1:cf:d4:e8-8d:5a:28:65:80:d7',188,90,172,9,NULL,NULL,'2007-12-10','2012-08-21',NULL,NULL,'1432.00',0,0,1,0,1,1,NULL,NULL,NULL,NULL,NULL,'--- !ruby/hash:ActiveSupport::HashWithIndifferentAccess\nanschaffungskategorie: AV-Technik\nreference: invoice\numzug: zgeln\nankunftszustand: intakt\n','2012-08-20 23:02:22','2012-08-20 23:02:22'),(185,'ts43hnfzb7jeosb21x2u483','79:59:9f:d2:0a:01-14:38:1d:04:94:23-3f:ef:41:32:79:3a',189,91,173,5,NULL,NULL,'2008-09-10','2012-08-21',NULL,NULL,'811.00',0,0,1,0,1,1,NULL,NULL,NULL,NULL,NULL,'--- !ruby/hash:ActiveSupport::HashWithIndifferentAccess\nanschaffungskategorie: AV-Technik\nreference: invoice\numzug: zgeln\nankunftszustand: intakt\n','2012-08-20 23:02:22','2012-08-20 23:02:22'),(186,'3zirc70ldmh49c3rm4zk484','59:2e:b1:97:f3:30-6a:d8:aa:48:2e:81-f7:bf:d1:d0:8e:9c',190,92,174,9,NULL,NULL,'2008-07-24','2012-08-24',NULL,NULL,'827.00',0,0,1,0,1,1,NULL,NULL,NULL,NULL,NULL,'--- !ruby/hash:ActiveSupport::HashWithIndifferentAccess\nanschaffungskategorie: AV-Technik\nreference: invoice\numzug: zgeln\nankunftszustand: intakt\n','2012-08-24 07:03:12','2012-08-24 07:03:12'),(187,'1peaufwk0w89mz2bk7ft485','d5:3e:62:bb:1a:78-ef:50:b7:a5:96:a3-90:25:ad:62:df:24',191,93,175,10,NULL,NULL,'2009-07-28','2012-08-24',NULL,NULL,'1302.00',0,0,1,0,1,1,NULL,NULL,NULL,NULL,NULL,'--- !ruby/hash:ActiveSupport::HashWithIndifferentAccess\nanschaffungskategorie: AV-Technik\nreference: invoice\numzug: zgeln\nankunftszustand: intakt\n','2012-08-24 07:03:12','2012-08-24 07:03:12'),(188,'vtcomv8dnjcqsc1qwner486','f2:b3:e1:63:b2:7a-ba:b7:27:41:43:df-22:c7:07:88:1d:87',192,94,176,4,NULL,NULL,'2011-09-22','2012-08-24',NULL,NULL,'841.00',0,0,1,0,1,1,NULL,NULL,NULL,NULL,NULL,'--- !ruby/hash:ActiveSupport::HashWithIndifferentAccess\nanschaffungskategorie: AV-Technik\nreference: invoice\numzug: zgeln\nankunftszustand: intakt\n','2012-08-24 07:03:12','2012-08-24 07:03:12'),(189,'yjpc9606w0qikssuqxaz487','93:be:80:d4:50:4b-bd:b3:c7:fb:01:9d-3e:77:ca:80:5c:8b',193,95,177,4,NULL,NULL,'2010-01-24','2012-08-24',NULL,NULL,'715.00',0,0,1,0,1,1,NULL,NULL,NULL,NULL,NULL,'--- !ruby/hash:ActiveSupport::HashWithIndifferentAccess\nanschaffungskategorie: AV-Technik\nreference: invoice\numzug: zgeln\nankunftszustand: intakt\n','2012-08-24 07:03:12','2012-08-24 07:03:12'),(190,'p2nkpag6zo8rnlar6nh0488','13:47:f6:e9:67:20-73:73:7c:5c:79:01-e8:fa:8e:b0:36:ee',194,96,178,7,NULL,NULL,'2010-03-23','2012-08-24',NULL,NULL,'274.00',0,0,1,0,1,1,NULL,NULL,NULL,NULL,NULL,'--- !ruby/hash:ActiveSupport::HashWithIndifferentAccess\nanschaffungskategorie: AV-Technik\nreference: invoice\numzug: zgeln\nankunftszustand: intakt\n','2012-08-24 07:03:12','2012-08-24 07:03:12'),(191,'ub26oqj270w65f4qcsvm489','5f:37:73:fc:69:9d-2b:a4:84:9e:a0:3c-ef:b2:48:c3:af:f4',194,97,179,10,NULL,NULL,'2010-11-02','2012-08-24',NULL,NULL,'1077.00',0,0,1,0,1,1,NULL,NULL,NULL,NULL,NULL,'--- !ruby/hash:ActiveSupport::HashWithIndifferentAccess\nanschaffungskategorie: AV-Technik\nreference: invoice\numzug: zgeln\nankunftszustand: intakt\n','2012-08-24 07:03:12','2012-08-24 07:03:12'),(192,'dqqrqvp5vizk0gyowlei490','82:c1:56:6f:22:46-f0:53:46:31:32:c0-21:e8:13:6d:7d:a8',194,98,180,6,NULL,NULL,'2011-03-11','2012-08-24',NULL,NULL,'803.00',0,0,1,0,1,1,NULL,NULL,NULL,NULL,NULL,'--- !ruby/hash:ActiveSupport::HashWithIndifferentAccess\nanschaffungskategorie: AV-Technik\nreference: invoice\numzug: zgeln\nankunftszustand: intakt\n','2012-08-24 07:03:12','2012-08-24 07:03:12'),(193,'tfsv9ccu8z0aucaxekat491','cf:a4:d0:5d:cd:1e-b4:99:77:86:16:b6-bf:c7:71:9f:73:29',198,99,181,9,NULL,NULL,'2008-10-09','2012-08-27',NULL,NULL,'1397.00',0,0,1,0,1,1,NULL,NULL,NULL,NULL,NULL,'--- !ruby/hash:ActiveSupport::HashWithIndifferentAccess\nanschaffungskategorie: AV-Technik\nreference: invoice\numzug: zgeln\nankunftszustand: intakt\n','2012-08-27 15:10:46','2012-08-27 15:10:46'),(194,'kt4ejftn6r119b20bk13492','df:9f:8e:02:78:22-05:c5:47:9c:9a:68-8a:78:64:f4:d0:5d',199,100,182,6,NULL,NULL,'2008-11-10','2012-08-27',NULL,NULL,'1468.00',0,0,1,0,1,1,NULL,NULL,NULL,NULL,NULL,'--- !ruby/hash:ActiveSupport::HashWithIndifferentAccess\nanschaffungskategorie: AV-Technik\nreference: invoice\numzug: zgeln\nankunftszustand: intakt\n','2012-08-27 15:10:46','2012-08-27 15:10:46'),(195,'x4zzcg5jfov4qi20xj82493','4b:00:4e:c7:ec:4a-4e:3d:a6:56:a8:ba-20:d6:73:95:04:17',200,101,183,12,NULL,NULL,'2008-11-12','2012-08-27',NULL,NULL,'942.00',0,0,1,0,1,1,NULL,NULL,NULL,NULL,NULL,'--- !ruby/hash:ActiveSupport::HashWithIndifferentAccess\nanschaffungskategorie: AV-Technik\nreference: invoice\numzug: zgeln\nankunftszustand: intakt\n','2012-08-27 15:10:46','2012-08-27 15:10:46'),(196,'2aa45wzdtm291z2luvwy494','eb:ca:74:40:44:ce-e7:84:8e:51:2d:a2-20:92:d7:d3:74:b7',201,102,184,12,NULL,NULL,'2008-03-30','2012-08-27',NULL,NULL,'268.00',0,0,1,0,1,1,NULL,NULL,NULL,NULL,NULL,'--- !ruby/hash:ActiveSupport::HashWithIndifferentAccess\nanschaffungskategorie: AV-Technik\nreference: invoice\numzug: zgeln\nankunftszustand: intakt\n','2012-08-27 15:10:46','2012-08-27 15:10:46'),(197,'uwfaksbu64k5fcf7u6n5495','a7:47:f8:1a:02:a5-ba:00:7e:31:95:0b-d7:bf:b7:29:1f:cd',202,103,185,4,NULL,NULL,'2007-02-15','2012-08-27',NULL,NULL,'1050.00',0,0,1,0,1,1,NULL,NULL,NULL,NULL,NULL,'--- !ruby/hash:ActiveSupport::HashWithIndifferentAccess\nanschaffungskategorie: AV-Technik\nreference: invoice\numzug: zgeln\nankunftszustand: intakt\n','2012-08-27 15:10:46','2012-08-27 15:10:46'),(198,'16ejhs51raqn70jx12gf496','df:27:77:08:ae:1d-bc:8f:07:9b:bf:e7-d3:3f:84:ab:22:2a',202,104,186,6,NULL,NULL,'2008-04-01','2012-08-27',NULL,NULL,'256.00',0,0,1,0,1,1,NULL,NULL,NULL,NULL,NULL,'--- !ruby/hash:ActiveSupport::HashWithIndifferentAccess\nanschaffungskategorie: AV-Technik\nreference: invoice\numzug: zgeln\nankunftszustand: intakt\n','2012-08-27 15:10:46','2012-08-27 15:10:46'),(199,'3j0lt7hm5t37blksfyyp497','a8:9f:7a:2d:75:c9-d1:74:4f:09:5b:71-59:72:08:5e:61:7f',202,105,187,4,NULL,NULL,'2011-06-18','2012-08-27',NULL,NULL,'505.00',0,0,1,0,1,1,NULL,NULL,NULL,NULL,NULL,'--- !ruby/hash:ActiveSupport::HashWithIndifferentAccess\nanschaffungskategorie: AV-Technik\nreference: invoice\numzug: zgeln\nankunftszustand: intakt\n','2012-08-27 15:10:46','2012-08-27 15:10:46'),(200,'nhmt5ocvcavtdkkkhizd498','27:2a:aa:37:0d:c2-2a:f2:4d:80:d3:13-8b:8d:31:dd:d4:15',206,106,188,9,NULL,NULL,'2008-06-05','2012-08-27',NULL,NULL,'1344.00',0,0,1,0,1,1,NULL,NULL,NULL,NULL,NULL,'--- !ruby/hash:ActiveSupport::HashWithIndifferentAccess\nanschaffungskategorie: AV-Technik\nreference: invoice\numzug: zgeln\nankunftszustand: intakt\n','2012-08-27 15:10:46','2012-08-27 15:10:46'),(201,'5dcwqsh3ge5pbkex2xfx499','02:3d:52:a2:c4:bb-a4:65:3d:99:15:33-4d:a0:d1:53:51:ab',207,107,189,1,NULL,NULL,'2008-06-07','2012-08-27',NULL,NULL,'954.00',0,0,1,0,1,1,NULL,NULL,NULL,NULL,NULL,'--- !ruby/hash:ActiveSupport::HashWithIndifferentAccess\nanschaffungskategorie: AV-Technik\nreference: invoice\numzug: zgeln\nankunftszustand: intakt\n','2012-08-27 15:10:46','2012-08-27 15:10:46'),(202,'w5cis7qavb86od8a9wxs500','ea:3a:e8:f4:e6:b8-04:54:6a:9e:f3:0c-a9:72:0b:78:74:1c',208,108,190,4,NULL,NULL,'2011-06-17','2012-08-27',NULL,NULL,'575.00',0,0,1,0,1,1,NULL,NULL,NULL,NULL,NULL,'--- !ruby/hash:ActiveSupport::HashWithIndifferentAccess\nanschaffungskategorie: AV-Technik\nreference: invoice\numzug: zgeln\nankunftszustand: intakt\n','2012-08-27 15:10:46','2012-08-27 15:10:46'),(203,'2yudy5vpxbmtm755fapu501','d8:2c:d7:89:c0:d8-19:1c:69:ea:67:22-50:a8:f8:e0:07:e4',209,109,191,9,NULL,NULL,'2010-10-02','2012-08-27',NULL,NULL,'1209.00',0,0,1,0,1,1,NULL,NULL,NULL,NULL,NULL,'--- !ruby/hash:ActiveSupport::HashWithIndifferentAccess\nanschaffungskategorie: AV-Technik\nreference: invoice\numzug: zgeln\nankunftszustand: intakt\n','2012-08-27 15:10:46','2012-08-27 15:10:46'),(204,'6zz19v320icvvhnqlmx2502','20:21:0e:6f:f2:c4-e4:09:37:6d:e0:06-84:44:2e:d4:f8:aa',210,110,192,10,NULL,NULL,'2009-09-06','2012-08-27',NULL,NULL,'348.00',0,0,1,0,1,1,NULL,NULL,NULL,NULL,NULL,'--- !ruby/hash:ActiveSupport::HashWithIndifferentAccess\nanschaffungskategorie: AV-Technik\nreference: invoice\numzug: zgeln\nankunftszustand: intakt\n','2012-08-27 15:10:46','2012-08-27 15:10:46'),(205,'3dnw3u9fyyuiaqsxhehb503','b2:44:79:f9:6e:8a-aa:cd:9d:99:37:5b-9d:c0:b5:70:d3:23',211,111,193,7,NULL,NULL,'2008-07-18','2012-08-27',NULL,NULL,'712.00',0,0,1,0,1,1,NULL,NULL,NULL,NULL,NULL,'--- !ruby/hash:ActiveSupport::HashWithIndifferentAccess\nanschaffungskategorie: AV-Technik\nreference: invoice\numzug: zgeln\nankunftszustand: intakt\n','2012-08-27 15:10:46','2012-08-27 15:10:46'),(206,'zm13uyuymj11qou8d0qi504','cc:b3:69:c2:39:ea-2c:c2:23:ed:85:f9-0d:2d:77:8c:8e:15',212,112,194,1,NULL,NULL,'2011-07-21','2012-08-27',NULL,NULL,'749.00',0,0,1,0,1,1,NULL,NULL,NULL,NULL,NULL,'--- !ruby/hash:ActiveSupport::HashWithIndifferentAccess\nanschaffungskategorie: AV-Technik\nreference: invoice\numzug: zgeln\nankunftszustand: intakt\n','2012-08-27 15:10:46','2012-08-27 15:10:46'),(207,'qiaeuzl9kfqpnd2f9r71505','79:28:55:f0:c5:5a-c3:a3:39:84:c1:6f-a4:49:16:ba:2e:ec',213,113,195,11,NULL,NULL,'2009-11-23','2012-08-27',NULL,NULL,'821.00',0,0,1,0,1,1,NULL,NULL,NULL,NULL,NULL,'--- !ruby/hash:ActiveSupport::HashWithIndifferentAccess\nanschaffungskategorie: AV-Technik\nreference: invoice\numzug: zgeln\nankunftszustand: intakt\n','2012-08-27 15:10:46','2012-08-27 15:10:46'),(208,'zxt7qv0ge5hpgeyfn181506','c0:b2:ef:23:12:8c-9f:b6:71:21:b5:fd-f0:5a:44:f5:94:31',214,114,196,2,NULL,NULL,'2008-05-25','2012-08-27',NULL,NULL,'861.00',0,0,1,0,1,1,NULL,NULL,NULL,NULL,NULL,'--- !ruby/hash:ActiveSupport::HashWithIndifferentAccess\nanschaffungskategorie: AV-Technik\nreference: invoice\numzug: zgeln\nankunftszustand: intakt\n','2012-08-27 15:10:46','2012-08-27 15:10:46'),(209,'umykx43b50luz1f9rcye507','b7:25:b8:10:94:ff-05:9f:90:5f:c1:47-00:b6:ab:81:e2:33',215,115,197,7,NULL,NULL,'2007-07-26','2012-08-27',NULL,NULL,'729.00',0,0,1,0,1,1,NULL,NULL,NULL,NULL,NULL,'--- !ruby/hash:ActiveSupport::HashWithIndifferentAccess\nanschaffungskategorie: AV-Technik\nreference: invoice\numzug: zgeln\nankunftszustand: intakt\n','2012-08-27 15:10:46','2012-08-27 15:10:46'),(210,'wg5wgr3mixyjp3h95xms508','93:60:ae:47:1f:7d-0a:ee:86:4e:78:1c-dd:a7:2c:43:20:43',216,116,198,8,NULL,NULL,'2010-10-07','2012-08-27',NULL,NULL,'1099.00',0,0,1,0,1,1,NULL,NULL,NULL,NULL,NULL,'--- !ruby/hash:ActiveSupport::HashWithIndifferentAccess\nanschaffungskategorie: AV-Technik\nreference: invoice\numzug: zgeln\nankunftszustand: intakt\n','2012-08-27 15:10:46','2012-08-27 15:10:46'),(211,'xfov7mz81w6updb2iaa5509','34:7d:70:8c:b7:2a-bd:17:c5:3e:19:12-04:6a:56:96:dc:3a',217,117,199,1,NULL,NULL,'2010-07-20','2012-08-27',NULL,NULL,'1060.00',0,0,1,0,1,1,NULL,NULL,NULL,NULL,NULL,'--- !ruby/hash:ActiveSupport::HashWithIndifferentAccess\nanschaffungskategorie: AV-Technik\nreference: invoice\numzug: zgeln\nankunftszustand: intakt\n','2012-08-27 15:10:46','2012-08-27 15:10:46'),(212,'c8gl3acg82y0eeg777ju510','6c:68:0c:e5:34:f6-e4:47:11:28:5a:6f-b4:cd:f8:21:47:3b',218,NULL,NULL,1,NULL,NULL,NULL,NULL,NULL,NULL,NULL,0,0,1,0,1,0,NULL,NULL,NULL,NULL,NULL,'--- !ruby/hash:ActiveSupport::HashWithIndifferentAccess\nlicense_type: single_workplace\nactivation_type: serial_number\noperating_system:\n- windows\n- linux\ninstallation:\n- citrix\n- web\nprocured_by: Bethel Ernser\nreference: invoice\nmaintenance_contract: \'false\'\n','2012-08-27 15:10:46','2012-08-27 15:10:46'),(213,'gn2mxcu0gwmcjg26xrfb511','80:e4:fb:7d:9f:36-2f:96:01:b9:f3:61-a0:93:db:25:2d:33',219,118,200,4,NULL,NULL,'2010-09-06','2012-08-22',NULL,NULL,'893.00',0,0,1,0,2,1,NULL,NULL,NULL,NULL,NULL,'--- !ruby/hash:ActiveSupport::HashWithIndifferentAccess\nanschaffungskategorie: AV-Technik\nreference: invoice\numzug: zgeln\nankunftszustand: intakt\n','2012-08-22 00:00:00','2012-08-22 00:00:00'),(214,'8gk62x267i2g3tj7iu0i512','06:34:f4:ee:07:d6-82:d3:9e:11:d6:42-f8:c8:87:a2:c4:aa',219,119,201,11,NULL,NULL,'2010-01-30','2012-08-22',NULL,NULL,'474.00',0,0,1,0,2,1,NULL,NULL,NULL,NULL,NULL,'--- !ruby/hash:ActiveSupport::HashWithIndifferentAccess\nanschaffungskategorie: AV-Technik\nreference: invoice\numzug: zgeln\nankunftszustand: intakt\n','2012-08-22 00:00:00','2012-08-22 00:00:00'),(215,'yeumu4euroww85vtryl2513','2b:97:70:ab:04:40-16:27:b4:3b:9c:50-f8:55:63:86:99:2a',219,120,202,4,NULL,NULL,'2010-03-17','2012-08-22',NULL,NULL,'1466.00',0,0,1,0,2,1,NULL,NULL,NULL,NULL,NULL,'--- !ruby/hash:ActiveSupport::HashWithIndifferentAccess\nanschaffungskategorie: AV-Technik\nreference: invoice\numzug: zgeln\nankunftszustand: intakt\n','2012-08-22 00:00:00','2012-08-22 00:00:00'),(216,'e7y42pi3qvggfsvaipc2514','64:c4:7d:86:83:c3-0c:0d:7b:ee:95:71-82:75:da:7f:a2:7f',223,121,203,12,NULL,NULL,'2010-10-20','2012-08-27',NULL,NULL,'814.00',0,0,1,0,13,1,NULL,NULL,NULL,NULL,NULL,'--- !ruby/hash:ActiveSupport::HashWithIndifferentAccess\nanschaffungskategorie: AV-Technik\nreference: invoice\numzug: zgeln\nankunftszustand: intakt\n','2012-08-27 15:10:46','2012-08-27 15:10:46'),(217,'v22h2qcljydt1hzgpc1h515','01:22:95:c1:55:ce-83:dc:1d:fa:7c:ec-2f:69:c4:8f:4e:e8',224,122,204,5,NULL,NULL,'2010-09-29','2012-08-27',NULL,NULL,'560.00',0,0,1,0,14,1,NULL,NULL,NULL,NULL,NULL,'--- !ruby/hash:ActiveSupport::HashWithIndifferentAccess\nanschaffungskategorie: AV-Technik\nreference: invoice\numzug: zgeln\nankunftszustand: intakt\n','2012-08-27 15:10:46','2012-08-27 15:10:46'),(218,'q5b6bcb9sd27fbxbg53h516','e4:08:ff:89:14:e3-37:d8:79:b7:85:4d-27:c7:48:67:92:73',225,123,205,2,NULL,NULL,'2008-02-26','2012-08-27',NULL,NULL,'1041.00',0,0,1,0,1,1,NULL,NULL,NULL,NULL,NULL,'--- !ruby/hash:ActiveSupport::HashWithIndifferentAccess\nanschaffungskategorie: AV-Technik\nreference: invoice\numzug: zgeln\nankunftszustand: intakt\n','2012-08-27 15:10:46','2012-08-27 15:10:46'),(219,'vsdfsuhib2szfaf2m7hh517','f7:e8:a6:5d:e7:d5-84:26:6c:ac:1f:69-64:08:23:7f:cd:72',226,124,206,10,NULL,NULL,'2011-04-14','2012-08-27',NULL,NULL,'1441.00',0,0,1,0,1,1,NULL,NULL,NULL,NULL,NULL,'--- !ruby/hash:ActiveSupport::HashWithIndifferentAccess\nanschaffungskategorie: AV-Technik\nreference: invoice\numzug: zgeln\nankunftszustand: intakt\n','2012-08-27 15:10:46','2012-08-27 15:10:46'),(220,'mzo5dtg58tmp3svd8fye518','b3:5c:1a:36:6a:9f-8e:1a:6f:fc:fd:d3-c5:a9:6e:4b:56:99',227,125,207,13,NULL,NULL,'2011-12-08','2012-08-27',NULL,NULL,'1314.00',0,0,1,0,1,1,NULL,NULL,NULL,NULL,NULL,'--- !ruby/hash:ActiveSupport::HashWithIndifferentAccess\nanschaffungskategorie: AV-Technik\nreference: invoice\numzug: zgeln\nankunftszustand: intakt\n','2012-08-27 15:10:46','2012-08-27 15:10:46'),(221,'vag8enurd3yjn1pjy4sz519','f6:6a:be:5b:86:8b-aa:98:a3:d1:f1:43-35:34:eb:43:2d:1e',228,126,208,11,NULL,NULL,'2009-12-01','2012-08-27',NULL,NULL,'440.00',0,0,1,0,1,1,NULL,NULL,NULL,NULL,NULL,'--- !ruby/hash:ActiveSupport::HashWithIndifferentAccess\nanschaffungskategorie: AV-Technik\nreference: invoice\numzug: zgeln\nankunftszustand: intakt\n','2012-08-27 15:10:46','2012-08-27 15:10:46'),(222,'fk07x7xlwy4et6cv7o2n520','4d:32:35:f6:68:8e-f0:f0:a4:ee:38:d7-ec:7c:3b:13:78:ac',229,127,209,9,NULL,NULL,'2011-03-28','2012-08-27',NULL,NULL,'196.00',0,0,1,0,1,1,NULL,NULL,NULL,NULL,NULL,'--- !ruby/hash:ActiveSupport::HashWithIndifferentAccess\nanschaffungskategorie: AV-Technik\nreference: invoice\numzug: zgeln\nankunftszustand: intakt\n','2012-08-27 15:10:46','2012-08-27 15:10:46'),(223,'dzey3l30nxp2tgcn7l7s521','86:ba:b8:22:70:9e-f0:15:06:36:71:37-97:50:79:ee:e4:fe',230,128,210,6,NULL,NULL,'2009-11-30','2012-08-27',NULL,NULL,'949.00',0,0,1,0,1,1,NULL,NULL,NULL,NULL,NULL,'--- !ruby/hash:ActiveSupport::HashWithIndifferentAccess\nanschaffungskategorie: AV-Technik\nreference: invoice\numzug: zgeln\nankunftszustand: intakt\n','2012-08-27 15:10:46','2012-08-27 15:10:46'),(224,'r8phegow8ojwpnhm7101522','8c:54:0a:f0:92:68-64:a8:14:ec:44:c4-0b:70:cc:18:b6:12',231,129,211,4,NULL,NULL,'2009-11-20','2012-08-27',NULL,NULL,'1011.00',0,0,1,0,1,1,NULL,NULL,NULL,NULL,NULL,'--- !ruby/hash:ActiveSupport::HashWithIndifferentAccess\nanschaffungskategorie: AV-Technik\nreference: invoice\numzug: zgeln\nankunftszustand: intakt\n','2012-08-27 15:10:46','2012-08-27 15:10:46'),(225,'f82boudmdwjnfzw34dwf523','10:e8:9d:64:0e:67-03:2b:95:c1:b5:19-83:ca:33:bc:e4:2d',232,130,212,3,NULL,NULL,'2009-10-24','2012-08-27',NULL,NULL,'313.00',0,0,1,0,1,1,NULL,NULL,NULL,NULL,NULL,'--- !ruby/hash:ActiveSupport::HashWithIndifferentAccess\nanschaffungskategorie: AV-Technik\nreference: invoice\numzug: zgeln\nankunftszustand: intakt\n','2012-08-27 15:10:46','2012-08-27 15:10:46'),(226,'uwesl967bdo9t53m2bm8524','32:07:16:41:14:73-8c:5e:b1:d3:04:07-6a:28:5b:ac:ba:f4',233,131,213,4,NULL,NULL,'2008-06-16','2012-08-27',NULL,NULL,'1071.00',0,0,1,0,1,1,NULL,NULL,NULL,NULL,NULL,'--- !ruby/hash:ActiveSupport::HashWithIndifferentAccess\nanschaffungskategorie: AV-Technik\nreference: invoice\numzug: zgeln\nankunftszustand: intakt\n','2012-08-27 15:10:46','2012-08-27 15:10:46'),(227,'gsmhchegzmtwiqu6mixc525','8a:71:4c:45:8f:b7-9d:8e:9d:48:2d:21-c7:bb:fc:12:c0:9a',234,132,214,5,NULL,NULL,'2011-07-01','2012-08-27',NULL,NULL,'1366.00',0,0,1,0,1,1,NULL,NULL,NULL,NULL,NULL,'--- !ruby/hash:ActiveSupport::HashWithIndifferentAccess\nanschaffungskategorie: AV-Technik\nreference: invoice\numzug: zgeln\nankunftszustand: intakt\n','2012-08-27 15:10:46','2012-08-27 15:10:46'),(228,'t1k7wqk9mucrix0f5aob526','12:c3:ef:64:1a:0a-19:5f:f2:a3:c2:05-db:e5:f9:06:1f:a3',235,133,215,11,NULL,NULL,'2007-04-27','2012-08-27',NULL,NULL,'597.00',0,0,1,0,1,1,NULL,NULL,NULL,NULL,NULL,'--- !ruby/hash:ActiveSupport::HashWithIndifferentAccess\nanschaffungskategorie: AV-Technik\nreference: invoice\numzug: zgeln\nankunftszustand: intakt\n','2012-08-27 15:10:46','2012-08-27 15:10:46'),(229,'hzn1c8352j6mbamxry66527','de:db:40:a4:4a:4a-5f:30:d3:c9:f8:46-f5:39:7e:65:25:b7',236,134,216,11,NULL,NULL,'2009-02-13','2012-08-22',NULL,NULL,'986.00',0,0,1,0,1,1,NULL,NULL,NULL,NULL,NULL,'--- !ruby/hash:ActiveSupport::HashWithIndifferentAccess\nanschaffungskategorie: AV-Technik\nreference: invoice\numzug: zgeln\nankunftszustand: intakt\n','2012-08-22 00:00:00','2012-08-22 00:00:00'),(230,'jce5o3fkekenu5bxlyix528','97:82:9a:c9:5a:03-f1:69:bd:90:25:e8-eb:20:91:4d:ed:fc',237,135,217,7,NULL,NULL,'2011-12-27','2012-08-22',NULL,NULL,'1316.00',0,0,1,0,1,1,NULL,NULL,NULL,NULL,NULL,'--- !ruby/hash:ActiveSupport::HashWithIndifferentAccess\nanschaffungskategorie: AV-Technik\nreference: invoice\numzug: zgeln\nankunftszustand: intakt\n','2012-08-22 00:00:00','2012-08-22 00:00:00'),(231,'qygqvtkyz09ji86v81k0529','ec:e6:bb:f1:ae:fe-9c:df:32:52:7c:a5-97:3f:42:fb:c1:be',238,136,218,1,NULL,NULL,'2007-10-17','2012-08-22',NULL,NULL,'926.00',0,0,1,0,1,1,NULL,NULL,NULL,NULL,NULL,'--- !ruby/hash:ActiveSupport::HashWithIndifferentAccess\nanschaffungskategorie: AV-Technik\nreference: invoice\numzug: zgeln\nankunftszustand: intakt\n','2012-08-22 00:00:00','2012-08-22 00:00:00'),(232,'nhedtfqzp7tn26lj9ag7530','e7:39:45:16:35:5c-e0:c8:2f:63:3d:85-d4:08:30:47:e6:04',239,137,219,1,NULL,NULL,'2008-10-04','2012-08-27',NULL,NULL,'443.00',0,0,1,0,2,1,NULL,NULL,NULL,NULL,NULL,'--- !ruby/hash:ActiveSupport::HashWithIndifferentAccess\nanschaffungskategorie: AV-Technik\nreference: invoice\numzug: zgeln\nankunftszustand: intakt\n','2012-08-27 15:10:46','2012-08-27 15:10:46'),(233,'gjijd9lv8q22ri0hbj4o531','4d:89:6d:75:03:27-3c:01:f2:48:6e:59-00:a9:db:0f:ce:4a',239,138,220,3,NULL,NULL,'2008-01-14','2012-08-27',NULL,NULL,'959.00',0,0,1,0,2,1,NULL,NULL,NULL,NULL,NULL,'--- !ruby/hash:ActiveSupport::HashWithIndifferentAccess\nanschaffungskategorie: AV-Technik\nreference: invoice\numzug: zgeln\nankunftszustand: intakt\n','2012-08-27 15:10:46','2012-08-27 15:10:46'),(234,'cg4slfw2802cdu5vzj9n532','bf:d5:2a:24:b5:93-f3:d5:d9:da:b9:4e-90:da:9f:d7:84:59',239,139,221,11,NULL,NULL,'2011-04-28','2012-08-27',NULL,NULL,'1238.00',0,0,1,0,2,1,NULL,NULL,NULL,NULL,NULL,'--- !ruby/hash:ActiveSupport::HashWithIndifferentAccess\nanschaffungskategorie: AV-Technik\nreference: invoice\numzug: zgeln\nankunftszustand: intakt\n','2012-08-27 15:10:46','2012-08-27 15:10:46'),(235,'sp1vdp76u5kuq98pwmvr533','98:db:11:95:c6:56-c1:76:5f:e6:7e:ae-6b:fb:59:4f:e8:18',243,140,222,2,NULL,NULL,'2010-08-14','2012-08-27',NULL,NULL,'1011.00',0,0,1,0,2,1,NULL,NULL,NULL,NULL,NULL,'--- !ruby/hash:ActiveSupport::HashWithIndifferentAccess\nanschaffungskategorie: AV-Technik\nreference: invoice\numzug: zgeln\nankunftszustand: intakt\n','2012-08-27 15:10:46','2012-08-27 15:10:46'),(236,'26qek8n16lqqz82iec0p534','6c:e9:bc:e9:c0:7c-e5:fe:ec:c4:40:81-37:48:9a:62:6f:14',243,141,223,4,NULL,NULL,'2008-12-17','2012-08-27',NULL,NULL,'952.00',0,0,1,0,2,1,NULL,NULL,NULL,NULL,NULL,'--- !ruby/hash:ActiveSupport::HashWithIndifferentAccess\nanschaffungskategorie: AV-Technik\nreference: invoice\numzug: zgeln\nankunftszustand: intakt\n','2012-08-27 15:10:46','2012-08-27 15:10:46'),(237,'5dsah48tliourq6ok9r2535','a4:2a:f0:71:3f:b9-58:4e:0c:77:d5:b3-83:e6:08:d3:71:49',243,142,224,10,NULL,NULL,'2007-11-17','2012-08-27',NULL,NULL,'516.00',0,0,1,0,2,1,NULL,NULL,NULL,NULL,NULL,'--- !ruby/hash:ActiveSupport::HashWithIndifferentAccess\nanschaffungskategorie: AV-Technik\nreference: invoice\numzug: zgeln\nankunftszustand: intakt\n','2012-08-27 15:10:46','2012-08-27 15:10:46'),(238,'xbriyf94hluibo6bb416536','a0:53:dc:3e:79:72-64:77:a4:82:df:96-f2:47:c8:99:fd:d7',247,143,225,9,NULL,NULL,'2010-08-14','2012-08-27',NULL,NULL,'1143.00',0,0,1,0,2,1,NULL,NULL,NULL,NULL,NULL,'--- !ruby/hash:ActiveSupport::HashWithIndifferentAccess\nanschaffungskategorie: AV-Technik\nreference: invoice\numzug: zgeln\nankunftszustand: intakt\n','2012-08-27 15:10:46','2012-08-27 15:10:46'),(239,'hbaaii6vcearauws49gn537','65:c6:a0:6b:68:1e-40:0c:6a:1c:95:db-77:0a:0d:7f:77:ca',247,144,226,13,NULL,NULL,'2010-06-06','2012-08-27',NULL,NULL,'111.00',0,0,1,0,2,1,NULL,NULL,NULL,NULL,NULL,'--- !ruby/hash:ActiveSupport::HashWithIndifferentAccess\nanschaffungskategorie: AV-Technik\nreference: invoice\numzug: zgeln\nankunftszustand: intakt\n','2012-08-27 15:10:46','2012-08-27 15:10:46'),(240,'1e9okgnrgs4xqcm0vj7x538','10:99:ea:34:01:6b-dd:e1:90:b3:1a:98-86:4b:e0:67:3d:2e',247,145,227,10,NULL,NULL,'2009-12-22','2012-08-27',NULL,NULL,'1091.00',0,0,1,0,2,1,NULL,NULL,NULL,NULL,NULL,'--- !ruby/hash:ActiveSupport::HashWithIndifferentAccess\nanschaffungskategorie: AV-Technik\nreference: invoice\numzug: zgeln\nankunftszustand: intakt\n','2012-08-27 15:10:46','2012-08-27 15:10:46'),(241,'qjspd4rhb38upky9963l539','d0:05:86:a4:c6:2e-69:da:c5:c4:68:0e-94:2b:14:ff:32:19',251,146,228,12,NULL,NULL,'2009-09-03','2012-08-27',NULL,NULL,'4.00',0,0,1,0,2,1,NULL,NULL,NULL,NULL,NULL,'--- !ruby/hash:ActiveSupport::HashWithIndifferentAccess\nanschaffungskategorie: AV-Technik\nreference: invoice\numzug: zgeln\nankunftszustand: intakt\n','2012-08-27 15:10:46','2012-08-27 15:10:46'),(242,'sos2o5pa8baij8yd64b2540','12:76:2d:60:74:c0-a2:8b:23:63:35:59-bd:05:aa:0d:23:6e',251,147,229,14,NULL,NULL,'2008-08-14','2012-08-27',NULL,NULL,'209.00',0,0,1,0,2,1,NULL,NULL,NULL,NULL,NULL,'--- !ruby/hash:ActiveSupport::HashWithIndifferentAccess\nanschaffungskategorie: AV-Technik\nreference: invoice\numzug: zgeln\nankunftszustand: intakt\n','2012-08-27 15:10:46','2012-08-27 15:10:46'),(243,'adv6gfmmmlcusll4f3eq541','68:1a:76:27:84:3b-85:95:ae:3e:40:5a-f2:fa:34:78:79:90',251,148,230,7,NULL,NULL,'2007-08-15','2012-08-27',NULL,NULL,'1398.00',0,0,1,0,2,1,NULL,NULL,NULL,NULL,NULL,'--- !ruby/hash:ActiveSupport::HashWithIndifferentAccess\nanschaffungskategorie: AV-Technik\nreference: invoice\numzug: zgeln\nankunftszustand: intakt\n','2012-08-27 15:10:46','2012-08-27 15:10:46'),(244,'q6yizeobopcjjsbbu7rd542','ac:b2:ff:50:4d:92-bf:77:3b:89:aa:c0-79:cb:66:ad:a8:85',255,149,231,7,NULL,NULL,'2007-05-25','2012-08-27',NULL,NULL,'821.00',0,0,1,0,2,1,NULL,NULL,NULL,NULL,NULL,'--- !ruby/hash:ActiveSupport::HashWithIndifferentAccess\nanschaffungskategorie: AV-Technik\nreference: invoice\numzug: zgeln\nankunftszustand: intakt\n','2012-08-27 15:10:46','2012-08-27 15:10:46'),(245,'isap1ebh40eoxtvqs7sk543','43:5b:f2:80:6b:1a-ec:38:58:2f:e0:ef-b4:cd:ba:71:4f:46',255,150,232,6,NULL,NULL,'2009-06-19','2012-08-27',NULL,NULL,'1096.00',0,0,1,0,2,1,NULL,NULL,NULL,NULL,NULL,'--- !ruby/hash:ActiveSupport::HashWithIndifferentAccess\nanschaffungskategorie: AV-Technik\nreference: invoice\numzug: zgeln\nankunftszustand: intakt\n','2012-08-27 15:10:46','2012-08-27 15:10:46'),(246,'zbtroiph4dnfznj21t9o544','1b:d9:da:60:aa:fd-b1:3f:44:52:a4:cb-35:64:71:ee:41:8c',255,151,233,4,NULL,NULL,'2009-07-16','2012-08-27',NULL,NULL,'733.00',0,0,1,0,2,1,NULL,NULL,NULL,NULL,NULL,'--- !ruby/hash:ActiveSupport::HashWithIndifferentAccess\nanschaffungskategorie: AV-Technik\nreference: invoice\numzug: zgeln\nankunftszustand: intakt\n','2012-08-27 15:10:46','2012-08-27 15:10:46'),(247,'w8j33ibym7d88amhvmam545','b7:73:c0:d6:0a:b2-83:11:b7:52:68:60-58:91:55:5e:95:0e',259,152,234,14,NULL,NULL,'2007-12-20','2012-08-27',NULL,NULL,'1341.00',0,0,1,0,2,1,NULL,NULL,NULL,NULL,NULL,'--- !ruby/hash:ActiveSupport::HashWithIndifferentAccess\nanschaffungskategorie: AV-Technik\nreference: invoice\numzug: zgeln\nankunftszustand: intakt\n','2012-08-27 15:10:46','2012-08-27 15:10:46'),(248,'p2evpm5mlovzdq4qhmbc546','33:84:65:d7:ff:db-fe:c2:83:7a:9d:ac-ff:ae:ff:61:61:49',259,153,235,12,NULL,NULL,'2011-04-11','2012-08-27',NULL,NULL,'629.00',0,0,1,0,2,1,NULL,NULL,NULL,NULL,NULL,'--- !ruby/hash:ActiveSupport::HashWithIndifferentAccess\nanschaffungskategorie: AV-Technik\nreference: invoice\numzug: zgeln\nankunftszustand: intakt\n','2012-08-27 15:10:46','2012-08-27 15:10:46'),(249,'588tk768c2d3dnbyvrmw547','d0:e2:78:18:a8:a6-53:6a:aa:3e:ba:c5-40:53:18:31:4a:45',259,154,236,9,NULL,NULL,'2008-09-04','2012-08-27',NULL,NULL,'1421.00',0,0,1,0,2,1,NULL,NULL,NULL,NULL,NULL,'--- !ruby/hash:ActiveSupport::HashWithIndifferentAccess\nanschaffungskategorie: AV-Technik\nreference: invoice\numzug: zgeln\nankunftszustand: intakt\n','2012-08-27 15:10:46','2012-08-27 15:10:46'),(250,'xd9204ls89b8dv3l1z74548','62:e0:c0:c3:c1:8a-0c:94:a0:d0:d9:39-6b:e4:fa:35:8d:38',263,155,237,2,NULL,NULL,'2007-01-13','2012-08-27',NULL,NULL,'672.00',0,0,1,0,2,1,NULL,NULL,NULL,NULL,NULL,'--- !ruby/hash:ActiveSupport::HashWithIndifferentAccess\nanschaffungskategorie: AV-Technik\nreference: invoice\numzug: zgeln\nankunftszustand: intakt\n','2012-08-27 15:10:46','2012-08-27 15:10:46'),(251,'pkjjjjbyjxe6axbkjdar549','69:0f:12:92:1c:66-1d:f5:41:4e:5f:07-68:f1:1e:d1:40:cf',263,156,238,14,NULL,NULL,'2007-10-03','2012-08-27',NULL,NULL,'979.00',0,0,1,0,2,1,NULL,NULL,NULL,NULL,NULL,'--- !ruby/hash:ActiveSupport::HashWithIndifferentAccess\nanschaffungskategorie: AV-Technik\nreference: invoice\numzug: zgeln\nankunftszustand: intakt\n','2012-08-27 15:10:46','2012-08-27 15:10:46'),(252,'6l7vr37d64vx0p9cuk0u550','c1:46:e8:49:ab:2a-d8:1a:4c:7d:c6:ff-d9:6a:9e:bb:b7:e1',263,157,239,12,NULL,NULL,'2007-05-30','2012-08-27',NULL,NULL,'1115.00',0,0,1,0,2,1,NULL,NULL,NULL,NULL,NULL,'--- !ruby/hash:ActiveSupport::HashWithIndifferentAccess\nanschaffungskategorie: AV-Technik\nreference: invoice\numzug: zgeln\nankunftszustand: intakt\n','2012-08-27 15:10:46','2012-08-27 15:10:46'),(253,'1mhsddm9570byypsd3mr551','57:e9:4c:9e:f1:f8-7e:f6:91:53:4f:a5-ab:5f:a6:df:88:65',267,158,240,1,NULL,NULL,'2010-07-22','2012-08-27',NULL,NULL,'1098.00',0,0,1,0,2,1,NULL,NULL,NULL,NULL,NULL,'--- !ruby/hash:ActiveSupport::HashWithIndifferentAccess\nanschaffungskategorie: AV-Technik\nreference: invoice\numzug: zgeln\nankunftszustand: intakt\n','2012-08-27 15:10:46','2012-08-27 15:10:46'),(254,'rezur1a3okg2pap0fqh5552','b6:d5:e7:cc:39:81-7e:8c:92:67:06:42-38:d1:fe:01:d1:70',267,159,241,2,NULL,NULL,'2008-04-06','2012-08-27',NULL,NULL,'529.00',0,0,1,0,2,1,NULL,NULL,NULL,NULL,NULL,'--- !ruby/hash:ActiveSupport::HashWithIndifferentAccess\nanschaffungskategorie: AV-Technik\nreference: invoice\numzug: zgeln\nankunftszustand: intakt\n','2012-08-27 15:10:46','2012-08-27 15:10:46'),(255,'j385ekhjlgmhi570kjna553','fc:57:5e:0f:fe:9f-d8:40:a4:50:ee:42-01:1d:61:72:3c:29',267,160,242,8,NULL,NULL,'2008-10-20','2012-08-27',NULL,NULL,'315.00',0,0,1,0,2,1,NULL,NULL,NULL,NULL,NULL,'--- !ruby/hash:ActiveSupport::HashWithIndifferentAccess\nanschaffungskategorie: AV-Technik\nreference: invoice\numzug: zgeln\nankunftszustand: intakt\n','2012-08-27 15:10:46','2012-08-27 15:10:46'),(256,'w5u789doidvbgbk6tcmq554','0c:62:42:c5:23:4c-e5:6d:15:19:72:95-96:07:cd:42:2c:df',271,161,243,8,NULL,NULL,'2011-08-02','2012-08-27',NULL,NULL,'754.00',0,0,1,0,2,1,NULL,NULL,NULL,NULL,NULL,'--- !ruby/hash:ActiveSupport::HashWithIndifferentAccess\nanschaffungskategorie: AV-Technik\nreference: invoice\numzug: zgeln\nankunftszustand: intakt\n','2012-08-27 15:10:46','2012-08-27 15:10:46'),(257,'wkfldrg1u9amuyipbn1o555','93:ab:89:84:70:e7-9f:7a:82:f2:1e:4f-c0:a8:a5:15:fb:66',271,162,244,3,NULL,NULL,'2007-04-20','2012-08-27',NULL,NULL,'98.00',0,0,1,0,2,1,NULL,NULL,NULL,NULL,NULL,'--- !ruby/hash:ActiveSupport::HashWithIndifferentAccess\nanschaffungskategorie: AV-Technik\nreference: invoice\numzug: zgeln\nankunftszustand: intakt\n','2012-08-27 15:10:46','2012-08-27 15:10:46'),(258,'0sxn0jaupy1ppvn8m9fh556','6c:56:c5:ef:d7:6b-0c:c5:26:b3:1e:da-f4:f9:c6:3a:c6:fb',271,163,245,8,NULL,NULL,'2011-03-03','2012-08-27',NULL,NULL,'986.00',0,0,1,0,2,1,NULL,NULL,NULL,NULL,NULL,'--- !ruby/hash:ActiveSupport::HashWithIndifferentAccess\nanschaffungskategorie: AV-Technik\nreference: invoice\numzug: zgeln\nankunftszustand: intakt\n','2012-08-27 15:10:46','2012-08-27 15:10:46'),(259,'sprmp1kxntkpeew7d3k0557','1d:52:e6:94:58:65-61:c8:30:d7:20:4f-d2:1d:5a:c7:7c:18',275,164,246,5,NULL,NULL,'2008-04-17','2012-08-27',NULL,NULL,'604.00',0,0,1,0,3,1,NULL,NULL,NULL,NULL,NULL,'--- !ruby/hash:ActiveSupport::HashWithIndifferentAccess\nanschaffungskategorie: AV-Technik\nreference: invoice\numzug: zgeln\nankunftszustand: intakt\n','2012-08-27 15:10:46','2012-08-27 15:10:46'),(260,'g6x7hh26etsx7wv9skh1558','a2:4a:bc:95:7d:de-21:71:96:ef:7b:e3-ae:80:c7:9b:b5:b9',275,165,247,5,NULL,NULL,'2009-06-18','2012-08-27',NULL,NULL,'367.00',0,0,1,0,3,1,NULL,NULL,NULL,NULL,NULL,'--- !ruby/hash:ActiveSupport::HashWithIndifferentAccess\nanschaffungskategorie: AV-Technik\nreference: invoice\numzug: zgeln\nankunftszustand: intakt\n','2012-08-27 15:10:46','2012-08-27 15:10:46'),(261,'swygfkexsthenlfaoha6559','5c:55:26:1a:5c:38-a8:0f:de:12:08:52-0c:52:52:0f:b2:3f',275,166,248,12,NULL,NULL,'2011-06-15','2012-08-27',NULL,NULL,'366.00',0,0,1,0,3,1,NULL,NULL,NULL,NULL,NULL,'--- !ruby/hash:ActiveSupport::HashWithIndifferentAccess\nanschaffungskategorie: AV-Technik\nreference: invoice\numzug: zgeln\nankunftszustand: intakt\n','2012-08-27 15:10:46','2012-08-27 15:10:46'),(262,'qlpovi1t4uviqe5yhyot560','85:11:e3:49:24:09-b0:ba:8e:8e:ef:5a-d7:6d:9b:93:da:0c',279,167,249,3,NULL,NULL,'2010-11-09','2012-08-27',NULL,NULL,'312.00',0,0,1,0,3,1,NULL,NULL,NULL,NULL,NULL,'--- !ruby/hash:ActiveSupport::HashWithIndifferentAccess\nanschaffungskategorie: AV-Technik\nreference: invoice\numzug: zgeln\nankunftszustand: intakt\n','2012-08-27 15:10:46','2012-08-27 15:10:46'),(263,'4irwxepni93hqayblgaf561','0f:75:13:ae:8f:9f-84:10:d3:d4:5e:85-6f:74:4d:7d:4c:1a',279,168,250,4,NULL,NULL,'2007-07-02','2012-08-27',NULL,NULL,'100.00',0,0,1,0,3,1,NULL,NULL,NULL,NULL,NULL,'--- !ruby/hash:ActiveSupport::HashWithIndifferentAccess\nanschaffungskategorie: AV-Technik\nreference: invoice\numzug: zgeln\nankunftszustand: intakt\n','2012-08-27 15:10:46','2012-08-27 15:10:46'),(264,'kvckh89txnj6j78xbklz562','06:30:c8:5d:17:5e-d1:c3:5a:df:ec:98-52:83:ea:b0:8b:d2',279,169,251,9,NULL,NULL,'2007-04-19','2012-08-27',NULL,NULL,'1263.00',0,0,1,0,3,1,NULL,NULL,NULL,NULL,NULL,'--- !ruby/hash:ActiveSupport::HashWithIndifferentAccess\nanschaffungskategorie: AV-Technik\nreference: invoice\numzug: zgeln\nankunftszustand: intakt\n','2012-08-27 15:10:46','2012-08-27 15:10:46'),(265,'raoxjwujjc2pt51muu9k563','05:e0:99:41:1f:34-db:e3:fb:8e:5c:1f-3d:24:5e:e3:87:fe',283,170,252,3,NULL,NULL,'2007-01-08','2012-08-27',NULL,NULL,'23.00',0,0,1,0,3,1,NULL,NULL,NULL,NULL,NULL,'--- !ruby/hash:ActiveSupport::HashWithIndifferentAccess\nanschaffungskategorie: AV-Technik\nreference: invoice\numzug: zgeln\nankunftszustand: intakt\n','2012-08-27 15:10:46','2012-08-27 15:10:46'),(266,'26j8eycp2tqmhhfpbs5k564','54:d6:cf:7a:b3:5d-32:aa:82:d5:10:6a-00:e1:d6:df:f8:82',283,171,253,14,NULL,NULL,'2007-03-05','2012-08-27',NULL,NULL,'963.00',0,0,1,0,3,1,NULL,NULL,NULL,NULL,NULL,'--- !ruby/hash:ActiveSupport::HashWithIndifferentAccess\nanschaffungskategorie: AV-Technik\nreference: invoice\numzug: zgeln\nankunftszustand: intakt\n','2012-08-27 15:10:46','2012-08-27 15:10:46'),(267,'lz8ogjt5c5tlk7pejf6l565','99:91:2f:c2:2b:39-e6:97:60:4a:d0:31-04:a4:40:23:7f:5a',283,172,254,7,NULL,NULL,'2011-07-09','2012-08-27',NULL,NULL,'991.00',0,0,1,0,3,1,NULL,NULL,NULL,NULL,NULL,'--- !ruby/hash:ActiveSupport::HashWithIndifferentAccess\nanschaffungskategorie: AV-Technik\nreference: invoice\numzug: zgeln\nankunftszustand: intakt\n','2012-08-27 15:10:46','2012-08-27 15:10:46'),(268,'ieax2nzf2rduyd5fx8xu566','2a:66:1f:cb:69:72-38:b4:cc:bd:1f:9b-05:52:64:bc:72:1f',287,173,255,14,NULL,NULL,'2008-03-16','2012-08-27',NULL,NULL,'316.00',0,0,1,0,3,1,NULL,NULL,NULL,NULL,NULL,'--- !ruby/hash:ActiveSupport::HashWithIndifferentAccess\nanschaffungskategorie: AV-Technik\nreference: invoice\numzug: zgeln\nankunftszustand: intakt\n','2012-08-27 15:10:46','2012-08-27 15:10:46'),(269,'hp1we8o4ct05tqgffmqb567','70:58:69:08:06:3e-04:9b:3d:8d:13:a1-fe:53:b3:90:ae:7e',287,174,256,8,NULL,NULL,'2008-01-10','2012-08-27',NULL,NULL,'828.00',0,0,1,0,3,1,NULL,NULL,NULL,NULL,NULL,'--- !ruby/hash:ActiveSupport::HashWithIndifferentAccess\nanschaffungskategorie: AV-Technik\nreference: invoice\numzug: zgeln\nankunftszustand: intakt\n','2012-08-27 15:10:46','2012-08-27 15:10:46'),(270,'wg4ymhhm0mb216gawadk568','a8:68:74:cb:f1:34-4d:35:8d:1e:f0:52-ca:79:07:e1:f6:1a',287,175,257,6,NULL,NULL,'2011-08-31','2012-08-27',NULL,NULL,'29.00',0,0,1,0,3,1,NULL,NULL,NULL,NULL,NULL,'--- !ruby/hash:ActiveSupport::HashWithIndifferentAccess\nanschaffungskategorie: AV-Technik\nreference: invoice\numzug: zgeln\nankunftszustand: intakt\n','2012-08-27 15:10:46','2012-08-27 15:10:46'),(271,'ubeoo01mnf5fc75o2bsh569','49:a6:89:c4:63:52-8f:0f:03:a0:95:ab-7d:90:55:f3:bb:7e',291,NULL,258,1,NULL,NULL,'2011-03-22','2012-08-27',NULL,NULL,'181.00',0,0,1,0,1,1,NULL,NULL,NULL,NULL,NULL,'--- !ruby/hash:ActiveSupport::HashWithIndifferentAccess\nanschaffungskategorie: AV-Technik\nreference: invoice\numzug: zgeln\nankunftszustand: intakt\n','2012-08-27 15:10:46','2012-08-27 15:10:46'),(272,'ti9r152ho42ptj03gzzf570','b0:d8:6f:af:38:41-da:ae:70:20:65:8e-ad:70:08:03:dc:b9',292,176,259,1,NULL,NULL,'2011-01-12','2012-08-27',NULL,NULL,'1350.00',0,0,1,0,1,1,NULL,NULL,NULL,NULL,NULL,'--- !ruby/hash:ActiveSupport::HashWithIndifferentAccess\nanschaffungskategorie: AV-Technik\nreference: invoice\numzug: zgeln\nankunftszustand: intakt\n','2012-08-27 15:10:46','2012-08-27 15:10:46'),(273,'f4xc0xk989enhrdjmri1571','5e:1d:a0:94:cd:15-ce:bb:97:8b:1e:2f-dc:85:da:5b:a4:7e',293,NULL,NULL,1,NULL,NULL,NULL,NULL,NULL,NULL,NULL,0,0,0,0,2,0,NULL,NULL,NULL,NULL,NULL,'--- !ruby/hash:ActiveSupport::HashWithIndifferentAccess\noperating_system:\n- windows\nlicense_type: multiple_workplace\ntotal_quantity: 72\nreference: invoice\nactivation_type: none\nmaintenance_contract: \'false\'\n','2012-08-27 15:10:46','2012-08-27 15:10:46'),(274,'ocnbid79v3f1xe0y3beg572','a2:ee:17:ef:b2:fc-30:00:4b:06:84:73-ef:83:13:9b:4a:f3',294,177,260,1,NULL,NULL,'2011-10-11','2012-08-27',NULL,NULL,'26.00',0,0,1,0,1,1,NULL,NULL,NULL,NULL,NULL,'--- !ruby/hash:ActiveSupport::HashWithIndifferentAccess\nanschaffungskategorie: AV-Technik\nreference: invoice\numzug: zgeln\nankunftszustand: intakt\n','2012-08-27 15:10:46','2012-08-27 15:10:46'),(275,'7ry7qw9d1ru1iprzm4xg573','50:9e:a0:2e:69:72-05:74:c2:f3:ab:10-93:3e:06:8a:15:e2',294,178,261,14,NULL,NULL,'2011-08-12','2012-08-27',NULL,NULL,'633.00',0,0,1,0,1,1,NULL,NULL,NULL,NULL,NULL,'--- !ruby/hash:ActiveSupport::HashWithIndifferentAccess\nanschaffungskategorie: AV-Technik\nreference: invoice\numzug: zgeln\nankunftszustand: intakt\n','2012-08-27 15:10:46','2012-08-27 15:10:46'),(276,'amlgfiswg1dj81511ft3574','8d:99:f4:98:67:ca-42:2d:60:93:6b:0a-f1:cc:43:9e:5d:99',294,179,262,3,NULL,NULL,'2007-08-17','2012-08-27',NULL,NULL,'363.00',0,0,1,0,1,1,NULL,NULL,NULL,NULL,NULL,'--- !ruby/hash:ActiveSupport::HashWithIndifferentAccess\nanschaffungskategorie: AV-Technik\nreference: invoice\numzug: zgeln\nankunftszustand: intakt\n','2012-08-27 15:10:46','2012-08-27 15:10:46');
/*!40000 ALTER TABLE `items` ENABLE KEYS */;
UNLOCK TABLES;

--
-- Table structure for table `languages`
--

DROP TABLE IF EXISTS `languages`;
/*!40101 SET @saved_cs_client     = @@character_set_client */;
/*!40101 SET character_set_client = utf8 */;
CREATE TABLE `languages` (
  `id` int(11) NOT NULL AUTO_INCREMENT,
  `name` varchar(255) COLLATE utf8_unicode_ci DEFAULT NULL,
  `locale_name` varchar(255) COLLATE utf8_unicode_ci DEFAULT NULL,
  `default` tinyint(1) DEFAULT NULL,
  `active` tinyint(1) DEFAULT NULL,
  PRIMARY KEY (`id`),
  UNIQUE KEY `index_languages_on_name` (`name`),
  KEY `index_languages_on_active_and_default` (`active`,`default`)
) ENGINE=InnoDB AUTO_INCREMENT=5 DEFAULT CHARSET=utf8 COLLATE=utf8_unicode_ci;
/*!40101 SET character_set_client = @saved_cs_client */;

--
-- Dumping data for table `languages`
--

LOCK TABLES `languages` WRITE;
/*!40000 ALTER TABLE `languages` DISABLE KEYS */;
INSERT INTO `languages` VALUES (1,'English','en-GB',1,1),(2,'Deutsch','de-CH',0,1),(3,'Castellano','es',0,1),(4,'Zrittsch','gsw-CH',0,1);
/*!40000 ALTER TABLE `languages` ENABLE KEYS */;
UNLOCK TABLES;

--
-- Table structure for table `locations`
--

DROP TABLE IF EXISTS `locations`;
/*!40101 SET @saved_cs_client     = @@character_set_client */;
/*!40101 SET character_set_client = utf8 */;
CREATE TABLE `locations` (
  `id` int(11) NOT NULL AUTO_INCREMENT,
  `room` varchar(255) COLLATE utf8_unicode_ci DEFAULT NULL,
  `shelf` varchar(255) COLLATE utf8_unicode_ci DEFAULT NULL,
  `building_id` int(11) DEFAULT NULL,
  PRIMARY KEY (`id`),
  KEY `index_locations_on_building_id` (`building_id`)
) ENGINE=InnoDB AUTO_INCREMENT=180 DEFAULT CHARSET=utf8 COLLATE=utf8_unicode_ci;
/*!40101 SET character_set_client = @saved_cs_client */;

--
-- Dumping data for table `locations`
--

LOCK TABLES `locations` WRITE;
/*!40000 ALTER TABLE `locations` DISABLE KEYS */;
INSERT INTO `locations` VALUES (1,'Inlibero','utvoluptas',2),(2,'Temporaillum','absunt',3),(3,'Autquod','idvero',4),(4,'Utfuga','suntexcepturi',5),(5,'Hictemporibus','inciduntquis',6),(6,'Inciduntmagni','velfugiat',7),(7,'Adipiscised','autfugiat',8),(8,'Corruptieos','nullavoluptatem',9),(9,'Nonomnis','placeatnon',10),(10,'Nisinihil','utvel',11),(11,'Quiaaccusantium','sequiiure',12),(12,'Voluptatemitaque','impeditvoluptas',13),(13,'Iustoqui','dolornostrum',14),(14,'Natuseaque','utmollitia',15),(15,'Estveniam','abet',16),(16,'Consequaturquis','inmolestiae',17),(17,'Consecteturipsum','culpased',18),(18,'Nisirem','delectusid',19),(19,'Etaccusantium','repellenduslibero',20),(20,'Abaspernatur','molestiaevelit',21),(21,'Repudiandaein','inventoreplaceat',22),(22,'Corruptivoluptatem','sitin',23),(23,'Nisivoluptatem','autunde',24),(24,'Quidelectus','nullainventore',25),(25,'Quibusdamut','illumest',26),(26,'Explicaboid','etmollitia',27),(27,'Omnislabore','nihilcorrupti',28),(28,'Voluptatumnam','voluptatevero',29),(29,'Asperioresplaceat','natusexpedita',30),(30,'Veritatismolestiae','itaqueeveniet',31),(31,'Undemagni','earem',32),(32,'Inciduntquae','consequaturea',33),(33,'Utquibusdam','recusandaequi',34),(34,'Optioreiciendis','doloribusincidunt',35),(35,'Aliquammodi','sitsimilique',36),(36,'Quiadolores','ethic',37),(37,'Consequaturea','velitet',38),(38,'Autrem','voluptatibusin',39),(39,'Oditaut','ipsumut',40),(40,'SQ2','Desk',41),(41,'UG 13','Ausgabe',42),(42,'Quisprovident','temporaet',43),(43,'Temporeblanditiis','adexpedita',44),(44,'Voluptasdolores','velquis',45),(45,'Sedvel','doloremrerum',46),(46,'Voluptasducimus','magnamlaborum',47),(47,'Nemoinventore','quisvoluptatibus',48),(48,'Blanditiisconsequatur','officiaminus',49),(49,'Estmolestiae','quidoloribus',50),(50,'Aperiamvelit','magnamvitae',51),(51,'Corporissaepe','nihilsaepe',52),(52,'Reprehenderitaliquam','doloribusquia',53),(53,'Perferendisratione','nihilut',54),(54,'Velitfacilis','etsoluta',55),(55,'Odioearum','etenim',56),(56,'Numquamquis','eossapiente',57),(57,'Voluptatesvoluptatem','evenietsit',58),(58,'Doloresmaxime','totamconsectetur',59),(59,'Ullamplaceat','distinctiofugiat',60),(60,'Atmodi','suntvoluptas',61),(61,'Exalias','voluptasofficiis',62),(62,'Voluptassuscipit','beataeaut',63),(63,'Veritatisid','odioreprehenderit',64),(64,'Placeataperiam','sitab',65),(65,'Consequatursed','autrerum',66),(66,'Numquamtempore','omnisad',67),(67,'Omniscum','eiuset',68),(68,'Doloremnam','evenietsunt',69),(69,'Ametest','voluptatemhic',70),(70,'Nesciuntvoluptatibus','totamcorporis',71),(71,'Doloremquevoluptas','magninemo',72),(72,'Eosomnis','etharum',73),(73,'Porronemo','inciduntnon',74),(74,'Enimet','etsunt',75),(75,'Consequaturunde','enimet',76),(76,'Sintconsequatur','voluptatumquisquam',77),(77,'Nonad','etdelectus',78),(78,'Repellatmolestiae','laborenam',79),(79,'Recusandaeearum','estvel',80),(80,'Eosest','tenetureaque',81),(81,'Etdolor','autemenim',82),(82,'Quibusdamnam','suscipitnon',83),(83,'Officiaaut','doloribusanimi',84),(84,'Quisadipisci','expeditaaut',85),(85,'Nobisdolore','quaeratdolor',86),(86,'Magnisint','minimaatque',87),(87,'Sintrerum','abdignissimos',88),(88,'Quoquibusdam','estaut',89),(89,'Mollitiavero','hicfugit',90),(90,'Temporaiure','autipsa',91),(91,'Similiqueperspiciatis','fugitducimus',92),(92,'Officiissapiente','idet',93),(93,'Laboruminventore','sunteum',94),(94,'Veniamcumque','sapienteamet',95),(95,'Iureofficia','idqui',96),(96,'Utqui','culparerum',97),(97,'Quaemollitia','quisquamalias',98),(98,'Assumendaquibusdam','providentrerum',99),(99,'Quisit','nisieius',100),(100,'Reiciendisnesciunt','autemrem',101),(101,'Eaquedolores','repellatnisi',102),(102,'Voluptatemqui','doloremdolor',103),(103,'Dignissimospariatur','saepeeos',104),(104,'Quamcum','utdolor',105),(105,'Vitaeid','liberoerror',106),(106,'Consecteturamet','etpraesentium',107),(107,'Sintquia','inciduntipsa',108),(108,'Nonvel','autemvoluptatum',109),(109,'Quisuscipit','illout',110),(110,'Quaeassumenda','estsed',111),(111,'Iniusto','estnobis',112),(112,'Earumeos','sintsapiente',113),(113,'Odiorepudiandae','voluptatibusvitae',114),(114,'Inet','nonest',115),(115,'Pariaturnemo','quasidebitis',116),(116,'Sapientecorrupti','aliquamconsectetur',117),(117,'Voluptatemdeleniti','etquis',119),(118,'Explicabolabore','etet',120),(119,'Voluptaset','placeatarchitecto',121),(120,'Eosodio','laudantiumillum',122),(121,'Placeatdolor','voluptatemquis',123),(122,'Velet','iustoenim',124),(123,'Etaliquam','aliasdolores',125),(124,'Rerumcorrupti','cumqueut',126),(125,'Noncorrupti','commodimaiores',127),(126,'Voluptatumcommodi','utcum',128),(127,'Omnissuscipit','quamnihil',129),(128,'Cumaut','quosnisi',130),(129,'Deseruntvelit','magnamporro',131),(130,'Velsuscipit','modiratione',132),(131,'Temporaest','nostrumfugiat',133),(132,'Velitprovident','ullameum',134),(133,'Perferendisharum','temporibusnon',135),(134,'Dolorumdeserunt','estsint',136),(135,'Sitdelectus','enimad',137),(136,'Modirerum','autemet',138),(137,'Quodaut','quaeratexercitationem',139),(138,'Expeditaaccusantium','debitisut',140),(139,'Tenetureligendi','teneturofficia',141),(140,'Quaeet','corporisvoluptatum',142),(141,'Velitvelit','debitissed',143),(142,'Quiasuscipit','earumipsum',144),(143,'Maioresconsequatur','siteius',145),(144,'Temporequam','doloremvelit',146),(145,'Quiaprovident','nullatemporibus',147),(146,'Suntassumenda','autodit',148),(147,'Sitmolestiae','nisiesse',149),(148,'Etperferendis','etest',150),(149,'Numquamnobis','eumeveniet',151),(150,'Porroquae','ipsadolor',152),(151,'Autfugiat','vitaeanimi',153),(152,'Utmodi','etest',154),(153,'Quoquidem','quistenetur',155),(154,'Hicodio','istenemo',156),(155,'Suscipitmaxime','laboriosamrecusandae',157),(156,'Doloremoccaecati','nisitenetur',158),(157,'Voluptatemvoluptatum','porrodistinctio',159),(158,'Veroquod','laborumvoluptatem',160),(159,'Quidemoptio','sitnesciunt',161),(160,'Ipsumullam','quivoluptatum',162),(161,'Eumab','veniamaperiam',163),(162,'Quismodi','nonmaxime',164),(163,'Voluptatemsed','itaqueexercitationem',165),(164,'Quoeligendi','quiadolorem',166),(165,'Eiusqui','liberoodit',167),(166,'Laborumqui','quaeprovident',168),(167,'Voluptateminventore','sitquae',169),(168,'Odittotam','atquevero',170),(169,'Utaut','autautem',171),(170,'Fugiatquisquam','adsapiente',172),(171,'Dolorlabore','quiautem',173),(172,'Velet','temporaodit',174),(173,'Undesaepe','nonvoluptatum',175),(174,'Veroeveniet','etet',176),(175,'Doloremsunt','velminus',177),(176,'Nequequod','enimmolestiae',178),(177,'Praesentiumnobis','utmaxime',179),(178,'Velcorrupti','doloremdicta',180),(179,'Minusrerum','autaut',181);
/*!40000 ALTER TABLE `locations` ENABLE KEYS */;
UNLOCK TABLES;

--
-- Table structure for table `model_group_links`
--

DROP TABLE IF EXISTS `model_group_links`;
/*!40101 SET @saved_cs_client     = @@character_set_client */;
/*!40101 SET character_set_client = utf8 */;
CREATE TABLE `model_group_links` (
  `id` int(11) NOT NULL AUTO_INCREMENT,
  `ancestor_id` int(11) DEFAULT NULL,
  `descendant_id` int(11) DEFAULT NULL,
  `direct` tinyint(1) DEFAULT NULL,
  `count` int(11) DEFAULT NULL,
  `label` varchar(255) COLLATE utf8_unicode_ci DEFAULT NULL,
  PRIMARY KEY (`id`),
  KEY `index_model_group_links_on_ancestor_id` (`ancestor_id`),
  KEY `index_model_group_links_on_direct` (`direct`),
  KEY `index_on_descendant_id_and_ancestor_id_and_direct` (`descendant_id`,`ancestor_id`,`direct`)
) ENGINE=InnoDB AUTO_INCREMENT=9 DEFAULT CHARSET=utf8 COLLATE=utf8_unicode_ci;
/*!40101 SET character_set_client = @saved_cs_client */;

--
-- Dumping data for table `model_group_links`
--

LOCK TABLES `model_group_links` WRITE;
/*!40000 ALTER TABLE `model_group_links` DISABLE KEYS */;
INSERT INTO `model_group_links` VALUES (1,2,10,1,1,NULL),(2,2,8,1,1,NULL),(3,5,10,1,1,NULL),(4,5,9,1,1,NULL),(5,1,9,1,1,NULL),(6,1,11,0,1,NULL),(7,5,11,0,1,NULL),(8,9,11,1,1,NULL);
/*!40000 ALTER TABLE `model_group_links` ENABLE KEYS */;
UNLOCK TABLES;

--
-- Table structure for table `model_groups`
--

DROP TABLE IF EXISTS `model_groups`;
/*!40101 SET @saved_cs_client     = @@character_set_client */;
/*!40101 SET character_set_client = utf8 */;
CREATE TABLE `model_groups` (
  `id` int(11) NOT NULL AUTO_INCREMENT,
  `type` varchar(255) COLLATE utf8_unicode_ci DEFAULT NULL,
  `name` varchar(255) COLLATE utf8_unicode_ci DEFAULT NULL,
  `created_at` datetime DEFAULT NULL,
  `updated_at` datetime DEFAULT NULL,
  PRIMARY KEY (`id`),
  KEY `index_model_groups_on_type` (`type`)
) ENGINE=InnoDB AUTO_INCREMENT=15 DEFAULT CHARSET=utf8 COLLATE=utf8_unicode_ci;
/*!40101 SET character_set_client = @saved_cs_client */;

--
-- Dumping data for table `model_groups`
--

LOCK TABLES `model_groups` WRITE;
/*!40000 ALTER TABLE `model_groups` DISABLE KEYS */;
INSERT INTO `model_groups` VALUES (1,'Category','Beamer','2012-08-27 15:10:46','2012-08-27 15:10:46'),(2,'Category','Kameras','2012-08-27 15:10:46','2012-08-27 15:10:46'),(3,'Category','Stative','2012-08-27 15:10:46','2012-08-27 15:10:46'),(4,'Category','Hifi-Anlagen','2012-08-27 15:10:46','2012-08-27 15:10:46'),(5,'Category','Notebooks','2012-08-27 15:10:46','2012-08-27 15:10:46'),(6,'Category','RC Helikopter','2012-08-27 15:10:46','2012-08-27 15:10:46'),(7,'Category','Computer','2012-08-27 15:10:46','2012-08-27 15:10:46'),(8,'Category','Kurzdistanz','2012-08-27 15:10:46','2012-08-27 15:10:46'),(9,'Category','Portabel','2012-08-27 15:10:46','2012-08-27 15:10:46'),(10,'Category','Standard','2012-08-27 15:10:46','2012-08-27 15:10:46'),(11,'Category','Micro','2012-08-27 15:10:46','2012-08-27 15:10:46'),(12,'Template','Kamera & Stativ','2012-08-27 15:10:46','2012-08-27 15:10:46'),(13,'Template','Beamer & Hifi','2012-08-27 15:10:46','2012-08-27 15:10:46'),(14,'Template','Unaccomplishable template','2012-08-27 15:10:46','2012-08-27 15:10:46');
/*!40000 ALTER TABLE `model_groups` ENABLE KEYS */;
UNLOCK TABLES;

--
-- Table structure for table `model_links`
--

DROP TABLE IF EXISTS `model_links`;
/*!40101 SET @saved_cs_client     = @@character_set_client */;
/*!40101 SET character_set_client = utf8 */;
CREATE TABLE `model_links` (
  `id` int(11) NOT NULL AUTO_INCREMENT,
  `model_group_id` int(11) DEFAULT NULL,
  `model_id` int(11) DEFAULT NULL,
  `quantity` int(11) DEFAULT '1',
  PRIMARY KEY (`id`),
  KEY `index_model_links_on_model_id_and_model_group_id` (`model_id`,`model_group_id`),
  KEY `index_model_links_on_model_group_id_and_model_id` (`model_group_id`,`model_id`)
) ENGINE=InnoDB AUTO_INCREMENT=73 DEFAULT CHARSET=utf8 COLLATE=utf8_unicode_ci;
/*!40101 SET character_set_client = @saved_cs_client */;

--
-- Dumping data for table `model_links`
--

LOCK TABLES `model_links` WRITE;
/*!40000 ALTER TABLE `model_links` DISABLE KEYS */;
INSERT INTO `model_links` VALUES (1,1,54,1),(2,9,54,1),(3,1,55,1),(4,1,56,1),(5,1,58,1),(6,9,58,1),(7,11,59,1),(8,1,60,1),(9,1,61,1),(10,1,62,1),(11,1,63,1),(12,1,64,1),(13,1,65,1),(14,1,66,1),(15,1,67,1),(16,1,68,1),(17,1,69,1),(18,1,70,1),(19,1,71,1),(20,1,72,1),(21,1,73,1),(22,1,74,1),(23,1,75,1),(24,1,76,1),(25,1,77,1),(26,1,78,1),(27,1,79,1),(28,2,80,1),(29,2,81,1),(30,2,82,1),(31,2,83,1),(32,2,84,1),(33,2,85,1),(34,2,86,1),(35,2,87,1),(36,2,88,1),(37,2,89,1),(38,2,90,1),(39,2,91,1),(40,2,92,1),(41,2,93,1),(42,2,94,1),(43,2,95,1),(44,2,96,1),(45,2,97,1),(46,2,98,1),(47,2,99,1),(48,2,100,1),(49,2,101,1),(50,2,102,1),(51,2,103,1),(52,2,104,1),(53,2,105,1),(54,2,106,1),(55,2,107,1),(56,2,108,1),(57,2,109,1),(58,2,110,1),(59,4,111,1),(60,3,112,1),(61,12,80,1),(62,12,112,1),(63,13,54,1),(64,13,111,1),(65,14,80,999),(66,14,112,999),(67,2,141,1),(68,7,142,1),(69,5,143,1),(70,6,144,1),(71,6,145,1),(72,6,146,1);
/*!40000 ALTER TABLE `model_links` ENABLE KEYS */;
UNLOCK TABLES;

--
-- Table structure for table `models`
--

DROP TABLE IF EXISTS `models`;
/*!40101 SET @saved_cs_client     = @@character_set_client */;
/*!40101 SET character_set_client = utf8 */;
CREATE TABLE `models` (
  `id` int(11) NOT NULL AUTO_INCREMENT,
  `type` varchar(255) COLLATE utf8_unicode_ci NOT NULL DEFAULT 'Model',
  `manufacturer` varchar(255) COLLATE utf8_unicode_ci DEFAULT NULL,
  `product` varchar(255) COLLATE utf8_unicode_ci NOT NULL,
  `version` varchar(255) COLLATE utf8_unicode_ci DEFAULT NULL,
  `description` text COLLATE utf8_unicode_ci,
  `internal_description` text COLLATE utf8_unicode_ci,
  `info_url` varchar(255) COLLATE utf8_unicode_ci DEFAULT NULL,
  `rental_price` decimal(8,2) DEFAULT NULL,
  `maintenance_period` int(11) DEFAULT '0',
  `is_package` tinyint(1) DEFAULT '0',
  `technical_detail` text COLLATE utf8_unicode_ci,
  `hand_over_note` text COLLATE utf8_unicode_ci,
  `created_at` datetime DEFAULT NULL,
  `updated_at` datetime DEFAULT NULL,
  PRIMARY KEY (`id`),
  KEY `index_models_on_is_package` (`is_package`),
  KEY `index_models_on_type` (`type`)
) ENGINE=InnoDB AUTO_INCREMENT=298 DEFAULT CHARSET=utf8 COLLATE=utf8_unicode_ci;
/*!40101 SET character_set_client = @saved_cs_client */;

--
-- Dumping data for table `models`
--

LOCK TABLES `models` WRITE;
/*!40000 ALTER TABLE `models` DISABLE KEYS */;
INSERT INTO `models` VALUES (1,'Model','Fisher-Hyatt','Rustic Plastic Car','587','Velit aut blanditiis maxime aspernatur quasi voluptas nihil eligendi.','Ex quia possimus accusamus explicabo.',NULL,NULL,2,0,'Et est quae quaerat excepturi nemo qui ut fugiat.','Rerum consequatur veritatis fugiat nobis laudantium consequuntur dolore.','2012-08-27 15:10:46','2012-08-27 15:10:46'),(2,'Model','Hudson-Hauck','Rustic Rubber Pants','588','Incidunt corporis modi itaque dolor ipsa atque error.','Laudantium a distinctio ut.',NULL,NULL,0,0,'Quidem dicta sunt saepe nulla ut voluptatibus corporis.','Est cupiditate eum maiores exercitationem eos.','2012-08-27 15:10:46','2012-08-27 15:10:46'),(3,'Model','Stroman Inc','Small Wooden Pants','589','Vitae repellat consequatur voluptas minus qui sed molestias.','Omnis voluptatem iste ullam odit quia.',NULL,NULL,0,0,'Omnis amet soluta possimus accusantium aut.','Consequatur laboriosam sapiente enim sint deleniti est.','2012-08-27 15:10:46','2012-08-27 15:10:46'),(4,'Model','Satterfield and Sons','Intelligent Plastic Shirt','590','Voluptatibus totam sint sed voluptas.','Dolor enim exercitationem nesciunt sit.',NULL,NULL,2,0,'Quo sint vel adipisci.','Impedit ut harum expedita temporibus eveniet.','2012-08-27 15:10:46','2012-08-27 15:10:46'),(5,'Model','Denesik and Sons','Awesome Granite Table','591','Adipisci ex omnis laudantium aut dolorem rerum.','Nemo tempora molestiae et similique omnis est.',NULL,NULL,0,0,'Minus totam et iste nisi sint natus quo sit.','Culpa libero doloremque tempora.','2012-08-27 15:10:46','2012-08-27 15:10:46'),(6,'Model','Leffler, Casper and Schuster','Awesome Wooden Car','592','Reprehenderit repellendus fugit quis corrupti.','Delectus consequatur aut tempora rem consequatur.',NULL,NULL,0,0,'Et eveniet soluta expedita perferendis in atque.','Est libero in temporibus est unde sunt reiciendis.','2012-08-27 15:10:46','2012-08-27 15:10:46'),(7,'Model','Hyatt LLC','Sleek Granite Hat','593','Commodi qui a autem sit iusto natus corrupti.','Qui sed accusantium ullam.',NULL,NULL,2,0,'Voluptate hic amet aut deleniti.','Vel reiciendis est enim rerum magni.','2012-08-27 15:10:46','2012-08-27 15:10:46'),(8,'Model','Lind Group','Gorgeous Granite Table','594','Ea quae labore dolorem dolorum perspiciatis necessitatibus.','Facilis est a deserunt dolor quo.',NULL,NULL,3,0,'Odio at vero aut libero hic excepturi alias.','Corporis nihil eum omnis voluptatum velit ex.','2012-08-27 15:10:46','2012-08-27 15:10:46'),(9,'Model','Rice, Bailey and Moen','Ergonomic Plastic Shirt','595','Eveniet voluptates asperiores ab ut nobis ducimus reprehenderit aut.','Corrupti eum libero tenetur impedit consequuntur in nemo.',NULL,NULL,1,0,'Rerum illo velit perspiciatis ipsam nihil porro.','Non eos quidem excepturi sapiente repellat et.','2012-08-27 15:10:46','2012-08-27 15:10:46'),(10,'Model','Lakin, Veum and Waters','Fantastic Plastic Pants','596','Soluta dolorem nihil quia repellat.','Minima repudiandae non sint doloremque.',NULL,NULL,1,0,'Debitis consequatur sint in vel totam sunt veritatis ut.','Consectetur quo eos eum ut.','2012-08-27 15:10:46','2012-08-27 15:10:46'),(11,'Model','Daniel-Von','Awesome Cotton Gloves','597','Qui vel animi ratione et doloribus inventore ut non.','Aut optio dignissimos numquam.',NULL,NULL,0,0,'Quidem perspiciatis officiis quasi sequi vel.','Et libero tenetur aut occaecati et nemo.','2012-08-27 15:10:46','2012-08-27 15:10:46'),(12,'Model','Gerhold, Cartwright and Hilpert','Rustic Rubber Table','598','Et recusandae illo sed quia magni.','Accusamus hic excepturi esse et.',NULL,NULL,1,0,'Et itaque doloremque atque.','Nam quis quibusdam similique ut tempore sequi cumque voluptatem.','2012-08-27 15:10:46','2012-08-27 15:10:46'),(13,'Model','Veum-Lesch','Intelligent Rubber Shirt','599','Quidem veritatis et mollitia nisi.','Et repudiandae et sit tempora vel quasi.',NULL,NULL,0,0,'Quo sit nam enim ipsa facere facilis maiores eos.','Dolor nisi facere quisquam corrupti similique aut fuga.','2012-08-27 15:10:46','2012-08-27 15:10:46'),(14,'Model','Armstrong-Lockman','Intelligent Concrete Hat','600','Ipsam accusantium deleniti omnis aliquam in.','Velit accusamus rerum est esse aliquam.',NULL,NULL,3,0,'Necessitatibus sed sit officiis exercitationem fugit reprehenderit consequuntur quae.','In ut architecto incidunt commodi.','2012-08-27 15:10:46','2012-08-27 15:10:46'),(15,'Model','Schamberger Inc','Small Steel Chair','601','Earum minima magnam dolorem neque et.','Maiores ut similique rerum maxime.',NULL,NULL,1,0,'Corrupti dicta aliquid illum vel iure aut velit.','Quaerat quis neque expedita.','2012-08-27 15:10:46','2012-08-27 15:10:46'),(16,'Model','Pfannerstill-Fisher','Practical Cotton Pants','602','Ut maiores qui sunt rerum assumenda eos quis ut.','Quibusdam distinctio error consequuntur et consequatur ipsa accusantium.',NULL,NULL,3,0,'Placeat molestias ea expedita possimus ut aut reiciendis quidem.','Itaque et quidem sequi.','2012-08-27 15:10:46','2012-08-27 15:10:46'),(17,'Model','Christiansen, Hyatt and Schneider','Rustic Concrete Pants','603','Provident nulla ut illo eligendi reprehenderit sed fugiat nihil.','Nostrum quia ut et asperiores.',NULL,NULL,1,0,'Optio velit pariatur molestiae doloribus minima ducimus unde.','Vel aliquam cum rerum qui est occaecati quia dolores.','2012-08-27 15:10:46','2012-08-27 15:10:46'),(18,'Model','Feil Inc','Practical Rubber Car','604','Debitis qui explicabo quaerat.','Autem amet sit et expedita beatae deserunt enim tempore.',NULL,NULL,3,0,'Sint quidem eveniet itaque perferendis ratione corporis.','Libero est cum iste.','2012-08-27 15:10:46','2012-08-27 15:10:46'),(19,'Model','Roberts, O\'Keefe and Gislason','Awesome Wooden Computer','605','Nihil accusamus harum omnis praesentium eum.','Magni aspernatur eveniet voluptatem.',NULL,NULL,1,0,'Voluptas ducimus soluta quis et nemo quia et.','Minima consequatur quia ut molestiae.','2012-08-27 15:10:46','2012-08-27 15:10:46'),(20,'Model','Friesen-Ferry','Gorgeous Plastic Shoes','606','Atque earum quia nesciunt blanditiis.','Aut qui accusantium ea.',NULL,NULL,1,0,'Velit neque et veniam maiores.','Fugit vero aut voluptatem.','2012-08-27 15:10:46','2012-08-27 15:10:46'),(21,'Model','Swaniawski-Welch','Rustic Cotton Hat','607','Vero et harum magni laudantium asperiores.','Quia sapiente eveniet deserunt laboriosam nesciunt quam amet.',NULL,NULL,2,0,'Eaque autem distinctio et dolor corporis ut exercitationem non.','Sint quia non iste ad dolores enim quod.','2012-08-27 15:10:46','2012-08-27 15:10:46'),(22,'Model','Beier and Sons','Ergonomic Steel Table','608','Qui aut autem recusandae necessitatibus maxime.','Sed odio quidem dolorum maiores similique nulla est totam.',NULL,NULL,1,0,'Debitis voluptas cum eaque.','Qui a in asperiores quidem quia iusto ut ullam.','2012-08-27 15:10:46','2012-08-27 15:10:46'),(23,'Model','Jacobi-Halvorson','Practical Wooden Computer','609','Nobis occaecati aut totam officiis non porro.','Illo dolorem maiores id quae et ipsum vero.',NULL,NULL,1,0,'Sed corrupti magnam dolor est ratione.','Repellendus et officia nesciunt aut enim qui quis autem.','2012-08-27 15:10:46','2012-08-27 15:10:46'),(24,'Model','Homenick-Hagenes','Incredible Steel Chair','610','Id porro provident ducimus.','Est soluta non neque quo dolores aperiam eos.',NULL,NULL,1,0,'Itaque dolorum enim dolor cumque nemo.','Excepturi repellat et natus illo ut sint adipisci et.','2012-08-27 15:10:46','2012-08-27 15:10:46'),(25,'Model','Hahn Group','Practical Cotton Chair','611','Assumenda soluta molestiae officiis sunt non quis.','Animi saepe reprehenderit voluptatem itaque ad in occaecati optio.',NULL,NULL,0,0,'Veritatis ea molestias dignissimos dolor sed.','Quod hic libero non.','2012-08-27 15:10:46','2012-08-27 15:10:46'),(26,'Model','Will-Ullrich','Ergonomic Plastic Chair','612','Tempore ut eum ut magnam cum libero distinctio.','Expedita placeat voluptas soluta nihil repudiandae quo temporibus.',NULL,NULL,0,0,'Esse similique cum fugiat rerum placeat.','Odio ab dicta iste.','2012-08-27 15:10:46','2012-08-27 15:10:46'),(27,'Model','Schaefer Inc','Intelligent Cotton Shirt','613','Adipisci neque quisquam consequatur velit deserunt facere ea vero.','Voluptate ex impedit accusantium natus et.',NULL,NULL,0,0,'Facere accusantium eos fugit et.','Sit nihil quos nostrum adipisci.','2012-08-27 15:10:46','2012-08-27 15:10:46'),(28,'Model','Abernathy LLC','Rustic Wooden Chair','614','Et natus excepturi eius dolores iste et et.','Sint sed deleniti impedit minus quae est.',NULL,NULL,1,0,'Fugiat aut illo ut et cupiditate sunt.','Optio quas sed fuga reiciendis.','2012-08-27 15:10:46','2012-08-27 15:10:46'),(29,'Model','Roob LLC','Sleek Steel Hat','615','Dolor natus ab asperiores odit.','Aut architecto fuga provident.',NULL,NULL,2,0,'Saepe mollitia sit at.','Sit velit enim provident quia consequuntur rerum temporibus voluptate.','2012-08-27 15:10:46','2012-08-27 15:10:46'),(30,'Model','Mohr, Howell and Beahan','Practical Wooden Pants','616','Corrupti modi beatae totam eos minus impedit quia dolores.','Laudantium sed molestiae est provident occaecati accusamus ullam fugiat.',NULL,NULL,3,0,'Dolore esse maiores odio.','Et voluptates tenetur aliquam atque.','2012-08-27 15:10:46','2012-08-27 15:10:46'),(31,'Model','Legros, Kris and Berge','Awesome Concrete Shirt','617','Voluptatem labore harum deleniti excepturi dolor tempore ipsum amet.','Sed provident voluptas animi doloremque tenetur aliquid id.',NULL,NULL,3,0,'Vero harum quo consequatur sed sint soluta ad.','Porro magni vitae in minima rerum.','2012-08-27 15:10:46','2012-08-27 15:10:46'),(32,'Model','Ondricka Group','Gorgeous Plastic Pants','618','Fugiat qui quibusdam autem aut doloribus et.','Atque odio facilis itaque est doloribus.',NULL,NULL,3,0,'Consequuntur voluptatum explicabo quo maxime ut.','Consectetur aut cum nostrum repellat quo in quam atque.','2012-08-27 15:10:46','2012-08-27 15:10:46'),(33,'Model','Braun LLC','Incredible Wooden Table','619','Placeat eos minus et officia.','Corrupti necessitatibus at commodi voluptatum odit maiores.',NULL,NULL,1,0,'Cupiditate officia qui architecto vel.','Quidem magni et vitae suscipit similique nostrum.','2012-08-27 15:10:46','2012-08-27 15:10:46'),(34,'Model','Breitenberg Inc','Incredible Granite Hat','620','Non ea corporis ut autem sed eveniet et qui.','Aperiam quis assumenda illum quibusdam dolores quos.',NULL,NULL,1,0,'Eum sit nihil ea nemo consequatur.','Nisi eos molestiae ut enim rerum sint.','2012-08-27 15:10:46','2012-08-27 15:10:46'),(35,'Model','Streich, Leannon and Lockman','Gorgeous Granite Gloves','621','Tempora placeat voluptatem ex nemo explicabo.','Perferendis ut qui illum deserunt minus doloribus.',NULL,NULL,2,0,'Exercitationem excepturi culpa iste in deserunt.','Est deleniti sed dolores sed omnis animi sit.','2012-08-27 15:10:46','2012-08-27 15:10:46'),(36,'Model','Schamberger, Kerluke and Goyette','Rustic Plastic Computer','622','Sit odit dicta quae laborum qui officiis qui a.','Repudiandae ex corporis labore quam consectetur veritatis quod qui.',NULL,NULL,0,0,'Reprehenderit voluptates facilis voluptas incidunt beatae repudiandae.','Ipsam voluptatibus cumque ea commodi eaque.','2012-08-27 15:10:46','2012-08-27 15:10:46'),(37,'Model','Kiehn, Baumbach and Goyette','Fantastic Concrete Chair','623','Autem laboriosam facere ut et.','Molestias culpa eum enim aliquam.',NULL,NULL,3,0,'Fuga animi provident officia voluptatibus atque eum voluptates.','Vel rem et vero dicta rerum.','2012-08-27 15:10:46','2012-08-27 15:10:46'),(38,'Model','Leuschke-Emard','Intelligent Concrete Computer','624','Quas voluptates qui minus adipisci in quia.','Dolores velit laborum alias dolorem officiis.',NULL,NULL,0,0,'Quia officiis autem culpa dignissimos aliquid impedit quae ipsum.','Dolorem velit similique laboriosam eligendi cupiditate voluptatem qui.','2012-08-27 15:10:46','2012-08-27 15:10:46'),(39,'Model','Raynor and Sons','Gorgeous Cotton Shoes','625','Iure accusantium est amet id earum rerum et vel.','Eaque sunt vel exercitationem aspernatur.',NULL,NULL,1,0,'Quasi quia sunt consequatur saepe eius quod dolorem.','Laborum fugit qui aut.','2012-08-27 15:10:46','2012-08-27 15:10:46'),(40,'Model','Goldner-Hermiston','Small Rubber Pants','626','Corrupti pariatur qui natus molestiae.','Voluptatem neque ut ut facere laboriosam.',NULL,NULL,0,0,'Eveniet aut sed iure porro explicabo aut ipsa quidem.','Ratione consectetur harum dicta enim iste.','2012-08-27 15:10:46','2012-08-27 15:10:46'),(41,'Model','Renner, Hettinger and Waelchi','Ergonomic Steel Shoes','627','Ut iusto delectus molestiae.','Iusto aliquid reiciendis omnis debitis omnis est.',NULL,NULL,3,0,'Quam nulla natus est ut quis et libero aut.','Enim animi perferendis quos ex perspiciatis.','2012-08-27 15:10:46','2012-08-27 15:10:46'),(42,'Model','Trantow, Nienow and Bednar','Small Rubber Table','628','Vitae ea consequatur soluta.','Aut enim quae impedit et.',NULL,NULL,2,0,'Sed dolor nam ipsa ratione sunt dolorem.','Et quaerat sint nobis voluptatem provident laudantium nemo id.','2012-08-27 15:10:46','2012-08-27 15:10:46'),(43,'Model','Nicolas, Stehr and Weissnat','Fantastic Plastic Chair','629','Dolorum culpa ut est.','Vitae et quidem nostrum deleniti.',NULL,NULL,1,0,'Beatae dolorem deserunt sit.','Veritatis necessitatibus et commodi expedita saepe.','2012-08-27 15:10:46','2012-08-27 15:10:46'),(44,'Model','Feil LLC','Sleek Concrete Chair','630','Rerum debitis a iure nobis quisquam autem officiis.','Nostrum itaque sit ut aliquid doloremque quibusdam.',NULL,NULL,1,0,'Blanditiis eum sit laboriosam id qui.','Ipsum et velit laboriosam et voluptatibus.','2012-08-27 15:10:46','2012-08-27 15:10:46'),(45,'Model','Gulgowski-Bernhard','Incredible Wooden Car','631','Ipsum cupiditate et minus sed voluptas tempora corporis nobis.','Minima consequatur aspernatur consequatur exercitationem pariatur qui.',NULL,NULL,3,0,'Laboriosam voluptatem qui voluptate veniam vero eligendi nobis fuga.','Est tempore aut sint natus.','2012-08-27 15:10:46','2012-08-27 15:10:46'),(46,'Model','Jerde and Sons','Gorgeous Rubber Chair','632','Libero est facilis laudantium consequuntur repellat odio et.','Iure quia eos quod veritatis qui et.',NULL,NULL,0,0,'Pariatur dicta cupiditate recusandae.','Iusto qui maxime doloremque corrupti nostrum.','2012-08-27 15:10:46','2012-08-27 15:10:46'),(47,'Model','Harvey Inc','Small Steel Car','633','Qui qui laborum alias sint qui.','Rerum ab non sit totam fugit corrupti quisquam repellat.',NULL,NULL,1,0,'Voluptatem maiores pariatur natus nulla dolorem.','Nesciunt vitae possimus pariatur perferendis repudiandae.','2012-08-27 15:10:46','2012-08-27 15:10:46'),(48,'Model','Simonis-Orn','Intelligent Wooden Computer','634','Repellat aut aut aperiam et delectus est.','Est sunt ipsam aperiam tempora dolores occaecati labore accusamus.',NULL,NULL,0,0,'Nulla at vitae praesentium eum odio ea ab.','Veniam magni et repellat quo ipsam.','2012-08-27 15:10:46','2012-08-27 15:10:46'),(49,'Model','Konopelski-Sanford','Awesome Steel Car','635','Assumenda voluptatem ut unde.','Non voluptate dolor excepturi repudiandae praesentium.',NULL,NULL,3,0,'Ea voluptas qui aut doloribus repudiandae.','Iure aut doloremque dolor.','2012-08-27 15:10:46','2012-08-27 15:10:46'),(50,'Model','Cummerata-Luettgen','Fantastic Cotton Shoes','636','Molestiae recusandae unde voluptatem qui est laborum deleniti consectetur.','Incidunt doloremque nam eligendi odio occaecati omnis tenetur odit.',NULL,NULL,3,0,'Dolore soluta sed modi.','Quam nemo autem voluptas.','2012-08-27 15:10:46','2012-08-27 15:10:46'),(51,'Model','Bernier, Rempel and Bergstrom','Sleek Cotton Shirt','637','Qui aut pariatur at.','Enim quod natus aut laborum.',NULL,NULL,3,0,'Cum ducimus vel accusamus quis expedita.','Autem ut totam impedit.','2012-08-27 15:10:46','2012-08-27 15:10:46'),(52,'Model','Schumm, Kovacek and Dooley','Intelligent Concrete Shoes','638','Consequatur unde saepe dolore odit doloribus sed ut soluta.','Dignissimos dolorem aliquid expedita id.',NULL,NULL,1,0,'Dolorem et veritatis quibusdam deleniti porro nam et et.','Et officia nihil eius sed sunt.','2012-08-27 15:10:46','2012-08-27 15:10:46'),(53,'Model','Apple','MacBookPro','639','Laptop fr Studis und Angestellte.','Corrupti enim eveniet ab ad eum.',NULL,NULL,0,0,'Accusantium ut debitis nam.','Mit Verpackung aushndigen.','2012-08-27 15:10:46','2012-08-27 15:10:46'),(54,'Model','Sharp','Sharp Beamer','123','Beamer, geeignet fr alle Verwendungszwecke.','Expedita officiis maxime veritatis vero eveniet modi saepe.',NULL,NULL,0,0,'Ut atque placeat corporis cum eveniet quibusdam.','Beamer brauch ein VGA Kabel!','2012-08-27 15:10:46','2012-08-27 15:10:46'),(55,'Model','Sharp','Sharp Beamer 2D','640','Beamer, geeignet fr alle Verwendungszwecke.','Totam aut quo repudiandae architecto error suscipit.',NULL,NULL,0,0,'Saepe inventore molestias at autem voluptatem.','Voluptatem quod doloremque nulla.','2012-08-27 15:10:46','2012-08-27 15:10:46'),(56,'Model','Panasonic','Mini Beamer','641','Beamer, geeignet fr alle Verwendungszwecke.','Et quidem ut occaecati dolor voluptatem est officia velit.',NULL,NULL,0,0,'Sunt aut voluptatibus voluptatem.','Consectetur consequatur adipisci hic.','2012-08-27 15:10:46','2012-08-27 15:10:46'),(57,'Model','Sharp','Sharp Beamer','456','Beamer, geeignet fr alle Verwendungszwecke.','Quibusdam in et et illum esse ab doloribus odio.',NULL,NULL,0,0,'Dolorem sed repudiandae laudantium eum sapiente itaque amet.','Beamer brauch ein VGA Kabel!','2012-08-27 15:10:46','2012-08-27 15:10:46'),(58,'Model','Sony','Ultra Compact Beamer','642','Besonders kleiner Beamer.','Sit tempore sed porro facere enim dolor recusandae.',NULL,NULL,0,0,'Non sint nam possimus quo libero.','Beamer brauch ein VGA Kabel!','2012-08-27 15:10:46','2012-08-27 15:10:46'),(59,'Model','Micro','Micro Beamer','643','Besonders mikro kleiner Beamer.','Tempore quia iste veritatis neque vel delectus ea laboriosam.',NULL,NULL,0,0,'Incidunt quae et illo ut sunt.','Beamer brauch ein VGA Kabel!','2012-08-27 15:10:46','2012-08-27 15:10:46'),(60,'Model','Sony','Beamer 1 ut','644','Dolore dolores quasi fugit aperiam expedita.','Sint mollitia quos quis ratione quaerat soluta sit expedita.',NULL,NULL,0,0,'Dignissimos sequi eum sapiente.','Beamer brauch ein VGA Kabel!','2012-08-27 15:10:46','2012-08-27 15:10:46'),(61,'Model','Sony','Beamer 2 doloremque','645','Facilis eligendi et illo.','Enim cum minima dolorum tenetur sit esse eos ex.',NULL,NULL,0,0,'Qui numquam ratione maiores et necessitatibus dolores quia nisi.','Beamer brauch ein VGA Kabel!','2012-08-27 15:10:46','2012-08-27 15:10:46'),(62,'Model','Sony','Beamer 3 aut','646','Eum dicta neque aut.','Voluptates et et in.',NULL,NULL,0,0,'Impedit tempora voluptas adipisci reprehenderit in eum dolorum.','Beamer brauch ein VGA Kabel!','2012-08-27 15:10:46','2012-08-27 15:10:46'),(63,'Model','Sony','Beamer 4 aut','647','Inventore autem similique facilis sit sit.','Voluptas dolor ab nihil quisquam repellendus tempora consequatur.',NULL,NULL,0,0,'Minima perspiciatis soluta ut ut aut dolorum inventore.','Beamer brauch ein VGA Kabel!','2012-08-27 15:10:46','2012-08-27 15:10:46'),(64,'Model','Sony','Beamer 5 repudiandae','648','Et consequatur nam voluptatem.','Quia impedit voluptatem praesentium id blanditiis perspiciatis soluta.',NULL,NULL,0,0,'Blanditiis earum autem molestiae beatae eos excepturi voluptatum consequatur.','Beamer brauch ein VGA Kabel!','2012-08-27 15:10:46','2012-08-27 15:10:46'),(65,'Model','Sony','Beamer 6 delectus','649','Dolores maiores consectetur excepturi deleniti aliquid.','Eligendi qui corrupti adipisci vel possimus reiciendis.',NULL,NULL,0,0,'Et cum animi quo assumenda.','Beamer brauch ein VGA Kabel!','2012-08-27 15:10:46','2012-08-27 15:10:46'),(66,'Model','Sony','Beamer 7 eius','650','Sit fugit culpa deserunt porro itaque odit maiores.','Repudiandae cum porro quaerat harum excepturi odio magni.',NULL,NULL,0,0,'Laborum accusamus qui sed velit.','Beamer brauch ein VGA Kabel!','2012-08-27 15:10:46','2012-08-27 15:10:46'),(67,'Model','Sony','Beamer 8 officia','651','Quia adipisci sed rem corporis.','Fugit in rerum dignissimos omnis illum.',NULL,NULL,0,0,'Laboriosam iure sequi ut aut aut autem necessitatibus.','Beamer brauch ein VGA Kabel!','2012-08-27 15:10:46','2012-08-27 15:10:46'),(68,'Model','Sony','Beamer 9 officia','652','Nemo quibusdam facilis qui voluptates tenetur.','Quia dolorem laudantium quisquam.',NULL,NULL,0,0,'Vitae est iure eos quasi natus et est.','Beamer brauch ein VGA Kabel!','2012-08-27 15:10:46','2012-08-27 15:10:46'),(69,'Model','Sony','Beamer 10 dolores','653','Debitis aut nesciunt consequatur aperiam et omnis.','Vero quia quia optio quia veniam quo sit.',NULL,NULL,0,0,'Omnis asperiores et sint voluptates.','Beamer brauch ein VGA Kabel!','2012-08-27 15:10:46','2012-08-27 15:10:46'),(70,'Model','Sony','Beamer 11 ad','654','Dicta blanditiis inventore voluptatem cupiditate sit.','Vitae quam dolorem alias qui voluptatem quibusdam.',NULL,NULL,0,0,'Maxime laborum officia voluptatem quia.','Beamer brauch ein VGA Kabel!','2012-08-27 15:10:46','2012-08-27 15:10:46'),(71,'Model','Sony','Beamer 12 minus','655','Excepturi inventore ea quasi nisi quo saepe et eveniet.','Temporibus quidem asperiores in ipsam et tempora libero.',NULL,NULL,0,0,'Consequatur vero ipsum perferendis.','Beamer brauch ein VGA Kabel!','2012-08-27 15:10:46','2012-08-27 15:10:46'),(72,'Model','Sony','Beamer 13 a','656','Et est dolor quia sed officiis.','Pariatur sit fuga non.',NULL,NULL,0,0,'Facilis aliquid ipsum et tempora.','Beamer brauch ein VGA Kabel!','2012-08-27 15:10:46','2012-08-27 15:10:46'),(73,'Model','Sony','Beamer 14 necessitatibus','657','Dolorum et nobis fugit quibusdam.','Commodi nostrum magni fugiat.',NULL,NULL,0,0,'Facere voluptate eos enim qui.','Beamer brauch ein VGA Kabel!','2012-08-27 15:10:46','2012-08-27 15:10:46'),(74,'Model','Sony','Beamer 15 voluptatem','658','Sunt illo libero quibusdam alias corporis nihil.','Qui esse earum animi.',NULL,NULL,0,0,'Sed aliquam omnis et eos nesciunt officia.','Beamer brauch ein VGA Kabel!','2012-08-27 15:10:46','2012-08-27 15:10:46'),(75,'Model','Sony','Beamer 16 ea','659','Dignissimos quia exercitationem aut amet eaque maxime reiciendis vel.','Dolore tempora aut voluptas reprehenderit voluptas ut.',NULL,NULL,0,0,'Beatae et qui ad eveniet sint doloribus repellendus itaque.','Beamer brauch ein VGA Kabel!','2012-08-27 15:10:46','2012-08-27 15:10:46'),(76,'Model','Sony','Beamer 17 molestiae','660','Numquam corrupti inventore et sit facere.','Molestiae sit vel amet quos soluta cumque.',NULL,NULL,0,0,'Fugiat nihil sint dolore ab similique.','Beamer brauch ein VGA Kabel!','2012-08-27 15:10:46','2012-08-27 15:10:46'),(77,'Model','Sony','Beamer 18 alias','661','Et consequatur eos magni voluptatem consequatur iure est.','Fuga nisi quasi omnis.',NULL,NULL,0,0,'Ab cum harum voluptatem quisquam error reprehenderit.','Beamer brauch ein VGA Kabel!','2012-08-27 15:10:46','2012-08-27 15:10:46'),(78,'Model','Sony','Beamer 19 voluptatem','662','Error illum excepturi veritatis est doloremque itaque.','Sapiente placeat eos exercitationem.',NULL,NULL,0,0,'Doloremque fugiat illo minima dolorem est.','Beamer brauch ein VGA Kabel!','2012-08-27 15:10:46','2012-08-27 15:10:46'),(79,'Model','Sony','Beamer 20 consectetur','663','Assumenda id modi consequatur fuga et voluptatem.','Quidem in amet dicta dignissimos ipsam fuga ex.',NULL,NULL,0,0,'Quo eius dolor officia quia laborum animi totam.','Beamer brauch ein VGA Kabel!','2012-08-27 15:10:46','2012-08-27 15:10:46'),(80,'Model','Nikon','Kamera Nikon','X12','Super Kamera.','Perferendis quo neque in.',NULL,NULL,0,0,'Earum sapiente nihil dolores fugiat ducimus velit.','Kamera brauch Akkus!','2012-08-27 15:10:46','2012-08-27 15:10:46'),(81,'Model','Nikon','Camera 1 quia','664','Magni quod voluptatem autem omnis et a sed nam.','Consequatur quia assumenda dolores itaque cumque sunt ea.',NULL,NULL,0,0,'Velit eos qui vel autem aut ratione id odio.','Mollitia sit et aut est.','2012-08-27 15:10:46','2012-08-27 15:10:46'),(82,'Model','Nikon','Camera 2 necessitatibus','665','Eius neque perferendis saepe.','Aut magni fuga hic qui officia aut.',NULL,NULL,0,0,'Blanditiis quas qui distinctio velit ut numquam quia.','Sunt quos sed reprehenderit ea in expedita ut ducimus.','2012-08-27 15:10:46','2012-08-27 15:10:46'),(83,'Model','Nikon','Camera 3 ut','666','Dicta deserunt reprehenderit esse perferendis laborum vel.','Consectetur quidem quo dolorem distinctio sed in.',NULL,NULL,0,0,'Optio dolorem quaerat eum delectus.','Quia natus dolorem ea ex at sapiente explicabo voluptatem.','2012-08-27 15:10:46','2012-08-27 15:10:46'),(84,'Model','Nikon','Camera 4 voluptas','667','Qui dolorum qui voluptatibus in sint quae aut.','Sit sequi error voluptatem cum excepturi placeat.',NULL,NULL,0,0,'Reiciendis totam id qui.','Sunt aut quia quod dolor eos pariatur architecto consequatur.','2012-08-27 15:10:46','2012-08-27 15:10:46'),(85,'Model','Nikon','Camera 5 nulla','668','Mollitia voluptatem dolore doloribus.','Qui consequatur illo quod similique.',NULL,NULL,0,0,'Quo quas quia in sit placeat.','Modi ipsa sint voluptas dignissimos corporis molestiae.','2012-08-27 15:10:46','2012-08-27 15:10:46'),(86,'Model','Nikon','Camera 6 inventore','669','At quis nostrum dolor suscipit qui.','Qui aut soluta accusamus accusantium consectetur.',NULL,NULL,0,0,'Aut deleniti a itaque minus.','Ut debitis corporis possimus.','2012-08-27 15:10:46','2012-08-27 15:10:46'),(87,'Model','Nikon','Camera 7 magnam','670','Harum maxime minima tempora.','Quia est voluptatem quo delectus.',NULL,NULL,0,0,'Inventore consequatur molestias non ea est.','Atque quae quaerat voluptatem facere est facilis.','2012-08-27 15:10:46','2012-08-27 15:10:46'),(88,'Model','Nikon','Camera 8 perspiciatis','671','Omnis eligendi sapiente facilis doloribus.','Distinctio quae ipsum aliquam aspernatur iure ut illum.',NULL,NULL,0,0,'Quo provident incidunt facere magnam.','Dolor id eius molestiae libero aut voluptatem harum voluptatibus.','2012-08-27 15:10:46','2012-08-27 15:10:46'),(89,'Model','Nikon','Camera 9 qui','672','Dolore est qui quis eaque at consectetur odit ut.','Id labore numquam facilis sint velit consequatur cumque non.',NULL,NULL,0,0,'Explicabo temporibus dolores et.','Aut quo optio nam repellat molestias vero facere sapiente.','2012-08-27 15:10:46','2012-08-27 15:10:46'),(90,'Model','Nikon','Camera 10 mollitia','673','Possimus voluptates ab tempora quae aliquid dolorem.','Et officia fugit dolorem est.',NULL,NULL,0,0,'Quisquam error ea ullam quidem perferendis.','Enim ratione provident a dicta nostrum libero qui.','2012-08-27 15:10:46','2012-08-27 15:10:46'),(91,'Model','Nikon','Camera 11 quia','674','Rem dolorem amet debitis aut laboriosam.','Molestias eius libero non.',NULL,NULL,0,0,'Ad enim possimus fugit blanditiis voluptate odio aliquid.','Reprehenderit molestiae repellat eligendi cumque dolor.','2012-08-27 15:10:46','2012-08-27 15:10:46'),(92,'Model','Nikon','Camera 12 illum','675','Libero tenetur ea error dolorem illo deserunt.','Dolor et quia ea voluptatem voluptatem distinctio quo.',NULL,NULL,0,0,'Vero officiis officia iure laboriosam praesentium.','Qui assumenda et culpa distinctio.','2012-08-27 15:10:46','2012-08-27 15:10:46'),(93,'Model','Nikon','Camera 13 ut','676','Qui ab voluptate qui possimus tenetur repudiandae beatae.','Atque quia molestiae ullam aliquam animi qui consequatur et.',NULL,NULL,0,0,'Autem nulla incidunt quia quas minus molestiae.','Non ut et adipisci rerum.','2012-08-27 15:10:46','2012-08-27 15:10:46'),(94,'Model','Nikon','Camera 14 accusantium','677','Expedita velit ad qui et modi temporibus.','Consequuntur deserunt minus placeat quidem voluptatibus et est.',NULL,NULL,0,0,'Suscipit enim sint perspiciatis.','Porro consectetur consequatur magnam similique.','2012-08-27 15:10:46','2012-08-27 15:10:46'),(95,'Model','Nikon','Camera 15 repellendus','678','Dignissimos et corporis labore.','Tempora esse qui nam.',NULL,NULL,0,0,'Deserunt velit natus et iusto.','Repudiandae nihil in non quo.','2012-08-27 15:10:46','2012-08-27 15:10:46'),(96,'Model','Nikon','Camera 16 adipisci','679','Qui fugit nostrum veritatis quas culpa voluptatem.','Placeat voluptate maiores necessitatibus delectus.',NULL,NULL,0,0,'Dolorum repellat porro aut.','Debitis reiciendis eos libero maiores.','2012-08-27 15:10:46','2012-08-27 15:10:46'),(97,'Model','Nikon','Camera 17 ipsam','680','Voluptatem libero veniam accusamus laudantium est qui voluptas sed.','Blanditiis quae exercitationem beatae asperiores qui rerum quasi molestiae.',NULL,NULL,0,0,'Excepturi aliquam explicabo rerum facilis.','Est velit iure alias ullam officiis.','2012-08-27 15:10:46','2012-08-27 15:10:46'),(98,'Model','Nikon','Camera 18 sed','681','Ea excepturi autem ipsum.','Aut totam voluptas fuga et excepturi eveniet quis.',NULL,NULL,0,0,'Perspiciatis eius hic omnis quam consectetur tempore adipisci.','Ducimus earum dicta est eius omnis et dignissimos distinctio.','2012-08-27 15:10:46','2012-08-27 15:10:46'),(99,'Model','Nikon','Camera 19 vel','682','Totam ab laudantium provident reiciendis sit aut.','Nostrum saepe unde recusandae neque.',NULL,NULL,0,0,'Et quis dolorem earum exercitationem ratione.','Nam corrupti architecto molestiae.','2012-08-27 15:10:46','2012-08-27 15:10:46'),(100,'Model','Nikon','Camera 20 doloremque','683','Earum provident dolores minus qui vitae.','Similique totam nesciunt ipsum debitis.',NULL,NULL,0,0,'Et molestias non quae recusandae id dolores similique.','Repellat eos hic quidem sapiente eos repellendus voluptatum quia.','2012-08-27 15:10:46','2012-08-27 15:10:46'),(101,'Model','Nikon','Camera 21 ab','684','Reprehenderit sequi vel odit.','Ab sed ea voluptas exercitationem dolores.',NULL,NULL,0,0,'Ad asperiores ut rerum.','Impedit omnis quasi voluptatem est voluptate provident.','2012-08-27 15:10:46','2012-08-27 15:10:46'),(102,'Model','Nikon','Camera 22 sequi','685','Esse quibusdam exercitationem quia ducimus veritatis velit a deleniti.','Omnis sapiente hic est qui consequatur ut beatae dolores.',NULL,NULL,0,0,'Id voluptas ullam ea omnis et.','Et quasi sit cumque doloremque a nisi.','2012-08-27 15:10:46','2012-08-27 15:10:46'),(103,'Model','Nikon','Camera 23 ad','686','Delectus omnis aut ut et possimus et.','Impedit consequatur aut quia veritatis asperiores.',NULL,NULL,0,0,'Ad cupiditate magni quod sed.','Expedita dicta voluptatem qui aut.','2012-08-27 15:10:46','2012-08-27 15:10:46'),(104,'Model','Nikon','Camera 24 dolores','687','Magni iure quod cupiditate necessitatibus.','Qui tempora et explicabo eaque fugiat nihil aut consequuntur.',NULL,NULL,0,0,'Aliquid laudantium deleniti et et illo expedita suscipit.','Sapiente omnis sunt aut quam in.','2012-08-27 15:10:46','2012-08-27 15:10:46'),(105,'Model','Nikon','Camera 25 ut','688','Illo aut qui iusto.','Quia culpa labore architecto eos doloribus quis.',NULL,NULL,0,0,'Non facilis debitis quia officia velit sint eveniet.','Expedita qui modi ducimus esse id.','2012-08-27 15:10:46','2012-08-27 15:10:46'),(106,'Model','Nikon','Camera 26 voluptatum','689','Sed unde et ab laudantium blanditiis.','Est assumenda tempora nobis voluptatibus.',NULL,NULL,0,0,'Facere ullam minus vel omnis debitis alias.','Cum rerum quibusdam quasi est.','2012-08-27 15:10:46','2012-08-27 15:10:46'),(107,'Model','Nikon','Camera 27 aliquid','690','At et accusantium dolores quia.','Perspiciatis harum corrupti laborum nobis.',NULL,NULL,0,0,'Odit ea consequatur temporibus.','Et sapiente illum et.','2012-08-27 15:10:46','2012-08-27 15:10:46'),(108,'Model','Nikon','Camera 28 ratione','691','Quasi quo est distinctio recusandae optio commodi dicta velit.','Qui laboriosam quae dolor libero voluptatem voluptas.',NULL,NULL,0,0,'Provident iure sint occaecati consectetur voluptatem.','Quia natus quisquam deserunt incidunt voluptatem.','2012-08-27 15:10:46','2012-08-27 15:10:46'),(109,'Model','Nikon','Camera 29 dolor','692','Nihil aut sed enim minima quod.','Pariatur temporibus cumque a recusandae.',NULL,NULL,0,0,'Est et nisi enim nulla sed.','Quos ducimus ut repellendus doloremque et unde quis.','2012-08-27 15:10:46','2012-08-27 15:10:46'),(110,'Model','Nikon','Camera 30 molestiae','693','Et doloribus iure minima provident voluptatem.','Nemo odit quasi qui maxime excepturi numquam veniam consequatur.',NULL,NULL,0,0,'Rerum ut et explicabo.','Asperiores ut aut eos.','2012-08-27 15:10:46','2012-08-27 15:10:46'),(111,'Model','Sony','Hifi Standard','694','Laborum animi architecto fugiat rem sit.','Voluptatem et atque est sequi.',NULL,NULL,1,0,'Accusamus dicta impedit officiis.','Iusto beatae ea suscipit temporibus amet explicabo aut voluptates.','2012-08-27 15:10:46','2012-08-27 15:10:46'),(112,'Model','Feli','Kamera Stativ','123','Stabiles Kamera Stativ','Aut commodi et quas.',NULL,NULL,0,0,'Ipsa eos facere veniam et cumque esse vel.','Stativ muss mit Stativtasche ausgehndigt werden.','2012-08-27 15:10:46','2012-08-27 15:10:46'),(113,'Model','Bose','BoseSleek Cotton Car','695','Nesciunt laborum neque pariatur quia quia expedita. Nesciunt aut ad qui harum voluptatem quia. Est magni illum quibusdam neque consequatur autem illo.','Corporis nesciunt distinctio sapiente nemo occaecati dolores vitae laborum.',NULL,NULL,0,0,'Consequatur aut molestiae recusandae nulla.','Illum aut explicabo aliquid maxime impedit ea velit recusandae.','2012-08-27 15:10:46','2012-08-27 15:10:46'),(114,'Model','Bose','BoseSleek Concrete Shoes','696','Excepturi et sequi cumque tempora eveniet. Amet exercitationem inventore fuga laborum mollitia sed enim. Qui dolorem vel voluptas non perferendis totam.','Animi ut qui optio quam veritatis quia.',NULL,NULL,0,0,'Veritatis aperiam iste in non soluta aut.','Et consectetur ipsum possimus sit.','2012-08-27 15:10:46','2012-08-27 15:10:46'),(115,'Model','MacGyver-Conroy','Kamera Set','700','Ut expedita dolorem laudantium doloribus quasi quia placeat dolores.','Accusantium et et amet porro.',NULL,NULL,0,1,'Dolor quasi sed minus in.','Eligendi aliquam unde voluptate sed dolorum non a nam.','2012-08-27 15:10:46','2012-08-27 15:10:46'),(116,'Model','Barton, Kassulke and Jacobs','Awesome Plastic Shirt','701','Soluta aut exercitationem aperiam culpa velit odio eum.','Voluptatem id et blanditiis aut alias ratione sed.',NULL,NULL,1,0,'Sit est nobis natus deserunt voluptatem ex numquam.','Consequatur distinctio earum nihil iste ut eos nemo corrupti.','2012-08-27 15:10:46','2012-08-27 15:10:46'),(117,'Model','Dooley Inc','Small Steel Computer','702','Corrupti dolor ipsa dolorem quisquam vitae.','Et et voluptates ut.',NULL,NULL,0,0,'Expedita nobis rerum magnam ullam nihil culpa eos.','Recusandae similique nobis voluptas autem quo ad quis.','2012-08-27 15:10:46','2012-08-27 15:10:46'),(118,'Model','Jenkins LLC','Awesome Wooden Pants','703','Amet sit explicabo architecto culpa mollitia fuga ut repellat.','Nesciunt officia doloribus aut eveniet.',NULL,NULL,0,0,'Aperiam sapiente rerum quos sunt soluta.','Voluptas eos laborum exercitationem ullam modi ex ab iste.','2012-08-27 15:10:46','2012-08-27 15:10:46'),(119,'Model','Lindgren, Renner and Kozey','Gorgeous Granite Car','704','Reprehenderit aspernatur dolores explicabo libero natus maxime debitis autem.','Vitae a ullam dolorem corporis quia.',NULL,NULL,2,0,'Mollitia molestias sit omnis esse voluptatem qui velit maxime.','Iste omnis autem fuga exercitationem nam doloremque.','2012-08-27 15:10:46','2012-08-27 15:10:46'),(120,'Model','Lindgren LLC','Awesome Concrete Pants','705','Consequuntur voluptas blanditiis eos.','Corrupti aut sunt cum enim id odit ut impedit.',NULL,NULL,3,0,'Animi distinctio iste fuga fugiat dolor ut ipsam.','Modi reprehenderit voluptatum sed labore cumque explicabo non.','2012-08-27 15:10:46','2012-08-27 15:10:46'),(121,'Model','Maggio, Bradtke and Kovacek','Intelligent Rubber Shoes','706','Ab non natus tempora exercitationem in.','Culpa vel laborum rerum assumenda dolores aut et omnis.',NULL,NULL,3,0,'Voluptatum voluptatem voluptas neque quis hic officia amet rerum.','Atque nihil labore voluptatibus fugit ullam dolorem repudiandae repellat.','2012-08-27 15:10:46','2012-08-27 15:10:46'),(122,'Model','Hettinger LLC','Practical Wooden Table','707','Voluptatum assumenda ea reprehenderit dolorem dolorum quia ratione fuga.','Et dicta harum qui.',NULL,NULL,2,0,'Qui ad doloribus voluptas repudiandae dolores dignissimos.','Et officiis omnis asperiores corporis ipsam accusantium illum dolorem.','2012-08-27 15:10:46','2012-08-27 15:10:46'),(123,'Model','Feest, Schaden and Beier','Practical Concrete Pants','708','Mollitia nesciunt iure ex ipsum delectus aliquid.','Nobis sint et ducimus.',NULL,NULL,2,0,'Eius nostrum sint est.','Necessitatibus quaerat minus delectus et iure commodi voluptas a.','2012-08-27 15:10:46','2012-08-27 15:10:46'),(124,'Model','Durgan, Pollich and Strosin','Incredible Wooden Gloves','709','Perspiciatis quo accusamus sed ea.','Aut consequatur temporibus dolores quod.',NULL,NULL,1,0,'Quidem modi fugit aut.','Eligendi unde sed quos et alias vero.','2012-08-27 15:10:46','2012-08-27 15:10:46'),(125,'Model','Schiller and Sons','Sleek Concrete Computer','710','Iusto fugit est ea aut reprehenderit voluptatibus enim.','Odio facere et eius.',NULL,NULL,1,0,'Repudiandae error illum iure aut ullam.','Dolore et voluptatem earum suscipit ut in est.','2012-08-27 15:10:46','2012-08-27 15:10:46'),(126,'Model','Fadel, Emmerich and Ledner','Rustic Granite Shirt','711','Corporis quos iusto voluptatum nobis vel fugit dolorem.','Ea voluptatem suscipit nulla neque illum molestias quia similique.',NULL,NULL,3,0,'Assumenda quia ut et voluptas voluptatem quos nam enim.','Commodi magnam quae ullam provident consequatur natus rerum modi.','2012-08-27 15:10:46','2012-08-27 15:10:46'),(127,'Model','Abernathy, Beatty and Howell','Incredible Rubber Gloves','712','Qui praesentium assumenda corporis explicabo eos voluptatem.','Sed et dolor atque autem facere.',NULL,NULL,1,0,'Earum eius est rem ipsam voluptatibus.','Et fugiat voluptatibus nihil qui non eos.','2012-08-27 15:10:46','2012-08-27 15:10:46'),(128,'Model','Tremblay, Spinka and Koelpin','Kamera Set2','713','Similique enim nihil aut.','Repellat et quisquam quaerat modi.',NULL,NULL,2,1,'Est laboriosam eaque ut.','Illum similique veritatis a nihil exercitationem et.','2012-08-27 15:10:46','2012-08-27 15:10:46'),(129,'Model','Gulgowski-Botsford','Small Wooden Gloves','714','Expedita corporis ut numquam quia.','Iusto est accusantium repellendus laboriosam nisi et.',NULL,NULL,1,0,'Dolorem quod quia iure est repellat.','Nobis rerum sit quaerat sed.','2012-08-27 15:10:46','2012-08-27 15:10:46'),(130,'Model','Jacobi, Schuppe and Fahey','Incredible Steel Computer','715','Odio dolor animi inventore dolores voluptatem.','Nisi magnam corporis odio voluptas nihil ut libero.',NULL,NULL,0,0,'Omnis laboriosam fugit sed dignissimos ut.','Veniam et fugiat modi.','2012-08-27 15:10:46','2012-08-27 15:10:46'),(131,'Model','Keebler-Lemke','Fantastic Rubber Chair','716','Rerum esse iusto ducimus eius quia distinctio dolores est.','Nulla fugiat voluptatibus iste omnis aut.',NULL,NULL,2,0,'Velit aut beatae sapiente.','Ea velit in doloremque omnis rerum animi rem aperiam.','2012-08-27 15:10:46','2012-08-27 15:10:46'),(132,'Model','Douglas-Denesik','Small Plastic Shirt','717','Ea sit molestias qui qui dicta alias quaerat rerum.','Explicabo aut est molestiae sapiente quam quae.',NULL,NULL,1,0,'Et et dolor inventore omnis illo rem.','Necessitatibus distinctio eum amet rerum commodi placeat dolorum.','2012-08-27 15:10:46','2012-08-27 15:10:46'),(133,'Model','Abbott, Waelchi and Fisher','Small Granite Table','718','Eveniet ratione fuga molestiae.','Est qui qui harum molestiae.',NULL,NULL,2,0,'A iure fuga in earum perspiciatis consequatur repellat.','Cum quod sint voluptatibus et qui.','2012-08-27 15:10:46','2012-08-27 15:10:46'),(134,'Model','Gutmann Inc','Incredible Steel Shirt','719','Facere nihil incidunt vel fugit quod.','Perspiciatis et eaque ducimus quia id aut quo.',NULL,NULL,1,0,'Labore quo qui ratione et natus.','Qui quia ut eaque velit tempora quia.','2012-08-27 15:10:46','2012-08-27 15:10:46'),(135,'Model','Kemmer-Bogisich','Ergonomic Granite Computer','720','Quas porro tempora esse perferendis.','Aut exercitationem quo et.',NULL,NULL,3,0,'Odio numquam modi accusantium ut veniam fugit provident ut.','Aut fuga placeat alias.','2012-08-27 15:10:46','2012-08-27 15:10:46'),(136,'Model','Boyer and Sons','Fantastic Steel Chair','721','Quia reprehenderit occaecati est non autem dolores.','Ea temporibus sit modi voluptatem quia nam.',NULL,NULL,0,0,'Possimus eos tempore est et.','Et fugiat in impedit ut enim animi.','2012-08-27 15:10:46','2012-08-27 15:10:46'),(137,'Model','Goyette, Mohr and Kozey','Rustic Concrete Shirt','722','Nisi possimus error ad omnis.','Velit corporis deserunt expedita quia voluptas nihil sint dolor.',NULL,NULL,1,0,'Ut minus unde dolorem nostrum eum fugit.','Voluptas sint voluptas repudiandae quae impedit voluptatem ad et.','2012-08-27 15:10:46','2012-08-27 15:10:46'),(138,'Model','Walter-Gislason','Small Granite Pants','723','Sit quisquam sit dolores praesentium dolor tempora delectus.','Qui ratione et et sunt odio aliquid quis.',NULL,NULL,2,0,'Porro et ipsam voluptas velit vero molestias accusamus.','Architecto temporibus omnis incidunt perferendis voluptas sed.','2012-08-27 15:10:46','2012-08-27 15:10:46'),(139,'Model','Kemmer-Corwin','Ergonomic Cotton Pants','724','Et odit ducimus atque.','Culpa dicta sunt nisi.',NULL,NULL,2,0,'Voluptas et in animi quidem explicabo possimus.','Dolore error corrupti enim nulla.','2012-08-27 15:10:46','2012-08-27 15:10:46'),(140,'Model','Mosciski Group','Rustic Granite Shoes','725','Laudantium libero officiis et beatae.','Quis quia velit magni eligendi autem dignissimos.',NULL,NULL,2,0,'Est nemo soluta ipsam.','Non voluptatem et consequatur nihil eius aliquid qui dolorem.','2012-08-27 15:10:46','2012-08-27 15:10:46'),(141,'Model','Canon','Kamera Canon D5','726','Ganz teure Kamera','Eius in dolorum velit eum odio reprehenderit itaque.',NULL,NULL,0,0,'Est ea et est omnis quis sequi sunt.','Kamera brauch Akkus!','2012-08-27 15:10:46','2012-08-27 15:10:46'),(142,'Model','Apple','iMac','727','Apples alter iMac','Voluptatem ut rem aliquid est labore velit ducimus rerum.',NULL,NULL,0,0,'Sit dicta quas voluptatem quia occaecati et est.','Eos illo provident qui accusantium.','2012-08-27 15:10:46','2012-08-27 15:10:46'),(143,'Model','Microsoft','Windows Laptop','728','Ein Laptop der Marke Microsoft','Ipsa ratione vel eum tempore pariatur perspiciatis.',NULL,NULL,0,0,'Doloribus ipsam voluptate consequatur aliquam facilis consequuntur laborum nam.','Laptop mit Tasche ausgeben','2012-08-27 15:10:46','2012-08-27 15:10:46'),(144,'Model','Walkera','Walkera v120','1G','3D Helikopter','Id ullam amet quia doloremque unde.',NULL,NULL,0,0,'Ut accusamus ut officia quos id aut et omnis.','Sed illum qui nesciunt nulla vitae et.','2012-08-27 15:10:46','2012-08-27 15:10:46'),(145,'Model','Walkera','Walkera v120','2G','3D Helikopter','Qui recusandae earum molestiae fuga.',NULL,NULL,0,0,'Repellat debitis aperiam eligendi qui necessitatibus mollitia nostrum.','Dolorum ut aut praesentium tempora ut quas suscipit corrupti.','2012-08-27 15:10:46','2012-08-27 15:10:46'),(146,'Model','Walkera','Walkera v120','3G','3D Helikopter','Sint autem tempore nobis molestiae voluptas quidem.',NULL,NULL,0,0,'Rem ut libero omnis.','Dicta ad eum itaque.','2012-08-27 15:10:46','2012-08-27 15:10:46'),(147,'Software','Rosenbaum-Lakin','Incredible Granite Car','729',NULL,NULL,NULL,NULL,0,0,NULL,NULL,'2012-08-27 15:10:46','2012-08-27 15:10:46'),(148,'Software','Jacobi, Bruen and Champlin','Practical Steel Hat','730',NULL,NULL,NULL,NULL,0,0,NULL,NULL,'2012-08-27 15:10:46','2012-08-27 15:10:46'),(149,'Software','Howell, Stiedemann and Beier','Intelligent Cotton Hat','731',NULL,NULL,NULL,NULL,0,0,NULL,NULL,'2012-08-27 15:10:46','2012-08-27 15:10:46'),(150,'Software','Dicki, Williamson and Erdman','Intelligent Granite Car','732',NULL,NULL,NULL,NULL,0,0,NULL,NULL,'2012-08-27 15:10:46','2012-08-27 15:10:46'),(151,'Software','Durgan-Legros','Sleek Granite Car','733',NULL,NULL,NULL,NULL,0,0,NULL,NULL,'2012-08-27 15:10:46','2012-08-27 15:10:46'),(152,'Software','Ullrich-Wilkinson','Gorgeous Concrete Car','734',NULL,NULL,NULL,NULL,0,0,NULL,NULL,'2012-08-27 15:10:46','2012-08-27 15:10:46'),(153,'Software','Pfannerstill Group','Fantastic Concrete Shoes','735',NULL,NULL,NULL,NULL,0,0,NULL,NULL,'2012-08-27 15:10:46','2012-08-27 15:10:46'),(154,'Software','Homenick and Sons','Practical Granite Shirt','736',NULL,NULL,NULL,NULL,0,0,NULL,NULL,'2012-08-27 15:10:46','2012-08-27 15:10:46'),(155,'Software','Williamson and Sons','Fantastic Steel Computer','737',NULL,NULL,NULL,NULL,0,0,NULL,NULL,'2012-08-27 15:10:46','2012-08-27 15:10:46'),(156,'Software','Ratke-Rogahn','Small Plastic Shoes','738',NULL,NULL,NULL,NULL,0,0,NULL,NULL,'2012-08-27 15:10:46','2012-08-27 15:10:46'),(157,'Software','Howe, Hagenes and Brown','Intelligent Steel Pants','739',NULL,NULL,NULL,NULL,0,0,'test http://test.ch\r\nwww.foo.ch\r\njust a text',NULL,'2012-08-27 15:10:46','2012-08-27 15:10:46'),(158,'Software','Hilpert and Sons','Sleek Rubber Chair','740',NULL,NULL,NULL,NULL,0,0,'test http://test.ch\r\nwww.foo.ch\r\njust a text',NULL,'2012-08-27 15:10:46','2012-08-27 15:10:46'),(159,'Software','O\'Connell-Miller','Incredible Plastic Shirt','741',NULL,NULL,NULL,NULL,0,0,NULL,NULL,'2012-08-27 15:10:46','2012-08-27 15:10:46'),(160,'Model','Boyle LLC','Ergonomic Rubber Hat',NULL,'Qui earum laborum inventore amet.','Mollitia est eum id aperiam nulla dolores itaque.',NULL,NULL,2,0,'Voluptate qui ut consequatur impedit illum rerum est.','Beatae quia quo consequatur id nemo.','2012-08-27 15:10:46','2012-08-27 15:10:46'),(161,'Model','Littel-Luettgen','Small Concrete Chair','742','Harum omnis qui sed.','Architecto quo similique voluptatum deserunt iste.',NULL,NULL,2,0,'Accusantium deserunt nihil facilis sint.','Ipsum hic voluptatem magnam.','2012-08-24 01:02:19','2012-08-24 01:02:19'),(162,'Model','Ryan and Sons','Fantastic Steel Hat','743','Quia quaerat qui quis id ad aspernatur a asperiores.','Voluptate officia quaerat vel.',NULL,NULL,2,0,'Earum sunt quia asperiores ipsa repellat dicta et.','Rerum quod laboriosam possimus aspernatur ipsam vitae.','2012-08-24 01:02:19','2012-08-24 01:02:19'),(163,'Model','Schneider, Dibbert and Jakubowski','Intelligent Steel Gloves','744','Nihil aut fugit in.','Quas voluptatem quis similique sapiente est explicabo.',NULL,NULL,0,0,'Eveniet cumque et quod.','Aliquid optio eos voluptas nesciunt nihil id repellendus.','2012-08-24 01:02:19','2012-08-24 01:02:19'),(164,'Model','Kozey, Collier and Kuhn','Ergonomic Granite Table','745','Expedita voluptas distinctio placeat quia in magnam autem.','Est rerum minima dicta corporis maiores quisquam.',NULL,NULL,3,0,'Qui quod error doloremque.','Consequuntur mollitia officia consequatur assumenda sed ut ut.','2012-08-24 01:02:19','2012-08-24 01:02:19'),(165,'Model','McKenzie LLC','Rustic Rubber Computer','746','Nihil omnis cum ullam quis fugiat ut.','Veritatis rerum est tempora quo omnis.',NULL,NULL,0,0,'Sed molestias commodi praesentium atque ea vel.','Natus ut ea eos iste.','2012-08-24 01:02:19','2012-08-24 01:02:19'),(166,'Model','Cole-Jacobs','Rustic Rubber Chair','747','Tenetur neque at eos numquam quod eum.','Et fugit nihil et officia sit est.',NULL,NULL,2,0,'Et voluptates hic reprehenderit magni reiciendis et rem.','Nihil quo suscipit labore qui tempore.','2012-08-24 01:02:19','2012-08-24 01:02:19'),(167,'Model','Mohr-Orn','Rustic Wooden Car','748','Est at non ut repellendus.','Quis asperiores rerum cum tenetur quo id neque.',NULL,NULL,1,0,'Sunt blanditiis reprehenderit est.','Voluptas eum quasi quis quaerat illum nemo dolorem molestias.','2012-08-24 01:02:19','2012-08-24 01:02:19'),(168,'Model','Glover-Rolfson','Incredible Steel Hat','749','Et culpa dolor doloribus.','Natus ut non aperiam dolorem et quaerat tempore.',NULL,NULL,1,0,'Iusto dignissimos repellat necessitatibus aut fuga blanditiis.','Et molestias consequatur sed.','2012-08-24 01:02:19','2012-08-24 01:02:19'),(169,'Model','Nader-Schimmel','Awesome Granite Shoes','750','Nulla ipsam tempore qui et sed rerum.','Qui illo deserunt at.',NULL,NULL,1,0,'Est ratione quia eum.','Delectus ipsam debitis maiores quod.','2012-08-24 01:02:19','2012-08-24 01:02:19'),(170,'Model','Gutmann-Klocko','Ergonomic Plastic Pants','751','Tempore ipsa vero adipisci sint animi facere.','Pariatur occaecati nisi asperiores voluptas magni incidunt vel dolores.',NULL,NULL,1,0,'Odio magni dignissimos sapiente vitae.','Quam eaque non debitis.','2012-08-24 01:02:19','2012-08-24 01:02:19'),(171,'Model','Parisian, Koch and Prosacco','Intelligent Granite Table','752','Voluptates voluptatem impedit expedita.','Aut eius esse nobis veritatis.',NULL,NULL,1,0,'Cum aut dolores ullam sint.','Sit itaque nesciunt laborum ab quidem quas provident quis.','2012-08-24 01:02:19','2012-08-24 01:02:19'),(172,'Model','Zulauf, Gleason and Bode','Practical Concrete Car','753','Molestiae officia deserunt sed tenetur.','Nihil voluptates velit consequatur.',NULL,NULL,1,0,'Sit exercitationem voluptas autem quaerat in illo nulla.','Eligendi est quo molestiae error voluptatem.','2012-08-24 01:02:19','2012-08-24 01:02:19'),(173,'Model','Quigley, Reichel and Stamm','Gorgeous Concrete Table','754','Qui fugiat facere aut dicta nam.','Consequatur odio omnis quos qui ea laborum magni voluptatem.',NULL,NULL,2,0,'Non possimus alias labore facere.','Dolorem delectus ipsum tenetur repudiandae rerum omnis excepturi.','2012-08-24 01:02:19','2012-08-24 01:02:19'),(174,'Model','Vandervort, Krajcik and Altenwerth','Intelligent Cotton Table','755','Tempore ut officiis aliquid illum veritatis libero quas officia.','Dolorem provident dolorem fugit qui consequatur est.',NULL,NULL,2,0,'Necessitatibus iusto ut ullam eaque expedita iste quam dolores.','Deserunt quas eveniet asperiores.','2012-08-24 01:02:20','2012-08-24 01:02:20'),(175,'Model','Flatley, Blanda and Anderson','Rustic Plastic Shirt','756','Beatae earum perferendis sed asperiores omnis.','Distinctio dicta magni voluptas.',NULL,NULL,2,0,'Repellat explicabo illo et ad quisquam.','At distinctio esse optio consequatur nisi.','2012-08-24 01:02:20','2012-08-24 01:02:20'),(176,'Model','Volkman, Bartell and Sanford','Incredible Granite Gloves','757','Reiciendis iste laborum voluptas deserunt.','Occaecati fugiat ut et omnis.',NULL,NULL,1,0,'Est ut recusandae consequatur quo quos aut dolorum.','Beatae labore rerum et praesentium possimus vitae aut.','2012-08-24 01:02:20','2012-08-24 01:02:20'),(177,'Model','Bahringer, Weissnat and Crist','Sleek Rubber Shirt','758','Occaecati voluptatem et quo nisi.','Voluptas esse ut ut quis dolore molestias id.',NULL,NULL,1,0,'Quaerat veritatis ut et sed voluptas accusamus nihil ut.','Mollitia distinctio aliquam molestiae iste.','2012-08-24 01:02:20','2012-08-24 01:02:20'),(178,'Model','Volkman, Abshire and Corwin','Fantastic Wooden Chair','759','Atque recusandae voluptatem laboriosam sit aut qui.','Pariatur officiis asperiores debitis eum repellat molestiae error.',NULL,NULL,2,0,'Optio a autem libero id quo quia incidunt.','Dolores in in soluta atque temporibus ut.','2012-08-24 01:02:20','2012-08-24 01:02:20'),(179,'Model','Runte-Willms','Gorgeous Rubber Car','760','Veniam veritatis illo qui corporis odio beatae.','Et odit ipsa autem eveniet dolor numquam pariatur facere.',NULL,NULL,1,0,'Eos laboriosam veritatis consequatur nam nisi sint dicta.','Dignissimos repellendus adipisci dolorem quas non consequatur quis error.','2012-08-24 01:02:20','2012-08-24 01:02:20'),(180,'Model','Purdy and Sons','Ergonomic Plastic Table','761','Recusandae libero earum exercitationem.','Vitae sint earum ipsa ea non minus.',NULL,NULL,1,0,'Sequi inventore tempora necessitatibus corporis.','Fugiat nam quam nemo asperiores.','2012-08-24 01:02:20','2012-08-24 01:02:20'),(181,'Model','Dooley-Lindgren','Sleek Granite Pants','762','In tempore esse impedit.','Fugit est et alias eligendi fuga harum.',NULL,NULL,2,0,'Quaerat recusandae enim id non.','Provident cum at tenetur nesciunt sed qui laudantium.','2012-08-24 01:02:20','2012-08-24 01:02:20'),(182,'Model','Labadie Group','Awesome Granite Computer','763','Nihil ipsam tempora dolor velit beatae eligendi dolore veniam.','Recusandae ut aut alias nulla inventore sed illum qui.',NULL,NULL,1,0,'Sit rerum eveniet qui.','Natus sit laborum et.','2012-08-24 01:02:20','2012-08-24 01:02:20'),(183,'Model','Huel, Gerlach and Wintheiser','Gorgeous Cotton Chair','764','Aperiam eum et et corporis qui est atque.','Accusantium voluptatem eos quia.',NULL,NULL,0,0,'Non aut et molestias.','Dolore vel et dolorem recusandae atque ut.','2012-08-24 01:02:20','2012-08-24 01:02:20'),(184,'Model','Lubowitz, Dicki and Reichert','Awesome Granite Shirt','765','Quia eaque mollitia iste ipsa expedita qui similique impedit.','Totam voluptas placeat tempore assumenda quis labore.',NULL,NULL,1,0,'Similique autem sunt distinctio.','Ea consectetur aut ut recusandae rerum corrupti.','2012-08-24 01:02:20','2012-08-24 01:02:20'),(185,'Model','Greenholt Group','Intelligent Granite Computer','766','Illum a consequuntur excepturi aliquid dolorem.','Voluptatem maxime at voluptatem incidunt et occaecati omnis omnis.',NULL,NULL,3,0,'Deleniti nemo vel vero aut.','Reprehenderit tenetur voluptatem unde harum ipsum.','2012-08-24 01:02:20','2012-08-24 01:02:20'),(186,'Model','Predovic Group','Sleek Rubber Gloves','767','Autem aliquam facere quo quia sit occaecati animi doloribus.','Non et sed commodi error.',NULL,NULL,3,0,'Totam occaecati quia minus aliquam.','Enim iste aut natus.','2012-08-24 01:02:20','2012-08-24 01:02:20'),(187,'Model','Leffler-Hessel','Fantastic Cotton Hat','768','At inventore aut quia adipisci.','Ut aut rerum esse deleniti sapiente facere quis itaque.',NULL,NULL,1,0,'Aut similique perspiciatis ut est placeat.','Suscipit est ipsa rerum.','2012-08-20 23:02:22','2012-08-20 23:02:22'),(188,'Model','Goyette, Grimes and Reynolds','Fantastic Rubber Car','769','Non eos tempore consequuntur ut.','Et natus quod perferendis.',NULL,NULL,3,0,'Voluptatem ratione quis maiores.','Exercitationem voluptas est quaerat dolores cumque ipsam sint.','2012-08-20 23:02:22','2012-08-20 23:02:22'),(189,'Model','Schultz-Schroeder','Sleek Cotton Pants','770','Harum aut voluptatem deserunt itaque neque sunt.','Deserunt voluptatem cupiditate expedita.',NULL,NULL,0,0,'Eaque quaerat et est et qui.','Est distinctio qui et quod possimus vitae.','2012-08-20 23:02:22','2012-08-20 23:02:22'),(190,'Model','Hackett, Mayer and Bechtelar','Ergonomic Cotton Chair','771','Enim laborum dolorem ut et est.','At atque quis aliquam consectetur.',NULL,NULL,2,0,'Ab distinctio labore non tenetur odio repellat et.','Ad impedit accusantium iure velit enim autem sed aut.','2012-08-24 07:03:12','2012-08-24 07:03:12'),(191,'Model','Eichmann LLC','Sleek Steel Computer','772','Voluptas exercitationem dicta repellat.','Quaerat ut ea nihil excepturi et.',NULL,NULL,0,0,'Sint consequatur molestias natus aspernatur.','Repellat dolor rerum at autem ipsa voluptatem.','2012-08-24 07:03:12','2012-08-24 07:03:12'),(192,'Model','Marvin Group','Ergonomic Wooden Shoes','773','Magnam tempore ullam voluptatem rem.','Et aut laborum ut enim deserunt.',NULL,NULL,3,0,'Odio et expedita est molestias.','Porro quis ad iusto.','2012-08-24 07:03:12','2012-08-24 07:03:12'),(193,'Model','Kautzer, Hoppe and Wehner','Fantastic Rubber Table','774','Et quaerat ut quasi voluptas iure voluptatem doloribus suscipit.','Accusamus enim sunt alias harum et et dolor ipsa.',NULL,NULL,2,0,'Eligendi sit amet autem molestiae animi et libero.','Corrupti rerum temporibus in velit voluptatem recusandae voluptas.','2012-08-24 07:03:12','2012-08-24 07:03:12'),(194,'Model','Hahn, Hills and Jacobi','Small Rubber Chair','775','Quia velit consequatur ipsum quia.','A ratione quam necessitatibus error autem.',NULL,NULL,0,0,'Quaerat dolores provident quos.','Quidem non dolores et aliquam impedit suscipit perspiciatis esse.','2012-08-24 07:03:12','2012-08-24 07:03:12'),(195,'Model','Wilderman Inc','Fantastic Cotton Chair','776','Dolor animi aut quisquam quo.','Deleniti enim incidunt consequatur.',NULL,NULL,2,0,'Repellat nostrum recusandae quia voluptatibus sequi enim temporibus.','Quae vitae alias et commodi non qui.','2012-08-24 07:03:12','2012-08-24 07:03:12'),(196,'Model','Gerlach-Aufderhar','Small Cotton Pants','777','Dolorem aperiam qui quo qui ipsa quia qui.','Aperiam exercitationem tempora numquam.',NULL,NULL,0,0,'Magnam natus corporis architecto voluptate error.','Soluta itaque nesciunt ratione necessitatibus esse laborum aut totam.','2012-08-24 07:03:12','2012-08-24 07:03:12'),(197,'Model','Walter Inc','Awesome Concrete Car','778','Facilis recusandae perferendis dolores temporibus enim ea.','Aut dolores ipsa nulla illum omnis est.',NULL,NULL,2,0,'Rem laboriosam ipsa laborum quos.','A quod quisquam corporis iusto amet nihil unde.','2012-08-24 07:03:12','2012-08-24 07:03:12'),(198,'Model','Ondricka, Rosenbaum and Schoen','Small Concrete Shirt','779','Rerum ipsum consequatur voluptas totam modi vel.','Doloremque ex velit ea sunt.',NULL,NULL,3,0,'Voluptatem officia eum et quam eaque.','Sed minima optio nulla.','2012-08-27 15:10:46','2012-08-27 15:10:46'),(199,'Model','Cummings and Sons','Awesome Granite Gloves','780','Molestiae atque rerum ex.','Totam et ut reprehenderit id.',NULL,NULL,3,0,'Aspernatur sit omnis ut ipsum fugiat.','Rem minus ut est molestias sint aperiam.','2012-08-27 15:10:46','2012-08-27 15:10:46'),(200,'Model','Turcotte, Lebsack and Nader','Ergonomic Wooden Car','781','Placeat ratione neque perspiciatis assumenda ipsa.','Qui architecto dolores numquam nobis.',NULL,NULL,2,0,'Laudantium ratione qui voluptatum quibusdam autem laborum aut.','Incidunt officiis qui ex labore.','2012-08-27 15:10:46','2012-08-27 15:10:46'),(201,'Model','Crooks-Miller','Practical Granite Pants','782','Repellat ab ipsam sequi.','Assumenda eius ut dignissimos.',NULL,NULL,2,0,'Aliquam exercitationem qui architecto quos enim non veniam ea.','Sunt in omnis molestiae unde dolores et.','2012-08-27 15:10:46','2012-08-27 15:10:46'),(202,'Model','Emmerich-Abbott','Small Granite Shoes','783','Aut itaque odit odio rem amet.','Est quos voluptatem possimus vitae recusandae.',NULL,NULL,2,0,'Deleniti et dicta alias quia laboriosam eum.','Culpa et laboriosam iure dolorem consequatur corrupti.','2012-08-27 15:10:46','2012-08-27 15:10:46'),(203,'Model','Gerhold-Murphy','Sleek Rubber Shoes','784','Voluptatibus amet iure non aperiam laboriosam.','Dicta a reiciendis nobis.',NULL,NULL,1,0,'Qui dolor laboriosam molestias eum assumenda occaecati aut sequi.','Ut eius sunt aliquid.','2012-08-27 15:10:46','2012-08-27 15:10:46'),(204,'Model','Romaguera-Bauch','Small Steel Hat','785','Alias eos officiis minima eligendi doloribus aut.','Expedita officia nobis aut dolorem numquam nisi porro.',NULL,NULL,3,0,'Et et non id minima error omnis voluptas veniam.','Cupiditate et velit quis facere perferendis maiores.','2012-08-27 15:10:46','2012-08-27 15:10:46'),(205,'Model','Prohaska-Franecki','Intelligent Cotton Chair','786','Dolorum dolores deleniti aut qui exercitationem aspernatur saepe aliquam.','Expedita explicabo recusandae molestias ut ut autem aut.',NULL,NULL,3,0,'Maiores rerum hic unde.','Minima sunt tempora aliquam.','2012-08-27 15:10:46','2012-08-27 15:10:46'),(206,'Model','Crist-Sawayn','Small Cotton Gloves','787','Corporis et voluptas est repellendus.','Doloremque dolor ut natus tenetur.',NULL,NULL,0,0,'Nihil atque mollitia est qui dolorem voluptatem impedit.','Deserunt velit aut officia perspiciatis quia.','2012-08-27 15:10:46','2012-08-27 15:10:46'),(207,'Model','Moore Inc','Sleek Plastic Car','788','Officia sequi rerum dolores.','Aut numquam officia natus sint atque odit optio.',NULL,NULL,3,0,'Aperiam occaecati ipsum nihil quia et temporibus sed.','Omnis rem asperiores deserunt excepturi.','2012-08-27 15:10:46','2012-08-27 15:10:46'),(208,'Model','Stanton, Leannon and McLaughlin','Awesome Rubber Chair','789','Et earum maiores velit eum voluptates.','Reiciendis aperiam et quo unde consequatur ipsum.',NULL,NULL,2,0,'Atque ipsum enim sit.','Voluptas sequi enim necessitatibus quos qui earum animi.','2012-08-27 15:10:46','2012-08-27 15:10:46'),(209,'Model','Leuschke LLC','Gorgeous Rubber Computer','790','Velit autem libero explicabo unde qui iusto.','Illo voluptatibus iusto iure minus provident nemo tempora.',NULL,NULL,0,0,'Vero excepturi quam voluptatem facere rerum veritatis.','Nemo est ratione similique rem numquam at laboriosam expedita.','2012-08-27 15:10:46','2012-08-27 15:10:46'),(210,'Model','Christiansen-Bogisich','Practical Steel Shirt','791','Atque quia nisi temporibus.','Quia ea molestiae voluptas.',NULL,NULL,0,0,'Quia dicta facere est quia omnis dolores.','Quisquam reprehenderit sed quia perspiciatis.','2012-08-27 15:10:46','2012-08-27 15:10:46'),(211,'Model','Spencer and Sons','Sleek Steel Shoes','792','Architecto esse consequatur numquam qui mollitia.','Velit incidunt sint iste vitae in.',NULL,NULL,3,0,'Dolore deserunt a sint enim nihil.','Beatae nihil id nobis ab repellendus a.','2012-08-27 15:10:46','2012-08-27 15:10:46'),(212,'Model','Price, Zemlak and Schamberger','Sleek Steel Pants','793','Perspiciatis impedit illo autem aut magni eos.','Voluptatem asperiores est velit porro accusantium.',NULL,NULL,3,0,'Sint dicta ab ipsam quibusdam consequuntur natus.','Mollitia quae voluptas architecto qui.','2012-08-27 15:10:46','2012-08-27 15:10:46'),(213,'Model','Reichert, Morar and Harris','Practical Cotton Gloves','794','Atque quas quasi assumenda repudiandae doloremque earum.','Delectus officia ut et odio maiores aut.',NULL,NULL,0,0,'Assumenda beatae accusantium voluptatibus voluptatem ut maiores perferendis quasi.','At sunt velit atque quaerat natus.','2012-08-27 15:10:46','2012-08-27 15:10:46'),(214,'Model','Ortiz and Sons','Fantastic Steel Gloves','795','Harum pariatur qui quia molestias ullam consectetur error.','Corporis sint minus sunt.',NULL,NULL,2,0,'Ipsum culpa harum minus numquam.','Autem quasi rerum ut.','2012-08-27 15:10:46','2012-08-27 15:10:46'),(215,'Model','Koch, Turcotte and Wolff','Incredible Wooden Shirt','796','Reprehenderit rerum temporibus quo aspernatur eos.','Quibusdam temporibus illum autem.',NULL,NULL,2,0,'Iusto sed et commodi culpa nesciunt voluptatem consequatur facere.','Vel aut magni ipsam nostrum dolor.','2012-08-27 15:10:46','2012-08-27 15:10:46'),(216,'Model','Jaskolski-Nikolaus','Intelligent Rubber Computer','797','Et quis atque est unde aspernatur.','Fugit autem quidem tempora aut possimus.',NULL,NULL,3,0,'Atque voluptatem sapiente doloribus dolorem.','Beatae maiores sit ducimus aut similique qui sint aliquid.','2012-08-27 15:10:46','2012-08-27 15:10:46'),(217,'Model','Leuschke-Boyle','Incredible Rubber Hat','799','Eum dolorum id maxime natus voluptates repellendus.','Mollitia sit fugiat et eos excepturi adipisci.',NULL,NULL,0,0,'Quam doloribus molestias velit.','Aut nobis labore soluta sint magnam in.','2012-08-27 15:10:46','2012-08-27 15:10:46'),(218,'Software','Parisian and Sons','Fantastic Wooden Table','801',NULL,NULL,NULL,NULL,0,0,NULL,NULL,'2012-08-27 15:10:46','2012-08-27 15:10:46'),(219,'Model','Johnston-Spencer','Rustic Plastic Pants','802','Exercitationem sed atque nostrum et id unde.','Eum placeat quisquam ea.',NULL,NULL,1,0,'Corrupti molestiae excepturi aspernatur totam.','Sint quos dolorum nulla eos.','2012-08-22 00:00:00','2012-08-22 00:00:00'),(220,'Model','Fahey Group','Practical Steel Shoes','803','Et temporibus dolorem voluptatem enim ut dolore nostrum.','Non ad qui minus est error nemo ut.',NULL,NULL,2,0,'Ipsum sapiente officia nobis aspernatur autem.','Aut quis officia quia doloribus distinctio earum sunt.','2012-08-22 00:00:00','2012-08-22 00:00:00'),(221,'Model','D\'Amore, Lesch and Fay','Small Plastic Pants','804','Voluptate quis pariatur sit quibusdam laboriosam magni.','Assumenda voluptatum nobis delectus animi eos dignissimos ad sint.',NULL,NULL,2,0,'Dicta molestiae et nemo.','Deserunt fugiat molestiae et.','2012-08-22 00:00:00','2012-08-22 00:00:00'),(222,'Model','Bins-Glover','Intelligent Plastic Chair','805','Quos eligendi porro recusandae.','Aut deleniti earum saepe et.',NULL,NULL,3,0,'Repudiandae sequi fugiat a aut totam voluptatibus sed.','Quidem earum odio iure eum animi.','2012-08-22 00:00:00','2012-08-22 00:00:00'),(223,'Model','Greenfelder, Monahan and Jacobson','Awesome Steel Hat','807','Et enim non et itaque dolorum optio et nulla.','Enim architecto aut minus voluptas magnam.',NULL,NULL,0,0,'Dignissimos ducimus sequi et voluptatem qui.','Et illum et provident quod dolor quam et.','2012-08-27 15:10:46','2012-08-27 15:10:46'),(224,'Model','Beahan LLC','Practical Rubber Table','808','Est non consequatur ut rerum aut recusandae.','Nulla et corporis omnis distinctio.',NULL,NULL,2,0,'Fugit culpa a esse vel velit aut.','Quia dolor quam quis autem aliquam sunt.','2012-08-27 15:10:46','2012-08-27 15:10:46'),(225,'Model','Homenick-Hessel','Awesome Plastic Computer','809','Blanditiis saepe sint voluptatem quidem maiores assumenda voluptatibus.','Quisquam in et blanditiis.',NULL,NULL,0,0,'Delectus sed consequatur cupiditate.','Iste labore consectetur consequatur earum sit.','2012-08-27 15:10:46','2012-08-27 15:10:46'),(226,'Model','Kris LLC','Intelligent Cotton Gloves','810','Expedita explicabo a recusandae.','Ut enim soluta dicta earum ratione.',NULL,NULL,0,0,'Fugit modi placeat occaecati et tempore magni non iure.','Quia libero aspernatur iusto ut.','2012-08-27 15:10:46','2012-08-27 15:10:46'),(227,'Model','Shields, Denesik and Mraz','Practical Wooden Shirt','811','Quaerat consectetur eum voluptatibus velit dicta est non.','Qui vel aliquid atque.',NULL,NULL,0,0,'Sapiente est id est aut aspernatur porro.','Minus officia omnis sed ut.','2012-08-27 15:10:46','2012-08-27 15:10:46'),(228,'Model','Towne-Borer','Sleek Steel Shirt','812','Laboriosam beatae doloribus fuga est laudantium.','Similique ipsum voluptatum aut in.',NULL,NULL,3,0,'Iste labore exercitationem rem esse.','Dolores nulla quod a id non corporis cumque dolorum.','2012-08-27 15:10:46','2012-08-27 15:10:46'),(229,'Model','Bartoletti-Rippin','Rustic Steel Table','813','Modi facilis maxime molestias aut voluptatem nesciunt qui.','Quaerat quisquam accusamus voluptate ullam quod quos.',NULL,NULL,2,0,'Enim esse repellat corrupti et est.','Quae sed saepe voluptatem nobis odio et.','2012-08-27 15:10:46','2012-08-27 15:10:46'),(230,'Model','Schiller-Kuhic','Fantastic Granite Shirt','814','Sit qui deserunt quo in error.','Rerum modi dolorem non.',NULL,NULL,2,0,'Vero omnis excepturi nihil.','Adipisci est et rerum illum blanditiis.','2012-08-27 15:10:46','2012-08-27 15:10:46'),(231,'Model','Williamson, Hamill and Vandervort','Gorgeous Concrete Gloves','815','Molestiae fugiat doloremque expedita.','Maxime totam et et.',NULL,NULL,2,0,'Voluptas aut nesciunt consequatur.','Aperiam voluptas amet illo laboriosam repellat.','2012-08-27 15:10:46','2012-08-27 15:10:46'),(232,'Model','Jacobs-Crist','Sleek Cotton Chair','816','Assumenda totam aut labore.','Atque a repudiandae qui.',NULL,NULL,2,0,'Illum illo quia voluptates.','Qui aut qui vero atque.','2012-08-27 15:10:46','2012-08-27 15:10:46'),(233,'Model','Moen, Harvey and Gibson','Rustic Cotton Table','817','Nesciunt sint enim voluptatem facere vel sit perspiciatis ut.','Molestias voluptatem ut aliquam rem suscipit officia nobis.',NULL,NULL,2,0,'Reprehenderit facilis libero nemo eos.','Tempora itaque perferendis quisquam labore.','2012-08-27 15:10:46','2012-08-27 15:10:46'),(234,'Model','Wiegand, Jacobs and Spencer','Awesome Rubber Hat','818','Ducimus magnam eum aspernatur.','Eaque et mollitia doloribus sunt corrupti sapiente error.',NULL,NULL,1,0,'Neque repellendus tempora et fugiat.','Consectetur reiciendis voluptas quo ducimus.','2012-08-27 15:10:46','2012-08-27 15:10:46'),(235,'Model','Schmeler and Sons','Intelligent Steel Table','819','Deleniti eos eveniet aut totam nobis voluptatibus.','Voluptatem error odio cumque cupiditate provident voluptatum accusamus itaque.',NULL,NULL,0,0,'Labore veritatis perferendis aut laudantium magni corporis.','Iure quisquam et quo cum.','2012-08-27 15:10:46','2012-08-27 15:10:46'),(236,'Model','Crooks-Shanahan','Sleek Wooden Shirt','820','Non temporibus assumenda explicabo rerum nam voluptatem ipsam consectetur.','Mollitia nihil eum velit ex ut non voluptas.',NULL,NULL,1,0,'Aut impedit ad rerum ut adipisci cum eligendi.','Repudiandae debitis repellendus nostrum fuga.','2012-08-22 00:00:00','2012-08-22 00:00:00'),(237,'Model','Larson LLC','Practical Plastic Hat','821','Mollitia et tempora rerum numquam accusantium a non itaque.','Non aut minima repellendus illo.',NULL,NULL,1,0,'Dolor cumque saepe ullam impedit autem veniam.','Optio consequuntur qui doloremque voluptatem architecto accusamus.','2012-08-22 00:00:00','2012-08-22 00:00:00'),(238,'Model','Schaefer, Kemmer and Ullrich','Gorgeous Cotton Table','822','Incidunt aperiam qui quo.','Tempore voluptatum facere rerum dolorem.',NULL,NULL,1,0,'Sint aut quam accusamus tenetur consectetur asperiores quos.','Consequuntur dolorem incidunt et sit et ducimus et non.','2012-08-22 00:00:00','2012-08-22 00:00:00'),(239,'Model','Shanahan Group','Intelligent Plastic Gloves','823','Et molestiae voluptatem facilis.','Vero minima dolorum sint quasi.',NULL,NULL,3,0,'Eos omnis qui nisi.','Non magnam ut rerum distinctio.','2012-08-27 15:10:46','2012-08-27 15:10:46'),(240,'Model','Greenfelder LLC','Intelligent Cotton Car','824','Suscipit quia nesciunt qui repellat.','Itaque occaecati alias nihil cupiditate ipsum ut sit.',NULL,NULL,1,0,'Sint tempora doloremque similique aut.','Sit ut voluptatibus velit cumque animi suscipit dolorum.','2012-08-27 15:10:46','2012-08-27 15:10:46'),(241,'Model','Berge-Bernhard','Small Rubber Shoes','825','Dolore ea deleniti sint illo quisquam.','A aperiam laborum enim consequatur vitae.',NULL,NULL,0,0,'Aperiam voluptas perferendis est.','Quos ut aspernatur eum quidem deleniti sed possimus fugit.','2012-08-27 15:10:46','2012-08-27 15:10:46'),(242,'Model','Prosacco LLC','Incredible Cotton Hat','826','Reprehenderit ipsam quis tenetur quisquam architecto velit voluptatibus quia.','Quisquam id in possimus.',NULL,NULL,3,0,'Cumque non dolore deleniti.','Itaque animi quidem accusantium nostrum suscipit quis.','2012-08-27 15:10:46','2012-08-27 15:10:46'),(243,'Model','Roob-Miller','Intelligent Granite Shirt','827','Reprehenderit repellat perspiciatis vel pariatur qui est.','Repellat totam porro voluptate.',NULL,NULL,1,0,'Ad dolores rerum est.','Excepturi et eum corporis et ut beatae ratione.','2012-08-27 15:10:46','2012-08-27 15:10:46'),(244,'Model','Swift Group','Rustic Plastic Table','828','Cumque tempora est et sed.','Natus quis illo omnis qui quas ut non voluptatum.',NULL,NULL,1,0,'Tempore quae hic numquam itaque.','Voluptatem et fuga dolor inventore.','2012-08-27 15:10:46','2012-08-27 15:10:46'),(245,'Model','Leannon, Bosco and Weber','Small Steel Pants','829','Nesciunt id ut aspernatur.','Quia deleniti sit sit corporis nostrum omnis eius.',NULL,NULL,2,0,'Qui voluptatem numquam expedita nobis ipsam et ipsum.','Aut maiores quia sint.','2012-08-27 15:10:46','2012-08-27 15:10:46'),(246,'Model','Shanahan, Witting and Krajcik','Small Wooden Car','830','Suscipit et omnis dignissimos dolorem.','Laboriosam magni libero quia est nulla sint.',NULL,NULL,0,0,'Cum non ratione est aut qui qui sunt.','Facere praesentium a totam accusantium ipsa.','2012-08-27 15:10:46','2012-08-27 15:10:46'),(247,'Model','Dickens-O\'Connell','Gorgeous Cotton Pants','831','Praesentium est expedita autem eveniet dolores et similique quia.','Velit ratione vitae odit eveniet necessitatibus sapiente sequi eum.',NULL,NULL,2,0,'Voluptas omnis voluptate repellat eveniet voluptas voluptatem est aut.','Dolores et deserunt ullam totam eaque occaecati nam.','2012-08-27 15:10:46','2012-08-27 15:10:46'),(248,'Model','Schmitt, Marvin and Erdman','Intelligent Wooden Gloves','832','Consequuntur earum distinctio sunt maiores voluptas perferendis.','Sed rerum voluptas velit soluta maiores voluptatem aliquam.',NULL,NULL,2,0,'Sed voluptates molestias quia aliquam et eos.','Labore similique perferendis beatae illum quaerat.','2012-08-27 15:10:46','2012-08-27 15:10:46'),(249,'Model','Bartell and Sons','Ergonomic Cotton Hat','833','Numquam nam et sit magnam ea eveniet.','Voluptatibus dolorem sint voluptate nemo est et vel dolor.',NULL,NULL,0,0,'Ut quo quam aspernatur vel quis molestiae voluptatem omnis.','Quaerat qui doloribus quia.','2012-08-27 15:10:46','2012-08-27 15:10:46'),(250,'Model','Gleason-Kutch','Small Steel Shoes','834','Omnis nam dolorem impedit veniam magni ut.','Debitis quisquam odio non nesciunt atque id harum.',NULL,NULL,1,0,'Unde rerum ut id.','Explicabo quidem cum ea nam nihil.','2012-08-27 15:10:46','2012-08-27 15:10:46'),(251,'Model','Stracke Group','Fantastic Wooden Shirt','835','Repudiandae expedita quibusdam nam possimus est voluptatem facere.','Consectetur ipsa omnis error earum aut ex quo.',NULL,NULL,2,0,'Earum sit laboriosam qui vitae consequatur quibusdam.','Qui voluptatem similique laboriosam rerum consequuntur consectetur culpa.','2012-08-27 15:10:46','2012-08-27 15:10:46'),(252,'Model','Deckow-Streich','Practical Granite Chair','836','Et eos sit facere ex.','Eligendi dicta consequatur quia id cum.',NULL,NULL,3,0,'Beatae quam eos voluptate aliquam voluptatem nostrum.','Dolorum voluptas aliquid qui ex possimus debitis velit.','2012-08-27 15:10:46','2012-08-27 15:10:46'),(253,'Model','Treutel-Sawayn','Fantastic Steel Table','837','Perspiciatis et aut quaerat temporibus.','Dicta quas aut voluptatem aliquid culpa officiis earum sint.',NULL,NULL,1,0,'Fuga pariatur ab fugiat maxime a sed ullam aliquid.','Minima sed beatae enim rerum sint laborum molestiae.','2012-08-27 15:10:46','2012-08-27 15:10:46'),(254,'Model','Haag-Lueilwitz','Rustic Concrete Chair','838','Est qui itaque rerum nobis eos.','Quae commodi vel sequi quia deserunt.',NULL,NULL,1,0,'Dolores dicta dolores accusamus recusandae exercitationem.','Aliquid vitae consectetur sunt incidunt doloribus.','2012-08-27 15:10:46','2012-08-27 15:10:46'),(255,'Model','Spinka Inc','Practical Cotton Car','839','Ut ipsam eaque iste dolores eos voluptas reprehenderit tenetur.','Assumenda incidunt aut nesciunt qui qui ea.',NULL,NULL,0,0,'Dolore quis nihil iure.','Omnis aperiam aut alias qui recusandae totam officia.','2012-08-27 15:10:46','2012-08-27 15:10:46'),(256,'Model','Schowalter Group','Practical Rubber Hat','840','Maxime temporibus laudantium autem animi voluptatem quibusdam.','Doloremque voluptas magnam inventore sed eos ducimus ea accusamus.',NULL,NULL,2,0,'Quo libero sunt voluptatibus ut expedita modi.','Eum modi dolorum voluptatem.','2012-08-27 15:10:46','2012-08-27 15:10:46'),(257,'Model','Jerde-Padberg','Ergonomic Concrete Table','841','Rerum tenetur consequatur tempore ab nobis et quibusdam.','Similique sint qui sed non ratione nisi id.',NULL,NULL,1,0,'Dolor delectus quam aut accusamus eos.','Fugit fugiat nulla a.','2012-08-27 15:10:46','2012-08-27 15:10:46'),(258,'Model','Parker Inc','Intelligent Rubber Hat','842','Autem sunt aspernatur ut omnis perferendis.','Dicta consequatur in perferendis qui minus inventore.',NULL,NULL,2,0,'Facilis inventore possimus harum error eum optio tenetur.','Nihil consectetur et voluptatem velit molestias.','2012-08-27 15:10:46','2012-08-27 15:10:46'),(259,'Model','Cassin and Sons','Intelligent Steel Shirt','843','Iste et voluptas molestiae quisquam ipsam incidunt sit eius.','Quisquam repudiandae ipsa minus atque ducimus.',NULL,NULL,0,0,'Dolorem et sint natus perspiciatis.','Repudiandae eaque enim et.','2012-08-27 15:10:46','2012-08-27 15:10:46'),(260,'Model','Torphy and Sons','Intelligent Concrete Pants','844','Aut similique ducimus ab ullam officia.','Odio reiciendis et quisquam illum error.',NULL,NULL,0,0,'Iusto expedita et odio repudiandae sit delectus.','Voluptatibus ex consectetur unde.','2012-08-27 15:10:46','2012-08-27 15:10:46'),(261,'Model','Okuneva, Turner and Becker','Practical Cotton Computer','845','Reprehenderit nisi eveniet aspernatur similique laudantium ea.','Quia esse repellat alias qui autem eligendi earum praesentium.',NULL,NULL,2,0,'Eos et vel beatae delectus.','Eveniet odio quam voluptatem reiciendis voluptatum.','2012-08-27 15:10:46','2012-08-27 15:10:46'),(262,'Model','Zemlak-Schmitt','Gorgeous Steel Chair','846','Laudantium voluptatem voluptates molestiae cum facilis id amet.','Quo natus dolor modi.',NULL,NULL,3,0,'Id odio cum nisi.','Odit cupiditate numquam rerum repudiandae at aut ea.','2012-08-27 15:10:46','2012-08-27 15:10:46'),(263,'Model','Lemke, Wuckert and Heidenreich','Gorgeous Granite Shoes','847','Voluptatem ut dolorum enim suscipit.','Porro ut eius est repellat labore vero.',NULL,NULL,0,0,'Autem impedit porro voluptatem dignissimos repudiandae aut labore similique.','Enim sint commodi eum dolorem et necessitatibus.','2012-08-27 15:10:46','2012-08-27 15:10:46'),(264,'Model','Hermann, Cruickshank and Ankunding','Sleek Cotton Computer','848','Voluptatem ut adipisci non.','Et similique ad nulla et nobis.',NULL,NULL,2,0,'Sapiente consequatur itaque ullam.','Laboriosam voluptatem nihil blanditiis exercitationem sit accusamus.','2012-08-27 15:10:46','2012-08-27 15:10:46'),(265,'Model','Hoeger, Bode and Lemke','Small Wooden Table','849','Ipsa sit cumque nihil.','Voluptatem voluptates non qui necessitatibus sit labore quos occaecati.',NULL,NULL,3,0,'Occaecati nihil rerum odio et ex iusto sint.','Dolorem et ut quia ut alias.','2012-08-27 15:10:46','2012-08-27 15:10:46'),(266,'Model','Glover-Kuhic','Practical Wooden Hat','850','Omnis dolorum eveniet itaque sit optio praesentium sed nihil.','Beatae enim culpa tenetur.',NULL,NULL,2,0,'Et magni non vitae sit.','Alias laboriosam adipisci ipsa cupiditate qui repudiandae qui.','2012-08-27 15:10:46','2012-08-27 15:10:46'),(267,'Model','Bailey Group','Practical Wooden Car','851','Quia veniam fuga magni exercitationem earum vitae ut voluptatem.','Sequi dolorem repellat et eveniet possimus quaerat unde.',NULL,NULL,0,0,'Aperiam non ex tempora libero laborum saepe quod.','Voluptas quae deleniti quod nemo aut voluptas nostrum.','2012-08-27 15:10:46','2012-08-27 15:10:46'),(268,'Model','Lebsack-Reichel','Awesome Wooden Table','852','Possimus error hic ut voluptatum.','Unde voluptatem optio est voluptatem doloribus.',NULL,NULL,3,0,'Iste nihil hic repellendus rerum perspiciatis molestiae.','Ipsa ut id et cum.','2012-08-27 15:10:46','2012-08-27 15:10:46'),(269,'Model','Adams Inc','Awesome Wooden Shirt','853','Quo neque et aut tempore maiores corrupti.','Quasi incidunt earum porro assumenda.',NULL,NULL,2,0,'Velit sint odio laborum et ipsa reiciendis ut.','Adipisci ut inventore repellat ea modi soluta nulla qui.','2012-08-27 15:10:46','2012-08-27 15:10:46'),(270,'Model','Heidenreich, Carter and Mitchell','Fantastic Cotton Table','854','Quae voluptas similique id aut fuga voluptatem ut nihil.','Quia et aliquid voluptatibus provident repellat libero ullam.',NULL,NULL,2,0,'Ut eligendi enim commodi iure aut.','Molestiae voluptatem corporis quidem saepe.','2012-08-27 15:10:46','2012-08-27 15:10:46'),(271,'Model','Brakus-Gaylord','Sleek Wooden Car','855','Vero nihil et libero voluptatibus qui.','Id sit odio delectus aut.',NULL,NULL,2,0,'Necessitatibus sint est est commodi explicabo ducimus.','Et quis provident sit qui blanditiis non autem repellendus.','2012-08-27 15:10:46','2012-08-27 15:10:46'),(272,'Model','Ward, Reinger and Connelly','Fantastic Granite Table','856','Corporis laboriosam itaque sint quaerat perspiciatis qui quo qui.','Vero sit quia blanditiis ad aut et qui.',NULL,NULL,2,0,'Enim voluptatum rerum ut voluptas amet.','Enim recusandae animi sint sed qui saepe aut.','2012-08-27 15:10:46','2012-08-27 15:10:46'),(273,'Model','Abshire, Donnelly and Cummerata','Awesome Cotton Shoes','857','Quia ipsam mollitia sapiente et voluptatem.','Voluptatem nostrum iste quisquam ea.',NULL,NULL,1,0,'Est quia ipsam non et ea.','Magni error voluptatum ut.','2012-08-27 15:10:46','2012-08-27 15:10:46'),(274,'Model','O\'Reilly-Kessler','Incredible Concrete Hat','858','Laudantium accusamus quos fugiat nostrum rerum repellat enim distinctio.','Reiciendis vero aliquam molestiae ipsam beatae cumque dicta.',NULL,NULL,0,0,'Omnis minus velit autem aut quos incidunt expedita consequatur.','Id eius totam in omnis.','2012-08-27 15:10:46','2012-08-27 15:10:46'),(275,'Model','Anderson-Zboncak','Small Plastic Car','859','Laborum exercitationem et sapiente qui possimus fuga voluptas.','Nulla perspiciatis odio pariatur facilis.',NULL,NULL,1,0,'Eveniet iure maxime nisi quam voluptatem libero.','Non qui labore maiores aperiam et.','2012-08-27 15:10:46','2012-08-27 15:10:46'),(276,'Model','D\'Amore LLC','Fantastic Granite Chair','860','Molestias repellat ad eligendi.','Dolor in dolor qui quo aut.',NULL,NULL,2,0,'Consectetur quod vel nisi eum cupiditate minima est.','Id qui porro fuga omnis quas quo.','2012-08-27 15:10:46','2012-08-27 15:10:46'),(277,'Model','Botsford-Carroll','Intelligent Granite Pants','861','Aut enim ipsa delectus sint impedit voluptatem.','Vel expedita nam sequi iusto.',NULL,NULL,1,0,'Dignissimos quia quaerat consequatur voluptatum ipsam quia magni.','Velit et fugit quia.','2012-08-27 15:10:46','2012-08-27 15:10:46'),(278,'Model','Fay, Ward and Harris','Awesome Cotton Computer','862','Natus quos cupiditate necessitatibus sit voluptatum.','Nihil qui voluptas laudantium eos consequuntur consectetur qui.',NULL,NULL,1,0,'Magnam sed voluptatum officia.','Assumenda eos et facilis aliquam aspernatur qui sint est.','2012-08-27 15:10:46','2012-08-27 15:10:46'),(279,'Model','Bruen-Ritchie','Sleek Wooden Hat','863','Qui voluptatem ut ullam.','Odio et et sit aut rem.',NULL,NULL,1,0,'Molestias earum minima quo eos dolorum.','Iusto quam quasi itaque.','2012-08-27 15:10:46','2012-08-27 15:10:46'),(280,'Model','Parker-Bergstrom','Rustic Steel Gloves','864','Quia et ut a vero incidunt culpa mollitia.','Dicta consequatur quo perspiciatis facere ex quod.',NULL,NULL,0,0,'Eveniet non qui est qui.','Et quos veniam odit voluptate expedita numquam.','2012-08-27 15:10:46','2012-08-27 15:10:46'),(281,'Model','Boyer Group','Ergonomic Steel Pants','865','Quam voluptate distinctio recusandae nesciunt sunt.','Debitis distinctio adipisci quo esse aliquam aut.',NULL,NULL,2,0,'Nihil quos et voluptatum et.','Animi omnis corrupti aut porro perferendis illum vitae et.','2012-08-27 15:10:46','2012-08-27 15:10:46'),(282,'Model','Watsica, Hamill and Shanahan','Fantastic Steel Shirt','866','Sed voluptatem consequatur magni.','Deserunt quidem nobis distinctio occaecati optio fuga.',NULL,NULL,3,0,'Assumenda earum inventore dolorem nulla officia.','Mollitia eius nesciunt nostrum voluptatem ea dolores.','2012-08-27 15:10:46','2012-08-27 15:10:46'),(283,'Model','Beatty Inc','Ergonomic Granite Pants','867','Consectetur sit sapiente impedit veritatis.','Unde dolorem est rerum rem in et.',NULL,NULL,3,0,'Id ipsam inventore accusantium ut recusandae ratione et.','Amet quam sapiente aperiam eligendi labore.','2012-08-27 15:10:46','2012-08-27 15:10:46'),(284,'Model','Emard, Bednar and Jacobson','Incredible Concrete Table','868','Omnis et quidem laborum atque nobis.','Unde ratione sed ex fuga non voluptates explicabo sunt.',NULL,NULL,1,0,'Aperiam suscipit sint omnis.','Voluptas earum sint dolores quisquam ab.','2012-08-27 15:10:46','2012-08-27 15:10:46'),(285,'Model','Crist and Sons','Fantastic Concrete Car','869','Id aliquid voluptates in expedita laudantium fugit quis dolores.','Natus molestiae dignissimos sed necessitatibus adipisci a.',NULL,NULL,1,0,'Aut et ea consectetur sapiente qui et reprehenderit repellendus.','Molestias commodi laborum impedit ut incidunt.','2012-08-27 15:10:46','2012-08-27 15:10:46'),(286,'Model','Wolff, Shanahan and Turner','Ergonomic Plastic Gloves','870','Qui illum ut in voluptatibus officia non.','Quam minima alias aliquid recusandae ea quasi provident et.',NULL,NULL,2,0,'Distinctio qui voluptas in id.','Perferendis voluptas id aut iusto et et.','2012-08-27 15:10:46','2012-08-27 15:10:46'),(287,'Model','Ritchie, Heathcote and Streich','Ergonomic Plastic Computer','871','Perferendis est doloremque enim nobis officiis autem.','Voluptas est minima et quia.',NULL,NULL,3,0,'Molestiae quia eos eveniet natus aut.','Assumenda necessitatibus dignissimos qui in sed molestiae.','2012-08-27 15:10:46','2012-08-27 15:10:46'),(288,'Model','Dicki-Roob','Rustic Concrete Shoes','872','Facilis delectus vel enim consequatur natus.','Ullam eveniet et reprehenderit pariatur doloribus.',NULL,NULL,1,0,'Consequatur laborum fugiat velit sint laboriosam.','Consequuntur iusto ad in iure.','2012-08-27 15:10:46','2012-08-27 15:10:46'),(289,'Model','Rath, Johnston and Koepp','Gorgeous Wooden Pants','873','Eaque blanditiis eos omnis quisquam.','Sint expedita quidem voluptas aliquam neque totam enim.',NULL,NULL,1,0,'Non voluptas dolores itaque ratione.','Rem sequi eius inventore architecto quis odio.','2012-08-27 15:10:46','2012-08-27 15:10:46'),(290,'Model','Turner-Marvin','Gorgeous Granite Pants','874','Quasi quis saepe sequi.','In odio eius ad dicta.',NULL,NULL,0,0,'Nemo odit iste doloremque molestias.','Quod iusto nemo tenetur.','2012-08-27 15:10:46','2012-08-27 15:10:46'),(291,'Model','Kreiger Group','Practical Plastic Shirt','875','Id ipsa quaerat pariatur.','Laboriosam eius consequatur corporis ea quasi fugiat dolor.',NULL,NULL,2,0,'Dolor at occaecati ipsa in enim id aut accusamus.','Inventore sunt quisquam dolorum quia saepe rerum impedit aperiam.','2012-08-27 15:10:46','2012-08-27 15:10:46'),(292,'Model','Paucek-Price','Small Concrete Shoes','876','Quaerat et voluptas fugiat libero nostrum.','Voluptatem facere impedit consequuntur vel itaque.',NULL,NULL,0,0,'Voluptas et laboriosam est et quibusdam distinctio.','Laboriosam ullam aperiam illum hic perferendis assumenda.','2012-08-27 15:10:46','2012-08-27 15:10:46'),(293,'Software','Schuster, Frami and Eichmann','Incredible Granite Table','877',NULL,NULL,NULL,NULL,0,0,NULL,NULL,'2012-08-27 15:10:46','2012-08-27 15:10:46'),(294,'Model','Gutmann, D\'Amore and Conroy','Incredible Wooden Chair','878','Quo eligendi tempora vel quia quibusdam quia numquam.','Aut illum sit porro sint optio quis ut rerum.',NULL,NULL,0,0,'Enim blanditiis officia ut deleniti vitae.','Neque in accusamus et quia eos eligendi beatae.','2012-08-27 15:10:46','2012-08-27 15:10:46'),(295,'Model','Glover-Stehr','Awesome Cotton Hat','879','Quam sint velit dolores praesentium.','Consequatur omnis dolorem adipisci nam tempora architecto maiores nihil.',NULL,NULL,1,0,'Itaque sint deleniti sit.','Cumque ipsum repellat voluptatem occaecati est sit.','2012-08-27 15:10:46','2012-08-27 15:10:46'),(296,'Model','Walsh-Schmeler','Ergonomic Rubber Shirt','880','Praesentium quo in dolores voluptatem.','Id quia minima assumenda inventore.',NULL,NULL,0,0,'Expedita dolor repudiandae ad fuga.','Sapiente est voluptates praesentium.','2012-08-27 15:10:46','2012-08-27 15:10:46'),(297,'Model','Funk, Tillman and Bruen','Gorgeous Steel Computer','881','Ut at voluptatibus dignissimos facere.','Excepturi praesentium sapiente nobis neque et.',NULL,NULL,2,0,'Ea ut odit accusamus sunt magni recusandae voluptas.','Et mollitia voluptas libero non eveniet cum deleniti ut.','2012-08-27 15:10:46','2012-08-27 15:10:46');
/*!40000 ALTER TABLE `models` ENABLE KEYS */;
UNLOCK TABLES;

--
-- Table structure for table `models_compatibles`
--

DROP TABLE IF EXISTS `models_compatibles`;
/*!40101 SET @saved_cs_client     = @@character_set_client */;
/*!40101 SET character_set_client = utf8 */;
CREATE TABLE `models_compatibles` (
  `model_id` int(11) DEFAULT NULL,
  `compatible_id` int(11) DEFAULT NULL,
  KEY `index_models_compatibles_on_compatible_id` (`compatible_id`),
  KEY `index_models_compatibles_on_model_id` (`model_id`)
) ENGINE=InnoDB DEFAULT CHARSET=utf8 COLLATE=utf8_unicode_ci;
/*!40101 SET character_set_client = @saved_cs_client */;

--
-- Dumping data for table `models_compatibles`
--

LOCK TABLES `models_compatibles` WRITE;
/*!40000 ALTER TABLE `models_compatibles` DISABLE KEYS */;
INSERT INTO `models_compatibles` VALUES (144,143),(145,143),(146,143);
/*!40000 ALTER TABLE `models_compatibles` ENABLE KEYS */;
UNLOCK TABLES;

--
-- Table structure for table `notifications`
--

DROP TABLE IF EXISTS `notifications`;
/*!40101 SET @saved_cs_client     = @@character_set_client */;
/*!40101 SET character_set_client = utf8 */;
CREATE TABLE `notifications` (
  `id` int(11) NOT NULL AUTO_INCREMENT,
  `user_id` int(11) DEFAULT NULL,
  `title` varchar(255) COLLATE utf8_unicode_ci DEFAULT '',
  `created_at` datetime NOT NULL,
  PRIMARY KEY (`id`),
  KEY `index_notifications_on_user_id` (`user_id`)
) ENGINE=InnoDB DEFAULT CHARSET=utf8 COLLATE=utf8_unicode_ci;
/*!40101 SET character_set_client = @saved_cs_client */;

--
-- Dumping data for table `notifications`
--

LOCK TABLES `notifications` WRITE;
/*!40000 ALTER TABLE `notifications` DISABLE KEYS */;
/*!40000 ALTER TABLE `notifications` ENABLE KEYS */;
UNLOCK TABLES;

--
-- Table structure for table `numerators`
--

DROP TABLE IF EXISTS `numerators`;
/*!40101 SET @saved_cs_client     = @@character_set_client */;
/*!40101 SET character_set_client = utf8 */;
CREATE TABLE `numerators` (
  `id` int(11) NOT NULL AUTO_INCREMENT,
  `item` int(11) DEFAULT NULL,
  PRIMARY KEY (`id`)
) ENGINE=InnoDB DEFAULT CHARSET=utf8 COLLATE=utf8_unicode_ci;
/*!40101 SET character_set_client = @saved_cs_client */;

--
-- Dumping data for table `numerators`
--

LOCK TABLES `numerators` WRITE;
/*!40000 ALTER TABLE `numerators` DISABLE KEYS */;
/*!40000 ALTER TABLE `numerators` ENABLE KEYS */;
UNLOCK TABLES;

--
-- Table structure for table `options`
--

DROP TABLE IF EXISTS `options`;
/*!40101 SET @saved_cs_client     = @@character_set_client */;
/*!40101 SET character_set_client = utf8 */;
CREATE TABLE `options` (
  `id` int(11) NOT NULL AUTO_INCREMENT,
  `inventory_pool_id` int(11) DEFAULT NULL,
  `inventory_code` varchar(255) COLLATE utf8_unicode_ci DEFAULT NULL,
  `manufacturer` varchar(255) COLLATE utf8_unicode_ci DEFAULT NULL,
  `product` varchar(255) COLLATE utf8_unicode_ci NOT NULL,
  `version` varchar(255) COLLATE utf8_unicode_ci DEFAULT NULL,
  `price` decimal(8,2) DEFAULT NULL,
  PRIMARY KEY (`id`),
  KEY `index_options_on_inventory_pool_id` (`inventory_pool_id`)
) ENGINE=InnoDB AUTO_INCREMENT=7 DEFAULT CHARSET=utf8 COLLATE=utf8_unicode_ci;
/*!40101 SET character_set_client = @saved_cs_client */;

--
-- Dumping data for table `options`
--

LOCK TABLES `options` WRITE;
/*!40000 ALTER TABLE `options` DISABLE KEYS */;
INSERT INTO `options` VALUES (1,1,'akku-aa',NULL,'Akku AA','697','831.00'),(2,1,'akku-aaa',NULL,'Akku AAA','698','1496.00'),(3,1,'usb',NULL,'USB Kabel','699','1249.00'),(4,1,'vol7077',NULL,'Sleek Rubber Shoes','798','372.00'),(5,1,'quo6527',NULL,'Fantastic Rubber Pants','800','81.00'),(6,2,'cup6313',NULL,'Gorgeous Wooden Gloves','806','1317.00');
/*!40000 ALTER TABLE `options` ENABLE KEYS */;
UNLOCK TABLES;

--
-- Table structure for table `partitions`
--

DROP TABLE IF EXISTS `partitions`;
/*!40101 SET @saved_cs_client     = @@character_set_client */;
/*!40101 SET character_set_client = utf8 */;
CREATE TABLE `partitions` (
  `id` int(11) NOT NULL AUTO_INCREMENT,
  `model_id` int(11) DEFAULT NULL,
  `inventory_pool_id` int(11) DEFAULT NULL,
  `group_id` int(11) DEFAULT NULL,
  `quantity` int(11) DEFAULT NULL,
  PRIMARY KEY (`id`),
  UNIQUE KEY `index_partitions_on_model_id_and_inventory_pool_id_and_group_id` (`model_id`,`inventory_pool_id`,`group_id`)
) ENGINE=InnoDB AUTO_INCREMENT=12 DEFAULT CHARSET=utf8 COLLATE=utf8_unicode_ci;
/*!40101 SET character_set_client = @saved_cs_client */;

--
-- Dumping data for table `partitions`
--

LOCK TABLES `partitions` WRITE;
/*!40000 ALTER TABLE `partitions` DISABLE KEYS */;
INSERT INTO `partitions` VALUES (1,111,1,4,1),(2,145,1,5,1),(3,146,1,6,5),(4,144,1,1,1),(5,80,1,1,1),(6,80,1,2,1),(7,166,1,7,1),(8,175,1,7,1),(9,183,1,7,1),(10,194,1,8,1),(11,202,1,7,1);
/*!40000 ALTER TABLE `partitions` ENABLE KEYS */;
UNLOCK TABLES;

--
-- Temporary table structure for view `partitions_with_generals`
--

DROP TABLE IF EXISTS `partitions_with_generals`;
/*!50001 DROP VIEW IF EXISTS `partitions_with_generals`*/;
SET @saved_cs_client     = @@character_set_client;
SET character_set_client = utf8;
/*!50001 CREATE TABLE `partitions_with_generals` (
  `model_id` int(11),
  `inventory_pool_id` int(11),
  `group_id` int(11),
  `quantity` decimal(33,0)
) ENGINE=MyISAM */;
SET character_set_client = @saved_cs_client;

--
-- Table structure for table `properties`
--

DROP TABLE IF EXISTS `properties`;
/*!40101 SET @saved_cs_client     = @@character_set_client */;
/*!40101 SET character_set_client = utf8 */;
CREATE TABLE `properties` (
  `id` int(11) NOT NULL AUTO_INCREMENT,
  `model_id` int(11) DEFAULT NULL,
  `key` varchar(255) COLLATE utf8_unicode_ci DEFAULT NULL,
  `value` varchar(255) COLLATE utf8_unicode_ci DEFAULT NULL,
  PRIMARY KEY (`id`),
  KEY `index_properties_on_model_id` (`model_id`)
) ENGINE=InnoDB AUTO_INCREMENT=13 DEFAULT CHARSET=utf8 COLLATE=utf8_unicode_ci;
/*!40101 SET character_set_client = @saved_cs_client */;

--
-- Dumping data for table `properties`
--

LOCK TABLES `properties` WRITE;
/*!40000 ALTER TABLE `properties` DISABLE KEYS */;
INSERT INTO `properties` VALUES (1,144,'Rotorduchmesser','120'),(2,144,'Akkus','2'),(3,144,'Farbe','Rot'),(4,145,'Rotorduchmesser','120'),(5,145,'Akkus','2'),(6,145,'Farbe','Rot'),(7,145,'max. Speed','80 kmh'),(8,145,'Gyro','Ja'),(9,145,'Achsen','3-Achsen'),(10,146,'Rotorduchmesser','120'),(11,146,'Akkus','2'),(12,146,'Farbe','Rot');
/*!40000 ALTER TABLE `properties` ENABLE KEYS */;
UNLOCK TABLES;

--
-- Table structure for table `purposes`
--

DROP TABLE IF EXISTS `purposes`;
/*!40101 SET @saved_cs_client     = @@character_set_client */;
/*!40101 SET character_set_client = utf8 */;
CREATE TABLE `purposes` (
  `id` int(11) NOT NULL AUTO_INCREMENT,
  `description` text COLLATE utf8_unicode_ci,
  PRIMARY KEY (`id`)
) ENGINE=InnoDB AUTO_INCREMENT=45 DEFAULT CHARSET=utf8 COLLATE=utf8_unicode_ci;
/*!40101 SET character_set_client = @saved_cs_client */;

--
-- Dumping data for table `purposes`
--

LOCK TABLES `purposes` WRITE;
/*!40000 ALTER TABLE `purposes` DISABLE KEYS */;
INSERT INTO `purposes` VALUES (1,'---\n- Velit tenetur sed numquam quo deleniti voluptatem voluptatem.\n- Dolorem atque quod consequatur libero autem.\n'),(2,'---\n- Ut nihil exercitationem enim.\n- Voluptate quam incidunt ut qui veniam dolorem sit.\n'),(3,'Ersatzstativ fr die Ausstellung.'),(4,'Ersatzstativ fr die Ausstellung.'),(5,'Ersatzstativ fr die Ausstellung.'),(6,'Ersatzstativ fr die Ausstellung.'),(7,'Ersatzstativ fr die Ausstellung.'),(8,'Ersatzstativ fr die Ausstellung.'),(9,'Ersatzstativ fr die Ausstellung.'),(10,'Ersatzstativ fr die Ausstellung.'),(11,'Ersatzstativ fr die Ausstellung.'),(12,'Ersatzstativ fr die Ausstellung.'),(13,'Ersatzstativ fr die Ausstellung.'),(14,'Ersatzstativ fr die Ausstellung.'),(15,'Repudiandae ea voluptatem nostrum libero.'),(16,'Voluptas ea consequatur saepe qui.'),(17,'Quisquam est vel aut.'),(18,'Est officiis illum debitis harum.'),(19,'Rerum dicta architecto quos ad ut itaque.'),(20,'Quidem dolor ipsam omnis.'),(21,'Bentige ich fr die Aufnahmen meiner Abschlussarbeit.'),(22,'Non ea repudiandae beatae eum aliquid non dicta esse.'),(23,'Possimus id nisi deserunt perferendis architecto.'),(24,'Qui officiis expedita sit repellendus deleniti repudiandae laborum.'),(25,'Ersatzstativ fr die Ausstellung.'),(26,'Fr das zweite Austellungswochenende.'),(27,'Fr das dritte Austellungswochenende.'),(28,'Fr die Abschlussarbeit.'),(29,'Ersatzstativ fr die Ausstellung.'),(30,'Bestellung mit Software'),(31,'Bestellung mit Gegenstand ohne Ort'),(32,'Um meine Abschlussarbeit zu fotografieren.'),(33,'Temporibus et harum voluptate non ut labore odit.'),(34,'Um meine Abschlussarbeit zu fotografieren.'),(35,'Um meine Abschlussarbeit zu fotografieren.'),(36,'Doloremque natus quos voluptatibus delectus.'),(37,'Paketausgabe'),(38,'Fr meinen aktuellen Kurs.'),(39,'Ersatzstativ fr die Ausstellung.'),(40,'Um meine Abschlussarbeit zu fotografieren.'),(41,'Fotoshooting (Kurs Fotografie).'),(42,'Brauche ich zwingend fr meinen Kurs.'),(43,'Ganz dringend bentigt fr meine Abschlussarbeit.'),(44,'Als Ersatz.');
/*!40000 ALTER TABLE `purposes` ENABLE KEYS */;
UNLOCK TABLES;

--
-- Table structure for table `schema_migrations`
--

DROP TABLE IF EXISTS `schema_migrations`;
/*!40101 SET @saved_cs_client     = @@character_set_client */;
/*!40101 SET character_set_client = utf8 */;
CREATE TABLE `schema_migrations` (
  `version` varchar(255) COLLATE utf8_unicode_ci NOT NULL,
  UNIQUE KEY `unique_schema_migrations` (`version`)
) ENGINE=InnoDB DEFAULT CHARSET=utf8 COLLATE=utf8_unicode_ci;
/*!40101 SET character_set_client = @saved_cs_client */;

--
-- Dumping data for table `schema_migrations`
--

LOCK TABLES `schema_migrations` WRITE;
/*!40000 ALTER TABLE `schema_migrations` DISABLE KEYS */;
INSERT INTO `schema_migrations` VALUES ('20140410180000'),('20140414100000'),('20140415083535'),('20140417113831'),('20140428092844'),('20140515131025');
/*!40000 ALTER TABLE `schema_migrations` ENABLE KEYS */;
UNLOCK TABLES;

--
-- Table structure for table `settings`
--

DROP TABLE IF EXISTS `settings`;
/*!40101 SET @saved_cs_client     = @@character_set_client */;
/*!40101 SET character_set_client = utf8 */;
CREATE TABLE `settings` (
  `id` int(11) NOT NULL AUTO_INCREMENT,
  `smtp_address` varchar(255) COLLATE utf8_unicode_ci DEFAULT NULL,
  `smtp_port` int(11) DEFAULT NULL,
  `smtp_domain` varchar(255) COLLATE utf8_unicode_ci DEFAULT NULL,
  `local_currency_string` varchar(255) COLLATE utf8_unicode_ci DEFAULT NULL,
  `contract_terms` text COLLATE utf8_unicode_ci,
  `contract_lending_party_string` text COLLATE utf8_unicode_ci,
  `email_signature` varchar(255) COLLATE utf8_unicode_ci DEFAULT NULL,
  `default_email` varchar(255) COLLATE utf8_unicode_ci DEFAULT NULL,
  `deliver_order_notifications` tinyint(1) DEFAULT NULL,
  `user_image_url` varchar(255) COLLATE utf8_unicode_ci DEFAULT NULL,
  `ldap_config` varchar(255) COLLATE utf8_unicode_ci DEFAULT NULL,
  `logo_url` varchar(255) COLLATE utf8_unicode_ci DEFAULT NULL,
  `mail_delivery_method` varchar(255) COLLATE utf8_unicode_ci DEFAULT NULL,
  `smtp_username` varchar(255) COLLATE utf8_unicode_ci DEFAULT NULL,
  `smtp_password` varchar(255) COLLATE utf8_unicode_ci DEFAULT NULL,
  `smtp_enable_starttls_auto` tinyint(1) NOT NULL DEFAULT '0',
  `smtp_openssl_verify_mode` varchar(255) COLLATE utf8_unicode_ci NOT NULL DEFAULT 'none',
  `time_zone` varchar(255) COLLATE utf8_unicode_ci NOT NULL DEFAULT 'Bern',
  `disable_manage_section` tinyint(1) NOT NULL DEFAULT '0',
  `disable_manage_section_message` text COLLATE utf8_unicode_ci,
  `disable_borrow_section` tinyint(1) NOT NULL DEFAULT '0',
  `disable_borrow_section_message` text COLLATE utf8_unicode_ci,
  `text` text COLLATE utf8_unicode_ci,
  PRIMARY KEY (`id`)
) ENGINE=InnoDB AUTO_INCREMENT=2 DEFAULT CHARSET=utf8 COLLATE=utf8_unicode_ci;
/*!40101 SET character_set_client = @saved_cs_client */;

--
-- Dumping data for table `settings`
--

LOCK TABLES `settings` WRITE;
/*!40000 ALTER TABLE `settings` DISABLE KEYS */;
INSERT INTO `settings` VALUES (1,'smtp.zhdk.ch',25,'beta.ausleihe.zhdk.ch','CHF','Die Benutzerin/der Benutzer ist bei unsachgemsser Handhabung oder Verlust schadenersatzpflichtig. Sie/Er verpflichtet sich, das Material sorgfltig zu behandeln und gereinigt zu retournieren. Bei mangelbehafteter oder verspteter Rckgabe kann eine Ausleihsperre (bis zu 6 Monaten) verhngt werden. Das geliehene Material bleibt jederzeit uneingeschrnktes Eigentum der Zrcher Hochschule der Knste und darf ausschliesslich fr schulische Zwecke eingesetzt werden. Mit ihrer/seiner Unterschrift akzeptiert die Benutzerin/der Benutzer diese Bedingungen sowie die \'Richtlinie zur Ausleihe von Sachen\' der ZHdK und etwaige abteilungsspezifische Ausleih-Richtlinien.','Your\nAddress\nHere','Das PZ-leihs Team','sender@example.com',0,'http://www.zhdk.ch/?person/foto&width=100&compressionlevel=0&id={:id}',NULL,'/assets/image-logo-zhdk.png','test',NULL,NULL,0,'none','Bern',0,NULL,0,NULL,NULL);
/*!40000 ALTER TABLE `settings` ENABLE KEYS */;
UNLOCK TABLES;

--
-- Table structure for table `suppliers`
--

DROP TABLE IF EXISTS `suppliers`;
/*!40101 SET @saved_cs_client     = @@character_set_client */;
/*!40101 SET character_set_client = utf8 */;
CREATE TABLE `suppliers` (
  `id` int(11) NOT NULL AUTO_INCREMENT,
  `name` varchar(255) COLLATE utf8_unicode_ci DEFAULT NULL,
  `created_at` datetime DEFAULT NULL,
  `updated_at` datetime DEFAULT NULL,
  PRIMARY KEY (`id`)
) ENGINE=InnoDB AUTO_INCREMENT=263 DEFAULT CHARSET=utf8 COLLATE=utf8_unicode_ci;
/*!40101 SET character_set_client = @saved_cs_client */;

--
-- Dumping data for table `suppliers`
--

LOCK TABLES `suppliers` WRITE;
/*!40000 ALTER TABLE `suppliers` DISABLE KEYS */;
INSERT INTO `suppliers` VALUES (1,'nobisquasifacerequia','2012-08-27 15:10:46','2012-08-27 15:10:46'),(2,'numquamnecessitatibussolutavoluptas','2012-08-27 15:10:46','2012-08-27 15:10:46'),(3,'atperspiciatisperferendisaliquam','2012-08-27 15:10:46','2012-08-27 15:10:46'),(4,'rerumvitaevoluptatibusid','2012-08-27 15:10:46','2012-08-27 15:10:46'),(5,'necessitatibusnumquamquiavoluptatem','2012-08-27 15:10:46','2012-08-27 15:10:46'),(6,'vitaeetadiste','2012-08-27 15:10:46','2012-08-27 15:10:46'),(7,'commodiutquiquaerat','2012-08-27 15:10:46','2012-08-27 15:10:46'),(8,'delectusdoloresveroodit','2012-08-27 15:10:46','2012-08-27 15:10:46'),(9,'culpacumidea','2012-08-27 15:10:46','2012-08-27 15:10:46'),(10,'consequatursintsequiet','2012-08-27 15:10:46','2012-08-27 15:10:46'),(11,'quiasintrepellendusexpedita','2012-08-27 15:10:46','2012-08-27 15:10:46'),(12,'sitimpeditnemoqui','2012-08-27 15:10:46','2012-08-27 15:10:46'),(13,'quiaplaceatenimquod','2012-08-27 15:10:46','2012-08-27 15:10:46'),(14,'eaqueconsequaturlaboremagnam','2012-08-27 15:10:46','2012-08-27 15:10:46'),(15,'nisiodioblanditiisitaque','2012-08-27 15:10:46','2012-08-27 15:10:46'),(16,'quasiadculpaincidunt','2012-08-27 15:10:46','2012-08-27 15:10:46'),(17,'adculpahicinventore','2012-08-27 15:10:46','2012-08-27 15:10:46'),(18,'sedvoluptatemestrepellendus','2012-08-27 15:10:46','2012-08-27 15:10:46'),(19,'porroidveniamquia','2012-08-27 15:10:46','2012-08-27 15:10:46'),(20,'ipsarerumcupiditatecommodi','2012-08-27 15:10:46','2012-08-27 15:10:46'),(21,'ipsaatqueillosint','2012-08-27 15:10:46','2012-08-27 15:10:46'),(22,'velitnonblanditiisvelit','2012-08-27 15:10:46','2012-08-27 15:10:46'),(23,'possimusdoloruminvoluptas','2012-08-27 15:10:46','2012-08-27 15:10:46'),(24,'consequaturautemexaccusantium','2012-08-27 15:10:46','2012-08-27 15:10:46'),(25,'sitipsumdelenitifacere','2012-08-27 15:10:46','2012-08-27 15:10:46'),(26,'laboriosamoccaecaticorruptiquas','2012-08-27 15:10:46','2012-08-27 15:10:46'),(27,'illumaeaanimi','2012-08-27 15:10:46','2012-08-27 15:10:46'),(28,'etmagniconsequaturaliquid','2012-08-27 15:10:46','2012-08-27 15:10:46'),(29,'magnidoloresetminus','2012-08-27 15:10:46','2012-08-27 15:10:46'),(30,'beataereprehenderitsitquia','2012-08-27 15:10:46','2012-08-27 15:10:46'),(31,'illumcorporisquiofficiis','2012-08-27 15:10:46','2012-08-27 15:10:46'),(32,'verovoluptatemremnesciunt','2012-08-27 15:10:46','2012-08-27 15:10:46'),(33,'cumqueconsequunturbeataequi','2012-08-27 15:10:46','2012-08-27 15:10:46'),(34,'eumquasirerumconsectetur','2012-08-27 15:10:46','2012-08-27 15:10:46'),(35,'nonsitinofficia','2012-08-27 15:10:46','2012-08-27 15:10:46'),(36,'praesentiumestearumhic','2012-08-27 15:10:46','2012-08-27 15:10:46'),(37,'nihiletdoloremipsum','2012-08-27 15:10:46','2012-08-27 15:10:46'),(38,'doloreslaborevoluptatemqui','2012-08-27 15:10:46','2012-08-27 15:10:46'),(39,'nondelenitiipsamad','2012-08-27 15:10:46','2012-08-27 15:10:46'),(40,'possimuscumperferendisreprehenderit','2012-08-27 15:10:46','2012-08-27 15:10:46'),(41,'adipisciinnullaalias','2012-08-27 15:10:46','2012-08-27 15:10:46'),(42,'consequaturautsuscipithic','2012-08-27 15:10:46','2012-08-27 15:10:46'),(43,'quieligendidoloremillum','2012-08-27 15:10:46','2012-08-27 15:10:46'),(44,'quiconsequuntursolutaperspiciatis','2012-08-27 15:10:46','2012-08-27 15:10:46'),(45,'quasquibusdamfacereest','2012-08-27 15:10:46','2012-08-27 15:10:46'),(46,'expeditavelitquasiet','2012-08-27 15:10:46','2012-08-27 15:10:46'),(47,'ipsaeosquimaxime','2012-08-27 15:10:46','2012-08-27 15:10:46'),(48,'utundearchitectoenim','2012-08-27 15:10:46','2012-08-27 15:10:46'),(49,'voluptasdoloresmaximetempore','2012-08-27 15:10:46','2012-08-27 15:10:46'),(50,'similiquedoloresquisquamomnis','2012-08-27 15:10:46','2012-08-27 15:10:46'),(51,'eossapientesedomnis','2012-08-27 15:10:46','2012-08-27 15:10:46'),(52,'quasireprehenderitquasfacere','2012-08-27 15:10:46','2012-08-27 15:10:46'),(53,'temporibusvoluptaseligendivoluptatibus','2012-08-27 15:10:46','2012-08-27 15:10:46'),(54,'sitmolestiaeidenim','2012-08-27 15:10:46','2012-08-27 15:10:46'),(55,'quononpossimusqui','2012-08-27 15:10:46','2012-08-27 15:10:46'),(56,'rerummolestiaeeumquia','2012-08-27 15:10:46','2012-08-27 15:10:46'),(57,'eosquasideseruntab','2012-08-27 15:10:46','2012-08-27 15:10:46'),(58,'similiqueabeataeiure','2012-08-27 15:10:46','2012-08-27 15:10:46'),(59,'culpasedquisvoluptas','2012-08-27 15:10:46','2012-08-27 15:10:46'),(60,'voluptatesullamcorporisaccusamus','2012-08-27 15:10:46','2012-08-27 15:10:46'),(61,'inventoreetofficiaoptio','2012-08-27 15:10:46','2012-08-27 15:10:46'),(62,'quominuslaudantiumaut','2012-08-27 15:10:46','2012-08-27 15:10:46'),(63,'quiafugitperspiciatisfacere','2012-08-27 15:10:46','2012-08-27 15:10:46'),(64,'eosdelectusillonumquam','2012-08-27 15:10:46','2012-08-27 15:10:46'),(65,'laudantiumdoloremquecorruptitempore','2012-08-27 15:10:46','2012-08-27 15:10:46'),(66,'consequunturetitaquequia','2012-08-27 15:10:46','2012-08-27 15:10:46'),(67,'eosautvelitnon','2012-08-27 15:10:46','2012-08-27 15:10:46'),(68,'etestpossimusdolor','2012-08-27 15:10:46','2012-08-27 15:10:46'),(69,'earummollitiarationetenetur','2012-08-27 15:10:46','2012-08-27 15:10:46'),(70,'laboreabquodicta','2012-08-27 15:10:46','2012-08-27 15:10:46'),(71,'blanditiissitvoluptateset','2012-08-27 15:10:46','2012-08-27 15:10:46'),(72,'nemoquiaetpraesentium','2012-08-27 15:10:46','2012-08-27 15:10:46'),(73,'etquodsedreiciendis','2012-08-27 15:10:46','2012-08-27 15:10:46'),(74,'doloreslaborumvoluptasut','2012-08-27 15:10:46','2012-08-27 15:10:46'),(75,'errorquiculpavoluptatum','2012-08-27 15:10:46','2012-08-27 15:10:46'),(76,'quiaatqueexpeditadelectus','2012-08-27 15:10:46','2012-08-27 15:10:46'),(77,'oditquaeratrepellenduseveniet','2012-08-27 15:10:46','2012-08-27 15:10:46'),(78,'officiisinventorefugitsint','2012-08-27 15:10:46','2012-08-27 15:10:46'),(79,'atquedoloremquasquisquam','2012-08-27 15:10:46','2012-08-27 15:10:46'),(80,'accusantiumremillumvoluptatum','2012-08-27 15:10:46','2012-08-27 15:10:46'),(81,'exeumetdistinctio','2012-08-27 15:10:46','2012-08-27 15:10:46'),(82,'officiaoptioaccusantiumnostrum','2012-08-27 15:10:46','2012-08-27 15:10:46'),(83,'delenitianimisolutaet','2012-08-27 15:10:46','2012-08-27 15:10:46'),(84,'dolorbeataecorruptiquis','2012-08-27 15:10:46','2012-08-27 15:10:46'),(85,'laboriosamsedcorporiscorrupti','2012-08-27 15:10:46','2012-08-27 15:10:46'),(86,'estoccaecatinonquaerat','2012-08-27 15:10:46','2012-08-27 15:10:46'),(87,'etquiaquiquis','2012-08-27 15:10:46','2012-08-27 15:10:46'),(88,'consequaturautquidemnostrum','2012-08-27 15:10:46','2012-08-27 15:10:46'),(89,'quiplaceatexercitationemperspiciatis','2012-08-27 15:10:46','2012-08-27 15:10:46'),(90,'quaeenimearumnecessitatibus','2012-08-27 15:10:46','2012-08-27 15:10:46'),(91,'quipraesentiumvoluptatemet','2012-08-27 15:10:46','2012-08-27 15:10:46'),(92,'sequivoluptatumipsadolorem','2012-08-27 15:10:46','2012-08-27 15:10:46'),(93,'mollitiaquisfugaincidunt','2012-08-27 15:10:46','2012-08-27 15:10:46'),(94,'nobisullameterror','2012-08-27 15:10:46','2012-08-27 15:10:46'),(95,'minuscupiditateadincidunt','2012-08-27 15:10:46','2012-08-27 15:10:46'),(96,'quasivoluptasautincidunt','2012-08-27 15:10:46','2012-08-27 15:10:46'),(97,'voluptateautvoluptatibuscommodi','2012-08-27 15:10:46','2012-08-27 15:10:46'),(98,'laudantiumsuscipiteumet','2012-08-27 15:10:46','2012-08-27 15:10:46'),(99,'veniamdoloremutnihil','2012-08-27 15:10:46','2012-08-27 15:10:46'),(100,'etquibusdamdeserunteos','2012-08-27 15:10:46','2012-08-27 15:10:46'),(101,'quiutdoloriste','2012-08-27 15:10:46','2012-08-27 15:10:46'),(102,'adsuntdeseruntdolorem','2012-08-27 15:10:46','2012-08-27 15:10:46'),(103,'omnisestnullaullam','2012-08-27 15:10:46','2012-08-27 15:10:46'),(104,'quisquamutdelectustenetur','2012-08-27 15:10:46','2012-08-27 15:10:46'),(105,'sedvitaeeosnam','2012-08-27 15:10:46','2012-08-27 15:10:46'),(106,'quoameteafacilis','2012-08-27 15:10:46','2012-08-27 15:10:46'),(107,'nisivelitsednobis','2012-08-27 15:10:46','2012-08-27 15:10:46'),(108,'suscipitcorporisenimqui','2012-08-27 15:10:46','2012-08-27 15:10:46'),(109,'necessitatibusetautet','2012-08-27 15:10:46','2012-08-27 15:10:46'),(110,'deseruntodiooptioet','2012-08-27 15:10:46','2012-08-27 15:10:46'),(111,'errorexnihilipsam','2012-08-27 15:10:46','2012-08-27 15:10:46'),(112,'voluptatibusdebitisidvoluptatem','2012-08-27 15:10:46','2012-08-27 15:10:46'),(113,'quasiessenullaat','2012-08-27 15:10:46','2012-08-27 15:10:46'),(114,'nonperferendisrerumitaque','2012-08-27 15:10:46','2012-08-27 15:10:46'),(115,'maximeprovidentminimaaut','2012-08-27 15:10:46','2012-08-27 15:10:46'),(116,'magnisapientevoluptatumsunt','2012-08-27 15:10:46','2012-08-27 15:10:46'),(117,'quiremquamdolor','2012-08-27 15:10:46','2012-08-27 15:10:46'),(118,'etdoloremquesimiliqueaut','2012-08-27 15:10:46','2012-08-27 15:10:46'),(119,'omnisautquotenetur','2012-08-27 15:10:46','2012-08-27 15:10:46'),(120,'corporistemporaducimusaliquam','2012-08-27 15:10:46','2012-08-27 15:10:46'),(121,'fugiatimpeditautemdolores','2012-08-27 15:10:46','2012-08-27 15:10:46'),(122,'sequiexvoluptasest','2012-08-27 15:10:46','2012-08-27 15:10:46'),(123,'remnisiofficiaut','2012-08-27 15:10:46','2012-08-27 15:10:46'),(124,'estquaeratquidemrerum','2012-08-27 15:10:46','2012-08-27 15:10:46'),(125,'autvoluptasdistinctioconsequatur','2012-08-27 15:10:46','2012-08-27 15:10:46'),(126,'sitvitaeutcum','2012-08-27 15:10:46','2012-08-27 15:10:46'),(127,'consequaturnihildoloribuseos','2012-08-27 15:10:46','2012-08-27 15:10:46'),(128,'quivoluptatemipsamut','2012-08-27 15:10:46','2012-08-27 15:10:46'),(129,'etnesciuntexest','2012-08-27 15:10:46','2012-08-27 15:10:46'),(130,'inventoredoloresasperioresvelit','2012-08-27 15:10:46','2012-08-27 15:10:46'),(131,'doloremdoloremquiiusto','2012-08-27 15:10:46','2012-08-27 15:10:46'),(132,'ametautemetet','2012-08-27 15:10:46','2012-08-27 15:10:46'),(133,'nonautemvoluptatetenetur','2012-08-27 15:10:46','2012-08-27 15:10:46'),(134,'inautipsamea','2012-08-27 15:10:46','2012-08-27 15:10:46'),(135,'etvoluptaseumiusto','2012-08-27 15:10:46','2012-08-27 15:10:46'),(136,'voluptassimiliquevoluptatequia','2012-08-27 15:10:46','2012-08-27 15:10:46'),(137,'quasiconsequaturfacilisenim','2012-08-27 15:10:46','2012-08-27 15:10:46'),(138,'sitofficiaaliquamnihil','2012-08-27 15:10:46','2012-08-27 15:10:46'),(139,'earummagnamvoluptatemipsum','2012-08-27 15:10:46','2012-08-27 15:10:46'),(140,'doloremexcepturiconsequaturpariatur','2012-08-27 15:10:46','2012-08-27 15:10:46'),(141,'anihilquinatus','2012-08-27 15:10:46','2012-08-27 15:10:46'),(142,'utlaudantiumetexplicabo','2012-08-27 15:10:46','2012-08-27 15:10:46'),(143,'possimusipsatotameos','2012-08-27 15:10:46','2012-08-27 15:10:46'),(144,'consequaturmolestiaequodlaborum','2012-08-27 15:10:46','2012-08-27 15:10:46'),(145,'voluptatesanimiquiaut','2012-08-27 15:10:46','2012-08-27 15:10:46'),(146,'nonnisialiquamquod','2012-08-27 15:10:46','2012-08-27 15:10:46'),(147,'utnonsitaliquid','2012-08-27 15:10:46','2012-08-27 15:10:46'),(148,'repellatesseetlaudantium','2012-08-24 01:02:19','2012-08-24 01:02:19'),(149,'eostemporibusetaut','2012-08-24 01:02:19','2012-08-24 01:02:19'),(150,'iurenisidolorlaboriosam','2012-08-24 01:02:19','2012-08-24 01:02:19'),(151,'voluptatemutdoloremmagni','2012-08-24 01:02:19','2012-08-24 01:02:19'),(152,'perspiciatissititaquebeatae','2012-08-24 01:02:19','2012-08-24 01:02:19'),(153,'corporisconsequunturcupiditatenesciunt','2012-08-24 01:02:19','2012-08-24 01:02:19'),(154,'earumdoloremutsint','2012-08-24 01:02:19','2012-08-24 01:02:19'),(155,'veroeligendieumautem','2012-08-24 01:02:19','2012-08-24 01:02:19'),(156,'ettemporibusexqui','2012-08-24 01:02:19','2012-08-24 01:02:19'),(157,'excepturianimiexpeditaomnis','2012-08-24 01:02:19','2012-08-24 01:02:19'),(158,'voluptatibusvoluptatemfugaeum','2012-08-24 01:02:19','2012-08-24 01:02:19'),(159,'exdoloremadaperiam','2012-08-24 01:02:20','2012-08-24 01:02:20'),(160,'optioseddolorsimilique','2012-08-24 01:02:20','2012-08-24 01:02:20'),(161,'quasiomnisomnisvoluptate','2012-08-24 01:02:20','2012-08-24 01:02:20'),(162,'errorsimiliquemolestiaevoluptate','2012-08-24 01:02:20','2012-08-24 01:02:20'),(163,'autsapientesintet','2012-08-24 01:02:20','2012-08-24 01:02:20'),(164,'laboreetenimrecusandae','2012-08-24 01:02:20','2012-08-24 01:02:20'),(165,'sedcorruptiatquetempore','2012-08-24 01:02:20','2012-08-24 01:02:20'),(166,'aperiamautrepudiandaeodit','2012-08-24 01:02:20','2012-08-24 01:02:20'),(167,'commodiipsamnamomnis','2012-08-24 01:02:20','2012-08-24 01:02:20'),(168,'omnisodioverocupiditate','2012-08-24 01:02:20','2012-08-24 01:02:20'),(169,'inadipiscifugased','2012-08-24 01:02:20','2012-08-24 01:02:20'),(170,'doloresesteaqueeligendi','2012-08-24 01:02:20','2012-08-24 01:02:20'),(171,'autconsequaturdistinctionesciunt','2012-08-20 23:02:22','2012-08-20 23:02:22'),(172,'nostrumnullaquiacumque','2012-08-20 23:02:22','2012-08-20 23:02:22'),(173,'atvoluptatumconsecteturpariatur','2012-08-20 23:02:22','2012-08-20 23:02:22'),(174,'delenitiquoquineque','2012-08-24 07:03:12','2012-08-24 07:03:12'),(175,'velfacereeanon','2012-08-24 07:03:12','2012-08-24 07:03:12'),(176,'magnamexercitationemvoluptatemquas','2012-08-24 07:03:12','2012-08-24 07:03:12'),(177,'quisquamdignissimosmolestiaesoluta','2012-08-24 07:03:12','2012-08-24 07:03:12'),(178,'aspernaturetdolordoloribus','2012-08-24 07:03:12','2012-08-24 07:03:12'),(179,'consequaturvoluptatemeaquenatus','2012-08-24 07:03:12','2012-08-24 07:03:12'),(180,'praesentiumpossimuscommodiut','2012-08-24 07:03:12','2012-08-24 07:03:12'),(181,'naminventorevoluptasquae','2012-08-27 15:10:46','2012-08-27 15:10:46'),(182,'sitillumquiearum','2012-08-27 15:10:46','2012-08-27 15:10:46'),(183,'voluptatemnihildoloresitaque','2012-08-27 15:10:46','2012-08-27 15:10:46'),(184,'facereperferendisnumquamaliquid','2012-08-27 15:10:46','2012-08-27 15:10:46'),(185,'exercitationemvelitpraesentiumquia','2012-08-27 15:10:46','2012-08-27 15:10:46'),(186,'hicvoluptatemenimvoluptates','2012-08-27 15:10:46','2012-08-27 15:10:46'),(187,'maximedignissimosomnisillo','2012-08-27 15:10:46','2012-08-27 15:10:46'),(188,'voluptatemlaudantiumquidolor','2012-08-27 15:10:46','2012-08-27 15:10:46'),(189,'occaecatiteneturodionon','2012-08-27 15:10:46','2012-08-27 15:10:46'),(190,'explicaboutquasiaut','2012-08-27 15:10:46','2012-08-27 15:10:46'),(191,'ipsumbeataeperspiciatisest','2012-08-27 15:10:46','2012-08-27 15:10:46'),(192,'totametadipisciconsequatur','2012-08-27 15:10:46','2012-08-27 15:10:46'),(193,'natuseaautmolestias','2012-08-27 15:10:46','2012-08-27 15:10:46'),(194,'atqueomnisdoloresunde','2012-08-27 15:10:46','2012-08-27 15:10:46'),(195,'autlaborumquiaautem','2012-08-27 15:10:46','2012-08-27 15:10:46'),(196,'quamullamquibusdamsunt','2012-08-27 15:10:46','2012-08-27 15:10:46'),(197,'temporeenimmodierror','2012-08-27 15:10:46','2012-08-27 15:10:46'),(198,'perferendisadharumex','2012-08-27 15:10:46','2012-08-27 15:10:46'),(199,'beataevoluptatemutvoluptatem','2012-08-27 15:10:46','2012-08-27 15:10:46'),(200,'aliquidhicducimuslaudantium','2012-08-22 00:00:00','2012-08-22 00:00:00'),(201,'illoquiaconsequunturrerum','2012-08-22 00:00:00','2012-08-22 00:00:00'),(202,'nesciuntminusidaperiam','2012-08-22 00:00:00','2012-08-22 00:00:00'),(203,'etetiuredelectus','2012-08-27 15:10:46','2012-08-27 15:10:46'),(204,'itaqueinomnistotam','2012-08-27 15:10:46','2012-08-27 15:10:46'),(205,'autetminimaat','2012-08-27 15:10:46','2012-08-27 15:10:46'),(206,'involuptasquosimpedit','2012-08-27 15:10:46','2012-08-27 15:10:46'),(207,'rerumveniametrem','2012-08-27 15:10:46','2012-08-27 15:10:46'),(208,'sequiquidolorumreprehenderit','2012-08-27 15:10:46','2012-08-27 15:10:46'),(209,'doloremestconsecteturquis','2012-08-27 15:10:46','2012-08-27 15:10:46'),(210,'etquasprovidentid','2012-08-27 15:10:46','2012-08-27 15:10:46'),(211,'possimusquidemsolutaaut','2012-08-27 15:10:46','2012-08-27 15:10:46'),(212,'voluptatemdictaidmaxime','2012-08-27 15:10:46','2012-08-27 15:10:46'),(213,'etreprehenderitconsequaturarchitecto','2012-08-27 15:10:46','2012-08-27 15:10:46'),(214,'possimusquiveroet','2012-08-27 15:10:46','2012-08-27 15:10:46'),(215,'vitaesuntsaepedignissimos','2012-08-27 15:10:46','2012-08-27 15:10:46'),(216,'veniamcumnemoconsequatur','2012-08-22 00:00:00','2012-08-22 00:00:00'),(217,'etexpeditanatusdolores','2012-08-22 00:00:00','2012-08-22 00:00:00'),(218,'corruptiasperioresquisquamet','2012-08-22 00:00:00','2012-08-22 00:00:00'),(219,'temporibusutomnisalias','2012-08-27 15:10:46','2012-08-27 15:10:46'),(220,'repudiandaenesciuntinofficia','2012-08-27 15:10:46','2012-08-27 15:10:46'),(221,'eligendiimpeditodioquasi','2012-08-27 15:10:46','2012-08-27 15:10:46'),(222,'vitaedoloresetdignissimos','2012-08-27 15:10:46','2012-08-27 15:10:46'),(223,'inciduntnihilquiadebitis','2012-08-27 15:10:46','2012-08-27 15:10:46'),(224,'quiplaceatetlaboriosam','2012-08-27 15:10:46','2012-08-27 15:10:46'),(225,'voluptatesipsampossimusplaceat','2012-08-27 15:10:46','2012-08-27 15:10:46'),(226,'utasperioreserrorsequi','2012-08-27 15:10:46','2012-08-27 15:10:46'),(227,'rerumquiadignissimosipsam','2012-08-27 15:10:46','2012-08-27 15:10:46'),(228,'porroestomnisnon','2012-08-27 15:10:46','2012-08-27 15:10:46'),(229,'ullamvelitquisquamvoluptate','2012-08-27 15:10:46','2012-08-27 15:10:46'),(230,'nesciuntmaximequasiid','2012-08-27 15:10:46','2012-08-27 15:10:46'),(231,'enimutperspiciatisvoluptatem','2012-08-27 15:10:46','2012-08-27 15:10:46'),(232,'suntcorruptiitaquesit','2012-08-27 15:10:46','2012-08-27 15:10:46'),(233,'erroretased','2012-08-27 15:10:46','2012-08-27 15:10:46'),(234,'remtemporeautdoloremque','2012-08-27 15:10:46','2012-08-27 15:10:46'),(235,'etmagniquoneque','2012-08-27 15:10:46','2012-08-27 15:10:46'),(236,'porrodeseruntutomnis','2012-08-27 15:10:46','2012-08-27 15:10:46'),(237,'iustoabestfuga','2012-08-27 15:10:46','2012-08-27 15:10:46'),(238,'laboreassumendaculpavelit','2012-08-27 15:10:46','2012-08-27 15:10:46'),(239,'corporisconsequunturvelreiciendis','2012-08-27 15:10:46','2012-08-27 15:10:46'),(240,'adipisciearumnihilquibusdam','2012-08-27 15:10:46','2012-08-27 15:10:46'),(241,'aliassedbeataenumquam','2012-08-27 15:10:46','2012-08-27 15:10:46'),(242,'porroaliquamnumquamreiciendis','2012-08-27 15:10:46','2012-08-27 15:10:46'),(243,'etutquisit','2012-08-27 15:10:46','2012-08-27 15:10:46'),(244,'etdolorumvoluptasut','2012-08-27 15:10:46','2012-08-27 15:10:46'),(245,'utquoquibusdamest','2012-08-27 15:10:46','2012-08-27 15:10:46'),(246,'quisquametrepellendusut','2012-08-27 15:10:46','2012-08-27 15:10:46'),(247,'facilisveronobisullam','2012-08-27 15:10:46','2012-08-27 15:10:46'),(248,'evenietmollitiaeaeum','2012-08-27 15:10:46','2012-08-27 15:10:46'),(249,'esttemporibusquidemvel','2012-08-27 15:10:46','2012-08-27 15:10:46'),(250,'iustonostrumvelitipsum','2012-08-27 15:10:46','2012-08-27 15:10:46'),(251,'quamnihillaborerepudiandae','2012-08-27 15:10:46','2012-08-27 15:10:46'),(252,'autquopraesentiumrem','2012-08-27 15:10:46','2012-08-27 15:10:46'),(253,'utdoloremquaeratoccaecati','2012-08-27 15:10:46','2012-08-27 15:10:46'),(254,'animietdictalabore','2012-08-27 15:10:46','2012-08-27 15:10:46'),(255,'recusandaefugitabdicta','2012-08-27 15:10:46','2012-08-27 15:10:46'),(256,'similiquenamearumesse','2012-08-27 15:10:46','2012-08-27 15:10:46'),(257,'nemolaudantiumcupiditatenihil','2012-08-27 15:10:46','2012-08-27 15:10:46'),(258,'cumutautexercitationem','2012-08-27 15:10:46','2012-08-27 15:10:46'),(259,'autaliquidconsecteturcum','2012-08-27 15:10:46','2012-08-27 15:10:46'),(260,'totamsitautperspiciatis','2012-08-27 15:10:46','2012-08-27 15:10:46'),(261,'porrositquisquamalias','2012-08-27 15:10:46','2012-08-27 15:10:46'),(262,'rationeeligendinisieveniet','2012-08-27 15:10:46','2012-08-27 15:10:46');
/*!40000 ALTER TABLE `suppliers` ENABLE KEYS */;
UNLOCK TABLES;

--
-- Table structure for table `users`
--

DROP TABLE IF EXISTS `users`;
/*!40101 SET @saved_cs_client     = @@character_set_client */;
/*!40101 SET character_set_client = utf8 */;
CREATE TABLE `users` (
  `id` int(11) NOT NULL AUTO_INCREMENT,
  `login` varchar(255) COLLATE utf8_unicode_ci DEFAULT NULL,
  `firstname` varchar(255) COLLATE utf8_unicode_ci DEFAULT NULL,
  `lastname` varchar(255) COLLATE utf8_unicode_ci DEFAULT NULL,
  `phone` varchar(255) COLLATE utf8_unicode_ci DEFAULT NULL,
  `authentication_system_id` int(11) DEFAULT '1',
  `unique_id` varchar(255) COLLATE utf8_unicode_ci DEFAULT NULL,
  `email` varchar(255) COLLATE utf8_unicode_ci DEFAULT NULL,
  `badge_id` varchar(255) COLLATE utf8_unicode_ci DEFAULT NULL,
  `address` varchar(255) COLLATE utf8_unicode_ci DEFAULT NULL,
  `city` varchar(255) COLLATE utf8_unicode_ci DEFAULT NULL,
  `zip` varchar(255) COLLATE utf8_unicode_ci DEFAULT NULL,
  `country` varchar(255) COLLATE utf8_unicode_ci DEFAULT NULL,
  `language_id` int(11) DEFAULT NULL,
  `extended_info` text COLLATE utf8_unicode_ci,
  `settings` varchar(1024) COLLATE utf8_unicode_ci DEFAULT NULL,
  `created_at` datetime DEFAULT NULL,
  `updated_at` datetime DEFAULT NULL,
  `delegator_user_id` int(11) DEFAULT NULL,
  PRIMARY KEY (`id`),
  KEY `index_users_on_authentication_system_id` (`authentication_system_id`)
) ENGINE=InnoDB AUTO_INCREMENT=35 DEFAULT CHARSET=utf8 COLLATE=utf8_unicode_ci;
/*!40101 SET character_set_client = @saved_cs_client */;

--
-- Dumping data for table `users`
--

LOCK TABLES `users` WRITE;
/*!40000 ALTER TABLE `users` DISABLE KEYS */;
INSERT INTO `users` VALUES (1,'ramon','Ramon','C.','02110269271',1,'0dwsithyqqdywvegty','ramon@zhdk.ch','7wt3spj8004w2igh6w','871 Okuneva Loaf','New Mandy','G-SN0A 5JA','Greece',2,NULL,'--- !ruby/hash:ActiveSupport::HashWithIndifferentAccess {}\n','2012-08-27 15:10:46','2012-08-27 15:10:46',NULL),(2,'king_9858','Emely','Tremblay','09516568425',1,'f164ip7bxd1o2di7md','jamir_lehner@hettinger.co.uk','8vxxsobkyzjmf7v8rn','309 Mia Heights','Lake Dane','P-TT8W 2AB','Pitcairn Islands',1,NULL,'--- !ruby/hash:ActiveSupport::HashWithIndifferentAccess {}\n','2012-08-27 15:10:46','2012-08-27 15:10:46',NULL),(3,'iva.emmerich_2841','Al','Kirlin','01112622376',1,'n4yetg02tia5t3v7mv','kyla@dietrichzulauf.name','v7ewx6hql1rtvnheb3','977 McGlynn Rapid','East Esperanza','M-Y1 0EB','Mali',1,NULL,'--- !ruby/hash:ActiveSupport::HashWithIndifferentAccess {}\n','2012-08-27 15:10:46','2012-08-27 15:10:46',NULL),(4,'ismael_kihn_6557','Lydia','Swift','08009619621',1,'ssmsz3k6wqf2s3pj7z','jordyn_kuhlman@heidenreicheichmann.info','tgwwz233kk2k0719mt','326 Oral Ports','West Ernie','C-ZH0 3LY','Cape Verde',1,NULL,'--- !ruby/hash:ActiveSupport::HashWithIndifferentAccess {}\n','2012-08-27 15:10:46','2012-08-27 15:10:46',NULL),(5,'emie_1763','Hazle','Stehr','01919602085',1,'gxl03pr84metaa2t4p','josue.becker@muellerrobel.biz','9bmtv551r2jvyke9nx','2505 Marlon Plain','Jayneport','M-WF2N 9AF','Mali',1,NULL,'--- !ruby/hash:ActiveSupport::HashWithIndifferentAccess {}\n','2012-08-27 15:10:46','2012-08-27 15:10:46',NULL),(6,'brice_8047','Eunice','Connelly','01116016965',1,'zcx6gfplir0r4khapv','addie.jakubowski@dubuque.biz','36ra0dab7hk9eovaab','915 Powlowski Cliff','Murazikmouth','M-PR2A 9LD','Morocco',1,NULL,'--- !ruby/hash:ActiveSupport::HashWithIndifferentAccess {}\n','2012-08-27 15:10:46','2012-08-27 15:10:46',NULL),(7,'theodore_quigley_5651','Kamron','Rodriguez','01359749788',1,'swbyvgp4ck0cs3zww1','camron.stokes@oconner.name','gj5hoq6t1yljmesjus','1144 O\'Conner Circles','West Demarcusstad','L-R1E 3XA','Libyan Arab Jamahiriya',1,NULL,'--- !ruby/hash:ActiveSupport::HashWithIndifferentAccess {}\n','2012-08-27 15:10:46','2012-08-27 15:10:46',NULL),(8,'matti','Matti','S.','01876563135',1,'q4rw8ees5mc8y9uphl','matti@zhdk.ch','uv6aaeh9gyrsajqo1q','970 Jordan Circle','DuBuqueberg','L-WX5R 4UE','Latvia',2,NULL,'--- !ruby/hash:ActiveSupport::HashWithIndifferentAccess {}\n','2012-08-27 15:10:46','2012-08-27 15:10:46',NULL),(9,'mike','Mike','H.','0500737822',1,'3ufytg7b99qwewnkqx','mike@zhdk.ch','u08142ambya3bigftl','5014 Ignacio Estate','New Violette','I-ZS8 3TX','Iceland',2,NULL,'--- !ruby/hash:ActiveSupport::HashWithIndifferentAccess {}\n','2012-08-27 15:10:46','2012-08-27 15:10:46',NULL),(10,'andi','Andi','Parker','0169771845',1,'je7pmh3vjuzixbqyc4','andi@zhdk.ch','7k5rb7mix0lnvnztqd','593 Spencer Isle','New Ignatius','C-YA2 5JT','Cambodia',2,NULL,'--- !ruby/hash:ActiveSupport::HashWithIndifferentAccess {}\n','2012-08-27 15:10:46','2012-08-27 15:10:46',NULL),(11,'sadye.murazik_9692','Bethel','Ernser','08001089284',1,'kjyk8jil44i15pdo1m','dorris@bashirian.biz','kjp548a7p4z8dpt4jx','234 Spinka Plaza','Lesliefort','L-Y18 0BA','Liechtenstein',2,NULL,'--- !ruby/hash:ActiveSupport::HashWithIndifferentAccess {}\n','2012-08-27 15:10:46','2012-08-27 15:10:46',NULL),(12,'dawson_ward_5140','Morris','Kohler','0110916137',1,'4ng6p7d5f8x3pnkmdr','miguel.johnson@paucekschultz.biz','eypiwle7ed9kqvrcq9','675 Konopelski Brooks','Kirlinhaven','M-LO8 1XH','Mozambique',1,NULL,'--- !ruby/hash:ActiveSupport::HashWithIndifferentAccess {}\n','2012-08-27 15:10:46','2012-08-27 15:10:46',NULL),(13,'evalyn_2590','Cole','Hessel','0169774798',1,'i2qrbasd4w8ya383of','lindsey_hyatt@orn.com','31rasrosawthk4kyzv','368 O\'Hara Summit','Lake Rolando','B-CS5B 2AJ','Barbados',1,NULL,'--- !ruby/hash:ActiveSupport::HashWithIndifferentAccess {}\n','2012-08-27 15:10:46','2012-08-27 15:10:46',NULL),(14,'roel_5759','Haley','Green','0500954006',1,'l0tb9yolo36xhmc7mp','georgette@adams.name','sexsow9xo4adj9uv32','1501 Clarabelle Lights','Kshlerinside','D-YT6 7QZ','Dominica',1,NULL,'--- !ruby/hash:ActiveSupport::HashWithIndifferentAccess {}\n','2012-08-27 15:10:46','2012-08-27 15:10:46',NULL),(15,'ned_upton_5943','Francisca','Friesen','0500539392',1,'i8x3ns2zu0q75sqawy','ericka@willms.biz','vwth1mljgvz2ffda6t','12714 Smitham Knoll','Abbyshire','A-W8R 7EN','Austria',1,NULL,'--- !ruby/hash:ActiveSupport::HashWithIndifferentAccess {}\n','2012-08-27 15:10:46','2012-08-27 15:10:46',NULL),(16,'franco_7198','Amani','Conroy','0163726940',1,'wl8xyibk84xyfc4pl6','sydnie@lemke.co.uk','xnws81pdk31lg3bih7','7919 Lindgren Mills','Arnulfoville','V-WM0 3TW','Virgin Islands, British',1,NULL,'--- !ruby/hash:ActiveSupport::HashWithIndifferentAccess {}\n','2012-08-27 15:10:46','2012-08-27 15:10:46',NULL),(17,'gino','Gino','F.','08001333017',1,'7rjfuge45m1m5x7r3e','gino@zhdk.ch','le6waer5x75nghq4vy','130 Flatley Prairie','Port Judgestad','E-WL0V 9TB','Equatorial Guinea',2,NULL,'--- !ruby/hash:ActiveSupport::HashWithIndifferentAccess {}\n','2012-08-27 15:10:46','2012-08-27 15:10:46',NULL),(18,'pius','Pius','Anderson','05518182326',1,'nmqvo11701spok23h2','pius@zhdk.ch','f59m9rgq5j5v0hdwfe','727 Anderson Drives','New Maefort','S-Y9 8BG','Samoa',2,NULL,'--- !ruby/hash:ActiveSupport::HashWithIndifferentAccess {}\n','2012-08-27 15:10:46','2012-08-27 15:10:46',NULL),(19,'peter','Peter','Silie','08002932198',1,'xisa3aehzy4w1g9qtg','peter@silie.com','a1k7v7n17kxp65ny5x','75837 Curt Brook','New Princess','T-TC2R 8BB','Tunisia',2,NULL,'--- !ruby/hash:ActiveSupport::HashWithIndifferentAccess {}\n','2012-08-27 15:10:46','2012-08-27 15:10:46',NULL),(20,'elvis_7799','Diego','Conn','05677985022',1,'6d6qbzk20c9rge60es','ottilie@haag.name','pj26psqulvsvjmcfgg','169 Hagenes Village','North Delores','M-N6W 7BW','Madagascar',1,NULL,'--- !ruby/hash:ActiveSupport::HashWithIndifferentAccess {}\n','2012-08-27 15:10:46','2012-08-27 15:10:46',NULL),(21,'mona_290','Manley','Metz','02441994521',1,'a50qlsy0xw11ft89w5','clare@brakusgleason.com','nzejrars9g95gulpx2','5929 Richie Place','Lake Garrett','G-Y2B 1AF','Georgia',1,NULL,'--- !ruby/hash:ActiveSupport::HashWithIndifferentAccess {}\n','2012-08-27 15:10:46','2012-08-27 15:10:46',NULL),(22,'wendy_2961','Archibald','Hegmann','0148952780',1,'nlk43kidq0e9ce5eqa','beth.damore@luettgensmitham.info','li509ha1cxvipecy0j','4451 Kessler Mews','West Lawrence','E-ZU5 4RG','El Salvador',1,NULL,'--- !ruby/hash:ActiveSupport::HashWithIndifferentAccess {}\n','2012-08-27 15:10:46','2012-08-27 15:10:46',NULL),(23,'jonathon.willms_5301','Elisabeth','Renner','02757661009',1,'kmygcnaw3ld2wqzzxp','kane_mcglynn@wilderman.com','23meumsda9fl93bq4e','79814 Goldner Canyon','Connmouth','A-W7 6YL','Anguilla',1,NULL,'--- !ruby/hash:ActiveSupport::HashWithIndifferentAccess {}\n','2012-08-27 15:10:46','2012-08-27 15:10:46',NULL),(24,'muhammad_2853','Katheryn','Schultz','0800708368',1,'6h5aknpbqv8tpat6zg','lew@haleyhane.info','jfc6v0gjtqcag8934w','75140 Legros Locks','Larontown','C-HF2W 3JL','Cameroon',1,NULL,'--- !ruby/hash:ActiveSupport::HashWithIndifferentAccess {}\n','2012-08-22 00:00:00','2012-08-22 00:00:00',NULL),(25,'spencer_jerde_8454','Kasandra','Muller','01493652178',1,'gh21w4neocj1fpqal2','jacklyn@leannon.biz','uf74oi97zscf08euly','46933 Bartell Way','Donland','M-D7 0LR','Mayotte',1,NULL,'--- !ruby/hash:ActiveSupport::HashWithIndifferentAccess {}\n','2012-08-22 00:00:00','2012-08-22 00:00:00',NULL),(26,'mina','Mina','Jaskolski','01833460154',1,'norbf4t11lszb5pbyv','mina@zhdk.ch','o1xm0bo7agf4y1g0pb','6945 Terry Curve','Taratown','R-Z1E 7LA','Romania',1,NULL,'--- !ruby/hash:ActiveSupport::HashWithIndifferentAccess {}\n','2012-08-27 15:10:46','2012-08-27 15:10:46',NULL),(27,'julie','Julie','Senger','05625430176',1,'2g951j9wiz61vjaeie','julie@zhdk.ch','e8agotg7ysrk6hib6n','6188 Beatty Lakes','Ratkemouth','C-WT5 7QL','Chile',1,NULL,'--- !ruby/hash:ActiveSupport::HashWithIndifferentAccess {}\n','2012-08-27 15:10:46','2012-08-27 15:10:46',NULL),(28,NULL,'Est itaque sunt ipsa qui et totam explicabo.',NULL,NULL,NULL,NULL,NULL,NULL,NULL,NULL,NULL,NULL,1,NULL,'--- !ruby/hash:ActiveSupport::HashWithIndifferentAccess {}\n','2012-08-27 15:10:46','2012-08-27 15:10:46',27),(29,NULL,'Non nihil rerum tempora saepe beatae.',NULL,NULL,NULL,NULL,NULL,NULL,NULL,NULL,NULL,NULL,1,NULL,'--- !ruby/hash:ActiveSupport::HashWithIndifferentAccess {}\n','2012-08-27 15:10:46','2012-08-27 15:10:46',26),(30,NULL,'Esse laudantium aliquam deserunt illo tenetur voluptatem.',NULL,NULL,NULL,NULL,NULL,NULL,NULL,NULL,NULL,NULL,1,NULL,'--- !ruby/hash:ActiveSupport::HashWithIndifferentAccess {}\n','2012-08-27 15:10:46','2012-08-27 15:10:46',26),(31,NULL,'Rerum aut et blanditiis ut beatae dignissimos voluptatibus aliquam.',NULL,NULL,NULL,NULL,NULL,NULL,NULL,NULL,NULL,NULL,1,NULL,'--- !ruby/hash:ActiveSupport::HashWithIndifferentAccess {}\n','2012-08-27 15:10:46','2012-08-27 15:10:46',26),(32,'normin','Normin','N.','01804483851',1,'no957n63mkrjeww4wf','normin@zhdk.ch','bai9a1g2qxz93cnx20','704 O\'Conner Heights','Berylborough','S-ZU3 1FX','Sao Tome and Principe',2,NULL,'--- !ruby/hash:ActiveSupport::HashWithIndifferentAccess {}\n','2012-08-27 15:10:46','2012-08-27 15:10:46',NULL),(33,'petra','Petra','K.','01119013488',1,'hqv29thfn7f6354fzc','petra@zhdk.ch','a39lva54iu27e4aj8g','9563 Effertz Landing, ','Sipeschester','B-C8 3FP','Burundi',2,NULL,'--- !ruby/hash:ActiveSupport::HashWithIndifferentAccess {}\n','2012-08-27 15:10:46','2012-08-27 15:10:46',NULL),(34,'lisa','Lisa','L.','01317127986',1,'70igzrry36agrh61ab','lisa@zhdk.ch','iqf507o0zt8tli6lxa','458 McClure Dale','North Johann','A-T8A 3YB','Anguilla',2,NULL,'--- !ruby/hash:ActiveSupport::HashWithIndifferentAccess {}\n','2012-08-27 15:10:46','2012-08-27 15:10:46',NULL);
/*!40000 ALTER TABLE `users` ENABLE KEYS */;
UNLOCK TABLES;

--
-- Temporary table structure for view `visit_lines`
--

DROP TABLE IF EXISTS `visit_lines`;
/*!50001 DROP VIEW IF EXISTS `visit_lines`*/;
SET @saved_cs_client     = @@character_set_client;
SET character_set_client = utf8;
/*!50001 CREATE TABLE `visit_lines` (
  `visit_id` varchar(86),
  `inventory_pool_id` int(11),
  `user_id` int(11),
  `delegated_user_id` int(11),
  `status` enum('unsubmitted','submitted','rejected','approved','signed','closed'),
  `action` varchar(9),
  `date` date,
  `quantity` int(11),
  `contract_line_id` int(11)
) ENGINE=MyISAM */;
SET character_set_client = @saved_cs_client;

--
-- Temporary table structure for view `visits`
--

DROP TABLE IF EXISTS `visits`;
/*!50001 DROP VIEW IF EXISTS `visits`*/;
SET @saved_cs_client     = @@character_set_client;
SET character_set_client = utf8;
/*!50001 CREATE TABLE `visits` (
  `id` varchar(86),
  `inventory_pool_id` int(11),
  `user_id` int(11),
  `status` enum('unsubmitted','submitted','rejected','approved','signed','closed'),
  `action` varchar(9),
  `date` date,
  `quantity` decimal(32,0)
) ENGINE=MyISAM */;
SET character_set_client = @saved_cs_client;

--
-- Table structure for table `workdays`
--

DROP TABLE IF EXISTS `workdays`;
/*!40101 SET @saved_cs_client     = @@character_set_client */;
/*!40101 SET character_set_client = utf8 */;
CREATE TABLE `workdays` (
  `id` int(11) NOT NULL AUTO_INCREMENT,
  `inventory_pool_id` int(11) DEFAULT NULL,
  `monday` tinyint(1) DEFAULT '1',
  `tuesday` tinyint(1) DEFAULT '1',
  `wednesday` tinyint(1) DEFAULT '1',
  `thursday` tinyint(1) DEFAULT '1',
  `friday` tinyint(1) DEFAULT '1',
  `saturday` tinyint(1) DEFAULT '0',
  `sunday` tinyint(1) DEFAULT '0',
  PRIMARY KEY (`id`),
  KEY `index_workdays_on_inventory_pool_id` (`inventory_pool_id`)
) ENGINE=InnoDB AUTO_INCREMENT=15 DEFAULT CHARSET=utf8 COLLATE=utf8_unicode_ci;
/*!40101 SET character_set_client = @saved_cs_client */;

--
-- Dumping data for table `workdays`
--

LOCK TABLES `workdays` WRITE;
/*!40000 ALTER TABLE `workdays` DISABLE KEYS */;
INSERT INTO `workdays` VALUES (1,1,1,1,1,1,1,0,0),(2,2,1,1,1,1,1,0,0),(3,3,1,1,1,1,1,0,0),(4,4,1,1,1,1,1,0,0),(5,5,1,1,1,1,1,0,0),(6,6,1,1,1,1,1,0,0),(7,7,1,1,1,1,1,0,0),(8,8,1,1,1,1,1,0,0),(9,9,1,1,1,1,1,0,0),(10,10,1,1,1,1,1,0,0),(11,11,1,1,1,1,1,0,0),(12,12,1,1,1,1,1,0,0),(13,13,1,1,1,1,1,0,0),(14,14,1,1,1,1,1,0,0);
/*!40000 ALTER TABLE `workdays` ENABLE KEYS */;
UNLOCK TABLES;

--
-- Final view structure for view `partitions_with_generals`
--

/*!50001 DROP TABLE IF EXISTS `partitions_with_generals`*/;
/*!50001 DROP VIEW IF EXISTS `partitions_with_generals`*/;
/*!50001 SET @saved_cs_client          = @@character_set_client */;
/*!50001 SET @saved_cs_results         = @@character_set_results */;
/*!50001 SET @saved_col_connection     = @@collation_connection */;
/*!50001 SET character_set_client      = utf8 */;
/*!50001 SET character_set_results     = utf8 */;
/*!50001 SET collation_connection      = utf8_general_ci */;
/*!50001 CREATE ALGORITHM=UNDEFINED */
/*!50001 VIEW `partitions_with_generals` AS select `partitions`.`model_id` AS `model_id`,`partitions`.`inventory_pool_id` AS `inventory_pool_id`,`partitions`.`group_id` AS `group_id`,`partitions`.`quantity` AS `quantity` from `partitions` union select `i`.`model_id` AS `model_id`,`i`.`inventory_pool_id` AS `inventory_pool_id`,NULL AS `group_id`,(count(`i`.`id`) - ifnull((select sum(`p`.`quantity`) from `partitions` `p` where ((`p`.`model_id` = `i`.`model_id`) and (`p`.`inventory_pool_id` = `i`.`inventory_pool_id`)) group by `p`.`inventory_pool_id`,`p`.`model_id`),0)) AS `quantity` from `items` `i` where (isnull(`i`.`retired`) and (`i`.`is_borrowable` = 1) and isnull(`i`.`parent_id`)) group by `i`.`inventory_pool_id`,`i`.`model_id` */;
/*!50001 SET character_set_client      = @saved_cs_client */;
/*!50001 SET character_set_results     = @saved_cs_results */;
/*!50001 SET collation_connection      = @saved_col_connection */;

--
-- Final view structure for view `visit_lines`
--

/*!50001 DROP TABLE IF EXISTS `visit_lines`*/;
/*!50001 DROP VIEW IF EXISTS `visit_lines`*/;
/*!50001 SET @saved_cs_client          = @@character_set_client */;
/*!50001 SET @saved_cs_results         = @@character_set_results */;
/*!50001 SET @saved_col_connection     = @@collation_connection */;
/*!50001 SET character_set_client      = utf8 */;
/*!50001 SET character_set_results     = utf8 */;
/*!50001 SET collation_connection      = utf8_general_ci */;
/*!50001 CREATE ALGORITHM=UNDEFINED */
/*!50001 VIEW `visit_lines` AS select hex(concat(if((`c`.`status` = 'approved'),`cl`.`start_date`,`cl`.`end_date`),`c`.`inventory_pool_id`,`c`.`user_id`,`c`.`status`)) AS `visit_id`,`c`.`inventory_pool_id` AS `inventory_pool_id`,`c`.`user_id` AS `user_id`,`c`.`delegated_user_id` AS `delegated_user_id`,`c`.`status` AS `status`,if((`c`.`status` = 'approved'),'hand_over','take_back') AS `action`,if((`c`.`status` = 'approved'),`cl`.`start_date`,`cl`.`end_date`) AS `date`,`cl`.`quantity` AS `quantity`,`cl`.`id` AS `contract_line_id` from (`contract_lines` `cl` join `contracts` `c` on((`cl`.`contract_id` = `c`.`id`))) where ((`c`.`status` in ('approved','signed')) and isnull(`cl`.`returned_date`)) order by if((`c`.`status` = 'approved'),`cl`.`start_date`,`cl`.`end_date`) */;
/*!50001 SET character_set_client      = @saved_cs_client */;
/*!50001 SET character_set_results     = @saved_cs_results */;
/*!50001 SET collation_connection      = @saved_col_connection */;

--
-- Final view structure for view `visits`
--

/*!50001 DROP TABLE IF EXISTS `visits`*/;
/*!50001 DROP VIEW IF EXISTS `visits`*/;
/*!50001 SET @saved_cs_client          = @@character_set_client */;
/*!50001 SET @saved_cs_results         = @@character_set_results */;
/*!50001 SET @saved_col_connection     = @@collation_connection */;
/*!50001 SET character_set_client      = utf8 */;
/*!50001 SET character_set_results     = utf8 */;
/*!50001 SET collation_connection      = utf8_general_ci */;
/*!50001 CREATE ALGORITHM=UNDEFINED */
/*!50001 VIEW `visits` AS select hex(concat(`visit_lines`.`date`,`visit_lines`.`inventory_pool_id`,`visit_lines`.`user_id`,`visit_lines`.`status`)) AS `id`,`visit_lines`.`inventory_pool_id` AS `inventory_pool_id`,`visit_lines`.`user_id` AS `user_id`,`visit_lines`.`status` AS `status`,`visit_lines`.`action` AS `action`,`visit_lines`.`date` AS `date`,sum(`visit_lines`.`quantity`) AS `quantity` from `visit_lines` group by `visit_lines`.`user_id`,`visit_lines`.`status`,`visit_lines`.`date`,`visit_lines`.`inventory_pool_id` */;
/*!50001 SET character_set_client      = @saved_cs_client */;
/*!50001 SET character_set_results     = @saved_cs_results */;
/*!50001 SET collation_connection      = @saved_col_connection */;
/*!40103 SET TIME_ZONE=@OLD_TIME_ZONE */;

/*!40101 SET SQL_MODE=@OLD_SQL_MODE */;
/*!40014 SET FOREIGN_KEY_CHECKS=@OLD_FOREIGN_KEY_CHECKS */;
/*!40014 SET UNIQUE_CHECKS=@OLD_UNIQUE_CHECKS */;
/*!40101 SET CHARACTER_SET_CLIENT=@OLD_CHARACTER_SET_CLIENT */;
/*!40101 SET CHARACTER_SET_RESULTS=@OLD_CHARACTER_SET_RESULTS */;
/*!40101 SET COLLATION_CONNECTION=@OLD_COLLATION_CONNECTION */;
/*!40111 SET SQL_NOTES=@OLD_SQL_NOTES */;

-- Dump completed on 2014-08-15 12:49:40
COMMIT;
