SET autocommit=0; SET unique_checks=0; SET foreign_key_checks=0;
-- MySQL dump 10.13  Distrib 5.5.38, for debian-linux-gnu (i686)
--
-- Host: localhost    Database: leihs2_test
-- ------------------------------------------------------
-- Server version	5.5.38-0+wheezy1

/*!40101 SET @OLD_CHARACTER_SET_CLIENT=@@CHARACTER_SET_CLIENT */;
/*!40101 SET @OLD_CHARACTER_SET_RESULTS=@@CHARACTER_SET_RESULTS */;
/*!40101 SET @OLD_COLLATION_CONNECTION=@@COLLATION_CONNECTION */;
/*!40101 SET NAMES utf8 */;
/*!40103 SET @OLD_TIME_ZONE=@@TIME_ZONE */;
/*!40103 SET TIME_ZONE='+00:00' */;
/*!40014 SET @OLD_UNIQUE_CHECKS=@@UNIQUE_CHECKS, UNIQUE_CHECKS=0 */;
/*!40014 SET @OLD_FOREIGN_KEY_CHECKS=@@FOREIGN_KEY_CHECKS, FOREIGN_KEY_CHECKS=0 */;
/*!40101 SET @OLD_SQL_MODE=@@SQL_MODE, SQL_MODE='NO_AUTO_VALUE_ON_ZERO' */;
/*!40111 SET @OLD_SQL_NOTES=@@SQL_NOTES, SQL_NOTES=0 */;

--
-- Table structure for table `access_rights`
--

DROP TABLE IF EXISTS `access_rights`;
/*!40101 SET @saved_cs_client     = @@character_set_client */;
/*!40101 SET character_set_client = utf8 */;
CREATE TABLE `access_rights` (
  `id` int(11) NOT NULL AUTO_INCREMENT,
  `user_id` int(11) DEFAULT NULL,
  `inventory_pool_id` int(11) DEFAULT NULL,
  `suspended_until` date DEFAULT NULL,
  `suspended_reason` text COLLATE utf8_unicode_ci,
  `deleted_at` date DEFAULT NULL,
  `created_at` datetime DEFAULT NULL,
  `updated_at` datetime DEFAULT NULL,
  `role` enum('customer','group_manager','lending_manager','inventory_manager','admin') COLLATE utf8_unicode_ci NOT NULL,
  PRIMARY KEY (`id`),
  KEY `index_access_rights_on_suspended_until` (`suspended_until`),
  KEY `index_access_rights_on_deleted_at` (`deleted_at`),
  KEY `index_access_rights_on_inventory_pool_id` (`inventory_pool_id`),
  KEY `index_access_rights_on_role` (`role`),
  KEY `index_on_user_id_and_inventory_pool_id_and_deleted_at` (`user_id`,`inventory_pool_id`,`deleted_at`)
) ENGINE=InnoDB AUTO_INCREMENT=41 DEFAULT CHARSET=utf8 COLLATE=utf8_unicode_ci;
/*!40101 SET character_set_client = @saved_cs_client */;

--
-- Dumping data for table `access_rights`
--

LOCK TABLES `access_rights` WRITE;
/*!40000 ALTER TABLE `access_rights` DISABLE KEYS */;
INSERT INTO `access_rights` VALUES (1,1,NULL,NULL,NULL,NULL,'2013-09-01 00:41:03','2013-09-01 00:41:03','admin'),(2,2,NULL,NULL,NULL,NULL,'2013-09-01 00:41:03','2013-09-01 00:41:03','admin'),(3,4,3,NULL,NULL,NULL,'2013-09-01 00:41:03','2013-09-01 00:41:03','customer'),(4,5,1,NULL,NULL,NULL,'2013-09-01 00:41:03','2013-09-01 00:41:03','lending_manager'),(5,6,5,NULL,NULL,NULL,'2013-09-01 00:41:03','2013-09-01 00:41:03','customer'),(6,7,10,NULL,NULL,NULL,'2013-09-01 00:41:03','2013-09-01 00:41:03','customer'),(7,8,1,NULL,NULL,'2013-09-01','2013-09-01 00:41:03','2013-09-01 00:41:03','customer'),(8,2,1,NULL,NULL,NULL,'2013-09-01 00:41:03','2013-09-01 00:41:03','customer'),(9,9,2,NULL,NULL,NULL,'2013-09-01 00:41:03','2013-09-01 00:41:03','inventory_manager'),(10,10,1,NULL,NULL,NULL,'2013-09-01 00:41:03','2013-09-01 00:41:03','inventory_manager'),(11,10,11,NULL,NULL,NULL,'2013-09-01 00:41:03','2013-09-01 00:41:03','inventory_manager'),(12,11,1,NULL,NULL,NULL,'2013-09-01 00:41:03','2013-09-01 00:41:03','lending_manager'),(13,11,2,NULL,NULL,NULL,'2013-09-01 00:41:03','2013-09-01 00:41:03','lending_manager'),(14,12,1,NULL,NULL,NULL,'2013-09-01 00:41:03','2013-09-01 00:41:03','customer'),(15,13,1,NULL,NULL,NULL,'2013-09-01 00:41:03','2013-09-01 00:41:03','customer'),(16,14,1,NULL,NULL,NULL,'2013-09-01 00:41:03','2013-09-01 00:41:03','customer'),(17,15,1,NULL,NULL,NULL,'2013-09-01 00:41:03','2013-09-01 00:41:03','customer'),(18,16,1,NULL,NULL,NULL,'2013-09-01 00:41:03','2013-09-01 00:41:03','customer'),(19,17,2,'2013-08-28','Deleniti quia asperiores harum aut quod.',NULL,'2013-08-27 00:00:00','2013-08-27 00:00:00','customer'),(20,19,1,NULL,NULL,NULL,'2013-09-01 00:41:03','2013-09-01 00:41:03','customer'),(21,20,1,NULL,NULL,NULL,'2013-09-01 00:41:03','2013-09-01 00:41:03','customer'),(22,21,1,NULL,NULL,NULL,'2013-09-01 00:41:03','2013-09-01 00:41:03','customer'),(23,22,1,NULL,NULL,NULL,'2013-09-01 00:41:03','2013-09-01 00:41:03','customer'),(24,24,1,NULL,NULL,NULL,'2013-09-01 00:41:03','2013-09-01 00:41:03','customer'),(25,24,12,NULL,NULL,NULL,'2013-09-01 00:41:03','2013-09-01 00:41:03','customer'),(26,25,1,NULL,NULL,NULL,'2013-09-01 00:41:03','2013-09-01 00:41:03','customer'),(27,25,2,NULL,NULL,NULL,'2013-09-01 00:41:03','2013-09-01 00:41:03','customer'),(28,25,3,NULL,NULL,NULL,'2013-09-01 00:41:03','2013-09-01 00:41:03','customer'),(29,25,12,NULL,NULL,'2013-08-31','2013-09-01 00:41:03','2013-09-01 00:41:03','customer'),(30,26,1,NULL,NULL,NULL,'2013-09-01 00:41:03','2013-09-01 00:41:03','customer'),(31,27,1,NULL,NULL,NULL,'2013-09-01 00:41:03','2013-09-01 00:41:03','group_manager'),(32,27,2,NULL,NULL,NULL,'2013-09-01 00:41:03','2013-09-01 00:41:03','group_manager'),(33,27,3,NULL,NULL,NULL,'2013-09-01 00:41:03','2013-09-01 00:41:03','group_manager'),(34,28,1,NULL,NULL,NULL,'2013-09-01 00:41:03','2013-09-01 00:41:03','group_manager'),(35,29,1,NULL,NULL,NULL,'2013-09-01 00:41:03','2013-09-01 00:41:03','customer'),(36,30,1,'2013-09-01','suspreason',NULL,'2013-09-01 00:41:03','2013-09-01 00:41:03','customer'),(37,31,1,NULL,NULL,NULL,'2013-09-01 00:41:03','2013-09-01 00:41:03','customer'),(38,32,1,NULL,NULL,NULL,'2013-09-01 00:41:03','2013-09-01 00:41:03','customer'),(39,33,1,NULL,NULL,NULL,'2013-09-01 00:41:03','2013-09-01 00:41:03','customer'),(40,34,1,NULL,NULL,NULL,'2013-09-01 00:41:03','2013-09-01 00:41:03','customer');
/*!40000 ALTER TABLE `access_rights` ENABLE KEYS */;
UNLOCK TABLES;

--
-- Table structure for table `accessories`
--

DROP TABLE IF EXISTS `accessories`;
/*!40101 SET @saved_cs_client     = @@character_set_client */;
/*!40101 SET character_set_client = utf8 */;
CREATE TABLE `accessories` (
  `id` int(11) NOT NULL AUTO_INCREMENT,
  `model_id` int(11) DEFAULT NULL,
  `name` varchar(255) COLLATE utf8_unicode_ci DEFAULT NULL,
  `quantity` int(11) DEFAULT NULL,
  PRIMARY KEY (`id`),
  KEY `index_accessories_on_model_id` (`model_id`)
) ENGINE=InnoDB AUTO_INCREMENT=485 DEFAULT CHARSET=utf8 COLLATE=utf8_unicode_ci;
/*!40101 SET character_set_client = @saved_cs_client */;

--
-- Dumping data for table `accessories`
--

LOCK TABLES `accessories` WRITE;
/*!40000 ALTER TABLE `accessories` DISABLE KEYS */;
INSERT INTO `accessories` VALUES (1,1,'Betsy Turner',NULL),(2,1,'Ms. Jalyn Ruecker',NULL),(3,1,'Tod DuBuque',NULL),(4,1,'Ms. Ole Hettinger',NULL),(5,2,'Garry Erdman',NULL),(6,2,'Daniella Hilll',NULL),(7,2,'Brett Murazik',NULL),(8,2,'Deonte Schumm Jr.',NULL),(9,2,'Koby Emmerich',NULL),(10,3,'Colten Cronin',NULL),(11,3,'Rafael Haley',NULL),(12,3,'Adalberto Stark DDS',NULL),(13,4,'Zander Koelpin',NULL),(14,4,'Rosella Prohaska',NULL),(15,5,'Everardo Hoeger',NULL),(16,5,'Chet Reichert',NULL),(17,6,'Mariano Harris',NULL),(18,6,'Isaac Armstrong I',NULL),(19,6,'Mr. Guadalupe Cassin',NULL),(20,7,'Vida VonRueden V',NULL),(21,8,'Michelle Bednar II',NULL),(22,8,'Liam Ankunding',NULL),(23,8,'Angeline Oberbrunner',NULL),(24,8,'Jasper Keebler Jr.',NULL),(25,9,'Fritz Smitham',NULL),(26,9,'Bernhard Schmidt',NULL),(27,9,'Marjolaine Farrell IV',NULL),(28,9,'Tad Nader',NULL),(29,9,'Jaden Yundt',NULL),(30,10,'Jabari Reynolds',NULL),(31,10,'Stephon Predovic',NULL),(32,11,'Glenna Shanahan',NULL),(33,11,'Iva Kris',NULL),(34,11,'Wanda Hagenes',NULL),(35,11,'Ozella Parker',NULL),(36,12,'Fidel Borer',NULL),(37,12,'Eugenia Powlowski',NULL),(38,12,'Albina Kautzer',NULL),(39,12,'Jazmin Abernathy MD',NULL),(40,12,'Ms. Lia Gottlieb',NULL),(41,13,'Mr. Ellie Gleichner',NULL),(42,13,'Dr. Barbara Waters',NULL),(43,13,'Frieda Hirthe',NULL),(44,13,'Julie Cronin',NULL),(45,13,'Ms. Beulah Hudson',NULL),(46,14,'Lina Will',NULL),(47,15,'Kathryn Kling',NULL),(48,16,'Delbert Hammes',NULL),(49,16,'Myrtie Corkery',NULL),(50,16,'Ms. Shanelle Stark',NULL),(51,16,'Guadalupe Nikolaus',NULL),(52,16,'Genesis Ward',NULL),(53,17,'Verdie O\'Keefe II',NULL),(54,17,'Mr. Marley Morissette',NULL),(55,17,'Dortha Rosenbaum',NULL),(56,18,'Dr. Silas Jenkins',NULL),(57,18,'Lucas Runolfsson Sr.',NULL),(58,18,'Obie Bins',NULL),(59,18,'Mrs. Krystel Funk',NULL),(60,18,'Savanah Hansen PhD',NULL),(61,19,'Wilton Altenwerth',NULL),(62,19,'Orval Mohr I',NULL),(63,20,'Miss Arvel Bayer',NULL),(64,21,'Damaris Lynch',NULL),(65,21,'Joannie Vandervort',NULL),(66,21,'Davon Nolan',NULL),(67,21,'Ms. Devante Langworth',NULL),(68,22,'Willa Parisian III',NULL),(69,22,'Halie Koelpin',NULL),(70,22,'Kara Koch',NULL),(71,22,'Cleve Kemmer Sr.',NULL),(72,22,'Myah Harber',NULL),(73,23,'Selmer Murphy',NULL),(74,23,'Weston Ratke',NULL),(75,23,'Owen Lockman',NULL),(76,23,'Mona Schuppe',NULL),(77,23,'Freda Bashirian DVM',NULL),(78,24,'Deion Ondricka',NULL),(79,25,'Timothy Donnelly',NULL),(80,25,'Alford Shields',NULL),(81,25,'Brenna Collins',NULL),(82,25,'Ressie Reichert MD',NULL),(83,26,'Wilhelmine Purdy',NULL),(84,26,'Lisette Tremblay',NULL),(85,26,'Koby Collier',NULL),(86,26,'Stefanie Conroy',NULL),(87,26,'Tressa Nader',NULL),(88,27,'Alexane Wiza',NULL),(89,27,'Sydnie Murphy',NULL),(90,27,'Mrs. Janelle Schiller',NULL),(91,28,'Dr. Maynard Leuschke',NULL),(92,29,'Leola Kuphal',NULL),(93,29,'Yadira Macejkovic',NULL),(94,30,'Mrs. Dewayne Wunsch',NULL),(95,30,'Karlee Wintheiser',NULL),(96,30,'Joey Walter',NULL),(97,30,'Kavon Graham',NULL),(98,30,'Rose Upton',NULL),(99,31,'Whitney Block',NULL),(100,31,'Pascale Heidenreich',NULL),(101,31,'Miss Alden Koepp',NULL),(102,32,'Mrs. Albin Carter',NULL),(103,32,'Pinkie Parisian MD',NULL),(104,32,'Jettie Ledner',NULL),(105,33,'Pat Champlin',NULL),(106,34,'Corene Rodriguez',NULL),(107,34,'Claudine Shanahan',NULL),(108,35,'Abdul Ondricka',NULL),(109,36,'Theodora Kuhn',NULL),(110,36,'Wilfred Goyette',NULL),(111,36,'Hillary Roob',NULL),(112,37,'Florida Beatty',NULL),(113,37,'Mozelle Bergnaum II',NULL),(114,37,'Michaela Friesen',NULL),(115,38,'Miss Sydnee Bogan',NULL),(116,38,'Collin Lynch DDS',NULL),(117,38,'Lucy Homenick',NULL),(118,39,'Shawna Romaguera',NULL),(119,39,'Pasquale Mitchell V',NULL),(120,39,'Diana Russel',NULL),(121,39,'Tabitha Kessler',NULL),(122,39,'Verlie Harber',NULL),(123,40,'Bruce Raynor',NULL),(124,40,'Jerel Harris',NULL),(125,40,'Llewellyn Kris',NULL),(126,40,'Tommie Sawayn MD',NULL),(127,41,'Haley Hackett III',NULL),(128,41,'Stephen Haag',NULL),(129,41,'Justina Collier',NULL),(130,41,'Jackson Crona',NULL),(131,41,'Mireille Hermann',NULL),(132,42,'Mr. Shayne Koepp',NULL),(133,42,'Elroy Abshire',NULL),(134,42,'Nickolas Wiegand',NULL),(135,42,'Aron Waelchi',NULL),(136,42,'Bennie Lang Jr.',NULL),(137,43,'Penelope Williamson',NULL),(138,43,'Tobin Schmidt',NULL),(139,43,'Guy Reynolds',NULL),(140,44,'Wendell Wehner',NULL),(141,44,'Cruz Mills',NULL),(142,44,'Arno Hayes',NULL),(143,44,'Cody Terry DVM',NULL),(144,45,'Mr. Gerson Fadel',NULL),(145,46,'Ms. Eldridge Cummerata',NULL),(146,46,'Gerson Haag',NULL),(147,46,'Dr. Dayton Kiehn',NULL),(148,46,'Wayne Harris MD',NULL),(149,46,'Patricia Leuschke',NULL),(150,47,'Stella Frami',NULL),(151,47,'Jaylin Schultz',NULL),(152,47,'Bret Kuphal',NULL),(153,47,'Juwan O\'Hara PhD',NULL),(154,48,'Osvaldo Rowe',NULL),(155,49,'Enoch Berge',NULL),(156,49,'Kellen McDermott',NULL),(157,49,'Tyson Hand',NULL),(158,50,'Granville Dach',NULL),(159,50,'Madeline Harber',NULL),(160,51,'Mrs. Edgar Howell',NULL),(161,52,'Mr. Elian Roob',NULL),(162,52,'Reilly Cassin',NULL),(163,52,'Dixie Ankunding',NULL),(164,52,'Cathryn Swaniawski Sr.',NULL),(165,52,'Juliana Durgan',NULL),(166,53,'Oral Champlin',NULL),(167,53,'Chloe Runolfsson II',NULL),(168,53,'Aliyah Schuster',NULL),(169,53,'Zander Legros',NULL),(170,54,'Cora Lang',NULL),(171,54,'Arvilla Muller',NULL),(172,54,'Mary Botsford',NULL),(173,54,'Mrs. Nayeli Cassin',NULL),(174,54,'Braulio Schimmel',NULL),(175,55,'Ned Abshire',NULL),(176,55,'Shaylee Mills',NULL),(177,55,'Dr. Austen Abernathy',NULL),(178,55,'Jazmyne Hermann II',NULL),(179,56,'Dr. Ellsworth Konopelski',NULL),(180,56,'Janelle Russel',NULL),(181,56,'Albert McGlynn',NULL),(182,56,'Lilian Rogahn',NULL),(183,57,'Helga Gulgowski',NULL),(184,57,'Trystan Strosin II',NULL),(185,57,'Talia Wintheiser DVM',NULL),(186,58,'Alek Fritsch',NULL),(187,58,'Vallie Bergnaum',NULL),(188,58,'Maureen Shields',NULL),(189,58,'Judd Stroman',NULL),(190,58,'Keven Ratke',NULL),(191,59,'Dr. Eliane Rau',NULL),(192,59,'Gavin Armstrong',NULL),(193,60,'Bradley Effertz',NULL),(194,60,'Emily Crooks',NULL),(195,60,'Seamus McClure',NULL),(196,61,'Pinkie Little',NULL),(197,61,'Benny Funk',NULL),(198,61,'Aiden Feeney',NULL),(199,61,'Ms. Vaughn Ferry',NULL),(200,62,'Alfonzo Waelchi',NULL),(201,62,'Lizzie Will',NULL),(202,62,'Easton Thiel Sr.',NULL),(203,62,'Terrance Senger Jr.',NULL),(204,62,'Jalyn Paucek',NULL),(205,63,'Mr. Flossie Fadel',NULL),(206,63,'Courtney Jacobs',NULL),(207,63,'Dr. Frances Kulas',NULL),(208,63,'Mrs. Camden Gleason',NULL),(209,64,'Ms. Shaun Sporer',NULL),(210,65,'Eloisa Nitzsche',NULL),(211,65,'Oswaldo Stanton',NULL),(212,65,'Brandi Reilly',NULL),(213,65,'Mossie Kessler',NULL),(214,65,'Frankie Harvey',NULL),(215,66,'Ashley Schultz',NULL),(216,66,'Izaiah Nader',NULL),(217,66,'Wilfrid Jast',NULL),(218,67,'Lina Bailey',NULL),(219,67,'Ms. Eve Kuhlman',NULL),(220,67,'Clyde Schaefer',NULL),(221,67,'Angel Ortiz',NULL),(222,67,'Dejon Hudson II',NULL),(223,68,'Shanel Prohaska',NULL),(224,68,'Jermey Kuvalis V',NULL),(225,68,'Marilyne Glover II',NULL),(226,69,'Fidel Carter',NULL),(227,69,'Ludwig Miller',NULL),(228,69,'Callie Hilpert',NULL),(229,69,'Stewart Sipes',NULL),(230,70,'Jay Johns',NULL),(231,70,'Gonzalo Heathcote',NULL),(232,70,'Joaquin Stamm',NULL),(233,70,'Karolann Swift',NULL),(234,70,'Frederik Ryan',NULL),(235,71,'Giovanna Gottlieb',NULL),(236,72,'Reba Ryan',NULL),(237,72,'Anibal Bartell DDS',NULL),(238,72,'Kaela Walter DDS',NULL),(239,73,'Pete Stokes Sr.',NULL),(240,73,'Keon O\'Hara',NULL),(241,73,'Sam Cremin',NULL),(242,73,'Geoffrey Cassin',NULL),(243,74,'Trey Walter',NULL),(244,75,'Ms. Ashley Shanahan',NULL),(245,75,'Petra Marvin',NULL),(246,75,'Alvena Harber',NULL),(247,75,'Johnnie Graham I',NULL),(248,76,'Keegan Lemke',NULL),(249,76,'Tom Hilll',NULL),(250,76,'Ryley Gutkowski',NULL),(251,77,'Ray Davis',NULL),(252,77,'Gilberto Zulauf I',NULL),(253,77,'Donna Spinka',NULL),(254,78,'Oceane Glover',NULL),(255,78,'Mrs. Eva Franecki',NULL),(256,78,'Cheyenne Rau',NULL),(257,78,'Idella Beier',NULL),(258,79,'Arlie Greenfelder DVM',NULL),(259,79,'Theo Zemlak',NULL),(260,79,'Shyann Johnson',NULL),(261,79,'Dr. Thomas King',NULL),(262,80,'Florencio Farrell',NULL),(263,81,'Brionna Hickle IV',NULL),(264,81,'Adolphus Mills',NULL),(265,81,'Solon Stokes',NULL),(266,81,'Mr. Everardo Zulauf',NULL),(267,81,'Cesar Schultz',NULL),(268,82,'Adan Stehr',NULL),(269,82,'Mrs. Daphney Koepp',NULL),(270,82,'Fletcher Harvey',NULL),(271,82,'Jayce Littel Jr.',NULL),(272,82,'Jayde Ullrich Jr.',NULL),(273,83,'Ruben Ortiz Sr.',NULL),(274,83,'Dr. Francesco Will',NULL),(275,83,'Hattie Marvin I',NULL),(276,83,'Arely Hilll',NULL),(277,83,'Marguerite Oberbrunner',NULL),(278,84,'Harold Rowe',NULL),(279,85,'Wilfredo Auer',NULL),(280,85,'Braeden O\'Conner',NULL),(281,85,'Stacey Stracke',NULL),(282,85,'Jermey Donnelly',NULL),(283,86,'Violette Hackett',NULL),(284,86,'Miss Stanford Rowe',NULL),(285,86,'Brandyn Nitzsche',NULL),(286,86,'Mr. Dwight Kohler',NULL),(287,87,'Treva Kunde',NULL),(288,87,'Sandra Wolff V',NULL),(289,88,'Dayne Flatley IV',NULL),(290,89,'Bailee Koss',NULL),(291,89,'Dr. Kali VonRueden',NULL),(292,89,'Mrs. Carter Rippin',NULL),(293,89,'Rachael Flatley',NULL),(294,90,'Maryse Blick',NULL),(295,91,'Mrs. Brenda Schimmel',NULL),(296,91,'Imogene Schmeler I',NULL),(297,91,'Alexzander Kutch',NULL),(298,91,'Miss Marcelina Bednar',NULL),(299,91,'Ms. Selmer Runolfsson',NULL),(300,92,'Mr. Katelyn Blanda',NULL),(301,92,'Nathen Walsh',NULL),(302,92,'Geoffrey Gleichner MD',NULL),(303,92,'Jalon Ullrich',NULL),(304,93,'Shaylee Nolan',NULL),(305,94,'Branson Koch',NULL),(306,94,'Dee Heidenreich',NULL),(307,94,'Hubert Graham',NULL),(308,95,'Miss Kelton Emard',NULL),(309,95,'Elizabeth Hartmann',NULL),(310,96,'Dennis Strosin MD',NULL),(311,96,'Lazaro Tremblay II',NULL),(312,97,'Nellie Rodriguez',NULL),(313,97,'Michale Bauch',NULL),(314,97,'Meagan Green',NULL),(315,98,'Victoria Morissette',NULL),(316,99,'Jaden Raynor Jr.',NULL),(317,99,'Dariana Pacocha',NULL),(318,99,'Webster Hammes',NULL),(319,99,'Mrs. Emie Leannon',NULL),(320,99,'Zelda Pfeffer',NULL),(321,100,'Duncan Larkin',NULL),(322,100,'Madisyn Beier',NULL),(323,100,'Piper Hermiston',NULL),(324,100,'Marge Leffler MD',NULL),(325,101,'Horace Gusikowski',NULL),(326,102,'Waylon Schinner IV',NULL),(327,102,'Shaylee Mills',NULL),(328,103,'Mrs. Marcella Pagac',NULL),(329,104,'Jarvis Kub',NULL),(330,104,'Victor Trantow',NULL),(331,104,'Edwina Hammes PhD',NULL),(332,105,'Rahul Bode II',NULL),(333,106,'Wilford McClure',NULL),(334,106,'Madaline Schultz PhD',NULL),(335,106,'Mr. Ashton Hansen',NULL),(336,106,'Ms. Aaliyah Hyatt',NULL),(337,107,'Mrs. Oswaldo Green',NULL),(338,107,'Joanny Marvin',NULL),(339,107,'Mr. Camila Ferry',NULL),(340,108,'Samir Davis Sr.',NULL),(341,108,'Helene Hoeger',NULL),(342,108,'Mr. Pattie Lebsack',NULL),(343,109,'Kimberly Hodkiewicz',NULL),(344,109,'Jacynthe Grimes IV',NULL),(345,109,'Miss Bailey McLaughlin',NULL),(346,110,'Abdul Marks',NULL),(347,110,'Elmer Feil',NULL),(348,111,'Tomasa Klocko Sr.',NULL),(349,111,'Donavon Mayer',NULL),(350,111,'Arnaldo Grant',NULL),(351,111,'Sydni Morissette',NULL),(352,111,'Jared Kirlin',NULL),(353,112,'Kaden Schneider',NULL),(354,112,'Iliana Lowe IV',NULL),(355,112,'Olen Schiller',NULL),(356,112,'Leilani Runolfsson',NULL),(357,113,'Mrs. Marlee Kuhlman',NULL),(358,114,'Nikki Bernier',NULL),(359,115,'Madison Shanahan',NULL),(360,115,'Raoul Hane',NULL),(361,115,'Georgianna Maggio',NULL),(362,115,'Felton D\'Amore',NULL),(363,116,'Amina Morissette',NULL),(364,116,'Al Gutkowski IV',NULL),(365,116,'Georgiana Herman',NULL),(366,116,'Jacynthe Cruickshank',NULL),(367,117,'Rodrick Adams PhD',NULL),(368,117,'Anika Kemmer',NULL),(369,117,'Dr. Simone Dare',NULL),(370,117,'Nikko Schuster',NULL),(371,118,'Harmony Kuhic',NULL),(372,119,'Miss Kailey Klein',NULL),(373,119,'Ms. Luis Nicolas',NULL),(374,119,'Madelynn Bruen',NULL),(375,119,'Jaden Lang',NULL),(376,120,'Mr. Terry Nicolas',NULL),(377,120,'Alvis Reynolds',NULL),(378,120,'Jensen Bergnaum',NULL),(379,121,'Lorenza Ruecker IV',NULL),(380,121,'Adam Bartell',NULL),(381,121,'Leonard Kling',NULL),(382,122,'Verdie Bosco',NULL),(383,123,'Miss Nikita Buckridge',NULL),(384,123,'Dr. Ashlee Bradtke',NULL),(385,124,'Adan Windler',NULL),(386,124,'Brad Doyle',NULL),(387,124,'Ernestine Johns',NULL),(388,124,'Rory Reilly',NULL),(389,124,'Melody Gutkowski',NULL),(390,125,'Orie Hayes',NULL),(391,125,'Kaleb Kuphal',NULL),(392,125,'Mr. Willow Kozey',NULL),(393,125,'Adolph Bauch',NULL),(394,126,'George Nikolaus III',NULL),(395,126,'Miss Alford Wisozk',NULL),(396,127,'Heidi Nienow',NULL),(397,127,'Mrs. Davonte Dickens',NULL),(398,128,'Sammy Wunsch',NULL),(399,128,'Victor Renner',NULL),(400,129,'Dr. Ashtyn Blanda',NULL),(401,129,'Colleen Gorczany PhD',NULL),(402,129,'Cordia Pollich',NULL),(403,130,'Walton Kunde',NULL),(404,130,'Darien Hahn I',NULL),(405,130,'Kaleigh Kohler',NULL),(406,130,'Porter Bahringer',NULL),(407,131,'Dashawn Schaden',NULL),(408,131,'Miss Gene Bayer',NULL),(409,131,'Ford Hyatt',NULL),(410,132,'Mellie Bernier',NULL),(411,132,'Joan Hegmann',NULL),(412,132,'Jamel Wyman',NULL),(413,132,'Mrs. Kaleb Bernhard',NULL),(414,133,'Pattie Walker',NULL),(415,134,'Rachael Cummings',NULL),(416,134,'Jennings Thiel',NULL),(417,134,'Geovanny Schuster Sr.',NULL),(418,134,'Katheryn Wisozk',NULL),(419,135,'Jensen Leffler',NULL),(420,135,'Vergie Schamberger',NULL),(421,135,'Emmett Wolf',NULL),(422,135,'Ambrose Spinka',NULL),(423,136,'Elta Nader',NULL),(424,137,'Dr. Domenico Dietrich',NULL),(425,137,'Miss Hal Brown',NULL),(426,137,'Eduardo Williamson',NULL),(427,137,'Minerva Ziemann',NULL),(428,137,'Coy Moen V',NULL),(429,138,'Jamel Nitzsche',NULL),(430,139,'Lula Wolff',NULL),(431,139,'Mr. Clifford Rohan',NULL),(432,139,'Furman Kling',NULL),(433,139,'Taryn Heaney',NULL),(434,139,'Carey Goldner',NULL),(435,140,'Annalise Graham II',NULL),(436,141,'Dr. Reagan Rodriguez',NULL),(437,142,'Dr. Ariane Reynolds',NULL),(438,142,'Kailey Bins',NULL),(439,142,'Katharina Smitham',NULL),(440,142,'Fredrick Kiehn',NULL),(441,143,'Adonis Fahey',NULL),(442,143,'Mabelle Beer Jr.',NULL),(443,144,'Leola Fahey',NULL),(444,144,'Ally Crist',NULL),(445,144,'Franco Ward',NULL),(446,145,'Emanuel Nikolaus',NULL),(447,145,'Lola Schuppe',NULL),(448,145,'Kaden Roob',NULL),(449,146,'Vito Johnston',NULL),(450,147,'Lavinia Paucek',NULL),(451,147,'Guadalupe Beier MD',NULL),(452,147,'Dr. Osborne Koelpin',NULL),(453,148,'Rhett Gulgowski',NULL),(454,148,'Liana Zulauf',NULL),(455,149,'Layla Marquardt',NULL),(456,149,'Trisha Bradtke',NULL),(457,149,'Mrs. Frederik Flatley',NULL),(458,149,'Alycia Metz',NULL),(459,149,'Rowland Aufderhar MD',NULL),(460,150,'Stephen Ward',NULL),(461,150,'Dr. Vicky White',NULL),(462,150,'Dr. Jonathon Stokes',NULL),(463,150,'Jett Wintheiser',NULL),(464,151,'Ardith Bogisich',NULL),(465,151,'Petra Russel',NULL),(466,151,'Miss Taya Wehner',NULL),(467,151,'Elmer Pollich',NULL),(468,151,'Lupe Olson',NULL),(469,152,'Mr. Adolf Schroeder',NULL),(470,152,'Santos Haag',NULL),(471,152,'Dr. Ava Wunsch',NULL),(472,153,'Tiana Turner',NULL),(473,153,'Mrs. Alison Swift',NULL),(474,153,'Howell Weber',NULL),(475,153,'Dr. Elyssa Barton',NULL),(476,154,'Santiago Franecki',NULL),(477,154,'Harold Kihn',NULL),(478,154,'Brad Thompson II',NULL),(479,155,'Mrs. Leann Wolf',NULL),(480,155,'Juanita Friesen',NULL),(481,156,'Helmer Frami',NULL),(482,157,'Carolina Schneider',NULL),(483,157,'Estelle Ernser',NULL),(484,157,'Reyes Greenfelder',NULL);
/*!40000 ALTER TABLE `accessories` ENABLE KEYS */;
UNLOCK TABLES;

--
-- Table structure for table `accessories_inventory_pools`
--

DROP TABLE IF EXISTS `accessories_inventory_pools`;
/*!40101 SET @saved_cs_client     = @@character_set_client */;
/*!40101 SET character_set_client = utf8 */;
CREATE TABLE `accessories_inventory_pools` (
  `accessory_id` int(11) DEFAULT NULL,
  `inventory_pool_id` int(11) DEFAULT NULL,
  UNIQUE KEY `index_accessories_inventory_pools` (`accessory_id`,`inventory_pool_id`),
  KEY `index_accessories_inventory_pools_on_inventory_pool_id` (`inventory_pool_id`)
) ENGINE=InnoDB DEFAULT CHARSET=utf8 COLLATE=utf8_unicode_ci;
/*!40101 SET character_set_client = @saved_cs_client */;

--
-- Dumping data for table `accessories_inventory_pools`
--

LOCK TABLES `accessories_inventory_pools` WRITE;
/*!40000 ALTER TABLE `accessories_inventory_pools` DISABLE KEYS */;
INSERT INTO `accessories_inventory_pools` VALUES (2,1),(3,1),(9,1),(10,1),(17,1),(19,1),(20,1),(21,1),(24,1),(25,1),(26,1),(28,1),(32,1),(33,1),(34,1),(35,1),(37,1),(38,1),(43,1),(44,1),(47,1),(48,1),(49,1),(51,1),(52,1),(53,1),(55,1),(56,1),(57,1),(58,1),(59,1),(62,1),(63,1),(64,1),(65,1),(66,1),(70,1),(71,1),(72,1),(74,1),(77,1),(78,1),(79,1),(82,1),(85,1),(86,1),(87,1),(91,1),(98,1),(100,1),(104,1),(105,1),(106,1),(107,1),(110,1),(111,1),(115,1),(118,1),(123,1),(126,1),(131,1),(132,1),(133,1),(135,1),(136,1),(138,1),(139,1),(141,1),(142,1),(143,1),(144,1),(145,1),(146,1),(148,1),(153,1),(154,1),(155,1),(157,1),(158,1),(159,1),(160,1),(162,1),(163,1),(165,1),(167,1),(168,1),(169,1),(172,1),(173,1),(175,1),(177,1),(179,1),(181,1),(183,1),(184,1),(186,1),(188,1),(189,1),(190,1),(192,1),(193,1),(195,1),(196,1),(197,1),(198,1),(199,1),(200,1),(203,1),(204,1),(205,1),(208,1),(215,1),(221,1),(223,1),(226,1),(231,1),(232,1),(233,1),(234,1),(235,1),(236,1),(237,1),(239,1),(242,1),(244,1),(245,1),(246,1),(248,1),(249,1),(253,1),(254,1),(261,1),(262,1),(266,1),(267,1),(269,1),(272,1),(273,1),(274,1),(275,1),(278,1),(282,1),(284,1),(285,1),(287,1),(288,1),(289,1),(291,1),(293,1),(295,1),(297,1),(299,1),(303,1),(304,1),(306,1),(308,1),(309,1),(311,1),(317,1),(320,1),(323,1),(324,1),(326,1),(327,1),(328,1),(329,1),(330,1),(331,1),(333,1),(335,1),(336,1),(338,1),(339,1),(340,1),(343,1),(344,1),(347,1),(348,1),(349,1),(350,1),(351,1),(358,1),(361,1),(362,1),(364,1),(368,1),(369,1),(370,1),(375,1),(376,1),(377,1),(381,1),(382,1),(383,1),(390,1),(392,1),(393,1),(399,1),(400,1),(406,1),(409,1),(410,1),(420,1),(421,1),(424,1),(425,1),(427,1),(428,1),(429,1),(430,1),(431,1),(432,1),(434,1),(435,1),(444,1),(445,1),(446,1),(447,1),(448,1),(454,1),(458,1),(462,1),(464,1),(465,1),(466,1),(467,1),(468,1),(473,1),(474,1),(476,1),(477,1),(481,1),(484,1);
/*!40000 ALTER TABLE `accessories_inventory_pools` ENABLE KEYS */;
UNLOCK TABLES;

--
-- Table structure for table `addresses`
--

DROP TABLE IF EXISTS `addresses`;
/*!40101 SET @saved_cs_client     = @@character_set_client */;
/*!40101 SET character_set_client = utf8 */;
CREATE TABLE `addresses` (
  `id` int(11) NOT NULL AUTO_INCREMENT,
  `street` varchar(255) COLLATE utf8_unicode_ci DEFAULT NULL,
  `zip_code` varchar(255) COLLATE utf8_unicode_ci DEFAULT NULL,
  `city` varchar(255) COLLATE utf8_unicode_ci DEFAULT NULL,
  `country_code` varchar(255) COLLATE utf8_unicode_ci DEFAULT NULL,
  `latitude` float DEFAULT NULL,
  `longitude` float DEFAULT NULL,
  PRIMARY KEY (`id`),
  UNIQUE KEY `index_addresses_on_street_and_zip_code_and_city_and_country_code` (`street`,`zip_code`,`city`,`country_code`)
) ENGINE=InnoDB DEFAULT CHARSET=utf8 COLLATE=utf8_unicode_ci;
/*!40101 SET character_set_client = @saved_cs_client */;

--
-- Dumping data for table `addresses`
--

LOCK TABLES `addresses` WRITE;
/*!40000 ALTER TABLE `addresses` DISABLE KEYS */;
/*!40000 ALTER TABLE `addresses` ENABLE KEYS */;
UNLOCK TABLES;

--
-- Table structure for table `attachments`
--

DROP TABLE IF EXISTS `attachments`;
/*!40101 SET @saved_cs_client     = @@character_set_client */;
/*!40101 SET character_set_client = utf8 */;
CREATE TABLE `attachments` (
  `id` int(11) NOT NULL AUTO_INCREMENT,
  `model_id` int(11) DEFAULT NULL,
  `is_main` tinyint(1) DEFAULT '0',
  `content_type` varchar(255) COLLATE utf8_unicode_ci DEFAULT NULL,
  `filename` varchar(255) COLLATE utf8_unicode_ci DEFAULT NULL,
  `size` int(11) DEFAULT NULL,
  PRIMARY KEY (`id`),
  KEY `index_attachments_on_model_id` (`model_id`)
) ENGINE=InnoDB AUTO_INCREMENT=7 DEFAULT CHARSET=utf8 COLLATE=utf8_unicode_ci;
/*!40101 SET character_set_client = @saved_cs_client */;

--
-- Dumping data for table `attachments`
--

LOCK TABLES `attachments` WRITE;
/*!40000 ALTER TABLE `attachments` DISABLE KEYS */;
INSERT INTO `attachments` VALUES (1,145,0,'image/jpeg','asperiores',NULL),(2,146,0,'image/jpeg','doloribus',NULL),(3,154,0,'image/jpeg','animi',NULL),(4,154,0,'image/jpeg','in',NULL),(5,154,0,'image/jpeg','facere',NULL),(6,155,0,'image/jpeg','deserunt',NULL);
/*!40000 ALTER TABLE `attachments` ENABLE KEYS */;
UNLOCK TABLES;

--
-- Table structure for table `authentication_systems`
--

DROP TABLE IF EXISTS `authentication_systems`;
/*!40101 SET @saved_cs_client     = @@character_set_client */;
/*!40101 SET character_set_client = utf8 */;
CREATE TABLE `authentication_systems` (
  `id` int(11) NOT NULL AUTO_INCREMENT,
  `name` varchar(255) COLLATE utf8_unicode_ci DEFAULT NULL,
  `class_name` varchar(255) COLLATE utf8_unicode_ci DEFAULT NULL,
  `is_default` tinyint(1) DEFAULT '0',
  `is_active` tinyint(1) DEFAULT '0',
  PRIMARY KEY (`id`)
) ENGINE=InnoDB AUTO_INCREMENT=7 DEFAULT CHARSET=utf8 COLLATE=utf8_unicode_ci;
/*!40101 SET character_set_client = @saved_cs_client */;

--
-- Dumping data for table `authentication_systems`
--

LOCK TABLES `authentication_systems` WRITE;
/*!40000 ALTER TABLE `authentication_systems` DISABLE KEYS */;
INSERT INTO `authentication_systems` VALUES (1,'Database Authentication','DatabaseAuthentication',1,1),(2,'LDAP Authentication','LdapAuthentication',0,0),(3,'ZHDK Authentication','Zhdk',0,0),(4,'Database Authentication','DatabaseAuthentication',1,1),(5,'LDAP Authentication','LdapAuthentication',0,0),(6,'ZHDK Authentication','Zhdk',0,0);
/*!40000 ALTER TABLE `authentication_systems` ENABLE KEYS */;
UNLOCK TABLES;

--
-- Table structure for table `buildings`
--

DROP TABLE IF EXISTS `buildings`;
/*!40101 SET @saved_cs_client     = @@character_set_client */;
/*!40101 SET character_set_client = utf8 */;
CREATE TABLE `buildings` (
  `id` int(11) NOT NULL AUTO_INCREMENT,
  `name` varchar(255) COLLATE utf8_unicode_ci DEFAULT NULL,
  `code` varchar(255) COLLATE utf8_unicode_ci DEFAULT NULL,
  PRIMARY KEY (`id`)
) ENGINE=InnoDB AUTO_INCREMENT=167 DEFAULT CHARSET=utf8 COLLATE=utf8_unicode_ci;
/*!40101 SET character_set_client = @saved_cs_client */;

--
-- Dumping data for table `buildings`
--

LOCK TABLES `buildings` WRITE;
/*!40000 ALTER TABLE `buildings` DISABLE KEYS */;
INSERT INTO `buildings` VALUES (1,'Great Pyramid of Giza','ZZZ'),(2,'Great Pyramid of Giza','ZZZ'),(3,'Etvelitexpedita','non'),(4,'Doloressintassumenda','ani'),(5,'Similiquelaboriosamdicta','adi'),(6,'Laboriosamilloqui','occ'),(7,'Expeditaporroet','dic'),(8,'Autperferendisvoluptatem','qui'),(9,'Magnieaut','quo'),(10,'Suntaspernaturdolores','ext'),(11,'Harumperspiciatisnostrum','duc'),(12,'Etadipiscidistinctio','lab'),(13,'Etetfuga','hic'),(14,'Rerumculpaqui','qui'),(15,'Repellendusundevoluptatibus','est'),(16,'Perferendisnesciuntsit','qua'),(17,'Eosetquia','non'),(18,'Rationeeligendimagnam','ean'),(19,'Sedquoomnis','dol'),(20,'Omnisvitaetotam','qui'),(21,'Etearummolestias','con'),(22,'Reprehenderitvoluptatumsed','aut'),(23,'Atqueeosomnis','ips'),(24,'Nesciuntnulladicta','vol'),(25,'Dolorumquodalias','lib'),(26,'Similiqueremquos','inv'),(27,'Nobisutest','qui'),(28,'Harumquidolores','qui'),(29,'Fugaametdolore','exp'),(30,'Voluptasimpeditexcepturi','ius'),(31,'Nostrumundevel','dol'),(32,'Delectusmagnidolor','qua'),(33,'Fugiatetaccusamus','exp'),(34,'Quiaatquequi','est'),(35,'Essefugitcumque','vit'),(36,'Aspernaturnesciuntmaiores','vol'),(37,'Facilisquisvoluptates','quo'),(38,'Etrepudiandaeeligendi','fug'),(39,'Suntsintsunt','mol'),(40,'Nisidoloratque','nat'),(41,'Exercitationemharumquam','seq'),(42,'Ausstellungsstrasse 60','AU60'),(43,'Ausstellungsstrasse 60','AU60'),(44,'Veniamquaevero','qui'),(45,'Etetbeatae','dol'),(46,'Molestiaesapientedolorem','mai'),(47,'Odiosintexpedita','bea'),(48,'Fugitsaepeet','ape'),(49,'Nulladictavoluptate','ali'),(50,'Modiipsumnobis','est'),(51,'Situndeassumenda','ear'),(52,'Inventoreautemcommodi','opt'),(53,'Aperiamconsequaturplaceat','sit'),(54,'Eiusquiin','tem'),(55,'Etquodconsequuntur','eac'),(56,'Etdolorespariatur','aut'),(57,'Sitnatuspariatur','exc'),(58,'Voluptatemvitaeaperiam','sun'),(59,'Ipsaenimanimi','rep'),(60,'Accusantiumautnon','aet'),(61,'Accusantiumadconsequuntur','nis'),(62,'Utaliquidqui','min'),(63,'Corporisreprehenderitet','mol'),(64,'Blanditiispossimuslaudantium','del'),(65,'Repellendusutimpedit','qua'),(66,'Evenietmolestiaemolestias','par'),(67,'Esthicassumenda','rep'),(68,'Sitoditiste','qui'),(69,'Explicabolaudantiumvel','vel'),(70,'Nesciuntsaepeiusto','etn'),(71,'Laborumharumsint','ali'),(72,'Consequunturfugasit','cor'),(73,'Namsimiliquequia','nob'),(74,'Consequaturnobisut','rer'),(75,'Eosdolorrepudiandae','vol'),(76,'Itaquequiaeos','neq'),(77,'Odiononnobis','odi'),(78,'Commodiconsequaturdebitis','tem'),(79,'Eumdictaex','ute'),(80,'Sitetvoluptatem','est'),(81,'Mollitiaofficiaautem','err'),(82,'Etquaeratomnis','vol'),(83,'Laborererumeum','qua'),(84,'Quasivoluptasillum','odi'),(85,'Ducimusdelenitideserunt','adi'),(86,'Autmolestiaequi','qui'),(87,'Fugaaccusamusneque','odi'),(88,'Laboriosamaccusantiumenim','ali'),(89,'Indelenitiet','nec'),(90,'Idsitautem','per'),(91,'Quinobiset','dol'),(92,'Enimdictavitae','atq'),(93,'Autautalias','dol'),(94,'Dolormaioressit','vol'),(95,'Utconsequatureaque','dis'),(96,'Aututtenetur','eiu'),(97,'Earumdoloremnobis','qui'),(98,'Quosquiautem','dol'),(99,'Doloratquerepellendus','etl'),(100,'Ipsaquamlaudantium','pra'),(101,'Autemoptiosint','inc'),(102,'Cupiditateanimiexpedita','lab'),(103,'Quiexpeditaab','off'),(104,'Etconsequaturenim','dol'),(105,'Utquisquamvoluptate','occ'),(106,'Numquamullamut','nih'),(107,'Maximenumquamvoluptate','vol'),(108,'Blanditiisexercitationemhic','ape'),(109,'Laborecumvel','asp'),(110,'Debitiscumqueporro','qui'),(111,'Quisquamomnisdistinctio','sed'),(112,'Quiautmolestias','fug'),(113,'Deseruntvelitrerum','est'),(114,'Voluptatemrerumaccusantium','cul'),(115,'Cumoccaecatinemo','eve'),(116,'Maximequisquamqui','ani'),(117,'Cumqueporroearum','est'),(118,'Delenitioccaecatiest','atq'),(119,'Nequealiasest','ape'),(120,'Providentmolestiasquia','qui'),(121,'Quoseavoluptates','eum'),(122,'Temporibusullamrem','sae'),(123,'Aliquamquibusdameius','rei'),(124,'Etdignissimosamet','asp'),(125,'Expeditaaspernaturvoluptatem','qui'),(126,'Voluptatumrepellenduscorporis','eni'),(127,'Earumsapienteenim','mag'),(128,'Expeditafugitminima','imp'),(129,'Eumsuntnon','per'),(130,'Ametidducimus','qui'),(131,'Necessitatibusdoloremenim','rer'),(132,'Laborumetcommodi','eli'),(133,'Fugiataliasdoloremque','nis'),(134,'Sedetreiciendis','ips'),(135,'Suscipitnecessitatibustemporibus','neq'),(136,'Vitaererumet','ess'),(137,'Estoditoptio','cum'),(138,'Autquiimpedit','cum'),(139,'Utoccaecatiperferendis','ips'),(140,'Dolorumlaudantiumsunt','con'),(141,'Inciduntdoloresquas','qua'),(142,'Voluptatemvoluptatemassumenda','exp'),(143,'Oditquiest','atq'),(144,'Nullaofficiisquisquam','mol'),(145,'Quasquisaperiam','rep'),(146,'Laudantiumsitexcepturi','nes'),(147,'Assumendateneturlabore','ani'),(148,'Solutaautquia','rei'),(149,'Voluptatemetsimilique','nam'),(150,'Perferendisvitaefuga','off'),(151,'Odiolaudantiumvitae','vol'),(152,'Enimsitdelectus','cor'),(153,'Quaeratitaqueex','eta'),(154,'Eadolorassumenda','rer'),(155,'Exercitationemautet','nul'),(156,'Teneturatmollitia','est'),(157,'Easedesse','qui'),(158,'Quasiinnulla','etp'),(159,'Harumomnisrepudiandae','dol'),(160,'Eiusnatusperspiciatis','vel'),(161,'Natusetvoluptatem','adc'),(162,'Quoprovidentdolorem','ver'),(163,'Abinpraesentium','eiu'),(164,'Earumquiadeserunt','dol'),(165,'Esseoccaecatiunde','ver'),(166,'Eligendiaccusantiuma','cum');
/*!40000 ALTER TABLE `buildings` ENABLE KEYS */;
UNLOCK TABLES;

--
-- Table structure for table `contract_lines`
--

DROP TABLE IF EXISTS `contract_lines`;
/*!40101 SET @saved_cs_client     = @@character_set_client */;
/*!40101 SET character_set_client = utf8 */;
CREATE TABLE `contract_lines` (
  `id` int(11) NOT NULL AUTO_INCREMENT,
  `contract_id` int(11) DEFAULT NULL,
  `type` varchar(255) COLLATE utf8_unicode_ci NOT NULL DEFAULT 'ItemLine',
  `item_id` int(11) DEFAULT NULL,
  `model_id` int(11) DEFAULT NULL,
  `quantity` int(11) DEFAULT '1',
  `start_date` date DEFAULT NULL,
  `end_date` date DEFAULT NULL,
  `returned_date` date DEFAULT NULL,
  `option_id` int(11) DEFAULT NULL,
  `purpose_id` int(11) DEFAULT NULL,
  `returned_to_user_id` int(11) DEFAULT NULL,
  `created_at` datetime DEFAULT NULL,
  `updated_at` datetime DEFAULT NULL,
  PRIMARY KEY (`id`),
  KEY `index_contract_lines_on_start_date` (`start_date`),
  KEY `index_contract_lines_on_end_date` (`end_date`),
  KEY `index_contract_lines_on_option_id` (`option_id`),
  KEY `index_contract_lines_on_contract_id` (`contract_id`),
  KEY `index_contract_lines_on_item_id` (`item_id`),
  KEY `index_contract_lines_on_model_id` (`model_id`),
  KEY `index_contract_lines_on_returned_date_and_contract_id` (`returned_date`,`contract_id`),
  KEY `index_contract_lines_on_type_and_contract_id` (`type`,`contract_id`)
) ENGINE=InnoDB AUTO_INCREMENT=164 DEFAULT CHARSET=utf8 COLLATE=utf8_unicode_ci;
/*!40101 SET character_set_client = @saved_cs_client */;

--
-- Dumping data for table `contract_lines`
--

LOCK TABLES `contract_lines` WRITE;
/*!40000 ALTER TABLE `contract_lines` DISABLE KEYS */;
INSERT INTO `contract_lines` VALUES (1,1,'ItemLine',NULL,1,1,'2013-09-02','2013-09-02',NULL,NULL,NULL,NULL,'2013-09-01 00:41:03','2013-09-01 00:41:03'),(2,1,'ItemLine',NULL,5,1,'2013-09-02','2013-09-02',NULL,NULL,NULL,NULL,'2013-09-01 00:41:03','2013-09-01 00:41:03'),(3,1,'ItemLine',NULL,9,1,'2013-09-02','2013-09-02',NULL,NULL,NULL,NULL,'2013-09-01 00:41:03','2013-09-01 00:41:03'),(4,2,'ItemLine',NULL,13,1,'2013-09-02','2013-09-02',NULL,NULL,1,NULL,'2013-09-01 00:41:03','2013-09-01 00:41:03'),(5,2,'ItemLine',NULL,17,1,'2013-09-02','2013-09-02',NULL,NULL,1,NULL,'2013-09-01 00:41:03','2013-09-01 00:41:03'),(6,2,'ItemLine',NULL,21,1,'2013-09-02','2013-09-02',NULL,NULL,1,NULL,'2013-09-01 00:41:03','2013-09-01 00:41:03'),(7,2,'ItemLine',NULL,25,1,'2013-09-02','2013-09-02',NULL,NULL,1,NULL,'2013-09-01 00:41:03','2013-09-01 00:41:03'),(8,3,'ItemLine',NULL,29,1,'2013-09-02','2013-09-02','2013-09-01',NULL,2,2,'2013-09-01 00:41:03','2013-09-01 00:41:03'),(9,3,'ItemLine',NULL,33,1,'2013-09-02','2013-09-02','2013-09-01',NULL,2,2,'2013-09-01 00:41:03','2013-09-01 00:41:03'),(10,3,'ItemLine',NULL,37,1,'2013-09-02','2013-09-02','2013-09-01',NULL,2,2,'2013-09-01 00:41:03','2013-09-01 00:41:03'),(11,3,'ItemLine',NULL,41,1,'2013-09-02','2013-09-02','2013-09-01',NULL,2,2,'2013-09-01 00:41:03','2013-09-01 00:41:03'),(12,3,'ItemLine',NULL,45,1,'2013-09-02','2013-09-02','2013-09-01',NULL,2,2,'2013-09-01 00:41:03','2013-09-01 00:41:03'),(13,3,'ItemLine',NULL,49,1,'2013-09-02','2013-09-02','2013-09-01',NULL,2,2,'2013-09-01 00:41:03','2013-09-01 00:41:03'),(14,4,'ItemLine',22,29,1,'2013-09-02','2013-09-02',NULL,NULL,3,NULL,'2013-09-01 00:41:03','2013-09-01 00:41:03'),(15,4,'ItemLine',23,29,1,'2013-09-02','2013-09-02',NULL,NULL,3,NULL,'2013-09-01 00:41:03','2013-09-01 00:41:03'),(16,4,'ItemLine',24,29,1,'2013-09-02','2013-09-02',NULL,NULL,3,NULL,'2013-09-01 00:41:03','2013-09-01 00:41:03'),(17,4,'ItemLine',25,33,1,'2013-09-02','2013-09-02',NULL,NULL,3,NULL,'2013-09-01 00:41:03','2013-09-01 00:41:03'),(18,4,'ItemLine',26,33,1,'2013-09-02','2013-09-02',NULL,NULL,3,NULL,'2013-09-01 00:41:03','2013-09-01 00:41:03'),(19,4,'ItemLine',27,33,1,'2013-09-02','2013-09-02',NULL,NULL,3,NULL,'2013-09-01 00:41:03','2013-09-01 00:41:03'),(20,4,'ItemLine',28,37,1,'2013-09-02','2013-09-02',NULL,NULL,3,NULL,'2013-09-01 00:41:03','2013-09-01 00:41:03'),(21,4,'ItemLine',29,37,1,'2013-09-02','2013-09-02',NULL,NULL,3,NULL,'2013-09-01 00:41:03','2013-09-01 00:41:03'),(22,4,'ItemLine',30,37,1,'2013-09-02','2013-09-02',NULL,NULL,3,NULL,'2013-09-01 00:41:03','2013-09-01 00:41:03'),(23,4,'ItemLine',31,41,1,'2013-09-02','2013-09-02',NULL,NULL,3,NULL,'2013-09-01 00:41:03','2013-09-01 00:41:03'),(24,4,'ItemLine',32,41,1,'2013-09-02','2013-09-02',NULL,NULL,3,NULL,'2013-09-01 00:41:03','2013-09-01 00:41:03'),(25,4,'ItemLine',33,41,1,'2013-09-02','2013-09-02',NULL,NULL,3,NULL,'2013-09-01 00:41:03','2013-09-01 00:41:03'),(26,4,'ItemLine',34,45,1,'2013-09-02','2013-09-02',NULL,NULL,3,NULL,'2013-09-01 00:41:03','2013-09-01 00:41:03'),(27,4,'ItemLine',35,45,1,'2013-09-02','2013-09-02',NULL,NULL,3,NULL,'2013-09-01 00:41:03','2013-09-01 00:41:03'),(28,4,'ItemLine',36,45,1,'2013-09-02','2013-09-02',NULL,NULL,3,NULL,'2013-09-01 00:41:03','2013-09-01 00:41:03'),(29,4,'ItemLine',37,49,1,'2013-09-02','2013-09-02',NULL,NULL,3,NULL,'2013-09-01 00:41:03','2013-09-01 00:41:03'),(30,4,'ItemLine',38,49,1,'2013-09-02','2013-09-02',NULL,NULL,3,NULL,'2013-09-01 00:41:03','2013-09-01 00:41:03'),(31,4,'ItemLine',39,49,1,'2013-09-02','2013-09-02',NULL,NULL,3,NULL,'2013-09-01 00:41:03','2013-09-01 00:41:03'),(32,4,'ItemLine',42,54,1,'2013-09-02','2013-09-02',NULL,NULL,3,NULL,'2013-09-01 00:41:03','2013-09-01 00:41:03'),(33,4,'ItemLine',43,54,1,'2013-09-02','2013-09-02',NULL,NULL,3,NULL,'2013-09-01 00:41:03','2013-09-01 00:41:03'),(34,4,'ItemLine',44,55,1,'2013-09-02','2013-09-02',NULL,NULL,3,NULL,'2013-09-01 00:41:03','2013-09-01 00:41:03'),(35,4,'ItemLine',46,57,1,'2013-09-02','2013-09-02',NULL,NULL,3,NULL,'2013-09-01 00:41:03','2013-09-01 00:41:03'),(36,4,'ItemLine',47,58,1,'2013-09-02','2013-09-02',NULL,NULL,3,NULL,'2013-09-01 00:41:03','2013-09-01 00:41:03'),(37,4,'ItemLine',48,59,1,'2013-09-02','2013-09-02',NULL,NULL,3,NULL,'2013-09-01 00:41:03','2013-09-01 00:41:03'),(38,4,'ItemLine',49,60,1,'2013-09-02','2013-09-02',NULL,NULL,3,NULL,'2013-09-01 00:41:03','2013-09-01 00:41:03'),(39,4,'ItemLine',50,61,1,'2013-09-02','2013-09-02',NULL,NULL,3,NULL,'2013-09-01 00:41:03','2013-09-01 00:41:03'),(40,4,'ItemLine',51,62,1,'2013-09-02','2013-09-02',NULL,NULL,3,NULL,'2013-09-01 00:41:03','2013-09-01 00:41:03'),(41,4,'ItemLine',52,63,1,'2013-09-02','2013-09-02',NULL,NULL,3,NULL,'2013-09-01 00:41:03','2013-09-01 00:41:03'),(42,4,'ItemLine',53,64,1,'2013-09-02','2013-09-02',NULL,NULL,3,NULL,'2013-09-01 00:41:03','2013-09-01 00:41:03'),(43,4,'ItemLine',54,65,1,'2013-09-02','2013-09-02',NULL,NULL,3,NULL,'2013-09-01 00:41:03','2013-09-01 00:41:03'),(44,5,'OptionLine',NULL,NULL,2,'2013-09-01','2013-09-02',NULL,4,4,NULL,'2013-09-01 00:41:03','2013-09-01 00:41:03'),(45,5,'ItemLine',157,158,1,'2013-09-01','2013-09-02',NULL,NULL,4,NULL,'2013-09-01 00:41:03','2013-09-01 00:41:03'),(46,6,'OptionLine',NULL,NULL,2,'2013-09-01','2013-09-01',NULL,5,5,NULL,'2013-09-01 00:41:03','2013-09-01 00:41:03'),(47,6,'OptionLine',NULL,NULL,1,'2013-09-01','2013-09-02',NULL,5,5,NULL,'2013-09-01 00:41:03','2013-09-01 00:41:03'),(48,7,'ItemLine',158,159,1,'2013-09-01','2013-09-02',NULL,NULL,6,NULL,'2013-09-01 00:41:03','2013-09-01 00:41:03'),(49,8,'ItemLine',159,160,1,'2013-08-27','2013-08-31',NULL,NULL,7,NULL,'2013-08-27 00:00:00','2013-08-27 00:00:00'),(50,8,'OptionLine',NULL,NULL,1,'2013-08-27','2013-08-31',NULL,6,7,NULL,'2013-08-27 00:00:00','2013-08-27 00:00:00'),(51,9,'ItemLine',NULL,165,1,'2013-09-02','2013-09-02',NULL,NULL,8,NULL,'2013-09-01 00:41:03','2013-09-01 00:41:03'),(52,9,'ItemLine',NULL,166,1,'2013-09-02','2013-09-02',NULL,NULL,8,NULL,'2013-09-01 00:41:03','2013-09-01 00:41:03'),(53,9,'ItemLine',NULL,167,1,'2013-09-02','2013-09-02',NULL,NULL,8,NULL,'2013-09-01 00:41:03','2013-09-01 00:41:03'),(54,9,'ItemLine',NULL,168,1,'2013-09-02','2013-09-02',NULL,NULL,8,NULL,'2013-09-01 00:41:03','2013-09-01 00:41:03'),(55,9,'ItemLine',NULL,169,1,'2013-09-02','2013-09-02',NULL,NULL,8,NULL,'2013-09-01 00:41:03','2013-09-01 00:41:03'),(56,10,'ItemLine',168,170,1,'2013-09-01','2013-09-02',NULL,NULL,9,NULL,'2013-09-01 00:41:03','2013-09-01 00:41:03'),(57,10,'ItemLine',169,171,1,'2013-09-01','2013-09-02',NULL,NULL,9,NULL,'2013-09-01 00:41:03','2013-09-01 00:41:03'),(58,10,'ItemLine',170,172,1,'2013-09-01','2013-09-02',NULL,NULL,9,NULL,'2013-09-01 00:41:03','2013-09-01 00:41:03'),(59,10,'ItemLine',171,173,1,'2013-09-01','2013-09-02',NULL,NULL,9,NULL,'2013-09-01 00:41:03','2013-09-01 00:41:03'),(60,11,'ItemLine',172,174,1,'2013-09-01','2013-09-02',NULL,NULL,10,NULL,'2013-09-01 00:41:03','2013-09-01 00:41:03'),(61,11,'ItemLine',173,175,1,'2013-09-01','2013-09-02',NULL,NULL,10,NULL,'2013-09-01 00:41:03','2013-09-01 00:41:03'),(62,11,'ItemLine',174,176,1,'2013-09-01','2013-09-02',NULL,NULL,10,NULL,'2013-09-01 00:41:03','2013-09-01 00:41:03'),(63,11,'ItemLine',175,177,1,'2013-09-01','2013-09-02',NULL,NULL,10,NULL,'2013-09-01 00:41:03','2013-09-01 00:41:03'),(64,11,'ItemLine',176,178,1,'2013-09-01','2013-09-02',NULL,NULL,10,NULL,'2013-09-01 00:41:03','2013-09-01 00:41:03'),(65,12,'ItemLine',177,179,1,'2013-08-27','2013-08-27',NULL,NULL,11,NULL,'2013-08-27 00:00:00','2013-08-27 00:00:00'),(66,12,'ItemLine',178,180,1,'2013-08-27','2013-08-27',NULL,NULL,11,NULL,'2013-08-27 00:00:00','2013-08-27 00:00:00'),(67,12,'ItemLine',179,181,1,'2013-08-27','2013-08-27',NULL,NULL,11,NULL,'2013-08-27 00:00:00','2013-08-27 00:00:00'),(68,12,'ItemLine',180,182,1,'2013-08-27','2013-08-27',NULL,NULL,11,NULL,'2013-08-27 00:00:00','2013-08-27 00:00:00'),(69,12,'ItemLine',181,183,1,'2013-08-27','2013-08-27',NULL,NULL,11,NULL,'2013-08-27 00:00:00','2013-08-27 00:00:00'),(70,13,'ItemLine',NULL,80,1,'2013-09-08','2013-09-11',NULL,NULL,12,NULL,'2013-09-01 00:41:03','2013-09-01 00:41:03'),(71,13,'ItemLine',NULL,80,1,'2013-09-08','2013-09-11',NULL,NULL,12,NULL,'2013-09-01 00:41:03','2013-09-01 00:41:03'),(72,13,'ItemLine',NULL,80,1,'2013-09-08','2013-09-11',NULL,NULL,12,NULL,'2013-09-01 00:41:03','2013-09-01 00:41:03'),(73,13,'ItemLine',NULL,112,1,'2013-09-08','2013-09-11',NULL,NULL,12,NULL,'2013-09-01 00:41:03','2013-09-01 00:41:03'),(74,13,'ItemLine',NULL,112,1,'2013-09-08','2013-09-11',NULL,NULL,12,NULL,'2013-09-01 00:41:03','2013-09-01 00:41:03'),(75,13,'ItemLine',NULL,112,1,'2013-09-08','2013-09-11',NULL,NULL,12,NULL,'2013-09-01 00:41:03','2013-09-01 00:41:03'),(76,13,'ItemLine',NULL,112,1,'2013-09-08','2013-09-11',NULL,NULL,12,NULL,'2013-09-01 00:41:03','2013-09-01 00:41:03'),(77,14,'ItemLine',NULL,184,1,'2013-09-02','2013-09-02',NULL,NULL,13,NULL,'2013-09-01 00:41:03','2013-09-01 00:41:03'),(78,14,'ItemLine',NULL,188,1,'2013-09-02','2013-09-02',NULL,NULL,13,NULL,'2013-09-01 00:41:03','2013-09-01 00:41:03'),(79,14,'ItemLine',NULL,192,1,'2013-09-02','2013-09-02',NULL,NULL,13,NULL,'2013-09-01 00:41:03','2013-09-01 00:41:03'),(80,14,'ItemLine',NULL,196,1,'2013-09-02','2013-09-02',NULL,NULL,13,NULL,'2013-09-01 00:41:03','2013-09-01 00:41:03'),(81,15,'ItemLine',NULL,200,1,'2013-09-02','2013-09-02',NULL,NULL,14,NULL,'2013-09-01 00:41:03','2013-09-01 00:41:03'),(82,15,'ItemLine',NULL,204,1,'2013-09-02','2013-09-02',NULL,NULL,14,NULL,'2013-09-01 00:41:03','2013-09-01 00:41:03'),(83,15,'ItemLine',NULL,208,1,'2013-09-02','2013-09-02',NULL,NULL,14,NULL,'2013-09-01 00:41:03','2013-09-01 00:41:03'),(84,16,'ItemLine',NULL,112,1,'2013-09-02','2013-09-02',NULL,NULL,15,NULL,'2013-09-01 00:41:03','2013-09-01 00:41:03'),(85,17,'ItemLine',NULL,112,1,'2013-09-02','2013-09-02',NULL,NULL,16,NULL,'2013-09-01 00:41:03','2013-09-01 00:41:03'),(86,17,'ItemLine',NULL,80,1,'2013-09-02','2013-09-02',NULL,NULL,16,NULL,'2013-09-01 00:41:03','2013-09-01 00:41:03'),(87,18,'ItemLine',NULL,112,1,'2013-09-08','2013-09-09',NULL,NULL,17,NULL,'2013-09-01 00:41:03','2013-09-01 00:41:03'),(88,19,'ItemLine',NULL,54,1,'2013-09-02','2013-09-02',NULL,NULL,18,NULL,'2013-09-01 00:41:03','2013-09-01 00:41:03'),(89,19,'ItemLine',NULL,54,1,'2013-09-02','2013-09-02',NULL,NULL,18,NULL,'2013-09-01 00:41:03','2013-09-01 00:41:03'),(90,19,'ItemLine',NULL,54,1,'2013-09-02','2013-09-02',NULL,NULL,18,NULL,'2013-09-01 00:41:03','2013-09-01 00:41:03'),(91,20,'ItemLine',NULL,80,1,'2013-09-02','2013-09-02',NULL,NULL,19,NULL,'2013-09-01 00:41:03','2013-09-01 00:41:03'),(92,20,'ItemLine',NULL,112,1,'2013-09-02','2013-09-02',NULL,NULL,19,NULL,'2013-09-01 00:41:03','2013-09-01 00:41:03'),(93,20,'ItemLine',NULL,80,1,'2013-09-02','2013-09-02',NULL,NULL,19,NULL,'2013-09-01 00:41:03','2013-09-01 00:41:03'),(94,20,'ItemLine',NULL,112,1,'2013-09-02','2013-09-02',NULL,NULL,19,NULL,'2013-09-01 00:41:03','2013-09-01 00:41:03'),(95,20,'ItemLine',NULL,80,1,'2013-09-02','2013-09-02',NULL,NULL,19,NULL,'2013-09-01 00:41:03','2013-09-01 00:41:03'),(96,20,'ItemLine',NULL,112,1,'2013-09-02','2013-09-02',NULL,NULL,19,NULL,'2013-09-01 00:41:03','2013-09-01 00:41:03'),(97,20,'OptionLine',NULL,NULL,5,'2013-09-01','2013-09-02',NULL,1,19,NULL,'2013-09-01 00:41:03','2013-09-01 00:41:03'),(98,21,'ItemLine',NULL,147,1,'2013-09-02','2013-09-02',NULL,NULL,NULL,NULL,'2013-09-01 00:41:03','2013-09-01 00:41:03'),(99,22,'ItemLine',69,80,1,'2013-09-01','2013-09-01',NULL,NULL,21,NULL,'2013-09-01 00:41:03','2013-09-01 00:41:03'),(100,23,'ItemLine',203,212,1,'2013-09-01','2013-09-01',NULL,NULL,22,NULL,'2013-09-01 00:41:03','2013-09-01 00:41:03'),(101,24,'ItemLine',40,53,1,'2013-09-01','2013-09-01',NULL,NULL,23,NULL,'2013-09-01 00:41:03','2013-09-01 00:41:03'),(102,24,'ItemLine',160,160,1,'2013-09-01','2013-09-01','2013-09-01',NULL,23,11,'2013-09-01 00:41:03','2013-09-01 00:41:03'),(103,25,'ItemLine',45,54,1,'2013-09-01','2013-09-01',NULL,NULL,24,NULL,'2013-09-01 00:41:03','2013-09-01 00:41:03'),(104,26,'ItemLine',204,213,1,'2013-09-01','2013-09-01',NULL,NULL,25,NULL,'2013-09-01 00:41:03','2013-09-01 00:41:03'),(105,27,'ItemLine',110,115,1,'2013-09-01','2013-09-02',NULL,NULL,26,NULL,'2013-09-01 00:41:03','2013-09-01 00:41:03'),(106,28,'ItemLine',NULL,80,1,'2013-09-08','2013-09-11',NULL,NULL,27,NULL,'2013-09-01 00:41:03','2013-09-01 00:41:03'),(107,28,'ItemLine',NULL,112,1,'2013-09-08','2013-09-11',NULL,NULL,27,NULL,'2013-09-01 00:41:03','2013-09-01 00:41:03'),(108,28,'ItemLine',NULL,112,1,'2013-09-09','2013-09-12',NULL,NULL,27,NULL,'2013-09-01 00:41:03','2013-09-01 00:41:03'),(109,29,'ItemLine',NULL,NULL,1,'2013-09-01','2013-09-02',NULL,NULL,27,NULL,'2013-09-01 00:41:03','2013-09-01 00:41:03'),(110,30,'ItemLine',NULL,54,1,'2013-08-30','2013-09-02',NULL,NULL,28,NULL,'2013-09-01 00:41:03','2013-09-01 00:41:03'),(111,30,'ItemLine',NULL,214,1,'2013-08-30','2013-09-02',NULL,NULL,28,NULL,'2013-09-01 00:41:03','2013-09-01 00:41:03'),(112,31,'ItemLine',135,54,1,'2013-09-01','2013-09-01',NULL,NULL,29,NULL,'2013-09-01 00:41:03','2013-09-01 00:41:03'),(113,31,'OptionLine',NULL,NULL,1,'2013-09-01','2013-09-01',NULL,1,29,NULL,'2013-09-01 00:41:03','2013-09-01 00:41:03'),(114,32,'ItemLine',NULL,218,1,'2013-09-02','2013-09-02',NULL,NULL,30,NULL,'2013-08-31 12:58:28','2013-08-31 12:58:28'),(115,32,'ItemLine',NULL,219,1,'2013-09-02','2013-09-02',NULL,NULL,30,NULL,'2013-08-31 12:58:28','2013-08-31 12:58:28'),(116,32,'ItemLine',NULL,220,1,'2013-09-02','2013-09-02',NULL,NULL,30,NULL,'2013-08-31 12:58:28','2013-08-31 12:58:28'),(117,32,'ItemLine',NULL,221,1,'2013-09-02','2013-09-02',NULL,NULL,30,NULL,'2013-08-31 12:58:28','2013-08-31 12:58:28'),(118,32,'ItemLine',NULL,222,1,'2013-09-02','2013-09-02',NULL,NULL,30,NULL,'2013-08-31 12:58:28','2013-08-31 12:58:28'),(119,32,'ItemLine',NULL,223,1,'2013-09-02','2013-09-02',NULL,NULL,30,NULL,'2013-08-31 12:58:28','2013-08-31 12:58:28'),(120,33,'ItemLine',NULL,227,1,'2013-09-02','2013-09-02',NULL,NULL,31,NULL,'2013-08-31 12:58:28','2013-08-31 12:58:28'),(121,33,'ItemLine',NULL,228,1,'2013-09-02','2013-09-02',NULL,NULL,31,NULL,'2013-08-31 12:58:28','2013-08-31 12:58:28'),(122,33,'ItemLine',NULL,229,1,'2013-09-02','2013-09-02',NULL,NULL,31,NULL,'2013-08-31 12:58:28','2013-08-31 12:58:28'),(123,33,'ItemLine',NULL,230,1,'2013-09-02','2013-09-02',NULL,NULL,31,NULL,'2013-08-31 12:58:28','2013-08-31 12:58:28'),(124,33,'ItemLine',NULL,231,1,'2013-09-02','2013-09-02',NULL,NULL,31,NULL,'2013-08-31 12:58:28','2013-08-31 12:58:28'),(125,34,'ItemLine',NULL,235,1,'2013-09-02','2013-09-02',NULL,NULL,32,NULL,'2013-08-31 12:58:29','2013-08-31 12:58:29'),(126,34,'ItemLine',NULL,236,1,'2013-09-02','2013-09-02',NULL,NULL,32,NULL,'2013-08-31 12:58:29','2013-08-31 12:58:29'),(127,34,'ItemLine',NULL,237,1,'2013-09-02','2013-09-02',NULL,NULL,32,NULL,'2013-08-31 12:58:29','2013-08-31 12:58:29'),(128,34,'ItemLine',NULL,238,1,'2013-09-02','2013-09-02',NULL,NULL,32,NULL,'2013-08-31 12:58:29','2013-08-31 12:58:29'),(129,35,'ItemLine',NULL,242,1,'2013-08-29','2013-08-29',NULL,NULL,33,NULL,'2013-08-29 19:43:50','2013-08-29 19:43:50'),(130,35,'ItemLine',NULL,243,1,'2013-08-29','2013-08-29',NULL,NULL,33,NULL,'2013-08-29 19:43:50','2013-08-29 19:43:50'),(131,35,'ItemLine',NULL,244,1,'2013-08-29','2013-08-29',NULL,NULL,33,NULL,'2013-08-29 19:43:50','2013-08-29 19:43:50'),(132,36,'ItemLine',NULL,245,1,'2013-08-29','2013-08-29',NULL,NULL,34,NULL,'2013-08-29 16:23:08','2013-08-29 16:23:08'),(133,36,'ItemLine',NULL,246,1,'2013-08-29','2013-08-29',NULL,NULL,34,NULL,'2013-08-29 16:23:09','2013-08-29 16:23:09'),(134,36,'ItemLine',NULL,247,1,'2013-08-29','2013-08-29',NULL,NULL,34,NULL,'2013-08-29 16:23:09','2013-08-29 16:23:09'),(135,36,'ItemLine',NULL,248,1,'2013-08-29','2013-08-29',NULL,NULL,34,NULL,'2013-08-29 16:23:09','2013-08-29 16:23:09'),(136,36,'ItemLine',NULL,249,1,'2013-08-29','2013-08-29',NULL,NULL,34,NULL,'2013-08-29 16:23:09','2013-08-29 16:23:09'),(137,36,'ItemLine',NULL,250,1,'2013-08-29','2013-08-29',NULL,NULL,34,NULL,'2013-08-29 16:23:09','2013-08-29 16:23:09'),(138,36,'ItemLine',NULL,250,1,'2013-08-29','2013-08-29',NULL,NULL,34,NULL,'2013-08-29 16:23:09','2013-08-29 16:23:09'),(139,37,'ItemLine',NULL,254,1,'2013-09-02','2013-09-02',NULL,NULL,35,NULL,'2013-09-01 00:41:03','2013-09-01 00:41:03'),(140,37,'ItemLine',NULL,255,1,'2013-09-02','2013-09-02',NULL,NULL,35,NULL,'2013-09-01 00:41:03','2013-09-01 00:41:03'),(141,37,'ItemLine',NULL,256,1,'2013-09-02','2013-09-02',NULL,NULL,35,NULL,'2013-09-01 00:41:03','2013-09-01 00:41:03'),(142,37,'ItemLine',NULL,257,1,'2013-09-02','2013-09-02',NULL,NULL,35,NULL,'2013-09-01 00:41:03','2013-09-01 00:41:03'),(143,37,'ItemLine',NULL,258,1,'2013-09-02','2013-09-02',NULL,NULL,35,NULL,'2013-09-01 00:41:03','2013-09-01 00:41:03'),(144,38,'ItemLine',NULL,262,1,'2013-09-02','2013-09-02',NULL,NULL,36,NULL,'2013-09-01 00:41:03','2013-09-01 00:41:03'),(145,38,'ItemLine',NULL,263,1,'2013-09-02','2013-09-02',NULL,NULL,36,NULL,'2013-09-01 00:41:03','2013-09-01 00:41:03'),(146,38,'ItemLine',NULL,264,1,'2013-09-02','2013-09-02',NULL,NULL,36,NULL,'2013-09-01 00:41:03','2013-09-01 00:41:03'),(147,38,'ItemLine',NULL,265,1,'2013-09-02','2013-09-02',NULL,NULL,36,NULL,'2013-09-01 00:41:03','2013-09-01 00:41:03'),(148,39,'ItemLine',NULL,266,1,'2013-09-02','2013-09-02',NULL,NULL,37,NULL,'2013-09-01 00:41:03','2013-09-01 00:41:03'),(149,39,'ItemLine',NULL,267,1,'2013-09-02','2013-09-02',NULL,NULL,37,NULL,'2013-09-01 00:41:03','2013-09-01 00:41:03'),(150,39,'ItemLine',NULL,268,1,'2013-09-02','2013-09-02',NULL,NULL,37,NULL,'2013-09-01 00:41:03','2013-09-01 00:41:03'),(151,39,'ItemLine',NULL,269,1,'2013-09-02','2013-09-02',NULL,NULL,37,NULL,'2013-09-01 00:41:03','2013-09-01 00:41:03'),(152,40,'ItemLine',NULL,270,1,'2013-09-02','2013-09-02',NULL,NULL,38,NULL,'2013-09-01 00:41:03','2013-09-01 00:41:03'),(153,40,'ItemLine',NULL,271,1,'2013-09-02','2013-09-02',NULL,NULL,38,NULL,'2013-09-01 00:41:03','2013-09-01 00:41:03'),(154,40,'ItemLine',NULL,272,1,'2013-09-02','2013-09-02',NULL,NULL,38,NULL,'2013-09-01 00:41:03','2013-09-01 00:41:03'),(155,41,'ItemLine',NULL,80,1,'2013-10-08','2013-10-16',NULL,NULL,39,NULL,'2013-09-01 00:41:03','2013-09-01 00:41:03'),(156,42,'ItemLine',NULL,80,1,'2013-10-23','2013-10-26',NULL,NULL,40,NULL,'2013-09-01 00:41:03','2013-09-01 00:41:03'),(157,42,'ItemLine',NULL,80,1,'2013-10-23','2013-10-26',NULL,NULL,40,NULL,'2013-09-01 00:41:03','2013-09-01 00:41:03'),(158,42,'ItemLine',NULL,80,1,'2013-10-23','2013-10-26',NULL,NULL,40,NULL,'2013-09-01 00:41:03','2013-09-01 00:41:03'),(159,42,'ItemLine',NULL,80,1,'2013-10-23','2013-10-26',NULL,NULL,40,NULL,'2013-09-01 00:41:03','2013-09-01 00:41:03'),(160,42,'ItemLine',NULL,80,1,'2013-10-23','2013-10-26',NULL,NULL,40,NULL,'2013-09-01 00:41:03','2013-09-01 00:41:03'),(161,42,'ItemLine',NULL,80,1,'2013-10-23','2013-10-26',NULL,NULL,40,NULL,'2013-09-01 00:41:03','2013-09-01 00:41:03'),(162,43,'ItemLine',NULL,29,1,'2013-09-02','2013-09-02',NULL,NULL,41,NULL,'2013-09-01 00:41:03','2013-09-01 00:41:03'),(163,44,'ItemLine',105,112,1,'2013-08-27','2013-08-31',NULL,NULL,42,NULL,'2013-08-27 00:00:00','2013-08-27 00:00:00');
/*!40000 ALTER TABLE `contract_lines` ENABLE KEYS */;
UNLOCK TABLES;

--
-- Table structure for table `contracts`
--

DROP TABLE IF EXISTS `contracts`;
/*!40101 SET @saved_cs_client     = @@character_set_client */;
/*!40101 SET character_set_client = utf8 */;
CREATE TABLE `contracts` (
  `id` int(11) NOT NULL AUTO_INCREMENT,
  `user_id` int(11) DEFAULT NULL,
  `delegated_user_id` int(11) DEFAULT NULL,
  `inventory_pool_id` int(11) DEFAULT NULL,
  `note` text COLLATE utf8_unicode_ci,
  `handed_over_by_user_id` int(11) DEFAULT NULL,
  `created_at` datetime DEFAULT NULL,
  `updated_at` datetime DEFAULT NULL,
  `status` enum('unsubmitted','submitted','rejected','approved','signed','closed') COLLATE utf8_unicode_ci NOT NULL,
  PRIMARY KEY (`id`),
  KEY `index_contracts_on_inventory_pool_id` (`inventory_pool_id`),
  KEY `index_contracts_on_status` (`status`),
  KEY `index_contracts_on_user_id` (`user_id`)
) ENGINE=InnoDB AUTO_INCREMENT=45 DEFAULT CHARSET=utf8 COLLATE=utf8_unicode_ci;
/*!40101 SET character_set_client = @saved_cs_client */;

--
-- Dumping data for table `contracts`
--

LOCK TABLES `contracts` WRITE;
/*!40000 ALTER TABLE `contracts` DISABLE KEYS */;
INSERT INTO `contracts` VALUES (1,6,NULL,5,NULL,NULL,'2013-09-01 00:41:03','2013-09-01 00:41:03','unsubmitted'),(2,7,NULL,10,NULL,NULL,'2013-09-01 00:41:03','2013-09-01 00:41:03','approved'),(3,8,NULL,1,NULL,NULL,'2013-09-01 00:41:03','2013-09-01 00:41:03','closed'),(4,13,NULL,1,NULL,NULL,'2013-09-01 00:41:03','2013-09-01 00:41:03','approved'),(5,14,NULL,1,NULL,11,'2013-09-01 00:41:03','2013-09-01 00:41:03','signed'),(6,15,NULL,1,NULL,11,'2013-09-01 00:41:03','2013-09-01 00:41:03','signed'),(7,16,NULL,1,NULL,11,'2013-09-01 00:41:03','2013-09-01 00:41:03','signed'),(8,17,NULL,2,NULL,11,'2013-08-27 00:00:00','2013-08-27 00:00:00','signed'),(9,21,19,1,NULL,NULL,'2013-09-01 00:41:03','2013-09-01 00:41:03','submitted'),(10,21,20,1,NULL,NULL,'2013-09-01 00:41:03','2013-09-01 00:41:03','approved'),(11,21,19,1,NULL,11,'2013-09-01 00:41:03','2013-09-01 00:41:03','signed'),(12,21,19,1,NULL,11,'2013-08-27 00:00:00','2013-08-27 00:00:00','signed'),(13,25,NULL,1,NULL,NULL,'2013-09-01 00:41:03','2013-09-01 00:41:03','submitted'),(14,25,NULL,1,NULL,NULL,'2013-09-01 00:41:03','2013-09-01 00:41:03','submitted'),(15,25,NULL,1,NULL,NULL,'2013-09-01 00:41:03','2013-09-01 00:41:03','submitted'),(16,25,NULL,1,NULL,NULL,'2013-09-01 00:41:03','2013-09-01 00:41:03','approved'),(17,25,NULL,1,NULL,NULL,'2013-09-01 00:41:03','2013-09-01 00:41:03','approved'),(18,25,NULL,1,NULL,NULL,'2013-09-01 00:41:03','2013-09-01 00:41:03','approved'),(19,25,NULL,1,NULL,NULL,'2013-09-01 00:41:03','2013-09-01 00:41:03','approved'),(20,25,NULL,1,NULL,NULL,'2013-09-01 00:41:03','2013-09-01 00:41:03','approved'),(21,25,NULL,1,NULL,NULL,'2013-09-01 00:41:03','2013-09-01 00:41:03','approved'),(22,25,NULL,1,NULL,11,'2013-09-01 00:41:03','2013-09-01 00:41:03','signed'),(23,25,NULL,1,NULL,11,'2013-09-01 00:41:03','2013-09-01 00:41:03','signed'),(24,25,NULL,2,NULL,11,'2013-09-01 00:41:03','2013-09-01 00:41:03','signed'),(25,25,NULL,2,NULL,11,'2013-09-01 00:41:03','2013-09-01 00:41:03','signed'),(26,25,NULL,2,NULL,11,'2013-09-01 00:41:03','2013-09-01 00:41:03','signed'),(27,25,NULL,1,NULL,11,'2013-09-01 00:41:03','2013-09-01 00:41:03','signed'),(28,26,NULL,1,NULL,NULL,'2013-09-01 00:41:03','2013-09-01 00:41:03','submitted'),(29,26,NULL,1,NULL,NULL,'2013-09-01 00:41:03','2013-09-01 00:41:03','submitted'),(30,26,NULL,1,NULL,NULL,'2013-09-01 00:41:03','2013-09-01 00:41:03','approved'),(31,26,NULL,1,NULL,11,'2013-09-01 00:41:03','2013-09-01 00:41:03','signed'),(32,29,NULL,1,NULL,NULL,'2013-08-31 12:58:28','2013-08-31 12:58:28','submitted'),(33,29,NULL,1,NULL,NULL,'2013-08-31 12:58:28','2013-08-31 12:58:28','approved'),(34,29,NULL,1,NULL,NULL,'2013-08-31 12:58:28','2013-08-31 12:58:28','rejected'),(35,29,NULL,1,NULL,NULL,'2013-08-29 19:43:50','2013-08-29 19:43:50','submitted'),(36,29,NULL,1,NULL,NULL,'2013-08-29 16:23:08','2013-08-29 16:23:08','submitted'),(37,30,NULL,1,NULL,NULL,'2013-09-01 00:41:03','2013-09-01 00:41:03','submitted'),(38,31,NULL,1,NULL,NULL,'2013-09-01 00:41:03','2013-09-01 00:41:03','submitted'),(39,32,NULL,1,NULL,NULL,'2013-09-01 00:41:03','2013-09-01 00:41:03','submitted'),(40,33,NULL,1,NULL,NULL,'2013-09-01 00:41:03','2013-09-01 00:41:03','submitted'),(41,34,NULL,1,NULL,NULL,'2013-09-01 00:41:03','2013-09-01 00:41:03','submitted'),(42,34,NULL,1,NULL,NULL,'2013-09-01 00:41:03','2013-09-01 00:41:03','submitted'),(43,34,NULL,1,NULL,NULL,'2013-09-01 00:41:03','2013-09-01 00:41:03','approved'),(44,34,NULL,1,NULL,11,'2013-08-27 00:00:00','2013-08-27 00:00:00','signed');
/*!40000 ALTER TABLE `contracts` ENABLE KEYS */;
UNLOCK TABLES;

--
-- Table structure for table `database_authentications`
--

DROP TABLE IF EXISTS `database_authentications`;
/*!40101 SET @saved_cs_client     = @@character_set_client */;
/*!40101 SET character_set_client = utf8 */;
CREATE TABLE `database_authentications` (
  `id` int(11) NOT NULL AUTO_INCREMENT,
  `login` varchar(255) COLLATE utf8_unicode_ci DEFAULT NULL,
  `crypted_password` varchar(40) COLLATE utf8_unicode_ci DEFAULT NULL,
  `salt` varchar(40) COLLATE utf8_unicode_ci DEFAULT NULL,
  `user_id` int(11) DEFAULT NULL,
  `created_at` datetime DEFAULT NULL,
  `updated_at` datetime DEFAULT NULL,
  PRIMARY KEY (`id`)
) ENGINE=InnoDB AUTO_INCREMENT=31 DEFAULT CHARSET=utf8 COLLATE=utf8_unicode_ci;
/*!40101 SET character_set_client = @saved_cs_client */;

--
-- Dumping data for table `database_authentications`
--

LOCK TABLES `database_authentications` WRITE;
/*!40000 ALTER TABLE `database_authentications` DISABLE KEYS */;
INSERT INTO `database_authentications` VALUES (1,'gino','aa4ba968e81799acbaf81526025ee06984b08e22','7e4bb30b2415d3c96cfc3a56ea58c3d29965c704',1,'2013-09-01 00:41:03','2013-09-01 00:41:03'),(2,'ramon','e0192dba80d024e17c2cb8c860c2c1c18b42d8b3','e96c5e37260b60d67162b4ade923f416dabe98ef',2,'2013-09-01 00:41:03','2013-09-01 00:41:03'),(3,'maryse.walsh_2097','94111c6d1f60a66d150e3346e949ce67bea73ff4','5579d7a5bf222c1d221e9bf6181e690de91f20e9',3,'2013-09-01 00:41:03','2013-09-01 00:41:03'),(4,'rory_4772','bc643ab290c20e9d8c351c5d69a09a9c76d86c28','7b4b8cebafab54ddf65bf3db83f2a27e55ff1f25',4,'2013-09-01 00:41:03','2013-09-01 00:41:03'),(5,'general_4747','93dcab9c2e4aa7807562b3495900d1640cbcb54a','69b73ea3dea6f14d09d7a89da8518efe6e80639e',5,'2013-09-01 00:41:03','2013-09-01 00:41:03'),(6,'friedrich_wehner_4079','0ed880e29892746574887d2e935af7839c652c8c','957bf67241370659a35319443d109e03e68977bd',6,'2013-09-01 00:41:03','2013-09-01 00:41:03'),(7,'arne.wintheiser_9851','21ca8f8bea4936f0bf7b1d63f3bf4256ac64db8f','bd60f6f8406032e35441d19cae2f9bde2f9b97fc',7,'2013-09-01 00:41:03','2013-09-01 00:41:03'),(8,'mabelle_3042','8ec5a56d247cc5992286313b1b62392eac0767f3','31426e2bd546585e5f98173186c9555799529e8b',8,'2013-09-01 00:41:03','2013-09-01 00:41:03'),(9,'matti','9cd910d302a0ef515bd565c47e4ec20118c179e5','d43cfb6ea8d4a3c7e30c07e07a11fe298c46a322',9,'2013-09-01 00:41:03','2013-09-01 00:41:03'),(10,'mike','79f216cfb246753add226ba700de7bd51fa86fde','ad67657755fe4416a349c6ccc1e6a4bc8ca4468b',10,'2013-09-01 00:41:03','2013-09-01 00:41:03'),(11,'pius','ef70c914b90ce3ecba38457bab2dcba1ee51d09c','2217c3c45550f218498628fd4bf275865d59b507',11,'2013-09-01 00:41:03','2013-09-01 00:41:03'),(12,'peter','b56ec544dd98016a5f9968b115f0f7830438d6fa','bf484e657eac5c24c39bd3c51ae5275c9ffa9470',12,'2013-09-01 00:41:03','2013-09-01 00:41:03'),(13,'coby_1669','099a5d206fc25bee99b406f3e3e85a4fbd2c0488','9bf61716f9beb755e98095f8bceaeb866465059e',13,'2013-09-01 00:41:03','2013-09-01 00:41:03'),(14,'lukas_8205','a5ba52cee8a6f8900f3af7906647b84f5f2f9a48','92e95671e1cb598e20b998ba26bd012b88770389',14,'2013-09-01 00:41:03','2013-09-01 00:41:03'),(15,'madeline.stanton_1448','5f2557df24f8c6522755a084630484ffd4daed6f','30238ccc289775528243359756dcf6c84bf31dba',15,'2013-09-01 00:41:03','2013-09-01 00:41:03'),(16,'jamel_2035','4d749894099a01cd1fae39008b20aac8d14823bd','460b79c6183629e8e227bc4f7cab590af6b38b74',16,'2013-09-01 00:41:03','2013-09-01 00:41:03'),(17,'destin_754','d8aaf66e58c429ca77162aacaa713c8aef2e84a6','edab7acfedfffdedc950aa0dffb3237004044218',17,'2013-08-27 00:00:00','2013-08-27 00:00:00'),(18,'vito_champlin_8453','7123c72c5a76d0339699ee3f8f838dd9948b128e','510830957af0089ee0a3f94277c530a6c592bd59',18,'2013-08-27 00:00:00','2013-08-27 00:00:00'),(19,'mina','1f3a26720727cde2c6e911b64f91a8bb3d4c38ba','51e8187b1a88cdd3d7c9306d3929a5ee09be493d',19,'2013-09-01 00:41:03','2013-09-01 00:41:03'),(20,'julie','fc91eafb5394064c8880649207c434f22400bebd','b4857079a7e3902b6e1a3a939fca0d0911ab6c82',20,'2013-09-01 00:41:03','2013-09-01 00:41:03'),(21,'normin','976a8a283fa32bd6f1cce00151af75d45d65e324','6e3be5e90a828a754aab9019a610e08310ceb75b',25,'2013-09-01 00:41:03','2013-09-01 00:41:03'),(22,'petra','95498cf5f4ae3a002c9d7260027f03ce2fd341f4','0f97aff26327b92cfdc66c5e0d2fc869dc256483',26,'2013-09-01 00:41:03','2013-09-01 00:41:03'),(23,'andi','43f8111bcabb5c36a6ec93729972b55677cb1e38','c0a1cdf09420fe5f0a9171fdbec6796bab81ea1f',27,'2013-09-01 00:41:03','2013-09-01 00:41:03'),(24,'christa_6659','c74c4790d5c7389e2efdf26a1ef8241b4dbae316','678883434eb464cd8168588e76cff91ea8e6cb20',28,'2013-09-01 00:41:03','2013-09-01 00:41:03'),(25,'ashley_6440','f030c37e94dbaea16e2261f6bfba5adfa1c60d0f','57ac630c8a3deb1923257d9a1ecc352f99ab628f',29,'2013-09-01 00:41:03','2013-09-01 00:41:03'),(26,'erik_christiansen_6703','9f7fb44a20833c80eff244a4f7d688309593b1d1','1928a24c63d09a5c9afc1a873c5ec09182456fa4',30,'2013-09-01 00:41:03','2013-09-01 00:41:03'),(27,'rozella_879','a44a09639dc3fb1b3d0c85772cc54e8d7bafc647','fa6e2a7b997070cccc9decd755e23220ce9a7d6c',31,'2013-09-01 00:41:03','2013-09-01 00:41:03'),(28,'candida.gleason_7212','4faee83281fc1bf0ab966ff7cedf20eec0e5c7b0','aaff38cbbd036307bdc618a9f902a0d3dbd63e95',32,'2013-09-01 00:41:03','2013-09-01 00:41:03'),(29,'levi_2053','d47c28abc0097dc99669bdc6047a410d8a4e37c4','d0f31a06c9fe039d1c5a9974c206f84dc2858d60',33,'2013-09-01 00:41:03','2013-09-01 00:41:03'),(30,'lisa','2f752af9767fda58aa68fee9e60aa7709ec4cf54','7271b1a43da0b8344909e5ef97e2f543531bb1b3',34,'2013-09-01 00:41:03','2013-09-01 00:41:03');
/*!40000 ALTER TABLE `database_authentications` ENABLE KEYS */;
UNLOCK TABLES;

--
-- Table structure for table `delegations_users`
--

DROP TABLE IF EXISTS `delegations_users`;
/*!40101 SET @saved_cs_client     = @@character_set_client */;
/*!40101 SET character_set_client = utf8 */;
CREATE TABLE `delegations_users` (
  `delegation_id` int(11) DEFAULT NULL,
  `user_id` int(11) DEFAULT NULL,
  UNIQUE KEY `index_delegations_users_on_user_id_and_delegation_id` (`user_id`,`delegation_id`),
  KEY `index_delegations_users_on_delegation_id` (`delegation_id`)
) ENGINE=InnoDB DEFAULT CHARSET=utf8 COLLATE=utf8_unicode_ci;
/*!40101 SET character_set_client = @saved_cs_client */;

--
-- Dumping data for table `delegations_users`
--

LOCK TABLES `delegations_users` WRITE;
/*!40000 ALTER TABLE `delegations_users` DISABLE KEYS */;
INSERT INTO `delegations_users` VALUES (21,19),(22,19),(23,19),(24,19),(21,20),(22,20),(23,20),(24,20);
/*!40000 ALTER TABLE `delegations_users` ENABLE KEYS */;
UNLOCK TABLES;

--
-- Table structure for table `groups`
--

DROP TABLE IF EXISTS `groups`;
/*!40101 SET @saved_cs_client     = @@character_set_client */;
/*!40101 SET character_set_client = utf8 */;
CREATE TABLE `groups` (
  `id` int(11) NOT NULL AUTO_INCREMENT,
  `name` varchar(255) COLLATE utf8_unicode_ci DEFAULT NULL,
  `inventory_pool_id` int(11) DEFAULT NULL,
  `is_verification_required` tinyint(1) DEFAULT '0',
  `created_at` datetime DEFAULT NULL,
  `updated_at` datetime DEFAULT NULL,
  PRIMARY KEY (`id`),
  KEY `index_groups_on_inventory_pool_id` (`inventory_pool_id`),
  KEY `index_groups_on_is_verification_required` (`is_verification_required`)
) ENGINE=InnoDB AUTO_INCREMENT=10 DEFAULT CHARSET=utf8 COLLATE=utf8_unicode_ci;
/*!40101 SET character_set_client = @saved_cs_client */;

--
-- Dumping data for table `groups`
--

LOCK TABLES `groups` WRITE;
/*!40000 ALTER TABLE `groups` DISABLE KEYS */;
INSERT INTO `groups` VALUES (1,'Cast',1,0,'2013-09-01 00:41:03','2013-09-01 00:41:03'),(2,'IAD',1,0,'2013-09-01 00:41:03','2013-09-01 00:41:03'),(3,'Wu',1,0,'2013-09-01 00:41:03','2013-09-01 00:41:03'),(4,'Group Hifi',1,0,'2013-09-01 00:41:03','2013-09-01 00:41:03'),(5,'Group A',1,0,'2013-09-01 00:41:03','2013-09-01 00:41:03'),(6,'Group B',1,0,'2013-09-01 00:41:03','2013-09-01 00:41:03'),(7,'FFI',1,1,'2013-09-01 00:41:03','2013-09-01 00:41:03'),(8,'VTO',1,1,'2013-09-01 00:41:03','2013-09-01 00:41:03'),(9,'1. Semester',2,1,'2013-09-01 00:41:03','2013-09-01 00:41:03');
/*!40000 ALTER TABLE `groups` ENABLE KEYS */;
UNLOCK TABLES;

--
-- Table structure for table `groups_users`
--

DROP TABLE IF EXISTS `groups_users`;
/*!40101 SET @saved_cs_client     = @@character_set_client */;
/*!40101 SET character_set_client = utf8 */;
CREATE TABLE `groups_users` (
  `user_id` int(11) DEFAULT NULL,
  `group_id` int(11) DEFAULT NULL,
  UNIQUE KEY `index_groups_users_on_user_id_and_group_id` (`user_id`,`group_id`),
  KEY `index_groups_users_on_group_id` (`group_id`)
) ENGINE=InnoDB DEFAULT CHARSET=utf8 COLLATE=utf8_unicode_ci;
/*!40101 SET character_set_client = @saved_cs_client */;

--
-- Dumping data for table `groups_users`
--

LOCK TABLES `groups_users` WRITE;
/*!40000 ALTER TABLE `groups_users` DISABLE KEYS */;
INSERT INTO `groups_users` VALUES (25,1),(29,7),(29,8),(30,7),(31,7),(31,8),(32,7),(32,9),(33,7),(34,1);
/*!40000 ALTER TABLE `groups_users` ENABLE KEYS */;
UNLOCK TABLES;

--
-- Table structure for table `histories`
--

DROP TABLE IF EXISTS `histories`;
/*!40101 SET @saved_cs_client     = @@character_set_client */;
/*!40101 SET character_set_client = utf8 */;
CREATE TABLE `histories` (
  `id` int(11) NOT NULL AUTO_INCREMENT,
  `text` varchar(255) COLLATE utf8_unicode_ci DEFAULT '',
  `type_const` int(11) DEFAULT NULL,
  `created_at` datetime NOT NULL,
  `target_id` int(11) NOT NULL,
  `target_type` varchar(255) COLLATE utf8_unicode_ci NOT NULL,
  `user_id` int(11) DEFAULT NULL,
  PRIMARY KEY (`id`),
  KEY `index_histories_on_target_type_and_target_id` (`target_type`,`target_id`),
  KEY `index_histories_on_type_const` (`type_const`),
  KEY `index_histories_on_user_id` (`user_id`)
) ENGINE=InnoDB AUTO_INCREMENT=15 DEFAULT CHARSET=utf8 COLLATE=utf8_unicode_ci;
/*!40101 SET character_set_client = @saved_cs_client */;

--
-- Dumping data for table `histories`
--

LOCK TABLES `histories` WRITE;
/*!40000 ALTER TABLE `histories` DISABLE KEYS */;
INSERT INTO `histories` VALUES (1,'Contract 5 has been signed by Katelyn Cormier',1,'2013-09-01 00:41:03',5,'Contract',11),(2,'Contract 6 has been signed by Amara Johns',1,'2013-09-01 00:41:03',6,'Contract',11),(3,'Contract 7 has been signed by Gage Huel',1,'2013-09-01 00:41:03',7,'Contract',11),(4,'Contract 8 has been signed by Lloyd Labadie',1,'2013-08-27 00:00:00',8,'Contract',11),(5,'Contract 11 has been signed by Eum est tempore saepe maiores deserunt ea.',1,'2013-09-01 00:41:03',11,'Contract',11),(6,'Contract 12 has been signed by Eum est tempore saepe maiores deserunt ea.',1,'2013-08-27 00:00:00',12,'Contract',11),(7,'Contract 22 has been signed by Normin N.',1,'2013-09-01 00:41:03',22,'Contract',11),(8,'Contract 23 has been signed by Normin N.',1,'2013-09-01 00:41:03',23,'Contract',11),(9,'Contract 24 has been signed by Normin N.',1,'2013-09-01 00:41:03',24,'Contract',11),(10,'Contract 25 has been signed by Normin N.',1,'2013-09-01 00:41:03',25,'Contract',11),(11,'Contract 26 has been signed by Normin N.',1,'2013-09-01 00:41:03',26,'Contract',11),(12,'Contract 27 has been signed by Normin N.',1,'2013-09-01 00:41:03',27,'Contract',11),(13,'Contract 31 has been signed by Petra K.',1,'2013-09-01 00:41:03',31,'Contract',11),(14,'Contract 44 has been signed by Lisa L.',1,'2013-08-27 00:00:00',44,'Contract',11);
/*!40000 ALTER TABLE `histories` ENABLE KEYS */;
UNLOCK TABLES;

--
-- Table structure for table `holidays`
--

DROP TABLE IF EXISTS `holidays`;
/*!40101 SET @saved_cs_client     = @@character_set_client */;
/*!40101 SET character_set_client = utf8 */;
CREATE TABLE `holidays` (
  `id` int(11) NOT NULL AUTO_INCREMENT,
  `inventory_pool_id` int(11) DEFAULT NULL,
  `start_date` date DEFAULT NULL,
  `end_date` date DEFAULT NULL,
  `name` varchar(255) COLLATE utf8_unicode_ci DEFAULT NULL,
  PRIMARY KEY (`id`),
  KEY `index_holidays_on_inventory_pool_id` (`inventory_pool_id`),
  KEY `index_holidays_on_start_date_and_end_date` (`start_date`,`end_date`)
) ENGINE=InnoDB AUTO_INCREMENT=5 DEFAULT CHARSET=utf8 COLLATE=utf8_unicode_ci;
/*!40101 SET character_set_client = @saved_cs_client */;

--
-- Dumping data for table `holidays`
--

LOCK TABLES `holidays` WRITE;
/*!40000 ALTER TABLE `holidays` DISABLE KEYS */;
INSERT INTO `holidays` VALUES (1,1,'2013-12-24','2013-12-24','Christmas'),(2,2,'2013-12-24','2013-12-24','Christmas'),(3,3,'2013-12-24','2013-12-24','Christmas'),(4,1,'2013-12-24','2013-12-24','Christmas');
/*!40000 ALTER TABLE `holidays` ENABLE KEYS */;
UNLOCK TABLES;

--
-- Table structure for table `images`
--

DROP TABLE IF EXISTS `images`;
/*!40101 SET @saved_cs_client     = @@character_set_client */;
/*!40101 SET character_set_client = utf8 */;
CREATE TABLE `images` (
  `id` int(11) NOT NULL AUTO_INCREMENT,
  `model_id` int(11) DEFAULT NULL,
  `is_main` tinyint(1) DEFAULT '0',
  `content_type` varchar(255) COLLATE utf8_unicode_ci DEFAULT NULL,
  `filename` varchar(255) COLLATE utf8_unicode_ci DEFAULT NULL,
  `size` int(11) DEFAULT NULL,
  `height` int(11) DEFAULT NULL,
  `width` int(11) DEFAULT NULL,
  `parent_id` int(11) DEFAULT NULL,
  `thumbnail` varchar(255) COLLATE utf8_unicode_ci DEFAULT NULL,
  PRIMARY KEY (`id`),
  KEY `index_images_on_model_id` (`model_id`)
) ENGINE=InnoDB AUTO_INCREMENT=4 DEFAULT CHARSET=utf8 COLLATE=utf8_unicode_ci;
/*!40101 SET character_set_client = @saved_cs_client */;

--
-- Dumping data for table `images`
--

LOCK TABLES `images` WRITE;
/*!40000 ALTER TABLE `images` DISABLE KEYS */;
INSERT INTO `images` VALUES (1,145,0,'image/jpeg','Mr. Juwan Auer',NULL,NULL,NULL,NULL,NULL),(2,145,0,'image/jpeg','Destini Hauck Jr.',NULL,NULL,NULL,NULL,NULL),(3,146,0,'image/jpeg','Alexandro Renner DVM',NULL,NULL,NULL,NULL,NULL);
/*!40000 ALTER TABLE `images` ENABLE KEYS */;
UNLOCK TABLES;

--
-- Table structure for table `inventory_pools`
--

DROP TABLE IF EXISTS `inventory_pools`;
/*!40101 SET @saved_cs_client     = @@character_set_client */;
/*!40101 SET character_set_client = utf8 */;
CREATE TABLE `inventory_pools` (
  `id` int(11) NOT NULL AUTO_INCREMENT,
  `name` varchar(255) COLLATE utf8_unicode_ci DEFAULT NULL,
  `description` text COLLATE utf8_unicode_ci,
  `contact_details` varchar(255) COLLATE utf8_unicode_ci DEFAULT NULL,
  `contract_description` varchar(255) COLLATE utf8_unicode_ci DEFAULT NULL,
  `contract_url` varchar(255) COLLATE utf8_unicode_ci DEFAULT NULL,
  `logo_url` varchar(255) COLLATE utf8_unicode_ci DEFAULT NULL,
  `default_contract_note` text COLLATE utf8_unicode_ci,
  `shortname` varchar(255) COLLATE utf8_unicode_ci DEFAULT NULL,
  `email` varchar(255) COLLATE utf8_unicode_ci DEFAULT NULL,
  `color` text COLLATE utf8_unicode_ci,
  `print_contracts` tinyint(1) DEFAULT '1',
  `opening_hours` text COLLATE utf8_unicode_ci,
  `address_id` int(11) DEFAULT NULL,
  `automatic_suspension` tinyint(1) NOT NULL DEFAULT '0',
  `automatic_suspension_reason` text COLLATE utf8_unicode_ci,
  `automatic_access` tinyint(1) DEFAULT NULL,
  PRIMARY KEY (`id`),
  UNIQUE KEY `index_inventory_pools_on_name` (`name`)
) ENGINE=InnoDB AUTO_INCREMENT=13 DEFAULT CHARSET=utf8 COLLATE=utf8_unicode_ci;
/*!40101 SET character_set_client = @saved_cs_client */;

--
-- Dumping data for table `inventory_pools`
--

LOCK TABLES `inventory_pools` WRITE;
/*!40000 ALTER TABLE `inventory_pools` DISABLE KEYS */;
INSERT INTO `inventory_pools` VALUES (1,'A-Ausleihe','Wichtige Hinweise...\n Bitte die Gegenstnde rechtzeitig zurckbringen','A Verleih  /  ZHdK\nav@zh-dk.ch\n+41 00 00 00 00','Gert erhalten','av@zhdk.ch',NULL,'Earum deleniti esse accusamus voluptas.','A','av@zhdk.ch',NULL,1,NULL,NULL,1,'Ipsa earum reiciendis cupiditate accusantium.',NULL),(2,'IT-Ausleihe','Bringt die Gerte bitte rechtzeitig zurck','IT Verleih  /  ZHdK\nav@zh-dk.ch\n+41 00 00 00 00','Gert erhalten','it@zhdk.ch',NULL,NULL,'IT','it@zhdk.ch',NULL,1,NULL,NULL,1,'Voluptatem animi maxime asperiores voluptatem ut deserunt.',NULL),(3,'AV-Technik','Bringt die Gerte bitte rechtzeitig zurck','AV Verleih  /  ZHdK\nav@zh-dk.ch\n+41 00 00 00 00','Gert erhalten','it@zhdk.ch',NULL,NULL,'AV','it@zhdk.ch',NULL,1,NULL,NULL,0,NULL,NULL),(4,'DT deletable','Bringt die Gerte bitte rechtzeitig zurck','AV Verleih  /  ZHdK\nav@zh-dk.ch\n+41 00 00 00 00','Gert erhalten','it@zhdk.ch',NULL,NULL,'DT','it@zhdk.ch',NULL,1,NULL,NULL,0,NULL,NULL),(5,'Vitaebeataeipsalaborum','Exercitationem quo quis et veritatis voluptas ipsum sit laborum.','Totam ut quia sint sit pariatur voluptate voluptates.','Vitaebeataeipsalaborum','brandi@walter.biz',NULL,NULL,'Z1SEN7','brandi@walter.biz',NULL,1,NULL,NULL,0,NULL,NULL),(6,'Utdistinctioeaqueiure','Dolorem qui ea nam est architecto omnis blanditiis adipisci.','Pariatur eius quam nesciunt reprehenderit.','Utdistinctioeaqueiure','hadley.schmitt@runte.com',NULL,NULL,'QU3WJ3','hadley.schmitt@runte.com',NULL,1,NULL,NULL,0,NULL,NULL),(7,'Oditnemoiustolaboriosam','Modi qui facilis esse.','Sit ab debitis ducimus sapiente doloribus voluptas.','Oditnemoiustolaboriosam','joelle@olson.biz',NULL,NULL,'DP202X','joelle@olson.biz',NULL,1,NULL,NULL,0,NULL,NULL),(8,'Eosautaccusamusab','Autem occaecati tenetur aut.','Ipsum ut pariatur modi.','Eosautaccusamusab','jedediah@streich.co.uk',NULL,NULL,'0ZWO2Q','jedediah@streich.co.uk',NULL,1,NULL,NULL,0,NULL,NULL),(9,'Voluptatemitaquedistinctiovoluptate','Modi eos neque et quia illo qui ut et.','Velit quia quo aut debitis et.','Voluptatemitaquedistinctiovoluptate','petra.schumm@medhurst.name',NULL,NULL,'X1572A','petra.schumm@medhurst.name',NULL,1,NULL,NULL,0,NULL,NULL),(10,'Autautoditdolorem','Sit tenetur ut rem vel et quia.','Natus in ea quo tempore quis voluptatibus odio voluptatem.','Autautoditdolorem','rigoberto@huels.com',NULL,NULL,'29Z22P','rigoberto@huels.com',NULL,1,NULL,NULL,0,NULL,NULL),(11,'Utmaioresitaqueet','Sunt porro asperiores tempore non et est.','Rerum est hic minima.','Utmaioresitaqueet','adella@ryan.info',NULL,NULL,'M7S8GD','adella@ryan.info',NULL,1,NULL,NULL,0,NULL,NULL),(12,'Remnamnostrumnecessitatibus','Ullam expedita qui commodi.','Adipisci beatae est quod dicta et aspernatur magnam.','Remnamnostrumnecessitatibus','joshua_johns@abshirewest.co.uk',NULL,NULL,'IYM0TD','joshua_johns@abshirewest.co.uk',NULL,1,NULL,NULL,0,NULL,NULL);
/*!40000 ALTER TABLE `inventory_pools` ENABLE KEYS */;
UNLOCK TABLES;

--
-- Table structure for table `inventory_pools_model_groups`
--

DROP TABLE IF EXISTS `inventory_pools_model_groups`;
/*!40101 SET @saved_cs_client     = @@character_set_client */;
/*!40101 SET character_set_client = utf8 */;
CREATE TABLE `inventory_pools_model_groups` (
  `inventory_pool_id` int(11) DEFAULT NULL,
  `model_group_id` int(11) DEFAULT NULL,
  KEY `index_inventory_pools_model_groups_on_inventory_pool_id` (`inventory_pool_id`),
  KEY `index_inventory_pools_model_groups_on_model_group_id` (`model_group_id`)
) ENGINE=InnoDB DEFAULT CHARSET=utf8 COLLATE=utf8_unicode_ci;
/*!40101 SET character_set_client = @saved_cs_client */;

--
-- Dumping data for table `inventory_pools_model_groups`
--

LOCK TABLES `inventory_pools_model_groups` WRITE;
/*!40000 ALTER TABLE `inventory_pools_model_groups` DISABLE KEYS */;
INSERT INTO `inventory_pools_model_groups` VALUES (1,12),(1,13),(1,14);
/*!40000 ALTER TABLE `inventory_pools_model_groups` ENABLE KEYS */;
UNLOCK TABLES;

--
-- Table structure for table `items`
--

DROP TABLE IF EXISTS `items`;
/*!40101 SET @saved_cs_client     = @@character_set_client */;
/*!40101 SET character_set_client = utf8 */;
CREATE TABLE `items` (
  `id` int(11) NOT NULL AUTO_INCREMENT,
  `inventory_code` varchar(255) COLLATE utf8_unicode_ci DEFAULT NULL,
  `serial_number` varchar(255) COLLATE utf8_unicode_ci DEFAULT NULL,
  `model_id` int(11) DEFAULT NULL,
  `location_id` int(11) DEFAULT NULL,
  `supplier_id` int(11) DEFAULT NULL,
  `owner_id` int(11) DEFAULT NULL,
  `parent_id` int(11) DEFAULT NULL,
  `invoice_number` varchar(255) COLLATE utf8_unicode_ci DEFAULT NULL,
  `invoice_date` date DEFAULT NULL,
  `last_check` date DEFAULT NULL,
  `retired` date DEFAULT NULL,
  `retired_reason` varchar(255) COLLATE utf8_unicode_ci DEFAULT NULL,
  `price` decimal(8,2) DEFAULT NULL,
  `is_broken` tinyint(1) DEFAULT '0',
  `is_incomplete` tinyint(1) DEFAULT '0',
  `is_borrowable` tinyint(1) DEFAULT '0',
  `needs_permission` tinyint(1) DEFAULT '0',
  `inventory_pool_id` int(11) DEFAULT NULL,
  `is_inventory_relevant` tinyint(1) DEFAULT '0',
  `responsible` varchar(255) COLLATE utf8_unicode_ci DEFAULT NULL,
  `insurance_number` varchar(255) COLLATE utf8_unicode_ci DEFAULT NULL,
  `note` text COLLATE utf8_unicode_ci,
  `name` text COLLATE utf8_unicode_ci,
  `user_name` varchar(255) COLLATE utf8_unicode_ci DEFAULT NULL,
  `properties` varchar(2048) COLLATE utf8_unicode_ci DEFAULT NULL,
  `created_at` datetime DEFAULT NULL,
  `updated_at` datetime DEFAULT NULL,
  PRIMARY KEY (`id`),
  UNIQUE KEY `index_items_on_inventory_code` (`inventory_code`),
  KEY `index_items_on_inventory_pool_id` (`inventory_pool_id`),
  KEY `index_items_on_retired` (`retired`),
  KEY `index_items_on_is_borrowable` (`is_borrowable`),
  KEY `index_items_on_is_broken` (`is_broken`),
  KEY `index_items_on_is_incomplete` (`is_incomplete`),
  KEY `index_items_on_location_id` (`location_id`),
  KEY `index_items_on_owner_id` (`owner_id`),
  KEY `index_items_on_parent_id_and_retired` (`parent_id`,`retired`),
  KEY `index_items_on_model_id_and_retired_and_inventory_pool_id` (`model_id`,`retired`,`inventory_pool_id`)
) ENGINE=InnoDB AUTO_INCREMENT=258 DEFAULT CHARSET=utf8 COLLATE=utf8_unicode_ci;
/*!40101 SET character_set_client = @saved_cs_client */;

--
-- Dumping data for table `items`
--

LOCK TABLES `items` WRITE;
/*!40000 ALTER TABLE `items` DISABLE KEYS */;
INSERT INTO `items` VALUES (1,'hf0zx9jsve7rxgozonf8367','af:4c:48:96:d9:25-b8:c9:bc:dc:9c:a5-45:5c:e8:aa:97:dc',1,1,1,6,NULL,NULL,'2011-10-05','2013-09-01',NULL,NULL,6.00,0,0,1,0,5,1,NULL,NULL,NULL,NULL,NULL,'--- !ruby/hash:ActiveSupport::HashWithIndifferentAccess\nanschaffungskategorie: AV-Technik\nreference: invoice\numzug: zgeln\nankunftszustand: intakt\n','2013-09-01 00:41:03','2013-09-01 00:41:03'),(2,'i905dfayo4459ns40lak368','8d:92:93:5d:fd:e1-bd:09:39:8a:20:b8-49:02:ab:f2:99:2e',1,2,2,7,NULL,NULL,'2008-05-25','2013-09-01',NULL,NULL,935.00,0,0,1,0,5,1,NULL,NULL,NULL,NULL,NULL,'--- !ruby/hash:ActiveSupport::HashWithIndifferentAccess\nanschaffungskategorie: AV-Technik\nreference: invoice\numzug: zgeln\nankunftszustand: intakt\n','2013-09-01 00:41:03','2013-09-01 00:41:03'),(3,'ejyqd2vpvg23au2jd5ox369','49:97:16:64:9a:5a-e7:e5:8e:19:a8:24-50:17:c3:08:80:29',1,3,3,6,NULL,NULL,'2009-09-20','2013-09-01',NULL,NULL,2.00,0,0,1,0,5,1,NULL,NULL,NULL,NULL,NULL,'--- !ruby/hash:ActiveSupport::HashWithIndifferentAccess\nanschaffungskategorie: AV-Technik\nreference: invoice\numzug: zgeln\nankunftszustand: intakt\n','2013-09-01 00:41:03','2013-09-01 00:41:03'),(4,'83pg03bufu0ct1wa4eb2370','53:09:b3:5e:aa:d6-28:51:a3:f7:be:a8-82:fe:45:b7:21:85',5,4,4,8,NULL,NULL,'2012-04-20','2013-09-01',NULL,NULL,191.00,0,0,1,0,5,1,NULL,NULL,NULL,NULL,NULL,'--- !ruby/hash:ActiveSupport::HashWithIndifferentAccess\nanschaffungskategorie: AV-Technik\nreference: invoice\numzug: zgeln\nankunftszustand: intakt\n','2013-09-01 00:41:03','2013-09-01 00:41:03'),(5,'ojinu6i5bu3dkfbf6r79371','0f:bd:94:d8:99:87-10:4e:b7:73:98:74-37:ef:de:4f:f1:06',5,5,5,6,NULL,NULL,'2008-07-06','2013-09-01',NULL,NULL,530.00,0,0,1,0,5,1,NULL,NULL,NULL,NULL,NULL,'--- !ruby/hash:ActiveSupport::HashWithIndifferentAccess\nanschaffungskategorie: AV-Technik\nreference: invoice\numzug: zgeln\nankunftszustand: intakt\n','2013-09-01 00:41:03','2013-09-01 00:41:03'),(6,'px9vrjc4ggmz4n5mdyfm372','e4:27:89:03:5a:19-c0:5d:95:25:bc:ac-57:48:25:74:1e:31',5,6,6,3,NULL,NULL,'2012-06-04','2013-09-01',NULL,NULL,1465.00,0,0,1,0,5,1,NULL,NULL,NULL,NULL,NULL,'--- !ruby/hash:ActiveSupport::HashWithIndifferentAccess\nanschaffungskategorie: AV-Technik\nreference: invoice\numzug: zgeln\nankunftszustand: intakt\n','2013-09-01 00:41:03','2013-09-01 00:41:03'),(7,'6ahon9jupcws4o4tb2q3373','a7:2d:35:81:cc:b8-61:f1:1f:d7:58:d5-75:d3:42:fa:2c:b6',9,7,7,7,NULL,NULL,'2012-07-07','2013-09-01',NULL,NULL,684.00,0,0,1,0,5,1,NULL,NULL,NULL,NULL,NULL,'--- !ruby/hash:ActiveSupport::HashWithIndifferentAccess\nanschaffungskategorie: AV-Technik\nreference: invoice\numzug: zgeln\nankunftszustand: intakt\n','2013-09-01 00:41:03','2013-09-01 00:41:03'),(8,'ot655a1l5sbo74567apq374','39:39:5b:09:a5:f4-fa:1e:1f:b2:0d:df-1a:b3:9e:0b:8e:01',9,8,8,9,NULL,NULL,'2009-06-23','2013-09-01',NULL,NULL,115.00,0,0,1,0,5,1,NULL,NULL,NULL,NULL,NULL,'--- !ruby/hash:ActiveSupport::HashWithIndifferentAccess\nanschaffungskategorie: AV-Technik\nreference: invoice\numzug: zgeln\nankunftszustand: intakt\n','2013-09-01 00:41:03','2013-09-01 00:41:03'),(9,'q4zyrbvnbyn1qiu7gcrr375','cc:91:ce:13:96:55-05:70:d0:85:cf:24-bf:88:5e:39:90:49',9,9,9,9,NULL,NULL,'2012-08-23','2013-09-01',NULL,NULL,994.00,0,0,1,0,5,1,NULL,NULL,NULL,NULL,NULL,'--- !ruby/hash:ActiveSupport::HashWithIndifferentAccess\nanschaffungskategorie: AV-Technik\nreference: invoice\numzug: zgeln\nankunftszustand: intakt\n','2013-09-01 00:41:03','2013-09-01 00:41:03'),(10,'oyp2boxcovboe67gw61d376','cd:eb:2e:22:63:2f-68:b9:73:75:67:9f-15:3a:2b:f9:5c:51',13,10,10,11,NULL,NULL,'2011-01-26','2013-09-01',NULL,NULL,1397.00,0,0,1,0,10,1,NULL,NULL,NULL,NULL,NULL,'--- !ruby/hash:ActiveSupport::HashWithIndifferentAccess\nanschaffungskategorie: AV-Technik\nreference: invoice\numzug: zgeln\nankunftszustand: intakt\n','2013-09-01 00:41:03','2013-09-01 00:41:03'),(11,'qhym9lfzy5btugs0ni9y377','b9:f6:84:ec:0f:ba-bd:98:79:b4:4b:e8-ce:bd:af:63:a4:66',13,11,11,2,NULL,NULL,'2011-06-16','2013-09-01',NULL,NULL,597.00,0,0,1,0,10,1,NULL,NULL,NULL,NULL,NULL,'--- !ruby/hash:ActiveSupport::HashWithIndifferentAccess\nanschaffungskategorie: AV-Technik\nreference: invoice\numzug: zgeln\nankunftszustand: intakt\n','2013-09-01 00:41:03','2013-09-01 00:41:03'),(12,'1gdf8ndwotcnb0m3cfgq378','ee:08:59:39:d5:b1-2c:a5:9e:ac:ad:bf-27:22:4a:98:bf:34',13,12,12,2,NULL,NULL,'2010-05-29','2013-09-01',NULL,NULL,889.00,0,0,1,0,10,1,NULL,NULL,NULL,NULL,NULL,'--- !ruby/hash:ActiveSupport::HashWithIndifferentAccess\nanschaffungskategorie: AV-Technik\nreference: invoice\numzug: zgeln\nankunftszustand: intakt\n','2013-09-01 00:41:03','2013-09-01 00:41:03'),(13,'2tampac1zansjz0m8fz3379','6c:d9:42:2c:2d:df-71:c2:60:b4:93:eb-cc:bf:f9:b9:87:68',17,13,13,7,NULL,NULL,'2009-06-27','2013-09-01',NULL,NULL,647.00,0,0,1,0,10,1,NULL,NULL,NULL,NULL,NULL,'--- !ruby/hash:ActiveSupport::HashWithIndifferentAccess\nanschaffungskategorie: AV-Technik\nreference: invoice\numzug: zgeln\nankunftszustand: intakt\n','2013-09-01 00:41:03','2013-09-01 00:41:03'),(14,'o13ql238gdb780r3hn0x380','80:26:0d:26:0b:33-51:2d:f0:b1:f7:f7-29:35:ea:28:00:3b',17,14,14,9,NULL,NULL,'2009-10-12','2013-09-01',NULL,NULL,957.00,0,0,1,0,10,1,NULL,NULL,NULL,NULL,NULL,'--- !ruby/hash:ActiveSupport::HashWithIndifferentAccess\nanschaffungskategorie: AV-Technik\nreference: invoice\numzug: zgeln\nankunftszustand: intakt\n','2013-09-01 00:41:03','2013-09-01 00:41:03'),(15,'vdb2sbxe5l99p0tiflsx381','5f:a3:a7:bc:b1:b8-f0:a5:c4:34:bf:ea-2a:33:0f:a9:c9:a9',17,15,15,3,NULL,NULL,'2012-01-26','2013-09-01',NULL,NULL,1274.00,0,0,1,0,10,1,NULL,NULL,NULL,NULL,NULL,'--- !ruby/hash:ActiveSupport::HashWithIndifferentAccess\nanschaffungskategorie: AV-Technik\nreference: invoice\numzug: zgeln\nankunftszustand: intakt\n','2013-09-01 00:41:03','2013-09-01 00:41:03'),(16,'y8vpjem94rutcqckgnlv382','dc:91:d6:43:d8:d8-7d:1d:47:77:23:09-61:3c:27:5a:06:a5',21,16,16,10,NULL,NULL,'2009-12-25','2013-09-01',NULL,NULL,106.00,0,0,1,0,10,1,NULL,NULL,NULL,NULL,NULL,'--- !ruby/hash:ActiveSupport::HashWithIndifferentAccess\nanschaffungskategorie: AV-Technik\nreference: invoice\numzug: zgeln\nankunftszustand: intakt\n','2013-09-01 00:41:03','2013-09-01 00:41:03'),(17,'8ooqx3r540us0sorxyc0383','92:c6:1d:ca:7d:1b-4d:f0:db:47:f6:ee-15:d8:c2:84:ad:97',21,17,17,7,NULL,NULL,'2009-04-13','2013-09-01',NULL,NULL,615.00,0,0,1,0,10,1,NULL,NULL,NULL,NULL,NULL,'--- !ruby/hash:ActiveSupport::HashWithIndifferentAccess\nanschaffungskategorie: AV-Technik\nreference: invoice\numzug: zgeln\nankunftszustand: intakt\n','2013-09-01 00:41:03','2013-09-01 00:41:03'),(18,'fczuru7hqgbgcy7ugyjo384','ca:85:57:a1:d2:93-67:17:24:14:ad:b2-ec:07:ec:67:e3:90',21,18,18,1,NULL,NULL,'2009-07-01','2013-09-01',NULL,NULL,304.00,0,0,1,0,10,1,NULL,NULL,NULL,NULL,NULL,'--- !ruby/hash:ActiveSupport::HashWithIndifferentAccess\nanschaffungskategorie: AV-Technik\nreference: invoice\numzug: zgeln\nankunftszustand: intakt\n','2013-09-01 00:41:03','2013-09-01 00:41:03'),(19,'39f3kgo8bbe484nfgpzk385','2e:d4:4f:98:8a:de-f9:29:c2:2d:28:18-4d:64:40:54:42:1e',25,19,19,3,NULL,NULL,'2008-02-18','2013-09-01',NULL,NULL,1239.00,0,0,1,0,10,1,NULL,NULL,NULL,NULL,NULL,'--- !ruby/hash:ActiveSupport::HashWithIndifferentAccess\nanschaffungskategorie: AV-Technik\nreference: invoice\numzug: zgeln\nankunftszustand: intakt\n','2013-09-01 00:41:03','2013-09-01 00:41:03'),(20,'h0eo12kak54p4ls3x8zp386','51:4b:40:92:d7:3f-b6:5a:14:97:b7:ce-bd:85:04:82:10:34',25,20,20,11,NULL,NULL,'2011-08-06','2013-09-01',NULL,NULL,296.00,0,0,1,0,10,1,NULL,NULL,NULL,NULL,NULL,'--- !ruby/hash:ActiveSupport::HashWithIndifferentAccess\nanschaffungskategorie: AV-Technik\nreference: invoice\numzug: zgeln\nankunftszustand: intakt\n','2013-09-01 00:41:03','2013-09-01 00:41:03'),(21,'k2uoigbnexpprv1dx6zq387','3b:fb:8a:3c:a6:18-dc:89:b9:43:b7:ac-17:2a:1c:83:b9:bc',25,21,21,7,NULL,NULL,'2010-03-28','2013-09-01',NULL,NULL,726.00,0,0,1,0,10,1,NULL,NULL,NULL,NULL,NULL,'--- !ruby/hash:ActiveSupport::HashWithIndifferentAccess\nanschaffungskategorie: AV-Technik\nreference: invoice\numzug: zgeln\nankunftszustand: intakt\n','2013-09-01 00:41:03','2013-09-01 00:41:03'),(22,'x9wmx1c7avlzdoclas7s388','e0:47:c1:ca:5c:06-d3:0b:d0:5f:6e:ef-a9:ce:5b:17:b2:c8',29,22,22,10,NULL,NULL,'2008-11-23','2013-09-01',NULL,NULL,225.00,0,0,1,0,1,1,NULL,NULL,NULL,NULL,NULL,'--- !ruby/hash:ActiveSupport::HashWithIndifferentAccess\nanschaffungskategorie: AV-Technik\nreference: invoice\numzug: zgeln\nankunftszustand: intakt\n','2013-09-01 00:41:03','2013-09-01 00:41:03'),(23,'rp67ini3apbqepabwgkk389','8c:cb:4d:cd:3a:73-83:38:fe:46:1f:b7-0e:e1:1c:ca:8e:ee',29,23,23,4,NULL,NULL,'2012-02-29','2013-09-01',NULL,NULL,591.00,0,0,1,0,1,1,NULL,NULL,NULL,NULL,NULL,'--- !ruby/hash:ActiveSupport::HashWithIndifferentAccess\nanschaffungskategorie: AV-Technik\nreference: invoice\numzug: zgeln\nankunftszustand: intakt\n','2013-09-01 00:41:03','2013-09-01 00:41:03'),(24,'hl6tofnt7yj07ozukusv390','af:a1:ae:f4:4a:79-e5:ac:19:a9:0e:da-2d:64:c0:e2:3e:03',29,24,24,2,NULL,NULL,'2008-09-09','2013-09-01',NULL,NULL,1160.00,0,0,1,0,1,1,NULL,NULL,NULL,NULL,NULL,'--- !ruby/hash:ActiveSupport::HashWithIndifferentAccess\nanschaffungskategorie: AV-Technik\nreference: invoice\numzug: zgeln\nankunftszustand: intakt\n','2013-09-01 00:41:03','2013-09-01 00:41:03'),(25,'0dib90kakeufo5ijt7nb391','e0:d6:f9:bf:9c:71-da:89:e4:3b:ce:1f-4d:74:ff:0e:63:52',33,25,25,10,NULL,NULL,'2011-08-23','2013-09-01',NULL,NULL,995.00,0,0,1,0,1,1,NULL,NULL,NULL,NULL,NULL,'--- !ruby/hash:ActiveSupport::HashWithIndifferentAccess\nanschaffungskategorie: AV-Technik\nreference: invoice\numzug: zgeln\nankunftszustand: intakt\n','2013-09-01 00:41:03','2013-09-01 00:41:03'),(26,'an7hr8ysh5upkkl2ocpo392','2a:f0:77:71:41:24-3a:4e:56:15:ef:cd-e8:35:8e:94:3d:b0',33,26,26,11,NULL,NULL,'2010-11-04','2013-09-01',NULL,NULL,129.00,0,0,1,0,1,1,NULL,NULL,NULL,NULL,NULL,'--- !ruby/hash:ActiveSupport::HashWithIndifferentAccess\nanschaffungskategorie: AV-Technik\nreference: invoice\numzug: zgeln\nankunftszustand: intakt\n','2013-09-01 00:41:03','2013-09-01 00:41:03'),(27,'vw2t3nupts2euefadzaj393','bb:18:c7:42:ee:50-7e:d3:9c:a5:57:40-a8:de:34:fc:3c:dd',33,27,27,7,NULL,NULL,'2008-06-06','2013-09-01',NULL,NULL,808.00,0,0,1,0,1,1,NULL,NULL,NULL,NULL,NULL,'--- !ruby/hash:ActiveSupport::HashWithIndifferentAccess\nanschaffungskategorie: AV-Technik\nreference: invoice\numzug: zgeln\nankunftszustand: intakt\n','2013-09-01 00:41:03','2013-09-01 00:41:03'),(28,'v9uosc67gmilgkctre3t394','a4:6f:27:c6:26:78-89:7d:e9:d1:50:38-e8:53:2b:5f:ce:df',37,28,28,6,NULL,NULL,'2012-10-19','2013-09-01',NULL,NULL,314.00,0,0,1,0,1,1,NULL,NULL,NULL,NULL,NULL,'--- !ruby/hash:ActiveSupport::HashWithIndifferentAccess\nanschaffungskategorie: AV-Technik\nreference: invoice\numzug: zgeln\nankunftszustand: intakt\n','2013-09-01 00:41:03','2013-09-01 00:41:03'),(29,'gdwvgpgnoiw3u1i4ihk6395','75:ce:af:e5:c8:2a-2e:3a:c0:6f:36:0e-4d:9a:eb:1c:53:94',37,29,29,3,NULL,NULL,'2008-02-24','2013-09-01',NULL,NULL,1109.00,0,0,1,0,1,1,NULL,NULL,NULL,NULL,NULL,'--- !ruby/hash:ActiveSupport::HashWithIndifferentAccess\nanschaffungskategorie: AV-Technik\nreference: invoice\numzug: zgeln\nankunftszustand: intakt\n','2013-09-01 00:41:03','2013-09-01 00:41:03'),(30,'ixfgphzbf731o59vq31h396','cd:98:97:bb:9c:b8-06:d1:5f:60:e4:81-bd:cb:fe:20:c4:8b',37,30,30,4,NULL,NULL,'2010-02-23','2013-09-01',NULL,NULL,994.00,0,0,1,0,1,1,NULL,NULL,NULL,NULL,NULL,'--- !ruby/hash:ActiveSupport::HashWithIndifferentAccess\nanschaffungskategorie: AV-Technik\nreference: invoice\numzug: zgeln\nankunftszustand: intakt\n','2013-09-01 00:41:03','2013-09-01 00:41:03'),(31,'5kt8ohxssrvs8vrwo6ns397','af:09:8f:27:41:c6-fc:de:93:8d:38:7c-3e:b4:8f:1e:b5:9f',41,31,31,10,NULL,NULL,'2010-08-18','2013-09-01',NULL,NULL,443.00,0,0,1,0,1,1,NULL,NULL,NULL,NULL,NULL,'--- !ruby/hash:ActiveSupport::HashWithIndifferentAccess\nanschaffungskategorie: AV-Technik\nreference: invoice\numzug: zgeln\nankunftszustand: intakt\n','2013-09-01 00:41:03','2013-09-01 00:41:03'),(32,'o1tajdo878ksl6o45l6o398','19:e1:71:8a:eb:13-5d:ad:47:33:44:6f-6c:9a:98:7d:82:5e',41,32,32,10,NULL,NULL,'2010-10-01','2013-09-01',NULL,NULL,778.00,0,0,1,0,1,1,NULL,NULL,NULL,NULL,NULL,'--- !ruby/hash:ActiveSupport::HashWithIndifferentAccess\nanschaffungskategorie: AV-Technik\nreference: invoice\numzug: zgeln\nankunftszustand: intakt\n','2013-09-01 00:41:03','2013-09-01 00:41:03'),(33,'ixryn0gp73tmi4ccvqkc399','28:0c:af:90:f2:bb-a1:19:30:ad:b8:5b-8c:87:28:42:1e:aa',41,33,33,2,NULL,NULL,'2010-05-15','2013-09-01',NULL,NULL,562.00,0,0,1,0,1,1,NULL,NULL,NULL,NULL,NULL,'--- !ruby/hash:ActiveSupport::HashWithIndifferentAccess\nanschaffungskategorie: AV-Technik\nreference: invoice\numzug: zgeln\nankunftszustand: intakt\n','2013-09-01 00:41:03','2013-09-01 00:41:03'),(34,'197shxwmvhyqpec35ems400','1b:cf:f8:dd:63:6b-c5:a4:28:50:7b:ff-cd:50:ea:6d:3a:d6',45,34,34,11,NULL,NULL,'2009-03-22','2013-09-01',NULL,NULL,232.00,0,0,1,0,1,1,NULL,NULL,NULL,NULL,NULL,'--- !ruby/hash:ActiveSupport::HashWithIndifferentAccess\nanschaffungskategorie: AV-Technik\nreference: invoice\numzug: zgeln\nankunftszustand: intakt\n','2013-09-01 00:41:03','2013-09-01 00:41:03'),(35,'9l8u3vysejcrtitl0gcn401','25:78:00:7d:0d:ab-5b:c4:f1:23:a8:cd-6f:b0:b6:c9:a8:c1',45,35,35,9,NULL,NULL,'2011-01-04','2013-09-01',NULL,NULL,601.00,0,0,1,0,1,1,NULL,NULL,NULL,NULL,NULL,'--- !ruby/hash:ActiveSupport::HashWithIndifferentAccess\nanschaffungskategorie: AV-Technik\nreference: invoice\numzug: zgeln\nankunftszustand: intakt\n','2013-09-01 00:41:03','2013-09-01 00:41:03'),(36,'ehxiors8wevgawtsvygz402','bc:34:9e:63:b8:13-6d:7f:45:f2:82:ad-70:dc:cb:56:40:7a',45,36,36,7,NULL,NULL,'2011-07-05','2013-09-01',NULL,NULL,388.00,0,0,1,0,1,1,NULL,NULL,NULL,NULL,NULL,'--- !ruby/hash:ActiveSupport::HashWithIndifferentAccess\nanschaffungskategorie: AV-Technik\nreference: invoice\numzug: zgeln\nankunftszustand: intakt\n','2013-09-01 00:41:03','2013-09-01 00:41:03'),(37,'82rbrtl7b44bndifmt85403','c3:b2:bf:d1:8f:74-8d:86:fe:b2:1d:17-fd:d8:26:e0:b5:5c',49,37,37,8,NULL,NULL,'2009-11-28','2013-09-01',NULL,NULL,612.00,0,0,1,0,1,1,NULL,NULL,NULL,NULL,NULL,'--- !ruby/hash:ActiveSupport::HashWithIndifferentAccess\nanschaffungskategorie: AV-Technik\nreference: invoice\numzug: zgeln\nankunftszustand: intakt\n','2013-09-01 00:41:03','2013-09-01 00:41:03'),(38,'4fleud66mcoit1yjltp1404','47:e5:93:11:14:ec-76:d5:38:56:d3:d1-f9:1c:f4:13:ea:60',49,38,38,4,NULL,NULL,'2009-10-01','2013-09-01',NULL,NULL,952.00,0,0,1,0,1,1,NULL,NULL,NULL,NULL,NULL,'--- !ruby/hash:ActiveSupport::HashWithIndifferentAccess\nanschaffungskategorie: AV-Technik\nreference: invoice\numzug: zgeln\nankunftszustand: intakt\n','2013-09-01 00:41:03','2013-09-01 00:41:03'),(39,'6xhys7tejxpomnff94ju405','26:49:0d:c5:db:46-9a:cb:26:bf:1a:52-2f:bf:6c:f1:7a:ff',49,39,39,10,NULL,NULL,'2012-09-04','2013-09-01',NULL,NULL,1157.00,0,0,1,0,1,1,NULL,NULL,NULL,NULL,NULL,'--- !ruby/hash:ActiveSupport::HashWithIndifferentAccess\nanschaffungskategorie: AV-Technik\nreference: invoice\numzug: zgeln\nankunftszustand: intakt\n','2013-09-01 00:41:03','2013-09-01 00:41:03'),(40,'book1','book1',53,40,40,2,NULL,NULL,'2008-08-07','2013-09-01',NULL,NULL,1361.00,0,0,1,0,2,1,NULL,NULL,NULL,NULL,NULL,'--- !ruby/hash:ActiveSupport::HashWithIndifferentAccess\nanschaffungskategorie: AV-Technik\nreference: invoice\numzug: zgeln\nankunftszustand: intakt\n','2013-09-01 00:41:03','2013-09-01 00:41:03'),(41,'book2','book2',53,40,41,2,NULL,NULL,'2011-11-18','2013-09-01',NULL,NULL,689.00,0,0,1,0,2,1,NULL,NULL,NULL,NULL,NULL,'--- !ruby/hash:ActiveSupport::HashWithIndifferentAccess\nanschaffungskategorie: AV-Technik\nreference: invoice\numzug: zgeln\nankunftszustand: intakt\n','2013-09-01 00:41:03','2013-09-01 00:41:03'),(42,'beam123','xyz456',54,41,42,1,NULL,NULL,'2011-04-30','2013-09-01',NULL,NULL,984.00,0,0,1,0,1,1,NULL,NULL,NULL,'name123',NULL,'--- !ruby/hash:ActiveSupport::HashWithIndifferentAccess\nanschaffungskategorie: AV-Technik\nreference: invoice\numzug: zgeln\nankunftszustand: intakt\n','2013-09-01 00:41:03','2013-09-01 00:41:03'),(43,'beam345','xyz890',54,41,43,1,NULL,NULL,'2008-05-02','2013-09-01',NULL,NULL,1464.00,0,0,1,0,1,1,NULL,NULL,NULL,NULL,NULL,'--- !ruby/hash:ActiveSupport::HashWithIndifferentAccess\nanschaffungskategorie: AV-Technik\nreference: invoice\numzug: zgeln\nankunftszustand: intakt\n','2013-09-01 00:41:03','2013-09-01 00:41:03'),(44,'beam678','xyz678',55,41,44,1,NULL,NULL,'2009-02-26','2013-09-01',NULL,NULL,816.00,0,0,1,0,1,1,NULL,NULL,NULL,NULL,NULL,'--- !ruby/hash:ActiveSupport::HashWithIndifferentAccess\nanschaffungskategorie: AV-Technik\nreference: invoice\numzug: zgeln\nankunftszustand: intakt\n','2013-09-01 00:41:03','2013-09-01 00:41:03'),(45,'beam749','xyz749',54,41,45,1,NULL,NULL,'2011-03-11','2013-09-01',NULL,NULL,1164.00,0,0,1,0,2,1,NULL,NULL,NULL,NULL,NULL,'--- !ruby/hash:ActiveSupport::HashWithIndifferentAccess\nanschaffungskategorie: AV-Technik\nreference: invoice\numzug: zgeln\nankunftszustand: intakt\n','2013-09-01 00:41:03','2013-09-01 00:41:03'),(46,'beamTest123','xyz749',57,41,46,1,NULL,NULL,'2010-11-04','2013-09-01',NULL,NULL,1145.00,0,0,1,0,1,1,NULL,NULL,NULL,NULL,NULL,'--- !ruby/hash:ActiveSupport::HashWithIndifferentAccess\nanschaffungskategorie: AV-Technik\nreference: invoice\numzug: zgeln\nankunftszustand: intakt\n','2013-09-01 00:41:03','2013-09-01 00:41:03'),(47,'ucbeam1','minbeam1',58,41,47,1,NULL,NULL,'2010-10-28','2013-09-01',NULL,NULL,522.00,0,0,1,0,1,1,NULL,NULL,NULL,'ucbeam1',NULL,'--- !ruby/hash:ActiveSupport::HashWithIndifferentAccess\nanschaffungskategorie: AV-Technik\nreference: invoice\numzug: zgeln\nankunftszustand: intakt\n','2013-09-01 00:41:03','2013-09-01 00:41:03'),(48,'microbeam1','microbeam1',59,41,48,1,NULL,NULL,'2011-01-01','2013-09-01',NULL,NULL,1232.00,0,0,1,0,1,1,NULL,NULL,NULL,'microbeam1',NULL,'--- !ruby/hash:ActiveSupport::HashWithIndifferentAccess\nanschaffungskategorie: AV-Technik\nreference: invoice\numzug: zgeln\nankunftszustand: intakt\n','2013-09-01 00:41:03','2013-09-01 00:41:03'),(49,'mbeam1','mbeam1',60,41,49,1,NULL,NULL,'2011-07-18','2013-09-01',NULL,NULL,505.00,0,0,1,0,1,1,NULL,NULL,NULL,'mbeam1',NULL,'--- !ruby/hash:ActiveSupport::HashWithIndifferentAccess\nanschaffungskategorie: AV-Technik\nreference: invoice\numzug: zgeln\nankunftszustand: intakt\n','2013-09-01 00:41:03','2013-09-01 00:41:03'),(50,'mbeam2','mbeam2',61,41,50,1,NULL,NULL,'2011-02-21','2013-09-01',NULL,NULL,1327.00,0,0,1,0,1,1,NULL,NULL,NULL,'mbeam2',NULL,'--- !ruby/hash:ActiveSupport::HashWithIndifferentAccess\nanschaffungskategorie: AV-Technik\nreference: invoice\numzug: zgeln\nankunftszustand: intakt\n','2013-09-01 00:41:03','2013-09-01 00:41:03'),(51,'mbeam3','mbeam3',62,41,51,1,NULL,NULL,'2011-10-30','2013-09-01',NULL,NULL,975.00,0,0,1,0,1,1,NULL,NULL,NULL,'mbeam3',NULL,'--- !ruby/hash:ActiveSupport::HashWithIndifferentAccess\nanschaffungskategorie: AV-Technik\nreference: invoice\numzug: zgeln\nankunftszustand: intakt\n','2013-09-01 00:41:03','2013-09-01 00:41:03'),(52,'mbeam4','mbeam4',63,41,52,1,NULL,NULL,'2010-06-07','2013-09-01',NULL,NULL,884.00,0,0,1,0,1,1,NULL,NULL,NULL,'mbeam4',NULL,'--- !ruby/hash:ActiveSupport::HashWithIndifferentAccess\nanschaffungskategorie: AV-Technik\nreference: invoice\numzug: zgeln\nankunftszustand: intakt\n','2013-09-01 00:41:03','2013-09-01 00:41:03'),(53,'mbeam5','mbeam5',64,41,53,1,NULL,NULL,'2009-12-25','2013-09-01',NULL,NULL,949.00,0,0,1,0,1,1,NULL,NULL,NULL,'mbeam5',NULL,'--- !ruby/hash:ActiveSupport::HashWithIndifferentAccess\nanschaffungskategorie: AV-Technik\nreference: invoice\numzug: zgeln\nankunftszustand: intakt\n','2013-09-01 00:41:03','2013-09-01 00:41:03'),(54,'mbeam6','mbeam6',65,41,54,1,NULL,NULL,'2012-12-26','2013-09-01',NULL,NULL,976.00,0,0,1,0,1,1,NULL,NULL,NULL,'mbeam6',NULL,'--- !ruby/hash:ActiveSupport::HashWithIndifferentAccess\nanschaffungskategorie: AV-Technik\nreference: invoice\numzug: zgeln\nankunftszustand: intakt\n','2013-09-01 00:41:03','2013-09-01 00:41:03'),(55,'mbeam7','mbeam7',66,41,55,1,NULL,NULL,'2009-06-06','2013-09-01',NULL,NULL,984.00,0,0,1,0,1,1,NULL,NULL,NULL,'mbeam7',NULL,'--- !ruby/hash:ActiveSupport::HashWithIndifferentAccess\nanschaffungskategorie: AV-Technik\nreference: invoice\numzug: zgeln\nankunftszustand: intakt\n','2013-09-01 00:41:03','2013-09-01 00:41:03'),(56,'mbeam8','mbeam8',67,41,56,1,NULL,NULL,'2012-03-02','2013-09-01',NULL,NULL,548.00,0,0,1,0,1,1,NULL,NULL,NULL,'mbeam8',NULL,'--- !ruby/hash:ActiveSupport::HashWithIndifferentAccess\nanschaffungskategorie: AV-Technik\nreference: invoice\numzug: zgeln\nankunftszustand: intakt\n','2013-09-01 00:41:03','2013-09-01 00:41:03'),(57,'mbeam9','mbeam9',68,41,57,1,NULL,NULL,'2008-09-30','2013-09-01',NULL,NULL,226.00,0,0,1,0,1,1,NULL,NULL,NULL,'mbeam9',NULL,'--- !ruby/hash:ActiveSupport::HashWithIndifferentAccess\nanschaffungskategorie: AV-Technik\nreference: invoice\numzug: zgeln\nankunftszustand: intakt\n','2013-09-01 00:41:03','2013-09-01 00:41:03'),(58,'mbeam10','mbeam10',69,41,58,1,NULL,NULL,'2012-04-07','2013-09-01',NULL,NULL,1112.00,0,0,1,0,1,1,NULL,NULL,NULL,'mbeam10',NULL,'--- !ruby/hash:ActiveSupport::HashWithIndifferentAccess\nanschaffungskategorie: AV-Technik\nreference: invoice\numzug: zgeln\nankunftszustand: intakt\n','2013-09-01 00:41:03','2013-09-01 00:41:03'),(59,'mbeam11','mbeam11',70,41,59,1,NULL,NULL,'2011-08-11','2013-09-01',NULL,NULL,853.00,0,0,1,0,1,1,NULL,NULL,NULL,'mbeam11',NULL,'--- !ruby/hash:ActiveSupport::HashWithIndifferentAccess\nanschaffungskategorie: AV-Technik\nreference: invoice\numzug: zgeln\nankunftszustand: intakt\n','2013-09-01 00:41:03','2013-09-01 00:41:03'),(60,'mbeam12','mbeam12',71,41,60,1,NULL,NULL,'2011-08-21','2013-09-01',NULL,NULL,1070.00,0,0,1,0,1,1,NULL,NULL,NULL,'mbeam12',NULL,'--- !ruby/hash:ActiveSupport::HashWithIndifferentAccess\nanschaffungskategorie: AV-Technik\nreference: invoice\numzug: zgeln\nankunftszustand: intakt\n','2013-09-01 00:41:03','2013-09-01 00:41:03'),(61,'mbeam13','mbeam13',72,41,61,1,NULL,NULL,'2009-11-21','2013-09-01',NULL,NULL,1431.00,0,0,1,0,1,1,NULL,NULL,NULL,'mbeam13',NULL,'--- !ruby/hash:ActiveSupport::HashWithIndifferentAccess\nanschaffungskategorie: AV-Technik\nreference: invoice\numzug: zgeln\nankunftszustand: intakt\n','2013-09-01 00:41:03','2013-09-01 00:41:03'),(62,'mbeam14','mbeam14',73,41,62,1,NULL,NULL,'2012-10-01','2013-09-01',NULL,NULL,1481.00,0,0,1,0,1,1,NULL,NULL,NULL,'mbeam14',NULL,'--- !ruby/hash:ActiveSupport::HashWithIndifferentAccess\nanschaffungskategorie: AV-Technik\nreference: invoice\numzug: zgeln\nankunftszustand: intakt\n','2013-09-01 00:41:03','2013-09-01 00:41:03'),(63,'mbeam15','mbeam15',74,41,63,1,NULL,NULL,'2008-02-29','2013-09-01',NULL,NULL,1005.00,0,0,1,0,1,1,NULL,NULL,NULL,'mbeam15',NULL,'--- !ruby/hash:ActiveSupport::HashWithIndifferentAccess\nanschaffungskategorie: AV-Technik\nreference: invoice\numzug: zgeln\nankunftszustand: intakt\n','2013-09-01 00:41:03','2013-09-01 00:41:03'),(64,'mbeam16','mbeam16',75,41,64,1,NULL,NULL,'2010-09-30','2013-09-01',NULL,NULL,1086.00,0,0,1,0,1,1,NULL,NULL,NULL,'mbeam16',NULL,'--- !ruby/hash:ActiveSupport::HashWithIndifferentAccess\nanschaffungskategorie: AV-Technik\nreference: invoice\numzug: zgeln\nankunftszustand: intakt\n','2013-09-01 00:41:03','2013-09-01 00:41:03'),(65,'mbeam17','mbeam17',76,41,65,1,NULL,NULL,'2011-12-19','2013-09-01',NULL,NULL,1382.00,0,0,1,0,1,1,NULL,NULL,NULL,'mbeam17',NULL,'--- !ruby/hash:ActiveSupport::HashWithIndifferentAccess\nanschaffungskategorie: AV-Technik\nreference: invoice\numzug: zgeln\nankunftszustand: intakt\n','2013-09-01 00:41:03','2013-09-01 00:41:03'),(66,'mbeam18','mbeam18',77,41,66,1,NULL,NULL,'2012-11-18','2013-09-01',NULL,NULL,275.00,0,0,1,0,1,1,NULL,NULL,NULL,'mbeam18',NULL,'--- !ruby/hash:ActiveSupport::HashWithIndifferentAccess\nanschaffungskategorie: AV-Technik\nreference: invoice\numzug: zgeln\nankunftszustand: intakt\n','2013-09-01 00:41:03','2013-09-01 00:41:03'),(67,'mbeam19','mbeam19',78,41,67,1,NULL,NULL,'2008-04-12','2013-09-01',NULL,NULL,392.00,0,0,1,0,1,1,NULL,NULL,NULL,'mbeam19',NULL,'--- !ruby/hash:ActiveSupport::HashWithIndifferentAccess\nanschaffungskategorie: AV-Technik\nreference: invoice\numzug: zgeln\nankunftszustand: intakt\n','2013-09-01 00:41:03','2013-09-01 00:41:03'),(68,'mbeam20','mbeam20',79,41,68,1,NULL,NULL,'2010-04-21','2013-09-01',NULL,NULL,350.00,0,0,1,0,1,1,NULL,NULL,NULL,'mbeam20',NULL,'--- !ruby/hash:ActiveSupport::HashWithIndifferentAccess\nanschaffungskategorie: AV-Technik\nreference: invoice\numzug: zgeln\nankunftszustand: intakt\n','2013-09-01 00:41:03','2013-09-01 00:41:03'),(69,'cam123','abc234',80,41,69,1,NULL,NULL,'2010-02-04','2013-09-01',NULL,NULL,841.00,0,0,1,0,1,1,NULL,NULL,NULL,NULL,NULL,'--- !ruby/hash:ActiveSupport::HashWithIndifferentAccess\nanschaffungskategorie: AV-Technik\nreference: invoice\numzug: zgeln\nankunftszustand: intakt\n','2013-09-01 00:41:03','2013-09-01 00:41:03'),(70,'cam345','ab567',80,41,70,1,NULL,NULL,'2012-03-01','2013-09-01',NULL,NULL,828.00,0,0,1,0,1,1,NULL,NULL,NULL,NULL,NULL,'--- !ruby/hash:ActiveSupport::HashWithIndifferentAccess\nanschaffungskategorie: AV-Technik\nreference: invoice\numzug: zgeln\nankunftszustand: intakt\n','2013-09-01 00:41:03','2013-09-01 00:41:03'),(71,'cam567','ab789',80,41,71,1,NULL,NULL,'2010-11-07','2013-09-01',NULL,NULL,726.00,0,0,1,0,1,1,NULL,NULL,NULL,NULL,NULL,'--- !ruby/hash:ActiveSupport::HashWithIndifferentAccess\nanschaffungskategorie: AV-Technik\nreference: invoice\numzug: zgeln\nankunftszustand: intakt\n','2013-09-01 00:41:03','2013-09-01 00:41:03'),(72,'cam53267','ab782129',80,41,72,1,NULL,NULL,'2010-07-06','2013-09-01',NULL,NULL,1246.00,0,0,1,0,1,1,NULL,NULL,NULL,NULL,NULL,'--- !ruby/hash:ActiveSupport::HashWithIndifferentAccess\nanschaffungskategorie: AV-Technik\nreference: invoice\numzug: zgeln\nankunftszustand: intakt\n','2013-09-01 00:41:03','2013-09-01 00:41:03'),(73,'cam532asd67','ab78as2129',80,41,73,1,NULL,NULL,'2012-07-11','2013-09-01',NULL,NULL,666.00,0,0,1,0,1,1,NULL,NULL,NULL,NULL,NULL,'--- !ruby/hash:ActiveSupport::HashWithIndifferentAccess\nanschaffungskategorie: AV-Technik\nreference: invoice\numzug: zgeln\nankunftszustand: intakt\n','2013-09-01 00:41:03','2013-09-01 00:41:03'),(74,'mcam1','mcam1',81,41,74,1,NULL,NULL,'2008-09-24','2013-09-01',NULL,NULL,710.00,0,0,1,0,1,1,NULL,NULL,NULL,'mcam1',NULL,'--- !ruby/hash:ActiveSupport::HashWithIndifferentAccess\nanschaffungskategorie: AV-Technik\nreference: invoice\numzug: zgeln\nankunftszustand: intakt\n','2013-09-01 00:41:03','2013-09-01 00:41:03'),(75,'mcam2','mcam2',82,41,75,1,NULL,NULL,'2011-02-21','2013-09-01',NULL,NULL,1352.00,0,0,1,0,1,1,NULL,NULL,NULL,'mcam2',NULL,'--- !ruby/hash:ActiveSupport::HashWithIndifferentAccess\nanschaffungskategorie: AV-Technik\nreference: invoice\numzug: zgeln\nankunftszustand: intakt\n','2013-09-01 00:41:03','2013-09-01 00:41:03'),(76,'mcam3','mcam3',83,41,76,1,NULL,NULL,'2011-03-01','2013-09-01',NULL,NULL,239.00,0,0,1,0,1,1,NULL,NULL,NULL,'mcam3',NULL,'--- !ruby/hash:ActiveSupport::HashWithIndifferentAccess\nanschaffungskategorie: AV-Technik\nreference: invoice\numzug: zgeln\nankunftszustand: intakt\n','2013-09-01 00:41:03','2013-09-01 00:41:03'),(77,'mcam4','mcam4',84,41,77,1,NULL,NULL,'2008-04-17','2013-09-01',NULL,NULL,687.00,0,0,1,0,1,1,NULL,NULL,NULL,'mcam4',NULL,'--- !ruby/hash:ActiveSupport::HashWithIndifferentAccess\nanschaffungskategorie: AV-Technik\nreference: invoice\numzug: zgeln\nankunftszustand: intakt\n','2013-09-01 00:41:03','2013-09-01 00:41:03'),(78,'mcam5','mcam5',85,41,78,1,NULL,NULL,'2011-01-05','2013-09-01',NULL,NULL,1249.00,0,0,1,0,1,1,NULL,NULL,NULL,'mcam5',NULL,'--- !ruby/hash:ActiveSupport::HashWithIndifferentAccess\nanschaffungskategorie: AV-Technik\nreference: invoice\numzug: zgeln\nankunftszustand: intakt\n','2013-09-01 00:41:03','2013-09-01 00:41:03'),(79,'mcam6','mcam6',86,41,79,1,NULL,NULL,'2010-04-09','2013-09-01',NULL,NULL,878.00,0,0,1,0,1,1,NULL,NULL,NULL,'mcam6',NULL,'--- !ruby/hash:ActiveSupport::HashWithIndifferentAccess\nanschaffungskategorie: AV-Technik\nreference: invoice\numzug: zgeln\nankunftszustand: intakt\n','2013-09-01 00:41:03','2013-09-01 00:41:03'),(80,'mcam7','mcam7',87,41,80,1,NULL,NULL,'2010-07-21','2013-09-01',NULL,NULL,1334.00,0,0,1,0,1,1,NULL,NULL,NULL,'mcam7',NULL,'--- !ruby/hash:ActiveSupport::HashWithIndifferentAccess\nanschaffungskategorie: AV-Technik\nreference: invoice\numzug: zgeln\nankunftszustand: intakt\n','2013-09-01 00:41:03','2013-09-01 00:41:03'),(81,'mcam8','mcam8',88,41,81,1,NULL,NULL,'2011-02-12','2013-09-01',NULL,NULL,186.00,0,0,1,0,1,1,NULL,NULL,NULL,'mcam8',NULL,'--- !ruby/hash:ActiveSupport::HashWithIndifferentAccess\nanschaffungskategorie: AV-Technik\nreference: invoice\numzug: zgeln\nankunftszustand: intakt\n','2013-09-01 00:41:03','2013-09-01 00:41:03'),(82,'mcam9','mcam9',89,41,82,1,NULL,NULL,'2012-03-15','2013-09-01',NULL,NULL,985.00,0,0,1,0,1,1,NULL,NULL,NULL,'mcam9',NULL,'--- !ruby/hash:ActiveSupport::HashWithIndifferentAccess\nanschaffungskategorie: AV-Technik\nreference: invoice\numzug: zgeln\nankunftszustand: intakt\n','2013-09-01 00:41:03','2013-09-01 00:41:03'),(83,'mcam10','mcam10',90,41,83,1,NULL,NULL,'2012-10-20','2013-09-01',NULL,NULL,872.00,0,0,1,0,1,1,NULL,NULL,NULL,'mcam10',NULL,'--- !ruby/hash:ActiveSupport::HashWithIndifferentAccess\nanschaffungskategorie: AV-Technik\nreference: invoice\numzug: zgeln\nankunftszustand: intakt\n','2013-09-01 00:41:03','2013-09-01 00:41:03'),(84,'mcam11','mcam11',91,41,84,1,NULL,NULL,'2012-07-23','2013-09-01',NULL,NULL,1395.00,0,0,1,0,1,1,NULL,NULL,NULL,'mcam11',NULL,'--- !ruby/hash:ActiveSupport::HashWithIndifferentAccess\nanschaffungskategorie: AV-Technik\nreference: invoice\numzug: zgeln\nankunftszustand: intakt\n','2013-09-01 00:41:03','2013-09-01 00:41:03'),(85,'mcam12','mcam12',92,41,85,1,NULL,NULL,'2008-08-07','2013-09-01',NULL,NULL,970.00,0,0,1,0,1,1,NULL,NULL,NULL,'mcam12',NULL,'--- !ruby/hash:ActiveSupport::HashWithIndifferentAccess\nanschaffungskategorie: AV-Technik\nreference: invoice\numzug: zgeln\nankunftszustand: intakt\n','2013-09-01 00:41:03','2013-09-01 00:41:03'),(86,'mcam13','mcam13',93,41,86,1,NULL,NULL,'2011-01-01','2013-09-01',NULL,NULL,135.00,0,0,1,0,1,1,NULL,NULL,NULL,'mcam13',NULL,'--- !ruby/hash:ActiveSupport::HashWithIndifferentAccess\nanschaffungskategorie: AV-Technik\nreference: invoice\numzug: zgeln\nankunftszustand: intakt\n','2013-09-01 00:41:03','2013-09-01 00:41:03'),(87,'mcam14','mcam14',94,41,87,1,NULL,NULL,'2009-02-11','2013-09-01',NULL,NULL,778.00,0,0,1,0,1,1,NULL,NULL,NULL,'mcam14',NULL,'--- !ruby/hash:ActiveSupport::HashWithIndifferentAccess\nanschaffungskategorie: AV-Technik\nreference: invoice\numzug: zgeln\nankunftszustand: intakt\n','2013-09-01 00:41:03','2013-09-01 00:41:03'),(88,'mcam15','mcam15',95,41,88,1,NULL,NULL,'2011-05-24','2013-09-01',NULL,NULL,1081.00,0,0,1,0,1,1,NULL,NULL,NULL,'mcam15',NULL,'--- !ruby/hash:ActiveSupport::HashWithIndifferentAccess\nanschaffungskategorie: AV-Technik\nreference: invoice\numzug: zgeln\nankunftszustand: intakt\n','2013-09-01 00:41:03','2013-09-01 00:41:03'),(89,'mcam16','mcam16',96,41,89,1,NULL,NULL,'2008-11-14','2013-09-01',NULL,NULL,1211.00,0,0,1,0,1,1,NULL,NULL,NULL,'mcam16',NULL,'--- !ruby/hash:ActiveSupport::HashWithIndifferentAccess\nanschaffungskategorie: AV-Technik\nreference: invoice\numzug: zgeln\nankunftszustand: intakt\n','2013-09-01 00:41:03','2013-09-01 00:41:03'),(90,'mcam17','mcam17',97,41,90,1,NULL,NULL,'2010-01-16','2013-09-01',NULL,NULL,1179.00,0,0,1,0,1,1,NULL,NULL,NULL,'mcam17',NULL,'--- !ruby/hash:ActiveSupport::HashWithIndifferentAccess\nanschaffungskategorie: AV-Technik\nreference: invoice\numzug: zgeln\nankunftszustand: intakt\n','2013-09-01 00:41:03','2013-09-01 00:41:03'),(91,'mcam18','mcam18',98,41,91,1,NULL,NULL,'2011-01-15','2013-09-01',NULL,NULL,845.00,0,0,1,0,1,1,NULL,NULL,NULL,'mcam18',NULL,'--- !ruby/hash:ActiveSupport::HashWithIndifferentAccess\nanschaffungskategorie: AV-Technik\nreference: invoice\numzug: zgeln\nankunftszustand: intakt\n','2013-09-01 00:41:03','2013-09-01 00:41:03'),(92,'mcam19','mcam19',99,41,92,1,NULL,NULL,'2009-12-19','2013-09-01',NULL,NULL,659.00,0,0,1,0,1,1,NULL,NULL,NULL,'mcam19',NULL,'--- !ruby/hash:ActiveSupport::HashWithIndifferentAccess\nanschaffungskategorie: AV-Technik\nreference: invoice\numzug: zgeln\nankunftszustand: intakt\n','2013-09-01 00:41:03','2013-09-01 00:41:03'),(93,'mcam20','mcam20',100,41,93,1,NULL,NULL,'2010-11-25','2013-09-01',NULL,NULL,1441.00,0,0,1,0,1,1,NULL,NULL,NULL,'mcam20',NULL,'--- !ruby/hash:ActiveSupport::HashWithIndifferentAccess\nanschaffungskategorie: AV-Technik\nreference: invoice\numzug: zgeln\nankunftszustand: intakt\n','2013-09-01 00:41:03','2013-09-01 00:41:03'),(94,'mcam21','mcam21',101,41,94,1,NULL,NULL,'2009-11-07','2013-09-01',NULL,NULL,110.00,0,0,1,0,1,1,NULL,NULL,NULL,'mcam21',NULL,'--- !ruby/hash:ActiveSupport::HashWithIndifferentAccess\nanschaffungskategorie: AV-Technik\nreference: invoice\numzug: zgeln\nankunftszustand: intakt\n','2013-09-01 00:41:03','2013-09-01 00:41:03'),(95,'mcam22','mcam22',102,41,95,1,NULL,NULL,'2011-06-06','2013-09-01',NULL,NULL,392.00,0,0,1,0,1,1,NULL,NULL,NULL,'mcam22',NULL,'--- !ruby/hash:ActiveSupport::HashWithIndifferentAccess\nanschaffungskategorie: AV-Technik\nreference: invoice\numzug: zgeln\nankunftszustand: intakt\n','2013-09-01 00:41:03','2013-09-01 00:41:03'),(96,'mcam23','mcam23',103,41,96,1,NULL,NULL,'2010-03-01','2013-09-01',NULL,NULL,1243.00,0,0,1,0,1,1,NULL,NULL,NULL,'mcam23',NULL,'--- !ruby/hash:ActiveSupport::HashWithIndifferentAccess\nanschaffungskategorie: AV-Technik\nreference: invoice\numzug: zgeln\nankunftszustand: intakt\n','2013-09-01 00:41:03','2013-09-01 00:41:03'),(97,'mcam24','mcam24',104,41,97,1,NULL,NULL,'2012-11-10','2013-09-01',NULL,NULL,255.00,0,0,1,0,1,1,NULL,NULL,NULL,'mcam24',NULL,'--- !ruby/hash:ActiveSupport::HashWithIndifferentAccess\nanschaffungskategorie: AV-Technik\nreference: invoice\numzug: zgeln\nankunftszustand: intakt\n','2013-09-01 00:41:03','2013-09-01 00:41:03'),(98,'mcam25','mcam25',105,41,98,1,NULL,NULL,'2012-10-02','2013-09-01',NULL,NULL,1187.00,0,0,1,0,1,1,NULL,NULL,NULL,'mcam25',NULL,'--- !ruby/hash:ActiveSupport::HashWithIndifferentAccess\nanschaffungskategorie: AV-Technik\nreference: invoice\numzug: zgeln\nankunftszustand: intakt\n','2013-09-01 00:41:03','2013-09-01 00:41:03'),(99,'mcam26','mcam26',106,41,99,1,NULL,NULL,'2012-04-19','2013-09-01',NULL,NULL,700.00,0,0,1,0,1,1,NULL,NULL,NULL,'mcam26',NULL,'--- !ruby/hash:ActiveSupport::HashWithIndifferentAccess\nanschaffungskategorie: AV-Technik\nreference: invoice\numzug: zgeln\nankunftszustand: intakt\n','2013-09-01 00:41:03','2013-09-01 00:41:03'),(100,'mcam27','mcam27',107,41,100,1,NULL,NULL,'2012-07-29','2013-09-01',NULL,NULL,1204.00,0,0,1,0,1,1,NULL,NULL,NULL,'mcam27',NULL,'--- !ruby/hash:ActiveSupport::HashWithIndifferentAccess\nanschaffungskategorie: AV-Technik\nreference: invoice\numzug: zgeln\nankunftszustand: intakt\n','2013-09-01 00:41:03','2013-09-01 00:41:03'),(101,'mcam28','mcam28',108,41,101,1,NULL,NULL,'2008-03-08','2013-09-01',NULL,NULL,879.00,0,0,1,0,1,1,NULL,NULL,NULL,'mcam28',NULL,'--- !ruby/hash:ActiveSupport::HashWithIndifferentAccess\nanschaffungskategorie: AV-Technik\nreference: invoice\numzug: zgeln\nankunftszustand: intakt\n','2013-09-01 00:41:03','2013-09-01 00:41:03'),(102,'mcam29','mcam29',109,41,102,1,NULL,NULL,'2011-10-25','2013-09-01',NULL,NULL,1339.00,0,0,1,0,1,1,NULL,NULL,NULL,'mcam29',NULL,'--- !ruby/hash:ActiveSupport::HashWithIndifferentAccess\nanschaffungskategorie: AV-Technik\nreference: invoice\numzug: zgeln\nankunftszustand: intakt\n','2013-09-01 00:41:03','2013-09-01 00:41:03'),(103,'mcam30','mcam30',110,41,103,1,NULL,NULL,'2011-01-17','2013-09-01',NULL,NULL,710.00,0,0,1,0,1,1,NULL,NULL,NULL,'mcam30',NULL,'--- !ruby/hash:ActiveSupport::HashWithIndifferentAccess\nanschaffungskategorie: AV-Technik\nreference: invoice\numzug: zgeln\nankunftszustand: intakt\n','2013-09-01 00:41:03','2013-09-01 00:41:03'),(104,'hifi123','hifi123',111,41,104,1,NULL,NULL,'2010-08-20','2013-09-01',NULL,NULL,1002.00,0,0,1,0,1,1,NULL,NULL,NULL,NULL,NULL,'--- !ruby/hash:ActiveSupport::HashWithIndifferentAccess\nanschaffungskategorie: AV-Technik\nreference: invoice\numzug: zgeln\nankunftszustand: intakt\n','2013-09-01 00:41:03','2013-09-01 00:41:03'),(105,'tri789','fgh567',112,41,105,1,NULL,NULL,'2009-10-20','2013-09-01',NULL,NULL,1429.00,0,0,1,0,1,1,NULL,NULL,NULL,NULL,NULL,'--- !ruby/hash:ActiveSupport::HashWithIndifferentAccess\nanschaffungskategorie: AV-Technik\nreference: invoice\numzug: zgeln\nankunftszustand: intakt\n','2013-09-01 00:41:03','2013-09-01 00:41:03'),(106,'tri123','fgh987',112,41,106,1,NULL,NULL,'2011-01-31','2013-09-01',NULL,NULL,1178.00,0,0,1,0,1,1,NULL,NULL,NULL,NULL,NULL,'--- !ruby/hash:ActiveSupport::HashWithIndifferentAccess\nanschaffungskategorie: AV-Technik\nreference: invoice\numzug: zgeln\nankunftszustand: intakt\n','2013-09-01 00:41:03','2013-09-01 00:41:03'),(107,'tri923','asd213',112,41,107,1,NULL,NULL,'2012-04-03','2013-09-01',NULL,NULL,221.00,0,0,1,0,1,1,NULL,NULL,NULL,NULL,NULL,'--- !ruby/hash:ActiveSupport::HashWithIndifferentAccess\nanschaffungskategorie: AV-Technik\nreference: invoice\numzug: zgeln\nankunftszustand: intakt\n','2013-09-01 00:41:03','2013-09-01 00:41:03'),(108,'tri212','tri212',112,41,108,1,NULL,NULL,'2011-08-06','2013-09-01',NULL,NULL,808.00,0,0,1,0,1,1,NULL,NULL,NULL,NULL,NULL,'--- !ruby/hash:ActiveSupport::HashWithIndifferentAccess\nanschaffungskategorie: AV-Technik\nreference: invoice\numzug: zgeln\nankunftszustand: intakt\n','2013-09-01 00:41:03','2013-09-01 00:41:03'),(109,'0xegrk','mla9ww',114,41,109,1,NULL,NULL,'2012-02-21','2013-09-01',NULL,NULL,1199.00,0,0,1,0,1,1,NULL,NULL,NULL,NULL,NULL,'--- !ruby/hash:ActiveSupport::HashWithIndifferentAccess\nanschaffungskategorie: AV-Technik\nreference: invoice\numzug: zgeln\nankunftszustand: intakt\n','2013-09-01 00:41:03','2013-09-01 00:41:03'),(110,'9actyprcrgo8ybt9psbx406','e4:89:dd:e7:57:5e-d1:23:38:5b:22:b2-1c:a0:33:4a:69:5a',115,42,110,1,NULL,NULL,'2011-10-02','2013-09-01',NULL,NULL,494.00,0,0,1,0,1,1,NULL,NULL,NULL,NULL,NULL,'--- !ruby/hash:ActiveSupport::HashWithIndifferentAccess\nanschaffungskategorie: AV-Technik\nreference: invoice\numzug: zgeln\nankunftszustand: intakt\n','2013-09-01 00:41:03','2013-09-01 00:41:03'),(111,'b6q7hn123qa2hnd4i42g407','73:81:3b:2c:fe:14-7b:e9:b0:c2:ca:36-14:d2:49:a4:be:41',117,42,111,1,110,NULL,'2010-12-28','2013-09-01',NULL,NULL,392.00,0,0,1,0,1,1,NULL,NULL,NULL,NULL,NULL,'--- !ruby/hash:ActiveSupport::HashWithIndifferentAccess\nanschaffungskategorie: AV-Technik\nreference: invoice\numzug: zgeln\nankunftszustand: intakt\n','2013-09-01 00:41:03','2013-09-01 00:41:03'),(112,'f6xvrnnzb5xwacvhzzbv408','12:90:93:bd:1a:bd-9f:18:85:ab:9d:8f-72:c8:7d:f0:38:3b',118,42,112,1,110,NULL,'2010-12-19','2013-09-01',NULL,NULL,21.00,0,0,1,0,1,1,NULL,NULL,NULL,NULL,NULL,'--- !ruby/hash:ActiveSupport::HashWithIndifferentAccess\nanschaffungskategorie: AV-Technik\nreference: invoice\numzug: zgeln\nankunftszustand: intakt\n','2013-09-01 00:41:03','2013-09-01 00:41:03'),(113,'9dg8wjmuxniemaotsx5a409','28:32:0b:af:69:f0-db:e3:88:23:4c:43-b6:70:e0:78:67:e0',119,42,113,1,110,NULL,'2012-01-30','2013-09-01',NULL,NULL,178.00,0,0,1,0,1,1,NULL,NULL,NULL,NULL,NULL,'--- !ruby/hash:ActiveSupport::HashWithIndifferentAccess\nanschaffungskategorie: AV-Technik\nreference: invoice\numzug: zgeln\nankunftszustand: intakt\n','2013-09-01 00:41:03','2013-09-01 00:41:03'),(114,'gflvoa4jdpnojz2n3exf410','b7:82:b7:35:8d:7c-0f:08:f9:d5:90:0b-5a:ad:6b:4d:90:45',115,46,114,1,NULL,NULL,'2012-10-25','2013-09-01',NULL,NULL,825.00,0,0,1,0,1,1,NULL,NULL,NULL,NULL,NULL,'--- !ruby/hash:ActiveSupport::HashWithIndifferentAccess\nanschaffungskategorie: AV-Technik\nreference: invoice\numzug: zgeln\nankunftszustand: intakt\n','2013-09-01 00:41:03','2013-09-01 00:41:03'),(115,'13qitt7rlyknjl4d1bfb411','bc:eb:4c:43:30:5f-b2:db:bb:7e:2d:27-b9:43:86:8e:4f:a1',121,46,115,1,114,NULL,'2011-06-10','2013-09-01',NULL,NULL,772.00,0,0,1,0,1,1,NULL,NULL,NULL,NULL,NULL,'--- !ruby/hash:ActiveSupport::HashWithIndifferentAccess\nanschaffungskategorie: AV-Technik\nreference: invoice\numzug: zgeln\nankunftszustand: intakt\n','2013-09-01 00:41:03','2013-09-01 00:41:03'),(116,'6spopwcrpozwlm9h0x91412','9c:3f:64:1a:ad:36-38:05:bc:9d:90:2a-93:a8:b4:5f:a0:f1',122,46,116,1,114,NULL,'2008-10-24','2013-09-01',NULL,NULL,235.00,0,0,1,0,1,1,NULL,NULL,NULL,NULL,NULL,'--- !ruby/hash:ActiveSupport::HashWithIndifferentAccess\nanschaffungskategorie: AV-Technik\nreference: invoice\numzug: zgeln\nankunftszustand: intakt\n','2013-09-01 00:41:03','2013-09-01 00:41:03'),(117,'srz7fh5vuncfleunlhvj413','4c:8e:b4:8e:f3:a0-5d:9c:b0:99:2a:5a-69:1e:67:6c:89:8e',123,46,117,1,114,NULL,'2009-03-22','2013-09-01',NULL,NULL,463.00,0,0,1,0,1,1,NULL,NULL,NULL,NULL,NULL,'--- !ruby/hash:ActiveSupport::HashWithIndifferentAccess\nanschaffungskategorie: AV-Technik\nreference: invoice\numzug: zgeln\nankunftszustand: intakt\n','2013-09-01 00:41:03','2013-09-01 00:41:03'),(118,'tkvs5wevxl6k2apqy248414','12:42:20:6d:2d:89-a7:4f:0a:9e:1c:63-56:77:52:a0:35:7b',115,50,118,1,NULL,NULL,'2009-11-27','2013-09-01',NULL,NULL,106.00,0,0,1,0,1,1,NULL,NULL,NULL,NULL,NULL,'--- !ruby/hash:ActiveSupport::HashWithIndifferentAccess\nanschaffungskategorie: AV-Technik\nreference: invoice\numzug: zgeln\nankunftszustand: intakt\n','2013-09-01 00:41:03','2013-09-01 00:41:03'),(119,'cmfkt2iwk1g12c1syce8415','98:1b:30:d5:c1:f8-0c:6c:bd:a6:b4:be-e7:6b:7d:1c:f9:f2',125,50,119,1,118,NULL,'2009-08-20','2013-09-01',NULL,NULL,813.00,0,0,1,0,1,1,NULL,NULL,NULL,NULL,NULL,'--- !ruby/hash:ActiveSupport::HashWithIndifferentAccess\nanschaffungskategorie: AV-Technik\nreference: invoice\numzug: zgeln\nankunftszustand: intakt\n','2013-09-01 00:41:03','2013-09-01 00:41:03'),(120,'0ua3qyly2ydpcb9gl6lk416','13:92:42:e6:05:f1-5a:d0:ff:52:c5:ea-76:6d:05:a2:f4:d1',126,50,120,1,118,NULL,'2009-07-31','2013-09-01',NULL,NULL,846.00,0,0,1,0,1,1,NULL,NULL,NULL,NULL,NULL,'--- !ruby/hash:ActiveSupport::HashWithIndifferentAccess\nanschaffungskategorie: AV-Technik\nreference: invoice\numzug: zgeln\nankunftszustand: intakt\n','2013-09-01 00:41:03','2013-09-01 00:41:03'),(121,'ya79w34k2p7v80fvmb4a417','56:13:3a:bb:cd:2d-bb:80:ca:23:62:5a-90:f9:17:9c:8f:1d',127,50,121,1,118,NULL,'2010-06-20','2013-09-01',NULL,NULL,920.00,0,0,1,0,1,1,NULL,NULL,NULL,NULL,NULL,'--- !ruby/hash:ActiveSupport::HashWithIndifferentAccess\nanschaffungskategorie: AV-Technik\nreference: invoice\numzug: zgeln\nankunftszustand: intakt\n','2013-09-01 00:41:03','2013-09-01 00:41:03'),(122,'hffkb4qbc9e6nyvhnioc418','1e:da:81:45:74:42-42:3d:7d:5b:fd:a5-57:8f:7e:ed:d3:95',128,54,122,1,NULL,NULL,'2012-01-21','2013-09-01',NULL,NULL,1481.00,0,0,1,0,1,1,NULL,NULL,NULL,NULL,NULL,'--- !ruby/hash:ActiveSupport::HashWithIndifferentAccess\nanschaffungskategorie: AV-Technik\nreference: invoice\numzug: zgeln\nankunftszustand: intakt\n','2013-09-01 00:41:03','2013-09-01 00:41:03'),(123,'1bbpc7ur0618vqv2m3o0419','37:e7:82:74:72:3b-4f:c5:78:25:6e:d7-3c:69:f8:8f:50:ec',130,54,123,1,122,NULL,'2011-01-05','2013-09-01',NULL,NULL,488.00,0,0,1,0,1,1,NULL,NULL,NULL,NULL,NULL,'--- !ruby/hash:ActiveSupport::HashWithIndifferentAccess\nanschaffungskategorie: AV-Technik\nreference: invoice\numzug: zgeln\nankunftszustand: intakt\n','2013-09-01 00:41:03','2013-09-01 00:41:03'),(124,'fwqb29krdx3j7tbk8qf5420','c7:2b:a4:8b:ab:5a-64:bb:6b:c1:3e:a4-ca:92:96:0a:54:5c',131,54,124,1,122,NULL,'2010-04-05','2013-09-01',NULL,NULL,1489.00,0,0,1,0,1,1,NULL,NULL,NULL,NULL,NULL,'--- !ruby/hash:ActiveSupport::HashWithIndifferentAccess\nanschaffungskategorie: AV-Technik\nreference: invoice\numzug: zgeln\nankunftszustand: intakt\n','2013-09-01 00:41:03','2013-09-01 00:41:03'),(125,'gjk0qd2klo18pij1tmj4421','e9:7e:6d:d9:8f:bb-f4:62:29:34:8b:ab-47:32:da:09:76:18',132,54,125,1,122,NULL,'2012-04-17','2013-09-01',NULL,NULL,887.00,0,0,1,0,1,1,NULL,NULL,NULL,NULL,NULL,'--- !ruby/hash:ActiveSupport::HashWithIndifferentAccess\nanschaffungskategorie: AV-Technik\nreference: invoice\numzug: zgeln\nankunftszustand: intakt\n','2013-09-01 00:41:03','2013-09-01 00:41:03'),(126,'kgcbzgoc652wm5g8e6x6422','a7:ee:29:25:40:ef-84:11:9c:bf:27:76-18:a9:12:ce:9f:d0',128,58,126,1,NULL,NULL,'2008-08-28','2013-09-01',NULL,NULL,84.00,0,0,1,0,1,1,NULL,NULL,NULL,NULL,NULL,'--- !ruby/hash:ActiveSupport::HashWithIndifferentAccess\nanschaffungskategorie: AV-Technik\nreference: invoice\numzug: zgeln\nankunftszustand: intakt\n','2013-09-01 00:41:03','2013-09-01 00:41:03'),(127,'71mljiynoxgljqviwrfe423','2f:aa:83:85:f1:47-ec:d2:b6:61:88:22-60:46:a9:cc:18:8e',134,58,127,1,126,NULL,'2008-10-28','2013-09-01',NULL,NULL,1005.00,0,0,1,0,1,1,NULL,NULL,NULL,NULL,NULL,'--- !ruby/hash:ActiveSupport::HashWithIndifferentAccess\nanschaffungskategorie: AV-Technik\nreference: invoice\numzug: zgeln\nankunftszustand: intakt\n','2013-09-01 00:41:03','2013-09-01 00:41:03'),(128,'10bys3drr9s0000bl0iv424','fd:72:01:44:1d:1b-66:87:0c:d4:49:13-ec:e0:b4:dd:52:b9',135,58,128,1,126,NULL,'2009-11-28','2013-09-01',NULL,NULL,469.00,0,0,1,0,1,1,NULL,NULL,NULL,NULL,NULL,'--- !ruby/hash:ActiveSupport::HashWithIndifferentAccess\nanschaffungskategorie: AV-Technik\nreference: invoice\numzug: zgeln\nankunftszustand: intakt\n','2013-09-01 00:41:03','2013-09-01 00:41:03'),(129,'xxlk9xiqtd6rcob68zwv425','3c:48:89:8f:23:f2-18:12:71:36:e8:59-4a:aa:54:36:2b:98',136,58,129,1,126,NULL,'2010-02-21','2013-09-01',NULL,NULL,394.00,0,0,1,0,1,1,NULL,NULL,NULL,NULL,NULL,'--- !ruby/hash:ActiveSupport::HashWithIndifferentAccess\nanschaffungskategorie: AV-Technik\nreference: invoice\numzug: zgeln\nankunftszustand: intakt\n','2013-09-01 00:41:03','2013-09-01 00:41:03'),(130,'gu8cmlw599auj7vp7sui426','a1:7e:bc:9b:bd:ed-3e:1a:9f:87:55:4a-7a:84:98:24:57:6d',128,62,130,1,NULL,NULL,'2010-04-10','2013-09-01',NULL,NULL,967.00,0,0,1,0,1,1,NULL,NULL,NULL,NULL,NULL,'--- !ruby/hash:ActiveSupport::HashWithIndifferentAccess\nanschaffungskategorie: AV-Technik\nreference: invoice\numzug: zgeln\nankunftszustand: intakt\n','2013-09-01 00:41:03','2013-09-01 00:41:03'),(131,'vewplni84dalhyv31pwo427','2d:a5:c6:cf:b8:56-8c:aa:2d:f4:5a:8f-71:ef:4f:35:9e:dd',138,62,131,1,130,NULL,'2010-06-29','2013-09-01',NULL,NULL,1393.00,0,0,1,0,1,1,NULL,NULL,NULL,NULL,NULL,'--- !ruby/hash:ActiveSupport::HashWithIndifferentAccess\nanschaffungskategorie: AV-Technik\nreference: invoice\numzug: zgeln\nankunftszustand: intakt\n','2013-09-01 00:41:03','2013-09-01 00:41:03'),(132,'x3c8odczsa4ned8dfxlu428','45:5b:73:96:2c:f6-67:95:35:0b:b5:16-88:5f:a5:3d:e6:cc',139,62,132,1,130,NULL,'2010-11-30','2013-09-01',NULL,NULL,1481.00,0,0,1,0,1,1,NULL,NULL,NULL,NULL,NULL,'--- !ruby/hash:ActiveSupport::HashWithIndifferentAccess\nanschaffungskategorie: AV-Technik\nreference: invoice\numzug: zgeln\nankunftszustand: intakt\n','2013-09-01 00:41:03','2013-09-01 00:41:03'),(133,'7hdwddxftb5gpa1i9dhc429','5e:f8:31:fd:f0:f6-05:9b:9b:70:ad:b4-ff:76:3a:26:02:b4',140,62,133,1,130,NULL,'2008-11-03','2013-09-01',NULL,NULL,782.00,0,0,1,0,1,1,NULL,NULL,NULL,NULL,NULL,'--- !ruby/hash:ActiveSupport::HashWithIndifferentAccess\nanschaffungskategorie: AV-Technik\nreference: invoice\numzug: zgeln\nankunftszustand: intakt\n','2013-09-01 00:41:03','2013-09-01 00:41:03'),(134,'cand5','cand5',80,41,134,1,NULL,NULL,'2010-04-05','2013-09-01',NULL,NULL,25.00,0,0,0,0,1,1,NULL,NULL,NULL,NULL,NULL,'--- !ruby/hash:ActiveSupport::HashWithIndifferentAccess\nanschaffungskategorie: AV-Technik\nreference: invoice\numzug: zgeln\nankunftszustand: intakt\n','2013-09-01 00:41:03','2013-09-01 00:41:03'),(135,'beam21231','beamas12312',54,41,135,1,NULL,NULL,'2012-09-26','2013-09-01',NULL,NULL,447.00,0,0,0,0,1,1,NULL,NULL,NULL,NULL,NULL,'--- !ruby/hash:ActiveSupport::HashWithIndifferentAccess\nanschaffungskategorie: AV-Technik\nreference: invoice\numzug: zgeln\nankunftszustand: intakt\n','2013-09-01 00:41:03','2013-09-01 00:41:03'),(136,'hifi345','hifi345',111,41,136,1,NULL,NULL,'2010-03-31','2013-09-01',NULL,NULL,1494.00,0,0,0,0,1,1,NULL,NULL,NULL,NULL,NULL,'--- !ruby/hash:ActiveSupport::HashWithIndifferentAccess\nanschaffungskategorie: AV-Technik\nreference: invoice\numzug: zgeln\nankunftszustand: intakt\n','2013-09-01 00:41:03','2013-09-01 00:41:03'),(137,'iMac1','iMac5',142,41,137,1,NULL,NULL,'2011-01-15','2013-09-01','2013-09-01','This Item is gone',278.00,0,0,1,0,1,1,NULL,NULL,NULL,NULL,NULL,'--- !ruby/hash:ActiveSupport::HashWithIndifferentAccess\nanschaffungskategorie: AV-Technik\nreference: invoice\numzug: zgeln\nankunftszustand: intakt\n','2013-09-01 00:41:03','2013-09-01 00:41:03'),(138,'iMac2','iMac6',142,41,138,3,NULL,NULL,'2009-09-28','2013-09-01','2013-09-01','This Item is gone',154.00,0,0,1,0,1,1,NULL,NULL,NULL,NULL,NULL,'--- !ruby/hash:ActiveSupport::HashWithIndifferentAccess\nanschaffungskategorie: AV-Technik\nreference: invoice\numzug: zgeln\nankunftszustand: intakt\n','2013-09-01 00:41:03','2013-09-01 00:41:03'),(139,'qf71n4','dyyp7r',113,41,139,1,NULL,NULL,'2009-05-29','2013-09-01','2013-09-01','This Item is gone',205.00,0,0,1,0,1,1,NULL,NULL,NULL,NULL,NULL,'--- !ruby/hash:ActiveSupport::HashWithIndifferentAccess\nanschaffungskategorie: AV-Technik\nreference: invoice\numzug: zgeln\nankunftszustand: intakt\n','2013-09-01 00:41:03','2013-09-01 00:41:03'),(140,'y6oy54','ayj4wp',113,41,140,1,NULL,NULL,'2008-02-07','2013-09-01',NULL,NULL,1287.00,0,0,1,0,1,1,NULL,NULL,NULL,NULL,NULL,'--- !ruby/hash:ActiveSupport::HashWithIndifferentAccess\nanschaffungskategorie: AV-Technik\nreference: invoice\numzug: zgeln\nankunftszustand: intakt\n','2013-09-01 00:41:03','2013-09-01 00:41:03'),(141,'wlaptop1','wlaptop1',143,41,141,1,NULL,NULL,'2010-03-21','2013-09-01',NULL,NULL,713.00,1,0,1,0,1,1,NULL,NULL,NULL,NULL,NULL,'--- !ruby/hash:ActiveSupport::HashWithIndifferentAccess\nanschaffungskategorie: AV-Technik\nreference: invoice\numzug: zgeln\nankunftszustand: intakt\n','2013-09-01 00:41:03','2013-09-01 00:41:03'),(142,'v120d02','v120d02',144,41,142,1,NULL,NULL,'2009-02-07','2013-09-01',NULL,NULL,1423.00,0,1,1,0,1,1,NULL,NULL,NULL,NULL,NULL,'--- !ruby/hash:ActiveSupport::HashWithIndifferentAccess\nanschaffungskategorie: AV-Technik\nreference: invoice\numzug: zgeln\nankunftszustand: intakt\n','2013-09-01 00:41:03','2013-09-01 00:41:03'),(143,'v120d022g','v120d022g',145,41,143,1,NULL,NULL,'2011-12-10','2013-09-01',NULL,NULL,1337.00,0,0,1,0,1,1,NULL,NULL,NULL,NULL,NULL,'--- !ruby/hash:ActiveSupport::HashWithIndifferentAccess\nanschaffungskategorie: AV-Technik\nreference: invoice\numzug: zgeln\nankunftszustand: intakt\n','2013-09-01 00:41:03','2013-09-01 00:41:03'),(144,'v120d022g2','v120d022g2',145,41,144,1,NULL,NULL,'2011-03-17','2013-09-01',NULL,NULL,1399.00,0,0,1,0,1,1,NULL,NULL,NULL,NULL,NULL,'--- !ruby/hash:ActiveSupport::HashWithIndifferentAccess\nanschaffungskategorie: AV-Technik\nreference: invoice\numzug: zgeln\nankunftszustand: intakt\n','2013-09-01 00:41:03','2013-09-01 00:41:03'),(145,'beam897','xyz890',54,41,145,1,NULL,NULL,'2012-07-31','2013-09-01',NULL,NULL,1256.00,0,0,1,0,2,1,NULL,NULL,NULL,NULL,NULL,'--- !ruby/hash:ActiveSupport::HashWithIndifferentAccess\nanschaffungskategorie: AV-Technik\nreference: invoice\numzug: zgeln\nankunftszustand: intakt\n','2013-09-01 00:41:03','2013-09-01 00:41:03'),(146,'minibeam12','xyz890',56,41,146,1,NULL,NULL,'2009-05-03','2013-09-01',NULL,NULL,550.00,0,0,1,0,2,1,NULL,NULL,NULL,NULL,NULL,'--- !ruby/hash:ActiveSupport::HashWithIndifferentAccess\nanschaffungskategorie: AV-Technik\nreference: invoice\numzug: zgeln\nankunftszustand: intakt\n','2013-09-01 00:41:03','2013-09-01 00:41:03'),(147,'minibeam34','xyz890',56,41,147,1,NULL,NULL,'2010-07-07','2013-09-01',NULL,NULL,662.00,0,0,1,0,3,1,NULL,NULL,NULL,NULL,NULL,'--- !ruby/hash:ActiveSupport::HashWithIndifferentAccess\nanschaffungskategorie: AV-Technik\nreference: invoice\numzug: zgeln\nankunftszustand: intakt\n','2013-09-01 00:41:03','2013-09-01 00:41:03'),(148,'vaxz50835rws7smwpab1430','c1:9c:2d:19:30:25-7a:d0:d7:08:64:4b-51:b2:9c:f4:d4:cb',147,NULL,NULL,1,NULL,NULL,NULL,NULL,NULL,NULL,NULL,0,0,0,0,1,0,NULL,NULL,NULL,NULL,NULL,'--- !ruby/hash:ActiveSupport::HashWithIndifferentAccess\nlicense_type: single_workplace\nactivation_type: serial_number\noperating_system:\n- windows\n- linux\ninstallation:\n- citrix\n- web\nreference: invoice\nmaintenance_contract: \'false\'\n','2013-09-01 00:41:03','2013-09-01 00:41:03'),(149,'c942qb3l9ewst3rhsg5p431','6e:d8:70:8b:64:fa-6f:17:4a:29:a1:02-5f:b3:5d:42:e2:3f',148,NULL,NULL,1,NULL,NULL,NULL,NULL,NULL,NULL,NULL,0,0,1,0,1,0,NULL,NULL,NULL,NULL,NULL,'--- !ruby/hash:ActiveSupport::HashWithIndifferentAccess\nlicense_type: single_workplace\nactivation_type: serial_number\noperating_system:\n- windows\n- linux\ninstallation:\n- citrix\n- web\nreference: invoice\nmaintenance_contract: \'false\'\n','2013-09-01 00:41:03','2013-09-01 00:41:03'),(150,'5fbpltfovcvx7k6j82e0432','25:44:25:4e:02:d2-f5:cf:87:96:19:b3-0c:b2:a4:e6:6d:89',149,NULL,NULL,1,NULL,NULL,NULL,NULL,NULL,NULL,NULL,0,0,1,0,2,0,NULL,NULL,NULL,NULL,NULL,'--- !ruby/hash:ActiveSupport::HashWithIndifferentAccess\nlicense_type: single_workplace\nactivation_type: serial_number\noperating_system:\n- windows\n- linux\ninstallation:\n- citrix\n- web\nreference: invoice\nmaintenance_contract: \'false\'\n','2013-09-01 00:41:03','2013-09-01 00:41:03'),(151,'2x1dsqzkg2133rm1rj3p433','2d:86:e6:fe:dd:3d-cd:9f:68:9f:e3:1d-a9:ab:06:53:0b:38',150,NULL,NULL,1,NULL,NULL,NULL,NULL,'2013-09-01','Omnis sapiente quisquam enim repudiandae eius aliquid qui.',NULL,0,0,0,0,1,0,NULL,NULL,NULL,NULL,NULL,'--- !ruby/hash:ActiveSupport::HashWithIndifferentAccess\nlicense_type: single_workplace\nactivation_type: serial_number\noperating_system:\n- windows\n- linux\ninstallation:\n- citrix\n- web\nreference: invoice\nmaintenance_contract: \'false\'\n','2013-09-01 00:41:03','2013-09-01 00:41:03'),(152,'iclgev2cioaiddybb2qa434','b0:70:6b:94:19:d0-bd:53:51:f2:e2:1a-9e:fd:26:83:2a:80',151,NULL,NULL,2,NULL,NULL,NULL,NULL,'2013-09-01','Labore dolores sed iure mollitia qui nisi quis suscipit.',NULL,0,0,0,0,1,0,NULL,NULL,NULL,NULL,NULL,'--- !ruby/hash:ActiveSupport::HashWithIndifferentAccess\nlicense_type: single_workplace\nactivation_type: serial_number\noperating_system:\n- windows\n- linux\ninstallation:\n- citrix\n- web\nreference: invoice\nmaintenance_contract: \'false\'\n','2013-09-01 00:41:03','2013-09-01 00:41:03'),(153,'m1k1mwws9bhpxsv5wx36435','d1:0a:90:ec:9d:ab-e6:14:de:72:c3:21-f9:a3:9b:95:41:4f',152,NULL,NULL,2,NULL,NULL,NULL,NULL,NULL,NULL,NULL,0,0,1,0,2,0,NULL,NULL,NULL,NULL,NULL,'--- !ruby/hash:ActiveSupport::HashWithIndifferentAccess\nlicense_type: single_workplace\nactivation_type: serial_number\noperating_system:\n- windows\n- linux\ninstallation:\n- citrix\n- web\nreference: invoice\nmaintenance_contract: \'false\'\n','2013-09-01 00:41:03','2013-09-01 00:41:03'),(154,'x84fe3ayll2uipzdj2a3436','3c:e5:fc:29:54:6a-e5:4a:53:27:23:a8-94:c9:25:fe:a2:12',153,NULL,NULL,1,NULL,NULL,'2013-09-01',NULL,NULL,NULL,NULL,0,0,0,0,1,0,NULL,NULL,NULL,NULL,NULL,'--- !ruby/hash:ActiveSupport::HashWithIndifferentAccess\nlicense_expiration: \'2013-09-01\'\nmaintenance_contract: \'true\'\nmaintenance_expiration: \'2013-09-01\'\nreference: invoice\nactivation_type: none\nlicense_type: free\n','2013-09-01 00:41:03','2013-09-01 00:41:03'),(155,'r6w8p6pi3re2uxy165uz437','27:c4:40:38:03:32-6f:64:0c:33:1d:3d-30:cb:f4:91:c0:10',154,NULL,NULL,1,NULL,NULL,NULL,NULL,NULL,NULL,NULL,0,0,0,0,1,0,NULL,NULL,NULL,NULL,NULL,'--- !ruby/hash:ActiveSupport::HashWithIndifferentAccess\nquantity_allocations:\n- !ruby/hash:ActiveSupport::HashWithIndifferentAccess\n  room: quo\n  quantity: 2\n- !ruby/hash:ActiveSupport::HashWithIndifferentAccess\n  room: et\n  quantity: 18\nreference: invoice\nactivation_type: none\nlicense_type: free\nmaintenance_contract: \'false\'\n','2013-09-01 00:41:03','2013-09-01 00:41:03'),(156,'y6lgpk098iynrw8fohgw438','d0:15:de:a1:dd:35-0b:1e:54:62:52:3a-d1:29:f0:47:32:82',156,NULL,NULL,1,NULL,NULL,NULL,NULL,NULL,NULL,NULL,0,0,0,0,1,0,NULL,NULL,NULL,NULL,NULL,'--- !ruby/hash:ActiveSupport::HashWithIndifferentAccess\noperating_system:\n- windows\n- linux\nlicense_type: multiple_workplace\ntotal_quantity: 154\nquantity_allocations:\n- !ruby/hash:ActiveSupport::HashWithIndifferentAccess\n  room: iure\n  quantity: 14\n- !ruby/hash:ActiveSupport::HashWithIndifferentAccess\n  room: molestiae\n  quantity: 29\nreference: invoice\nactivation_type: none\nmaintenance_contract: \'false\'\n','2013-09-01 00:41:03','2013-09-01 00:41:03'),(157,'dpzfs1okdg2f7os6t1pw439','c3:e4:23:5c:09:25-2f:11:12:0f:ad:49-b0:62:cb:39:23:5f',158,66,148,1,NULL,NULL,'2008-02-12','2013-09-01',NULL,NULL,1367.00,0,0,1,0,1,1,NULL,NULL,NULL,NULL,NULL,'--- !ruby/hash:ActiveSupport::HashWithIndifferentAccess\nanschaffungskategorie: AV-Technik\nreference: invoice\numzug: zgeln\nankunftszustand: intakt\n','2013-09-01 00:41:03','2013-09-01 00:41:03'),(158,'9y1uzbf20ivm853shmhi440','30:89:2c:bd:bc:ff-de:9d:94:24:8d:c6-49:d8:16:c9:2e:6d',159,NULL,NULL,1,NULL,NULL,NULL,NULL,NULL,NULL,NULL,0,0,1,0,1,0,NULL,NULL,NULL,NULL,NULL,'--- !ruby/hash:ActiveSupport::HashWithIndifferentAccess\nlicense_type: single_workplace\nactivation_type: serial_number\noperating_system:\n- windows\n- linux\ninstallation:\n- citrix\n- web\nreference: invoice\nmaintenance_contract: \'false\'\n','2013-09-01 00:41:03','2013-09-01 00:41:03'),(159,'69uabn8hoxj4sz8iojo9441','db:dd:47:f1:ac:fe-2d:da:b3:b1:9f:a1-d7:67:e8:77:70:6d',160,67,149,5,NULL,NULL,'2010-06-14','2013-08-27',NULL,NULL,1411.00,0,0,1,0,2,1,NULL,NULL,NULL,NULL,NULL,'--- !ruby/hash:ActiveSupport::HashWithIndifferentAccess\nanschaffungskategorie: AV-Technik\nreference: invoice\numzug: zgeln\nankunftszustand: intakt\n','2013-08-27 00:00:00','2013-08-27 00:00:00'),(160,'rwgrrd1hfxawdb5z5ygd442','2d:b3:51:cd:22:c4-1f:d4:f4:9c:8c:6a-b6:28:2d:67:0e:4f',160,68,150,7,NULL,NULL,'2008-04-29','2013-08-27',NULL,NULL,94.00,0,0,1,0,2,1,NULL,NULL,NULL,NULL,NULL,'--- !ruby/hash:ActiveSupport::HashWithIndifferentAccess\nanschaffungskategorie: AV-Technik\nreference: invoice\numzug: zgeln\nankunftszustand: intakt\n','2013-08-27 00:00:00','2013-08-27 00:00:00'),(161,'ryfu889s01y9blre07dt443','45:0b:ab:3d:25:c9-b4:a2:0a:d9:0d:ea-a7:3e:e4:c8:fe:4b',160,69,151,5,NULL,NULL,'2011-08-26','2013-08-27',NULL,NULL,997.00,0,0,1,0,2,1,NULL,NULL,NULL,NULL,NULL,'--- !ruby/hash:ActiveSupport::HashWithIndifferentAccess\nanschaffungskategorie: AV-Technik\nreference: invoice\numzug: zgeln\nankunftszustand: intakt\n','2013-08-27 00:00:00','2013-08-27 00:00:00'),(162,'0vkxuparmcogv8ycboec444','72:3e:2e:81:66:dc-90:22:3d:e4:1a:8d-8a:fb:3d:20:38:ab',164,70,152,7,NULL,NULL,'2009-06-26','2013-09-01',NULL,NULL,1137.00,0,0,1,0,12,1,NULL,NULL,NULL,NULL,NULL,'--- !ruby/hash:ActiveSupport::HashWithIndifferentAccess\nanschaffungskategorie: AV-Technik\nreference: invoice\numzug: zgeln\nankunftszustand: intakt\n','2013-09-01 00:41:03','2013-09-01 00:41:03'),(163,'swszhbmabz744a4ki63v445','94:70:e6:4f:e3:d5-74:49:33:07:b1:52-01:2f:ee:04:36:9c',165,71,153,2,NULL,NULL,'2010-07-23','2013-09-01',NULL,NULL,451.00,0,0,1,0,1,1,NULL,NULL,NULL,NULL,NULL,'--- !ruby/hash:ActiveSupport::HashWithIndifferentAccess\nanschaffungskategorie: AV-Technik\nreference: invoice\numzug: zgeln\nankunftszustand: intakt\n','2013-09-01 00:41:03','2013-09-01 00:41:03'),(164,'ifsrivrrd4pmjemkosyb446','dc:2f:98:77:27:d1-1a:d1:f4:a2:cc:6e-c5:f5:d9:63:20:36',166,72,154,9,NULL,NULL,'2010-10-13','2013-09-01',NULL,NULL,550.00,0,0,1,0,1,1,NULL,NULL,NULL,NULL,NULL,'--- !ruby/hash:ActiveSupport::HashWithIndifferentAccess\nanschaffungskategorie: AV-Technik\nreference: invoice\numzug: zgeln\nankunftszustand: intakt\n','2013-09-01 00:41:03','2013-09-01 00:41:03'),(165,'pfw5nx33747otjpj7bz9447','c7:05:ef:76:1f:1f-59:62:1f:35:e6:4f-d8:0d:c5:1b:10:cf',167,73,155,8,NULL,NULL,'2010-01-11','2013-09-01',NULL,NULL,1145.00,0,0,1,0,1,1,NULL,NULL,NULL,NULL,NULL,'--- !ruby/hash:ActiveSupport::HashWithIndifferentAccess\nanschaffungskategorie: AV-Technik\nreference: invoice\numzug: zgeln\nankunftszustand: intakt\n','2013-09-01 00:41:03','2013-09-01 00:41:03'),(166,'e5lgp9p7oxy4bmyeswnf448','06:22:84:8f:e7:d9-bd:fc:b9:27:a2:70-82:87:61:c7:59:bf',168,74,156,9,NULL,NULL,'2011-05-28','2013-09-01',NULL,NULL,1412.00,0,0,1,0,1,1,NULL,NULL,NULL,NULL,NULL,'--- !ruby/hash:ActiveSupport::HashWithIndifferentAccess\nanschaffungskategorie: AV-Technik\nreference: invoice\numzug: zgeln\nankunftszustand: intakt\n','2013-09-01 00:41:03','2013-09-01 00:41:03'),(167,'zyq1ji51jqe77ylprn2g449','1f:6d:4b:7f:6f:7f-5f:81:e4:70:41:19-ce:7d:72:ad:aa:a2',169,75,157,10,NULL,NULL,'2008-05-16','2013-09-01',NULL,NULL,1471.00,0,0,1,0,1,1,NULL,NULL,NULL,NULL,NULL,'--- !ruby/hash:ActiveSupport::HashWithIndifferentAccess\nanschaffungskategorie: AV-Technik\nreference: invoice\numzug: zgeln\nankunftszustand: intakt\n','2013-09-01 00:41:03','2013-09-01 00:41:03'),(168,'i63mhahnpouzx610szm8450','02:55:4d:2c:86:ac-9f:ec:21:a8:9f:58-98:29:3a:8d:bd:42',170,76,158,4,NULL,NULL,'2008-03-25','2013-09-01',NULL,NULL,106.00,0,0,1,0,1,1,NULL,NULL,NULL,NULL,NULL,'--- !ruby/hash:ActiveSupport::HashWithIndifferentAccess\nanschaffungskategorie: AV-Technik\nreference: invoice\numzug: zgeln\nankunftszustand: intakt\n','2013-09-01 00:41:03','2013-09-01 00:41:03'),(169,'odwzee88n9w0v6pegqqz451','a0:d6:0a:c6:c8:47-04:48:a2:92:fa:4c-93:47:00:d7:25:fd',171,77,159,4,NULL,NULL,'2008-12-01','2013-09-01',NULL,NULL,408.00,0,0,1,0,1,1,NULL,NULL,NULL,NULL,NULL,'--- !ruby/hash:ActiveSupport::HashWithIndifferentAccess\nanschaffungskategorie: AV-Technik\nreference: invoice\numzug: zgeln\nankunftszustand: intakt\n','2013-09-01 00:41:03','2013-09-01 00:41:03'),(170,'7cfgm8oa4d5kznlsyhjb452','53:7c:df:0e:d7:09-fe:bd:7f:38:2b:ae-4e:49:df:fd:6c:78',172,78,160,10,NULL,NULL,'2010-06-13','2013-09-01',NULL,NULL,1310.00,0,0,1,0,1,1,NULL,NULL,NULL,NULL,NULL,'--- !ruby/hash:ActiveSupport::HashWithIndifferentAccess\nanschaffungskategorie: AV-Technik\nreference: invoice\numzug: zgeln\nankunftszustand: intakt\n','2013-09-01 00:41:03','2013-09-01 00:41:03'),(171,'95iacaf0wy5ltpa722hr453','bb:98:5a:59:1d:f2-31:81:0d:aa:0e:95-fd:44:8b:c8:dd:64',173,79,161,7,NULL,NULL,'2009-08-03','2013-09-01',NULL,NULL,860.00,0,0,1,0,1,1,NULL,NULL,NULL,NULL,NULL,'--- !ruby/hash:ActiveSupport::HashWithIndifferentAccess\nanschaffungskategorie: AV-Technik\nreference: invoice\numzug: zgeln\nankunftszustand: intakt\n','2013-09-01 00:41:03','2013-09-01 00:41:03'),(172,'asfqbc027uaz76h1ym8v454','0b:de:34:f1:7e:cf-31:b2:71:0d:ef:24-cf:97:62:6b:b9:61',174,80,162,8,NULL,NULL,'2011-06-07','2013-09-01',NULL,NULL,267.00,0,0,1,0,1,1,NULL,NULL,NULL,NULL,NULL,'--- !ruby/hash:ActiveSupport::HashWithIndifferentAccess\nanschaffungskategorie: AV-Technik\nreference: invoice\numzug: zgeln\nankunftszustand: intakt\n','2013-09-01 00:41:03','2013-09-01 00:41:03'),(173,'lk1juqktbx4q8yfswetx455','7c:e2:90:49:af:14-c4:b1:c8:72:32:85-50:24:56:20:9e:07',175,81,163,2,NULL,NULL,'2011-05-26','2013-09-01',NULL,NULL,688.00,0,0,1,0,1,1,NULL,NULL,NULL,NULL,NULL,'--- !ruby/hash:ActiveSupport::HashWithIndifferentAccess\nanschaffungskategorie: AV-Technik\nreference: invoice\numzug: zgeln\nankunftszustand: intakt\n','2013-09-01 00:41:03','2013-09-01 00:41:03'),(174,'uvoovht298p6gkbcz41c456','b3:b0:f9:40:29:0a-04:fa:e8:9f:33:36-8e:64:db:dc:72:c2',176,82,164,1,NULL,NULL,'2009-11-25','2013-09-01',NULL,NULL,1071.00,0,0,1,0,1,1,NULL,NULL,NULL,NULL,NULL,'--- !ruby/hash:ActiveSupport::HashWithIndifferentAccess\nanschaffungskategorie: AV-Technik\nreference: invoice\numzug: zgeln\nankunftszustand: intakt\n','2013-09-01 00:41:03','2013-09-01 00:41:03'),(175,'aneaia2xlwdl6s9penr9457','a7:2e:f8:3a:e4:77-b2:62:e0:75:17:68-dd:5a:22:73:d7:b5',177,83,165,1,NULL,NULL,'2010-08-25','2013-09-01',NULL,NULL,1349.00,0,0,1,0,1,1,NULL,NULL,NULL,NULL,NULL,'--- !ruby/hash:ActiveSupport::HashWithIndifferentAccess\nanschaffungskategorie: AV-Technik\nreference: invoice\numzug: zgeln\nankunftszustand: intakt\n','2013-09-01 00:41:03','2013-09-01 00:41:03'),(176,'qvtkpo7gyvte9mqg64qt458','a1:a3:11:b9:7a:16-06:80:eb:1a:f0:b9-78:ef:0e:85:e2:2d',178,84,166,6,NULL,NULL,'2009-01-26','2013-09-01',NULL,NULL,1310.00,0,0,1,0,1,1,NULL,NULL,NULL,NULL,NULL,'--- !ruby/hash:ActiveSupport::HashWithIndifferentAccess\nanschaffungskategorie: AV-Technik\nreference: invoice\numzug: zgeln\nankunftszustand: intakt\n','2013-09-01 00:41:03','2013-09-01 00:41:03'),(177,'x80b22y3c12pohrbifgq459','29:d3:e2:2e:0a:c8-1b:51:eb:c4:01:7c-c0:9f:82:2d:cd:a2',179,85,167,1,NULL,NULL,'2010-01-22','2013-08-27',NULL,NULL,1122.00,0,0,1,0,1,1,NULL,NULL,NULL,NULL,NULL,'--- !ruby/hash:ActiveSupport::HashWithIndifferentAccess\nanschaffungskategorie: AV-Technik\nreference: invoice\numzug: zgeln\nankunftszustand: intakt\n','2013-08-27 00:00:00','2013-08-27 00:00:00'),(178,'jgxvfab6apq0q67mkob7460','70:9b:b1:ca:53:67-c3:41:37:8e:ef:fb-5a:ae:2d:a5:98:4e',180,86,168,7,NULL,NULL,'2009-12-30','2013-08-27',NULL,NULL,69.00,0,0,1,0,1,1,NULL,NULL,NULL,NULL,NULL,'--- !ruby/hash:ActiveSupport::HashWithIndifferentAccess\nanschaffungskategorie: AV-Technik\nreference: invoice\numzug: zgeln\nankunftszustand: intakt\n','2013-08-27 00:00:00','2013-08-27 00:00:00'),(179,'y6v454e0a8vddausueot461','fc:a0:33:cf:5c:63-d7:d0:dc:e0:1b:7d-91:2f:3c:9b:e6:da',181,87,169,6,NULL,NULL,'2009-02-08','2013-08-27',NULL,NULL,397.00,0,0,1,0,1,1,NULL,NULL,NULL,NULL,NULL,'--- !ruby/hash:ActiveSupport::HashWithIndifferentAccess\nanschaffungskategorie: AV-Technik\nreference: invoice\numzug: zgeln\nankunftszustand: intakt\n','2013-08-27 00:00:00','2013-08-27 00:00:00'),(180,'jpk2wsfg835rbns4jwrw462','f0:92:6e:09:2f:36-c1:b4:d0:ae:b9:7a-f0:74:74:de:d1:ee',182,88,170,10,NULL,NULL,'2010-11-29','2013-08-27',NULL,NULL,328.00,0,0,1,0,1,1,NULL,NULL,NULL,NULL,NULL,'--- !ruby/hash:ActiveSupport::HashWithIndifferentAccess\nanschaffungskategorie: AV-Technik\nreference: invoice\numzug: zgeln\nankunftszustand: intakt\n','2013-08-27 00:00:00','2013-08-27 00:00:00'),(181,'syjkgdm7v04ukxsxno9w463','6e:a0:59:27:5e:c1-0c:71:42:ad:e9:68-ba:00:cc:bb:c9:db',183,89,171,10,NULL,NULL,'2011-04-03','2013-08-27',NULL,NULL,722.00,0,0,1,0,1,1,NULL,NULL,NULL,NULL,NULL,'--- !ruby/hash:ActiveSupport::HashWithIndifferentAccess\nanschaffungskategorie: AV-Technik\nreference: invoice\numzug: zgeln\nankunftszustand: intakt\n','2013-08-27 00:00:00','2013-08-27 00:00:00'),(182,'g6uzl7529oberxpontud464','41:ba:13:e7:aa:9f-c0:0e:10:0f:54:b2-b3:6c:66:2f:b0:cc',184,90,172,6,NULL,NULL,'2009-12-13','2013-09-01',NULL,NULL,679.00,0,0,1,0,1,1,NULL,NULL,NULL,NULL,NULL,'--- !ruby/hash:ActiveSupport::HashWithIndifferentAccess\nanschaffungskategorie: AV-Technik\nreference: invoice\numzug: zgeln\nankunftszustand: intakt\n','2013-09-01 00:41:03','2013-09-01 00:41:03'),(183,'f6p917tcik9fq5uqh5r7465','45:26:ad:84:c8:ac-e6:2b:76:16:2a:31-06:4d:b4:1f:9f:ad',184,91,173,8,NULL,NULL,'2008-06-26','2013-09-01',NULL,NULL,1030.00,0,0,1,0,1,1,NULL,NULL,NULL,NULL,NULL,'--- !ruby/hash:ActiveSupport::HashWithIndifferentAccess\nanschaffungskategorie: AV-Technik\nreference: invoice\numzug: zgeln\nankunftszustand: intakt\n','2013-09-01 00:41:03','2013-09-01 00:41:03'),(184,'x8o5dzvaz607cfd4kgki466','a4:e9:b2:72:2e:90-b4:22:9c:ba:42:3f-a6:12:2d:56:09:ff',184,92,174,12,NULL,NULL,'2009-04-16','2013-09-01',NULL,NULL,461.00,0,0,1,0,1,1,NULL,NULL,NULL,NULL,NULL,'--- !ruby/hash:ActiveSupport::HashWithIndifferentAccess\nanschaffungskategorie: AV-Technik\nreference: invoice\numzug: zgeln\nankunftszustand: intakt\n','2013-09-01 00:41:03','2013-09-01 00:41:03'),(185,'3yb2rhd098873gw3vuap467','55:f2:68:26:72:94-25:bf:cb:8f:04:59-0e:0e:a8:0a:56:f4',188,93,175,9,NULL,NULL,'2012-06-07','2013-09-01',NULL,NULL,685.00,0,0,1,0,1,1,NULL,NULL,NULL,NULL,NULL,'--- !ruby/hash:ActiveSupport::HashWithIndifferentAccess\nanschaffungskategorie: AV-Technik\nreference: invoice\numzug: zgeln\nankunftszustand: intakt\n','2013-09-01 00:41:03','2013-09-01 00:41:03'),(186,'259ca84w5tw96dnypzfc468','3f:01:60:7f:30:76-cf:61:26:b1:6b:7f-6a:7b:02:34:a4:d6',188,94,176,5,NULL,NULL,'2008-09-28','2013-09-01',NULL,NULL,150.00,0,0,1,0,1,1,NULL,NULL,NULL,NULL,NULL,'--- !ruby/hash:ActiveSupport::HashWithIndifferentAccess\nanschaffungskategorie: AV-Technik\nreference: invoice\numzug: zgeln\nankunftszustand: intakt\n','2013-09-01 00:41:03','2013-09-01 00:41:03'),(187,'uz9csaybg2u0x4seenwp469','05:29:e8:da:da:b7-08:29:fc:ff:4e:a4-dc:40:a3:58:a1:18',188,95,177,2,NULL,NULL,'2012-01-02','2013-09-01',NULL,NULL,188.00,0,0,1,0,1,1,NULL,NULL,NULL,NULL,NULL,'--- !ruby/hash:ActiveSupport::HashWithIndifferentAccess\nanschaffungskategorie: AV-Technik\nreference: invoice\numzug: zgeln\nankunftszustand: intakt\n','2013-09-01 00:41:03','2013-09-01 00:41:03'),(188,'lre9ms3sl0uq2yknyhya470','86:07:13:51:82:7a-35:37:6c:21:53:96-bd:f2:d3:ea:d0:cc',192,96,178,5,NULL,NULL,'2012-04-08','2013-09-01',NULL,NULL,619.00,0,0,1,0,1,1,NULL,NULL,NULL,NULL,NULL,'--- !ruby/hash:ActiveSupport::HashWithIndifferentAccess\nanschaffungskategorie: AV-Technik\nreference: invoice\numzug: zgeln\nankunftszustand: intakt\n','2013-09-01 00:41:03','2013-09-01 00:41:03'),(189,'bmiegxg1xo5yd6fihs9m471','67:e5:ea:6c:0a:ee-07:4b:a8:25:fb:08-9f:2d:f7:65:d7:34',192,97,179,12,NULL,NULL,'2009-02-18','2013-09-01',NULL,NULL,412.00,0,0,1,0,1,1,NULL,NULL,NULL,NULL,NULL,'--- !ruby/hash:ActiveSupport::HashWithIndifferentAccess\nanschaffungskategorie: AV-Technik\nreference: invoice\numzug: zgeln\nankunftszustand: intakt\n','2013-09-01 00:41:03','2013-09-01 00:41:03'),(190,'wla9luchlx2ovqt17wlf472','da:09:58:d2:4a:0c-92:b8:52:98:59:43-3a:60:27:d6:c9:67',192,98,180,2,NULL,NULL,'2010-09-12','2013-09-01',NULL,NULL,335.00,0,0,1,0,1,1,NULL,NULL,NULL,NULL,NULL,'--- !ruby/hash:ActiveSupport::HashWithIndifferentAccess\nanschaffungskategorie: AV-Technik\nreference: invoice\numzug: zgeln\nankunftszustand: intakt\n','2013-09-01 00:41:03','2013-09-01 00:41:03'),(191,'zhcm4714xavjqturglnn473','06:2b:93:c6:b0:20-9c:b8:43:81:da:3a-55:77:cf:45:99:9e',196,99,181,9,NULL,NULL,'2011-10-08','2013-09-01',NULL,NULL,486.00,0,0,1,0,1,1,NULL,NULL,NULL,NULL,NULL,'--- !ruby/hash:ActiveSupport::HashWithIndifferentAccess\nanschaffungskategorie: AV-Technik\nreference: invoice\numzug: zgeln\nankunftszustand: intakt\n','2013-09-01 00:41:03','2013-09-01 00:41:03'),(192,'dlwk8mxn6e44s2s2gh9t474','01:fe:95:be:30:9e-eb:36:8e:8b:7e:38-ad:37:0a:70:5c:ce',196,100,182,11,NULL,NULL,'2009-05-03','2013-09-01',NULL,NULL,172.00,0,0,1,0,1,1,NULL,NULL,NULL,NULL,NULL,'--- !ruby/hash:ActiveSupport::HashWithIndifferentAccess\nanschaffungskategorie: AV-Technik\nreference: invoice\numzug: zgeln\nankunftszustand: intakt\n','2013-09-01 00:41:03','2013-09-01 00:41:03'),(193,'0xtg7gdm4gdems5dorox475','22:5e:df:55:a3:2b-93:e9:a9:af:37:be-7c:02:93:70:bc:4d',196,101,183,2,NULL,NULL,'2009-05-19','2013-09-01',NULL,NULL,208.00,0,0,1,0,1,1,NULL,NULL,NULL,NULL,NULL,'--- !ruby/hash:ActiveSupport::HashWithIndifferentAccess\nanschaffungskategorie: AV-Technik\nreference: invoice\numzug: zgeln\nankunftszustand: intakt\n','2013-09-01 00:41:03','2013-09-01 00:41:03'),(194,'hgrd9bo5ll6rszt7oczf476','e2:b2:ed:28:9b:05-cb:64:9e:ef:0e:ab-09:ab:c1:0d:1b:34',200,102,184,10,NULL,NULL,'2010-09-21','2013-09-01',NULL,NULL,156.00,0,0,1,0,1,1,NULL,NULL,NULL,NULL,NULL,'--- !ruby/hash:ActiveSupport::HashWithIndifferentAccess\nanschaffungskategorie: AV-Technik\nreference: invoice\numzug: zgeln\nankunftszustand: intakt\n','2013-09-01 00:41:03','2013-09-01 00:41:03'),(195,'ff53v6evx9hhjzlmofgo477','12:f8:07:21:17:02-50:fe:ce:dd:58:2c-51:f1:14:60:ea:61',200,103,185,10,NULL,NULL,'2010-08-17','2013-09-01',NULL,NULL,720.00,0,0,1,0,1,1,NULL,NULL,NULL,NULL,NULL,'--- !ruby/hash:ActiveSupport::HashWithIndifferentAccess\nanschaffungskategorie: AV-Technik\nreference: invoice\numzug: zgeln\nankunftszustand: intakt\n','2013-09-01 00:41:03','2013-09-01 00:41:03'),(196,'7ov9iq98fk8jlebff8zn478','56:b0:d0:f0:c0:14-41:0b:c9:92:03:21-a3:e5:63:4e:fb:87',200,104,186,12,NULL,NULL,'2012-12-11','2013-09-01',NULL,NULL,736.00,0,0,1,0,1,1,NULL,NULL,NULL,NULL,NULL,'--- !ruby/hash:ActiveSupport::HashWithIndifferentAccess\nanschaffungskategorie: AV-Technik\nreference: invoice\numzug: zgeln\nankunftszustand: intakt\n','2013-09-01 00:41:03','2013-09-01 00:41:03'),(197,'0n8ehiznscxzh82e4zhl479','19:c8:b1:a6:6c:c8-f7:15:66:5d:48:a0-17:77:4e:6f:ee:6a',204,105,187,8,NULL,NULL,'2011-07-18','2013-09-01',NULL,NULL,1240.00,0,0,1,0,1,1,NULL,NULL,NULL,NULL,NULL,'--- !ruby/hash:ActiveSupport::HashWithIndifferentAccess\nanschaffungskategorie: AV-Technik\nreference: invoice\numzug: zgeln\nankunftszustand: intakt\n','2013-09-01 00:41:03','2013-09-01 00:41:03'),(198,'to5mcgmlfw8g6s4jnck8480','2d:32:e4:19:d8:09-17:8c:a0:b5:f8:be-bb:12:d7:ca:8c:97',204,106,188,12,NULL,NULL,'2012-06-21','2013-09-01',NULL,NULL,76.00,0,0,1,0,1,1,NULL,NULL,NULL,NULL,NULL,'--- !ruby/hash:ActiveSupport::HashWithIndifferentAccess\nanschaffungskategorie: AV-Technik\nreference: invoice\numzug: zgeln\nankunftszustand: intakt\n','2013-09-01 00:41:03','2013-09-01 00:41:03'),(199,'ayv35a2xemn1bko39jio481','af:3c:66:1f:e4:76-5e:f0:bb:86:83:5f-60:91:14:45:ae:5c',204,107,189,12,NULL,NULL,'2009-11-13','2013-09-01',NULL,NULL,936.00,0,0,1,0,1,1,NULL,NULL,NULL,NULL,NULL,'--- !ruby/hash:ActiveSupport::HashWithIndifferentAccess\nanschaffungskategorie: AV-Technik\nreference: invoice\numzug: zgeln\nankunftszustand: intakt\n','2013-09-01 00:41:03','2013-09-01 00:41:03'),(200,'kjitquxohty22dn78g0a482','76:b7:e5:ed:45:34-e3:6e:8f:8a:c9:88-b0:6d:29:de:77:67',208,108,190,1,NULL,NULL,'2010-01-15','2013-09-01',NULL,NULL,57.00,0,0,1,0,1,1,NULL,NULL,NULL,NULL,NULL,'--- !ruby/hash:ActiveSupport::HashWithIndifferentAccess\nanschaffungskategorie: AV-Technik\nreference: invoice\numzug: zgeln\nankunftszustand: intakt\n','2013-09-01 00:41:03','2013-09-01 00:41:03'),(201,'jcwarhxo4ho027nj76mi483','10:4a:cb:b6:f8:4b-79:21:f7:a3:97:e5-e0:73:04:07:d9:c4',208,109,191,6,NULL,NULL,'2012-08-20','2013-09-01',NULL,NULL,1398.00,0,0,1,0,1,1,NULL,NULL,NULL,NULL,NULL,'--- !ruby/hash:ActiveSupport::HashWithIndifferentAccess\nanschaffungskategorie: AV-Technik\nreference: invoice\numzug: zgeln\nankunftszustand: intakt\n','2013-09-01 00:41:03','2013-09-01 00:41:03'),(202,'sxrmi63jvq4cg2slhl7m484','eb:05:45:64:ed:f2-01:ba:16:73:84:c9-ab:9d:d8:07:1f:6d',208,110,192,10,NULL,NULL,'2010-11-01','2013-09-01',NULL,NULL,347.00,0,0,1,0,1,1,NULL,NULL,NULL,NULL,NULL,'--- !ruby/hash:ActiveSupport::HashWithIndifferentAccess\nanschaffungskategorie: AV-Technik\nreference: invoice\numzug: zgeln\nankunftszustand: intakt\n','2013-09-01 00:41:03','2013-09-01 00:41:03'),(203,'c7yd02gy095pw8nvbmkc485','9e:62:05:8f:b2:d5-7d:84:b7:6e:4f:d2-49:1a:0d:a5:55:7e',212,111,193,1,NULL,NULL,'2010-07-04','2013-09-01',NULL,NULL,431.00,0,0,1,0,1,1,NULL,NULL,NULL,NULL,NULL,'--- !ruby/hash:ActiveSupport::HashWithIndifferentAccess\nanschaffungskategorie: AV-Technik\nreference: invoice\numzug: zgeln\nankunftszustand: intakt\n','2013-09-01 00:41:03','2013-09-01 00:41:03'),(204,'h4morv759wr09xed10s6486','c8:15:ce:9c:84:96-72:11:5a:5d:d6:34-84:db:87:d7:44:cc',213,NULL,NULL,1,NULL,NULL,NULL,NULL,NULL,NULL,NULL,0,0,0,0,2,0,NULL,NULL,NULL,NULL,NULL,'--- !ruby/hash:ActiveSupport::HashWithIndifferentAccess\noperating_system:\n- windows\n- linux\n- mac_os_x\nlicense_type: concurrent\ntotal_quantity: 80\nreference: invoice\nactivation_type: none\nmaintenance_contract: \'false\'\n','2013-09-01 00:41:03','2013-09-01 00:41:03'),(205,'74cv39iib7xku37beacu487','5a:5a:87:03:2b:4d-1c:a6:0d:25:1a:c6-28:a2:aa:32:06:b4',214,112,194,7,NULL,NULL,'2012-07-16','2013-09-01',NULL,NULL,1177.00,0,0,1,0,1,1,NULL,NULL,NULL,NULL,NULL,'--- !ruby/hash:ActiveSupport::HashWithIndifferentAccess\nanschaffungskategorie: AV-Technik\nreference: invoice\numzug: zgeln\nankunftszustand: intakt\n','2013-09-01 00:41:03','2013-09-01 00:41:03'),(206,'51md8ogwmpht1tfm1188488','82:c6:79:a4:ec:be-28:4b:e7:29:78:7d-f2:cc:f8:d0:dc:63',214,113,195,5,NULL,NULL,'2010-05-04','2013-09-01',NULL,NULL,403.00,0,0,1,0,1,1,NULL,NULL,NULL,NULL,NULL,'--- !ruby/hash:ActiveSupport::HashWithIndifferentAccess\nanschaffungskategorie: AV-Technik\nreference: invoice\numzug: zgeln\nankunftszustand: intakt\n','2013-09-01 00:41:03','2013-09-01 00:41:03'),(207,'qqrg2o4r9rd0xzhf1qnj489','5c:bc:aa:e0:ac:3d-54:12:fc:18:34:9d-12:ad:eb:08:5d:b4',214,114,196,2,NULL,NULL,'2010-02-06','2013-09-01',NULL,NULL,397.00,0,0,1,0,1,1,NULL,NULL,NULL,NULL,NULL,'--- !ruby/hash:ActiveSupport::HashWithIndifferentAccess\nanschaffungskategorie: AV-Technik\nreference: invoice\numzug: zgeln\nankunftszustand: intakt\n','2013-09-01 00:41:03','2013-09-01 00:41:03'),(208,'l4n03cyolchpgkf9rzhr490','48:8d:80:0b:a6:7c-e3:f1:5d:b3:7a:dd-58:24:15:8a:fd:fb',218,115,197,2,NULL,NULL,'2009-05-31','2013-08-31',NULL,NULL,674.00,0,0,1,0,1,1,NULL,NULL,NULL,NULL,NULL,'--- !ruby/hash:ActiveSupport::HashWithIndifferentAccess\nanschaffungskategorie: AV-Technik\nreference: invoice\numzug: zgeln\nankunftszustand: intakt\n','2013-08-31 12:58:28','2013-08-31 12:58:28'),(209,'cys8omk55b8khdwwy382491','4d:5f:71:de:5d:88-09:15:ac:3a:7a:ca-b4:70:45:08:5b:d4',219,116,198,4,NULL,NULL,'2009-12-15','2013-08-31',NULL,NULL,328.00,0,0,1,0,1,1,NULL,NULL,NULL,NULL,NULL,'--- !ruby/hash:ActiveSupport::HashWithIndifferentAccess\nanschaffungskategorie: AV-Technik\nreference: invoice\numzug: zgeln\nankunftszustand: intakt\n','2013-08-31 12:58:28','2013-08-31 12:58:28'),(210,'i2o07sdqe4k7f875ouad492','f9:01:37:03:a4:90-f9:f9:8a:74:2a:93-41:77:a9:d0:ef:13',220,117,199,10,NULL,NULL,'2011-08-25','2013-08-31',NULL,NULL,662.00,0,0,1,0,1,1,NULL,NULL,NULL,NULL,NULL,'--- !ruby/hash:ActiveSupport::HashWithIndifferentAccess\nanschaffungskategorie: AV-Technik\nreference: invoice\numzug: zgeln\nankunftszustand: intakt\n','2013-08-31 12:58:28','2013-08-31 12:58:28'),(211,'quurztd80w2cpdbcyxig493','56:04:8c:ac:bb:d6-85:be:43:45:e0:52-fc:5c:cd:1d:b5:56',221,118,200,12,NULL,NULL,'2008-08-09','2013-08-31',NULL,NULL,1246.00,0,0,1,0,1,1,NULL,NULL,NULL,NULL,NULL,'--- !ruby/hash:ActiveSupport::HashWithIndifferentAccess\nanschaffungskategorie: AV-Technik\nreference: invoice\numzug: zgeln\nankunftszustand: intakt\n','2013-08-31 12:58:28','2013-08-31 12:58:28'),(212,'3epfpxyvdkqhwudofi4r494','f7:21:82:6c:05:d6-f3:55:43:21:4a:b4-4a:92:d5:78:ff:cf',222,119,201,3,NULL,NULL,'2011-09-23','2013-08-31',NULL,NULL,1224.00,0,0,1,0,1,1,NULL,NULL,NULL,NULL,NULL,'--- !ruby/hash:ActiveSupport::HashWithIndifferentAccess\nanschaffungskategorie: AV-Technik\nreference: invoice\numzug: zgeln\nankunftszustand: intakt\n','2013-08-31 12:58:28','2013-08-31 12:58:28'),(213,'frxg6gxj031g9uizzls3495','3c:09:2a:40:01:52-80:ea:ed:39:98:6d-d5:50:2b:4c:10:d6',223,120,202,7,NULL,NULL,'2010-10-30','2013-08-31',NULL,NULL,250.00,0,0,1,0,1,1,NULL,NULL,NULL,NULL,NULL,'--- !ruby/hash:ActiveSupport::HashWithIndifferentAccess\nanschaffungskategorie: AV-Technik\nreference: invoice\numzug: zgeln\nankunftszustand: intakt\n','2013-08-31 12:58:28','2013-08-31 12:58:28'),(214,'hcylel7t5te26fshc0yf496','58:95:28:50:ab:b1-f0:76:3d:6f:59:f6-53:2d:0e:8e:bb:0d',223,121,203,1,NULL,NULL,'2011-04-27','2013-08-31',NULL,NULL,57.00,0,0,1,0,1,1,NULL,NULL,NULL,NULL,NULL,'--- !ruby/hash:ActiveSupport::HashWithIndifferentAccess\nanschaffungskategorie: AV-Technik\nreference: invoice\numzug: zgeln\nankunftszustand: intakt\n','2013-08-31 12:58:28','2013-08-31 12:58:28'),(215,'k06z7nalunbba9cvmh07497','5d:c6:e8:b7:e7:b9-76:30:dd:0b:89:29-ff:3a:b4:18:41:49',223,122,204,10,NULL,NULL,'2012-02-14','2013-08-31',NULL,NULL,661.00,0,0,1,0,1,1,NULL,NULL,NULL,NULL,NULL,'--- !ruby/hash:ActiveSupport::HashWithIndifferentAccess\nanschaffungskategorie: AV-Technik\nreference: invoice\numzug: zgeln\nankunftszustand: intakt\n','2013-08-31 12:58:28','2013-08-31 12:58:28'),(216,'l03rfsvx78gqf7of1wgg498','52:dd:53:3d:e3:42-e0:cf:e0:fe:2e:34-b4:bb:d4:51:95:12',227,123,205,6,NULL,NULL,'2008-04-07','2013-08-31',NULL,NULL,897.00,0,0,1,0,1,1,NULL,NULL,NULL,NULL,NULL,'--- !ruby/hash:ActiveSupport::HashWithIndifferentAccess\nanschaffungskategorie: AV-Technik\nreference: invoice\numzug: zgeln\nankunftszustand: intakt\n','2013-08-31 12:58:28','2013-08-31 12:58:28'),(217,'1nb326hpgc469mju2lw8499','de:36:6e:0f:b2:f7-be:fb:eb:1a:b8:e0-13:07:d2:06:d7:54',228,124,206,9,NULL,NULL,'2012-10-02','2013-08-31',NULL,NULL,809.00,0,0,1,0,1,1,NULL,NULL,NULL,NULL,NULL,'--- !ruby/hash:ActiveSupport::HashWithIndifferentAccess\nanschaffungskategorie: AV-Technik\nreference: invoice\numzug: zgeln\nankunftszustand: intakt\n','2013-08-31 12:58:28','2013-08-31 12:58:28'),(218,'gxgfi9e2py4hetab87yp500','4d:dc:03:97:21:bc-bb:fb:0e:ec:0e:1e-68:12:fd:16:27:9e',229,125,207,3,NULL,NULL,'2009-06-13','2013-08-31',NULL,NULL,1394.00,0,0,1,0,1,1,NULL,NULL,NULL,NULL,NULL,'--- !ruby/hash:ActiveSupport::HashWithIndifferentAccess\nanschaffungskategorie: AV-Technik\nreference: invoice\numzug: zgeln\nankunftszustand: intakt\n','2013-08-31 12:58:28','2013-08-31 12:58:28'),(219,'dhy295bugbpedpi0tx1e501','4f:36:2a:47:1a:df-32:98:83:e2:22:b4-00:bc:1d:90:3f:d7',230,126,208,6,NULL,NULL,'2012-05-22','2013-08-31',NULL,NULL,605.00,0,0,1,0,1,1,NULL,NULL,NULL,NULL,NULL,'--- !ruby/hash:ActiveSupport::HashWithIndifferentAccess\nanschaffungskategorie: AV-Technik\nreference: invoice\numzug: zgeln\nankunftszustand: intakt\n','2013-08-31 12:58:28','2013-08-31 12:58:28'),(220,'12l28k7tlvqdv39ndcwk502','c3:5a:d3:9b:96:3e-5b:0f:3c:3a:c4:12-6c:65:d4:fd:fe:77',231,127,209,12,NULL,NULL,'2008-02-17','2013-08-31',NULL,NULL,386.00,0,0,1,0,1,1,NULL,NULL,NULL,NULL,NULL,'--- !ruby/hash:ActiveSupport::HashWithIndifferentAccess\nanschaffungskategorie: AV-Technik\nreference: invoice\numzug: zgeln\nankunftszustand: intakt\n','2013-08-31 12:58:28','2013-08-31 12:58:28'),(221,'lhqr28jtdz1w2afb3jvy503','ac:85:cd:fa:79:64-71:28:7a:f4:cf:e0-b1:41:f8:70:b7:02',231,128,210,2,NULL,NULL,'2012-09-23','2013-08-31',NULL,NULL,310.00,0,0,1,0,1,1,NULL,NULL,NULL,NULL,NULL,'--- !ruby/hash:ActiveSupport::HashWithIndifferentAccess\nanschaffungskategorie: AV-Technik\nreference: invoice\numzug: zgeln\nankunftszustand: intakt\n','2013-08-31 12:58:28','2013-08-31 12:58:28'),(222,'htuk3omrigbbaze9pepz504','b8:b7:54:8a:28:0d-42:13:75:a4:8d:14-66:59:4d:cb:68:17',231,129,211,9,NULL,NULL,'2010-03-07','2013-08-31',NULL,NULL,789.00,0,0,1,0,1,1,NULL,NULL,NULL,NULL,NULL,'--- !ruby/hash:ActiveSupport::HashWithIndifferentAccess\nanschaffungskategorie: AV-Technik\nreference: invoice\numzug: zgeln\nankunftszustand: intakt\n','2013-08-31 12:58:28','2013-08-31 12:58:28'),(223,'2eu0iwrxrxvfw0psbt7u505','d9:74:0c:e5:09:ec-54:11:24:b5:43:e4-ce:2b:18:18:f2:05',235,130,212,2,NULL,NULL,'2012-06-29','2013-08-31',NULL,NULL,1246.00,0,0,1,0,1,1,NULL,NULL,NULL,NULL,NULL,'--- !ruby/hash:ActiveSupport::HashWithIndifferentAccess\nanschaffungskategorie: AV-Technik\nreference: invoice\numzug: zgeln\nankunftszustand: intakt\n','2013-08-31 12:58:29','2013-08-31 12:58:29'),(224,'gdzr9ofag1z0udrsvve5506','07:a6:f4:59:21:bb-99:ca:79:77:f2:24-56:ad:72:e2:79:2b',236,131,213,7,NULL,NULL,'2012-11-05','2013-08-31',NULL,NULL,1397.00,0,0,1,0,1,1,NULL,NULL,NULL,NULL,NULL,'--- !ruby/hash:ActiveSupport::HashWithIndifferentAccess\nanschaffungskategorie: AV-Technik\nreference: invoice\numzug: zgeln\nankunftszustand: intakt\n','2013-08-31 12:58:29','2013-08-31 12:58:29'),(225,'45omb15qm01lmbqncb52507','0f:f3:08:b1:63:9f-85:85:4e:46:ea:61-a2:34:cf:cc:3f:74',237,132,214,1,NULL,NULL,'2012-12-09','2013-08-31',NULL,NULL,691.00,0,0,1,0,1,1,NULL,NULL,NULL,NULL,NULL,'--- !ruby/hash:ActiveSupport::HashWithIndifferentAccess\nanschaffungskategorie: AV-Technik\nreference: invoice\numzug: zgeln\nankunftszustand: intakt\n','2013-08-31 12:58:29','2013-08-31 12:58:29'),(226,'beygb28x2zt1k228bgoo508','44:f7:36:f0:fc:31-a5:d5:7e:3e:9e:bf-98:f7:ba:d9:d0:5a',238,133,215,8,NULL,NULL,'2010-09-08','2013-08-31',NULL,NULL,171.00,0,0,1,0,1,1,NULL,NULL,NULL,NULL,NULL,'--- !ruby/hash:ActiveSupport::HashWithIndifferentAccess\nanschaffungskategorie: AV-Technik\nreference: invoice\numzug: zgeln\nankunftszustand: intakt\n','2013-08-31 12:58:29','2013-08-31 12:58:29'),(227,'d3ie4v2u30sq5y3fglzl509','e7:ee:33:6b:69:0f-13:dd:4c:03:73:d5-b4:78:f8:41:fc:35',238,134,216,10,NULL,NULL,'2008-09-14','2013-08-31',NULL,NULL,1079.00,0,0,1,0,1,1,NULL,NULL,NULL,NULL,NULL,'--- !ruby/hash:ActiveSupport::HashWithIndifferentAccess\nanschaffungskategorie: AV-Technik\nreference: invoice\numzug: zgeln\nankunftszustand: intakt\n','2013-08-31 12:58:29','2013-08-31 12:58:29'),(228,'2fxyqj1nbrxcbo3xbvu2510','9a:5b:a5:72:e0:e1-be:6f:bc:f5:f9:7a-9a:b1:db:43:70:b0',238,135,217,6,NULL,NULL,'2011-09-01','2013-08-31',NULL,NULL,1354.00,0,0,1,0,1,1,NULL,NULL,NULL,NULL,NULL,'--- !ruby/hash:ActiveSupport::HashWithIndifferentAccess\nanschaffungskategorie: AV-Technik\nreference: invoice\numzug: zgeln\nankunftszustand: intakt\n','2013-08-31 12:58:29','2013-08-31 12:58:29'),(229,'1iyb4f5zf8kztg1e867g511','6a:58:d4:e1:f6:1d-79:c1:de:b1:c4:9c-2e:73:a7:01:09:ce',242,136,218,10,NULL,NULL,'2008-09-09','2013-08-29',NULL,NULL,942.00,0,0,1,0,1,1,NULL,NULL,NULL,NULL,NULL,'--- !ruby/hash:ActiveSupport::HashWithIndifferentAccess\nanschaffungskategorie: AV-Technik\nreference: invoice\numzug: zgeln\nankunftszustand: intakt\n','2013-08-29 19:43:50','2013-08-29 19:43:50'),(230,'uy0paquldyy7fra9fja6512','e8:d9:4f:f5:90:df-e4:ba:88:21:76:74-1b:b3:0e:41:67:5f',243,137,219,11,NULL,NULL,'2009-04-01','2013-08-29',NULL,NULL,790.00,0,0,1,0,1,1,NULL,NULL,NULL,NULL,NULL,'--- !ruby/hash:ActiveSupport::HashWithIndifferentAccess\nanschaffungskategorie: AV-Technik\nreference: invoice\numzug: zgeln\nankunftszustand: intakt\n','2013-08-29 19:43:50','2013-08-29 19:43:50'),(231,'tj4k54s93zq0n47c642s513','eb:49:9e:9d:be:34-47:58:ab:41:05:61-13:4a:74:38:1c:c8',244,138,220,9,NULL,NULL,'2008-07-05','2013-08-29',NULL,NULL,637.00,0,0,1,0,1,1,NULL,NULL,NULL,NULL,NULL,'--- !ruby/hash:ActiveSupport::HashWithIndifferentAccess\nanschaffungskategorie: AV-Technik\nreference: invoice\numzug: zgeln\nankunftszustand: intakt\n','2013-08-29 19:43:50','2013-08-29 19:43:50'),(232,'vy8124zahm96umsfqa9n514','dc:44:f9:ca:bf:09-62:97:82:16:c7:05-42:1b:97:03:d8:f7',245,139,221,4,NULL,NULL,'2010-05-29','2013-08-29',NULL,NULL,1179.00,0,0,1,0,1,1,NULL,NULL,NULL,NULL,NULL,'--- !ruby/hash:ActiveSupport::HashWithIndifferentAccess\nanschaffungskategorie: AV-Technik\nreference: invoice\numzug: zgeln\nankunftszustand: intakt\n','2013-08-29 16:23:08','2013-08-29 16:23:08'),(233,'nrlvy7s9tkajw2p1q5ci515','c9:64:42:1b:2a:7d-5e:4f:0c:c9:8a:dd-0e:ca:2d:8d:c0:21',246,140,222,8,NULL,NULL,'2012-09-01','2013-08-29',NULL,NULL,752.00,0,0,1,0,1,1,NULL,NULL,NULL,NULL,NULL,'--- !ruby/hash:ActiveSupport::HashWithIndifferentAccess\nanschaffungskategorie: AV-Technik\nreference: invoice\numzug: zgeln\nankunftszustand: intakt\n','2013-08-29 16:23:09','2013-08-29 16:23:09'),(234,'zpyuccmrocot581zzmkn516','a9:6a:64:0d:13:25-dd:c3:f2:84:f0:48-9f:f7:b2:f0:47:4e',247,141,223,6,NULL,NULL,'2008-08-22','2013-08-29',NULL,NULL,1250.00,0,0,1,0,1,1,NULL,NULL,NULL,NULL,NULL,'--- !ruby/hash:ActiveSupport::HashWithIndifferentAccess\nanschaffungskategorie: AV-Technik\nreference: invoice\numzug: zgeln\nankunftszustand: intakt\n','2013-08-29 16:23:09','2013-08-29 16:23:09'),(235,'65o8n2l3218gx12b71s7517','b9:a4:a0:ba:0b:e9-a2:82:9e:32:c7:ab-d8:e3:4f:c8:2c:7a',248,142,224,7,NULL,NULL,'2011-12-26','2013-08-29',NULL,NULL,175.00,0,0,1,0,1,1,NULL,NULL,NULL,NULL,NULL,'--- !ruby/hash:ActiveSupport::HashWithIndifferentAccess\nanschaffungskategorie: AV-Technik\nreference: invoice\numzug: zgeln\nankunftszustand: intakt\n','2013-08-29 16:23:09','2013-08-29 16:23:09'),(236,'ty79lnlcv95xoebatnnt518','3f:f0:5e:cd:0e:86-b4:a5:6c:e7:2b:8f-27:5d:ad:14:04:58',249,143,225,2,NULL,NULL,'2009-05-06','2013-08-29',NULL,NULL,405.00,0,0,1,0,1,1,NULL,NULL,NULL,NULL,NULL,'--- !ruby/hash:ActiveSupport::HashWithIndifferentAccess\nanschaffungskategorie: AV-Technik\nreference: invoice\numzug: zgeln\nankunftszustand: intakt\n','2013-08-29 16:23:09','2013-08-29 16:23:09'),(237,'25vk7j2r0sgmh1shr7kn519','a2:b6:f3:95:19:52-98:79:52:d9:63:c9-f8:c2:94:4e:11:79',250,144,226,10,NULL,NULL,'2008-09-02','2013-08-29',NULL,NULL,1236.00,0,0,1,0,1,1,NULL,NULL,NULL,NULL,NULL,'--- !ruby/hash:ActiveSupport::HashWithIndifferentAccess\nanschaffungskategorie: AV-Technik\nreference: invoice\numzug: zgeln\nankunftszustand: intakt\n','2013-08-29 16:23:09','2013-08-29 16:23:09'),(238,'u5coktb4s0f0a5zln65j520','df:8e:e1:c2:30:29-e6:3f:7f:e0:61:a8-3c:fa:d2:78:30:0a',250,145,227,3,NULL,NULL,'2008-12-05','2013-08-29',NULL,NULL,782.00,0,0,1,0,1,1,NULL,NULL,NULL,NULL,NULL,'--- !ruby/hash:ActiveSupport::HashWithIndifferentAccess\nanschaffungskategorie: AV-Technik\nreference: invoice\numzug: zgeln\nankunftszustand: intakt\n','2013-08-29 16:23:09','2013-08-29 16:23:09'),(239,'xrh249qdef2z33mbgsx9521','48:8a:e9:53:0f:2c-57:ef:6c:74:7c:be-52:f9:43:5e:e8:af',250,146,228,6,NULL,NULL,'2010-04-11','2013-08-29',NULL,NULL,1164.00,0,0,1,0,1,1,NULL,NULL,NULL,NULL,NULL,'--- !ruby/hash:ActiveSupport::HashWithIndifferentAccess\nanschaffungskategorie: AV-Technik\nreference: invoice\numzug: zgeln\nankunftszustand: intakt\n','2013-08-29 16:23:09','2013-08-29 16:23:09'),(240,'bj3s5bugq2e947rhflw7522','cd:4a:2b:15:07:33-3f:3b:90:2c:37:b4-a6:e3:1c:e4:e3:aa',254,147,229,2,NULL,NULL,'2012-11-03','2013-09-01',NULL,NULL,877.00,0,0,1,0,1,1,NULL,NULL,NULL,NULL,NULL,'--- !ruby/hash:ActiveSupport::HashWithIndifferentAccess\nanschaffungskategorie: AV-Technik\nreference: invoice\numzug: zgeln\nankunftszustand: intakt\n','2013-09-01 00:41:03','2013-09-01 00:41:03'),(241,'sxxu5c563l870epqdko8523','c3:3f:0e:c9:98:2d-a4:37:6d:96:98:aa-33:96:fd:cf:8e:73',255,148,230,8,NULL,NULL,'2011-09-07','2013-09-01',NULL,NULL,1442.00,0,0,1,0,1,1,NULL,NULL,NULL,NULL,NULL,'--- !ruby/hash:ActiveSupport::HashWithIndifferentAccess\nanschaffungskategorie: AV-Technik\nreference: invoice\numzug: zgeln\nankunftszustand: intakt\n','2013-09-01 00:41:03','2013-09-01 00:41:03'),(242,'2yzcpwolyxz4e9o7k37z524','a8:30:54:f2:8b:b5-4c:6d:6a:a6:3b:a1-d6:14:24:37:64:37',256,149,231,3,NULL,NULL,'2009-03-25','2013-09-01',NULL,NULL,783.00,0,0,1,0,1,1,NULL,NULL,NULL,NULL,NULL,'--- !ruby/hash:ActiveSupport::HashWithIndifferentAccess\nanschaffungskategorie: AV-Technik\nreference: invoice\numzug: zgeln\nankunftszustand: intakt\n','2013-09-01 00:41:03','2013-09-01 00:41:03'),(243,'fgjz8r2pbg4lezsm4zwl525','a1:d9:0a:90:57:53-8e:5a:4d:16:63:d9-5f:36:9f:72:75:77',257,150,232,7,NULL,NULL,'2008-06-21','2013-09-01',NULL,NULL,1016.00,0,0,1,0,1,1,NULL,NULL,NULL,NULL,NULL,'--- !ruby/hash:ActiveSupport::HashWithIndifferentAccess\nanschaffungskategorie: AV-Technik\nreference: invoice\numzug: zgeln\nankunftszustand: intakt\n','2013-09-01 00:41:03','2013-09-01 00:41:03'),(244,'4bcxaoiibc6essrm2bw5526','cd:7d:47:99:fc:61-18:de:68:93:2b:5b-cf:a6:1c:48:7b:07',258,151,233,9,NULL,NULL,'2011-02-16','2013-09-01',NULL,NULL,1387.00,0,0,1,0,1,1,NULL,NULL,NULL,NULL,NULL,'--- !ruby/hash:ActiveSupport::HashWithIndifferentAccess\nanschaffungskategorie: AV-Technik\nreference: invoice\numzug: zgeln\nankunftszustand: intakt\n','2013-09-01 00:41:03','2013-09-01 00:41:03'),(245,'6493ndv8k6kt13bgzalj527','1a:af:7b:c7:82:7c-b0:64:21:80:06:07-df:7b:6f:64:99:ca',258,152,234,8,NULL,NULL,'2012-01-22','2013-09-01',NULL,NULL,671.00,0,0,1,0,1,1,NULL,NULL,NULL,NULL,NULL,'--- !ruby/hash:ActiveSupport::HashWithIndifferentAccess\nanschaffungskategorie: AV-Technik\nreference: invoice\numzug: zgeln\nankunftszustand: intakt\n','2013-09-01 00:41:03','2013-09-01 00:41:03'),(246,'qx431wc0i5k8w2d363hr528','e4:3a:c8:a7:4c:01-7e:fd:d5:5d:50:a4-e9:dd:8e:7d:c8:8b',258,153,235,3,NULL,NULL,'2009-11-22','2013-09-01',NULL,NULL,936.00,0,0,1,0,1,1,NULL,NULL,NULL,NULL,NULL,'--- !ruby/hash:ActiveSupport::HashWithIndifferentAccess\nanschaffungskategorie: AV-Technik\nreference: invoice\numzug: zgeln\nankunftszustand: intakt\n','2013-09-01 00:41:03','2013-09-01 00:41:03'),(247,'lt2mrolg41wd4xzjkqgk529','4b:60:fa:cf:90:8d-3d:69:70:79:72:9e-2d:66:dd:40:c7:3e',262,154,236,11,NULL,NULL,'2011-03-12','2013-09-01',NULL,NULL,1248.00,0,0,1,0,1,1,NULL,NULL,NULL,NULL,NULL,'--- !ruby/hash:ActiveSupport::HashWithIndifferentAccess\nanschaffungskategorie: AV-Technik\nreference: invoice\numzug: zgeln\nankunftszustand: intakt\n','2013-09-01 00:41:03','2013-09-01 00:41:03'),(248,'ob7f1q35jtfh2kq2ab8m530','fc:41:ce:04:88:5c-3d:27:be:8b:b6:4f-b9:95:4d:df:7a:bb',263,155,237,4,NULL,NULL,'2011-06-25','2013-09-01',NULL,NULL,1102.00,0,0,1,0,1,1,NULL,NULL,NULL,NULL,NULL,'--- !ruby/hash:ActiveSupport::HashWithIndifferentAccess\nanschaffungskategorie: AV-Technik\nreference: invoice\numzug: zgeln\nankunftszustand: intakt\n','2013-09-01 00:41:03','2013-09-01 00:41:03'),(249,'nst31w4bznnavlfsj2rt531','42:64:66:91:23:f8-e4:af:0f:10:cb:1b-88:00:75:f4:54:df',264,156,238,12,NULL,NULL,'2010-11-29','2013-09-01',NULL,NULL,1030.00,0,0,1,0,1,1,NULL,NULL,NULL,NULL,NULL,'--- !ruby/hash:ActiveSupport::HashWithIndifferentAccess\nanschaffungskategorie: AV-Technik\nreference: invoice\numzug: zgeln\nankunftszustand: intakt\n','2013-09-01 00:41:03','2013-09-01 00:41:03'),(250,'ospm3kca7cn8xcptesjq532','dc:b4:2c:9f:b5:c2-50:f1:2e:22:09:d8-72:af:fc:79:d6:a5',265,157,239,8,NULL,NULL,'2008-10-18','2013-09-01',NULL,NULL,381.00,0,0,1,0,1,1,NULL,NULL,NULL,NULL,NULL,'--- !ruby/hash:ActiveSupport::HashWithIndifferentAccess\nanschaffungskategorie: AV-Technik\nreference: invoice\numzug: zgeln\nankunftszustand: intakt\n','2013-09-01 00:41:03','2013-09-01 00:41:03'),(251,'vz9vyw1ypuc99pxadlls533','ce:e7:01:f2:44:63-89:93:41:12:27:db-f5:d8:bc:d8:b9:7a',266,158,240,12,NULL,NULL,'2010-07-03','2013-09-01',NULL,NULL,495.00,0,0,1,0,1,1,NULL,NULL,NULL,NULL,NULL,'--- !ruby/hash:ActiveSupport::HashWithIndifferentAccess\nanschaffungskategorie: AV-Technik\nreference: invoice\numzug: zgeln\nankunftszustand: intakt\n','2013-09-01 00:41:03','2013-09-01 00:41:03'),(252,'s6n0athaik205gev8nge534','cf:5f:b1:13:38:42-60:24:2a:d9:bc:94-2b:31:00:7b:1a:9d',267,159,241,7,NULL,NULL,'2008-12-07','2013-09-01',NULL,NULL,1453.00,0,0,1,0,1,1,NULL,NULL,NULL,NULL,NULL,'--- !ruby/hash:ActiveSupport::HashWithIndifferentAccess\nanschaffungskategorie: AV-Technik\nreference: invoice\numzug: zgeln\nankunftszustand: intakt\n','2013-09-01 00:41:03','2013-09-01 00:41:03'),(253,'hmlj5tn55c4g76n9m8cu535','fa:b1:23:ff:05:32-34:73:75:88:00:c5-a9:76:e7:0a:85:82',268,160,242,4,NULL,NULL,'2011-06-02','2013-09-01',NULL,NULL,1440.00,0,0,1,0,1,1,NULL,NULL,NULL,NULL,NULL,'--- !ruby/hash:ActiveSupport::HashWithIndifferentAccess\nanschaffungskategorie: AV-Technik\nreference: invoice\numzug: zgeln\nankunftszustand: intakt\n','2013-09-01 00:41:03','2013-09-01 00:41:03'),(254,'b1woh3hd0d96urwjv8v7536','00:39:90:b6:78:31-79:1d:af:f1:6c:eb-4c:1e:69:33:09:97',269,161,243,5,NULL,NULL,'2009-07-16','2013-09-01',NULL,NULL,409.00,0,0,1,0,1,1,NULL,NULL,NULL,NULL,NULL,'--- !ruby/hash:ActiveSupport::HashWithIndifferentAccess\nanschaffungskategorie: AV-Technik\nreference: invoice\numzug: zgeln\nankunftszustand: intakt\n','2013-09-01 00:41:03','2013-09-01 00:41:03'),(255,'d0av06n94c0a8uoiuoy2537','e5:2e:4a:42:77:9f-92:60:03:38:87:88-92:09:8e:62:0a:72',270,162,244,12,NULL,NULL,'2008-04-04','2013-09-01',NULL,NULL,1437.00,0,0,1,0,1,1,NULL,NULL,NULL,NULL,NULL,'--- !ruby/hash:ActiveSupport::HashWithIndifferentAccess\nanschaffungskategorie: AV-Technik\nreference: invoice\numzug: zgeln\nankunftszustand: intakt\n','2013-09-01 00:41:03','2013-09-01 00:41:03'),(256,'bjxvq8ycn0so4bftcbet538','58:7b:2c:8e:fd:a5-65:fd:85:8c:a4:a2-56:ce:4b:72:db:9e',271,163,245,5,NULL,NULL,'2011-06-15','2013-09-01',NULL,NULL,389.00,0,0,1,0,1,1,NULL,NULL,NULL,NULL,NULL,'--- !ruby/hash:ActiveSupport::HashWithIndifferentAccess\nanschaffungskategorie: AV-Technik\nreference: invoice\numzug: zgeln\nankunftszustand: intakt\n','2013-09-01 00:41:03','2013-09-01 00:41:03'),(257,'ovtnw987q36di6fiq3q9539','d8:18:ee:fd:54:74-17:62:ad:af:b3:12-45:67:cc:c2:2b:54',272,164,246,9,NULL,NULL,'2008-02-27','2013-09-01',NULL,NULL,644.00,0,0,1,0,1,1,NULL,NULL,NULL,NULL,NULL,'--- !ruby/hash:ActiveSupport::HashWithIndifferentAccess\nanschaffungskategorie: AV-Technik\nreference: invoice\numzug: zgeln\nankunftszustand: intakt\n','2013-09-01 00:41:03','2013-09-01 00:41:03');
/*!40000 ALTER TABLE `items` ENABLE KEYS */;
UNLOCK TABLES;

--
-- Table structure for table `languages`
--

DROP TABLE IF EXISTS `languages`;
/*!40101 SET @saved_cs_client     = @@character_set_client */;
/*!40101 SET character_set_client = utf8 */;
CREATE TABLE `languages` (
  `id` int(11) NOT NULL AUTO_INCREMENT,
  `name` varchar(255) COLLATE utf8_unicode_ci DEFAULT NULL,
  `locale_name` varchar(255) COLLATE utf8_unicode_ci DEFAULT NULL,
  `default` tinyint(1) DEFAULT NULL,
  `active` tinyint(1) DEFAULT NULL,
  PRIMARY KEY (`id`),
  UNIQUE KEY `index_languages_on_name` (`name`),
  KEY `index_languages_on_active_and_default` (`active`,`default`)
) ENGINE=InnoDB AUTO_INCREMENT=5 DEFAULT CHARSET=utf8 COLLATE=utf8_unicode_ci;
/*!40101 SET character_set_client = @saved_cs_client */;

--
-- Dumping data for table `languages`
--

LOCK TABLES `languages` WRITE;
/*!40000 ALTER TABLE `languages` DISABLE KEYS */;
INSERT INTO `languages` VALUES (1,'English','en-GB',1,1),(2,'Deutsch','de-CH',0,1),(3,'Castellano','es',0,1),(4,'Zrittsch','gsw-CH',0,1);
/*!40000 ALTER TABLE `languages` ENABLE KEYS */;
UNLOCK TABLES;

--
-- Table structure for table `locations`
--

DROP TABLE IF EXISTS `locations`;
/*!40101 SET @saved_cs_client     = @@character_set_client */;
/*!40101 SET character_set_client = utf8 */;
CREATE TABLE `locations` (
  `id` int(11) NOT NULL AUTO_INCREMENT,
  `room` varchar(255) COLLATE utf8_unicode_ci DEFAULT NULL,
  `shelf` varchar(255) COLLATE utf8_unicode_ci DEFAULT NULL,
  `building_id` int(11) DEFAULT NULL,
  PRIMARY KEY (`id`),
  KEY `index_locations_on_building_id` (`building_id`)
) ENGINE=InnoDB AUTO_INCREMENT=165 DEFAULT CHARSET=utf8 COLLATE=utf8_unicode_ci;
/*!40101 SET character_set_client = @saved_cs_client */;

--
-- Dumping data for table `locations`
--

LOCK TABLES `locations` WRITE;
/*!40000 ALTER TABLE `locations` DISABLE KEYS */;
INSERT INTO `locations` VALUES (1,'Cumqueest','utrepudiandae',3),(2,'Accusantiumet','consequaturrerum',4),(3,'Nequesed','eosminus',5),(4,'Namlaboriosam','doloresqui',6),(5,'Accusantiummagni','odiodolor',7),(6,'Utaut','exercitationemid',8),(7,'Illoconsequuntur','repellatqui',9),(8,'Solutaaliquam','molestiaeid',10),(9,'Hicofficiis','quivoluptatibus',11),(10,'Dictafacere','quidemoptio',12),(11,'Eosofficiis','essequis',13),(12,'Automnis','laborumullam',14),(13,'Etnisi','molestiasvitae',15),(14,'Quiblanditiis','nemoiusto',16),(15,'Nobisesse','temporasoluta',17),(16,'Beataeofficiis','porrototam',18),(17,'Quodrepellat','temporibuscupiditate',19),(18,'Iureeveniet','animiarchitecto',20),(19,'Abvelit','aliasesse',21),(20,'Quiacorrupti','ducimusomnis',22),(21,'Mollitiaenim','accusamusquia',23),(22,'Autsuscipit','doloresratione',24),(23,'Debitisconsequuntur','nobisest',25),(24,'Rerumreprehenderit','possimusconsequatur',26),(25,'Autest','voluptatemut',27),(26,'Etsoluta','abqui',28),(27,'Idvoluptatem','beataedeleniti',29),(28,'Eteum','namrem',30),(29,'Laboreillo','utcupiditate',31),(30,'Doloremmodi','iustoeos',32),(31,'Porroet','impeditnobis',33),(32,'Molestiaedebitis','voluptasdebitis',34),(33,'Atautem','nonoptio',35),(34,'Architectoillum','corporisearum',36),(35,'Nonfacilis','estest',37),(36,'Porroexcepturi','aliquidab',38),(37,'Quiet','beataefugiat',39),(38,'Earummollitia','aliquamratione',40),(39,'Estqui','repellatrepudiandae',41),(40,'SQ2','Desk',42),(41,'UG 13','Ausgabe',43),(42,'Occaecatiet','aliquamcum',44),(43,'Reprehenderitenim','etdoloremque',45),(44,'Praesentiumea','iustolaboriosam',46),(45,'Cupiditateeaque','nostrumipsum',47),(46,'Sitsed','quiasoluta',48),(47,'Providentlibero','estet',49),(48,'Voluptatemitaque','undesed',50),(49,'Ullamdolore','invelit',51),(50,'Voluptatesnumquam','velsint',52),(51,'Nobisqui','corruptiipsum',53),(52,'Solutarerum','laboriosamomnis',54),(53,'Eligendimolestias','estsed',55),(54,'Etdolor','atempora',56),(55,'Ametdolor','exrem',57),(56,'Quaeratvoluptatem','harumqui',58),(57,'Autaut','quasiplaceat',59),(58,'Itaqueest','utaliquid',60),(59,'Etqui','inciduntsit',61),(60,'Atqueest','exlibero',62),(61,'Auttemporibus','etfugiat',63),(62,'Similiquepariatur','nobisvoluptas',64),(63,'Fuganihil','adipisciunde',65),(64,'Officiisculpa','temporibusnostrum',66),(65,'Expeditavero','commodivelit',67),(66,'Quirecusandae','pariaturvelit',68),(67,'Consequaturut','voluptatemlibero',69),(68,'Reprehenderitrepellat','accusantiumet',70),(69,'Quisvoluptatem','sedrerum',71),(70,'Acorporis','molestiaspossimus',72),(71,'Sintqui','inventorenesciunt',73),(72,'Assumendanecessitatibus','veniamsed',74),(73,'Dolorummagni','illumrerum',75),(74,'Istequia','vitaeeos',76),(75,'Nonofficia','autqui',77),(76,'Sitin','rationelaudantium',78),(77,'Voluptasquia','esttemporibus',79),(78,'Etvelit','accusamusipsa',80),(79,'Voluptateenim','earumaperiam',81),(80,'Quisit','voluptatemcommodi',82),(81,'Nullasoluta','doloresvel',83),(82,'Quosquam','sequiasperiores',84),(83,'Aducimus','repellatharum',85),(84,'Autemut','eumvoluptatem',86),(85,'Fugiatest','quisquamsunt',87),(86,'Accusantiumdolorum','quismagnam',88),(87,'Quodrepellendus','eaqueet',89),(88,'Undeveniam','autquisquam',90),(89,'Ducimusreiciendis','etipsam',91),(90,'Perferendisunde','itaqueminima',92),(91,'Rationeprovident','earumimpedit',93),(92,'Utillo','quieos',94),(93,'Estharum','doloremqueet',95),(94,'Aliasmodi','quisest',96),(95,'Enimdolor','numquammolestias',97),(96,'Commodiducimus','repellatillo',98),(97,'Consequunturdolore','magnamexercitationem',99),(98,'Quibusdamomnis','etmodi',100),(99,'Quiaporro','temporemaxime',101),(100,'Necessitatibusaut','vitaenon',102),(101,'Rationeharum','voluptasmaiores',103),(102,'Repellaterror','utaspernatur',104),(103,'Quamtemporibus','cumsunt',105),(104,'Consequaturipsam','aliquamlibero',106),(105,'Exquis','doloreaut',107),(106,'Consequunturquasi','autcorporis',108),(107,'Voluptatemharum','quisquamnisi',109),(108,'Estperspiciatis','consequaturomnis',110),(109,'Voluptateoptio','odioreprehenderit',111),(110,'Illumiusto','suntporro',112),(111,'Cumqueperspiciatis','eaquefugiat',113),(112,'Ipsumomnis','debitistempore',114),(113,'Etvoluptates','voluptatema',115),(114,'Velitanimi','autid',116),(115,'Seddolorem','eosdolor',117),(116,'Quiet','modiest',118),(117,'Culpaminus','cumqueveniam',119),(118,'Aeum','delectusharum',120),(119,'Delectusnatus','essevoluptas',121),(120,'Rerumplaceat','quamneque',122),(121,'Doloremquesed','rerumcum',123),(122,'Nemofuga','doloresodit',124),(123,'Eiusaliquid','saepeerror',125),(124,'Aliquidsaepe','molestiasnesciunt',126),(125,'Eligendiillum','dolorin',127),(126,'Nequeut','eiustenetur',128),(127,'Voluptasperspiciatis','nobisut',129),(128,'Quasalias','quisipsa',130),(129,'Sapienterepellendus','etblanditiis',131),(130,'Nullalaborum','inventorequo',132),(131,'Ipsamut','illumsequi',133),(132,'Quisfugiat','essedelectus',134),(133,'Possimusnumquam','aliquamerror',135),(134,'Doloribussit','animitenetur',136),(135,'Dolorumeius','ipsumin',137),(136,'Autet','sequiet',138),(137,'Repellatsit','nihilunde',139),(138,'Modiminima','nonut',140),(139,'Inquae','fugaet',141),(140,'Repellendusnihil','sintsaepe',142),(141,'Nobisea','facereodio',143),(142,'Fugitdolorum','autvoluptas',144),(143,'Doloritaque','ameteos',145),(144,'Suntconsequatur','idodit',146),(145,'Aliasvoluptate','doloretenetur',147),(146,'Avero','minuserror',148),(147,'Fugamagni','vellaborum',149),(148,'Suscipitautem','omnisdistinctio',150),(149,'Etnostrum','atquequi',151),(150,'Rerumvoluptas','quiquis',152),(151,'Reiciendistotam','iustoamet',153),(152,'Quaeperspiciatis','laboriosamlaudantium',154),(153,'Sintofficia','quiminima',155),(154,'Eumlibero','utmollitia',156),(155,'Adaperiam','eain',157),(156,'Estut','atqueesse',158),(157,'Eaquenon','minusbeatae',159),(158,'Harumexplicabo','liberopraesentium',160),(159,'Aspernaturducimus','eumvoluptatibus',161),(160,'Rerumrepellat','omnisprovident',162),(161,'Quiest','modivoluptas',163),(162,'Uteaque','autratione',164),(163,'Quiahic','assumendatemporibus',165),(164,'Optiorepellat','nobissequi',166);
/*!40000 ALTER TABLE `locations` ENABLE KEYS */;
UNLOCK TABLES;

--
-- Table structure for table `model_group_links`
--

DROP TABLE IF EXISTS `model_group_links`;
/*!40101 SET @saved_cs_client     = @@character_set_client */;
/*!40101 SET character_set_client = utf8 */;
CREATE TABLE `model_group_links` (
  `id` int(11) NOT NULL AUTO_INCREMENT,
  `ancestor_id` int(11) DEFAULT NULL,
  `descendant_id` int(11) DEFAULT NULL,
  `direct` tinyint(1) DEFAULT NULL,
  `count` int(11) DEFAULT NULL,
  `label` varchar(255) COLLATE utf8_unicode_ci DEFAULT NULL,
  PRIMARY KEY (`id`),
  KEY `index_model_group_links_on_ancestor_id` (`ancestor_id`),
  KEY `index_model_group_links_on_direct` (`direct`),
  KEY `index_on_descendant_id_and_ancestor_id_and_direct` (`descendant_id`,`ancestor_id`,`direct`)
) ENGINE=InnoDB AUTO_INCREMENT=9 DEFAULT CHARSET=utf8 COLLATE=utf8_unicode_ci;
/*!40101 SET character_set_client = @saved_cs_client */;

--
-- Dumping data for table `model_group_links`
--

LOCK TABLES `model_group_links` WRITE;
/*!40000 ALTER TABLE `model_group_links` DISABLE KEYS */;
INSERT INTO `model_group_links` VALUES (1,2,10,1,1,NULL),(2,2,8,1,1,NULL),(3,5,10,1,1,NULL),(4,5,9,1,1,NULL),(5,1,9,1,1,NULL),(6,1,11,0,1,NULL),(7,5,11,0,1,NULL),(8,9,11,1,1,NULL);
/*!40000 ALTER TABLE `model_group_links` ENABLE KEYS */;
UNLOCK TABLES;

--
-- Table structure for table `model_groups`
--

DROP TABLE IF EXISTS `model_groups`;
/*!40101 SET @saved_cs_client     = @@character_set_client */;
/*!40101 SET character_set_client = utf8 */;
CREATE TABLE `model_groups` (
  `id` int(11) NOT NULL AUTO_INCREMENT,
  `type` varchar(255) COLLATE utf8_unicode_ci DEFAULT NULL,
  `name` varchar(255) COLLATE utf8_unicode_ci DEFAULT NULL,
  `created_at` datetime DEFAULT NULL,
  `updated_at` datetime DEFAULT NULL,
  PRIMARY KEY (`id`),
  KEY `index_model_groups_on_type` (`type`)
) ENGINE=InnoDB AUTO_INCREMENT=15 DEFAULT CHARSET=utf8 COLLATE=utf8_unicode_ci;
/*!40101 SET character_set_client = @saved_cs_client */;

--
-- Dumping data for table `model_groups`
--

LOCK TABLES `model_groups` WRITE;
/*!40000 ALTER TABLE `model_groups` DISABLE KEYS */;
INSERT INTO `model_groups` VALUES (1,'Category','Beamer','2013-09-01 00:41:03','2013-09-01 00:41:03'),(2,'Category','Kameras','2013-09-01 00:41:03','2013-09-01 00:41:03'),(3,'Category','Stative','2013-09-01 00:41:03','2013-09-01 00:41:03'),(4,'Category','Hifi-Anlagen','2013-09-01 00:41:03','2013-09-01 00:41:03'),(5,'Category','Notebooks','2013-09-01 00:41:03','2013-09-01 00:41:03'),(6,'Category','RC Helikopter','2013-09-01 00:41:03','2013-09-01 00:41:03'),(7,'Category','Computer','2013-09-01 00:41:03','2013-09-01 00:41:03'),(8,'Category','Kurzdistanz','2013-09-01 00:41:03','2013-09-01 00:41:03'),(9,'Category','Portabel','2013-09-01 00:41:03','2013-09-01 00:41:03'),(10,'Category','Standard','2013-09-01 00:41:03','2013-09-01 00:41:03'),(11,'Category','Micro','2013-09-01 00:41:03','2013-09-01 00:41:03'),(12,'Template','Kamera & Stativ','2013-09-01 00:41:03','2013-09-01 00:41:03'),(13,'Template','Beamer & Hifi','2013-09-01 00:41:03','2013-09-01 00:41:03'),(14,'Template','Unaccomplishable template','2013-09-01 00:41:03','2013-09-01 00:41:03');
/*!40000 ALTER TABLE `model_groups` ENABLE KEYS */;
UNLOCK TABLES;

--
-- Table structure for table `model_links`
--

DROP TABLE IF EXISTS `model_links`;
/*!40101 SET @saved_cs_client     = @@character_set_client */;
/*!40101 SET character_set_client = utf8 */;
CREATE TABLE `model_links` (
  `id` int(11) NOT NULL AUTO_INCREMENT,
  `model_group_id` int(11) DEFAULT NULL,
  `model_id` int(11) DEFAULT NULL,
  `quantity` int(11) DEFAULT '1',
  PRIMARY KEY (`id`),
  KEY `index_model_links_on_model_id_and_model_group_id` (`model_id`,`model_group_id`),
  KEY `index_model_links_on_model_group_id_and_model_id` (`model_group_id`,`model_id`)
) ENGINE=InnoDB AUTO_INCREMENT=73 DEFAULT CHARSET=utf8 COLLATE=utf8_unicode_ci;
/*!40101 SET character_set_client = @saved_cs_client */;

--
-- Dumping data for table `model_links`
--

LOCK TABLES `model_links` WRITE;
/*!40000 ALTER TABLE `model_links` DISABLE KEYS */;
INSERT INTO `model_links` VALUES (1,1,54,1),(2,9,54,1),(3,1,55,1),(4,1,56,1),(5,1,58,1),(6,9,58,1),(7,11,59,1),(8,1,60,1),(9,1,61,1),(10,1,62,1),(11,1,63,1),(12,1,64,1),(13,1,65,1),(14,1,66,1),(15,1,67,1),(16,1,68,1),(17,1,69,1),(18,1,70,1),(19,1,71,1),(20,1,72,1),(21,1,73,1),(22,1,74,1),(23,1,75,1),(24,1,76,1),(25,1,77,1),(26,1,78,1),(27,1,79,1),(28,2,80,1),(29,2,81,1),(30,2,82,1),(31,2,83,1),(32,2,84,1),(33,2,85,1),(34,2,86,1),(35,2,87,1),(36,2,88,1),(37,2,89,1),(38,2,90,1),(39,2,91,1),(40,2,92,1),(41,2,93,1),(42,2,94,1),(43,2,95,1),(44,2,96,1),(45,2,97,1),(46,2,98,1),(47,2,99,1),(48,2,100,1),(49,2,101,1),(50,2,102,1),(51,2,103,1),(52,2,104,1),(53,2,105,1),(54,2,106,1),(55,2,107,1),(56,2,108,1),(57,2,109,1),(58,2,110,1),(59,4,111,1),(60,3,112,1),(61,12,80,1),(62,12,112,1),(63,13,54,1),(64,13,111,1),(65,14,80,999),(66,14,112,999),(67,2,141,1),(68,7,142,1),(69,5,143,1),(70,6,144,1),(71,6,145,1),(72,6,146,1);
/*!40000 ALTER TABLE `model_links` ENABLE KEYS */;
UNLOCK TABLES;

--
-- Table structure for table `models`
--

DROP TABLE IF EXISTS `models`;
/*!40101 SET @saved_cs_client     = @@character_set_client */;
/*!40101 SET character_set_client = utf8 */;
CREATE TABLE `models` (
  `id` int(11) NOT NULL AUTO_INCREMENT,
  `type` varchar(255) COLLATE utf8_unicode_ci NOT NULL DEFAULT 'Model',
  `manufacturer` varchar(255) COLLATE utf8_unicode_ci DEFAULT NULL,
  `product` varchar(255) COLLATE utf8_unicode_ci NOT NULL,
  `version` varchar(255) COLLATE utf8_unicode_ci DEFAULT NULL,
  `description` text COLLATE utf8_unicode_ci,
  `internal_description` text COLLATE utf8_unicode_ci,
  `info_url` varchar(255) COLLATE utf8_unicode_ci DEFAULT NULL,
  `rental_price` decimal(8,2) DEFAULT NULL,
  `maintenance_period` int(11) DEFAULT '0',
  `is_package` tinyint(1) DEFAULT '0',
  `technical_detail` text COLLATE utf8_unicode_ci,
  `hand_over_note` text COLLATE utf8_unicode_ci,
  `created_at` datetime DEFAULT NULL,
  `updated_at` datetime DEFAULT NULL,
  PRIMARY KEY (`id`),
  KEY `index_models_on_is_package` (`is_package`),
  KEY `index_models_on_type` (`type`)
) ENGINE=InnoDB AUTO_INCREMENT=273 DEFAULT CHARSET=utf8 COLLATE=utf8_unicode_ci;
/*!40101 SET character_set_client = @saved_cs_client */;

--
-- Dumping data for table `models`
--

LOCK TABLES `models` WRITE;
/*!40000 ALTER TABLE `models` DISABLE KEYS */;
INSERT INTO `models` VALUES (1,'Model','Haley Group','Rustic Wooden Shoes','564','Consequuntur reprehenderit voluptatum laudantium consectetur.','Distinctio dolore cumque voluptate voluptatem reprehenderit unde.',NULL,NULL,0,0,'Nulla modi autem perspiciatis.','Dolores sint tempore recusandae maxime.','2013-09-01 00:41:03','2013-09-01 00:41:03'),(2,'Model','Hoppe LLC','Intelligent Granite Chair','565','Exercitationem ut tempore corrupti et porro.','Aliquam voluptates cupiditate pariatur quam sit non et ratione.',NULL,NULL,3,0,'Dolores id commodi minima ipsam soluta voluptatibus molestias.','Atque nemo sapiente qui voluptatum esse.','2013-09-01 00:41:03','2013-09-01 00:41:03'),(3,'Model','Tillman-Goodwin','Small Plastic Car','566','Maxime et ducimus itaque animi aliquid et.','Ullam est soluta quia.',NULL,NULL,2,0,'Praesentium vitae nam voluptas dolorem voluptatem.','Est et debitis similique qui eum.','2013-09-01 00:41:03','2013-09-01 00:41:03'),(4,'Model','Schowalter, King and Jacobi','Fantastic Rubber Car','567','Ea vero rerum possimus.','Qui consequatur inventore aut voluptas repudiandae.',NULL,NULL,2,0,'Et earum quibusdam laudantium quis neque ipsa in.','Ipsum debitis aut pariatur illo.','2013-09-01 00:41:03','2013-09-01 00:41:03'),(5,'Model','Kunde, Aufderhar and Turcotte','Sleek Cotton Hat','568','Aliquid rerum distinctio aut.','Dolorem id sunt nam a quia nobis fugit.',NULL,NULL,3,0,'Quae non consequuntur dicta commodi rerum voluptates eveniet.','Est sed rem ullam dolor molestiae dolores.','2013-09-01 00:41:03','2013-09-01 00:41:03'),(6,'Model','Koelpin LLC','Gorgeous Rubber Shirt','569','Qui corrupti vel dolores necessitatibus ducimus.','Provident quos sunt animi aliquid necessitatibus.',NULL,NULL,2,0,'Ab sit alias eius qui accusamus et quisquam adipisci.','Odit quod quia quis et est.','2013-09-01 00:41:03','2013-09-01 00:41:03'),(7,'Model','Predovic-Mitchell','Practical Plastic Shoes','570','Commodi sapiente voluptates debitis soluta repudiandae ullam a.','Blanditiis eius soluta natus.',NULL,NULL,0,0,'Rem quas nostrum fugit possimus.','Assumenda eveniet placeat ab dolore quia dolor sequi sunt.','2013-09-01 00:41:03','2013-09-01 00:41:03'),(8,'Model','Swift Group','Ergonomic Granite Shoes','571','Ab reprehenderit provident consequatur.','Voluptas voluptatem distinctio dolorem.',NULL,NULL,3,0,'Quia ex magnam nesciunt cum optio placeat qui magni.','Ipsa incidunt qui inventore dolor et sed cupiditate.','2013-09-01 00:41:03','2013-09-01 00:41:03'),(9,'Model','Bernier, D\'Amore and Murphy','Practical Plastic Pants','572','In provident temporibus quaerat asperiores sint molestiae.','Voluptatem ea officiis aut non possimus cumque enim corrupti.',NULL,NULL,2,0,'Excepturi placeat nam consectetur alias velit facilis exercitationem adipisci.','Cum incidunt voluptatem nobis.','2013-09-01 00:41:03','2013-09-01 00:41:03'),(10,'Model','Wolf, Legros and Hilpert','Incredible Granite Gloves','573','Eum veritatis magni voluptatem.','Soluta qui nam quisquam.',NULL,NULL,1,0,'Qui et velit veniam impedit explicabo aut consectetur.','Eum nisi officiis voluptatem voluptatem et.','2013-09-01 00:41:03','2013-09-01 00:41:03'),(11,'Model','Bogisich-O\'Keefe','Gorgeous Cotton Chair','574','Id dicta aut tempore consequatur quis velit.','Est asperiores dolores quidem corrupti.',NULL,NULL,2,0,'Qui ullam qui consequatur nesciunt blanditiis animi.','Incidunt praesentium quae dolores quo aut necessitatibus.','2013-09-01 00:41:03','2013-09-01 00:41:03'),(12,'Model','Swift Group','Gorgeous Granite Table','575','Iste veniam omnis illo dolorem nisi et deleniti.','Voluptates fuga voluptas velit harum rerum reiciendis unde accusantium.',NULL,NULL,2,0,'Culpa eos adipisci qui autem laudantium dolores est.','Voluptas assumenda ex vero.','2013-09-01 00:41:03','2013-09-01 00:41:03'),(13,'Model','Koelpin and Sons','Awesome Steel Hat','576','Necessitatibus quia sit laboriosam aliquid facilis molestias non.','Eum ut fuga culpa.',NULL,NULL,3,0,'Voluptatem soluta unde blanditiis in natus laborum dolorem.','Mollitia eum perspiciatis doloremque aspernatur doloribus necessitatibus.','2013-09-01 00:41:03','2013-09-01 00:41:03'),(14,'Model','White, Kerluke and Collins','Sleek Cotton Gloves','577','Dolorum omnis et corporis aut dolorem.','Perspiciatis placeat qui quas.',NULL,NULL,0,0,'Veritatis eos magni esse laborum architecto debitis exercitationem doloribus.','Aut molestiae aspernatur voluptatibus.','2013-09-01 00:41:03','2013-09-01 00:41:03'),(15,'Model','McCullough, Sipes and Grant','Sleek Concrete Shoes','578','Aut ex et ut.','Perferendis cupiditate consequatur consequuntur quas et provident dolores.',NULL,NULL,0,0,'Corrupti corporis consequatur labore non ex sit enim qui.','Accusantium tempora eveniet vero reprehenderit tempore.','2013-09-01 00:41:03','2013-09-01 00:41:03'),(16,'Model','Nader, Gislason and Olson','Small Steel Computer','579','Omnis et nam ea quia mollitia.','Odit quia recusandae amet.',NULL,NULL,1,0,'Odio officiis quod delectus sit iure.','Incidunt debitis laudantium numquam delectus ratione fuga.','2013-09-01 00:41:03','2013-09-01 00:41:03'),(17,'Model','Sanford, Hansen and Bayer','Rustic Steel Shoes','580','Deserunt esse eos sed voluptatem quam quia vel.','Blanditiis optio rerum unde eaque saepe cum consequatur sed.',NULL,NULL,0,0,'Aspernatur vel aut voluptates corporis sed illo.','Magni hic aliquid harum blanditiis ipsam architecto aut quaerat.','2013-09-01 00:41:03','2013-09-01 00:41:03'),(18,'Model','Waelchi, Connelly and Hayes','Ergonomic Rubber Pants','581','Vel amet magnam iusto qui sit.','Ad neque consequatur beatae eveniet reiciendis voluptatibus est.',NULL,NULL,0,0,'Voluptatem sequi nihil maiores velit ut.','Fugit eos mollitia nihil corrupti et tempora.','2013-09-01 00:41:03','2013-09-01 00:41:03'),(19,'Model','Terry, Christiansen and Osinski','Gorgeous Rubber Shoes','582','Sequi consequatur dignissimos sint.','Et mollitia minima et dolores alias.',NULL,NULL,3,0,'Et voluptatem sunt eos quo magni quos consequuntur exercitationem.','Quis fuga optio temporibus.','2013-09-01 00:41:03','2013-09-01 00:41:03'),(20,'Model','Oberbrunner, Mosciski and Waters','Incredible Plastic Car','583','Quidem dolores iure corporis a temporibus.','Ab nemo dolores iste minima quam.',NULL,NULL,2,0,'Animi aspernatur ipsa consequatur ut ab qui odit aliquam.','Delectus qui reiciendis reprehenderit et laboriosam est aperiam.','2013-09-01 00:41:03','2013-09-01 00:41:03'),(21,'Model','Hintz-Bartell','Sleek Plastic Table','584','Maiores commodi aut aperiam.','Aut quod molestiae quasi.',NULL,NULL,0,0,'Magni qui quaerat qui.','Voluptas facere voluptates a temporibus consequuntur.','2013-09-01 00:41:03','2013-09-01 00:41:03'),(22,'Model','Lynch-Schimmel','Sleek Steel Shirt','585','Ducimus tempore hic corrupti expedita officiis aperiam illo sit.','Et alias qui ullam expedita.',NULL,NULL,1,0,'Dolorem assumenda est aliquid odio et ut repellat quia.','Commodi odit enim in consequatur magnam.','2013-09-01 00:41:03','2013-09-01 00:41:03'),(23,'Model','Fay Group','Awesome Wooden Gloves','586','Incidunt ratione quisquam numquam similique consequatur architecto.','Sequi suscipit quis voluptas voluptatem delectus.',NULL,NULL,2,0,'Quia ipsa molestias aliquam repellat.','Sit est veniam nam aliquam vero.','2013-09-01 00:41:03','2013-09-01 00:41:03'),(24,'Model','Kozey-Haley','Gorgeous Plastic Chair','587','Facere dolorum qui et.','Placeat tempora perferendis unde error.',NULL,NULL,1,0,'Cupiditate in mollitia sed ullam quaerat est ratione aut.','Nihil iure repellendus dicta numquam voluptatum non.','2013-09-01 00:41:03','2013-09-01 00:41:03'),(25,'Model','Hahn Inc','Awesome Rubber Car','588','Enim sed consectetur rerum et voluptas alias ea rerum.','Vel omnis voluptas nisi ut impedit minima ipsa.',NULL,NULL,2,0,'Aut rerum dignissimos ipsam sit illum.','Iusto ab et impedit sint vel voluptate dolor suscipit.','2013-09-01 00:41:03','2013-09-01 00:41:03'),(26,'Model','D\'Amore LLC','Incredible Wooden Table','589','Dolore ipsam expedita delectus fuga iste porro.','Nostrum inventore repellendus facere.',NULL,NULL,0,0,'Et ipsum non amet repellat.','Ea nostrum aut quo impedit laborum autem.','2013-09-01 00:41:03','2013-09-01 00:41:03'),(27,'Model','Labadie-Beatty','Gorgeous Concrete Shoes','590','Totam provident sit est et repellendus assumenda veniam.','Impedit quo sed quia.',NULL,NULL,2,0,'Officiis blanditiis est officia magnam in maxime.','Dolores quidem velit dolorem voluptatibus enim.','2013-09-01 00:41:03','2013-09-01 00:41:03'),(28,'Model','Marvin, Beahan and Bartoletti','Practical Cotton Pants','591','Minus laboriosam at soluta itaque.','Quasi accusamus nisi explicabo eius eum possimus laborum rem.',NULL,NULL,1,0,'Fuga corporis ut possimus et assumenda ut.','Autem officiis aut laborum voluptatem eos quisquam.','2013-09-01 00:41:03','2013-09-01 00:41:03'),(29,'Model','Luettgen, Leffler and Waelchi','Intelligent Rubber Car','592','Ipsa aperiam nulla earum.','Fugit magnam perspiciatis fugiat debitis voluptate exercitationem.',NULL,NULL,1,0,'Repudiandae non dolore delectus esse aliquam fugit omnis.','Architecto maxime vel praesentium voluptatem soluta et sint.','2013-09-01 00:41:03','2013-09-01 00:41:03'),(30,'Model','Hilll Group','Awesome Cotton Gloves','593','A illum beatae consectetur ut sint sint.','Ut ad et sed quas et omnis laborum similique.',NULL,NULL,2,0,'Est omnis ut dolores sint aliquid perferendis voluptatem quibusdam.','Dicta quo qui quo ipsum qui harum rerum.','2013-09-01 00:41:03','2013-09-01 00:41:03'),(31,'Model','Turner, Christiansen and O\'Kon','Ergonomic Plastic Gloves','594','Rerum odio ad quia nemo et ducimus illum.','Voluptatem fuga ipsa fugiat.',NULL,NULL,1,0,'Sapiente quibusdam iusto incidunt ex possimus deleniti nulla.','Ut sunt laudantium tempore aperiam corporis error aut.','2013-09-01 00:41:03','2013-09-01 00:41:03'),(32,'Model','Shanahan, Kozey and Effertz','Rustic Plastic Shirt','595','Necessitatibus iste repellendus qui dolor sed.','Soluta vel et quis deserunt est explicabo dolorem.',NULL,NULL,0,0,'Blanditiis fugit earum quia voluptate non et.','Accusamus voluptatibus perspiciatis rerum praesentium ut sunt.','2013-09-01 00:41:03','2013-09-01 00:41:03'),(33,'Model','Johns Inc','Sleek Rubber Pants','596','Explicabo est quo neque sint nemo commodi eligendi.','Nobis dolorem est ipsa dolorem omnis deleniti dolore.',NULL,NULL,1,0,'Tempore velit ex est cum.','Eos et et labore nemo omnis deserunt enim soluta.','2013-09-01 00:41:03','2013-09-01 00:41:03'),(34,'Model','Lynch, Rowe and Hudson','Rustic Wooden Table','597','Nemo asperiores et veritatis.','Facere quia consequuntur officia quas ullam.',NULL,NULL,1,0,'Tempora sed laboriosam ut.','Et corrupti ut totam harum aspernatur non.','2013-09-01 00:41:03','2013-09-01 00:41:03'),(35,'Model','Haag Inc','Rustic Wooden Gloves','598','Laudantium delectus voluptas odit sequi et et.','Aut praesentium sed nam.',NULL,NULL,1,0,'Quia magnam dolor vel nihil temporibus.','Repudiandae et rerum deserunt perferendis.','2013-09-01 00:41:03','2013-09-01 00:41:03'),(36,'Model','Dare-Wehner','Ergonomic Wooden Hat','599','Consectetur porro sit pariatur aut qui ipsa quaerat.','Necessitatibus ut laborum dicta doloribus ut quisquam error qui.',NULL,NULL,1,0,'Ipsa unde possimus sed velit sunt ullam et dolores.','Ut reprehenderit quidem repudiandae ipsa ratione.','2013-09-01 00:41:03','2013-09-01 00:41:03'),(37,'Model','Altenwerth and Sons','Rustic Plastic Car','600','Aut aliquam est id consequatur dolorum non.','Praesentium nihil labore possimus fugiat.',NULL,NULL,1,0,'Assumenda atque sit delectus necessitatibus sit.','Sit velit accusantium hic quis repellendus.','2013-09-01 00:41:03','2013-09-01 00:41:03'),(38,'Model','Little-Abbott','Sleek Concrete Hat','601','Eos quidem ipsum corporis ut dignissimos dolorem nobis numquam.','Cumque corporis distinctio sunt.',NULL,NULL,0,0,'Eaque dicta magni assumenda quis est.','Ut nam suscipit similique pariatur in sit labore.','2013-09-01 00:41:03','2013-09-01 00:41:03'),(39,'Model','Hilll and Sons','Sleek Steel Chair','602','Atque dolorem deleniti consequatur dolorem temporibus deserunt odio.','Dolorem et qui eligendi.',NULL,NULL,0,0,'Voluptas corrupti voluptatem sapiente ea.','Iste et vero est quia soluta expedita quia.','2013-09-01 00:41:03','2013-09-01 00:41:03'),(40,'Model','Reynolds and Sons','Intelligent Steel Table','603','Necessitatibus quae illum vel vitae.','Nobis officiis sit non qui enim quaerat.',NULL,NULL,3,0,'Consequatur ducimus dolor vel inventore excepturi.','Voluptas dolores vel voluptatum reprehenderit at est et repudiandae.','2013-09-01 00:41:03','2013-09-01 00:41:03'),(41,'Model','Pacocha-Marquardt','Small Wooden Car','604','Quas et labore beatae.','Sed expedita delectus et molestiae sit omnis.',NULL,NULL,3,0,'Mollitia non at sapiente rerum aut.','Qui error qui unde pariatur repellat voluptas quo.','2013-09-01 00:41:03','2013-09-01 00:41:03'),(42,'Model','Sawayn-Brown','Ergonomic Plastic Chair','605','Fugiat molestias consequuntur dolore voluptas.','Nostrum explicabo exercitationem architecto quos blanditiis.',NULL,NULL,3,0,'Corporis ut nemo tenetur aut fugit harum.','Ipsam blanditiis optio ducimus voluptatem voluptatem similique.','2013-09-01 00:41:03','2013-09-01 00:41:03'),(43,'Model','Beer LLC','Intelligent Steel Gloves','606','Eligendi sit error repellat.','Dolorem soluta saepe dolor quos recusandae accusantium unde nobis.',NULL,NULL,0,0,'Fuga quia unde porro iste consequuntur commodi.','Non ex blanditiis qui.','2013-09-01 00:41:03','2013-09-01 00:41:03'),(44,'Model','Hodkiewicz, Wunsch and Bayer','Ergonomic Concrete Shirt','607','Voluptas et temporibus voluptatem quae ut ut qui dolorem.','Velit eligendi reprehenderit sequi.',NULL,NULL,2,0,'Officiis nostrum optio ea quis dolor.','Soluta enim impedit iste eos repellendus ea cumque est.','2013-09-01 00:41:03','2013-09-01 00:41:03'),(45,'Model','Lubowitz-Blanda','Awesome Concrete Computer','608','Voluptatem ipsam mollitia ipsa ea quasi.','Fuga quas dignissimos excepturi ea optio.',NULL,NULL,2,0,'Omnis rerum non fugit veritatis deserunt quae numquam libero.','Aperiam earum voluptatem dolores atque dolor.','2013-09-01 00:41:03','2013-09-01 00:41:03'),(46,'Model','Hackett LLC','Ergonomic Concrete Table','609','Cumque et ut quibusdam debitis.','Delectus ipsa qui qui sunt eligendi beatae.',NULL,NULL,3,0,'Velit cumque et neque dicta similique doloribus doloremque quibusdam.','Nam quaerat dolor veniam neque beatae doloribus expedita.','2013-09-01 00:41:03','2013-09-01 00:41:03'),(47,'Model','Mayer-Carroll','Fantastic Plastic Hat','610','Distinctio ipsa et quo eos hic excepturi.','Mollitia magnam error est itaque.',NULL,NULL,3,0,'Vel qui libero sunt porro.','Minus ea aut voluptates dolorem.','2013-09-01 00:41:03','2013-09-01 00:41:03'),(48,'Model','Hoeger Group','Fantastic Concrete Car','611','Alias in pariatur nihil.','Natus deleniti enim labore.',NULL,NULL,0,0,'Voluptas sit tempore maxime sint.','Provident mollitia iure quae autem quasi aut ex.','2013-09-01 00:41:03','2013-09-01 00:41:03'),(49,'Model','Funk-Rogahn','Awesome Granite Chair','612','Rem ut impedit autem mollitia placeat.','Quae facilis rerum minus molestias officia.',NULL,NULL,0,0,'Officiis ut eos earum.','Hic rem eum quo excepturi dolore.','2013-09-01 00:41:03','2013-09-01 00:41:03'),(50,'Model','Herman LLC','Small Plastic Shirt','613','Quia officiis commodi at itaque accusantium beatae.','Cumque reiciendis amet et.',NULL,NULL,3,0,'Qui hic pariatur qui id corrupti.','Quos similique vero dolores qui aliquid.','2013-09-01 00:41:03','2013-09-01 00:41:03'),(51,'Model','Hudson and Sons','Sleek Steel Computer','614','Voluptatibus eum et quo ipsam iste est enim mollitia.','Perferendis harum qui quia qui molestiae cum reprehenderit.',NULL,NULL,3,0,'Nobis sit exercitationem et dolorem laboriosam ea.','Fugit numquam et et.','2013-09-01 00:41:03','2013-09-01 00:41:03'),(52,'Model','Schiller-Macejkovic','Practical Granite Shoes','615','Minima delectus quia dolores.','Dolorum nobis ea quibusdam eveniet minima in praesentium.',NULL,NULL,2,0,'Omnis fuga est facilis ut est dolores.','Culpa rerum ad natus.','2013-09-01 00:41:03','2013-09-01 00:41:03'),(53,'Model','Apple','MacBookPro','616','Laptop fr Studis und Angestellte.','Perspiciatis repudiandae facilis nam.',NULL,NULL,0,0,'Sit odit cum nesciunt nemo enim.','Mit Verpackung aushndigen.','2013-09-01 00:41:03','2013-09-01 00:41:03'),(54,'Model','Sharp','Sharp Beamer','123','Beamer, geeignet fr alle Verwendungszwecke.','Ut quia doloremque consequatur.',NULL,NULL,0,0,'Soluta itaque aspernatur praesentium eveniet magni dignissimos ab voluptas.','Beamer brauch ein VGA Kabel!','2013-09-01 00:41:03','2013-09-01 00:41:03'),(55,'Model','Sharp','Sharp Beamer 2D','617','Beamer, geeignet fr alle Verwendungszwecke.','Officiis nam rerum velit eum beatae saepe mollitia.',NULL,NULL,0,0,'Voluptas earum quo est voluptatem quo animi dolor id.','Et aliquam voluptatem ut non.','2013-09-01 00:41:03','2013-09-01 00:41:03'),(56,'Model','Panasonic','Mini Beamer','618','Beamer, geeignet fr alle Verwendungszwecke.','Excepturi fugiat ut asperiores.',NULL,NULL,0,0,'Perspiciatis incidunt voluptatem iure at.','Quo quo voluptatum odit aut.','2013-09-01 00:41:03','2013-09-01 00:41:03'),(57,'Model','Sharp','Sharp Beamer','456','Beamer, geeignet fr alle Verwendungszwecke.','Quibusdam aut ut consequatur.',NULL,NULL,0,0,'Odit quod ut laboriosam ut labore aut accusamus explicabo.','Beamer brauch ein VGA Kabel!','2013-09-01 00:41:03','2013-09-01 00:41:03'),(58,'Model','Sony','Ultra Compact Beamer','619','Besonders kleiner Beamer.','Est aliquid consequatur enim voluptatem sed.',NULL,NULL,0,0,'Molestias explicabo iste inventore suscipit sed et exercitationem.','Beamer brauch ein VGA Kabel!','2013-09-01 00:41:03','2013-09-01 00:41:03'),(59,'Model','Micro','Micro Beamer','620','Besonders mikro kleiner Beamer.','Laudantium ea sed distinctio maxime voluptas.',NULL,NULL,0,0,'Sunt molestias aut hic qui incidunt natus.','Beamer brauch ein VGA Kabel!','2013-09-01 00:41:03','2013-09-01 00:41:03'),(60,'Model','Sony','Beamer 1 voluptatem','621','Est qui exercitationem libero sed.','Inventore quia voluptate autem praesentium omnis repellendus fugiat.',NULL,NULL,0,0,'Est aut iste repellendus fugiat voluptates omnis placeat repudiandae.','Beamer brauch ein VGA Kabel!','2013-09-01 00:41:03','2013-09-01 00:41:03'),(61,'Model','Sony','Beamer 2 sequi','622','Rerum delectus qui facere ipsa.','Inventore eveniet officia ut voluptatem et dolor molestiae et.',NULL,NULL,0,0,'Minus et magni molestiae et et et.','Beamer brauch ein VGA Kabel!','2013-09-01 00:41:03','2013-09-01 00:41:03'),(62,'Model','Sony','Beamer 3 repellat','623','Maiores rerum ab tempora voluptatem autem est alias autem.','Rerum inventore aut perferendis eligendi qui nostrum dicta aut.',NULL,NULL,0,0,'Sed nam officiis incidunt.','Beamer brauch ein VGA Kabel!','2013-09-01 00:41:03','2013-09-01 00:41:03'),(63,'Model','Sony','Beamer 4 sequi','624','Recusandae dolorem ipsum ut qui accusantium velit.','Reprehenderit aut saepe facere atque alias ea.',NULL,NULL,0,0,'Dolores aut aut aperiam cum aut omnis quia fuga.','Beamer brauch ein VGA Kabel!','2013-09-01 00:41:03','2013-09-01 00:41:03'),(64,'Model','Sony','Beamer 5 quas','625','Illum eum exercitationem recusandae unde dolorem rem.','Odit et corporis laborum recusandae explicabo non expedita beatae.',NULL,NULL,0,0,'Nostrum sit officia quas inventore odit dolores consequuntur in.','Beamer brauch ein VGA Kabel!','2013-09-01 00:41:03','2013-09-01 00:41:03'),(65,'Model','Sony','Beamer 6 nesciunt','626','Aspernatur earum sed sit maiores.','Excepturi esse asperiores ad.',NULL,NULL,0,0,'Vel veniam quasi recusandae qui mollitia ullam.','Beamer brauch ein VGA Kabel!','2013-09-01 00:41:03','2013-09-01 00:41:03'),(66,'Model','Sony','Beamer 7 provident','627','Sunt voluptatum alias quas quia dolor ad.','Culpa iure nihil molestias eos.',NULL,NULL,0,0,'Voluptatem praesentium error at enim eaque possimus omnis.','Beamer brauch ein VGA Kabel!','2013-09-01 00:41:03','2013-09-01 00:41:03'),(67,'Model','Sony','Beamer 8 distinctio','628','Eveniet laborum error perferendis.','Harum adipisci occaecati excepturi pariatur et ea sint qui.',NULL,NULL,0,0,'Rerum necessitatibus suscipit eaque.','Beamer brauch ein VGA Kabel!','2013-09-01 00:41:03','2013-09-01 00:41:03'),(68,'Model','Sony','Beamer 9 molestiae','629','Adipisci veniam nihil neque eos error maiores aperiam ab.','Dolores numquam iste consequatur qui.',NULL,NULL,0,0,'Nihil porro cumque ab deserunt et.','Beamer brauch ein VGA Kabel!','2013-09-01 00:41:03','2013-09-01 00:41:03'),(69,'Model','Sony','Beamer 10 dolores','630','Aut qui omnis doloribus totam voluptatem incidunt dolores.','Voluptatem veniam in voluptas voluptatem ut pariatur et reiciendis.',NULL,NULL,0,0,'Perferendis ut quo assumenda magnam.','Beamer brauch ein VGA Kabel!','2013-09-01 00:41:03','2013-09-01 00:41:03'),(70,'Model','Sony','Beamer 11 eaque','631','Quo in enim doloribus mollitia tempore est nobis.','Eius voluptatibus sed voluptatum quas dolorem.',NULL,NULL,0,0,'Sint at officiis id vel qui magni veritatis.','Beamer brauch ein VGA Kabel!','2013-09-01 00:41:03','2013-09-01 00:41:03'),(71,'Model','Sony','Beamer 12 debitis','632','Minus iste id aspernatur molestiae et est asperiores dolorum.','Repudiandae id occaecati et est eos.',NULL,NULL,0,0,'Aut voluptatum sit omnis vitae dolor nostrum.','Beamer brauch ein VGA Kabel!','2013-09-01 00:41:03','2013-09-01 00:41:03'),(72,'Model','Sony','Beamer 13 et','633','Optio fuga et aliquid explicabo est reprehenderit.','Omnis quibusdam et voluptatem.',NULL,NULL,0,0,'Quas blanditiis inventore non.','Beamer brauch ein VGA Kabel!','2013-09-01 00:41:03','2013-09-01 00:41:03'),(73,'Model','Sony','Beamer 14 ullam','634','Et ea eos unde deserunt quaerat.','Consequatur sit perspiciatis iure minus.',NULL,NULL,0,0,'Similique et molestiae distinctio eos.','Beamer brauch ein VGA Kabel!','2013-09-01 00:41:03','2013-09-01 00:41:03'),(74,'Model','Sony','Beamer 15 ut','635','Ea adipisci qui atque esse.','Est rerum maiores reprehenderit ipsa.',NULL,NULL,0,0,'Nesciunt natus aperiam dolore.','Beamer brauch ein VGA Kabel!','2013-09-01 00:41:03','2013-09-01 00:41:03'),(75,'Model','Sony','Beamer 16 ex','636','Libero ex id sint accusamus ab.','Maxime perferendis ullam natus porro rerum molestias iste.',NULL,NULL,0,0,'Nisi consectetur eum dolorem maxime voluptatem necessitatibus incidunt veritatis.','Beamer brauch ein VGA Kabel!','2013-09-01 00:41:03','2013-09-01 00:41:03'),(76,'Model','Sony','Beamer 17 sint','637','Repudiandae accusamus ipsa et.','Aut ut maxime velit voluptate.',NULL,NULL,0,0,'Debitis laboriosam est totam expedita quibusdam et.','Beamer brauch ein VGA Kabel!','2013-09-01 00:41:03','2013-09-01 00:41:03'),(77,'Model','Sony','Beamer 18 ullam','638','Autem magnam quis corporis reprehenderit accusamus.','Temporibus ut deleniti omnis.',NULL,NULL,0,0,'Reprehenderit sed dolores ipsa id architecto quo necessitatibus.','Beamer brauch ein VGA Kabel!','2013-09-01 00:41:03','2013-09-01 00:41:03'),(78,'Model','Sony','Beamer 19 eveniet','639','Temporibus dolorum quae quos quam maxime aut voluptatem.','Rerum non aut perspiciatis alias tempore soluta ut saepe.',NULL,NULL,0,0,'Et at iusto sint unde.','Beamer brauch ein VGA Kabel!','2013-09-01 00:41:03','2013-09-01 00:41:03'),(79,'Model','Sony','Beamer 20 incidunt','640','Nostrum quod iusto tenetur dolor saepe dolore occaecati.','Rem in dolores sit iste ex voluptatem.',NULL,NULL,0,0,'Vitae earum in dicta eveniet possimus ullam laboriosam consequatur.','Beamer brauch ein VGA Kabel!','2013-09-01 00:41:03','2013-09-01 00:41:03'),(80,'Model','Nikon','Kamera Nikon','X12','Super Kamera.','Et aut molestiae laboriosam quos.',NULL,NULL,0,0,'Est occaecati architecto quia.','Kamera brauch Akkus!','2013-09-01 00:41:03','2013-09-01 00:41:03'),(81,'Model','Nikon','Camera 1 at','641','Impedit voluptatem ullam mollitia occaecati.','Alias ut dolore dolores architecto veritatis consequatur.',NULL,NULL,0,0,'Illum quidem deserunt ut.','Nihil magni enim eum voluptates consequuntur neque ex.','2013-09-01 00:41:03','2013-09-01 00:41:03'),(82,'Model','Nikon','Camera 2 sed','642','Voluptatum atque possimus beatae autem.','Tenetur eligendi fuga dolor dolore.',NULL,NULL,0,0,'Consequatur explicabo ipsam architecto.','In odio quia maxime vitae quisquam qui.','2013-09-01 00:41:03','2013-09-01 00:41:03'),(83,'Model','Nikon','Camera 3 delectus','643','Cupiditate suscipit maiores esse aut quibusdam.','Ab id aliquid maiores iure nam eum.',NULL,NULL,0,0,'Ut totam debitis voluptatibus quasi molestiae.','Deserunt omnis ut et numquam.','2013-09-01 00:41:03','2013-09-01 00:41:03'),(84,'Model','Nikon','Camera 4 amet','644','Repudiandae rerum omnis consequatur dolorem temporibus.','Dolorem voluptatem eius est ut ut quo aut.',NULL,NULL,0,0,'Sed quam et expedita repellat debitis.','Omnis in corporis maiores sunt libero.','2013-09-01 00:41:03','2013-09-01 00:41:03'),(85,'Model','Nikon','Camera 5 pariatur','645','Mollitia culpa tenetur dicta saepe quos fugit est nihil.','Quia et qui recusandae quasi id atque a.',NULL,NULL,0,0,'Consequatur aut quia quibusdam cumque vel.','Minus aut quia iste.','2013-09-01 00:41:03','2013-09-01 00:41:03'),(86,'Model','Nikon','Camera 6 molestias','646','Magni optio et est qui ipsa.','Quia iure nihil temporibus ut.',NULL,NULL,0,0,'Accusantium corporis reiciendis amet odio blanditiis.','Odio in deleniti in nisi.','2013-09-01 00:41:03','2013-09-01 00:41:03'),(87,'Model','Nikon','Camera 7 consequuntur','647','Aliquid ex architecto facere vel minus pariatur iste consectetur.','Voluptate ut voluptatem non velit optio.',NULL,NULL,0,0,'Magnam velit odio dolorem praesentium.','Qui vel qui et.','2013-09-01 00:41:03','2013-09-01 00:41:03'),(88,'Model','Nikon','Camera 8 id','648','Animi beatae consequuntur ipsam voluptas.','Molestias laboriosam architecto libero modi.',NULL,NULL,0,0,'Aspernatur asperiores est aperiam iusto sed aliquid voluptate repellendus.','Nobis quae maiores facilis.','2013-09-01 00:41:03','2013-09-01 00:41:03'),(89,'Model','Nikon','Camera 9 aut','649','Non delectus eius molestiae qui expedita asperiores.','Ut et consequatur aperiam autem sequi exercitationem.',NULL,NULL,0,0,'Tempora placeat tenetur ipsam vitae assumenda.','Ratione libero eius ut perferendis ullam modi sapiente.','2013-09-01 00:41:03','2013-09-01 00:41:03'),(90,'Model','Nikon','Camera 10 voluptatem','650','Blanditiis adipisci quis totam nemo.','Eius et minus aut est quas.',NULL,NULL,0,0,'Odio voluptatem vero et sit quidem tempore voluptate debitis.','Beatae optio voluptates quasi qui labore.','2013-09-01 00:41:03','2013-09-01 00:41:03'),(91,'Model','Nikon','Camera 11 veritatis','651','Aspernatur dolorum nihil illo quos iusto voluptatem et similique.','Est eum qui temporibus ut asperiores laborum.',NULL,NULL,0,0,'Ut voluptate rerum sit consequatur voluptatem blanditiis.','Dolores qui et consequatur molestiae consequatur quidem explicabo ut.','2013-09-01 00:41:03','2013-09-01 00:41:03'),(92,'Model','Nikon','Camera 12 repellendus','652','Consequatur eligendi reprehenderit sapiente.','Voluptatem alias asperiores sint distinctio iusto.',NULL,NULL,0,0,'Quis eum saepe quia dolores et.','Saepe sunt provident laudantium voluptatem accusamus sint dolorum odio.','2013-09-01 00:41:03','2013-09-01 00:41:03'),(93,'Model','Nikon','Camera 13 et','653','Architecto veniam et officiis ipsa qui magni ut.','Molestiae ut doloremque quis beatae autem voluptas.',NULL,NULL,0,0,'Qui est minus et mollitia consectetur quisquam.','Facere cumque incidunt cupiditate consectetur hic quam.','2013-09-01 00:41:03','2013-09-01 00:41:03'),(94,'Model','Nikon','Camera 14 sint','654','Officia eligendi enim dolor aut autem quod doloribus tenetur.','Voluptate nihil accusantium est repudiandae ut reprehenderit culpa ullam.',NULL,NULL,0,0,'Aliquam molestiae qui neque sit illum quisquam excepturi.','Et ad accusamus harum.','2013-09-01 00:41:03','2013-09-01 00:41:03'),(95,'Model','Nikon','Camera 15 ut','655','Veritatis minima voluptatem amet sed nesciunt.','Placeat qui numquam consequuntur modi.',NULL,NULL,0,0,'Repudiandae eveniet ea est eos maiores ratione.','Enim occaecati veritatis molestias autem iusto cum accusantium beatae.','2013-09-01 00:41:03','2013-09-01 00:41:03'),(96,'Model','Nikon','Camera 16 aut','656','Et veniam dolorem aliquam voluptatum.','Iusto in aut ea nobis.',NULL,NULL,0,0,'Provident nobis voluptas aut.','Facere iure dolor aut perferendis.','2013-09-01 00:41:03','2013-09-01 00:41:03'),(97,'Model','Nikon','Camera 17 quo','657','Qui molestiae dolores nostrum et animi.','Perferendis quam voluptatem nulla incidunt.',NULL,NULL,0,0,'Unde voluptatem blanditiis amet sed eum ea aut sed.','Ut maxime veniam repellendus doloribus autem accusamus alias doloremque.','2013-09-01 00:41:03','2013-09-01 00:41:03'),(98,'Model','Nikon','Camera 18 est','658','Et minus sequi aut nesciunt reprehenderit et sunt quod.','Rem eum voluptatibus quod ea voluptate facilis nisi voluptates.',NULL,NULL,0,0,'Ut facilis enim debitis consequatur fugiat officiis veniam ipsa.','Commodi incidunt in quia est tenetur et veritatis.','2013-09-01 00:41:03','2013-09-01 00:41:03'),(99,'Model','Nikon','Camera 19 deleniti','659','Mollitia expedita minima ea nihil deserunt harum cumque voluptatum.','Velit soluta eos possimus eaque.',NULL,NULL,0,0,'Ex ducimus neque ut aliquam rerum voluptatibus nihil totam.','Sunt cum sed sint sunt voluptatem omnis tempore est.','2013-09-01 00:41:03','2013-09-01 00:41:03'),(100,'Model','Nikon','Camera 20 consequuntur','660','Id aut et vel incidunt vitae sunt id eveniet.','Assumenda exercitationem est iste totam voluptates.',NULL,NULL,0,0,'Harum reprehenderit quia aut qui qui et totam tempora.','Reprehenderit omnis est qui occaecati voluptatibus rerum.','2013-09-01 00:41:03','2013-09-01 00:41:03'),(101,'Model','Nikon','Camera 21 illum','661','Id voluptatum aperiam voluptatibus.','Aperiam sit fugiat assumenda.',NULL,NULL,0,0,'Enim sed exercitationem nostrum quis porro recusandae.','Corrupti atque unde autem voluptatibus odit sunt et.','2013-09-01 00:41:03','2013-09-01 00:41:03'),(102,'Model','Nikon','Camera 22 et','662','Eveniet et aut ut velit neque voluptatibus.','Sunt corporis quo illum.',NULL,NULL,0,0,'Explicabo est mollitia animi deleniti.','Qui deleniti iste non repellat et sunt eum sed.','2013-09-01 00:41:03','2013-09-01 00:41:03'),(103,'Model','Nikon','Camera 23 repellat','663','Dolorem veniam voluptate unde et voluptas numquam omnis autem.','Soluta qui praesentium excepturi maxime.',NULL,NULL,0,0,'Fugiat sed voluptatem id placeat reiciendis.','Ratione consequuntur debitis ut consectetur nulla.','2013-09-01 00:41:03','2013-09-01 00:41:03'),(104,'Model','Nikon','Camera 24 quam','664','Quae aspernatur nobis ipsum sed officia inventore suscipit.','At explicabo voluptas quos deserunt.',NULL,NULL,0,0,'Ea dolor eveniet aut et ipsam saepe.','Eaque aliquid doloremque aut et voluptate.','2013-09-01 00:41:03','2013-09-01 00:41:03'),(105,'Model','Nikon','Camera 25 omnis','665','Omnis earum fugit quo impedit.','Est enim corrupti consequatur dolor aperiam quidem sequi.',NULL,NULL,0,0,'Fuga architecto doloremque iusto voluptatem.','Est dolor numquam voluptas culpa consequatur sit ut.','2013-09-01 00:41:03','2013-09-01 00:41:03'),(106,'Model','Nikon','Camera 26 suscipit','666','Optio fugit et veniam saepe dolor sint dolorem fuga.','Dolor voluptas rerum accusantium et aspernatur.',NULL,NULL,0,0,'Officia nostrum sit ut reprehenderit maiores expedita.','Et et tempora quia dolorem accusamus quia debitis.','2013-09-01 00:41:03','2013-09-01 00:41:03'),(107,'Model','Nikon','Camera 27 ut','667','Eaque qui ex soluta magnam ut consequuntur quisquam.','Sint aut officiis et.',NULL,NULL,0,0,'Ut voluptatibus necessitatibus modi consequatur.','Quam sit sapiente voluptatem maxime et aut accusamus qui.','2013-09-01 00:41:03','2013-09-01 00:41:03'),(108,'Model','Nikon','Camera 28 beatae','668','Doloremque sed minima laboriosam voluptates consectetur est vitae ipsum.','Est voluptatem dolores qui aut eum.',NULL,NULL,0,0,'Quaerat dolorum itaque non.','Quos voluptas et veniam ad.','2013-09-01 00:41:03','2013-09-01 00:41:03'),(109,'Model','Nikon','Camera 29 fugit','669','Tempora voluptas veniam omnis.','Voluptatem ut animi dolorem repellendus odio assumenda non maiores.',NULL,NULL,0,0,'Labore iste ut voluptas.','Velit vel iure laborum deleniti nisi quis non numquam.','2013-09-01 00:41:03','2013-09-01 00:41:03'),(110,'Model','Nikon','Camera 30 deleniti','670','Asperiores dolor hic incidunt eum.','Omnis rem saepe sed non possimus id doloremque unde.',NULL,NULL,0,0,'Quasi sunt incidunt in ut totam quo dolorem enim.','Enim ipsa aut quasi voluptatem.','2013-09-01 00:41:03','2013-09-01 00:41:03'),(111,'Model','Sony','Hifi Standard','671','Exercitationem consequuntur aliquam qui quaerat rem vel aut.','Quia odit repellendus veritatis blanditiis modi.',NULL,NULL,2,0,'Dolores nihil aut ratione rerum.','Iure animi laborum alias voluptatum voluptas cupiditate.','2013-09-01 00:41:03','2013-09-01 00:41:03'),(112,'Model','Feli','Kamera Stativ','123','Stabiles Kamera Stativ','Impedit consequatur eaque veritatis tenetur earum quo saepe.',NULL,NULL,0,0,'Aliquid voluptas tempora sit delectus aliquam tempore sed.','Stativ muss mit Stativtasche ausgehndigt werden.','2013-09-01 00:41:03','2013-09-01 00:41:03'),(113,'Model','Bose','BoseAwesome Plastic Pants','672','Magnam sequi quod iste voluptatum autem possimus. Voluptas vero voluptatum quis eius et voluptate quia. Error consequatur et et. Cupiditate fugiat quos aut ea consequatur quas. Quia tempore placeat quibusdam occaecati perferendis.','Sit dolor sequi enim enim molestiae sed dolore atque.',NULL,NULL,0,0,'Alias quia omnis laudantium architecto.','Animi dicta magnam quasi et ullam quos ut ex.','2013-09-01 00:41:03','2013-09-01 00:41:03'),(114,'Model','Bose','BosePractical Wooden Car','673','Id ab voluptas tenetur. Earum fugiat et odit. Dolorem est et tenetur autem explicabo.','Nihil sunt corrupti sunt et fugit.',NULL,NULL,0,0,'Iure temporibus optio facilis numquam debitis aspernatur aut.','Dolorum eius sed enim numquam ducimus doloremque.','2013-09-01 00:41:03','2013-09-01 00:41:03'),(115,'Model','Schumm-Batz','Kamera Set','677','Ratione est quo consequatur voluptatem necessitatibus.','Et quae et eaque dolores exercitationem maxime.',NULL,NULL,0,1,'Et minus dolor occaecati quo modi incidunt aliquam ut.','Velit cumque itaque voluptas quod eum sequi.','2013-09-01 00:41:03','2013-09-01 00:41:03'),(116,'Model','Stehr Group','Awesome Steel Car','678','Minima ipsum in explicabo.','Iure vel consectetur natus aliquid nihil.',NULL,NULL,3,0,'Odit labore corrupti et qui inventore commodi et officiis.','Ut recusandae sed culpa perspiciatis dolorem optio.','2013-09-01 00:41:03','2013-09-01 00:41:03'),(117,'Model','Schaefer-Blick','Small Steel Hat','679','Repudiandae dolorem fuga minus veritatis velit.','Voluptate numquam sed nihil quas quia.',NULL,NULL,3,0,'Itaque at ut voluptatem eius aut.','Beatae et rerum placeat aut sunt autem repellat doloremque.','2013-09-01 00:41:03','2013-09-01 00:41:03'),(118,'Model','Schmeler Group','Rustic Granite Hat','680','Totam commodi qui quisquam rerum.','Voluptas labore eius maxime.',NULL,NULL,2,0,'Eligendi veniam in est at et hic.','Aut autem necessitatibus delectus sint accusantium.','2013-09-01 00:41:03','2013-09-01 00:41:03'),(119,'Model','Dooley Group','Sleek Wooden Hat','681','Et qui nulla consequuntur et velit minus.','Ipsa ut eos ut sed nostrum magni explicabo.',NULL,NULL,1,0,'Quas at id dolores.','Quia est tempora qui omnis dicta natus beatae nihil.','2013-09-01 00:41:03','2013-09-01 00:41:03'),(120,'Model','Grant, Kilback and Bayer','Incredible Wooden Chair','682','Vel nemo inventore facilis deserunt.','Quia possimus doloribus deserunt sed voluptas.',NULL,NULL,3,0,'Nihil omnis in officiis vitae voluptatem accusantium.','Quia omnis qui et perspiciatis mollitia.','2013-09-01 00:41:03','2013-09-01 00:41:03'),(121,'Model','Lemke Inc','Fantastic Wooden Hat','683','Libero iusto illum veniam rerum eaque.','Repellendus et sit accusantium recusandae.',NULL,NULL,0,0,'Voluptas enim consectetur ab quo vero.','Natus laboriosam vel quo.','2013-09-01 00:41:03','2013-09-01 00:41:03'),(122,'Model','Cummerata-Hartmann','Sleek Steel Hat','684','Deleniti suscipit illo dolor commodi velit quam rerum.','Expedita vel sunt doloremque voluptate deleniti.',NULL,NULL,2,0,'Voluptatibus doloribus aut eum sapiente facere.','Sed voluptates quo voluptas aperiam est.','2013-09-01 00:41:03','2013-09-01 00:41:03'),(123,'Model','Ernser, Kulas and Carter','Awesome Granite Car','685','Quas impedit rerum laboriosam officia tempora et.','Reiciendis sequi est quisquam consequuntur quae qui.',NULL,NULL,2,0,'Officiis aperiam iste inventore sint est earum architecto dolor.','Laboriosam est molestiae exercitationem.','2013-09-01 00:41:03','2013-09-01 00:41:03'),(124,'Model','Erdman, Dietrich and Green','Ergonomic Wooden Car','686','Esse quod autem officiis enim quis quas ut.','Ducimus vitae quo et voluptas ipsa ut.',NULL,NULL,2,0,'Sed cupiditate consequatur rerum sapiente quis dolor.','Voluptatem temporibus vero sint blanditiis libero et qui.','2013-09-01 00:41:03','2013-09-01 00:41:03'),(125,'Model','Bosco, McLaughlin and Eichmann','Intelligent Granite Pants','687','Atque maiores aut quo id tempore.','Mollitia rerum tempore aut est voluptatem eaque sit.',NULL,NULL,2,0,'Ut rerum eos libero.','Tenetur eum minima inventore qui aut in quis delectus.','2013-09-01 00:41:03','2013-09-01 00:41:03'),(126,'Model','Heidenreich Inc','Intelligent Wooden Table','688','Totam debitis illum qui minima.','Qui ipsum voluptas quidem dolores ratione beatae.',NULL,NULL,0,0,'Facilis vel quae aut est rerum aut quo.','Cum nobis doloribus aliquam alias dolorem non.','2013-09-01 00:41:03','2013-09-01 00:41:03'),(127,'Model','Bergstrom, Bashirian and Kshlerin','Incredible Concrete Pants','689','Cupiditate eveniet deserunt officia fugiat consequatur nihil labore hic.','Numquam quidem accusantium eos dolore praesentium deleniti.',NULL,NULL,3,0,'Et similique tempore adipisci ex quo non voluptatem.','Eveniet illum fugit magnam perferendis rem officiis quae.','2013-09-01 00:41:03','2013-09-01 00:41:03'),(128,'Model','Gulgowski, Rice and Homenick','Kamera Set2','690','Culpa repudiandae reiciendis similique nihil dolor qui voluptas dolorem.','Dignissimos vel nostrum non illo vel.',NULL,NULL,3,1,'Est ad ullam qui.','Placeat odit aliquam tenetur.','2013-09-01 00:41:03','2013-09-01 00:41:03'),(129,'Model','Block, Bode and Daugherty','Gorgeous Steel Table','691','Nihil vitae dolore vero accusantium harum laboriosam.','In qui sint repudiandae nemo et est ipsa.',NULL,NULL,3,0,'Dolor ut alias quia officiis reiciendis.','Qui officiis quisquam saepe non.','2013-09-01 00:41:03','2013-09-01 00:41:03'),(130,'Model','Swift, Cassin and Senger','Fantastic Cotton Table','692','Sunt voluptatibus debitis velit.','Sit modi ipsum nostrum.',NULL,NULL,3,0,'Laboriosam maiores ut odit reiciendis.','Corporis et mollitia voluptas et.','2013-09-01 00:41:03','2013-09-01 00:41:03'),(131,'Model','Steuber, Cronin and Shanahan','Intelligent Granite Gloves','693','Libero aliquam quisquam maxime repellat similique.','Voluptatem qui sint quidem molestias omnis et velit.',NULL,NULL,2,0,'Enim et dolore sed animi explicabo dignissimos quaerat aut.','Suscipit placeat quaerat blanditiis aspernatur qui iusto.','2013-09-01 00:41:03','2013-09-01 00:41:03'),(132,'Model','Hermiston-Friesen','Awesome Steel Chair','694','Similique inventore libero delectus eaque.','Beatae maiores eos ipsam.',NULL,NULL,1,0,'Vitae et nulla occaecati rem qui incidunt.','Culpa quam sunt in a.','2013-09-01 00:41:03','2013-09-01 00:41:03'),(133,'Model','Goodwin Inc','Small Granite Hat','695','At deserunt ipsum ut consequatur facere.','Facilis rerum sunt est similique consequatur.',NULL,NULL,3,0,'Iusto accusantium et dignissimos asperiores quo.','Quia fugiat sit sed nostrum dolore.','2013-09-01 00:41:03','2013-09-01 00:41:03'),(134,'Model','Hahn LLC','Fantastic Granite Gloves','696','Voluptas distinctio fugiat omnis expedita laboriosam facere quae nostrum.','Saepe numquam minima vel ut nisi.',NULL,NULL,0,0,'Occaecati quisquam et molestias temporibus blanditiis est quod eligendi.','Minus ut magni asperiores maiores qui nisi et.','2013-09-01 00:41:03','2013-09-01 00:41:03'),(135,'Model','Kreiger, Nienow and Mante','Fantastic Granite Table','697','Aspernatur hic omnis magnam.','Quo delectus ipsum et reprehenderit omnis.',NULL,NULL,1,0,'Labore id eos velit quod animi.','Similique optio rerum ratione aliquam voluptatem quia tempore.','2013-09-01 00:41:03','2013-09-01 00:41:03'),(136,'Model','McKenzie Group','Small Steel Shirt','698','Cupiditate quod fugit commodi optio quisquam.','Quia aspernatur ut aut dolores et corrupti sed.',NULL,NULL,2,0,'Aut animi atque ut quis quia omnis facere architecto.','Optio dolor provident molestiae voluptas saepe rerum voluptate labore.','2013-09-01 00:41:03','2013-09-01 00:41:03'),(137,'Model','Ortiz, Kirlin and Carter','Ergonomic Rubber Shoes','699','Sit nam doloremque ipsam et architecto quia excepturi.','Rerum fugiat eius adipisci facere quasi debitis ea aut.',NULL,NULL,2,0,'Consequatur et temporibus eius enim quo praesentium qui.','Et distinctio non quas iste tempore doloremque enim.','2013-09-01 00:41:03','2013-09-01 00:41:03'),(138,'Model','Kovacek, Waelchi and Hodkiewicz','Rustic Plastic Gloves','700','Id magni fugit quis.','Itaque dicta nam eaque eligendi voluptas accusantium consequatur adipisci.',NULL,NULL,0,0,'Placeat inventore tenetur eaque voluptate.','Rerum ut eveniet inventore quaerat.','2013-09-01 00:41:03','2013-09-01 00:41:03'),(139,'Model','Klein-Bartoletti','Incredible Steel Gloves','701','Quia est quos facilis voluptas dolorum quis magnam vitae.','Voluptate quibusdam neque vero ex reprehenderit ea.',NULL,NULL,0,0,'Officiis totam error eaque ut.','Voluptas incidunt maiores deleniti ut voluptas recusandae enim magnam.','2013-09-01 00:41:03','2013-09-01 00:41:03'),(140,'Model','Carter, Bradtke and Bergnaum','Fantastic Cotton Pants','702','Eos fugit commodi et eius est.','Eos aliquid qui ut fugiat non.',NULL,NULL,0,0,'Omnis sequi ipsum vel accusamus saepe blanditiis vero.','Occaecati quo qui cupiditate est.','2013-09-01 00:41:03','2013-09-01 00:41:03'),(141,'Model','Canon','Kamera Canon D5','703','Ganz teure Kamera','Repellendus odio dolorum nihil commodi ut.',NULL,NULL,0,0,'Perspiciatis molestias mollitia fugit repellendus.','Kamera brauch Akkus!','2013-09-01 00:41:03','2013-09-01 00:41:03'),(142,'Model','Apple','iMac','704','Apples alter iMac','Harum inventore debitis consectetur voluptatem minima omnis.',NULL,NULL,0,0,'Omnis voluptas a fuga asperiores eius quidem id.','Eum pariatur distinctio quasi unde iste voluptatem.','2013-09-01 00:41:03','2013-09-01 00:41:03'),(143,'Model','Microsoft','Windows Laptop','705','Ein Laptop der Marke Microsoft','Quaerat vero aliquam qui temporibus asperiores quae.',NULL,NULL,0,0,'Porro ut possimus dolorem quod similique optio culpa consequatur.','Laptop mit Tasche ausgeben','2013-09-01 00:41:03','2013-09-01 00:41:03'),(144,'Model','Walkera','Walkera v120','1G','3D Helikopter','Ad fugiat aut soluta dolore doloremque nesciunt aut minus.',NULL,NULL,0,0,'Alias veniam vitae sit ipsum aut.','Nesciunt iste sunt id sed aut amet debitis quidem.','2013-09-01 00:41:03','2013-09-01 00:41:03'),(145,'Model','Walkera','Walkera v120','2G','3D Helikopter','Minus saepe sunt omnis porro voluptatem nihil harum quo.',NULL,NULL,0,0,'Consequatur dolores necessitatibus qui eveniet qui qui laborum.','Molestias sit tenetur culpa.','2013-09-01 00:41:03','2013-09-01 00:41:03'),(146,'Model','Walkera','Walkera v120','3G','3D Helikopter','Qui possimus dolore neque.',NULL,NULL,0,0,'Dolorum autem totam cum expedita illo consequatur voluptatum.','Cupiditate quis consequatur et non non repellat.','2013-09-01 00:41:03','2013-09-01 00:41:03'),(147,'Software','Mueller Inc','Practical Concrete Table','706',NULL,NULL,NULL,NULL,0,0,NULL,NULL,'2013-09-01 00:41:03','2013-09-01 00:41:03'),(148,'Software','Bednar-Raynor','Awesome Wooden Pants','707',NULL,NULL,NULL,NULL,0,0,NULL,NULL,'2013-09-01 00:41:03','2013-09-01 00:41:03'),(149,'Software','Stanton-Monahan','Fantastic Concrete Hat','708',NULL,NULL,NULL,NULL,0,0,NULL,NULL,'2013-09-01 00:41:03','2013-09-01 00:41:03'),(150,'Software','Marquardt-Trantow','Rustic Concrete Shoes','709',NULL,NULL,NULL,NULL,0,0,NULL,NULL,'2013-09-01 00:41:03','2013-09-01 00:41:03'),(151,'Software','Ledner LLC','Practical Steel Shoes','710',NULL,NULL,NULL,NULL,0,0,NULL,NULL,'2013-09-01 00:41:03','2013-09-01 00:41:03'),(152,'Software','Stehr, Gorczany and Kris','Gorgeous Granite Car','711',NULL,NULL,NULL,NULL,0,0,NULL,NULL,'2013-09-01 00:41:03','2013-09-01 00:41:03'),(153,'Software','Stoltenberg, Gulgowski and Monahan','Fantastic Cotton Gloves','712',NULL,NULL,NULL,NULL,0,0,NULL,NULL,'2013-09-01 00:41:03','2013-09-01 00:41:03'),(154,'Software','Sauer, Gislason and Hettinger','Gorgeous Rubber Car','713',NULL,NULL,NULL,NULL,0,0,'test http://test.ch\r\nwww.foo.ch\r\njust a text',NULL,'2013-09-01 00:41:03','2013-09-01 00:41:03'),(155,'Software','Satterfield-Ebert','Fantastic Steel Table','714',NULL,NULL,NULL,NULL,0,0,'test http://test.ch\r\nwww.foo.ch\r\njust a text',NULL,'2013-09-01 00:41:03','2013-09-01 00:41:03'),(156,'Software','Green-Torp','Sleek Wooden Chair','715',NULL,NULL,NULL,NULL,0,0,NULL,NULL,'2013-09-01 00:41:03','2013-09-01 00:41:03'),(157,'Model','Heaney Group','Practical Steel Shirt',NULL,'Nisi et et aut eligendi corporis.','Qui ipsum cum repellendus quibusdam incidunt voluptas provident.',NULL,NULL,3,0,'A consectetur et repudiandae itaque quis.','Vel rerum neque quaerat odio sint.','2013-09-01 00:41:03','2013-09-01 00:41:03'),(158,'Model','Boyle, Lesch and Hammes','Practical Steel Hat','717','Occaecati magni et qui odit aut dolorum.','Veritatis error illum ipsam et aut molestias id.',NULL,NULL,2,0,'Dolores ullam voluptas assumenda non neque dolores architecto quis.','Repellendus quos magnam sunt commodi.','2013-09-01 00:41:03','2013-09-01 00:41:03'),(159,'Software','Gorczany-Schoen','Incredible Plastic Chair','719',NULL,NULL,NULL,NULL,0,0,NULL,NULL,'2013-09-01 00:41:03','2013-09-01 00:41:03'),(160,'Model','Carter Group','Fantastic Granite Chair','720','Similique provident laudantium ea exercitationem in tempore et harum.','Voluptatem pariatur laudantium minus autem aliquam dignissimos assumenda.',NULL,NULL,0,0,'Id eius unde consequatur perspiciatis consequuntur dolorum quia qui.','Rem hic facere voluptatem aspernatur.','2013-08-27 00:00:00','2013-08-27 00:00:00'),(161,'Model','Brekke-Bashirian','Incredible Cotton Shoes','721','Repudiandae ullam blanditiis consequatur.','Consequatur aut ut qui voluptas impedit.',NULL,NULL,2,0,'Ullam ut qui quibusdam aut culpa.','A asperiores dolorum saepe.','2013-08-27 00:00:00','2013-08-27 00:00:00'),(162,'Model','Conroy Inc','Ergonomic Concrete Car','722','Illo possimus rerum aperiam.','Fuga libero quia aut qui.',NULL,NULL,3,0,'Dolores quisquam voluptate aliquam possimus aut voluptatum qui.','Facilis occaecati laborum praesentium numquam ducimus perferendis vitae.','2013-08-27 00:00:00','2013-08-27 00:00:00'),(163,'Model','Hessel-Rogahn','Sleek Cotton Pants','723','Adipisci in expedita explicabo repellat et ipsum nihil.','Nihil ex quae nam.',NULL,NULL,2,0,'Et non odit earum.','Vel ullam itaque aut quasi id omnis blanditiis earum.','2013-08-27 00:00:00','2013-08-27 00:00:00'),(164,'Model','Brakus Group','Gorgeous Cotton Gloves','725','Quae commodi et tempore aut.','Iure quaerat assumenda consectetur sed enim dolore aut.',NULL,NULL,3,0,'Nisi qui accusamus exercitationem consequatur fugit commodi perspiciatis aut.','Non omnis reprehenderit veniam nesciunt.','2013-09-01 00:41:03','2013-09-01 00:41:03'),(165,'Model','Welch Inc','Sleek Plastic Gloves','726','Omnis eum sequi dolore aut.','Eveniet velit pariatur inventore.',NULL,NULL,1,0,'Inventore eos maxime eveniet.','Praesentium minima placeat rerum adipisci laborum qui ut.','2013-09-01 00:41:03','2013-09-01 00:41:03'),(166,'Model','Barrows Inc','Rustic Rubber Chair','727','Ipsum quia totam ut ut sint.','Eius et necessitatibus sint non.',NULL,NULL,1,0,'Voluptas a neque in.','Impedit in voluptatem tempore ratione magni.','2013-09-01 00:41:03','2013-09-01 00:41:03'),(167,'Model','Daugherty-Kling','Intelligent Concrete Hat','728','Vel adipisci exercitationem saepe mollitia veniam deserunt beatae explicabo.','Dignissimos a sed nulla cumque accusantium et omnis.',NULL,NULL,0,0,'Molestiae velit eum autem et cumque.','Nemo dolor at dolore voluptatum sunt corporis sint.','2013-09-01 00:41:03','2013-09-01 00:41:03'),(168,'Model','Gerlach and Sons','Small Granite Table','729','Sint magni hic iusto aut dicta reiciendis possimus et.','Qui et molestiae minus ipsa ut facere neque.',NULL,NULL,0,0,'Et cupiditate et quia iusto qui ratione harum.','Soluta animi necessitatibus assumenda atque ea consequuntur delectus.','2013-09-01 00:41:03','2013-09-01 00:41:03'),(169,'Model','Turcotte, Nikolaus and White','Intelligent Steel Pants','730','Mollitia illo rerum autem harum velit voluptatum.','Et aut provident voluptas ut.',NULL,NULL,1,0,'Repudiandae fugit et et.','Rerum cupiditate aperiam iusto alias rem nihil.','2013-09-01 00:41:03','2013-09-01 00:41:03'),(170,'Model','Cummings-Heller','Practical Concrete Shoes','731','Quaerat voluptas nulla sequi ducimus atque rerum.','Voluptatum cum aut et voluptatem recusandae.',NULL,NULL,2,0,'Quas eos consequatur quo.','Impedit ea ex omnis similique non delectus in.','2013-09-01 00:41:03','2013-09-01 00:41:03'),(171,'Model','Dach, Abernathy and Baumbach','Sleek Plastic Pants','732','Unde asperiores non quia ducimus libero.','Soluta ut adipisci ut minima libero deserunt.',NULL,NULL,3,0,'Quod et eaque earum.','Odit tempora minima autem soluta quo qui.','2013-09-01 00:41:03','2013-09-01 00:41:03'),(172,'Model','Greenfelder-Farrell','Small Plastic Pants','733','Non nam ratione odit culpa voluptatem molestiae velit.','Perspiciatis et quo aut dolores.',NULL,NULL,2,0,'Quis ipsa officia harum minus ex odit consequatur.','Delectus saepe sequi sunt et ullam sed.','2013-09-01 00:41:03','2013-09-01 00:41:03'),(173,'Model','Senger-Wolf','Rustic Plastic Computer','734','Alias repellendus nulla ratione dolor.','Molestiae labore ut et.',NULL,NULL,0,0,'Nihil nam voluptate doloribus veritatis illum magnam ut animi.','Ab in sapiente officia qui iusto neque.','2013-09-01 00:41:03','2013-09-01 00:41:03'),(174,'Model','Stehr-Breitenberg','Awesome Concrete Hat','735','Quia veniam facere a aliquid fugiat mollitia ullam.','Voluptatem molestiae et ut error nostrum soluta quos non.',NULL,NULL,2,0,'Exercitationem itaque porro ipsa culpa eveniet assumenda.','Rerum velit sint eos voluptatem repudiandae.','2013-09-01 00:41:03','2013-09-01 00:41:03'),(175,'Model','O\'Connell, McDermott and Wuckert','Ergonomic Steel Table','736','Aut omnis quo delectus temporibus.','Et quidem alias reiciendis quia nostrum enim.',NULL,NULL,3,0,'Consequatur ab tempore labore dolor sed sit.','Amet consectetur id doloremque ab.','2013-09-01 00:41:03','2013-09-01 00:41:03'),(176,'Model','Reinger-Fadel','Incredible Concrete Hat','737','Natus est qui aspernatur eum ad quidem.','Natus eos dolorum vero ducimus nihil autem veritatis sint.',NULL,NULL,0,0,'Dolores quos qui illum commodi.','Corporis quos eum tempora ullam harum velit doloribus cumque.','2013-09-01 00:41:03','2013-09-01 00:41:03'),(177,'Model','D\'Amore Group','Fantastic Rubber Shoes','738','Iusto voluptas et culpa amet quia sapiente.','Aut harum hic deleniti voluptas minus animi.',NULL,NULL,3,0,'Corrupti nisi incidunt accusamus minima qui est.','Voluptatem culpa error et accusamus repellendus eveniet.','2013-09-01 00:41:03','2013-09-01 00:41:03'),(178,'Model','Wolff, Baumbach and Zulauf','Ergonomic Rubber Shirt','739','Alias rerum ab dolore voluptas.','Nisi est suscipit explicabo.',NULL,NULL,3,0,'Earum recusandae sit voluptatem aut impedit repudiandae vel ut.','Voluptatem temporibus odit et.','2013-09-01 00:41:03','2013-09-01 00:41:03'),(179,'Model','Mueller and Sons','Practical Concrete Shirt','740','Vero fugit ut quia iusto consequuntur quos qui.','Officiis asperiores dolor et sed.',NULL,NULL,1,0,'Rerum tenetur veniam nam quo laboriosam.','Dolorem iure totam voluptas.','2013-08-27 00:00:00','2013-08-27 00:00:00'),(180,'Model','Hane-Christiansen','Rustic Plastic Hat','741','Dolor eaque praesentium deserunt eveniet veniam aliquam.','Dicta aut ut repellendus.',NULL,NULL,2,0,'Ut reiciendis in ex esse earum.','Autem commodi vel odio rerum itaque similique.','2013-08-27 00:00:00','2013-08-27 00:00:00'),(181,'Model','Jakubowski, Bechtelar and Abbott','Sleek Concrete Table','742','Fugiat voluptas temporibus rem culpa et consequatur.','Quae ut voluptatem nam cum dolores sunt exercitationem ad.',NULL,NULL,1,0,'Nulla quas modi dolor sint ipsa nesciunt eum.','Est molestiae quidem et vitae in at quibusdam quo.','2013-08-27 00:00:00','2013-08-27 00:00:00'),(182,'Model','Halvorson Group','Incredible Rubber Shoes','743','Vel vero non ullam animi voluptates aut in.','Et recusandae officiis voluptas consequatur voluptatem.',NULL,NULL,0,0,'Aut omnis ad ab aut et.','Totam et veritatis quis sit voluptatibus ut eos.','2013-08-27 00:00:00','2013-08-27 00:00:00'),(183,'Model','Grant LLC','Incredible Concrete Shoes','744','Beatae excepturi nam est at omnis alias.','Non ipsam nostrum quia voluptatem.',NULL,NULL,2,0,'Et corrupti dolor consequuntur.','Ut amet doloribus et nobis iure.','2013-08-27 00:00:00','2013-08-27 00:00:00'),(184,'Model','Schulist-Schowalter','Gorgeous Concrete Pants','745','Incidunt qui dolorum assumenda harum impedit delectus a dolore.','Eligendi sequi architecto est ut.',NULL,NULL,0,0,'Animi dolor velit libero.','Rerum est sit illo fugiat aut.','2013-09-01 00:41:03','2013-09-01 00:41:03'),(185,'Model','Dooley-Mosciski','Rustic Granite Computer','746','Rerum est nihil unde quidem.','Enim non repudiandae reiciendis.',NULL,NULL,3,0,'Laboriosam similique est repudiandae voluptas itaque possimus.','Nihil ex optio aut illum qui.','2013-09-01 00:41:03','2013-09-01 00:41:03'),(186,'Model','Koch-Harber','Rustic Granite Shirt','747','Iste mollitia officiis quisquam sunt fuga.','Et aut inventore iste.',NULL,NULL,0,0,'Ut optio omnis beatae sed sint ut molestiae.','Quo omnis odit et est quidem.','2013-09-01 00:41:03','2013-09-01 00:41:03'),(187,'Model','Durgan, O\'Conner and Ernser','Fantastic Rubber Shirt','748','Nihil dolor vel aut quis exercitationem minima.','Possimus accusantium incidunt iure qui et.',NULL,NULL,2,0,'Facere voluptas molestiae quaerat.','Repellat laboriosam sunt non nesciunt architecto.','2013-09-01 00:41:03','2013-09-01 00:41:03'),(188,'Model','Dach, Prohaska and Roberts','Small Cotton Car','749','Natus ut vel aliquam impedit aut distinctio ipsum assumenda.','Est est aut eligendi ipsum consequatur.',NULL,NULL,3,0,'Culpa nihil porro aspernatur voluptas aut architecto.','Earum voluptatum quam ratione minus.','2013-09-01 00:41:03','2013-09-01 00:41:03'),(189,'Model','Becker, Lebsack and Baumbach','Small Rubber Shoes','750','Aut et tempora consequatur ad reiciendis odit.','Veritatis qui et dolorum ipsam velit ex.',NULL,NULL,2,0,'Corrupti vero sint ea placeat provident saepe consequuntur.','Cumque qui vel id quos ratione soluta nostrum mollitia.','2013-09-01 00:41:03','2013-09-01 00:41:03'),(190,'Model','Barrows-O\'Hara','Rustic Wooden Chair','751','Illum cum tenetur dignissimos aut quis iure est laborum.','Corrupti explicabo quibusdam praesentium.',NULL,NULL,3,0,'Et non itaque excepturi.','Ut quas ipsa et distinctio est sed corrupti.','2013-09-01 00:41:03','2013-09-01 00:41:03'),(191,'Model','Witting Inc','Practical Steel Chair','752','Rerum omnis sed ut repellat iste omnis dolores corrupti.','Rerum sunt perferendis eum asperiores est.',NULL,NULL,0,0,'Quis praesentium voluptatem aliquid debitis sunt corrupti dolorem.','Quo iure omnis consequatur natus.','2013-09-01 00:41:03','2013-09-01 00:41:03'),(192,'Model','Shields Inc','Intelligent Steel Computer','753','Quod qui corporis quae nobis aliquid perferendis fugit.','Quis quibusdam minima qui a.',NULL,NULL,0,0,'Dicta quia voluptatem sunt error similique omnis qui doloribus.','At quidem laboriosam voluptas amet quia molestiae saepe voluptatibus.','2013-09-01 00:41:03','2013-09-01 00:41:03'),(193,'Model','Koepp, Runte and Osinski','Awesome Concrete Shirt','754','Vitae autem reprehenderit ea inventore quaerat et molestias.','Consequatur aut neque nobis architecto.',NULL,NULL,3,0,'Quo temporibus consequatur aut culpa cumque porro quia dolor.','Sed numquam eos et natus voluptatem velit.','2013-09-01 00:41:03','2013-09-01 00:41:03'),(194,'Model','Klocko-Armstrong','Rustic Concrete Pants','755','Quod ullam explicabo ut quae sequi qui molestias maiores.','Mollitia non quis tempora dolore ut ducimus quod consectetur.',NULL,NULL,3,0,'Minus temporibus laborum dolorem voluptatum in a.','Dolorem autem eveniet rem.','2013-09-01 00:41:03','2013-09-01 00:41:03'),(195,'Model','O\'Hara and Sons','Incredible Wooden Car','756','Laborum et sit voluptates vitae illum dolores accusantium repudiandae.','Quis et dolore velit soluta facilis.',NULL,NULL,1,0,'Voluptas ex explicabo tenetur quis ut eos et.','Cumque id aut magni.','2013-09-01 00:41:03','2013-09-01 00:41:03'),(196,'Model','Gibson, Berge and Oberbrunner','Practical Cotton Shoes','757','Repudiandae quia optio molestiae saepe et ea tenetur.','Dolores beatae consectetur eum.',NULL,NULL,2,0,'Ea debitis modi iure ut eius molestiae.','Veniam qui neque eius.','2013-09-01 00:41:03','2013-09-01 00:41:03'),(197,'Model','Jaskolski, Jerde and Pfeffer','Small Rubber Computer','758','Voluptas rerum dicta dolorem iusto quod necessitatibus.','Laboriosam libero voluptatibus inventore a est hic fugit.',NULL,NULL,0,0,'Laboriosam expedita quod ut nihil dolor necessitatibus.','Expedita animi est necessitatibus et qui quia.','2013-09-01 00:41:03','2013-09-01 00:41:03'),(198,'Model','Fadel Group','Small Cotton Hat','759','Quam laborum sint aut iusto recusandae dolorum laudantium.','Et voluptates aperiam ut.',NULL,NULL,0,0,'Architecto libero ut dolor iusto dolorum aspernatur.','Consequuntur ut laboriosam tempore ut adipisci ut.','2013-09-01 00:41:03','2013-09-01 00:41:03'),(199,'Model','Gaylord-Wilkinson','Ergonomic Rubber Car','760','Quas maxime nihil fugit tempore pariatur optio.','Consequuntur aliquid id deserunt animi sed blanditiis voluptatem.',NULL,NULL,2,0,'Molestiae non autem sunt voluptates.','Quisquam sint iure maxime ipsum delectus.','2013-09-01 00:41:03','2013-09-01 00:41:03'),(200,'Model','Ullrich, Rice and Rohan','Fantastic Wooden Shoes','761','Omnis ab voluptate minus sed omnis.','Quisquam suscipit ipsam voluptatem autem ea voluptas sed.',NULL,NULL,3,0,'Sed cupiditate quo culpa reprehenderit unde aspernatur explicabo.','Libero aut magni rerum laborum incidunt modi fuga aspernatur.','2013-09-01 00:41:03','2013-09-01 00:41:03'),(201,'Model','Emmerich, Hegmann and Orn','Ergonomic Cotton Car','762','Alias amet id porro hic quam quo et consequatur.','Libero rerum est hic dignissimos eum.',NULL,NULL,3,0,'Ipsam veritatis laudantium nulla.','Cum vel qui consequuntur.','2013-09-01 00:41:03','2013-09-01 00:41:03'),(202,'Model','Boyer LLC','Small Plastic Shoes','763','Aliquam et nam nostrum sit aut sint quasi magni.','Rem nostrum consequatur cum magnam recusandae.',NULL,NULL,0,0,'Rem vero accusantium facilis deserunt temporibus beatae consequatur quia.','Ut corporis est repellat ut dolores.','2013-09-01 00:41:03','2013-09-01 00:41:03'),(203,'Model','Johnson-Jaskolski','Incredible Steel Shirt','764','Voluptas modi amet veritatis nesciunt voluptates dolore.','Qui quo et omnis non voluptatem repellat.',NULL,NULL,1,0,'Eius animi nulla voluptate maxime quisquam rerum optio.','Ea est totam voluptatibus.','2013-09-01 00:41:03','2013-09-01 00:41:03'),(204,'Model','Williamson, Hirthe and Pollich','Awesome Concrete Pants','765','Sed occaecati odio tempore perspiciatis qui.','Dolorem dolores consequatur sed magni ut in sit corporis.',NULL,NULL,2,0,'Maiores sunt unde iusto aperiam architecto reiciendis quaerat ducimus.','Maxime blanditiis velit consequatur.','2013-09-01 00:41:03','2013-09-01 00:41:03'),(205,'Model','Kuhn Group','Gorgeous Wooden Chair','766','Omnis eos sunt consequatur accusantium.','Sint tempore eligendi quibusdam voluptate neque rerum vero quo.',NULL,NULL,2,0,'Cupiditate at in ducimus placeat modi ipsam numquam.','Labore temporibus dolores modi alias minus.','2013-09-01 00:41:03','2013-09-01 00:41:03'),(206,'Model','Koepp-Gibson','Incredible Cotton Car','767','Numquam libero non et tempore.','Placeat atque veniam recusandae rerum.',NULL,NULL,3,0,'Error sint voluptatum delectus cumque eaque in aliquam aut.','Ipsum veniam quia maxime numquam molestiae rerum quis.','2013-09-01 00:41:03','2013-09-01 00:41:03'),(207,'Model','Fisher-Pacocha','Incredible Wooden Hat','768','Deleniti debitis eveniet et.','Quia quia mollitia quia fuga doloribus ut quibusdam.',NULL,NULL,1,0,'Illum autem maiores libero omnis nostrum.','Odio incidunt mollitia minima et numquam.','2013-09-01 00:41:03','2013-09-01 00:41:03'),(208,'Model','Schuster Group','Ergonomic Plastic Shirt','769','Nulla numquam mollitia quis incidunt dolore quasi.','Accusamus quas voluptatibus qui libero exercitationem qui provident.',NULL,NULL,2,0,'Sint autem repudiandae ipsam et.','Rerum dicta debitis nulla voluptas officiis aliquid ut sed.','2013-09-01 00:41:03','2013-09-01 00:41:03'),(209,'Model','Orn LLC','Intelligent Steel Shirt','770','Temporibus perferendis ut omnis eum et dolore et commodi.','Aliquid quis est qui ipsa consequatur.',NULL,NULL,1,0,'Ex officiis consequatur minima assumenda laboriosam sunt.','Necessitatibus laboriosam magni et dolorem.','2013-09-01 00:41:03','2013-09-01 00:41:03'),(210,'Model','Ullrich-Bernhard','Intelligent Wooden Shirt','771','Doloremque reiciendis aut minima blanditiis omnis architecto soluta.','Similique illum eum eum accusamus commodi soluta.',NULL,NULL,2,0,'Officia ut soluta ratione distinctio.','Est nulla accusamus sapiente et iusto.','2013-09-01 00:41:03','2013-09-01 00:41:03'),(211,'Model','Runolfsson Group','Small Rubber Gloves','772','Dolor incidunt non qui voluptatem consectetur nihil repudiandae qui.','Dignissimos consequatur autem iste inventore quod corporis.',NULL,NULL,3,0,'Quia ipsum sint illum consequatur repellat sed eum harum.','Inventore quia voluptates corporis quo aut quos.','2013-09-01 00:41:03','2013-09-01 00:41:03'),(212,'Model','Grimes, Schultz and Swaniawski','Gorgeous Steel Gloves','773','Modi aut sequi distinctio vel earum reprehenderit.','Ut est ea et nisi.',NULL,NULL,3,0,'Tempora aliquam dolores fugit quo quia.','Aut voluptatem architecto voluptas consequatur aut veritatis sed qui.','2013-09-01 00:41:03','2013-09-01 00:41:03'),(213,'Software','Hammes Group','Incredible Concrete Table','774',NULL,NULL,NULL,NULL,0,0,NULL,NULL,'2013-09-01 00:41:03','2013-09-01 00:41:03'),(214,'Model','Schmeler, Boyer and Medhurst','Awesome Wooden Computer','775','Ipsa voluptatem quos deserunt.','Mollitia animi laborum ipsam.',NULL,NULL,0,0,'Quia iure sequi distinctio.','Laudantium eos aut amet consequatur expedita eaque nisi nihil.','2013-09-01 00:41:03','2013-09-01 00:41:03'),(215,'Model','Koss, Cruickshank and Goldner','Sleek Wooden Shoes','776','Mollitia expedita dolore animi.','Non a et numquam corporis sint molestias quis.',NULL,NULL,1,0,'Quod velit odit ipsum.','Voluptatem temporibus quia eius et.','2013-09-01 00:41:03','2013-09-01 00:41:03'),(216,'Model','Pfannerstill and Sons','Intelligent Concrete Chair','777','Praesentium est nemo sit natus esse blanditiis.','Et consequuntur ullam ipsa voluptas ipsam aut pariatur.',NULL,NULL,1,0,'Velit numquam ut possimus nisi eveniet nihil quo.','Temporibus ipsum qui corrupti impedit explicabo eos.','2013-09-01 00:41:03','2013-09-01 00:41:03'),(217,'Model','VonRueden, Legros and Glover','Practical Steel Pants','778','Ratione accusamus sit qui eligendi repudiandae.','Autem necessitatibus facere rerum doloremque minus nulla itaque sapiente.',NULL,NULL,0,0,'Fuga earum sit hic quis fugiat.','Qui unde sed voluptatem vero nesciunt aut aliquid enim.','2013-09-01 00:41:03','2013-09-01 00:41:03'),(218,'Model','Kuhic-Hodkiewicz','Small Cotton Shirt','779','Quis est necessitatibus nesciunt voluptates.','Laudantium magni accusamus qui quam temporibus nemo.',NULL,NULL,2,0,'Molestias ipsum nesciunt iste tempora cum cumque inventore.','Laborum fugit omnis non exercitationem praesentium enim quidem qui.','2013-08-31 12:58:28','2013-08-31 12:58:28'),(219,'Model','Reichert and Sons','Intelligent Cotton Shirt','780','Aut et rerum corrupti non nihil quibusdam excepturi.','Rerum natus omnis ea aut totam vel.',NULL,NULL,0,0,'Atque aut qui non numquam hic sit expedita quae.','Ut itaque ut velit atque nam in.','2013-08-31 12:58:28','2013-08-31 12:58:28'),(220,'Model','Balistreri and Sons','Intelligent Steel Car','781','Necessitatibus nobis quod quibusdam dignissimos veritatis quia.','Cumque sed ducimus sit molestias eum perferendis maxime dolor.',NULL,NULL,3,0,'Consectetur accusamus autem rerum quis suscipit dolores beatae sed.','Soluta autem quisquam occaecati cum et.','2013-08-31 12:58:28','2013-08-31 12:58:28'),(221,'Model','Stiedemann Group','Intelligent Cotton Shoes','782','Quibusdam fugiat dolores amet nihil facere libero dicta minima.','Quia facilis consequuntur explicabo corporis nam quibusdam.',NULL,NULL,1,0,'Officiis dolorem omnis nostrum earum ullam.','Voluptas ducimus nemo quae mollitia et est voluptatem.','2013-08-31 12:58:28','2013-08-31 12:58:28'),(222,'Model','Harris, Wehner and Romaguera','Rustic Cotton Shirt','783','Molestiae assumenda et modi quia.','Corporis velit autem ut.',NULL,NULL,0,0,'Voluptates repellendus qui accusantium officiis velit explicabo.','Asperiores veniam perspiciatis quisquam in nesciunt cupiditate minima illum.','2013-08-31 12:58:28','2013-08-31 12:58:28'),(223,'Model','Jerde and Sons','Rustic Cotton Computer','784','Omnis consequuntur et illum debitis placeat velit assumenda est.','Aut quas laborum in adipisci natus quod rerum.',NULL,NULL,2,0,'Unde dolores nisi voluptatem.','Ipsum occaecati temporibus mollitia iure voluptas laborum.','2013-08-31 12:58:28','2013-08-31 12:58:28'),(224,'Model','Rowe, Corwin and Cruickshank','Practical Granite Shirt','785','Corporis enim et sit assumenda asperiores ut nulla minima.','Repudiandae impedit nulla et.',NULL,NULL,3,0,'Incidunt tempore quam magni.','Consectetur nesciunt odio neque iste maxime.','2013-08-31 12:58:28','2013-08-31 12:58:28'),(225,'Model','Schaefer-Adams','Small Wooden Computer','786','Officia porro maxime rerum laudantium.','Dolor in maiores libero amet hic et.',NULL,NULL,1,0,'Modi praesentium aut esse maiores est id voluptatem officia.','Nobis in illo perferendis.','2013-08-31 12:58:28','2013-08-31 12:58:28'),(226,'Model','Stark LLC','Small Cotton Table','787','Quia ipsum aut itaque.','Exercitationem cum numquam occaecati.',NULL,NULL,3,0,'Quia ut labore omnis consequatur.','Atque odit qui cupiditate.','2013-08-31 12:58:28','2013-08-31 12:58:28'),(227,'Model','Veum and Sons','Incredible Granite Pants','788','Ratione fuga numquam molestiae quia ut qui.','Corporis laudantium quisquam sed aut consequatur.',NULL,NULL,0,0,'Dolores quam ab consectetur nobis voluptas qui.','Ad non omnis esse soluta corporis qui ea.','2013-08-31 12:58:28','2013-08-31 12:58:28'),(228,'Model','Swift, Bartell and Kilback','Fantastic Wooden Chair','789','Dolorem aperiam doloribus et voluptas.','Labore ducimus velit modi.',NULL,NULL,2,0,'Ipsa quia minima doloribus magnam aut quia et.','Animi recusandae optio quis veritatis accusamus qui.','2013-08-31 12:58:28','2013-08-31 12:58:28'),(229,'Model','Hyatt, Hilpert and O\'Conner','Practical Rubber Computer','790','Quibusdam velit deserunt totam repellat et.','Quam vel deserunt voluptate quod est ea ut.',NULL,NULL,3,0,'Corporis vero tempore qui aliquid.','Quam consectetur iusto quae aut.','2013-08-31 12:58:28','2013-08-31 12:58:28'),(230,'Model','Schumm Group','Awesome Plastic Shoes','791','Totam qui fugiat reprehenderit minima quia voluptas ut.','Natus modi quo consequuntur mollitia maiores commodi.',NULL,NULL,1,0,'Soluta aut iste quo magnam.','Rem aut perferendis itaque.','2013-08-31 12:58:28','2013-08-31 12:58:28'),(231,'Model','Smith, Johnson and Schinner','Sleek Concrete Pants','792','Consequatur sed ut totam aperiam in.','Provident et molestias eos enim neque ut molestiae et.',NULL,NULL,0,0,'Est id sit voluptas saepe.','Necessitatibus quos dolor perspiciatis.','2013-08-31 12:58:28','2013-08-31 12:58:28'),(232,'Model','Connelly and Sons','Practical Wooden Hat','793','Nemo inventore voluptas quibusdam laboriosam amet et voluptatem.','Blanditiis delectus numquam odio animi adipisci quia iure.',NULL,NULL,2,0,'Ipsam repellat quibusdam harum ab cumque quaerat id doloribus.','Voluptates cumque molestiae optio debitis est nisi reiciendis.','2013-08-31 12:58:28','2013-08-31 12:58:28'),(233,'Model','Abshire LLC','Ergonomic Steel Shirt','794','At quia in quis aliquid et amet unde.','Non nisi alias a.',NULL,NULL,2,0,'Aut unde eligendi quaerat doloribus maiores.','Nesciunt autem dolor ut impedit.','2013-08-31 12:58:28','2013-08-31 12:58:28'),(234,'Model','Hane-Swift','Fantastic Cotton Hat','795','Sint modi quam impedit possimus dicta et aut consectetur.','Ea minus iusto aut dignissimos.',NULL,NULL,2,0,'Quos provident earum quidem.','Ratione nihil id corrupti quam molestias illo.','2013-08-31 12:58:28','2013-08-31 12:58:28'),(235,'Model','Wolf and Sons','Incredible Rubber Table','796','Voluptatibus sed voluptate velit nihil.','Quasi nostrum consequatur nihil.',NULL,NULL,3,0,'Esse quod est vel nemo.','Et qui at aspernatur numquam.','2013-08-31 12:58:29','2013-08-31 12:58:29'),(236,'Model','Goodwin, Beatty and Dickens','Gorgeous Steel Shoes','797','Tenetur ea aperiam exercitationem non eligendi.','Deserunt voluptatibus et eveniet maxime ipsa totam.',NULL,NULL,2,0,'Ipsam assumenda ea dolor.','Rerum sunt inventore architecto molestiae nostrum ducimus corporis omnis.','2013-08-31 12:58:29','2013-08-31 12:58:29'),(237,'Model','Hintz-Bashirian','Small Steel Table','798','Nostrum tempore rerum sed.','Excepturi itaque quasi numquam dicta et quam voluptatibus ducimus.',NULL,NULL,3,0,'Fugiat nihil ducimus labore.','Sit nobis adipisci rem eligendi culpa consequuntur dolorem eos.','2013-08-31 12:58:29','2013-08-31 12:58:29'),(238,'Model','Turner and Sons','Small Rubber Car','799','At non magni tempora nulla quia.','Corrupti animi non similique tenetur porro quas.',NULL,NULL,2,0,'Ut dolorum enim non quia delectus enim recusandae.','Tenetur sint est magni aspernatur illum assumenda aut.','2013-08-31 12:58:29','2013-08-31 12:58:29'),(239,'Model','Schmeler LLC','Ergonomic Cotton Table','800','Nihil deleniti suscipit odio ullam non.','Incidunt possimus necessitatibus enim qui sit nobis quas suscipit.',NULL,NULL,0,0,'Doloribus dolor est ut autem.','Repellendus atque ullam sit laborum dolor.','2013-08-31 12:58:29','2013-08-31 12:58:29'),(240,'Model','Huel, Harvey and Larkin','Awesome Granite Computer','801','Commodi corporis eius maxime asperiores neque.','Molestiae provident nemo ea voluptate tenetur rerum.',NULL,NULL,3,0,'Dolor aut repellendus aspernatur ipsam et iure.','Dolorem aut ut tenetur et.','2013-08-31 12:58:29','2013-08-31 12:58:29'),(241,'Model','Ullrich, Luettgen and Moore','Ergonomic Rubber Computer','802','Praesentium et sit quia a facilis.','Voluptatibus aliquid accusamus sint dicta et suscipit nihil voluptate.',NULL,NULL,2,0,'Dolorum cum non aut non sit quia.','Quisquam dolorem rem repellat facilis totam quo hic recusandae.','2013-08-31 12:58:29','2013-08-31 12:58:29'),(242,'Model','Sawayn Inc','Small Steel Shoes','803','Itaque assumenda et eius.','Autem est sit rerum sunt quaerat itaque.',NULL,NULL,3,0,'Aspernatur quo saepe libero in.','Quia earum reiciendis nihil.','2013-08-29 19:43:50','2013-08-29 19:43:50'),(243,'Model','Windler Inc','Rustic Steel Pants','804','Cupiditate aut non minus quas at facere est.','Nisi eos autem hic harum blanditiis ab ea sapiente.',NULL,NULL,3,0,'Explicabo tempore omnis velit optio nesciunt harum.','Est qui facere ut rerum est sequi repudiandae.','2013-08-29 19:43:50','2013-08-29 19:43:50'),(244,'Model','Walsh-Rath','Incredible Plastic Gloves','805','Dolores aut ut et velit necessitatibus ab.','Autem eum enim iste aut sed qui qui.',NULL,NULL,2,0,'Soluta repellat saepe nam omnis deleniti.','Id ut nihil error.','2013-08-29 19:43:50','2013-08-29 19:43:50'),(245,'Model','Feil and Sons','Awesome Wooden Car','806','Numquam et adipisci perspiciatis laboriosam id vitae.','A voluptas omnis harum enim.',NULL,NULL,2,0,'Eligendi aliquid ut nihil.','Aliquam maiores doloribus et ipsum nulla.','2013-08-29 16:23:08','2013-08-29 16:23:08'),(246,'Model','Collier LLC','Awesome Wooden Chair','807','Mollitia eaque id non assumenda minus ut vel.','Ratione velit a accusamus dolore voluptas illum consequatur.',NULL,NULL,1,0,'Iusto accusamus tempore voluptatum et reiciendis ea.','Aspernatur sequi dolorem molestias et eos qui.','2013-08-29 16:23:08','2013-08-29 16:23:08'),(247,'Model','Purdy-Roberts','Small Wooden Shirt','808','Sit autem et cum.','Culpa nulla mollitia et.',NULL,NULL,2,0,'Dolorum dolore ullam vitae aperiam velit soluta rerum.','Sed dolor iste nulla voluptas aut.','2013-08-29 16:23:09','2013-08-29 16:23:09'),(248,'Model','Dach, Rutherford and Thiel','Sleek Wooden Table','809','Consequatur non repudiandae sed.','Et quo eaque debitis aut voluptas nemo dolore.',NULL,NULL,2,0,'Hic eos qui consequuntur cumque distinctio.','Sed magnam natus nulla ipsum voluptates modi.','2013-08-29 16:23:09','2013-08-29 16:23:09'),(249,'Model','Barrows Group','Sleek Granite Gloves','810','Non quae quos quidem corrupti.','Est libero pariatur numquam.',NULL,NULL,3,0,'Ea explicabo quia aperiam quis ab vero.','Beatae est possimus eligendi qui eos et aperiam.','2013-08-29 16:23:09','2013-08-29 16:23:09'),(250,'Model','Cummings and Sons','Intelligent Plastic Chair','811','Et inventore vero tempora minima et sit necessitatibus.','Rerum non tenetur minima similique occaecati dolor fugit ut.',NULL,NULL,2,0,'Et hic enim sapiente quia culpa voluptatibus omnis.','Dicta aut illo recusandae repudiandae.','2013-08-29 16:23:09','2013-08-29 16:23:09'),(251,'Model','Baumbach, Dietrich and Stamm','Ergonomic Plastic Car','812','Omnis quaerat et iste ipsum maiores sint facere ullam.','Vero neque dolor eos assumenda.',NULL,NULL,3,0,'Sunt blanditiis id laboriosam sequi quibusdam rem.','Quis temporibus dicta delectus fugiat porro odit ullam.','2013-08-29 16:23:09','2013-08-29 16:23:09'),(252,'Model','Dicki, Fritsch and Zieme','Sleek Cotton Shirt','813','Sed quidem omnis ratione.','Tempore rerum molestiae ea omnis.',NULL,NULL,2,0,'Exercitationem eaque quibusdam blanditiis veritatis unde qui.','Dolores dolorum qui eos a quia.','2013-08-29 16:23:09','2013-08-29 16:23:09'),(253,'Model','Swift, Lemke and Gibson','Incredible Plastic Table','814','Sed porro non ratione qui.','Doloribus vel et iste officia consequatur voluptatem.',NULL,NULL,1,0,'Omnis sint pariatur quod.','Facere id incidunt ut et.','2013-08-29 16:23:09','2013-08-29 16:23:09'),(254,'Model','Brown and Sons','Small Concrete Shoes','815','Deleniti officia qui modi aut ipsam.','Minus magni reiciendis soluta voluptas eligendi.',NULL,NULL,3,0,'Inventore velit aliquid earum libero.','Ut accusantium quo facere facilis neque.','2013-09-01 00:41:03','2013-09-01 00:41:03'),(255,'Model','Kuhlman Group','Intelligent Granite Shoes','816','Harum alias nihil aperiam sed sint illum.','Ad recusandae non dolore ut possimus vel in.',NULL,NULL,1,0,'Aliquam voluptatum ut mollitia quia.','Distinctio nihil dolorem odit modi.','2013-09-01 00:41:03','2013-09-01 00:41:03'),(256,'Model','Cummerata, Weimann and Buckridge','Sleek Granite Computer','817','Necessitatibus vero nulla vel doloribus.','Ea quaerat quod in eligendi et qui.',NULL,NULL,2,0,'Aliquam voluptas minima fugit eum temporibus sed.','Enim ad illo quos doloremque ratione animi sit.','2013-09-01 00:41:03','2013-09-01 00:41:03'),(257,'Model','Stracke-Hudson','Awesome Concrete Chair','818','Nostrum dolorum aut facilis sunt sint quis qui quae.','Quam illo sequi amet porro quis delectus.',NULL,NULL,2,0,'Libero saepe placeat et aut sint consectetur id et.','Est numquam nihil debitis esse et reiciendis occaecati modi.','2013-09-01 00:41:03','2013-09-01 00:41:03'),(258,'Model','Sawayn-MacGyver','Sleek Cotton Shoes','819','Magnam tempore reiciendis laboriosam aut alias.','Veritatis modi et consequatur.',NULL,NULL,0,0,'Incidunt sit reprehenderit animi.','Voluptates qui sed qui.','2013-09-01 00:41:03','2013-09-01 00:41:03'),(259,'Model','Doyle-O\'Connell','Rustic Granite Shoes','820','Modi enim esse dicta reiciendis corrupti possimus.','Aut debitis dolores omnis facilis et atque iste totam.',NULL,NULL,3,0,'Quis odio optio qui voluptas.','Iste quo magni maiores ut.','2013-09-01 00:41:03','2013-09-01 00:41:03'),(260,'Model','Greenfelder Group','Incredible Concrete Chair','821','Delectus impedit exercitationem voluptatum voluptates ipsa rerum odit molestiae.','Dolores pariatur repellat dolore.',NULL,NULL,3,0,'Nihil error voluptate incidunt minus et nesciunt voluptas non.','Iste vel culpa sequi sit quo illo necessitatibus.','2013-09-01 00:41:03','2013-09-01 00:41:03'),(261,'Model','Johns Inc','Ergonomic Rubber Table','822','Vitae temporibus autem ut repudiandae facilis molestiae.','Vel quisquam sit modi.',NULL,NULL,3,0,'Libero sed corrupti et possimus.','Qui beatae pariatur odio deserunt voluptatibus omnis.','2013-09-01 00:41:03','2013-09-01 00:41:03'),(262,'Model','Mitchell LLC','Ergonomic Plastic Computer','823','Et quod aspernatur alias voluptas placeat.','Non qui saepe inventore voluptas.',NULL,NULL,0,0,'Sunt aut maiores voluptatum dolorem.','Rerum accusantium iste dicta officiis.','2013-09-01 00:41:03','2013-09-01 00:41:03'),(263,'Model','MacGyver, Goldner and Mitchell','Small Wooden Gloves','824','Voluptas earum omnis assumenda quae ullam necessitatibus.','Consequatur aut vel nobis et voluptatem est.',NULL,NULL,1,0,'Nihil tempora doloribus soluta maiores id aliquam porro.','Dolor repudiandae incidunt est corporis est quis aut.','2013-09-01 00:41:03','2013-09-01 00:41:03'),(264,'Model','Jacobi and Sons','Incredible Concrete Shirt','825','Non explicabo quod harum doloremque eos.','Atque voluptatem et earum quam veritatis maxime.',NULL,NULL,1,0,'Debitis repellat fugit velit.','Suscipit hic voluptas tempore omnis minus possimus porro.','2013-09-01 00:41:03','2013-09-01 00:41:03'),(265,'Model','Gutmann-Herzog','Sleek Concrete Chair','826','Non consequatur sint rerum cum magni.','Eos quibusdam veniam iste sed beatae excepturi ut et.',NULL,NULL,0,0,'Dignissimos deserunt facilis autem perferendis est sit repellendus molestiae.','Sed delectus aspernatur aut cupiditate deleniti sit vel.','2013-09-01 00:41:03','2013-09-01 00:41:03'),(266,'Model','Pollich Group','Awesome Wooden Table','827','Et est delectus et quidem provident nihil in.','Distinctio tempora voluptatem officia culpa velit consequatur.',NULL,NULL,3,0,'Voluptates eligendi fugiat quidem quam magni.','Doloremque ex cupiditate aspernatur.','2013-09-01 00:41:03','2013-09-01 00:41:03'),(267,'Model','Rogahn Inc','Rustic Concrete Hat','828','Voluptatum maiores culpa nesciunt.','Libero autem est veritatis quis deleniti.',NULL,NULL,2,0,'Iusto temporibus earum corrupti sed soluta consequatur.','Autem qui quaerat itaque.','2013-09-01 00:41:03','2013-09-01 00:41:03'),(268,'Model','Von-Osinski','Fantastic Wooden Shirt','829','Voluptas rerum quisquam officiis voluptatem est.','Officiis quia a sunt ea.',NULL,NULL,1,0,'Et minus quasi est soluta.','Voluptatem temporibus quo ut eum.','2013-09-01 00:41:03','2013-09-01 00:41:03'),(269,'Model','Hermann LLC','Gorgeous Steel Computer','830','Laudantium unde quae fuga qui quo rerum.','Et perferendis natus saepe qui beatae sapiente et.',NULL,NULL,0,0,'Eius enim consequatur error et voluptas.','Inventore sunt odio aut dolores et et.','2013-09-01 00:41:03','2013-09-01 00:41:03'),(270,'Model','Ryan Inc','Practical Steel Computer','831','Nulla tenetur temporibus sit a ipsa provident cupiditate.','Quibusdam nobis a accusantium expedita laboriosam beatae quia.',NULL,NULL,3,0,'Et perferendis quia aliquid illum mollitia et tenetur.','Nobis iusto corrupti sit inventore impedit quidem nulla non.','2013-09-01 00:41:03','2013-09-01 00:41:03'),(271,'Model','Baumbach Inc','Fantastic Wooden Table','832','Omnis in provident nesciunt exercitationem deleniti optio excepturi quaerat.','Impedit aut est magni atque aliquid blanditiis.',NULL,NULL,3,0,'Ut esse est ipsam nostrum sit culpa.','Voluptas pariatur nemo debitis qui delectus eveniet quis.','2013-09-01 00:41:03','2013-09-01 00:41:03'),(272,'Model','Beier-Rau','Incredible Plastic Shoes','833','Facere occaecati at unde corporis.','Dolorem ut voluptates sit nihil consequatur placeat.',NULL,NULL,0,0,'Consequatur officia sunt dolore sequi.','Unde dolorum aspernatur sit iste hic ratione doloremque molestias.','2013-09-01 00:41:03','2013-09-01 00:41:03');
/*!40000 ALTER TABLE `models` ENABLE KEYS */;
UNLOCK TABLES;

--
-- Table structure for table `models_compatibles`
--

DROP TABLE IF EXISTS `models_compatibles`;
/*!40101 SET @saved_cs_client     = @@character_set_client */;
/*!40101 SET character_set_client = utf8 */;
CREATE TABLE `models_compatibles` (
  `model_id` int(11) DEFAULT NULL,
  `compatible_id` int(11) DEFAULT NULL,
  KEY `index_models_compatibles_on_compatible_id` (`compatible_id`),
  KEY `index_models_compatibles_on_model_id` (`model_id`)
) ENGINE=InnoDB DEFAULT CHARSET=utf8 COLLATE=utf8_unicode_ci;
/*!40101 SET character_set_client = @saved_cs_client */;

--
-- Dumping data for table `models_compatibles`
--

LOCK TABLES `models_compatibles` WRITE;
/*!40000 ALTER TABLE `models_compatibles` DISABLE KEYS */;
INSERT INTO `models_compatibles` VALUES (144,143),(145,143),(146,143);
/*!40000 ALTER TABLE `models_compatibles` ENABLE KEYS */;
UNLOCK TABLES;

--
-- Table structure for table `notifications`
--

DROP TABLE IF EXISTS `notifications`;
/*!40101 SET @saved_cs_client     = @@character_set_client */;
/*!40101 SET character_set_client = utf8 */;
CREATE TABLE `notifications` (
  `id` int(11) NOT NULL AUTO_INCREMENT,
  `user_id` int(11) DEFAULT NULL,
  `title` varchar(255) COLLATE utf8_unicode_ci DEFAULT '',
  `created_at` datetime NOT NULL,
  PRIMARY KEY (`id`),
  KEY `index_notifications_on_user_id` (`user_id`)
) ENGINE=InnoDB DEFAULT CHARSET=utf8 COLLATE=utf8_unicode_ci;
/*!40101 SET character_set_client = @saved_cs_client */;

--
-- Dumping data for table `notifications`
--

LOCK TABLES `notifications` WRITE;
/*!40000 ALTER TABLE `notifications` DISABLE KEYS */;
/*!40000 ALTER TABLE `notifications` ENABLE KEYS */;
UNLOCK TABLES;

--
-- Table structure for table `numerators`
--

DROP TABLE IF EXISTS `numerators`;
/*!40101 SET @saved_cs_client     = @@character_set_client */;
/*!40101 SET character_set_client = utf8 */;
CREATE TABLE `numerators` (
  `id` int(11) NOT NULL AUTO_INCREMENT,
  `item` int(11) DEFAULT NULL,
  PRIMARY KEY (`id`)
) ENGINE=InnoDB DEFAULT CHARSET=utf8 COLLATE=utf8_unicode_ci;
/*!40101 SET character_set_client = @saved_cs_client */;

--
-- Dumping data for table `numerators`
--

LOCK TABLES `numerators` WRITE;
/*!40000 ALTER TABLE `numerators` DISABLE KEYS */;
/*!40000 ALTER TABLE `numerators` ENABLE KEYS */;
UNLOCK TABLES;

--
-- Table structure for table `options`
--

DROP TABLE IF EXISTS `options`;
/*!40101 SET @saved_cs_client     = @@character_set_client */;
/*!40101 SET character_set_client = utf8 */;
CREATE TABLE `options` (
  `id` int(11) NOT NULL AUTO_INCREMENT,
  `inventory_pool_id` int(11) DEFAULT NULL,
  `inventory_code` varchar(255) COLLATE utf8_unicode_ci DEFAULT NULL,
  `manufacturer` varchar(255) COLLATE utf8_unicode_ci DEFAULT NULL,
  `product` varchar(255) COLLATE utf8_unicode_ci NOT NULL,
  `version` varchar(255) COLLATE utf8_unicode_ci DEFAULT NULL,
  `price` decimal(8,2) DEFAULT NULL,
  PRIMARY KEY (`id`),
  KEY `index_options_on_inventory_pool_id` (`inventory_pool_id`)
) ENGINE=InnoDB AUTO_INCREMENT=7 DEFAULT CHARSET=utf8 COLLATE=utf8_unicode_ci;
/*!40101 SET character_set_client = @saved_cs_client */;

--
-- Dumping data for table `options`
--

LOCK TABLES `options` WRITE;
/*!40000 ALTER TABLE `options` DISABLE KEYS */;
INSERT INTO `options` VALUES (1,1,'akku-aa',NULL,'Akku AA','674',906.00),(2,1,'akku-aaa',NULL,'Akku AAA','675',931.00),(3,1,'usb',NULL,'USB Kabel','676',921.00),(4,1,'ani7293',NULL,'Awesome Concrete Gloves','716',576.00),(5,1,'eum5056',NULL,'Intelligent Wooden Hat','718',819.00),(6,2,'ess2753',NULL,'Sleek Rubber Car','724',24.00);
/*!40000 ALTER TABLE `options` ENABLE KEYS */;
UNLOCK TABLES;

--
-- Table structure for table `partitions`
--

DROP TABLE IF EXISTS `partitions`;
/*!40101 SET @saved_cs_client     = @@character_set_client */;
/*!40101 SET character_set_client = utf8 */;
CREATE TABLE `partitions` (
  `id` int(11) NOT NULL AUTO_INCREMENT,
  `model_id` int(11) DEFAULT NULL,
  `inventory_pool_id` int(11) DEFAULT NULL,
  `group_id` int(11) DEFAULT NULL,
  `quantity` int(11) DEFAULT NULL,
  PRIMARY KEY (`id`),
  UNIQUE KEY `index_partitions_on_model_id_and_inventory_pool_id_and_group_id` (`model_id`,`inventory_pool_id`,`group_id`)
) ENGINE=InnoDB AUTO_INCREMENT=12 DEFAULT CHARSET=utf8 COLLATE=utf8_unicode_ci;
/*!40101 SET character_set_client = @saved_cs_client */;

--
-- Dumping data for table `partitions`
--

LOCK TABLES `partitions` WRITE;
/*!40000 ALTER TABLE `partitions` DISABLE KEYS */;
INSERT INTO `partitions` VALUES (1,111,1,4,1),(2,145,1,5,1),(3,146,1,6,5),(4,144,1,1,1),(5,80,1,1,1),(6,80,1,2,1),(7,223,1,7,1),(8,231,1,7,1),(9,238,1,7,1),(10,250,1,8,1),(11,258,1,7,1);
/*!40000 ALTER TABLE `partitions` ENABLE KEYS */;
UNLOCK TABLES;

--
-- Temporary table structure for view `partitions_with_generals`
--

DROP TABLE IF EXISTS `partitions_with_generals`;
/*!50001 DROP VIEW IF EXISTS `partitions_with_generals`*/;
SET @saved_cs_client     = @@character_set_client;
SET character_set_client = utf8;
/*!50001 CREATE TABLE `partitions_with_generals` (
  `model_id` tinyint NOT NULL,
  `inventory_pool_id` tinyint NOT NULL,
  `group_id` tinyint NOT NULL,
  `quantity` tinyint NOT NULL
) ENGINE=MyISAM */;
SET character_set_client = @saved_cs_client;

--
-- Table structure for table `properties`
--

DROP TABLE IF EXISTS `properties`;
/*!40101 SET @saved_cs_client     = @@character_set_client */;
/*!40101 SET character_set_client = utf8 */;
CREATE TABLE `properties` (
  `id` int(11) NOT NULL AUTO_INCREMENT,
  `model_id` int(11) DEFAULT NULL,
  `key` varchar(255) COLLATE utf8_unicode_ci DEFAULT NULL,
  `value` varchar(255) COLLATE utf8_unicode_ci DEFAULT NULL,
  PRIMARY KEY (`id`),
  KEY `index_properties_on_model_id` (`model_id`)
) ENGINE=InnoDB AUTO_INCREMENT=13 DEFAULT CHARSET=utf8 COLLATE=utf8_unicode_ci;
/*!40101 SET character_set_client = @saved_cs_client */;

--
-- Dumping data for table `properties`
--

LOCK TABLES `properties` WRITE;
/*!40000 ALTER TABLE `properties` DISABLE KEYS */;
INSERT INTO `properties` VALUES (1,144,'Rotorduchmesser','120'),(2,144,'Akkus','2'),(3,144,'Farbe','Rot'),(4,145,'Rotorduchmesser','120'),(5,145,'Akkus','2'),(6,145,'Farbe','Rot'),(7,145,'max. Speed','80 kmh'),(8,145,'Gyro','Ja'),(9,145,'Achsen','3-Achsen'),(10,146,'Rotorduchmesser','120'),(11,146,'Akkus','2'),(12,146,'Farbe','Rot');
/*!40000 ALTER TABLE `properties` ENABLE KEYS */;
UNLOCK TABLES;

--
-- Table structure for table `purposes`
--

DROP TABLE IF EXISTS `purposes`;
/*!40101 SET @saved_cs_client     = @@character_set_client */;
/*!40101 SET character_set_client = utf8 */;
CREATE TABLE `purposes` (
  `id` int(11) NOT NULL AUTO_INCREMENT,
  `description` text COLLATE utf8_unicode_ci,
  PRIMARY KEY (`id`)
) ENGINE=InnoDB AUTO_INCREMENT=43 DEFAULT CHARSET=utf8 COLLATE=utf8_unicode_ci;
/*!40101 SET character_set_client = @saved_cs_client */;

--
-- Dumping data for table `purposes`
--

LOCK TABLES `purposes` WRITE;
/*!40000 ALTER TABLE `purposes` DISABLE KEYS */;
INSERT INTO `purposes` VALUES (1,'---\n- Sunt est molestiae voluptas cumque recusandae.\n- Est nobis possimus.\n'),(2,'---\n- Reprehenderit voluptas quia excepturi nam provident.\n- Molestiae consectetur et.\n'),(3,'Ersatzstativ fr die Ausstellung.'),(4,'Ersatzstativ fr die Ausstellung.'),(5,'Ersatzstativ fr die Ausstellung.'),(6,'Dolorem sapiente autem dolores officia esse ipsam.'),(7,'Est consequuntur aliquam ipsum deserunt mollitia.'),(8,'Velit vero esse tempora voluptas.'),(9,'Qui assumenda quis eum laboriosam quis.'),(10,'Atque rem laudantium aut est fugit quidem.'),(11,'Est voluptas nulla deleniti corporis voluptatem ex sit fuga.'),(12,'Bentige ich fr die Aufnahmen meiner Abschlussarbeit.'),(13,'Voluptas expedita sed sequi ducimus eos assumenda.'),(14,'Minus cupiditate consectetur earum enim amet.'),(15,'Ersatzstativ fr die Ausstellung.'),(16,'Fr das zweite Austellungswochenende.'),(17,'Fr das dritte Austellungswochenende.'),(18,'Fr die Abschlussarbeit.'),(19,'Ersatzstativ fr die Ausstellung.'),(20,'Bestellung mit Software'),(21,'Um meine Abschlussarbeit zu fotografieren.'),(22,'Nihil vero enim cupiditate laudantium fuga repellat ipsam perspiciatis.'),(23,'Um meine Abschlussarbeit zu fotografieren.'),(24,'Um meine Abschlussarbeit zu fotografieren.'),(25,'Veritatis dolor corporis eos ut aut.'),(26,'Paketausgabe'),(27,'Fr meinen aktuellen Kurs.'),(28,'Ersatzstativ fr die Ausstellung.'),(29,'Um meine Abschlussarbeit zu fotografieren.'),(30,'Ersatzstativ fr die Ausstellung.'),(31,'Ersatzstativ fr die Ausstellung.'),(32,'Ersatzstativ fr die Ausstellung.'),(33,'Ersatzstativ fr die Ausstellung.'),(34,'Ersatzstativ fr die Ausstellung.'),(35,'Ersatzstativ fr die Ausstellung.'),(36,'Ersatzstativ fr die Ausstellung.'),(37,'Ersatzstativ fr die Ausstellung.'),(38,'Ersatzstativ fr die Ausstellung.'),(39,'Fotoshooting (Kurs Fotografie).'),(40,'Brauche ich zwingend fr meinen Kurs.'),(41,'Ganz dringend bentigt fr meine Abschlussarbeit.'),(42,'Als Ersatz.');
/*!40000 ALTER TABLE `purposes` ENABLE KEYS */;
UNLOCK TABLES;

--
-- Table structure for table `schema_migrations`
--

DROP TABLE IF EXISTS `schema_migrations`;
/*!40101 SET @saved_cs_client     = @@character_set_client */;
/*!40101 SET character_set_client = utf8 */;
CREATE TABLE `schema_migrations` (
  `version` varchar(255) COLLATE utf8_unicode_ci NOT NULL,
  UNIQUE KEY `unique_schema_migrations` (`version`)
) ENGINE=InnoDB DEFAULT CHARSET=utf8 COLLATE=utf8_unicode_ci;
/*!40101 SET character_set_client = @saved_cs_client */;

--
-- Dumping data for table `schema_migrations`
--

LOCK TABLES `schema_migrations` WRITE;
/*!40000 ALTER TABLE `schema_migrations` DISABLE KEYS */;
INSERT INTO `schema_migrations` VALUES ('20140410180000'),('20140414100000'),('20140415083535'),('20140417113831'),('20140428092844'),('20140515131025');
/*!40000 ALTER TABLE `schema_migrations` ENABLE KEYS */;
UNLOCK TABLES;

--
-- Table structure for table `settings`
--

DROP TABLE IF EXISTS `settings`;
/*!40101 SET @saved_cs_client     = @@character_set_client */;
/*!40101 SET character_set_client = utf8 */;
CREATE TABLE `settings` (
  `id` int(11) NOT NULL AUTO_INCREMENT,
  `smtp_address` varchar(255) COLLATE utf8_unicode_ci DEFAULT NULL,
  `smtp_port` int(11) DEFAULT NULL,
  `smtp_domain` varchar(255) COLLATE utf8_unicode_ci DEFAULT NULL,
  `local_currency_string` varchar(255) COLLATE utf8_unicode_ci DEFAULT NULL,
  `contract_terms` text COLLATE utf8_unicode_ci,
  `contract_lending_party_string` text COLLATE utf8_unicode_ci,
  `email_signature` varchar(255) COLLATE utf8_unicode_ci DEFAULT NULL,
  `default_email` varchar(255) COLLATE utf8_unicode_ci DEFAULT NULL,
  `deliver_order_notifications` tinyint(1) DEFAULT NULL,
  `user_image_url` varchar(255) COLLATE utf8_unicode_ci DEFAULT NULL,
  `ldap_config` varchar(255) COLLATE utf8_unicode_ci DEFAULT NULL,
  `logo_url` varchar(255) COLLATE utf8_unicode_ci DEFAULT NULL,
  `mail_delivery_method` varchar(255) COLLATE utf8_unicode_ci DEFAULT NULL,
  `smtp_username` varchar(255) COLLATE utf8_unicode_ci DEFAULT NULL,
  `smtp_password` varchar(255) COLLATE utf8_unicode_ci DEFAULT NULL,
  `smtp_enable_starttls_auto` tinyint(1) NOT NULL DEFAULT '0',
  `smtp_openssl_verify_mode` varchar(255) COLLATE utf8_unicode_ci NOT NULL DEFAULT 'none',
  `time_zone` varchar(255) COLLATE utf8_unicode_ci NOT NULL DEFAULT 'Bern',
  `disable_manage_section` tinyint(1) NOT NULL DEFAULT '0',
  `disable_manage_section_message` text COLLATE utf8_unicode_ci,
  `disable_borrow_section` tinyint(1) NOT NULL DEFAULT '0',
  `disable_borrow_section_message` text COLLATE utf8_unicode_ci,
  `text` text COLLATE utf8_unicode_ci,
  PRIMARY KEY (`id`)
) ENGINE=InnoDB AUTO_INCREMENT=2 DEFAULT CHARSET=utf8 COLLATE=utf8_unicode_ci;
/*!40101 SET character_set_client = @saved_cs_client */;

--
-- Dumping data for table `settings`
--

LOCK TABLES `settings` WRITE;
/*!40000 ALTER TABLE `settings` DISABLE KEYS */;
INSERT INTO `settings` VALUES (1,'smtp.zhdk.ch',25,'beta.ausleihe.zhdk.ch','CHF','Die Benutzerin/der Benutzer ist bei unsachgemsser Handhabung oder Verlust schadenersatzpflichtig. Sie/Er verpflichtet sich, das Material sorgfltig zu behandeln und gereinigt zu retournieren. Bei mangelbehafteter oder verspteter Rckgabe kann eine Ausleihsperre (bis zu 6 Monaten) verhngt werden. Das geliehene Material bleibt jederzeit uneingeschrnktes Eigentum der Zrcher Hochschule der Knste und darf ausschliesslich fr schulische Zwecke eingesetzt werden. Mit ihrer/seiner Unterschrift akzeptiert die Benutzerin/der Benutzer diese Bedingungen sowie die \'Richtlinie zur Ausleihe von Sachen\' der ZHdK und etwaige abteilungsspezifische Ausleih-Richtlinien.','Your\nAddress\nHere','Das PZ-leihs Team','sender@example.com',0,'http://www.zhdk.ch/?person/foto&width=100&compressionlevel=0&id={:id}',NULL,'/assets/image-logo-zhdk.png','test',NULL,NULL,0,'none','Bern',0,NULL,0,NULL,NULL);
/*!40000 ALTER TABLE `settings` ENABLE KEYS */;
UNLOCK TABLES;

--
-- Table structure for table `suppliers`
--

DROP TABLE IF EXISTS `suppliers`;
/*!40101 SET @saved_cs_client     = @@character_set_client */;
/*!40101 SET character_set_client = utf8 */;
CREATE TABLE `suppliers` (
  `id` int(11) NOT NULL AUTO_INCREMENT,
  `name` varchar(255) COLLATE utf8_unicode_ci DEFAULT NULL,
  `created_at` datetime DEFAULT NULL,
  `updated_at` datetime DEFAULT NULL,
  PRIMARY KEY (`id`)
) ENGINE=InnoDB AUTO_INCREMENT=247 DEFAULT CHARSET=utf8 COLLATE=utf8_unicode_ci;
/*!40101 SET character_set_client = @saved_cs_client */;

--
-- Dumping data for table `suppliers`
--

LOCK TABLES `suppliers` WRITE;
/*!40000 ALTER TABLE `suppliers` DISABLE KEYS */;
INSERT INTO `suppliers` VALUES (1,'reiciendisvoluptatempraesentium','2013-09-01 00:41:03','2013-09-01 00:41:03'),(2,'iurereiciendisquia','2013-09-01 00:41:03','2013-09-01 00:41:03'),(3,'suntdolorid','2013-09-01 00:41:03','2013-09-01 00:41:03'),(4,'quibusdamharumvel','2013-09-01 00:41:03','2013-09-01 00:41:03'),(5,'etsedporro','2013-09-01 00:41:03','2013-09-01 00:41:03'),(6,'reiciendisutanimi','2013-09-01 00:41:03','2013-09-01 00:41:03'),(7,'eumaliquidoptio','2013-09-01 00:41:03','2013-09-01 00:41:03'),(8,'autestsimilique','2013-09-01 00:41:03','2013-09-01 00:41:03'),(9,'nesciuntdolorexplicabo','2013-09-01 00:41:03','2013-09-01 00:41:03'),(10,'nemonamimpedit','2013-09-01 00:41:03','2013-09-01 00:41:03'),(11,'inhicdolorem','2013-09-01 00:41:03','2013-09-01 00:41:03'),(12,'rerumsitdicta','2013-09-01 00:41:03','2013-09-01 00:41:03'),(13,'autexpeditamaxime','2013-09-01 00:41:03','2013-09-01 00:41:03'),(14,'adabexpedita','2013-09-01 00:41:03','2013-09-01 00:41:03'),(15,'nesciuntnequeet','2013-09-01 00:41:03','2013-09-01 00:41:03'),(16,'utsedtotam','2013-09-01 00:41:03','2013-09-01 00:41:03'),(17,'etdeseruntea','2013-09-01 00:41:03','2013-09-01 00:41:03'),(18,'veniamaspernaturhic','2013-09-01 00:41:03','2013-09-01 00:41:03'),(19,'autsuntquisquam','2013-09-01 00:41:03','2013-09-01 00:41:03'),(20,'officiisquisequi','2013-09-01 00:41:03','2013-09-01 00:41:03'),(21,'utsuscipitqui','2013-09-01 00:41:03','2013-09-01 00:41:03'),(22,'laboriosamquofacere','2013-09-01 00:41:03','2013-09-01 00:41:03'),(23,'itaqueuteum','2013-09-01 00:41:03','2013-09-01 00:41:03'),(24,'autinciduntquas','2013-09-01 00:41:03','2013-09-01 00:41:03'),(25,'errorexsit','2013-09-01 00:41:03','2013-09-01 00:41:03'),(26,'velnatusquo','2013-09-01 00:41:03','2013-09-01 00:41:03'),(27,'utquibusdamaut','2013-09-01 00:41:03','2013-09-01 00:41:03'),(28,'molestiassolutavoluptatem','2013-09-01 00:41:03','2013-09-01 00:41:03'),(29,'iustoquoeaque','2013-09-01 00:41:03','2013-09-01 00:41:03'),(30,'aliquidporrosimilique','2013-09-01 00:41:03','2013-09-01 00:41:03'),(31,'suntautrepellat','2013-09-01 00:41:03','2013-09-01 00:41:03'),(32,'itaqueillosunt','2013-09-01 00:41:03','2013-09-01 00:41:03'),(33,'liberoquoderror','2013-09-01 00:41:03','2013-09-01 00:41:03'),(34,'nonvoluptassed','2013-09-01 00:41:03','2013-09-01 00:41:03'),(35,'architectofugiatrecusandae','2013-09-01 00:41:03','2013-09-01 00:41:03'),(36,'providentquisquamquia','2013-09-01 00:41:03','2013-09-01 00:41:03'),(37,'magnamrationecumque','2013-09-01 00:41:03','2013-09-01 00:41:03'),(38,'utmaioresmolestiae','2013-09-01 00:41:03','2013-09-01 00:41:03'),(39,'suntautfugiat','2013-09-01 00:41:03','2013-09-01 00:41:03'),(40,'quiesta','2013-09-01 00:41:03','2013-09-01 00:41:03'),(41,'distinctiofugitdolores','2013-09-01 00:41:03','2013-09-01 00:41:03'),(42,'utrepellendusminima','2013-09-01 00:41:03','2013-09-01 00:41:03'),(43,'pariaturquaeeum','2013-09-01 00:41:03','2013-09-01 00:41:03'),(44,'ipsumetipsam','2013-09-01 00:41:03','2013-09-01 00:41:03'),(45,'cumveniamsaepe','2013-09-01 00:41:03','2013-09-01 00:41:03'),(46,'ututquos','2013-09-01 00:41:03','2013-09-01 00:41:03'),(47,'doloremconsequuntureos','2013-09-01 00:41:03','2013-09-01 00:41:03'),(48,'earumcumquesint','2013-09-01 00:41:03','2013-09-01 00:41:03'),(49,'quiautemquisquam','2013-09-01 00:41:03','2013-09-01 00:41:03'),(50,'quibusdamtotameaque','2013-09-01 00:41:03','2013-09-01 00:41:03'),(51,'voluptatemdolorummodi','2013-09-01 00:41:03','2013-09-01 00:41:03'),(52,'quoshicea','2013-09-01 00:41:03','2013-09-01 00:41:03'),(53,'earumetquam','2013-09-01 00:41:03','2013-09-01 00:41:03'),(54,'eligendiaccusamusquod','2013-09-01 00:41:03','2013-09-01 00:41:03'),(55,'quiacorrupti','2013-09-01 00:41:03','2013-09-01 00:41:03'),(56,'estnumquamdolorem','2013-09-01 00:41:03','2013-09-01 00:41:03'),(57,'aspernaturitaqueex','2013-09-01 00:41:03','2013-09-01 00:41:03'),(58,'nemoistenon','2013-09-01 00:41:03','2013-09-01 00:41:03'),(59,'voluptatemetipsam','2013-09-01 00:41:03','2013-09-01 00:41:03'),(60,'veritatisquifacilis','2013-09-01 00:41:03','2013-09-01 00:41:03'),(61,'quietnemo','2013-09-01 00:41:03','2013-09-01 00:41:03'),(62,'consequaturtotamoccaecati','2013-09-01 00:41:03','2013-09-01 00:41:03'),(63,'nequedoloribusdolorum','2013-09-01 00:41:03','2013-09-01 00:41:03'),(64,'etoccaecatiquia','2013-09-01 00:41:03','2013-09-01 00:41:03'),(65,'consecteturlaborumeaque','2013-09-01 00:41:03','2013-09-01 00:41:03'),(66,'dolorumexpeditainventore','2013-09-01 00:41:03','2013-09-01 00:41:03'),(67,'optiosintminima','2013-09-01 00:41:03','2013-09-01 00:41:03'),(68,'ducimusinlaborum','2013-09-01 00:41:03','2013-09-01 00:41:03'),(69,'evenietsitut','2013-09-01 00:41:03','2013-09-01 00:41:03'),(70,'nonvoluptaset','2013-09-01 00:41:03','2013-09-01 00:41:03'),(71,'officiisexercitationemcommodi','2013-09-01 00:41:03','2013-09-01 00:41:03'),(72,'officiavoluptatedolor','2013-09-01 00:41:03','2013-09-01 00:41:03'),(73,'deseruntevenietet','2013-09-01 00:41:03','2013-09-01 00:41:03'),(74,'nobisetet','2013-09-01 00:41:03','2013-09-01 00:41:03'),(75,'doloremexercitationemquis','2013-09-01 00:41:03','2013-09-01 00:41:03'),(76,'voluptaslaudantiumofficia','2013-09-01 00:41:03','2013-09-01 00:41:03'),(77,'fugitnihilsit','2013-09-01 00:41:03','2013-09-01 00:41:03'),(78,'quisminusdolores','2013-09-01 00:41:03','2013-09-01 00:41:03'),(79,'omnisducimusaperiam','2013-09-01 00:41:03','2013-09-01 00:41:03'),(80,'quisquamexnon','2013-09-01 00:41:03','2013-09-01 00:41:03'),(81,'hicculpaaliquam','2013-09-01 00:41:03','2013-09-01 00:41:03'),(82,'ipsaetasperiores','2013-09-01 00:41:03','2013-09-01 00:41:03'),(83,'exercitationemvoluptatemdolor','2013-09-01 00:41:03','2013-09-01 00:41:03'),(84,'inquodofficia','2013-09-01 00:41:03','2013-09-01 00:41:03'),(85,'insintsunt','2013-09-01 00:41:03','2013-09-01 00:41:03'),(86,'velarchitectout','2013-09-01 00:41:03','2013-09-01 00:41:03'),(87,'quiautvoluptas','2013-09-01 00:41:03','2013-09-01 00:41:03'),(88,'providentsuntvelit','2013-09-01 00:41:03','2013-09-01 00:41:03'),(89,'adipisciatdolor','2013-09-01 00:41:03','2013-09-01 00:41:03'),(90,'pariaturnostrumrepudiandae','2013-09-01 00:41:03','2013-09-01 00:41:03'),(91,'doloremvelitadipisci','2013-09-01 00:41:03','2013-09-01 00:41:03'),(92,'beataenihilmagnam','2013-09-01 00:41:03','2013-09-01 00:41:03'),(93,'quinihilvoluptatem','2013-09-01 00:41:03','2013-09-01 00:41:03'),(94,'voluptastemporibusmodi','2013-09-01 00:41:03','2013-09-01 00:41:03'),(95,'quodrepudiandaemollitia','2013-09-01 00:41:03','2013-09-01 00:41:03'),(96,'estoccaecatiquam','2013-09-01 00:41:03','2013-09-01 00:41:03'),(97,'ipsaautemrerum','2013-09-01 00:41:03','2013-09-01 00:41:03'),(98,'illosequicumque','2013-09-01 00:41:03','2013-09-01 00:41:03'),(99,'commodiquamfugiat','2013-09-01 00:41:03','2013-09-01 00:41:03'),(100,'nihilatquenesciunt','2013-09-01 00:41:03','2013-09-01 00:41:03'),(101,'estsedaspernatur','2013-09-01 00:41:03','2013-09-01 00:41:03'),(102,'quamdoloremvoluptatem','2013-09-01 00:41:03','2013-09-01 00:41:03'),(103,'iureofficiiseligendi','2013-09-01 00:41:03','2013-09-01 00:41:03'),(104,'quiautqui','2013-09-01 00:41:03','2013-09-01 00:41:03'),(105,'sitenimsed','2013-09-01 00:41:03','2013-09-01 00:41:03'),(106,'vitaesintut','2013-09-01 00:41:03','2013-09-01 00:41:03'),(107,'nihilimpeditest','2013-09-01 00:41:03','2013-09-01 00:41:03'),(108,'quisaccusamusducimus','2013-09-01 00:41:03','2013-09-01 00:41:03'),(109,'enimetquae','2013-09-01 00:41:03','2013-09-01 00:41:03'),(110,'utharummodi','2013-09-01 00:41:03','2013-09-01 00:41:03'),(111,'doloremeteum','2013-09-01 00:41:03','2013-09-01 00:41:03'),(112,'utharumfugiat','2013-09-01 00:41:03','2013-09-01 00:41:03'),(113,'eosnecessitatibuscumque','2013-09-01 00:41:03','2013-09-01 00:41:03'),(114,'illumestex','2013-09-01 00:41:03','2013-09-01 00:41:03'),(115,'repellenduscorruptilaborum','2013-09-01 00:41:03','2013-09-01 00:41:03'),(116,'natusrecusandaequis','2013-09-01 00:41:03','2013-09-01 00:41:03'),(117,'uteumautem','2013-09-01 00:41:03','2013-09-01 00:41:03'),(118,'teneturestatque','2013-09-01 00:41:03','2013-09-01 00:41:03'),(119,'hicullamconsectetur','2013-09-01 00:41:03','2013-09-01 00:41:03'),(120,'quiasuntperferendis','2013-09-01 00:41:03','2013-09-01 00:41:03'),(121,'delectusenimporro','2013-09-01 00:41:03','2013-09-01 00:41:03'),(122,'deseruntvelitmagni','2013-09-01 00:41:03','2013-09-01 00:41:03'),(123,'doloribusutveritatis','2013-09-01 00:41:03','2013-09-01 00:41:03'),(124,'voluptatemipsaut','2013-09-01 00:41:03','2013-09-01 00:41:03'),(125,'magniadimpedit','2013-09-01 00:41:03','2013-09-01 00:41:03'),(126,'eumbeataedolor','2013-09-01 00:41:03','2013-09-01 00:41:03'),(127,'voluptatumetodit','2013-09-01 00:41:03','2013-09-01 00:41:03'),(128,'voluptastotamea','2013-09-01 00:41:03','2013-09-01 00:41:03'),(129,'quietquo','2013-09-01 00:41:03','2013-09-01 00:41:03'),(130,'vitaeundenulla','2013-09-01 00:41:03','2013-09-01 00:41:03'),(131,'solutaquiquia','2013-09-01 00:41:03','2013-09-01 00:41:03'),(132,'etautet','2013-09-01 00:41:03','2013-09-01 00:41:03'),(133,'consequatursapienteet','2013-09-01 00:41:03','2013-09-01 00:41:03'),(134,'doloremimpeditvoluptatem','2013-09-01 00:41:03','2013-09-01 00:41:03'),(135,'nesciuntbeataedoloribus','2013-09-01 00:41:03','2013-09-01 00:41:03'),(136,'idmodicum','2013-09-01 00:41:03','2013-09-01 00:41:03'),(137,'quisnonearum','2013-09-01 00:41:03','2013-09-01 00:41:03'),(138,'quoaccusamusanimi','2013-09-01 00:41:03','2013-09-01 00:41:03'),(139,'suntessedoloremque','2013-09-01 00:41:03','2013-09-01 00:41:03'),(140,'suntutaccusamus','2013-09-01 00:41:03','2013-09-01 00:41:03'),(141,'earerumsuscipit','2013-09-01 00:41:03','2013-09-01 00:41:03'),(142,'quiasuscipitminima','2013-09-01 00:41:03','2013-09-01 00:41:03'),(143,'rationequiavoluptatibus','2013-09-01 00:41:03','2013-09-01 00:41:03'),(144,'itaqueatomnis','2013-09-01 00:41:03','2013-09-01 00:41:03'),(145,'mollitianecessitatibuseum','2013-09-01 00:41:03','2013-09-01 00:41:03'),(146,'quonatusnon','2013-09-01 00:41:03','2013-09-01 00:41:03'),(147,'nihilquoset','2013-09-01 00:41:03','2013-09-01 00:41:03'),(148,'nihileumvelit','2013-09-01 00:41:03','2013-09-01 00:41:03'),(149,'fugaautnatus','2013-08-27 00:00:00','2013-08-27 00:00:00'),(150,'quiporroharum','2013-08-27 00:00:00','2013-08-27 00:00:00'),(151,'quiitaqueimpedit','2013-08-27 00:00:00','2013-08-27 00:00:00'),(152,'doloresaepedignissimos','2013-09-01 00:41:03','2013-09-01 00:41:03'),(153,'eosetnulla','2013-09-01 00:41:03','2013-09-01 00:41:03'),(154,'aliquamdoloremqueex','2013-09-01 00:41:03','2013-09-01 00:41:03'),(155,'doloremexcepturialiquid','2013-09-01 00:41:03','2013-09-01 00:41:03'),(156,'repellendusmollitiaperspiciatis','2013-09-01 00:41:03','2013-09-01 00:41:03'),(157,'voluptatesoditnumquam','2013-09-01 00:41:03','2013-09-01 00:41:03'),(158,'laudantiumesteius','2013-09-01 00:41:03','2013-09-01 00:41:03'),(159,'deseruntconsequaturprovident','2013-09-01 00:41:03','2013-09-01 00:41:03'),(160,'oditblanditiisconsequatur','2013-09-01 00:41:03','2013-09-01 00:41:03'),(161,'aliquidarchitectopraesentium','2013-09-01 00:41:03','2013-09-01 00:41:03'),(162,'temporaipsumquasi','2013-09-01 00:41:03','2013-09-01 00:41:03'),(163,'sedadnulla','2013-09-01 00:41:03','2013-09-01 00:41:03'),(164,'animiabaut','2013-09-01 00:41:03','2013-09-01 00:41:03'),(165,'eumquisquamrerum','2013-09-01 00:41:03','2013-09-01 00:41:03'),(166,'doloresquibusdamet','2013-09-01 00:41:03','2013-09-01 00:41:03'),(167,'quiaquiaratione','2013-08-27 00:00:00','2013-08-27 00:00:00'),(168,'illumrerumeveniet','2013-08-27 00:00:00','2013-08-27 00:00:00'),(169,'nequearchitectorerum','2013-08-27 00:00:00','2013-08-27 00:00:00'),(170,'estistequibusdam','2013-08-27 00:00:00','2013-08-27 00:00:00'),(171,'nemoautqui','2013-08-27 00:00:00','2013-08-27 00:00:00'),(172,'molestiasnemoillum','2013-09-01 00:41:03','2013-09-01 00:41:03'),(173,'adetet','2013-09-01 00:41:03','2013-09-01 00:41:03'),(174,'cumquamsit','2013-09-01 00:41:03','2013-09-01 00:41:03'),(175,'quidemsintipsa','2013-09-01 00:41:03','2013-09-01 00:41:03'),(176,'addoloribuset','2013-09-01 00:41:03','2013-09-01 00:41:03'),(177,'doloremquealiquammaxime','2013-09-01 00:41:03','2013-09-01 00:41:03'),(178,'eaquenumquamsit','2013-09-01 00:41:03','2013-09-01 00:41:03'),(179,'doloreminquaerat','2013-09-01 00:41:03','2013-09-01 00:41:03'),(180,'dolorsitdoloremque','2013-09-01 00:41:03','2013-09-01 00:41:03'),(181,'remcorruptivelit','2013-09-01 00:41:03','2013-09-01 00:41:03'),(182,'similiquerepellatdoloremque','2013-09-01 00:41:03','2013-09-01 00:41:03'),(183,'nesciuntabquod','2013-09-01 00:41:03','2013-09-01 00:41:03'),(184,'sedlaborecorporis','2013-09-01 00:41:03','2013-09-01 00:41:03'),(185,'cumeiusrerum','2013-09-01 00:41:03','2013-09-01 00:41:03'),(186,'etnumquamnecessitatibus','2013-09-01 00:41:03','2013-09-01 00:41:03'),(187,'eautvitae','2013-09-01 00:41:03','2013-09-01 00:41:03'),(188,'ducimusmollitiaad','2013-09-01 00:41:03','2013-09-01 00:41:03'),(189,'molestiaevelitconsequatur','2013-09-01 00:41:03','2013-09-01 00:41:03'),(190,'quiquasvoluptatem','2013-09-01 00:41:03','2013-09-01 00:41:03'),(191,'velitmolestiaepraesentium','2013-09-01 00:41:03','2013-09-01 00:41:03'),(192,'cumeaexcepturi','2013-09-01 00:41:03','2013-09-01 00:41:03'),(193,'autemetaspernatur','2013-09-01 00:41:03','2013-09-01 00:41:03'),(194,'velsimiliquequi','2013-09-01 00:41:03','2013-09-01 00:41:03'),(195,'nonmodidolores','2013-09-01 00:41:03','2013-09-01 00:41:03'),(196,'nonidnostrum','2013-09-01 00:41:03','2013-09-01 00:41:03'),(197,'officiasolutaexplicabo','2013-08-31 12:58:28','2013-08-31 12:58:28'),(198,'modieaquevoluptatem','2013-08-31 12:58:28','2013-08-31 12:58:28'),(199,'molestiasquasiexercitationem','2013-08-31 12:58:28','2013-08-31 12:58:28'),(200,'aliquamquooptio','2013-08-31 12:58:28','2013-08-31 12:58:28'),(201,'quismolestiasconsequuntur','2013-08-31 12:58:28','2013-08-31 12:58:28'),(202,'dolorumaccusamussit','2013-08-31 12:58:28','2013-08-31 12:58:28'),(203,'repellaterrorea','2013-08-31 12:58:28','2013-08-31 12:58:28'),(204,'utquasiaut','2013-08-31 12:58:28','2013-08-31 12:58:28'),(205,'eumexquibusdam','2013-08-31 12:58:28','2013-08-31 12:58:28'),(206,'laboreitaquenon','2013-08-31 12:58:28','2013-08-31 12:58:28'),(207,'abfugiatamet','2013-08-31 12:58:28','2013-08-31 12:58:28'),(208,'estdoloremqueminus','2013-08-31 12:58:28','2013-08-31 12:58:28'),(209,'consecteturetnesciunt','2013-08-31 12:58:28','2013-08-31 12:58:28'),(210,'consequaturautest','2013-08-31 12:58:28','2013-08-31 12:58:28'),(211,'architectoeumdolor','2013-08-31 12:58:28','2013-08-31 12:58:28'),(212,'odioquiaccusantium','2013-08-31 12:58:29','2013-08-31 12:58:29'),(213,'sitomniset','2013-08-31 12:58:29','2013-08-31 12:58:29'),(214,'nonautsaepe','2013-08-31 12:58:29','2013-08-31 12:58:29'),(215,'idvoluptatibusvel','2013-08-31 12:58:29','2013-08-31 12:58:29'),(216,'ipsaautassumenda','2013-08-31 12:58:29','2013-08-31 12:58:29'),(217,'nonenimsimilique','2013-08-31 12:58:29','2013-08-31 12:58:29'),(218,'doloremquehicrepellendus','2013-08-29 19:43:50','2013-08-29 19:43:50'),(219,'eumeligendiquo','2013-08-29 19:43:50','2013-08-29 19:43:50'),(220,'minimadeseruntmaiores','2013-08-29 19:43:50','2013-08-29 19:43:50'),(221,'hicconsequaturest','2013-08-29 16:23:08','2013-08-29 16:23:08'),(222,'illumlaborequi','2013-08-29 16:23:09','2013-08-29 16:23:09'),(223,'voluptatemutest','2013-08-29 16:23:09','2013-08-29 16:23:09'),(224,'ametestdolore','2013-08-29 16:23:09','2013-08-29 16:23:09'),(225,'deseruntsitnon','2013-08-29 16:23:09','2013-08-29 16:23:09'),(226,'dolorumveniamnulla','2013-08-29 16:23:09','2013-08-29 16:23:09'),(227,'explicaboetnostrum','2013-08-29 16:23:09','2013-08-29 16:23:09'),(228,'atquenatussed','2013-08-29 16:23:09','2013-08-29 16:23:09'),(229,'asperioresoptiovel','2013-09-01 00:41:03','2013-09-01 00:41:03'),(230,'providentsimiliquesapiente','2013-09-01 00:41:03','2013-09-01 00:41:03'),(231,'utquibeatae','2013-09-01 00:41:03','2013-09-01 00:41:03'),(232,'iurerecusandaetempore','2013-09-01 00:41:03','2013-09-01 00:41:03'),(233,'consequatursintid','2013-09-01 00:41:03','2013-09-01 00:41:03'),(234,'quodmagniut','2013-09-01 00:41:03','2013-09-01 00:41:03'),(235,'inutut','2013-09-01 00:41:03','2013-09-01 00:41:03'),(236,'numquameumeum','2013-09-01 00:41:03','2013-09-01 00:41:03'),(237,'etdelenitiadipisci','2013-09-01 00:41:03','2013-09-01 00:41:03'),(238,'idharumnon','2013-09-01 00:41:03','2013-09-01 00:41:03'),(239,'numquamomnisaut','2013-09-01 00:41:03','2013-09-01 00:41:03'),(240,'dolorvoluptatemexercitationem','2013-09-01 00:41:03','2013-09-01 00:41:03'),(241,'solutadoloremnihil','2013-09-01 00:41:03','2013-09-01 00:41:03'),(242,'etquibusdamreprehenderit','2013-09-01 00:41:03','2013-09-01 00:41:03'),(243,'etquisea','2013-09-01 00:41:03','2013-09-01 00:41:03'),(244,'sedaccusantiumadipisci','2013-09-01 00:41:03','2013-09-01 00:41:03'),(245,'quasiutexercitationem','2013-09-01 00:41:03','2013-09-01 00:41:03'),(246,'etetoccaecati','2013-09-01 00:41:03','2013-09-01 00:41:03');
/*!40000 ALTER TABLE `suppliers` ENABLE KEYS */;
UNLOCK TABLES;

--
-- Table structure for table `users`
--

DROP TABLE IF EXISTS `users`;
/*!40101 SET @saved_cs_client     = @@character_set_client */;
/*!40101 SET character_set_client = utf8 */;
CREATE TABLE `users` (
  `id` int(11) NOT NULL AUTO_INCREMENT,
  `login` varchar(255) COLLATE utf8_unicode_ci DEFAULT NULL,
  `firstname` varchar(255) COLLATE utf8_unicode_ci DEFAULT NULL,
  `lastname` varchar(255) COLLATE utf8_unicode_ci DEFAULT NULL,
  `phone` varchar(255) COLLATE utf8_unicode_ci DEFAULT NULL,
  `authentication_system_id` int(11) DEFAULT '1',
  `unique_id` varchar(255) COLLATE utf8_unicode_ci DEFAULT NULL,
  `email` varchar(255) COLLATE utf8_unicode_ci DEFAULT NULL,
  `badge_id` varchar(255) COLLATE utf8_unicode_ci DEFAULT NULL,
  `address` varchar(255) COLLATE utf8_unicode_ci DEFAULT NULL,
  `city` varchar(255) COLLATE utf8_unicode_ci DEFAULT NULL,
  `zip` varchar(255) COLLATE utf8_unicode_ci DEFAULT NULL,
  `country` varchar(255) COLLATE utf8_unicode_ci DEFAULT NULL,
  `language_id` int(11) DEFAULT NULL,
  `extended_info` text COLLATE utf8_unicode_ci,
  `settings` varchar(1024) COLLATE utf8_unicode_ci DEFAULT NULL,
  `created_at` datetime DEFAULT NULL,
  `updated_at` datetime DEFAULT NULL,
  `delegator_user_id` int(11) DEFAULT NULL,
  PRIMARY KEY (`id`),
  KEY `index_users_on_authentication_system_id` (`authentication_system_id`)
) ENGINE=InnoDB AUTO_INCREMENT=35 DEFAULT CHARSET=utf8 COLLATE=utf8_unicode_ci;
/*!40101 SET character_set_client = @saved_cs_client */;

--
-- Dumping data for table `users`
--

LOCK TABLES `users` WRITE;
/*!40000 ALTER TABLE `users` DISABLE KEYS */;
INSERT INTO `users` VALUES (1,'gino','Gino','F.','03799641088',1,'1on6lzsx13nil4mwiv','gino@zhdk.ch','olzc30a89p55jr6um5','64061 Rick Port','Mauricioburgh','S-Z6Y 5DD','Sudan',2,NULL,'--- !ruby/hash:ActiveSupport::HashWithIndifferentAccess {}\n','2013-09-01 00:41:03','2013-09-01 00:41:03',NULL),(2,'ramon','Ramon','C.','01915878738',1,'onp4b7rcrvf6kk9sf1','ramon@zhdk.ch','1um0qcj29hdtyuy63g','22660 Hand Vista','South Amanda','B-ZS0Y 6BL','Belize',2,NULL,'--- !ruby/hash:ActiveSupport::HashWithIndifferentAccess {}\n','2013-09-01 00:41:03','2013-09-01 00:41:03',NULL),(3,'maryse.walsh_2097','Kolby','Ullrich','03475694885',1,'0n6jfnd62iyq4ijnyv','eloisa.reynolds@schumm.info','l1fgm7zmj0q4tsjpzi','72223 Stamm Causeway','Ramiroview','T-R8V 8YX','Tokelau',1,NULL,'--- !ruby/hash:ActiveSupport::HashWithIndifferentAccess {}\n','2013-09-01 00:41:03','2013-09-01 00:41:03',NULL),(4,'rory_4772','Kameron','Langosh','05622555515',1,'8zqlidlzpdcvumti3s','raoul@grimes.co.uk','usrti32l6j8ukb1rv8','7424 Dietrich Inlet','North Nannieshire','V-ML9 3SY','Venezuela',1,NULL,'--- !ruby/hash:ActiveSupport::HashWithIndifferentAccess {}\n','2013-09-01 00:41:03','2013-09-01 00:41:03',NULL),(5,'general_4747','Lewis','Hagenes','0135742350',1,'0mh1tw5lhxylqce3qt','alanis@johns.biz','yj3uz819d4uj93w3ej','438 Heller Motorway','Lake Chaunceyfort','I-Z9W 4BB','Iran',1,NULL,'--- !ruby/hash:ActiveSupport::HashWithIndifferentAccess {}\n','2013-09-01 00:41:03','2013-09-01 00:41:03',NULL),(6,'friedrich_wehner_4079','Cordie','Denesik','0800594335',1,'wb5mrbzh4phglgiz5v','baron.macejkovic@graham.info','1g2zv17nu545izunvv','249 Demarco Junction','East Gwenhaven','E-Z6R 5BB','Ethiopia',1,NULL,'--- !ruby/hash:ActiveSupport::HashWithIndifferentAccess {}\n','2013-09-01 00:41:03','2013-09-01 00:41:03',NULL),(7,'arne.wintheiser_9851','Johnathon','Marquardt','02713365894',1,'yacol07wuk7yn5xey5','presley@turcottegrant.com','7hzslv7vuqnognvyyt','85211 Elisabeth Route','New Greysonshire','C-WG8 0LX','Cayman Islands',1,NULL,'--- !ruby/hash:ActiveSupport::HashWithIndifferentAccess {}\n','2013-09-01 00:41:03','2013-09-01 00:41:03',NULL),(8,'mabelle_3042','Carolina','Robel','0183417262',1,'6dysxat17j1awxubx4','nakia.crist@stehr.info','1dsibguhsl500zsd7b','7691 Queenie Forges','Katlynnview','C-W3N 6JJ','Chad',1,NULL,'--- !ruby/hash:ActiveSupport::HashWithIndifferentAccess {}\n','2013-09-01 00:41:03','2013-09-01 00:41:03',NULL),(9,'matti','Matti','S.','01958955893',1,'sv2vslhdpg84keas1n','matti@zhdk.ch','mvyifxetmu9z5gj3wv','6510 Mosciski Roads','Port Jorgeborough','U-WK0 3OA','United Kingdom',2,NULL,'--- !ruby/hash:ActiveSupport::HashWithIndifferentAccess {}\n','2013-09-01 00:41:03','2013-09-01 00:41:03',NULL),(10,'mike','Mike','H.','09181908379',1,'t0ztyy6hn4d75z5y27','mike@zhdk.ch','l4q6j3d547owkcuf3u','3657 Kane Locks','West Vernermouth','H-R4 4AT','Holy See (Vatican City State)',2,NULL,'--- !ruby/hash:ActiveSupport::HashWithIndifferentAccess {}\n','2013-09-01 00:41:03','2013-09-01 00:41:03',NULL),(11,'pius','Pius','Grady','08706297390',1,'y72m9ipf60igyk75hf','pius@zhdk.ch','9ku4e92stg6e3bjnnb','60521 West Crest','Denesikmouth','L-WY5E 1WF','Lao People\'s Democratic Republic',2,NULL,'--- !ruby/hash:ActiveSupport::HashWithIndifferentAccess {}\n','2013-09-01 00:41:03','2013-09-01 00:41:03',NULL),(12,'peter','Peter','Silie','0169771617',1,'dwjqfv4l9ln74kijsf','peter@silie.com','0ko2d5a84vprau9xik','972 Frami Run','New Alexane','S-AD1 8FE','Slovenia',2,NULL,'--- !ruby/hash:ActiveSupport::HashWithIndifferentAccess {}\n','2013-09-01 00:41:03','2013-09-01 00:41:03',NULL),(13,'coby_1669','Doyle','Blanda','05688724068',1,'rx9t33xbq5kvrn1n5d','dave@heel.biz','ve5d8talkfsspav53p','5029 Eliane Park','Ewaldchester','F-ZQ9W 8WJ','French Guiana',1,NULL,'--- !ruby/hash:ActiveSupport::HashWithIndifferentAccess {}\n','2013-09-01 00:41:03','2013-09-01 00:41:03',NULL),(14,'lukas_8205','Katelyn','Cormier','05593479960',1,'hzafwxvnf4oalml0il','jamal@toystiedemann.biz','s3zk8krkx7rmfd6yuv','864 Cole Place','Lake Blancheview','G-ZN6 0PB','Georgia',1,NULL,'--- !ruby/hash:ActiveSupport::HashWithIndifferentAccess {}\n','2013-09-01 00:41:03','2013-09-01 00:41:03',NULL),(15,'madeline.stanton_1448','Amara','Johns','09411599331',1,'46t47whiorjkcjg6l7','winifred_turner@welch.biz','x6v53y060s0a3h4zdy','3482 Bettie Garden','Nadertown','I-UY9E 5UB','Iraq',1,NULL,'--- !ruby/hash:ActiveSupport::HashWithIndifferentAccess {}\n','2013-09-01 00:41:03','2013-09-01 00:41:03',NULL),(16,'jamel_2035','Gage','Huel','01380896087',1,'ivnjon4vc4t1latqu7','laverne@schultzdaniel.com','m4syst8oajt85lqykv','307 Luis Ranch','West Pearline','J-L0Y 1AB','Jamaica',1,NULL,'--- !ruby/hash:ActiveSupport::HashWithIndifferentAccess {}\n','2013-09-01 00:41:03','2013-09-01 00:41:03',NULL),(17,'destin_754','Lloyd','Labadie','03596923889',1,'f1u5z7ti1rzgehx4pj','gertrude.upton@conroy.name','ptztbuaectutw3yayt','876 Grimes Coves','South Lucyborough','D-ZM7R 5BL','Dominica',1,NULL,'--- !ruby/hash:ActiveSupport::HashWithIndifferentAccess {}\n','2013-08-27 00:00:00','2013-08-27 00:00:00',NULL),(18,'vito_champlin_8453','Glenda','Padberg','08613091956',1,'m7l0px7u9q8ei0szdd','carolanne@ward.biz','2sljyfvb5b7lgevtb7','6487 Lockman Ford','Sigridburgh','K-YM6B 0AA','Kyrgyz Republic',1,NULL,'--- !ruby/hash:ActiveSupport::HashWithIndifferentAccess {}\n','2013-08-27 00:00:00','2013-08-27 00:00:00',NULL),(19,'mina','Mina','Zboncak','05674923124',1,'asxydotg5bvyk1681j','mina@zhdk.ch','ecf4fg3xd9c5oqiwut','7615 Morar Islands','East Kearatown','B-C2Y 7YB','Bahrain',1,NULL,'--- !ruby/hash:ActiveSupport::HashWithIndifferentAccess {}\n','2013-09-01 00:41:03','2013-09-01 00:41:03',NULL),(20,'julie','Julie','Orn','0500636699',1,'4yzcm141czny31nt7q','julie@zhdk.ch','63drim8c8jbusazifc','809 Bayer Center','Borerfurt','M-YH5R 9AW','Malaysia',1,NULL,'--- !ruby/hash:ActiveSupport::HashWithIndifferentAccess {}\n','2013-09-01 00:41:03','2013-09-01 00:41:03',NULL),(21,NULL,'Eum est tempore saepe maiores deserunt ea.',NULL,NULL,NULL,NULL,NULL,NULL,NULL,NULL,NULL,NULL,1,NULL,'--- !ruby/hash:ActiveSupport::HashWithIndifferentAccess {}\n','2013-09-01 00:41:03','2013-09-01 00:41:03',20),(22,NULL,'Facilis neque consequatur dolores et veritatis fugit ullam.',NULL,NULL,NULL,NULL,NULL,NULL,NULL,NULL,NULL,NULL,1,NULL,'--- !ruby/hash:ActiveSupport::HashWithIndifferentAccess {}\n','2013-09-01 00:41:03','2013-09-01 00:41:03',19),(23,NULL,'Reprehenderit rerum nostrum earum excepturi omnis similique.',NULL,NULL,NULL,NULL,NULL,NULL,NULL,NULL,NULL,NULL,1,NULL,'--- !ruby/hash:ActiveSupport::HashWithIndifferentAccess {}\n','2013-09-01 00:41:03','2013-09-01 00:41:03',19),(24,NULL,'Debitis sit rerum in ut assumenda quae accusantium.',NULL,NULL,NULL,NULL,NULL,NULL,NULL,NULL,NULL,NULL,1,NULL,'--- !ruby/hash:ActiveSupport::HashWithIndifferentAccess {}\n','2013-09-01 00:41:03','2013-09-01 00:41:03',19),(25,'normin','Normin','N.','0500143478',1,'c1mw21wlhtv8wtwdh0','normin@zhdk.ch','2pvjddlstvxbtqruxi','165 Dell Ville','Ornton','L-Y0 1EX','Lithuania',2,NULL,'--- !ruby/hash:ActiveSupport::HashWithIndifferentAccess {}\n','2013-09-01 00:41:03','2013-09-01 00:41:03',NULL),(26,'petra','Petra','K.','01789741027',1,'dr7ovtm9plul7fnszo','petra@zhdk.ch','2ptdj7yonnzalolki8','2370 Stark Rest, ','East Grayceland','B-Y1A 0BG','Bouvet Island (Bouvetoya)',2,NULL,'--- !ruby/hash:ActiveSupport::HashWithIndifferentAccess {}\n','2013-09-01 00:41:03','2013-09-01 00:41:03',NULL),(27,'andi','Andi','Koepp','05584216955',1,'cyu4ucdvo0iblm330o','andi@zhdk.ch','uuwkfvxwg9dxxpil7f','375 Bennie Road','North Lillybury','R-YO9 0RZ','Republic of Korea',2,NULL,'--- !ruby/hash:ActiveSupport::HashWithIndifferentAccess {}\n','2013-09-01 00:41:03','2013-09-01 00:41:03',NULL),(28,'christa_6659','Aracely','Ferry','02499628031',1,'hxehqr532pr66qefw1','sister.rippin@pfefferritchie.info','ua4hjwzey9o3a0yw7k','89104 Ramon Knolls','Kozeymouth','M-P1E 9AB','Malaysia',2,NULL,'--- !ruby/hash:ActiveSupport::HashWithIndifferentAccess {}\n','2013-09-01 00:41:03','2013-09-01 00:41:03',NULL),(29,'ashley_6440','Emma','Lang','01218803613',1,'i934748zutw6v36p5q','cameron_ruecker@rohanharber.biz','sj0shiyf2zvmo53h7o','28199 Sandrine Prairie','Nadermouth','Z-ZW0 0TE','Zimbabwe',1,NULL,'--- !ruby/hash:ActiveSupport::HashWithIndifferentAccess {}\n','2013-09-01 00:41:03','2013-09-01 00:41:03',NULL),(30,'erik_christiansen_6703','Johanna','Kuhn','0127962707',1,'bp7u64w5cvad0ljtmm','nick.erdman@torphy.info','l3llmfuhzpgk0xxqn7','514 Dooley Forge','East Inesstad','I-F6W 1LW','Israel',1,NULL,'--- !ruby/hash:ActiveSupport::HashWithIndifferentAccess {}\n','2013-09-01 00:41:03','2013-09-01 00:41:03',NULL),(31,'rozella_879','Margarete','Kling','01144636292',1,'jn6ii7k9zkkcv6n4d6','burnice@pagac.info','epckmetpuwjl6hf20x','7969 Bradtke Pike','New Lessieton','G-A6 5BT','Guernsey',1,NULL,'--- !ruby/hash:ActiveSupport::HashWithIndifferentAccess {}\n','2013-09-01 00:41:03','2013-09-01 00:41:03',NULL),(32,'candida.gleason_7212','Felicia','Stanton','0500797392',1,'nqxicmzq5f19gseg3p','joaquin.jast@trantowrosenbaum.com','4l0afakr2m6w8iote3','7073 Edward Isle','Priceborough','N-UD1W 3LB','Niue',1,NULL,'--- !ruby/hash:ActiveSupport::HashWithIndifferentAccess {}\n','2013-09-01 00:41:03','2013-09-01 00:41:03',NULL),(33,'levi_2053','Marcelo','Hirthe','01567000235',1,'uzq8xbrvhaplm832bl','mireya@hickle.biz','pc7ldimy9uezi1a55s','682 Gleichner Station','Nitzschemouth','P-U5 0BB','Papua New Guinea',1,NULL,'--- !ruby/hash:ActiveSupport::HashWithIndifferentAccess {}\n','2013-09-01 00:41:03','2013-09-01 00:41:03',NULL),(34,'lisa','Lisa','L.','08009438669',1,'kynmwdna0l5tl5dqcv','lisa@zhdk.ch','oqt032t8u5nctlw7rg','75925 Klocko Oval','Bechtelarchester','M-Z8X 9ZT','Mauritania',2,NULL,'--- !ruby/hash:ActiveSupport::HashWithIndifferentAccess {}\n','2013-09-01 00:41:03','2013-09-01 00:41:03',NULL);
/*!40000 ALTER TABLE `users` ENABLE KEYS */;
UNLOCK TABLES;

--
-- Temporary table structure for view `visit_lines`
--

DROP TABLE IF EXISTS `visit_lines`;
/*!50001 DROP VIEW IF EXISTS `visit_lines`*/;
SET @saved_cs_client     = @@character_set_client;
SET character_set_client = utf8;
/*!50001 CREATE TABLE `visit_lines` (
  `visit_id` tinyint NOT NULL,
  `inventory_pool_id` tinyint NOT NULL,
  `user_id` tinyint NOT NULL,
  `delegated_user_id` tinyint NOT NULL,
  `status` tinyint NOT NULL,
  `action` tinyint NOT NULL,
  `date` tinyint NOT NULL,
  `quantity` tinyint NOT NULL,
  `contract_line_id` tinyint NOT NULL
) ENGINE=MyISAM */;
SET character_set_client = @saved_cs_client;

--
-- Temporary table structure for view `visits`
--

DROP TABLE IF EXISTS `visits`;
/*!50001 DROP VIEW IF EXISTS `visits`*/;
SET @saved_cs_client     = @@character_set_client;
SET character_set_client = utf8;
/*!50001 CREATE TABLE `visits` (
  `id` tinyint NOT NULL,
  `inventory_pool_id` tinyint NOT NULL,
  `user_id` tinyint NOT NULL,
  `status` tinyint NOT NULL,
  `action` tinyint NOT NULL,
  `date` tinyint NOT NULL,
  `quantity` tinyint NOT NULL
) ENGINE=MyISAM */;
SET character_set_client = @saved_cs_client;

--
-- Table structure for table `workdays`
--

DROP TABLE IF EXISTS `workdays`;
/*!40101 SET @saved_cs_client     = @@character_set_client */;
/*!40101 SET character_set_client = utf8 */;
CREATE TABLE `workdays` (
  `id` int(11) NOT NULL AUTO_INCREMENT,
  `inventory_pool_id` int(11) DEFAULT NULL,
  `monday` tinyint(1) DEFAULT '1',
  `tuesday` tinyint(1) DEFAULT '1',
  `wednesday` tinyint(1) DEFAULT '1',
  `thursday` tinyint(1) DEFAULT '1',
  `friday` tinyint(1) DEFAULT '1',
  `saturday` tinyint(1) DEFAULT '0',
  `sunday` tinyint(1) DEFAULT '0',
  PRIMARY KEY (`id`),
  KEY `index_workdays_on_inventory_pool_id` (`inventory_pool_id`)
) ENGINE=InnoDB AUTO_INCREMENT=13 DEFAULT CHARSET=utf8 COLLATE=utf8_unicode_ci;
/*!40101 SET character_set_client = @saved_cs_client */;

--
-- Dumping data for table `workdays`
--

LOCK TABLES `workdays` WRITE;
/*!40000 ALTER TABLE `workdays` DISABLE KEYS */;
INSERT INTO `workdays` VALUES (1,1,1,1,1,1,1,0,0),(2,2,1,1,1,1,1,0,0),(3,3,1,1,1,1,1,0,0),(4,4,1,1,1,1,1,0,0),(5,5,1,1,1,1,1,0,0),(6,6,1,1,1,1,1,0,0),(7,7,1,1,1,1,1,0,0),(8,8,1,1,1,1,1,0,0),(9,9,1,1,1,1,1,0,0),(10,10,1,1,1,1,1,0,0),(11,11,1,1,1,1,1,0,0),(12,12,1,1,1,1,1,0,0);
/*!40000 ALTER TABLE `workdays` ENABLE KEYS */;
UNLOCK TABLES;

--
-- Final view structure for view `partitions_with_generals`
--

/*!50001 DROP TABLE IF EXISTS `partitions_with_generals`*/;
/*!50001 DROP VIEW IF EXISTS `partitions_with_generals`*/;
/*!50001 SET @saved_cs_client          = @@character_set_client */;
/*!50001 SET @saved_cs_results         = @@character_set_results */;
/*!50001 SET @saved_col_connection     = @@collation_connection */;
/*!50001 SET character_set_client      = utf8 */;
/*!50001 SET character_set_results     = utf8 */;
/*!50001 SET collation_connection      = utf8_general_ci */;
/*!50001 CREATE ALGORITHM=UNDEFINED */
/*!50001 VIEW `partitions_with_generals` AS select `partitions`.`model_id` AS `model_id`,`partitions`.`inventory_pool_id` AS `inventory_pool_id`,`partitions`.`group_id` AS `group_id`,`partitions`.`quantity` AS `quantity` from `partitions` union select `i`.`model_id` AS `model_id`,`i`.`inventory_pool_id` AS `inventory_pool_id`,NULL AS `group_id`,(count(`i`.`id`) - ifnull((select sum(`p`.`quantity`) from `partitions` `p` where ((`p`.`model_id` = `i`.`model_id`) and (`p`.`inventory_pool_id` = `i`.`inventory_pool_id`)) group by `p`.`inventory_pool_id`,`p`.`model_id`),0)) AS `quantity` from `items` `i` where (isnull(`i`.`retired`) and (`i`.`is_borrowable` = 1) and isnull(`i`.`parent_id`)) group by `i`.`inventory_pool_id`,`i`.`model_id` */;
/*!50001 SET character_set_client      = @saved_cs_client */;
/*!50001 SET character_set_results     = @saved_cs_results */;
/*!50001 SET collation_connection      = @saved_col_connection */;

--
-- Final view structure for view `visit_lines`
--

/*!50001 DROP TABLE IF EXISTS `visit_lines`*/;
/*!50001 DROP VIEW IF EXISTS `visit_lines`*/;
/*!50001 SET @saved_cs_client          = @@character_set_client */;
/*!50001 SET @saved_cs_results         = @@character_set_results */;
/*!50001 SET @saved_col_connection     = @@collation_connection */;
/*!50001 SET character_set_client      = utf8 */;
/*!50001 SET character_set_results     = utf8 */;
/*!50001 SET collation_connection      = utf8_general_ci */;
/*!50001 CREATE ALGORITHM=UNDEFINED */
/*!50001 VIEW `visit_lines` AS select hex(concat(if((`c`.`status` = 'approved'),`cl`.`start_date`,`cl`.`end_date`),`c`.`inventory_pool_id`,`c`.`user_id`,`c`.`status`)) AS `visit_id`,`c`.`inventory_pool_id` AS `inventory_pool_id`,`c`.`user_id` AS `user_id`,`c`.`delegated_user_id` AS `delegated_user_id`,`c`.`status` AS `status`,if((`c`.`status` = 'approved'),'hand_over','take_back') AS `action`,if((`c`.`status` = 'approved'),`cl`.`start_date`,`cl`.`end_date`) AS `date`,`cl`.`quantity` AS `quantity`,`cl`.`id` AS `contract_line_id` from (`contract_lines` `cl` join `contracts` `c` on((`cl`.`contract_id` = `c`.`id`))) where ((`c`.`status` in ('approved','signed')) and isnull(`cl`.`returned_date`)) order by if((`c`.`status` = 'approved'),`cl`.`start_date`,`cl`.`end_date`) */;
/*!50001 SET character_set_client      = @saved_cs_client */;
/*!50001 SET character_set_results     = @saved_cs_results */;
/*!50001 SET collation_connection      = @saved_col_connection */;

--
-- Final view structure for view `visits`
--

/*!50001 DROP TABLE IF EXISTS `visits`*/;
/*!50001 DROP VIEW IF EXISTS `visits`*/;
/*!50001 SET @saved_cs_client          = @@character_set_client */;
/*!50001 SET @saved_cs_results         = @@character_set_results */;
/*!50001 SET @saved_col_connection     = @@collation_connection */;
/*!50001 SET character_set_client      = utf8 */;
/*!50001 SET character_set_results     = utf8 */;
/*!50001 SET collation_connection      = utf8_general_ci */;
/*!50001 CREATE ALGORITHM=UNDEFINED */
/*!50001 VIEW `visits` AS select hex(concat(`visit_lines`.`date`,`visit_lines`.`inventory_pool_id`,`visit_lines`.`user_id`,`visit_lines`.`status`)) AS `id`,`visit_lines`.`inventory_pool_id` AS `inventory_pool_id`,`visit_lines`.`user_id` AS `user_id`,`visit_lines`.`status` AS `status`,`visit_lines`.`action` AS `action`,`visit_lines`.`date` AS `date`,sum(`visit_lines`.`quantity`) AS `quantity` from `visit_lines` group by `visit_lines`.`user_id`,`visit_lines`.`status`,`visit_lines`.`date`,`visit_lines`.`inventory_pool_id` */;
/*!50001 SET character_set_client      = @saved_cs_client */;
/*!50001 SET character_set_results     = @saved_cs_results */;
/*!50001 SET collation_connection      = @saved_col_connection */;
/*!40103 SET TIME_ZONE=@OLD_TIME_ZONE */;

/*!40101 SET SQL_MODE=@OLD_SQL_MODE */;
/*!40014 SET FOREIGN_KEY_CHECKS=@OLD_FOREIGN_KEY_CHECKS */;
/*!40014 SET UNIQUE_CHECKS=@OLD_UNIQUE_CHECKS */;
/*!40101 SET CHARACTER_SET_CLIENT=@OLD_CHARACTER_SET_CLIENT */;
/*!40101 SET CHARACTER_SET_RESULTS=@OLD_CHARACTER_SET_RESULTS */;
/*!40101 SET COLLATION_CONNECTION=@OLD_COLLATION_CONNECTION */;
/*!40111 SET SQL_NOTES=@OLD_SQL_NOTES */;

-- Dump completed on 2014-07-25 14:21:38
COMMIT;
