SET autocommit=0; SET unique_checks=0; SET foreign_key_checks=0;
-- MySQL dump 10.13  Distrib 5.1.48, for apple-darwin10.3.0 (i386)
--
-- Host: localhost    Database: leihs2_test
-- ------------------------------------------------------
-- Server version	5.1.48

/*!40101 SET @OLD_CHARACTER_SET_CLIENT=@@CHARACTER_SET_CLIENT */;
/*!40101 SET @OLD_CHARACTER_SET_RESULTS=@@CHARACTER_SET_RESULTS */;
/*!40101 SET @OLD_COLLATION_CONNECTION=@@COLLATION_CONNECTION */;
/*!40101 SET NAMES utf8 */;
/*!40103 SET @OLD_TIME_ZONE=@@TIME_ZONE */;
/*!40103 SET TIME_ZONE='+00:00' */;
/*!40014 SET @OLD_UNIQUE_CHECKS=@@UNIQUE_CHECKS, UNIQUE_CHECKS=0 */;
/*!40014 SET @OLD_FOREIGN_KEY_CHECKS=@@FOREIGN_KEY_CHECKS, FOREIGN_KEY_CHECKS=0 */;
/*!40101 SET @OLD_SQL_MODE=@@SQL_MODE, SQL_MODE='NO_AUTO_VALUE_ON_ZERO' */;
/*!40111 SET @OLD_SQL_NOTES=@@SQL_NOTES, SQL_NOTES=0 */;

--
-- Table structure for table `access_rights`
--

DROP TABLE IF EXISTS `access_rights`;
/*!40101 SET @saved_cs_client     = @@character_set_client */;
/*!40101 SET character_set_client = utf8 */;
CREATE TABLE `access_rights` (
  `id` int(11) NOT NULL AUTO_INCREMENT,
  `user_id` int(11) DEFAULT NULL,
  `inventory_pool_id` int(11) DEFAULT NULL,
  `suspended_until` date DEFAULT NULL,
  `suspended_reason` text COLLATE utf8_unicode_ci,
  `deleted_at` date DEFAULT NULL,
  `created_at` datetime DEFAULT NULL,
  `updated_at` datetime DEFAULT NULL,
  `role` enum('customer','group_manager','lending_manager','inventory_manager','admin') COLLATE utf8_unicode_ci NOT NULL,
  PRIMARY KEY (`id`),
  KEY `index_access_rights_on_suspended_until` (`suspended_until`),
  KEY `index_access_rights_on_deleted_at` (`deleted_at`),
  KEY `index_access_rights_on_inventory_pool_id` (`inventory_pool_id`),
  KEY `index_access_rights_on_role` (`role`),
  KEY `index_on_user_id_and_inventory_pool_id_and_deleted_at` (`user_id`,`inventory_pool_id`,`deleted_at`)
) ENGINE=InnoDB AUTO_INCREMENT=43 DEFAULT CHARSET=utf8 COLLATE=utf8_unicode_ci;
/*!40101 SET character_set_client = @saved_cs_client */;

--
-- Dumping data for table `access_rights`
--

LOCK TABLES `access_rights` WRITE;
/*!40000 ALTER TABLE `access_rights` DISABLE KEYS */;
INSERT INTO `access_rights` VALUES (1,1,NULL,NULL,NULL,NULL,'2013-08-24 11:22:39','2013-08-24 11:22:39','admin'),(2,3,3,NULL,NULL,NULL,'2013-08-24 11:22:39','2013-08-24 11:22:39','customer'),(3,4,1,NULL,NULL,NULL,'2013-08-24 11:22:39','2013-08-24 11:22:39','lending_manager'),(4,5,5,NULL,NULL,NULL,'2013-08-24 11:22:39','2013-08-24 11:22:39','customer'),(5,6,11,NULL,NULL,NULL,'2013-08-24 11:22:39','2013-08-24 11:22:39','customer'),(6,7,1,NULL,NULL,'2013-08-24','2013-08-24 11:22:39','2013-08-24 11:22:39','customer'),(7,1,1,NULL,NULL,NULL,'2013-08-24 11:22:39','2013-08-24 11:22:39','customer'),(8,8,2,NULL,NULL,NULL,'2013-08-24 11:22:39','2013-08-24 11:22:39','inventory_manager'),(9,9,1,NULL,NULL,NULL,'2013-08-24 11:22:39','2013-08-24 11:22:39','inventory_manager'),(10,9,11,NULL,NULL,NULL,'2013-08-24 11:22:39','2013-08-24 11:22:39','inventory_manager'),(11,10,1,NULL,NULL,NULL,'2013-08-24 11:22:39','2013-08-24 11:22:39','group_manager'),(12,10,2,NULL,NULL,NULL,'2013-08-24 11:22:39','2013-08-24 11:22:39','group_manager'),(13,10,3,NULL,NULL,NULL,'2013-08-24 11:22:39','2013-08-24 11:22:39','group_manager'),(14,11,1,NULL,NULL,NULL,'2013-08-24 11:22:39','2013-08-24 11:22:39','group_manager'),(15,12,1,NULL,NULL,NULL,'2013-08-24 11:22:39','2013-08-24 11:22:39','customer'),(16,13,1,'2013-08-24','suspreason',NULL,'2013-08-24 11:22:39','2013-08-24 11:22:39','customer'),(17,14,1,NULL,NULL,NULL,'2013-08-24 11:22:39','2013-08-24 11:22:39','customer'),(18,15,1,NULL,NULL,NULL,'2013-08-24 11:22:39','2013-08-24 11:22:39','customer'),(19,16,1,NULL,NULL,NULL,'2013-08-24 11:22:39','2013-08-24 11:22:39','customer'),(20,17,NULL,NULL,NULL,NULL,'2013-08-24 11:22:39','2013-08-24 11:22:39','admin'),(21,18,1,NULL,NULL,NULL,'2013-08-24 11:22:39','2013-08-24 11:22:39','lending_manager'),(22,18,2,NULL,NULL,NULL,'2013-08-24 11:22:39','2013-08-24 11:22:39','lending_manager'),(23,19,1,NULL,NULL,NULL,'2013-08-24 11:22:39','2013-08-24 11:22:39','customer'),(24,20,1,NULL,NULL,NULL,'2013-08-24 11:22:39','2013-08-24 11:22:39','customer'),(25,21,1,NULL,NULL,NULL,'2013-08-24 11:22:39','2013-08-24 11:22:39','customer'),(26,22,1,NULL,NULL,NULL,'2013-08-24 11:22:39','2013-08-24 11:22:39','customer'),(27,23,1,NULL,NULL,NULL,'2013-08-24 11:22:39','2013-08-24 11:22:39','customer'),(28,24,2,'2013-08-20','Consequuntur et at praesentium neque pariatur reiciendis mollitia sint.',NULL,'2013-08-19 00:00:00','2013-08-19 00:00:00','customer'),(29,26,1,NULL,NULL,NULL,'2013-08-24 11:22:39','2013-08-24 11:22:39','customer'),(30,27,1,NULL,NULL,NULL,'2013-08-24 11:22:39','2013-08-24 11:22:39','customer'),(31,28,1,NULL,NULL,NULL,'2013-08-24 11:22:39','2013-08-24 11:22:39','customer'),(32,29,1,NULL,NULL,NULL,'2013-08-24 11:22:39','2013-08-24 11:22:39','customer'),(33,31,1,NULL,NULL,NULL,'2013-08-24 11:22:39','2013-08-24 11:22:39','customer'),(34,31,12,NULL,NULL,NULL,'2013-08-24 11:22:39','2013-08-24 11:22:39','customer'),(35,31,13,NULL,NULL,NULL,'2013-08-24 11:22:39','2013-08-24 11:22:39','customer'),(36,31,14,NULL,NULL,NULL,'2013-08-24 11:22:39','2013-08-24 11:22:39','customer'),(37,32,1,NULL,NULL,NULL,'2013-08-24 11:22:39','2013-08-24 11:22:39','customer'),(38,32,2,NULL,NULL,NULL,'2013-08-24 11:22:39','2013-08-24 11:22:39','customer'),(39,32,3,NULL,NULL,NULL,'2013-08-24 11:22:39','2013-08-24 11:22:39','customer'),(40,32,14,NULL,NULL,'2013-08-23','2013-08-24 11:22:39','2013-08-24 11:22:39','customer'),(41,33,1,NULL,NULL,NULL,'2013-08-24 11:22:39','2013-08-24 11:22:39','customer'),(42,34,1,NULL,NULL,NULL,'2013-08-24 11:22:39','2013-08-24 11:22:39','customer');
/*!40000 ALTER TABLE `access_rights` ENABLE KEYS */;
UNLOCK TABLES;

--
-- Table structure for table `accessories`
--

DROP TABLE IF EXISTS `accessories`;
/*!40101 SET @saved_cs_client     = @@character_set_client */;
/*!40101 SET character_set_client = utf8 */;
CREATE TABLE `accessories` (
  `id` int(11) NOT NULL AUTO_INCREMENT,
  `model_id` int(11) DEFAULT NULL,
  `name` varchar(255) COLLATE utf8_unicode_ci DEFAULT NULL,
  `quantity` int(11) DEFAULT NULL,
  PRIMARY KEY (`id`),
  KEY `index_accessories_on_model_id` (`model_id`)
) ENGINE=InnoDB AUTO_INCREMENT=531 DEFAULT CHARSET=utf8 COLLATE=utf8_unicode_ci;
/*!40101 SET character_set_client = @saved_cs_client */;

--
-- Dumping data for table `accessories`
--

LOCK TABLES `accessories` WRITE;
/*!40000 ALTER TABLE `accessories` DISABLE KEYS */;
INSERT INTO `accessories` VALUES (1,1,'Carson Howell V',NULL),(2,1,'Emanuel Gutkowski',NULL),(3,1,'Rickey Kutch',NULL),(4,1,'Mr. Stanford Grimes',NULL),(5,2,'Miss Kaylah McClure',NULL),(6,2,'Dr. Howell Robel',NULL),(7,2,'Tabitha Berge',NULL),(8,3,'Fanny Reilly',NULL),(9,3,'Karlie Miller',NULL),(10,3,'Ramiro Blick',NULL),(11,3,'Abigale Pacocha',NULL),(12,4,'Ms. Angeline Ortiz',NULL),(13,4,'Emmalee Larson',NULL),(14,4,'Alda Cassin',NULL),(15,4,'Mortimer Schamberger',NULL),(16,4,'Mrs. Zena Ullrich',NULL),(17,5,'Mrs. Gilda Mills',NULL),(18,5,'Ayden Hammes',NULL),(19,5,'Marcos Heathcote',NULL),(20,5,'Darrell Casper',NULL),(21,5,'Mrs. Clay Kub',NULL),(22,6,'Lilian Pacocha',NULL),(23,6,'Camron Hessel',NULL),(24,6,'Troy Mraz',NULL),(25,6,'Robert White',NULL),(26,6,'Lorenzo Abbott',NULL),(27,7,'Coleman Luettgen MD',NULL),(28,7,'Rocio Aufderhar',NULL),(29,7,'Anita Lesch IV',NULL),(30,7,'Lazaro Roob',NULL),(31,8,'Miss Zelda Grant',NULL),(32,8,'Mr. Linwood Bosco',NULL),(33,9,'Dusty Schulist',NULL),(34,9,'Tyree Howe',NULL),(35,9,'Mrs. Myrtis Goldner',NULL),(36,9,'Woodrow Kuhlman',NULL),(37,9,'Muriel Kirlin Sr.',NULL),(38,10,'Fabian McCullough',NULL),(39,11,'Mrs. Darryl Schamberger',NULL),(40,12,'Miss Kenton Wuckert',NULL),(41,12,'Emmett Cartwright',NULL),(42,13,'Shaina Stamm',NULL),(43,14,'Mr. Christophe Pacocha',NULL),(44,14,'Ms. Harrison Mueller',NULL),(45,14,'Rodrick Tremblay',NULL),(46,14,'Estel Cole II',NULL),(47,15,'Freda Ortiz',NULL),(48,15,'Hosea Wyman Jr.',NULL),(49,15,'Reilly Conroy',NULL),(50,15,'Mr. Jennyfer Weissnat',NULL),(51,15,'Rosina Hills',NULL),(52,16,'Anastasia Brekke V',NULL),(53,16,'Gage Lehner',NULL),(54,17,'Dakota Lakin',NULL),(55,17,'Candace Schowalter',NULL),(56,17,'Sigurd Borer',NULL),(57,17,'Scot Brekke',NULL),(58,17,'Oma Buckridge',NULL),(59,18,'Ryleigh Yundt DVM',NULL),(60,18,'Ruby Nienow',NULL),(61,18,'Gisselle Beatty',NULL),(62,18,'Raphael Huel',NULL),(63,18,'Devin Hirthe',NULL),(64,19,'Nels Cronin',NULL),(65,19,'Frederic McGlynn',NULL),(66,19,'Danielle Crist',NULL),(67,19,'Raymundo Collier I',NULL),(68,19,'Ms. Aric Sauer',NULL),(69,20,'Rebekah Hoppe',NULL),(70,20,'Nova Heller',NULL),(71,20,'Mr. Halle Miller',NULL),(72,20,'Sydnie Auer IV',NULL),(73,20,'Myles Blanda',NULL),(74,21,'Jameson Paucek',NULL),(75,21,'Jeffery Robel',NULL),(76,21,'Ladarius Stiedemann',NULL),(77,22,'Arno Gulgowski',NULL),(78,22,'Miss Cordelia Ebert',NULL),(79,22,'Celia Veum III',NULL),(80,22,'Mrs. Gus Parisian',NULL),(81,23,'Yessenia Kiehn',NULL),(82,23,'Mr. Elinor Tillman',NULL),(83,23,'Jaleel Kub',NULL),(84,24,'Vladimir Kub Jr.',NULL),(85,25,'Celia Littel',NULL),(86,26,'Shanie Padberg',NULL),(87,26,'Colten Beier',NULL),(88,26,'Dr. Thea Luettgen',NULL),(89,26,'Ryan Connelly III',NULL),(90,27,'Drake Bayer',NULL),(91,27,'Herbert Donnelly I',NULL),(92,28,'Leonora Reichel',NULL),(93,28,'Leopold Ruecker',NULL),(94,28,'Estevan Jacobi II',NULL),(95,28,'Emmitt Powlowski',NULL),(96,29,'Chyna Kuhn',NULL),(97,29,'Ms. Ken Gislason',NULL),(98,29,'Jamar Kub',NULL),(99,29,'Benny Rosenbaum DVM',NULL),(100,30,'Lucienne O\'Hara DDS',NULL),(101,30,'Yadira Shanahan MD',NULL),(102,30,'Verla Ortiz',NULL),(103,31,'Garnet Heller',NULL),(104,32,'Kody Breitenberg',NULL),(105,32,'Adeline Abshire IV',NULL),(106,32,'Ms. Michelle Kub',NULL),(107,33,'Claudine Walsh',NULL),(108,33,'Carissa O\'Keefe',NULL),(109,34,'Christelle Kassulke',NULL),(110,34,'Julio Gislason III',NULL),(111,34,'Deborah Hills Jr.',NULL),(112,34,'Erick Streich',NULL),(113,35,'Ruby Krajcik',NULL),(114,35,'Alexandria Hermiston',NULL),(115,35,'Dr. Caden Bogan',NULL),(116,36,'Amira Hegmann',NULL),(117,37,'Shanelle Klocko',NULL),(118,37,'Orrin Bradtke',NULL),(119,37,'Mr. Forrest Parker',NULL),(120,38,'Ilene Jones',NULL),(121,38,'Miss Jolie Spinka',NULL),(122,38,'Milo Fay',NULL),(123,38,'Gene Jakubowski',NULL),(124,38,'Chelsie Dach V',NULL),(125,39,'Mrs. Jamaal McClure',NULL),(126,39,'Abdul Lemke IV',NULL),(127,39,'Cyril Considine',NULL),(128,39,'Jesse Champlin',NULL),(129,39,'Elenora Fahey PhD',NULL),(130,40,'Manuela Simonis',NULL),(131,40,'Haley Roberts Sr.',NULL),(132,40,'Werner Cartwright Sr.',NULL),(133,41,'Ms. Evie Gerlach',NULL),(134,41,'Jayme Lemke',NULL),(135,41,'Chadrick Grant',NULL),(136,41,'Laura Lueilwitz',NULL),(137,42,'Fred Abbott',NULL),(138,42,'Clark Barrows',NULL),(139,43,'Dr. Jordi Skiles',NULL),(140,43,'Keanu Moore',NULL),(141,43,'Norbert Lakin II',NULL),(142,44,'Shanny Harber IV',NULL),(143,44,'Danika Ziemann',NULL),(144,44,'Rosie Huels V',NULL),(145,44,'Malika Kuvalis',NULL),(146,44,'Asha Herman DVM',NULL),(147,45,'Melisa Christiansen',NULL),(148,45,'Myrl Kozey',NULL),(149,45,'Loyce Ortiz',NULL),(150,46,'Chelsie Daugherty',NULL),(151,46,'Lillian Gaylord',NULL),(152,46,'Miss Manley Lueilwitz',NULL),(153,47,'Amelie Hudson',NULL),(154,47,'Lenora Oberbrunner PhD',NULL),(155,47,'Alvera Hermiston DVM',NULL),(156,48,'Dr. Icie Simonis',NULL),(157,48,'Ms. Chesley Ondricka',NULL),(158,49,'Iliana Stoltenberg',NULL),(159,49,'Otho Haley',NULL),(160,49,'Sonia Legros',NULL),(161,49,'Faye Dickens I',NULL),(162,50,'Talia McDermott',NULL),(163,50,'Deja Cormier',NULL),(164,50,'Tad Heathcote',NULL),(165,51,'Alexandra Grimes',NULL),(166,51,'Ariane Koepp I',NULL),(167,52,'Hilario Harvey',NULL),(168,53,'Jamal Murphy',NULL),(169,53,'Malinda Murray I',NULL),(170,53,'Gussie Treutel',NULL),(171,54,'Dr. Wilber Baumbach',NULL),(172,54,'Dr. Jovany Miller',NULL),(173,54,'Margarete Jacobi',NULL),(174,54,'Tressie Gleason',NULL),(175,54,'Miss Xzavier Harber',NULL),(176,55,'Leta Hermann',NULL),(177,56,'Marlon West',NULL),(178,56,'Dr. Amya Bernhard',NULL),(179,57,'Terrill Dickinson',NULL),(180,57,'Kellen Skiles',NULL),(181,57,'Magnus Hudson',NULL),(182,57,'Ciara Hauck Jr.',NULL),(183,57,'Mr. Fannie VonRueden',NULL),(184,58,'Kiley Terry',NULL),(185,58,'Giles Beahan',NULL),(186,58,'Bridie Douglas',NULL),(187,59,'Brown Daugherty',NULL),(188,59,'Jamar Bechtelar',NULL),(189,59,'Lois Zulauf',NULL),(190,59,'Eleanore Kessler DDS',NULL),(191,59,'Francesco Carter',NULL),(192,60,'Kellie Cronin',NULL),(193,60,'Miss Rigoberto Sipes',NULL),(194,60,'Annamae Koepp',NULL),(195,60,'Ms. Emie O\'Reilly',NULL),(196,61,'Ward Kovacek',NULL),(197,61,'Eric Balistreri',NULL),(198,61,'Miss Lonie Weber',NULL),(199,62,'Branson Sauer',NULL),(200,62,'Marquis Ledner',NULL),(201,63,'Velva Herman Sr.',NULL),(202,63,'Sabryna Medhurst',NULL),(203,63,'Pearlie Murazik',NULL),(204,63,'Mrs. Amiya Mohr',NULL),(205,63,'Porter Botsford',NULL),(206,64,'Camille Skiles',NULL),(207,65,'Adolfo Goyette',NULL),(208,65,'Bradford McLaughlin',NULL),(209,65,'Ross Cartwright',NULL),(210,65,'Ms. Markus Boyer',NULL),(211,66,'Willis Turner',NULL),(212,66,'Raina Langworth PhD',NULL),(213,66,'Meggie Fay',NULL),(214,66,'Mrs. Gisselle Torphy',NULL),(215,67,'Trinity Jaskolski MD',NULL),(216,67,'Noemie Kovacek',NULL),(217,67,'Juanita Greenholt',NULL),(218,67,'Mr. Rocky Dickinson',NULL),(219,68,'Moriah Haag',NULL),(220,68,'Brennan White',NULL),(221,68,'Donnie Romaguera',NULL),(222,68,'Piper Stracke',NULL),(223,69,'Lewis Robel',NULL),(224,69,'Stuart Hettinger',NULL),(225,69,'Mr. Kitty Ziemann',NULL),(226,70,'Olga Blanda',NULL),(227,71,'Kellie Breitenberg',NULL),(228,72,'Eunice Gleason',NULL),(229,72,'Mr. Aaron Marquardt',NULL),(230,72,'Lowell Wilderman',NULL),(231,72,'Otha Nikolaus DVM',NULL),(232,73,'Rhoda Goyette',NULL),(233,73,'Lenny Bogisich',NULL),(234,73,'Ali Goodwin',NULL),(235,73,'Miss Vesta Price',NULL),(236,73,'Ms. Wilbert Feil',NULL),(237,74,'Nash Haley',NULL),(238,74,'Fabian Jast',NULL),(239,74,'Kiana Mohr',NULL),(240,74,'Jasper Johnston',NULL),(241,75,'Lenora Kutch',NULL),(242,75,'Frederic Hickle',NULL),(243,75,'Laura Hermiston',NULL),(244,75,'Jaren Cartwright',NULL),(245,76,'Mathias Hansen',NULL),(246,77,'Mrs. Lynn Sanford',NULL),(247,77,'Mrs. Golda Schuster',NULL),(248,78,'Hailee Balistreri Sr.',NULL),(249,78,'Amari Grady',NULL),(250,78,'Dr. Dewayne Walter',NULL),(251,78,'Chadrick Rowe',NULL),(252,79,'Dustin Okuneva',NULL),(253,80,'Leanna Herzog',NULL),(254,80,'Floy Wunsch',NULL),(255,80,'Luz Rippin',NULL),(256,80,'Carlee Mayer',NULL),(257,80,'Miss Charley Stanton',NULL),(258,81,'Cecil Breitenberg',NULL),(259,81,'Dulce Rutherford III',NULL),(260,81,'Grayson Bartell',NULL),(261,82,'Jayda Will',NULL),(262,82,'Eunice Keebler',NULL),(263,82,'Joannie Marquardt',NULL),(264,82,'Manley Gorczany',NULL),(265,82,'Emmie Lesch',NULL),(266,83,'Leilani Morar',NULL),(267,83,'Miss Ozella Herzog',NULL),(268,83,'Raphael Emard',NULL),(269,83,'Ms. Kaia Kirlin',NULL),(270,83,'Elbert Maggio',NULL),(271,84,'Derick Aufderhar',NULL),(272,84,'Jay Schaefer',NULL),(273,84,'Miss Savannah Klein',NULL),(274,84,'Cecile Schmeler',NULL),(275,85,'Ursula Hilll',NULL),(276,85,'Maximillian Friesen',NULL),(277,85,'Ms. Amani Hoeger',NULL),(278,85,'Alexa Gulgowski',NULL),(279,85,'Teagan Hammes',NULL),(280,86,'Lori Corwin',NULL),(281,86,'Mohammed Schulist',NULL),(282,86,'Margarete Little',NULL),(283,86,'Sophia Simonis',NULL),(284,87,'Ms. Orrin Ratke',NULL),(285,87,'Cedrick Sporer',NULL),(286,88,'Larue Wilkinson',NULL),(287,88,'Brody Hessel',NULL),(288,89,'King Shanahan',NULL),(289,89,'Alisha Lesch',NULL),(290,89,'Mrs. Emory Donnelly',NULL),(291,89,'Larissa Purdy',NULL),(292,89,'Violet Hilll',NULL),(293,90,'Zaria Adams V',NULL),(294,91,'Wiley Baumbach',NULL),(295,92,'Shakira Boyle',NULL),(296,92,'Lucienne Koepp',NULL),(297,93,'Victoria Jerde II',NULL),(298,93,'Maude Bergstrom DDS',NULL),(299,94,'Rickey Ward',NULL),(300,94,'Andreanne Hills',NULL),(301,94,'Lois Dare',NULL),(302,94,'Felix Bernier',NULL),(303,95,'Wilbert Raynor',NULL),(304,95,'Miss Fay Roberts',NULL),(305,95,'Sylvia Hagenes',NULL),(306,96,'Mose Weissnat',NULL),(307,96,'Shad Heidenreich',NULL),(308,96,'Emmanuel Schamberger Jr.',NULL),(309,96,'Damion Boyer',NULL),(310,96,'Nicolette Corkery',NULL),(311,97,'Miss Isaiah Gislason',NULL),(312,97,'Antoinette Dare',NULL),(313,97,'Emilia Ebert',NULL),(314,97,'Tanya Mayer',NULL),(315,98,'Julian Jerde',NULL),(316,98,'Gillian Jerde',NULL),(317,98,'Gino Walter',NULL),(318,99,'Cali Nienow',NULL),(319,99,'Obie Walter',NULL),(320,99,'Mrs. Bobbie Littel',NULL),(321,99,'Kayley Zulauf II',NULL),(322,99,'Virgie Senger',NULL),(323,100,'Tyra Wilkinson',NULL),(324,101,'Kiara Keeling Sr.',NULL),(325,101,'Macy Hilll',NULL),(326,101,'Miss Alaina King',NULL),(327,101,'Mr. Roosevelt Koelpin',NULL),(328,101,'Brain Gutmann',NULL),(329,102,'Monte Gusikowski',NULL),(330,102,'Eden Watsica',NULL),(331,102,'Alysson Bogisich',NULL),(332,103,'Jeramy Harber',NULL),(333,103,'Brennan Hauck',NULL),(334,103,'Lauretta McLaughlin',NULL),(335,103,'Dr. Christophe Cartwright',NULL),(336,104,'Miss Enid Daugherty',NULL),(337,104,'Jacinto Frami',NULL),(338,104,'Dr. Janae Yost',NULL),(339,104,'Morton Schiller',NULL),(340,105,'Otha Kirlin',NULL),(341,105,'Eusebio Wintheiser',NULL),(342,105,'Leola Cole',NULL),(343,105,'Brandy Beatty',NULL),(344,105,'Will O\'Hara',NULL),(345,106,'Madonna Schiller',NULL),(346,106,'Gerardo Conroy Jr.',NULL),(347,106,'Gerda Cormier',NULL),(348,106,'Seth Ruecker',NULL),(349,107,'Dr. Tracy Thompson',NULL),(350,107,'Janae Rempel',NULL),(351,107,'Kellen Wintheiser',NULL),(352,108,'Mohammad Wilkinson',NULL),(353,108,'Mr. Delta Medhurst',NULL),(354,109,'Faye Bednar PhD',NULL),(355,109,'Dante Weissnat',NULL),(356,109,'Braeden Kassulke IV',NULL),(357,110,'Beau Greenfelder Jr.',NULL),(358,111,'Peggie Jaskolski',NULL),(359,111,'Danny Harvey',NULL),(360,111,'Lucienne Sanford',NULL),(361,112,'Ernestine Borer',NULL),(362,112,'Flavie Morissette',NULL),(363,112,'Kaela Anderson V',NULL),(364,113,'Ottilie Braun',NULL),(365,113,'Kendall Padberg',NULL),(366,113,'Destany Howell',NULL),(367,113,'Mr. Halie Murray',NULL),(368,114,'Bernard Kub',NULL),(369,114,'Simone Strosin',NULL),(370,114,'Mrs. Earnest Kiehn',NULL),(371,114,'Annabell Sanford',NULL),(372,114,'Christa McClure',NULL),(373,115,'Pink Grady',NULL),(374,115,'Seamus Gutmann DVM',NULL),(375,116,'Marge Gorczany PhD',NULL),(376,116,'Ali Towne',NULL),(377,117,'Gracie Hackett',NULL),(378,117,'Edmund Keeling',NULL),(379,117,'Ms. Orin Konopelski',NULL),(380,117,'Mr. Benjamin Frami',NULL),(381,118,'Lesly Stracke',NULL),(382,118,'Sanford Kovacek',NULL),(383,118,'Pedro MacGyver',NULL),(384,118,'Sedrick Cole',NULL),(385,118,'Kristian Berge',NULL),(386,119,'Nia Huel',NULL),(387,120,'Aracely Jones',NULL),(388,120,'Antwan Schimmel III',NULL),(389,120,'Mary Hudson',NULL),(390,120,'Miss Wilbert Kreiger',NULL),(391,120,'Lauryn Fadel',NULL),(392,121,'Raegan Predovic',NULL),(393,121,'Max Ratke',NULL),(394,121,'Rico Emmerich PhD',NULL),(395,121,'Angelica Wyman',NULL),(396,121,'Mr. Keyshawn Harber',NULL),(397,122,'Daphnee Berge',NULL),(398,122,'Arlo Kohler',NULL),(399,122,'Will Walsh IV',NULL),(400,122,'Niko Doyle',NULL),(401,122,'Nicola Wintheiser',NULL),(402,123,'Mrs. Shanon Gutmann',NULL),(403,123,'Darrion Macejkovic',NULL),(404,123,'Keven Goyette DDS',NULL),(405,123,'Jed Cormier',NULL),(406,124,'Daisha Schowalter',NULL),(407,125,'Wilfred Rolfson',NULL),(408,125,'Kian Skiles',NULL),(409,126,'Dolores Gusikowski',NULL),(410,127,'Pasquale Boyer',NULL),(411,127,'Lauren Hamill',NULL),(412,127,'Ivory Torphy',NULL),(413,127,'Martin Veum',NULL),(414,127,'Amber Padberg PhD',NULL),(415,128,'Pearl Ullrich',NULL),(416,129,'Alessandro Larkin',NULL),(417,130,'Humberto Medhurst',NULL),(418,130,'Keegan Casper',NULL),(419,130,'Vivienne Christiansen',NULL),(420,130,'Spencer Zulauf Sr.',NULL),(421,131,'Kathlyn Bruen',NULL),(422,131,'Justen Mayer',NULL),(423,131,'Aglae VonRueden',NULL),(424,131,'Mrs. Declan Eichmann',NULL),(425,131,'Mrs. Freeda Daugherty',NULL),(426,132,'Emelie Hintz',NULL),(427,132,'Jairo Stoltenberg',NULL),(428,132,'Miss Gisselle Armstrong',NULL),(429,132,'Lura Walker',NULL),(430,133,'Ayden Wolff',NULL),(431,133,'Adah Ward',NULL),(432,133,'Curt Lockman',NULL),(433,133,'Aaliyah Renner',NULL),(434,133,'Santino Ratke MD',NULL),(435,134,'Kaelyn Stanton IV',NULL),(436,134,'Miss Antonietta Funk',NULL),(437,134,'Eliseo Hyatt',NULL),(438,135,'Ava Hilpert',NULL),(439,135,'Dana Lemke',NULL),(440,135,'Rafaela Schimmel',NULL),(441,135,'Kyler Ward III',NULL),(442,136,'Gertrude Brown V',NULL),(443,136,'Jordon Berge',NULL),(444,136,'Xavier Treutel',NULL),(445,136,'Anita Harvey I',NULL),(446,136,'Eudora Stiedemann II',NULL),(447,137,'Madaline Doyle',NULL),(448,137,'Dax Purdy',NULL),(449,137,'Colin Gislason',NULL),(450,138,'Keely Nikolaus',NULL),(451,138,'Erling Hand Sr.',NULL),(452,138,'Shaniya Ondricka',NULL),(453,139,'Nyah DuBuque',NULL),(454,139,'Gage Hoppe',NULL),(455,139,'Imani Bosco',NULL),(456,139,'Manuela Walker',NULL),(457,140,'Orie Pollich Sr.',NULL),(458,140,'Madge Keeling PhD',NULL),(459,141,'Lukas Kuhlman I',NULL),(460,141,'Laron Toy',NULL),(461,141,'Dr. Scot Feil',NULL),(462,142,'Bernie Williamson',NULL),(463,142,'Aleen Schinner',NULL),(464,142,'Wyman Tremblay',NULL),(465,142,'Gus Haley',NULL),(466,143,'Ruthie Harris PhD',NULL),(467,143,'Magnus Kirlin',NULL),(468,143,'Kennedi Armstrong',NULL),(469,143,'Dawn Greenholt',NULL),(470,143,'Destinee Rutherford',NULL),(471,144,'Sabina Terry',NULL),(472,144,'Mr. Aaron Donnelly',NULL),(473,144,'Bethel Crona',NULL),(474,144,'Estefania Bartoletti',NULL),(475,144,'Moriah Heaney',NULL),(476,145,'Julien Cremin',NULL),(477,145,'Edyth Olson',NULL),(478,145,'Emmanuel Pfeffer',NULL),(479,146,'Kathryn Auer',NULL),(480,146,'Sophia Littel',NULL),(481,146,'Norbert Wolf',NULL),(482,147,'Arvel Larson',NULL),(483,148,'Barry Prosacco I',NULL),(484,148,'Anahi Harber V',NULL),(485,148,'Holden Hauck',NULL),(486,149,'Evangeline Hammes',NULL),(487,149,'Jaydon Hilll',NULL),(488,150,'Sebastian Christiansen II',NULL),(489,150,'Trever Casper',NULL),(490,150,'Gerda Halvorson',NULL),(491,151,'Mrs. Eve Skiles',NULL),(492,152,'Laverna Hamill',NULL),(493,152,'Dr. Lemuel Zulauf',NULL),(494,152,'Miss Green Walker',NULL),(495,152,'Dr. Yvette Runte',NULL),(496,152,'Stefan Lind',NULL),(497,153,'Mrs. Jazmin White',NULL),(498,153,'Estefania Barrows',NULL),(499,154,'Kassandra Spencer',NULL),(500,154,'Lysanne Fadel',NULL),(501,154,'Dr. Keyon Oberbrunner',NULL),(502,155,'Rickie McClure',NULL),(503,155,'Brooklyn Schaden V',NULL),(504,155,'Eva Ferry',NULL),(505,155,'Koby Considine',NULL),(506,155,'Abdul Leffler',NULL),(507,156,'Yasmine Herzog',NULL),(508,156,'Reina Thiel',NULL),(509,156,'Riley Ebert',NULL),(510,156,'Telly Reinger DDS',NULL),(511,157,'Aliza Schaefer',NULL),(512,157,'Buck Waters',NULL),(513,157,'Johnathan Bailey',NULL),(514,158,'Nicholaus Rosenbaum',NULL),(515,158,'Travis Ortiz',NULL),(516,158,'Dr. Myra Luettgen',NULL),(517,158,'Haskell Crist',NULL),(518,159,'Joe Rutherford',NULL),(519,159,'Vicente Orn',NULL),(520,159,'Marco Bauch',NULL),(521,159,'Miss Ella Mraz',NULL),(522,160,'Anissa Kreiger MD',NULL),(523,160,'Timmothy Walter',NULL),(524,160,'Gail Monahan',NULL),(525,160,'Yessenia Schamberger',NULL),(526,161,'Shaun Aufderhar',NULL),(527,161,'Alanna Waters',NULL),(528,161,'Amparo Padberg',NULL),(529,161,'Joany Smith I',NULL),(530,161,'Mrs. Abigale Grant',NULL);
/*!40000 ALTER TABLE `accessories` ENABLE KEYS */;
UNLOCK TABLES;

--
-- Table structure for table `accessories_inventory_pools`
--

DROP TABLE IF EXISTS `accessories_inventory_pools`;
/*!40101 SET @saved_cs_client     = @@character_set_client */;
/*!40101 SET character_set_client = utf8 */;
CREATE TABLE `accessories_inventory_pools` (
  `accessory_id` int(11) DEFAULT NULL,
  `inventory_pool_id` int(11) DEFAULT NULL,
  UNIQUE KEY `index_accessories_inventory_pools` (`accessory_id`,`inventory_pool_id`),
  KEY `index_accessories_inventory_pools_on_inventory_pool_id` (`inventory_pool_id`)
) ENGINE=InnoDB DEFAULT CHARSET=utf8 COLLATE=utf8_unicode_ci;
/*!40101 SET character_set_client = @saved_cs_client */;

--
-- Dumping data for table `accessories_inventory_pools`
--

LOCK TABLES `accessories_inventory_pools` WRITE;
/*!40000 ALTER TABLE `accessories_inventory_pools` DISABLE KEYS */;
INSERT INTO `accessories_inventory_pools` VALUES (1,1),(2,1),(4,1),(6,1),(7,1),(8,1),(11,1),(12,1),(15,1),(16,1),(19,1),(21,1),(23,1),(27,1),(32,1),(34,1),(35,1),(37,1),(41,1),(45,1),(46,1),(52,1),(53,1),(54,1),(56,1),(61,1),(62,1),(64,1),(65,1),(66,1),(70,1),(73,1),(77,1),(78,1),(79,1),(80,1),(81,1),(84,1),(85,1),(86,1),(87,1),(88,1),(89,1),(90,1),(92,1),(95,1),(96,1),(97,1),(100,1),(102,1),(103,1),(106,1),(107,1),(108,1),(110,1),(112,1),(114,1),(115,1),(116,1),(118,1),(121,1),(122,1),(123,1),(124,1),(126,1),(127,1),(129,1),(130,1),(138,1),(139,1),(143,1),(144,1),(147,1),(151,1),(153,1),(155,1),(157,1),(158,1),(162,1),(163,1),(166,1),(167,1),(169,1),(172,1),(173,1),(174,1),(175,1),(178,1),(180,1),(183,1),(184,1),(186,1),(189,1),(191,1),(193,1),(195,1),(196,1),(197,1),(199,1),(201,1),(203,1),(207,1),(213,1),(215,1),(216,1),(217,1),(219,1),(220,1),(221,1),(222,1),(223,1),(225,1),(227,1),(229,1),(231,1),(232,1),(234,1),(238,1),(239,1),(240,1),(241,1),(243,1),(246,1),(249,1),(250,1),(255,1),(256,1),(258,1),(260,1),(264,1),(265,1),(267,1),(268,1),(270,1),(274,1),(276,1),(278,1),(279,1),(281,1),(283,1),(284,1),(285,1),(288,1),(289,1),(291,1),(293,1),(298,1),(301,1),(303,1),(304,1),(305,1),(310,1),(311,1),(312,1),(315,1),(317,1),(318,1),(320,1),(323,1),(330,1),(335,1),(338,1),(339,1),(340,1),(341,1),(344,1),(345,1),(346,1),(348,1),(351,1),(352,1),(355,1),(357,1),(358,1),(363,1),(365,1),(366,1),(367,1),(370,1),(374,1),(376,1),(378,1),(384,1),(385,1),(390,1),(394,1),(396,1),(400,1),(401,1),(402,1),(405,1),(411,1),(412,1),(413,1),(414,1),(417,1),(419,1),(421,1),(422,1),(423,1),(425,1),(428,1),(429,1),(431,1),(432,1),(435,1),(436,1),(437,1),(438,1),(440,1),(442,1),(444,1),(446,1),(447,1),(450,1),(452,1),(453,1),(457,1),(459,1),(462,1),(464,1),(468,1),(471,1),(475,1),(476,1),(479,1),(481,1),(482,1),(484,1),(485,1),(486,1),(489,1),(492,1),(493,1),(494,1),(500,1),(501,1),(504,1),(505,1),(507,1),(509,1),(510,1),(512,1),(513,1),(515,1),(516,1),(517,1),(519,1),(521,1),(522,1),(523,1),(525,1);
/*!40000 ALTER TABLE `accessories_inventory_pools` ENABLE KEYS */;
UNLOCK TABLES;

--
-- Table structure for table `addresses`
--

DROP TABLE IF EXISTS `addresses`;
/*!40101 SET @saved_cs_client     = @@character_set_client */;
/*!40101 SET character_set_client = utf8 */;
CREATE TABLE `addresses` (
  `id` int(11) NOT NULL AUTO_INCREMENT,
  `street` varchar(255) COLLATE utf8_unicode_ci DEFAULT NULL,
  `zip_code` varchar(255) COLLATE utf8_unicode_ci DEFAULT NULL,
  `city` varchar(255) COLLATE utf8_unicode_ci DEFAULT NULL,
  `country_code` varchar(255) COLLATE utf8_unicode_ci DEFAULT NULL,
  `latitude` float DEFAULT NULL,
  `longitude` float DEFAULT NULL,
  PRIMARY KEY (`id`),
  UNIQUE KEY `index_addresses_on_street_and_zip_code_and_city_and_country_code` (`street`,`zip_code`,`city`,`country_code`)
) ENGINE=InnoDB DEFAULT CHARSET=utf8 COLLATE=utf8_unicode_ci;
/*!40101 SET character_set_client = @saved_cs_client */;

--
-- Dumping data for table `addresses`
--

LOCK TABLES `addresses` WRITE;
/*!40000 ALTER TABLE `addresses` DISABLE KEYS */;
/*!40000 ALTER TABLE `addresses` ENABLE KEYS */;
UNLOCK TABLES;

--
-- Table structure for table `attachments`
--

DROP TABLE IF EXISTS `attachments`;
/*!40101 SET @saved_cs_client     = @@character_set_client */;
/*!40101 SET character_set_client = utf8 */;
CREATE TABLE `attachments` (
  `id` int(11) NOT NULL AUTO_INCREMENT,
  `model_id` int(11) DEFAULT NULL,
  `is_main` tinyint(1) DEFAULT '0',
  `content_type` varchar(255) COLLATE utf8_unicode_ci DEFAULT NULL,
  `filename` varchar(255) COLLATE utf8_unicode_ci DEFAULT NULL,
  `size` int(11) DEFAULT NULL,
  PRIMARY KEY (`id`),
  KEY `index_attachments_on_model_id` (`model_id`)
) ENGINE=InnoDB AUTO_INCREMENT=6 DEFAULT CHARSET=utf8 COLLATE=utf8_unicode_ci;
/*!40101 SET character_set_client = @saved_cs_client */;

--
-- Dumping data for table `attachments`
--

LOCK TABLES `attachments` WRITE;
/*!40000 ALTER TABLE `attachments` DISABLE KEYS */;
INSERT INTO `attachments` VALUES (1,145,0,'image/jpeg','ut',NULL),(2,146,0,'image/jpeg','inventore',NULL),(3,158,0,'image/jpeg','modi',NULL),(4,159,0,'image/jpeg','dignissimos',NULL),(5,159,0,'image/jpeg','nihil',NULL);
/*!40000 ALTER TABLE `attachments` ENABLE KEYS */;
UNLOCK TABLES;

--
-- Table structure for table `authentication_systems`
--

DROP TABLE IF EXISTS `authentication_systems`;
/*!40101 SET @saved_cs_client     = @@character_set_client */;
/*!40101 SET character_set_client = utf8 */;
CREATE TABLE `authentication_systems` (
  `id` int(11) NOT NULL AUTO_INCREMENT,
  `name` varchar(255) COLLATE utf8_unicode_ci DEFAULT NULL,
  `class_name` varchar(255) COLLATE utf8_unicode_ci DEFAULT NULL,
  `is_default` tinyint(1) DEFAULT '0',
  `is_active` tinyint(1) DEFAULT '0',
  PRIMARY KEY (`id`)
) ENGINE=InnoDB AUTO_INCREMENT=7 DEFAULT CHARSET=utf8 COLLATE=utf8_unicode_ci;
/*!40101 SET character_set_client = @saved_cs_client */;

--
-- Dumping data for table `authentication_systems`
--

LOCK TABLES `authentication_systems` WRITE;
/*!40000 ALTER TABLE `authentication_systems` DISABLE KEYS */;
INSERT INTO `authentication_systems` VALUES (1,'Database Authentication','DatabaseAuthentication',1,1),(2,'LDAP Authentication','LdapAuthentication',0,0),(3,'ZHDK Authentication','Zhdk',0,0),(4,'Database Authentication','DatabaseAuthentication',1,1),(5,'LDAP Authentication','LdapAuthentication',0,0),(6,'ZHDK Authentication','Zhdk',0,0);
/*!40000 ALTER TABLE `authentication_systems` ENABLE KEYS */;
UNLOCK TABLES;

--
-- Table structure for table `buildings`
--

DROP TABLE IF EXISTS `buildings`;
/*!40101 SET @saved_cs_client     = @@character_set_client */;
/*!40101 SET character_set_client = utf8 */;
CREATE TABLE `buildings` (
  `id` int(11) NOT NULL AUTO_INCREMENT,
  `name` varchar(255) COLLATE utf8_unicode_ci DEFAULT NULL,
  `code` varchar(255) COLLATE utf8_unicode_ci DEFAULT NULL,
  PRIMARY KEY (`id`)
) ENGINE=InnoDB AUTO_INCREMENT=188 DEFAULT CHARSET=utf8 COLLATE=utf8_unicode_ci;
/*!40101 SET character_set_client = @saved_cs_client */;

--
-- Dumping data for table `buildings`
--

LOCK TABLES `buildings` WRITE;
/*!40000 ALTER TABLE `buildings` DISABLE KEYS */;
INSERT INTO `buildings` VALUES (1,'Great Pyramid of Giza','ZZZ'),(2,'Inventoreeosqui','lab'),(3,'Exetfacere','exc'),(4,'Quiiustodolore','ass'),(5,'Itaquepariaturnumquam','ips'),(6,'Quiuta','qui'),(7,'Utidquo','sun'),(8,'Eligendisitcommodi','rer'),(9,'Omnisdolorumtempora','cor'),(10,'Deseruntsedqui','eli'),(11,'Doloroditfugit','inv'),(12,'Eaqueeosiusto','min'),(13,'Sedutsint','utp'),(14,'Utnonrem','qui'),(15,'Dolorumquiaoccaecati','sap'),(16,'Molestiassitnecessitatibus','qua'),(17,'Avelitsed','sin'),(18,'Utinut','sed'),(19,'Omnisevenietut','utv'),(20,'Veritatisquidemmolestias','rat'),(21,'Cupiditatevoluptaset','und'),(22,'Quisuscipitofficia','rec'),(23,'Rerumnumquamnisi','rer'),(24,'Molestiaepariatursoluta','pra'),(25,'Quivitaequo','dol'),(26,'Minimasitsit','ame'),(27,'Deseruntomnispossimus','iur'),(28,'Modiautdolores','qui'),(29,'Undeveroqui','rer'),(30,'Repellatnihilaccusantium','odi'),(31,'Natusquonon','dol'),(32,'Optioetmolestias','inc'),(33,'Nemomolestiaenihil','adf'),(34,'Aeaquerecusandae','min'),(35,'Velitrecusandaesimilique','fug'),(36,'Placeatutincidunt','rer'),(37,'Estteneturdolores','sae'),(38,'Quireprehenderitquam','dol'),(39,'Voluptatemquoillum','nih'),(40,'Explicabodelenitiquis','eav'),(41,'Ausstellungsstrasse 60','AU60'),(42,'Ausstellungsstrasse 60','AU60'),(43,'Utenimdignissimos','sit'),(44,'Exercitationemquasieveniet','sim'),(45,'Voluptatemveroreprehenderit','com'),(46,'Doloresinquo','cor'),(47,'Explicabovoluptatemet','non'),(48,'Veronostrumsed','rep'),(49,'Autpossimusrepudiandae','qui'),(50,'Sitrerumharum','qui'),(51,'Suntremrecusandae','ean'),(52,'Animipariaturdoloremque','non'),(53,'Quialaudantiumvoluptatem','omn'),(54,'Illuminet','ett'),(55,'Excepturialiquamquos','vel'),(56,'Quiatotamet','vel'),(57,'Auteiusreprehenderit','odi'),(58,'Consequatursitveritatis','exc'),(59,'Earumutet','con'),(60,'Porroetcumque','sun'),(61,'Ineosid','rec'),(62,'Sitsedexcepturi','abs'),(63,'Reprehenderitvelreiciendis','rem'),(64,'Temporadictaculpa','lab'),(65,'Modiconsequaturblanditiis','ips'),(66,'Autemaliquidfacilis','und'),(67,'Quietnemo','uts'),(68,'Laborequaenatus','asp'),(69,'Laudantiumfacilisrepudiandae','atr'),(70,'Autetrerum','fug'),(71,'Sinteligendifugit','off'),(72,'Impeditsuscipitvoluptatibus','etn'),(73,'Utautest','qua'),(74,'Quoiurecorporis','qui'),(75,'Eligendisitdolor','rei'),(76,'Officiisnullafugit','fug'),(77,'Perferendisnequeincidunt','nis'),(78,'Molestiaeoccaecatieius','etr'),(79,'Enimvelitdeserunt','eli'),(80,'Etteneturvoluptas','rem'),(81,'Atquefacilisamet','qua'),(82,'Accusamussimiliqueenim','omn'),(83,'Sednemofugiat','rem'),(84,'Etetimpedit','lab'),(85,'Fugiatcumexplicabo','rem'),(86,'Laudantiumpossimuscorporis','odi'),(87,'Atquemaximeinventore','eum'),(88,'Animiquitotam','ali'),(89,'Quibusdamreiciendisitaque','inc'),(90,'Eligendidelectusut','duc'),(91,'Sitestab','idn'),(92,'Quibusdamnesciunttenetur','off'),(93,'Inventoreestexercitationem','par'),(94,'Esseetnatus','mol'),(95,'Sitofficiatotam','etq'),(96,'Quibusdamlaboriosammodi','mag'),(97,'Estvoluptatemsunt','eaq'),(98,'Accusamusquimolestiae','opt'),(99,'Temporaquiset','dic'),(100,'Aspernatureosillo','com'),(101,'Quiquiquia','mag'),(102,'Consequaturpraesentiumquasi','utq'),(103,'Autemseddeleniti','sed'),(104,'Etnostrumnam','vol'),(105,'Etdebitisvoluptas','pos'),(106,'Utautemrerum','ets'),(107,'Ipsautreprehenderit','pra'),(108,'Deleniticumaspernatur','cor'),(109,'Autemquiadolorem','fac'),(110,'Minusrationeeaque','mol'),(111,'Eaoptiout','ape'),(112,'Doloribussintet','con'),(113,'Totamenimrerum','dol'),(114,'Facereeosaut','vit'),(115,'Molestiaedelectusquia','mai'),(116,'Great Pyramid of Giza','ZZZ'),(117,'Suntoditincidunt','omn'),(118,'Aliberodoloribus','sit'),(119,'Aliasdoloribusconsequatur','uti'),(120,'Inaliquidincidunt','eav'),(121,'Doloremadet','utq'),(122,'Autlaboriosamsed','off'),(123,'Providentautet','qua'),(124,'Sapienteprovidenttempora','ine'),(125,'Laboriosamremdeleniti','nes'),(126,'Officiaquianon','arc'),(127,'Laborumcorporisnon','neq'),(128,'Deseruntfugiatvero','vol'),(129,'Debitisnequemaiores','sus'),(130,'Porrovoluptasest','qui'),(131,'Autexquis','qui'),(132,'Voluptatemitaquevoluptates','nos'),(133,'Etquiat','pra'),(134,'Earumutdignissimos','omn'),(135,'Cumautdolor','con'),(136,'Quirerumitaque','sol'),(137,'Sequieumdolore','sed'),(138,'Placeateiusnihil','ass'),(139,'Quismaximeminus','con'),(140,'Fugiatsedqui','exc'),(141,'Quiadolorrepellat','ess'),(142,'Utperspiciatisquos','per'),(143,'Remetaspernatur','tem'),(144,'Estnemonon','deb'),(145,'Officiisomnisut','vel'),(146,'Avoluptasdelectus','qui'),(147,'Nonimpeditmolestias','eta'),(148,'Nonvoluptatesin','cul'),(149,'Repellatundequi','etl'),(150,'Impeditestlibero','off'),(151,'Perspiciatishicad','etn'),(152,'Nihilfugaquaerat','rec'),(153,'Voluptasvoluptasaut','rep'),(154,'Errorinciduntnemo','inn'),(155,'Quoquaeut','sit'),(156,'Laboreveritatisvoluptas','eti'),(157,'Etquirem','ete'),(158,'Laborumdelenitinihil','mag'),(159,'Sapienteassumendaoccaecati','err'),(160,'Veniamsedqui','qui'),(161,'Voluptatedoloresquia','sed'),(162,'Assumendacorporispariatur','par'),(163,'Adquilabore','mol'),(164,'Quasinciduntsuscipit','aut'),(165,'Explicaboipsamnihil','occ'),(166,'Veroidvitae','odi'),(167,'Nostrumsaepequi','rer'),(168,'Esseenimrecusandae','etp'),(169,'Hictemporaharum','eum'),(170,'Molestiasquiavoluptatem','del'),(171,'Expeditafaceresimilique','num'),(172,'Ullamfuganulla','utn'),(173,'Quaeratconsequaturdelectus','qui'),(174,'Autlaudantiumdignissimos','lab'),(175,'Eanonvoluptas','vel'),(176,'Temporibusessevelit','ets'),(177,'Pariaturautest','und'),(178,'Undeetut','ape'),(179,'Consequaturaliquidsimilique','ete'),(180,'Eadelectusdolor','eiu'),(181,'Nequenobisea','ame'),(182,'Possimuserrorvelit','qui'),(183,'Estautdignissimos','pro'),(184,'Temporaexercitationemperspiciatis','mod'),(185,'Animieosvoluptas','vol'),(186,'Etdolorumasperiores','com'),(187,'Eaquedoloreblanditiis','ull');
/*!40000 ALTER TABLE `buildings` ENABLE KEYS */;
UNLOCK TABLES;

--
-- Table structure for table `contract_lines`
--

DROP TABLE IF EXISTS `contract_lines`;
/*!40101 SET @saved_cs_client     = @@character_set_client */;
/*!40101 SET character_set_client = utf8 */;
CREATE TABLE `contract_lines` (
  `id` int(11) NOT NULL AUTO_INCREMENT,
  `contract_id` int(11) DEFAULT NULL,
  `type` varchar(255) COLLATE utf8_unicode_ci NOT NULL DEFAULT 'ItemLine',
  `item_id` int(11) DEFAULT NULL,
  `model_id` int(11) DEFAULT NULL,
  `quantity` int(11) DEFAULT '1',
  `start_date` date DEFAULT NULL,
  `end_date` date DEFAULT NULL,
  `returned_date` date DEFAULT NULL,
  `option_id` int(11) DEFAULT NULL,
  `purpose_id` int(11) DEFAULT NULL,
  `returned_to_user_id` int(11) DEFAULT NULL,
  `created_at` datetime DEFAULT NULL,
  `updated_at` datetime DEFAULT NULL,
  PRIMARY KEY (`id`),
  KEY `index_contract_lines_on_start_date` (`start_date`),
  KEY `index_contract_lines_on_end_date` (`end_date`),
  KEY `index_contract_lines_on_option_id` (`option_id`),
  KEY `index_contract_lines_on_contract_id` (`contract_id`),
  KEY `index_contract_lines_on_item_id` (`item_id`),
  KEY `index_contract_lines_on_model_id` (`model_id`),
  KEY `index_contract_lines_on_returned_date_and_contract_id` (`returned_date`,`contract_id`),
  KEY `index_contract_lines_on_type_and_contract_id` (`type`,`contract_id`)
) ENGINE=InnoDB AUTO_INCREMENT=169 DEFAULT CHARSET=utf8 COLLATE=utf8_unicode_ci;
/*!40101 SET character_set_client = @saved_cs_client */;

--
-- Dumping data for table `contract_lines`
--

LOCK TABLES `contract_lines` WRITE;
/*!40000 ALTER TABLE `contract_lines` DISABLE KEYS */;
INSERT INTO `contract_lines` VALUES (1,1,'ItemLine',NULL,1,1,'2013-08-26','2013-08-26',NULL,NULL,NULL,NULL,'2013-08-24 11:22:39','2013-08-24 11:22:39'),(2,1,'ItemLine',NULL,5,1,'2013-08-26','2013-08-26',NULL,NULL,NULL,NULL,'2013-08-24 11:22:39','2013-08-24 11:22:39'),(3,1,'ItemLine',NULL,9,1,'2013-08-26','2013-08-26',NULL,NULL,NULL,NULL,'2013-08-24 11:22:39','2013-08-24 11:22:39'),(4,2,'ItemLine',NULL,13,1,'2013-08-26','2013-08-26',NULL,NULL,1,NULL,'2013-08-24 11:22:39','2013-08-24 11:22:39'),(5,2,'ItemLine',NULL,17,1,'2013-08-26','2013-08-26',NULL,NULL,1,NULL,'2013-08-24 11:22:39','2013-08-24 11:22:39'),(6,2,'ItemLine',NULL,21,1,'2013-08-26','2013-08-26',NULL,NULL,1,NULL,'2013-08-24 11:22:39','2013-08-24 11:22:39'),(7,2,'ItemLine',NULL,25,1,'2013-08-26','2013-08-26',NULL,NULL,1,NULL,'2013-08-24 11:22:39','2013-08-24 11:22:39'),(8,2,'ItemLine',NULL,29,1,'2013-08-26','2013-08-26',NULL,NULL,1,NULL,'2013-08-24 11:22:39','2013-08-24 11:22:39'),(9,2,'ItemLine',NULL,33,1,'2013-08-26','2013-08-26',NULL,NULL,1,NULL,'2013-08-24 11:22:39','2013-08-24 11:22:39'),(10,3,'ItemLine',NULL,37,1,'2013-08-26','2013-08-26','2013-08-24',NULL,2,1,'2013-08-24 11:22:39','2013-08-24 11:22:39'),(11,3,'ItemLine',NULL,41,1,'2013-08-26','2013-08-26','2013-08-24',NULL,2,1,'2013-08-24 11:22:39','2013-08-24 11:22:39'),(12,3,'ItemLine',NULL,45,1,'2013-08-26','2013-08-26','2013-08-24',NULL,2,1,'2013-08-24 11:22:39','2013-08-24 11:22:39'),(13,3,'ItemLine',NULL,49,1,'2013-08-26','2013-08-26','2013-08-24',NULL,2,1,'2013-08-24 11:22:39','2013-08-24 11:22:39'),(14,4,'ItemLine',NULL,162,1,'2013-08-19','2013-08-19',NULL,NULL,3,NULL,'2013-08-18 22:30:37','2013-08-18 22:30:37'),(15,4,'ItemLine',NULL,163,1,'2013-08-19','2013-08-19',NULL,NULL,3,NULL,'2013-08-18 22:30:37','2013-08-18 22:30:37'),(16,4,'ItemLine',NULL,164,1,'2013-08-19','2013-08-19',NULL,NULL,3,NULL,'2013-08-18 22:30:37','2013-08-18 22:30:37'),(17,4,'ItemLine',NULL,165,1,'2013-08-19','2013-08-19',NULL,NULL,3,NULL,'2013-08-18 22:30:37','2013-08-18 22:30:37'),(18,5,'ItemLine',NULL,169,1,'2013-08-19','2013-08-19',NULL,NULL,4,NULL,'2013-08-18 22:30:37','2013-08-18 22:30:37'),(19,5,'ItemLine',NULL,170,1,'2013-08-19','2013-08-19',NULL,NULL,4,NULL,'2013-08-18 22:30:37','2013-08-18 22:30:37'),(20,5,'ItemLine',NULL,171,1,'2013-08-19','2013-08-19',NULL,NULL,4,NULL,'2013-08-18 22:30:37','2013-08-18 22:30:37'),(21,5,'ItemLine',NULL,172,1,'2013-08-19','2013-08-19',NULL,NULL,4,NULL,'2013-08-18 22:30:37','2013-08-18 22:30:37'),(22,5,'ItemLine',NULL,173,1,'2013-08-19','2013-08-19',NULL,NULL,4,NULL,'2013-08-18 22:30:37','2013-08-18 22:30:37'),(23,6,'ItemLine',NULL,177,1,'2013-08-19','2013-08-19',NULL,NULL,5,NULL,'2013-08-18 22:30:37','2013-08-18 22:30:37'),(24,6,'ItemLine',NULL,178,1,'2013-08-19','2013-08-19',NULL,NULL,5,NULL,'2013-08-18 22:30:37','2013-08-18 22:30:37'),(25,6,'ItemLine',NULL,179,1,'2013-08-19','2013-08-19',NULL,NULL,5,NULL,'2013-08-18 22:30:38','2013-08-18 22:30:38'),(26,6,'ItemLine',NULL,180,1,'2013-08-19','2013-08-19',NULL,NULL,5,NULL,'2013-08-18 22:30:38','2013-08-18 22:30:38'),(27,6,'ItemLine',NULL,181,1,'2013-08-19','2013-08-19',NULL,NULL,5,NULL,'2013-08-18 22:30:38','2013-08-18 22:30:38'),(28,7,'ItemLine',NULL,185,1,'2013-08-20','2013-08-20',NULL,NULL,6,NULL,'2013-08-20 03:28:47','2013-08-20 03:28:47'),(29,7,'ItemLine',NULL,186,1,'2013-08-20','2013-08-20',NULL,NULL,6,NULL,'2013-08-20 03:28:47','2013-08-20 03:28:47'),(30,7,'ItemLine',NULL,187,1,'2013-08-20','2013-08-20',NULL,NULL,6,NULL,'2013-08-20 03:28:47','2013-08-20 03:28:47'),(31,8,'ItemLine',NULL,188,1,'2013-08-21','2013-08-21',NULL,NULL,7,NULL,'2013-08-21 16:42:11','2013-08-21 16:42:11'),(32,8,'ItemLine',NULL,189,1,'2013-08-21','2013-08-21',NULL,NULL,7,NULL,'2013-08-21 16:42:11','2013-08-21 16:42:11'),(33,8,'ItemLine',NULL,190,1,'2013-08-21','2013-08-21',NULL,NULL,7,NULL,'2013-08-21 16:42:11','2013-08-21 16:42:11'),(34,8,'ItemLine',NULL,191,1,'2013-08-21','2013-08-21',NULL,NULL,7,NULL,'2013-08-21 16:42:11','2013-08-21 16:42:11'),(35,8,'ItemLine',NULL,192,1,'2013-08-21','2013-08-21',NULL,NULL,7,NULL,'2013-08-21 16:42:11','2013-08-21 16:42:11'),(36,8,'ItemLine',NULL,192,1,'2013-08-21','2013-08-21',NULL,NULL,7,NULL,'2013-08-21 16:42:11','2013-08-21 16:42:11'),(37,9,'ItemLine',NULL,196,1,'2013-08-26','2013-08-26',NULL,NULL,8,NULL,'2013-08-24 11:22:39','2013-08-24 11:22:39'),(38,9,'ItemLine',NULL,197,1,'2013-08-26','2013-08-26',NULL,NULL,8,NULL,'2013-08-24 11:22:39','2013-08-24 11:22:39'),(39,9,'ItemLine',NULL,198,1,'2013-08-26','2013-08-26',NULL,NULL,8,NULL,'2013-08-24 11:22:39','2013-08-24 11:22:39'),(40,9,'ItemLine',NULL,199,1,'2013-08-26','2013-08-26',NULL,NULL,8,NULL,'2013-08-24 11:22:39','2013-08-24 11:22:39'),(41,10,'ItemLine',NULL,203,1,'2013-08-26','2013-08-26',NULL,NULL,9,NULL,'2013-08-24 11:22:39','2013-08-24 11:22:39'),(42,10,'ItemLine',NULL,204,1,'2013-08-26','2013-08-26',NULL,NULL,9,NULL,'2013-08-24 11:22:39','2013-08-24 11:22:39'),(43,10,'ItemLine',NULL,205,1,'2013-08-26','2013-08-26',NULL,NULL,9,NULL,'2013-08-24 11:22:39','2013-08-24 11:22:39'),(44,10,'ItemLine',NULL,206,1,'2013-08-26','2013-08-26',NULL,NULL,9,NULL,'2013-08-24 11:22:39','2013-08-24 11:22:39'),(45,10,'ItemLine',NULL,207,1,'2013-08-26','2013-08-26',NULL,NULL,9,NULL,'2013-08-24 11:22:39','2013-08-24 11:22:39'),(46,11,'ItemLine',NULL,208,1,'2013-08-26','2013-08-26',NULL,NULL,10,NULL,'2013-08-24 11:22:39','2013-08-24 11:22:39'),(47,11,'ItemLine',NULL,209,1,'2013-08-26','2013-08-26',NULL,NULL,10,NULL,'2013-08-24 11:22:39','2013-08-24 11:22:39'),(48,11,'ItemLine',NULL,210,1,'2013-08-26','2013-08-26',NULL,NULL,10,NULL,'2013-08-24 11:22:39','2013-08-24 11:22:39'),(49,11,'ItemLine',NULL,211,1,'2013-08-26','2013-08-26',NULL,NULL,10,NULL,'2013-08-24 11:22:39','2013-08-24 11:22:39'),(50,12,'ItemLine',NULL,212,1,'2013-08-26','2013-08-26',NULL,NULL,11,NULL,'2013-08-24 11:22:39','2013-08-24 11:22:39'),(51,12,'ItemLine',NULL,213,1,'2013-08-26','2013-08-26',NULL,NULL,11,NULL,'2013-08-24 11:22:39','2013-08-24 11:22:39'),(52,12,'ItemLine',NULL,214,1,'2013-08-26','2013-08-26',NULL,NULL,11,NULL,'2013-08-24 11:22:39','2013-08-24 11:22:39'),(53,12,'ItemLine',NULL,215,1,'2013-08-26','2013-08-26',NULL,NULL,11,NULL,'2013-08-24 11:22:39','2013-08-24 11:22:39'),(54,13,'ItemLine',28,37,1,'2013-08-26','2013-08-26',NULL,NULL,12,NULL,'2013-08-24 11:22:39','2013-08-24 11:22:39'),(55,13,'ItemLine',29,37,1,'2013-08-26','2013-08-26',NULL,NULL,12,NULL,'2013-08-24 11:22:39','2013-08-24 11:22:39'),(56,13,'ItemLine',30,37,1,'2013-08-26','2013-08-26',NULL,NULL,12,NULL,'2013-08-24 11:22:39','2013-08-24 11:22:39'),(57,13,'ItemLine',31,41,1,'2013-08-26','2013-08-26',NULL,NULL,12,NULL,'2013-08-24 11:22:39','2013-08-24 11:22:39'),(58,13,'ItemLine',32,41,1,'2013-08-26','2013-08-26',NULL,NULL,12,NULL,'2013-08-24 11:22:39','2013-08-24 11:22:39'),(59,13,'ItemLine',33,41,1,'2013-08-26','2013-08-26',NULL,NULL,12,NULL,'2013-08-24 11:22:39','2013-08-24 11:22:39'),(60,13,'ItemLine',34,45,1,'2013-08-26','2013-08-26',NULL,NULL,12,NULL,'2013-08-24 11:22:39','2013-08-24 11:22:39'),(61,13,'ItemLine',35,45,1,'2013-08-26','2013-08-26',NULL,NULL,12,NULL,'2013-08-24 11:22:39','2013-08-24 11:22:39'),(62,13,'ItemLine',36,45,1,'2013-08-26','2013-08-26',NULL,NULL,12,NULL,'2013-08-24 11:22:39','2013-08-24 11:22:39'),(63,13,'ItemLine',37,49,1,'2013-08-26','2013-08-26',NULL,NULL,12,NULL,'2013-08-24 11:22:39','2013-08-24 11:22:39'),(64,13,'ItemLine',38,49,1,'2013-08-26','2013-08-26',NULL,NULL,12,NULL,'2013-08-24 11:22:39','2013-08-24 11:22:39'),(65,13,'ItemLine',39,49,1,'2013-08-26','2013-08-26',NULL,NULL,12,NULL,'2013-08-24 11:22:39','2013-08-24 11:22:39'),(66,13,'ItemLine',42,54,1,'2013-08-26','2013-08-26',NULL,NULL,12,NULL,'2013-08-24 11:22:39','2013-08-24 11:22:39'),(67,13,'ItemLine',43,54,1,'2013-08-26','2013-08-26',NULL,NULL,12,NULL,'2013-08-24 11:22:39','2013-08-24 11:22:39'),(68,13,'ItemLine',44,55,1,'2013-08-26','2013-08-26',NULL,NULL,12,NULL,'2013-08-24 11:22:39','2013-08-24 11:22:39'),(69,13,'ItemLine',46,57,1,'2013-08-26','2013-08-26',NULL,NULL,12,NULL,'2013-08-24 11:22:39','2013-08-24 11:22:39'),(70,13,'ItemLine',47,58,1,'2013-08-26','2013-08-26',NULL,NULL,12,NULL,'2013-08-24 11:22:39','2013-08-24 11:22:39'),(71,13,'ItemLine',48,59,1,'2013-08-26','2013-08-26',NULL,NULL,12,NULL,'2013-08-24 11:22:39','2013-08-24 11:22:39'),(72,13,'ItemLine',49,60,1,'2013-08-26','2013-08-26',NULL,NULL,12,NULL,'2013-08-24 11:22:39','2013-08-24 11:22:39'),(73,13,'ItemLine',50,61,1,'2013-08-26','2013-08-26',NULL,NULL,12,NULL,'2013-08-24 11:22:39','2013-08-24 11:22:39'),(74,13,'ItemLine',51,62,1,'2013-08-26','2013-08-26',NULL,NULL,12,NULL,'2013-08-24 11:22:39','2013-08-24 11:22:39'),(75,13,'ItemLine',52,63,1,'2013-08-26','2013-08-26',NULL,NULL,12,NULL,'2013-08-24 11:22:39','2013-08-24 11:22:39'),(76,13,'ItemLine',53,64,1,'2013-08-26','2013-08-26',NULL,NULL,12,NULL,'2013-08-24 11:22:39','2013-08-24 11:22:39'),(77,13,'ItemLine',54,65,1,'2013-08-26','2013-08-26',NULL,NULL,12,NULL,'2013-08-24 11:22:39','2013-08-24 11:22:39'),(78,13,'ItemLine',55,66,1,'2013-08-26','2013-08-26',NULL,NULL,12,NULL,'2013-08-24 11:22:39','2013-08-24 11:22:39'),(79,13,'ItemLine',56,67,1,'2013-08-26','2013-08-26',NULL,NULL,12,NULL,'2013-08-24 11:22:39','2013-08-24 11:22:39'),(80,13,'ItemLine',57,68,1,'2013-08-26','2013-08-26',NULL,NULL,12,NULL,'2013-08-24 11:22:39','2013-08-24 11:22:39'),(81,13,'ItemLine',58,69,1,'2013-08-26','2013-08-26',NULL,NULL,12,NULL,'2013-08-24 11:22:39','2013-08-24 11:22:39'),(82,13,'ItemLine',59,70,1,'2013-08-26','2013-08-26',NULL,NULL,12,NULL,'2013-08-24 11:22:39','2013-08-24 11:22:39'),(83,13,'ItemLine',60,71,1,'2013-08-26','2013-08-26',NULL,NULL,12,NULL,'2013-08-24 11:22:39','2013-08-24 11:22:39'),(84,14,'OptionLine',NULL,NULL,2,'2013-08-24','2013-08-26',NULL,4,13,NULL,'2013-08-24 11:22:39','2013-08-24 11:22:39'),(85,14,'ItemLine',210,216,1,'2013-08-24','2013-08-26',NULL,NULL,13,NULL,'2013-08-24 11:22:39','2013-08-24 11:22:39'),(86,15,'OptionLine',NULL,NULL,2,'2013-08-24','2013-08-24',NULL,5,14,NULL,'2013-08-24 11:22:39','2013-08-24 11:22:39'),(87,15,'OptionLine',NULL,NULL,1,'2013-08-24','2013-09-24',NULL,5,14,NULL,'2013-08-24 11:22:39','2013-08-24 11:22:39'),(88,16,'ItemLine',211,217,1,'2013-08-24','2013-08-26',NULL,NULL,15,NULL,'2013-08-24 11:22:39','2013-08-24 11:22:39'),(89,17,'ItemLine',212,218,1,'2013-08-19','2013-08-23',NULL,NULL,16,NULL,'2013-08-19 00:00:00','2013-08-19 00:00:00'),(90,17,'OptionLine',NULL,NULL,1,'2013-08-19','2013-08-23',NULL,6,16,NULL,'2013-08-19 00:00:00','2013-08-19 00:00:00'),(91,18,'ItemLine',NULL,225,1,'2013-08-26','2013-08-26',NULL,NULL,17,NULL,'2013-08-24 11:22:39','2013-08-24 11:22:39'),(92,18,'ItemLine',NULL,226,1,'2013-08-26','2013-08-26',NULL,NULL,17,NULL,'2013-08-24 11:22:39','2013-08-24 11:22:39'),(93,18,'ItemLine',NULL,227,1,'2013-08-26','2013-08-26',NULL,NULL,17,NULL,'2013-08-24 11:22:39','2013-08-24 11:22:39'),(94,19,'ItemLine',221,228,1,'2013-08-24','2013-08-26',NULL,NULL,18,NULL,'2013-08-24 11:22:39','2013-08-24 11:22:39'),(95,19,'ItemLine',222,229,1,'2013-08-24','2013-08-26',NULL,NULL,18,NULL,'2013-08-24 11:22:39','2013-08-24 11:22:39'),(96,19,'ItemLine',223,230,1,'2013-08-24','2013-08-26',NULL,NULL,18,NULL,'2013-08-24 11:22:39','2013-08-24 11:22:39'),(97,19,'ItemLine',224,231,1,'2013-08-24','2013-08-26',NULL,NULL,18,NULL,'2013-08-24 11:22:39','2013-08-24 11:22:39'),(98,20,'ItemLine',225,232,1,'2013-08-24','2013-08-26',NULL,NULL,19,NULL,'2013-08-24 11:22:39','2013-08-24 11:22:39'),(99,20,'ItemLine',226,233,1,'2013-08-24','2013-08-26',NULL,NULL,19,NULL,'2013-08-24 11:22:39','2013-08-24 11:22:39'),(100,20,'ItemLine',227,234,1,'2013-08-24','2013-08-26',NULL,NULL,19,NULL,'2013-08-24 11:22:39','2013-08-24 11:22:39'),(101,20,'ItemLine',228,235,1,'2013-08-24','2013-08-26',NULL,NULL,19,NULL,'2013-08-24 11:22:39','2013-08-24 11:22:39'),(102,21,'ItemLine',229,236,1,'2013-08-19','2013-08-19',NULL,NULL,20,NULL,'2013-08-19 00:00:00','2013-08-19 00:00:00'),(103,21,'ItemLine',230,237,1,'2013-08-19','2013-08-19',NULL,NULL,20,NULL,'2013-08-19 00:00:00','2013-08-19 00:00:00'),(104,21,'ItemLine',231,238,1,'2013-08-19','2013-08-19',NULL,NULL,20,NULL,'2013-08-19 00:00:00','2013-08-19 00:00:00'),(105,21,'ItemLine',232,239,1,'2013-08-19','2013-08-19',NULL,NULL,20,NULL,'2013-08-19 00:00:00','2013-08-19 00:00:00'),(106,22,'ItemLine',NULL,80,1,'2013-08-31','2013-09-03',NULL,NULL,21,NULL,'2013-08-24 11:22:39','2013-08-24 11:22:39'),(107,22,'ItemLine',NULL,80,1,'2013-08-31','2013-09-03',NULL,NULL,21,NULL,'2013-08-24 11:22:39','2013-08-24 11:22:39'),(108,22,'ItemLine',NULL,80,1,'2013-08-31','2013-09-03',NULL,NULL,21,NULL,'2013-08-24 11:22:39','2013-08-24 11:22:39'),(109,22,'ItemLine',NULL,80,1,'2013-08-31','2013-09-03',NULL,NULL,21,NULL,'2013-08-24 11:22:39','2013-08-24 11:22:39'),(110,22,'ItemLine',NULL,80,1,'2013-08-31','2013-09-03',NULL,NULL,21,NULL,'2013-08-24 11:22:39','2013-08-24 11:22:39'),(111,22,'ItemLine',NULL,112,1,'2013-08-31','2013-09-03',NULL,NULL,21,NULL,'2013-08-24 11:22:39','2013-08-24 11:22:39'),(112,22,'ItemLine',NULL,112,1,'2013-08-31','2013-09-03',NULL,NULL,21,NULL,'2013-08-24 11:22:39','2013-08-24 11:22:39'),(113,22,'ItemLine',NULL,112,1,'2013-08-31','2013-09-03',NULL,NULL,21,NULL,'2013-08-24 11:22:39','2013-08-24 11:22:39'),(114,23,'ItemLine',NULL,240,1,'2013-08-26','2013-08-26',NULL,NULL,22,NULL,'2013-08-24 11:22:39','2013-08-24 11:22:39'),(115,23,'ItemLine',NULL,244,1,'2013-08-26','2013-08-26',NULL,NULL,22,NULL,'2013-08-24 11:22:39','2013-08-24 11:22:39'),(116,23,'ItemLine',NULL,248,1,'2013-08-26','2013-08-26',NULL,NULL,22,NULL,'2013-08-24 11:22:39','2013-08-24 11:22:39'),(117,23,'ItemLine',NULL,252,1,'2013-08-26','2013-08-26',NULL,NULL,22,NULL,'2013-08-24 11:22:39','2013-08-24 11:22:39'),(118,23,'ItemLine',NULL,256,1,'2013-08-26','2013-08-26',NULL,NULL,22,NULL,'2013-08-24 11:22:39','2013-08-24 11:22:39'),(119,24,'ItemLine',NULL,260,1,'2013-08-26','2013-08-26',NULL,NULL,23,NULL,'2013-08-24 11:22:39','2013-08-24 11:22:39'),(120,24,'ItemLine',NULL,264,1,'2013-08-26','2013-08-26',NULL,NULL,23,NULL,'2013-08-24 11:22:39','2013-08-24 11:22:39'),(121,24,'ItemLine',NULL,268,1,'2013-08-26','2013-08-26',NULL,NULL,23,NULL,'2013-08-24 11:22:39','2013-08-24 11:22:39'),(122,25,'ItemLine',NULL,272,1,'2013-08-26','2013-08-26',NULL,NULL,24,NULL,'2013-08-24 11:22:39','2013-08-24 11:22:39'),(123,25,'ItemLine',NULL,276,1,'2013-08-26','2013-08-26',NULL,NULL,24,NULL,'2013-08-24 11:22:39','2013-08-24 11:22:39'),(124,25,'ItemLine',NULL,280,1,'2013-08-26','2013-08-26',NULL,NULL,24,NULL,'2013-08-24 11:22:39','2013-08-24 11:22:39'),(125,26,'ItemLine',NULL,284,1,'2013-08-26','2013-08-26',NULL,NULL,25,NULL,'2013-08-24 11:22:39','2013-08-24 11:22:39'),(126,26,'ItemLine',NULL,288,1,'2013-08-26','2013-08-26',NULL,NULL,25,NULL,'2013-08-24 11:22:39','2013-08-24 11:22:39'),(127,26,'ItemLine',NULL,292,1,'2013-08-26','2013-08-26',NULL,NULL,25,NULL,'2013-08-24 11:22:39','2013-08-24 11:22:39'),(128,26,'ItemLine',NULL,296,1,'2013-08-26','2013-08-26',NULL,NULL,25,NULL,'2013-08-24 11:22:39','2013-08-24 11:22:39'),(129,27,'ItemLine',NULL,112,1,'2013-08-26','2013-08-26',NULL,NULL,26,NULL,'2013-08-24 11:22:39','2013-08-24 11:22:39'),(130,28,'ItemLine',NULL,112,1,'2013-08-26','2013-08-26',NULL,NULL,27,NULL,'2013-08-24 11:22:39','2013-08-24 11:22:39'),(131,28,'ItemLine',NULL,80,1,'2013-08-26','2013-08-26',NULL,NULL,27,NULL,'2013-08-24 11:22:39','2013-08-24 11:22:39'),(132,29,'ItemLine',NULL,112,1,'2013-08-31','2013-09-01',NULL,NULL,28,NULL,'2013-08-24 11:22:39','2013-08-24 11:22:39'),(133,30,'ItemLine',NULL,54,1,'2013-08-26','2013-08-26',NULL,NULL,29,NULL,'2013-08-24 11:22:39','2013-08-24 11:22:39'),(134,30,'ItemLine',NULL,54,1,'2013-08-26','2013-08-26',NULL,NULL,29,NULL,'2013-08-24 11:22:39','2013-08-24 11:22:39'),(135,30,'ItemLine',NULL,54,1,'2013-08-26','2013-08-26',NULL,NULL,29,NULL,'2013-08-24 11:22:39','2013-08-24 11:22:39'),(136,31,'ItemLine',NULL,80,1,'2013-08-26','2013-08-26',NULL,NULL,30,NULL,'2013-08-24 11:22:39','2013-08-24 11:22:39'),(137,31,'ItemLine',NULL,112,1,'2013-08-26','2013-08-26',NULL,NULL,30,NULL,'2013-08-24 11:22:39','2013-08-24 11:22:39'),(138,31,'ItemLine',NULL,80,1,'2013-08-26','2013-08-26',NULL,NULL,30,NULL,'2013-08-24 11:22:39','2013-08-24 11:22:39'),(139,31,'ItemLine',NULL,112,1,'2013-08-26','2013-08-26',NULL,NULL,30,NULL,'2013-08-24 11:22:39','2013-08-24 11:22:39'),(140,31,'ItemLine',NULL,80,1,'2013-08-26','2013-08-26',NULL,NULL,30,NULL,'2013-08-24 11:22:39','2013-08-24 11:22:39'),(141,31,'ItemLine',NULL,112,1,'2013-08-26','2013-08-26',NULL,NULL,30,NULL,'2013-08-24 11:22:39','2013-08-24 11:22:39'),(142,31,'OptionLine',NULL,NULL,5,'2013-08-26','2013-08-26',NULL,1,30,NULL,'2013-08-24 11:22:39','2013-08-24 11:22:39'),(143,32,'ItemLine',NULL,147,1,'2013-08-26','2013-08-26',NULL,NULL,NULL,NULL,'2013-08-24 11:22:39','2013-08-24 11:22:39'),(144,33,'ItemLine',278,300,1,'2013-08-26','2013-08-26',NULL,NULL,NULL,NULL,'2013-08-24 11:22:39','2013-08-24 11:22:39'),(145,34,'ItemLine',69,80,1,'2013-08-24','2013-08-24',NULL,NULL,33,NULL,'2013-08-24 11:22:39','2013-08-24 11:22:39'),(146,35,'ItemLine',279,301,1,'2013-08-24','2013-08-24',NULL,NULL,34,NULL,'2013-08-24 11:22:39','2013-08-24 11:22:39'),(147,36,'ItemLine',40,53,1,'2013-08-24','2013-08-24',NULL,NULL,35,NULL,'2013-08-24 11:22:39','2013-08-24 11:22:39'),(148,36,'ItemLine',263,280,1,'2013-08-24','2013-08-24','2013-08-24',NULL,35,18,'2013-08-24 11:22:39','2013-08-24 11:22:39'),(149,37,'ItemLine',45,54,1,'2013-08-24','2013-08-24',NULL,NULL,36,NULL,'2013-08-24 11:22:39','2013-08-24 11:22:39'),(150,38,'ItemLine',280,302,1,'2013-08-24','2013-08-24',NULL,NULL,37,NULL,'2013-08-24 11:22:39','2013-08-24 11:22:39'),(151,39,'ItemLine',110,115,1,'2013-08-24','2013-08-25',NULL,NULL,38,NULL,'2013-08-24 11:22:39','2013-08-24 11:22:39'),(152,40,'ItemLine',NULL,80,1,'2013-08-31','2013-09-03',NULL,NULL,39,NULL,'2013-08-24 11:22:39','2013-08-24 11:22:39'),(153,40,'ItemLine',NULL,112,1,'2013-08-31','2013-09-03',NULL,NULL,39,NULL,'2013-08-24 11:22:39','2013-08-24 11:22:39'),(154,40,'ItemLine',NULL,112,1,'2013-09-01','2013-09-04',NULL,NULL,39,NULL,'2013-08-24 11:22:39','2013-08-24 11:22:39'),(155,41,'ItemLine',NULL,58,1,'2013-08-24','2013-08-25',NULL,NULL,39,NULL,'2013-08-24 11:22:39','2013-08-24 11:22:39'),(156,42,'ItemLine',NULL,54,1,'2013-08-22','2013-08-25',NULL,NULL,40,NULL,'2013-08-24 11:22:39','2013-08-24 11:22:39'),(157,42,'ItemLine',NULL,303,1,'2013-08-22','2013-08-25',NULL,NULL,40,NULL,'2013-08-24 11:22:39','2013-08-24 11:22:39'),(158,43,'ItemLine',135,54,1,'2013-08-24','2013-08-24',NULL,NULL,41,NULL,'2013-08-24 11:22:39','2013-08-24 11:22:39'),(159,43,'OptionLine',NULL,NULL,1,'2013-08-24','2013-08-24',NULL,1,41,NULL,'2013-08-24 11:22:39','2013-08-24 11:22:39'),(160,44,'ItemLine',NULL,80,1,'2013-09-30','2013-10-08',NULL,NULL,42,NULL,'2013-08-24 11:22:39','2013-08-24 11:22:39'),(161,45,'ItemLine',NULL,80,1,'2013-10-15','2013-10-18',NULL,NULL,43,NULL,'2013-08-24 11:22:39','2013-08-24 11:22:39'),(162,45,'ItemLine',NULL,80,1,'2013-10-15','2013-10-18',NULL,NULL,43,NULL,'2013-08-24 11:22:39','2013-08-24 11:22:39'),(163,45,'ItemLine',NULL,80,1,'2013-10-15','2013-10-18',NULL,NULL,43,NULL,'2013-08-24 11:22:39','2013-08-24 11:22:39'),(164,45,'ItemLine',NULL,80,1,'2013-10-15','2013-10-18',NULL,NULL,43,NULL,'2013-08-24 11:22:39','2013-08-24 11:22:39'),(165,45,'ItemLine',NULL,80,1,'2013-10-15','2013-10-18',NULL,NULL,43,NULL,'2013-08-24 11:22:39','2013-08-24 11:22:39'),(166,45,'ItemLine',NULL,80,1,'2013-10-15','2013-10-18',NULL,NULL,43,NULL,'2013-08-24 11:22:39','2013-08-24 11:22:39'),(167,46,'ItemLine',NULL,37,1,'2013-08-26','2013-08-26',NULL,NULL,44,NULL,'2013-08-24 11:22:39','2013-08-24 11:22:39'),(168,47,'ItemLine',105,112,1,'2013-08-19','2013-08-23',NULL,NULL,45,NULL,'2013-08-19 00:00:00','2013-08-19 00:00:00');
/*!40000 ALTER TABLE `contract_lines` ENABLE KEYS */;
UNLOCK TABLES;

--
-- Table structure for table `contracts`
--

DROP TABLE IF EXISTS `contracts`;
/*!40101 SET @saved_cs_client     = @@character_set_client */;
/*!40101 SET character_set_client = utf8 */;
CREATE TABLE `contracts` (
  `id` int(11) NOT NULL AUTO_INCREMENT,
  `user_id` int(11) DEFAULT NULL,
  `delegated_user_id` int(11) DEFAULT NULL,
  `inventory_pool_id` int(11) DEFAULT NULL,
  `note` text COLLATE utf8_unicode_ci,
  `handed_over_by_user_id` int(11) DEFAULT NULL,
  `created_at` datetime DEFAULT NULL,
  `updated_at` datetime DEFAULT NULL,
  `status` enum('unsubmitted','submitted','rejected','approved','signed','closed') COLLATE utf8_unicode_ci NOT NULL,
  PRIMARY KEY (`id`),
  KEY `index_contracts_on_inventory_pool_id` (`inventory_pool_id`),
  KEY `index_contracts_on_status` (`status`),
  KEY `index_contracts_on_user_id` (`user_id`)
) ENGINE=InnoDB AUTO_INCREMENT=48 DEFAULT CHARSET=utf8 COLLATE=utf8_unicode_ci;
/*!40101 SET character_set_client = @saved_cs_client */;

--
-- Dumping data for table `contracts`
--

LOCK TABLES `contracts` WRITE;
/*!40000 ALTER TABLE `contracts` DISABLE KEYS */;
INSERT INTO `contracts` VALUES (1,5,NULL,5,NULL,NULL,'2013-08-24 11:22:39','2013-08-24 11:22:39','unsubmitted'),(2,6,NULL,11,NULL,NULL,'2013-08-24 11:22:39','2013-08-24 11:22:39','approved'),(3,7,NULL,1,NULL,NULL,'2013-08-24 11:22:39','2013-08-24 11:22:39','closed'),(4,12,NULL,1,NULL,NULL,'2013-08-18 22:30:37','2013-08-18 22:30:37','submitted'),(5,12,NULL,1,NULL,NULL,'2013-08-18 22:30:37','2013-08-18 22:30:37','approved'),(6,12,NULL,1,NULL,NULL,'2013-08-18 22:30:37','2013-08-18 22:30:37','rejected'),(7,12,NULL,1,NULL,NULL,'2013-08-20 03:28:47','2013-08-20 03:28:47','submitted'),(8,12,NULL,1,NULL,NULL,'2013-08-21 16:42:11','2013-08-21 16:42:11','submitted'),(9,13,NULL,1,NULL,NULL,'2013-08-24 11:22:39','2013-08-24 11:22:39','submitted'),(10,14,NULL,1,NULL,NULL,'2013-08-24 11:22:39','2013-08-24 11:22:39','submitted'),(11,15,NULL,1,NULL,NULL,'2013-08-24 11:22:39','2013-08-24 11:22:39','submitted'),(12,16,NULL,1,NULL,NULL,'2013-08-24 11:22:39','2013-08-24 11:22:39','submitted'),(13,20,NULL,1,NULL,NULL,'2013-08-24 11:22:39','2013-08-24 11:22:39','approved'),(14,21,NULL,1,NULL,18,'2013-08-24 11:22:39','2013-08-24 11:22:39','signed'),(15,22,NULL,1,NULL,18,'2013-08-24 11:22:39','2013-08-24 11:22:39','signed'),(16,23,NULL,1,NULL,18,'2013-08-24 11:22:39','2013-08-24 11:22:39','signed'),(17,24,NULL,2,NULL,18,'2013-08-19 00:00:00','2013-08-19 00:00:00','signed'),(18,28,26,1,NULL,NULL,'2013-08-24 11:22:39','2013-08-24 11:22:39','submitted'),(19,28,27,1,NULL,NULL,'2013-08-24 11:22:39','2013-08-24 11:22:39','approved'),(20,28,26,1,NULL,18,'2013-08-24 11:22:39','2013-08-24 11:22:39','signed'),(21,28,26,1,NULL,18,'2013-08-19 00:00:00','2013-08-19 00:00:00','signed'),(22,32,NULL,1,NULL,NULL,'2013-08-24 11:22:39','2013-08-24 11:22:39','submitted'),(23,32,NULL,2,NULL,NULL,'2013-08-24 11:22:39','2013-08-24 11:22:39','submitted'),(24,32,NULL,1,NULL,NULL,'2013-08-24 11:22:39','2013-08-24 11:22:39','submitted'),(25,32,NULL,2,NULL,NULL,'2013-08-24 11:22:39','2013-08-24 11:22:39','submitted'),(26,32,NULL,1,NULL,NULL,'2013-08-24 11:22:39','2013-08-24 11:22:39','submitted'),(27,32,NULL,1,NULL,NULL,'2013-08-24 11:22:39','2013-08-24 11:22:39','approved'),(28,32,NULL,1,NULL,NULL,'2013-08-24 11:22:39','2013-08-24 11:22:39','approved'),(29,32,NULL,1,NULL,NULL,'2013-08-24 11:22:39','2013-08-24 11:22:39','approved'),(30,32,NULL,1,NULL,NULL,'2013-08-24 11:22:39','2013-08-24 11:22:39','approved'),(31,32,NULL,1,NULL,NULL,'2013-08-24 11:22:39','2013-08-24 11:22:39','approved'),(32,32,NULL,1,NULL,NULL,'2013-08-24 11:22:39','2013-08-24 11:22:39','approved'),(33,32,NULL,1,NULL,NULL,'2013-08-24 11:22:39','2013-08-24 11:22:39','approved'),(34,32,NULL,1,NULL,18,'2013-08-24 11:22:39','2013-08-24 11:22:39','signed'),(35,32,NULL,1,NULL,18,'2013-08-24 11:22:39','2013-08-24 11:22:39','signed'),(36,32,NULL,2,NULL,18,'2013-08-24 11:22:39','2013-08-24 11:22:39','signed'),(37,32,NULL,2,NULL,18,'2013-08-24 11:22:39','2013-08-24 11:22:39','signed'),(38,32,NULL,2,NULL,18,'2013-08-24 11:22:39','2013-08-24 11:22:39','signed'),(39,32,NULL,1,NULL,18,'2013-08-24 11:22:39','2013-08-24 11:22:39','signed'),(40,33,NULL,1,NULL,NULL,'2013-08-24 11:22:39','2013-08-24 11:22:39','submitted'),(41,33,NULL,1,NULL,NULL,'2013-08-24 11:22:39','2013-08-24 11:22:39','submitted'),(42,33,NULL,1,NULL,NULL,'2013-08-24 11:22:39','2013-08-24 11:22:39','approved'),(43,33,NULL,1,NULL,18,'2013-08-24 11:22:39','2013-08-24 11:22:39','signed'),(44,34,NULL,1,NULL,NULL,'2013-08-24 11:22:39','2013-08-24 11:22:39','submitted'),(45,34,NULL,1,NULL,NULL,'2013-08-24 11:22:39','2013-08-24 11:22:39','submitted'),(46,34,NULL,1,NULL,NULL,'2013-08-24 11:22:39','2013-08-24 11:22:39','approved'),(47,34,NULL,1,NULL,18,'2013-08-19 00:00:00','2013-08-19 00:00:00','signed');
/*!40000 ALTER TABLE `contracts` ENABLE KEYS */;
UNLOCK TABLES;

--
-- Table structure for table `database_authentications`
--

DROP TABLE IF EXISTS `database_authentications`;
/*!40101 SET @saved_cs_client     = @@character_set_client */;
/*!40101 SET character_set_client = utf8 */;
CREATE TABLE `database_authentications` (
  `id` int(11) NOT NULL AUTO_INCREMENT,
  `login` varchar(255) COLLATE utf8_unicode_ci DEFAULT NULL,
  `crypted_password` varchar(40) COLLATE utf8_unicode_ci DEFAULT NULL,
  `salt` varchar(40) COLLATE utf8_unicode_ci DEFAULT NULL,
  `user_id` int(11) DEFAULT NULL,
  `created_at` datetime DEFAULT NULL,
  `updated_at` datetime DEFAULT NULL,
  PRIMARY KEY (`id`)
) ENGINE=InnoDB AUTO_INCREMENT=31 DEFAULT CHARSET=utf8 COLLATE=utf8_unicode_ci;
/*!40101 SET character_set_client = @saved_cs_client */;

--
-- Dumping data for table `database_authentications`
--

LOCK TABLES `database_authentications` WRITE;
/*!40000 ALTER TABLE `database_authentications` DISABLE KEYS */;
INSERT INTO `database_authentications` VALUES (1,'ramon','93c195c48f15088f67f360f4c5c5b80a19199e99','ab9bcf9be3d8385eb8f5db95445124bffce35925',1,'2013-08-24 11:22:39','2013-08-24 11:22:39'),(2,'eryn_2148','9b5a30f335d87f1c905f259da01804835298ae29','3872759ae799706a642303ac0ddc895ce84276ca',2,'2013-08-24 11:22:39','2013-08-24 11:22:39'),(3,'viva_turner_8323','4ce39cbed8aec442cf390259967c6e05acfa5efb','a88490d50ddb67fc7c0d802b641313dedfc55eba',3,'2013-08-24 11:22:39','2013-08-24 11:22:39'),(4,'myrna_langworth_914','b1f91ab55abd276b16a8eede594dce3868aa2bb1','5bf3c04d2a03c38f18d9dc0825e9c3911995ea52',4,'2013-08-24 11:22:39','2013-08-24 11:22:39'),(5,'avery_9029','73f87f10ab9b1b367c9da6a5f91970dfe6c5e227','7cf348bf40cfbc55ad2627e4e18247303d28a35d',5,'2013-08-24 11:22:39','2013-08-24 11:22:39'),(6,'herman_2352','067ddf2058c93319c21262b9263379778196e3b8','05ca5497fee159931dbc1a26426a3694123f0415',6,'2013-08-24 11:22:39','2013-08-24 11:22:39'),(7,'jarvis.rippin_9354','37efa23c213ad33584f9326cf9d7881a8a29e8ef','41d0e66f19730309154a93c5d655f2703d1373ff',7,'2013-08-24 11:22:39','2013-08-24 11:22:39'),(8,'matti','2e2bec278e69110359deb0abb0c6ba29de5209f4','3ef9a850573bdb86194bb1c7e4e0e040dab07677',8,'2013-08-24 11:22:39','2013-08-24 11:22:39'),(9,'mike','7ce637ff956bb70b1bc9a149186352d52db63dba','7f08b70d133ad223664e68e8d5b23bd2e4d0f2c7',9,'2013-08-24 11:22:39','2013-08-24 11:22:39'),(10,'andi','e4a2c7513c66b4dba0f9f7050768381d74f4c34a','14b53aaaff0ba7365b723aa9db4a3291ffc6161c',10,'2013-08-24 11:22:39','2013-08-24 11:22:39'),(11,'precious_rolfson_7064','045da1a29cd48440dca2e83a3740c475e02993b6','f7a8c2df8ef47386f1ef1a564091b44d5753984c',11,'2013-08-24 11:22:39','2013-08-24 11:22:39'),(12,'lennie.krajcik_8319','f7b897a3b5111ee52613103a502cc9dbacba084f','e5c922fc47abc3331889d112a3f6259c2d7c955e',12,'2013-08-24 11:22:39','2013-08-24 11:22:39'),(13,'max_2877','43c8ec1d49e73567b48198b2b8832e4876564d74','4cb0f913000c41e870f03621494f03a7ed491f78',13,'2013-08-24 11:22:39','2013-08-24 11:22:39'),(14,'pearlie_harris_221','a9bd84d4d36485b78998f2901d00134448d50603','c74007b991d3f0b5184ec634dd89b95be8b4e354',14,'2013-08-24 11:22:39','2013-08-24 11:22:39'),(15,'llewellyn.douglas_7927','5e127a7a4ba04d1573db7f7046c4b67a8e472c6b','9fa8152cdd7a3e62dce0f7729803d2917448d06f',15,'2013-08-24 11:22:39','2013-08-24 11:22:39'),(16,'raleigh.jast_7434','3abf36bea44d978b7fa9ca60abcb35d524d3b056','78340944529b596467245414f2f965bb7eec8e7c',16,'2013-08-24 11:22:39','2013-08-24 11:22:39'),(17,'gino','5bf9e25676dd10001aaf43cc5726026797b78966','75e980a54c619fc85277f4e6aafab7181f21f9d6',17,'2013-08-24 11:22:39','2013-08-24 11:22:39'),(18,'pius','eac67a7a86e59771b03ad4885011b6e8cfa80fcd','b09d840506af1ff6aaad1a8b4dd3c457dc24476d',18,'2013-08-24 11:22:39','2013-08-24 11:22:39'),(19,'peter','abf69c11be2d2b66a499c559064f35028d8cb728','894c6ab76639bbab6241e7dfd35349183be256c0',19,'2013-08-24 11:22:39','2013-08-24 11:22:39'),(20,'alanis_runte_4799','2ac5f2bfb8ffdbb7949fd2e957bc032e9004ff71','7890bad56416b28ac51d14bb419f0f5bc9edc319',20,'2013-08-24 11:22:39','2013-08-24 11:22:39'),(21,'ulices_2950','e7b4f463cd8fa2f820826ea29357eaeeade0105c','68a12ef3bd7c344d2dab2facc5e475d4271bb5a8',21,'2013-08-24 11:22:39','2013-08-24 11:22:39'),(22,'kaya.collier_149','5c71a6d2bfd763b496c481d3be201f0d37129ab9','eb09bb55612bfda5008bd1df4d62f3a0d2c74dd3',22,'2013-08-24 11:22:39','2013-08-24 11:22:39'),(23,'francesca_7077','39158318dcbad64447e4333452a920567b661b9a','4fe5a37cedc1f4edf0efe4fd80bf5d01a7c4b995',23,'2013-08-24 11:22:39','2013-08-24 11:22:39'),(24,'lelia_387','60b96864afb598c36a8473be9117cd3d7f7256d5','6795e897f9d789a575cf8255443d8275c8096940',24,'2013-08-19 00:00:00','2013-08-19 00:00:00'),(25,'carolina_4784','48e849e0262669e836a49c36d14d0de0fb143841','ff5667164315cb7223a2d21efadc922eece8a81b',25,'2013-08-19 00:00:00','2013-08-19 00:00:00'),(26,'mina','c83a459a92a35202bc8d7d7cb9ca605d3019399b','8c4d524267fef101219ee1ccc0c17e1e6d2aaffe',26,'2013-08-24 11:22:39','2013-08-24 11:22:39'),(27,'julie','97daf85d836e7a6b3f92135a1cffb64acedcb1a6','1b95437053cfbaf0b8de732f4ec6b3e1cadfaff7',27,'2013-08-24 11:22:39','2013-08-24 11:22:39'),(28,'normin','6af0994472d126bc4f0f639758c4037aaba81e26','65354f4bd967216629b192d239c4096e1cfa9daf',32,'2013-08-24 11:22:39','2013-08-24 11:22:39'),(29,'petra','a99818f5059a988cdcef77331063dd1888cbdebf','eb3b863c2477de1540f53547e8b804d1fc8b7deb',33,'2013-08-24 11:22:39','2013-08-24 11:22:39'),(30,'lisa','9764885b7bbd835ff13cc6ee8c9f621ffd256893','9a83b6984bc6755eebdc3d97b4544615dc7d0b49',34,'2013-08-24 11:22:39','2013-08-24 11:22:39');
/*!40000 ALTER TABLE `database_authentications` ENABLE KEYS */;
UNLOCK TABLES;

--
-- Table structure for table `delegations_users`
--

DROP TABLE IF EXISTS `delegations_users`;
/*!40101 SET @saved_cs_client     = @@character_set_client */;
/*!40101 SET character_set_client = utf8 */;
CREATE TABLE `delegations_users` (
  `delegation_id` int(11) DEFAULT NULL,
  `user_id` int(11) DEFAULT NULL,
  UNIQUE KEY `index_delegations_users_on_user_id_and_delegation_id` (`user_id`,`delegation_id`),
  KEY `index_delegations_users_on_delegation_id` (`delegation_id`)
) ENGINE=InnoDB DEFAULT CHARSET=utf8 COLLATE=utf8_unicode_ci;
/*!40101 SET character_set_client = @saved_cs_client */;

--
-- Dumping data for table `delegations_users`
--

LOCK TABLES `delegations_users` WRITE;
/*!40000 ALTER TABLE `delegations_users` DISABLE KEYS */;
INSERT INTO `delegations_users` VALUES (28,26),(29,26),(30,26),(31,26),(28,27),(29,27),(30,27),(31,27);
/*!40000 ALTER TABLE `delegations_users` ENABLE KEYS */;
UNLOCK TABLES;

--
-- Table structure for table `groups`
--

DROP TABLE IF EXISTS `groups`;
/*!40101 SET @saved_cs_client     = @@character_set_client */;
/*!40101 SET character_set_client = utf8 */;
CREATE TABLE `groups` (
  `id` int(11) NOT NULL AUTO_INCREMENT,
  `name` varchar(255) COLLATE utf8_unicode_ci DEFAULT NULL,
  `inventory_pool_id` int(11) DEFAULT NULL,
  `is_verification_required` tinyint(1) DEFAULT '0',
  `created_at` datetime DEFAULT NULL,
  `updated_at` datetime DEFAULT NULL,
  PRIMARY KEY (`id`),
  KEY `index_groups_on_inventory_pool_id` (`inventory_pool_id`),
  KEY `index_groups_on_is_verification_required` (`is_verification_required`)
) ENGINE=InnoDB AUTO_INCREMENT=10 DEFAULT CHARSET=utf8 COLLATE=utf8_unicode_ci;
/*!40101 SET character_set_client = @saved_cs_client */;

--
-- Dumping data for table `groups`
--

LOCK TABLES `groups` WRITE;
/*!40000 ALTER TABLE `groups` DISABLE KEYS */;
INSERT INTO `groups` VALUES (1,'Cast',1,0,'2013-08-24 11:22:39','2013-08-24 11:22:39'),(2,'IAD',1,0,'2013-08-24 11:22:39','2013-08-24 11:22:39'),(3,'Wu',1,0,'2013-08-24 11:22:39','2013-08-24 11:22:39'),(4,'Group Hifi',1,0,'2013-08-24 11:22:39','2013-08-24 11:22:39'),(5,'Group A',1,0,'2013-08-24 11:22:39','2013-08-24 11:22:39'),(6,'Group B',1,0,'2013-08-24 11:22:39','2013-08-24 11:22:39'),(7,'FFI',1,1,'2013-08-24 11:22:39','2013-08-24 11:22:39'),(8,'VTO',1,1,'2013-08-24 11:22:39','2013-08-24 11:22:39'),(9,'1. Semester',2,1,'2013-08-24 11:22:39','2013-08-24 11:22:39');
/*!40000 ALTER TABLE `groups` ENABLE KEYS */;
UNLOCK TABLES;

--
-- Table structure for table `groups_users`
--

DROP TABLE IF EXISTS `groups_users`;
/*!40101 SET @saved_cs_client     = @@character_set_client */;
/*!40101 SET character_set_client = utf8 */;
CREATE TABLE `groups_users` (
  `user_id` int(11) DEFAULT NULL,
  `group_id` int(11) DEFAULT NULL,
  UNIQUE KEY `index_groups_users_on_user_id_and_group_id` (`user_id`,`group_id`),
  KEY `index_groups_users_on_group_id` (`group_id`)
) ENGINE=InnoDB DEFAULT CHARSET=utf8 COLLATE=utf8_unicode_ci;
/*!40101 SET character_set_client = @saved_cs_client */;

--
-- Dumping data for table `groups_users`
--

LOCK TABLES `groups_users` WRITE;
/*!40000 ALTER TABLE `groups_users` DISABLE KEYS */;
INSERT INTO `groups_users` VALUES (12,7),(12,8),(13,7),(14,7),(14,8),(15,7),(15,9),(16,7),(32,1),(34,1);
/*!40000 ALTER TABLE `groups_users` ENABLE KEYS */;
UNLOCK TABLES;

--
-- Table structure for table `histories`
--

DROP TABLE IF EXISTS `histories`;
/*!40101 SET @saved_cs_client     = @@character_set_client */;
/*!40101 SET character_set_client = utf8 */;
CREATE TABLE `histories` (
  `id` int(11) NOT NULL AUTO_INCREMENT,
  `text` varchar(255) COLLATE utf8_unicode_ci DEFAULT '',
  `type_const` int(11) DEFAULT NULL,
  `created_at` datetime NOT NULL,
  `target_id` int(11) NOT NULL,
  `target_type` varchar(255) COLLATE utf8_unicode_ci NOT NULL,
  `user_id` int(11) DEFAULT NULL,
  PRIMARY KEY (`id`),
  KEY `index_histories_on_target_type_and_target_id` (`target_type`,`target_id`),
  KEY `index_histories_on_type_const` (`type_const`),
  KEY `index_histories_on_user_id` (`user_id`)
) ENGINE=InnoDB AUTO_INCREMENT=15 DEFAULT CHARSET=utf8 COLLATE=utf8_unicode_ci;
/*!40101 SET character_set_client = @saved_cs_client */;

--
-- Dumping data for table `histories`
--

LOCK TABLES `histories` WRITE;
/*!40000 ALTER TABLE `histories` DISABLE KEYS */;
INSERT INTO `histories` VALUES (1,'Contract 14 has been signed by Makenzie Halvorson',1,'2013-08-24 11:22:39',14,'Contract',18),(2,'Contract 15 has been signed by Antwan Funk',1,'2013-08-24 11:22:39',15,'Contract',18),(3,'Contract 16 has been signed by Madison Tillman',1,'2013-08-24 11:22:39',16,'Contract',18),(4,'Contract 17 has been signed by Damien Kling',1,'2013-08-19 00:00:00',17,'Contract',18),(5,'Contract 20 has been signed by Aut dolores est autem doloribus libero.',1,'2013-08-24 11:22:39',20,'Contract',18),(6,'Contract 21 has been signed by Aut dolores est autem doloribus libero.',1,'2013-08-19 00:00:00',21,'Contract',18),(7,'Contract 34 has been signed by Normin N.',1,'2013-08-24 11:22:39',34,'Contract',18),(8,'Contract 35 has been signed by Normin N.',1,'2013-08-24 11:22:39',35,'Contract',18),(9,'Contract 36 has been signed by Normin N.',1,'2013-08-24 11:22:39',36,'Contract',18),(10,'Contract 37 has been signed by Normin N.',1,'2013-08-24 11:22:39',37,'Contract',18),(11,'Contract 38 has been signed by Normin N.',1,'2013-08-24 11:22:39',38,'Contract',18),(12,'Contract 39 has been signed by Normin N.',1,'2013-08-24 11:22:39',39,'Contract',18),(13,'Contract 43 has been signed by Petra K.',1,'2013-08-24 11:22:39',43,'Contract',18),(14,'Contract 47 has been signed by Lisa L.',1,'2013-08-19 00:00:00',47,'Contract',18);
/*!40000 ALTER TABLE `histories` ENABLE KEYS */;
UNLOCK TABLES;

--
-- Table structure for table `holidays`
--

DROP TABLE IF EXISTS `holidays`;
/*!40101 SET @saved_cs_client     = @@character_set_client */;
/*!40101 SET character_set_client = utf8 */;
CREATE TABLE `holidays` (
  `id` int(11) NOT NULL AUTO_INCREMENT,
  `inventory_pool_id` int(11) DEFAULT NULL,
  `start_date` date DEFAULT NULL,
  `end_date` date DEFAULT NULL,
  `name` varchar(255) COLLATE utf8_unicode_ci DEFAULT NULL,
  PRIMARY KEY (`id`),
  KEY `index_holidays_on_inventory_pool_id` (`inventory_pool_id`),
  KEY `index_holidays_on_start_date_and_end_date` (`start_date`,`end_date`)
) ENGINE=InnoDB AUTO_INCREMENT=5 DEFAULT CHARSET=utf8 COLLATE=utf8_unicode_ci;
/*!40101 SET character_set_client = @saved_cs_client */;

--
-- Dumping data for table `holidays`
--

LOCK TABLES `holidays` WRITE;
/*!40000 ALTER TABLE `holidays` DISABLE KEYS */;
INSERT INTO `holidays` VALUES (1,1,'2013-12-24','2013-12-24','Christmas'),(2,2,'2013-12-24','2013-12-24','Christmas'),(3,3,'2013-12-24','2013-12-24','Christmas'),(4,1,'2013-12-24','2013-12-24','Christmas');
/*!40000 ALTER TABLE `holidays` ENABLE KEYS */;
UNLOCK TABLES;

--
-- Table structure for table `images`
--

DROP TABLE IF EXISTS `images`;
/*!40101 SET @saved_cs_client     = @@character_set_client */;
/*!40101 SET character_set_client = utf8 */;
CREATE TABLE `images` (
  `id` int(11) NOT NULL AUTO_INCREMENT,
  `model_id` int(11) DEFAULT NULL,
  `is_main` tinyint(1) DEFAULT '0',
  `content_type` varchar(255) COLLATE utf8_unicode_ci DEFAULT NULL,
  `filename` varchar(255) COLLATE utf8_unicode_ci DEFAULT NULL,
  `size` int(11) DEFAULT NULL,
  `height` int(11) DEFAULT NULL,
  `width` int(11) DEFAULT NULL,
  `parent_id` int(11) DEFAULT NULL,
  `thumbnail` varchar(255) COLLATE utf8_unicode_ci DEFAULT NULL,
  PRIMARY KEY (`id`),
  KEY `index_images_on_model_id` (`model_id`)
) ENGINE=InnoDB AUTO_INCREMENT=4 DEFAULT CHARSET=utf8 COLLATE=utf8_unicode_ci;
/*!40101 SET character_set_client = @saved_cs_client */;

--
-- Dumping data for table `images`
--

LOCK TABLES `images` WRITE;
/*!40000 ALTER TABLE `images` DISABLE KEYS */;
INSERT INTO `images` VALUES (1,145,0,'image/jpeg','voluptas',NULL,NULL,NULL,NULL,NULL),(2,145,0,'image/jpeg','aut',NULL,NULL,NULL,NULL,NULL),(3,146,0,'image/jpeg','corrupti',NULL,NULL,NULL,NULL,NULL);
/*!40000 ALTER TABLE `images` ENABLE KEYS */;
UNLOCK TABLES;

--
-- Table structure for table `inventory_pools`
--

DROP TABLE IF EXISTS `inventory_pools`;
/*!40101 SET @saved_cs_client     = @@character_set_client */;
/*!40101 SET character_set_client = utf8 */;
CREATE TABLE `inventory_pools` (
  `id` int(11) NOT NULL AUTO_INCREMENT,
  `name` varchar(255) COLLATE utf8_unicode_ci DEFAULT NULL,
  `description` text COLLATE utf8_unicode_ci,
  `contact_details` varchar(255) COLLATE utf8_unicode_ci DEFAULT NULL,
  `contract_description` varchar(255) COLLATE utf8_unicode_ci DEFAULT NULL,
  `contract_url` varchar(255) COLLATE utf8_unicode_ci DEFAULT NULL,
  `logo_url` varchar(255) COLLATE utf8_unicode_ci DEFAULT NULL,
  `default_contract_note` text COLLATE utf8_unicode_ci,
  `shortname` varchar(255) COLLATE utf8_unicode_ci DEFAULT NULL,
  `email` varchar(255) COLLATE utf8_unicode_ci DEFAULT NULL,
  `color` text COLLATE utf8_unicode_ci,
  `print_contracts` tinyint(1) DEFAULT '1',
  `opening_hours` text COLLATE utf8_unicode_ci,
  `address_id` int(11) DEFAULT NULL,
  `automatic_suspension` tinyint(1) NOT NULL DEFAULT '0',
  `automatic_suspension_reason` text COLLATE utf8_unicode_ci,
  `automatic_access` tinyint(1) DEFAULT NULL,
  PRIMARY KEY (`id`),
  UNIQUE KEY `index_inventory_pools_on_name` (`name`)
) ENGINE=InnoDB AUTO_INCREMENT=15 DEFAULT CHARSET=utf8 COLLATE=utf8_unicode_ci;
/*!40101 SET character_set_client = @saved_cs_client */;

--
-- Dumping data for table `inventory_pools`
--

LOCK TABLES `inventory_pools` WRITE;
/*!40000 ALTER TABLE `inventory_pools` DISABLE KEYS */;
INSERT INTO `inventory_pools` VALUES (1,'A-Ausleihe','Wichtige Hinweise...\n Bitte die Gegenstnde rechtzeitig zurckbringen','A Verleih  /  ZHdK\nav@zh-dk.ch\n+41 00 00 00 00','Gert erhalten','av@zhdk.ch',NULL,'Officiis amet nisi veritatis aspernatur perspiciatis mollitia.','A','av@zhdk.ch',NULL,1,NULL,NULL,1,'Et exercitationem quis provident fugiat sapiente sit dolores.',NULL),(2,'IT-Ausleihe','Bringt die Gerte bitte rechtzeitig zurck','IT Verleih  /  ZHdK\nav@zh-dk.ch\n+41 00 00 00 00','Gert erhalten','it@zhdk.ch',NULL,NULL,'IT','it@zhdk.ch',NULL,1,NULL,NULL,1,'Cupiditate magnam est molestiae voluptatem necessitatibus neque.',NULL),(3,'AV-Technik','Bringt die Gerte bitte rechtzeitig zurck','AV Verleih  /  ZHdK\nav@zh-dk.ch\n+41 00 00 00 00','Gert erhalten','it@zhdk.ch',NULL,NULL,'AV','it@zhdk.ch',NULL,1,NULL,NULL,0,NULL,NULL),(4,'DT deletable','Bringt die Gerte bitte rechtzeitig zurck','AV Verleih  /  ZHdK\nav@zh-dk.ch\n+41 00 00 00 00','Gert erhalten','it@zhdk.ch',NULL,NULL,'DT','it@zhdk.ch',NULL,1,NULL,NULL,0,NULL,NULL),(5,'Autinventoredeseruntmodi','Minus qui eum consequatur.','Sed ut illum blanditiis fugit.','Autinventoredeseruntmodi','katelyn@bogisich.biz',NULL,NULL,'FPEPYV','katelyn@bogisich.biz',NULL,1,NULL,NULL,0,NULL,NULL),(6,'Praesentiumidconsequaturdolores','Voluptatibus aut nostrum consequatur hic consequuntur.','Nesciunt modi libero nulla sit ut voluptatem.','Praesentiumidconsequaturdolores','dakota@schumm.name',NULL,NULL,'1CZFZR','dakota@schumm.name',NULL,1,NULL,NULL,0,NULL,NULL),(7,'Isteetdebitiset','Quia consectetur quasi tempore doloribus quae sequi aperiam.','Cum optio voluptatibus et et odio asperiores velit aut.','Isteetdebitiset','rod_kuhlman@halvorson.info',NULL,NULL,'QZX6ZT','rod_kuhlman@halvorson.info',NULL,1,NULL,NULL,0,NULL,NULL),(8,'Utrerumquienim','Incidunt at voluptas impedit nostrum aut illo reprehenderit laudantium.','Sapiente est rem qui.','Utrerumquienim','jodie@torprunolfsdottir.info',NULL,NULL,'XOCN64','jodie@torprunolfsdottir.info',NULL,1,NULL,NULL,0,NULL,NULL),(9,'Quiaexpeditarecusandaeharum','Error quo temporibus similique totam autem omnis facere.','Natus commodi facilis ea doloribus.','Quiaexpeditarecusandaeharum','jerrod@hirthe.info',NULL,NULL,'DVKD82','jerrod@hirthe.info',NULL,1,NULL,NULL,0,NULL,NULL),(10,'Sapienteautestautem','Natus exercitationem pariatur deserunt est.','Velit occaecati eveniet vel accusantium aut voluptate vel.','Sapienteautestautem','twila@auer.info',NULL,NULL,'6KQ761','twila@auer.info',NULL,1,NULL,NULL,0,NULL,NULL),(11,'Etquaeratconsequaturdelectus','Aut modi tempore ut.','Dicta officiis alias aliquid illum.','Etquaeratconsequaturdelectus','randal@rowe.com',NULL,NULL,'KBV0FU','randal@rowe.com',NULL,1,NULL,NULL,0,NULL,NULL),(12,'Autquidemmagniaccusamus','Et soluta reiciendis molestiae in.','Id unde fugiat iure debitis quis.','Autquidemmagniaccusamus','bettye@davis.com',NULL,NULL,'NXAA4U','bettye@davis.com',NULL,1,NULL,NULL,0,NULL,NULL),(13,'Teneturnoncupiditatequas','Expedita ducimus cumque quos voluptatem fugiat odit animi.','Fuga eum eius non optio.','Teneturnoncupiditatequas','trevion@gloverlarson.biz',NULL,NULL,'1EI6QI','trevion@gloverlarson.biz',NULL,1,NULL,NULL,0,NULL,NULL),(14,'Eaetquammollitia','Velit commodi quia molestias consequatur.','Harum dolores corrupti est nulla.','Eaetquammollitia','ima@moriette.biz',NULL,NULL,'0BHL54','ima@moriette.biz',NULL,1,NULL,NULL,0,NULL,NULL);
/*!40000 ALTER TABLE `inventory_pools` ENABLE KEYS */;
UNLOCK TABLES;

--
-- Table structure for table `inventory_pools_model_groups`
--

DROP TABLE IF EXISTS `inventory_pools_model_groups`;
/*!40101 SET @saved_cs_client     = @@character_set_client */;
/*!40101 SET character_set_client = utf8 */;
CREATE TABLE `inventory_pools_model_groups` (
  `inventory_pool_id` int(11) DEFAULT NULL,
  `model_group_id` int(11) DEFAULT NULL,
  KEY `index_inventory_pools_model_groups_on_inventory_pool_id` (`inventory_pool_id`),
  KEY `index_inventory_pools_model_groups_on_model_group_id` (`model_group_id`)
) ENGINE=InnoDB DEFAULT CHARSET=utf8 COLLATE=utf8_unicode_ci;
/*!40101 SET character_set_client = @saved_cs_client */;

--
-- Dumping data for table `inventory_pools_model_groups`
--

LOCK TABLES `inventory_pools_model_groups` WRITE;
/*!40000 ALTER TABLE `inventory_pools_model_groups` DISABLE KEYS */;
INSERT INTO `inventory_pools_model_groups` VALUES (1,12),(1,13),(1,14);
/*!40000 ALTER TABLE `inventory_pools_model_groups` ENABLE KEYS */;
UNLOCK TABLES;

--
-- Table structure for table `items`
--

DROP TABLE IF EXISTS `items`;
/*!40101 SET @saved_cs_client     = @@character_set_client */;
/*!40101 SET character_set_client = utf8 */;
CREATE TABLE `items` (
  `id` int(11) NOT NULL AUTO_INCREMENT,
  `inventory_code` varchar(255) COLLATE utf8_unicode_ci DEFAULT NULL,
  `serial_number` varchar(255) COLLATE utf8_unicode_ci DEFAULT NULL,
  `model_id` int(11) DEFAULT NULL,
  `location_id` int(11) DEFAULT NULL,
  `supplier_id` int(11) DEFAULT NULL,
  `owner_id` int(11) DEFAULT NULL,
  `parent_id` int(11) DEFAULT NULL,
  `invoice_number` varchar(255) COLLATE utf8_unicode_ci DEFAULT NULL,
  `invoice_date` date DEFAULT NULL,
  `last_check` date DEFAULT NULL,
  `retired` date DEFAULT NULL,
  `retired_reason` varchar(255) COLLATE utf8_unicode_ci DEFAULT NULL,
  `price` decimal(8,2) DEFAULT NULL,
  `is_broken` tinyint(1) DEFAULT '0',
  `is_incomplete` tinyint(1) DEFAULT '0',
  `is_borrowable` tinyint(1) DEFAULT '0',
  `needs_permission` tinyint(1) DEFAULT '0',
  `inventory_pool_id` int(11) DEFAULT NULL,
  `is_inventory_relevant` tinyint(1) DEFAULT '0',
  `responsible` varchar(255) COLLATE utf8_unicode_ci DEFAULT NULL,
  `insurance_number` varchar(255) COLLATE utf8_unicode_ci DEFAULT NULL,
  `note` text COLLATE utf8_unicode_ci,
  `name` text COLLATE utf8_unicode_ci,
  `user_name` varchar(255) COLLATE utf8_unicode_ci DEFAULT NULL,
  `properties` varchar(2048) COLLATE utf8_unicode_ci DEFAULT NULL,
  `created_at` datetime DEFAULT NULL,
  `updated_at` datetime DEFAULT NULL,
  PRIMARY KEY (`id`),
  UNIQUE KEY `index_items_on_inventory_code` (`inventory_code`),
  KEY `index_items_on_inventory_pool_id` (`inventory_pool_id`),
  KEY `index_items_on_retired` (`retired`),
  KEY `index_items_on_is_borrowable` (`is_borrowable`),
  KEY `index_items_on_is_broken` (`is_broken`),
  KEY `index_items_on_is_incomplete` (`is_incomplete`),
  KEY `index_items_on_location_id` (`location_id`),
  KEY `index_items_on_owner_id` (`owner_id`),
  KEY `index_items_on_parent_id_and_retired` (`parent_id`,`retired`),
  KEY `index_items_on_model_id_and_retired_and_inventory_pool_id` (`model_id`,`retired`,`inventory_pool_id`)
) ENGINE=InnoDB AUTO_INCREMENT=284 DEFAULT CHARSET=utf8 COLLATE=utf8_unicode_ci;
/*!40101 SET character_set_client = @saved_cs_client */;

--
-- Dumping data for table `items`
--

LOCK TABLES `items` WRITE;
/*!40000 ALTER TABLE `items` DISABLE KEYS */;
INSERT INTO `items` VALUES (1,'q8wcpfcb0iuqvngb3oaa1','82:46:8f:93:00:94-8a:df:2d:00:c2:75-cb:3c:4c:7e:f2:46',1,1,1,6,NULL,NULL,'2009-07-09','2013-08-24',NULL,NULL,'1394.00',0,0,1,0,5,1,NULL,NULL,NULL,NULL,NULL,'--- !ruby/hash:ActiveSupport::HashWithIndifferentAccess\nanschaffungskategorie: AV-Technik\nreference: invoice\numzug: zgeln\nankunftszustand: intakt\n','2013-08-24 11:22:39','2013-08-24 11:22:39'),(2,'oxej9bchz0kolajepsmp2','2b:a4:85:34:1e:ee-40:f8:ce:92:db:6c-96:c0:7a:82:8b:fc',1,2,2,6,NULL,NULL,'2010-11-03','2013-08-24',NULL,NULL,'204.00',0,0,1,0,5,1,NULL,NULL,NULL,NULL,NULL,'--- !ruby/hash:ActiveSupport::HashWithIndifferentAccess\nanschaffungskategorie: AV-Technik\nreference: invoice\numzug: zgeln\nankunftszustand: intakt\n','2013-08-24 11:22:39','2013-08-24 11:22:39'),(3,'ez7jm573o96zvtf0kujt3','fa:ff:bf:da:1f:77-5a:22:30:5d:79:3b-3d:6d:19:de:2b:53',1,3,3,7,NULL,NULL,'2011-02-01','2013-08-24',NULL,NULL,'384.00',0,0,1,0,5,1,NULL,NULL,NULL,NULL,NULL,'--- !ruby/hash:ActiveSupport::HashWithIndifferentAccess\nanschaffungskategorie: AV-Technik\nreference: invoice\numzug: zgeln\nankunftszustand: intakt\n','2013-08-24 11:22:39','2013-08-24 11:22:39'),(4,'d3zfb46zd8v95jatk3u14','f1:f9:cb:a2:61:5c-18:1b:c8:9e:1e:e9-37:3b:44:08:b1:92',5,4,4,6,NULL,NULL,'2010-06-16','2013-08-24',NULL,NULL,'926.00',0,0,1,0,5,1,NULL,NULL,NULL,NULL,NULL,'--- !ruby/hash:ActiveSupport::HashWithIndifferentAccess\nanschaffungskategorie: AV-Technik\nreference: invoice\numzug: zgeln\nankunftszustand: intakt\n','2013-08-24 11:22:39','2013-08-24 11:22:39'),(5,'gitmhk5qodu4e4d7secj5','5c:16:a5:d9:58:b5-b0:b5:0a:08:87:15-5b:b9:17:4f:9f:be',5,5,5,8,NULL,NULL,'2012-04-11','2013-08-24',NULL,NULL,'1028.00',0,0,1,0,5,1,NULL,NULL,NULL,NULL,NULL,'--- !ruby/hash:ActiveSupport::HashWithIndifferentAccess\nanschaffungskategorie: AV-Technik\nreference: invoice\numzug: zgeln\nankunftszustand: intakt\n','2013-08-24 11:22:39','2013-08-24 11:22:39'),(6,'ftc36pkllxag6156qoqf6','a1:fd:99:ba:28:ca-73:25:1a:e5:c4:47-79:ce:dc:09:3b:93',5,6,6,9,NULL,NULL,'2011-11-21','2013-08-24',NULL,NULL,'330.00',0,0,1,0,5,1,NULL,NULL,NULL,NULL,NULL,'--- !ruby/hash:ActiveSupport::HashWithIndifferentAccess\nanschaffungskategorie: AV-Technik\nreference: invoice\numzug: zgeln\nankunftszustand: intakt\n','2013-08-24 11:22:39','2013-08-24 11:22:39'),(7,'n23pjt8mbzshx7fbesb17','41:f2:96:84:d6:73-b5:67:03:6b:a7:44-1b:3d:cc:f3:95:fa',9,7,7,4,NULL,NULL,'2008-02-24','2013-08-24',NULL,NULL,'1142.00',0,0,1,0,5,1,NULL,NULL,NULL,NULL,NULL,'--- !ruby/hash:ActiveSupport::HashWithIndifferentAccess\nanschaffungskategorie: AV-Technik\nreference: invoice\numzug: zgeln\nankunftszustand: intakt\n','2013-08-24 11:22:39','2013-08-24 11:22:39'),(8,'u7zfkw3x07h643ogzrhd8','a4:d2:01:fd:65:4d-8a:fc:c8:5f:26:2a-a2:d3:b7:a3:27:ea',9,8,8,10,NULL,NULL,'2008-10-26','2013-08-24',NULL,NULL,'250.00',0,0,1,0,5,1,NULL,NULL,NULL,NULL,NULL,'--- !ruby/hash:ActiveSupport::HashWithIndifferentAccess\nanschaffungskategorie: AV-Technik\nreference: invoice\numzug: zgeln\nankunftszustand: intakt\n','2013-08-24 11:22:39','2013-08-24 11:22:39'),(9,'9k5qokpg1odrmzk7g3zl9','57:cb:e0:eb:37:65-81:8c:87:86:8f:c5-31:63:70:12:dd:0b',9,9,9,9,NULL,NULL,'2009-11-24','2013-08-24',NULL,NULL,'495.00',0,0,1,0,5,1,NULL,NULL,NULL,NULL,NULL,'--- !ruby/hash:ActiveSupport::HashWithIndifferentAccess\nanschaffungskategorie: AV-Technik\nreference: invoice\numzug: zgeln\nankunftszustand: intakt\n','2013-08-24 11:22:39','2013-08-24 11:22:39'),(10,'jpsfwbafdegc5jiko1we10','e5:d0:65:c3:ee:cc-2d:4f:16:82:33:f9-98:3e:cb:cf:9e:d5',13,10,10,3,NULL,NULL,'2010-07-20','2013-08-24',NULL,NULL,'1381.00',0,0,1,0,11,1,NULL,NULL,NULL,NULL,NULL,'--- !ruby/hash:ActiveSupport::HashWithIndifferentAccess\nanschaffungskategorie: AV-Technik\nreference: invoice\numzug: zgeln\nankunftszustand: intakt\n','2013-08-24 11:22:39','2013-08-24 11:22:39'),(11,'ojta7s1knm627ive6obj11','36:95:f4:eb:7d:0b-b7:16:c1:f4:41:ca-46:9c:96:84:f9:29',13,11,11,9,NULL,NULL,'2011-10-23','2013-08-24',NULL,NULL,'892.00',0,0,1,0,11,1,NULL,NULL,NULL,NULL,NULL,'--- !ruby/hash:ActiveSupport::HashWithIndifferentAccess\nanschaffungskategorie: AV-Technik\nreference: invoice\numzug: zgeln\nankunftszustand: intakt\n','2013-08-24 11:22:39','2013-08-24 11:22:39'),(12,'rdei9u997ldu291rptyq12','74:52:4e:71:1b:cd-cd:54:7f:1a:5a:fc-d6:d9:25:33:86:5f',13,12,12,7,NULL,NULL,'2010-10-22','2013-08-24',NULL,NULL,'77.00',0,0,1,0,11,1,NULL,NULL,NULL,NULL,NULL,'--- !ruby/hash:ActiveSupport::HashWithIndifferentAccess\nanschaffungskategorie: AV-Technik\nreference: invoice\numzug: zgeln\nankunftszustand: intakt\n','2013-08-24 11:22:39','2013-08-24 11:22:39'),(13,'bj5gv2ftazi1n26pdmm913','54:64:57:5b:ca:37-54:25:f9:01:e4:d8-3b:01:f0:98:f1:80',17,13,13,6,NULL,NULL,'2012-10-26','2013-08-24',NULL,NULL,'1384.00',0,0,1,0,11,1,NULL,NULL,NULL,NULL,NULL,'--- !ruby/hash:ActiveSupport::HashWithIndifferentAccess\nanschaffungskategorie: AV-Technik\nreference: invoice\numzug: zgeln\nankunftszustand: intakt\n','2013-08-24 11:22:39','2013-08-24 11:22:39'),(14,'hhi6dtsd7x2npii3d3e514','94:4f:b2:ef:31:76-e9:28:50:7b:72:fc-79:7d:7d:de:42:ba',17,14,14,11,NULL,NULL,'2008-10-27','2013-08-24',NULL,NULL,'776.00',0,0,1,0,11,1,NULL,NULL,NULL,NULL,NULL,'--- !ruby/hash:ActiveSupport::HashWithIndifferentAccess\nanschaffungskategorie: AV-Technik\nreference: invoice\numzug: zgeln\nankunftszustand: intakt\n','2013-08-24 11:22:39','2013-08-24 11:22:39'),(15,'ppnp79hk0owrtbpslk7615','ae:bc:51:8a:d1:33-61:1a:6b:d5:e9:2c-6a:9d:99:34:ba:d2',17,15,15,1,NULL,NULL,'2008-09-07','2013-08-24',NULL,NULL,'144.00',0,0,1,0,11,1,NULL,NULL,NULL,NULL,NULL,'--- !ruby/hash:ActiveSupport::HashWithIndifferentAccess\nanschaffungskategorie: AV-Technik\nreference: invoice\numzug: zgeln\nankunftszustand: intakt\n','2013-08-24 11:22:39','2013-08-24 11:22:39'),(16,'ees55mths5cseq1jzzil16','10:49:91:4e:91:16-5a:ef:11:7a:19:45-55:6c:47:04:72:4c',21,16,16,5,NULL,NULL,'2008-01-03','2013-08-24',NULL,NULL,'1138.00',0,0,1,0,11,1,NULL,NULL,NULL,NULL,NULL,'--- !ruby/hash:ActiveSupport::HashWithIndifferentAccess\nanschaffungskategorie: AV-Technik\nreference: invoice\numzug: zgeln\nankunftszustand: intakt\n','2013-08-24 11:22:39','2013-08-24 11:22:39'),(17,'99xl18hklzrs5ysga5c617','fd:9f:93:f2:0b:0b-3e:03:9d:c4:29:94-2b:77:05:16:ee:bf',21,17,17,11,NULL,NULL,'2008-10-20','2013-08-24',NULL,NULL,'432.00',0,0,1,0,11,1,NULL,NULL,NULL,NULL,NULL,'--- !ruby/hash:ActiveSupport::HashWithIndifferentAccess\nanschaffungskategorie: AV-Technik\nreference: invoice\numzug: zgeln\nankunftszustand: intakt\n','2013-08-24 11:22:39','2013-08-24 11:22:39'),(18,'ydpvgnwkc4hsdjtqfb8118','c5:c9:9c:29:15:ff-d2:5d:c7:75:18:99-b5:b1:39:27:33:fd',21,18,18,7,NULL,NULL,'2009-01-09','2013-08-24',NULL,NULL,'1179.00',0,0,1,0,11,1,NULL,NULL,NULL,NULL,NULL,'--- !ruby/hash:ActiveSupport::HashWithIndifferentAccess\nanschaffungskategorie: AV-Technik\nreference: invoice\numzug: zgeln\nankunftszustand: intakt\n','2013-08-24 11:22:39','2013-08-24 11:22:39'),(19,'5s86j3vl71vn5sqjihru19','54:3c:db:20:10:df-78:78:6f:51:07:84-7b:02:68:50:c1:0d',25,19,19,7,NULL,NULL,'2008-02-09','2013-08-24',NULL,NULL,'1352.00',0,0,1,0,11,1,NULL,NULL,NULL,NULL,NULL,'--- !ruby/hash:ActiveSupport::HashWithIndifferentAccess\nanschaffungskategorie: AV-Technik\nreference: invoice\numzug: zgeln\nankunftszustand: intakt\n','2013-08-24 11:22:39','2013-08-24 11:22:39'),(20,'m7wjqzjmbt1yc668km5b20','48:93:97:d1:68:61-b0:d8:05:a1:41:3f-59:6c:e2:72:ac:ee',25,20,20,6,NULL,NULL,'2008-08-11','2013-08-24',NULL,NULL,'79.00',0,0,1,0,11,1,NULL,NULL,NULL,NULL,NULL,'--- !ruby/hash:ActiveSupport::HashWithIndifferentAccess\nanschaffungskategorie: AV-Technik\nreference: invoice\numzug: zgeln\nankunftszustand: intakt\n','2013-08-24 11:22:39','2013-08-24 11:22:39'),(21,'qgjvfkybg15haxsmh1k321','ba:0e:cc:18:3f:1a-82:00:d6:42:78:97-f1:89:1e:f7:76:71',25,21,21,3,NULL,NULL,'2008-11-11','2013-08-24',NULL,NULL,'1385.00',0,0,1,0,11,1,NULL,NULL,NULL,NULL,NULL,'--- !ruby/hash:ActiveSupport::HashWithIndifferentAccess\nanschaffungskategorie: AV-Technik\nreference: invoice\numzug: zgeln\nankunftszustand: intakt\n','2013-08-24 11:22:39','2013-08-24 11:22:39'),(22,'ruqt0bum24un8ody0u4u22','47:23:50:00:77:93-8e:1f:de:61:6e:d9-58:51:70:bc:b7:7c',29,22,22,3,NULL,NULL,'2012-07-25','2013-08-24',NULL,NULL,'353.00',0,0,1,0,11,1,NULL,NULL,NULL,NULL,NULL,'--- !ruby/hash:ActiveSupport::HashWithIndifferentAccess\nanschaffungskategorie: AV-Technik\nreference: invoice\numzug: zgeln\nankunftszustand: intakt\n','2013-08-24 11:22:39','2013-08-24 11:22:39'),(23,'n9rtjmo77logb81x9ek123','14:fd:1d:75:a6:41-12:05:11:c7:4f:7d-38:2c:ad:e7:56:aa',29,23,23,11,NULL,NULL,'2012-05-14','2013-08-24',NULL,NULL,'426.00',0,0,1,0,11,1,NULL,NULL,NULL,NULL,NULL,'--- !ruby/hash:ActiveSupport::HashWithIndifferentAccess\nanschaffungskategorie: AV-Technik\nreference: invoice\numzug: zgeln\nankunftszustand: intakt\n','2013-08-24 11:22:39','2013-08-24 11:22:39'),(24,'x5oeecj0rgqthb3kfydw24','41:07:67:0d:d5:07-8a:f5:76:23:19:51-e1:fb:48:87:fd:65',29,24,24,8,NULL,NULL,'2008-06-24','2013-08-24',NULL,NULL,'805.00',0,0,1,0,11,1,NULL,NULL,NULL,NULL,NULL,'--- !ruby/hash:ActiveSupport::HashWithIndifferentAccess\nanschaffungskategorie: AV-Technik\nreference: invoice\numzug: zgeln\nankunftszustand: intakt\n','2013-08-24 11:22:39','2013-08-24 11:22:39'),(25,'5si9mn2hapu3w3gjn4a925','65:7f:ee:84:df:ac-e5:c2:ca:b3:bb:0e-a5:8f:59:79:74:ad',33,25,25,3,NULL,NULL,'2012-05-27','2013-08-24',NULL,NULL,'81.00',0,0,1,0,11,1,NULL,NULL,NULL,NULL,NULL,'--- !ruby/hash:ActiveSupport::HashWithIndifferentAccess\nanschaffungskategorie: AV-Technik\nreference: invoice\numzug: zgeln\nankunftszustand: intakt\n','2013-08-24 11:22:39','2013-08-24 11:22:39'),(26,'ovmxxdjli571yjaml0b026','69:d0:39:07:65:29-7d:ca:e6:8e:f5:ab-25:ce:0c:03:2f:2b',33,26,26,10,NULL,NULL,'2008-08-25','2013-08-24',NULL,NULL,'1323.00',0,0,1,0,11,1,NULL,NULL,NULL,NULL,NULL,'--- !ruby/hash:ActiveSupport::HashWithIndifferentAccess\nanschaffungskategorie: AV-Technik\nreference: invoice\numzug: zgeln\nankunftszustand: intakt\n','2013-08-24 11:22:39','2013-08-24 11:22:39'),(27,'p0hm92pocqokn0ixd0mp27','67:24:87:67:b1:4c-6f:7e:3e:e5:6b:6b-48:a1:11:a6:94:f7',33,27,27,2,NULL,NULL,'2011-05-06','2013-08-24',NULL,NULL,'1028.00',0,0,1,0,11,1,NULL,NULL,NULL,NULL,NULL,'--- !ruby/hash:ActiveSupport::HashWithIndifferentAccess\nanschaffungskategorie: AV-Technik\nreference: invoice\numzug: zgeln\nankunftszustand: intakt\n','2013-08-24 11:22:39','2013-08-24 11:22:39'),(28,'4he8hyqko1ahd1c0burq28','39:23:99:43:5d:97-9f:4d:01:c4:97:14-ed:e6:39:72:58:76',37,28,28,5,NULL,NULL,'2012-01-06','2013-08-24',NULL,NULL,'7.00',0,0,1,0,1,1,NULL,NULL,NULL,NULL,NULL,'--- !ruby/hash:ActiveSupport::HashWithIndifferentAccess\nanschaffungskategorie: AV-Technik\nreference: invoice\numzug: zgeln\nankunftszustand: intakt\n','2013-08-24 11:22:39','2013-08-24 11:22:39'),(29,'jnlun9g0zyfo0rzx1ump29','17:5d:50:34:89:01-af:7d:f2:78:c0:66-09:c8:60:ac:a6:ce',37,29,29,8,NULL,NULL,'2009-09-19','2013-08-24',NULL,NULL,'1297.00',0,0,1,0,1,1,NULL,NULL,NULL,NULL,NULL,'--- !ruby/hash:ActiveSupport::HashWithIndifferentAccess\nanschaffungskategorie: AV-Technik\nreference: invoice\numzug: zgeln\nankunftszustand: intakt\n','2013-08-24 11:22:39','2013-08-24 11:22:39'),(30,'h5h6sphgcn0t8mvq9f7e30','a4:72:82:60:92:78-c7:27:d3:02:d9:e1-57:46:26:64:54:be',37,30,30,2,NULL,NULL,'2011-08-09','2013-08-24',NULL,NULL,'761.00',0,0,1,0,1,1,NULL,NULL,NULL,NULL,NULL,'--- !ruby/hash:ActiveSupport::HashWithIndifferentAccess\nanschaffungskategorie: AV-Technik\nreference: invoice\numzug: zgeln\nankunftszustand: intakt\n','2013-08-24 11:22:39','2013-08-24 11:22:39'),(31,'ihfguzdnuh5bk515p5yd31','21:10:eb:eb:3b:10-5e:53:d3:5a:a8:51-81:bb:f8:14:6b:11',41,31,31,11,NULL,NULL,'2012-03-12','2013-08-24',NULL,NULL,'1077.00',0,0,1,0,1,1,NULL,NULL,NULL,NULL,NULL,'--- !ruby/hash:ActiveSupport::HashWithIndifferentAccess\nanschaffungskategorie: AV-Technik\nreference: invoice\numzug: zgeln\nankunftszustand: intakt\n','2013-08-24 11:22:39','2013-08-24 11:22:39'),(32,'nydty82ue0x6covyrjxv32','3d:4c:69:62:a7:4b-33:37:79:12:20:67-06:96:f0:3a:90:55',41,32,32,4,NULL,NULL,'2009-03-25','2013-08-24',NULL,NULL,'606.00',0,0,1,0,1,1,NULL,NULL,NULL,NULL,NULL,'--- !ruby/hash:ActiveSupport::HashWithIndifferentAccess\nanschaffungskategorie: AV-Technik\nreference: invoice\numzug: zgeln\nankunftszustand: intakt\n','2013-08-24 11:22:39','2013-08-24 11:22:39'),(33,'7nsrqtmvoyrabzsfxu7933','23:15:8e:9a:54:22-ef:94:9a:2f:fc:2f-17:db:b2:bc:f1:4d',41,33,33,7,NULL,NULL,'2008-07-13','2013-08-24',NULL,NULL,'1441.00',0,0,1,0,1,1,NULL,NULL,NULL,NULL,NULL,'--- !ruby/hash:ActiveSupport::HashWithIndifferentAccess\nanschaffungskategorie: AV-Technik\nreference: invoice\numzug: zgeln\nankunftszustand: intakt\n','2013-08-24 11:22:39','2013-08-24 11:22:39'),(34,'22cpygdk4ob0t8tyli8c34','fb:4f:18:f2:35:a8-f4:68:5f:57:2d:8f-6b:e7:bd:32:c0:3a',45,34,34,7,NULL,NULL,'2012-10-11','2013-08-24',NULL,NULL,'659.00',0,0,1,0,1,1,NULL,NULL,NULL,NULL,NULL,'--- !ruby/hash:ActiveSupport::HashWithIndifferentAccess\nanschaffungskategorie: AV-Technik\nreference: invoice\numzug: zgeln\nankunftszustand: intakt\n','2013-08-24 11:22:39','2013-08-24 11:22:39'),(35,'uj7qdnb4jd2ayesw81mk35','7d:84:17:f6:93:59-70:d4:22:8e:7d:da-3f:a1:4c:db:b2:dc',45,35,35,11,NULL,NULL,'2011-06-03','2013-08-24',NULL,NULL,'1064.00',0,0,1,0,1,1,NULL,NULL,NULL,NULL,NULL,'--- !ruby/hash:ActiveSupport::HashWithIndifferentAccess\nanschaffungskategorie: AV-Technik\nreference: invoice\numzug: zgeln\nankunftszustand: intakt\n','2013-08-24 11:22:39','2013-08-24 11:22:39'),(36,'mpn8tbglqv83c9ru687o36','e2:0c:97:b0:7d:20-1b:d2:a8:5b:ab:b7-f6:6f:70:e8:19:63',45,36,36,5,NULL,NULL,'2009-05-06','2013-08-24',NULL,NULL,'1491.00',0,0,1,0,1,1,NULL,NULL,NULL,NULL,NULL,'--- !ruby/hash:ActiveSupport::HashWithIndifferentAccess\nanschaffungskategorie: AV-Technik\nreference: invoice\numzug: zgeln\nankunftszustand: intakt\n','2013-08-24 11:22:39','2013-08-24 11:22:39'),(37,'r6isqxa253lozu5qnf3z37','47:f0:9e:1b:c9:93-ba:0b:9b:e4:67:3e-41:8b:49:be:3a:15',49,37,37,9,NULL,NULL,'2008-01-10','2013-08-24',NULL,NULL,'422.00',0,0,1,0,1,1,NULL,NULL,NULL,NULL,NULL,'--- !ruby/hash:ActiveSupport::HashWithIndifferentAccess\nanschaffungskategorie: AV-Technik\nreference: invoice\numzug: zgeln\nankunftszustand: intakt\n','2013-08-24 11:22:39','2013-08-24 11:22:39'),(38,'piklapjkvjcj60309axc38','ed:c7:ef:51:d1:89-a9:2c:d6:e4:8a:9d-95:44:ca:0a:87:20',49,38,38,11,NULL,NULL,'2010-04-17','2013-08-24',NULL,NULL,'349.00',0,0,1,0,1,1,NULL,NULL,NULL,NULL,NULL,'--- !ruby/hash:ActiveSupport::HashWithIndifferentAccess\nanschaffungskategorie: AV-Technik\nreference: invoice\numzug: zgeln\nankunftszustand: intakt\n','2013-08-24 11:22:39','2013-08-24 11:22:39'),(39,'jlxod6hdiqfmwybk0vl939','ac:84:20:8a:21:d1-1b:83:76:04:4b:de-19:a7:3c:e4:ff:c2',49,39,39,5,NULL,NULL,'2008-02-06','2013-08-24',NULL,NULL,'693.00',0,0,1,0,1,1,NULL,NULL,NULL,NULL,NULL,'--- !ruby/hash:ActiveSupport::HashWithIndifferentAccess\nanschaffungskategorie: AV-Technik\nreference: invoice\numzug: zgeln\nankunftszustand: intakt\n','2013-08-24 11:22:39','2013-08-24 11:22:39'),(40,'book1','book1',53,40,40,2,NULL,NULL,'2008-02-28','2013-08-24',NULL,NULL,'57.00',0,0,1,0,2,1,NULL,NULL,NULL,NULL,NULL,'--- !ruby/hash:ActiveSupport::HashWithIndifferentAccess\nanschaffungskategorie: AV-Technik\nreference: invoice\numzug: zgeln\nankunftszustand: intakt\n','2013-08-24 11:22:39','2013-08-24 11:22:39'),(41,'book2','book2',53,40,41,2,NULL,NULL,'2009-12-26','2013-08-24',NULL,NULL,'1170.00',0,0,1,0,2,1,NULL,NULL,NULL,NULL,NULL,'--- !ruby/hash:ActiveSupport::HashWithIndifferentAccess\nanschaffungskategorie: AV-Technik\nreference: invoice\numzug: zgeln\nankunftszustand: intakt\n','2013-08-24 11:22:39','2013-08-24 11:22:39'),(42,'beam123','xyz456',54,41,42,1,NULL,NULL,'2010-05-08','2013-08-24',NULL,NULL,'778.00',0,0,1,0,1,1,NULL,NULL,NULL,'name123',NULL,'--- !ruby/hash:ActiveSupport::HashWithIndifferentAccess\nanschaffungskategorie: AV-Technik\nreference: invoice\numzug: zgeln\nankunftszustand: intakt\n','2013-08-24 11:22:39','2013-08-24 11:22:39'),(43,'beam345','xyz890',54,41,43,1,NULL,NULL,'2010-06-20','2013-08-24',NULL,NULL,'1147.00',0,0,1,0,1,1,NULL,NULL,NULL,NULL,NULL,'--- !ruby/hash:ActiveSupport::HashWithIndifferentAccess\nanschaffungskategorie: AV-Technik\nreference: invoice\numzug: zgeln\nankunftszustand: intakt\n','2013-08-24 11:22:39','2013-08-24 11:22:39'),(44,'beam678','xyz678',55,41,44,1,NULL,NULL,'2009-07-22','2013-08-24',NULL,NULL,'802.00',0,0,1,0,1,1,NULL,NULL,NULL,NULL,NULL,'--- !ruby/hash:ActiveSupport::HashWithIndifferentAccess\nanschaffungskategorie: AV-Technik\nreference: invoice\numzug: zgeln\nankunftszustand: intakt\n','2013-08-24 11:22:39','2013-08-24 11:22:39'),(45,'beam749','xyz749',54,41,45,1,NULL,NULL,'2012-06-21','2013-08-24',NULL,NULL,'1059.00',0,0,1,0,2,1,NULL,NULL,NULL,NULL,NULL,'--- !ruby/hash:ActiveSupport::HashWithIndifferentAccess\nanschaffungskategorie: AV-Technik\nreference: invoice\numzug: zgeln\nankunftszustand: intakt\n','2013-08-24 11:22:39','2013-08-24 11:22:39'),(46,'beamTest123','xyz749',57,41,46,1,NULL,NULL,'2012-12-27','2013-08-24',NULL,NULL,'1060.00',0,0,1,0,1,1,NULL,NULL,NULL,NULL,NULL,'--- !ruby/hash:ActiveSupport::HashWithIndifferentAccess\nanschaffungskategorie: AV-Technik\nreference: invoice\numzug: zgeln\nankunftszustand: intakt\n','2013-08-24 11:22:39','2013-08-24 11:22:39'),(47,'ucbeam1','minbeam1',58,41,47,1,NULL,NULL,'2010-05-27','2013-08-24',NULL,NULL,'749.00',0,0,1,0,1,1,NULL,NULL,NULL,'ucbeam1',NULL,'--- !ruby/hash:ActiveSupport::HashWithIndifferentAccess\nanschaffungskategorie: AV-Technik\nreference: invoice\numzug: zgeln\nankunftszustand: intakt\n','2013-08-24 11:22:39','2013-08-24 11:22:39'),(48,'microbeam1','microbeam1',59,41,48,1,NULL,NULL,'2011-04-21','2013-08-24',NULL,NULL,'1477.00',0,0,1,0,1,1,NULL,NULL,NULL,'microbeam1',NULL,'--- !ruby/hash:ActiveSupport::HashWithIndifferentAccess\nanschaffungskategorie: AV-Technik\nreference: invoice\numzug: zgeln\nankunftszustand: intakt\n','2013-08-24 11:22:39','2013-08-24 11:22:39'),(49,'mbeam1','mbeam1',60,41,49,1,NULL,NULL,'2010-09-22','2013-08-24',NULL,NULL,'1150.00',0,0,1,0,1,1,NULL,NULL,NULL,'mbeam1',NULL,'--- !ruby/hash:ActiveSupport::HashWithIndifferentAccess\nanschaffungskategorie: AV-Technik\nreference: invoice\numzug: zgeln\nankunftszustand: intakt\n','2013-08-24 11:22:39','2013-08-24 11:22:39'),(50,'mbeam2','mbeam2',61,41,50,1,NULL,NULL,'2009-03-05','2013-08-24',NULL,NULL,'348.00',0,0,1,0,1,1,NULL,NULL,NULL,'mbeam2',NULL,'--- !ruby/hash:ActiveSupport::HashWithIndifferentAccess\nanschaffungskategorie: AV-Technik\nreference: invoice\numzug: zgeln\nankunftszustand: intakt\n','2013-08-24 11:22:39','2013-08-24 11:22:39'),(51,'mbeam3','mbeam3',62,41,51,1,NULL,NULL,'2009-09-07','2013-08-24',NULL,NULL,'656.00',0,0,1,0,1,1,NULL,NULL,NULL,'mbeam3',NULL,'--- !ruby/hash:ActiveSupport::HashWithIndifferentAccess\nanschaffungskategorie: AV-Technik\nreference: invoice\numzug: zgeln\nankunftszustand: intakt\n','2013-08-24 11:22:39','2013-08-24 11:22:39'),(52,'mbeam4','mbeam4',63,41,52,1,NULL,NULL,'2010-03-11','2013-08-24',NULL,NULL,'1155.00',0,0,1,0,1,1,NULL,NULL,NULL,'mbeam4',NULL,'--- !ruby/hash:ActiveSupport::HashWithIndifferentAccess\nanschaffungskategorie: AV-Technik\nreference: invoice\numzug: zgeln\nankunftszustand: intakt\n','2013-08-24 11:22:39','2013-08-24 11:22:39'),(53,'mbeam5','mbeam5',64,41,53,1,NULL,NULL,'2009-09-04','2013-08-24',NULL,NULL,'615.00',0,0,1,0,1,1,NULL,NULL,NULL,'mbeam5',NULL,'--- !ruby/hash:ActiveSupport::HashWithIndifferentAccess\nanschaffungskategorie: AV-Technik\nreference: invoice\numzug: zgeln\nankunftszustand: intakt\n','2013-08-24 11:22:39','2013-08-24 11:22:39'),(54,'mbeam6','mbeam6',65,41,54,1,NULL,NULL,'2010-03-03','2013-08-24',NULL,NULL,'1216.00',0,0,1,0,1,1,NULL,NULL,NULL,'mbeam6',NULL,'--- !ruby/hash:ActiveSupport::HashWithIndifferentAccess\nanschaffungskategorie: AV-Technik\nreference: invoice\numzug: zgeln\nankunftszustand: intakt\n','2013-08-24 11:22:39','2013-08-24 11:22:39'),(55,'mbeam7','mbeam7',66,41,55,1,NULL,NULL,'2008-04-16','2013-08-24',NULL,NULL,'507.00',0,0,1,0,1,1,NULL,NULL,NULL,'mbeam7',NULL,'--- !ruby/hash:ActiveSupport::HashWithIndifferentAccess\nanschaffungskategorie: AV-Technik\nreference: invoice\numzug: zgeln\nankunftszustand: intakt\n','2013-08-24 11:22:39','2013-08-24 11:22:39'),(56,'mbeam8','mbeam8',67,41,56,1,NULL,NULL,'2010-06-26','2013-08-24',NULL,NULL,'803.00',0,0,1,0,1,1,NULL,NULL,NULL,'mbeam8',NULL,'--- !ruby/hash:ActiveSupport::HashWithIndifferentAccess\nanschaffungskategorie: AV-Technik\nreference: invoice\numzug: zgeln\nankunftszustand: intakt\n','2013-08-24 11:22:39','2013-08-24 11:22:39'),(57,'mbeam9','mbeam9',68,41,57,1,NULL,NULL,'2008-01-11','2013-08-24',NULL,NULL,'1340.00',0,0,1,0,1,1,NULL,NULL,NULL,'mbeam9',NULL,'--- !ruby/hash:ActiveSupport::HashWithIndifferentAccess\nanschaffungskategorie: AV-Technik\nreference: invoice\numzug: zgeln\nankunftszustand: intakt\n','2013-08-24 11:22:39','2013-08-24 11:22:39'),(58,'mbeam10','mbeam10',69,41,58,1,NULL,NULL,'2010-06-20','2013-08-24',NULL,NULL,'1218.00',0,0,1,0,1,1,NULL,NULL,NULL,'mbeam10',NULL,'--- !ruby/hash:ActiveSupport::HashWithIndifferentAccess\nanschaffungskategorie: AV-Technik\nreference: invoice\numzug: zgeln\nankunftszustand: intakt\n','2013-08-24 11:22:39','2013-08-24 11:22:39'),(59,'mbeam11','mbeam11',70,41,59,1,NULL,NULL,'2008-04-02','2013-08-24',NULL,NULL,'698.00',0,0,1,0,1,1,NULL,NULL,NULL,'mbeam11',NULL,'--- !ruby/hash:ActiveSupport::HashWithIndifferentAccess\nanschaffungskategorie: AV-Technik\nreference: invoice\numzug: zgeln\nankunftszustand: intakt\n','2013-08-24 11:22:39','2013-08-24 11:22:39'),(60,'mbeam12','mbeam12',71,41,60,1,NULL,NULL,'2011-01-22','2013-08-24',NULL,NULL,'1101.00',0,0,1,0,1,1,NULL,NULL,NULL,'mbeam12',NULL,'--- !ruby/hash:ActiveSupport::HashWithIndifferentAccess\nanschaffungskategorie: AV-Technik\nreference: invoice\numzug: zgeln\nankunftszustand: intakt\n','2013-08-24 11:22:39','2013-08-24 11:22:39'),(61,'mbeam13','mbeam13',72,41,61,1,NULL,NULL,'2009-02-26','2013-08-24',NULL,NULL,'1126.00',0,0,1,0,1,1,NULL,NULL,NULL,'mbeam13',NULL,'--- !ruby/hash:ActiveSupport::HashWithIndifferentAccess\nanschaffungskategorie: AV-Technik\nreference: invoice\numzug: zgeln\nankunftszustand: intakt\n','2013-08-24 11:22:39','2013-08-24 11:22:39'),(62,'mbeam14','mbeam14',73,41,62,1,NULL,NULL,'2011-06-15','2013-08-24',NULL,NULL,'1242.00',0,0,1,0,1,1,NULL,NULL,NULL,'mbeam14',NULL,'--- !ruby/hash:ActiveSupport::HashWithIndifferentAccess\nanschaffungskategorie: AV-Technik\nreference: invoice\numzug: zgeln\nankunftszustand: intakt\n','2013-08-24 11:22:39','2013-08-24 11:22:39'),(63,'mbeam15','mbeam15',74,41,63,1,NULL,NULL,'2009-09-21','2013-08-24',NULL,NULL,'842.00',0,0,1,0,1,1,NULL,NULL,NULL,'mbeam15',NULL,'--- !ruby/hash:ActiveSupport::HashWithIndifferentAccess\nanschaffungskategorie: AV-Technik\nreference: invoice\numzug: zgeln\nankunftszustand: intakt\n','2013-08-24 11:22:39','2013-08-24 11:22:39'),(64,'mbeam16','mbeam16',75,41,64,1,NULL,NULL,'2008-01-20','2013-08-24',NULL,NULL,'1164.00',0,0,1,0,1,1,NULL,NULL,NULL,'mbeam16',NULL,'--- !ruby/hash:ActiveSupport::HashWithIndifferentAccess\nanschaffungskategorie: AV-Technik\nreference: invoice\numzug: zgeln\nankunftszustand: intakt\n','2013-08-24 11:22:39','2013-08-24 11:22:39'),(65,'mbeam17','mbeam17',76,41,65,1,NULL,NULL,'2010-01-06','2013-08-24',NULL,NULL,'1417.00',0,0,1,0,1,1,NULL,NULL,NULL,'mbeam17',NULL,'--- !ruby/hash:ActiveSupport::HashWithIndifferentAccess\nanschaffungskategorie: AV-Technik\nreference: invoice\numzug: zgeln\nankunftszustand: intakt\n','2013-08-24 11:22:39','2013-08-24 11:22:39'),(66,'mbeam18','mbeam18',77,41,66,1,NULL,NULL,'2011-06-10','2013-08-24',NULL,NULL,'1318.00',0,0,1,0,1,1,NULL,NULL,NULL,'mbeam18',NULL,'--- !ruby/hash:ActiveSupport::HashWithIndifferentAccess\nanschaffungskategorie: AV-Technik\nreference: invoice\numzug: zgeln\nankunftszustand: intakt\n','2013-08-24 11:22:39','2013-08-24 11:22:39'),(67,'mbeam19','mbeam19',78,41,67,1,NULL,NULL,'2008-04-05','2013-08-24',NULL,NULL,'668.00',0,0,1,0,1,1,NULL,NULL,NULL,'mbeam19',NULL,'--- !ruby/hash:ActiveSupport::HashWithIndifferentAccess\nanschaffungskategorie: AV-Technik\nreference: invoice\numzug: zgeln\nankunftszustand: intakt\n','2013-08-24 11:22:39','2013-08-24 11:22:39'),(68,'mbeam20','mbeam20',79,41,68,1,NULL,NULL,'2011-07-13','2013-08-24',NULL,NULL,'1380.00',0,0,1,0,1,1,NULL,NULL,NULL,'mbeam20',NULL,'--- !ruby/hash:ActiveSupport::HashWithIndifferentAccess\nanschaffungskategorie: AV-Technik\nreference: invoice\numzug: zgeln\nankunftszustand: intakt\n','2013-08-24 11:22:39','2013-08-24 11:22:39'),(69,'cam123','abc234',80,41,69,1,NULL,NULL,'2008-09-06','2013-08-24',NULL,NULL,'193.00',0,0,1,0,1,1,NULL,NULL,NULL,NULL,NULL,'--- !ruby/hash:ActiveSupport::HashWithIndifferentAccess\nanschaffungskategorie: AV-Technik\nreference: invoice\numzug: zgeln\nankunftszustand: intakt\n','2013-08-24 11:22:39','2013-08-24 11:22:39'),(70,'cam345','ab567',80,41,70,1,NULL,NULL,'2012-01-11','2013-08-24',NULL,NULL,'723.00',0,0,1,0,1,1,NULL,NULL,NULL,NULL,NULL,'--- !ruby/hash:ActiveSupport::HashWithIndifferentAccess\nanschaffungskategorie: AV-Technik\nreference: invoice\numzug: zgeln\nankunftszustand: intakt\n','2013-08-24 11:22:39','2013-08-24 11:22:39'),(71,'cam567','ab789',80,41,71,1,NULL,NULL,'2008-12-04','2013-08-24',NULL,NULL,'368.00',0,0,1,0,1,1,NULL,NULL,NULL,NULL,NULL,'--- !ruby/hash:ActiveSupport::HashWithIndifferentAccess\nanschaffungskategorie: AV-Technik\nreference: invoice\numzug: zgeln\nankunftszustand: intakt\n','2013-08-24 11:22:39','2013-08-24 11:22:39'),(72,'cam53267','ab782129',80,41,72,1,NULL,NULL,'2010-06-08','2013-08-24',NULL,NULL,'920.00',0,0,1,0,1,1,NULL,NULL,NULL,NULL,NULL,'--- !ruby/hash:ActiveSupport::HashWithIndifferentAccess\nanschaffungskategorie: AV-Technik\nreference: invoice\numzug: zgeln\nankunftszustand: intakt\n','2013-08-24 11:22:39','2013-08-24 11:22:39'),(73,'cam532asd67','ab78as2129',80,41,73,1,NULL,NULL,'2012-05-01','2013-08-24',NULL,NULL,'408.00',0,0,1,0,1,1,NULL,NULL,NULL,NULL,NULL,'--- !ruby/hash:ActiveSupport::HashWithIndifferentAccess\nanschaffungskategorie: AV-Technik\nreference: invoice\numzug: zgeln\nankunftszustand: intakt\n','2013-08-24 11:22:39','2013-08-24 11:22:39'),(74,'mcam1','mcam1',81,41,74,1,NULL,NULL,'2012-02-26','2013-08-24',NULL,NULL,'1401.00',0,0,1,0,1,1,NULL,NULL,NULL,'mcam1',NULL,'--- !ruby/hash:ActiveSupport::HashWithIndifferentAccess\nanschaffungskategorie: AV-Technik\nreference: invoice\numzug: zgeln\nankunftszustand: intakt\n','2013-08-24 11:22:39','2013-08-24 11:22:39'),(75,'mcam2','mcam2',82,41,75,1,NULL,NULL,'2012-11-06','2013-08-24',NULL,NULL,'535.00',0,0,1,0,1,1,NULL,NULL,NULL,'mcam2',NULL,'--- !ruby/hash:ActiveSupport::HashWithIndifferentAccess\nanschaffungskategorie: AV-Technik\nreference: invoice\numzug: zgeln\nankunftszustand: intakt\n','2013-08-24 11:22:39','2013-08-24 11:22:39'),(76,'mcam3','mcam3',83,41,76,1,NULL,NULL,'2011-01-19','2013-08-24',NULL,NULL,'352.00',0,0,1,0,1,1,NULL,NULL,NULL,'mcam3',NULL,'--- !ruby/hash:ActiveSupport::HashWithIndifferentAccess\nanschaffungskategorie: AV-Technik\nreference: invoice\numzug: zgeln\nankunftszustand: intakt\n','2013-08-24 11:22:39','2013-08-24 11:22:39'),(77,'mcam4','mcam4',84,41,77,1,NULL,NULL,'2009-09-22','2013-08-24',NULL,NULL,'401.00',0,0,1,0,1,1,NULL,NULL,NULL,'mcam4',NULL,'--- !ruby/hash:ActiveSupport::HashWithIndifferentAccess\nanschaffungskategorie: AV-Technik\nreference: invoice\numzug: zgeln\nankunftszustand: intakt\n','2013-08-24 11:22:39','2013-08-24 11:22:39'),(78,'mcam5','mcam5',85,41,78,1,NULL,NULL,'2008-12-16','2013-08-24',NULL,NULL,'1030.00',0,0,1,0,1,1,NULL,NULL,NULL,'mcam5',NULL,'--- !ruby/hash:ActiveSupport::HashWithIndifferentAccess\nanschaffungskategorie: AV-Technik\nreference: invoice\numzug: zgeln\nankunftszustand: intakt\n','2013-08-24 11:22:39','2013-08-24 11:22:39'),(79,'mcam6','mcam6',86,41,79,1,NULL,NULL,'2012-07-21','2013-08-24',NULL,NULL,'800.00',0,0,1,0,1,1,NULL,NULL,NULL,'mcam6',NULL,'--- !ruby/hash:ActiveSupport::HashWithIndifferentAccess\nanschaffungskategorie: AV-Technik\nreference: invoice\numzug: zgeln\nankunftszustand: intakt\n','2013-08-24 11:22:39','2013-08-24 11:22:39'),(80,'mcam7','mcam7',87,41,80,1,NULL,NULL,'2012-10-03','2013-08-24',NULL,NULL,'333.00',0,0,1,0,1,1,NULL,NULL,NULL,'mcam7',NULL,'--- !ruby/hash:ActiveSupport::HashWithIndifferentAccess\nanschaffungskategorie: AV-Technik\nreference: invoice\numzug: zgeln\nankunftszustand: intakt\n','2013-08-24 11:22:39','2013-08-24 11:22:39'),(81,'mcam8','mcam8',88,41,81,1,NULL,NULL,'2008-07-01','2013-08-24',NULL,NULL,'1359.00',0,0,1,0,1,1,NULL,NULL,NULL,'mcam8',NULL,'--- !ruby/hash:ActiveSupport::HashWithIndifferentAccess\nanschaffungskategorie: AV-Technik\nreference: invoice\numzug: zgeln\nankunftszustand: intakt\n','2013-08-24 11:22:39','2013-08-24 11:22:39'),(82,'mcam9','mcam9',89,41,82,1,NULL,NULL,'2008-04-17','2013-08-24',NULL,NULL,'359.00',0,0,1,0,1,1,NULL,NULL,NULL,'mcam9',NULL,'--- !ruby/hash:ActiveSupport::HashWithIndifferentAccess\nanschaffungskategorie: AV-Technik\nreference: invoice\numzug: zgeln\nankunftszustand: intakt\n','2013-08-24 11:22:39','2013-08-24 11:22:39'),(83,'mcam10','mcam10',90,41,83,1,NULL,NULL,'2008-05-23','2013-08-24',NULL,NULL,'1082.00',0,0,1,0,1,1,NULL,NULL,NULL,'mcam10',NULL,'--- !ruby/hash:ActiveSupport::HashWithIndifferentAccess\nanschaffungskategorie: AV-Technik\nreference: invoice\numzug: zgeln\nankunftszustand: intakt\n','2013-08-24 11:22:39','2013-08-24 11:22:39'),(84,'mcam11','mcam11',91,41,84,1,NULL,NULL,'2012-06-13','2013-08-24',NULL,NULL,'1012.00',0,0,1,0,1,1,NULL,NULL,NULL,'mcam11',NULL,'--- !ruby/hash:ActiveSupport::HashWithIndifferentAccess\nanschaffungskategorie: AV-Technik\nreference: invoice\numzug: zgeln\nankunftszustand: intakt\n','2013-08-24 11:22:39','2013-08-24 11:22:39'),(85,'mcam12','mcam12',92,41,85,1,NULL,NULL,'2009-04-19','2013-08-24',NULL,NULL,'1146.00',0,0,1,0,1,1,NULL,NULL,NULL,'mcam12',NULL,'--- !ruby/hash:ActiveSupport::HashWithIndifferentAccess\nanschaffungskategorie: AV-Technik\nreference: invoice\numzug: zgeln\nankunftszustand: intakt\n','2013-08-24 11:22:39','2013-08-24 11:22:39'),(86,'mcam13','mcam13',93,41,86,1,NULL,NULL,'2010-05-14','2013-08-24',NULL,NULL,'532.00',0,0,1,0,1,1,NULL,NULL,NULL,'mcam13',NULL,'--- !ruby/hash:ActiveSupport::HashWithIndifferentAccess\nanschaffungskategorie: AV-Technik\nreference: invoice\numzug: zgeln\nankunftszustand: intakt\n','2013-08-24 11:22:39','2013-08-24 11:22:39'),(87,'mcam14','mcam14',94,41,87,1,NULL,NULL,'2009-06-11','2013-08-24',NULL,NULL,'1458.00',0,0,1,0,1,1,NULL,NULL,NULL,'mcam14',NULL,'--- !ruby/hash:ActiveSupport::HashWithIndifferentAccess\nanschaffungskategorie: AV-Technik\nreference: invoice\numzug: zgeln\nankunftszustand: intakt\n','2013-08-24 11:22:39','2013-08-24 11:22:39'),(88,'mcam15','mcam15',95,41,88,1,NULL,NULL,'2011-09-01','2013-08-24',NULL,NULL,'670.00',0,0,1,0,1,1,NULL,NULL,NULL,'mcam15',NULL,'--- !ruby/hash:ActiveSupport::HashWithIndifferentAccess\nanschaffungskategorie: AV-Technik\nreference: invoice\numzug: zgeln\nankunftszustand: intakt\n','2013-08-24 11:22:39','2013-08-24 11:22:39'),(89,'mcam16','mcam16',96,41,89,1,NULL,NULL,'2008-06-07','2013-08-24',NULL,NULL,'577.00',0,0,1,0,1,1,NULL,NULL,NULL,'mcam16',NULL,'--- !ruby/hash:ActiveSupport::HashWithIndifferentAccess\nanschaffungskategorie: AV-Technik\nreference: invoice\numzug: zgeln\nankunftszustand: intakt\n','2013-08-24 11:22:39','2013-08-24 11:22:39'),(90,'mcam17','mcam17',97,41,90,1,NULL,NULL,'2008-10-20','2013-08-24',NULL,NULL,'1222.00',0,0,1,0,1,1,NULL,NULL,NULL,'mcam17',NULL,'--- !ruby/hash:ActiveSupport::HashWithIndifferentAccess\nanschaffungskategorie: AV-Technik\nreference: invoice\numzug: zgeln\nankunftszustand: intakt\n','2013-08-24 11:22:39','2013-08-24 11:22:39'),(91,'mcam18','mcam18',98,41,91,1,NULL,NULL,'2008-09-09','2013-08-24',NULL,NULL,'432.00',0,0,1,0,1,1,NULL,NULL,NULL,'mcam18',NULL,'--- !ruby/hash:ActiveSupport::HashWithIndifferentAccess\nanschaffungskategorie: AV-Technik\nreference: invoice\numzug: zgeln\nankunftszustand: intakt\n','2013-08-24 11:22:39','2013-08-24 11:22:39'),(92,'mcam19','mcam19',99,41,92,1,NULL,NULL,'2011-09-19','2013-08-24',NULL,NULL,'104.00',0,0,1,0,1,1,NULL,NULL,NULL,'mcam19',NULL,'--- !ruby/hash:ActiveSupport::HashWithIndifferentAccess\nanschaffungskategorie: AV-Technik\nreference: invoice\numzug: zgeln\nankunftszustand: intakt\n','2013-08-24 11:22:39','2013-08-24 11:22:39'),(93,'mcam20','mcam20',100,41,93,1,NULL,NULL,'2008-08-07','2013-08-24',NULL,NULL,'46.00',0,0,1,0,1,1,NULL,NULL,NULL,'mcam20',NULL,'--- !ruby/hash:ActiveSupport::HashWithIndifferentAccess\nanschaffungskategorie: AV-Technik\nreference: invoice\numzug: zgeln\nankunftszustand: intakt\n','2013-08-24 11:22:39','2013-08-24 11:22:39'),(94,'mcam21','mcam21',101,41,94,1,NULL,NULL,'2011-06-07','2013-08-24',NULL,NULL,'779.00',0,0,1,0,1,1,NULL,NULL,NULL,'mcam21',NULL,'--- !ruby/hash:ActiveSupport::HashWithIndifferentAccess\nanschaffungskategorie: AV-Technik\nreference: invoice\numzug: zgeln\nankunftszustand: intakt\n','2013-08-24 11:22:39','2013-08-24 11:22:39'),(95,'mcam22','mcam22',102,41,95,1,NULL,NULL,'2008-06-06','2013-08-24',NULL,NULL,'948.00',0,0,1,0,1,1,NULL,NULL,NULL,'mcam22',NULL,'--- !ruby/hash:ActiveSupport::HashWithIndifferentAccess\nanschaffungskategorie: AV-Technik\nreference: invoice\numzug: zgeln\nankunftszustand: intakt\n','2013-08-24 11:22:39','2013-08-24 11:22:39'),(96,'mcam23','mcam23',103,41,96,1,NULL,NULL,'2011-08-10','2013-08-24',NULL,NULL,'1074.00',0,0,1,0,1,1,NULL,NULL,NULL,'mcam23',NULL,'--- !ruby/hash:ActiveSupport::HashWithIndifferentAccess\nanschaffungskategorie: AV-Technik\nreference: invoice\numzug: zgeln\nankunftszustand: intakt\n','2013-08-24 11:22:39','2013-08-24 11:22:39'),(97,'mcam24','mcam24',104,41,97,1,NULL,NULL,'2009-01-22','2013-08-24',NULL,NULL,'1470.00',0,0,1,0,1,1,NULL,NULL,NULL,'mcam24',NULL,'--- !ruby/hash:ActiveSupport::HashWithIndifferentAccess\nanschaffungskategorie: AV-Technik\nreference: invoice\numzug: zgeln\nankunftszustand: intakt\n','2013-08-24 11:22:39','2013-08-24 11:22:39'),(98,'mcam25','mcam25',105,41,98,1,NULL,NULL,'2010-04-29','2013-08-24',NULL,NULL,'233.00',0,0,1,0,1,1,NULL,NULL,NULL,'mcam25',NULL,'--- !ruby/hash:ActiveSupport::HashWithIndifferentAccess\nanschaffungskategorie: AV-Technik\nreference: invoice\numzug: zgeln\nankunftszustand: intakt\n','2013-08-24 11:22:39','2013-08-24 11:22:39'),(99,'mcam26','mcam26',106,41,99,1,NULL,NULL,'2009-06-17','2013-08-24',NULL,NULL,'1460.00',0,0,1,0,1,1,NULL,NULL,NULL,'mcam26',NULL,'--- !ruby/hash:ActiveSupport::HashWithIndifferentAccess\nanschaffungskategorie: AV-Technik\nreference: invoice\numzug: zgeln\nankunftszustand: intakt\n','2013-08-24 11:22:39','2013-08-24 11:22:39'),(100,'mcam27','mcam27',107,41,100,1,NULL,NULL,'2009-06-21','2013-08-24',NULL,NULL,'520.00',0,0,1,0,1,1,NULL,NULL,NULL,'mcam27',NULL,'--- !ruby/hash:ActiveSupport::HashWithIndifferentAccess\nanschaffungskategorie: AV-Technik\nreference: invoice\numzug: zgeln\nankunftszustand: intakt\n','2013-08-24 11:22:39','2013-08-24 11:22:39'),(101,'mcam28','mcam28',108,41,101,1,NULL,NULL,'2008-07-22','2013-08-24',NULL,NULL,'105.00',0,0,1,0,1,1,NULL,NULL,NULL,'mcam28',NULL,'--- !ruby/hash:ActiveSupport::HashWithIndifferentAccess\nanschaffungskategorie: AV-Technik\nreference: invoice\numzug: zgeln\nankunftszustand: intakt\n','2013-08-24 11:22:39','2013-08-24 11:22:39'),(102,'mcam29','mcam29',109,41,102,1,NULL,NULL,'2012-12-26','2013-08-24',NULL,NULL,'783.00',0,0,1,0,1,1,NULL,NULL,NULL,'mcam29',NULL,'--- !ruby/hash:ActiveSupport::HashWithIndifferentAccess\nanschaffungskategorie: AV-Technik\nreference: invoice\numzug: zgeln\nankunftszustand: intakt\n','2013-08-24 11:22:39','2013-08-24 11:22:39'),(103,'mcam30','mcam30',110,41,103,1,NULL,NULL,'2011-09-15','2013-08-24',NULL,NULL,'1181.00',0,0,1,0,1,1,NULL,NULL,NULL,'mcam30',NULL,'--- !ruby/hash:ActiveSupport::HashWithIndifferentAccess\nanschaffungskategorie: AV-Technik\nreference: invoice\numzug: zgeln\nankunftszustand: intakt\n','2013-08-24 11:22:39','2013-08-24 11:22:39'),(104,'hifi123','hifi123',111,41,104,1,NULL,NULL,'2011-05-25','2013-08-24',NULL,NULL,'194.00',0,0,1,0,1,1,NULL,NULL,NULL,NULL,NULL,'--- !ruby/hash:ActiveSupport::HashWithIndifferentAccess\nanschaffungskategorie: AV-Technik\nreference: invoice\numzug: zgeln\nankunftszustand: intakt\n','2013-08-24 11:22:39','2013-08-24 11:22:39'),(105,'tri789','fgh567',112,41,105,1,NULL,NULL,'2009-07-27','2013-08-24',NULL,NULL,'1128.00',0,0,1,0,1,1,NULL,NULL,NULL,NULL,NULL,'--- !ruby/hash:ActiveSupport::HashWithIndifferentAccess\nanschaffungskategorie: AV-Technik\nreference: invoice\numzug: zgeln\nankunftszustand: intakt\n','2013-08-24 11:22:39','2013-08-24 11:22:39'),(106,'tri123','fgh987',112,41,106,1,NULL,NULL,'2011-03-15','2013-08-24',NULL,NULL,'120.00',0,0,1,0,1,1,NULL,NULL,NULL,NULL,NULL,'--- !ruby/hash:ActiveSupport::HashWithIndifferentAccess\nanschaffungskategorie: AV-Technik\nreference: invoice\numzug: zgeln\nankunftszustand: intakt\n','2013-08-24 11:22:39','2013-08-24 11:22:39'),(107,'tri923','asd213',112,41,107,1,NULL,NULL,'2010-04-07','2013-08-24',NULL,NULL,'883.00',0,0,1,0,1,1,NULL,NULL,NULL,NULL,NULL,'--- !ruby/hash:ActiveSupport::HashWithIndifferentAccess\nanschaffungskategorie: AV-Technik\nreference: invoice\numzug: zgeln\nankunftszustand: intakt\n','2013-08-24 11:22:39','2013-08-24 11:22:39'),(108,'tri212','tri212',112,41,108,1,NULL,NULL,'2008-07-17','2013-08-24',NULL,NULL,'57.00',0,0,1,0,1,1,NULL,NULL,NULL,NULL,NULL,'--- !ruby/hash:ActiveSupport::HashWithIndifferentAccess\nanschaffungskategorie: AV-Technik\nreference: invoice\numzug: zgeln\nankunftszustand: intakt\n','2013-08-24 11:22:39','2013-08-24 11:22:39'),(109,'7n55yt','ra7mq8',114,41,109,1,NULL,NULL,'2012-03-19','2013-08-24',NULL,NULL,'1443.00',0,0,1,0,1,1,NULL,NULL,NULL,NULL,NULL,'--- !ruby/hash:ActiveSupport::HashWithIndifferentAccess\nanschaffungskategorie: AV-Technik\nreference: invoice\numzug: zgeln\nankunftszustand: intakt\n','2013-08-24 11:22:39','2013-08-24 11:22:39'),(110,'ogye3c8z1v3pbg168hcs40','a3:f5:6f:4a:e3:8f-63:79:52:76:9a:4c-58:7e:0b:6b:81:db',115,42,110,1,NULL,NULL,'2011-04-06','2013-08-24',NULL,NULL,'31.00',0,0,1,0,1,1,NULL,NULL,NULL,NULL,NULL,'--- !ruby/hash:ActiveSupport::HashWithIndifferentAccess\nanschaffungskategorie: AV-Technik\nreference: invoice\numzug: zgeln\nankunftszustand: intakt\n','2013-08-24 11:22:39','2013-08-24 11:22:39'),(111,'30r3n9pico32a2oyrzjf41','1f:f4:81:d2:d9:e3-4d:4b:48:db:c0:39-9e:47:45:89:b0:4d',117,42,111,1,110,NULL,'2008-04-11','2013-08-24',NULL,NULL,'737.00',0,0,1,0,1,1,NULL,NULL,NULL,NULL,NULL,'--- !ruby/hash:ActiveSupport::HashWithIndifferentAccess\nanschaffungskategorie: AV-Technik\nreference: invoice\numzug: zgeln\nankunftszustand: intakt\n','2013-08-24 11:22:39','2013-08-24 11:22:39'),(112,'v3yl0c88uoe3fexwaayx42','84:b9:d2:73:fc:12-32:a1:1c:01:c6:ab-1f:b7:0b:b0:66:bc',118,42,112,1,110,NULL,'2008-12-26','2013-08-24',NULL,NULL,'1305.00',0,0,1,0,1,1,NULL,NULL,NULL,NULL,NULL,'--- !ruby/hash:ActiveSupport::HashWithIndifferentAccess\nanschaffungskategorie: AV-Technik\nreference: invoice\numzug: zgeln\nankunftszustand: intakt\n','2013-08-24 11:22:39','2013-08-24 11:22:39'),(113,'7ckzlsj6m1l0pxeqgcbn43','3f:17:9e:1a:ad:22-11:19:ac:d3:cc:3a-61:34:0b:29:1b:88',119,42,113,1,110,NULL,'2011-05-15','2013-08-24',NULL,NULL,'1261.00',0,0,1,0,1,1,NULL,NULL,NULL,NULL,NULL,'--- !ruby/hash:ActiveSupport::HashWithIndifferentAccess\nanschaffungskategorie: AV-Technik\nreference: invoice\numzug: zgeln\nankunftszustand: intakt\n','2013-08-24 11:22:39','2013-08-24 11:22:39'),(114,'5sij4kj412x7pcab1idn44','4f:7a:95:44:1c:26-07:54:a0:ef:39:c4-29:78:92:f9:46:ed',115,46,114,1,NULL,NULL,'2009-01-26','2013-08-24',NULL,NULL,'1263.00',0,0,1,0,1,1,NULL,NULL,NULL,NULL,NULL,'--- !ruby/hash:ActiveSupport::HashWithIndifferentAccess\nanschaffungskategorie: AV-Technik\nreference: invoice\numzug: zgeln\nankunftszustand: intakt\n','2013-08-24 11:22:39','2013-08-24 11:22:39'),(115,'4ac9wwo5q4zkjnywyn8245','60:c6:36:6d:2a:fc-cb:14:da:64:de:a3-35:31:c3:3d:ec:6c',121,46,115,1,114,NULL,'2010-11-11','2013-08-24',NULL,NULL,'355.00',0,0,1,0,1,1,NULL,NULL,NULL,NULL,NULL,'--- !ruby/hash:ActiveSupport::HashWithIndifferentAccess\nanschaffungskategorie: AV-Technik\nreference: invoice\numzug: zgeln\nankunftszustand: intakt\n','2013-08-24 11:22:39','2013-08-24 11:22:39'),(116,'j210evrvts9ew8ocx33m46','61:a1:2c:89:eb:17-b6:ce:09:9b:1c:c4-ea:c8:97:68:a3:cc',122,46,116,1,114,NULL,'2012-07-21','2013-08-24',NULL,NULL,'121.00',0,0,1,0,1,1,NULL,NULL,NULL,NULL,NULL,'--- !ruby/hash:ActiveSupport::HashWithIndifferentAccess\nanschaffungskategorie: AV-Technik\nreference: invoice\numzug: zgeln\nankunftszustand: intakt\n','2013-08-24 11:22:39','2013-08-24 11:22:39'),(117,'fxojpvn6pijdm5zl0x2d47','d6:bc:91:1f:70:3a-45:8c:65:e4:75:e7-00:38:73:c9:3a:65',123,46,117,1,114,NULL,'2010-04-08','2013-08-24',NULL,NULL,'357.00',0,0,1,0,1,1,NULL,NULL,NULL,NULL,NULL,'--- !ruby/hash:ActiveSupport::HashWithIndifferentAccess\nanschaffungskategorie: AV-Technik\nreference: invoice\numzug: zgeln\nankunftszustand: intakt\n','2013-08-24 11:22:39','2013-08-24 11:22:39'),(118,'rzen62ijwf7w5l30eczr48','85:aa:f4:e2:1b:d0-85:46:f0:48:00:93-8d:fe:4c:bb:db:41',115,50,118,1,NULL,NULL,'2010-08-01','2013-08-24',NULL,NULL,'262.00',0,0,1,0,1,1,NULL,NULL,NULL,NULL,NULL,'--- !ruby/hash:ActiveSupport::HashWithIndifferentAccess\nanschaffungskategorie: AV-Technik\nreference: invoice\numzug: zgeln\nankunftszustand: intakt\n','2013-08-24 11:22:39','2013-08-24 11:22:39'),(119,'kdbsrv048vmi7bi6n3ai49','4d:28:4a:65:44:80-18:79:08:47:73:d2-6d:d4:ee:36:cb:ea',125,50,119,1,118,NULL,'2010-09-30','2013-08-24',NULL,NULL,'1090.00',0,0,1,0,1,1,NULL,NULL,NULL,NULL,NULL,'--- !ruby/hash:ActiveSupport::HashWithIndifferentAccess\nanschaffungskategorie: AV-Technik\nreference: invoice\numzug: zgeln\nankunftszustand: intakt\n','2013-08-24 11:22:39','2013-08-24 11:22:39'),(120,'ex0xoxa6m3wwm5btsan050','1e:09:cd:fb:7f:cd-3b:d9:66:9a:d0:60-53:ed:ef:6d:65:e4',126,50,120,1,118,NULL,'2010-08-20','2013-08-24',NULL,NULL,'1145.00',0,0,1,0,1,1,NULL,NULL,NULL,NULL,NULL,'--- !ruby/hash:ActiveSupport::HashWithIndifferentAccess\nanschaffungskategorie: AV-Technik\nreference: invoice\numzug: zgeln\nankunftszustand: intakt\n','2013-08-24 11:22:39','2013-08-24 11:22:39'),(121,'35wfepoyyw4wyi0xx25b51','e7:2a:4a:2b:a6:30-a8:be:71:8e:3c:8b-39:e8:20:13:e2:b5',127,50,121,1,118,NULL,'2008-06-16','2013-08-24',NULL,NULL,'1209.00',0,0,1,0,1,1,NULL,NULL,NULL,NULL,NULL,'--- !ruby/hash:ActiveSupport::HashWithIndifferentAccess\nanschaffungskategorie: AV-Technik\nreference: invoice\numzug: zgeln\nankunftszustand: intakt\n','2013-08-24 11:22:39','2013-08-24 11:22:39'),(122,'y51qvwyjf7fyw0k8qhto52','5d:ac:8f:ce:45:c3-54:b3:26:47:3b:fb-a0:63:ce:6f:31:14',128,54,122,1,NULL,NULL,'2009-03-07','2013-08-24',NULL,NULL,'912.00',0,0,1,0,1,1,NULL,NULL,NULL,NULL,NULL,'--- !ruby/hash:ActiveSupport::HashWithIndifferentAccess\nanschaffungskategorie: AV-Technik\nreference: invoice\numzug: zgeln\nankunftszustand: intakt\n','2013-08-24 11:22:39','2013-08-24 11:22:39'),(123,'l1zxnqokpybt327udrvg53','1b:07:bc:e5:e6:de-7d:ce:ad:33:c2:a9-52:4c:73:39:fb:3a',130,54,123,1,122,NULL,'2010-03-07','2013-08-24',NULL,NULL,'948.00',0,0,1,0,1,1,NULL,NULL,NULL,NULL,NULL,'--- !ruby/hash:ActiveSupport::HashWithIndifferentAccess\nanschaffungskategorie: AV-Technik\nreference: invoice\numzug: zgeln\nankunftszustand: intakt\n','2013-08-24 11:22:39','2013-08-24 11:22:39'),(124,'b5d0s7byxi2p0ibhdvjf54','1b:44:2b:ae:b2:b4-08:34:bf:e6:f8:4d-f1:d9:d5:36:3d:37',131,54,124,1,122,NULL,'2012-03-27','2013-08-24',NULL,NULL,'685.00',0,0,1,0,1,1,NULL,NULL,NULL,NULL,NULL,'--- !ruby/hash:ActiveSupport::HashWithIndifferentAccess\nanschaffungskategorie: AV-Technik\nreference: invoice\numzug: zgeln\nankunftszustand: intakt\n','2013-08-24 11:22:39','2013-08-24 11:22:39'),(125,'k0ztmwqp5nqqf6d8yupx55','da:a1:0d:fe:02:5f-ed:9e:c2:f4:62:ac-41:5d:d7:ab:7e:ed',132,54,125,1,122,NULL,'2012-09-24','2013-08-24',NULL,NULL,'489.00',0,0,1,0,1,1,NULL,NULL,NULL,NULL,NULL,'--- !ruby/hash:ActiveSupport::HashWithIndifferentAccess\nanschaffungskategorie: AV-Technik\nreference: invoice\numzug: zgeln\nankunftszustand: intakt\n','2013-08-24 11:22:39','2013-08-24 11:22:39'),(126,'bcmhbnyyat0lnz5eothh56','47:30:6d:0d:13:44-80:41:15:9f:fe:10-80:9d:85:12:2c:fb',128,58,126,1,NULL,NULL,'2010-02-21','2013-08-24',NULL,NULL,'731.00',0,0,1,0,1,1,NULL,NULL,NULL,NULL,NULL,'--- !ruby/hash:ActiveSupport::HashWithIndifferentAccess\nanschaffungskategorie: AV-Technik\nreference: invoice\numzug: zgeln\nankunftszustand: intakt\n','2013-08-24 11:22:39','2013-08-24 11:22:39'),(127,'ehfwdhd0269autxss4po57','9f:3b:0b:9b:c4:f5-27:01:c7:79:9e:fd-91:00:fc:46:39:23',134,58,127,1,126,NULL,'2012-08-27','2013-08-24',NULL,NULL,'224.00',0,0,1,0,1,1,NULL,NULL,NULL,NULL,NULL,'--- !ruby/hash:ActiveSupport::HashWithIndifferentAccess\nanschaffungskategorie: AV-Technik\nreference: invoice\numzug: zgeln\nankunftszustand: intakt\n','2013-08-24 11:22:39','2013-08-24 11:22:39'),(128,'gno8km6y4924kht0vnij58','aa:87:1c:40:80:fb-6b:70:a8:f0:d8:d1-f5:18:7f:9c:65:d0',135,58,128,1,126,NULL,'2011-03-13','2013-08-24',NULL,NULL,'810.00',0,0,1,0,1,1,NULL,NULL,NULL,NULL,NULL,'--- !ruby/hash:ActiveSupport::HashWithIndifferentAccess\nanschaffungskategorie: AV-Technik\nreference: invoice\numzug: zgeln\nankunftszustand: intakt\n','2013-08-24 11:22:39','2013-08-24 11:22:39'),(129,'o2k9sckuif5eifsyn8bm59','58:f7:65:df:d3:d3-a3:54:78:a8:27:50-8f:b7:af:56:f5:12',136,58,129,1,126,NULL,'2009-05-01','2013-08-24',NULL,NULL,'496.00',0,0,1,0,1,1,NULL,NULL,NULL,NULL,NULL,'--- !ruby/hash:ActiveSupport::HashWithIndifferentAccess\nanschaffungskategorie: AV-Technik\nreference: invoice\numzug: zgeln\nankunftszustand: intakt\n','2013-08-24 11:22:39','2013-08-24 11:22:39'),(130,'dsruag2iadxug0a8413o60','b3:74:8f:2f:fa:82-7d:5d:aa:b2:38:69-c0:3f:90:76:00:26',128,62,130,1,NULL,NULL,'2008-02-24','2013-08-24',NULL,NULL,'1428.00',0,0,1,0,1,1,NULL,NULL,NULL,NULL,NULL,'--- !ruby/hash:ActiveSupport::HashWithIndifferentAccess\nanschaffungskategorie: AV-Technik\nreference: invoice\numzug: zgeln\nankunftszustand: intakt\n','2013-08-24 11:22:39','2013-08-24 11:22:39'),(131,'90a5crvgdz98xsr0kdtj61','6a:7d:44:cc:22:95-95:94:38:70:b7:7f-e1:7f:a3:97:4c:aa',138,62,131,1,130,NULL,'2012-02-08','2013-08-24',NULL,NULL,'183.00',0,0,1,0,1,1,NULL,NULL,NULL,NULL,NULL,'--- !ruby/hash:ActiveSupport::HashWithIndifferentAccess\nanschaffungskategorie: AV-Technik\nreference: invoice\numzug: zgeln\nankunftszustand: intakt\n','2013-08-24 11:22:39','2013-08-24 11:22:39'),(132,'kvl38sb0emuu4ukq0q9g62','6e:87:6f:69:13:f3-af:45:d2:c6:8d:20-0c:21:f9:84:54:d7',139,62,132,1,130,NULL,'2012-02-17','2013-08-24',NULL,NULL,'1048.00',0,0,1,0,1,1,NULL,NULL,NULL,NULL,NULL,'--- !ruby/hash:ActiveSupport::HashWithIndifferentAccess\nanschaffungskategorie: AV-Technik\nreference: invoice\numzug: zgeln\nankunftszustand: intakt\n','2013-08-24 11:22:39','2013-08-24 11:22:39'),(133,'9b26s1969bfmvj5dl7gd63','9a:83:f8:ec:99:74-8e:6e:c0:f3:fb:56-f9:48:0c:06:71:f7',140,62,133,1,130,NULL,'2012-10-23','2013-08-24',NULL,NULL,'1194.00',0,0,1,0,1,1,NULL,NULL,NULL,NULL,NULL,'--- !ruby/hash:ActiveSupport::HashWithIndifferentAccess\nanschaffungskategorie: AV-Technik\nreference: invoice\numzug: zgeln\nankunftszustand: intakt\n','2013-08-24 11:22:39','2013-08-24 11:22:39'),(134,'cand5','cand5',80,41,134,1,NULL,NULL,'2009-06-06','2013-08-24',NULL,NULL,'867.00',0,0,0,0,1,1,NULL,NULL,NULL,NULL,NULL,'--- !ruby/hash:ActiveSupport::HashWithIndifferentAccess\nanschaffungskategorie: AV-Technik\nreference: invoice\numzug: zgeln\nankunftszustand: intakt\n','2013-08-24 11:22:39','2013-08-24 11:22:39'),(135,'beam21231','beamas12312',54,41,135,1,NULL,NULL,'2010-05-12','2013-08-24',NULL,NULL,'1454.00',0,0,0,0,1,1,NULL,NULL,NULL,NULL,NULL,'--- !ruby/hash:ActiveSupport::HashWithIndifferentAccess\nanschaffungskategorie: AV-Technik\nreference: invoice\numzug: zgeln\nankunftszustand: intakt\n','2013-08-24 11:22:39','2013-08-24 11:22:39'),(136,'hifi345','hifi345',111,41,136,1,NULL,NULL,'2011-03-08','2013-08-24',NULL,NULL,'347.00',0,0,0,0,1,1,NULL,NULL,NULL,NULL,NULL,'--- !ruby/hash:ActiveSupport::HashWithIndifferentAccess\nanschaffungskategorie: AV-Technik\nreference: invoice\numzug: zgeln\nankunftszustand: intakt\n','2013-08-24 11:22:39','2013-08-24 11:22:39'),(137,'iMac1','iMac5',142,41,137,1,NULL,NULL,'2010-11-27','2013-08-24','2013-08-24','This Item is gone','162.00',0,0,1,0,1,1,NULL,NULL,NULL,NULL,NULL,'--- !ruby/hash:ActiveSupport::HashWithIndifferentAccess\nanschaffungskategorie: AV-Technik\nreference: invoice\numzug: zgeln\nankunftszustand: intakt\n','2013-08-24 11:22:39','2013-08-24 11:22:39'),(138,'iMac2','iMac6',142,41,138,3,NULL,NULL,'2008-09-13','2013-08-24','2013-08-24','This Item is gone','405.00',0,0,1,0,1,1,NULL,NULL,NULL,NULL,NULL,'--- !ruby/hash:ActiveSupport::HashWithIndifferentAccess\nanschaffungskategorie: AV-Technik\nreference: invoice\numzug: zgeln\nankunftszustand: intakt\n','2013-08-24 11:22:39','2013-08-24 11:22:39'),(139,'n4z191','a97zyx',113,41,139,1,NULL,NULL,'2008-04-02','2013-08-24','2013-08-24','This Item is gone','1193.00',0,0,1,0,1,1,NULL,NULL,NULL,NULL,NULL,'--- !ruby/hash:ActiveSupport::HashWithIndifferentAccess\nanschaffungskategorie: AV-Technik\nreference: invoice\numzug: zgeln\nankunftszustand: intakt\n','2013-08-24 11:22:39','2013-08-24 11:22:39'),(140,'phzxoy','u2of4g',113,41,140,1,NULL,NULL,'2009-04-20','2013-08-24',NULL,NULL,'110.00',0,0,1,0,1,1,NULL,NULL,NULL,NULL,NULL,'--- !ruby/hash:ActiveSupport::HashWithIndifferentAccess\nanschaffungskategorie: AV-Technik\nreference: invoice\numzug: zgeln\nankunftszustand: intakt\n','2013-08-24 11:22:39','2013-08-24 11:22:39'),(141,'wlaptop1','wlaptop1',143,41,141,1,NULL,NULL,'2009-04-15','2013-08-24',NULL,NULL,'1098.00',1,0,1,0,1,1,NULL,NULL,NULL,NULL,NULL,'--- !ruby/hash:ActiveSupport::HashWithIndifferentAccess\nanschaffungskategorie: AV-Technik\nreference: invoice\numzug: zgeln\nankunftszustand: intakt\n','2013-08-24 11:22:39','2013-08-24 11:22:39'),(142,'v120d02','v120d02',144,41,142,1,NULL,NULL,'2012-09-04','2013-08-24',NULL,NULL,'1029.00',0,1,1,0,1,1,NULL,NULL,NULL,NULL,NULL,'--- !ruby/hash:ActiveSupport::HashWithIndifferentAccess\nanschaffungskategorie: AV-Technik\nreference: invoice\numzug: zgeln\nankunftszustand: intakt\n','2013-08-24 11:22:39','2013-08-24 11:22:39'),(143,'v120d022g','v120d022g',145,41,143,1,NULL,NULL,'2008-04-15','2013-08-24',NULL,NULL,'610.00',0,0,1,0,1,1,NULL,NULL,NULL,NULL,NULL,'--- !ruby/hash:ActiveSupport::HashWithIndifferentAccess\nanschaffungskategorie: AV-Technik\nreference: invoice\numzug: zgeln\nankunftszustand: intakt\n','2013-08-24 11:22:39','2013-08-24 11:22:39'),(144,'v120d022g2','v120d022g2',145,41,144,1,NULL,NULL,'2010-11-17','2013-08-24',NULL,NULL,'1435.00',0,0,1,0,1,1,NULL,NULL,NULL,NULL,NULL,'--- !ruby/hash:ActiveSupport::HashWithIndifferentAccess\nanschaffungskategorie: AV-Technik\nreference: invoice\numzug: zgeln\nankunftszustand: intakt\n','2013-08-24 11:22:39','2013-08-24 11:22:39'),(145,'beam897','xyz890',54,41,145,1,NULL,NULL,'2010-04-17','2013-08-24',NULL,NULL,'14.00',0,0,1,0,2,1,NULL,NULL,NULL,NULL,NULL,'--- !ruby/hash:ActiveSupport::HashWithIndifferentAccess\nanschaffungskategorie: AV-Technik\nreference: invoice\numzug: zgeln\nankunftszustand: intakt\n','2013-08-24 11:22:39','2013-08-24 11:22:39'),(146,'minibeam12','xyz890',56,41,146,1,NULL,NULL,'2009-08-31','2013-08-24',NULL,NULL,'1296.00',0,0,1,0,2,1,NULL,NULL,NULL,NULL,NULL,'--- !ruby/hash:ActiveSupport::HashWithIndifferentAccess\nanschaffungskategorie: AV-Technik\nreference: invoice\numzug: zgeln\nankunftszustand: intakt\n','2013-08-24 11:22:39','2013-08-24 11:22:39'),(147,'minibeam34','xyz890',56,41,147,1,NULL,NULL,'2011-07-02','2013-08-24',NULL,NULL,'1154.00',0,0,1,0,3,1,NULL,NULL,NULL,NULL,NULL,'--- !ruby/hash:ActiveSupport::HashWithIndifferentAccess\nanschaffungskategorie: AV-Technik\nreference: invoice\numzug: zgeln\nankunftszustand: intakt\n','2013-08-24 11:22:39','2013-08-24 11:22:39'),(148,'n4nd7gel4ljm8fgoalr264','86:8d:70:5d:03:2d-cd:7c:30:87:65:82-b3:0e:1a:18:90:36',147,NULL,NULL,1,NULL,NULL,NULL,NULL,NULL,NULL,NULL,0,0,1,0,1,0,NULL,NULL,NULL,NULL,NULL,'--- !ruby/hash:ActiveSupport::HashWithIndifferentAccess\nlicense_type: single_workplace\nactivation_type: serial_number\noperating_system:\n- windows\n- linux\ninstallation:\n- citrix\n- web\nreference: invoice\nmaintenance_contract: \'false\'\n','2013-08-24 11:22:39','2013-08-24 11:22:39'),(149,'pd66q1x4w24o5hog2rpp65','b2:76:eb:11:65:02-b6:57:7a:4f:37:48-9b:59:bf:c7:ac:bd',148,NULL,NULL,1,NULL,NULL,NULL,NULL,NULL,NULL,NULL,0,0,0,0,1,0,NULL,NULL,NULL,NULL,NULL,'--- !ruby/hash:ActiveSupport::HashWithIndifferentAccess\nlicense_type: single_workplace\nactivation_type: serial_number\noperating_system:\n- windows\n- linux\ninstallation:\n- citrix\n- web\nprocured_by: Norma Wolf\nreference: invoice\nmaintenance_contract: \'false\'\n','2013-08-24 11:22:39','2013-08-24 11:22:39'),(150,'id9mu4g7ll11xurh01me66','88:88:b7:14:61:7f-f4:36:35:88:ca:18-73:69:41:44:65:41',149,NULL,NULL,1,NULL,NULL,NULL,NULL,NULL,NULL,NULL,0,0,1,0,1,0,NULL,NULL,NULL,NULL,NULL,'--- !ruby/hash:ActiveSupport::HashWithIndifferentAccess\nlicense_type: single_workplace\nactivation_type: serial_number\noperating_system:\n- windows\n- linux\ninstallation:\n- citrix\n- web\nreference: invoice\nmaintenance_contract: \'false\'\n','2013-08-24 11:22:39','2013-08-24 11:22:39'),(151,'qawmadakvgqafut002zu67','c3:42:55:81:4f:35-b2:ad:ef:9f:28:ed-db:65:0e:8b:ea:21',150,NULL,NULL,1,NULL,NULL,NULL,NULL,NULL,NULL,NULL,0,0,1,0,1,0,NULL,NULL,NULL,NULL,NULL,'--- !ruby/hash:ActiveSupport::HashWithIndifferentAccess\nlicense_type: single_workplace\nactivation_type: serial_number\noperating_system:\n- windows\n- linux\ninstallation:\n- citrix\n- web\nprocured_by: Elmira Rohan\nreference: invoice\nmaintenance_contract: \'false\'\n','2013-08-24 11:22:39','2013-08-24 11:22:39'),(152,'ihjcmyivm7mjo9t8ot9u68','48:39:92:12:ca:80-e7:f9:ed:38:67:db-9a:94:54:b7:8f:bb',151,NULL,NULL,1,NULL,NULL,NULL,NULL,NULL,NULL,NULL,0,0,0,0,1,0,NULL,NULL,NULL,NULL,NULL,'--- !ruby/hash:ActiveSupport::HashWithIndifferentAccess\nlicense_type: single_workplace\nactivation_type: serial_number\noperating_system:\n- windows\n- linux\ninstallation:\n- citrix\n- web\nreference: invoice\nmaintenance_contract: \'false\'\n','2013-08-24 11:22:39','2013-08-24 11:22:39'),(153,'22o5c851ocw8xut4stng69','75:70:50:df:63:65-e0:cc:0d:95:05:bb-38:03:12:b0:0d:ff',152,NULL,NULL,1,NULL,NULL,NULL,NULL,NULL,NULL,NULL,0,0,0,0,1,0,NULL,NULL,NULL,NULL,NULL,'--- !ruby/hash:ActiveSupport::HashWithIndifferentAccess\nlicense_type: single_workplace\nactivation_type: serial_number\noperating_system:\n- windows\n- linux\ninstallation:\n- citrix\n- web\nreference: invoice\nmaintenance_contract: \'false\'\n','2013-08-24 11:22:39','2013-08-24 11:22:39'),(154,'47ejhz9mu5vypbprf7nv70','30:b4:b5:e7:08:27-d7:df:83:48:59:9e-6c:03:46:65:33:7b',153,NULL,NULL,1,NULL,NULL,NULL,NULL,NULL,NULL,NULL,0,0,0,0,2,0,NULL,NULL,NULL,NULL,NULL,'--- !ruby/hash:ActiveSupport::HashWithIndifferentAccess\nlicense_type: single_workplace\nactivation_type: serial_number\noperating_system:\n- windows\n- linux\ninstallation:\n- citrix\n- web\nreference: invoice\nmaintenance_contract: \'false\'\n','2013-08-24 11:22:39','2013-08-24 11:22:39'),(155,'wu9by7xnjxjjieawj75s71','64:d1:cb:bb:b7:fa-10:16:f7:fa:33:ee-3f:3c:4b:5f:a4:d4',154,NULL,NULL,1,NULL,NULL,NULL,NULL,'2013-08-24','Sapiente autem rerum omnis ullam.',NULL,0,0,0,0,1,0,NULL,NULL,NULL,NULL,NULL,'--- !ruby/hash:ActiveSupport::HashWithIndifferentAccess\nlicense_type: single_workplace\nactivation_type: serial_number\noperating_system:\n- windows\n- linux\ninstallation:\n- citrix\n- web\nprocured_by: Matti S.\nreference: invoice\nmaintenance_contract: \'false\'\n','2013-08-24 11:22:39','2013-08-24 11:22:39'),(156,'k5hl799nu1hgmviaigv372','18:93:88:6b:d9:cd-64:8e:a5:a0:f9:f2-13:4d:0c:ea:49:76',155,NULL,NULL,2,NULL,NULL,NULL,NULL,'2013-08-24','Placeat et ullam voluptatibus quis eaque aperiam.',NULL,0,0,0,0,1,0,NULL,NULL,NULL,NULL,NULL,'--- !ruby/hash:ActiveSupport::HashWithIndifferentAccess\nlicense_type: single_workplace\nactivation_type: serial_number\noperating_system:\n- windows\n- linux\ninstallation:\n- citrix\n- web\nprocured_by: Lavon Wolf\nreference: invoice\nmaintenance_contract: \'false\'\n','2013-08-24 11:22:39','2013-08-24 11:22:39'),(157,'4isc2xyqaeu76t79bff573','24:f2:a1:12:ac:29-81:52:37:05:84:c7-22:1a:40:20:aa:bb',156,NULL,NULL,2,NULL,NULL,NULL,NULL,NULL,NULL,NULL,0,0,1,0,2,0,NULL,NULL,NULL,NULL,NULL,'--- !ruby/hash:ActiveSupport::HashWithIndifferentAccess\nlicense_type: single_workplace\nactivation_type: serial_number\noperating_system:\n- windows\n- linux\ninstallation:\n- citrix\n- web\nreference: invoice\nmaintenance_contract: \'false\'\n','2013-08-24 11:22:39','2013-08-24 11:22:39'),(158,'0482a7qz7limeuwxn37y74','c3:2b:5d:44:9c:95-ef:48:3e:4c:a2:3e-e7:a7:cb:f3:f7:bb',157,NULL,NULL,1,NULL,NULL,'2013-08-24',NULL,NULL,NULL,NULL,0,0,0,0,1,0,NULL,NULL,NULL,NULL,NULL,'--- !ruby/hash:ActiveSupport::HashWithIndifferentAccess\nlicense_expiration: \'2013-08-24\'\nmaintenance_contract: \'true\'\nmaintenance_expiration: \'2013-08-24\'\nreference: invoice\nactivation_type: none\nlicense_type: free\n','2013-08-24 11:22:39','2013-08-24 11:22:39'),(159,'i0z2a56g4pmr5hfo8c2675','ac:23:ea:48:5d:9c-87:f2:4a:3e:fb:8e-0c:80:58:07:ad:c3',158,NULL,NULL,1,NULL,NULL,NULL,NULL,NULL,NULL,NULL,0,0,0,0,1,0,NULL,NULL,NULL,NULL,NULL,'--- !ruby/hash:ActiveSupport::HashWithIndifferentAccess\nquantity_allocations:\n- !ruby/hash:ActiveSupport::HashWithIndifferentAccess\n  room: rerum\n  quantity: 36\n- !ruby/hash:ActiveSupport::HashWithIndifferentAccess\n  room: velit\n  quantity: 25\nreference: invoice\nactivation_type: none\nlicense_type: free\nmaintenance_contract: \'false\'\n','2013-08-24 11:22:39','2013-08-24 11:22:39'),(160,'0r44bupaj59dgkrgb31i76','f2:a0:90:4d:b5:cb-f7:4b:9f:7f:cd:db-b5:9f:c9:db:69:75',160,NULL,NULL,1,NULL,NULL,NULL,NULL,NULL,NULL,NULL,0,0,0,0,1,0,NULL,NULL,NULL,NULL,NULL,'--- !ruby/hash:ActiveSupport::HashWithIndifferentAccess\noperating_system:\n- windows\n- linux\n- mac_os_x\nlicense_type: multiple_workplace\ntotal_quantity: 75\nquantity_allocations:\n- !ruby/hash:ActiveSupport::HashWithIndifferentAccess\n  room: ducimus\n  quantity: 46\n- !ruby/hash:ActiveSupport::HashWithIndifferentAccess\n  room: fugiat\n  quantity: 4\nreference: invoice\nactivation_type: none\nmaintenance_contract: \'false\'\n','2013-08-24 11:22:39','2013-08-24 11:22:39'),(161,'t0hd565k3pbe1zhdwnmu77','32:af:6f:20:e0:4b-15:86:a2:27:6d:89-12:58:14:36:d5:74',162,66,148,2,NULL,NULL,'2009-08-11','2013-08-19',NULL,NULL,'435.00',0,0,1,0,1,1,NULL,NULL,NULL,NULL,NULL,'--- !ruby/hash:ActiveSupport::HashWithIndifferentAccess\nanschaffungskategorie: AV-Technik\nreference: invoice\numzug: zgeln\nankunftszustand: intakt\n','2013-08-18 22:30:37','2013-08-18 22:30:37'),(162,'enwdrif8anuorrk5b3hx78','c3:55:42:fe:fc:09-f3:56:bc:be:1d:29-09:77:73:f5:a2:ee',163,67,149,2,NULL,NULL,'2008-06-21','2013-08-19',NULL,NULL,'367.00',0,0,1,0,1,1,NULL,NULL,NULL,NULL,NULL,'--- !ruby/hash:ActiveSupport::HashWithIndifferentAccess\nanschaffungskategorie: AV-Technik\nreference: invoice\numzug: zgeln\nankunftszustand: intakt\n','2013-08-18 22:30:37','2013-08-18 22:30:37'),(163,'f0cjo9t42w6e6f540tjn79','8f:5a:08:30:77:e3-3c:81:7e:15:10:63-04:65:06:80:09:93',164,68,150,9,NULL,NULL,'2010-04-29','2013-08-19',NULL,NULL,'509.00',0,0,1,0,1,1,NULL,NULL,NULL,NULL,NULL,'--- !ruby/hash:ActiveSupport::HashWithIndifferentAccess\nanschaffungskategorie: AV-Technik\nreference: invoice\numzug: zgeln\nankunftszustand: intakt\n','2013-08-18 22:30:37','2013-08-18 22:30:37'),(164,'12sgq3f2rgusuvxo0dfq80','8e:19:d7:0a:09:f8-aa:a6:26:6b:b0:7e-a8:7f:a3:93:e1:48',165,69,151,4,NULL,NULL,'2010-09-29','2013-08-19',NULL,NULL,'699.00',0,0,1,0,1,1,NULL,NULL,NULL,NULL,NULL,'--- !ruby/hash:ActiveSupport::HashWithIndifferentAccess\nanschaffungskategorie: AV-Technik\nreference: invoice\numzug: zgeln\nankunftszustand: intakt\n','2013-08-18 22:30:37','2013-08-18 22:30:37'),(165,'w3z0yq44d0cdg4756rmt81','99:fe:37:57:f6:73-37:79:13:27:b1:eb-52:66:cb:e0:04:91',165,70,152,1,NULL,NULL,'2012-01-17','2013-08-19',NULL,NULL,'1396.00',0,0,1,0,1,1,NULL,NULL,NULL,NULL,NULL,'--- !ruby/hash:ActiveSupport::HashWithIndifferentAccess\nanschaffungskategorie: AV-Technik\nreference: invoice\numzug: zgeln\nankunftszustand: intakt\n','2013-08-18 22:30:37','2013-08-18 22:30:37'),(166,'fj8raz83dkwgjdcbpe3982','69:6a:33:75:0e:dd-60:33:c7:bb:1d:25-4c:ae:82:ed:04:21',165,71,153,9,NULL,NULL,'2012-01-17','2013-08-19',NULL,NULL,'129.00',0,0,1,0,1,1,NULL,NULL,NULL,NULL,NULL,'--- !ruby/hash:ActiveSupport::HashWithIndifferentAccess\nanschaffungskategorie: AV-Technik\nreference: invoice\numzug: zgeln\nankunftszustand: intakt\n','2013-08-18 22:30:37','2013-08-18 22:30:37'),(167,'q9zslzzyrekbnbk4xmur83','97:00:af:7d:68:58-85:3e:0c:ab:ee:38-f1:d8:57:9c:71:00',169,72,154,8,NULL,NULL,'2012-09-05','2013-08-19',NULL,NULL,'1208.00',0,0,1,0,1,1,NULL,NULL,NULL,NULL,NULL,'--- !ruby/hash:ActiveSupport::HashWithIndifferentAccess\nanschaffungskategorie: AV-Technik\nreference: invoice\numzug: zgeln\nankunftszustand: intakt\n','2013-08-18 22:30:37','2013-08-18 22:30:37'),(168,'sxj9vcjxscj5a15d0dwd84','8e:bf:9c:7f:f9:bf-df:d4:37:43:e0:e1-05:17:be:89:ca:cd',170,73,155,3,NULL,NULL,'2012-05-20','2013-08-19',NULL,NULL,'1027.00',0,0,1,0,1,1,NULL,NULL,NULL,NULL,NULL,'--- !ruby/hash:ActiveSupport::HashWithIndifferentAccess\nanschaffungskategorie: AV-Technik\nreference: invoice\numzug: zgeln\nankunftszustand: intakt\n','2013-08-18 22:30:37','2013-08-18 22:30:37'),(169,'5e6gva28n7weyh6g1aiv85','3d:db:30:db:31:16-e1:3e:93:21:38:bf-92:44:8c:90:5a:76',171,74,156,5,NULL,NULL,'2009-03-29','2013-08-19',NULL,NULL,'590.00',0,0,1,0,1,1,NULL,NULL,NULL,NULL,NULL,'--- !ruby/hash:ActiveSupport::HashWithIndifferentAccess\nanschaffungskategorie: AV-Technik\nreference: invoice\numzug: zgeln\nankunftszustand: intakt\n','2013-08-18 22:30:37','2013-08-18 22:30:37'),(170,'awcneb1jck0hi1q4w22c86','d9:82:4b:e4:3e:fb-2c:5f:87:08:ba:b9-b1:ea:1f:cf:bb:30',172,75,157,3,NULL,NULL,'2009-06-20','2013-08-19',NULL,NULL,'824.00',0,0,1,0,1,1,NULL,NULL,NULL,NULL,NULL,'--- !ruby/hash:ActiveSupport::HashWithIndifferentAccess\nanschaffungskategorie: AV-Technik\nreference: invoice\numzug: zgeln\nankunftszustand: intakt\n','2013-08-18 22:30:37','2013-08-18 22:30:37'),(171,'odqvvd2c1r5mlv47odq487','31:a9:6f:e4:b3:ed-23:85:6e:c6:1c:77-16:3c:30:f7:14:a6',173,76,158,7,NULL,NULL,'2012-05-15','2013-08-19',NULL,NULL,'1192.00',0,0,1,0,1,1,NULL,NULL,NULL,NULL,NULL,'--- !ruby/hash:ActiveSupport::HashWithIndifferentAccess\nanschaffungskategorie: AV-Technik\nreference: invoice\numzug: zgeln\nankunftszustand: intakt\n','2013-08-18 22:30:37','2013-08-18 22:30:37'),(172,'k317owjgladylpffe74z88','da:48:75:fe:33:b0-f4:2d:ab:06:a0:b5-b5:f1:d9:2f:27:ad',173,77,159,6,NULL,NULL,'2011-08-08','2013-08-19',NULL,NULL,'1322.00',0,0,1,0,1,1,NULL,NULL,NULL,NULL,NULL,'--- !ruby/hash:ActiveSupport::HashWithIndifferentAccess\nanschaffungskategorie: AV-Technik\nreference: invoice\numzug: zgeln\nankunftszustand: intakt\n','2013-08-18 22:30:37','2013-08-18 22:30:37'),(173,'2h2s0h81qrqfxcl0v8hu89','ff:80:cd:9a:39:d6-fc:7c:98:e8:6b:7d-5f:40:20:89:82:a6',173,78,160,2,NULL,NULL,'2010-07-22','2013-08-19',NULL,NULL,'400.00',0,0,1,0,1,1,NULL,NULL,NULL,NULL,NULL,'--- !ruby/hash:ActiveSupport::HashWithIndifferentAccess\nanschaffungskategorie: AV-Technik\nreference: invoice\numzug: zgeln\nankunftszustand: intakt\n','2013-08-18 22:30:37','2013-08-18 22:30:37'),(174,'1x5ccv3v8kpum6gu0fsi90','f3:2c:0b:b7:a3:f1-ae:74:84:58:6e:90-e8:62:be:93:4c:f1',177,79,161,6,NULL,NULL,'2012-06-06','2013-08-19',NULL,NULL,'1168.00',0,0,1,0,1,1,NULL,NULL,NULL,NULL,NULL,'--- !ruby/hash:ActiveSupport::HashWithIndifferentAccess\nanschaffungskategorie: AV-Technik\nreference: invoice\numzug: zgeln\nankunftszustand: intakt\n','2013-08-18 22:30:37','2013-08-18 22:30:37'),(175,'0982vqg4sxgvln0bvx2091','cf:1f:4b:de:93:7d-b1:fa:5e:d1:aa:da-74:b3:21:7f:26:75',178,80,162,9,NULL,NULL,'2008-04-15','2013-08-19',NULL,NULL,'1282.00',0,0,1,0,1,1,NULL,NULL,NULL,NULL,NULL,'--- !ruby/hash:ActiveSupport::HashWithIndifferentAccess\nanschaffungskategorie: AV-Technik\nreference: invoice\numzug: zgeln\nankunftszustand: intakt\n','2013-08-18 22:30:37','2013-08-18 22:30:37'),(176,'taa3ke60cakretgl1s7p92','74:d3:0a:68:81:06-a1:1e:84:32:0c:14-28:2e:1e:5c:3a:d6',179,81,163,1,NULL,NULL,'2012-02-07','2013-08-19',NULL,NULL,'75.00',0,0,1,0,1,1,NULL,NULL,NULL,NULL,NULL,'--- !ruby/hash:ActiveSupport::HashWithIndifferentAccess\nanschaffungskategorie: AV-Technik\nreference: invoice\numzug: zgeln\nankunftszustand: intakt\n','2013-08-18 22:30:38','2013-08-18 22:30:38'),(177,'3fhl011qxtefhcolpa7k93','73:a3:6f:29:1f:4e-cb:c1:a1:1e:19:78-1e:41:f1:15:e9:6a',180,82,164,6,NULL,NULL,'2010-06-06','2013-08-19',NULL,NULL,'492.00',0,0,1,0,1,1,NULL,NULL,NULL,NULL,NULL,'--- !ruby/hash:ActiveSupport::HashWithIndifferentAccess\nanschaffungskategorie: AV-Technik\nreference: invoice\numzug: zgeln\nankunftszustand: intakt\n','2013-08-18 22:30:38','2013-08-18 22:30:38'),(178,'htkrpuhxqh3dqevnt4n194','9d:c0:08:3a:6d:3b-8d:54:55:b2:4d:7c-22:55:f4:1e:1f:22',181,83,165,5,NULL,NULL,'2010-02-04','2013-08-19',NULL,NULL,'405.00',0,0,1,0,1,1,NULL,NULL,NULL,NULL,NULL,'--- !ruby/hash:ActiveSupport::HashWithIndifferentAccess\nanschaffungskategorie: AV-Technik\nreference: invoice\numzug: zgeln\nankunftszustand: intakt\n','2013-08-18 22:30:38','2013-08-18 22:30:38'),(179,'50orumxyysz1pt17b4me95','77:b3:a5:76:5a:6f-bd:94:9b:48:48:5a-6c:92:7d:15:c2:d0',181,84,166,6,NULL,NULL,'2010-01-20','2013-08-19',NULL,NULL,'961.00',0,0,1,0,1,1,NULL,NULL,NULL,NULL,NULL,'--- !ruby/hash:ActiveSupport::HashWithIndifferentAccess\nanschaffungskategorie: AV-Technik\nreference: invoice\numzug: zgeln\nankunftszustand: intakt\n','2013-08-18 22:30:38','2013-08-18 22:30:38'),(180,'c4eh2jax4m4spo0biof696','d8:17:7b:4c:b2:91-9e:09:24:0a:df:b8-85:97:47:c1:cd:1b',181,85,167,6,NULL,NULL,'2011-06-03','2013-08-19',NULL,NULL,'373.00',0,0,1,0,1,1,NULL,NULL,NULL,NULL,NULL,'--- !ruby/hash:ActiveSupport::HashWithIndifferentAccess\nanschaffungskategorie: AV-Technik\nreference: invoice\numzug: zgeln\nankunftszustand: intakt\n','2013-08-18 22:30:38','2013-08-18 22:30:38'),(181,'rddc8ib789kthj01w8uw97','c1:c9:1d:f7:37:22-88:7b:0f:90:55:8e-12:a3:d7:37:99:f6',185,86,168,5,NULL,NULL,'2009-09-09','2013-08-20',NULL,NULL,'465.00',0,0,1,0,1,1,NULL,NULL,NULL,NULL,NULL,'--- !ruby/hash:ActiveSupport::HashWithIndifferentAccess\nanschaffungskategorie: AV-Technik\nreference: invoice\numzug: zgeln\nankunftszustand: intakt\n','2013-08-20 03:28:47','2013-08-20 03:28:47'),(182,'1goldfejs6dg84y2yv6998','c3:0e:8c:31:54:33-20:4f:db:75:9a:63-46:45:7a:4d:81:90',186,87,169,4,NULL,NULL,'2010-12-01','2013-08-20',NULL,NULL,'919.00',0,0,1,0,1,1,NULL,NULL,NULL,NULL,NULL,'--- !ruby/hash:ActiveSupport::HashWithIndifferentAccess\nanschaffungskategorie: AV-Technik\nreference: invoice\numzug: zgeln\nankunftszustand: intakt\n','2013-08-20 03:28:47','2013-08-20 03:28:47'),(183,'j4mrdau068ws8tb0zyk599','50:d0:98:65:6b:8d-e0:95:dc:df:82:11-ad:76:bc:3f:c8:ee',187,88,170,3,NULL,NULL,'2010-10-14','2013-08-20',NULL,NULL,'811.00',0,0,1,0,1,1,NULL,NULL,NULL,NULL,NULL,'--- !ruby/hash:ActiveSupport::HashWithIndifferentAccess\nanschaffungskategorie: AV-Technik\nreference: invoice\numzug: zgeln\nankunftszustand: intakt\n','2013-08-20 03:28:47','2013-08-20 03:28:47'),(184,'8ms1uw77jci3g73h32t7100','99:30:55:e2:1b:e3-9f:9b:df:f0:3a:9d-2b:e3:72:9f:6e:27',188,89,171,1,NULL,NULL,'2008-06-29','2013-08-21',NULL,NULL,'124.00',0,0,1,0,1,1,NULL,NULL,NULL,NULL,NULL,'--- !ruby/hash:ActiveSupport::HashWithIndifferentAccess\nanschaffungskategorie: AV-Technik\nreference: invoice\numzug: zgeln\nankunftszustand: intakt\n','2013-08-21 16:42:11','2013-08-21 16:42:11'),(185,'4ckb1oeszruvuledtixl101','dc:9c:64:b5:ed:4a-20:83:04:fa:2a:4d-89:3d:81:27:df:de',189,90,172,3,NULL,NULL,'2012-05-24','2013-08-21',NULL,NULL,'1474.00',0,0,1,0,1,1,NULL,NULL,NULL,NULL,NULL,'--- !ruby/hash:ActiveSupport::HashWithIndifferentAccess\nanschaffungskategorie: AV-Technik\nreference: invoice\numzug: zgeln\nankunftszustand: intakt\n','2013-08-21 16:42:11','2013-08-21 16:42:11'),(186,'9tkd2k4r29lo6xt37rfz102','74:54:c4:48:95:3f-ed:6d:8a:42:3a:a5-63:cc:48:ad:ee:4f',190,91,173,5,NULL,NULL,'2012-11-18','2013-08-21',NULL,NULL,'208.00',0,0,1,0,1,1,NULL,NULL,NULL,NULL,NULL,'--- !ruby/hash:ActiveSupport::HashWithIndifferentAccess\nanschaffungskategorie: AV-Technik\nreference: invoice\numzug: zgeln\nankunftszustand: intakt\n','2013-08-21 16:42:11','2013-08-21 16:42:11'),(187,'d3m0hr0j0czi76h3j054103','b8:7c:08:37:de:77-5b:f2:29:c6:86:87-03:e5:60:21:ea:6b',191,92,174,5,NULL,NULL,'2009-06-13','2013-08-21',NULL,NULL,'1491.00',0,0,1,0,1,1,NULL,NULL,NULL,NULL,NULL,'--- !ruby/hash:ActiveSupport::HashWithIndifferentAccess\nanschaffungskategorie: AV-Technik\nreference: invoice\numzug: zgeln\nankunftszustand: intakt\n','2013-08-21 16:42:11','2013-08-21 16:42:11'),(188,'etjvfk8re9v5hjtwdjk4104','f7:ab:5b:b9:31:eb-4f:76:0a:ae:70:0c-3b:b2:73:42:59:c2',192,93,175,10,NULL,NULL,'2010-11-26','2013-08-21',NULL,NULL,'660.00',0,0,1,0,1,1,NULL,NULL,NULL,NULL,NULL,'--- !ruby/hash:ActiveSupport::HashWithIndifferentAccess\nanschaffungskategorie: AV-Technik\nreference: invoice\numzug: zgeln\nankunftszustand: intakt\n','2013-08-21 16:42:11','2013-08-21 16:42:11'),(189,'z630ylxoattwodd0e8c7105','fe:e2:2a:21:d1:01-7e:51:80:bd:87:ad-89:35:ca:46:50:93',192,94,176,5,NULL,NULL,'2012-07-09','2013-08-21',NULL,NULL,'70.00',0,0,1,0,1,1,NULL,NULL,NULL,NULL,NULL,'--- !ruby/hash:ActiveSupport::HashWithIndifferentAccess\nanschaffungskategorie: AV-Technik\nreference: invoice\numzug: zgeln\nankunftszustand: intakt\n','2013-08-21 16:42:11','2013-08-21 16:42:11'),(190,'6hoyr6ih39xe2wl1s9d3106','cd:a2:f7:20:aa:64-e7:d1:11:eb:6c:b8-b0:62:bf:94:1a:49',192,95,177,10,NULL,NULL,'2012-12-18','2013-08-21',NULL,NULL,'312.00',0,0,1,0,1,1,NULL,NULL,NULL,NULL,NULL,'--- !ruby/hash:ActiveSupport::HashWithIndifferentAccess\nanschaffungskategorie: AV-Technik\nreference: invoice\numzug: zgeln\nankunftszustand: intakt\n','2013-08-21 16:42:11','2013-08-21 16:42:11'),(191,'1zldkewgu0kqbk2sobph107','74:f7:22:31:5b:55-d7:d0:1a:77:a7:16-fc:70:6e:a8:a2:45',196,96,178,6,NULL,NULL,'2009-02-14','2013-08-24',NULL,NULL,'1451.00',0,0,1,0,1,1,NULL,NULL,NULL,NULL,NULL,'--- !ruby/hash:ActiveSupport::HashWithIndifferentAccess\nanschaffungskategorie: AV-Technik\nreference: invoice\numzug: zgeln\nankunftszustand: intakt\n','2013-08-24 11:22:39','2013-08-24 11:22:39'),(192,'lkhbw1t1b5yvij7x6fg4108','28:45:aa:10:b9:ca-3e:5c:18:6e:61:d5-9d:d1:d0:06:1c:e3',197,97,179,11,NULL,NULL,'2012-05-11','2013-08-24',NULL,NULL,'1243.00',0,0,1,0,1,1,NULL,NULL,NULL,NULL,NULL,'--- !ruby/hash:ActiveSupport::HashWithIndifferentAccess\nanschaffungskategorie: AV-Technik\nreference: invoice\numzug: zgeln\nankunftszustand: intakt\n','2013-08-24 11:22:39','2013-08-24 11:22:39'),(193,'57zcjbpnh9vrm1b0p6d4109','e6:9b:80:c6:46:c2-65:00:77:92:bf:e1-7c:b8:87:06:cc:c9',198,98,180,2,NULL,NULL,'2008-03-09','2013-08-24',NULL,NULL,'569.00',0,0,1,0,1,1,NULL,NULL,NULL,NULL,NULL,'--- !ruby/hash:ActiveSupport::HashWithIndifferentAccess\nanschaffungskategorie: AV-Technik\nreference: invoice\numzug: zgeln\nankunftszustand: intakt\n','2013-08-24 11:22:39','2013-08-24 11:22:39'),(194,'lkly13b8stmetn00mclo110','c5:ce:a1:4a:e0:42-a1:a6:8c:5d:31:1a-3a:1d:94:ab:01:1f',199,99,181,2,NULL,NULL,'2010-02-19','2013-08-24',NULL,NULL,'806.00',0,0,1,0,1,1,NULL,NULL,NULL,NULL,NULL,'--- !ruby/hash:ActiveSupport::HashWithIndifferentAccess\nanschaffungskategorie: AV-Technik\nreference: invoice\numzug: zgeln\nankunftszustand: intakt\n','2013-08-24 11:22:39','2013-08-24 11:22:39'),(195,'0d5up4cka6f5jhaktz9c111','2c:ae:36:70:54:42-b1:75:f6:65:f8:36-46:98:b2:21:54:73',199,100,182,9,NULL,NULL,'2009-05-17','2013-08-24',NULL,NULL,'843.00',0,0,1,0,1,1,NULL,NULL,NULL,NULL,NULL,'--- !ruby/hash:ActiveSupport::HashWithIndifferentAccess\nanschaffungskategorie: AV-Technik\nreference: invoice\numzug: zgeln\nankunftszustand: intakt\n','2013-08-24 11:22:39','2013-08-24 11:22:39'),(196,'3hl41uox52fp83eb3y1y112','32:62:cc:e7:ec:2a-d7:c7:45:a3:7c:df-5f:76:50:b4:a7:fb',199,101,183,7,NULL,NULL,'2009-08-19','2013-08-24',NULL,NULL,'1304.00',0,0,1,0,1,1,NULL,NULL,NULL,NULL,NULL,'--- !ruby/hash:ActiveSupport::HashWithIndifferentAccess\nanschaffungskategorie: AV-Technik\nreference: invoice\numzug: zgeln\nankunftszustand: intakt\n','2013-08-24 11:22:39','2013-08-24 11:22:39'),(197,'j1a5hpjqfcjj87kz1yud113','56:4f:45:f6:35:da-de:24:5d:35:7f:15-dc:83:8f:ca:5f:a3',203,102,184,1,NULL,NULL,'2011-09-24','2013-08-24',NULL,NULL,'1206.00',0,0,1,0,1,1,NULL,NULL,NULL,NULL,NULL,'--- !ruby/hash:ActiveSupport::HashWithIndifferentAccess\nanschaffungskategorie: AV-Technik\nreference: invoice\numzug: zgeln\nankunftszustand: intakt\n','2013-08-24 11:22:39','2013-08-24 11:22:39'),(198,'uzzrwsx9dwlfbzvwbsme114','06:a9:84:ef:c2:f1-75:a2:f9:b3:19:d4-31:e4:7c:80:cf:68',204,103,185,2,NULL,NULL,'2010-05-23','2013-08-24',NULL,NULL,'103.00',0,0,1,0,1,1,NULL,NULL,NULL,NULL,NULL,'--- !ruby/hash:ActiveSupport::HashWithIndifferentAccess\nanschaffungskategorie: AV-Technik\nreference: invoice\numzug: zgeln\nankunftszustand: intakt\n','2013-08-24 11:22:39','2013-08-24 11:22:39'),(199,'w7t81eeohjoyu17abr7f115','22:3c:dc:b1:37:d9-cf:76:75:95:fc:57-04:2a:73:06:15:dc',205,104,186,3,NULL,NULL,'2009-02-14','2013-08-24',NULL,NULL,'1143.00',0,0,1,0,1,1,NULL,NULL,NULL,NULL,NULL,'--- !ruby/hash:ActiveSupport::HashWithIndifferentAccess\nanschaffungskategorie: AV-Technik\nreference: invoice\numzug: zgeln\nankunftszustand: intakt\n','2013-08-24 11:22:39','2013-08-24 11:22:39'),(200,'52ifcdex8y41nmm2dci6116','e2:6b:ac:d1:53:7e-e4:df:67:1c:38:d6-d1:6f:54:36:53:8b',206,105,187,8,NULL,NULL,'2011-08-22','2013-08-24',NULL,NULL,'492.00',0,0,1,0,1,1,NULL,NULL,NULL,NULL,NULL,'--- !ruby/hash:ActiveSupport::HashWithIndifferentAccess\nanschaffungskategorie: AV-Technik\nreference: invoice\numzug: zgeln\nankunftszustand: intakt\n','2013-08-24 11:22:39','2013-08-24 11:22:39'),(201,'uypp16muqa8b4asgam75117','c2:5b:42:53:91:3f-18:df:02:b5:d7:33-c7:21:fd:06:dd:cc',207,106,188,3,NULL,NULL,'2009-05-26','2013-08-24',NULL,NULL,'683.00',0,0,1,0,1,1,NULL,NULL,NULL,NULL,NULL,'--- !ruby/hash:ActiveSupport::HashWithIndifferentAccess\nanschaffungskategorie: AV-Technik\nreference: invoice\numzug: zgeln\nankunftszustand: intakt\n','2013-08-24 11:22:39','2013-08-24 11:22:39'),(202,'almw1pe4aw7qujofc056118','b3:bc:09:43:2b:9d-d1:e9:24:ac:89:6e-85:19:50:3d:4f:ab',208,107,189,2,NULL,NULL,'2010-12-06','2013-08-24',NULL,NULL,'732.00',0,0,1,0,1,1,NULL,NULL,NULL,NULL,NULL,'--- !ruby/hash:ActiveSupport::HashWithIndifferentAccess\nanschaffungskategorie: AV-Technik\nreference: invoice\numzug: zgeln\nankunftszustand: intakt\n','2013-08-24 11:22:39','2013-08-24 11:22:39'),(203,'a0ed2e6r591xw067jwaa119','58:d9:3c:21:34:4f-1f:28:4c:96:5d:41-50:13:bb:c6:2c:ce',209,108,190,2,NULL,NULL,'2010-11-19','2013-08-24',NULL,NULL,'1294.00',0,0,1,0,1,1,NULL,NULL,NULL,NULL,NULL,'--- !ruby/hash:ActiveSupport::HashWithIndifferentAccess\nanschaffungskategorie: AV-Technik\nreference: invoice\numzug: zgeln\nankunftszustand: intakt\n','2013-08-24 11:22:39','2013-08-24 11:22:39'),(204,'hldyeyxufy5qn2768j3a120','4b:b6:75:4e:a2:9e-bc:80:f8:44:fd:40-1e:78:2d:f8:47:79',210,109,191,9,NULL,NULL,'2008-06-14','2013-08-24',NULL,NULL,'1171.00',0,0,1,0,1,1,NULL,NULL,NULL,NULL,NULL,'--- !ruby/hash:ActiveSupport::HashWithIndifferentAccess\nanschaffungskategorie: AV-Technik\nreference: invoice\numzug: zgeln\nankunftszustand: intakt\n','2013-08-24 11:22:39','2013-08-24 11:22:39'),(205,'ct1rhqj5h02vxmrvb3gm121','41:55:af:34:67:f8-1a:5e:4c:23:2c:7d-d3:6b:11:ee:5f:13',211,110,192,8,NULL,NULL,'2008-09-20','2013-08-24',NULL,NULL,'390.00',0,0,1,0,1,1,NULL,NULL,NULL,NULL,NULL,'--- !ruby/hash:ActiveSupport::HashWithIndifferentAccess\nanschaffungskategorie: AV-Technik\nreference: invoice\numzug: zgeln\nankunftszustand: intakt\n','2013-08-24 11:22:39','2013-08-24 11:22:39'),(206,'nwjvk3ng3haq2h6kt9g4122','e2:46:6c:f8:6e:ec-ab:a8:75:49:45:71-d5:fb:bf:ad:f2:87',212,111,193,5,NULL,NULL,'2010-01-19','2013-08-24',NULL,NULL,'457.00',0,0,1,0,1,1,NULL,NULL,NULL,NULL,NULL,'--- !ruby/hash:ActiveSupport::HashWithIndifferentAccess\nanschaffungskategorie: AV-Technik\nreference: invoice\numzug: zgeln\nankunftszustand: intakt\n','2013-08-24 11:22:39','2013-08-24 11:22:39'),(207,'icm5nlnyfc0nhwcdvblr123','95:23:6e:30:87:4e-ae:ff:9b:16:b0:fa-0e:5d:8d:09:6c:cc',213,112,194,5,NULL,NULL,'2008-08-16','2013-08-24',NULL,NULL,'945.00',0,0,1,0,1,1,NULL,NULL,NULL,NULL,NULL,'--- !ruby/hash:ActiveSupport::HashWithIndifferentAccess\nanschaffungskategorie: AV-Technik\nreference: invoice\numzug: zgeln\nankunftszustand: intakt\n','2013-08-24 11:22:39','2013-08-24 11:22:39'),(208,'xypwt212zwslltxq3wkb124','66:52:73:00:cc:ff-a8:e8:e3:1e:72:32-26:09:ee:9f:c8:21',214,113,195,9,NULL,NULL,'2011-03-08','2013-08-24',NULL,NULL,'97.00',0,0,1,0,1,1,NULL,NULL,NULL,NULL,NULL,'--- !ruby/hash:ActiveSupport::HashWithIndifferentAccess\nanschaffungskategorie: AV-Technik\nreference: invoice\numzug: zgeln\nankunftszustand: intakt\n','2013-08-24 11:22:39','2013-08-24 11:22:39'),(209,'ncledode6op9yyfgmyc2125','6d:0c:bf:73:67:e4-ef:41:4f:47:43:ff-d2:39:27:7d:8e:0a',215,114,196,11,NULL,NULL,'2008-11-06','2013-08-24',NULL,NULL,'520.00',0,0,1,0,1,1,NULL,NULL,NULL,NULL,NULL,'--- !ruby/hash:ActiveSupport::HashWithIndifferentAccess\nanschaffungskategorie: AV-Technik\nreference: invoice\numzug: zgeln\nankunftszustand: intakt\n','2013-08-24 11:22:39','2013-08-24 11:22:39'),(210,'2nkx8ibis3uhus7mix7s126','ab:66:f2:08:19:d1-81:ef:7f:bd:a2:c3-4b:2d:bc:8b:96:c0',216,115,197,1,NULL,NULL,'2009-03-10','2013-08-24',NULL,NULL,'160.00',0,0,1,0,1,1,NULL,NULL,NULL,NULL,NULL,'--- !ruby/hash:ActiveSupport::HashWithIndifferentAccess\nanschaffungskategorie: AV-Technik\nreference: invoice\numzug: zgeln\nankunftszustand: intakt\n','2013-08-24 11:22:39','2013-08-24 11:22:39'),(211,'9vc2c2z2p0tcg8c21l88127','0c:6e:93:82:ce:be-b2:f6:c9:f7:90:9f-e8:16:32:d5:2a:42',217,NULL,NULL,1,NULL,NULL,NULL,NULL,NULL,NULL,NULL,0,0,1,0,1,0,NULL,NULL,NULL,NULL,NULL,'--- !ruby/hash:ActiveSupport::HashWithIndifferentAccess\nlicense_type: single_workplace\nactivation_type: serial_number\noperating_system:\n- windows\n- linux\ninstallation:\n- citrix\n- web\nprocured_by: Branson Fadel\nreference: invoice\nmaintenance_contract: \'false\'\n','2013-08-24 11:22:39','2013-08-24 11:22:39'),(212,'k28waaamcq5sqx54l506128','31:3c:2e:e8:a2:af-3c:f4:08:ae:ed:9c-c9:db:67:5e:3a:37',218,116,198,8,NULL,NULL,'2010-04-18','2013-08-19',NULL,NULL,'665.00',0,0,1,0,2,1,NULL,NULL,NULL,NULL,NULL,'--- !ruby/hash:ActiveSupport::HashWithIndifferentAccess\nanschaffungskategorie: AV-Technik\nreference: invoice\numzug: zgeln\nankunftszustand: intakt\n','2013-08-19 00:00:00','2013-08-19 00:00:00'),(213,'pgwp2dkeyxvxm8o4fz1u129','1c:76:8e:87:41:ea-3c:b3:d0:be:e8:69-68:e1:8d:14:32:83',218,117,199,3,NULL,NULL,'2009-09-11','2013-08-19',NULL,NULL,'739.00',0,0,1,0,2,1,NULL,NULL,NULL,NULL,NULL,'--- !ruby/hash:ActiveSupport::HashWithIndifferentAccess\nanschaffungskategorie: AV-Technik\nreference: invoice\numzug: zgeln\nankunftszustand: intakt\n','2013-08-19 00:00:00','2013-08-19 00:00:00'),(214,'5621ae7m0zthn93lxqhn130','01:57:65:9b:0d:80-3e:25:ff:06:6b:99-ff:a5:fd:d1:b4:ec',218,118,200,4,NULL,NULL,'2011-06-23','2013-08-19',NULL,NULL,'1286.00',0,0,1,0,2,1,NULL,NULL,NULL,NULL,NULL,'--- !ruby/hash:ActiveSupport::HashWithIndifferentAccess\nanschaffungskategorie: AV-Technik\nreference: invoice\numzug: zgeln\nankunftszustand: intakt\n','2013-08-19 00:00:00','2013-08-19 00:00:00'),(215,'bl1vrywq1wx9sii543e2131','be:64:fc:57:e7:2d-26:a0:1b:d3:8b:11-e3:bc:4e:74:6d:9a',222,119,201,1,NULL,NULL,'2008-06-08','2013-08-24',NULL,NULL,'698.00',0,0,1,0,12,1,NULL,NULL,NULL,NULL,NULL,'--- !ruby/hash:ActiveSupport::HashWithIndifferentAccess\nanschaffungskategorie: AV-Technik\nreference: invoice\numzug: zgeln\nankunftszustand: intakt\n','2013-08-24 11:22:39','2013-08-24 11:22:39'),(216,'m604pt5jhu8e7lor2qwq132','55:ca:20:01:9d:a8-37:ec:2b:20:48:36-ec:f0:79:c5:00:a3',223,120,202,8,NULL,NULL,'2009-08-18','2013-08-24',NULL,NULL,'689.00',0,0,1,0,13,1,NULL,NULL,NULL,NULL,NULL,'--- !ruby/hash:ActiveSupport::HashWithIndifferentAccess\nanschaffungskategorie: AV-Technik\nreference: invoice\numzug: zgeln\nankunftszustand: intakt\n','2013-08-24 11:22:39','2013-08-24 11:22:39'),(217,'6uy0qdili2v6ekialdy1133','9b:e8:59:d1:31:ca-98:8a:f9:91:7d:30-f5:71:98:bf:78:d2',224,121,203,9,NULL,NULL,'2010-12-08','2013-08-24',NULL,NULL,'1091.00',0,0,1,0,14,1,NULL,NULL,NULL,NULL,NULL,'--- !ruby/hash:ActiveSupport::HashWithIndifferentAccess\nanschaffungskategorie: AV-Technik\nreference: invoice\numzug: zgeln\nankunftszustand: intakt\n','2013-08-24 11:22:39','2013-08-24 11:22:39'),(218,'aziacv26qud2z4axectl134','5e:0c:34:a3:bc:31-f7:fc:69:f6:62:37-27:f2:dd:69:c9:90',225,122,204,6,NULL,NULL,'2012-04-21','2013-08-24',NULL,NULL,'352.00',0,0,1,0,1,1,NULL,NULL,NULL,NULL,NULL,'--- !ruby/hash:ActiveSupport::HashWithIndifferentAccess\nanschaffungskategorie: AV-Technik\nreference: invoice\numzug: zgeln\nankunftszustand: intakt\n','2013-08-24 11:22:39','2013-08-24 11:22:39'),(219,'pctnh1c04whfy3103afp135','6e:c5:b7:7d:73:d6-7a:a1:ce:df:46:6b-46:36:22:29:5c:73',226,123,205,13,NULL,NULL,'2009-11-21','2013-08-24',NULL,NULL,'336.00',0,0,1,0,1,1,NULL,NULL,NULL,NULL,NULL,'--- !ruby/hash:ActiveSupport::HashWithIndifferentAccess\nanschaffungskategorie: AV-Technik\nreference: invoice\numzug: zgeln\nankunftszustand: intakt\n','2013-08-24 11:22:39','2013-08-24 11:22:39'),(220,'sjgqial80o2naabrcrh6136','70:a3:e4:55:0d:77-16:f0:79:86:d7:90-3f:af:89:2b:20:c9',227,124,206,5,NULL,NULL,'2009-03-17','2013-08-24',NULL,NULL,'645.00',0,0,1,0,1,1,NULL,NULL,NULL,NULL,NULL,'--- !ruby/hash:ActiveSupport::HashWithIndifferentAccess\nanschaffungskategorie: AV-Technik\nreference: invoice\numzug: zgeln\nankunftszustand: intakt\n','2013-08-24 11:22:39','2013-08-24 11:22:39'),(221,'ge1dok4s40rmd7e01gif137','7a:34:03:14:57:d6-fe:dd:6b:d1:73:44-80:cd:97:16:66:f5',228,125,207,13,NULL,NULL,'2011-01-05','2013-08-24',NULL,NULL,'1215.00',0,0,1,0,1,1,NULL,NULL,NULL,NULL,NULL,'--- !ruby/hash:ActiveSupport::HashWithIndifferentAccess\nanschaffungskategorie: AV-Technik\nreference: invoice\numzug: zgeln\nankunftszustand: intakt\n','2013-08-24 11:22:39','2013-08-24 11:22:39'),(222,'2us3nkuc74tos73mgon9138','41:24:4f:d7:f7:ea-bb:9c:0e:ae:8f:8b-b6:a5:d0:89:65:79',229,126,208,9,NULL,NULL,'2010-07-13','2013-08-24',NULL,NULL,'180.00',0,0,1,0,1,1,NULL,NULL,NULL,NULL,NULL,'--- !ruby/hash:ActiveSupport::HashWithIndifferentAccess\nanschaffungskategorie: AV-Technik\nreference: invoice\numzug: zgeln\nankunftszustand: intakt\n','2013-08-24 11:22:39','2013-08-24 11:22:39'),(223,'0ca8ccs8v3qcjjy6p4t1139','74:cd:c2:46:a9:1d-11:22:8e:f6:ad:c3-03:d3:4c:26:19:43',230,127,209,13,NULL,NULL,'2012-11-16','2013-08-24',NULL,NULL,'886.00',0,0,1,0,1,1,NULL,NULL,NULL,NULL,NULL,'--- !ruby/hash:ActiveSupport::HashWithIndifferentAccess\nanschaffungskategorie: AV-Technik\nreference: invoice\numzug: zgeln\nankunftszustand: intakt\n','2013-08-24 11:22:39','2013-08-24 11:22:39'),(224,'p3ongicswvxq1s3gza1a140','1d:c6:38:3f:23:27-22:94:75:57:af:77-e8:36:99:04:88:02',231,128,210,8,NULL,NULL,'2008-11-20','2013-08-24',NULL,NULL,'740.00',0,0,1,0,1,1,NULL,NULL,NULL,NULL,NULL,'--- !ruby/hash:ActiveSupport::HashWithIndifferentAccess\nanschaffungskategorie: AV-Technik\nreference: invoice\numzug: zgeln\nankunftszustand: intakt\n','2013-08-24 11:22:39','2013-08-24 11:22:39'),(225,'b1toul2kj0lr145msvtv141','25:e0:50:e0:18:bf-df:8f:99:c2:3c:67-5f:04:01:e6:80:f6',232,129,211,11,NULL,NULL,'2009-12-18','2013-08-24',NULL,NULL,'729.00',0,0,1,0,1,1,NULL,NULL,NULL,NULL,NULL,'--- !ruby/hash:ActiveSupport::HashWithIndifferentAccess\nanschaffungskategorie: AV-Technik\nreference: invoice\numzug: zgeln\nankunftszustand: intakt\n','2013-08-24 11:22:39','2013-08-24 11:22:39'),(226,'71bpn4nn6ziz04w7dq11142','10:29:64:17:ea:8b-40:63:22:f2:7f:fb-16:1a:0b:5f:25:67',233,130,212,12,NULL,NULL,'2012-10-03','2013-08-24',NULL,NULL,'1211.00',0,0,1,0,1,1,NULL,NULL,NULL,NULL,NULL,'--- !ruby/hash:ActiveSupport::HashWithIndifferentAccess\nanschaffungskategorie: AV-Technik\nreference: invoice\numzug: zgeln\nankunftszustand: intakt\n','2013-08-24 11:22:39','2013-08-24 11:22:39'),(227,'qt6w3sr34ddovx1dzllr143','be:2c:4c:1d:ee:8b-b9:24:3d:bd:f3:ff-8f:72:0c:17:3e:13',234,131,213,3,NULL,NULL,'2010-06-25','2013-08-24',NULL,NULL,'992.00',0,0,1,0,1,1,NULL,NULL,NULL,NULL,NULL,'--- !ruby/hash:ActiveSupport::HashWithIndifferentAccess\nanschaffungskategorie: AV-Technik\nreference: invoice\numzug: zgeln\nankunftszustand: intakt\n','2013-08-24 11:22:39','2013-08-24 11:22:39'),(228,'5kcutzc0i9usi0m0q81o144','67:88:55:78:14:cb-50:99:b3:42:23:ec-99:4a:89:11:c2:63',235,132,214,5,NULL,NULL,'2009-06-26','2013-08-24',NULL,NULL,'1445.00',0,0,1,0,1,1,NULL,NULL,NULL,NULL,NULL,'--- !ruby/hash:ActiveSupport::HashWithIndifferentAccess\nanschaffungskategorie: AV-Technik\nreference: invoice\numzug: zgeln\nankunftszustand: intakt\n','2013-08-24 11:22:39','2013-08-24 11:22:39'),(229,'05iq3oetue4uo7v9josr145','e5:d7:dc:8c:ce:e2-19:24:ef:36:61:0b-97:9e:73:88:c6:fb',236,133,215,10,NULL,NULL,'2008-10-24','2013-08-19',NULL,NULL,'179.00',0,0,1,0,1,1,NULL,NULL,NULL,NULL,NULL,'--- !ruby/hash:ActiveSupport::HashWithIndifferentAccess\nanschaffungskategorie: AV-Technik\nreference: invoice\numzug: zgeln\nankunftszustand: intakt\n','2013-08-19 00:00:00','2013-08-19 00:00:00'),(230,'eo5yy3td29p6oprt5cpm146','2d:71:64:4e:56:de-f2:09:2b:e8:41:e2-6e:58:ea:d1:6f:40',237,134,216,9,NULL,NULL,'2012-11-13','2013-08-19',NULL,NULL,'872.00',0,0,1,0,1,1,NULL,NULL,NULL,NULL,NULL,'--- !ruby/hash:ActiveSupport::HashWithIndifferentAccess\nanschaffungskategorie: AV-Technik\nreference: invoice\numzug: zgeln\nankunftszustand: intakt\n','2013-08-19 00:00:00','2013-08-19 00:00:00'),(231,'az4evu33tmjvhxxpwhgu147','a6:44:e8:ec:f7:f7-9b:f3:79:f1:3f:9a-da:54:ef:2c:a6:82',238,135,217,14,NULL,NULL,'2008-02-18','2013-08-19',NULL,NULL,'147.00',0,0,1,0,1,1,NULL,NULL,NULL,NULL,NULL,'--- !ruby/hash:ActiveSupport::HashWithIndifferentAccess\nanschaffungskategorie: AV-Technik\nreference: invoice\numzug: zgeln\nankunftszustand: intakt\n','2013-08-19 00:00:00','2013-08-19 00:00:00'),(232,'pmo01kohz23pw6cocns9148','bb:24:55:ee:e8:a8-b8:86:4e:e2:88:8a-86:6d:c4:7b:ad:9b',239,136,218,9,NULL,NULL,'2009-06-16','2013-08-19',NULL,NULL,'973.00',0,0,1,0,1,1,NULL,NULL,NULL,NULL,NULL,'--- !ruby/hash:ActiveSupport::HashWithIndifferentAccess\nanschaffungskategorie: AV-Technik\nreference: invoice\numzug: zgeln\nankunftszustand: intakt\n','2013-08-19 00:00:00','2013-08-19 00:00:00'),(233,'hz6fw9xnwrdkdjqdxahi149','52:b0:02:24:d2:4d-3c:fe:a7:d1:6e:8b-18:96:1a:e7:91:bc',240,137,219,5,NULL,NULL,'2011-12-22','2013-08-24',NULL,NULL,'857.00',0,0,1,0,2,1,NULL,NULL,NULL,NULL,NULL,'--- !ruby/hash:ActiveSupport::HashWithIndifferentAccess\nanschaffungskategorie: AV-Technik\nreference: invoice\numzug: zgeln\nankunftszustand: intakt\n','2013-08-24 11:22:39','2013-08-24 11:22:39'),(234,'u8saa7vbcutnzfl5pkra150','47:64:03:b8:6e:e0-fe:3c:c3:2f:fc:a7-57:7a:4c:cd:16:fa',240,138,220,13,NULL,NULL,'2008-05-30','2013-08-24',NULL,NULL,'34.00',0,0,1,0,2,1,NULL,NULL,NULL,NULL,NULL,'--- !ruby/hash:ActiveSupport::HashWithIndifferentAccess\nanschaffungskategorie: AV-Technik\nreference: invoice\numzug: zgeln\nankunftszustand: intakt\n','2013-08-24 11:22:39','2013-08-24 11:22:39'),(235,'lnt5anllqqyurtp8e7eh151','62:d4:94:a7:37:81-b1:de:03:3c:79:7c-6c:91:cf:12:b8:d4',240,139,221,11,NULL,NULL,'2012-02-09','2013-08-24',NULL,NULL,'1129.00',0,0,1,0,2,1,NULL,NULL,NULL,NULL,NULL,'--- !ruby/hash:ActiveSupport::HashWithIndifferentAccess\nanschaffungskategorie: AV-Technik\nreference: invoice\numzug: zgeln\nankunftszustand: intakt\n','2013-08-24 11:22:39','2013-08-24 11:22:39'),(236,'5koa54d78semkw2yyw79152','17:45:51:db:d3:2a-53:7b:2c:ab:9a:c6-ae:ff:ff:20:74:f4',244,140,222,2,NULL,NULL,'2011-09-17','2013-08-24',NULL,NULL,'75.00',0,0,1,0,2,1,NULL,NULL,NULL,NULL,NULL,'--- !ruby/hash:ActiveSupport::HashWithIndifferentAccess\nanschaffungskategorie: AV-Technik\nreference: invoice\numzug: zgeln\nankunftszustand: intakt\n','2013-08-24 11:22:39','2013-08-24 11:22:39'),(237,'3xq57juhegqt4vlg0fct153','95:9f:2b:a1:09:94-56:3f:4b:3f:1e:c8-9c:e7:88:18:3e:ea',244,141,223,8,NULL,NULL,'2010-10-04','2013-08-24',NULL,NULL,'1194.00',0,0,1,0,2,1,NULL,NULL,NULL,NULL,NULL,'--- !ruby/hash:ActiveSupport::HashWithIndifferentAccess\nanschaffungskategorie: AV-Technik\nreference: invoice\numzug: zgeln\nankunftszustand: intakt\n','2013-08-24 11:22:39','2013-08-24 11:22:39'),(238,'driydaytv9vflt3kfjcx154','5b:c1:44:0e:af:99-1b:8b:be:9e:bf:1a-01:6b:e1:cd:57:09',244,142,224,7,NULL,NULL,'2011-09-14','2013-08-24',NULL,NULL,'489.00',0,0,1,0,2,1,NULL,NULL,NULL,NULL,NULL,'--- !ruby/hash:ActiveSupport::HashWithIndifferentAccess\nanschaffungskategorie: AV-Technik\nreference: invoice\numzug: zgeln\nankunftszustand: intakt\n','2013-08-24 11:22:39','2013-08-24 11:22:39'),(239,'ch1ualy8c9wj2faiapem155','de:4d:bc:1c:6b:3f-64:55:73:4e:ac:61-2e:33:26:fc:65:b7',248,143,225,4,NULL,NULL,'2009-07-29','2013-08-24',NULL,NULL,'1256.00',0,0,1,0,2,1,NULL,NULL,NULL,NULL,NULL,'--- !ruby/hash:ActiveSupport::HashWithIndifferentAccess\nanschaffungskategorie: AV-Technik\nreference: invoice\numzug: zgeln\nankunftszustand: intakt\n','2013-08-24 11:22:39','2013-08-24 11:22:39'),(240,'po1zsm0wbbjru1vxv684156','d9:fa:71:46:9c:26-00:36:b7:0f:41:d5-6e:e3:13:6f:4a:74',248,144,226,2,NULL,NULL,'2012-02-11','2013-08-24',NULL,NULL,'36.00',0,0,1,0,2,1,NULL,NULL,NULL,NULL,NULL,'--- !ruby/hash:ActiveSupport::HashWithIndifferentAccess\nanschaffungskategorie: AV-Technik\nreference: invoice\numzug: zgeln\nankunftszustand: intakt\n','2013-08-24 11:22:39','2013-08-24 11:22:39'),(241,'03tjqd20zqc65fbqmdkt157','14:a7:3b:14:2e:ef-84:d9:ab:72:db:43-09:dd:76:88:9a:42',248,145,227,4,NULL,NULL,'2012-12-10','2013-08-24',NULL,NULL,'81.00',0,0,1,0,2,1,NULL,NULL,NULL,NULL,NULL,'--- !ruby/hash:ActiveSupport::HashWithIndifferentAccess\nanschaffungskategorie: AV-Technik\nreference: invoice\numzug: zgeln\nankunftszustand: intakt\n','2013-08-24 11:22:39','2013-08-24 11:22:39'),(242,'u8jjwz4govnbz5l3ah86158','6d:e6:6a:08:ba:69-b4:6f:65:7c:25:66-09:0d:7f:b9:2c:6e',252,146,228,13,NULL,NULL,'2009-07-02','2013-08-24',NULL,NULL,'1199.00',0,0,1,0,2,1,NULL,NULL,NULL,NULL,NULL,'--- !ruby/hash:ActiveSupport::HashWithIndifferentAccess\nanschaffungskategorie: AV-Technik\nreference: invoice\numzug: zgeln\nankunftszustand: intakt\n','2013-08-24 11:22:39','2013-08-24 11:22:39'),(243,'xof2e67rhrvdzxxoha9d159','e0:2b:b1:58:3f:39-d7:cc:4f:24:7b:88-e8:76:67:a3:c6:a6',252,147,229,1,NULL,NULL,'2012-12-03','2013-08-24',NULL,NULL,'685.00',0,0,1,0,2,1,NULL,NULL,NULL,NULL,NULL,'--- !ruby/hash:ActiveSupport::HashWithIndifferentAccess\nanschaffungskategorie: AV-Technik\nreference: invoice\numzug: zgeln\nankunftszustand: intakt\n','2013-08-24 11:22:39','2013-08-24 11:22:39'),(244,'91valzz8ozr28inhed8b160','6f:bc:45:23:88:f6-c3:61:ff:25:c1:81-93:47:80:1c:e4:09',252,148,230,2,NULL,NULL,'2010-04-10','2013-08-24',NULL,NULL,'799.00',0,0,1,0,2,1,NULL,NULL,NULL,NULL,NULL,'--- !ruby/hash:ActiveSupport::HashWithIndifferentAccess\nanschaffungskategorie: AV-Technik\nreference: invoice\numzug: zgeln\nankunftszustand: intakt\n','2013-08-24 11:22:39','2013-08-24 11:22:39'),(245,'kwd9gz1eidteipzxy409161','5a:a6:d8:17:d1:f0-75:da:e7:cd:ce:1d-a9:3e:9b:3c:1e:56',256,149,231,14,NULL,NULL,'2009-05-11','2013-08-24',NULL,NULL,'354.00',0,0,1,0,2,1,NULL,NULL,NULL,NULL,NULL,'--- !ruby/hash:ActiveSupport::HashWithIndifferentAccess\nanschaffungskategorie: AV-Technik\nreference: invoice\numzug: zgeln\nankunftszustand: intakt\n','2013-08-24 11:22:39','2013-08-24 11:22:39'),(246,'m2mskz6ayz7zu37gevru162','ca:34:0a:ff:24:54-e0:2f:b1:8a:c6:44-ab:5b:55:4b:7a:11',256,150,232,3,NULL,NULL,'2011-01-05','2013-08-24',NULL,NULL,'111.00',0,0,1,0,2,1,NULL,NULL,NULL,NULL,NULL,'--- !ruby/hash:ActiveSupport::HashWithIndifferentAccess\nanschaffungskategorie: AV-Technik\nreference: invoice\numzug: zgeln\nankunftszustand: intakt\n','2013-08-24 11:22:39','2013-08-24 11:22:39'),(247,'z4bsbcbk5ii2wpvntc36163','7c:1a:c4:8f:e8:9a-90:84:75:10:1b:03-cf:b2:a0:d7:2c:29',256,151,233,7,NULL,NULL,'2010-08-13','2013-08-24',NULL,NULL,'895.00',0,0,1,0,2,1,NULL,NULL,NULL,NULL,NULL,'--- !ruby/hash:ActiveSupport::HashWithIndifferentAccess\nanschaffungskategorie: AV-Technik\nreference: invoice\numzug: zgeln\nankunftszustand: intakt\n','2013-08-24 11:22:39','2013-08-24 11:22:39'),(248,'3fu8k6axqjudnzhlp59j164','7e:fe:61:15:8a:fa-d6:31:35:aa:68:c7-0c:0f:f2:7d:e5:6a',260,152,234,1,NULL,NULL,'2008-01-21','2013-08-24',NULL,NULL,'971.00',0,0,1,0,1,1,NULL,NULL,NULL,NULL,NULL,'--- !ruby/hash:ActiveSupport::HashWithIndifferentAccess\nanschaffungskategorie: AV-Technik\nreference: invoice\numzug: zgeln\nankunftszustand: intakt\n','2013-08-24 11:22:39','2013-08-24 11:22:39'),(249,'4n647bm6hqv3skimhdlc165','6a:fd:64:cf:c4:bc-e5:f3:ab:e9:4d:d5-bc:de:fc:a8:a9:cd',260,153,235,13,NULL,NULL,'2012-01-14','2013-08-24',NULL,NULL,'1411.00',0,0,1,0,1,1,NULL,NULL,NULL,NULL,NULL,'--- !ruby/hash:ActiveSupport::HashWithIndifferentAccess\nanschaffungskategorie: AV-Technik\nreference: invoice\numzug: zgeln\nankunftszustand: intakt\n','2013-08-24 11:22:39','2013-08-24 11:22:39'),(250,'lveiqd77xn2yzyqafuz8166','a7:2d:1d:bf:c7:88-f9:66:9d:7f:66:ad-6f:4f:86:42:74:6f',260,154,236,1,NULL,NULL,'2011-10-14','2013-08-24',NULL,NULL,'337.00',0,0,1,0,1,1,NULL,NULL,NULL,NULL,NULL,'--- !ruby/hash:ActiveSupport::HashWithIndifferentAccess\nanschaffungskategorie: AV-Technik\nreference: invoice\numzug: zgeln\nankunftszustand: intakt\n','2013-08-24 11:22:39','2013-08-24 11:22:39'),(251,'ic2s5x43orq5wmsjzqxq167','ce:8d:3d:79:0e:3a-f4:06:65:4d:fd:13-cf:41:ae:28:4c:1f',264,155,237,5,NULL,NULL,'2011-12-31','2013-08-24',NULL,NULL,'1353.00',0,0,1,0,1,1,NULL,NULL,NULL,NULL,NULL,'--- !ruby/hash:ActiveSupport::HashWithIndifferentAccess\nanschaffungskategorie: AV-Technik\nreference: invoice\numzug: zgeln\nankunftszustand: intakt\n','2013-08-24 11:22:39','2013-08-24 11:22:39'),(252,'w5rhgzskyf7fxw1ved0q168','bf:08:e5:85:7a:0d-6a:a2:68:8e:53:f1-2a:d5:2a:05:6b:55',264,156,238,1,NULL,NULL,'2012-08-01','2013-08-24',NULL,NULL,'205.00',0,0,1,0,1,1,NULL,NULL,NULL,NULL,NULL,'--- !ruby/hash:ActiveSupport::HashWithIndifferentAccess\nanschaffungskategorie: AV-Technik\nreference: invoice\numzug: zgeln\nankunftszustand: intakt\n','2013-08-24 11:22:39','2013-08-24 11:22:39'),(253,'dewufti888vkps37f6eo169','12:08:6d:0c:77:04-91:5a:60:8d:c1:5f-cf:58:38:fd:5a:7a',264,157,239,8,NULL,NULL,'2011-04-28','2013-08-24',NULL,NULL,'247.00',0,0,1,0,1,1,NULL,NULL,NULL,NULL,NULL,'--- !ruby/hash:ActiveSupport::HashWithIndifferentAccess\nanschaffungskategorie: AV-Technik\nreference: invoice\numzug: zgeln\nankunftszustand: intakt\n','2013-08-24 11:22:39','2013-08-24 11:22:39'),(254,'q7q8kwp4yvko5hy3whg9170','09:13:26:44:e7:5e-45:38:c3:f1:5c:4e-aa:d5:08:37:3c:2b',268,158,240,14,NULL,NULL,'2010-04-21','2013-08-24',NULL,NULL,'14.00',0,0,1,0,1,1,NULL,NULL,NULL,NULL,NULL,'--- !ruby/hash:ActiveSupport::HashWithIndifferentAccess\nanschaffungskategorie: AV-Technik\nreference: invoice\numzug: zgeln\nankunftszustand: intakt\n','2013-08-24 11:22:39','2013-08-24 11:22:39'),(255,'55l4gpr5rglhxp4mg7mw171','73:2b:22:56:24:5d-97:dc:0b:f8:e1:45-56:4f:86:25:da:8a',268,159,241,8,NULL,NULL,'2008-12-31','2013-08-24',NULL,NULL,'899.00',0,0,1,0,1,1,NULL,NULL,NULL,NULL,NULL,'--- !ruby/hash:ActiveSupport::HashWithIndifferentAccess\nanschaffungskategorie: AV-Technik\nreference: invoice\numzug: zgeln\nankunftszustand: intakt\n','2013-08-24 11:22:39','2013-08-24 11:22:39'),(256,'iuugymyxxk8vomli3vnb172','63:8d:f1:d9:6c:71-e2:62:b9:50:35:ce-3d:15:4b:06:8a:f2',268,160,242,10,NULL,NULL,'2011-05-11','2013-08-24',NULL,NULL,'968.00',0,0,1,0,1,1,NULL,NULL,NULL,NULL,NULL,'--- !ruby/hash:ActiveSupport::HashWithIndifferentAccess\nanschaffungskategorie: AV-Technik\nreference: invoice\numzug: zgeln\nankunftszustand: intakt\n','2013-08-24 11:22:39','2013-08-24 11:22:39'),(257,'oif8kznmhw7utxnac5do173','67:4b:a1:92:c6:5e-f8:f9:1e:a2:04:29-c2:50:68:79:6c:cc',272,161,243,2,NULL,NULL,'2009-09-04','2013-08-24',NULL,NULL,'79.00',0,0,1,0,2,1,NULL,NULL,NULL,NULL,NULL,'--- !ruby/hash:ActiveSupport::HashWithIndifferentAccess\nanschaffungskategorie: AV-Technik\nreference: invoice\numzug: zgeln\nankunftszustand: intakt\n','2013-08-24 11:22:39','2013-08-24 11:22:39'),(258,'6jkbw0w6cjektv8md8hb174','be:75:bc:76:61:02-dc:f1:49:34:ff:b6-bd:87:1d:dc:50:b6',272,162,244,9,NULL,NULL,'2008-09-15','2013-08-24',NULL,NULL,'832.00',0,0,1,0,2,1,NULL,NULL,NULL,NULL,NULL,'--- !ruby/hash:ActiveSupport::HashWithIndifferentAccess\nanschaffungskategorie: AV-Technik\nreference: invoice\numzug: zgeln\nankunftszustand: intakt\n','2013-08-24 11:22:39','2013-08-24 11:22:39'),(259,'wfx202qtydqi7rdielfc175','c8:ad:cc:98:37:30-4d:2f:76:fc:d2:12-97:79:96:8f:a9:a0',272,163,245,5,NULL,NULL,'2010-02-21','2013-08-24',NULL,NULL,'1089.00',0,0,1,0,2,1,NULL,NULL,NULL,NULL,NULL,'--- !ruby/hash:ActiveSupport::HashWithIndifferentAccess\nanschaffungskategorie: AV-Technik\nreference: invoice\numzug: zgeln\nankunftszustand: intakt\n','2013-08-24 11:22:39','2013-08-24 11:22:39'),(260,'xeut39y7d8y4gr0yuney176','39:26:3d:41:e8:67-6f:ea:3d:4c:cf:21-cf:cc:cb:40:1a:ab',276,164,246,11,NULL,NULL,'2011-09-21','2013-08-24',NULL,NULL,'15.00',0,0,1,0,2,1,NULL,NULL,NULL,NULL,NULL,'--- !ruby/hash:ActiveSupport::HashWithIndifferentAccess\nanschaffungskategorie: AV-Technik\nreference: invoice\numzug: zgeln\nankunftszustand: intakt\n','2013-08-24 11:22:39','2013-08-24 11:22:39'),(261,'l6k68gv1x8d57n5z0d0b177','a6:1a:ac:4f:85:71-56:54:e2:75:a3:96-59:34:be:74:5e:fd',276,165,247,11,NULL,NULL,'2009-09-25','2013-08-24',NULL,NULL,'789.00',0,0,1,0,2,1,NULL,NULL,NULL,NULL,NULL,'--- !ruby/hash:ActiveSupport::HashWithIndifferentAccess\nanschaffungskategorie: AV-Technik\nreference: invoice\numzug: zgeln\nankunftszustand: intakt\n','2013-08-24 11:22:39','2013-08-24 11:22:39'),(262,'vg8cxdb50x1lzz0uzrya178','b2:7b:7a:74:04:a6-b6:39:8d:ee:a4:07-ff:ee:79:d6:b4:b9',276,166,248,10,NULL,NULL,'2009-05-22','2013-08-24',NULL,NULL,'723.00',0,0,1,0,2,1,NULL,NULL,NULL,NULL,NULL,'--- !ruby/hash:ActiveSupport::HashWithIndifferentAccess\nanschaffungskategorie: AV-Technik\nreference: invoice\numzug: zgeln\nankunftszustand: intakt\n','2013-08-24 11:22:39','2013-08-24 11:22:39'),(263,'r2vxq0603dglph47akac179','61:c9:91:12:87:06-28:61:c3:df:cf:ed-bf:49:db:3f:06:30',280,167,249,8,NULL,NULL,'2008-09-08','2013-08-24',NULL,NULL,'991.00',0,0,1,0,2,1,NULL,NULL,NULL,NULL,NULL,'--- !ruby/hash:ActiveSupport::HashWithIndifferentAccess\nanschaffungskategorie: AV-Technik\nreference: invoice\numzug: zgeln\nankunftszustand: intakt\n','2013-08-24 11:22:39','2013-08-24 11:22:39'),(264,'duxtddtqj2zxcz7pultv180','f3:09:d5:74:c7:df-fe:dc:14:fd:ff:1e-63:76:0c:87:ea:e1',280,168,250,10,NULL,NULL,'2009-10-05','2013-08-24',NULL,NULL,'651.00',0,0,1,0,2,1,NULL,NULL,NULL,NULL,NULL,'--- !ruby/hash:ActiveSupport::HashWithIndifferentAccess\nanschaffungskategorie: AV-Technik\nreference: invoice\numzug: zgeln\nankunftszustand: intakt\n','2013-08-24 11:22:39','2013-08-24 11:22:39'),(265,'3kix6iucxod8xhpo0tgm181','d4:3c:8b:69:6a:8c-78:83:7c:29:64:83-4e:11:85:5d:ad:1c',280,169,251,5,NULL,NULL,'2008-04-08','2013-08-24',NULL,NULL,'92.00',0,0,1,0,2,1,NULL,NULL,NULL,NULL,NULL,'--- !ruby/hash:ActiveSupport::HashWithIndifferentAccess\nanschaffungskategorie: AV-Technik\nreference: invoice\numzug: zgeln\nankunftszustand: intakt\n','2013-08-24 11:22:39','2013-08-24 11:22:39'),(266,'o2mbuwnkv1xstt7h6blk182','3a:af:ab:c7:89:76-10:45:9b:93:8f:48-32:08:22:26:9e:b5',284,170,252,7,NULL,NULL,'2008-03-09','2013-08-24',NULL,NULL,'1378.00',0,0,1,0,1,1,NULL,NULL,NULL,NULL,NULL,'--- !ruby/hash:ActiveSupport::HashWithIndifferentAccess\nanschaffungskategorie: AV-Technik\nreference: invoice\numzug: zgeln\nankunftszustand: intakt\n','2013-08-24 11:22:39','2013-08-24 11:22:39'),(267,'3p0fydlyf1tm0hciqxe7183','5a:23:b9:f4:28:0c-95:34:33:6f:11:3e-77:2b:d4:28:2d:bd',284,171,253,4,NULL,NULL,'2008-12-18','2013-08-24',NULL,NULL,'1384.00',0,0,1,0,1,1,NULL,NULL,NULL,NULL,NULL,'--- !ruby/hash:ActiveSupport::HashWithIndifferentAccess\nanschaffungskategorie: AV-Technik\nreference: invoice\numzug: zgeln\nankunftszustand: intakt\n','2013-08-24 11:22:39','2013-08-24 11:22:39'),(268,'fq38v640peho28r4v6yl184','74:41:81:06:52:e9-b5:26:f4:75:60:50-fc:f8:36:25:ff:66',284,172,254,11,NULL,NULL,'2008-01-25','2013-08-24',NULL,NULL,'174.00',0,0,1,0,1,1,NULL,NULL,NULL,NULL,NULL,'--- !ruby/hash:ActiveSupport::HashWithIndifferentAccess\nanschaffungskategorie: AV-Technik\nreference: invoice\numzug: zgeln\nankunftszustand: intakt\n','2013-08-24 11:22:39','2013-08-24 11:22:39'),(269,'1fcm41l5ac4nk6qqtqeb185','e8:1c:69:10:a1:3b-95:09:73:e2:58:9d-e5:dc:1c:0d:76:99',288,173,255,7,NULL,NULL,'2009-12-01','2013-08-24',NULL,NULL,'790.00',0,0,1,0,1,1,NULL,NULL,NULL,NULL,NULL,'--- !ruby/hash:ActiveSupport::HashWithIndifferentAccess\nanschaffungskategorie: AV-Technik\nreference: invoice\numzug: zgeln\nankunftszustand: intakt\n','2013-08-24 11:22:39','2013-08-24 11:22:39'),(270,'rzvffie04w9bucnu37jw186','15:6d:c5:9f:7b:23-c7:84:64:06:cc:4b-01:f1:5c:04:5c:51',288,174,256,9,NULL,NULL,'2009-03-09','2013-08-24',NULL,NULL,'892.00',0,0,1,0,1,1,NULL,NULL,NULL,NULL,NULL,'--- !ruby/hash:ActiveSupport::HashWithIndifferentAccess\nanschaffungskategorie: AV-Technik\nreference: invoice\numzug: zgeln\nankunftszustand: intakt\n','2013-08-24 11:22:39','2013-08-24 11:22:39'),(271,'rfdrh76jk6nykbwmsihu187','ac:76:29:a6:89:9e-bb:a3:35:1e:6d:54-8f:4e:a8:e7:a6:c1',288,175,257,9,NULL,NULL,'2009-02-11','2013-08-24',NULL,NULL,'437.00',0,0,1,0,1,1,NULL,NULL,NULL,NULL,NULL,'--- !ruby/hash:ActiveSupport::HashWithIndifferentAccess\nanschaffungskategorie: AV-Technik\nreference: invoice\numzug: zgeln\nankunftszustand: intakt\n','2013-08-24 11:22:39','2013-08-24 11:22:39'),(272,'68mdwe334ms35bukf6i1188','72:0f:df:f1:fd:e4-05:8b:80:93:e9:a6-57:ee:c6:da:51:8d',292,176,258,11,NULL,NULL,'2008-05-24','2013-08-24',NULL,NULL,'1149.00',0,0,1,0,1,1,NULL,NULL,NULL,NULL,NULL,'--- !ruby/hash:ActiveSupport::HashWithIndifferentAccess\nanschaffungskategorie: AV-Technik\nreference: invoice\numzug: zgeln\nankunftszustand: intakt\n','2013-08-24 11:22:39','2013-08-24 11:22:39'),(273,'tt2b1z2tu7jeypnnkz30189','2d:e2:26:94:8a:32-bc:5e:e6:79:16:43-39:92:e6:d9:56:18',292,177,259,8,NULL,NULL,'2011-07-15','2013-08-24',NULL,NULL,'708.00',0,0,1,0,1,1,NULL,NULL,NULL,NULL,NULL,'--- !ruby/hash:ActiveSupport::HashWithIndifferentAccess\nanschaffungskategorie: AV-Technik\nreference: invoice\numzug: zgeln\nankunftszustand: intakt\n','2013-08-24 11:22:39','2013-08-24 11:22:39'),(274,'wrlkiujuok61akdafr4m190','55:eb:f9:cc:95:c8-0c:67:92:af:4b:e9-89:00:e6:62:94:a6',292,178,260,12,NULL,NULL,'2010-09-28','2013-08-24',NULL,NULL,'370.00',0,0,1,0,1,1,NULL,NULL,NULL,NULL,NULL,'--- !ruby/hash:ActiveSupport::HashWithIndifferentAccess\nanschaffungskategorie: AV-Technik\nreference: invoice\numzug: zgeln\nankunftszustand: intakt\n','2013-08-24 11:22:39','2013-08-24 11:22:39'),(275,'gafhk1q1blcglwuayv9q191','61:e6:dd:c5:b1:62-5d:08:de:81:d9:ed-d8:df:4f:db:f6:12',296,179,261,7,NULL,NULL,'2008-11-12','2013-08-24',NULL,NULL,'515.00',0,0,1,0,1,1,NULL,NULL,NULL,NULL,NULL,'--- !ruby/hash:ActiveSupport::HashWithIndifferentAccess\nanschaffungskategorie: AV-Technik\nreference: invoice\numzug: zgeln\nankunftszustand: intakt\n','2013-08-24 11:22:39','2013-08-24 11:22:39'),(276,'9dik3cjqr8y83igh8zpj192','b7:4b:b2:34:f6:83-4a:c3:df:42:53:d1-04:4e:e8:7a:70:59',296,180,262,11,NULL,NULL,'2010-05-31','2013-08-24',NULL,NULL,'15.00',0,0,1,0,1,1,NULL,NULL,NULL,NULL,NULL,'--- !ruby/hash:ActiveSupport::HashWithIndifferentAccess\nanschaffungskategorie: AV-Technik\nreference: invoice\numzug: zgeln\nankunftszustand: intakt\n','2013-08-24 11:22:39','2013-08-24 11:22:39'),(277,'x56odkykz07fdvshrql3193','bd:88:98:cd:ab:88-81:3f:8e:8c:aa:13-2b:d1:7c:3a:4f:a7',296,181,263,11,NULL,NULL,'2010-02-02','2013-08-24',NULL,NULL,'980.00',0,0,1,0,1,1,NULL,NULL,NULL,NULL,NULL,'--- !ruby/hash:ActiveSupport::HashWithIndifferentAccess\nanschaffungskategorie: AV-Technik\nreference: invoice\numzug: zgeln\nankunftszustand: intakt\n','2013-08-24 11:22:39','2013-08-24 11:22:39'),(278,'lr6y9gckvr7tn8ianxf7194','c3:42:18:44:4f:be-fd:c9:ca:95:10:5c-36:46:93:7c:2c:72',300,NULL,264,1,NULL,NULL,'2010-07-04','2013-08-24',NULL,NULL,'936.00',0,0,1,0,1,1,NULL,NULL,NULL,NULL,NULL,'--- !ruby/hash:ActiveSupport::HashWithIndifferentAccess\nanschaffungskategorie: AV-Technik\nreference: invoice\numzug: zgeln\nankunftszustand: intakt\n','2013-08-24 11:22:39','2013-08-24 11:22:39'),(279,'cc5nfsrydn6bjm3d53xb195','49:bf:df:f6:97:43-9b:7f:f6:a8:bf:b9-48:18:17:21:6f:93',301,182,265,1,NULL,NULL,'2010-01-22','2013-08-24',NULL,NULL,'1399.00',0,0,1,0,1,1,NULL,NULL,NULL,NULL,NULL,'--- !ruby/hash:ActiveSupport::HashWithIndifferentAccess\nanschaffungskategorie: AV-Technik\nreference: invoice\numzug: zgeln\nankunftszustand: intakt\n','2013-08-24 11:22:39','2013-08-24 11:22:39'),(280,'z6yw16nq5yvgg793c87n196','42:b8:a2:d9:89:9b-90:f8:81:fc:ae:b7-81:2b:0f:e0:94:fc',302,NULL,NULL,1,NULL,NULL,NULL,NULL,NULL,NULL,NULL,0,0,0,0,2,0,NULL,NULL,NULL,NULL,NULL,'--- !ruby/hash:ActiveSupport::HashWithIndifferentAccess\noperating_system:\n- windows\nlicense_type: multiple_workplace\ntotal_quantity: 79\nreference: invoice\nactivation_type: none\nmaintenance_contract: \'false\'\n','2013-08-24 11:22:39','2013-08-24 11:22:39'),(281,'cer9vt4bwhnsu6byl50q197','d0:40:8e:84:1c:55-87:d8:96:b3:79:79-0c:ba:7e:58:6b:b1',303,183,266,3,NULL,NULL,'2009-09-30','2013-08-24',NULL,NULL,'283.00',0,0,1,0,1,1,NULL,NULL,NULL,NULL,NULL,'--- !ruby/hash:ActiveSupport::HashWithIndifferentAccess\nanschaffungskategorie: AV-Technik\nreference: invoice\numzug: zgeln\nankunftszustand: intakt\n','2013-08-24 11:22:39','2013-08-24 11:22:39'),(282,'fr2smwokxu6jl9fks9am198','81:2c:0e:bb:89:40-55:61:db:d2:d4:78-13:e9:da:61:ff:7c',303,184,267,5,NULL,NULL,'2010-03-01','2013-08-24',NULL,NULL,'68.00',0,0,1,0,1,1,NULL,NULL,NULL,NULL,NULL,'--- !ruby/hash:ActiveSupport::HashWithIndifferentAccess\nanschaffungskategorie: AV-Technik\nreference: invoice\numzug: zgeln\nankunftszustand: intakt\n','2013-08-24 11:22:39','2013-08-24 11:22:39'),(283,'ew6i7mnulwrbn0djjxyn199','d7:06:da:0e:80:72-13:d3:bb:a6:3d:37-10:f0:66:a9:28:52',303,185,268,8,NULL,NULL,'2011-03-23','2013-08-24',NULL,NULL,'383.00',0,0,1,0,1,1,NULL,NULL,NULL,NULL,NULL,'--- !ruby/hash:ActiveSupport::HashWithIndifferentAccess\nanschaffungskategorie: AV-Technik\nreference: invoice\numzug: zgeln\nankunftszustand: intakt\n','2013-08-24 11:22:39','2013-08-24 11:22:39');
/*!40000 ALTER TABLE `items` ENABLE KEYS */;
UNLOCK TABLES;

--
-- Table structure for table `languages`
--

DROP TABLE IF EXISTS `languages`;
/*!40101 SET @saved_cs_client     = @@character_set_client */;
/*!40101 SET character_set_client = utf8 */;
CREATE TABLE `languages` (
  `id` int(11) NOT NULL AUTO_INCREMENT,
  `name` varchar(255) COLLATE utf8_unicode_ci DEFAULT NULL,
  `locale_name` varchar(255) COLLATE utf8_unicode_ci DEFAULT NULL,
  `default` tinyint(1) DEFAULT NULL,
  `active` tinyint(1) DEFAULT NULL,
  PRIMARY KEY (`id`),
  UNIQUE KEY `index_languages_on_name` (`name`),
  KEY `index_languages_on_active_and_default` (`active`,`default`)
) ENGINE=InnoDB AUTO_INCREMENT=5 DEFAULT CHARSET=utf8 COLLATE=utf8_unicode_ci;
/*!40101 SET character_set_client = @saved_cs_client */;

--
-- Dumping data for table `languages`
--

LOCK TABLES `languages` WRITE;
/*!40000 ALTER TABLE `languages` DISABLE KEYS */;
INSERT INTO `languages` VALUES (1,'English','en-GB',1,1),(2,'Deutsch','de-CH',0,1),(3,'Castellano','es',0,1),(4,'Zrittsch','gsw-CH',0,1);
/*!40000 ALTER TABLE `languages` ENABLE KEYS */;
UNLOCK TABLES;

--
-- Table structure for table `locations`
--

DROP TABLE IF EXISTS `locations`;
/*!40101 SET @saved_cs_client     = @@character_set_client */;
/*!40101 SET character_set_client = utf8 */;
CREATE TABLE `locations` (
  `id` int(11) NOT NULL AUTO_INCREMENT,
  `room` varchar(255) COLLATE utf8_unicode_ci DEFAULT NULL,
  `shelf` varchar(255) COLLATE utf8_unicode_ci DEFAULT NULL,
  `building_id` int(11) DEFAULT NULL,
  PRIMARY KEY (`id`),
  KEY `index_locations_on_building_id` (`building_id`)
) ENGINE=InnoDB AUTO_INCREMENT=186 DEFAULT CHARSET=utf8 COLLATE=utf8_unicode_ci;
/*!40101 SET character_set_client = @saved_cs_client */;

--
-- Dumping data for table `locations`
--

LOCK TABLES `locations` WRITE;
/*!40000 ALTER TABLE `locations` DISABLE KEYS */;
INSERT INTO `locations` VALUES (1,'Inquasi','quaenisi',2),(2,'Numquamsed','providentdelectus',3),(3,'Placeatvoluptatem','autconsequatur',4),(4,'Repellendussed','erroritaque',5),(5,'Autdolor','ducimusea',6),(6,'Voluptatemest','mollitiaquis',7),(7,'Rerumsed','etdolorem',8),(8,'Nostrumcommodi','eumaut',9),(9,'Magnamid','nobisrecusandae',10),(10,'Omnisnecessitatibus','suntofficia',11),(11,'Hicet','eteum',12),(12,'Adipisciest','etvelit',13),(13,'Doloremdoloremque','autemsapiente',14),(14,'Inventoretempore','solutavoluptate',15),(15,'Autemet','doloribusmolestias',16),(16,'Ipsumaspernatur','utsit',17),(17,'Eased','utmolestiae',18),(18,'Providentsimilique','similiqueillum',19),(19,'Ipsumporro','quoet',20),(20,'Accusamusid','voluptaslibero',21),(21,'Exlibero','ettempore',22),(22,'Molestiassint','sapientelaboriosam',23),(23,'Minimaqui','utoccaecati',24),(24,'Repellatquae','inventoreeum',25),(25,'Inciduntqui','utiste',26),(26,'Natusrepellat','molestiaeconsequuntur',27),(27,'Sitillo','ipsumipsa',28),(28,'Placeatqui','etdeserunt',29),(29,'Consequaturillum','eosrepudiandae',30),(30,'Inventorevero','nihilmollitia',31),(31,'Ducimusminus','mollitianam',32),(32,'Similiqueneque','nobisrecusandae',33),(33,'Nisinatus','doloresunde',34),(34,'Necessitatibusminima','eosin',35),(35,'Aliquamearum','utdoloribus',36),(36,'Impeditamet','estitaque',37),(37,'Exullam','harumsed',38),(38,'Accusamusquam','atquesaepe',39),(39,'Suntassumenda','ullameos',40),(40,'SQ2','Desk',41),(41,'UG 13','Ausgabe',42),(42,'Autemreiciendis','quiaasperiores',43),(43,'Idrecusandae','autvel',44),(44,'Accusantiumid','quiaratione',45),(45,'Etsapiente','veritatisqui',46),(46,'Aliquamnesciunt','eosvoluptatibus',47),(47,'Voluptatemconsectetur','maioresrecusandae',48),(48,'Exlabore','expeditaaut',49),(49,'Laudantiumqui','adipisciqui',50),(50,'Quidempossimus','modivoluptatem',51),(51,'Quaeratducimus','inventoreest',52),(52,'Nihilcorrupti','architectosunt',53),(53,'Mollitiamolestias','animiquibusdam',54),(54,'Repellatquidem','enimdolor',55),(55,'Harumqui','arepellat',56),(56,'Suscipitenim','etaut',57),(57,'Rerummaxime','autut',58),(58,'Asperioresquo','nihilaut',59),(59,'Doloressuscipit','velitin',60),(60,'Voluptatespariatur','doloremexercitationem',61),(61,'Nemoaut','officiadignissimos',62),(62,'Inventoredolorem','quasveritatis',63),(63,'Quibusdamvero','exdolore',64),(64,'Quamdelectus','suntquia',65),(65,'Nemoatque','illuma',66),(66,'Accusamuseligendi','commodifugit',67),(67,'Mollitiacupiditate','earumnecessitatibus',68),(68,'Earumomnis','eaquevoluptas',69),(69,'Illumquam','aliquidlibero',70),(70,'Nihilet','nobisexplicabo',71),(71,'Oditconsequatur','nullanecessitatibus',72),(72,'Beataeassumenda','doloremquevoluptas',73),(73,'Eosaut','maioresarchitecto',74),(74,'Repellendusarchitecto','quismolestias',75),(75,'Estut','dolorumquod',76),(76,'Laboriosamminima','quoplaceat',77),(77,'Consequaturvero','nequeaut',78),(78,'Dictaeligendi','utneque',79),(79,'Veniamsint','sapientelaborum',80),(80,'Repellatveritatis','estillo',81),(81,'Autemminus','cumaccusantium',82),(82,'Estlaboriosam','dictaquidem',83),(83,'Eiustotam','liberopariatur',84),(84,'Utomnis','estqui',85),(85,'Molestiaedolorem','atet',86),(86,'Autrem','cupiditateodit',87),(87,'Architectonon','etqui',88),(88,'Saepequis','similiquenulla',89),(89,'Repudiandaemolestiae','utet',90),(90,'Autsit','perferendisvoluptatibus',91),(91,'Repudiandaeomnis','illoquos',92),(92,'Veniamconsequuntur','illumsed',93),(93,'Sitaut','officiapariatur',94),(94,'Eligendialias','velitdelectus',95),(95,'Etcommodi','sitest',96),(96,'Aliquidratione','quisut',97),(97,'Quiaperspiciatis','voluptasconsequuntur',98),(98,'Estnam','quitotam',99),(99,'Nullaipsum','remvoluptas',100),(100,'Quosomnis','solutainventore',101),(101,'Inquam','hiclaboriosam',102),(102,'Sitpossimus','etet',103),(103,'Voluptatesint','reiciendisqui',104),(104,'Sedsimilique','uta',105),(105,'Eumcorrupti','suscipitconsequatur',106),(106,'Deseruntvero','providentsit',107),(107,'Perferendishic','veniamut',108),(108,'Porrovoluptatem','autsuscipit',109),(109,'Voluptasaut','deserunttempora',110),(110,'Numquamautem','consequaturaliquam',111),(111,'Corruptivoluptas','cumqueeos',112),(112,'Evenietid','voluptatibussed',113),(113,'Etquod','nihilaccusamus',114),(114,'Repellatullam','ducimuspraesentium',115),(115,'Faceretemporibus','sitrecusandae',117),(116,'Quaeratomnis','delenitiut',118),(117,'Rerumaperiam','laudantiumconsequatur',119),(118,'Velvoluptatem','etquasi',120),(119,'Utblanditiis','porroest',121),(120,'Voluptatemet','nonex',122),(121,'Nonqui','perferendisexpedita',123),(122,'Assumendadeleniti','quosunt',124),(123,'Liberoqui','consequunturvel',125),(124,'Omnisvitae','impeditqui',126),(125,'Etasperiores','ipsamaliquid',127),(126,'Numquampariatur','eumnulla',128),(127,'Recusandaeiure','temporaofficiis',129),(128,'Commodiut','abeaque',130),(129,'Doloreminventore','rerumdolore',131),(130,'Sintenim','expeditatempora',132),(131,'Inventoreeum','voluptasamet',133),(132,'Numquamrerum','odioipsa',134),(133,'Autiusto','eosut',135),(134,'Autipsa','perspiciatisdolorem',136),(135,'Rerumplaceat','doloremquevoluptate',137),(136,'Veritatisaut','necessitatibusdelectus',138),(137,'Dolorumqui','debitisexercitationem',139),(138,'Laudantiumsoluta','eteveniet',140),(139,'Suntveniam','undetempore',141),(140,'Autsoluta','errorfuga',142),(141,'Quiamolestiae','infacilis',143),(142,'Corporiseius','eiuscommodi',144),(143,'Utdistinctio','voluptateminventore',145),(144,'Temporamodi','quiavoluptatibus',146),(145,'Etipsum','aliquamet',147),(146,'Inciduntrecusandae','voluptatemfugiat',148),(147,'Ducimusab','eumnon',149),(148,'Dolorut','dolorsoluta',150),(149,'Errornostrum','velitomnis',151),(150,'Facilisconsequuntur','esselibero',152),(151,'Ullamassumenda','aspernaturnulla',153),(152,'Quiavoluptatem','errorearum',154),(153,'Magnamut','veniameos',155),(154,'Perspiciatisnulla','adipisciinventore',156),(155,'Quaeratdolor','ethic',157),(156,'Cumqueneque','autnihil',158),(157,'Sedet','magnamvoluptas',159),(158,'Utrecusandae','fugaid',160),(159,'Earumex','nesciuntillum',161),(160,'Delectusarchitecto','eaalias',162),(161,'Nequeconsequatur','quasiearum',163),(162,'Veroet','dolorumperspiciatis',164),(163,'Aliasrepellendus','quaequas',165),(164,'Dolorequia','etlaudantium',166),(165,'Teneturminima','inventoredolores',167),(166,'Doloremqueeum','porroaut',168),(167,'Voluptatevoluptatem','earerum',169),(168,'Doloresrerum','suntreprehenderit',170),(169,'Autemdeserunt','sitea',171),(170,'Temporavoluptatem','etassumenda',172),(171,'Vitaealias','accusantiumsuscipit',173),(172,'Intenetur','sintexercitationem',174),(173,'Corruptisoluta','sintnesciunt',175),(174,'Auteum','illumofficia',176),(175,'Nobisrerum','cumnemo',177),(176,'Velofficia','fugiatdolore',178),(177,'Consecteturperferendis','providentsed',179),(178,'Occaecatia','suntnisi',180),(179,'Cupiditateeius','consecteturmollitia',181),(180,'Etdelectus','consequaturut',182),(181,'Enimdolorum','dignissimosdoloremque',183),(182,'Maiorestempore','quoquisquam',184),(183,'Etnobis','facilisofficiis',185),(184,'Corporisquae','accusantiumlabore',186),(185,'Ametsapiente','autodit',187);
/*!40000 ALTER TABLE `locations` ENABLE KEYS */;
UNLOCK TABLES;

--
-- Table structure for table `model_group_links`
--

DROP TABLE IF EXISTS `model_group_links`;
/*!40101 SET @saved_cs_client     = @@character_set_client */;
/*!40101 SET character_set_client = utf8 */;
CREATE TABLE `model_group_links` (
  `id` int(11) NOT NULL AUTO_INCREMENT,
  `ancestor_id` int(11) DEFAULT NULL,
  `descendant_id` int(11) DEFAULT NULL,
  `direct` tinyint(1) DEFAULT NULL,
  `count` int(11) DEFAULT NULL,
  `label` varchar(255) COLLATE utf8_unicode_ci DEFAULT NULL,
  PRIMARY KEY (`id`),
  KEY `index_model_group_links_on_ancestor_id` (`ancestor_id`),
  KEY `index_model_group_links_on_direct` (`direct`),
  KEY `index_on_descendant_id_and_ancestor_id_and_direct` (`descendant_id`,`ancestor_id`,`direct`)
) ENGINE=InnoDB AUTO_INCREMENT=9 DEFAULT CHARSET=utf8 COLLATE=utf8_unicode_ci;
/*!40101 SET character_set_client = @saved_cs_client */;

--
-- Dumping data for table `model_group_links`
--

LOCK TABLES `model_group_links` WRITE;
/*!40000 ALTER TABLE `model_group_links` DISABLE KEYS */;
INSERT INTO `model_group_links` VALUES (1,2,10,1,1,NULL),(2,2,8,1,1,NULL),(3,5,10,1,1,NULL),(4,5,9,1,1,NULL),(5,1,9,1,1,NULL),(6,1,11,0,1,NULL),(7,5,11,0,1,NULL),(8,9,11,1,1,NULL);
/*!40000 ALTER TABLE `model_group_links` ENABLE KEYS */;
UNLOCK TABLES;

--
-- Table structure for table `model_groups`
--

DROP TABLE IF EXISTS `model_groups`;
/*!40101 SET @saved_cs_client     = @@character_set_client */;
/*!40101 SET character_set_client = utf8 */;
CREATE TABLE `model_groups` (
  `id` int(11) NOT NULL AUTO_INCREMENT,
  `type` varchar(255) COLLATE utf8_unicode_ci DEFAULT NULL,
  `name` varchar(255) COLLATE utf8_unicode_ci DEFAULT NULL,
  `created_at` datetime DEFAULT NULL,
  `updated_at` datetime DEFAULT NULL,
  PRIMARY KEY (`id`),
  KEY `index_model_groups_on_type` (`type`)
) ENGINE=InnoDB AUTO_INCREMENT=15 DEFAULT CHARSET=utf8 COLLATE=utf8_unicode_ci;
/*!40101 SET character_set_client = @saved_cs_client */;

--
-- Dumping data for table `model_groups`
--

LOCK TABLES `model_groups` WRITE;
/*!40000 ALTER TABLE `model_groups` DISABLE KEYS */;
INSERT INTO `model_groups` VALUES (1,'Category','Beamer','2013-08-24 11:22:39','2013-08-24 11:22:39'),(2,'Category','Kameras','2013-08-24 11:22:39','2013-08-24 11:22:39'),(3,'Category','Stative','2013-08-24 11:22:39','2013-08-24 11:22:39'),(4,'Category','Hifi-Anlagen','2013-08-24 11:22:39','2013-08-24 11:22:39'),(5,'Category','Notebooks','2013-08-24 11:22:39','2013-08-24 11:22:39'),(6,'Category','RC Helikopter','2013-08-24 11:22:39','2013-08-24 11:22:39'),(7,'Category','Computer','2013-08-24 11:22:39','2013-08-24 11:22:39'),(8,'Category','Kurzdistanz','2013-08-24 11:22:39','2013-08-24 11:22:39'),(9,'Category','Portabel','2013-08-24 11:22:39','2013-08-24 11:22:39'),(10,'Category','Standard','2013-08-24 11:22:39','2013-08-24 11:22:39'),(11,'Category','Micro','2013-08-24 11:22:39','2013-08-24 11:22:39'),(12,'Template','Kamera & Stativ','2013-08-24 11:22:39','2013-08-24 11:22:39'),(13,'Template','Beamer & Hifi','2013-08-24 11:22:39','2013-08-24 11:22:39'),(14,'Template','Unaccomplishable template','2013-08-24 11:22:39','2013-08-24 11:22:39');
/*!40000 ALTER TABLE `model_groups` ENABLE KEYS */;
UNLOCK TABLES;

--
-- Table structure for table `model_links`
--

DROP TABLE IF EXISTS `model_links`;
/*!40101 SET @saved_cs_client     = @@character_set_client */;
/*!40101 SET character_set_client = utf8 */;
CREATE TABLE `model_links` (
  `id` int(11) NOT NULL AUTO_INCREMENT,
  `model_group_id` int(11) DEFAULT NULL,
  `model_id` int(11) DEFAULT NULL,
  `quantity` int(11) DEFAULT '1',
  PRIMARY KEY (`id`),
  KEY `index_model_links_on_model_id_and_model_group_id` (`model_id`,`model_group_id`),
  KEY `index_model_links_on_model_group_id_and_model_id` (`model_group_id`,`model_id`)
) ENGINE=InnoDB AUTO_INCREMENT=73 DEFAULT CHARSET=utf8 COLLATE=utf8_unicode_ci;
/*!40101 SET character_set_client = @saved_cs_client */;

--
-- Dumping data for table `model_links`
--

LOCK TABLES `model_links` WRITE;
/*!40000 ALTER TABLE `model_links` DISABLE KEYS */;
INSERT INTO `model_links` VALUES (1,1,54,1),(2,9,54,1),(3,1,55,1),(4,1,56,1),(5,1,58,1),(6,9,58,1),(7,11,59,1),(8,1,60,1),(9,1,61,1),(10,1,62,1),(11,1,63,1),(12,1,64,1),(13,1,65,1),(14,1,66,1),(15,1,67,1),(16,1,68,1),(17,1,69,1),(18,1,70,1),(19,1,71,1),(20,1,72,1),(21,1,73,1),(22,1,74,1),(23,1,75,1),(24,1,76,1),(25,1,77,1),(26,1,78,1),(27,1,79,1),(28,2,80,1),(29,2,81,1),(30,2,82,1),(31,2,83,1),(32,2,84,1),(33,2,85,1),(34,2,86,1),(35,2,87,1),(36,2,88,1),(37,2,89,1),(38,2,90,1),(39,2,91,1),(40,2,92,1),(41,2,93,1),(42,2,94,1),(43,2,95,1),(44,2,96,1),(45,2,97,1),(46,2,98,1),(47,2,99,1),(48,2,100,1),(49,2,101,1),(50,2,102,1),(51,2,103,1),(52,2,104,1),(53,2,105,1),(54,2,106,1),(55,2,107,1),(56,2,108,1),(57,2,109,1),(58,2,110,1),(59,4,111,1),(60,3,112,1),(61,12,80,1),(62,12,112,1),(63,13,54,1),(64,13,111,1),(65,14,80,999),(66,14,112,999),(67,2,141,1),(68,7,142,1),(69,5,143,1),(70,6,144,1),(71,6,145,1),(72,6,146,1);
/*!40000 ALTER TABLE `model_links` ENABLE KEYS */;
UNLOCK TABLES;

--
-- Table structure for table `models`
--

DROP TABLE IF EXISTS `models`;
/*!40101 SET @saved_cs_client     = @@character_set_client */;
/*!40101 SET character_set_client = utf8 */;
CREATE TABLE `models` (
  `id` int(11) NOT NULL AUTO_INCREMENT,
  `type` varchar(255) COLLATE utf8_unicode_ci NOT NULL DEFAULT 'Model',
  `manufacturer` varchar(255) COLLATE utf8_unicode_ci DEFAULT NULL,
  `product` varchar(255) COLLATE utf8_unicode_ci NOT NULL,
  `version` varchar(255) COLLATE utf8_unicode_ci DEFAULT NULL,
  `description` text COLLATE utf8_unicode_ci,
  `internal_description` text COLLATE utf8_unicode_ci,
  `info_url` varchar(255) COLLATE utf8_unicode_ci DEFAULT NULL,
  `rental_price` decimal(8,2) DEFAULT NULL,
  `maintenance_period` int(11) DEFAULT '0',
  `is_package` tinyint(1) DEFAULT '0',
  `technical_detail` text COLLATE utf8_unicode_ci,
  `hand_over_note` text COLLATE utf8_unicode_ci,
  `created_at` datetime DEFAULT NULL,
  `updated_at` datetime DEFAULT NULL,
  PRIMARY KEY (`id`),
  KEY `index_models_on_is_package` (`is_package`),
  KEY `index_models_on_type` (`type`)
) ENGINE=InnoDB AUTO_INCREMENT=307 DEFAULT CHARSET=utf8 COLLATE=utf8_unicode_ci;
/*!40101 SET character_set_client = @saved_cs_client */;

--
-- Dumping data for table `models`
--

LOCK TABLES `models` WRITE;
/*!40000 ALTER TABLE `models` DISABLE KEYS */;
INSERT INTO `models` VALUES (1,'Model','Cremin-Schaden','Gorgeous Plastic Pants','1','Iure modi dolorum ipsam est perferendis.','Ipsam fuga impedit earum.',NULL,NULL,2,0,'Molestiae qui debitis non ut itaque.','Rerum cumque molestiae eligendi rerum illum.','2013-08-24 11:22:39','2013-08-24 11:22:39'),(2,'Model','Graham LLC','Fantastic Plastic Hat','2','Totam voluptatum placeat adipisci doloremque.','Libero provident qui eos et enim quis inventore est.',NULL,NULL,0,0,'Tenetur ex aut necessitatibus mollitia.','Quia deleniti sit magnam assumenda dolore eligendi et.','2013-08-24 11:22:39','2013-08-24 11:22:39'),(3,'Model','Schmeler-Cassin','Awesome Granite Pants','3','Ad sit accusamus maiores ea et.','Dolorum dolorem quaerat dolorem repudiandae aut.',NULL,NULL,1,0,'Asperiores excepturi quisquam quis rerum itaque tempora ut.','Labore et et omnis aspernatur quaerat et exercitationem.','2013-08-24 11:22:39','2013-08-24 11:22:39'),(4,'Model','Dietrich, Oberbrunner and Hand','Fantastic Concrete Shirt','4','Porro dolore consequatur velit adipisci recusandae.','Non et hic voluptatem voluptas fuga.',NULL,NULL,3,0,'Saepe dolorum voluptas odio reprehenderit omnis et id culpa.','Possimus vitae labore quia ullam aut.','2013-08-24 11:22:39','2013-08-24 11:22:39'),(5,'Model','Hartmann Inc','Rustic Granite Pants','5','Ea eius ut quam quia et.','Aut sequi tempora autem quia.',NULL,NULL,0,0,'Id qui facilis quo officia.','Eaque et modi quas autem quia.','2013-08-24 11:22:39','2013-08-24 11:22:39'),(6,'Model','Murazik, Cruickshank and Cole','Practical Granite Computer','6','Iure sed aut omnis.','Inventore voluptate modi et ratione.',NULL,NULL,0,0,'Officiis ad eaque voluptas similique et voluptates libero.','Mollitia sit dignissimos inventore veniam ab fugit quibusdam deserunt.','2013-08-24 11:22:39','2013-08-24 11:22:39'),(7,'Model','Gottlieb Inc','Practical Rubber Pants','7','Tenetur eum voluptate sint.','Quos est in aut quis.',NULL,NULL,0,0,'Et qui accusamus cumque nihil velit eveniet enim ex.','Et delectus saepe est.','2013-08-24 11:22:39','2013-08-24 11:22:39'),(8,'Model','Schmeler, Zulauf and Miller','Gorgeous Steel Shoes','8','Quos consequatur alias rem minima earum.','Molestiae reiciendis saepe quod.',NULL,NULL,3,0,'Recusandae saepe est libero eum qui dolores est.','Doloremque quis nemo sint cupiditate tempora qui.','2013-08-24 11:22:39','2013-08-24 11:22:39'),(9,'Model','Conn-Dooley','Practical Concrete Hat','9','Sed sapiente qui consequatur dolor quos dolores.','Quia incidunt praesentium itaque totam vel tempore.',NULL,NULL,2,0,'Exercitationem quia ea error nihil illum reprehenderit sint.','Non omnis beatae magni molestias.','2013-08-24 11:22:39','2013-08-24 11:22:39'),(10,'Model','Ziemann Inc','Fantastic Rubber Computer','10','Reprehenderit temporibus quos in laborum ex aut placeat.','Nihil libero voluptatum voluptatem.',NULL,NULL,1,0,'Sint voluptatem qui dolores id praesentium.','Odio aut qui laboriosam dolorem deleniti recusandae.','2013-08-24 11:22:39','2013-08-24 11:22:39'),(11,'Model','Dibbert-Ziemann','Ergonomic Granite Shoes','11','Tempore enim qui ex.','Sed unde voluptatem quas rerum ut praesentium sit.',NULL,NULL,3,0,'Quod consequatur dolor et tenetur molestiae sit.','Libero quo doloremque quia aut sunt fuga.','2013-08-24 11:22:39','2013-08-24 11:22:39'),(12,'Model','Borer Group','Incredible Granite Shirt','12','Voluptates alias numquam dolores architecto quod optio velit.','Ut culpa quia et quae.',NULL,NULL,1,0,'Nemo reiciendis id qui totam excepturi et minus pariatur.','Mollitia qui voluptate nihil non.','2013-08-24 11:22:39','2013-08-24 11:22:39'),(13,'Model','Schaefer, Schulist and Torp','Fantastic Granite Shirt','13','Cupiditate quis officia et excepturi accusamus dolor provident.','Recusandae dicta ipsam et aliquid velit a.',NULL,NULL,2,0,'Sint odio sit quo atque rem laborum commodi similique.','Quia quae magnam non earum inventore.','2013-08-24 11:22:39','2013-08-24 11:22:39'),(14,'Model','Rice-Upton','Gorgeous Cotton Car','14','Vero nisi rerum quo sit est repellendus non culpa.','Maiores omnis dolorem dolores non earum.',NULL,NULL,3,0,'Iure optio commodi ex.','Officia sed id non.','2013-08-24 11:22:39','2013-08-24 11:22:39'),(15,'Model','Turner Group','Intelligent Cotton Shoes','15','Aliquam dolorem sed et deserunt repellat omnis alias tempora.','Eligendi earum corrupti animi tenetur occaecati.',NULL,NULL,1,0,'Pariatur qui qui quis quisquam vel quidem.','Autem qui molestias eveniet occaecati quis eum architecto tenetur.','2013-08-24 11:22:39','2013-08-24 11:22:39'),(16,'Model','O\'Kon-Wehner','Rustic Granite Computer','16','Dolorum maxime rerum officiis omnis tempora labore facilis explicabo.','Dolorem officia aspernatur cupiditate voluptates tempora.',NULL,NULL,3,0,'Atque soluta aspernatur dolores rerum.','Deleniti id cupiditate aut non.','2013-08-24 11:22:39','2013-08-24 11:22:39'),(17,'Model','Sauer Inc','Practical Steel Shirt','17','Placeat rerum et dolores cupiditate iure est nisi rerum.','Eos ipsam ea officiis.',NULL,NULL,2,0,'Fuga sunt perspiciatis ratione.','Modi deleniti id ut consequatur doloremque qui blanditiis.','2013-08-24 11:22:39','2013-08-24 11:22:39'),(18,'Model','Cartwright-Moen','Intelligent Granite Car','18','Sunt ut voluptatibus voluptatem.','Et odit nihil labore explicabo rerum corrupti est.',NULL,NULL,2,0,'Temporibus explicabo rerum molestiae.','Soluta neque eius dolores laborum sit ducimus.','2013-08-24 11:22:39','2013-08-24 11:22:39'),(19,'Model','Pouros LLC','Gorgeous Granite Table','19','Nulla ipsam autem et.','Repellat assumenda voluptatum molestiae non.',NULL,NULL,2,0,'Eos blanditiis ullam ut non nulla et.','Maxime voluptas ex quas repellat dignissimos voluptatibus.','2013-08-24 11:22:39','2013-08-24 11:22:39'),(20,'Model','Barrows, Dickens and Crooks','Practical Cotton Chair','20','Aliquid provident laborum sequi ipsa est sapiente aut sit.','Ex quia et aspernatur non vel molestiae dolores.',NULL,NULL,1,0,'Voluptatem molestias ea ducimus molestiae sint fugiat a.','Eum dolorem deleniti optio eaque.','2013-08-24 11:22:39','2013-08-24 11:22:39'),(21,'Model','Sawayn and Sons','Awesome Concrete Shoes','21','Ipsum ratione voluptatibus molestias suscipit.','Vel in qui consectetur earum asperiores animi deleniti.',NULL,NULL,2,0,'Consequatur sint accusamus quibusdam labore ut consequatur.','Tempore nam iusto maiores doloribus rerum porro similique nisi.','2013-08-24 11:22:39','2013-08-24 11:22:39'),(22,'Model','Zemlak-Stiedemann','Ergonomic Steel Car','22','Minus ea odit debitis veniam ipsam quo porro qui.','Amet impedit sapiente sunt.',NULL,NULL,3,0,'Delectus neque culpa veniam est.','Modi recusandae quibusdam provident ut consequuntur et.','2013-08-24 11:22:39','2013-08-24 11:22:39'),(23,'Model','Kertzmann Inc','Sleek Rubber Shoes','23','Magnam consequatur quasi aut amet sit quos sint.','Impedit laborum autem voluptatem possimus delectus dolorum.',NULL,NULL,2,0,'Et natus voluptatibus aut voluptas nihil veniam qui.','Autem nulla inventore quibusdam corrupti voluptas cupiditate.','2013-08-24 11:22:39','2013-08-24 11:22:39'),(24,'Model','Boyle, Kemmer and Rau','Gorgeous Wooden Gloves','24','Ipsa ducimus aut velit dolores.','Consequuntur aspernatur eveniet voluptas eum voluptas sunt quis.',NULL,NULL,1,0,'Possimus velit voluptas id molestiae.','Vel ducimus eligendi dolor molestias.','2013-08-24 11:22:39','2013-08-24 11:22:39'),(25,'Model','Von LLC','Practical Steel Computer','25','Consequatur id delectus laudantium voluptas occaecati.','Porro sint deleniti magnam.',NULL,NULL,2,0,'Molestias ad est consequatur.','Rerum doloribus et cupiditate impedit sapiente molestiae debitis.','2013-08-24 11:22:39','2013-08-24 11:22:39'),(26,'Model','Bahringer LLC','Intelligent Granite Shirt','26','Eos sint dolore quis iste explicabo et.','Temporibus qui sint numquam repellendus velit et officia.',NULL,NULL,1,0,'Voluptatem ut ea nesciunt exercitationem minima.','Explicabo nihil assumenda qui et.','2013-08-24 11:22:39','2013-08-24 11:22:39'),(27,'Model','Heidenreich and Sons','Awesome Concrete Table','27','Et libero rem corrupti.','Dolorum asperiores eum sed dolores animi et voluptatem.',NULL,NULL,3,0,'Distinctio quos accusantium recusandae harum sit.','Sunt aspernatur voluptate quod non.','2013-08-24 11:22:39','2013-08-24 11:22:39'),(28,'Model','Schneider-Bayer','Small Concrete Table','28','Ratione est accusamus ea nemo.','Molestias consequuntur et maiores.',NULL,NULL,1,0,'Voluptates optio sunt maxime quo quia quidem.','Quia quia consequatur similique recusandae ut quos.','2013-08-24 11:22:39','2013-08-24 11:22:39'),(29,'Model','Bogisich, Walter and Brown','Incredible Cotton Car','29','Ipsum pariatur eligendi vel rerum voluptatem.','Ullam magnam commodi non quo consequatur temporibus.',NULL,NULL,0,0,'Sint repudiandae blanditiis voluptatum recusandae.','Ut perspiciatis voluptatem ipsa illum mollitia non quibusdam.','2013-08-24 11:22:39','2013-08-24 11:22:39'),(30,'Model','Dietrich LLC','Sleek Granite Gloves','30','Rerum fugit laudantium et sint nesciunt quia ex aliquam.','Et harum culpa velit similique eos.',NULL,NULL,3,0,'Numquam consectetur doloribus iste est ipsam ut officia ratione.','Autem non qui quia ab sit harum aspernatur.','2013-08-24 11:22:39','2013-08-24 11:22:39'),(31,'Model','Wolff-Thiel','Fantastic Rubber Car','31','Ullam non eum nam minima magni.','Odit quam dolor ad asperiores deleniti.',NULL,NULL,2,0,'Repudiandae et itaque ut ut suscipit voluptatem.','Architecto laboriosam quia magni.','2013-08-24 11:22:39','2013-08-24 11:22:39'),(32,'Model','Hansen-Maggio','Incredible Wooden Shirt','32','Mollitia sit voluptatibus culpa consequatur magni natus eos molestiae.','Odit ipsa voluptas rerum ut assumenda quisquam nihil accusantium.',NULL,NULL,3,0,'Distinctio et quidem accusantium accusamus.','Et aut hic quidem quia.','2013-08-24 11:22:39','2013-08-24 11:22:39'),(33,'Model','Spencer Group','Ergonomic Cotton Shirt','33','Officia ipsum quod assumenda harum corporis voluptatem.','Possimus et repellat et neque aspernatur in deserunt.',NULL,NULL,1,0,'Est consequatur deleniti sunt ipsum.','Ut repudiandae et occaecati consequuntur consequatur rerum minus.','2013-08-24 11:22:39','2013-08-24 11:22:39'),(34,'Model','Windler Inc','Small Granite Shirt','34','Quia iste nobis rem.','Consequatur est expedita quaerat voluptatibus quia modi.',NULL,NULL,0,0,'Quisquam sit et ducimus sit dignissimos possimus dolorum.','Qui voluptatem qui eveniet molestias vel mollitia.','2013-08-24 11:22:39','2013-08-24 11:22:39'),(35,'Model','Farrell LLC','Awesome Granite Table','35','Illum blanditiis debitis velit atque.','Nobis blanditiis doloremque distinctio sint dolor.',NULL,NULL,0,0,'Eum excepturi numquam in.','Aut ea mollitia quae aperiam eveniet eius nemo deleniti.','2013-08-24 11:22:39','2013-08-24 11:22:39'),(36,'Model','Stiedemann, Fahey and Romaguera','Fantastic Granite Shoes','36','Ipsum sit sequi consequatur sint quis.','Accusamus reprehenderit et non et quam.',NULL,NULL,3,0,'Aut deserunt facilis corporis veniam saepe qui quia.','Voluptatem tenetur enim quam dolorem et delectus.','2013-08-24 11:22:39','2013-08-24 11:22:39'),(37,'Model','Rath and Sons','Rustic Plastic Car','37','Non delectus aliquam iure aut commodi sunt ipsam.','Doloremque vitae quis quam cupiditate eveniet.',NULL,NULL,3,0,'Quod autem tempore omnis rerum sunt qui ut.','Labore quis qui asperiores animi et dolore suscipit.','2013-08-24 11:22:39','2013-08-24 11:22:39'),(38,'Model','Kulas Group','Small Steel Shirt','38','Dolorum rerum recusandae itaque aut libero maxime vel ea.','Corporis ut dicta eos quaerat voluptatibus vero a.',NULL,NULL,0,0,'Facilis ea ut voluptatum commodi.','Voluptas et aut sit.','2013-08-24 11:22:39','2013-08-24 11:22:39'),(39,'Model','Abshire LLC','Ergonomic Concrete Car','39','Voluptatem provident quam in esse.','Harum alias ut exercitationem totam similique omnis.',NULL,NULL,2,0,'Quasi suscipit recusandae porro dolores voluptatem voluptas.','Necessitatibus qui consequuntur distinctio nobis ut in occaecati.','2013-08-24 11:22:39','2013-08-24 11:22:39'),(40,'Model','McDermott-Nolan','Sleek Concrete Table','40','Neque doloribus aut rerum rem.','Quod non rerum ea optio eum magni.',NULL,NULL,0,0,'Facilis nostrum libero unde at ut nulla.','Sint dolor dicta voluptatem et eum dolorem.','2013-08-24 11:22:39','2013-08-24 11:22:39'),(41,'Model','Dare-Dooley','Intelligent Wooden Computer','41','Rerum dolor eum non quod doloremque voluptatibus.','Ducimus error animi id.',NULL,NULL,2,0,'Est earum soluta voluptatibus unde sit dolorem magni quibusdam.','Placeat et repudiandae omnis et.','2013-08-24 11:22:39','2013-08-24 11:22:39'),(42,'Model','Braun, Hoeger and O\'Hara','Awesome Wooden Car','42','Unde ratione similique nobis nihil sit harum fuga nemo.','Quis quam ut et quas ipsa.',NULL,NULL,1,0,'Error ipsum architecto quibusdam.','Possimus sit neque quaerat inventore quisquam eos aliquam aspernatur.','2013-08-24 11:22:39','2013-08-24 11:22:39'),(43,'Model','Jakubowski-Cummings','Gorgeous Granite Chair','43','Voluptas reiciendis officiis et ea molestiae exercitationem omnis ex.','Blanditiis perferendis earum quas mollitia quos laborum.',NULL,NULL,1,0,'Dolore autem et sint amet quasi.','Itaque recusandae ea animi sunt molestiae voluptatum aut.','2013-08-24 11:22:39','2013-08-24 11:22:39'),(44,'Model','Gerlach LLC','Intelligent Plastic Gloves','44','Sunt neque fugiat hic cupiditate.','Aut explicabo consequatur recusandae consequatur iste atque rerum.',NULL,NULL,3,0,'Rerum molestiae cumque dicta delectus rem facilis.','Doloribus vel est officia placeat sed.','2013-08-24 11:22:39','2013-08-24 11:22:39'),(45,'Model','Mraz Group','Gorgeous Concrete Chair','45','Aut suscipit omnis eum at.','Sunt nesciunt possimus sit aspernatur.',NULL,NULL,1,0,'Quaerat ipsum ex provident earum.','Ut eligendi magnam quo rerum iusto sed repellendus.','2013-08-24 11:22:39','2013-08-24 11:22:39'),(46,'Model','Jacobs Inc','Gorgeous Cotton Shirt','46','Sed sint architecto omnis quas.','Error omnis qui nemo ut reprehenderit.',NULL,NULL,2,0,'Et et fugiat velit distinctio eum nihil laborum.','Ut reprehenderit excepturi quis fugiat natus non eum.','2013-08-24 11:22:39','2013-08-24 11:22:39'),(47,'Model','Becker Group','Awesome Cotton Pants','47','Dolorem amet occaecati distinctio doloremque dignissimos incidunt repudiandae.','Dicta in nisi officia error.',NULL,NULL,3,0,'Ut velit aut voluptas nam.','Necessitatibus veritatis cum porro est ut.','2013-08-24 11:22:39','2013-08-24 11:22:39'),(48,'Model','VonRueden-O\'Keefe','Sleek Steel Computer','48','Et atque quasi corporis sint maxime optio aperiam quos.','Laborum eligendi dignissimos nemo quia natus vel.',NULL,NULL,2,0,'Ea et minus voluptas aut temporibus repellendus et.','Animi maxime placeat dolor.','2013-08-24 11:22:39','2013-08-24 11:22:39'),(49,'Model','Jenkins LLC','Rustic Steel Computer','49','Nostrum neque rerum iste mollitia id non rem.','Quod repellat esse qui reprehenderit voluptatum.',NULL,NULL,3,0,'Aperiam est sunt nobis consequatur doloribus eos.','Voluptatum excepturi illo nesciunt ut non omnis debitis velit.','2013-08-24 11:22:39','2013-08-24 11:22:39'),(50,'Model','Dibbert, Borer and Pfeffer','Practical Granite Chair','50','Ipsum qui autem quos quo animi iste nihil.','Enim aut velit voluptatum consequatur quam.',NULL,NULL,1,0,'Occaecati qui officia iure est distinctio recusandae.','Asperiores minus tempore eaque nobis sed neque.','2013-08-24 11:22:39','2013-08-24 11:22:39'),(51,'Model','Lang, Goldner and Gislason','Practical Cotton Shirt','51','Fugit suscipit sed nesciunt tempora et totam eos.','Qui et accusamus velit et voluptate.',NULL,NULL,3,0,'Ipsum nulla magnam ducimus.','Molestiae aut nesciunt consequuntur ut id velit eum rerum.','2013-08-24 11:22:39','2013-08-24 11:22:39'),(52,'Model','Batz, MacGyver and O\'Reilly','Incredible Wooden Computer','52','Saepe et voluptatem rerum officiis et rem eos et.','Quia reiciendis deleniti quibusdam temporibus iure dolore id.',NULL,NULL,0,0,'Error quidem cum ducimus quos impedit.','Velit dolor nisi qui sequi.','2013-08-24 11:22:39','2013-08-24 11:22:39'),(53,'Model','Apple','MacBookPro','53','Laptop fr Studis und Angestellte.','Neque aut doloribus et.',NULL,NULL,0,0,'Odit voluptate dolor itaque.','Mit Verpackung aushndigen.','2013-08-24 11:22:39','2013-08-24 11:22:39'),(54,'Model','Sharp','Sharp Beamer','123','Beamer, geeignet fr alle Verwendungszwecke.','Et voluptatibus perferendis distinctio id nihil nulla natus tempora.',NULL,NULL,0,0,'Eveniet voluptate itaque maiores quis.','Beamer brauch ein VGA Kabel!','2013-08-24 11:22:39','2013-08-24 11:22:39'),(55,'Model','Sharp','Sharp Beamer 2D','54','Beamer, geeignet fr alle Verwendungszwecke.','In aliquam quo modi dolorum autem.',NULL,NULL,0,0,'Nesciunt eaque harum sint cupiditate dolorum totam a ut.','Placeat itaque dicta quia voluptatem.','2013-08-24 11:22:39','2013-08-24 11:22:39'),(56,'Model','Panasonic','Mini Beamer','55','Beamer, geeignet fr alle Verwendungszwecke.','Eum eum neque qui et at laborum omnis et.',NULL,NULL,0,0,'Unde dolorem quis eum et maxime quis.','Pariatur rerum voluptates alias consequuntur aspernatur.','2013-08-24 11:22:39','2013-08-24 11:22:39'),(57,'Model','Sharp','Sharp Beamer','456','Beamer, geeignet fr alle Verwendungszwecke.','Nulla inventore necessitatibus dolorem aperiam quis.',NULL,NULL,0,0,'Esse distinctio ut sit incidunt qui modi.','Beamer brauch ein VGA Kabel!','2013-08-24 11:22:39','2013-08-24 11:22:39'),(58,'Model','Sony','Ultra Compact Beamer','56','Besonders kleiner Beamer.','Optio at molestiae laudantium eos molestias esse.',NULL,NULL,0,0,'Aut assumenda aperiam eveniet perspiciatis quia.','Beamer brauch ein VGA Kabel!','2013-08-24 11:22:39','2013-08-24 11:22:39'),(59,'Model','Micro','Micro Beamer','57','Besonders mikro kleiner Beamer.','Reiciendis iusto at animi excepturi optio sit et.',NULL,NULL,0,0,'Aut doloribus quia nemo facere.','Beamer brauch ein VGA Kabel!','2013-08-24 11:22:39','2013-08-24 11:22:39'),(60,'Model','Sony','Beamer 1 eos','58','Ea explicabo officia ut omnis dolorum voluptates magni et.','Nobis pariatur dignissimos dolore occaecati.',NULL,NULL,0,0,'Necessitatibus officiis minus nemo est soluta ut.','Beamer brauch ein VGA Kabel!','2013-08-24 11:22:39','2013-08-24 11:22:39'),(61,'Model','Sony','Beamer 2 odit','59','Occaecati consequatur quas minima debitis aperiam.','Aut qui natus minima quia.',NULL,NULL,0,0,'Fuga et quis vitae vel sed aliquid dolore.','Beamer brauch ein VGA Kabel!','2013-08-24 11:22:39','2013-08-24 11:22:39'),(62,'Model','Sony','Beamer 3 adipisci','60','Autem aut minus perspiciatis debitis.','Modi architecto eligendi a ducimus.',NULL,NULL,0,0,'Ad nobis iure illo dolores hic rerum aut.','Beamer brauch ein VGA Kabel!','2013-08-24 11:22:39','2013-08-24 11:22:39'),(63,'Model','Sony','Beamer 4 reprehenderit','61','Iste veritatis natus nostrum accusamus adipisci dolor quo.','Eveniet commodi et eum facere corrupti aut at aut.',NULL,NULL,0,0,'Sunt aspernatur et maiores ullam dolorem.','Beamer brauch ein VGA Kabel!','2013-08-24 11:22:39','2013-08-24 11:22:39'),(64,'Model','Sony','Beamer 5 esse','62','Dolore unde nobis voluptatem eveniet minus aut deserunt ex.','Qui voluptas nulla dolor dicta sequi inventore.',NULL,NULL,0,0,'Molestiae dolore rerum omnis.','Beamer brauch ein VGA Kabel!','2013-08-24 11:22:39','2013-08-24 11:22:39'),(65,'Model','Sony','Beamer 6 aut','63','Eos doloribus doloremque perferendis aut.','Velit quisquam unde sit sunt consequuntur in.',NULL,NULL,0,0,'Qui magnam iste molestiae porro veritatis quo qui ipsum.','Beamer brauch ein VGA Kabel!','2013-08-24 11:22:39','2013-08-24 11:22:39'),(66,'Model','Sony','Beamer 7 illo','64','Quia autem nesciunt odio.','Sit qui ut consectetur nobis cum sunt facere.',NULL,NULL,0,0,'Aliquam molestiae ratione rerum vel.','Beamer brauch ein VGA Kabel!','2013-08-24 11:22:39','2013-08-24 11:22:39'),(67,'Model','Sony','Beamer 8 corporis','65','Et alias quo quos amet tempore sequi nemo.','Harum animi sit recusandae quis provident.',NULL,NULL,0,0,'Nihil natus in aspernatur.','Beamer brauch ein VGA Kabel!','2013-08-24 11:22:39','2013-08-24 11:22:39'),(68,'Model','Sony','Beamer 9 aut','66','Vero et sunt accusamus.','Maxime ipsum nam saepe voluptates omnis corrupti consequuntur.',NULL,NULL,0,0,'Dolore tempora qui ex voluptas.','Beamer brauch ein VGA Kabel!','2013-08-24 11:22:39','2013-08-24 11:22:39'),(69,'Model','Sony','Beamer 10 qui','67','Natus deserunt corporis eaque odit tempore voluptatem.','Beatae et possimus aspernatur tenetur in sit.',NULL,NULL,0,0,'Nobis debitis modi earum nihil beatae ea perspiciatis vel.','Beamer brauch ein VGA Kabel!','2013-08-24 11:22:39','2013-08-24 11:22:39'),(70,'Model','Sony','Beamer 11 quam','68','Et est ipsum quod perspiciatis expedita illum velit consequatur.','Corrupti pariatur odit et commodi ut provident voluptatem.',NULL,NULL,0,0,'Et ut dignissimos a sed repellendus perspiciatis similique.','Beamer brauch ein VGA Kabel!','2013-08-24 11:22:39','2013-08-24 11:22:39'),(71,'Model','Sony','Beamer 12 sunt','69','Reiciendis ratione nam ut enim sit odio asperiores iure.','Distinctio repudiandae voluptatem atque et.',NULL,NULL,0,0,'Voluptatem sit est fugit laboriosam veniam quam velit sapiente.','Beamer brauch ein VGA Kabel!','2013-08-24 11:22:39','2013-08-24 11:22:39'),(72,'Model','Sony','Beamer 13 iure','70','Velit dolorem reprehenderit est magnam.','Deleniti porro est qui totam sit placeat voluptatibus.',NULL,NULL,0,0,'Provident possimus rerum officia consequatur et sint deleniti accusamus.','Beamer brauch ein VGA Kabel!','2013-08-24 11:22:39','2013-08-24 11:22:39'),(73,'Model','Sony','Beamer 14 aut','71','Incidunt unde veniam sed porro cum.','Provident quia et eligendi nihil iure autem voluptas rerum.',NULL,NULL,0,0,'Numquam dolorem ex provident blanditiis hic harum.','Beamer brauch ein VGA Kabel!','2013-08-24 11:22:39','2013-08-24 11:22:39'),(74,'Model','Sony','Beamer 15 consequatur','72','Nisi autem sunt consequatur sequi error eum veritatis.','Officia rem temporibus nam reprehenderit sit.',NULL,NULL,0,0,'Nisi deserunt ipsum nihil ut odit rerum porro.','Beamer brauch ein VGA Kabel!','2013-08-24 11:22:39','2013-08-24 11:22:39'),(75,'Model','Sony','Beamer 16 dolores','73','Necessitatibus soluta impedit consequatur.','Sed cum fugit nam et quia et corrupti.',NULL,NULL,0,0,'Id dolor qui nam velit nemo et qui quas.','Beamer brauch ein VGA Kabel!','2013-08-24 11:22:39','2013-08-24 11:22:39'),(76,'Model','Sony','Beamer 17 dolor','74','Est velit quis aut.','Quo sed sint dolores aut.',NULL,NULL,0,0,'Occaecati est aut dolorem consequuntur.','Beamer brauch ein VGA Kabel!','2013-08-24 11:22:39','2013-08-24 11:22:39'),(77,'Model','Sony','Beamer 18 delectus','75','Nostrum doloremque perferendis eos.','Cumque voluptas quo voluptas.',NULL,NULL,0,0,'Iste rerum vitae nobis sit tenetur.','Beamer brauch ein VGA Kabel!','2013-08-24 11:22:39','2013-08-24 11:22:39'),(78,'Model','Sony','Beamer 19 dolores','76','Incidunt laborum quis enim perferendis deleniti voluptas quaerat.','Accusantium praesentium perferendis temporibus.',NULL,NULL,0,0,'Sed debitis veniam dolorem in eveniet voluptatibus impedit quia.','Beamer brauch ein VGA Kabel!','2013-08-24 11:22:39','2013-08-24 11:22:39'),(79,'Model','Sony','Beamer 20 debitis','77','Voluptas beatae aut nihil eos esse modi.','Ea hic et minus dolores nostrum voluptate temporibus.',NULL,NULL,0,0,'Voluptatibus similique id nesciunt qui sed rerum.','Beamer brauch ein VGA Kabel!','2013-08-24 11:22:39','2013-08-24 11:22:39'),(80,'Model','Nikon','Kamera Nikon','X12','Super Kamera.','Ut libero cumque officia doloremque quae repellendus et.',NULL,NULL,0,0,'Architecto cum ullam aut dolorem voluptas.','Kamera brauch Akkus!','2013-08-24 11:22:39','2013-08-24 11:22:39'),(81,'Model','Nikon','Camera 1 voluptas','78','Eos dolor dignissimos architecto adipisci aliquid nihil dolor.','Repellendus animi at iste ab ut et deserunt.',NULL,NULL,0,0,'Aperiam ut facere nostrum.','Quia amet nihil labore voluptate.','2013-08-24 11:22:39','2013-08-24 11:22:39'),(82,'Model','Nikon','Camera 2 in','79','Quidem officiis aut occaecati dolor est ex sit nostrum.','Dolorem et eum sit tempore quisquam velit adipisci quas.',NULL,NULL,0,0,'Repudiandae modi dolorum aliquid accusantium quidem fugiat at.','Dolore consequatur nihil ipsa quis deleniti.','2013-08-24 11:22:39','2013-08-24 11:22:39'),(83,'Model','Nikon','Camera 3 inventore','80','Inventore ut quo et eos.','Quia et eos sit consequatur.',NULL,NULL,0,0,'Aut quia vero necessitatibus ut.','Hic explicabo aut quia atque enim rerum placeat.','2013-08-24 11:22:39','2013-08-24 11:22:39'),(84,'Model','Nikon','Camera 4 et','81','Numquam et blanditiis sunt quis libero explicabo.','Quis tenetur nostrum ut repudiandae.',NULL,NULL,0,0,'Voluptatem voluptas exercitationem et perspiciatis.','Voluptatem aut qui dolores beatae autem et dolorem voluptatem.','2013-08-24 11:22:39','2013-08-24 11:22:39'),(85,'Model','Nikon','Camera 5 molestiae','82','Illo maxime nostrum fugiat.','Omnis ut aliquid repudiandae.',NULL,NULL,0,0,'Commodi eligendi animi explicabo aliquid.','Sit est exercitationem qui et quia.','2013-08-24 11:22:39','2013-08-24 11:22:39'),(86,'Model','Nikon','Camera 6 fugiat','83','Ipsum ratione adipisci est cupiditate quia.','Adipisci molestiae suscipit et ut commodi in est.',NULL,NULL,0,0,'Quia ducimus nihil corporis iusto quod accusamus in soluta.','Ea sed in iure consequatur aut.','2013-08-24 11:22:39','2013-08-24 11:22:39'),(87,'Model','Nikon','Camera 7 voluptas','84','Ab esse eos et.','Occaecati hic a vel iusto ducimus odio.',NULL,NULL,0,0,'Ut autem rem impedit repellendus numquam et eum.','Dolore eum enim et dolores numquam.','2013-08-24 11:22:39','2013-08-24 11:22:39'),(88,'Model','Nikon','Camera 8 accusamus','85','Delectus eligendi totam laudantium unde.','Necessitatibus itaque sed esse dolore qui.',NULL,NULL,0,0,'Cum similique tempora earum itaque officia velit.','Est quia omnis iure omnis enim eos ipsam quo.','2013-08-24 11:22:39','2013-08-24 11:22:39'),(89,'Model','Nikon','Camera 9 iure','86','Eos pariatur minus quo fugit impedit iusto est.','Omnis tenetur modi vero.',NULL,NULL,0,0,'Vel sit consectetur ullam.','Nobis minima corporis dolore unde et quisquam.','2013-08-24 11:22:39','2013-08-24 11:22:39'),(90,'Model','Nikon','Camera 10 praesentium','87','Totam dolore odit atque ducimus qui voluptatibus eveniet est.','Est voluptate eum doloribus et dolorem quos.',NULL,NULL,0,0,'Asperiores qui perferendis sed dolorum quod.','Ipsam consequuntur rem eum voluptatem velit earum soluta.','2013-08-24 11:22:39','2013-08-24 11:22:39'),(91,'Model','Nikon','Camera 11 a','88','Iure alias labore beatae rerum quia cum doloremque in.','At molestias quia numquam iste deleniti veniam.',NULL,NULL,0,0,'Illum sint mollitia eaque omnis.','Est quas eum nisi totam corporis et.','2013-08-24 11:22:39','2013-08-24 11:22:39'),(92,'Model','Nikon','Camera 12 natus','89','Nobis et vel molestiae reiciendis corporis.','Aspernatur error iure nesciunt sit eveniet aut et velit.',NULL,NULL,0,0,'In autem cumque quod nulla aut dolorem ipsam.','Reprehenderit ut necessitatibus in est est voluptate ratione.','2013-08-24 11:22:39','2013-08-24 11:22:39'),(93,'Model','Nikon','Camera 13 eius','90','Et id aut beatae illum cum.','Eum id quis odit.',NULL,NULL,0,0,'Soluta rerum consequatur dignissimos assumenda consequuntur doloremque.','Sed ut eos facilis sit sed.','2013-08-24 11:22:39','2013-08-24 11:22:39'),(94,'Model','Nikon','Camera 14 expedita','91','Minus amet illum ducimus tempora.','Odit tenetur mollitia voluptate sit enim consectetur sed.',NULL,NULL,0,0,'Fugiat repellendus laudantium ut porro facere.','Aliquid eaque saepe aliquam in nihil.','2013-08-24 11:22:39','2013-08-24 11:22:39'),(95,'Model','Nikon','Camera 15 ex','92','Iure minus unde repellendus neque at sed non.','Rerum aut at adipisci.',NULL,NULL,0,0,'Quia voluptatem a at nobis aut aliquid omnis laborum.','Quo assumenda aut aliquam repellat recusandae dignissimos.','2013-08-24 11:22:39','2013-08-24 11:22:39'),(96,'Model','Nikon','Camera 16 sit','93','Rem omnis saepe doloremque.','Laudantium aut placeat eum molestiae ad qui doloribus.',NULL,NULL,0,0,'Sapiente qui iure nihil molestiae eos.','Et est id esse in.','2013-08-24 11:22:39','2013-08-24 11:22:39'),(97,'Model','Nikon','Camera 17 similique','94','Qui alias dolores ipsum doloribus omnis.','Nulla placeat quos repellat saepe est.',NULL,NULL,0,0,'Dolor iusto qui magnam sint ipsa ipsum.','Omnis fugit rerum in odit quo aliquam quasi.','2013-08-24 11:22:39','2013-08-24 11:22:39'),(98,'Model','Nikon','Camera 18 omnis','95','Reprehenderit assumenda non velit eveniet in ut sapiente.','Ullam blanditiis pariatur aliquid voluptates vero.',NULL,NULL,0,0,'Et et facilis maxime ad earum voluptatem odit ut.','Optio et aut et sint velit.','2013-08-24 11:22:39','2013-08-24 11:22:39'),(99,'Model','Nikon','Camera 19 similique','96','Dolores omnis unde aspernatur suscipit mollitia quia.','Quia velit dolore debitis voluptatem eos vel.',NULL,NULL,0,0,'Tempore consequuntur pariatur voluptatem nostrum illo unde quia similique.','Quis magnam temporibus molestias laboriosam fuga.','2013-08-24 11:22:39','2013-08-24 11:22:39'),(100,'Model','Nikon','Camera 20 optio','97','Autem sit cumque animi hic error et aliquam.','A distinctio illum sint explicabo sed molestias.',NULL,NULL,0,0,'Inventore reiciendis dolores maxime voluptatem vel consequatur eius sed.','Autem et voluptates voluptas ut.','2013-08-24 11:22:39','2013-08-24 11:22:39'),(101,'Model','Nikon','Camera 21 non','98','Illum vero delectus voluptatibus id dignissimos in.','Debitis sit deleniti optio reprehenderit amet odio est.',NULL,NULL,0,0,'Consequatur quo facere asperiores et provident aut.','Sint voluptates expedita similique perspiciatis provident nihil.','2013-08-24 11:22:39','2013-08-24 11:22:39'),(102,'Model','Nikon','Camera 22 consequuntur','99','Rem saepe porro laudantium ipsum.','Et soluta molestiae qui nobis provident et.',NULL,NULL,0,0,'Ut incidunt ratione et.','Est libero a dolorem dicta nulla suscipit.','2013-08-24 11:22:39','2013-08-24 11:22:39'),(103,'Model','Nikon','Camera 23 dignissimos','100','Laborum quo minus consectetur.','Dolores exercitationem vitae dolorem eos saepe.',NULL,NULL,0,0,'Quod dolorem magni ipsa error iusto quo placeat qui.','Quaerat autem aut nisi.','2013-08-24 11:22:39','2013-08-24 11:22:39'),(104,'Model','Nikon','Camera 24 incidunt','101','Ab qui doloribus rerum voluptatibus nulla.','Voluptatum dolorum perferendis cum.',NULL,NULL,0,0,'Tempore unde dolores quis modi sapiente fugit.','A ipsam dolorum eius.','2013-08-24 11:22:39','2013-08-24 11:22:39'),(105,'Model','Nikon','Camera 25 sit','102','Aspernatur perspiciatis quod iure repellat labore quos esse.','Dolores debitis sapiente quam est magni.',NULL,NULL,0,0,'Dignissimos quis qui reprehenderit molestias voluptas.','Ea quia rerum ut et.','2013-08-24 11:22:39','2013-08-24 11:22:39'),(106,'Model','Nikon','Camera 26 et','103','Veniam nihil praesentium ea ut similique voluptates dolores ipsa.','Consequatur eveniet dolores enim dolore cupiditate aliquam mollitia.',NULL,NULL,0,0,'Eligendi assumenda et id voluptatem ut.','Quae consequatur reprehenderit et.','2013-08-24 11:22:39','2013-08-24 11:22:39'),(107,'Model','Nikon','Camera 27 dolores','104','Nostrum similique quam molestiae voluptatem modi quasi.','Et sit doloremque sed est est odit dignissimos amet.',NULL,NULL,0,0,'Quibusdam nisi voluptatibus accusantium et consequatur ab.','Quia itaque non eaque sapiente.','2013-08-24 11:22:39','2013-08-24 11:22:39'),(108,'Model','Nikon','Camera 28 iure','105','Tempora nihil fugiat dignissimos et.','Tempore autem fugiat rerum rem quasi consequuntur.',NULL,NULL,0,0,'Velit cupiditate facilis et consequatur qui vero.','Qui neque minima molestiae quos dolor.','2013-08-24 11:22:39','2013-08-24 11:22:39'),(109,'Model','Nikon','Camera 29 et','106','Doloribus aut tenetur non et et modi.','Ut nisi corrupti quidem eos reiciendis.',NULL,NULL,0,0,'Quasi quisquam quo tenetur.','Sequi quisquam ipsam aut suscipit.','2013-08-24 11:22:39','2013-08-24 11:22:39'),(110,'Model','Nikon','Camera 30 corporis','107','Impedit tempore dolore vel fuga molestias consectetur omnis sunt.','Ad et laborum quia voluptatum.',NULL,NULL,0,0,'Id adipisci quibusdam vel ut est.','Sapiente ut est voluptates sint praesentium fugit labore.','2013-08-24 11:22:39','2013-08-24 11:22:39'),(111,'Model','Sony','Hifi Standard','108','In ab hic porro adipisci culpa.','Reprehenderit est adipisci modi ex harum corporis eum.',NULL,NULL,2,0,'Perspiciatis rerum reiciendis possimus.','Nihil nulla consequatur et aut a cupiditate.','2013-08-24 11:22:39','2013-08-24 11:22:39'),(112,'Model','Feli','Kamera Stativ','123','Stabiles Kamera Stativ','Aliquam accusantium dolore eius.',NULL,NULL,0,0,'Vel est sint voluptatibus nihil sint nam.','Stativ muss mit Stativtasche ausgehndigt werden.','2013-08-24 11:22:39','2013-08-24 11:22:39'),(113,'Model','Bose','BoseRustic Cotton Car','109','Tempore autem officia. Ipsum quis hic cupiditate. Sequi repellendus autem et velit. Molestiae ex quae magni vitae.','Enim maiores harum dolorem unde qui a qui.',NULL,NULL,0,0,'Quam vel atque sed cumque nam sapiente itaque.','Ratione magni provident natus totam aut sint.','2013-08-24 11:22:39','2013-08-24 11:22:39'),(114,'Model','Bose','BoseAwesome Cotton Computer','110','Eos ducimus dolores quas. Sapiente nobis est. Laboriosam tempora officia quidem alias rem soluta voluptatibus.','Sed explicabo dolorem distinctio doloremque et.',NULL,NULL,0,0,'Possimus velit dignissimos voluptates.','Quos deleniti sit fugiat sed beatae tempora ratione qui.','2013-08-24 11:22:39','2013-08-24 11:22:39'),(115,'Model','Schmitt Inc','Kamera Set','114','Expedita vero voluptatem officiis et similique tempore.','Dolores quasi voluptas optio et.',NULL,NULL,2,1,'Quam est sed recusandae nulla.','Eaque unde earum quisquam sunt.','2013-08-24 11:22:39','2013-08-24 11:22:39'),(116,'Model','Kling-Willms','Sleek Cotton Hat','115','Sed dignissimos optio et.','Iste sapiente dolorum illo est.',NULL,NULL,0,0,'Impedit nulla corporis at aliquid distinctio necessitatibus repellendus voluptas.','Facilis quia eum voluptates numquam doloribus voluptatem quia.','2013-08-24 11:22:39','2013-08-24 11:22:39'),(117,'Model','Douglas LLC','Incredible Concrete Table','116','Minima molestiae deserunt fugiat commodi adipisci necessitatibus beatae quam.','Vel voluptas repellat autem officiis aliquid.',NULL,NULL,2,0,'Molestiae nostrum autem recusandae ducimus quis non dolor.','Quibusdam est consequatur possimus dignissimos magnam.','2013-08-24 11:22:39','2013-08-24 11:22:39'),(118,'Model','Haag, Ruecker and Jacobi','Awesome Granite Computer','117','Totam iusto molestiae non animi unde alias porro et.','Esse ut id aut assumenda aut.',NULL,NULL,1,0,'Quae commodi itaque dolores amet est excepturi veniam enim.','Eaque quisquam est quis nihil odit ratione exercitationem qui.','2013-08-24 11:22:39','2013-08-24 11:22:39'),(119,'Model','Grant, Lueilwitz and Connelly','Intelligent Wooden Gloves','118','Dolorem facere ullam quaerat ex.','Voluptatem explicabo vel iusto.',NULL,NULL,0,0,'Qui quia facilis aliquam recusandae quas sunt ipsum.','Recusandae nemo officia dolorem magni quasi cupiditate ex est.','2013-08-24 11:22:39','2013-08-24 11:22:39'),(120,'Model','Medhurst Inc','Incredible Steel Table','119','Aperiam vel blanditiis id ut.','Doloribus omnis eos quia unde consequatur cumque voluptas odio.',NULL,NULL,3,0,'Aut ut quas maxime enim fugiat aut.','Ratione fugit sit et sit voluptatibus a facere.','2013-08-24 11:22:39','2013-08-24 11:22:39'),(121,'Model','Emmerich, Halvorson and Keebler','Fantastic Concrete Gloves','120','Voluptatibus facere aperiam porro ipsam commodi iusto eveniet.','Ab laborum nisi et odio ut perferendis sunt perspiciatis.',NULL,NULL,3,0,'Nihil aut dolores rerum cumque explicabo cupiditate.','Eum laborum veritatis error rerum ut nesciunt neque.','2013-08-24 11:22:39','2013-08-24 11:22:39'),(122,'Model','Hoeger and Sons','Gorgeous Steel Car','121','Eligendi ipsa temporibus vitae.','Fugit incidunt necessitatibus quaerat quae inventore.',NULL,NULL,3,0,'Repudiandae ipsum aut odit eum.','Voluptates velit id voluptatum sed cumque ad.','2013-08-24 11:22:39','2013-08-24 11:22:39'),(123,'Model','Daniel-Hartmann','Gorgeous Granite Pants','122','Quos dicta libero quaerat autem voluptas cupiditate at.','Ut dignissimos accusamus commodi magni.',NULL,NULL,0,0,'Dolores pariatur quos doloremque adipisci nostrum aut.','Quia et iste ut.','2013-08-24 11:22:39','2013-08-24 11:22:39'),(124,'Model','Corkery and Sons','Small Cotton Gloves','123','Aut eveniet rerum sequi.','Aut repellendus ad est.',NULL,NULL,3,0,'Minus quo rerum pariatur ut.','Iure eligendi cum ipsam ea dignissimos minus expedita reiciendis.','2013-08-24 11:22:39','2013-08-24 11:22:39'),(125,'Model','Waters, Becker and Beier','Sleek Plastic Table','124','Et et vel et est.','Enim excepturi ea rerum facilis maxime et itaque.',NULL,NULL,3,0,'Non tenetur qui dolor quas.','Molestiae possimus consectetur et consequatur porro magnam cumque.','2013-08-24 11:22:39','2013-08-24 11:22:39'),(126,'Model','Heathcote, Greenholt and Kassulke','Small Rubber Car','125','Asperiores et at et distinctio ipsum laborum.','Dicta a dolore ipsa perferendis error.',NULL,NULL,0,0,'Non a dolor corrupti eligendi.','In quam accusamus voluptatem.','2013-08-24 11:22:39','2013-08-24 11:22:39'),(127,'Model','Luettgen-Dare','Small Steel Pants','126','Placeat et pariatur reprehenderit illo sed.','Maxime reiciendis quaerat molestiae iste non error.',NULL,NULL,3,0,'Sed et eius odit ducimus tenetur et fuga et.','Ut et labore cumque doloribus pariatur amet.','2013-08-24 11:22:39','2013-08-24 11:22:39'),(128,'Model','Hamill, Dare and Johnson','Kamera Set2','127','Et velit labore distinctio mollitia omnis et.','Soluta quod aut hic nesciunt ex rerum est.',NULL,NULL,3,1,'Facilis neque accusantium rem temporibus aliquid.','In non nihil facilis at ut sed voluptate.','2013-08-24 11:22:39','2013-08-24 11:22:39'),(129,'Model','O\'Conner, Hahn and Braun','Intelligent Cotton Pants','128','Quibusdam officia perferendis rerum.','Voluptatum expedita esse ea voluptas iusto natus numquam veritatis.',NULL,NULL,3,0,'Aut eveniet autem autem doloremque perspiciatis error perferendis.','Iusto voluptates nesciunt et repudiandae non eum dolor sunt.','2013-08-24 11:22:39','2013-08-24 11:22:39'),(130,'Model','Friesen and Sons','Awesome Wooden Pants','129','Ut quia mollitia inventore neque et pariatur molestias.','Excepturi perferendis nobis dicta quidem culpa ullam.',NULL,NULL,1,0,'Et eum provident tenetur totam explicabo aliquam nihil magnam.','Porro harum enim quia vero.','2013-08-24 11:22:39','2013-08-24 11:22:39'),(131,'Model','Wehner LLC','Ergonomic Steel Table','130','Ex sunt voluptatem veritatis aperiam sapiente voluptas sequi.','Rerum et iusto expedita quam aut quisquam et.',NULL,NULL,2,0,'Eligendi maiores assumenda animi error.','Dignissimos quia sed quia tenetur quas quaerat sint qui.','2013-08-24 11:22:39','2013-08-24 11:22:39'),(132,'Model','Mann, Bechtelar and Bednar','Gorgeous Granite Computer','131','Voluptates nesciunt facere in perspiciatis in quos consequatur amet.','Rem officiis reprehenderit aliquam.',NULL,NULL,3,0,'Et culpa saepe eius et minima facere.','Ut est voluptatem provident beatae.','2013-08-24 11:22:39','2013-08-24 11:22:39'),(133,'Model','Lind-Larkin','Fantastic Steel Gloves','132','Dignissimos ut nulla et sit qui.','Eos omnis sit assumenda qui id qui.',NULL,NULL,0,0,'Explicabo culpa harum impedit quos ut commodi qui.','Voluptatem qui velit modi.','2013-08-24 11:22:39','2013-08-24 11:22:39'),(134,'Model','Hane-Crooks','Incredible Wooden Table','133','Ducimus eos maiores sed qui consequatur ut voluptatibus enim.','Molestias atque assumenda sed consequatur ut quia est.',NULL,NULL,0,0,'Optio doloremque saepe dolorem et quod voluptatem.','Et autem dolore quis consequuntur perferendis.','2013-08-24 11:22:39','2013-08-24 11:22:39'),(135,'Model','Collins, Morissette and Buckridge','Incredible Rubber Hat','134','Consectetur iste necessitatibus alias quo.','Ea similique debitis quis.',NULL,NULL,3,0,'Optio debitis exercitationem impedit consequatur.','Nesciunt adipisci dolore ut animi impedit aut ab.','2013-08-24 11:22:39','2013-08-24 11:22:39'),(136,'Model','Emmerich Inc','Small Rubber Table','135','Mollitia error non facilis voluptatem.','Earum veniam fugit non veritatis et.',NULL,NULL,0,0,'Voluptatem sequi dolorem veniam ut non magni.','Suscipit impedit vel ut est quaerat est.','2013-08-24 11:22:39','2013-08-24 11:22:39'),(137,'Model','West-Dickinson','Gorgeous Rubber Pants','136','Quo laudantium libero quos ipsum soluta quia neque.','Quia ipsa reprehenderit vel officia sunt aut qui fuga.',NULL,NULL,3,0,'Tempora ad molestiae dolor iusto mollitia exercitationem dolores.','Non qui expedita a.','2013-08-24 11:22:39','2013-08-24 11:22:39'),(138,'Model','Williamson, Hilpert and Schumm','Rustic Wooden Chair','137','Officia quaerat iusto consequatur non quia.','Et expedita quos ut assumenda rerum quo doloremque est.',NULL,NULL,2,0,'Possimus veniam rerum voluptas mollitia.','Et nulla recusandae eos.','2013-08-24 11:22:39','2013-08-24 11:22:39'),(139,'Model','Leffler-Glover','Fantastic Granite Computer','138','Similique deserunt sint id officiis neque occaecati.','Voluptatem nesciunt sunt commodi unde consequatur.',NULL,NULL,0,0,'Quibusdam accusantium et ducimus nesciunt alias.','Laborum quae in sint provident voluptatem cupiditate.','2013-08-24 11:22:39','2013-08-24 11:22:39'),(140,'Model','Mohr, Weber and Green','Practical Wooden Table','139','Voluptatem voluptas ut ut veniam voluptatibus optio delectus reprehenderit.','Architecto voluptas ea id voluptas dolorem.',NULL,NULL,1,0,'Ratione veritatis voluptatum velit.','Quo sint autem recusandae omnis.','2013-08-24 11:22:39','2013-08-24 11:22:39'),(141,'Model','Canon','Kamera Canon D5','140','Ganz teure Kamera','Qui esse doloribus neque iste.',NULL,NULL,0,0,'Consequuntur et dicta nostrum nemo blanditiis facere accusamus.','Kamera brauch Akkus!','2013-08-24 11:22:39','2013-08-24 11:22:39'),(142,'Model','Apple','iMac','141','Apples alter iMac','Qui libero aut odit sint rerum praesentium voluptate ut.',NULL,NULL,0,0,'Repellendus et voluptas soluta est nesciunt omnis excepturi et.','Voluptas error et perspiciatis qui.','2013-08-24 11:22:39','2013-08-24 11:22:39'),(143,'Model','Microsoft','Windows Laptop','142','Ein Laptop der Marke Microsoft','Nihil velit officiis tempora.',NULL,NULL,0,0,'Aut ut dolor enim explicabo.','Laptop mit Tasche ausgeben','2013-08-24 11:22:39','2013-08-24 11:22:39'),(144,'Model','Walkera','Walkera v120','1G','3D Helikopter','Nisi voluptatem omnis reiciendis mollitia quae.',NULL,NULL,0,0,'Veritatis nihil alias rem voluptatem rerum at.','Eius voluptatem voluptatum ducimus id sit ut aliquid.','2013-08-24 11:22:39','2013-08-24 11:22:39'),(145,'Model','Walkera','Walkera v120','2G','3D Helikopter','Officiis consequuntur qui eius id aut.',NULL,NULL,0,0,'Et labore consectetur reiciendis sed rem repellendus.','Soluta aut qui ab itaque dolor quos.','2013-08-24 11:22:39','2013-08-24 11:22:39'),(146,'Model','Walkera','Walkera v120','3G','3D Helikopter','Ab dolorem commodi esse ipsam.',NULL,NULL,0,0,'Pariatur eaque est corrupti voluptas quidem quos delectus molestiae.','Architecto consectetur accusantium aliquid eum illum iste reprehenderit ad.','2013-08-24 11:22:39','2013-08-24 11:22:39'),(147,'Software','Kutch, Leffler and Runolfsdottir','Rustic Concrete Pants','143',NULL,NULL,NULL,NULL,0,0,NULL,NULL,'2013-08-24 11:22:39','2013-08-24 11:22:39'),(148,'Software','Roob LLC','Intelligent Rubber Gloves','144',NULL,NULL,NULL,NULL,0,0,NULL,NULL,'2013-08-24 11:22:39','2013-08-24 11:22:39'),(149,'Software','Nader Group','Sleek Cotton Pants','145',NULL,NULL,NULL,NULL,0,0,NULL,NULL,'2013-08-24 11:22:39','2013-08-24 11:22:39'),(150,'Software','Lubowitz, Jerde and Schmeler','Ergonomic Granite Computer','146',NULL,NULL,NULL,NULL,0,0,NULL,NULL,'2013-08-24 11:22:39','2013-08-24 11:22:39'),(151,'Software','Corwin, Sawayn and Dare','Ergonomic Concrete Chair','147',NULL,NULL,NULL,NULL,0,0,NULL,NULL,'2013-08-24 11:22:39','2013-08-24 11:22:39'),(152,'Software','Feil, Crona and Hudson','Incredible Wooden Gloves','148',NULL,NULL,NULL,NULL,0,0,NULL,NULL,'2013-08-24 11:22:39','2013-08-24 11:22:39'),(153,'Software','Pouros-Herman','Practical Cotton Shoes','149',NULL,NULL,NULL,NULL,0,0,NULL,NULL,'2013-08-24 11:22:39','2013-08-24 11:22:39'),(154,'Software','Heidenreich, Eichmann and Denesik','Practical Plastic Shirt','150',NULL,NULL,NULL,NULL,0,0,NULL,NULL,'2013-08-24 11:22:39','2013-08-24 11:22:39'),(155,'Software','Ferry Group','Awesome Steel Shoes','151',NULL,NULL,NULL,NULL,0,0,NULL,NULL,'2013-08-24 11:22:39','2013-08-24 11:22:39'),(156,'Software','Prohaska, Beahan and Dietrich','Practical Wooden Computer','152',NULL,NULL,NULL,NULL,0,0,NULL,NULL,'2013-08-24 11:22:39','2013-08-24 11:22:39'),(157,'Software','Jerde-Collier','Awesome Cotton Computer','153',NULL,NULL,NULL,NULL,0,0,NULL,NULL,'2013-08-24 11:22:39','2013-08-24 11:22:39'),(158,'Software','Fay, Schuster and Daniel','Intelligent Cotton Chair','154',NULL,NULL,NULL,NULL,0,0,'test http://test.ch\r\nwww.foo.ch\r\njust a text',NULL,'2013-08-24 11:22:39','2013-08-24 11:22:39'),(159,'Software','Christiansen Group','Practical Steel Chair','155',NULL,NULL,NULL,NULL,0,0,'test http://test.ch\r\nwww.foo.ch\r\njust a text',NULL,'2013-08-24 11:22:39','2013-08-24 11:22:39'),(160,'Software','Walter Inc','Small Cotton Chair','156',NULL,NULL,NULL,NULL,0,0,NULL,NULL,'2013-08-24 11:22:39','2013-08-24 11:22:39'),(161,'Model','Lindgren, Kassulke and Stoltenberg','Awesome Plastic Shoes',NULL,'Vel omnis modi pariatur earum eum animi.','Voluptate dolorum sit voluptatibus vel.',NULL,NULL,3,0,'Tempora quibusdam ipsam voluptatem eveniet et nobis qui.','Impedit suscipit aperiam quod pariatur nesciunt repellat repudiandae.','2013-08-24 11:22:39','2013-08-24 11:22:39'),(162,'Model','Bartell-Pacocha','Practical Wooden Shoes','157','Dolor porro architecto magni.','Voluptas eos repellendus dolorem facilis excepturi sed quos sequi.',NULL,NULL,3,0,'Cupiditate labore non et.','Quia porro suscipit amet accusamus ut sint.','2013-08-18 22:30:37','2013-08-18 22:30:37'),(163,'Model','Boehm Inc','Gorgeous Steel Table','158','Commodi placeat sapiente aut sit expedita aliquid quibusdam consequuntur.','Et molestias nostrum dicta.',NULL,NULL,2,0,'Modi sunt molestias sapiente.','In fugiat et corporis necessitatibus quibusdam ut voluptas atque.','2013-08-18 22:30:37','2013-08-18 22:30:37'),(164,'Model','Wiegand Group','Practical Granite Gloves','159','Voluptas quisquam blanditiis soluta suscipit ducimus vel quas cumque.','Ea eius quia aut laboriosam voluptate magnam nemo mollitia.',NULL,NULL,1,0,'Est dolor odit ea ex ut nemo.','Saepe provident asperiores quisquam fugit.','2013-08-18 22:30:37','2013-08-18 22:30:37'),(165,'Model','Corkery Inc','Incredible Plastic Gloves','160','Amet quis laborum et aut.','Et quia voluptatibus assumenda maiores.',NULL,NULL,2,0,'Velit sit voluptas possimus blanditiis enim consectetur sint.','Necessitatibus inventore unde ex dolorem voluptatem minima ullam odio.','2013-08-18 22:30:37','2013-08-18 22:30:37'),(166,'Model','Blick-Stiedemann','Fantastic Plastic Table','161','Sequi sit officia sed rerum et qui dolore.','Tempora sed aliquid sapiente ipsum non veritatis aliquam.',NULL,NULL,2,0,'Qui unde aspernatur reprehenderit nam minus.','Explicabo inventore rerum eaque.','2013-08-18 22:30:37','2013-08-18 22:30:37'),(167,'Model','Lang LLC','Intelligent Cotton Car','162','Enim quia eum illum consectetur corporis.','Cupiditate ut modi nam quae sequi qui.',NULL,NULL,3,0,'Optio consectetur fuga cumque dolores quia velit velit.','Et voluptate exercitationem deleniti consectetur ipsa tenetur.','2013-08-18 22:30:37','2013-08-18 22:30:37'),(168,'Model','Quigley-Blick','Rustic Concrete Shoes','163','Fugiat eos nostrum aut.','Accusamus nihil eligendi rem ad illo nihil quo.',NULL,NULL,3,0,'Aut eos adipisci optio numquam.','Explicabo debitis sed ut officia nulla nihil quaerat.','2013-08-18 22:30:37','2013-08-18 22:30:37'),(169,'Model','Mann-Feeney','Awesome Granite Shirt','164','Consequatur et iste eos qui animi aut veritatis perferendis.','Perspiciatis iusto voluptates facilis fugiat odio ipsam nesciunt exercitationem.',NULL,NULL,1,0,'Dicta provident animi eaque.','Quidem eaque voluptatem et facilis.','2013-08-18 22:30:37','2013-08-18 22:30:37'),(170,'Model','Beer, Bernier and Barton','Rustic Steel Hat','165','Quidem quo nihil minus ullam quos blanditiis temporibus porro.','Omnis deleniti recusandae voluptatem.',NULL,NULL,0,0,'Beatae fuga quod mollitia incidunt.','Optio error enim ipsam sequi voluptatum ex enim.','2013-08-18 22:30:37','2013-08-18 22:30:37'),(171,'Model','Senger, Skiles and Schamberger','Small Concrete Pants','166','Recusandae cum placeat amet et sequi quod iure et.','Non ipsum ut voluptates et iste voluptatem.',NULL,NULL,3,0,'Modi mollitia consequatur quia.','Qui laudantium labore voluptatem.','2013-08-18 22:30:37','2013-08-18 22:30:37'),(172,'Model','O\'Reilly-Romaguera','Fantastic Rubber Pants','167','Mollitia in voluptas beatae veritatis molestiae amet.','Molestiae beatae ut voluptatibus saepe iste consequatur architecto.',NULL,NULL,2,0,'Distinctio eos alias quis nobis.','Voluptates nostrum error est asperiores.','2013-08-18 22:30:37','2013-08-18 22:30:37'),(173,'Model','Rath-Rempel','Intelligent Rubber Computer','168','Voluptatibus quia modi et rerum sunt.','Necessitatibus nemo impedit nihil similique adipisci delectus rem.',NULL,NULL,1,0,'Consequatur veritatis et tempora cupiditate.','Animi libero aut temporibus.','2013-08-18 22:30:37','2013-08-18 22:30:37'),(174,'Model','Towne, Lesch and Farrell','Small Wooden Computer','169','Laborum omnis eos suscipit ut non non quo commodi.','Quia accusamus rem molestiae.',NULL,NULL,1,0,'Ipsum omnis minus non enim.','Molestiae aperiam ipsam fuga sed vitae omnis tempora voluptas.','2013-08-18 22:30:37','2013-08-18 22:30:37'),(175,'Model','Brakus-Quitzon','Fantastic Concrete Car','170','Doloremque non aut aut et et ea.','Veritatis ut consectetur quisquam sit autem et quis.',NULL,NULL,1,0,'Eos possimus atque optio assumenda officia qui.','Ex molestiae earum consectetur aut.','2013-08-18 22:30:37','2013-08-18 22:30:37'),(176,'Model','Borer, King and Towne','Rustic Granite Car','171','Esse sit tenetur dolor.','Debitis porro voluptas quisquam enim dolores.',NULL,NULL,0,0,'Accusantium quod impedit quos.','Et ipsum nihil nihil.','2013-08-18 22:30:37','2013-08-18 22:30:37'),(177,'Model','Raynor-Treutel','Ergonomic Rubber Chair','172','Dolor aut quaerat et voluptatibus est dicta deleniti.','Ipsa voluptatem enim et sequi blanditiis est dolores assumenda.',NULL,NULL,1,0,'Corporis quaerat cupiditate autem tempore aperiam dolorem.','Quis voluptatem aliquam nostrum vel.','2013-08-18 22:30:37','2013-08-18 22:30:37'),(178,'Model','Wiza, Ferry and Padberg','Gorgeous Granite Shoes','173','Labore non sapiente dolorem et.','Eos accusamus odit est maxime.',NULL,NULL,2,0,'Modi maxime soluta voluptas eum vitae.','Velit odio consequatur optio.','2013-08-18 22:30:37','2013-08-18 22:30:37'),(179,'Model','Breitenberg, Wuckert and Barrows','Small Concrete Shirt','174','Quod numquam aliquam quia eius repellendus ullam aperiam.','Rerum eos perspiciatis qui neque doloribus.',NULL,NULL,1,0,'Maxime aut quaerat et.','Consequuntur voluptates officiis fugiat occaecati nulla modi est.','2013-08-18 22:30:37','2013-08-18 22:30:37'),(180,'Model','Johnston-Wunsch','Incredible Granite Pants','175','Dolorem qui vitae officiis soluta pariatur saepe molestiae totam.','Qui consequatur sit magni corrupti ut magnam.',NULL,NULL,2,0,'Et eos quia consequatur.','Iusto tempora distinctio vel voluptatem et possimus omnis facere.','2013-08-18 22:30:38','2013-08-18 22:30:38'),(181,'Model','Kub Group','Rustic Cotton Chair','176','Quae consequuntur eligendi eveniet.','Et hic autem est.',NULL,NULL,0,0,'Vero consequatur omnis saepe mollitia et.','Assumenda officiis architecto consectetur odit et.','2013-08-18 22:30:38','2013-08-18 22:30:38'),(182,'Model','Sporer, Dickinson and Kautzer','Fantastic Plastic Car','177','A iure tenetur error quis quia voluptatem.','Non nam aut optio eius consequatur perspiciatis.',NULL,NULL,3,0,'Explicabo aut quis cum accusantium et omnis voluptate minima.','Hic odio sed quas blanditiis qui voluptatem voluptatem.','2013-08-18 22:30:38','2013-08-18 22:30:38'),(183,'Model','Hessel Inc','Small Concrete Hat','178','Exercitationem fuga nobis et minima.','Est laborum non iure odio distinctio.',NULL,NULL,0,0,'Dolor ut tempora ipsam occaecati qui voluptatem similique.','Aut cumque esse non dolore fugit hic.','2013-08-18 22:30:38','2013-08-18 22:30:38'),(184,'Model','Medhurst-Mayert','Ergonomic Plastic Shirt','179','Officia dolor totam placeat consequatur cumque.','Sapiente itaque aut dolore et animi.',NULL,NULL,2,0,'Aspernatur aut a minus laborum consequuntur libero asperiores ipsum.','Laudantium doloribus vitae ullam.','2013-08-18 22:30:38','2013-08-18 22:30:38'),(185,'Model','Bosco, O\'Keefe and Beatty','Small Granite Computer','180','Aliquam ex et distinctio atque expedita iusto quam.','Accusantium occaecati assumenda sed aut.',NULL,NULL,3,0,'Qui quam dolorem ut laborum autem modi ut labore.','Eaque hic possimus quibusdam nulla accusantium et.','2013-08-20 03:28:47','2013-08-20 03:28:47'),(186,'Model','Buckridge-Morar','Ergonomic Granite Shirt','181','Perspiciatis asperiores rerum officia possimus est.','Optio voluptatem officia aut cumque placeat.',NULL,NULL,2,0,'Velit laboriosam delectus et voluptate autem.','Id modi nulla veniam quia aliquam reprehenderit dolores esse.','2013-08-20 03:28:47','2013-08-20 03:28:47'),(187,'Model','Leuschke-Stroman','Intelligent Cotton Table','182','Doloremque eum eius quae explicabo.','Non quae omnis velit excepturi consequatur vel quis.',NULL,NULL,1,0,'Quo et ab molestiae ducimus vel itaque aut.','Non odio eligendi sed ab corrupti sequi ratione.','2013-08-20 03:28:47','2013-08-20 03:28:47'),(188,'Model','Satterfield-Osinski','Awesome Steel Car','183','Similique at exercitationem nobis.','Neque in reprehenderit nesciunt autem esse aliquid.',NULL,NULL,0,0,'Minima inventore numquam fuga quisquam occaecati nostrum.','Est pariatur et voluptatum in voluptas.','2013-08-21 16:42:11','2013-08-21 16:42:11'),(189,'Model','Ritchie, O\'Kon and Kassulke','Small Steel Hat','184','Non voluptates tempora exercitationem.','Delectus tenetur illo unde reiciendis nam cupiditate.',NULL,NULL,0,0,'Magnam deserunt et eligendi in sed ea pariatur est.','Deserunt recusandae error doloribus non ad dolorem quis.','2013-08-21 16:42:11','2013-08-21 16:42:11'),(190,'Model','Zieme-Klocko','Rustic Wooden Shoes','185','Sunt accusantium consectetur debitis repellendus quaerat omnis sed quidem.','Sed nulla et sed cum accusantium iste itaque sunt.',NULL,NULL,0,0,'Non porro blanditiis occaecati et.','Sunt sit deleniti cum.','2013-08-21 16:42:11','2013-08-21 16:42:11'),(191,'Model','Gibson Inc','Awesome Rubber Computer','186','Sit magnam voluptatem consequuntur illum aliquid aliquam vel sed.','Voluptas ad odio sed cumque saepe esse at.',NULL,NULL,2,0,'Non qui dicta tenetur repellat.','Praesentium sit quam eaque ipsum qui rerum esse.','2013-08-21 16:42:11','2013-08-21 16:42:11'),(192,'Model','Schaden-Reilly','Gorgeous Concrete Computer','187','Suscipit impedit minus est est cupiditate aspernatur velit.','Aut possimus culpa temporibus ducimus.',NULL,NULL,1,0,'Temporibus velit non rerum voluptatem minima nisi et.','Suscipit aut quam id aut.','2013-08-21 16:42:11','2013-08-21 16:42:11'),(193,'Model','White-Rau','Fantastic Plastic Gloves','188','Et dolorem aliquam voluptas velit error deserunt.','Ut temporibus officiis ab deserunt dolor.',NULL,NULL,3,0,'Pariatur officiis perferendis adipisci ipsum voluptas.','Odio dolor earum libero molestiae asperiores.','2013-08-21 16:42:11','2013-08-21 16:42:11'),(194,'Model','Hudson Inc','Small Wooden Car','189','Neque velit quia non.','Dolor omnis rerum quaerat est placeat et voluptatem repudiandae.',NULL,NULL,2,0,'Rerum consequuntur eos qui nobis officiis.','Nemo est omnis aliquam laborum minus hic tempora ipsa.','2013-08-21 16:42:11','2013-08-21 16:42:11'),(195,'Model','Schulist LLC','Ergonomic Concrete Shirt','190','Qui dolorem quis voluptates quia asperiores.','Recusandae sit nulla ea.',NULL,NULL,3,0,'Quae explicabo sint magni id cumque facilis.','Autem et eius nesciunt est quas omnis.','2013-08-21 16:42:11','2013-08-21 16:42:11'),(196,'Model','Gleason-Bins','Practical Steel Pants','191','Corporis quas vitae ea incidunt.','Voluptates porro labore sed commodi quia molestiae hic non.',NULL,NULL,2,0,'Sapiente mollitia qui ex.','Dolores necessitatibus velit sequi.','2013-08-24 11:22:39','2013-08-24 11:22:39'),(197,'Model','Baumbach, Wehner and Labadie','Fantastic Steel Pants','192','Et sed et ipsam.','Odit soluta debitis id quos tenetur voluptatem expedita saepe.',NULL,NULL,3,0,'Incidunt esse quod exercitationem omnis nihil nemo.','Cum quasi culpa nesciunt qui esse ratione exercitationem.','2013-08-24 11:22:39','2013-08-24 11:22:39'),(198,'Model','Bergstrom Group','Incredible Steel Shoes','193','Beatae delectus soluta quisquam reprehenderit voluptatem.','Veritatis nihil hic laborum laudantium fuga assumenda non molestiae.',NULL,NULL,0,0,'Sed at veritatis qui magni labore rerum.','Et consequatur dolorum consequuntur.','2013-08-24 11:22:39','2013-08-24 11:22:39'),(199,'Model','Block LLC','Ergonomic Steel Computer','194','Quia dolores commodi beatae.','Quos voluptatibus ducimus neque repellendus sed aut aut.',NULL,NULL,0,0,'Rerum quae rem et quia.','Occaecati mollitia doloremque ut natus officiis et in aperiam.','2013-08-24 11:22:39','2013-08-24 11:22:39'),(200,'Model','Wyman-Hudson','Sleek Concrete Chair','195','At sit aspernatur et sequi.','Dignissimos non eaque praesentium nihil officiis maxime adipisci.',NULL,NULL,0,0,'Minima labore et nisi atque itaque quo dolores.','Qui dolores officia voluptas debitis fuga ipsam a optio.','2013-08-24 11:22:39','2013-08-24 11:22:39'),(201,'Model','Klein, Wiza and Donnelly','Rustic Plastic Table','196','Dolores consequatur omnis saepe error qui ipsa dolorum sunt.','Rerum dolores autem possimus.',NULL,NULL,1,0,'Quia qui unde eum distinctio tempora non deleniti qui.','A ea delectus laboriosam totam molestias qui autem.','2013-08-24 11:22:39','2013-08-24 11:22:39'),(202,'Model','Volkman and Sons','Sleek Wooden Computer','197','Aut maxime explicabo ducimus ipsum similique autem itaque assumenda.','Consectetur neque eaque sit dolore.',NULL,NULL,2,0,'Nihil nemo quia sed.','Ea recusandae assumenda odio corporis.','2013-08-24 11:22:39','2013-08-24 11:22:39'),(203,'Model','Jakubowski, Williamson and Maggio','Rustic Granite Hat','198','Suscipit maxime consequatur est omnis veniam.','Consequatur laudantium eum et suscipit commodi assumenda.',NULL,NULL,2,0,'Minima optio modi corrupti rem eaque quo.','Libero et quis et error.','2013-08-24 11:22:39','2013-08-24 11:22:39'),(204,'Model','Lemke-Hamill','Awesome Plastic Shirt','199','Sit sunt aut et similique.','Recusandae sapiente commodi qui.',NULL,NULL,0,0,'Quia deleniti et consequatur.','Corporis ut sunt neque.','2013-08-24 11:22:39','2013-08-24 11:22:39'),(205,'Model','Stamm, Hahn and Wilkinson','Incredible Cotton Shirt','200','Error velit voluptas harum possimus atque.','Suscipit accusamus voluptas sint aut.',NULL,NULL,3,0,'Aperiam eos sequi rerum.','Voluptate officiis ea aliquid numquam omnis.','2013-08-24 11:22:39','2013-08-24 11:22:39'),(206,'Model','Reynolds, Koss and Harber','Rustic Concrete Hat','201','Culpa et velit quia.','Ut est corrupti nemo vitae consequatur.',NULL,NULL,2,0,'Et vitae quia eaque ipsa aliquid qui quibusdam laborum.','Omnis optio sed numquam omnis.','2013-08-24 11:22:39','2013-08-24 11:22:39'),(207,'Model','Fadel Inc','Intelligent Concrete Chair','202','Voluptate corrupti modi saepe.','Vitae error sit aliquam magni dignissimos inventore occaecati.',NULL,NULL,0,0,'Aut non ex recusandae vero.','Enim consequatur eos voluptates.','2013-08-24 11:22:39','2013-08-24 11:22:39'),(208,'Model','Nicolas-Bartell','Awesome Wooden Chair','203','Quis in optio molestias iure dolor explicabo voluptatem ullam.','Tenetur veritatis perspiciatis nostrum perferendis iste et.',NULL,NULL,3,0,'Ea repudiandae consectetur et quasi similique dolor qui velit.','Sunt asperiores explicabo et incidunt.','2013-08-24 11:22:39','2013-08-24 11:22:39'),(209,'Model','Predovic, Mohr and Kunde','Intelligent Plastic Computer','204','Aliquid sequi est quia itaque ut rerum animi.','Hic earum eos minus adipisci.',NULL,NULL,3,0,'Animi corporis rerum esse impedit ut eius voluptatum cupiditate.','Eos eum et illum voluptatem qui ipsa.','2013-08-24 11:22:39','2013-08-24 11:22:39'),(210,'Model','McGlynn-Hauck','Intelligent Steel Gloves','205','Libero suscipit qui aspernatur corrupti qui.','Omnis et qui illum optio nihil.',NULL,NULL,2,0,'Ea soluta ad quam sed et nobis eos vero.','Magnam est qui at consequatur commodi quibusdam molestiae.','2013-08-24 11:22:39','2013-08-24 11:22:39'),(211,'Model','Mertz, Boyle and Hermiston','Fantastic Cotton Table','206','Harum molestiae nihil laudantium et qui vero et.','Consequuntur et quas reiciendis ut cum.',NULL,NULL,0,0,'Ratione qui repellendus rerum.','Alias at aperiam nihil ut magnam rem nulla dolorem.','2013-08-24 11:22:39','2013-08-24 11:22:39'),(212,'Model','Douglas and Sons','Small Plastic Table','207','At qui sed debitis.','Quis libero autem repellat maiores porro repellendus ab tempora.',NULL,NULL,3,0,'Ratione suscipit ipsa et ducimus occaecati quod.','Quod perferendis odio nihil quasi corporis molestiae et enim.','2013-08-24 11:22:39','2013-08-24 11:22:39'),(213,'Model','Dach-Nolan','Awesome Granite Chair','208','Qui libero dolores debitis numquam est est.','Dignissimos nostrum amet consequatur quo.',NULL,NULL,2,0,'Eius eaque enim id fugiat sit molestiae aut rerum.','Laboriosam aliquam modi et delectus.','2013-08-24 11:22:39','2013-08-24 11:22:39'),(214,'Model','Brakus-Beatty','Gorgeous Wooden Hat','209','In et repellat ullam sequi ipsum.','Omnis quo voluptas vel.',NULL,NULL,3,0,'Laborum exercitationem qui et rerum est facilis.','Qui modi harum doloremque inventore eos laudantium sed.','2013-08-24 11:22:39','2013-08-24 11:22:39'),(215,'Model','Jast Inc','Ergonomic Rubber Shirt','210','Et omnis nostrum voluptatem ad dolore aut adipisci laudantium.','Qui unde a reprehenderit est.',NULL,NULL,0,0,'Quidem autem qui reiciendis ea.','Enim voluptas vel nostrum.','2013-08-24 11:22:39','2013-08-24 11:22:39'),(216,'Model','Ernser, Morar and Crist','Awesome Granite Hat','212','Esse doloribus voluptates reprehenderit.','Atque quaerat exercitationem sequi tenetur.',NULL,NULL,2,0,'Occaecati laboriosam qui officia.','Rerum ipsa aut dolore dignissimos omnis vitae sit aliquam.','2013-08-24 11:22:39','2013-08-24 11:22:39'),(217,'Software','Bahringer-Hegmann','Small Plastic Shoes','214',NULL,NULL,NULL,NULL,0,0,NULL,NULL,'2013-08-24 11:22:39','2013-08-24 11:22:39'),(218,'Model','Borer, Wintheiser and Streich','Incredible Plastic Shirt','215','Incidunt cumque est est cupiditate.','Voluptatibus dolorem fuga incidunt ipsum aut dolorum.',NULL,NULL,1,0,'Quas quis quo eligendi.','Excepturi qui aspernatur quia.','2013-08-19 00:00:00','2013-08-19 00:00:00'),(219,'Model','Boehm, Wunsch and Witting','Gorgeous Concrete Gloves','216','Quo esse optio necessitatibus et non.','Adipisci voluptatibus ut ratione.',NULL,NULL,2,0,'Voluptatem est eligendi id hic.','Unde reiciendis eveniet reprehenderit.','2013-08-19 00:00:00','2013-08-19 00:00:00'),(220,'Model','Kessler Inc','Sleek Concrete Hat','217','Ut sunt sit sequi.','Adipisci animi enim dignissimos facere officia aut.',NULL,NULL,2,0,'Sequi officiis ut accusamus ratione qui et adipisci.','Deserunt et expedita et sint.','2013-08-19 00:00:00','2013-08-19 00:00:00'),(221,'Model','Schuppe-Bernhard','Awesome Rubber Pants','218','Quo dolores molestiae illum expedita nisi.','Aut a incidunt voluptatem expedita quisquam.',NULL,NULL,0,0,'Sit voluptates rerum officiis voluptas est nesciunt sequi recusandae.','Officia debitis perspiciatis quidem nisi.','2013-08-19 00:00:00','2013-08-19 00:00:00'),(222,'Model','Graham, Koss and Gleason','Sleek Rubber Computer','220','Omnis quaerat enim quae eum beatae ullam voluptatem.','Commodi quasi sed ipsum adipisci magni atque cumque enim.',NULL,NULL,0,0,'Voluptatem dolore dolor iusto distinctio dolorum minus deserunt.','Nesciunt voluptas soluta dolorem.','2013-08-24 11:22:39','2013-08-24 11:22:39'),(223,'Model','Turner, Walter and Predovic','Intelligent Steel Shoes','221','Facere cupiditate dolor non.','Repudiandae soluta iusto commodi a et id.',NULL,NULL,1,0,'Nihil et voluptas aut est suscipit iste aperiam.','Enim dolores quia temporibus.','2013-08-24 11:22:39','2013-08-24 11:22:39'),(224,'Model','Cormier-Cremin','Incredible Plastic Table','222','Dolore exercitationem eum ullam excepturi.','Error velit hic deserunt delectus quibusdam sit.',NULL,NULL,0,0,'Minima facilis modi dolor mollitia error.','Nihil et asperiores magni laboriosam rem animi voluptatum.','2013-08-24 11:22:39','2013-08-24 11:22:39'),(225,'Model','Eichmann and Sons','Gorgeous Plastic Gloves','223','Quasi aliquam voluptatem debitis ut architecto at.','Repellat veritatis sed fugit repellendus et nulla.',NULL,NULL,1,0,'Officiis voluptates culpa modi.','Et suscipit rerum unde consequatur recusandae provident consectetur.','2013-08-24 11:22:39','2013-08-24 11:22:39'),(226,'Model','Aufderhar-Crist','Gorgeous Concrete Pants','224','Et consectetur harum laboriosam nisi ut possimus sit quia.','Sunt blanditiis commodi harum neque provident officia.',NULL,NULL,3,0,'Molestiae fugit eos quo voluptatum et est est distinctio.','Ea nisi est possimus velit aut molestiae doloribus.','2013-08-24 11:22:39','2013-08-24 11:22:39'),(227,'Model','Hoppe and Sons','Ergonomic Granite Gloves','225','Illum repellat facilis ut earum voluptas.','Et voluptatem sapiente neque.',NULL,NULL,0,0,'Aperiam illo eius quod eligendi alias dolorum.','Omnis qui numquam quasi et.','2013-08-24 11:22:39','2013-08-24 11:22:39'),(228,'Model','Kassulke, Graham and Fadel','Gorgeous Granite Shirt','226','Tempore modi eos voluptatibus eos veritatis.','Ut hic ratione eaque.',NULL,NULL,0,0,'A hic aut voluptas possimus non.','Aut consequatur cupiditate est error.','2013-08-24 11:22:39','2013-08-24 11:22:39'),(229,'Model','Jakubowski and Sons','Incredible Steel Computer','227','Tenetur commodi consequatur voluptas.','Adipisci et ducimus qui nostrum qui numquam.',NULL,NULL,3,0,'Iste accusamus voluptatem doloremque.','Voluptas ea velit quod fuga velit est voluptatem.','2013-08-24 11:22:39','2013-08-24 11:22:39'),(230,'Model','Schmitt, Tillman and Jenkins','Sleek Granite Shoes','228','Autem doloremque id illo consectetur nostrum fuga porro.','A omnis magnam modi.',NULL,NULL,1,0,'Labore distinctio eum neque beatae et totam.','Fuga est excepturi voluptatem et neque.','2013-08-24 11:22:39','2013-08-24 11:22:39'),(231,'Model','Lind Group','Practical Rubber Hat','229','Dolorem delectus tenetur cupiditate molestiae ipsa at consequuntur rerum.','Corrupti voluptates eius qui dolor velit repellendus dolorum.',NULL,NULL,3,0,'Enim facilis necessitatibus incidunt quis in architecto et.','Nobis aut praesentium dolores veniam.','2013-08-24 11:22:39','2013-08-24 11:22:39'),(232,'Model','Pacocha-Jacobs','Ergonomic Plastic Hat','230','Dolores enim et consectetur nihil ipsam et quia.','Quas et minima harum repudiandae quia.',NULL,NULL,3,0,'Est deserunt vero quod id et magnam excepturi.','Temporibus natus quibusdam ut eum et expedita voluptates et.','2013-08-24 11:22:39','2013-08-24 11:22:39'),(233,'Model','Adams-Deckow','Gorgeous Steel Hat','231','Aliquid dolores nisi consequatur.','Dicta ut esse praesentium perferendis nam atque ex.',NULL,NULL,3,0,'Non nostrum et optio.','Sed nisi voluptas natus et sapiente.','2013-08-24 11:22:39','2013-08-24 11:22:39'),(234,'Model','Ebert-Ullrich','Small Plastic Pants','232','Velit voluptatem in voluptas.','Et fugit aut repudiandae nisi et quis iste.',NULL,NULL,2,0,'Exercitationem placeat sed molestiae veniam totam.','Reprehenderit quae vero dolorem voluptas.','2013-08-24 11:22:39','2013-08-24 11:22:39'),(235,'Model','Breitenberg and Sons','Practical Rubber Gloves','233','Ut soluta odio voluptatem deserunt dolores odit.','Repellendus tempora sunt deleniti non culpa totam quibusdam.',NULL,NULL,2,0,'Ullam alias asperiores ipsam.','Nulla non reprehenderit aut debitis.','2013-08-24 11:22:39','2013-08-24 11:22:39'),(236,'Model','Frami, Gutkowski and Langosh','Small Plastic Gloves','234','Aliquam molestiae eveniet et iste optio maiores recusandae nulla.','Labore necessitatibus debitis molestiae cum et velit voluptatem.',NULL,NULL,1,0,'Necessitatibus doloribus vitae cupiditate vel consequatur in consequuntur.','Modi ut officia saepe voluptatem repellendus sunt.','2013-08-19 00:00:00','2013-08-19 00:00:00'),(237,'Model','Hamill-O\'Reilly','Sleek Steel Table','235','Voluptatem eum eius ea fuga eos ut.','Sit est vel cum odio iusto.',NULL,NULL,3,0,'Odio ratione libero qui blanditiis laboriosam tempore repellat quia.','Soluta suscipit doloremque pariatur eum magni.','2013-08-19 00:00:00','2013-08-19 00:00:00'),(238,'Model','Aufderhar, Carter and Mayer','Rustic Wooden Car','236','Perspiciatis placeat ullam perferendis blanditiis incidunt rerum hic aut.','Unde provident ipsum eum aut.',NULL,NULL,3,0,'Quasi sint perferendis quod voluptatem repellat accusantium.','Possimus pariatur eos magnam et.','2013-08-19 00:00:00','2013-08-19 00:00:00'),(239,'Model','Heller Group','Incredible Cotton Pants','237','Consequuntur autem aut cumque vitae qui natus error.','Ut corrupti vel facere eum.',NULL,NULL,1,0,'Necessitatibus sit ut architecto voluptatem nam.','Autem ut quia totam pariatur aut tenetur architecto.','2013-08-19 00:00:00','2013-08-19 00:00:00'),(240,'Model','Harber Inc','Intelligent Rubber Chair','238','Sit et enim repudiandae voluptatem incidunt qui cupiditate qui.','Nemo at et ducimus non placeat repellat et voluptates.',NULL,NULL,1,0,'Necessitatibus suscipit porro placeat illum nam exercitationem quia.','Consequatur veritatis vero non blanditiis delectus et.','2013-08-24 11:22:39','2013-08-24 11:22:39'),(241,'Model','Corwin-Stamm','Rustic Rubber Shoes','239','Quod quis et excepturi doloribus nesciunt.','Aut eaque et ducimus aut ad.',NULL,NULL,1,0,'Impedit doloremque dolor aut facere aspernatur consequatur.','Ipsam amet fuga error.','2013-08-24 11:22:39','2013-08-24 11:22:39'),(242,'Model','Parisian, Hickle and Bechtelar','Sleek Plastic Hat','240','Aliquam magni est deleniti ab.','Fugiat dolores nisi et culpa veniam.',NULL,NULL,1,0,'Velit nihil ea voluptas delectus numquam voluptate natus ullam.','Dolor qui tempora quis placeat aut quibusdam aut consectetur.','2013-08-24 11:22:39','2013-08-24 11:22:39'),(243,'Model','Zemlak, Brown and Heaney','Ergonomic Cotton Shoes','241','A nulla molestiae modi dolorem consectetur et aut.','Voluptatem ipsum qui earum iure a.',NULL,NULL,2,0,'Blanditiis distinctio cum tenetur possimus nobis.','Magnam et et iste ullam voluptas.','2013-08-24 11:22:39','2013-08-24 11:22:39'),(244,'Model','McCullough-Barton','Ergonomic Wooden Table','242','Commodi quam impedit maiores excepturi fuga consequatur voluptatem consequatur.','Et in sed beatae.',NULL,NULL,3,0,'Consectetur beatae repellendus dolores aspernatur et cumque eveniet doloremque.','Vero a maxime repudiandae tenetur est eos.','2013-08-24 11:22:39','2013-08-24 11:22:39'),(245,'Model','Zboncak, Larson and Wisoky','Ergonomic Cotton Car','243','Vel voluptas ea voluptate error odit.','Dolores ipsa eligendi aliquam quasi aut pariatur possimus.',NULL,NULL,1,0,'Itaque nulla aut tempora eos officiis.','Quas aspernatur est nihil iusto ratione optio in.','2013-08-24 11:22:39','2013-08-24 11:22:39'),(246,'Model','McLaughlin, Grant and Dietrich','Gorgeous Wooden Computer','244','Quisquam tempore sunt nihil.','Error voluptas atque et dolorem minus ut praesentium.',NULL,NULL,1,0,'Et aut ea officia.','Et nihil consectetur ut aut corrupti suscipit nulla.','2013-08-24 11:22:39','2013-08-24 11:22:39'),(247,'Model','West and Sons','Gorgeous Wooden Pants','245','Porro rerum assumenda consequatur laudantium.','Eius harum aliquam laudantium.',NULL,NULL,3,0,'Vel minima quia autem voluptatum.','Quo occaecati delectus repellendus provident accusamus architecto.','2013-08-24 11:22:39','2013-08-24 11:22:39'),(248,'Model','Grant, Grady and Murazik','Incredible Concrete Gloves','246','Aut eum sunt voluptatem aut ullam quis eum enim.','Id fugit odit libero.',NULL,NULL,0,0,'Et sint facilis ab dolorum at.','Vitae sequi in optio aut non.','2013-08-24 11:22:39','2013-08-24 11:22:39'),(249,'Model','Gorczany LLC','Gorgeous Concrete Shirt','247','Saepe praesentium aspernatur enim et porro.','Quo recusandae veritatis fugiat ut.',NULL,NULL,0,0,'Qui voluptas quia vel.','Minus doloribus culpa repellendus error necessitatibus cumque accusamus.','2013-08-24 11:22:39','2013-08-24 11:22:39'),(250,'Model','Frami-Welch','Rustic Plastic Hat','248','Fugit fuga enim qui et ut recusandae.','Dignissimos sit molestiae quae ullam modi.',NULL,NULL,0,0,'Voluptatem libero ducimus praesentium est qui.','Asperiores vel harum eveniet inventore culpa.','2013-08-24 11:22:39','2013-08-24 11:22:39'),(251,'Model','Bergnaum Inc','Incredible Steel Gloves','249','Cum ex eligendi saepe aut.','Et et velit quia consectetur consequatur cupiditate facilis.',NULL,NULL,3,0,'Aliquam ea pariatur quidem.','Nesciunt voluptatem error porro ut aut.','2013-08-24 11:22:39','2013-08-24 11:22:39'),(252,'Model','Cummings Inc','Small Wooden Hat','250','Ab neque aut hic et non omnis ad.','Consequatur laborum consectetur ut vel dolore quis expedita enim.',NULL,NULL,3,0,'Debitis exercitationem quas quibusdam.','Et occaecati autem in voluptates voluptatem qui.','2013-08-24 11:22:39','2013-08-24 11:22:39'),(253,'Model','Champlin, Krajcik and Kuhlman','Ergonomic Cotton Computer','251','Incidunt sequi mollitia dolor aperiam.','Aliquid nam placeat error.',NULL,NULL,1,0,'Nemo impedit corporis qui.','Qui occaecati vel enim non.','2013-08-24 11:22:39','2013-08-24 11:22:39'),(254,'Model','Ryan Inc','Rustic Cotton Computer','252','Amet qui nulla quo.','Sint dolorum a sit.',NULL,NULL,3,0,'Ipsa cum minima suscipit consectetur consequatur.','Iure voluptatum autem ea dignissimos perspiciatis.','2013-08-24 11:22:39','2013-08-24 11:22:39'),(255,'Model','Lang and Sons','Fantastic Concrete Computer','253','Sapiente a iste eligendi aut beatae.','Quod aut voluptas autem delectus eum quisquam deserunt.',NULL,NULL,2,0,'Qui eum quaerat ut nihil cumque dolorem laudantium.','Earum quis qui assumenda qui ut est repellat.','2013-08-24 11:22:39','2013-08-24 11:22:39'),(256,'Model','O\'Reilly, Kub and Boehm','Incredible Granite Gloves','254','Voluptatem veritatis corporis et voluptatibus qui et nostrum et.','Dolore voluptas omnis aut.',NULL,NULL,2,0,'Voluptas optio vitae et pariatur consequatur harum.','Velit velit possimus consequatur omnis.','2013-08-24 11:22:39','2013-08-24 11:22:39'),(257,'Model','Connelly-Bashirian','Gorgeous Granite Car','255','Praesentium qui iusto consectetur perspiciatis minima provident.','Id eaque molestiae iusto facere et amet.',NULL,NULL,3,0,'Dolorem voluptas et accusamus exercitationem rerum nostrum nesciunt aliquam.','Molestias magni praesentium quaerat.','2013-08-24 11:22:39','2013-08-24 11:22:39'),(258,'Model','Brown and Sons','Intelligent Wooden Shoes','256','Velit repudiandae temporibus aliquam voluptas.','Sit id error est eaque et.',NULL,NULL,0,0,'Sed itaque et repudiandae et in perspiciatis.','Nesciunt harum explicabo occaecati ipsa nihil.','2013-08-24 11:22:39','2013-08-24 11:22:39'),(259,'Model','Wuckert and Sons','Small Rubber Shoes','257','Est ipsa illum sed hic esse.','Corrupti quasi ipsa totam incidunt tenetur.',NULL,NULL,1,0,'Tempora vero eveniet exercitationem est.','Voluptas explicabo est dolorum.','2013-08-24 11:22:39','2013-08-24 11:22:39'),(260,'Model','Doyle-Rice','Fantastic Granite Pants','258','Voluptas enim est illo repudiandae sunt.','Molestiae aut quidem qui accusantium.',NULL,NULL,1,0,'Quibusdam cum minus vel culpa quis deserunt a dolores.','Voluptatem omnis facere corrupti iure aut dolore id dolor.','2013-08-24 11:22:39','2013-08-24 11:22:39'),(261,'Model','Koepp LLC','Fantastic Granite Gloves','259','Consequatur vel tempora odio vel consectetur nihil provident distinctio.','Quia deleniti reprehenderit non non recusandae sed illo eum.',NULL,NULL,2,0,'Sint quidem voluptatibus minima.','Et fugiat minima voluptatem consequatur et rerum.','2013-08-24 11:22:39','2013-08-24 11:22:39'),(262,'Model','Smith Inc','Fantastic Cotton Car','260','Veniam quibusdam aut voluptatem culpa recusandae.','Et asperiores delectus nisi rerum voluptas totam sed.',NULL,NULL,3,0,'Vel vel eos sed exercitationem consectetur quibusdam facere nesciunt.','Assumenda autem delectus ad qui enim expedita aspernatur.','2013-08-24 11:22:39','2013-08-24 11:22:39'),(263,'Model','Jacobs and Sons','Sleek Wooden Hat','261','Eum in vel assumenda voluptas eius perferendis voluptas quidem.','Dolores at quod omnis consequatur et sit et.',NULL,NULL,3,0,'Harum laboriosam deserunt suscipit dolorem commodi.','Sunt placeat et nulla adipisci corrupti fuga.','2013-08-24 11:22:39','2013-08-24 11:22:39'),(264,'Model','Kertzmann-Graham','Sleek Steel Car','262','Magni sit velit eius vitae.','Fugit et corrupti cupiditate voluptatem quia ut sunt et.',NULL,NULL,3,0,'Id molestias sunt perspiciatis iste minima cum.','Officia et consectetur et illum occaecati ut.','2013-08-24 11:22:39','2013-08-24 11:22:39'),(265,'Model','Cronin Group','Fantastic Rubber Gloves','263','Aliquid ex id ducimus sit soluta nisi.','Ut enim sit quidem quis veniam praesentium.',NULL,NULL,3,0,'Quisquam dicta optio officia nostrum.','Et ut qui aliquid ex natus dolores quam.','2013-08-24 11:22:39','2013-08-24 11:22:39'),(266,'Model','Wunsch Inc','Sleek Cotton Gloves','264','Voluptatem molestiae dolorem vel eum.','Vel velit dignissimos consectetur.',NULL,NULL,0,0,'In ut fuga ea.','Odio eum est quod et minima sint in qui.','2013-08-24 11:22:39','2013-08-24 11:22:39'),(267,'Model','Crona Group','Gorgeous Plastic Shoes','265','Suscipit et vitae laboriosam repudiandae ab illum rerum fugit.','Numquam voluptatem impedit porro asperiores.',NULL,NULL,1,0,'Atque adipisci architecto quia reiciendis.','Sapiente assumenda libero nulla commodi totam rerum suscipit.','2013-08-24 11:22:39','2013-08-24 11:22:39'),(268,'Model','Borer-Daniel','Awesome Rubber Car','266','Dolorum voluptatum atque possimus reprehenderit voluptatem molestias.','Temporibus labore enim sint quisquam.',NULL,NULL,3,0,'Dolore esse explicabo soluta provident perspiciatis a.','Et est excepturi sed officia sunt.','2013-08-24 11:22:39','2013-08-24 11:22:39'),(269,'Model','Graham-Keeling','Small Granite Hat','267','Magni quaerat perferendis soluta similique doloribus sed dolores quasi.','Ut ut aut tenetur repudiandae ullam.',NULL,NULL,3,0,'Tenetur delectus harum iste voluptas.','Omnis dolor vel accusamus.','2013-08-24 11:22:39','2013-08-24 11:22:39'),(270,'Model','Lowe-Dicki','Sleek Granite Table','268','Voluptatum nostrum quas numquam id quia.','Sunt temporibus exercitationem in non.',NULL,NULL,1,0,'Nam ut eos eveniet aut qui asperiores temporibus.','Sint tempora laborum possimus ad eos ipsum ducimus.','2013-08-24 11:22:39','2013-08-24 11:22:39'),(271,'Model','Denesik LLC','Rustic Plastic Chair','269','Labore autem et aut.','Atque consequatur voluptatum consequuntur dicta in repellat ipsum omnis.',NULL,NULL,0,0,'Consectetur qui expedita sed ea asperiores repellendus neque.','Id ex pariatur blanditiis molestias quis quam delectus.','2013-08-24 11:22:39','2013-08-24 11:22:39'),(272,'Model','Reichert, Murray and Beer','Sleek Cotton Shoes','270','Laudantium veniam at aperiam vero.','Necessitatibus sed dolorem pariatur deserunt cumque omnis exercitationem saepe.',NULL,NULL,2,0,'Esse commodi quo non et.','Consequatur delectus enim excepturi.','2013-08-24 11:22:39','2013-08-24 11:22:39'),(273,'Model','Boyle, Harber and Yundt','Awesome Rubber Table','271','Neque quidem illo dolor non qui occaecati aut.','Id minima ad possimus sed.',NULL,NULL,0,0,'Porro dolorem ut possimus provident doloremque occaecati natus.','Reprehenderit dolore modi inventore ipsum voluptatem beatae qui quod.','2013-08-24 11:22:39','2013-08-24 11:22:39'),(274,'Model','Green LLC','Ergonomic Plastic Shoes','272','Sit beatae quaerat est omnis.','Atque et distinctio quas.',NULL,NULL,3,0,'Consequatur ad quasi sint et animi.','Ut eligendi quam atque.','2013-08-24 11:22:39','2013-08-24 11:22:39'),(275,'Model','McDermott LLC','Gorgeous Concrete Shoes','273','Sit ipsa aspernatur sunt.','Quis aut aut laboriosam.',NULL,NULL,3,0,'Qui reiciendis dolores quos.','Saepe atque cupiditate qui et cum sunt corrupti.','2013-08-24 11:22:39','2013-08-24 11:22:39'),(276,'Model','Kessler Inc','Awesome Plastic Chair','274','Et libero deleniti id animi.','Mollitia est dolorem nisi.',NULL,NULL,2,0,'Consequatur magni et esse recusandae ab.','Et eos enim aut autem.','2013-08-24 11:22:39','2013-08-24 11:22:39'),(277,'Model','Kreiger, Larson and Mertz','Practical Rubber Table','275','Saepe deserunt eos dolores consequatur.','Ad aut pariatur et laboriosam provident.',NULL,NULL,1,0,'Deserunt minima sed voluptatem aliquam qui.','Cumque eum ipsam perferendis.','2013-08-24 11:22:39','2013-08-24 11:22:39'),(278,'Model','Boehm-Reinger','Gorgeous Steel Shirt','276','Ut suscipit minima porro dicta voluptatem cumque dolores sed.','Et unde dolorem possimus quo quibusdam dolor assumenda exercitationem.',NULL,NULL,1,0,'Dolores aperiam qui eaque et veritatis aut quis fugit.','Aut explicabo itaque qui minima est repellat.','2013-08-24 11:22:39','2013-08-24 11:22:39'),(279,'Model','Dietrich Inc','Ergonomic Granite Pants','277','Dolorum ut vel ut.','Ea beatae aliquid rerum suscipit reprehenderit.',NULL,NULL,1,0,'Voluptatem aperiam fuga voluptate officia.','Ea facere voluptatibus voluptas ea.','2013-08-24 11:22:39','2013-08-24 11:22:39'),(280,'Model','Nienow, Cole and Leannon','Ergonomic Steel Chair','278','Sunt qui molestiae harum.','Ad perferendis rerum tenetur est provident.',NULL,NULL,1,0,'Sint repellendus aut sed quibusdam vel.','Est quaerat cupiditate voluptatem sint quia nihil ea neque.','2013-08-24 11:22:39','2013-08-24 11:22:39'),(281,'Model','Stark LLC','Ergonomic Wooden Gloves','279','Voluptatum nesciunt iusto doloribus.','Consequatur nam exercitationem tempore dolorem quia.',NULL,NULL,2,0,'Distinctio ea illo impedit dolorum.','Architecto magni natus ipsa recusandae.','2013-08-24 11:22:39','2013-08-24 11:22:39'),(282,'Model','Rolfson and Sons','Ergonomic Plastic Table','280','Architecto dolor eveniet eaque sequi voluptas sapiente nihil.','Mollitia assumenda quidem et qui.',NULL,NULL,1,0,'Nesciunt officia in non ea omnis voluptatem sit et.','Explicabo eum dolores sequi et distinctio autem delectus ex.','2013-08-24 11:22:39','2013-08-24 11:22:39'),(283,'Model','Veum Group','Practical Rubber Chair','281','Maxime corporis alias eligendi fugit aut debitis sed.','Doloremque officiis nihil debitis vel quidem quas eos.',NULL,NULL,2,0,'Sunt beatae voluptatem qui dolor voluptatum.','Vitae consequuntur vel quisquam.','2013-08-24 11:22:39','2013-08-24 11:22:39'),(284,'Model','Anderson Group','Practical Concrete Table','282','Dolor deleniti velit illo.','Et illo reprehenderit quasi temporibus vel odit repellendus debitis.',NULL,NULL,3,0,'Est ea veniam omnis.','Id hic nulla sed est.','2013-08-24 11:22:39','2013-08-24 11:22:39'),(285,'Model','Adams Inc','Sleek Wooden Shirt','283','Consequatur assumenda numquam sed odit quaerat ut minima non.','Nihil eius quae consectetur doloribus adipisci.',NULL,NULL,2,0,'Corporis est sit veritatis placeat deleniti.','Iure aut at rerum.','2013-08-24 11:22:39','2013-08-24 11:22:39'),(286,'Model','Dooley and Sons','Incredible Plastic Pants','284','Laborum dolorem ut sunt aliquam possimus accusantium soluta.','Maiores esse consequatur et quasi.',NULL,NULL,0,0,'Nobis voluptas animi quaerat.','Eaque ullam laboriosam quod et qui expedita.','2013-08-24 11:22:39','2013-08-24 11:22:39'),(287,'Model','Schmeler Inc','Intelligent Concrete Gloves','285','Tempore et id iure.','Nisi sit consequatur fugit consequuntur modi sed aperiam eum.',NULL,NULL,1,0,'Voluptate at amet qui voluptatem.','Aut est autem consequatur.','2013-08-24 11:22:39','2013-08-24 11:22:39'),(288,'Model','Schamberger-Lindgren','Intelligent Steel Hat','286','Omnis vero mollitia perspiciatis et voluptas qui.','Sit et iure quia.',NULL,NULL,0,0,'Aut libero quae expedita quis amet impedit.','Id et quam fugiat dolorum quas enim qui illo.','2013-08-24 11:22:39','2013-08-24 11:22:39'),(289,'Model','Spinka-Nienow','Ergonomic Cotton Gloves','287','Rerum pariatur nihil corrupti a ratione accusantium enim ducimus.','Ipsa enim cum tenetur voluptatem dolore.',NULL,NULL,3,0,'Enim facere pariatur omnis dolor totam numquam voluptatem.','Quibusdam aut omnis ipsam quo sed veniam sed soluta.','2013-08-24 11:22:39','2013-08-24 11:22:39'),(290,'Model','Parker, Will and Rutherford','Rustic Wooden Hat','288','Libero ut sequi sed facilis veritatis in magni voluptatem.','Aperiam pariatur iusto ut.',NULL,NULL,3,0,'Quis et quia facere in aut doloremque corrupti.','Asperiores eos magni itaque qui voluptas animi sed unde.','2013-08-24 11:22:39','2013-08-24 11:22:39'),(291,'Model','Blanda Group','Gorgeous Steel Gloves','289','Quam voluptatem facere ab.','Expedita magnam aut dolorem qui ullam tempore qui cum.',NULL,NULL,1,0,'Consectetur veritatis totam dolorem.','Nostrum similique excepturi ex optio accusamus quo dolorum earum.','2013-08-24 11:22:39','2013-08-24 11:22:39'),(292,'Model','Quitzon-Feil','Incredible Wooden Hat','290','Error repellat ullam velit voluptatum neque.','Ab eligendi sit dolores maxime.',NULL,NULL,2,0,'Laborum enim consequatur animi placeat odit eaque.','Soluta dignissimos dicta voluptatem facilis.','2013-08-24 11:22:39','2013-08-24 11:22:39'),(293,'Model','Abshire Group','Fantastic Plastic Shoes','291','Vitae beatae sequi rerum dolores vel.','Debitis ipsa rerum porro.',NULL,NULL,1,0,'Doloremque dolorem iste incidunt libero est quia.','Molestiae omnis officiis odit ipsum autem provident iusto.','2013-08-24 11:22:39','2013-08-24 11:22:39'),(294,'Model','Padberg Inc','Gorgeous Cotton Computer','292','Aut dolorem ut quaerat tenetur possimus maxime eveniet.','Quasi voluptatem quo incidunt illum.',NULL,NULL,0,0,'Ea dolores omnis voluptates dolorem consequatur voluptatibus nobis laudantium.','Error nulla et at quo enim.','2013-08-24 11:22:39','2013-08-24 11:22:39'),(295,'Model','Lakin-Gleichner','Intelligent Wooden Table','293','Iure aut voluptatibus officiis et natus rerum tempora deserunt.','Dolorem nihil iure tempore doloremque dolor modi.',NULL,NULL,3,0,'Exercitationem nesciunt magni provident odit aliquam.','Sapiente voluptas ipsum cum laboriosam placeat maxime ut.','2013-08-24 11:22:39','2013-08-24 11:22:39'),(296,'Model','Torphy-Williamson','Awesome Concrete Gloves','294','Quibusdam dolore dicta fuga beatae.','Vel vero a iure error maiores rem laudantium.',NULL,NULL,0,0,'Ea blanditiis cupiditate quidem dicta quos dolores.','Doloremque recusandae minus harum et.','2013-08-24 11:22:39','2013-08-24 11:22:39'),(297,'Model','Halvorson, McCullough and Hammes','Awesome Concrete Pants','295','Laboriosam sit quia fugiat molestiae nostrum itaque ut eaque.','Sint id assumenda recusandae error ratione.',NULL,NULL,1,0,'Iusto sit voluptate dolore et nisi perspiciatis.','Est voluptatem et possimus architecto provident minima deserunt.','2013-08-24 11:22:39','2013-08-24 11:22:39'),(298,'Model','Runte and Sons','Fantastic Steel Chair','296','Ab nostrum debitis amet sequi.','Et iusto velit omnis.',NULL,NULL,3,0,'Deserunt voluptatibus id possimus non quo in.','Et aut sit eum eos.','2013-08-24 11:22:39','2013-08-24 11:22:39'),(299,'Model','Rowe, Funk and Greenholt','Practical Concrete Pants','297','Nisi nihil dolores velit doloremque facilis porro.','Porro doloribus natus quis.',NULL,NULL,1,0,'Temporibus laborum tempore aut culpa rerum voluptate sunt quisquam.','In nesciunt omnis quaerat reiciendis temporibus repudiandae assumenda praesentium.','2013-08-24 11:22:39','2013-08-24 11:22:39'),(300,'Model','Gerhold Inc','Gorgeous Plastic Chair','298','Sapiente sunt distinctio non id occaecati porro.','Id aperiam dicta aspernatur non repudiandae sunt.',NULL,NULL,2,0,'Magni quas ipsum aliquid qui id minus et dicta.','Tempora in molestiae aspernatur voluptate.','2013-08-24 11:22:39','2013-08-24 11:22:39'),(301,'Model','Mohr, Dietrich and Conroy','Small Granite Pants','299','Maxime consequatur rerum sed exercitationem ut.','Et in eveniet non ipsa neque deleniti eaque.',NULL,NULL,2,0,'Sequi nihil et mollitia commodi hic expedita occaecati.','Cum eum doloribus saepe dolor quod.','2013-08-24 11:22:39','2013-08-24 11:22:39'),(302,'Software','Purdy, Bins and Abbott','Ergonomic Rubber Shoes','300',NULL,NULL,NULL,NULL,0,0,NULL,NULL,'2013-08-24 11:22:39','2013-08-24 11:22:39'),(303,'Model','Cormier and Sons','Awesome Concrete Car','301','Ex et sint qui est.','At quis totam reprehenderit voluptatem voluptatem quis ullam nihil.',NULL,NULL,2,0,'Iure magni perferendis facere velit totam.','Repellendus rerum modi quae accusamus.','2013-08-24 11:22:39','2013-08-24 11:22:39'),(304,'Model','Fadel LLC','Sleek Plastic Pants','302','Est et qui hic cupiditate dolores incidunt aut.','Rem alias aut magnam nobis similique voluptas.',NULL,NULL,2,0,'Ut dolor nobis non molestias a qui.','Est dolorum vel repellendus.','2013-08-24 11:22:39','2013-08-24 11:22:39'),(305,'Model','Predovic, Lueilwitz and Anderson','Intelligent Plastic Chair','303','Ad sed quos id.','Praesentium dolorem non illum animi aut qui corrupti et.',NULL,NULL,1,0,'Exercitationem totam nesciunt ab.','Maxime assumenda nobis itaque enim nisi sunt nam.','2013-08-24 11:22:39','2013-08-24 11:22:39'),(306,'Model','Miller-Mann','Ergonomic Concrete Pants','304','Laborum itaque earum unde eos qui.','Voluptatem error fugiat perspiciatis.',NULL,NULL,3,0,'Et tempora repellat totam sit.','Est fuga placeat id autem qui qui hic.','2013-08-24 11:22:39','2013-08-24 11:22:39');
/*!40000 ALTER TABLE `models` ENABLE KEYS */;
UNLOCK TABLES;

--
-- Table structure for table `models_compatibles`
--

DROP TABLE IF EXISTS `models_compatibles`;
/*!40101 SET @saved_cs_client     = @@character_set_client */;
/*!40101 SET character_set_client = utf8 */;
CREATE TABLE `models_compatibles` (
  `model_id` int(11) DEFAULT NULL,
  `compatible_id` int(11) DEFAULT NULL,
  KEY `index_models_compatibles_on_compatible_id` (`compatible_id`),
  KEY `index_models_compatibles_on_model_id` (`model_id`)
) ENGINE=InnoDB DEFAULT CHARSET=utf8 COLLATE=utf8_unicode_ci;
/*!40101 SET character_set_client = @saved_cs_client */;

--
-- Dumping data for table `models_compatibles`
--

LOCK TABLES `models_compatibles` WRITE;
/*!40000 ALTER TABLE `models_compatibles` DISABLE KEYS */;
INSERT INTO `models_compatibles` VALUES (144,143),(145,143),(146,143);
/*!40000 ALTER TABLE `models_compatibles` ENABLE KEYS */;
UNLOCK TABLES;

--
-- Table structure for table `notifications`
--

DROP TABLE IF EXISTS `notifications`;
/*!40101 SET @saved_cs_client     = @@character_set_client */;
/*!40101 SET character_set_client = utf8 */;
CREATE TABLE `notifications` (
  `id` int(11) NOT NULL AUTO_INCREMENT,
  `user_id` int(11) DEFAULT NULL,
  `title` varchar(255) COLLATE utf8_unicode_ci DEFAULT '',
  `created_at` datetime NOT NULL,
  PRIMARY KEY (`id`),
  KEY `index_notifications_on_user_id` (`user_id`)
) ENGINE=InnoDB DEFAULT CHARSET=utf8 COLLATE=utf8_unicode_ci;
/*!40101 SET character_set_client = @saved_cs_client */;

--
-- Dumping data for table `notifications`
--

LOCK TABLES `notifications` WRITE;
/*!40000 ALTER TABLE `notifications` DISABLE KEYS */;
/*!40000 ALTER TABLE `notifications` ENABLE KEYS */;
UNLOCK TABLES;

--
-- Table structure for table `numerators`
--

DROP TABLE IF EXISTS `numerators`;
/*!40101 SET @saved_cs_client     = @@character_set_client */;
/*!40101 SET character_set_client = utf8 */;
CREATE TABLE `numerators` (
  `id` int(11) NOT NULL AUTO_INCREMENT,
  `item` int(11) DEFAULT NULL,
  PRIMARY KEY (`id`)
) ENGINE=InnoDB DEFAULT CHARSET=utf8 COLLATE=utf8_unicode_ci;
/*!40101 SET character_set_client = @saved_cs_client */;

--
-- Dumping data for table `numerators`
--

LOCK TABLES `numerators` WRITE;
/*!40000 ALTER TABLE `numerators` DISABLE KEYS */;
/*!40000 ALTER TABLE `numerators` ENABLE KEYS */;
UNLOCK TABLES;

--
-- Table structure for table `options`
--

DROP TABLE IF EXISTS `options`;
/*!40101 SET @saved_cs_client     = @@character_set_client */;
/*!40101 SET character_set_client = utf8 */;
CREATE TABLE `options` (
  `id` int(11) NOT NULL AUTO_INCREMENT,
  `inventory_pool_id` int(11) DEFAULT NULL,
  `inventory_code` varchar(255) COLLATE utf8_unicode_ci DEFAULT NULL,
  `manufacturer` varchar(255) COLLATE utf8_unicode_ci DEFAULT NULL,
  `product` varchar(255) COLLATE utf8_unicode_ci NOT NULL,
  `version` varchar(255) COLLATE utf8_unicode_ci DEFAULT NULL,
  `price` decimal(8,2) DEFAULT NULL,
  PRIMARY KEY (`id`),
  KEY `index_options_on_inventory_pool_id` (`inventory_pool_id`)
) ENGINE=InnoDB AUTO_INCREMENT=7 DEFAULT CHARSET=utf8 COLLATE=utf8_unicode_ci;
/*!40101 SET character_set_client = @saved_cs_client */;

--
-- Dumping data for table `options`
--

LOCK TABLES `options` WRITE;
/*!40000 ALTER TABLE `options` DISABLE KEYS */;
INSERT INTO `options` VALUES (1,1,'akku-aa',NULL,'Akku AA','111','389.00'),(2,1,'akku-aaa',NULL,'Akku AAA','112','288.00'),(3,1,'usb',NULL,'USB Kabel','113','821.00'),(4,1,'bla9591',NULL,'Awesome Steel Shoes','211','841.00'),(5,1,'adi4345',NULL,'Fantastic Concrete Gloves','213','619.00'),(6,2,'ten2604',NULL,'Gorgeous Steel Chair','219','766.00');
/*!40000 ALTER TABLE `options` ENABLE KEYS */;
UNLOCK TABLES;

--
-- Table structure for table `partitions`
--

DROP TABLE IF EXISTS `partitions`;
/*!40101 SET @saved_cs_client     = @@character_set_client */;
/*!40101 SET character_set_client = utf8 */;
CREATE TABLE `partitions` (
  `id` int(11) NOT NULL AUTO_INCREMENT,
  `model_id` int(11) DEFAULT NULL,
  `inventory_pool_id` int(11) DEFAULT NULL,
  `group_id` int(11) DEFAULT NULL,
  `quantity` int(11) DEFAULT NULL,
  PRIMARY KEY (`id`),
  UNIQUE KEY `index_partitions_on_model_id_and_inventory_pool_id_and_group_id` (`model_id`,`inventory_pool_id`,`group_id`)
) ENGINE=InnoDB AUTO_INCREMENT=12 DEFAULT CHARSET=utf8 COLLATE=utf8_unicode_ci;
/*!40101 SET character_set_client = @saved_cs_client */;

--
-- Dumping data for table `partitions`
--

LOCK TABLES `partitions` WRITE;
/*!40000 ALTER TABLE `partitions` DISABLE KEYS */;
INSERT INTO `partitions` VALUES (1,111,1,4,1),(2,145,1,5,1),(3,146,1,6,5),(4,144,1,1,1),(5,80,1,1,1),(6,80,1,2,1),(7,165,1,7,1),(8,173,1,7,1),(9,181,1,7,1),(10,192,1,8,1),(11,199,1,7,1);
/*!40000 ALTER TABLE `partitions` ENABLE KEYS */;
UNLOCK TABLES;

--
-- Temporary table structure for view `partitions_with_generals`
--

DROP TABLE IF EXISTS `partitions_with_generals`;
/*!50001 DROP VIEW IF EXISTS `partitions_with_generals`*/;
SET @saved_cs_client     = @@character_set_client;
SET character_set_client = utf8;
/*!50001 CREATE TABLE `partitions_with_generals` (
  `model_id` int(11),
  `inventory_pool_id` int(11),
  `group_id` int(11),
  `quantity` decimal(33,0)
) ENGINE=MyISAM */;
SET character_set_client = @saved_cs_client;

--
-- Table structure for table `properties`
--

DROP TABLE IF EXISTS `properties`;
/*!40101 SET @saved_cs_client     = @@character_set_client */;
/*!40101 SET character_set_client = utf8 */;
CREATE TABLE `properties` (
  `id` int(11) NOT NULL AUTO_INCREMENT,
  `model_id` int(11) DEFAULT NULL,
  `key` varchar(255) COLLATE utf8_unicode_ci DEFAULT NULL,
  `value` varchar(255) COLLATE utf8_unicode_ci DEFAULT NULL,
  PRIMARY KEY (`id`),
  KEY `index_properties_on_model_id` (`model_id`)
) ENGINE=InnoDB AUTO_INCREMENT=13 DEFAULT CHARSET=utf8 COLLATE=utf8_unicode_ci;
/*!40101 SET character_set_client = @saved_cs_client */;

--
-- Dumping data for table `properties`
--

LOCK TABLES `properties` WRITE;
/*!40000 ALTER TABLE `properties` DISABLE KEYS */;
INSERT INTO `properties` VALUES (1,144,'Rotorduchmesser','120'),(2,144,'Akkus','2'),(3,144,'Farbe','Rot'),(4,145,'Rotorduchmesser','120'),(5,145,'Akkus','2'),(6,145,'Farbe','Rot'),(7,145,'max. Speed','80 kmh'),(8,145,'Gyro','Ja'),(9,145,'Achsen','3-Achsen'),(10,146,'Rotorduchmesser','120'),(11,146,'Akkus','2'),(12,146,'Farbe','Rot');
/*!40000 ALTER TABLE `properties` ENABLE KEYS */;
UNLOCK TABLES;

--
-- Table structure for table `purposes`
--

DROP TABLE IF EXISTS `purposes`;
/*!40101 SET @saved_cs_client     = @@character_set_client */;
/*!40101 SET character_set_client = utf8 */;
CREATE TABLE `purposes` (
  `id` int(11) NOT NULL AUTO_INCREMENT,
  `description` text COLLATE utf8_unicode_ci,
  PRIMARY KEY (`id`)
) ENGINE=InnoDB AUTO_INCREMENT=46 DEFAULT CHARSET=utf8 COLLATE=utf8_unicode_ci;
/*!40101 SET character_set_client = @saved_cs_client */;

--
-- Dumping data for table `purposes`
--

LOCK TABLES `purposes` WRITE;
/*!40000 ALTER TABLE `purposes` DISABLE KEYS */;
INSERT INTO `purposes` VALUES (1,'---\n- Dolorum laborum corrupti animi.\n- Ut quod ab ut quidem.\n'),(2,'---\n- Nemo rem aut dolor voluptatem est.\n- Quisquam totam consequuntur doloremque.\n'),(3,'Ersatzstativ fr die Ausstellung.'),(4,'Ersatzstativ fr die Ausstellung.'),(5,'Ersatzstativ fr die Ausstellung.'),(6,'Ersatzstativ fr die Ausstellung.'),(7,'Ersatzstativ fr die Ausstellung.'),(8,'Ersatzstativ fr die Ausstellung.'),(9,'Ersatzstativ fr die Ausstellung.'),(10,'Ersatzstativ fr die Ausstellung.'),(11,'Ersatzstativ fr die Ausstellung.'),(12,'Ersatzstativ fr die Ausstellung.'),(13,'Ersatzstativ fr die Ausstellung.'),(14,'Ersatzstativ fr die Ausstellung.'),(15,'Quisquam et aperiam voluptatum veniam laborum assumenda.'),(16,'Non consequatur distinctio eos quod eos et aut sapiente.'),(17,'Quae et quos et aut eius repellendus.'),(18,'Exercitationem voluptas nisi amet fugiat quidem est voluptas ducimus.'),(19,'Voluptatem reiciendis illo ratione quo nihil est natus est.'),(20,'Suscipit hic illo ab sed occaecati reprehenderit vel perferendis.'),(21,'Bentige ich fr die Aufnahmen meiner Abschlussarbeit.'),(22,'Quod ipsa laudantium esse corporis.'),(23,'Et et molestias maxime nesciunt sunt dicta officia voluptatem.'),(24,'Ipsam cumque consequatur necessitatibus.'),(25,'Consequatur placeat assumenda vel necessitatibus numquam voluptatem fuga ut.'),(26,'Ersatzstativ fr die Ausstellung.'),(27,'Fr das zweite Austellungswochenende.'),(28,'Fr das dritte Austellungswochenende.'),(29,'Fr die Abschlussarbeit.'),(30,'Ersatzstativ fr die Ausstellung.'),(31,'Bestellung mit Software'),(32,'Bestellung mit Gegenstand ohne Ort'),(33,'Um meine Abschlussarbeit zu fotografieren.'),(34,'Veniam repudiandae nobis velit vel aperiam.'),(35,'Um meine Abschlussarbeit zu fotografieren.'),(36,'Um meine Abschlussarbeit zu fotografieren.'),(37,'Velit et rerum eum enim quia.'),(38,'Paketausgabe'),(39,'Fr meinen aktuellen Kurs.'),(40,'Ersatzstativ fr die Ausstellung.'),(41,'Um meine Abschlussarbeit zu fotografieren.'),(42,'Fotoshooting (Kurs Fotografie).'),(43,'Brauche ich zwingend fr meinen Kurs.'),(44,'Ganz dringend bentigt fr meine Abschlussarbeit.'),(45,'Als Ersatz.');
/*!40000 ALTER TABLE `purposes` ENABLE KEYS */;
UNLOCK TABLES;

--
-- Table structure for table `schema_migrations`
--

DROP TABLE IF EXISTS `schema_migrations`;
/*!40101 SET @saved_cs_client     = @@character_set_client */;
/*!40101 SET character_set_client = utf8 */;
CREATE TABLE `schema_migrations` (
  `version` varchar(255) COLLATE utf8_unicode_ci NOT NULL,
  UNIQUE KEY `unique_schema_migrations` (`version`)
) ENGINE=InnoDB DEFAULT CHARSET=utf8 COLLATE=utf8_unicode_ci;
/*!40101 SET character_set_client = @saved_cs_client */;

--
-- Dumping data for table `schema_migrations`
--

LOCK TABLES `schema_migrations` WRITE;
/*!40000 ALTER TABLE `schema_migrations` DISABLE KEYS */;
INSERT INTO `schema_migrations` VALUES ('20140410180000'),('20140414100000'),('20140415083535'),('20140417113831'),('20140428092844'),('20140515131025');
/*!40000 ALTER TABLE `schema_migrations` ENABLE KEYS */;
UNLOCK TABLES;

--
-- Table structure for table `settings`
--

DROP TABLE IF EXISTS `settings`;
/*!40101 SET @saved_cs_client     = @@character_set_client */;
/*!40101 SET character_set_client = utf8 */;
CREATE TABLE `settings` (
  `id` int(11) NOT NULL AUTO_INCREMENT,
  `smtp_address` varchar(255) COLLATE utf8_unicode_ci DEFAULT NULL,
  `smtp_port` int(11) DEFAULT NULL,
  `smtp_domain` varchar(255) COLLATE utf8_unicode_ci DEFAULT NULL,
  `local_currency_string` varchar(255) COLLATE utf8_unicode_ci DEFAULT NULL,
  `contract_terms` text COLLATE utf8_unicode_ci,
  `contract_lending_party_string` text COLLATE utf8_unicode_ci,
  `email_signature` varchar(255) COLLATE utf8_unicode_ci DEFAULT NULL,
  `default_email` varchar(255) COLLATE utf8_unicode_ci DEFAULT NULL,
  `deliver_order_notifications` tinyint(1) DEFAULT NULL,
  `user_image_url` varchar(255) COLLATE utf8_unicode_ci DEFAULT NULL,
  `ldap_config` varchar(255) COLLATE utf8_unicode_ci DEFAULT NULL,
  `logo_url` varchar(255) COLLATE utf8_unicode_ci DEFAULT NULL,
  `mail_delivery_method` varchar(255) COLLATE utf8_unicode_ci DEFAULT NULL,
  `smtp_username` varchar(255) COLLATE utf8_unicode_ci DEFAULT NULL,
  `smtp_password` varchar(255) COLLATE utf8_unicode_ci DEFAULT NULL,
  `smtp_enable_starttls_auto` tinyint(1) NOT NULL DEFAULT '0',
  `smtp_openssl_verify_mode` varchar(255) COLLATE utf8_unicode_ci NOT NULL DEFAULT 'none',
  `time_zone` varchar(255) COLLATE utf8_unicode_ci NOT NULL DEFAULT 'Bern',
  `disable_manage_section` tinyint(1) NOT NULL DEFAULT '0',
  `disable_manage_section_message` text COLLATE utf8_unicode_ci,
  `disable_borrow_section` tinyint(1) NOT NULL DEFAULT '0',
  `disable_borrow_section_message` text COLLATE utf8_unicode_ci,
  `text` text COLLATE utf8_unicode_ci,
  PRIMARY KEY (`id`)
) ENGINE=InnoDB AUTO_INCREMENT=2 DEFAULT CHARSET=utf8 COLLATE=utf8_unicode_ci;
/*!40101 SET character_set_client = @saved_cs_client */;

--
-- Dumping data for table `settings`
--

LOCK TABLES `settings` WRITE;
/*!40000 ALTER TABLE `settings` DISABLE KEYS */;
INSERT INTO `settings` VALUES (1,'smtp.zhdk.ch',25,'beta.ausleihe.zhdk.ch','CHF','Die Benutzerin/der Benutzer ist bei unsachgemsser Handhabung oder Verlust schadenersatzpflichtig. Sie/Er verpflichtet sich, das Material sorgfltig zu behandeln und gereinigt zu retournieren. Bei mangelbehafteter oder verspteter Rckgabe kann eine Ausleihsperre (bis zu 6 Monaten) verhngt werden. Das geliehene Material bleibt jederzeit uneingeschrnktes Eigentum der Zrcher Hochschule der Knste und darf ausschliesslich fr schulische Zwecke eingesetzt werden. Mit ihrer/seiner Unterschrift akzeptiert die Benutzerin/der Benutzer diese Bedingungen sowie die \'Richtlinie zur Ausleihe von Sachen\' der ZHdK und etwaige abteilungsspezifische Ausleih-Richtlinien.','Your\nAddress\nHere','Das PZ-leihs Team','sender@example.com',0,'http://www.zhdk.ch/?person/foto&width=100&compressionlevel=0&id={:id}',NULL,'/assets/image-logo-zhdk.png','test',NULL,NULL,0,'none','Bern',0,NULL,0,NULL,NULL);
/*!40000 ALTER TABLE `settings` ENABLE KEYS */;
UNLOCK TABLES;

--
-- Table structure for table `suppliers`
--

DROP TABLE IF EXISTS `suppliers`;
/*!40101 SET @saved_cs_client     = @@character_set_client */;
/*!40101 SET character_set_client = utf8 */;
CREATE TABLE `suppliers` (
  `id` int(11) NOT NULL AUTO_INCREMENT,
  `name` varchar(255) COLLATE utf8_unicode_ci DEFAULT NULL,
  `created_at` datetime DEFAULT NULL,
  `updated_at` datetime DEFAULT NULL,
  PRIMARY KEY (`id`)
) ENGINE=InnoDB AUTO_INCREMENT=269 DEFAULT CHARSET=utf8 COLLATE=utf8_unicode_ci;
/*!40101 SET character_set_client = @saved_cs_client */;

--
-- Dumping data for table `suppliers`
--

LOCK TABLES `suppliers` WRITE;
/*!40000 ALTER TABLE `suppliers` DISABLE KEYS */;
INSERT INTO `suppliers` VALUES (1,'quasiautemestdolorum','2013-08-24 11:22:39','2013-08-24 11:22:39'),(2,'explicaboconsecteturnonvel','2013-08-24 11:22:39','2013-08-24 11:22:39'),(3,'quaseosvoluptatemqui','2013-08-24 11:22:39','2013-08-24 11:22:39'),(4,'quiahicnonatque','2013-08-24 11:22:39','2013-08-24 11:22:39'),(5,'rerumrepellendusessenemo','2013-08-24 11:22:39','2013-08-24 11:22:39'),(6,'eosestreprehenderitquis','2013-08-24 11:22:39','2013-08-24 11:22:39'),(7,'nostrumenimautdoloremque','2013-08-24 11:22:39','2013-08-24 11:22:39'),(8,'consequaturdoloresvoluptatemmolestiae','2013-08-24 11:22:39','2013-08-24 11:22:39'),(9,'rerummolestiasdeseruntconsequuntur','2013-08-24 11:22:39','2013-08-24 11:22:39'),(10,'aliquamcommodifugitratione','2013-08-24 11:22:39','2013-08-24 11:22:39'),(11,'quiaeligendiharumomnis','2013-08-24 11:22:39','2013-08-24 11:22:39'),(12,'suscipitanimiaccusantiumfacilis','2013-08-24 11:22:39','2013-08-24 11:22:39'),(13,'etcupiditateprovidentillum','2013-08-24 11:22:39','2013-08-24 11:22:39'),(14,'abreiciendisdoloremquedolorem','2013-08-24 11:22:39','2013-08-24 11:22:39'),(15,'nisiverodignissimosmollitia','2013-08-24 11:22:39','2013-08-24 11:22:39'),(16,'nemonamcorruptivoluptate','2013-08-24 11:22:39','2013-08-24 11:22:39'),(17,'aututsuntassumenda','2013-08-24 11:22:39','2013-08-24 11:22:39'),(18,'enimutplaceatsed','2013-08-24 11:22:39','2013-08-24 11:22:39'),(19,'laudantiumvelsitdignissimos','2013-08-24 11:22:39','2013-08-24 11:22:39'),(20,'aminusconsequuntureaque','2013-08-24 11:22:39','2013-08-24 11:22:39'),(21,'estmolestiasnemoesse','2013-08-24 11:22:39','2013-08-24 11:22:39'),(22,'doloremaccusantiumdelectusaccusamus','2013-08-24 11:22:39','2013-08-24 11:22:39'),(23,'consequuntursapienteautembeatae','2013-08-24 11:22:39','2013-08-24 11:22:39'),(24,'reiciendisliberocumqueet','2013-08-24 11:22:39','2013-08-24 11:22:39'),(25,'rerumrerumquoquis','2013-08-24 11:22:39','2013-08-24 11:22:39'),(26,'expeditamolestiaeutofficiis','2013-08-24 11:22:39','2013-08-24 11:22:39'),(27,'nequedoloresmagniaspernatur','2013-08-24 11:22:39','2013-08-24 11:22:39'),(28,'velquiadebitisdolore','2013-08-24 11:22:39','2013-08-24 11:22:39'),(29,'voluptasnesciuntminimavoluptate','2013-08-24 11:22:39','2013-08-24 11:22:39'),(30,'sitvoluptatemcorrupticonsequuntur','2013-08-24 11:22:39','2013-08-24 11:22:39'),(31,'perferendisetnobissunt','2013-08-24 11:22:39','2013-08-24 11:22:39'),(32,'dignissimosdelectusdeseruntmolestiae','2013-08-24 11:22:39','2013-08-24 11:22:39'),(33,'enimnostrumpariaturex','2013-08-24 11:22:39','2013-08-24 11:22:39'),(34,'quiarepudiandaeessequod','2013-08-24 11:22:39','2013-08-24 11:22:39'),(35,'atemporibuslaborequibusdam','2013-08-24 11:22:39','2013-08-24 11:22:39'),(36,'sinttotammaximerepudiandae','2013-08-24 11:22:39','2013-08-24 11:22:39'),(37,'commodivoluptasquiavelit','2013-08-24 11:22:39','2013-08-24 11:22:39'),(38,'omnisidnonlaborum','2013-08-24 11:22:39','2013-08-24 11:22:39'),(39,'veldoloremquenecessitatibusdolorem','2013-08-24 11:22:39','2013-08-24 11:22:39'),(40,'omnisperferendisexdolorem','2013-08-24 11:22:39','2013-08-24 11:22:39'),(41,'autsiteiusquia','2013-08-24 11:22:39','2013-08-24 11:22:39'),(42,'estlaudantiumnesciuntexplicabo','2013-08-24 11:22:39','2013-08-24 11:22:39'),(43,'suntenimerroromnis','2013-08-24 11:22:39','2013-08-24 11:22:39'),(44,'aspernaturullamundemagni','2013-08-24 11:22:39','2013-08-24 11:22:39'),(45,'nostrumnecessitatibusrationedeserunt','2013-08-24 11:22:39','2013-08-24 11:22:39'),(46,'optiosedaliquamquo','2013-08-24 11:22:39','2013-08-24 11:22:39'),(47,'utveroconsequaturvoluptates','2013-08-24 11:22:39','2013-08-24 11:22:39'),(48,'nostrumdelenitimollitiaconsectetur','2013-08-24 11:22:39','2013-08-24 11:22:39'),(49,'inducimusomnisnumquam','2013-08-24 11:22:39','2013-08-24 11:22:39'),(50,'velsitexpeditaqui','2013-08-24 11:22:39','2013-08-24 11:22:39'),(51,'mollitiaiddolorevoluptatem','2013-08-24 11:22:39','2013-08-24 11:22:39'),(52,'exercitationemnullaquiquasi','2013-08-24 11:22:39','2013-08-24 11:22:39'),(53,'quisnihiloditest','2013-08-24 11:22:39','2013-08-24 11:22:39'),(54,'expeditadoloremqueaccusantiumnulla','2013-08-24 11:22:39','2013-08-24 11:22:39'),(55,'etvelittotamerror','2013-08-24 11:22:39','2013-08-24 11:22:39'),(56,'consequaturvoluptatemquisquamculpa','2013-08-24 11:22:39','2013-08-24 11:22:39'),(57,'omnisquiaillosoluta','2013-08-24 11:22:39','2013-08-24 11:22:39'),(58,'temporeetquissit','2013-08-24 11:22:39','2013-08-24 11:22:39'),(59,'etsitinciduntdolore','2013-08-24 11:22:39','2013-08-24 11:22:39'),(60,'autperferendiseadelectus','2013-08-24 11:22:39','2013-08-24 11:22:39'),(61,'nisiquaedolorumaspernatur','2013-08-24 11:22:39','2013-08-24 11:22:39'),(62,'utetveniamest','2013-08-24 11:22:39','2013-08-24 11:22:39'),(63,'aspernaturestnonconsequatur','2013-08-24 11:22:39','2013-08-24 11:22:39'),(64,'etquiaetpraesentium','2013-08-24 11:22:39','2013-08-24 11:22:39'),(65,'eligendiquianonexpedita','2013-08-24 11:22:39','2013-08-24 11:22:39'),(66,'beataevoluptatibuspossimusvoluptate','2013-08-24 11:22:39','2013-08-24 11:22:39'),(67,'sintnihilveritatiseum','2013-08-24 11:22:39','2013-08-24 11:22:39'),(68,'harummagnidistinctiorepudiandae','2013-08-24 11:22:39','2013-08-24 11:22:39'),(69,'sapientevoluptatemdelenitieveniet','2013-08-24 11:22:39','2013-08-24 11:22:39'),(70,'praesentiumnostrumcorruptiut','2013-08-24 11:22:39','2013-08-24 11:22:39'),(71,'consequunturnoneligendialiquid','2013-08-24 11:22:39','2013-08-24 11:22:39'),(72,'consequatureosquosdoloremque','2013-08-24 11:22:39','2013-08-24 11:22:39'),(73,'quisquamenimexrepellat','2013-08-24 11:22:39','2013-08-24 11:22:39'),(74,'estsintautquia','2013-08-24 11:22:39','2013-08-24 11:22:39'),(75,'iniustoquiset','2013-08-24 11:22:39','2013-08-24 11:22:39'),(76,'modireprehenderitconsequaturnihil','2013-08-24 11:22:39','2013-08-24 11:22:39'),(77,'maioresconsequaturautemvoluptas','2013-08-24 11:22:39','2013-08-24 11:22:39'),(78,'eoseuminciduntducimus','2013-08-24 11:22:39','2013-08-24 11:22:39'),(79,'enimvoluptatemhicrepellendus','2013-08-24 11:22:39','2013-08-24 11:22:39'),(80,'inventorelaboriosamcupiditateplaceat','2013-08-24 11:22:39','2013-08-24 11:22:39'),(81,'omnisnihiltemporibuset','2013-08-24 11:22:39','2013-08-24 11:22:39'),(82,'quiaccusamusvoluptatibusnihil','2013-08-24 11:22:39','2013-08-24 11:22:39'),(83,'delenitisolutaenimquas','2013-08-24 11:22:39','2013-08-24 11:22:39'),(84,'temporeatqueautearum','2013-08-24 11:22:39','2013-08-24 11:22:39'),(85,'idametutmollitia','2013-08-24 11:22:39','2013-08-24 11:22:39'),(86,'quosiurerepellatut','2013-08-24 11:22:39','2013-08-24 11:22:39'),(87,'minusplaceatsaepedicta','2013-08-24 11:22:39','2013-08-24 11:22:39'),(88,'maximevoluptatemmolestiaeaperiam','2013-08-24 11:22:39','2013-08-24 11:22:39'),(89,'estsolutaeumvoluptatem','2013-08-24 11:22:39','2013-08-24 11:22:39'),(90,'fugiatutquaeratodit','2013-08-24 11:22:39','2013-08-24 11:22:39'),(91,'accusantiumautemimpeditat','2013-08-24 11:22:39','2013-08-24 11:22:39'),(92,'doloresidmolestiaeiusto','2013-08-24 11:22:39','2013-08-24 11:22:39'),(93,'doloremquevelitvoluptatemullam','2013-08-24 11:22:39','2013-08-24 11:22:39'),(94,'molestiaenobiseumpariatur','2013-08-24 11:22:39','2013-08-24 11:22:39'),(95,'velitarchitectoetdolores','2013-08-24 11:22:39','2013-08-24 11:22:39'),(96,'quidoloresconsequunturvoluptatem','2013-08-24 11:22:39','2013-08-24 11:22:39'),(97,'quaeratdoloresiustoest','2013-08-24 11:22:39','2013-08-24 11:22:39'),(98,'maximeipsasuntqui','2013-08-24 11:22:39','2013-08-24 11:22:39'),(99,'quiaquibusdamvelnostrum','2013-08-24 11:22:39','2013-08-24 11:22:39'),(100,'similiqueexplicaboautemalias','2013-08-24 11:22:39','2013-08-24 11:22:39'),(101,'autveldelectusdolores','2013-08-24 11:22:39','2013-08-24 11:22:39'),(102,'quoetoditratione','2013-08-24 11:22:39','2013-08-24 11:22:39'),(103,'iustovoluptatemexpeditaquibusdam','2013-08-24 11:22:39','2013-08-24 11:22:39'),(104,'erroromnisiustocupiditate','2013-08-24 11:22:39','2013-08-24 11:22:39'),(105,'teneturquamvoluptatemlibero','2013-08-24 11:22:39','2013-08-24 11:22:39'),(106,'praesentiummagnietautem','2013-08-24 11:22:39','2013-08-24 11:22:39'),(107,'etdoloreliberoenim','2013-08-24 11:22:39','2013-08-24 11:22:39'),(108,'maioressintdolorsit','2013-08-24 11:22:39','2013-08-24 11:22:39'),(109,'excepturimagnamestea','2013-08-24 11:22:39','2013-08-24 11:22:39'),(110,'quaeratomnisdoloresin','2013-08-24 11:22:39','2013-08-24 11:22:39'),(111,'quiplaceatdoloribusipsum','2013-08-24 11:22:39','2013-08-24 11:22:39'),(112,'temporeautadvoluptatibus','2013-08-24 11:22:39','2013-08-24 11:22:39'),(113,'doloresetestodit','2013-08-24 11:22:39','2013-08-24 11:22:39'),(114,'fugitdeseruntaliasut','2013-08-24 11:22:39','2013-08-24 11:22:39'),(115,'consequaturestrerumomnis','2013-08-24 11:22:39','2013-08-24 11:22:39'),(116,'quaeratsitquaeeos','2013-08-24 11:22:39','2013-08-24 11:22:39'),(117,'dolorumnonauttempora','2013-08-24 11:22:39','2013-08-24 11:22:39'),(118,'doloremlaboriosammaioresfuga','2013-08-24 11:22:39','2013-08-24 11:22:39'),(119,'etinutpraesentium','2013-08-24 11:22:39','2013-08-24 11:22:39'),(120,'inevenietetvoluptas','2013-08-24 11:22:39','2013-08-24 11:22:39'),(121,'nesciuntoditpraesentiumdolorem','2013-08-24 11:22:39','2013-08-24 11:22:39'),(122,'rerumutdolorumenim','2013-08-24 11:22:39','2013-08-24 11:22:39'),(123,'autveniamvoluptatemrerum','2013-08-24 11:22:39','2013-08-24 11:22:39'),(124,'sitdolorlaudantiumcorrupti','2013-08-24 11:22:39','2013-08-24 11:22:39'),(125,'laboresequimagniest','2013-08-24 11:22:39','2013-08-24 11:22:39'),(126,'fugitexestvelit','2013-08-24 11:22:39','2013-08-24 11:22:39'),(127,'nesciuntaniminihiltempora','2013-08-24 11:22:39','2013-08-24 11:22:39'),(128,'omnisvoluptasreiciendisnobis','2013-08-24 11:22:39','2013-08-24 11:22:39'),(129,'aperiamblanditiisautemet','2013-08-24 11:22:39','2013-08-24 11:22:39'),(130,'quiadebitisharumsequi','2013-08-24 11:22:39','2013-08-24 11:22:39'),(131,'evenietrerumlaboremollitia','2013-08-24 11:22:39','2013-08-24 11:22:39'),(132,'sedomnisminimaea','2013-08-24 11:22:39','2013-08-24 11:22:39'),(133,'officiisatquenumquamet','2013-08-24 11:22:39','2013-08-24 11:22:39'),(134,'cumquequasiblanditiisqui','2013-08-24 11:22:39','2013-08-24 11:22:39'),(135,'delectusporroeatemporibus','2013-08-24 11:22:39','2013-08-24 11:22:39'),(136,'autundedoloreconsectetur','2013-08-24 11:22:39','2013-08-24 11:22:39'),(137,'isteconsequatureosvelit','2013-08-24 11:22:39','2013-08-24 11:22:39'),(138,'exercitationemeiusdictaatque','2013-08-24 11:22:39','2013-08-24 11:22:39'),(139,'corporisdebitiscupiditateprovident','2013-08-24 11:22:39','2013-08-24 11:22:39'),(140,'explicaboeosutmolestias','2013-08-24 11:22:39','2013-08-24 11:22:39'),(141,'aliassitveniamquia','2013-08-24 11:22:39','2013-08-24 11:22:39'),(142,'velitsolutaaliaset','2013-08-24 11:22:39','2013-08-24 11:22:39'),(143,'consecteturcumquequoreprehenderit','2013-08-24 11:22:39','2013-08-24 11:22:39'),(144,'cupiditatequidemquiadeleniti','2013-08-24 11:22:39','2013-08-24 11:22:39'),(145,'dolorarchitectolaborequo','2013-08-24 11:22:39','2013-08-24 11:22:39'),(146,'quaeratquiapraesentium','2013-08-24 11:22:39','2013-08-24 11:22:39'),(147,'quiquiasapientesoluta','2013-08-24 11:22:39','2013-08-24 11:22:39'),(148,'cumveniamdolorumdistinctio','2013-08-18 22:30:37','2013-08-18 22:30:37'),(149,'autemsimiliquepariaturipsa','2013-08-18 22:30:37','2013-08-18 22:30:37'),(150,'mollitiaetfugitomnis','2013-08-18 22:30:37','2013-08-18 22:30:37'),(151,'utvelsednam','2013-08-18 22:30:37','2013-08-18 22:30:37'),(152,'inventoreaccusamusmollitiasint','2013-08-18 22:30:37','2013-08-18 22:30:37'),(153,'iureomnisomnisest','2013-08-18 22:30:37','2013-08-18 22:30:37'),(154,'similiqueenimestcumque','2013-08-18 22:30:37','2013-08-18 22:30:37'),(155,'uteosculpaquo','2013-08-18 22:30:37','2013-08-18 22:30:37'),(156,'quaevoluptasautsit','2013-08-18 22:30:37','2013-08-18 22:30:37'),(157,'iustoautsimiliquequi','2013-08-18 22:30:37','2013-08-18 22:30:37'),(158,'facerelaboremaximenostrum','2013-08-18 22:30:37','2013-08-18 22:30:37'),(159,'doloremeligendivoluptatemdebitis','2013-08-18 22:30:37','2013-08-18 22:30:37'),(160,'utquiaipsamaut','2013-08-18 22:30:37','2013-08-18 22:30:37'),(161,'iustorerumasperioresa','2013-08-18 22:30:37','2013-08-18 22:30:37'),(162,'enimestconsequaturblanditiis','2013-08-18 22:30:37','2013-08-18 22:30:37'),(163,'repudiandaeconsequunturetvelit','2013-08-18 22:30:38','2013-08-18 22:30:38'),(164,'doloribusipsamperferendisqui','2013-08-18 22:30:38','2013-08-18 22:30:38'),(165,'distinctiomodivoluptasaut','2013-08-18 22:30:38','2013-08-18 22:30:38'),(166,'consequaturquastemporibuset','2013-08-18 22:30:38','2013-08-18 22:30:38'),(167,'essesimiliquecummagnam','2013-08-18 22:30:38','2013-08-18 22:30:38'),(168,'nostrumquiearumquibusdam','2013-08-20 03:28:47','2013-08-20 03:28:47'),(169,'utteneturquamquia','2013-08-20 03:28:47','2013-08-20 03:28:47'),(170,'nihilconsequaturnemoomnis','2013-08-20 03:28:47','2013-08-20 03:28:47'),(171,'repellendusmolestiascommodiex','2013-08-21 16:42:11','2013-08-21 16:42:11'),(172,'consequaturinventorequiacommodi','2013-08-21 16:42:11','2013-08-21 16:42:11'),(173,'vitaesaepererumaliquam','2013-08-21 16:42:11','2013-08-21 16:42:11'),(174,'veldoloremsuntquia','2013-08-21 16:42:11','2013-08-21 16:42:11'),(175,'etmolestiaeesseunde','2013-08-21 16:42:11','2013-08-21 16:42:11'),(176,'explicabomolestiaedoloribusautem','2013-08-21 16:42:11','2013-08-21 16:42:11'),(177,'doloreexcepturiillototam','2013-08-21 16:42:11','2013-08-21 16:42:11'),(178,'etatrepellendusofficiis','2013-08-24 11:22:39','2013-08-24 11:22:39'),(179,'doloremqueexplicabominimaa','2013-08-24 11:22:39','2013-08-24 11:22:39'),(180,'cupiditatepraesentiumametneque','2013-08-24 11:22:39','2013-08-24 11:22:39'),(181,'abistenobissint','2013-08-24 11:22:39','2013-08-24 11:22:39'),(182,'pariaturquiasitaut','2013-08-24 11:22:39','2013-08-24 11:22:39'),(183,'tenetursintconsecteturrepudiandae','2013-08-24 11:22:39','2013-08-24 11:22:39'),(184,'quimaximevoluptatibusnisi','2013-08-24 11:22:39','2013-08-24 11:22:39'),(185,'nihilaliquidnonnihil','2013-08-24 11:22:39','2013-08-24 11:22:39'),(186,'atexquaeamet','2013-08-24 11:22:39','2013-08-24 11:22:39'),(187,'etaliquamnostrumexcepturi','2013-08-24 11:22:39','2013-08-24 11:22:39'),(188,'quamrationemaximeconsequuntur','2013-08-24 11:22:39','2013-08-24 11:22:39'),(189,'ullamdeseruntlaudantiumnisi','2013-08-24 11:22:39','2013-08-24 11:22:39'),(190,'atqueillumaspernaturtotam','2013-08-24 11:22:39','2013-08-24 11:22:39'),(191,'voluptatequidemvoluptatemvoluptatem','2013-08-24 11:22:39','2013-08-24 11:22:39'),(192,'autveritatisperspiciatisaut','2013-08-24 11:22:39','2013-08-24 11:22:39'),(193,'deseruntanimivelitdolorem','2013-08-24 11:22:39','2013-08-24 11:22:39'),(194,'asperioreslaboriosamautiure','2013-08-24 11:22:39','2013-08-24 11:22:39'),(195,'eosiustovoluptaspossimus','2013-08-24 11:22:39','2013-08-24 11:22:39'),(196,'solutaperferendisdoloribusomnis','2013-08-24 11:22:39','2013-08-24 11:22:39'),(197,'doloripsamaccusantiumrepellat','2013-08-24 11:22:39','2013-08-24 11:22:39'),(198,'velitetetmagni','2013-08-19 00:00:00','2013-08-19 00:00:00'),(199,'earumvoluptatemculpavoluptas','2013-08-19 00:00:00','2013-08-19 00:00:00'),(200,'ututrerumofficia','2013-08-19 00:00:00','2013-08-19 00:00:00'),(201,'perspiciatisidutrerum','2013-08-24 11:22:39','2013-08-24 11:22:39'),(202,'autsitullamcum','2013-08-24 11:22:39','2013-08-24 11:22:39'),(203,'esseconsequaturmaximenon','2013-08-24 11:22:39','2013-08-24 11:22:39'),(204,'ametetminimavoluptatum','2013-08-24 11:22:39','2013-08-24 11:22:39'),(205,'undeeumvoluptatumperspiciatis','2013-08-24 11:22:39','2013-08-24 11:22:39'),(206,'doloreearumdolorumvelit','2013-08-24 11:22:39','2013-08-24 11:22:39'),(207,'nesciuntveritatisrecusandaedignissimos','2013-08-24 11:22:39','2013-08-24 11:22:39'),(208,'voluptatemvoluptatibusfacilisnatus','2013-08-24 11:22:39','2013-08-24 11:22:39'),(209,'consequaturdistinctioutomnis','2013-08-24 11:22:39','2013-08-24 11:22:39'),(210,'sintrationedeleniticumque','2013-08-24 11:22:39','2013-08-24 11:22:39'),(211,'sintinciduntetofficia','2013-08-24 11:22:39','2013-08-24 11:22:39'),(212,'velestautemmagni','2013-08-24 11:22:39','2013-08-24 11:22:39'),(213,'consequaturestestalias','2013-08-24 11:22:39','2013-08-24 11:22:39'),(214,'innamminusut','2013-08-24 11:22:39','2013-08-24 11:22:39'),(215,'minusquisinventorepraesentium','2013-08-19 00:00:00','2013-08-19 00:00:00'),(216,'quidemtotamnumquamet','2013-08-19 00:00:00','2013-08-19 00:00:00'),(217,'molestiasplaceatvelsed','2013-08-19 00:00:00','2013-08-19 00:00:00'),(218,'hicetnihilid','2013-08-19 00:00:00','2013-08-19 00:00:00'),(219,'fugiatsolutacumqueullam','2013-08-24 11:22:39','2013-08-24 11:22:39'),(220,'enimfugitnonquia','2013-08-24 11:22:39','2013-08-24 11:22:39'),(221,'eumautemlaboriosamimpedit','2013-08-24 11:22:39','2013-08-24 11:22:39'),(222,'estquodenimnihil','2013-08-24 11:22:39','2013-08-24 11:22:39'),(223,'ametquasiaperiamvoluptates','2013-08-24 11:22:39','2013-08-24 11:22:39'),(224,'occaecativoluptatemdoloreeligendi','2013-08-24 11:22:39','2013-08-24 11:22:39'),(225,'animiquiavoluptatesdistinctio','2013-08-24 11:22:39','2013-08-24 11:22:39'),(226,'utrepellatvoluptasquaerat','2013-08-24 11:22:39','2013-08-24 11:22:39'),(227,'beataeautquistempora','2013-08-24 11:22:39','2013-08-24 11:22:39'),(228,'eosvitaearchitectoharum','2013-08-24 11:22:39','2013-08-24 11:22:39'),(229,'aliquamerrorexipsum','2013-08-24 11:22:39','2013-08-24 11:22:39'),(230,'voluptatemodiovoluptateiure','2013-08-24 11:22:39','2013-08-24 11:22:39'),(231,'rerumeosistedolor','2013-08-24 11:22:39','2013-08-24 11:22:39'),(232,'idexcepturiveldeserunt','2013-08-24 11:22:39','2013-08-24 11:22:39'),(233,'doloribusvoluptateseumquod','2013-08-24 11:22:39','2013-08-24 11:22:39'),(234,'delectusipsamvoluptatemsed','2013-08-24 11:22:39','2013-08-24 11:22:39'),(235,'ututdoloreligendi','2013-08-24 11:22:39','2013-08-24 11:22:39'),(236,'nequereiciendisrepellendusoptio','2013-08-24 11:22:39','2013-08-24 11:22:39'),(237,'laboriosametautdebitis','2013-08-24 11:22:39','2013-08-24 11:22:39'),(238,'voluptasquiadoloresquia','2013-08-24 11:22:39','2013-08-24 11:22:39'),(239,'etveritatisconsequaturoccaecati','2013-08-24 11:22:39','2013-08-24 11:22:39'),(240,'vitaelaudantiumearumquis','2013-08-24 11:22:39','2013-08-24 11:22:39'),(241,'itaqueenimadipiscinam','2013-08-24 11:22:39','2013-08-24 11:22:39'),(242,'veliteumearumvoluptatum','2013-08-24 11:22:39','2013-08-24 11:22:39'),(243,'voluptasaliasfugiatiure','2013-08-24 11:22:39','2013-08-24 11:22:39'),(244,'officiisestesteos','2013-08-24 11:22:39','2013-08-24 11:22:39'),(245,'molestiaeesseconsecteturmagni','2013-08-24 11:22:39','2013-08-24 11:22:39'),(246,'atquequibusdamiustoet','2013-08-24 11:22:39','2013-08-24 11:22:39'),(247,'blanditiisadutsaepe','2013-08-24 11:22:39','2013-08-24 11:22:39'),(248,'nemoharumtemporibusassumenda','2013-08-24 11:22:39','2013-08-24 11:22:39'),(249,'idnequeaperiamofficiis','2013-08-24 11:22:39','2013-08-24 11:22:39'),(250,'molestiaefugadolorumut','2013-08-24 11:22:39','2013-08-24 11:22:39'),(251,'repellendusistevoluptatemtenetur','2013-08-24 11:22:39','2013-08-24 11:22:39'),(252,'etetsedsint','2013-08-24 11:22:39','2013-08-24 11:22:39'),(253,'tenetursitsitest','2013-08-24 11:22:39','2013-08-24 11:22:39'),(254,'ipsumminusinciduntrerum','2013-08-24 11:22:39','2013-08-24 11:22:39'),(255,'quisfugacorruptitotam','2013-08-24 11:22:39','2013-08-24 11:22:39'),(256,'dolorumoptiodolorvoluptas','2013-08-24 11:22:39','2013-08-24 11:22:39'),(257,'faceredoloremquibusdamlaudantium','2013-08-24 11:22:39','2013-08-24 11:22:39'),(258,'numquamaccusantiumamodi','2013-08-24 11:22:39','2013-08-24 11:22:39'),(259,'aliasperspiciatiseaquetempora','2013-08-24 11:22:39','2013-08-24 11:22:39'),(260,'utsitenimnobis','2013-08-24 11:22:39','2013-08-24 11:22:39'),(261,'vitaeillumquiaasperiores','2013-08-24 11:22:39','2013-08-24 11:22:39'),(262,'doloremqueimpeditprovidentab','2013-08-24 11:22:39','2013-08-24 11:22:39'),(263,'aliasnisieostemporibus','2013-08-24 11:22:39','2013-08-24 11:22:39'),(264,'veritatislaudantiumoptiout','2013-08-24 11:22:39','2013-08-24 11:22:39'),(265,'harumcumfugitsed','2013-08-24 11:22:39','2013-08-24 11:22:39'),(266,'quiatemporasintsed','2013-08-24 11:22:39','2013-08-24 11:22:39'),(267,'omnisoptiopossimusveritatis','2013-08-24 11:22:39','2013-08-24 11:22:39'),(268,'velitipsumetmodi','2013-08-24 11:22:39','2013-08-24 11:22:39');
/*!40000 ALTER TABLE `suppliers` ENABLE KEYS */;
UNLOCK TABLES;

--
-- Table structure for table `users`
--

DROP TABLE IF EXISTS `users`;
/*!40101 SET @saved_cs_client     = @@character_set_client */;
/*!40101 SET character_set_client = utf8 */;
CREATE TABLE `users` (
  `id` int(11) NOT NULL AUTO_INCREMENT,
  `login` varchar(255) COLLATE utf8_unicode_ci DEFAULT NULL,
  `firstname` varchar(255) COLLATE utf8_unicode_ci DEFAULT NULL,
  `lastname` varchar(255) COLLATE utf8_unicode_ci DEFAULT NULL,
  `phone` varchar(255) COLLATE utf8_unicode_ci DEFAULT NULL,
  `authentication_system_id` int(11) DEFAULT '1',
  `unique_id` varchar(255) COLLATE utf8_unicode_ci DEFAULT NULL,
  `email` varchar(255) COLLATE utf8_unicode_ci DEFAULT NULL,
  `badge_id` varchar(255) COLLATE utf8_unicode_ci DEFAULT NULL,
  `address` varchar(255) COLLATE utf8_unicode_ci DEFAULT NULL,
  `city` varchar(255) COLLATE utf8_unicode_ci DEFAULT NULL,
  `zip` varchar(255) COLLATE utf8_unicode_ci DEFAULT NULL,
  `country` varchar(255) COLLATE utf8_unicode_ci DEFAULT NULL,
  `language_id` int(11) DEFAULT NULL,
  `extended_info` text COLLATE utf8_unicode_ci,
  `settings` varchar(1024) COLLATE utf8_unicode_ci DEFAULT NULL,
  `created_at` datetime DEFAULT NULL,
  `updated_at` datetime DEFAULT NULL,
  `delegator_user_id` int(11) DEFAULT NULL,
  PRIMARY KEY (`id`),
  KEY `index_users_on_authentication_system_id` (`authentication_system_id`)
) ENGINE=InnoDB AUTO_INCREMENT=35 DEFAULT CHARSET=utf8 COLLATE=utf8_unicode_ci;
/*!40101 SET character_set_client = @saved_cs_client */;

--
-- Dumping data for table `users`
--

LOCK TABLES `users` WRITE;
/*!40000 ALTER TABLE `users` DISABLE KEYS */;
INSERT INTO `users` VALUES (1,'ramon','Ramon','C.','05652574691',1,'2w11mzpjwa5dnhrc8w','ramon@zhdk.ch','68guyouswi2s4u2lu2','109 Hills Meadow','Lake Demetrisville','R-RP62 1GA','Reunion',2,NULL,'--- !ruby/hash:ActiveSupport::HashWithIndifferentAccess {}\n','2013-08-24 11:22:39','2013-08-24 11:22:39',NULL),(2,'eryn_2148','Filiberto','Cormier','0500381670',1,'pdxfjhcj3e8wdaw3p3','margaret_zulauf@hudson.biz','5acs0xyjr0b90t05f1','963 Alec Wall','Lake Edmundbury','S-K3 8EG','Seychelles',1,NULL,'--- !ruby/hash:ActiveSupport::HashWithIndifferentAccess {}\n','2013-08-24 11:22:39','2013-08-24 11:22:39',NULL),(3,'viva_turner_8323','Lavon','Wolf','01913375310',1,'dzxo6lzr0wmhdza3wp','jerrell.dare@ortiz.co.uk','nv2t1e9db3ffntzh3c','9438 Keeling Station','East Sadye','S-W1 0BJ','Sao Tome and Principe',1,NULL,'--- !ruby/hash:ActiveSupport::HashWithIndifferentAccess {}\n','2013-08-24 11:22:39','2013-08-24 11:22:39',NULL),(4,'myrna_langworth_914','Elmira','Rohan','0800178770',1,'s75jou9gyobut1l8v8','cleta_spencer@okeefechamplin.info','qsl3mdnxfzu2kkkhag','60449 Jovanny Ports','Tellystad','T-Z49 6UJ','Tonga',1,NULL,'--- !ruby/hash:ActiveSupport::HashWithIndifferentAccess {}\n','2013-08-24 11:22:39','2013-08-24 11:22:39',NULL),(5,'avery_9029','Lyla','Gorczany','0175297513',1,'mw5egzw80bhgwki2eq','eva_roob@hyatt.co.uk','24s6gxrgtpzumlc4n1','74749 Rhiannon Haven','Berthahaven','S-WO6A 1AD','Samoa',1,NULL,'--- !ruby/hash:ActiveSupport::HashWithIndifferentAccess {}\n','2013-08-24 11:22:39','2013-08-24 11:22:39',NULL),(6,'herman_2352','Norma','Wolf','08001800966',1,'gn0sbvqjrn0798uppe','mercedes@kozey.info','udwh7yvtq3dk9x2pr4','3343 Genoveva Unions','DuBuquehaven','S-ZC4E 2AL','Serbia',1,NULL,'--- !ruby/hash:ActiveSupport::HashWithIndifferentAccess {}\n','2013-08-24 11:22:39','2013-08-24 11:22:39',NULL),(7,'jarvis.rippin_9354','Branson','Fadel','0500551963',1,'l6d7yynfjnykjzwcw4','soledad@hansenernser.co.uk','losv3ry66rfi9csd62','81250 Murphy Station','North Bella','B-L4 4BL','Bahrain',1,NULL,'--- !ruby/hash:ActiveSupport::HashWithIndifferentAccess {}\n','2013-08-24 11:22:39','2013-08-24 11:22:39',NULL),(8,'matti','Matti','S.','02163637105',1,'8v8ud860jbzwohiure','matti@zhdk.ch','qdfq8irzime6b0crwn','886 Medhurst Walk','Lueilwitzside','M-ZL6M 6BA','Maldives',2,NULL,'--- !ruby/hash:ActiveSupport::HashWithIndifferentAccess {}\n','2013-08-24 11:22:39','2013-08-24 11:22:39',NULL),(9,'mike','Mike','H.','0800810772',1,'ph326vrgbnmtbsk628','mike@zhdk.ch','pikg1crf7tsaf1q4ar','498 Austin Springs','Port Norbertchester','S-Y0R 1PE','Senegal',2,NULL,'--- !ruby/hash:ActiveSupport::HashWithIndifferentAccess {}\n','2013-08-24 11:22:39','2013-08-24 11:22:39',NULL),(10,'andi','Andi','Dietrich','01141043166',1,'l656zrn50dmwlbeuxu','andi@zhdk.ch','kl562fl0nrl2cmxbua','83184 Juliana Keys','Emiliohaven','L-W1 2HN','Lebanon',2,NULL,'--- !ruby/hash:ActiveSupport::HashWithIndifferentAccess {}\n','2013-08-24 11:22:39','2013-08-24 11:22:39',NULL),(11,'precious_rolfson_7064','Orval','Roob','01571925222',1,'1oc3gakv79nu56e49x','domenick@corkery.name','lpa35qibgchj6am1xz','14779 Abshire Harbor','North Ahmadport','K-B3 4YO','Kazakhstan',2,NULL,'--- !ruby/hash:ActiveSupport::HashWithIndifferentAccess {}\n','2013-08-24 11:22:39','2013-08-24 11:22:39',NULL),(12,'lennie.krajcik_8319','Braden','Pacocha','09928168203',1,'rm79u8dzbln1dp2zxi','omer@wehner.biz','tal55k5nzi4wgd5w6l','95081 Pouros Mountains','New Lori','M-T9 5BW','Mozambique',1,NULL,'--- !ruby/hash:ActiveSupport::HashWithIndifferentAccess {}\n','2013-08-24 11:22:39','2013-08-24 11:22:39',NULL),(13,'max_2877','Aliza','Davis','0500421566',1,'ayqganmjr436v5ythl','ervin@murazik.com','wg2ggfyaogjbf5ju1z','7188 Kuhn Trail','West Edgarfort','N-M1 0XL','Nigeria',1,NULL,'--- !ruby/hash:ActiveSupport::HashWithIndifferentAccess {}\n','2013-08-24 11:22:39','2013-08-24 11:22:39',NULL),(14,'pearlie_harris_221','Nichole','Hegmann','08006723261',1,'hy1hwtb9nk4tsqp0r6','jana.bernhard@starkstracke.biz','4a8gdte299xaa3ib9z','42612 Hammes Garden','East Davidmouth','H-W4H 6BB','Holy See (Vatican City State)',1,NULL,'--- !ruby/hash:ActiveSupport::HashWithIndifferentAccess {}\n','2013-08-24 11:22:39','2013-08-24 11:22:39',NULL),(15,'llewellyn.douglas_7927','Kole','Armstrong','08001091963',1,'v3j3n0if0bs7f0froh','ethan.bins@rutherford.info','guqnfhkxyt1g41hfan','80357 Louvenia Manor','New Abdiel','Q-YH3 8BL','Qatar',1,NULL,'--- !ruby/hash:ActiveSupport::HashWithIndifferentAccess {}\n','2013-08-24 11:22:39','2013-08-24 11:22:39',NULL),(16,'raleigh.jast_7434','Clemens','Runolfsdottir','08746777968',1,'o25sw7ufe4h4nzm0z8','angel.padberg@langosh.co.uk','xzgtg16ndsdgz1asma','65470 Glover Cliffs','Doylestad','T-O6E 2FR','Tunisia',1,NULL,'--- !ruby/hash:ActiveSupport::HashWithIndifferentAccess {}\n','2013-08-24 11:22:39','2013-08-24 11:22:39',NULL),(17,'gino','Gino','F.','08566923103',1,'nc3gnrg4afidqskujs','gino@zhdk.ch','xlgx9qhaonmz6ssaj2','8219 Bethel Prairie','North Demond','T-YG8H 4BB','Turks and Caicos Islands',2,NULL,'--- !ruby/hash:ActiveSupport::HashWithIndifferentAccess {}\n','2013-08-24 11:22:39','2013-08-24 11:22:39',NULL),(18,'pius','Pius','Mertz','08963780791',1,'ic4qaif4b2jp0g77u8','pius@zhdk.ch','znn5c4xqut223rgitr','80011 Minerva Plains','East Consuelomouth','C-WU8W 1UJ','Cameroon',2,NULL,'--- !ruby/hash:ActiveSupport::HashWithIndifferentAccess {}\n','2013-08-24 11:22:39','2013-08-24 11:22:39',NULL),(19,'peter','Peter','Silie','09637097542',1,'2rkyfo5tj0nnf8fr1p','peter@silie.com','0pitue6crgcvs93kf2','184 Mary Garden','Greenholtfort','F-Z7 9LA','Finland',2,NULL,'--- !ruby/hash:ActiveSupport::HashWithIndifferentAccess {}\n','2013-08-24 11:22:39','2013-08-24 11:22:39',NULL),(20,'alanis_runte_4799','Golden','Mraz','08238282338',1,'mt5z9kwtkcwi6vzbei','general@crona.name','31xwak9qnhzg9n5dna','40241 Guillermo Common','Brendaberg','P-C8X 8AZ','Portugal',1,NULL,'--- !ruby/hash:ActiveSupport::HashWithIndifferentAccess {}\n','2013-08-24 11:22:39','2013-08-24 11:22:39',NULL),(21,'ulices_2950','Makenzie','Halvorson','01801489304',1,'5czjjt4o8ehlybck1l','genesis@olsonkuhic.name','h0i5owz8yj1sr5b5hw','78883 Schmitt Port','Imaborough','R-W8 3FB','Russian Federation',1,NULL,'--- !ruby/hash:ActiveSupport::HashWithIndifferentAccess {}\n','2013-08-24 11:22:39','2013-08-24 11:22:39',NULL),(22,'kaya.collier_149','Antwan','Funk','08386005168',1,'kmucvul6p8kpblkpoc','alverta.glover@murrayroob.com','q17tromlg8t213mguh','9058 Runolfsdottir Rapid','Port Emmieland','B-YR8Y 9LL','British Indian Ocean Territory (Chagos Archipelago)',1,NULL,'--- !ruby/hash:ActiveSupport::HashWithIndifferentAccess {}\n','2013-08-24 11:22:39','2013-08-24 11:22:39',NULL),(23,'francesca_7077','Madison','Tillman','08003326536',1,'0lvz9zxjf1apuoougw','nestor_trantow@schulist.com','62safq871z2k4bx5dc','988 Bechtelar Union','Beermouth','F-O5 7LL','French Southern Territories',1,NULL,'--- !ruby/hash:ActiveSupport::HashWithIndifferentAccess {}\n','2013-08-24 11:22:39','2013-08-24 11:22:39',NULL),(24,'lelia_387','Damien','Kling','0187216776',1,'hwhq798md0cz6i96ro','niko.green@keebler.name','j71cwv77ztb4hlnx0k','633 Issac Mill','Garthtown','M-R6 3GA','Malaysia',1,NULL,'--- !ruby/hash:ActiveSupport::HashWithIndifferentAccess {}\n','2013-08-19 00:00:00','2013-08-19 00:00:00',NULL),(25,'carolina_4784','Laverna','Hartmann','05563401433',1,'wdzeaymw76n3yzk46o','robb.towne@johnstonwolf.co.uk','w53q81tz0dbd6fv9xj','8703 Adelle Point','Port Destineyburgh','B-Y8 9JJ','Belarus',1,NULL,'--- !ruby/hash:ActiveSupport::HashWithIndifferentAccess {}\n','2013-08-19 00:00:00','2013-08-19 00:00:00',NULL),(26,'mina','Mina','Torp','01459565645',1,'23zgjxn9hin085m25t','mina@zhdk.ch','j96ga554q0lrtpaxy6','844 Eichmann Rapids','North Paigeport','U-ZH4 1LB','United States of America',1,NULL,'--- !ruby/hash:ActiveSupport::HashWithIndifferentAccess {}\n','2013-08-24 11:22:39','2013-08-24 11:22:39',NULL),(27,'julie','Julie','Herzog','08240978917',1,'adtj2ra74l6xchjsnv','julie@zhdk.ch','dq9zk8dtkiwribq4j0','516 Chelsey Cliffs','West Inesside','T-ZP5 4HB','Trinidad and Tobago',1,NULL,'--- !ruby/hash:ActiveSupport::HashWithIndifferentAccess {}\n','2013-08-24 11:22:39','2013-08-24 11:22:39',NULL),(28,NULL,'Aut dolores est autem doloribus libero.',NULL,NULL,NULL,NULL,NULL,NULL,NULL,NULL,NULL,NULL,1,NULL,'--- !ruby/hash:ActiveSupport::HashWithIndifferentAccess {}\n','2013-08-24 11:22:39','2013-08-24 11:22:39',27),(29,NULL,'Nulla iure sed tenetur et eos distinctio dolores.',NULL,NULL,NULL,NULL,NULL,NULL,NULL,NULL,NULL,NULL,1,NULL,'--- !ruby/hash:ActiveSupport::HashWithIndifferentAccess {}\n','2013-08-24 11:22:39','2013-08-24 11:22:39',26),(30,NULL,'Est et eius voluptas totam et hic.',NULL,NULL,NULL,NULL,NULL,NULL,NULL,NULL,NULL,NULL,1,NULL,'--- !ruby/hash:ActiveSupport::HashWithIndifferentAccess {}\n','2013-08-24 11:22:39','2013-08-24 11:22:39',26),(31,NULL,'Quae ut doloribus aspernatur doloremque dolor blanditiis ut.',NULL,NULL,NULL,NULL,NULL,NULL,NULL,NULL,NULL,NULL,1,NULL,'--- !ruby/hash:ActiveSupport::HashWithIndifferentAccess {}\n','2013-08-24 11:22:39','2013-08-24 11:22:39',26),(32,'normin','Normin','N.','0800954934',1,'u8qxeeg6hwhak7lpki','normin@zhdk.ch','82fqu3gm6fnsneplbs','2749 Chadrick Loaf','Lake Loyalmouth','A-YN3X 6JE','Antarctica (the territory South of 60 deg S)',2,NULL,'--- !ruby/hash:ActiveSupport::HashWithIndifferentAccess {}\n','2013-08-24 11:22:39','2013-08-24 11:22:39',NULL),(33,'petra','Petra','K.','01362551978',1,'n06r8gb4nagw9ehqq9','petra@zhdk.ch','dbcmubqcsh29eegy7m','24426 Wyman Lake, ','Port Guido','V-CH7E 3JB','Vanuatu',2,NULL,'--- !ruby/hash:ActiveSupport::HashWithIndifferentAccess {}\n','2013-08-24 11:22:39','2013-08-24 11:22:39',NULL),(34,'lisa','Lisa','L.','09587968097',1,'k32k2j8p876tnzay23','lisa@zhdk.ch','znnisilm45bp3603we','749 Schultz Creek','Barbaraburgh','L-ZD6 2LL','Lebanon',2,NULL,'--- !ruby/hash:ActiveSupport::HashWithIndifferentAccess {}\n','2013-08-24 11:22:39','2013-08-24 11:22:39',NULL);
/*!40000 ALTER TABLE `users` ENABLE KEYS */;
UNLOCK TABLES;

--
-- Temporary table structure for view `visit_lines`
--

DROP TABLE IF EXISTS `visit_lines`;
/*!50001 DROP VIEW IF EXISTS `visit_lines`*/;
SET @saved_cs_client     = @@character_set_client;
SET character_set_client = utf8;
/*!50001 CREATE TABLE `visit_lines` (
  `visit_id` varchar(86),
  `inventory_pool_id` int(11),
  `user_id` int(11),
  `delegated_user_id` int(11),
  `status` enum('unsubmitted','submitted','rejected','approved','signed','closed'),
  `action` varchar(9),
  `date` date,
  `quantity` int(11),
  `contract_line_id` int(11)
) ENGINE=MyISAM */;
SET character_set_client = @saved_cs_client;

--
-- Temporary table structure for view `visits`
--

DROP TABLE IF EXISTS `visits`;
/*!50001 DROP VIEW IF EXISTS `visits`*/;
SET @saved_cs_client     = @@character_set_client;
SET character_set_client = utf8;
/*!50001 CREATE TABLE `visits` (
  `id` varchar(86),
  `inventory_pool_id` int(11),
  `user_id` int(11),
  `status` enum('unsubmitted','submitted','rejected','approved','signed','closed'),
  `action` varchar(9),
  `date` date,
  `quantity` decimal(32,0)
) ENGINE=MyISAM */;
SET character_set_client = @saved_cs_client;

--
-- Table structure for table `workdays`
--

DROP TABLE IF EXISTS `workdays`;
/*!40101 SET @saved_cs_client     = @@character_set_client */;
/*!40101 SET character_set_client = utf8 */;
CREATE TABLE `workdays` (
  `id` int(11) NOT NULL AUTO_INCREMENT,
  `inventory_pool_id` int(11) DEFAULT NULL,
  `monday` tinyint(1) DEFAULT '1',
  `tuesday` tinyint(1) DEFAULT '1',
  `wednesday` tinyint(1) DEFAULT '1',
  `thursday` tinyint(1) DEFAULT '1',
  `friday` tinyint(1) DEFAULT '1',
  `saturday` tinyint(1) DEFAULT '0',
  `sunday` tinyint(1) DEFAULT '0',
  PRIMARY KEY (`id`),
  KEY `index_workdays_on_inventory_pool_id` (`inventory_pool_id`)
) ENGINE=InnoDB AUTO_INCREMENT=15 DEFAULT CHARSET=utf8 COLLATE=utf8_unicode_ci;
/*!40101 SET character_set_client = @saved_cs_client */;

--
-- Dumping data for table `workdays`
--

LOCK TABLES `workdays` WRITE;
/*!40000 ALTER TABLE `workdays` DISABLE KEYS */;
INSERT INTO `workdays` VALUES (1,1,1,1,1,1,1,0,0),(2,2,1,1,1,1,1,0,0),(3,3,1,1,1,1,1,0,0),(4,4,1,1,1,1,1,0,0),(5,5,1,1,1,1,1,0,0),(6,6,1,1,1,1,1,0,0),(7,7,1,1,1,1,1,0,0),(8,8,1,1,1,1,1,0,0),(9,9,1,1,1,1,1,0,0),(10,10,1,1,1,1,1,0,0),(11,11,1,1,1,1,1,0,0),(12,12,1,1,1,1,1,0,0),(13,13,1,1,1,1,1,0,0),(14,14,1,1,1,1,1,0,0);
/*!40000 ALTER TABLE `workdays` ENABLE KEYS */;
UNLOCK TABLES;

--
-- Final view structure for view `partitions_with_generals`
--

/*!50001 DROP TABLE IF EXISTS `partitions_with_generals`*/;
/*!50001 DROP VIEW IF EXISTS `partitions_with_generals`*/;
/*!50001 SET @saved_cs_client          = @@character_set_client */;
/*!50001 SET @saved_cs_results         = @@character_set_results */;
/*!50001 SET @saved_col_connection     = @@collation_connection */;
/*!50001 SET character_set_client      = utf8 */;
/*!50001 SET character_set_results     = utf8 */;
/*!50001 SET collation_connection      = utf8_general_ci */;
/*!50001 CREATE ALGORITHM=UNDEFINED */
/*!50001 VIEW `partitions_with_generals` AS select `partitions`.`model_id` AS `model_id`,`partitions`.`inventory_pool_id` AS `inventory_pool_id`,`partitions`.`group_id` AS `group_id`,`partitions`.`quantity` AS `quantity` from `partitions` union select `i`.`model_id` AS `model_id`,`i`.`inventory_pool_id` AS `inventory_pool_id`,NULL AS `group_id`,(count(`i`.`id`) - ifnull((select sum(`p`.`quantity`) from `partitions` `p` where ((`p`.`model_id` = `i`.`model_id`) and (`p`.`inventory_pool_id` = `i`.`inventory_pool_id`)) group by `p`.`inventory_pool_id`,`p`.`model_id`),0)) AS `quantity` from `items` `i` where (isnull(`i`.`retired`) and (`i`.`is_borrowable` = 1) and isnull(`i`.`parent_id`)) group by `i`.`inventory_pool_id`,`i`.`model_id` */;
/*!50001 SET character_set_client      = @saved_cs_client */;
/*!50001 SET character_set_results     = @saved_cs_results */;
/*!50001 SET collation_connection      = @saved_col_connection */;

--
-- Final view structure for view `visit_lines`
--

/*!50001 DROP TABLE IF EXISTS `visit_lines`*/;
/*!50001 DROP VIEW IF EXISTS `visit_lines`*/;
/*!50001 SET @saved_cs_client          = @@character_set_client */;
/*!50001 SET @saved_cs_results         = @@character_set_results */;
/*!50001 SET @saved_col_connection     = @@collation_connection */;
/*!50001 SET character_set_client      = utf8 */;
/*!50001 SET character_set_results     = utf8 */;
/*!50001 SET collation_connection      = utf8_general_ci */;
/*!50001 CREATE ALGORITHM=UNDEFINED */
/*!50001 VIEW `visit_lines` AS select hex(concat(if((`c`.`status` = 'approved'),`cl`.`start_date`,`cl`.`end_date`),`c`.`inventory_pool_id`,`c`.`user_id`,`c`.`status`)) AS `visit_id`,`c`.`inventory_pool_id` AS `inventory_pool_id`,`c`.`user_id` AS `user_id`,`c`.`delegated_user_id` AS `delegated_user_id`,`c`.`status` AS `status`,if((`c`.`status` = 'approved'),'hand_over','take_back') AS `action`,if((`c`.`status` = 'approved'),`cl`.`start_date`,`cl`.`end_date`) AS `date`,`cl`.`quantity` AS `quantity`,`cl`.`id` AS `contract_line_id` from (`contract_lines` `cl` join `contracts` `c` on((`cl`.`contract_id` = `c`.`id`))) where ((`c`.`status` in ('approved','signed')) and isnull(`cl`.`returned_date`)) order by if((`c`.`status` = 'approved'),`cl`.`start_date`,`cl`.`end_date`) */;
/*!50001 SET character_set_client      = @saved_cs_client */;
/*!50001 SET character_set_results     = @saved_cs_results */;
/*!50001 SET collation_connection      = @saved_col_connection */;

--
-- Final view structure for view `visits`
--

/*!50001 DROP TABLE IF EXISTS `visits`*/;
/*!50001 DROP VIEW IF EXISTS `visits`*/;
/*!50001 SET @saved_cs_client          = @@character_set_client */;
/*!50001 SET @saved_cs_results         = @@character_set_results */;
/*!50001 SET @saved_col_connection     = @@collation_connection */;
/*!50001 SET character_set_client      = utf8 */;
/*!50001 SET character_set_results     = utf8 */;
/*!50001 SET collation_connection      = utf8_general_ci */;
/*!50001 CREATE ALGORITHM=UNDEFINED */
/*!50001 VIEW `visits` AS select hex(concat(`visit_lines`.`date`,`visit_lines`.`inventory_pool_id`,`visit_lines`.`user_id`,`visit_lines`.`status`)) AS `id`,`visit_lines`.`inventory_pool_id` AS `inventory_pool_id`,`visit_lines`.`user_id` AS `user_id`,`visit_lines`.`status` AS `status`,`visit_lines`.`action` AS `action`,`visit_lines`.`date` AS `date`,sum(`visit_lines`.`quantity`) AS `quantity` from `visit_lines` group by `visit_lines`.`user_id`,`visit_lines`.`status`,`visit_lines`.`date`,`visit_lines`.`inventory_pool_id` */;
/*!50001 SET character_set_client      = @saved_cs_client */;
/*!50001 SET character_set_results     = @saved_cs_results */;
/*!50001 SET collation_connection      = @saved_col_connection */;
/*!40103 SET TIME_ZONE=@OLD_TIME_ZONE */;

/*!40101 SET SQL_MODE=@OLD_SQL_MODE */;
/*!40014 SET FOREIGN_KEY_CHECKS=@OLD_FOREIGN_KEY_CHECKS */;
/*!40014 SET UNIQUE_CHECKS=@OLD_UNIQUE_CHECKS */;
/*!40101 SET CHARACTER_SET_CLIENT=@OLD_CHARACTER_SET_CLIENT */;
/*!40101 SET CHARACTER_SET_RESULTS=@OLD_CHARACTER_SET_RESULTS */;
/*!40101 SET COLLATION_CONNECTION=@OLD_COLLATION_CONNECTION */;
/*!40111 SET SQL_NOTES=@OLD_SQL_NOTES */;

-- Dump completed on 2014-08-14 18:41:59
COMMIT;
