SET autocommit=0; SET unique_checks=0; SET foreign_key_checks=0;
-- MySQL dump 10.13  Distrib 5.1.48, for apple-darwin10.3.0 (i386)
--
-- Host: localhost    Database: leihs2_test
-- ------------------------------------------------------
-- Server version	5.1.48

/*!40101 SET @OLD_CHARACTER_SET_CLIENT=@@CHARACTER_SET_CLIENT */;
/*!40101 SET @OLD_CHARACTER_SET_RESULTS=@@CHARACTER_SET_RESULTS */;
/*!40101 SET @OLD_COLLATION_CONNECTION=@@COLLATION_CONNECTION */;
/*!40101 SET NAMES utf8 */;
/*!40103 SET @OLD_TIME_ZONE=@@TIME_ZONE */;
/*!40103 SET TIME_ZONE='+00:00' */;
/*!40014 SET @OLD_UNIQUE_CHECKS=@@UNIQUE_CHECKS, UNIQUE_CHECKS=0 */;
/*!40014 SET @OLD_FOREIGN_KEY_CHECKS=@@FOREIGN_KEY_CHECKS, FOREIGN_KEY_CHECKS=0 */;
/*!40101 SET @OLD_SQL_MODE=@@SQL_MODE, SQL_MODE='NO_AUTO_VALUE_ON_ZERO' */;
/*!40111 SET @OLD_SQL_NOTES=@@SQL_NOTES, SQL_NOTES=0 */;

--
-- Table structure for table `access_rights`
--

DROP TABLE IF EXISTS `access_rights`;
/*!40101 SET @saved_cs_client     = @@character_set_client */;
/*!40101 SET character_set_client = utf8 */;
CREATE TABLE `access_rights` (
  `id` int(11) NOT NULL AUTO_INCREMENT,
  `user_id` int(11) DEFAULT NULL,
  `inventory_pool_id` int(11) DEFAULT NULL,
  `suspended_until` date DEFAULT NULL,
  `suspended_reason` text COLLATE utf8_unicode_ci,
  `deleted_at` date DEFAULT NULL,
  `created_at` datetime DEFAULT NULL,
  `updated_at` datetime DEFAULT NULL,
  `role` enum('customer','group_manager','lending_manager','inventory_manager','admin') COLLATE utf8_unicode_ci NOT NULL,
  PRIMARY KEY (`id`),
  KEY `index_access_rights_on_suspended_until` (`suspended_until`),
  KEY `index_access_rights_on_deleted_at` (`deleted_at`),
  KEY `index_access_rights_on_inventory_pool_id` (`inventory_pool_id`),
  KEY `index_access_rights_on_role` (`role`),
  KEY `index_on_user_id_and_inventory_pool_id_and_deleted_at` (`user_id`,`inventory_pool_id`,`deleted_at`)
) ENGINE=InnoDB AUTO_INCREMENT=43 DEFAULT CHARSET=utf8 COLLATE=utf8_unicode_ci;
/*!40101 SET character_set_client = @saved_cs_client */;

--
-- Dumping data for table `access_rights`
--

LOCK TABLES `access_rights` WRITE;
/*!40000 ALTER TABLE `access_rights` DISABLE KEYS */;
INSERT INTO `access_rights` VALUES (1,1,NULL,NULL,NULL,NULL,'2013-08-21 22:15:31','2013-08-21 22:15:31','admin'),(2,3,3,NULL,NULL,NULL,'2013-08-21 22:15:31','2013-08-21 22:15:31','customer'),(3,4,1,NULL,NULL,NULL,'2013-08-21 22:15:31','2013-08-21 22:15:31','lending_manager'),(4,5,5,NULL,NULL,NULL,'2013-08-21 22:15:31','2013-08-21 22:15:31','customer'),(5,6,12,NULL,NULL,NULL,'2013-08-21 22:15:31','2013-08-21 22:15:31','customer'),(6,7,1,NULL,NULL,'2013-08-22','2013-08-21 22:15:31','2013-08-21 22:15:31','customer'),(7,1,1,NULL,NULL,NULL,'2013-08-21 22:15:31','2013-08-21 22:15:31','customer'),(8,8,2,NULL,NULL,NULL,'2013-08-21 22:15:31','2013-08-21 22:15:31','inventory_manager'),(9,9,1,NULL,NULL,NULL,'2013-08-21 22:15:31','2013-08-21 22:15:31','inventory_manager'),(10,9,12,NULL,NULL,NULL,'2013-08-21 22:15:31','2013-08-21 22:15:31','inventory_manager'),(11,10,1,NULL,NULL,NULL,'2013-08-21 22:15:31','2013-08-21 22:15:31','group_manager'),(12,10,2,NULL,NULL,NULL,'2013-08-21 22:15:31','2013-08-21 22:15:31','group_manager'),(13,10,3,NULL,NULL,NULL,'2013-08-21 22:15:31','2013-08-21 22:15:31','group_manager'),(14,11,1,NULL,NULL,NULL,'2013-08-21 22:15:31','2013-08-21 22:15:31','group_manager'),(15,12,1,NULL,NULL,NULL,'2013-08-21 22:15:31','2013-08-21 22:15:31','customer'),(16,13,1,'2013-08-22','suspreason',NULL,'2013-08-21 22:15:31','2013-08-21 22:15:31','customer'),(17,14,1,NULL,NULL,NULL,'2013-08-21 22:15:31','2013-08-21 22:15:31','customer'),(18,15,1,NULL,NULL,NULL,'2013-08-21 22:15:31','2013-08-21 22:15:31','customer'),(19,16,1,NULL,NULL,NULL,'2013-08-21 22:15:31','2013-08-21 22:15:31','customer'),(20,17,NULL,NULL,NULL,NULL,'2013-08-21 22:15:31','2013-08-21 22:15:31','admin'),(21,18,1,NULL,NULL,NULL,'2013-08-21 22:15:31','2013-08-21 22:15:31','lending_manager'),(22,18,2,NULL,NULL,NULL,'2013-08-21 22:15:31','2013-08-21 22:15:31','lending_manager'),(23,19,1,NULL,NULL,NULL,'2013-08-21 22:15:31','2013-08-21 22:15:31','customer'),(24,20,1,NULL,NULL,NULL,'2013-08-21 22:15:31','2013-08-21 22:15:31','customer'),(25,21,1,NULL,NULL,NULL,'2013-08-21 22:15:31','2013-08-21 22:15:31','customer'),(26,22,1,NULL,NULL,NULL,'2013-08-21 22:15:31','2013-08-21 22:15:31','customer'),(27,23,1,NULL,NULL,NULL,'2013-08-21 22:15:31','2013-08-21 22:15:31','customer'),(28,24,2,'2013-08-18','Maxime iste ut incidunt.',NULL,'2013-08-17 00:00:00','2013-08-17 00:00:00','customer'),(29,26,1,NULL,NULL,NULL,'2013-08-21 22:15:31','2013-08-21 22:15:31','customer'),(30,27,1,NULL,NULL,NULL,'2013-08-21 22:15:31','2013-08-21 22:15:31','customer'),(31,28,1,NULL,NULL,NULL,'2013-08-21 22:15:31','2013-08-21 22:15:31','customer'),(32,29,1,NULL,NULL,NULL,'2013-08-21 22:15:31','2013-08-21 22:15:31','customer'),(33,31,1,NULL,NULL,NULL,'2013-08-21 22:15:31','2013-08-21 22:15:31','customer'),(34,31,13,NULL,NULL,NULL,'2013-08-21 22:15:31','2013-08-21 22:15:31','customer'),(35,31,14,NULL,NULL,NULL,'2013-08-21 22:15:31','2013-08-21 22:15:31','customer'),(36,31,15,NULL,NULL,NULL,'2013-08-21 22:15:31','2013-08-21 22:15:31','customer'),(37,32,1,NULL,NULL,NULL,'2013-08-21 22:15:31','2013-08-21 22:15:31','customer'),(38,32,2,NULL,NULL,NULL,'2013-08-21 22:15:31','2013-08-21 22:15:31','customer'),(39,32,3,NULL,NULL,NULL,'2013-08-21 22:15:31','2013-08-21 22:15:31','customer'),(40,32,15,NULL,NULL,'2013-08-20','2013-08-21 22:15:31','2013-08-21 22:15:31','customer'),(41,33,1,NULL,NULL,NULL,'2013-08-21 22:15:31','2013-08-21 22:15:31','customer'),(42,34,1,NULL,NULL,NULL,'2013-08-21 22:15:31','2013-08-21 22:15:31','customer');
/*!40000 ALTER TABLE `access_rights` ENABLE KEYS */;
UNLOCK TABLES;

--
-- Table structure for table `accessories`
--

DROP TABLE IF EXISTS `accessories`;
/*!40101 SET @saved_cs_client     = @@character_set_client */;
/*!40101 SET character_set_client = utf8 */;
CREATE TABLE `accessories` (
  `id` int(11) NOT NULL AUTO_INCREMENT,
  `model_id` int(11) DEFAULT NULL,
  `name` varchar(255) COLLATE utf8_unicode_ci DEFAULT NULL,
  `quantity` int(11) DEFAULT NULL,
  PRIMARY KEY (`id`),
  KEY `index_accessories_on_model_id` (`model_id`)
) ENGINE=InnoDB AUTO_INCREMENT=496 DEFAULT CHARSET=utf8 COLLATE=utf8_unicode_ci;
/*!40101 SET character_set_client = @saved_cs_client */;

--
-- Dumping data for table `accessories`
--

LOCK TABLES `accessories` WRITE;
/*!40000 ALTER TABLE `accessories` DISABLE KEYS */;
INSERT INTO `accessories` VALUES (1,1,'Peter Wilderman',NULL),(2,1,'Violette Bogan Jr.',NULL),(3,1,'Brando Shields',NULL),(4,2,'Evangeline Turner',NULL),(5,2,'August Satterfield MD',NULL),(6,2,'Drake Becker',NULL),(7,3,'Jamil Wiegand',NULL),(8,3,'Darrin Macejkovic',NULL),(9,3,'Dr. Ransom Schneider',NULL),(10,3,'Addie Schmeler II',NULL),(11,3,'Danika Cartwright',NULL),(12,4,'Vanessa Farrell PhD',NULL),(13,4,'America MacGyver',NULL),(14,5,'Lydia Terry',NULL),(15,5,'Al Fisher',NULL),(16,5,'Braxton Bauch',NULL),(17,6,'Garfield Greenholt',NULL),(18,6,'Ashtyn Larkin Jr.',NULL),(19,7,'Lela Klocko',NULL),(20,7,'Shawn Wolff DDS',NULL),(21,7,'Lyla Ratke',NULL),(22,7,'Linwood Runolfsdottir',NULL),(23,7,'Kristoffer Lemke',NULL),(24,8,'Skye Schimmel',NULL),(25,9,'Reagan Hand',NULL),(26,9,'Guiseppe Bailey',NULL),(27,9,'Nyah Casper',NULL),(28,10,'Parker Jones',NULL),(29,10,'Theodore Gorczany',NULL),(30,10,'Mrs. Cathrine Moore',NULL),(31,11,'Orlo Kling IV',NULL),(32,12,'Louvenia Reinger',NULL),(33,12,'Jake Wiza',NULL),(34,12,'Sandy Goyette',NULL),(35,12,'Carleton Adams',NULL),(36,13,'Ashlee Bins',NULL),(37,13,'Joshuah Wiegand',NULL),(38,13,'Norene Haag',NULL),(39,14,'Martin Weber',NULL),(40,14,'Euna Osinski',NULL),(41,14,'Verlie Hirthe',NULL),(42,15,'Myrtie Lang',NULL),(43,15,'Eleonore Bartoletti',NULL),(44,15,'Reta Sipes',NULL),(45,15,'Marcelina Koepp',NULL),(46,15,'Paula Skiles II',NULL),(47,16,'Manuel Raynor II',NULL),(48,16,'Cooper Heaney',NULL),(49,16,'Cassandre Labadie',NULL),(50,17,'Ms. Hailie Hilll',NULL),(51,17,'Renee Herzog',NULL),(52,17,'Adrien Greenholt',NULL),(53,17,'Dr. Orlo Beahan',NULL),(54,18,'Maybelle Swaniawski',NULL),(55,18,'Alba Grady MD',NULL),(56,19,'Samara Watsica',NULL),(57,19,'Mrs. Magdalena Nienow',NULL),(58,20,'Samir Rau',NULL),(59,20,'Velda Jakubowski',NULL),(60,21,'Eleanore Cole',NULL),(61,21,'Joe Mosciski',NULL),(62,21,'Barrett Runolfsson',NULL),(63,21,'Dr. Sabina Denesik',NULL),(64,21,'Emory Waters',NULL),(65,22,'Dr. Madeline Schowalter',NULL),(66,23,'Devan Cruickshank',NULL),(67,24,'Mr. Domenica Miller',NULL),(68,24,'Rebecca Von',NULL),(69,25,'Cyrus O\'Keefe',NULL),(70,25,'Eleazar Anderson',NULL),(71,25,'Patience Bradtke',NULL),(72,25,'Burley Lang',NULL),(73,26,'Leann Rice Jr.',NULL),(74,26,'Mariah Kshlerin',NULL),(75,26,'Dr. Angelo Hagenes',NULL),(76,26,'Dr. Willard Pacocha',NULL),(77,26,'Bridgette Marvin',NULL),(78,27,'Jermey Schmitt',NULL),(79,28,'Emil Langosh',NULL),(80,28,'Ignatius O\'Connell',NULL),(81,28,'Lauriane Dare DVM',NULL),(82,28,'Kelsi Rowe',NULL),(83,28,'Ewald Mayer',NULL),(84,29,'Amir Grant MD',NULL),(85,30,'Mekhi Ritchie DVM',NULL),(86,30,'Alfred Little',NULL),(87,30,'Arno Walker',NULL),(88,30,'Mrs. Dexter Hoeger',NULL),(89,30,'Lucinda Walker',NULL),(90,31,'Damaris Stracke III',NULL),(91,31,'Dana Funk',NULL),(92,31,'Ms. Reed Effertz',NULL),(93,31,'Antonia Bailey',NULL),(94,32,'Leola Rutherford Jr.',NULL),(95,32,'Dr. Tristian Kemmer',NULL),(96,32,'Jaunita Hudson',NULL),(97,32,'Miss Nigel Fay',NULL),(98,33,'Kiana Abernathy',NULL),(99,33,'Esperanza Collins III',NULL),(100,34,'Mazie Monahan DVM',NULL),(101,34,'Bret Luettgen',NULL),(102,34,'Kamren Altenwerth II',NULL),(103,34,'Kavon Schowalter',NULL),(104,35,'Heidi Gerhold',NULL),(105,35,'Jade Jenkins I',NULL),(106,35,'Jewell Witting',NULL),(107,35,'Bianka Crooks',NULL),(108,36,'Coby Quitzon',NULL),(109,36,'Ricky Roob MD',NULL),(110,36,'Annetta Hand Jr.',NULL),(111,36,'Emilie Kohler',NULL),(112,37,'Mr. Malcolm Bergstrom',NULL),(113,37,'Esperanza Bruen',NULL),(114,37,'Ms. Maryjane Brakus',NULL),(115,37,'Vanessa Schmeler',NULL),(116,38,'Sabina Lehner V',NULL),(117,39,'Delia Jast PhD',NULL),(118,40,'Ramona Hammes',NULL),(119,41,'Everardo McLaughlin Sr.',NULL),(120,41,'Rey Armstrong',NULL),(121,41,'Randy Gorczany',NULL),(122,41,'Demarcus Langworth',NULL),(123,42,'Mariane O\'Reilly',NULL),(124,42,'Erick Farrell DDS',NULL),(125,42,'Ernestina Bartoletti',NULL),(126,42,'Olga Feeney',NULL),(127,43,'Arch Ziemann',NULL),(128,44,'Velda Zieme',NULL),(129,44,'Lamont McClure',NULL),(130,45,'Mr. Jaylan Towne',NULL),(131,45,'Waylon Zulauf',NULL),(132,45,'Mrs. Ofelia Rutherford',NULL),(133,45,'Devyn Mohr',NULL),(134,45,'Alexys Harber',NULL),(135,46,'Ella Skiles',NULL),(136,46,'Dr. Jack Cartwright',NULL),(137,46,'Telly Bogisich',NULL),(138,47,'Garrison Mayer',NULL),(139,47,'Alek Pollich',NULL),(140,47,'Bret Swaniawski',NULL),(141,47,'Estella Casper',NULL),(142,48,'Pattie Goodwin',NULL),(143,48,'Marjorie Botsford',NULL),(144,48,'Tabitha Schoen',NULL),(145,48,'Rene Ratke',NULL),(146,48,'Annie McDermott',NULL),(147,49,'Ari Pouros',NULL),(148,50,'Deven Sporer',NULL),(149,51,'Marielle Eichmann',NULL),(150,52,'Lillian Tromp',NULL),(151,52,'Filomena Senger',NULL),(152,52,'Keanu Farrell',NULL),(153,52,'Dr. Troy Pouros',NULL),(154,52,'Jaylen Anderson',NULL),(155,53,'Amber Ebert',NULL),(156,53,'Kelton Haley',NULL),(157,53,'Keegan Kirlin',NULL),(158,53,'Eudora Wiza',NULL),(159,53,'Adrien Bernier',NULL),(160,54,'Gina Borer',NULL),(161,54,'Mandy Runte',NULL),(162,54,'Alysha Paucek',NULL),(163,54,'Marlene Langosh',NULL),(164,54,'Conrad Boyle',NULL),(165,55,'Levi Dicki',NULL),(166,56,'Garth Bergnaum',NULL),(167,57,'Eulalia Kuhn',NULL),(168,57,'Lesly Hessel',NULL),(169,57,'Filomena Abshire',NULL),(170,58,'Jamarcus Lueilwitz',NULL),(171,58,'Devon Bode',NULL),(172,59,'Thad Rath PhD',NULL),(173,59,'Joy Flatley II',NULL),(174,59,'Kacey Nikolaus',NULL),(175,60,'Vladimir Kshlerin',NULL),(176,61,'Paula Schroeder',NULL),(177,61,'Joana Kunze',NULL),(178,61,'Hilma Powlowski',NULL),(179,61,'Grayson Ward II',NULL),(180,62,'Richie Kovacek',NULL),(181,62,'Abigale Dach',NULL),(182,62,'Tremayne Kassulke',NULL),(183,63,'Monroe Nader',NULL),(184,63,'Dr. Idell Schoen',NULL),(185,64,'Lesly Greenfelder',NULL),(186,64,'Lucas Jast',NULL),(187,64,'Nash Hagenes',NULL),(188,64,'Letha Farrell',NULL),(189,65,'Ms. Vicenta Tromp',NULL),(190,65,'Dr. Bailey Toy',NULL),(191,65,'Colby Carter',NULL),(192,66,'Shany Konopelski',NULL),(193,66,'Karelle Smitham',NULL),(194,66,'Skye Olson',NULL),(195,66,'Mrs. Nola Spinka',NULL),(196,67,'Gordon Wunsch',NULL),(197,68,'Micaela Mraz',NULL),(198,68,'River Waelchi',NULL),(199,68,'Rosie Cummings',NULL),(200,68,'Houston Johnson',NULL),(201,69,'Nathan Cummings',NULL),(202,69,'Landen Abshire',NULL),(203,69,'Delpha Koepp',NULL),(204,69,'Johann Kertzmann',NULL),(205,69,'Eudora Raynor',NULL),(206,70,'Marilyne Hagenes',NULL),(207,70,'Karelle Cummings',NULL),(208,70,'Zack Ritchie PhD',NULL),(209,71,'Adan Schroeder',NULL),(210,72,'Earline Wolf',NULL),(211,72,'Daisy Skiles III',NULL),(212,72,'Willard Corkery DVM',NULL),(213,73,'Kamryn Kuhn',NULL),(214,73,'Rosendo Frami',NULL),(215,74,'Dr. Baylee Mertz',NULL),(216,75,'Bridget Rau',NULL),(217,75,'Ervin Dicki',NULL),(218,75,'Margaretta Hagenes',NULL),(219,76,'Dale Kirlin',NULL),(220,76,'Ethel Dibbert',NULL),(221,77,'Ms. Alexis Bartell',NULL),(222,78,'Macy Heidenreich',NULL),(223,79,'Era Pouros DVM',NULL),(224,79,'Kayla Rutherford',NULL),(225,79,'Wilford Deckow IV',NULL),(226,79,'Claud Crist',NULL),(227,80,'Enos Johnston',NULL),(228,80,'Carson Casper',NULL),(229,80,'Berenice Schaefer',NULL),(230,80,'Miss Vito Bednar',NULL),(231,80,'Saige Watsica',NULL),(232,81,'Julianne McKenzie Jr.',NULL),(233,81,'Madelyn Mertz',NULL),(234,81,'Miss Nicolas Prohaska',NULL),(235,81,'Harrison Bechtelar',NULL),(236,82,'Lauryn Dicki',NULL),(237,82,'Chandler Labadie',NULL),(238,83,'Jay Ryan',NULL),(239,84,'Destini Casper',NULL),(240,84,'Haley O\'Kon',NULL),(241,84,'Kathlyn Lesch',NULL),(242,84,'Laurie Botsford',NULL),(243,84,'Rosamond Ankunding',NULL),(244,85,'Charles Thompson',NULL),(245,85,'Wanda Ryan',NULL),(246,85,'Everardo Krajcik',NULL),(247,85,'Rosina Huel',NULL),(248,85,'Mrs. Ora King',NULL),(249,86,'Lane Lindgren',NULL),(250,86,'Yasmin Dibbert',NULL),(251,86,'Connor Armstrong MD',NULL),(252,86,'Savanna Swift',NULL),(253,87,'Freeda Wiegand',NULL),(254,87,'Tyrel Reilly',NULL),(255,87,'Fidel Morar',NULL),(256,88,'Aurelio Dooley',NULL),(257,88,'Emmanuelle Gottlieb',NULL),(258,88,'Miss Anne Collier',NULL),(259,89,'Nona Jaskolski',NULL),(260,89,'Willard Crona',NULL),(261,89,'Irwin O\'Reilly',NULL),(262,90,'Mr. Patsy Gerhold',NULL),(263,90,'Ulises Koss',NULL),(264,90,'Rosella Von',NULL),(265,90,'Bessie Auer',NULL),(266,90,'Trevor O\'Keefe',NULL),(267,91,'Maymie Feil Sr.',NULL),(268,91,'Viva Bergnaum',NULL),(269,92,'Ms. Erick Harvey',NULL),(270,92,'Orville Labadie Sr.',NULL),(271,92,'Lola Torphy',NULL),(272,93,'Edmond Christiansen',NULL),(273,93,'William Abbott',NULL),(274,93,'Laury Streich PhD',NULL),(275,93,'Mrs. Justyn Lakin',NULL),(276,94,'Mrs. Eliza Jaskolski',NULL),(277,94,'Ms. Sister Zboncak',NULL),(278,94,'Mattie DuBuque',NULL),(279,94,'Miss Jermaine Brekke',NULL),(280,94,'Javier Wehner I',NULL),(281,95,'Ms. Berneice Schumm',NULL),(282,95,'Mrs. Granville Dietrich',NULL),(283,95,'Alford Hirthe',NULL),(284,95,'Maximilian Goodwin',NULL),(285,95,'Nick Hodkiewicz V',NULL),(286,96,'Anthony Gerlach',NULL),(287,96,'Emanuel Heller',NULL),(288,96,'Cicero Kutch',NULL),(289,96,'Laura Jaskolski',NULL),(290,97,'Zola Trantow',NULL),(291,98,'Gerardo Pfannerstill IV',NULL),(292,98,'Madeline Yundt',NULL),(293,98,'Ciara Parisian',NULL),(294,98,'Mrs. Ignatius Bergstrom',NULL),(295,99,'Zackary Hoppe',NULL),(296,99,'Maximillian Jakubowski',NULL),(297,99,'Athena Schmeler',NULL),(298,99,'Barry Upton',NULL),(299,100,'Nickolas Cassin DDS',NULL),(300,100,'Maxwell Feest',NULL),(301,101,'Iva Blanda',NULL),(302,101,'Carlos Yundt III',NULL),(303,101,'Jaylin King',NULL),(304,102,'Miss Kelley Stark',NULL),(305,102,'Miss Marianne Ondricka',NULL),(306,103,'Allan Koelpin',NULL),(307,103,'Adrain Ratke',NULL),(308,103,'Miss Hudson Gleichner',NULL),(309,103,'Norene Rosenbaum',NULL),(310,104,'Claire Lindgren',NULL),(311,105,'Kaleigh Crona',NULL),(312,105,'Tristian Effertz Jr.',NULL),(313,105,'Casper Kuhlman',NULL),(314,106,'Lilyan Altenwerth',NULL),(315,106,'Tom Prosacco',NULL),(316,106,'Lera Waters',NULL),(317,106,'Dr. Tyrese Jerde',NULL),(318,106,'Miss Taylor Davis',NULL),(319,107,'Lisa Dickinson',NULL),(320,107,'Marge Schaden',NULL),(321,108,'Rusty Lindgren',NULL),(322,109,'Mrs. Kacey Armstrong',NULL),(323,109,'Amari Armstrong',NULL),(324,109,'Dolores Brakus III',NULL),(325,110,'Cory Dickens',NULL),(326,110,'Elta Pollich',NULL),(327,111,'Kaela Dach',NULL),(328,112,'Linnie Bogisich',NULL),(329,112,'Ladarius Lubowitz',NULL),(330,112,'Melissa VonRueden DVM',NULL),(331,112,'Connor Casper',NULL),(332,113,'Owen Lockman',NULL),(333,113,'Dillan Murphy',NULL),(334,114,'Mozell McClure',NULL),(335,114,'Joan Frami',NULL),(336,114,'Lulu Lind',NULL),(337,114,'Elijah Littel',NULL),(338,114,'Marilie Barrows IV',NULL),(339,115,'Dr. Elbert Hartmann',NULL),(340,115,'Samson Schoen PhD',NULL),(341,115,'Quentin Boyer',NULL),(342,116,'Arturo Kiehn',NULL),(343,116,'Rosalind Tremblay',NULL),(344,116,'Dayne Herzog II',NULL),(345,116,'Era Lang',NULL),(346,116,'Dana King',NULL),(347,117,'Emely Schmeler Jr.',NULL),(348,117,'Jeramy Pagac DDS',NULL),(349,117,'Hilton Predovic',NULL),(350,117,'Saige Tromp',NULL),(351,117,'Donald Jacobson',NULL),(352,118,'Rozella Dickens',NULL),(353,118,'Elvis Kilback',NULL),(354,119,'Davonte Swift',NULL),(355,119,'Deshaun Kemmer',NULL),(356,119,'Preston Kautzer DDS',NULL),(357,120,'Genesis Kovacek',NULL),(358,120,'Caleigh Moen',NULL),(359,120,'Cindy Doyle',NULL),(360,120,'Ulises Orn',NULL),(361,121,'Omer Kessler',NULL),(362,121,'Lonzo Ward Jr.',NULL),(363,121,'Anita Kohler',NULL),(364,121,'Hayley Hahn',NULL),(365,122,'Humberto Russel',NULL),(366,122,'Leonie Thiel',NULL),(367,122,'Buster Morissette',NULL),(368,122,'Jeremie Gleason III',NULL),(369,123,'Aileen Pouros III',NULL),(370,123,'Margie Brakus',NULL),(371,124,'Adelbert Quigley',NULL),(372,124,'Matilda Lockman',NULL),(373,124,'Abbey Block',NULL),(374,124,'Trevion Halvorson',NULL),(375,125,'Molly Armstrong V',NULL),(376,125,'Emmet Morissette',NULL),(377,125,'Laron Rolfson',NULL),(378,126,'Dr. Heather Mosciski',NULL),(379,126,'Berry Roberts I',NULL),(380,126,'Drake Keeling Sr.',NULL),(381,126,'Davonte Hirthe',NULL),(382,127,'Alisha Hills',NULL),(383,127,'Burnice Bins',NULL),(384,128,'Mr. Barney Ortiz',NULL),(385,128,'Lizeth Rempel',NULL),(386,128,'Dr. Thora Bahringer',NULL),(387,128,'Javier Friesen',NULL),(388,128,'Marta Klein',NULL),(389,129,'Miss Aurelie Bradtke',NULL),(390,129,'Bradford Schulist',NULL),(391,130,'Reilly Franecki',NULL),(392,130,'Shirley Murray',NULL),(393,130,'Mr. Amya Maggio',NULL),(394,130,'Antonina Schneider',NULL),(395,131,'Meta Orn DDS',NULL),(396,131,'Shany Price III',NULL),(397,131,'Claude Murphy',NULL),(398,132,'Jeanie Walsh',NULL),(399,133,'Serena Schuster Jr.',NULL),(400,133,'Hulda Predovic',NULL),(401,133,'Mrs. Madelyn Hayes',NULL),(402,133,'Ludie Kuvalis',NULL),(403,133,'Destiny McDermott MD',NULL),(404,134,'Emerson Bradtke',NULL),(405,134,'Daisha Upton',NULL),(406,135,'Tatyana Kovacek',NULL),(407,135,'Flavio Cummerata',NULL),(408,135,'Claire Swaniawski IV',NULL),(409,136,'Mr. Kendra Konopelski',NULL),(410,136,'Lolita Turcotte V',NULL),(411,137,'Gabriella Metz',NULL),(412,137,'Sherman Cassin',NULL),(413,137,'Taya Jacobs',NULL),(414,137,'Stephany Nader III',NULL),(415,137,'Javier Labadie I',NULL),(416,138,'Clark Sauer',NULL),(417,138,'Ciara Harris',NULL),(418,138,'Nat Trantow',NULL),(419,138,'Santa Dooley II',NULL),(420,139,'Dr. Cali Cronin',NULL),(421,139,'Ms. Andres Yundt',NULL),(422,139,'Edmond Botsford',NULL),(423,140,'Ms. Amina Turner',NULL),(424,141,'Miss Gabrielle Stokes',NULL),(425,142,'Vernie Davis',NULL),(426,142,'Delfina Hessel',NULL),(427,142,'Elody Blick',NULL),(428,142,'Ryann Luettgen',NULL),(429,142,'Shawna Bogan',NULL),(430,143,'Mr. Reese Homenick',NULL),(431,143,'Judson Upton',NULL),(432,143,'Lourdes Reilly',NULL),(433,143,'Terence Lang',NULL),(434,144,'Luella Dare',NULL),(435,145,'Tyson Smith',NULL),(436,146,'Ethan Farrell',NULL),(437,146,'Krystal Sipes',NULL),(438,147,'Sallie Macejkovic Jr.',NULL),(439,147,'Mariane Leuschke',NULL),(440,147,'Angus MacGyver',NULL),(441,147,'Willie Murray DVM',NULL),(442,147,'Trever Bogisich',NULL),(443,148,'Mazie Skiles',NULL),(444,148,'Gunnar Carter',NULL),(445,148,'Polly Walker DDS',NULL),(446,148,'Brandon Schmeler',NULL),(447,149,'Susanna Vandervort',NULL),(448,149,'Nicolette Murazik',NULL),(449,149,'Green Dickinson',NULL),(450,149,'Ms. Roslyn White',NULL),(451,150,'Billy Schiller',NULL),(452,150,'Gussie Harris',NULL),(453,150,'Mrs. Delores Cruickshank',NULL),(454,150,'Ms. Louie Romaguera',NULL),(455,151,'Dustin Dietrich',NULL),(456,151,'Chandler Moore',NULL),(457,151,'Jude O\'Hara',NULL),(458,151,'Vladimir Keeling DDS',NULL),(459,151,'Litzy Johnston',NULL),(460,152,'Spencer Crist',NULL),(461,152,'Dr. Christelle Durgan',NULL),(462,152,'Carol Feest',NULL),(463,152,'Milo Welch',NULL),(464,152,'Mafalda Hermann MD',NULL),(465,153,'Miss Jeramie Christiansen',NULL),(466,153,'Frank Goodwin',NULL),(467,153,'Kaleigh Beer DVM',NULL),(468,154,'Horacio Nikolaus',NULL),(469,154,'Lionel Bahringer',NULL),(470,154,'Mellie Welch',NULL),(471,155,'Herman Schneider',NULL),(472,155,'Silas Huels',NULL),(473,155,'Glennie Lueilwitz',NULL),(474,155,'Dorcas Nader',NULL),(475,155,'Marcelina Ryan',NULL),(476,156,'Hayden Mann',NULL),(477,156,'Chadd Aufderhar',NULL),(478,156,'Jorge Pagac MD',NULL),(479,157,'Mr. Bertrand Wisozk',NULL),(480,157,'Miss Trace Klocko',NULL),(481,157,'Grady Kunde PhD',NULL),(482,158,'Alexa Hackett',NULL),(483,158,'Dora Hane',NULL),(484,158,'Kennith Nienow V',NULL),(485,158,'Zella Koch',NULL),(486,158,'Cristobal Powlowski Jr.',NULL),(487,159,'Sigrid Price',NULL),(488,159,'Dora Cassin V',NULL),(489,160,'Dr. Lafayette Will',NULL),(490,161,'Dianna Dibbert',NULL),(491,161,'Myrtle Hartmann',NULL),(492,162,'Hans Schiller',NULL),(493,162,'Robyn Smitham Sr.',NULL),(494,162,'Durward Conroy',NULL),(495,162,'Mrs. Hettie Lemke',NULL);
/*!40000 ALTER TABLE `accessories` ENABLE KEYS */;
UNLOCK TABLES;

--
-- Table structure for table `accessories_inventory_pools`
--

DROP TABLE IF EXISTS `accessories_inventory_pools`;
/*!40101 SET @saved_cs_client     = @@character_set_client */;
/*!40101 SET character_set_client = utf8 */;
CREATE TABLE `accessories_inventory_pools` (
  `accessory_id` int(11) DEFAULT NULL,
  `inventory_pool_id` int(11) DEFAULT NULL,
  UNIQUE KEY `index_accessories_inventory_pools` (`accessory_id`,`inventory_pool_id`),
  KEY `index_accessories_inventory_pools_on_inventory_pool_id` (`inventory_pool_id`)
) ENGINE=InnoDB DEFAULT CHARSET=utf8 COLLATE=utf8_unicode_ci;
/*!40101 SET character_set_client = @saved_cs_client */;

--
-- Dumping data for table `accessories_inventory_pools`
--

LOCK TABLES `accessories_inventory_pools` WRITE;
/*!40000 ALTER TABLE `accessories_inventory_pools` DISABLE KEYS */;
INSERT INTO `accessories_inventory_pools` VALUES (1,1),(2,1),(3,1),(4,1),(6,1),(8,1),(9,1),(10,1),(11,1),(14,1),(16,1),(24,1),(27,1),(28,1),(29,1),(36,1),(38,1),(39,1),(40,1),(44,1),(48,1),(49,1),(51,1),(53,1),(54,1),(55,1),(56,1),(58,1),(60,1),(65,1),(67,1),(69,1),(70,1),(72,1),(76,1),(77,1),(79,1),(80,1),(81,1),(83,1),(84,1),(85,1),(86,1),(88,1),(89,1),(90,1),(93,1),(94,1),(95,1),(97,1),(98,1),(99,1),(100,1),(102,1),(104,1),(105,1),(109,1),(110,1),(111,1),(113,1),(115,1),(118,1),(123,1),(124,1),(126,1),(128,1),(129,1),(130,1),(131,1),(136,1),(137,1),(139,1),(141,1),(144,1),(145,1),(147,1),(150,1),(154,1),(159,1),(160,1),(162,1),(167,1),(170,1),(171,1),(172,1),(173,1),(176,1),(177,1),(180,1),(182,1),(185,1),(186,1),(187,1),(189,1),(192,1),(194,1),(196,1),(197,1),(200,1),(201,1),(204,1),(205,1),(206,1),(208,1),(212,1),(213,1),(215,1),(218,1),(220,1),(221,1),(222,1),(223,1),(225,1),(228,1),(229,1),(231,1),(235,1),(239,1),(241,1),(242,1),(245,1),(247,1),(249,1),(250,1),(251,1),(253,1),(254,1),(259,1),(260,1),(262,1),(263,1),(264,1),(265,1),(266,1),(267,1),(270,1),(273,1),(275,1),(276,1),(278,1),(280,1),(281,1),(285,1),(286,1),(287,1),(290,1),(291,1),(293,1),(295,1),(296,1),(298,1),(299,1),(300,1),(305,1),(308,1),(309,1),(311,1),(312,1),(314,1),(315,1),(317,1),(318,1),(320,1),(325,1),(327,1),(333,1),(335,1),(337,1),(342,1),(344,1),(345,1),(346,1),(348,1),(349,1),(350,1),(351,1),(352,1),(354,1),(355,1),(356,1),(357,1),(359,1),(360,1),(363,1),(364,1),(365,1),(366,1),(372,1),(374,1),(375,1),(376,1),(377,1),(378,1),(379,1),(381,1),(382,1),(383,1),(384,1),(385,1),(386,1),(387,1),(388,1),(389,1),(390,1),(391,1),(393,1),(395,1),(397,1),(398,1),(399,1),(403,1),(407,1),(412,1),(419,1),(421,1),(423,1),(425,1),(428,1),(432,1),(433,1),(435,1),(437,1),(438,1),(439,1),(440,1),(441,1),(446,1),(450,1),(451,1),(452,1),(453,1),(457,1),(458,1),(461,1),(462,1),(464,1),(467,1),(468,1),(469,1),(475,1),(477,1),(478,1),(480,1),(481,1),(482,1),(485,1),(486,1),(487,1),(488,1),(490,1),(491,1),(492,1),(493,1);
/*!40000 ALTER TABLE `accessories_inventory_pools` ENABLE KEYS */;
UNLOCK TABLES;

--
-- Table structure for table `addresses`
--

DROP TABLE IF EXISTS `addresses`;
/*!40101 SET @saved_cs_client     = @@character_set_client */;
/*!40101 SET character_set_client = utf8 */;
CREATE TABLE `addresses` (
  `id` int(11) NOT NULL AUTO_INCREMENT,
  `street` varchar(255) COLLATE utf8_unicode_ci DEFAULT NULL,
  `zip_code` varchar(255) COLLATE utf8_unicode_ci DEFAULT NULL,
  `city` varchar(255) COLLATE utf8_unicode_ci DEFAULT NULL,
  `country_code` varchar(255) COLLATE utf8_unicode_ci DEFAULT NULL,
  `latitude` float DEFAULT NULL,
  `longitude` float DEFAULT NULL,
  PRIMARY KEY (`id`),
  UNIQUE KEY `index_addresses_on_street_and_zip_code_and_city_and_country_code` (`street`,`zip_code`,`city`,`country_code`)
) ENGINE=InnoDB DEFAULT CHARSET=utf8 COLLATE=utf8_unicode_ci;
/*!40101 SET character_set_client = @saved_cs_client */;

--
-- Dumping data for table `addresses`
--

LOCK TABLES `addresses` WRITE;
/*!40000 ALTER TABLE `addresses` DISABLE KEYS */;
/*!40000 ALTER TABLE `addresses` ENABLE KEYS */;
UNLOCK TABLES;

--
-- Table structure for table `attachments`
--

DROP TABLE IF EXISTS `attachments`;
/*!40101 SET @saved_cs_client     = @@character_set_client */;
/*!40101 SET character_set_client = utf8 */;
CREATE TABLE `attachments` (
  `id` int(11) NOT NULL AUTO_INCREMENT,
  `model_id` int(11) DEFAULT NULL,
  `is_main` tinyint(1) DEFAULT '0',
  `content_type` varchar(255) COLLATE utf8_unicode_ci DEFAULT NULL,
  `filename` varchar(255) COLLATE utf8_unicode_ci DEFAULT NULL,
  `size` int(11) DEFAULT NULL,
  PRIMARY KEY (`id`),
  KEY `index_attachments_on_model_id` (`model_id`)
) ENGINE=InnoDB AUTO_INCREMENT=6 DEFAULT CHARSET=utf8 COLLATE=utf8_unicode_ci;
/*!40101 SET character_set_client = @saved_cs_client */;

--
-- Dumping data for table `attachments`
--

LOCK TABLES `attachments` WRITE;
/*!40000 ALTER TABLE `attachments` DISABLE KEYS */;
INSERT INTO `attachments` VALUES (1,149,0,'image/jpeg','et',NULL),(2,150,0,'image/jpeg','corrupti',NULL),(3,159,0,'image/jpeg','reprehenderit',NULL),(4,160,0,'image/jpeg','quia',NULL),(5,160,0,'image/jpeg','velit',NULL);
/*!40000 ALTER TABLE `attachments` ENABLE KEYS */;
UNLOCK TABLES;

--
-- Table structure for table `authentication_systems`
--

DROP TABLE IF EXISTS `authentication_systems`;
/*!40101 SET @saved_cs_client     = @@character_set_client */;
/*!40101 SET character_set_client = utf8 */;
CREATE TABLE `authentication_systems` (
  `id` int(11) NOT NULL AUTO_INCREMENT,
  `name` varchar(255) COLLATE utf8_unicode_ci DEFAULT NULL,
  `class_name` varchar(255) COLLATE utf8_unicode_ci DEFAULT NULL,
  `is_default` tinyint(1) DEFAULT '0',
  `is_active` tinyint(1) DEFAULT '0',
  PRIMARY KEY (`id`)
) ENGINE=InnoDB AUTO_INCREMENT=7 DEFAULT CHARSET=utf8 COLLATE=utf8_unicode_ci;
/*!40101 SET character_set_client = @saved_cs_client */;

--
-- Dumping data for table `authentication_systems`
--

LOCK TABLES `authentication_systems` WRITE;
/*!40000 ALTER TABLE `authentication_systems` DISABLE KEYS */;
INSERT INTO `authentication_systems` VALUES (1,'Database Authentication','DatabaseAuthentication',1,1),(2,'LDAP Authentication','LdapAuthentication',0,0),(3,'ZHDK Authentication','Zhdk',0,0),(4,'Database Authentication','DatabaseAuthentication',1,1),(5,'LDAP Authentication','LdapAuthentication',0,0),(6,'ZHDK Authentication','Zhdk',0,0);
/*!40000 ALTER TABLE `authentication_systems` ENABLE KEYS */;
UNLOCK TABLES;

--
-- Table structure for table `buildings`
--

DROP TABLE IF EXISTS `buildings`;
/*!40101 SET @saved_cs_client     = @@character_set_client */;
/*!40101 SET character_set_client = utf8 */;
CREATE TABLE `buildings` (
  `id` int(11) NOT NULL AUTO_INCREMENT,
  `name` varchar(255) COLLATE utf8_unicode_ci DEFAULT NULL,
  `code` varchar(255) COLLATE utf8_unicode_ci DEFAULT NULL,
  PRIMARY KEY (`id`)
) ENGINE=InnoDB AUTO_INCREMENT=187 DEFAULT CHARSET=utf8 COLLATE=utf8_unicode_ci;
/*!40101 SET character_set_client = @saved_cs_client */;

--
-- Dumping data for table `buildings`
--

LOCK TABLES `buildings` WRITE;
/*!40000 ALTER TABLE `buildings` DISABLE KEYS */;
INSERT INTO `buildings` VALUES (1,'Great Pyramid of Giza','ZZZ'),(2,'Eaabcorporis','ill'),(3,'Repudiandaeasperioresfugit','utq'),(4,'Quiaspernaturmolestiae','ips'),(5,'Quaeinarchitecto','aut'),(6,'Inciduntenimquae','eos'),(7,'Asperioresautoccaecati','idm'),(8,'Officiisexfugit','sed'),(9,'Autsedconsequuntur','con'),(10,'Atemporaquia','ven'),(11,'Sitpraesentiumid','max'),(12,'Teneturdelectusquod','abv'),(13,'Inciduntculpaquibusdam','etm'),(14,'Dignissimosdeseruntesse','iur'),(15,'Quoetexcepturi','vol'),(16,'Corruptiminussaepe','ins'),(17,'Consequaturnatusrepudiandae','hic'),(18,'Necessitatibusconsecteturvoluptatum','vel'),(19,'Atquedebitispraesentium','del'),(20,'Atducimusautem','exc'),(21,'Sunteavelit','sim'),(22,'Autdistinctioofficiis','nos'),(23,'Quiaminimavoluptatem','dol'),(24,'Omnisetut','qui'),(25,'Doloremquiatenetur','und'),(26,'Distinctioquiarerum','per'),(27,'Iureavelit','rer'),(28,'Temporaistenisi','rep'),(29,'Enimundevoluptas','inc'),(30,'Eosrationecommodi','iur'),(31,'Autdictaeum','non'),(32,'Velitnumquamnisi','mol'),(33,'Eumsaepealias','sed'),(34,'Inventorequivoluptas','con'),(35,'Voluptatemautemvel','eiu'),(36,'Quasidoloremincidunt','qui'),(37,'Estquibusdamearum','asp'),(38,'Voluptatemquidemcommodi','cul'),(39,'Ducimusquosipsum','qui'),(40,'Nihileligendidolore','nih'),(41,'Nonsedamet','dol'),(42,'Atqueomnisporro','qui'),(43,'Repellatetconsequatur','con'),(44,'Ausstellungsstrasse 60','AU60'),(45,'Ausstellungsstrasse 60','AU60'),(46,'Velitnesciunterror','com'),(47,'Nobisnondeserunt','mol'),(48,'Eaveronobis','sin'),(49,'Animienimlibero','eti'),(50,'Molestiashiceum','est'),(51,'Facilisharumaut','vol'),(52,'Errormodiofficiis','pos'),(53,'Fugiatvoluptasdolorem','har'),(54,'Eteosnon','est'),(55,'Consequaturdoloremquidem','dol'),(56,'Ipsumdolortemporibus','quo'),(57,'Maioresveltempore','etn'),(58,'Recusandaeaspernaturaut','sit'),(59,'Velhicodio','ind'),(60,'Ducimussuscipitfuga','qui'),(61,'Solutaveritatiseaque','qui'),(62,'Omnisconsecteturdeleniti','har'),(63,'Hicsuscipitrerum','qui'),(64,'Minusdebitisvoluptates','est'),(65,'Eaqueeoset','acc'),(66,'Beataeassumendaqui','idn'),(67,'Dolorumsequimaxime','ear'),(68,'Oditaperiamnihil','ame'),(69,'Inventorenemoaccusantium','nec'),(70,'Expeditavoluptatumomnis','vel'),(71,'Distinctioautquod','qui'),(72,'Voluptasconsequaturut','vel'),(73,'Veniamsequia','dol'),(74,'Voluptatibusautmollitia','nob'),(75,'Voluptasquoaliquam','etq'),(76,'Autanimiaut','ver'),(77,'Ipsammaioresdolor','vel'),(78,'Utimpeditvoluptas','dol'),(79,'Etsuntvoluptas','mag'),(80,'Providentipsamporro','qua'),(81,'Ullamdoloresquibusdam','ali'),(82,'Eiusinventorefugit','tem'),(83,'Suscipitaccusamussed','qui'),(84,'Temporenihilcommodi','rer'),(85,'Assumendaetamet','etm'),(86,'Utvoluptatemrepellat','inv'),(87,'Atdictanostrum','imp'),(88,'Molestiaeanimisapiente','qui'),(89,'Etomnismagni','rer'),(90,'Autsednihil','sit'),(91,'Etdoloresatque','acc'),(92,'Etconsequaturquia','quo'),(93,'Autemaliquamqui','har'),(94,'Molestiasquaeratalias','ass'),(95,'Dolorequifacilis','non'),(96,'Quipossimusvero','sun'),(97,'Praesentiumvelitnulla','dig'),(98,'Quiavelitlaudantium','aut'),(99,'Maioressitveniam','ape'),(100,'Voluptatemoptioquia','imp'),(101,'Providentmolestiaenon','vol'),(102,'Beataenihilquod','est'),(103,'Autdolormagni','aut'),(104,'Temporibusabautem','rep'),(105,'Voluptasiureaut','qui'),(106,'Fugiatveroet','por'),(107,'Atquemolestiaerepellendus','per'),(108,'Quasdoloret','etu'),(109,'Laudantiumetesse','vel'),(110,'Inciduntadipiscivitae','sae'),(111,'Utevenietaut','neq'),(112,'Nesciuntadipiscinemo','sit'),(113,'Earumconsequunturut','eve'),(114,'Iddoloremquefugit','inc'),(115,'Architectonostrumvel','sun'),(116,'Esseundeeum','sin'),(117,'Itaquesedquod','occ'),(118,'Great Pyramid of Giza','ZZZ'),(119,'Nihilautsuscipit','opt'),(120,'Inciduntomniscommodi','ati'),(121,'Nisiquiseveniet','vol'),(122,'Explicaboeanihil','eti'),(123,'Etquodfuga','vol'),(124,'Quooptioquia','vol'),(125,'Assumendaadipiscivelit','sus'),(126,'Ducimusnatusenim','non'),(127,'Pariaturverolaudantium','aut'),(128,'Hicquiasperiores','non'),(129,'Modiconsequunturquod','adi'),(130,'Nemoerrorquia','arc'),(131,'Voluptatemtemporaassumenda','nih'),(132,'Molestiasetvel','ine'),(133,'Laborumautharum','qua'),(134,'Sintatquevoluptatum','sit'),(135,'Quaeratminusdicta','aut'),(136,'Harumsitnesciunt','dol'),(137,'Aliquidrepudiandaesunt','qui'),(138,'Eiusestdistinctio','ull'),(139,'Voluptasquisdistinctio','lau'),(140,'Voluptatumnulladebitis','del'),(141,'Maioresdoloresmolestiae','ide'),(142,'Utauttempora','ull'),(143,'Adipisciquiaqui','con'),(144,'Molestiaequaequis','sed'),(145,'Pariaturquolaborum','rep'),(146,'Quoestea','etu'),(147,'Voluptasdolorsunt','lib'),(148,'Voluptasomniseum','qui'),(149,'Nihilperspiciatisqui','ear'),(150,'Rerumcorporissunt','adi'),(151,'Consequaturvoluptatearchitecto','sae'),(152,'Aliquidsedest','quo'),(153,'Evenietrepudiandaevoluptatibus','ess'),(154,'Repudiandaenecessitatibusqui','nes'),(155,'Autvoluptatemnihil','ull'),(156,'Nisiutquo','nos'),(157,'Quosmaximedolor','eti'),(158,'Voluptatevitaeporro','utd'),(159,'Voluptatemmaioresvelit','rep'),(160,'Blanditiisasperioresnecessitatibus','eum'),(161,'Placeatlaboriosamfacere','qua'),(162,'Voluptatemvoluptatesequi','utc'),(163,'Quasquamut','vol'),(164,'Dictadignissimoset','ali'),(165,'Delectusquodnemo','ist'),(166,'Consequaturrecusandaeblanditiis','ete'),(167,'Dolorrationequia','rep'),(168,'Rerumomnismollitia','dis'),(169,'Etatquefugit','con'),(170,'Sequioditpraesentium','dis'),(171,'Etessereprehenderit','asp'),(172,'Hiccumaliquid','nul'),(173,'Sintquolibero','lab'),(174,'Advoluptatibuscumque','quo'),(175,'Etquiet','mag'),(176,'Voluptasenimmolestiae','mol'),(177,'Eaqueminimacum','lab'),(178,'Temporeeumlaudantium','ten'),(179,'Consequaturvoluptatemin','eum'),(180,'Voluptasvoluptateautem','ips'),(181,'Beataeeumplaceat','qui'),(182,'Estdoloremquevoluptate','nih'),(183,'Estconsecteturomnis','ita'),(184,'Doloremillosit','eos'),(185,'Eosnonqui','opt'),(186,'Vitaedebitisfugiat','ass');
/*!40000 ALTER TABLE `buildings` ENABLE KEYS */;
UNLOCK TABLES;

--
-- Table structure for table `contract_lines`
--

DROP TABLE IF EXISTS `contract_lines`;
/*!40101 SET @saved_cs_client     = @@character_set_client */;
/*!40101 SET character_set_client = utf8 */;
CREATE TABLE `contract_lines` (
  `id` int(11) NOT NULL AUTO_INCREMENT,
  `contract_id` int(11) DEFAULT NULL,
  `type` varchar(255) COLLATE utf8_unicode_ci NOT NULL DEFAULT 'ItemLine',
  `item_id` int(11) DEFAULT NULL,
  `model_id` int(11) DEFAULT NULL,
  `quantity` int(11) DEFAULT '1',
  `start_date` date DEFAULT NULL,
  `end_date` date DEFAULT NULL,
  `returned_date` date DEFAULT NULL,
  `option_id` int(11) DEFAULT NULL,
  `purpose_id` int(11) DEFAULT NULL,
  `returned_to_user_id` int(11) DEFAULT NULL,
  `created_at` datetime DEFAULT NULL,
  `updated_at` datetime DEFAULT NULL,
  PRIMARY KEY (`id`),
  KEY `index_contract_lines_on_start_date` (`start_date`),
  KEY `index_contract_lines_on_end_date` (`end_date`),
  KEY `index_contract_lines_on_option_id` (`option_id`),
  KEY `index_contract_lines_on_contract_id` (`contract_id`),
  KEY `index_contract_lines_on_item_id` (`item_id`),
  KEY `index_contract_lines_on_model_id` (`model_id`),
  KEY `index_contract_lines_on_returned_date_and_contract_id` (`returned_date`,`contract_id`),
  KEY `index_contract_lines_on_type_and_contract_id` (`type`,`contract_id`)
) ENGINE=InnoDB AUTO_INCREMENT=166 DEFAULT CHARSET=utf8 COLLATE=utf8_unicode_ci;
/*!40101 SET character_set_client = @saved_cs_client */;

--
-- Dumping data for table `contract_lines`
--

LOCK TABLES `contract_lines` WRITE;
/*!40000 ALTER TABLE `contract_lines` DISABLE KEYS */;
INSERT INTO `contract_lines` VALUES (1,1,'ItemLine',NULL,1,1,'2013-08-22','2013-08-22',NULL,NULL,NULL,NULL,'2013-08-21 22:15:31','2013-08-21 22:15:31'),(2,1,'ItemLine',NULL,5,1,'2013-08-22','2013-08-22',NULL,NULL,NULL,NULL,'2013-08-21 22:15:31','2013-08-21 22:15:31'),(3,1,'ItemLine',NULL,9,1,'2013-08-22','2013-08-22',NULL,NULL,NULL,NULL,'2013-08-21 22:15:31','2013-08-21 22:15:31'),(4,1,'ItemLine',NULL,13,1,'2013-08-22','2013-08-22',NULL,NULL,NULL,NULL,'2013-08-21 22:15:31','2013-08-21 22:15:31'),(5,1,'ItemLine',NULL,17,1,'2013-08-22','2013-08-22',NULL,NULL,NULL,NULL,'2013-08-21 22:15:31','2013-08-21 22:15:31'),(6,2,'ItemLine',NULL,21,1,'2013-08-22','2013-08-22',NULL,NULL,1,NULL,'2013-08-21 22:15:31','2013-08-21 22:15:31'),(7,2,'ItemLine',NULL,25,1,'2013-08-22','2013-08-22',NULL,NULL,1,NULL,'2013-08-21 22:15:31','2013-08-21 22:15:31'),(8,2,'ItemLine',NULL,29,1,'2013-08-22','2013-08-22',NULL,NULL,1,NULL,'2013-08-21 22:15:31','2013-08-21 22:15:31'),(9,3,'ItemLine',NULL,33,1,'2013-08-22','2013-08-22','2013-08-22',NULL,2,1,'2013-08-21 22:15:31','2013-08-21 22:15:31'),(10,3,'ItemLine',NULL,37,1,'2013-08-22','2013-08-22','2013-08-22',NULL,2,1,'2013-08-21 22:15:31','2013-08-21 22:15:31'),(11,3,'ItemLine',NULL,41,1,'2013-08-22','2013-08-22','2013-08-22',NULL,2,1,'2013-08-21 22:15:31','2013-08-21 22:15:31'),(12,3,'ItemLine',NULL,45,1,'2013-08-22','2013-08-22','2013-08-22',NULL,2,1,'2013-08-21 22:15:31','2013-08-21 22:15:31'),(13,3,'ItemLine',NULL,49,1,'2013-08-22','2013-08-22','2013-08-22',NULL,2,1,'2013-08-21 22:15:31','2013-08-21 22:15:31'),(14,3,'ItemLine',NULL,53,1,'2013-08-22','2013-08-22','2013-08-22',NULL,2,1,'2013-08-21 22:15:31','2013-08-21 22:15:31'),(15,4,'ItemLine',NULL,163,1,'2013-08-16','2013-08-16',NULL,NULL,3,NULL,'2013-08-16 09:23:33','2013-08-16 09:23:33'),(16,4,'ItemLine',NULL,164,1,'2013-08-16','2013-08-16',NULL,NULL,3,NULL,'2013-08-16 09:23:33','2013-08-16 09:23:33'),(17,4,'ItemLine',NULL,165,1,'2013-08-16','2013-08-16',NULL,NULL,3,NULL,'2013-08-16 09:23:33','2013-08-16 09:23:33'),(18,4,'ItemLine',NULL,166,1,'2013-08-16','2013-08-16',NULL,NULL,3,NULL,'2013-08-16 09:23:33','2013-08-16 09:23:33'),(19,5,'ItemLine',NULL,170,1,'2013-08-16','2013-08-16',NULL,NULL,4,NULL,'2013-08-16 09:23:33','2013-08-16 09:23:33'),(20,5,'ItemLine',NULL,171,1,'2013-08-16','2013-08-16',NULL,NULL,4,NULL,'2013-08-16 09:23:33','2013-08-16 09:23:33'),(21,5,'ItemLine',NULL,172,1,'2013-08-16','2013-08-16',NULL,NULL,4,NULL,'2013-08-16 09:23:33','2013-08-16 09:23:33'),(22,5,'ItemLine',NULL,173,1,'2013-08-16','2013-08-16',NULL,NULL,4,NULL,'2013-08-16 09:23:33','2013-08-16 09:23:33'),(23,5,'ItemLine',NULL,174,1,'2013-08-16','2013-08-16',NULL,NULL,4,NULL,'2013-08-16 09:23:33','2013-08-16 09:23:33'),(24,6,'ItemLine',NULL,178,1,'2013-08-16','2013-08-16',NULL,NULL,5,NULL,'2013-08-16 09:23:33','2013-08-16 09:23:33'),(25,6,'ItemLine',NULL,179,1,'2013-08-16','2013-08-16',NULL,NULL,5,NULL,'2013-08-16 09:23:33','2013-08-16 09:23:33'),(26,6,'ItemLine',NULL,180,1,'2013-08-16','2013-08-16',NULL,NULL,5,NULL,'2013-08-16 09:23:33','2013-08-16 09:23:33'),(27,6,'ItemLine',NULL,181,1,'2013-08-16','2013-08-16',NULL,NULL,5,NULL,'2013-08-16 09:23:33','2013-08-16 09:23:33'),(28,6,'ItemLine',NULL,182,1,'2013-08-16','2013-08-16',NULL,NULL,5,NULL,'2013-08-16 09:23:33','2013-08-16 09:23:33'),(29,7,'ItemLine',NULL,186,1,'2013-08-21','2013-08-21',NULL,NULL,6,NULL,'2013-08-20 23:29:35','2013-08-20 23:29:35'),(30,7,'ItemLine',NULL,187,1,'2013-08-21','2013-08-21',NULL,NULL,6,NULL,'2013-08-20 23:29:35','2013-08-20 23:29:35'),(31,7,'ItemLine',NULL,188,1,'2013-08-21','2013-08-21',NULL,NULL,6,NULL,'2013-08-20 23:29:35','2013-08-20 23:29:35'),(32,7,'ItemLine',NULL,189,1,'2013-08-21','2013-08-21',NULL,NULL,6,NULL,'2013-08-20 23:29:35','2013-08-20 23:29:35'),(33,7,'ItemLine',NULL,190,1,'2013-08-21','2013-08-21',NULL,NULL,6,NULL,'2013-08-20 23:29:35','2013-08-20 23:29:35'),(34,8,'ItemLine',NULL,191,1,'2013-08-15','2013-08-15',NULL,NULL,7,NULL,'2013-08-15 16:20:43','2013-08-15 16:20:43'),(35,8,'ItemLine',NULL,192,1,'2013-08-15','2013-08-15',NULL,NULL,7,NULL,'2013-08-15 16:20:43','2013-08-15 16:20:43'),(36,8,'ItemLine',NULL,193,1,'2013-08-15','2013-08-15',NULL,NULL,7,NULL,'2013-08-15 16:20:44','2013-08-15 16:20:44'),(37,8,'ItemLine',NULL,194,1,'2013-08-15','2013-08-15',NULL,NULL,7,NULL,'2013-08-15 16:20:44','2013-08-15 16:20:44'),(38,8,'ItemLine',NULL,194,1,'2013-08-15','2013-08-15',NULL,NULL,7,NULL,'2013-08-15 16:20:44','2013-08-15 16:20:44'),(39,9,'ItemLine',NULL,198,1,'2013-08-22','2013-08-22',NULL,NULL,8,NULL,'2013-08-21 22:15:31','2013-08-21 22:15:31'),(40,9,'ItemLine',NULL,199,1,'2013-08-22','2013-08-22',NULL,NULL,8,NULL,'2013-08-21 22:15:31','2013-08-21 22:15:31'),(41,9,'ItemLine',NULL,200,1,'2013-08-22','2013-08-22',NULL,NULL,8,NULL,'2013-08-21 22:15:31','2013-08-21 22:15:31'),(42,9,'ItemLine',NULL,201,1,'2013-08-22','2013-08-22',NULL,NULL,8,NULL,'2013-08-21 22:15:31','2013-08-21 22:15:31'),(43,10,'ItemLine',NULL,205,1,'2013-08-22','2013-08-22',NULL,NULL,9,NULL,'2013-08-21 22:15:31','2013-08-21 22:15:31'),(44,10,'ItemLine',NULL,206,1,'2013-08-22','2013-08-22',NULL,NULL,9,NULL,'2013-08-21 22:15:31','2013-08-21 22:15:31'),(45,10,'ItemLine',NULL,207,1,'2013-08-22','2013-08-22',NULL,NULL,9,NULL,'2013-08-21 22:15:31','2013-08-21 22:15:31'),(46,10,'ItemLine',NULL,208,1,'2013-08-22','2013-08-22',NULL,NULL,9,NULL,'2013-08-21 22:15:31','2013-08-21 22:15:31'),(47,11,'ItemLine',NULL,209,1,'2013-08-22','2013-08-22',NULL,NULL,10,NULL,'2013-08-21 22:15:31','2013-08-21 22:15:31'),(48,11,'ItemLine',NULL,210,1,'2013-08-22','2013-08-22',NULL,NULL,10,NULL,'2013-08-21 22:15:31','2013-08-21 22:15:31'),(49,11,'ItemLine',NULL,211,1,'2013-08-22','2013-08-22',NULL,NULL,10,NULL,'2013-08-21 22:15:31','2013-08-21 22:15:31'),(50,12,'ItemLine',NULL,212,1,'2013-08-22','2013-08-22',NULL,NULL,11,NULL,'2013-08-21 22:15:31','2013-08-21 22:15:31'),(51,12,'ItemLine',NULL,213,1,'2013-08-22','2013-08-22',NULL,NULL,11,NULL,'2013-08-21 22:15:31','2013-08-21 22:15:31'),(52,12,'ItemLine',NULL,214,1,'2013-08-22','2013-08-22',NULL,NULL,11,NULL,'2013-08-21 22:15:31','2013-08-21 22:15:31'),(53,12,'ItemLine',NULL,215,1,'2013-08-22','2013-08-22',NULL,NULL,11,NULL,'2013-08-21 22:15:31','2013-08-21 22:15:31'),(54,13,'ItemLine',25,33,1,'2013-08-22','2013-08-22',NULL,NULL,12,NULL,'2013-08-21 22:15:31','2013-08-21 22:15:31'),(55,13,'ItemLine',26,33,1,'2013-08-22','2013-08-22',NULL,NULL,12,NULL,'2013-08-21 22:15:31','2013-08-21 22:15:31'),(56,13,'ItemLine',27,33,1,'2013-08-22','2013-08-22',NULL,NULL,12,NULL,'2013-08-21 22:15:31','2013-08-21 22:15:31'),(57,13,'ItemLine',28,37,1,'2013-08-22','2013-08-22',NULL,NULL,12,NULL,'2013-08-21 22:15:31','2013-08-21 22:15:31'),(58,13,'ItemLine',29,37,1,'2013-08-22','2013-08-22',NULL,NULL,12,NULL,'2013-08-21 22:15:31','2013-08-21 22:15:31'),(59,13,'ItemLine',30,37,1,'2013-08-22','2013-08-22',NULL,NULL,12,NULL,'2013-08-21 22:15:31','2013-08-21 22:15:31'),(60,13,'ItemLine',31,41,1,'2013-08-22','2013-08-22',NULL,NULL,12,NULL,'2013-08-21 22:15:31','2013-08-21 22:15:31'),(61,13,'ItemLine',32,41,1,'2013-08-22','2013-08-22',NULL,NULL,12,NULL,'2013-08-21 22:15:31','2013-08-21 22:15:31'),(62,13,'ItemLine',33,41,1,'2013-08-22','2013-08-22',NULL,NULL,12,NULL,'2013-08-21 22:15:31','2013-08-21 22:15:31'),(63,13,'ItemLine',34,45,1,'2013-08-22','2013-08-22',NULL,NULL,12,NULL,'2013-08-21 22:15:31','2013-08-21 22:15:31'),(64,13,'ItemLine',35,45,1,'2013-08-22','2013-08-22',NULL,NULL,12,NULL,'2013-08-21 22:15:31','2013-08-21 22:15:31'),(65,13,'ItemLine',36,45,1,'2013-08-22','2013-08-22',NULL,NULL,12,NULL,'2013-08-21 22:15:31','2013-08-21 22:15:31'),(66,13,'ItemLine',37,49,1,'2013-08-22','2013-08-22',NULL,NULL,12,NULL,'2013-08-21 22:15:31','2013-08-21 22:15:31'),(67,13,'ItemLine',38,49,1,'2013-08-22','2013-08-22',NULL,NULL,12,NULL,'2013-08-21 22:15:31','2013-08-21 22:15:31'),(68,13,'ItemLine',39,49,1,'2013-08-22','2013-08-22',NULL,NULL,12,NULL,'2013-08-21 22:15:31','2013-08-21 22:15:31'),(69,13,'ItemLine',40,53,1,'2013-08-22','2013-08-22',NULL,NULL,12,NULL,'2013-08-21 22:15:31','2013-08-21 22:15:31'),(70,13,'ItemLine',41,53,1,'2013-08-22','2013-08-22',NULL,NULL,12,NULL,'2013-08-21 22:15:31','2013-08-21 22:15:31'),(71,13,'ItemLine',42,53,1,'2013-08-22','2013-08-22',NULL,NULL,12,NULL,'2013-08-21 22:15:31','2013-08-21 22:15:31'),(72,13,'ItemLine',45,58,1,'2013-08-22','2013-08-22',NULL,NULL,12,NULL,'2013-08-21 22:15:31','2013-08-21 22:15:31'),(73,13,'ItemLine',46,58,1,'2013-08-22','2013-08-22',NULL,NULL,12,NULL,'2013-08-21 22:15:31','2013-08-21 22:15:31'),(74,13,'ItemLine',47,59,1,'2013-08-22','2013-08-22',NULL,NULL,12,NULL,'2013-08-21 22:15:31','2013-08-21 22:15:31'),(75,13,'ItemLine',49,61,1,'2013-08-22','2013-08-22',NULL,NULL,12,NULL,'2013-08-21 22:15:31','2013-08-21 22:15:31'),(76,13,'ItemLine',50,62,1,'2013-08-22','2013-08-22',NULL,NULL,12,NULL,'2013-08-21 22:15:31','2013-08-21 22:15:31'),(77,13,'ItemLine',51,63,1,'2013-08-22','2013-08-22',NULL,NULL,12,NULL,'2013-08-21 22:15:31','2013-08-21 22:15:31'),(78,13,'ItemLine',52,64,1,'2013-08-22','2013-08-22',NULL,NULL,12,NULL,'2013-08-21 22:15:31','2013-08-21 22:15:31'),(79,13,'ItemLine',53,65,1,'2013-08-22','2013-08-22',NULL,NULL,12,NULL,'2013-08-21 22:15:31','2013-08-21 22:15:31'),(80,13,'ItemLine',54,66,1,'2013-08-22','2013-08-22',NULL,NULL,12,NULL,'2013-08-21 22:15:31','2013-08-21 22:15:31'),(81,13,'ItemLine',55,67,1,'2013-08-22','2013-08-22',NULL,NULL,12,NULL,'2013-08-21 22:15:31','2013-08-21 22:15:31'),(82,13,'ItemLine',56,68,1,'2013-08-22','2013-08-22',NULL,NULL,12,NULL,'2013-08-21 22:15:31','2013-08-21 22:15:31'),(83,13,'ItemLine',57,69,1,'2013-08-22','2013-08-22',NULL,NULL,12,NULL,'2013-08-21 22:15:31','2013-08-21 22:15:31'),(84,14,'OptionLine',NULL,NULL,2,'2013-08-22','2013-08-22',NULL,4,13,NULL,'2013-08-21 22:15:31','2013-08-21 22:15:31'),(85,14,'ItemLine',209,216,1,'2013-08-22','2013-08-22',NULL,NULL,13,NULL,'2013-08-21 22:15:31','2013-08-21 22:15:31'),(86,15,'OptionLine',NULL,NULL,2,'2013-08-22','2013-08-22',NULL,5,14,NULL,'2013-08-21 22:15:31','2013-08-21 22:15:31'),(87,15,'OptionLine',NULL,NULL,1,'2013-08-22','2013-08-22',NULL,5,14,NULL,'2013-08-21 22:15:31','2013-08-21 22:15:31'),(88,16,'ItemLine',210,217,1,'2013-08-22','2013-08-22',NULL,NULL,15,NULL,'2013-08-21 22:15:31','2013-08-21 22:15:31'),(89,17,'ItemLine',211,218,1,'2013-08-17','2013-08-21',NULL,NULL,16,NULL,'2013-08-17 00:00:00','2013-08-17 00:00:00'),(90,17,'OptionLine',NULL,NULL,1,'2013-08-17','2013-08-21',NULL,6,16,NULL,'2013-08-17 00:00:00','2013-08-17 00:00:00'),(91,18,'ItemLine',NULL,225,1,'2013-08-22','2013-08-22',NULL,NULL,17,NULL,'2013-08-21 22:15:31','2013-08-21 22:15:31'),(92,18,'ItemLine',NULL,226,1,'2013-08-22','2013-08-22',NULL,NULL,17,NULL,'2013-08-21 22:15:31','2013-08-21 22:15:31'),(93,18,'ItemLine',NULL,227,1,'2013-08-22','2013-08-22',NULL,NULL,17,NULL,'2013-08-21 22:15:31','2013-08-21 22:15:31'),(94,18,'ItemLine',NULL,228,1,'2013-08-22','2013-08-22',NULL,NULL,17,NULL,'2013-08-21 22:15:31','2013-08-21 22:15:31'),(95,18,'ItemLine',NULL,229,1,'2013-08-22','2013-08-22',NULL,NULL,17,NULL,'2013-08-21 22:15:31','2013-08-21 22:15:31'),(96,19,'ItemLine',222,230,1,'2013-08-22','2013-08-22',NULL,NULL,18,NULL,'2013-08-21 22:15:31','2013-08-21 22:15:31'),(97,19,'ItemLine',223,231,1,'2013-08-22','2013-08-22',NULL,NULL,18,NULL,'2013-08-21 22:15:31','2013-08-21 22:15:31'),(98,19,'ItemLine',224,232,1,'2013-08-22','2013-08-22',NULL,NULL,18,NULL,'2013-08-21 22:15:31','2013-08-21 22:15:31'),(99,20,'ItemLine',225,233,1,'2013-08-22','2013-08-22',NULL,NULL,19,NULL,'2013-08-21 22:15:31','2013-08-21 22:15:31'),(100,20,'ItemLine',226,234,1,'2013-08-22','2013-08-22',NULL,NULL,19,NULL,'2013-08-21 22:15:31','2013-08-21 22:15:31'),(101,20,'ItemLine',227,235,1,'2013-08-22','2013-08-22',NULL,NULL,19,NULL,'2013-08-21 22:15:31','2013-08-21 22:15:31'),(102,20,'ItemLine',228,236,1,'2013-08-22','2013-08-22',NULL,NULL,19,NULL,'2013-08-21 22:15:31','2013-08-21 22:15:31'),(103,21,'ItemLine',229,237,1,'2013-08-17','2013-08-19',NULL,NULL,20,NULL,'2013-08-17 00:00:00','2013-08-17 00:00:00'),(104,21,'ItemLine',230,238,1,'2013-08-17','2013-08-19',NULL,NULL,20,NULL,'2013-08-17 00:00:00','2013-08-17 00:00:00'),(105,21,'ItemLine',231,239,1,'2013-08-17','2013-08-19',NULL,NULL,20,NULL,'2013-08-17 00:00:00','2013-08-17 00:00:00'),(106,22,'ItemLine',NULL,84,1,'2013-08-29','2013-09-01',NULL,NULL,21,NULL,'2013-08-21 22:15:31','2013-08-21 22:15:31'),(107,22,'ItemLine',NULL,84,1,'2013-08-29','2013-09-01',NULL,NULL,21,NULL,'2013-08-21 22:15:31','2013-08-21 22:15:31'),(108,22,'ItemLine',NULL,84,1,'2013-08-29','2013-09-01',NULL,NULL,21,NULL,'2013-08-21 22:15:31','2013-08-21 22:15:31'),(109,22,'ItemLine',NULL,84,1,'2013-08-29','2013-09-01',NULL,NULL,21,NULL,'2013-08-21 22:15:31','2013-08-21 22:15:31'),(110,22,'ItemLine',NULL,116,1,'2013-08-29','2013-09-01',NULL,NULL,21,NULL,'2013-08-21 22:15:31','2013-08-21 22:15:31'),(111,22,'ItemLine',NULL,116,1,'2013-08-29','2013-09-01',NULL,NULL,21,NULL,'2013-08-21 22:15:31','2013-08-21 22:15:31'),(112,22,'ItemLine',NULL,116,1,'2013-08-29','2013-09-01',NULL,NULL,21,NULL,'2013-08-21 22:15:31','2013-08-21 22:15:31'),(113,23,'ItemLine',NULL,240,1,'2013-08-22','2013-08-22',NULL,NULL,22,NULL,'2013-08-21 22:15:31','2013-08-21 22:15:31'),(114,23,'ItemLine',NULL,244,1,'2013-08-22','2013-08-22',NULL,NULL,22,NULL,'2013-08-21 22:15:31','2013-08-21 22:15:31'),(115,23,'ItemLine',NULL,248,1,'2013-08-22','2013-08-22',NULL,NULL,22,NULL,'2013-08-21 22:15:31','2013-08-21 22:15:31'),(116,23,'ItemLine',NULL,252,1,'2013-08-22','2013-08-22',NULL,NULL,22,NULL,'2013-08-21 22:15:31','2013-08-21 22:15:31'),(117,23,'ItemLine',NULL,256,1,'2013-08-22','2013-08-22',NULL,NULL,22,NULL,'2013-08-21 22:15:31','2013-08-21 22:15:31'),(118,24,'ItemLine',NULL,260,1,'2013-08-22','2013-08-22',NULL,NULL,23,NULL,'2013-08-21 22:15:31','2013-08-21 22:15:31'),(119,24,'ItemLine',NULL,264,1,'2013-08-22','2013-08-22',NULL,NULL,23,NULL,'2013-08-21 22:15:31','2013-08-21 22:15:31'),(120,24,'ItemLine',NULL,268,1,'2013-08-22','2013-08-22',NULL,NULL,23,NULL,'2013-08-21 22:15:31','2013-08-21 22:15:31'),(121,24,'ItemLine',NULL,272,1,'2013-08-22','2013-08-22',NULL,NULL,23,NULL,'2013-08-21 22:15:31','2013-08-21 22:15:31'),(122,25,'ItemLine',NULL,276,1,'2013-08-22','2013-08-22',NULL,NULL,24,NULL,'2013-08-21 22:15:31','2013-08-21 22:15:31'),(123,25,'ItemLine',NULL,280,1,'2013-08-22','2013-08-22',NULL,NULL,24,NULL,'2013-08-21 22:15:31','2013-08-21 22:15:31'),(124,25,'ItemLine',NULL,284,1,'2013-08-22','2013-08-22',NULL,NULL,24,NULL,'2013-08-21 22:15:31','2013-08-21 22:15:31'),(125,25,'ItemLine',NULL,288,1,'2013-08-22','2013-08-22',NULL,NULL,24,NULL,'2013-08-21 22:15:31','2013-08-21 22:15:31'),(126,25,'ItemLine',NULL,292,1,'2013-08-22','2013-08-22',NULL,NULL,24,NULL,'2013-08-21 22:15:31','2013-08-21 22:15:31'),(127,26,'ItemLine',NULL,116,1,'2013-08-22','2013-08-22',NULL,NULL,25,NULL,'2013-08-21 22:15:31','2013-08-21 22:15:31'),(128,27,'ItemLine',NULL,116,1,'2013-08-22','2013-08-22',NULL,NULL,26,NULL,'2013-08-21 22:15:31','2013-08-21 22:15:31'),(129,27,'ItemLine',NULL,84,1,'2013-08-22','2013-08-22',NULL,NULL,26,NULL,'2013-08-21 22:15:31','2013-08-21 22:15:31'),(130,28,'ItemLine',NULL,116,1,'2013-08-29','2013-08-30',NULL,NULL,27,NULL,'2013-08-21 22:15:31','2013-08-21 22:15:31'),(131,29,'ItemLine',NULL,58,1,'2013-08-22','2013-08-22',NULL,NULL,28,NULL,'2013-08-21 22:15:31','2013-08-21 22:15:31'),(132,29,'ItemLine',NULL,58,1,'2013-08-22','2013-08-22',NULL,NULL,28,NULL,'2013-08-21 22:15:31','2013-08-21 22:15:31'),(133,29,'ItemLine',NULL,58,1,'2013-08-22','2013-08-22',NULL,NULL,28,NULL,'2013-08-21 22:15:31','2013-08-21 22:15:31'),(134,30,'ItemLine',NULL,84,1,'2013-08-22','2013-08-22',NULL,NULL,29,NULL,'2013-08-21 22:15:31','2013-08-21 22:15:31'),(135,30,'ItemLine',NULL,116,1,'2013-08-22','2013-08-22',NULL,NULL,29,NULL,'2013-08-21 22:15:31','2013-08-21 22:15:31'),(136,30,'ItemLine',NULL,84,1,'2013-08-22','2013-08-22',NULL,NULL,29,NULL,'2013-08-21 22:15:31','2013-08-21 22:15:31'),(137,30,'ItemLine',NULL,116,1,'2013-08-22','2013-08-22',NULL,NULL,29,NULL,'2013-08-21 22:15:31','2013-08-21 22:15:31'),(138,30,'ItemLine',NULL,84,1,'2013-08-22','2013-08-22',NULL,NULL,29,NULL,'2013-08-21 22:15:31','2013-08-21 22:15:31'),(139,30,'ItemLine',NULL,116,1,'2013-08-22','2013-08-22',NULL,NULL,29,NULL,'2013-08-21 22:15:31','2013-08-21 22:15:31'),(140,30,'OptionLine',NULL,NULL,5,'2013-08-22','2013-08-22',NULL,1,29,NULL,'2013-08-21 22:15:31','2013-08-21 22:15:31'),(141,31,'ItemLine',NULL,151,1,'2013-08-22','2013-08-22',NULL,NULL,NULL,NULL,'2013-08-21 22:15:31','2013-08-21 22:15:31'),(142,32,'ItemLine',72,84,1,'2013-08-22','2013-08-22',NULL,NULL,31,NULL,'2013-08-21 22:15:31','2013-08-21 22:15:31'),(143,33,'ItemLine',274,296,1,'2013-08-22','2013-08-22',NULL,NULL,32,NULL,'2013-08-21 22:15:31','2013-08-21 22:15:31'),(144,34,'ItemLine',43,57,1,'2013-08-22','2013-08-22',NULL,NULL,33,NULL,'2013-08-21 22:15:31','2013-08-21 22:15:31'),(145,34,'ItemLine',271,292,1,'2013-08-22','2013-08-22','2013-08-22',NULL,33,18,'2013-08-21 22:15:31','2013-08-21 22:15:31'),(146,35,'ItemLine',48,58,1,'2013-08-22','2013-08-22',NULL,NULL,34,NULL,'2013-08-21 22:15:31','2013-08-21 22:15:31'),(147,36,'ItemLine',275,297,1,'2013-08-22','2013-08-22',NULL,NULL,35,NULL,'2013-08-21 22:15:31','2013-08-21 22:15:31'),(148,37,'ItemLine',113,119,1,'2013-08-22','2013-08-22',NULL,NULL,36,NULL,'2013-08-21 22:15:31','2013-08-21 22:15:31'),(149,38,'ItemLine',NULL,84,1,'2013-08-29','2013-09-01',NULL,NULL,37,NULL,'2013-08-21 22:15:31','2013-08-21 22:15:31'),(150,38,'ItemLine',NULL,116,1,'2013-08-29','2013-09-01',NULL,NULL,37,NULL,'2013-08-21 22:15:31','2013-08-21 22:15:31'),(151,38,'ItemLine',NULL,116,1,'2013-08-30','2013-09-02',NULL,NULL,37,NULL,'2013-08-21 22:15:31','2013-08-21 22:15:31'),(152,39,'ItemLine',NULL,62,1,'2013-08-22','2013-08-23',NULL,NULL,37,NULL,'2013-08-21 22:15:31','2013-08-21 22:15:31'),(153,40,'ItemLine',NULL,58,1,'2013-08-19','2013-08-23',NULL,NULL,38,NULL,'2013-08-21 22:15:31','2013-08-21 22:15:31'),(154,40,'ItemLine',NULL,298,1,'2013-08-19','2013-08-23',NULL,NULL,38,NULL,'2013-08-21 22:15:31','2013-08-21 22:15:31'),(155,41,'ItemLine',138,58,1,'2013-08-22','2013-08-22',NULL,NULL,39,NULL,'2013-08-21 22:15:31','2013-08-21 22:15:31'),(156,41,'OptionLine',NULL,NULL,1,'2013-08-22','2013-08-22',NULL,1,39,NULL,'2013-08-21 22:15:31','2013-08-21 22:15:31'),(157,42,'ItemLine',NULL,84,1,'2013-09-28','2013-10-06',NULL,NULL,40,NULL,'2013-08-21 22:15:31','2013-08-21 22:15:31'),(158,43,'ItemLine',NULL,84,1,'2013-10-13','2013-10-16',NULL,NULL,41,NULL,'2013-08-21 22:15:31','2013-08-21 22:15:31'),(159,43,'ItemLine',NULL,84,1,'2013-10-13','2013-10-16',NULL,NULL,41,NULL,'2013-08-21 22:15:31','2013-08-21 22:15:31'),(160,43,'ItemLine',NULL,84,1,'2013-10-13','2013-10-16',NULL,NULL,41,NULL,'2013-08-21 22:15:31','2013-08-21 22:15:31'),(161,43,'ItemLine',NULL,84,1,'2013-10-13','2013-10-16',NULL,NULL,41,NULL,'2013-08-21 22:15:31','2013-08-21 22:15:31'),(162,43,'ItemLine',NULL,84,1,'2013-10-13','2013-10-16',NULL,NULL,41,NULL,'2013-08-21 22:15:31','2013-08-21 22:15:31'),(163,43,'ItemLine',NULL,84,1,'2013-10-13','2013-10-16',NULL,NULL,41,NULL,'2013-08-21 22:15:31','2013-08-21 22:15:31'),(164,44,'ItemLine',NULL,33,1,'2013-08-22','2013-08-22',NULL,NULL,42,NULL,'2013-08-21 22:15:31','2013-08-21 22:15:31'),(165,45,'ItemLine',108,116,1,'2013-08-17','2013-08-21',NULL,NULL,43,NULL,'2013-08-17 00:00:00','2013-08-17 00:00:00');
/*!40000 ALTER TABLE `contract_lines` ENABLE KEYS */;
UNLOCK TABLES;

--
-- Table structure for table `contracts`
--

DROP TABLE IF EXISTS `contracts`;
/*!40101 SET @saved_cs_client     = @@character_set_client */;
/*!40101 SET character_set_client = utf8 */;
CREATE TABLE `contracts` (
  `id` int(11) NOT NULL AUTO_INCREMENT,
  `user_id` int(11) DEFAULT NULL,
  `delegated_user_id` int(11) DEFAULT NULL,
  `inventory_pool_id` int(11) DEFAULT NULL,
  `note` text COLLATE utf8_unicode_ci,
  `handed_over_by_user_id` int(11) DEFAULT NULL,
  `created_at` datetime DEFAULT NULL,
  `updated_at` datetime DEFAULT NULL,
  `status` enum('unsubmitted','submitted','rejected','approved','signed','closed') COLLATE utf8_unicode_ci NOT NULL,
  PRIMARY KEY (`id`),
  KEY `index_contracts_on_inventory_pool_id` (`inventory_pool_id`),
  KEY `index_contracts_on_status` (`status`),
  KEY `index_contracts_on_user_id` (`user_id`)
) ENGINE=InnoDB AUTO_INCREMENT=46 DEFAULT CHARSET=utf8 COLLATE=utf8_unicode_ci;
/*!40101 SET character_set_client = @saved_cs_client */;

--
-- Dumping data for table `contracts`
--

LOCK TABLES `contracts` WRITE;
/*!40000 ALTER TABLE `contracts` DISABLE KEYS */;
INSERT INTO `contracts` VALUES (1,5,NULL,5,NULL,NULL,'2013-08-21 22:15:31','2013-08-21 22:15:31','unsubmitted'),(2,6,NULL,12,NULL,NULL,'2013-08-21 22:15:31','2013-08-21 22:15:31','approved'),(3,7,NULL,1,NULL,NULL,'2013-08-21 22:15:31','2013-08-21 22:15:31','closed'),(4,12,NULL,1,NULL,NULL,'2013-08-16 09:23:33','2013-08-16 09:23:33','submitted'),(5,12,NULL,1,NULL,NULL,'2013-08-16 09:23:33','2013-08-16 09:23:33','approved'),(6,12,NULL,1,NULL,NULL,'2013-08-16 09:23:33','2013-08-16 09:23:33','rejected'),(7,12,NULL,1,NULL,NULL,'2013-08-20 23:29:35','2013-08-20 23:29:35','submitted'),(8,12,NULL,1,NULL,NULL,'2013-08-15 16:20:43','2013-08-15 16:20:43','submitted'),(9,13,NULL,1,NULL,NULL,'2013-08-21 22:15:31','2013-08-21 22:15:31','submitted'),(10,14,NULL,1,NULL,NULL,'2013-08-21 22:15:31','2013-08-21 22:15:31','submitted'),(11,15,NULL,1,NULL,NULL,'2013-08-21 22:15:31','2013-08-21 22:15:31','submitted'),(12,16,NULL,1,NULL,NULL,'2013-08-21 22:15:31','2013-08-21 22:15:31','submitted'),(13,20,NULL,1,NULL,NULL,'2013-08-21 22:15:31','2013-08-21 22:15:31','approved'),(14,21,NULL,1,NULL,18,'2013-08-21 22:15:31','2013-08-21 22:15:31','signed'),(15,22,NULL,1,NULL,18,'2013-08-21 22:15:31','2013-08-21 22:15:31','signed'),(16,23,NULL,1,NULL,18,'2013-08-21 22:15:31','2013-08-21 22:15:31','signed'),(17,24,NULL,2,NULL,18,'2013-08-17 00:00:00','2013-08-17 00:00:00','signed'),(18,28,26,1,NULL,NULL,'2013-08-21 22:15:31','2013-08-21 22:15:31','submitted'),(19,28,27,1,NULL,NULL,'2013-08-21 22:15:31','2013-08-21 22:15:31','approved'),(20,28,26,1,NULL,18,'2013-08-21 22:15:31','2013-08-21 22:15:31','signed'),(21,28,26,1,NULL,18,'2013-08-17 00:00:00','2013-08-17 00:00:00','signed'),(22,32,NULL,1,NULL,NULL,'2013-08-21 22:15:31','2013-08-21 22:15:31','submitted'),(23,32,NULL,2,NULL,NULL,'2013-08-21 22:15:31','2013-08-21 22:15:31','submitted'),(24,32,NULL,2,NULL,NULL,'2013-08-21 22:15:31','2013-08-21 22:15:31','submitted'),(25,32,NULL,2,NULL,NULL,'2013-08-21 22:15:31','2013-08-21 22:15:31','submitted'),(26,32,NULL,1,NULL,NULL,'2013-08-21 22:15:31','2013-08-21 22:15:31','approved'),(27,32,NULL,1,NULL,NULL,'2013-08-21 22:15:31','2013-08-21 22:15:31','approved'),(28,32,NULL,1,NULL,NULL,'2013-08-21 22:15:31','2013-08-21 22:15:31','approved'),(29,32,NULL,1,NULL,NULL,'2013-08-21 22:15:31','2013-08-21 22:15:31','approved'),(30,32,NULL,1,NULL,NULL,'2013-08-21 22:15:31','2013-08-21 22:15:31','approved'),(31,32,NULL,1,NULL,NULL,'2013-08-21 22:15:31','2013-08-21 22:15:31','approved'),(32,32,NULL,1,NULL,18,'2013-08-21 22:15:31','2013-08-21 22:15:31','signed'),(33,32,NULL,1,NULL,18,'2013-08-21 22:15:31','2013-08-21 22:15:31','signed'),(34,32,NULL,2,NULL,18,'2013-08-21 22:15:31','2013-08-21 22:15:31','signed'),(35,32,NULL,2,NULL,18,'2013-08-21 22:15:31','2013-08-21 22:15:31','signed'),(36,32,NULL,2,NULL,18,'2013-08-21 22:15:31','2013-08-21 22:15:31','signed'),(37,32,NULL,1,NULL,18,'2013-08-21 22:15:31','2013-08-21 22:15:31','signed'),(38,33,NULL,1,NULL,NULL,'2013-08-21 22:15:31','2013-08-21 22:15:31','submitted'),(39,33,NULL,1,NULL,NULL,'2013-08-21 22:15:31','2013-08-21 22:15:31','submitted'),(40,33,NULL,1,NULL,NULL,'2013-08-21 22:15:31','2013-08-21 22:15:31','approved'),(41,33,NULL,1,NULL,18,'2013-08-21 22:15:31','2013-08-21 22:15:31','signed'),(42,34,NULL,1,NULL,NULL,'2013-08-21 22:15:31','2013-08-21 22:15:31','submitted'),(43,34,NULL,1,NULL,NULL,'2013-08-21 22:15:31','2013-08-21 22:15:31','submitted'),(44,34,NULL,1,NULL,NULL,'2013-08-21 22:15:31','2013-08-21 22:15:31','approved'),(45,34,NULL,1,NULL,18,'2013-08-17 00:00:00','2013-08-17 00:00:00','signed');
/*!40000 ALTER TABLE `contracts` ENABLE KEYS */;
UNLOCK TABLES;

--
-- Table structure for table `database_authentications`
--

DROP TABLE IF EXISTS `database_authentications`;
/*!40101 SET @saved_cs_client     = @@character_set_client */;
/*!40101 SET character_set_client = utf8 */;
CREATE TABLE `database_authentications` (
  `id` int(11) NOT NULL AUTO_INCREMENT,
  `login` varchar(255) COLLATE utf8_unicode_ci DEFAULT NULL,
  `crypted_password` varchar(40) COLLATE utf8_unicode_ci DEFAULT NULL,
  `salt` varchar(40) COLLATE utf8_unicode_ci DEFAULT NULL,
  `user_id` int(11) DEFAULT NULL,
  `created_at` datetime DEFAULT NULL,
  `updated_at` datetime DEFAULT NULL,
  PRIMARY KEY (`id`)
) ENGINE=InnoDB AUTO_INCREMENT=31 DEFAULT CHARSET=utf8 COLLATE=utf8_unicode_ci;
/*!40101 SET character_set_client = @saved_cs_client */;

--
-- Dumping data for table `database_authentications`
--

LOCK TABLES `database_authentications` WRITE;
/*!40000 ALTER TABLE `database_authentications` DISABLE KEYS */;
INSERT INTO `database_authentications` VALUES (1,'ramon','587d07afa511b2aff1e4984e6b428a27ba3ae4bf','e811d64276a6688537844bd42001697593083028',1,'2013-08-21 22:15:31','2013-08-21 22:15:31'),(2,'ted_witting_4056','7de0972ef403dd4a6d60ef63562d3c8caacabc76','defed414e215c2883b889ae97cd909c2abffeeaa',2,'2013-08-21 22:15:31','2013-08-21 22:15:31'),(3,'lauriane.kilback_7853','3bfe8041fbb032e3f23f46236dee6d3f78a8a91d','0607210df5ee89bf65f51aad993ffcc8bd08a8d9',3,'2013-08-21 22:15:31','2013-08-21 22:15:31'),(4,'elsa_9134','78dadd153f02b10417f39563c262f5eeb6341fa6','437974809b99cbba75819ce88a60d97c00b7f2e7',4,'2013-08-21 22:15:31','2013-08-21 22:15:31'),(5,'salvador_8666','d32d87bb0557d376282a5b0c364215c2aa86d3ac','5300ac51390b4f3e5082a19e155a1e2c759af6fa',5,'2013-08-21 22:15:31','2013-08-21 22:15:31'),(6,'veda_gaylord_5813','a6d60727e54d29c3c408a7a8f601ac7db9f7c3aa','ad3d86bb009f22f500dc50ac445172c048bc309e',6,'2013-08-21 22:15:31','2013-08-21 22:15:31'),(7,'antonietta_mclaughlin_7144','908e0dd574e09c16a8f07a147250874bb1b0fad0','0299ef532ffc61a3834dec8123cf88ad5c9bf08b',7,'2013-08-21 22:15:31','2013-08-21 22:15:31'),(8,'matti','1f77e170efc76d318bcffaeaf597dc9c4b55c5bf','757a739efc6af9beeb689182cc837dd9eba43a93',8,'2013-08-21 22:15:31','2013-08-21 22:15:31'),(9,'mike','36b124884a39bdced0fdb45a2236ce146fe36849','892ea50716045721833dc89e85f63442b7ef7860',9,'2013-08-21 22:15:31','2013-08-21 22:15:31'),(10,'andi','f5cb0f3751af96f543713dc598dfe8970d2988a1','3438859da50b97b3adbcbb0c0a750f4a5d7f5788',10,'2013-08-21 22:15:31','2013-08-21 22:15:31'),(11,'breanne_dicki_1538','4522b70c838961a194b37e6ab163c0e05895cad6','620e12e221f6d1041469cbd9844e5c883a21a27e',11,'2013-08-21 22:15:31','2013-08-21 22:15:31'),(12,'ian_6025','5aa762f636b6ff86622ae4cc6faf2f531aa32829','6bc5979a2c24138b32760f7a9bb476676bb76f67',12,'2013-08-21 22:15:31','2013-08-21 22:15:31'),(13,'toy_5294','2aa0c26dc2fea4a5550b878bcf866591823df0b7','7aaaa8b4834b0ce41d37f881f6e5d084f7b42f58',13,'2013-08-21 22:15:31','2013-08-21 22:15:31'),(14,'tracy_6927','27626afe4e50f228500b0297f39596bcbede6382','6bd7bcdeb14e860b8cfce860deaf45a9687fd786',14,'2013-08-21 22:15:31','2013-08-21 22:15:31'),(15,'buford_5382','331941ad94e01a097cdfe058f0e1904eaafb713d','725e802a6653b25f39c32e9a56eeb9a86c334994',15,'2013-08-21 22:15:31','2013-08-21 22:15:31'),(16,'makayla_hudson_7564','59f7e52c13e934a2342d0438a930c25b8b5a4710','ed4ccc9dac9843ec8d816beaa686565d2a0ef53f',16,'2013-08-21 22:15:31','2013-08-21 22:15:31'),(17,'gino','f61691ed1a6ccc80b5547c329b268e2ff4c18877','54490ff4b8cb1ec07497adaf0d6ac9becc516ae1',17,'2013-08-21 22:15:31','2013-08-21 22:15:31'),(18,'pius','904ccf38c3fd3cc2a48e5ecce4d007eb93eeb9ca','1fe67022fa52cd9c25c4e6fd2095d641d02fe83f',18,'2013-08-21 22:15:31','2013-08-21 22:15:31'),(19,'peter','5e708319a49f2a7edbeb8d7a1a8dddaa33bc1383','b7fb40cac5d930f7a1d6dcd4f42ef38abc5c0b5c',19,'2013-08-21 22:15:31','2013-08-21 22:15:31'),(20,'vernon.bins_878','80329633c50147f22d5e56a6fd41364e1cef9d71','d2835b0487244d9ed62f24e1e2b2327a2b3d3a85',20,'2013-08-21 22:15:31','2013-08-21 22:15:31'),(21,'earl_1964','2d556067ed5758c1f099f4d002916928413f6fdc','d191db42d0c9c7b0d39570ae6e5b2bcab17ae8ce',21,'2013-08-21 22:15:31','2013-08-21 22:15:31'),(22,'clinton.champlin_7370','aa7360d32aec5c4d07426dfc5b0817b20f7b2b84','8b3a91ac50afb07e03e4c2058df4c329ac882ac7',22,'2013-08-21 22:15:31','2013-08-21 22:15:31'),(23,'tyreek.kozey_945','647eed1e8e00123caf2114083f71efee531610af','bf7403d339d5848e19a204da025ab14953b2b002',23,'2013-08-21 22:15:31','2013-08-21 22:15:31'),(24,'ernestina_funk_8453','d15d0fce6856bac10ab3a98ad6b26abbb95f9ce6','962518d4458e75822582da2199559458355385af',24,'2013-08-17 00:00:00','2013-08-17 00:00:00'),(25,'luciano_4782','ce5854826b4c6bfb5da02e8aa025ad44f16320a5','1a54c43efdf5022eae2baa4a495a96eaac0dc8d8',25,'2013-08-17 00:00:00','2013-08-17 00:00:00'),(26,'mina','90e1e63b48ea17f3c83a3b139419d4342a328ccc','8493a3dc11eb76c9ae5fd8ab33c7843fc95d8b73',26,'2013-08-21 22:15:31','2013-08-21 22:15:31'),(27,'julie','453a9f686bfc569cee92600940de01ee08369085','edf94f568fee060a5d5ed6eff987961ee844f6cf',27,'2013-08-21 22:15:31','2013-08-21 22:15:31'),(28,'normin','3690ee2874d4294ec1b6a077dd8464a1c35e0d8c','5583d06dd1d020e30f7cf7faa6c780dbd8470de2',32,'2013-08-21 22:15:31','2013-08-21 22:15:31'),(29,'petra','d06a882ca4c7b9e41e9d74ca014dd6e6c5073fc9','bcf8e5e3e017b8345f77021147896465e6255047',33,'2013-08-21 22:15:31','2013-08-21 22:15:31'),(30,'lisa','7dd2ec515b33461b95f72a63c74ab37f713e6533','902e88528d39bcb9f21dbe6a607c01e852af659f',34,'2013-08-21 22:15:31','2013-08-21 22:15:31');
/*!40000 ALTER TABLE `database_authentications` ENABLE KEYS */;
UNLOCK TABLES;

--
-- Table structure for table `delegations_users`
--

DROP TABLE IF EXISTS `delegations_users`;
/*!40101 SET @saved_cs_client     = @@character_set_client */;
/*!40101 SET character_set_client = utf8 */;
CREATE TABLE `delegations_users` (
  `delegation_id` int(11) DEFAULT NULL,
  `user_id` int(11) DEFAULT NULL,
  UNIQUE KEY `index_delegations_users_on_user_id_and_delegation_id` (`user_id`,`delegation_id`),
  KEY `index_delegations_users_on_delegation_id` (`delegation_id`)
) ENGINE=InnoDB DEFAULT CHARSET=utf8 COLLATE=utf8_unicode_ci;
/*!40101 SET character_set_client = @saved_cs_client */;

--
-- Dumping data for table `delegations_users`
--

LOCK TABLES `delegations_users` WRITE;
/*!40000 ALTER TABLE `delegations_users` DISABLE KEYS */;
INSERT INTO `delegations_users` VALUES (28,26),(29,26),(30,26),(31,26),(28,27),(29,27),(30,27),(31,27);
/*!40000 ALTER TABLE `delegations_users` ENABLE KEYS */;
UNLOCK TABLES;

--
-- Table structure for table `groups`
--

DROP TABLE IF EXISTS `groups`;
/*!40101 SET @saved_cs_client     = @@character_set_client */;
/*!40101 SET character_set_client = utf8 */;
CREATE TABLE `groups` (
  `id` int(11) NOT NULL AUTO_INCREMENT,
  `name` varchar(255) COLLATE utf8_unicode_ci DEFAULT NULL,
  `inventory_pool_id` int(11) DEFAULT NULL,
  `is_verification_required` tinyint(1) DEFAULT '0',
  `created_at` datetime DEFAULT NULL,
  `updated_at` datetime DEFAULT NULL,
  PRIMARY KEY (`id`),
  KEY `index_groups_on_inventory_pool_id` (`inventory_pool_id`),
  KEY `index_groups_on_is_verification_required` (`is_verification_required`)
) ENGINE=InnoDB AUTO_INCREMENT=10 DEFAULT CHARSET=utf8 COLLATE=utf8_unicode_ci;
/*!40101 SET character_set_client = @saved_cs_client */;

--
-- Dumping data for table `groups`
--

LOCK TABLES `groups` WRITE;
/*!40000 ALTER TABLE `groups` DISABLE KEYS */;
INSERT INTO `groups` VALUES (1,'Cast',1,0,'2013-08-21 22:15:31','2013-08-21 22:15:31'),(2,'IAD',1,0,'2013-08-21 22:15:31','2013-08-21 22:15:31'),(3,'Wu',1,0,'2013-08-21 22:15:31','2013-08-21 22:15:31'),(4,'Group Hifi',1,0,'2013-08-21 22:15:31','2013-08-21 22:15:31'),(5,'Group A',1,0,'2013-08-21 22:15:31','2013-08-21 22:15:31'),(6,'Group B',1,0,'2013-08-21 22:15:31','2013-08-21 22:15:31'),(7,'FFI',1,1,'2013-08-21 22:15:31','2013-08-21 22:15:31'),(8,'VTO',1,1,'2013-08-21 22:15:31','2013-08-21 22:15:31'),(9,'1. Semester',2,1,'2013-08-21 22:15:31','2013-08-21 22:15:31');
/*!40000 ALTER TABLE `groups` ENABLE KEYS */;
UNLOCK TABLES;

--
-- Table structure for table `groups_users`
--

DROP TABLE IF EXISTS `groups_users`;
/*!40101 SET @saved_cs_client     = @@character_set_client */;
/*!40101 SET character_set_client = utf8 */;
CREATE TABLE `groups_users` (
  `user_id` int(11) DEFAULT NULL,
  `group_id` int(11) DEFAULT NULL,
  UNIQUE KEY `index_groups_users_on_user_id_and_group_id` (`user_id`,`group_id`),
  KEY `index_groups_users_on_group_id` (`group_id`)
) ENGINE=InnoDB DEFAULT CHARSET=utf8 COLLATE=utf8_unicode_ci;
/*!40101 SET character_set_client = @saved_cs_client */;

--
-- Dumping data for table `groups_users`
--

LOCK TABLES `groups_users` WRITE;
/*!40000 ALTER TABLE `groups_users` DISABLE KEYS */;
INSERT INTO `groups_users` VALUES (12,7),(12,8),(13,7),(14,7),(14,8),(15,7),(15,9),(16,7),(32,1),(34,1);
/*!40000 ALTER TABLE `groups_users` ENABLE KEYS */;
UNLOCK TABLES;

--
-- Table structure for table `histories`
--

DROP TABLE IF EXISTS `histories`;
/*!40101 SET @saved_cs_client     = @@character_set_client */;
/*!40101 SET character_set_client = utf8 */;
CREATE TABLE `histories` (
  `id` int(11) NOT NULL AUTO_INCREMENT,
  `text` varchar(255) COLLATE utf8_unicode_ci DEFAULT '',
  `type_const` int(11) DEFAULT NULL,
  `created_at` datetime NOT NULL,
  `target_id` int(11) NOT NULL,
  `target_type` varchar(255) COLLATE utf8_unicode_ci NOT NULL,
  `user_id` int(11) DEFAULT NULL,
  PRIMARY KEY (`id`),
  KEY `index_histories_on_target_type_and_target_id` (`target_type`,`target_id`),
  KEY `index_histories_on_type_const` (`type_const`),
  KEY `index_histories_on_user_id` (`user_id`)
) ENGINE=InnoDB AUTO_INCREMENT=15 DEFAULT CHARSET=utf8 COLLATE=utf8_unicode_ci;
/*!40101 SET character_set_client = @saved_cs_client */;

--
-- Dumping data for table `histories`
--

LOCK TABLES `histories` WRITE;
/*!40000 ALTER TABLE `histories` DISABLE KEYS */;
INSERT INTO `histories` VALUES (1,'Contract 14 has been signed by Timmothy Ratke',1,'2013-08-21 22:15:31',14,'Contract',18),(2,'Contract 15 has been signed by Ola Torp',1,'2013-08-21 22:15:31',15,'Contract',18),(3,'Contract 16 has been signed by Una Torp',1,'2013-08-21 22:15:31',16,'Contract',18),(4,'Contract 17 has been signed by Marge O\'Conner',1,'2013-08-17 00:00:00',17,'Contract',18),(5,'Contract 20 has been signed by Quasi fugiat earum exercitationem commodi dolores enim quisquam fugit.',1,'2013-08-21 22:15:31',20,'Contract',18),(6,'Contract 21 has been signed by Quasi fugiat earum exercitationem commodi dolores enim quisquam fugit.',1,'2013-08-17 00:00:00',21,'Contract',18),(7,'Contract 32 has been signed by Normin N.',1,'2013-08-21 22:15:31',32,'Contract',18),(8,'Contract 33 has been signed by Normin N.',1,'2013-08-21 22:15:31',33,'Contract',18),(9,'Contract 34 has been signed by Normin N.',1,'2013-08-21 22:15:31',34,'Contract',18),(10,'Contract 35 has been signed by Normin N.',1,'2013-08-21 22:15:31',35,'Contract',18),(11,'Contract 36 has been signed by Normin N.',1,'2013-08-21 22:15:31',36,'Contract',18),(12,'Contract 37 has been signed by Normin N.',1,'2013-08-21 22:15:31',37,'Contract',18),(13,'Contract 41 has been signed by Petra K.',1,'2013-08-21 22:15:31',41,'Contract',18),(14,'Contract 45 has been signed by Lisa L.',1,'2013-08-17 00:00:00',45,'Contract',18);
/*!40000 ALTER TABLE `histories` ENABLE KEYS */;
UNLOCK TABLES;

--
-- Table structure for table `holidays`
--

DROP TABLE IF EXISTS `holidays`;
/*!40101 SET @saved_cs_client     = @@character_set_client */;
/*!40101 SET character_set_client = utf8 */;
CREATE TABLE `holidays` (
  `id` int(11) NOT NULL AUTO_INCREMENT,
  `inventory_pool_id` int(11) DEFAULT NULL,
  `start_date` date DEFAULT NULL,
  `end_date` date DEFAULT NULL,
  `name` varchar(255) COLLATE utf8_unicode_ci DEFAULT NULL,
  PRIMARY KEY (`id`),
  KEY `index_holidays_on_inventory_pool_id` (`inventory_pool_id`),
  KEY `index_holidays_on_start_date_and_end_date` (`start_date`,`end_date`)
) ENGINE=InnoDB AUTO_INCREMENT=5 DEFAULT CHARSET=utf8 COLLATE=utf8_unicode_ci;
/*!40101 SET character_set_client = @saved_cs_client */;

--
-- Dumping data for table `holidays`
--

LOCK TABLES `holidays` WRITE;
/*!40000 ALTER TABLE `holidays` DISABLE KEYS */;
INSERT INTO `holidays` VALUES (1,1,'2013-12-24','2013-12-24','Christmas'),(2,2,'2013-12-24','2013-12-24','Christmas'),(3,3,'2013-12-24','2013-12-24','Christmas'),(4,1,'2013-12-24','2013-12-24','Christmas');
/*!40000 ALTER TABLE `holidays` ENABLE KEYS */;
UNLOCK TABLES;

--
-- Table structure for table `images`
--

DROP TABLE IF EXISTS `images`;
/*!40101 SET @saved_cs_client     = @@character_set_client */;
/*!40101 SET character_set_client = utf8 */;
CREATE TABLE `images` (
  `id` int(11) NOT NULL AUTO_INCREMENT,
  `model_id` int(11) DEFAULT NULL,
  `is_main` tinyint(1) DEFAULT '0',
  `content_type` varchar(255) COLLATE utf8_unicode_ci DEFAULT NULL,
  `filename` varchar(255) COLLATE utf8_unicode_ci DEFAULT NULL,
  `size` int(11) DEFAULT NULL,
  `height` int(11) DEFAULT NULL,
  `width` int(11) DEFAULT NULL,
  `parent_id` int(11) DEFAULT NULL,
  `thumbnail` varchar(255) COLLATE utf8_unicode_ci DEFAULT NULL,
  PRIMARY KEY (`id`),
  KEY `index_images_on_model_id` (`model_id`)
) ENGINE=InnoDB AUTO_INCREMENT=4 DEFAULT CHARSET=utf8 COLLATE=utf8_unicode_ci;
/*!40101 SET character_set_client = @saved_cs_client */;

--
-- Dumping data for table `images`
--

LOCK TABLES `images` WRITE;
/*!40000 ALTER TABLE `images` DISABLE KEYS */;
INSERT INTO `images` VALUES (1,149,0,'image/jpeg','Jamel Schamberger',NULL,NULL,NULL,NULL,NULL),(2,149,0,'image/jpeg','Boyd Abshire',NULL,NULL,NULL,NULL,NULL),(3,150,0,'image/jpeg','Lavada Altenwerth',NULL,NULL,NULL,NULL,NULL);
/*!40000 ALTER TABLE `images` ENABLE KEYS */;
UNLOCK TABLES;

--
-- Table structure for table `inventory_pools`
--

DROP TABLE IF EXISTS `inventory_pools`;
/*!40101 SET @saved_cs_client     = @@character_set_client */;
/*!40101 SET character_set_client = utf8 */;
CREATE TABLE `inventory_pools` (
  `id` int(11) NOT NULL AUTO_INCREMENT,
  `name` varchar(255) COLLATE utf8_unicode_ci DEFAULT NULL,
  `description` text COLLATE utf8_unicode_ci,
  `contact_details` varchar(255) COLLATE utf8_unicode_ci DEFAULT NULL,
  `contract_description` varchar(255) COLLATE utf8_unicode_ci DEFAULT NULL,
  `contract_url` varchar(255) COLLATE utf8_unicode_ci DEFAULT NULL,
  `logo_url` varchar(255) COLLATE utf8_unicode_ci DEFAULT NULL,
  `default_contract_note` text COLLATE utf8_unicode_ci,
  `shortname` varchar(255) COLLATE utf8_unicode_ci DEFAULT NULL,
  `email` varchar(255) COLLATE utf8_unicode_ci DEFAULT NULL,
  `color` text COLLATE utf8_unicode_ci,
  `print_contracts` tinyint(1) DEFAULT '1',
  `opening_hours` text COLLATE utf8_unicode_ci,
  `address_id` int(11) DEFAULT NULL,
  `automatic_suspension` tinyint(1) NOT NULL DEFAULT '0',
  `automatic_suspension_reason` text COLLATE utf8_unicode_ci,
  `automatic_access` tinyint(1) DEFAULT NULL,
  PRIMARY KEY (`id`),
  UNIQUE KEY `index_inventory_pools_on_name` (`name`)
) ENGINE=InnoDB AUTO_INCREMENT=16 DEFAULT CHARSET=utf8 COLLATE=utf8_unicode_ci;
/*!40101 SET character_set_client = @saved_cs_client */;

--
-- Dumping data for table `inventory_pools`
--

LOCK TABLES `inventory_pools` WRITE;
/*!40000 ALTER TABLE `inventory_pools` DISABLE KEYS */;
INSERT INTO `inventory_pools` VALUES (1,'A-Ausleihe','Wichtige Hinweise...\n Bitte die Gegenstnde rechtzeitig zurckbringen','A Verleih  /  ZHdK\nav@zh-dk.ch\n+41 00 00 00 00','Gert erhalten','av@zhdk.ch',NULL,'Corrupti id ipsam ex qui.','A','av@zhdk.ch',NULL,1,NULL,NULL,1,'Vel aspernatur blanditiis veniam fuga amet eligendi culpa provident.',NULL),(2,'IT-Ausleihe','Bringt die Gerte bitte rechtzeitig zurck','IT Verleih  /  ZHdK\nav@zh-dk.ch\n+41 00 00 00 00','Gert erhalten','it@zhdk.ch',NULL,NULL,'IT','it@zhdk.ch',NULL,1,NULL,NULL,1,'Reprehenderit sit est quia corporis quia veniam laborum.',NULL),(3,'AV-Technik','Bringt die Gerte bitte rechtzeitig zurck','AV Verleih  /  ZHdK\nav@zh-dk.ch\n+41 00 00 00 00','Gert erhalten','it@zhdk.ch',NULL,NULL,'AV','it@zhdk.ch',NULL,1,NULL,NULL,0,NULL,NULL),(4,'DT deletable','Bringt die Gerte bitte rechtzeitig zurck','AV Verleih  /  ZHdK\nav@zh-dk.ch\n+41 00 00 00 00','Gert erhalten','it@zhdk.ch',NULL,NULL,'DT','it@zhdk.ch',NULL,1,NULL,NULL,0,NULL,NULL),(5,'Laborumvoluptatibusabsit','Ea praesentium earum et excepturi sit et doloribus non.','Molestias sequi assumenda sint repellat vero est qui eum.','Laborumvoluptatibusabsit','billie.abernathy@streichrogahn.co.uk',NULL,NULL,'YZCKJ5','billie.abernathy@streichrogahn.co.uk',NULL,1,NULL,NULL,0,NULL,NULL),(6,'Errorquaeratetaut','Vel nihil tempore cupiditate omnis voluptatem animi velit.','Est aspernatur beatae est ullam sit mollitia optio sit.','Errorquaeratetaut','norberto@zboncakdach.name',NULL,NULL,'REWMY1','norberto@zboncakdach.name',NULL,1,NULL,NULL,0,NULL,NULL),(7,'Ipsumetquiavelit','Aut rerum et in ducimus.','Quo voluptas quae fugiat et eos.','Ipsumetquiavelit','precious@runolfsdottirmaggio.com',NULL,NULL,'NDSNDT','precious@runolfsdottirmaggio.com',NULL,1,NULL,NULL,0,NULL,NULL),(8,'Voluptatemexplicabopraesentiumdolores','Facilis fugiat ducimus autem quia rerum similique omnis iste.','Aspernatur vel magni natus delectus sed debitis dicta est.','Voluptatemexplicabopraesentiumdolores','mike_schiller@stanton.info',NULL,NULL,'N6A31G','mike_schiller@stanton.info',NULL,1,NULL,NULL,0,NULL,NULL),(9,'Perferendisodiosedadipisci','Iure qui quo optio sed corrupti libero qui.','Nemo officiis totam et et minima eligendi et.','Perferendisodiosedadipisci','arch.cummings@runolfonjacobson.biz',NULL,NULL,'8M6UGS','arch.cummings@runolfonjacobson.biz',NULL,1,NULL,NULL,0,NULL,NULL),(10,'Eosdoloreoditdeserunt','Commodi praesentium quisquam eveniet ad molestiae voluptatem.','Incidunt molestias odio ad libero aliquid sed.','Eosdoloreoditdeserunt','fannie_grady@blick.name',NULL,NULL,'SR37OR','fannie_grady@blick.name',NULL,1,NULL,NULL,0,NULL,NULL),(11,'Enimanimiquimaxime','Et sunt corporis est ut quidem neque.','Et ut aut pariatur iste tenetur et.','Enimanimiquimaxime','coralie@robel.info',NULL,NULL,'NNGRG6','coralie@robel.info',NULL,1,NULL,NULL,0,NULL,NULL),(12,'Isteomnissolutaquaerat','Omnis voluptas laboriosam consequuntur doloremque sed cum.','Sunt qui omnis molestiae.','Isteomnissolutaquaerat','destany@frami.com',NULL,NULL,'3ZUJA2','destany@frami.com',NULL,1,NULL,NULL,0,NULL,NULL),(13,'Nonminusdoloremsint','Et id dolore in explicabo at aliquid.','Dolores a et numquam nostrum.','Nonminusdoloremsint','brandyn@kshlerin.co.uk',NULL,NULL,'IPI3FQ','brandyn@kshlerin.co.uk',NULL,1,NULL,NULL,0,NULL,NULL),(14,'Accusantiumadipisciodiodolores','Asperiores excepturi ut totam quisquam vitae.','Ea alias aut voluptatem eum ut qui aut tempora.','Accusantiumadipisciodiodolores','derick.willms@torp.name',NULL,NULL,'V5R8J8','derick.willms@torp.name',NULL,1,NULL,NULL,0,NULL,NULL),(15,'Commodiminusmolestiaevel','Aut voluptatem eum placeat libero natus qui aut.','Odit ipsum commodi sed nisi.','Commodiminusmolestiaevel','jakayla@corwin.name',NULL,NULL,'822C83','jakayla@corwin.name',NULL,1,NULL,NULL,0,NULL,NULL);
/*!40000 ALTER TABLE `inventory_pools` ENABLE KEYS */;
UNLOCK TABLES;

--
-- Table structure for table `inventory_pools_model_groups`
--

DROP TABLE IF EXISTS `inventory_pools_model_groups`;
/*!40101 SET @saved_cs_client     = @@character_set_client */;
/*!40101 SET character_set_client = utf8 */;
CREATE TABLE `inventory_pools_model_groups` (
  `inventory_pool_id` int(11) DEFAULT NULL,
  `model_group_id` int(11) DEFAULT NULL,
  KEY `index_inventory_pools_model_groups_on_inventory_pool_id` (`inventory_pool_id`),
  KEY `index_inventory_pools_model_groups_on_model_group_id` (`model_group_id`)
) ENGINE=InnoDB DEFAULT CHARSET=utf8 COLLATE=utf8_unicode_ci;
/*!40101 SET character_set_client = @saved_cs_client */;

--
-- Dumping data for table `inventory_pools_model_groups`
--

LOCK TABLES `inventory_pools_model_groups` WRITE;
/*!40000 ALTER TABLE `inventory_pools_model_groups` DISABLE KEYS */;
INSERT INTO `inventory_pools_model_groups` VALUES (1,12),(1,13),(1,14);
/*!40000 ALTER TABLE `inventory_pools_model_groups` ENABLE KEYS */;
UNLOCK TABLES;

--
-- Table structure for table `items`
--

DROP TABLE IF EXISTS `items`;
/*!40101 SET @saved_cs_client     = @@character_set_client */;
/*!40101 SET character_set_client = utf8 */;
CREATE TABLE `items` (
  `id` int(11) NOT NULL AUTO_INCREMENT,
  `inventory_code` varchar(255) COLLATE utf8_unicode_ci DEFAULT NULL,
  `serial_number` varchar(255) COLLATE utf8_unicode_ci DEFAULT NULL,
  `model_id` int(11) DEFAULT NULL,
  `location_id` int(11) DEFAULT NULL,
  `supplier_id` int(11) DEFAULT NULL,
  `owner_id` int(11) DEFAULT NULL,
  `parent_id` int(11) DEFAULT NULL,
  `invoice_number` varchar(255) COLLATE utf8_unicode_ci DEFAULT NULL,
  `invoice_date` date DEFAULT NULL,
  `last_check` date DEFAULT NULL,
  `retired` date DEFAULT NULL,
  `retired_reason` varchar(255) COLLATE utf8_unicode_ci DEFAULT NULL,
  `price` decimal(8,2) DEFAULT NULL,
  `is_broken` tinyint(1) DEFAULT '0',
  `is_incomplete` tinyint(1) DEFAULT '0',
  `is_borrowable` tinyint(1) DEFAULT '0',
  `needs_permission` tinyint(1) DEFAULT '0',
  `inventory_pool_id` int(11) DEFAULT NULL,
  `is_inventory_relevant` tinyint(1) DEFAULT '0',
  `responsible` varchar(255) COLLATE utf8_unicode_ci DEFAULT NULL,
  `insurance_number` varchar(255) COLLATE utf8_unicode_ci DEFAULT NULL,
  `note` text COLLATE utf8_unicode_ci,
  `name` text COLLATE utf8_unicode_ci,
  `user_name` varchar(255) COLLATE utf8_unicode_ci DEFAULT NULL,
  `properties` varchar(2048) COLLATE utf8_unicode_ci DEFAULT NULL,
  `created_at` datetime DEFAULT NULL,
  `updated_at` datetime DEFAULT NULL,
  PRIMARY KEY (`id`),
  UNIQUE KEY `index_items_on_inventory_code` (`inventory_code`),
  KEY `index_items_on_inventory_pool_id` (`inventory_pool_id`),
  KEY `index_items_on_retired` (`retired`),
  KEY `index_items_on_is_borrowable` (`is_borrowable`),
  KEY `index_items_on_is_broken` (`is_broken`),
  KEY `index_items_on_is_incomplete` (`is_incomplete`),
  KEY `index_items_on_location_id` (`location_id`),
  KEY `index_items_on_owner_id` (`owner_id`),
  KEY `index_items_on_parent_id_and_retired` (`parent_id`,`retired`),
  KEY `index_items_on_model_id_and_retired_and_inventory_pool_id` (`model_id`,`retired`,`inventory_pool_id`)
) ENGINE=InnoDB AUTO_INCREMENT=279 DEFAULT CHARSET=utf8 COLLATE=utf8_unicode_ci;
/*!40101 SET character_set_client = @saved_cs_client */;

--
-- Dumping data for table `items`
--

LOCK TABLES `items` WRITE;
/*!40000 ALTER TABLE `items` DISABLE KEYS */;
INSERT INTO `items` VALUES (1,'iauh8z5p889pg511dlrh206','27:f2:5d:f5:d2:de-31:8a:f8:41:6d:33-f7:1b:ae:bf:29:38',1,1,1,6,NULL,NULL,'2011-07-21','2013-08-22',NULL,NULL,'128.00',0,0,1,0,5,1,NULL,NULL,NULL,NULL,NULL,'--- !ruby/hash:ActiveSupport::HashWithIndifferentAccess\nanschaffungskategorie: AV-Technik\nreference: invoice\numzug: zgeln\nankunftszustand: intakt\n','2013-08-21 22:15:31','2013-08-21 22:15:31'),(2,'zphd9ek3zhnokblw0rs1207','6c:4a:4c:53:95:a9-cf:53:8f:30:10:d1-a1:5d:31:5c:4b:5e',1,2,2,7,NULL,NULL,'2009-05-06','2013-08-22',NULL,NULL,'802.00',0,0,1,0,5,1,NULL,NULL,NULL,NULL,NULL,'--- !ruby/hash:ActiveSupport::HashWithIndifferentAccess\nanschaffungskategorie: AV-Technik\nreference: invoice\numzug: zgeln\nankunftszustand: intakt\n','2013-08-21 22:15:31','2013-08-21 22:15:31'),(3,'qyk14fc8igzjle60ybmo208','59:3f:03:64:bc:c0-a0:d4:7c:2b:11:6d-75:c3:6b:70:c4:5d',1,3,3,8,NULL,NULL,'2012-11-15','2013-08-22',NULL,NULL,'1085.00',0,0,1,0,5,1,NULL,NULL,NULL,NULL,NULL,'--- !ruby/hash:ActiveSupport::HashWithIndifferentAccess\nanschaffungskategorie: AV-Technik\nreference: invoice\numzug: zgeln\nankunftszustand: intakt\n','2013-08-21 22:15:31','2013-08-21 22:15:31'),(4,'2mapg9x6bawmeyv4p4r9209','43:ce:ba:fd:43:6a-54:f2:8e:e9:e7:4c-b2:da:f8:9c:f0:0e',5,4,4,2,NULL,NULL,'2010-02-07','2013-08-22',NULL,NULL,'1105.00',0,0,1,0,5,1,NULL,NULL,NULL,NULL,NULL,'--- !ruby/hash:ActiveSupport::HashWithIndifferentAccess\nanschaffungskategorie: AV-Technik\nreference: invoice\numzug: zgeln\nankunftszustand: intakt\n','2013-08-21 22:15:31','2013-08-21 22:15:31'),(5,'tg5uhytafp9z6ssu59uq210','9d:cb:9a:3d:97:20-6f:44:b1:57:f7:36-f5:e1:f3:1c:b8:73',5,5,5,4,NULL,NULL,'2012-06-27','2013-08-22',NULL,NULL,'1131.00',0,0,1,0,5,1,NULL,NULL,NULL,NULL,NULL,'--- !ruby/hash:ActiveSupport::HashWithIndifferentAccess\nanschaffungskategorie: AV-Technik\nreference: invoice\numzug: zgeln\nankunftszustand: intakt\n','2013-08-21 22:15:31','2013-08-21 22:15:31'),(6,'qq69ex8to7n2uzzzlexa211','6b:47:96:28:b9:9d-94:64:61:c2:f0:8c-14:10:4c:6a:48:c3',5,6,6,9,NULL,NULL,'2010-08-29','2013-08-22',NULL,NULL,'341.00',0,0,1,0,5,1,NULL,NULL,NULL,NULL,NULL,'--- !ruby/hash:ActiveSupport::HashWithIndifferentAccess\nanschaffungskategorie: AV-Technik\nreference: invoice\numzug: zgeln\nankunftszustand: intakt\n','2013-08-21 22:15:31','2013-08-21 22:15:31'),(7,'rd6a70j7ovg912yvuxtu212','6a:dc:88:9d:3c:db-ab:4e:4b:48:fc:e1-3c:6b:2e:53:f7:80',9,7,7,10,NULL,NULL,'2008-06-09','2013-08-22',NULL,NULL,'212.00',0,0,1,0,5,1,NULL,NULL,NULL,NULL,NULL,'--- !ruby/hash:ActiveSupport::HashWithIndifferentAccess\nanschaffungskategorie: AV-Technik\nreference: invoice\numzug: zgeln\nankunftszustand: intakt\n','2013-08-21 22:15:31','2013-08-21 22:15:31'),(8,'4zmpblnoi3z4pci26l17213','2a:b1:0b:45:c1:85-63:79:1e:cb:b9:be-de:f1:5e:bc:51:72',9,8,8,4,NULL,NULL,'2008-04-20','2013-08-22',NULL,NULL,'1489.00',0,0,1,0,5,1,NULL,NULL,NULL,NULL,NULL,'--- !ruby/hash:ActiveSupport::HashWithIndifferentAccess\nanschaffungskategorie: AV-Technik\nreference: invoice\numzug: zgeln\nankunftszustand: intakt\n','2013-08-21 22:15:31','2013-08-21 22:15:31'),(9,'0javect1ckqciaoxopnb214','46:a7:82:5c:c0:9f-10:25:ee:dc:a9:3e-91:bf:0a:c0:61:d1',9,9,9,4,NULL,NULL,'2009-06-20','2013-08-22',NULL,NULL,'462.00',0,0,1,0,5,1,NULL,NULL,NULL,NULL,NULL,'--- !ruby/hash:ActiveSupport::HashWithIndifferentAccess\nanschaffungskategorie: AV-Technik\nreference: invoice\numzug: zgeln\nankunftszustand: intakt\n','2013-08-21 22:15:31','2013-08-21 22:15:31'),(10,'zvgkdq1jkmh4eo1trgz1215','a3:bc:60:01:79:9f-06:bf:10:fd:f4:3d-8c:2b:ba:d7:57:d7',13,10,10,6,NULL,NULL,'2008-03-19','2013-08-22',NULL,NULL,'916.00',0,0,1,0,5,1,NULL,NULL,NULL,NULL,NULL,'--- !ruby/hash:ActiveSupport::HashWithIndifferentAccess\nanschaffungskategorie: AV-Technik\nreference: invoice\numzug: zgeln\nankunftszustand: intakt\n','2013-08-21 22:15:31','2013-08-21 22:15:31'),(11,'4wp14pohna5cpf9tyjv6216','c7:aa:ba:43:23:b5-0a:03:c6:c9:4a:16-29:0d:5e:08:66:b6',13,11,11,11,NULL,NULL,'2010-07-16','2013-08-22',NULL,NULL,'1448.00',0,0,1,0,5,1,NULL,NULL,NULL,NULL,NULL,'--- !ruby/hash:ActiveSupport::HashWithIndifferentAccess\nanschaffungskategorie: AV-Technik\nreference: invoice\numzug: zgeln\nankunftszustand: intakt\n','2013-08-21 22:15:31','2013-08-21 22:15:31'),(12,'d9tvk6f9gr2zxtxwgov5217','ce:4f:02:54:16:66-7e:95:fc:42:e1:d3-b0:f8:aa:c4:ed:04',13,12,12,11,NULL,NULL,'2009-11-10','2013-08-22',NULL,NULL,'304.00',0,0,1,0,5,1,NULL,NULL,NULL,NULL,NULL,'--- !ruby/hash:ActiveSupport::HashWithIndifferentAccess\nanschaffungskategorie: AV-Technik\nreference: invoice\numzug: zgeln\nankunftszustand: intakt\n','2013-08-21 22:15:31','2013-08-21 22:15:31'),(13,'yfcv1ipai0qjeigs8hnv218','64:5f:32:03:55:22-e9:7f:63:2d:18:22-35:2f:95:8d:cd:04',17,13,13,1,NULL,NULL,'2008-02-17','2013-08-22',NULL,NULL,'939.00',0,0,1,0,5,1,NULL,NULL,NULL,NULL,NULL,'--- !ruby/hash:ActiveSupport::HashWithIndifferentAccess\nanschaffungskategorie: AV-Technik\nreference: invoice\numzug: zgeln\nankunftszustand: intakt\n','2013-08-21 22:15:31','2013-08-21 22:15:31'),(14,'tmy7svdky28yyvzib14k219','ca:71:8a:b9:a6:24-d1:70:14:f0:c1:f6-45:00:be:15:96:55',17,14,14,5,NULL,NULL,'2012-03-26','2013-08-22',NULL,NULL,'9.00',0,0,1,0,5,1,NULL,NULL,NULL,NULL,NULL,'--- !ruby/hash:ActiveSupport::HashWithIndifferentAccess\nanschaffungskategorie: AV-Technik\nreference: invoice\numzug: zgeln\nankunftszustand: intakt\n','2013-08-21 22:15:31','2013-08-21 22:15:31'),(15,'bowbgl0802hh8w3l4111220','31:7e:9a:35:70:e1-9c:23:33:80:36:e6-4d:7a:b8:17:a1:80',17,15,15,6,NULL,NULL,'2010-08-05','2013-08-22',NULL,NULL,'1418.00',0,0,1,0,5,1,NULL,NULL,NULL,NULL,NULL,'--- !ruby/hash:ActiveSupport::HashWithIndifferentAccess\nanschaffungskategorie: AV-Technik\nreference: invoice\numzug: zgeln\nankunftszustand: intakt\n','2013-08-21 22:15:31','2013-08-21 22:15:31'),(16,'bi2y8zn8ljlc7rptrmdc221','8b:0f:18:cb:83:94-3c:bc:7d:eb:ab:3b-a0:d3:46:34:c0:49',21,16,16,10,NULL,NULL,'2008-05-03','2013-08-22',NULL,NULL,'138.00',0,0,1,0,12,1,NULL,NULL,NULL,NULL,NULL,'--- !ruby/hash:ActiveSupport::HashWithIndifferentAccess\nanschaffungskategorie: AV-Technik\nreference: invoice\numzug: zgeln\nankunftszustand: intakt\n','2013-08-21 22:15:31','2013-08-21 22:15:31'),(17,'33ex51px6brifrbbn6ve222','e3:09:93:5d:9d:b8-07:48:ba:c7:4a:40-96:68:1f:1d:c8:0f',21,17,17,9,NULL,NULL,'2008-02-04','2013-08-22',NULL,NULL,'290.00',0,0,1,0,12,1,NULL,NULL,NULL,NULL,NULL,'--- !ruby/hash:ActiveSupport::HashWithIndifferentAccess\nanschaffungskategorie: AV-Technik\nreference: invoice\numzug: zgeln\nankunftszustand: intakt\n','2013-08-21 22:15:31','2013-08-21 22:15:31'),(18,'miaod780hljyhaub6bsb223','dd:a8:85:2a:55:52-73:d7:38:92:b4:08-b9:41:c9:95:b7:36',21,18,18,12,NULL,NULL,'2010-08-17','2013-08-22',NULL,NULL,'533.00',0,0,1,0,12,1,NULL,NULL,NULL,NULL,NULL,'--- !ruby/hash:ActiveSupport::HashWithIndifferentAccess\nanschaffungskategorie: AV-Technik\nreference: invoice\numzug: zgeln\nankunftszustand: intakt\n','2013-08-21 22:15:31','2013-08-21 22:15:31'),(19,'vobgol4lyqdhizgy2fsx224','e1:a3:be:7c:86:24-a3:52:6e:0f:4f:b0-5c:de:3c:c6:b8:29',25,19,19,7,NULL,NULL,'2011-05-05','2013-08-22',NULL,NULL,'705.00',0,0,1,0,12,1,NULL,NULL,NULL,NULL,NULL,'--- !ruby/hash:ActiveSupport::HashWithIndifferentAccess\nanschaffungskategorie: AV-Technik\nreference: invoice\numzug: zgeln\nankunftszustand: intakt\n','2013-08-21 22:15:31','2013-08-21 22:15:31'),(20,'hnct8zsymibnj0qtqukn225','09:a8:0c:3d:14:d5-87:d3:48:57:4e:9e-d6:83:ad:5a:86:d1',25,20,20,1,NULL,NULL,'2011-01-21','2013-08-22',NULL,NULL,'1354.00',0,0,1,0,12,1,NULL,NULL,NULL,NULL,NULL,'--- !ruby/hash:ActiveSupport::HashWithIndifferentAccess\nanschaffungskategorie: AV-Technik\nreference: invoice\numzug: zgeln\nankunftszustand: intakt\n','2013-08-21 22:15:31','2013-08-21 22:15:31'),(21,'t1jfrq1pk1vgcrls6ggq226','94:cb:fe:08:9d:60-a7:78:e6:f8:8b:09-ab:5a:2b:a2:e7:96',25,21,21,1,NULL,NULL,'2009-04-27','2013-08-22',NULL,NULL,'550.00',0,0,1,0,12,1,NULL,NULL,NULL,NULL,NULL,'--- !ruby/hash:ActiveSupport::HashWithIndifferentAccess\nanschaffungskategorie: AV-Technik\nreference: invoice\numzug: zgeln\nankunftszustand: intakt\n','2013-08-21 22:15:31','2013-08-21 22:15:31'),(22,'c90lrm42wf4vokgtzkbw227','e0:75:29:5c:c7:88-c9:85:b5:8b:9c:b2-cc:62:09:a5:1b:72',29,22,22,9,NULL,NULL,'2009-11-13','2013-08-22',NULL,NULL,'688.00',0,0,1,0,12,1,NULL,NULL,NULL,NULL,NULL,'--- !ruby/hash:ActiveSupport::HashWithIndifferentAccess\nanschaffungskategorie: AV-Technik\nreference: invoice\numzug: zgeln\nankunftszustand: intakt\n','2013-08-21 22:15:31','2013-08-21 22:15:31'),(23,'5zedw2w3oz3i0p7o9dw7228','9a:78:9a:4d:da:d0-d8:5a:ab:41:5e:eb-ba:98:8a:98:51:d9',29,23,23,8,NULL,NULL,'2010-03-22','2013-08-22',NULL,NULL,'235.00',0,0,1,0,12,1,NULL,NULL,NULL,NULL,NULL,'--- !ruby/hash:ActiveSupport::HashWithIndifferentAccess\nanschaffungskategorie: AV-Technik\nreference: invoice\numzug: zgeln\nankunftszustand: intakt\n','2013-08-21 22:15:31','2013-08-21 22:15:31'),(24,'qkldxsluydcdawffkxc8229','1d:e6:d6:dd:1b:6f-1d:58:23:ff:28:b7-71:f0:b4:e2:15:0b',29,24,24,10,NULL,NULL,'2012-06-27','2013-08-22',NULL,NULL,'846.00',0,0,1,0,12,1,NULL,NULL,NULL,NULL,NULL,'--- !ruby/hash:ActiveSupport::HashWithIndifferentAccess\nanschaffungskategorie: AV-Technik\nreference: invoice\numzug: zgeln\nankunftszustand: intakt\n','2013-08-21 22:15:31','2013-08-21 22:15:31'),(25,'3sny26lusmyfpob8w8w2230','5a:f5:d7:06:2e:2a-61:c2:ec:33:ec:d0-4d:61:91:e3:e4:e8',33,25,25,10,NULL,NULL,'2012-12-11','2013-08-22',NULL,NULL,'504.00',0,0,1,0,1,1,NULL,NULL,NULL,NULL,NULL,'--- !ruby/hash:ActiveSupport::HashWithIndifferentAccess\nanschaffungskategorie: AV-Technik\nreference: invoice\numzug: zgeln\nankunftszustand: intakt\n','2013-08-21 22:15:31','2013-08-21 22:15:31'),(26,'5bfjqah3eex7d503fss7231','62:ed:d1:10:26:b4-79:8e:24:0d:2d:fb-2f:2c:88:2a:18:ce',33,26,26,7,NULL,NULL,'2011-11-27','2013-08-22',NULL,NULL,'279.00',0,0,1,0,1,1,NULL,NULL,NULL,NULL,NULL,'--- !ruby/hash:ActiveSupport::HashWithIndifferentAccess\nanschaffungskategorie: AV-Technik\nreference: invoice\numzug: zgeln\nankunftszustand: intakt\n','2013-08-21 22:15:31','2013-08-21 22:15:31'),(27,'uzrqvnhspxl87n4qltli232','ab:73:6c:7f:84:f8-8d:63:3c:c9:5a:04-bb:a7:84:6e:10:fa',33,27,27,1,NULL,NULL,'2008-12-19','2013-08-22',NULL,NULL,'807.00',0,0,1,0,1,1,NULL,NULL,NULL,NULL,NULL,'--- !ruby/hash:ActiveSupport::HashWithIndifferentAccess\nanschaffungskategorie: AV-Technik\nreference: invoice\numzug: zgeln\nankunftszustand: intakt\n','2013-08-21 22:15:31','2013-08-21 22:15:31'),(28,'yeqr9oj7qf7cdctqzgl8233','1d:36:07:89:47:3b-df:d5:a5:c2:03:55-a7:70:b5:10:87:4d',37,28,28,9,NULL,NULL,'2008-02-27','2013-08-22',NULL,NULL,'647.00',0,0,1,0,1,1,NULL,NULL,NULL,NULL,NULL,'--- !ruby/hash:ActiveSupport::HashWithIndifferentAccess\nanschaffungskategorie: AV-Technik\nreference: invoice\numzug: zgeln\nankunftszustand: intakt\n','2013-08-21 22:15:31','2013-08-21 22:15:31'),(29,'9ckt6eylio994d6bzihe234','09:b8:1e:59:4f:54-b4:91:45:0a:b2:f2-cc:95:b7:47:ae:8c',37,29,29,1,NULL,NULL,'2009-10-06','2013-08-22',NULL,NULL,'1439.00',0,0,1,0,1,1,NULL,NULL,NULL,NULL,NULL,'--- !ruby/hash:ActiveSupport::HashWithIndifferentAccess\nanschaffungskategorie: AV-Technik\nreference: invoice\numzug: zgeln\nankunftszustand: intakt\n','2013-08-21 22:15:31','2013-08-21 22:15:31'),(30,'id01xmvgo83d3wn962kw235','87:c9:3d:e4:53:ef-aa:0a:2f:61:9c:85-19:2b:a0:0c:81:f3',37,30,30,9,NULL,NULL,'2009-09-20','2013-08-22',NULL,NULL,'559.00',0,0,1,0,1,1,NULL,NULL,NULL,NULL,NULL,'--- !ruby/hash:ActiveSupport::HashWithIndifferentAccess\nanschaffungskategorie: AV-Technik\nreference: invoice\numzug: zgeln\nankunftszustand: intakt\n','2013-08-21 22:15:31','2013-08-21 22:15:31'),(31,'t08qw9z61qwdihjgl8tp236','09:c7:fe:64:75:d8-93:14:f9:db:44:38-7a:fd:58:37:48:79',41,31,31,6,NULL,NULL,'2011-09-23','2013-08-22',NULL,NULL,'1154.00',0,0,1,0,1,1,NULL,NULL,NULL,NULL,NULL,'--- !ruby/hash:ActiveSupport::HashWithIndifferentAccess\nanschaffungskategorie: AV-Technik\nreference: invoice\numzug: zgeln\nankunftszustand: intakt\n','2013-08-21 22:15:31','2013-08-21 22:15:31'),(32,'2p8c5i2ocw40sxb3684c237','b4:fd:cd:18:84:e8-0e:98:cc:6f:85:1a-6b:01:3c:a9:b0:be',41,32,32,4,NULL,NULL,'2011-01-24','2013-08-22',NULL,NULL,'303.00',0,0,1,0,1,1,NULL,NULL,NULL,NULL,NULL,'--- !ruby/hash:ActiveSupport::HashWithIndifferentAccess\nanschaffungskategorie: AV-Technik\nreference: invoice\numzug: zgeln\nankunftszustand: intakt\n','2013-08-21 22:15:31','2013-08-21 22:15:31'),(33,'7vk3d51xjzt5ikuvo5kh238','10:6e:e2:01:61:4d-bd:fd:4d:10:5a:94-05:91:17:ca:7f:09',41,33,33,4,NULL,NULL,'2012-07-14','2013-08-22',NULL,NULL,'29.00',0,0,1,0,1,1,NULL,NULL,NULL,NULL,NULL,'--- !ruby/hash:ActiveSupport::HashWithIndifferentAccess\nanschaffungskategorie: AV-Technik\nreference: invoice\numzug: zgeln\nankunftszustand: intakt\n','2013-08-21 22:15:31','2013-08-21 22:15:31'),(34,'3bo056eb3puzejo1uzwd239','96:c7:a6:a0:1a:a0-82:6d:bd:dc:38:12-54:41:f9:bd:70:8b',45,34,34,8,NULL,NULL,'2012-08-04','2013-08-22',NULL,NULL,'630.00',0,0,1,0,1,1,NULL,NULL,NULL,NULL,NULL,'--- !ruby/hash:ActiveSupport::HashWithIndifferentAccess\nanschaffungskategorie: AV-Technik\nreference: invoice\numzug: zgeln\nankunftszustand: intakt\n','2013-08-21 22:15:31','2013-08-21 22:15:31'),(35,'z9srl47tdcg819fk0g3d240','c5:7c:cf:75:10:30-39:7e:52:0f:0f:fc-5e:b1:fc:d1:bd:65',45,35,35,4,NULL,NULL,'2008-09-03','2013-08-22',NULL,NULL,'1353.00',0,0,1,0,1,1,NULL,NULL,NULL,NULL,NULL,'--- !ruby/hash:ActiveSupport::HashWithIndifferentAccess\nanschaffungskategorie: AV-Technik\nreference: invoice\numzug: zgeln\nankunftszustand: intakt\n','2013-08-21 22:15:31','2013-08-21 22:15:31'),(36,'8t8n66zn8jw1wykmsbm8241','bc:98:f1:6a:db:31-f2:a6:18:b3:02:35-39:4d:a4:97:3d:69',45,36,36,6,NULL,NULL,'2010-03-17','2013-08-22',NULL,NULL,'208.00',0,0,1,0,1,1,NULL,NULL,NULL,NULL,NULL,'--- !ruby/hash:ActiveSupport::HashWithIndifferentAccess\nanschaffungskategorie: AV-Technik\nreference: invoice\numzug: zgeln\nankunftszustand: intakt\n','2013-08-21 22:15:31','2013-08-21 22:15:31'),(37,'iane126s292uewo8zpxj242','44:30:7d:95:cc:2a-e9:55:98:c8:ba:0c-23:99:83:dc:04:8a',49,37,37,3,NULL,NULL,'2010-08-01','2013-08-22',NULL,NULL,'1054.00',0,0,1,0,1,1,NULL,NULL,NULL,NULL,NULL,'--- !ruby/hash:ActiveSupport::HashWithIndifferentAccess\nanschaffungskategorie: AV-Technik\nreference: invoice\numzug: zgeln\nankunftszustand: intakt\n','2013-08-21 22:15:31','2013-08-21 22:15:31'),(38,'n31ddfyev84qvm4z1qom243','48:04:8f:e5:e2:50-cb:f4:67:a6:0f:f0-a5:3a:d7:bb:3c:af',49,38,38,6,NULL,NULL,'2008-10-29','2013-08-22',NULL,NULL,'898.00',0,0,1,0,1,1,NULL,NULL,NULL,NULL,NULL,'--- !ruby/hash:ActiveSupport::HashWithIndifferentAccess\nanschaffungskategorie: AV-Technik\nreference: invoice\numzug: zgeln\nankunftszustand: intakt\n','2013-08-21 22:15:31','2013-08-21 22:15:31'),(39,'4m3nt7vudr6c5d29nnnh244','81:e5:b8:62:cc:c3-20:f9:b5:4b:a5:1b-44:c2:0e:9c:f3:57',49,39,39,8,NULL,NULL,'2008-05-26','2013-08-22',NULL,NULL,'1031.00',0,0,1,0,1,1,NULL,NULL,NULL,NULL,NULL,'--- !ruby/hash:ActiveSupport::HashWithIndifferentAccess\nanschaffungskategorie: AV-Technik\nreference: invoice\numzug: zgeln\nankunftszustand: intakt\n','2013-08-21 22:15:31','2013-08-21 22:15:31'),(40,'kgxtq0zmwf72721tmd1a245','b6:ce:bd:1d:04:23-27:8f:08:47:ec:32-13:47:b8:d6:84:3e',53,40,40,3,NULL,NULL,'2011-11-21','2013-08-22',NULL,NULL,'549.00',0,0,1,0,1,1,NULL,NULL,NULL,NULL,NULL,'--- !ruby/hash:ActiveSupport::HashWithIndifferentAccess\nanschaffungskategorie: AV-Technik\nreference: invoice\numzug: zgeln\nankunftszustand: intakt\n','2013-08-21 22:15:31','2013-08-21 22:15:31'),(41,'j8s5ajhwhgjdvm0o6ttl246','f8:fb:4f:fc:2c:10-7a:f4:a2:b6:59:e6-4f:e2:2e:ef:cc:57',53,41,41,6,NULL,NULL,'2012-11-20','2013-08-22',NULL,NULL,'595.00',0,0,1,0,1,1,NULL,NULL,NULL,NULL,NULL,'--- !ruby/hash:ActiveSupport::HashWithIndifferentAccess\nanschaffungskategorie: AV-Technik\nreference: invoice\numzug: zgeln\nankunftszustand: intakt\n','2013-08-21 22:15:31','2013-08-21 22:15:31'),(42,'9b5w4gqqtqowjwwumw36247','45:55:e4:31:fd:d4-2a:ac:2c:26:e4:fc-97:6a:55:8a:27:4a',53,42,42,11,NULL,NULL,'2012-12-17','2013-08-22',NULL,NULL,'392.00',0,0,1,0,1,1,NULL,NULL,NULL,NULL,NULL,'--- !ruby/hash:ActiveSupport::HashWithIndifferentAccess\nanschaffungskategorie: AV-Technik\nreference: invoice\numzug: zgeln\nankunftszustand: intakt\n','2013-08-21 22:15:31','2013-08-21 22:15:31'),(43,'book1','book1',57,43,43,2,NULL,NULL,'2010-12-21','2013-08-22',NULL,NULL,'479.00',0,0,1,0,2,1,NULL,NULL,NULL,NULL,NULL,'--- !ruby/hash:ActiveSupport::HashWithIndifferentAccess\nanschaffungskategorie: AV-Technik\nreference: invoice\numzug: zgeln\nankunftszustand: intakt\n','2013-08-21 22:15:31','2013-08-21 22:15:31'),(44,'book2','book2',57,43,44,2,NULL,NULL,'2010-02-24','2013-08-22',NULL,NULL,'379.00',0,0,1,0,2,1,NULL,NULL,NULL,NULL,NULL,'--- !ruby/hash:ActiveSupport::HashWithIndifferentAccess\nanschaffungskategorie: AV-Technik\nreference: invoice\numzug: zgeln\nankunftszustand: intakt\n','2013-08-21 22:15:31','2013-08-21 22:15:31'),(45,'beam123','xyz456',58,44,45,1,NULL,NULL,'2008-07-11','2013-08-22',NULL,NULL,'658.00',0,0,1,0,1,1,NULL,NULL,NULL,'name123',NULL,'--- !ruby/hash:ActiveSupport::HashWithIndifferentAccess\nanschaffungskategorie: AV-Technik\nreference: invoice\numzug: zgeln\nankunftszustand: intakt\n','2013-08-21 22:15:31','2013-08-21 22:15:31'),(46,'beam345','xyz890',58,44,46,1,NULL,NULL,'2010-05-28','2013-08-22',NULL,NULL,'547.00',0,0,1,0,1,1,NULL,NULL,NULL,NULL,NULL,'--- !ruby/hash:ActiveSupport::HashWithIndifferentAccess\nanschaffungskategorie: AV-Technik\nreference: invoice\numzug: zgeln\nankunftszustand: intakt\n','2013-08-21 22:15:31','2013-08-21 22:15:31'),(47,'beam678','xyz678',59,44,47,1,NULL,NULL,'2011-08-17','2013-08-22',NULL,NULL,'485.00',0,0,1,0,1,1,NULL,NULL,NULL,NULL,NULL,'--- !ruby/hash:ActiveSupport::HashWithIndifferentAccess\nanschaffungskategorie: AV-Technik\nreference: invoice\numzug: zgeln\nankunftszustand: intakt\n','2013-08-21 22:15:31','2013-08-21 22:15:31'),(48,'beam749','xyz749',58,44,48,1,NULL,NULL,'2012-07-20','2013-08-22',NULL,NULL,'805.00',0,0,1,0,2,1,NULL,NULL,NULL,NULL,NULL,'--- !ruby/hash:ActiveSupport::HashWithIndifferentAccess\nanschaffungskategorie: AV-Technik\nreference: invoice\numzug: zgeln\nankunftszustand: intakt\n','2013-08-21 22:15:31','2013-08-21 22:15:31'),(49,'beamTest123','xyz749',61,44,49,1,NULL,NULL,'2009-08-17','2013-08-22',NULL,NULL,'1121.00',0,0,1,0,1,1,NULL,NULL,NULL,NULL,NULL,'--- !ruby/hash:ActiveSupport::HashWithIndifferentAccess\nanschaffungskategorie: AV-Technik\nreference: invoice\numzug: zgeln\nankunftszustand: intakt\n','2013-08-21 22:15:31','2013-08-21 22:15:31'),(50,'ucbeam1','minbeam1',62,44,50,1,NULL,NULL,'2008-07-13','2013-08-22',NULL,NULL,'945.00',0,0,1,0,1,1,NULL,NULL,NULL,'ucbeam1',NULL,'--- !ruby/hash:ActiveSupport::HashWithIndifferentAccess\nanschaffungskategorie: AV-Technik\nreference: invoice\numzug: zgeln\nankunftszustand: intakt\n','2013-08-21 22:15:31','2013-08-21 22:15:31'),(51,'microbeam1','microbeam1',63,44,51,1,NULL,NULL,'2010-07-22','2013-08-22',NULL,NULL,'911.00',0,0,1,0,1,1,NULL,NULL,NULL,'microbeam1',NULL,'--- !ruby/hash:ActiveSupport::HashWithIndifferentAccess\nanschaffungskategorie: AV-Technik\nreference: invoice\numzug: zgeln\nankunftszustand: intakt\n','2013-08-21 22:15:31','2013-08-21 22:15:31'),(52,'mbeam1','mbeam1',64,44,52,1,NULL,NULL,'2012-02-09','2013-08-22',NULL,NULL,'414.00',0,0,1,0,1,1,NULL,NULL,NULL,'mbeam1',NULL,'--- !ruby/hash:ActiveSupport::HashWithIndifferentAccess\nanschaffungskategorie: AV-Technik\nreference: invoice\numzug: zgeln\nankunftszustand: intakt\n','2013-08-21 22:15:31','2013-08-21 22:15:31'),(53,'mbeam2','mbeam2',65,44,53,1,NULL,NULL,'2011-06-14','2013-08-22',NULL,NULL,'806.00',0,0,1,0,1,1,NULL,NULL,NULL,'mbeam2',NULL,'--- !ruby/hash:ActiveSupport::HashWithIndifferentAccess\nanschaffungskategorie: AV-Technik\nreference: invoice\numzug: zgeln\nankunftszustand: intakt\n','2013-08-21 22:15:31','2013-08-21 22:15:31'),(54,'mbeam3','mbeam3',66,44,54,1,NULL,NULL,'2008-10-12','2013-08-22',NULL,NULL,'1117.00',0,0,1,0,1,1,NULL,NULL,NULL,'mbeam3',NULL,'--- !ruby/hash:ActiveSupport::HashWithIndifferentAccess\nanschaffungskategorie: AV-Technik\nreference: invoice\numzug: zgeln\nankunftszustand: intakt\n','2013-08-21 22:15:31','2013-08-21 22:15:31'),(55,'mbeam4','mbeam4',67,44,55,1,NULL,NULL,'2011-01-17','2013-08-22',NULL,NULL,'389.00',0,0,1,0,1,1,NULL,NULL,NULL,'mbeam4',NULL,'--- !ruby/hash:ActiveSupport::HashWithIndifferentAccess\nanschaffungskategorie: AV-Technik\nreference: invoice\numzug: zgeln\nankunftszustand: intakt\n','2013-08-21 22:15:31','2013-08-21 22:15:31'),(56,'mbeam5','mbeam5',68,44,56,1,NULL,NULL,'2011-08-19','2013-08-22',NULL,NULL,'881.00',0,0,1,0,1,1,NULL,NULL,NULL,'mbeam5',NULL,'--- !ruby/hash:ActiveSupport::HashWithIndifferentAccess\nanschaffungskategorie: AV-Technik\nreference: invoice\numzug: zgeln\nankunftszustand: intakt\n','2013-08-21 22:15:31','2013-08-21 22:15:31'),(57,'mbeam6','mbeam6',69,44,57,1,NULL,NULL,'2009-03-24','2013-08-22',NULL,NULL,'164.00',0,0,1,0,1,1,NULL,NULL,NULL,'mbeam6',NULL,'--- !ruby/hash:ActiveSupport::HashWithIndifferentAccess\nanschaffungskategorie: AV-Technik\nreference: invoice\numzug: zgeln\nankunftszustand: intakt\n','2013-08-21 22:15:31','2013-08-21 22:15:31'),(58,'mbeam7','mbeam7',70,44,58,1,NULL,NULL,'2008-08-22','2013-08-22',NULL,NULL,'346.00',0,0,1,0,1,1,NULL,NULL,NULL,'mbeam7',NULL,'--- !ruby/hash:ActiveSupport::HashWithIndifferentAccess\nanschaffungskategorie: AV-Technik\nreference: invoice\numzug: zgeln\nankunftszustand: intakt\n','2013-08-21 22:15:31','2013-08-21 22:15:31'),(59,'mbeam8','mbeam8',71,44,59,1,NULL,NULL,'2011-02-17','2013-08-22',NULL,NULL,'780.00',0,0,1,0,1,1,NULL,NULL,NULL,'mbeam8',NULL,'--- !ruby/hash:ActiveSupport::HashWithIndifferentAccess\nanschaffungskategorie: AV-Technik\nreference: invoice\numzug: zgeln\nankunftszustand: intakt\n','2013-08-21 22:15:31','2013-08-21 22:15:31'),(60,'mbeam9','mbeam9',72,44,60,1,NULL,NULL,'2011-04-26','2013-08-22',NULL,NULL,'593.00',0,0,1,0,1,1,NULL,NULL,NULL,'mbeam9',NULL,'--- !ruby/hash:ActiveSupport::HashWithIndifferentAccess\nanschaffungskategorie: AV-Technik\nreference: invoice\numzug: zgeln\nankunftszustand: intakt\n','2013-08-21 22:15:31','2013-08-21 22:15:31'),(61,'mbeam10','mbeam10',73,44,61,1,NULL,NULL,'2011-03-16','2013-08-22',NULL,NULL,'1114.00',0,0,1,0,1,1,NULL,NULL,NULL,'mbeam10',NULL,'--- !ruby/hash:ActiveSupport::HashWithIndifferentAccess\nanschaffungskategorie: AV-Technik\nreference: invoice\numzug: zgeln\nankunftszustand: intakt\n','2013-08-21 22:15:31','2013-08-21 22:15:31'),(62,'mbeam11','mbeam11',74,44,62,1,NULL,NULL,'2009-12-20','2013-08-22',NULL,NULL,'641.00',0,0,1,0,1,1,NULL,NULL,NULL,'mbeam11',NULL,'--- !ruby/hash:ActiveSupport::HashWithIndifferentAccess\nanschaffungskategorie: AV-Technik\nreference: invoice\numzug: zgeln\nankunftszustand: intakt\n','2013-08-21 22:15:31','2013-08-21 22:15:31'),(63,'mbeam12','mbeam12',75,44,63,1,NULL,NULL,'2012-04-18','2013-08-22',NULL,NULL,'652.00',0,0,1,0,1,1,NULL,NULL,NULL,'mbeam12',NULL,'--- !ruby/hash:ActiveSupport::HashWithIndifferentAccess\nanschaffungskategorie: AV-Technik\nreference: invoice\numzug: zgeln\nankunftszustand: intakt\n','2013-08-21 22:15:31','2013-08-21 22:15:31'),(64,'mbeam13','mbeam13',76,44,64,1,NULL,NULL,'2011-01-10','2013-08-22',NULL,NULL,'80.00',0,0,1,0,1,1,NULL,NULL,NULL,'mbeam13',NULL,'--- !ruby/hash:ActiveSupport::HashWithIndifferentAccess\nanschaffungskategorie: AV-Technik\nreference: invoice\numzug: zgeln\nankunftszustand: intakt\n','2013-08-21 22:15:31','2013-08-21 22:15:31'),(65,'mbeam14','mbeam14',77,44,65,1,NULL,NULL,'2009-12-10','2013-08-22',NULL,NULL,'108.00',0,0,1,0,1,1,NULL,NULL,NULL,'mbeam14',NULL,'--- !ruby/hash:ActiveSupport::HashWithIndifferentAccess\nanschaffungskategorie: AV-Technik\nreference: invoice\numzug: zgeln\nankunftszustand: intakt\n','2013-08-21 22:15:31','2013-08-21 22:15:31'),(66,'mbeam15','mbeam15',78,44,66,1,NULL,NULL,'2012-01-04','2013-08-22',NULL,NULL,'416.00',0,0,1,0,1,1,NULL,NULL,NULL,'mbeam15',NULL,'--- !ruby/hash:ActiveSupport::HashWithIndifferentAccess\nanschaffungskategorie: AV-Technik\nreference: invoice\numzug: zgeln\nankunftszustand: intakt\n','2013-08-21 22:15:31','2013-08-21 22:15:31'),(67,'mbeam16','mbeam16',79,44,67,1,NULL,NULL,'2011-04-28','2013-08-22',NULL,NULL,'745.00',0,0,1,0,1,1,NULL,NULL,NULL,'mbeam16',NULL,'--- !ruby/hash:ActiveSupport::HashWithIndifferentAccess\nanschaffungskategorie: AV-Technik\nreference: invoice\numzug: zgeln\nankunftszustand: intakt\n','2013-08-21 22:15:31','2013-08-21 22:15:31'),(68,'mbeam17','mbeam17',80,44,68,1,NULL,NULL,'2008-12-31','2013-08-22',NULL,NULL,'1333.00',0,0,1,0,1,1,NULL,NULL,NULL,'mbeam17',NULL,'--- !ruby/hash:ActiveSupport::HashWithIndifferentAccess\nanschaffungskategorie: AV-Technik\nreference: invoice\numzug: zgeln\nankunftszustand: intakt\n','2013-08-21 22:15:31','2013-08-21 22:15:31'),(69,'mbeam18','mbeam18',81,44,69,1,NULL,NULL,'2012-12-07','2013-08-22',NULL,NULL,'1.00',0,0,1,0,1,1,NULL,NULL,NULL,'mbeam18',NULL,'--- !ruby/hash:ActiveSupport::HashWithIndifferentAccess\nanschaffungskategorie: AV-Technik\nreference: invoice\numzug: zgeln\nankunftszustand: intakt\n','2013-08-21 22:15:31','2013-08-21 22:15:31'),(70,'mbeam19','mbeam19',82,44,70,1,NULL,NULL,'2009-11-19','2013-08-22',NULL,NULL,'1015.00',0,0,1,0,1,1,NULL,NULL,NULL,'mbeam19',NULL,'--- !ruby/hash:ActiveSupport::HashWithIndifferentAccess\nanschaffungskategorie: AV-Technik\nreference: invoice\numzug: zgeln\nankunftszustand: intakt\n','2013-08-21 22:15:31','2013-08-21 22:15:31'),(71,'mbeam20','mbeam20',83,44,71,1,NULL,NULL,'2008-07-30','2013-08-22',NULL,NULL,'1444.00',0,0,1,0,1,1,NULL,NULL,NULL,'mbeam20',NULL,'--- !ruby/hash:ActiveSupport::HashWithIndifferentAccess\nanschaffungskategorie: AV-Technik\nreference: invoice\numzug: zgeln\nankunftszustand: intakt\n','2013-08-21 22:15:31','2013-08-21 22:15:31'),(72,'cam123','abc234',84,44,72,1,NULL,NULL,'2012-08-16','2013-08-22',NULL,NULL,'363.00',0,0,1,0,1,1,NULL,NULL,NULL,NULL,NULL,'--- !ruby/hash:ActiveSupport::HashWithIndifferentAccess\nanschaffungskategorie: AV-Technik\nreference: invoice\numzug: zgeln\nankunftszustand: intakt\n','2013-08-21 22:15:31','2013-08-21 22:15:31'),(73,'cam345','ab567',84,44,73,1,NULL,NULL,'2012-01-20','2013-08-22',NULL,NULL,'800.00',0,0,1,0,1,1,NULL,NULL,NULL,NULL,NULL,'--- !ruby/hash:ActiveSupport::HashWithIndifferentAccess\nanschaffungskategorie: AV-Technik\nreference: invoice\numzug: zgeln\nankunftszustand: intakt\n','2013-08-21 22:15:31','2013-08-21 22:15:31'),(74,'cam567','ab789',84,44,74,1,NULL,NULL,'2009-03-11','2013-08-22',NULL,NULL,'859.00',0,0,1,0,1,1,NULL,NULL,NULL,NULL,NULL,'--- !ruby/hash:ActiveSupport::HashWithIndifferentAccess\nanschaffungskategorie: AV-Technik\nreference: invoice\numzug: zgeln\nankunftszustand: intakt\n','2013-08-21 22:15:31','2013-08-21 22:15:31'),(75,'cam53267','ab782129',84,44,75,1,NULL,NULL,'2012-05-10','2013-08-22',NULL,NULL,'1142.00',0,0,1,0,1,1,NULL,NULL,NULL,NULL,NULL,'--- !ruby/hash:ActiveSupport::HashWithIndifferentAccess\nanschaffungskategorie: AV-Technik\nreference: invoice\numzug: zgeln\nankunftszustand: intakt\n','2013-08-21 22:15:31','2013-08-21 22:15:31'),(76,'cam532asd67','ab78as2129',84,44,76,1,NULL,NULL,'2008-11-17','2013-08-22',NULL,NULL,'780.00',0,0,1,0,1,1,NULL,NULL,NULL,NULL,NULL,'--- !ruby/hash:ActiveSupport::HashWithIndifferentAccess\nanschaffungskategorie: AV-Technik\nreference: invoice\numzug: zgeln\nankunftszustand: intakt\n','2013-08-21 22:15:31','2013-08-21 22:15:31'),(77,'mcam1','mcam1',85,44,77,1,NULL,NULL,'2009-04-17','2013-08-22',NULL,NULL,'762.00',0,0,1,0,1,1,NULL,NULL,NULL,'mcam1',NULL,'--- !ruby/hash:ActiveSupport::HashWithIndifferentAccess\nanschaffungskategorie: AV-Technik\nreference: invoice\numzug: zgeln\nankunftszustand: intakt\n','2013-08-21 22:15:31','2013-08-21 22:15:31'),(78,'mcam2','mcam2',86,44,78,1,NULL,NULL,'2008-04-28','2013-08-22',NULL,NULL,'96.00',0,0,1,0,1,1,NULL,NULL,NULL,'mcam2',NULL,'--- !ruby/hash:ActiveSupport::HashWithIndifferentAccess\nanschaffungskategorie: AV-Technik\nreference: invoice\numzug: zgeln\nankunftszustand: intakt\n','2013-08-21 22:15:31','2013-08-21 22:15:31'),(79,'mcam3','mcam3',87,44,79,1,NULL,NULL,'2010-06-19','2013-08-22',NULL,NULL,'1317.00',0,0,1,0,1,1,NULL,NULL,NULL,'mcam3',NULL,'--- !ruby/hash:ActiveSupport::HashWithIndifferentAccess\nanschaffungskategorie: AV-Technik\nreference: invoice\numzug: zgeln\nankunftszustand: intakt\n','2013-08-21 22:15:31','2013-08-21 22:15:31'),(80,'mcam4','mcam4',88,44,80,1,NULL,NULL,'2008-02-23','2013-08-22',NULL,NULL,'596.00',0,0,1,0,1,1,NULL,NULL,NULL,'mcam4',NULL,'--- !ruby/hash:ActiveSupport::HashWithIndifferentAccess\nanschaffungskategorie: AV-Technik\nreference: invoice\numzug: zgeln\nankunftszustand: intakt\n','2013-08-21 22:15:31','2013-08-21 22:15:31'),(81,'mcam5','mcam5',89,44,81,1,NULL,NULL,'2010-11-04','2013-08-22',NULL,NULL,'1356.00',0,0,1,0,1,1,NULL,NULL,NULL,'mcam5',NULL,'--- !ruby/hash:ActiveSupport::HashWithIndifferentAccess\nanschaffungskategorie: AV-Technik\nreference: invoice\numzug: zgeln\nankunftszustand: intakt\n','2013-08-21 22:15:31','2013-08-21 22:15:31'),(82,'mcam6','mcam6',90,44,82,1,NULL,NULL,'2008-04-22','2013-08-22',NULL,NULL,'1123.00',0,0,1,0,1,1,NULL,NULL,NULL,'mcam6',NULL,'--- !ruby/hash:ActiveSupport::HashWithIndifferentAccess\nanschaffungskategorie: AV-Technik\nreference: invoice\numzug: zgeln\nankunftszustand: intakt\n','2013-08-21 22:15:31','2013-08-21 22:15:31'),(83,'mcam7','mcam7',91,44,83,1,NULL,NULL,'2008-04-17','2013-08-22',NULL,NULL,'446.00',0,0,1,0,1,1,NULL,NULL,NULL,'mcam7',NULL,'--- !ruby/hash:ActiveSupport::HashWithIndifferentAccess\nanschaffungskategorie: AV-Technik\nreference: invoice\numzug: zgeln\nankunftszustand: intakt\n','2013-08-21 22:15:31','2013-08-21 22:15:31'),(84,'mcam8','mcam8',92,44,84,1,NULL,NULL,'2009-07-24','2013-08-22',NULL,NULL,'590.00',0,0,1,0,1,1,NULL,NULL,NULL,'mcam8',NULL,'--- !ruby/hash:ActiveSupport::HashWithIndifferentAccess\nanschaffungskategorie: AV-Technik\nreference: invoice\numzug: zgeln\nankunftszustand: intakt\n','2013-08-21 22:15:31','2013-08-21 22:15:31'),(85,'mcam9','mcam9',93,44,85,1,NULL,NULL,'2011-09-27','2013-08-22',NULL,NULL,'1208.00',0,0,1,0,1,1,NULL,NULL,NULL,'mcam9',NULL,'--- !ruby/hash:ActiveSupport::HashWithIndifferentAccess\nanschaffungskategorie: AV-Technik\nreference: invoice\numzug: zgeln\nankunftszustand: intakt\n','2013-08-21 22:15:31','2013-08-21 22:15:31'),(86,'mcam10','mcam10',94,44,86,1,NULL,NULL,'2011-04-07','2013-08-22',NULL,NULL,'356.00',0,0,1,0,1,1,NULL,NULL,NULL,'mcam10',NULL,'--- !ruby/hash:ActiveSupport::HashWithIndifferentAccess\nanschaffungskategorie: AV-Technik\nreference: invoice\numzug: zgeln\nankunftszustand: intakt\n','2013-08-21 22:15:31','2013-08-21 22:15:31'),(87,'mcam11','mcam11',95,44,87,1,NULL,NULL,'2009-05-28','2013-08-22',NULL,NULL,'289.00',0,0,1,0,1,1,NULL,NULL,NULL,'mcam11',NULL,'--- !ruby/hash:ActiveSupport::HashWithIndifferentAccess\nanschaffungskategorie: AV-Technik\nreference: invoice\numzug: zgeln\nankunftszustand: intakt\n','2013-08-21 22:15:31','2013-08-21 22:15:31'),(88,'mcam12','mcam12',96,44,88,1,NULL,NULL,'2009-12-03','2013-08-22',NULL,NULL,'474.00',0,0,1,0,1,1,NULL,NULL,NULL,'mcam12',NULL,'--- !ruby/hash:ActiveSupport::HashWithIndifferentAccess\nanschaffungskategorie: AV-Technik\nreference: invoice\numzug: zgeln\nankunftszustand: intakt\n','2013-08-21 22:15:31','2013-08-21 22:15:31'),(89,'mcam13','mcam13',97,44,89,1,NULL,NULL,'2012-11-04','2013-08-22',NULL,NULL,'1372.00',0,0,1,0,1,1,NULL,NULL,NULL,'mcam13',NULL,'--- !ruby/hash:ActiveSupport::HashWithIndifferentAccess\nanschaffungskategorie: AV-Technik\nreference: invoice\numzug: zgeln\nankunftszustand: intakt\n','2013-08-21 22:15:31','2013-08-21 22:15:31'),(90,'mcam14','mcam14',98,44,90,1,NULL,NULL,'2008-12-31','2013-08-22',NULL,NULL,'1176.00',0,0,1,0,1,1,NULL,NULL,NULL,'mcam14',NULL,'--- !ruby/hash:ActiveSupport::HashWithIndifferentAccess\nanschaffungskategorie: AV-Technik\nreference: invoice\numzug: zgeln\nankunftszustand: intakt\n','2013-08-21 22:15:31','2013-08-21 22:15:31'),(91,'mcam15','mcam15',99,44,91,1,NULL,NULL,'2008-02-24','2013-08-22',NULL,NULL,'290.00',0,0,1,0,1,1,NULL,NULL,NULL,'mcam15',NULL,'--- !ruby/hash:ActiveSupport::HashWithIndifferentAccess\nanschaffungskategorie: AV-Technik\nreference: invoice\numzug: zgeln\nankunftszustand: intakt\n','2013-08-21 22:15:31','2013-08-21 22:15:31'),(92,'mcam16','mcam16',100,44,92,1,NULL,NULL,'2010-06-25','2013-08-22',NULL,NULL,'609.00',0,0,1,0,1,1,NULL,NULL,NULL,'mcam16',NULL,'--- !ruby/hash:ActiveSupport::HashWithIndifferentAccess\nanschaffungskategorie: AV-Technik\nreference: invoice\numzug: zgeln\nankunftszustand: intakt\n','2013-08-21 22:15:31','2013-08-21 22:15:31'),(93,'mcam17','mcam17',101,44,93,1,NULL,NULL,'2009-05-30','2013-08-22',NULL,NULL,'380.00',0,0,1,0,1,1,NULL,NULL,NULL,'mcam17',NULL,'--- !ruby/hash:ActiveSupport::HashWithIndifferentAccess\nanschaffungskategorie: AV-Technik\nreference: invoice\numzug: zgeln\nankunftszustand: intakt\n','2013-08-21 22:15:31','2013-08-21 22:15:31'),(94,'mcam18','mcam18',102,44,94,1,NULL,NULL,'2008-02-11','2013-08-22',NULL,NULL,'295.00',0,0,1,0,1,1,NULL,NULL,NULL,'mcam18',NULL,'--- !ruby/hash:ActiveSupport::HashWithIndifferentAccess\nanschaffungskategorie: AV-Technik\nreference: invoice\numzug: zgeln\nankunftszustand: intakt\n','2013-08-21 22:15:31','2013-08-21 22:15:31'),(95,'mcam19','mcam19',103,44,95,1,NULL,NULL,'2012-02-22','2013-08-22',NULL,NULL,'477.00',0,0,1,0,1,1,NULL,NULL,NULL,'mcam19',NULL,'--- !ruby/hash:ActiveSupport::HashWithIndifferentAccess\nanschaffungskategorie: AV-Technik\nreference: invoice\numzug: zgeln\nankunftszustand: intakt\n','2013-08-21 22:15:31','2013-08-21 22:15:31'),(96,'mcam20','mcam20',104,44,96,1,NULL,NULL,'2012-10-08','2013-08-22',NULL,NULL,'821.00',0,0,1,0,1,1,NULL,NULL,NULL,'mcam20',NULL,'--- !ruby/hash:ActiveSupport::HashWithIndifferentAccess\nanschaffungskategorie: AV-Technik\nreference: invoice\numzug: zgeln\nankunftszustand: intakt\n','2013-08-21 22:15:31','2013-08-21 22:15:31'),(97,'mcam21','mcam21',105,44,97,1,NULL,NULL,'2008-04-01','2013-08-22',NULL,NULL,'131.00',0,0,1,0,1,1,NULL,NULL,NULL,'mcam21',NULL,'--- !ruby/hash:ActiveSupport::HashWithIndifferentAccess\nanschaffungskategorie: AV-Technik\nreference: invoice\numzug: zgeln\nankunftszustand: intakt\n','2013-08-21 22:15:31','2013-08-21 22:15:31'),(98,'mcam22','mcam22',106,44,98,1,NULL,NULL,'2009-06-13','2013-08-22',NULL,NULL,'341.00',0,0,1,0,1,1,NULL,NULL,NULL,'mcam22',NULL,'--- !ruby/hash:ActiveSupport::HashWithIndifferentAccess\nanschaffungskategorie: AV-Technik\nreference: invoice\numzug: zgeln\nankunftszustand: intakt\n','2013-08-21 22:15:31','2013-08-21 22:15:31'),(99,'mcam23','mcam23',107,44,99,1,NULL,NULL,'2012-01-08','2013-08-22',NULL,NULL,'58.00',0,0,1,0,1,1,NULL,NULL,NULL,'mcam23',NULL,'--- !ruby/hash:ActiveSupport::HashWithIndifferentAccess\nanschaffungskategorie: AV-Technik\nreference: invoice\numzug: zgeln\nankunftszustand: intakt\n','2013-08-21 22:15:31','2013-08-21 22:15:31'),(100,'mcam24','mcam24',108,44,100,1,NULL,NULL,'2008-01-01','2013-08-22',NULL,NULL,'661.00',0,0,1,0,1,1,NULL,NULL,NULL,'mcam24',NULL,'--- !ruby/hash:ActiveSupport::HashWithIndifferentAccess\nanschaffungskategorie: AV-Technik\nreference: invoice\numzug: zgeln\nankunftszustand: intakt\n','2013-08-21 22:15:31','2013-08-21 22:15:31'),(101,'mcam25','mcam25',109,44,101,1,NULL,NULL,'2011-10-09','2013-08-22',NULL,NULL,'85.00',0,0,1,0,1,1,NULL,NULL,NULL,'mcam25',NULL,'--- !ruby/hash:ActiveSupport::HashWithIndifferentAccess\nanschaffungskategorie: AV-Technik\nreference: invoice\numzug: zgeln\nankunftszustand: intakt\n','2013-08-21 22:15:31','2013-08-21 22:15:31'),(102,'mcam26','mcam26',110,44,102,1,NULL,NULL,'2008-09-29','2013-08-22',NULL,NULL,'144.00',0,0,1,0,1,1,NULL,NULL,NULL,'mcam26',NULL,'--- !ruby/hash:ActiveSupport::HashWithIndifferentAccess\nanschaffungskategorie: AV-Technik\nreference: invoice\numzug: zgeln\nankunftszustand: intakt\n','2013-08-21 22:15:31','2013-08-21 22:15:31'),(103,'mcam27','mcam27',111,44,103,1,NULL,NULL,'2009-02-05','2013-08-22',NULL,NULL,'43.00',0,0,1,0,1,1,NULL,NULL,NULL,'mcam27',NULL,'--- !ruby/hash:ActiveSupport::HashWithIndifferentAccess\nanschaffungskategorie: AV-Technik\nreference: invoice\numzug: zgeln\nankunftszustand: intakt\n','2013-08-21 22:15:31','2013-08-21 22:15:31'),(104,'mcam28','mcam28',112,44,104,1,NULL,NULL,'2010-10-06','2013-08-22',NULL,NULL,'1446.00',0,0,1,0,1,1,NULL,NULL,NULL,'mcam28',NULL,'--- !ruby/hash:ActiveSupport::HashWithIndifferentAccess\nanschaffungskategorie: AV-Technik\nreference: invoice\numzug: zgeln\nankunftszustand: intakt\n','2013-08-21 22:15:31','2013-08-21 22:15:31'),(105,'mcam29','mcam29',113,44,105,1,NULL,NULL,'2009-07-04','2013-08-22',NULL,NULL,'310.00',0,0,1,0,1,1,NULL,NULL,NULL,'mcam29',NULL,'--- !ruby/hash:ActiveSupport::HashWithIndifferentAccess\nanschaffungskategorie: AV-Technik\nreference: invoice\numzug: zgeln\nankunftszustand: intakt\n','2013-08-21 22:15:31','2013-08-21 22:15:31'),(106,'mcam30','mcam30',114,44,106,1,NULL,NULL,'2009-07-04','2013-08-22',NULL,NULL,'1230.00',0,0,1,0,1,1,NULL,NULL,NULL,'mcam30',NULL,'--- !ruby/hash:ActiveSupport::HashWithIndifferentAccess\nanschaffungskategorie: AV-Technik\nreference: invoice\numzug: zgeln\nankunftszustand: intakt\n','2013-08-21 22:15:31','2013-08-21 22:15:31'),(107,'hifi123','hifi123',115,44,107,1,NULL,NULL,'2008-08-14','2013-08-22',NULL,NULL,'687.00',0,0,1,0,1,1,NULL,NULL,NULL,NULL,NULL,'--- !ruby/hash:ActiveSupport::HashWithIndifferentAccess\nanschaffungskategorie: AV-Technik\nreference: invoice\numzug: zgeln\nankunftszustand: intakt\n','2013-08-21 22:15:31','2013-08-21 22:15:31'),(108,'tri789','fgh567',116,44,108,1,NULL,NULL,'2009-06-18','2013-08-22',NULL,NULL,'28.00',0,0,1,0,1,1,NULL,NULL,NULL,NULL,NULL,'--- !ruby/hash:ActiveSupport::HashWithIndifferentAccess\nanschaffungskategorie: AV-Technik\nreference: invoice\numzug: zgeln\nankunftszustand: intakt\n','2013-08-21 22:15:31','2013-08-21 22:15:31'),(109,'tri123','fgh987',116,44,109,1,NULL,NULL,'2010-08-09','2013-08-22',NULL,NULL,'718.00',0,0,1,0,1,1,NULL,NULL,NULL,NULL,NULL,'--- !ruby/hash:ActiveSupport::HashWithIndifferentAccess\nanschaffungskategorie: AV-Technik\nreference: invoice\numzug: zgeln\nankunftszustand: intakt\n','2013-08-21 22:15:31','2013-08-21 22:15:31'),(110,'tri923','asd213',116,44,110,1,NULL,NULL,'2009-03-22','2013-08-22',NULL,NULL,'1213.00',0,0,1,0,1,1,NULL,NULL,NULL,NULL,NULL,'--- !ruby/hash:ActiveSupport::HashWithIndifferentAccess\nanschaffungskategorie: AV-Technik\nreference: invoice\numzug: zgeln\nankunftszustand: intakt\n','2013-08-21 22:15:31','2013-08-21 22:15:31'),(111,'tri212','tri212',116,44,111,1,NULL,NULL,'2008-07-21','2013-08-22',NULL,NULL,'330.00',0,0,1,0,1,1,NULL,NULL,NULL,NULL,NULL,'--- !ruby/hash:ActiveSupport::HashWithIndifferentAccess\nanschaffungskategorie: AV-Technik\nreference: invoice\numzug: zgeln\nankunftszustand: intakt\n','2013-08-21 22:15:31','2013-08-21 22:15:31'),(112,'s93vk3','ckwlp9',118,44,112,1,NULL,NULL,'2008-11-21','2013-08-22',NULL,NULL,'1091.00',0,0,1,0,1,1,NULL,NULL,NULL,NULL,NULL,'--- !ruby/hash:ActiveSupport::HashWithIndifferentAccess\nanschaffungskategorie: AV-Technik\nreference: invoice\numzug: zgeln\nankunftszustand: intakt\n','2013-08-21 22:15:31','2013-08-21 22:15:31'),(113,'mw9yncq9rn2bo2p6mus1248','b0:d3:61:d3:47:99-11:8c:0c:1b:9b:c1-52:64:3b:43:0a:3f',119,45,113,1,NULL,NULL,'2008-09-26','2013-08-22',NULL,NULL,'558.00',0,0,1,0,1,1,NULL,NULL,NULL,NULL,NULL,'--- !ruby/hash:ActiveSupport::HashWithIndifferentAccess\nanschaffungskategorie: AV-Technik\nreference: invoice\numzug: zgeln\nankunftszustand: intakt\n','2013-08-21 22:15:31','2013-08-21 22:15:31'),(114,'hc1xom779gowjva3a8l0249','1c:b6:c3:98:14:46-b3:06:bc:fe:6d:1b-b4:a5:48:80:ca:44',121,45,114,1,113,NULL,'2008-01-06','2013-08-22',NULL,NULL,'5.00',0,0,1,0,1,1,NULL,NULL,NULL,NULL,NULL,'--- !ruby/hash:ActiveSupport::HashWithIndifferentAccess\nanschaffungskategorie: AV-Technik\nreference: invoice\numzug: zgeln\nankunftszustand: intakt\n','2013-08-21 22:15:31','2013-08-21 22:15:31'),(115,'zxd3bu4gw3xz2htfr42u250','87:2e:87:b6:3f:67-89:ca:7e:81:41:23-1a:6d:87:d2:15:41',122,45,115,1,113,NULL,'2011-06-30','2013-08-22',NULL,NULL,'724.00',0,0,1,0,1,1,NULL,NULL,NULL,NULL,NULL,'--- !ruby/hash:ActiveSupport::HashWithIndifferentAccess\nanschaffungskategorie: AV-Technik\nreference: invoice\numzug: zgeln\nankunftszustand: intakt\n','2013-08-21 22:15:31','2013-08-21 22:15:31'),(116,'jxzd2ux02k1uajk91fuo251','41:b7:f9:17:d5:f4-f1:d8:ec:f2:16:33-b4:3c:da:68:db:8d',123,45,116,1,113,NULL,'2012-08-01','2013-08-22',NULL,NULL,'1357.00',0,0,1,0,1,1,NULL,NULL,NULL,NULL,NULL,'--- !ruby/hash:ActiveSupport::HashWithIndifferentAccess\nanschaffungskategorie: AV-Technik\nreference: invoice\numzug: zgeln\nankunftszustand: intakt\n','2013-08-21 22:15:31','2013-08-21 22:15:31'),(117,'tbhkte8jvw7nrwvxmts3252','af:dd:a0:99:b4:e4-08:9d:26:be:10:b7-77:52:fa:2d:b0:42',119,49,117,1,NULL,NULL,'2008-11-09','2013-08-22',NULL,NULL,'12.00',0,0,1,0,1,1,NULL,NULL,NULL,NULL,NULL,'--- !ruby/hash:ActiveSupport::HashWithIndifferentAccess\nanschaffungskategorie: AV-Technik\nreference: invoice\numzug: zgeln\nankunftszustand: intakt\n','2013-08-21 22:15:31','2013-08-21 22:15:31'),(118,'z7yxneyof3lrzzcccuzh253','f8:41:44:0a:d8:2c-ee:59:e6:55:ca:bc-cf:1f:b5:00:63:0d',125,49,118,1,117,NULL,'2008-09-27','2013-08-22',NULL,NULL,'564.00',0,0,1,0,1,1,NULL,NULL,NULL,NULL,NULL,'--- !ruby/hash:ActiveSupport::HashWithIndifferentAccess\nanschaffungskategorie: AV-Technik\nreference: invoice\numzug: zgeln\nankunftszustand: intakt\n','2013-08-21 22:15:31','2013-08-21 22:15:31'),(119,'oehso7bvh5wg9b34v4kl254','a6:4c:dc:d7:ac:6e-a8:fd:fc:75:e3:1f-25:0f:33:f5:98:d2',126,49,119,1,117,NULL,'2011-12-23','2013-08-22',NULL,NULL,'956.00',0,0,1,0,1,1,NULL,NULL,NULL,NULL,NULL,'--- !ruby/hash:ActiveSupport::HashWithIndifferentAccess\nanschaffungskategorie: AV-Technik\nreference: invoice\numzug: zgeln\nankunftszustand: intakt\n','2013-08-21 22:15:31','2013-08-21 22:15:31'),(120,'740hi0dgsspr26b8c18i255','25:f3:4d:d3:dc:78-32:1d:eb:5a:8b:2b-49:42:8b:9a:a0:77',127,49,120,1,117,NULL,'2011-09-07','2013-08-22',NULL,NULL,'466.00',0,0,1,0,1,1,NULL,NULL,NULL,NULL,NULL,'--- !ruby/hash:ActiveSupport::HashWithIndifferentAccess\nanschaffungskategorie: AV-Technik\nreference: invoice\numzug: zgeln\nankunftszustand: intakt\n','2013-08-21 22:15:31','2013-08-21 22:15:31'),(121,'15ectt81e4l869fu0ab6256','56:da:2c:f4:fa:4d-65:bd:ee:97:10:aa-77:3b:77:bd:d6:76',119,53,121,1,NULL,NULL,'2011-07-12','2013-08-22',NULL,NULL,'1311.00',0,0,1,0,1,1,NULL,NULL,NULL,NULL,NULL,'--- !ruby/hash:ActiveSupport::HashWithIndifferentAccess\nanschaffungskategorie: AV-Technik\nreference: invoice\numzug: zgeln\nankunftszustand: intakt\n','2013-08-21 22:15:31','2013-08-21 22:15:31'),(122,'bfhb499eex9s3v88he3r257','40:5c:09:e5:c6:da-7c:0e:0e:0c:82:fd-b5:a4:78:34:b3:a8',129,53,122,1,121,NULL,'2011-01-19','2013-08-22',NULL,NULL,'239.00',0,0,1,0,1,1,NULL,NULL,NULL,NULL,NULL,'--- !ruby/hash:ActiveSupport::HashWithIndifferentAccess\nanschaffungskategorie: AV-Technik\nreference: invoice\numzug: zgeln\nankunftszustand: intakt\n','2013-08-21 22:15:31','2013-08-21 22:15:31'),(123,'f43sr9oq1xfqzutb50ni258','03:f9:32:55:df:15-c4:8d:7e:53:81:9e-21:4b:4f:5a:bc:47',130,53,123,1,121,NULL,'2011-03-24','2013-08-22',NULL,NULL,'322.00',0,0,1,0,1,1,NULL,NULL,NULL,NULL,NULL,'--- !ruby/hash:ActiveSupport::HashWithIndifferentAccess\nanschaffungskategorie: AV-Technik\nreference: invoice\numzug: zgeln\nankunftszustand: intakt\n','2013-08-21 22:15:31','2013-08-21 22:15:31'),(124,'ld0rptaym7kjeq66sol3259','68:96:2f:c2:6c:81-c1:6c:ba:f2:a2:e2-28:10:c7:3e:16:4c',131,53,124,1,121,NULL,'2008-11-01','2013-08-22',NULL,NULL,'416.00',0,0,1,0,1,1,NULL,NULL,NULL,NULL,NULL,'--- !ruby/hash:ActiveSupport::HashWithIndifferentAccess\nanschaffungskategorie: AV-Technik\nreference: invoice\numzug: zgeln\nankunftszustand: intakt\n','2013-08-21 22:15:31','2013-08-21 22:15:31'),(125,'hw376l1fojztouvr1bs3260','0b:a4:d6:b8:4c:8b-e3:2b:2a:b4:f5:16-eb:90:4d:dc:28:05',132,57,125,1,NULL,NULL,'2008-04-12','2013-08-22',NULL,NULL,'621.00',0,0,1,0,1,1,NULL,NULL,NULL,NULL,NULL,'--- !ruby/hash:ActiveSupport::HashWithIndifferentAccess\nanschaffungskategorie: AV-Technik\nreference: invoice\numzug: zgeln\nankunftszustand: intakt\n','2013-08-21 22:15:31','2013-08-21 22:15:31'),(126,'2ko30vmb19479tgtqcuu261','84:17:0a:b6:82:ec-f8:a2:8e:72:ff:ae-cb:22:2f:4e:67:f6',134,57,126,1,125,NULL,'2011-12-22','2013-08-22',NULL,NULL,'293.00',0,0,1,0,1,1,NULL,NULL,NULL,NULL,NULL,'--- !ruby/hash:ActiveSupport::HashWithIndifferentAccess\nanschaffungskategorie: AV-Technik\nreference: invoice\numzug: zgeln\nankunftszustand: intakt\n','2013-08-21 22:15:31','2013-08-21 22:15:31'),(127,'dcj4v0sj9r86qilot6gm262','ef:c7:c7:ce:9b:cb-44:2c:4f:57:35:bd-c4:d0:44:50:a9:36',135,57,127,1,125,NULL,'2009-06-24','2013-08-22',NULL,NULL,'1246.00',0,0,1,0,1,1,NULL,NULL,NULL,NULL,NULL,'--- !ruby/hash:ActiveSupport::HashWithIndifferentAccess\nanschaffungskategorie: AV-Technik\nreference: invoice\numzug: zgeln\nankunftszustand: intakt\n','2013-08-21 22:15:31','2013-08-21 22:15:31'),(128,'h94mgwh47h2l3us3qnad263','36:eb:0d:a6:99:e9-47:cb:50:67:14:2f-07:8b:1e:46:e7:50',136,57,128,1,125,NULL,'2009-06-06','2013-08-22',NULL,NULL,'567.00',0,0,1,0,1,1,NULL,NULL,NULL,NULL,NULL,'--- !ruby/hash:ActiveSupport::HashWithIndifferentAccess\nanschaffungskategorie: AV-Technik\nreference: invoice\numzug: zgeln\nankunftszustand: intakt\n','2013-08-21 22:15:31','2013-08-21 22:15:31'),(129,'0lvcsqsczxrz4xmn3fie264','82:54:3a:7c:f6:ee-93:74:13:5f:cc:32-f3:08:80:38:af:77',132,61,129,1,NULL,NULL,'2012-03-21','2013-08-22',NULL,NULL,'256.00',0,0,1,0,1,1,NULL,NULL,NULL,NULL,NULL,'--- !ruby/hash:ActiveSupport::HashWithIndifferentAccess\nanschaffungskategorie: AV-Technik\nreference: invoice\numzug: zgeln\nankunftszustand: intakt\n','2013-08-21 22:15:31','2013-08-21 22:15:31'),(130,'2qqd2otxxyybe33jk6kw265','64:19:22:18:68:a3-24:e2:72:ce:f5:78-ea:95:20:4b:5c:5b',138,61,130,1,129,NULL,'2011-05-01','2013-08-22',NULL,NULL,'1153.00',0,0,1,0,1,1,NULL,NULL,NULL,NULL,NULL,'--- !ruby/hash:ActiveSupport::HashWithIndifferentAccess\nanschaffungskategorie: AV-Technik\nreference: invoice\numzug: zgeln\nankunftszustand: intakt\n','2013-08-21 22:15:31','2013-08-21 22:15:31'),(131,'1zi10puxzlfrteekoc59266','a1:b3:20:43:97:b1-0e:73:60:7b:c9:4a-5f:9c:e6:45:d0:9c',139,61,131,1,129,NULL,'2012-06-28','2013-08-22',NULL,NULL,'1293.00',0,0,1,0,1,1,NULL,NULL,NULL,NULL,NULL,'--- !ruby/hash:ActiveSupport::HashWithIndifferentAccess\nanschaffungskategorie: AV-Technik\nreference: invoice\numzug: zgeln\nankunftszustand: intakt\n','2013-08-21 22:15:31','2013-08-21 22:15:31'),(132,'cyzzv3304buve6sdmdix267','6c:ef:d3:6a:fb:07-8a:29:7b:56:84:bb-6c:77:e4:36:f3:82',140,61,132,1,129,NULL,'2009-11-02','2013-08-22',NULL,NULL,'380.00',0,0,1,0,1,1,NULL,NULL,NULL,NULL,NULL,'--- !ruby/hash:ActiveSupport::HashWithIndifferentAccess\nanschaffungskategorie: AV-Technik\nreference: invoice\numzug: zgeln\nankunftszustand: intakt\n','2013-08-21 22:15:31','2013-08-21 22:15:31'),(133,'5nobldsej4zg6nfk6ta9268','8d:82:4e:c8:e2:23-38:98:d3:7b:71:d8-0c:84:51:d2:7e:24',132,65,133,1,NULL,NULL,'2009-11-22','2013-08-22',NULL,NULL,'122.00',0,0,1,0,1,1,NULL,NULL,NULL,NULL,NULL,'--- !ruby/hash:ActiveSupport::HashWithIndifferentAccess\nanschaffungskategorie: AV-Technik\nreference: invoice\numzug: zgeln\nankunftszustand: intakt\n','2013-08-21 22:15:31','2013-08-21 22:15:31'),(134,'61lktj0ttu4on6exefty269','9b:ba:25:1c:cd:c4-9b:a1:d7:3a:0a:4d-8c:38:dc:d4:49:2d',142,65,134,1,133,NULL,'2008-08-04','2013-08-22',NULL,NULL,'183.00',0,0,1,0,1,1,NULL,NULL,NULL,NULL,NULL,'--- !ruby/hash:ActiveSupport::HashWithIndifferentAccess\nanschaffungskategorie: AV-Technik\nreference: invoice\numzug: zgeln\nankunftszustand: intakt\n','2013-08-21 22:15:31','2013-08-21 22:15:31'),(135,'qvi8lmtuumtuijcl6lmx270','42:60:cc:b1:ae:21-e5:bd:8c:05:8e:ae-fb:90:ab:f1:0d:1c',143,65,135,1,133,NULL,'2010-02-03','2013-08-22',NULL,NULL,'1388.00',0,0,1,0,1,1,NULL,NULL,NULL,NULL,NULL,'--- !ruby/hash:ActiveSupport::HashWithIndifferentAccess\nanschaffungskategorie: AV-Technik\nreference: invoice\numzug: zgeln\nankunftszustand: intakt\n','2013-08-21 22:15:31','2013-08-21 22:15:31'),(136,'ot9lqr2kvlqmuva17cxz271','a9:e3:47:1c:b5:66-4d:42:b0:a7:00:98-5a:79:a9:cd:d9:80',144,65,136,1,133,NULL,'2008-06-02','2013-08-22',NULL,NULL,'756.00',0,0,1,0,1,1,NULL,NULL,NULL,NULL,NULL,'--- !ruby/hash:ActiveSupport::HashWithIndifferentAccess\nanschaffungskategorie: AV-Technik\nreference: invoice\numzug: zgeln\nankunftszustand: intakt\n','2013-08-21 22:15:31','2013-08-21 22:15:31'),(137,'cand5','cand5',84,44,137,1,NULL,NULL,'2010-08-13','2013-08-22',NULL,NULL,'1324.00',0,0,0,0,1,1,NULL,NULL,NULL,NULL,NULL,'--- !ruby/hash:ActiveSupport::HashWithIndifferentAccess\nanschaffungskategorie: AV-Technik\nreference: invoice\numzug: zgeln\nankunftszustand: intakt\n','2013-08-21 22:15:31','2013-08-21 22:15:31'),(138,'beam21231','beamas12312',58,44,138,1,NULL,NULL,'2011-01-23','2013-08-22',NULL,NULL,'728.00',0,0,0,0,1,1,NULL,NULL,NULL,NULL,NULL,'--- !ruby/hash:ActiveSupport::HashWithIndifferentAccess\nanschaffungskategorie: AV-Technik\nreference: invoice\numzug: zgeln\nankunftszustand: intakt\n','2013-08-21 22:15:31','2013-08-21 22:15:31'),(139,'hifi345','hifi345',115,44,139,1,NULL,NULL,'2010-03-07','2013-08-22',NULL,NULL,'45.00',0,0,0,0,1,1,NULL,NULL,NULL,NULL,NULL,'--- !ruby/hash:ActiveSupport::HashWithIndifferentAccess\nanschaffungskategorie: AV-Technik\nreference: invoice\numzug: zgeln\nankunftszustand: intakt\n','2013-08-21 22:15:31','2013-08-21 22:15:31'),(140,'iMac1','iMac5',146,44,140,1,NULL,NULL,'2011-08-29','2013-08-22','2013-08-22','This Item is gone','967.00',0,0,1,0,1,1,NULL,NULL,NULL,NULL,NULL,'--- !ruby/hash:ActiveSupport::HashWithIndifferentAccess\nanschaffungskategorie: AV-Technik\nreference: invoice\numzug: zgeln\nankunftszustand: intakt\n','2013-08-21 22:15:31','2013-08-21 22:15:31'),(141,'iMac2','iMac6',146,44,141,3,NULL,NULL,'2008-03-30','2013-08-22','2013-08-22','This Item is gone','395.00',0,0,1,0,1,1,NULL,NULL,NULL,NULL,NULL,'--- !ruby/hash:ActiveSupport::HashWithIndifferentAccess\nanschaffungskategorie: AV-Technik\nreference: invoice\numzug: zgeln\nankunftszustand: intakt\n','2013-08-21 22:15:31','2013-08-21 22:15:31'),(142,'0rjm9u','k7f8dd',117,44,142,1,NULL,NULL,'2008-06-02','2013-08-22','2013-08-22','This Item is gone','251.00',0,0,1,0,1,1,NULL,NULL,NULL,NULL,NULL,'--- !ruby/hash:ActiveSupport::HashWithIndifferentAccess\nanschaffungskategorie: AV-Technik\nreference: invoice\numzug: zgeln\nankunftszustand: intakt\n','2013-08-21 22:15:31','2013-08-21 22:15:31'),(143,'apsqhs','8xv1yo',117,44,143,1,NULL,NULL,'2012-08-13','2013-08-22',NULL,NULL,'837.00',0,0,1,0,1,1,NULL,NULL,NULL,NULL,NULL,'--- !ruby/hash:ActiveSupport::HashWithIndifferentAccess\nanschaffungskategorie: AV-Technik\nreference: invoice\numzug: zgeln\nankunftszustand: intakt\n','2013-08-21 22:15:31','2013-08-21 22:15:31'),(144,'wlaptop1','wlaptop1',147,44,144,1,NULL,NULL,'2012-05-04','2013-08-22',NULL,NULL,'616.00',1,0,1,0,1,1,NULL,NULL,NULL,NULL,NULL,'--- !ruby/hash:ActiveSupport::HashWithIndifferentAccess\nanschaffungskategorie: AV-Technik\nreference: invoice\numzug: zgeln\nankunftszustand: intakt\n','2013-08-21 22:15:31','2013-08-21 22:15:31'),(145,'v120d02','v120d02',148,44,145,1,NULL,NULL,'2009-07-10','2013-08-22',NULL,NULL,'6.00',0,1,1,0,1,1,NULL,NULL,NULL,NULL,NULL,'--- !ruby/hash:ActiveSupport::HashWithIndifferentAccess\nanschaffungskategorie: AV-Technik\nreference: invoice\numzug: zgeln\nankunftszustand: intakt\n','2013-08-21 22:15:31','2013-08-21 22:15:31'),(146,'v120d022g','v120d022g',149,44,146,1,NULL,NULL,'2011-08-29','2013-08-22',NULL,NULL,'313.00',0,0,1,0,1,1,NULL,NULL,NULL,NULL,NULL,'--- !ruby/hash:ActiveSupport::HashWithIndifferentAccess\nanschaffungskategorie: AV-Technik\nreference: invoice\numzug: zgeln\nankunftszustand: intakt\n','2013-08-21 22:15:31','2013-08-21 22:15:31'),(147,'v120d022g2','v120d022g2',149,44,147,1,NULL,NULL,'2008-01-09','2013-08-22',NULL,NULL,'823.00',0,0,1,0,1,1,NULL,NULL,NULL,NULL,NULL,'--- !ruby/hash:ActiveSupport::HashWithIndifferentAccess\nanschaffungskategorie: AV-Technik\nreference: invoice\numzug: zgeln\nankunftszustand: intakt\n','2013-08-21 22:15:31','2013-08-21 22:15:31'),(148,'beam897','xyz890',58,44,148,1,NULL,NULL,'2011-04-06','2013-08-22',NULL,NULL,'663.00',0,0,1,0,2,1,NULL,NULL,NULL,NULL,NULL,'--- !ruby/hash:ActiveSupport::HashWithIndifferentAccess\nanschaffungskategorie: AV-Technik\nreference: invoice\numzug: zgeln\nankunftszustand: intakt\n','2013-08-21 22:15:31','2013-08-21 22:15:31'),(149,'minibeam12','xyz890',60,44,149,1,NULL,NULL,'2009-06-05','2013-08-22',NULL,NULL,'1181.00',0,0,1,0,2,1,NULL,NULL,NULL,NULL,NULL,'--- !ruby/hash:ActiveSupport::HashWithIndifferentAccess\nanschaffungskategorie: AV-Technik\nreference: invoice\numzug: zgeln\nankunftszustand: intakt\n','2013-08-21 22:15:31','2013-08-21 22:15:31'),(150,'minibeam34','xyz890',60,44,150,1,NULL,NULL,'2012-06-24','2013-08-22',NULL,NULL,'1121.00',0,0,1,0,3,1,NULL,NULL,NULL,NULL,NULL,'--- !ruby/hash:ActiveSupport::HashWithIndifferentAccess\nanschaffungskategorie: AV-Technik\nreference: invoice\numzug: zgeln\nankunftszustand: intakt\n','2013-08-21 22:15:31','2013-08-21 22:15:31'),(151,'2kuoj0z4i9t0zrd9xd6g272','0b:64:5b:9c:55:60-cd:49:71:59:a1:02-44:ee:29:75:14:99',151,NULL,NULL,1,NULL,NULL,NULL,NULL,NULL,NULL,NULL,0,0,1,0,1,0,NULL,NULL,NULL,NULL,NULL,'--- !ruby/hash:ActiveSupport::HashWithIndifferentAccess\nlicense_type: single_workplace\nactivation_type: serial_number\noperating_system:\n- windows\n- linux\ninstallation:\n- citrix\n- web\nreference: invoice\nmaintenance_contract: \'false\'\n','2013-08-21 22:15:31','2013-08-21 22:15:31'),(152,'rb2efz7h9hnxy4ovbur0273','23:20:7c:66:e0:0b-91:a5:76:6b:c6:1f-a4:71:80:18:c0:ad',152,NULL,NULL,1,NULL,NULL,NULL,NULL,NULL,NULL,NULL,0,0,0,0,1,0,NULL,NULL,NULL,NULL,NULL,'--- !ruby/hash:ActiveSupport::HashWithIndifferentAccess\nlicense_type: single_workplace\nactivation_type: serial_number\noperating_system:\n- windows\n- linux\ninstallation:\n- citrix\n- web\nreference: invoice\nmaintenance_contract: \'false\'\n','2013-08-21 22:15:31','2013-08-21 22:15:31'),(153,'wcloinafa9euz5duvawo274','2e:4e:1a:b4:3c:51-88:31:b3:de:69:74-85:e9:0a:b6:a2:5a',153,NULL,NULL,1,NULL,NULL,NULL,NULL,NULL,NULL,NULL,0,0,1,0,1,0,NULL,NULL,NULL,NULL,NULL,'--- !ruby/hash:ActiveSupport::HashWithIndifferentAccess\nlicense_type: single_workplace\nactivation_type: serial_number\noperating_system:\n- windows\n- linux\ninstallation:\n- citrix\n- web\nreference: invoice\nmaintenance_contract: \'false\'\n','2013-08-21 22:15:31','2013-08-21 22:15:31'),(154,'jkxdznkckajdbyajnxaz275','6b:ea:30:95:be:13-7b:4c:ed:8d:97:20-7f:e8:ac:40:62:73',154,NULL,NULL,1,NULL,NULL,NULL,NULL,NULL,NULL,NULL,0,0,1,0,2,0,NULL,NULL,NULL,NULL,NULL,'--- !ruby/hash:ActiveSupport::HashWithIndifferentAccess\nlicense_type: single_workplace\nactivation_type: serial_number\noperating_system:\n- windows\n- linux\ninstallation:\n- citrix\n- web\nreference: invoice\nmaintenance_contract: \'false\'\n','2013-08-21 22:15:31','2013-08-21 22:15:31'),(155,'vfulwrcras2qheqlm41q276','73:6c:eb:f9:44:05-e9:a5:37:9b:a1:2c-8a:55:4d:55:68:21',155,NULL,NULL,1,NULL,NULL,NULL,NULL,'2013-08-22','Mollitia eos possimus voluptatem nemo aperiam vero.',NULL,0,0,0,0,1,0,NULL,NULL,NULL,NULL,NULL,'--- !ruby/hash:ActiveSupport::HashWithIndifferentAccess\nlicense_type: single_workplace\nactivation_type: serial_number\noperating_system:\n- windows\n- linux\ninstallation:\n- citrix\n- web\nreference: invoice\nmaintenance_contract: \'false\'\n','2013-08-21 22:15:31','2013-08-21 22:15:31'),(156,'un7a48iwznf4ke89iuls277','d2:d5:92:3f:3e:2f-6a:09:5f:92:08:78-80:f3:b5:8d:bd:e6',156,NULL,NULL,2,NULL,NULL,NULL,NULL,'2013-08-22','Similique aspernatur fugiat sed voluptatem.',NULL,0,0,1,0,1,0,NULL,NULL,NULL,NULL,NULL,'--- !ruby/hash:ActiveSupport::HashWithIndifferentAccess\nlicense_type: single_workplace\nactivation_type: serial_number\noperating_system:\n- windows\n- linux\ninstallation:\n- citrix\n- web\nreference: invoice\nmaintenance_contract: \'false\'\n','2013-08-21 22:15:31','2013-08-21 22:15:31'),(157,'zxhxyb7hoql1bxejll6x278','9e:1c:b7:00:ba:85-1e:d6:c6:cf:b0:9d-30:47:00:61:df:db',157,NULL,NULL,2,NULL,NULL,NULL,NULL,NULL,NULL,NULL,0,0,1,0,2,0,NULL,NULL,NULL,NULL,NULL,'--- !ruby/hash:ActiveSupport::HashWithIndifferentAccess\nlicense_type: single_workplace\nactivation_type: serial_number\noperating_system:\n- windows\n- linux\ninstallation:\n- citrix\n- web\nreference: invoice\nmaintenance_contract: \'false\'\n','2013-08-21 22:15:31','2013-08-21 22:15:31'),(158,'nksok1dbtwk486qsxfxd279','c7:9c:7a:db:f0:98-9e:1c:27:d1:02:52-cd:7f:f7:f9:cc:18',158,NULL,NULL,1,NULL,NULL,'2013-08-22',NULL,NULL,NULL,NULL,0,0,0,0,1,0,NULL,NULL,NULL,NULL,NULL,'--- !ruby/hash:ActiveSupport::HashWithIndifferentAccess\nlicense_expiration: \'2013-08-22\'\nmaintenance_contract: \'true\'\nmaintenance_expiration: \'2013-08-22\'\nreference: invoice\nactivation_type: none\nlicense_type: free\n','2013-08-21 22:15:31','2013-08-21 22:15:31'),(159,'jd0z7d7qtlm5vp4x0yre280','8b:89:4f:b4:b3:dc-8c:7d:3b:9d:9f:f9-32:ff:54:d5:71:aa',159,NULL,NULL,1,NULL,NULL,NULL,NULL,NULL,NULL,NULL,0,0,0,0,1,0,NULL,NULL,NULL,NULL,NULL,'--- !ruby/hash:ActiveSupport::HashWithIndifferentAccess\nquantity_allocations:\n- !ruby/hash:ActiveSupport::HashWithIndifferentAccess\n  room: aut\n  quantity: 49\n- !ruby/hash:ActiveSupport::HashWithIndifferentAccess\n  room: ipsum\n  quantity: 42\nreference: invoice\nactivation_type: none\nlicense_type: free\nmaintenance_contract: \'false\'\n','2013-08-21 22:15:31','2013-08-21 22:15:31'),(160,'idcr6w4hdnc8273hczc6281','8e:f5:ba:83:77:ee-95:45:1b:7a:1c:12-70:87:01:28:4b:76',161,NULL,NULL,1,NULL,NULL,NULL,NULL,NULL,NULL,NULL,0,0,0,0,1,0,NULL,NULL,NULL,NULL,NULL,'--- !ruby/hash:ActiveSupport::HashWithIndifferentAccess\noperating_system:\n- windows\n- linux\nlicense_type: multiple_workplace\ntotal_quantity: 167\nquantity_allocations:\n- !ruby/hash:ActiveSupport::HashWithIndifferentAccess\n  room: vitae\n  quantity: 44\n- !ruby/hash:ActiveSupport::HashWithIndifferentAccess\n  room: eius\n  quantity: 38\nreference: invoice\nactivation_type: none\nmaintenance_contract: \'false\'\n','2013-08-21 22:15:31','2013-08-21 22:15:31'),(161,'8aknquhel3qg3p8ij5ix282','95:f1:b1:d0:be:57-d5:70:42:b3:2d:2c-7f:d4:50:38:9c:2c',163,69,151,9,NULL,NULL,'2009-11-09','2013-08-16',NULL,NULL,'874.00',0,0,1,0,1,1,NULL,NULL,NULL,NULL,NULL,'--- !ruby/hash:ActiveSupport::HashWithIndifferentAccess\nanschaffungskategorie: AV-Technik\nreference: invoice\numzug: zgeln\nankunftszustand: intakt\n','2013-08-16 09:23:33','2013-08-16 09:23:33'),(162,'1jgdarztspx2ztq5s8sp283','94:82:f4:ef:b1:11-62:98:0e:25:78:e2-c8:96:94:77:d6:75',164,70,152,5,NULL,NULL,'2011-05-28','2013-08-16',NULL,NULL,'530.00',0,0,1,0,1,1,NULL,NULL,NULL,NULL,NULL,'--- !ruby/hash:ActiveSupport::HashWithIndifferentAccess\nanschaffungskategorie: AV-Technik\nreference: invoice\numzug: zgeln\nankunftszustand: intakt\n','2013-08-16 09:23:33','2013-08-16 09:23:33'),(163,'2auih5yts2lf5s2giwda284','de:2d:53:68:b2:64-f2:28:ba:84:a4:88-fb:f6:81:0f:8a:bf',165,71,153,8,NULL,NULL,'2011-07-10','2013-08-16',NULL,NULL,'488.00',0,0,1,0,1,1,NULL,NULL,NULL,NULL,NULL,'--- !ruby/hash:ActiveSupport::HashWithIndifferentAccess\nanschaffungskategorie: AV-Technik\nreference: invoice\numzug: zgeln\nankunftszustand: intakt\n','2013-08-16 09:23:33','2013-08-16 09:23:33'),(164,'yzxskw2aunwn91n6mcue285','b4:75:cf:16:07:86-12:49:20:cb:22:74-01:8c:62:b5:05:24',166,72,154,12,NULL,NULL,'2012-03-26','2013-08-16',NULL,NULL,'1357.00',0,0,1,0,1,1,NULL,NULL,NULL,NULL,NULL,'--- !ruby/hash:ActiveSupport::HashWithIndifferentAccess\nanschaffungskategorie: AV-Technik\nreference: invoice\numzug: zgeln\nankunftszustand: intakt\n','2013-08-16 09:23:33','2013-08-16 09:23:33'),(165,'eopzy2wkcdpsl4gm5vun286','2d:90:ce:7d:37:58-5c:cb:4d:d0:53:4c-d8:69:3c:ec:97:49',166,73,155,9,NULL,NULL,'2012-04-05','2013-08-16',NULL,NULL,'1323.00',0,0,1,0,1,1,NULL,NULL,NULL,NULL,NULL,'--- !ruby/hash:ActiveSupport::HashWithIndifferentAccess\nanschaffungskategorie: AV-Technik\nreference: invoice\numzug: zgeln\nankunftszustand: intakt\n','2013-08-16 09:23:33','2013-08-16 09:23:33'),(166,'my4t0jwoszz4s6sfi6ey287','11:0d:96:24:f8:2a-c4:11:d9:a7:de:0f-2b:18:2e:98:91:a1',166,74,156,12,NULL,NULL,'2010-04-15','2013-08-16',NULL,NULL,'845.00',0,0,1,0,1,1,NULL,NULL,NULL,NULL,NULL,'--- !ruby/hash:ActiveSupport::HashWithIndifferentAccess\nanschaffungskategorie: AV-Technik\nreference: invoice\numzug: zgeln\nankunftszustand: intakt\n','2013-08-16 09:23:33','2013-08-16 09:23:33'),(167,'t7jsdg6g97h80upxg4p9288','0f:95:b0:73:c2:d4-28:03:8b:a9:14:4f-7b:3c:c0:85:46:e9',170,75,157,4,NULL,NULL,'2008-04-09','2013-08-16',NULL,NULL,'659.00',0,0,1,0,1,1,NULL,NULL,NULL,NULL,NULL,'--- !ruby/hash:ActiveSupport::HashWithIndifferentAccess\nanschaffungskategorie: AV-Technik\nreference: invoice\numzug: zgeln\nankunftszustand: intakt\n','2013-08-16 09:23:33','2013-08-16 09:23:33'),(168,'cx2zv84xgx5fqnhu2qzs289','ab:f8:15:59:47:31-ed:e2:e2:3f:5b:f4-8c:84:e1:cf:3c:4c',171,76,158,4,NULL,NULL,'2008-01-12','2013-08-16',NULL,NULL,'983.00',0,0,1,0,1,1,NULL,NULL,NULL,NULL,NULL,'--- !ruby/hash:ActiveSupport::HashWithIndifferentAccess\nanschaffungskategorie: AV-Technik\nreference: invoice\numzug: zgeln\nankunftszustand: intakt\n','2013-08-16 09:23:33','2013-08-16 09:23:33'),(169,'hoefzzl468u5o3d6qqaa290','14:df:36:e1:fa:87-5d:0e:c7:06:71:3e-ee:62:05:66:89:8b',172,77,159,5,NULL,NULL,'2011-02-14','2013-08-16',NULL,NULL,'1153.00',0,0,1,0,1,1,NULL,NULL,NULL,NULL,NULL,'--- !ruby/hash:ActiveSupport::HashWithIndifferentAccess\nanschaffungskategorie: AV-Technik\nreference: invoice\numzug: zgeln\nankunftszustand: intakt\n','2013-08-16 09:23:33','2013-08-16 09:23:33'),(170,'annu89pegqgpn4iu1bj3291','0f:a8:ea:c2:67:2d-8f:ed:48:65:de:c0-71:42:c4:9c:e1:cf',173,78,160,10,NULL,NULL,'2012-04-16','2013-08-16',NULL,NULL,'1253.00',0,0,1,0,1,1,NULL,NULL,NULL,NULL,NULL,'--- !ruby/hash:ActiveSupport::HashWithIndifferentAccess\nanschaffungskategorie: AV-Technik\nreference: invoice\numzug: zgeln\nankunftszustand: intakt\n','2013-08-16 09:23:33','2013-08-16 09:23:33'),(171,'z197mw95on2egy7pzuxp292','61:13:25:f0:c7:de-d8:e6:9e:ca:38:6c-85:d5:b8:f3:4b:40',174,79,161,3,NULL,NULL,'2008-06-14','2013-08-16',NULL,NULL,'363.00',0,0,1,0,1,1,NULL,NULL,NULL,NULL,NULL,'--- !ruby/hash:ActiveSupport::HashWithIndifferentAccess\nanschaffungskategorie: AV-Technik\nreference: invoice\numzug: zgeln\nankunftszustand: intakt\n','2013-08-16 09:23:33','2013-08-16 09:23:33'),(172,'gczbz6at6q3pr9mnjxbo293','f7:3e:c6:29:19:2c-8f:82:69:a3:55:bf-d0:c5:87:12:0f:a4',174,80,162,9,NULL,NULL,'2012-10-04','2013-08-16',NULL,NULL,'661.00',0,0,1,0,1,1,NULL,NULL,NULL,NULL,NULL,'--- !ruby/hash:ActiveSupport::HashWithIndifferentAccess\nanschaffungskategorie: AV-Technik\nreference: invoice\numzug: zgeln\nankunftszustand: intakt\n','2013-08-16 09:23:33','2013-08-16 09:23:33'),(173,'ab7mtlc40vbvzv6f1qv8294','de:84:42:da:11:a9-0a:22:82:e5:bb:7d-b8:e6:c3:9e:96:ed',174,81,163,9,NULL,NULL,'2010-02-13','2013-08-16',NULL,NULL,'1357.00',0,0,1,0,1,1,NULL,NULL,NULL,NULL,NULL,'--- !ruby/hash:ActiveSupport::HashWithIndifferentAccess\nanschaffungskategorie: AV-Technik\nreference: invoice\numzug: zgeln\nankunftszustand: intakt\n','2013-08-16 09:23:33','2013-08-16 09:23:33'),(174,'r11kp3ot3me095hctow3295','d1:75:fa:08:c2:00-80:67:57:8f:3e:20-61:d5:99:1a:c7:19',178,82,164,5,NULL,NULL,'2010-03-24','2013-08-16',NULL,NULL,'294.00',0,0,1,0,1,1,NULL,NULL,NULL,NULL,NULL,'--- !ruby/hash:ActiveSupport::HashWithIndifferentAccess\nanschaffungskategorie: AV-Technik\nreference: invoice\numzug: zgeln\nankunftszustand: intakt\n','2013-08-16 09:23:33','2013-08-16 09:23:33'),(175,'0kvj4vcs3szfqiox7xh3296','ca:d9:6e:6e:63:00-d5:71:82:02:14:64-fb:18:f5:98:7e:3d',179,83,165,9,NULL,NULL,'2012-02-15','2013-08-16',NULL,NULL,'796.00',0,0,1,0,1,1,NULL,NULL,NULL,NULL,NULL,'--- !ruby/hash:ActiveSupport::HashWithIndifferentAccess\nanschaffungskategorie: AV-Technik\nreference: invoice\numzug: zgeln\nankunftszustand: intakt\n','2013-08-16 09:23:33','2013-08-16 09:23:33'),(176,'h2617xvb9a4jm0zfaezq297','49:ca:82:9b:ca:bd-80:f9:b8:e2:ef:b3-76:1a:9c:02:51:89',180,84,166,11,NULL,NULL,'2008-08-12','2013-08-16',NULL,NULL,'977.00',0,0,1,0,1,1,NULL,NULL,NULL,NULL,NULL,'--- !ruby/hash:ActiveSupport::HashWithIndifferentAccess\nanschaffungskategorie: AV-Technik\nreference: invoice\numzug: zgeln\nankunftszustand: intakt\n','2013-08-16 09:23:33','2013-08-16 09:23:33'),(177,'8seqelod1rorb97j1i5a298','72:3d:33:4b:05:f9-c8:c8:1a:4c:e4:b1-c0:e1:c0:38:f8:87',181,85,167,10,NULL,NULL,'2011-03-29','2013-08-16',NULL,NULL,'636.00',0,0,1,0,1,1,NULL,NULL,NULL,NULL,NULL,'--- !ruby/hash:ActiveSupport::HashWithIndifferentAccess\nanschaffungskategorie: AV-Technik\nreference: invoice\numzug: zgeln\nankunftszustand: intakt\n','2013-08-16 09:23:33','2013-08-16 09:23:33'),(178,'nwme3i5hisqvnpnvm76a299','95:d0:d2:bd:de:a1-eb:bb:0c:f8:60:2b-36:d9:72:fa:33:0d',182,86,168,9,NULL,NULL,'2010-04-02','2013-08-16',NULL,NULL,'742.00',0,0,1,0,1,1,NULL,NULL,NULL,NULL,NULL,'--- !ruby/hash:ActiveSupport::HashWithIndifferentAccess\nanschaffungskategorie: AV-Technik\nreference: invoice\numzug: zgeln\nankunftszustand: intakt\n','2013-08-16 09:23:33','2013-08-16 09:23:33'),(179,'8n48d7w3jzk78p9dblmt300','3b:9b:b7:ea:29:76-05:95:5a:a0:f1:bf-63:68:bd:78:90:3a',182,87,169,2,NULL,NULL,'2012-03-01','2013-08-16',NULL,NULL,'1235.00',0,0,1,0,1,1,NULL,NULL,NULL,NULL,NULL,'--- !ruby/hash:ActiveSupport::HashWithIndifferentAccess\nanschaffungskategorie: AV-Technik\nreference: invoice\numzug: zgeln\nankunftszustand: intakt\n','2013-08-16 09:23:33','2013-08-16 09:23:33'),(180,'p12ctdk3neil6uoiza33301','da:f2:01:c4:f7:6e-11:ee:bc:1e:32:ec-c8:ae:42:de:67:a8',182,88,170,12,NULL,NULL,'2010-10-01','2013-08-16',NULL,NULL,'120.00',0,0,1,0,1,1,NULL,NULL,NULL,NULL,NULL,'--- !ruby/hash:ActiveSupport::HashWithIndifferentAccess\nanschaffungskategorie: AV-Technik\nreference: invoice\numzug: zgeln\nankunftszustand: intakt\n','2013-08-16 09:23:33','2013-08-16 09:23:33'),(181,'xvwekpgz9suhcyj2m9n3302','bf:3b:d8:d1:64:60-a5:d7:d8:9a:b7:8e-ab:fc:52:a2:b2:38',186,89,171,11,NULL,NULL,'2009-12-17','2013-08-21',NULL,NULL,'696.00',0,0,1,0,1,1,NULL,NULL,NULL,NULL,NULL,'--- !ruby/hash:ActiveSupport::HashWithIndifferentAccess\nanschaffungskategorie: AV-Technik\nreference: invoice\numzug: zgeln\nankunftszustand: intakt\n','2013-08-20 23:29:35','2013-08-20 23:29:35'),(182,'fmcov96hf5nlbch6tdv7303','86:fc:8d:01:c1:69-20:e5:7c:3d:4f:c8-82:c9:42:a3:e7:0a',187,90,172,9,NULL,NULL,'2008-06-14','2013-08-21',NULL,NULL,'397.00',0,0,1,0,1,1,NULL,NULL,NULL,NULL,NULL,'--- !ruby/hash:ActiveSupport::HashWithIndifferentAccess\nanschaffungskategorie: AV-Technik\nreference: invoice\numzug: zgeln\nankunftszustand: intakt\n','2013-08-20 23:29:35','2013-08-20 23:29:35'),(183,'twhbgerh736jrwl94t9y304','21:7e:e5:21:b5:53-35:ed:a5:57:26:ff-a4:0d:a3:46:98:c5',188,91,173,10,NULL,NULL,'2011-05-30','2013-08-21',NULL,NULL,'1051.00',0,0,1,0,1,1,NULL,NULL,NULL,NULL,NULL,'--- !ruby/hash:ActiveSupport::HashWithIndifferentAccess\nanschaffungskategorie: AV-Technik\nreference: invoice\numzug: zgeln\nankunftszustand: intakt\n','2013-08-20 23:29:35','2013-08-20 23:29:35'),(184,'58krfbrhjo7l03uvo1zy305','e4:c8:80:55:b0:6d-60:35:69:72:a6:ac-48:e5:da:2c:67:cd',189,92,174,5,NULL,NULL,'2008-11-18','2013-08-21',NULL,NULL,'1411.00',0,0,1,0,1,1,NULL,NULL,NULL,NULL,NULL,'--- !ruby/hash:ActiveSupport::HashWithIndifferentAccess\nanschaffungskategorie: AV-Technik\nreference: invoice\numzug: zgeln\nankunftszustand: intakt\n','2013-08-20 23:29:35','2013-08-20 23:29:35'),(185,'w19993l7jnxjhde7n4r4306','62:a2:ee:53:f3:b9-00:7d:db:85:c5:b1-88:90:46:73:6e:30',190,93,175,3,NULL,NULL,'2010-02-16','2013-08-21',NULL,NULL,'276.00',0,0,1,0,1,1,NULL,NULL,NULL,NULL,NULL,'--- !ruby/hash:ActiveSupport::HashWithIndifferentAccess\nanschaffungskategorie: AV-Technik\nreference: invoice\numzug: zgeln\nankunftszustand: intakt\n','2013-08-20 23:29:35','2013-08-20 23:29:35'),(186,'bwa6eyz2vkns1vih0h0l307','d9:07:42:2d:13:34-df:41:8e:dd:38:58-81:d7:3f:5e:36:04',191,94,176,10,NULL,NULL,'2012-02-11','2013-08-15',NULL,NULL,'125.00',0,0,1,0,1,1,NULL,NULL,NULL,NULL,NULL,'--- !ruby/hash:ActiveSupport::HashWithIndifferentAccess\nanschaffungskategorie: AV-Technik\nreference: invoice\numzug: zgeln\nankunftszustand: intakt\n','2013-08-15 16:20:43','2013-08-15 16:20:43'),(187,'apg5n3cl8tp85gqxfpnv308','fc:6d:ed:48:c6:0a-40:f2:80:bf:bb:39-ac:b4:ca:c7:14:98',192,95,177,8,NULL,NULL,'2010-10-29','2013-08-15',NULL,NULL,'1346.00',0,0,1,0,1,1,NULL,NULL,NULL,NULL,NULL,'--- !ruby/hash:ActiveSupport::HashWithIndifferentAccess\nanschaffungskategorie: AV-Technik\nreference: invoice\numzug: zgeln\nankunftszustand: intakt\n','2013-08-15 16:20:43','2013-08-15 16:20:43'),(188,'494bzr5hyqj92j2kwqy6309','90:0c:ce:ba:ed:f4-f0:32:68:d2:ec:70-bb:d6:d9:97:05:b9',193,96,178,7,NULL,NULL,'2012-06-23','2013-08-15',NULL,NULL,'1352.00',0,0,1,0,1,1,NULL,NULL,NULL,NULL,NULL,'--- !ruby/hash:ActiveSupport::HashWithIndifferentAccess\nanschaffungskategorie: AV-Technik\nreference: invoice\numzug: zgeln\nankunftszustand: intakt\n','2013-08-15 16:20:44','2013-08-15 16:20:44'),(189,'ovgrr93c5nbt75kkb3wv310','29:64:e4:9b:70:ce-37:e2:b6:66:80:05-89:f3:82:55:e5:b1',194,97,179,8,NULL,NULL,'2010-02-25','2013-08-15',NULL,NULL,'427.00',0,0,1,0,1,1,NULL,NULL,NULL,NULL,NULL,'--- !ruby/hash:ActiveSupport::HashWithIndifferentAccess\nanschaffungskategorie: AV-Technik\nreference: invoice\numzug: zgeln\nankunftszustand: intakt\n','2013-08-15 16:20:44','2013-08-15 16:20:44'),(190,'moit7tioaa07wtma4u6m311','c0:5c:dc:da:83:9d-4f:0a:6f:7c:5d:7d-a7:dd:10:79:e7:1a',194,98,180,10,NULL,NULL,'2010-03-03','2013-08-15',NULL,NULL,'733.00',0,0,1,0,1,1,NULL,NULL,NULL,NULL,NULL,'--- !ruby/hash:ActiveSupport::HashWithIndifferentAccess\nanschaffungskategorie: AV-Technik\nreference: invoice\numzug: zgeln\nankunftszustand: intakt\n','2013-08-15 16:20:44','2013-08-15 16:20:44'),(191,'1lws2e4j4mv5x6k2cx7q312','28:a1:d9:41:ed:15-10:cf:e7:bb:83:43-3c:79:64:e0:9b:e3',194,99,181,11,NULL,NULL,'2012-12-07','2013-08-15',NULL,NULL,'1492.00',0,0,1,0,1,1,NULL,NULL,NULL,NULL,NULL,'--- !ruby/hash:ActiveSupport::HashWithIndifferentAccess\nanschaffungskategorie: AV-Technik\nreference: invoice\numzug: zgeln\nankunftszustand: intakt\n','2013-08-15 16:20:44','2013-08-15 16:20:44'),(192,'eg4ef137e1rk7bxozp1q313','41:d0:c3:ea:28:5f-19:f9:f6:69:4b:8f-28:79:95:82:42:ef',198,100,182,6,NULL,NULL,'2008-08-05','2013-08-22',NULL,NULL,'598.00',0,0,1,0,1,1,NULL,NULL,NULL,NULL,NULL,'--- !ruby/hash:ActiveSupport::HashWithIndifferentAccess\nanschaffungskategorie: AV-Technik\nreference: invoice\numzug: zgeln\nankunftszustand: intakt\n','2013-08-21 22:15:31','2013-08-21 22:15:31'),(193,'sylywem6hzweag83z3s1314','4b:15:39:a6:0f:e0-9a:5a:f1:0f:e4:0b-2d:f4:ae:4c:8e:ac',199,101,183,11,NULL,NULL,'2008-07-29','2013-08-22',NULL,NULL,'127.00',0,0,1,0,1,1,NULL,NULL,NULL,NULL,NULL,'--- !ruby/hash:ActiveSupport::HashWithIndifferentAccess\nanschaffungskategorie: AV-Technik\nreference: invoice\numzug: zgeln\nankunftszustand: intakt\n','2013-08-21 22:15:31','2013-08-21 22:15:31'),(194,'9tfp2xtqqtcumk418e0w315','39:71:29:13:83:06-ae:80:52:3c:15:74-7c:be:69:69:b3:af',200,102,184,3,NULL,NULL,'2010-05-21','2013-08-22',NULL,NULL,'329.00',0,0,1,0,1,1,NULL,NULL,NULL,NULL,NULL,'--- !ruby/hash:ActiveSupport::HashWithIndifferentAccess\nanschaffungskategorie: AV-Technik\nreference: invoice\numzug: zgeln\nankunftszustand: intakt\n','2013-08-21 22:15:31','2013-08-21 22:15:31'),(195,'0ima92fy5onfvycmyds5316','20:20:6c:23:e8:27-13:b4:7f:1f:2a:ec-31:cc:d9:57:f0:3c',201,103,185,3,NULL,NULL,'2011-09-26','2013-08-22',NULL,NULL,'217.00',0,0,1,0,1,1,NULL,NULL,NULL,NULL,NULL,'--- !ruby/hash:ActiveSupport::HashWithIndifferentAccess\nanschaffungskategorie: AV-Technik\nreference: invoice\numzug: zgeln\nankunftszustand: intakt\n','2013-08-21 22:15:31','2013-08-21 22:15:31'),(196,'bbuj9z7nsa7mqeulu39l317','d2:2a:c5:d3:6c:97-fa:88:eb:d9:0d:e0-24:93:4f:ee:fc:e2',201,104,186,6,NULL,NULL,'2009-09-12','2013-08-22',NULL,NULL,'314.00',0,0,1,0,1,1,NULL,NULL,NULL,NULL,NULL,'--- !ruby/hash:ActiveSupport::HashWithIndifferentAccess\nanschaffungskategorie: AV-Technik\nreference: invoice\numzug: zgeln\nankunftszustand: intakt\n','2013-08-21 22:15:31','2013-08-21 22:15:31'),(197,'08jt4ll3l8eg1p7ix0rc318','a3:b7:06:a1:1f:1f-d5:ad:86:35:51:f4-f0:72:ab:b9:88:27',201,105,187,7,NULL,NULL,'2010-03-27','2013-08-22',NULL,NULL,'92.00',0,0,1,0,1,1,NULL,NULL,NULL,NULL,NULL,'--- !ruby/hash:ActiveSupport::HashWithIndifferentAccess\nanschaffungskategorie: AV-Technik\nreference: invoice\numzug: zgeln\nankunftszustand: intakt\n','2013-08-21 22:15:31','2013-08-21 22:15:31'),(198,'sffvk6wknmj08ol682hh319','ce:b2:b9:c8:d1:41-de:43:35:97:4e:68-a6:b0:b5:92:3b:69',205,106,188,2,NULL,NULL,'2009-04-16','2013-08-22',NULL,NULL,'689.00',0,0,1,0,1,1,NULL,NULL,NULL,NULL,NULL,'--- !ruby/hash:ActiveSupport::HashWithIndifferentAccess\nanschaffungskategorie: AV-Technik\nreference: invoice\numzug: zgeln\nankunftszustand: intakt\n','2013-08-21 22:15:31','2013-08-21 22:15:31'),(199,'afd6xyy7vfsb0x0nul10320','c9:c4:98:fd:47:e7-fe:88:62:cd:d9:85-79:8f:87:b9:8c:e0',206,107,189,8,NULL,NULL,'2010-05-31','2013-08-22',NULL,NULL,'1423.00',0,0,1,0,1,1,NULL,NULL,NULL,NULL,NULL,'--- !ruby/hash:ActiveSupport::HashWithIndifferentAccess\nanschaffungskategorie: AV-Technik\nreference: invoice\numzug: zgeln\nankunftszustand: intakt\n','2013-08-21 22:15:31','2013-08-21 22:15:31'),(200,'e34k93mzg9ijsvhumf3s321','a6:8d:ca:3b:d1:40-2e:e3:aa:8e:f7:a6-4a:0a:14:fe:89:84',207,108,190,6,NULL,NULL,'2011-04-25','2013-08-22',NULL,NULL,'485.00',0,0,1,0,1,1,NULL,NULL,NULL,NULL,NULL,'--- !ruby/hash:ActiveSupport::HashWithIndifferentAccess\nanschaffungskategorie: AV-Technik\nreference: invoice\numzug: zgeln\nankunftszustand: intakt\n','2013-08-21 22:15:31','2013-08-21 22:15:31'),(201,'w3oau6dcji0n2xvtcuq6322','bb:46:d6:38:e5:8c-eb:be:e0:ca:62:c2-07:90:c1:89:66:5d',208,109,191,3,NULL,NULL,'2012-10-11','2013-08-22',NULL,NULL,'90.00',0,0,1,0,1,1,NULL,NULL,NULL,NULL,NULL,'--- !ruby/hash:ActiveSupport::HashWithIndifferentAccess\nanschaffungskategorie: AV-Technik\nreference: invoice\numzug: zgeln\nankunftszustand: intakt\n','2013-08-21 22:15:31','2013-08-21 22:15:31'),(202,'feseswgs4c4aowg8uri3323','46:e5:e0:47:9f:4f-8c:14:7e:ca:c2:18-3d:0e:b6:7c:a5:cd',209,110,192,11,NULL,NULL,'2008-01-12','2013-08-22',NULL,NULL,'122.00',0,0,1,0,1,1,NULL,NULL,NULL,NULL,NULL,'--- !ruby/hash:ActiveSupport::HashWithIndifferentAccess\nanschaffungskategorie: AV-Technik\nreference: invoice\numzug: zgeln\nankunftszustand: intakt\n','2013-08-21 22:15:31','2013-08-21 22:15:31'),(203,'s9ivisxvlx7cesev2wol324','c3:27:d3:f8:06:de-91:73:09:8d:db:70-99:15:a0:97:3b:0e',210,111,193,7,NULL,NULL,'2012-03-24','2013-08-22',NULL,NULL,'137.00',0,0,1,0,1,1,NULL,NULL,NULL,NULL,NULL,'--- !ruby/hash:ActiveSupport::HashWithIndifferentAccess\nanschaffungskategorie: AV-Technik\nreference: invoice\numzug: zgeln\nankunftszustand: intakt\n','2013-08-21 22:15:31','2013-08-21 22:15:31'),(204,'3oqm0ojw2b9rtxl5vq5j325','31:ad:39:c9:e9:ef-ff:4e:6c:6f:b2:b7-ad:38:28:90:50:56',211,112,194,10,NULL,NULL,'2012-08-10','2013-08-22',NULL,NULL,'403.00',0,0,1,0,1,1,NULL,NULL,NULL,NULL,NULL,'--- !ruby/hash:ActiveSupport::HashWithIndifferentAccess\nanschaffungskategorie: AV-Technik\nreference: invoice\numzug: zgeln\nankunftszustand: intakt\n','2013-08-21 22:15:31','2013-08-21 22:15:31'),(205,'kh2jbw7a1sevy1xasgoq326','44:a0:c1:24:2b:ff-fe:a3:46:78:d8:05-8b:00:90:b4:2c:c0',212,113,195,5,NULL,NULL,'2008-03-16','2013-08-22',NULL,NULL,'299.00',0,0,1,0,1,1,NULL,NULL,NULL,NULL,NULL,'--- !ruby/hash:ActiveSupport::HashWithIndifferentAccess\nanschaffungskategorie: AV-Technik\nreference: invoice\numzug: zgeln\nankunftszustand: intakt\n','2013-08-21 22:15:31','2013-08-21 22:15:31'),(206,'bi9cz7e37icm2ods861z327','dd:58:f0:7c:2f:9d-78:f3:fa:98:98:cc-d4:0d:17:7d:c4:09',213,114,196,7,NULL,NULL,'2010-01-11','2013-08-22',NULL,NULL,'238.00',0,0,1,0,1,1,NULL,NULL,NULL,NULL,NULL,'--- !ruby/hash:ActiveSupport::HashWithIndifferentAccess\nanschaffungskategorie: AV-Technik\nreference: invoice\numzug: zgeln\nankunftszustand: intakt\n','2013-08-21 22:15:31','2013-08-21 22:15:31'),(207,'r58tpwn51jqiprujvsuq328','c3:50:c7:63:89:bc-3a:41:19:48:6f:89-65:0e:f8:11:48:aa',214,115,197,9,NULL,NULL,'2008-02-17','2013-08-22',NULL,NULL,'513.00',0,0,1,0,1,1,NULL,NULL,NULL,NULL,NULL,'--- !ruby/hash:ActiveSupport::HashWithIndifferentAccess\nanschaffungskategorie: AV-Technik\nreference: invoice\numzug: zgeln\nankunftszustand: intakt\n','2013-08-21 22:15:31','2013-08-21 22:15:31'),(208,'zl313giee8g0kh2kx072329','5d:f8:56:39:69:e9-42:b5:44:87:75:2f-31:fb:80:1d:b4:45',215,116,198,12,NULL,NULL,'2009-03-05','2013-08-22',NULL,NULL,'1359.00',0,0,1,0,1,1,NULL,NULL,NULL,NULL,NULL,'--- !ruby/hash:ActiveSupport::HashWithIndifferentAccess\nanschaffungskategorie: AV-Technik\nreference: invoice\numzug: zgeln\nankunftszustand: intakt\n','2013-08-21 22:15:31','2013-08-21 22:15:31'),(209,'shrhf7684a70n12pbjfi330','d5:8b:74:a5:97:ae-d9:41:39:d8:49:da-e2:c0:de:17:e2:c8',216,117,199,1,NULL,NULL,'2011-05-07','2013-08-22',NULL,NULL,'1089.00',0,0,1,0,1,1,NULL,NULL,NULL,NULL,NULL,'--- !ruby/hash:ActiveSupport::HashWithIndifferentAccess\nanschaffungskategorie: AV-Technik\nreference: invoice\numzug: zgeln\nankunftszustand: intakt\n','2013-08-21 22:15:31','2013-08-21 22:15:31'),(210,'w0eqirc2oxaaede33wpq331','ee:fc:4c:f3:50:19-bb:30:cc:2e:ac:bb-37:bd:e3:c6:73:8b',217,NULL,NULL,1,NULL,NULL,NULL,NULL,NULL,NULL,NULL,0,0,1,0,1,0,NULL,NULL,NULL,NULL,NULL,'--- !ruby/hash:ActiveSupport::HashWithIndifferentAccess\nlicense_type: single_workplace\nactivation_type: serial_number\noperating_system:\n- windows\n- linux\ninstallation:\n- citrix\n- web\nreference: invoice\nmaintenance_contract: \'false\'\n','2013-08-21 22:15:31','2013-08-21 22:15:31'),(211,'bzqtzibe73jx8g6egil0332','ef:06:c2:17:0b:0f-bd:45:ff:3e:68:5e-01:1c:23:e2:a1:c2',218,118,200,9,NULL,NULL,'2011-02-09','2013-08-17',NULL,NULL,'1388.00',0,0,1,0,2,1,NULL,NULL,NULL,NULL,NULL,'--- !ruby/hash:ActiveSupport::HashWithIndifferentAccess\nanschaffungskategorie: AV-Technik\nreference: invoice\numzug: zgeln\nankunftszustand: intakt\n','2013-08-17 00:00:00','2013-08-17 00:00:00'),(212,'nj491szc2dbo27art20m333','e6:c8:61:ed:6b:f8-59:b3:81:64:5c:c5-d5:a4:f9:99:df:d5',218,119,201,7,NULL,NULL,'2012-10-22','2013-08-17',NULL,NULL,'594.00',0,0,1,0,2,1,NULL,NULL,NULL,NULL,NULL,'--- !ruby/hash:ActiveSupport::HashWithIndifferentAccess\nanschaffungskategorie: AV-Technik\nreference: invoice\numzug: zgeln\nankunftszustand: intakt\n','2013-08-17 00:00:00','2013-08-17 00:00:00'),(213,'ggmji8311cgv7qotnzse334','1b:45:b7:73:e8:35-d4:10:06:d7:b4:36-7c:6c:f1:0c:71:01',218,120,202,10,NULL,NULL,'2010-05-23','2013-08-17',NULL,NULL,'1457.00',0,0,1,0,2,1,NULL,NULL,NULL,NULL,NULL,'--- !ruby/hash:ActiveSupport::HashWithIndifferentAccess\nanschaffungskategorie: AV-Technik\nreference: invoice\numzug: zgeln\nankunftszustand: intakt\n','2013-08-17 00:00:00','2013-08-17 00:00:00'),(214,'gy6gjvyczopz1g1ecfcz335','76:8b:8e:93:5b:d0-dd:3b:0a:5a:4f:fe-3b:33:3c:df:b9:fd',222,121,203,1,NULL,NULL,'2010-08-17','2013-08-22',NULL,NULL,'1382.00',0,0,1,0,13,1,NULL,NULL,NULL,NULL,NULL,'--- !ruby/hash:ActiveSupport::HashWithIndifferentAccess\nanschaffungskategorie: AV-Technik\nreference: invoice\numzug: zgeln\nankunftszustand: intakt\n','2013-08-21 22:15:31','2013-08-21 22:15:31'),(215,'9qdjpwpj96chmiqissw0336','24:32:a4:a4:3d:df-53:03:b6:f3:e3:87-f0:af:df:d8:54:58',223,122,204,3,NULL,NULL,'2011-02-16','2013-08-22',NULL,NULL,'837.00',0,0,1,0,14,1,NULL,NULL,NULL,NULL,NULL,'--- !ruby/hash:ActiveSupport::HashWithIndifferentAccess\nanschaffungskategorie: AV-Technik\nreference: invoice\numzug: zgeln\nankunftszustand: intakt\n','2013-08-21 22:15:31','2013-08-21 22:15:31'),(216,'us9c2rtva78edbb7emqu337','3a:10:bb:54:51:d8-4d:aa:d3:87:65:67-b2:76:ba:0d:4b:ba',224,123,205,11,NULL,NULL,'2012-09-22','2013-08-22',NULL,NULL,'67.00',0,0,1,0,15,1,NULL,NULL,NULL,NULL,NULL,'--- !ruby/hash:ActiveSupport::HashWithIndifferentAccess\nanschaffungskategorie: AV-Technik\nreference: invoice\numzug: zgeln\nankunftszustand: intakt\n','2013-08-21 22:15:31','2013-08-21 22:15:31'),(217,'0xq06brcg3xutzstlhsp338','89:4b:8f:38:dc:09-06:eb:06:93:36:a8-d3:40:9d:9f:7f:be',225,124,206,5,NULL,NULL,'2012-12-28','2013-08-22',NULL,NULL,'1082.00',0,0,1,0,1,1,NULL,NULL,NULL,NULL,NULL,'--- !ruby/hash:ActiveSupport::HashWithIndifferentAccess\nanschaffungskategorie: AV-Technik\nreference: invoice\numzug: zgeln\nankunftszustand: intakt\n','2013-08-21 22:15:31','2013-08-21 22:15:31'),(218,'iheda7qgyh4zwok0jp4v339','63:36:64:66:90:cb-35:3c:2a:80:ef:78-b9:f7:5c:e4:63:4d',226,125,207,6,NULL,NULL,'2010-03-22','2013-08-22',NULL,NULL,'1080.00',0,0,1,0,1,1,NULL,NULL,NULL,NULL,NULL,'--- !ruby/hash:ActiveSupport::HashWithIndifferentAccess\nanschaffungskategorie: AV-Technik\nreference: invoice\numzug: zgeln\nankunftszustand: intakt\n','2013-08-21 22:15:31','2013-08-21 22:15:31'),(219,'7ug4a939uasu5s5jwzc0340','89:10:34:29:e9:71-9b:71:33:8e:03:18-da:54:b7:82:f3:ee',227,126,208,9,NULL,NULL,'2012-08-24','2013-08-22',NULL,NULL,'492.00',0,0,1,0,1,1,NULL,NULL,NULL,NULL,NULL,'--- !ruby/hash:ActiveSupport::HashWithIndifferentAccess\nanschaffungskategorie: AV-Technik\nreference: invoice\numzug: zgeln\nankunftszustand: intakt\n','2013-08-21 22:15:31','2013-08-21 22:15:31'),(220,'p55zxt2w39fr4t5qvsgk341','ac:0c:9e:ea:d1:86-e2:72:d5:9a:64:5f-55:4e:8b:d1:7b:73',228,127,209,10,NULL,NULL,'2009-10-21','2013-08-22',NULL,NULL,'128.00',0,0,1,0,1,1,NULL,NULL,NULL,NULL,NULL,'--- !ruby/hash:ActiveSupport::HashWithIndifferentAccess\nanschaffungskategorie: AV-Technik\nreference: invoice\numzug: zgeln\nankunftszustand: intakt\n','2013-08-21 22:15:31','2013-08-21 22:15:31'),(221,'4o627dtfqp9fhmje2qac342','54:8b:d3:b2:c3:80-57:22:1a:83:85:38-5b:90:13:81:a5:c8',229,128,210,12,NULL,NULL,'2009-08-08','2013-08-22',NULL,NULL,'1015.00',0,0,1,0,1,1,NULL,NULL,NULL,NULL,NULL,'--- !ruby/hash:ActiveSupport::HashWithIndifferentAccess\nanschaffungskategorie: AV-Technik\nreference: invoice\numzug: zgeln\nankunftszustand: intakt\n','2013-08-21 22:15:31','2013-08-21 22:15:31'),(222,'429lb0h6f4lojanbg827343','7d:d1:b8:ee:8e:c0-80:93:82:5f:c8:a6-7a:44:d4:2d:3e:ad',230,129,211,15,NULL,NULL,'2010-07-01','2013-08-22',NULL,NULL,'981.00',0,0,1,0,1,1,NULL,NULL,NULL,NULL,NULL,'--- !ruby/hash:ActiveSupport::HashWithIndifferentAccess\nanschaffungskategorie: AV-Technik\nreference: invoice\numzug: zgeln\nankunftszustand: intakt\n','2013-08-21 22:15:31','2013-08-21 22:15:31'),(223,'m01x6xm9jofguzi2xonq344','a5:7e:a1:36:ce:33-fa:f2:b2:e3:fd:22-b7:2b:be:99:9d:88',231,130,212,13,NULL,NULL,'2009-10-18','2013-08-22',NULL,NULL,'1170.00',0,0,1,0,1,1,NULL,NULL,NULL,NULL,NULL,'--- !ruby/hash:ActiveSupport::HashWithIndifferentAccess\nanschaffungskategorie: AV-Technik\nreference: invoice\numzug: zgeln\nankunftszustand: intakt\n','2013-08-21 22:15:31','2013-08-21 22:15:31'),(224,'uvmabeq4gnjwt592j5xd345','60:f8:83:15:79:11-cf:9d:5c:d9:a8:6d-e6:50:55:b4:a7:ad',232,131,213,10,NULL,NULL,'2011-04-15','2013-08-22',NULL,NULL,'1441.00',0,0,1,0,1,1,NULL,NULL,NULL,NULL,NULL,'--- !ruby/hash:ActiveSupport::HashWithIndifferentAccess\nanschaffungskategorie: AV-Technik\nreference: invoice\numzug: zgeln\nankunftszustand: intakt\n','2013-08-21 22:15:31','2013-08-21 22:15:31'),(225,'1kpmuslgx7ekrzgzaxwi346','bc:af:41:d4:25:06-31:ed:43:81:a5:c6-1e:08:e0:fa:5d:3d',233,132,214,11,NULL,NULL,'2009-08-19','2013-08-22',NULL,NULL,'1390.00',0,0,1,0,1,1,NULL,NULL,NULL,NULL,NULL,'--- !ruby/hash:ActiveSupport::HashWithIndifferentAccess\nanschaffungskategorie: AV-Technik\nreference: invoice\numzug: zgeln\nankunftszustand: intakt\n','2013-08-21 22:15:31','2013-08-21 22:15:31'),(226,'ydltbwti2ohcor0knawj347','d1:a0:dd:02:88:07-7f:c5:4c:ec:85:cc-b7:e0:53:ed:de:31',234,133,215,8,NULL,NULL,'2009-05-13','2013-08-22',NULL,NULL,'1052.00',0,0,1,0,1,1,NULL,NULL,NULL,NULL,NULL,'--- !ruby/hash:ActiveSupport::HashWithIndifferentAccess\nanschaffungskategorie: AV-Technik\nreference: invoice\numzug: zgeln\nankunftszustand: intakt\n','2013-08-21 22:15:31','2013-08-21 22:15:31'),(227,'np51yasrl1i5y43ych3x348','ba:69:13:51:90:95-0a:42:76:86:78:b9-8b:20:95:6c:ff:d5',235,134,216,6,NULL,NULL,'2011-07-05','2013-08-22',NULL,NULL,'629.00',0,0,1,0,1,1,NULL,NULL,NULL,NULL,NULL,'--- !ruby/hash:ActiveSupport::HashWithIndifferentAccess\nanschaffungskategorie: AV-Technik\nreference: invoice\numzug: zgeln\nankunftszustand: intakt\n','2013-08-21 22:15:31','2013-08-21 22:15:31'),(228,'4badj3eij9pdh8ec65bj349','61:ae:b5:d9:f6:71-22:a4:24:18:92:21-a0:45:7e:25:4d:69',236,135,217,14,NULL,NULL,'2012-09-08','2013-08-22',NULL,NULL,'455.00',0,0,1,0,1,1,NULL,NULL,NULL,NULL,NULL,'--- !ruby/hash:ActiveSupport::HashWithIndifferentAccess\nanschaffungskategorie: AV-Technik\nreference: invoice\numzug: zgeln\nankunftszustand: intakt\n','2013-08-21 22:15:31','2013-08-21 22:15:31'),(229,'2iueykqreogx80rivy21350','de:bc:52:db:aa:0d-f9:29:27:04:6b:54-f7:e0:7e:08:fd:5f',237,136,218,10,NULL,NULL,'2011-05-31','2013-08-17',NULL,NULL,'357.00',0,0,1,0,1,1,NULL,NULL,NULL,NULL,NULL,'--- !ruby/hash:ActiveSupport::HashWithIndifferentAccess\nanschaffungskategorie: AV-Technik\nreference: invoice\numzug: zgeln\nankunftszustand: intakt\n','2013-08-17 00:00:00','2013-08-17 00:00:00'),(230,'1g6wci4wux4r01t700t8351','a0:2c:0c:14:d4:50-e4:a8:b5:bc:a4:30-86:73:e3:ee:9b:9c',238,137,219,1,NULL,NULL,'2011-12-03','2013-08-17',NULL,NULL,'1367.00',0,0,1,0,1,1,NULL,NULL,NULL,NULL,NULL,'--- !ruby/hash:ActiveSupport::HashWithIndifferentAccess\nanschaffungskategorie: AV-Technik\nreference: invoice\numzug: zgeln\nankunftszustand: intakt\n','2013-08-17 00:00:00','2013-08-17 00:00:00'),(231,'mvygbbg35t06mlz6cne7352','76:c7:48:af:07:87-08:e2:6d:34:2a:1e-87:46:de:62:1c:28',239,138,220,1,NULL,NULL,'2010-03-17','2013-08-17',NULL,NULL,'359.00',0,0,1,0,1,1,NULL,NULL,NULL,NULL,NULL,'--- !ruby/hash:ActiveSupport::HashWithIndifferentAccess\nanschaffungskategorie: AV-Technik\nreference: invoice\numzug: zgeln\nankunftszustand: intakt\n','2013-08-17 00:00:00','2013-08-17 00:00:00'),(232,'olrbtpbos5sozfp78gsx353','6d:99:91:9f:d7:2a-26:ec:33:e3:ee:12-2c:d2:b2:cb:d1:ef',240,139,221,11,NULL,NULL,'2012-05-13','2013-08-22',NULL,NULL,'74.00',0,0,1,0,2,1,NULL,NULL,NULL,NULL,NULL,'--- !ruby/hash:ActiveSupport::HashWithIndifferentAccess\nanschaffungskategorie: AV-Technik\nreference: invoice\numzug: zgeln\nankunftszustand: intakt\n','2013-08-21 22:15:31','2013-08-21 22:15:31'),(233,'b56ldxvf2xyrqn4n7v0o354','b1:0e:77:d6:59:72-80:64:c5:96:7a:c9-9d:9c:9d:19:dc:1e',240,140,222,2,NULL,NULL,'2008-10-24','2013-08-22',NULL,NULL,'1288.00',0,0,1,0,2,1,NULL,NULL,NULL,NULL,NULL,'--- !ruby/hash:ActiveSupport::HashWithIndifferentAccess\nanschaffungskategorie: AV-Technik\nreference: invoice\numzug: zgeln\nankunftszustand: intakt\n','2013-08-21 22:15:31','2013-08-21 22:15:31'),(234,'a9264nqu0peoen4kn77b355','24:22:9f:53:4a:13-28:1e:29:c6:ea:87-5c:ee:b5:de:e5:78',240,141,223,11,NULL,NULL,'2012-11-23','2013-08-22',NULL,NULL,'751.00',0,0,1,0,2,1,NULL,NULL,NULL,NULL,NULL,'--- !ruby/hash:ActiveSupport::HashWithIndifferentAccess\nanschaffungskategorie: AV-Technik\nreference: invoice\numzug: zgeln\nankunftszustand: intakt\n','2013-08-21 22:15:31','2013-08-21 22:15:31'),(235,'kdm6d672t5jkt1zurpfv356','f0:df:dc:92:18:14-28:95:5b:b0:27:cd-58:e6:4f:14:e2:f4',244,142,224,7,NULL,NULL,'2012-09-18','2013-08-22',NULL,NULL,'626.00',0,0,1,0,2,1,NULL,NULL,NULL,NULL,NULL,'--- !ruby/hash:ActiveSupport::HashWithIndifferentAccess\nanschaffungskategorie: AV-Technik\nreference: invoice\numzug: zgeln\nankunftszustand: intakt\n','2013-08-21 22:15:31','2013-08-21 22:15:31'),(236,'9ftbyyczx09my5kttw08357','f7:45:ab:01:64:d5-d6:73:be:32:99:14-80:a9:06:b7:64:31',244,143,225,13,NULL,NULL,'2012-08-13','2013-08-22',NULL,NULL,'548.00',0,0,1,0,2,1,NULL,NULL,NULL,NULL,NULL,'--- !ruby/hash:ActiveSupport::HashWithIndifferentAccess\nanschaffungskategorie: AV-Technik\nreference: invoice\numzug: zgeln\nankunftszustand: intakt\n','2013-08-21 22:15:31','2013-08-21 22:15:31'),(237,'rmrbcxbj6epxw27zkyb6358','5d:6d:d9:de:af:1f-2f:d4:12:bd:f6:32-ac:fb:0b:55:9e:37',244,144,226,5,NULL,NULL,'2008-07-10','2013-08-22',NULL,NULL,'618.00',0,0,1,0,2,1,NULL,NULL,NULL,NULL,NULL,'--- !ruby/hash:ActiveSupport::HashWithIndifferentAccess\nanschaffungskategorie: AV-Technik\nreference: invoice\numzug: zgeln\nankunftszustand: intakt\n','2013-08-21 22:15:31','2013-08-21 22:15:31'),(238,'yezt9h1g2nzqczl88jul359','c1:29:ae:74:ff:5b-41:a8:a5:40:47:b8-be:17:fd:4b:ce:38',248,145,227,12,NULL,NULL,'2009-04-01','2013-08-22',NULL,NULL,'531.00',0,0,1,0,2,1,NULL,NULL,NULL,NULL,NULL,'--- !ruby/hash:ActiveSupport::HashWithIndifferentAccess\nanschaffungskategorie: AV-Technik\nreference: invoice\numzug: zgeln\nankunftszustand: intakt\n','2013-08-21 22:15:31','2013-08-21 22:15:31'),(239,'29p7us7ggqc0bmdadqg7360','cd:2a:9a:33:fe:a1-dd:25:8f:07:d6:47-6e:9f:d5:f8:75:ae',248,146,228,10,NULL,NULL,'2010-06-25','2013-08-22',NULL,NULL,'1398.00',0,0,1,0,2,1,NULL,NULL,NULL,NULL,NULL,'--- !ruby/hash:ActiveSupport::HashWithIndifferentAccess\nanschaffungskategorie: AV-Technik\nreference: invoice\numzug: zgeln\nankunftszustand: intakt\n','2013-08-21 22:15:31','2013-08-21 22:15:31'),(240,'dbsr7pwq3mo916f1thd8361','1f:8b:1f:c5:3f:55-ef:5a:db:89:ef:22-79:a9:63:bc:81:e5',248,147,229,14,NULL,NULL,'2009-07-11','2013-08-22',NULL,NULL,'739.00',0,0,1,0,2,1,NULL,NULL,NULL,NULL,NULL,'--- !ruby/hash:ActiveSupport::HashWithIndifferentAccess\nanschaffungskategorie: AV-Technik\nreference: invoice\numzug: zgeln\nankunftszustand: intakt\n','2013-08-21 22:15:31','2013-08-21 22:15:31'),(241,'1m6mg034p5lyvg2u7uya362','49:16:69:4e:67:83-c0:fb:f8:d2:b6:44-1f:5a:d1:89:ce:f9',252,148,230,2,NULL,NULL,'2010-03-07','2013-08-22',NULL,NULL,'973.00',0,0,1,0,2,1,NULL,NULL,NULL,NULL,NULL,'--- !ruby/hash:ActiveSupport::HashWithIndifferentAccess\nanschaffungskategorie: AV-Technik\nreference: invoice\numzug: zgeln\nankunftszustand: intakt\n','2013-08-21 22:15:31','2013-08-21 22:15:31'),(242,'rrzelslgm64jww3sn8rw363','b4:e4:82:1e:58:d9-e5:88:2f:84:19:d8-2b:b7:92:78:08:06',252,149,231,13,NULL,NULL,'2008-01-30','2013-08-22',NULL,NULL,'1358.00',0,0,1,0,2,1,NULL,NULL,NULL,NULL,NULL,'--- !ruby/hash:ActiveSupport::HashWithIndifferentAccess\nanschaffungskategorie: AV-Technik\nreference: invoice\numzug: zgeln\nankunftszustand: intakt\n','2013-08-21 22:15:31','2013-08-21 22:15:31'),(243,'plab0zmq09z2y9ey4140364','e0:74:10:e7:b5:eb-9c:07:c9:62:eb:18-f6:f0:60:16:fd:b6',252,150,232,13,NULL,NULL,'2010-08-08','2013-08-22',NULL,NULL,'436.00',0,0,1,0,2,1,NULL,NULL,NULL,NULL,NULL,'--- !ruby/hash:ActiveSupport::HashWithIndifferentAccess\nanschaffungskategorie: AV-Technik\nreference: invoice\numzug: zgeln\nankunftszustand: intakt\n','2013-08-21 22:15:31','2013-08-21 22:15:31'),(244,'ik1j8yoqfbsqg6qsof5u365','b3:bf:d1:82:50:a4-3e:fa:81:b8:d1:f5-b0:39:b6:ca:5d:a0',256,151,233,11,NULL,NULL,'2012-02-13','2013-08-22',NULL,NULL,'1332.00',0,0,1,0,2,1,NULL,NULL,NULL,NULL,NULL,'--- !ruby/hash:ActiveSupport::HashWithIndifferentAccess\nanschaffungskategorie: AV-Technik\nreference: invoice\numzug: zgeln\nankunftszustand: intakt\n','2013-08-21 22:15:31','2013-08-21 22:15:31'),(245,'p3zid3efm56djrd6axoi366','74:2b:b5:b2:ca:e1-fd:e3:28:62:04:cb-45:b0:2f:c1:bf:77',256,152,234,14,NULL,NULL,'2009-04-21','2013-08-22',NULL,NULL,'1099.00',0,0,1,0,2,1,NULL,NULL,NULL,NULL,NULL,'--- !ruby/hash:ActiveSupport::HashWithIndifferentAccess\nanschaffungskategorie: AV-Technik\nreference: invoice\numzug: zgeln\nankunftszustand: intakt\n','2013-08-21 22:15:31','2013-08-21 22:15:31'),(246,'ho9xyl6n2f2b73kh8ly6367','1c:94:2d:54:4a:a8-a2:43:a6:8d:3d:6e-fb:78:62:59:fd:b2',256,153,235,3,NULL,NULL,'2012-04-05','2013-08-22',NULL,NULL,'1182.00',0,0,1,0,2,1,NULL,NULL,NULL,NULL,NULL,'--- !ruby/hash:ActiveSupport::HashWithIndifferentAccess\nanschaffungskategorie: AV-Technik\nreference: invoice\numzug: zgeln\nankunftszustand: intakt\n','2013-08-21 22:15:31','2013-08-21 22:15:31'),(247,'3l39au0sc8n8zz81ieim368','60:ad:7c:e0:50:db-8c:39:3d:a5:ce:1f-66:51:05:b7:42:b0',260,154,236,11,NULL,NULL,'2012-04-30','2013-08-22',NULL,NULL,'1110.00',0,0,1,0,2,1,NULL,NULL,NULL,NULL,NULL,'--- !ruby/hash:ActiveSupport::HashWithIndifferentAccess\nanschaffungskategorie: AV-Technik\nreference: invoice\numzug: zgeln\nankunftszustand: intakt\n','2013-08-21 22:15:31','2013-08-21 22:15:31'),(248,'787oz154po4suc97jdtj369','90:37:33:3e:bb:84-8c:81:ba:96:f2:3f-f6:3b:20:38:48:b3',260,155,237,1,NULL,NULL,'2010-10-07','2013-08-22',NULL,NULL,'1085.00',0,0,1,0,2,1,NULL,NULL,NULL,NULL,NULL,'--- !ruby/hash:ActiveSupport::HashWithIndifferentAccess\nanschaffungskategorie: AV-Technik\nreference: invoice\numzug: zgeln\nankunftszustand: intakt\n','2013-08-21 22:15:31','2013-08-21 22:15:31'),(249,'a67aghtderjbag2w0o2m370','21:92:a0:55:b2:7c-f2:c6:26:16:5e:48-f3:be:5a:76:17:f5',260,156,238,6,NULL,NULL,'2008-07-22','2013-08-22',NULL,NULL,'1329.00',0,0,1,0,2,1,NULL,NULL,NULL,NULL,NULL,'--- !ruby/hash:ActiveSupport::HashWithIndifferentAccess\nanschaffungskategorie: AV-Technik\nreference: invoice\numzug: zgeln\nankunftszustand: intakt\n','2013-08-21 22:15:31','2013-08-21 22:15:31'),(250,'6ty6omv6hov6bwxk6hd7371','be:19:43:63:07:26-0f:6d:4c:ea:f4:dc-e2:01:b7:e7:70:37',264,157,239,11,NULL,NULL,'2008-01-09','2013-08-22',NULL,NULL,'1230.00',0,0,1,0,2,1,NULL,NULL,NULL,NULL,NULL,'--- !ruby/hash:ActiveSupport::HashWithIndifferentAccess\nanschaffungskategorie: AV-Technik\nreference: invoice\numzug: zgeln\nankunftszustand: intakt\n','2013-08-21 22:15:31','2013-08-21 22:15:31'),(251,'t30gzd8fw3nxi42vklg4372','35:01:58:f1:74:cf-39:2a:af:32:b6:75-b3:94:87:2a:d3:4d',264,158,240,15,NULL,NULL,'2008-06-05','2013-08-22',NULL,NULL,'1107.00',0,0,1,0,2,1,NULL,NULL,NULL,NULL,NULL,'--- !ruby/hash:ActiveSupport::HashWithIndifferentAccess\nanschaffungskategorie: AV-Technik\nreference: invoice\numzug: zgeln\nankunftszustand: intakt\n','2013-08-21 22:15:31','2013-08-21 22:15:31'),(252,'kgo64zpm2kqmg3pfnxal373','12:a4:e5:94:3f:85-46:0f:cf:49:b0:47-e0:1a:c3:b6:fa:98',264,159,241,7,NULL,NULL,'2010-05-07','2013-08-22',NULL,NULL,'341.00',0,0,1,0,2,1,NULL,NULL,NULL,NULL,NULL,'--- !ruby/hash:ActiveSupport::HashWithIndifferentAccess\nanschaffungskategorie: AV-Technik\nreference: invoice\numzug: zgeln\nankunftszustand: intakt\n','2013-08-21 22:15:31','2013-08-21 22:15:31'),(253,'nxdazevmuwhb7knmajoo374','db:a9:3c:4c:28:47-1f:7b:85:88:db:db-12:ea:29:d2:52:cb',268,160,242,4,NULL,NULL,'2011-10-21','2013-08-22',NULL,NULL,'417.00',0,0,1,0,2,1,NULL,NULL,NULL,NULL,NULL,'--- !ruby/hash:ActiveSupport::HashWithIndifferentAccess\nanschaffungskategorie: AV-Technik\nreference: invoice\numzug: zgeln\nankunftszustand: intakt\n','2013-08-21 22:15:31','2013-08-21 22:15:31'),(254,'nbg02yklanm78yky49iz375','20:56:53:6b:32:97-77:a3:b6:6a:10:2d-b4:db:ca:33:01:24',268,161,243,5,NULL,NULL,'2010-08-12','2013-08-22',NULL,NULL,'321.00',0,0,1,0,2,1,NULL,NULL,NULL,NULL,NULL,'--- !ruby/hash:ActiveSupport::HashWithIndifferentAccess\nanschaffungskategorie: AV-Technik\nreference: invoice\numzug: zgeln\nankunftszustand: intakt\n','2013-08-21 22:15:31','2013-08-21 22:15:31'),(255,'sbhp4i35t37itu4vdwj2376','86:ae:89:77:d1:53-44:8d:c7:e8:b8:99-9b:da:92:6d:99:a6',268,162,244,9,NULL,NULL,'2009-05-29','2013-08-22',NULL,NULL,'1233.00',0,0,1,0,2,1,NULL,NULL,NULL,NULL,NULL,'--- !ruby/hash:ActiveSupport::HashWithIndifferentAccess\nanschaffungskategorie: AV-Technik\nreference: invoice\numzug: zgeln\nankunftszustand: intakt\n','2013-08-21 22:15:31','2013-08-21 22:15:31'),(256,'bzuwwzsly4i8zg25ru1j377','14:56:5f:d6:32:42-42:ce:32:b3:e1:fd-be:37:32:54:78:fe',272,163,245,5,NULL,NULL,'2012-09-13','2013-08-22',NULL,NULL,'46.00',0,0,1,0,2,1,NULL,NULL,NULL,NULL,NULL,'--- !ruby/hash:ActiveSupport::HashWithIndifferentAccess\nanschaffungskategorie: AV-Technik\nreference: invoice\numzug: zgeln\nankunftszustand: intakt\n','2013-08-21 22:15:31','2013-08-21 22:15:31'),(257,'iwoy5t2rdof2j8sx74yl378','df:29:f4:8d:92:31-2f:76:5b:56:9d:ad-90:e4:74:82:a0:9e',272,164,246,11,NULL,NULL,'2008-06-20','2013-08-22',NULL,NULL,'111.00',0,0,1,0,2,1,NULL,NULL,NULL,NULL,NULL,'--- !ruby/hash:ActiveSupport::HashWithIndifferentAccess\nanschaffungskategorie: AV-Technik\nreference: invoice\numzug: zgeln\nankunftszustand: intakt\n','2013-08-21 22:15:31','2013-08-21 22:15:31'),(258,'n6jbpr1au2egma3tfdt6379','a9:db:70:ce:be:05-17:72:0d:cd:2a:c9-b3:fa:22:e4:ce:1b',272,165,247,8,NULL,NULL,'2010-08-26','2013-08-22',NULL,NULL,'1366.00',0,0,1,0,2,1,NULL,NULL,NULL,NULL,NULL,'--- !ruby/hash:ActiveSupport::HashWithIndifferentAccess\nanschaffungskategorie: AV-Technik\nreference: invoice\numzug: zgeln\nankunftszustand: intakt\n','2013-08-21 22:15:31','2013-08-21 22:15:31'),(259,'xnad3khuvwcrlk199c9e380','59:9a:fb:4b:62:32-3f:1d:02:c9:14:35-c0:51:f4:79:dd:d0',276,166,248,12,NULL,NULL,'2009-04-29','2013-08-22',NULL,NULL,'1442.00',0,0,1,0,2,1,NULL,NULL,NULL,NULL,NULL,'--- !ruby/hash:ActiveSupport::HashWithIndifferentAccess\nanschaffungskategorie: AV-Technik\nreference: invoice\numzug: zgeln\nankunftszustand: intakt\n','2013-08-21 22:15:31','2013-08-21 22:15:31'),(260,'fydlkjs0ez6ymtz188k8381','dc:dd:fb:3a:8f:8d-bf:c4:57:11:37:ab-f3:d1:17:cd:4c:ab',276,167,249,11,NULL,NULL,'2009-04-27','2013-08-22',NULL,NULL,'890.00',0,0,1,0,2,1,NULL,NULL,NULL,NULL,NULL,'--- !ruby/hash:ActiveSupport::HashWithIndifferentAccess\nanschaffungskategorie: AV-Technik\nreference: invoice\numzug: zgeln\nankunftszustand: intakt\n','2013-08-21 22:15:31','2013-08-21 22:15:31'),(261,'l0rkl5keg4xznym632j2382','65:42:9c:ea:2f:78-88:92:44:24:94:b2-7d:02:7b:4d:fa:5e',276,168,250,10,NULL,NULL,'2012-12-11','2013-08-22',NULL,NULL,'1252.00',0,0,1,0,2,1,NULL,NULL,NULL,NULL,NULL,'--- !ruby/hash:ActiveSupport::HashWithIndifferentAccess\nanschaffungskategorie: AV-Technik\nreference: invoice\numzug: zgeln\nankunftszustand: intakt\n','2013-08-21 22:15:31','2013-08-21 22:15:31'),(262,'c8z1pj0wn3pqyjlwla36383','ea:38:29:ef:de:2e-24:82:cb:d6:a4:7d-b8:fd:14:1b:68:a2',280,169,251,6,NULL,NULL,'2011-12-18','2013-08-22',NULL,NULL,'764.00',0,0,1,0,2,1,NULL,NULL,NULL,NULL,NULL,'--- !ruby/hash:ActiveSupport::HashWithIndifferentAccess\nanschaffungskategorie: AV-Technik\nreference: invoice\numzug: zgeln\nankunftszustand: intakt\n','2013-08-21 22:15:31','2013-08-21 22:15:31'),(263,'rwf6rrqklqkw7opbig0x384','77:79:d9:bf:af:40-da:8a:ae:10:e6:07-b4:c0:cf:98:c3:6e',280,170,252,9,NULL,NULL,'2009-11-22','2013-08-22',NULL,NULL,'634.00',0,0,1,0,2,1,NULL,NULL,NULL,NULL,NULL,'--- !ruby/hash:ActiveSupport::HashWithIndifferentAccess\nanschaffungskategorie: AV-Technik\nreference: invoice\numzug: zgeln\nankunftszustand: intakt\n','2013-08-21 22:15:31','2013-08-21 22:15:31'),(264,'c6t9lnyqoe3zz5qdwyg9385','80:ef:9f:3b:79:b1-e0:7c:d0:98:28:d0-cc:a3:88:3f:c5:52',280,171,253,2,NULL,NULL,'2012-02-13','2013-08-22',NULL,NULL,'221.00',0,0,1,0,2,1,NULL,NULL,NULL,NULL,NULL,'--- !ruby/hash:ActiveSupport::HashWithIndifferentAccess\nanschaffungskategorie: AV-Technik\nreference: invoice\numzug: zgeln\nankunftszustand: intakt\n','2013-08-21 22:15:31','2013-08-21 22:15:31'),(265,'dq96732jyof4edh50xp7386','76:87:9d:76:e0:32-c6:cc:4b:b0:db:4d-85:05:ec:c6:16:5e',284,172,254,12,NULL,NULL,'2008-09-08','2013-08-22',NULL,NULL,'1483.00',0,0,1,0,2,1,NULL,NULL,NULL,NULL,NULL,'--- !ruby/hash:ActiveSupport::HashWithIndifferentAccess\nanschaffungskategorie: AV-Technik\nreference: invoice\numzug: zgeln\nankunftszustand: intakt\n','2013-08-21 22:15:31','2013-08-21 22:15:31'),(266,'o1betafmxagsjya5vvim387','1d:52:5f:16:e8:dc-c0:97:40:ac:ab:a5-66:30:09:f3:31:42',284,173,255,10,NULL,NULL,'2008-08-23','2013-08-22',NULL,NULL,'1131.00',0,0,1,0,2,1,NULL,NULL,NULL,NULL,NULL,'--- !ruby/hash:ActiveSupport::HashWithIndifferentAccess\nanschaffungskategorie: AV-Technik\nreference: invoice\numzug: zgeln\nankunftszustand: intakt\n','2013-08-21 22:15:31','2013-08-21 22:15:31'),(267,'u0xct2bycu4hc3ddowaw388','3b:8e:8f:95:6a:59-e1:cd:82:06:f3:e2-92:14:77:11:d5:b6',284,174,256,8,NULL,NULL,'2009-11-11','2013-08-22',NULL,NULL,'1042.00',0,0,1,0,2,1,NULL,NULL,NULL,NULL,NULL,'--- !ruby/hash:ActiveSupport::HashWithIndifferentAccess\nanschaffungskategorie: AV-Technik\nreference: invoice\numzug: zgeln\nankunftszustand: intakt\n','2013-08-21 22:15:31','2013-08-21 22:15:31'),(268,'49y1tcl6m1lfdvotzhrg389','59:2a:ef:2a:c5:f0-9e:a4:e8:f6:db:93-9d:35:9f:a4:1a:b4',288,175,257,6,NULL,NULL,'2008-12-23','2013-08-22',NULL,NULL,'741.00',0,0,1,0,2,1,NULL,NULL,NULL,NULL,NULL,'--- !ruby/hash:ActiveSupport::HashWithIndifferentAccess\nanschaffungskategorie: AV-Technik\nreference: invoice\numzug: zgeln\nankunftszustand: intakt\n','2013-08-21 22:15:31','2013-08-21 22:15:31'),(269,'4p68kgu5mr44ufz3lzbq390','d8:71:22:55:30:e8-55:94:1f:4e:aa:b0-50:77:9b:98:df:1a',288,176,258,8,NULL,NULL,'2011-07-31','2013-08-22',NULL,NULL,'394.00',0,0,1,0,2,1,NULL,NULL,NULL,NULL,NULL,'--- !ruby/hash:ActiveSupport::HashWithIndifferentAccess\nanschaffungskategorie: AV-Technik\nreference: invoice\numzug: zgeln\nankunftszustand: intakt\n','2013-08-21 22:15:31','2013-08-21 22:15:31'),(270,'po9r4o5wchywxhb7ckyp391','6a:43:2f:ff:e4:25-9f:8b:44:59:01:83-74:bc:ea:77:10:88',288,177,259,15,NULL,NULL,'2012-06-21','2013-08-22',NULL,NULL,'1257.00',0,0,1,0,2,1,NULL,NULL,NULL,NULL,NULL,'--- !ruby/hash:ActiveSupport::HashWithIndifferentAccess\nanschaffungskategorie: AV-Technik\nreference: invoice\numzug: zgeln\nankunftszustand: intakt\n','2013-08-21 22:15:31','2013-08-21 22:15:31'),(271,'vbnsyf9187ec5z9hpvc4392','26:2b:b5:07:6d:bc-d6:10:a0:b7:75:20-15:fc:26:36:4d:9a',292,178,260,6,NULL,NULL,'2008-07-23','2013-08-22',NULL,NULL,'365.00',0,0,1,0,2,1,NULL,NULL,NULL,NULL,NULL,'--- !ruby/hash:ActiveSupport::HashWithIndifferentAccess\nanschaffungskategorie: AV-Technik\nreference: invoice\numzug: zgeln\nankunftszustand: intakt\n','2013-08-21 22:15:31','2013-08-21 22:15:31'),(272,'s37cyeff0q0kskyp7p5u393','28:08:e9:51:da:c8-d9:39:5a:bd:b1:13-2b:56:de:c4:d2:db',292,179,261,1,NULL,NULL,'2009-04-04','2013-08-22',NULL,NULL,'397.00',0,0,1,0,2,1,NULL,NULL,NULL,NULL,NULL,'--- !ruby/hash:ActiveSupport::HashWithIndifferentAccess\nanschaffungskategorie: AV-Technik\nreference: invoice\numzug: zgeln\nankunftszustand: intakt\n','2013-08-21 22:15:31','2013-08-21 22:15:31'),(273,'mwheeqmchpmio4nqhq13394','8e:8e:29:59:ee:d4-4e:a4:12:13:34:f3-8f:c8:a7:de:42:bb',292,180,262,12,NULL,NULL,'2009-03-24','2013-08-22',NULL,NULL,'1380.00',0,0,1,0,2,1,NULL,NULL,NULL,NULL,NULL,'--- !ruby/hash:ActiveSupport::HashWithIndifferentAccess\nanschaffungskategorie: AV-Technik\nreference: invoice\numzug: zgeln\nankunftszustand: intakt\n','2013-08-21 22:15:31','2013-08-21 22:15:31'),(274,'z76jlnhimxk6wrnov7a7395','73:cb:4a:14:a1:65-ed:5f:48:fc:50:2d-97:7b:0e:fd:ca:e0',296,181,263,1,NULL,NULL,'2008-12-31','2013-08-22',NULL,NULL,'1380.00',0,0,1,0,1,1,NULL,NULL,NULL,NULL,NULL,'--- !ruby/hash:ActiveSupport::HashWithIndifferentAccess\nanschaffungskategorie: AV-Technik\nreference: invoice\numzug: zgeln\nankunftszustand: intakt\n','2013-08-21 22:15:31','2013-08-21 22:15:31'),(275,'7v13j8o5q7vfg098g2ee396','33:80:7e:7d:dd:19-57:56:46:5e:d1:5b-f3:ba:e6:0d:ea:03',297,NULL,NULL,1,NULL,NULL,NULL,NULL,NULL,NULL,NULL,0,0,0,0,2,0,NULL,NULL,NULL,NULL,NULL,'--- !ruby/hash:ActiveSupport::HashWithIndifferentAccess\noperating_system:\n- windows\nlicense_type: concurrent\ntotal_quantity: 60\nreference: invoice\nactivation_type: none\nmaintenance_contract: \'false\'\n','2013-08-21 22:15:31','2013-08-21 22:15:31'),(276,'x7i7mfu8ps7zgkv87oo9397','00:3d:fa:fd:93:af-47:c8:77:d9:99:93-aa:8a:89:8c:2c:b1',298,182,264,6,NULL,NULL,'2008-05-16','2013-08-22',NULL,NULL,'399.00',0,0,1,0,1,1,NULL,NULL,NULL,NULL,NULL,'--- !ruby/hash:ActiveSupport::HashWithIndifferentAccess\nanschaffungskategorie: AV-Technik\nreference: invoice\numzug: zgeln\nankunftszustand: intakt\n','2013-08-21 22:15:31','2013-08-21 22:15:31'),(277,'f1wrhvrg1ji7914rvets398','bd:8f:7a:3d:ac:8f-c2:d9:c4:da:21:d2-5f:26:6b:72:58:ce',298,183,265,3,NULL,NULL,'2009-12-08','2013-08-22',NULL,NULL,'766.00',0,0,1,0,1,1,NULL,NULL,NULL,NULL,NULL,'--- !ruby/hash:ActiveSupport::HashWithIndifferentAccess\nanschaffungskategorie: AV-Technik\nreference: invoice\numzug: zgeln\nankunftszustand: intakt\n','2013-08-21 22:15:31','2013-08-21 22:15:31'),(278,'z9t4edtlkv06duy40pyf399','73:1b:89:78:b8:8e-fa:ff:0d:4c:a9:1e-eb:d5:61:2f:5c:94',298,184,266,5,NULL,NULL,'2010-01-07','2013-08-22',NULL,NULL,'953.00',0,0,1,0,1,1,NULL,NULL,NULL,NULL,NULL,'--- !ruby/hash:ActiveSupport::HashWithIndifferentAccess\nanschaffungskategorie: AV-Technik\nreference: invoice\numzug: zgeln\nankunftszustand: intakt\n','2013-08-21 22:15:31','2013-08-21 22:15:31');
/*!40000 ALTER TABLE `items` ENABLE KEYS */;
UNLOCK TABLES;

--
-- Table structure for table `languages`
--

DROP TABLE IF EXISTS `languages`;
/*!40101 SET @saved_cs_client     = @@character_set_client */;
/*!40101 SET character_set_client = utf8 */;
CREATE TABLE `languages` (
  `id` int(11) NOT NULL AUTO_INCREMENT,
  `name` varchar(255) COLLATE utf8_unicode_ci DEFAULT NULL,
  `locale_name` varchar(255) COLLATE utf8_unicode_ci DEFAULT NULL,
  `default` tinyint(1) DEFAULT NULL,
  `active` tinyint(1) DEFAULT NULL,
  PRIMARY KEY (`id`),
  UNIQUE KEY `index_languages_on_name` (`name`),
  KEY `index_languages_on_active_and_default` (`active`,`default`)
) ENGINE=InnoDB AUTO_INCREMENT=5 DEFAULT CHARSET=utf8 COLLATE=utf8_unicode_ci;
/*!40101 SET character_set_client = @saved_cs_client */;

--
-- Dumping data for table `languages`
--

LOCK TABLES `languages` WRITE;
/*!40000 ALTER TABLE `languages` DISABLE KEYS */;
INSERT INTO `languages` VALUES (1,'English','en-GB',1,1),(2,'Deutsch','de-CH',0,1),(3,'Castellano','es',0,1),(4,'Zrittsch','gsw-CH',0,1);
/*!40000 ALTER TABLE `languages` ENABLE KEYS */;
UNLOCK TABLES;

--
-- Table structure for table `locations`
--

DROP TABLE IF EXISTS `locations`;
/*!40101 SET @saved_cs_client     = @@character_set_client */;
/*!40101 SET character_set_client = utf8 */;
CREATE TABLE `locations` (
  `id` int(11) NOT NULL AUTO_INCREMENT,
  `room` varchar(255) COLLATE utf8_unicode_ci DEFAULT NULL,
  `shelf` varchar(255) COLLATE utf8_unicode_ci DEFAULT NULL,
  `building_id` int(11) DEFAULT NULL,
  PRIMARY KEY (`id`),
  KEY `index_locations_on_building_id` (`building_id`)
) ENGINE=InnoDB AUTO_INCREMENT=185 DEFAULT CHARSET=utf8 COLLATE=utf8_unicode_ci;
/*!40101 SET character_set_client = @saved_cs_client */;

--
-- Dumping data for table `locations`
--

LOCK TABLES `locations` WRITE;
/*!40000 ALTER TABLE `locations` DISABLE KEYS */;
INSERT INTO `locations` VALUES (1,'Numquamimpedit','facereaut',2),(2,'Utatque','etab',3),(3,'Explicaboaccusantium','voluptasut',4),(4,'Nihilimpedit','quodin',5),(5,'Eumdolorum','expeditaunde',6),(6,'Suscipitmolestiae','etvoluptas',7),(7,'Etquia','rerumid',8),(8,'Culpadolore','sapienteconsequatur',9),(9,'Assumendaet','cupiditatenisi',10),(10,'Illumeligendi','cumqueconsectetur',11),(11,'Perferendislaboriosam','autqui',12),(12,'Dolorevero','autsequi',13),(13,'Adlabore','sintmagni',14),(14,'Consequaturneque','vitaeaut',15),(15,'Providentex','sitfugiat',16),(16,'Etvoluptate','atqueminus',17),(17,'Nihillaudantium','quistempora',18),(18,'Suscipittemporibus','sintsit',19),(19,'Placeatet','iustofacilis',20),(20,'Istedignissimos','corporisut',21),(21,'Excepturiincidunt','evenietex',22),(22,'Quisea','providentaliquam',23),(23,'Dignissimosinventore','possimusquos',24),(24,'Sequiet','totamveniam',25),(25,'Voluptatibusvero','etnecessitatibus',26),(26,'Voluptatibusomnis','oditeum',27),(27,'Earumneque','velitsunt',28),(28,'Magnamut','voluptatemquis',29),(29,'Velsit','aliquamhic',30),(30,'Deserunteligendi','cumipsam',31),(31,'Officiavoluptas','idvoluptatem',32),(32,'Accusantiumaut','consequaturexcepturi',33),(33,'Aliasrepellendus','dolornumquam',34),(34,'Magniid','voluptatemdolor',35),(35,'Nisipraesentium','ducimusvoluptas',36),(36,'Quamexplicabo','abquos',37),(37,'Animiquisquam','reiciendisnihil',38),(38,'Ullamsed','delectusnesciunt',39),(39,'Etvelit','nonut',40),(40,'Nemoquas','minusquod',41),(41,'Temporeab','harumut',42),(42,'Reiciendisenim','errorearum',43),(43,'SQ2','Desk',44),(44,'UG 13','Ausgabe',45),(45,'Inciduntconsequatur','utvelit',46),(46,'Etexercitationem','remet',47),(47,'Impeditab','inminus',48),(48,'Cupiditateblanditiis','consequaturet',49),(49,'Etomnis','consequaturat',50),(50,'Autvoluptatem','inciduntquo',51),(51,'Etfugiat','aspernatursapiente',52),(52,'Aliquidprovident','ducimuscupiditate',53),(53,'Voluptatemfuga','repellatvoluptates',54),(54,'Perspiciatisullam','consecteturet',55),(55,'Dictadolores','estexplicabo',56),(56,'Omniserror','beataepossimus',57),(57,'Consequunturet','autaut',58),(58,'Quiaqui','omniseos',59),(59,'Consequaturquis','inventoresequi',60),(60,'Voluptatemodit','voluptateset',61),(61,'Utomnis','aperiamquia',62),(62,'Estodit','cumqueneque',63),(63,'Etsed','eavoluptatem',64),(64,'Quiaaperiam','estet',65),(65,'Perspiciatisvitae','omnissapiente',66),(66,'Autaspernatur','utsit',67),(67,'Ducimusrerum','facilisanimi',68),(68,'Voluptatedelectus','rerumdolore',69),(69,'Namdolores','iustoaccusantium',70),(70,'Repellatet','expeditavoluptas',71),(71,'Corporisquidem','abquas',72),(72,'Possimusex','providentlaudantium',73),(73,'Nonexercitationem','eosqui',74),(74,'Adquam','modieum',75),(75,'Quomollitia','undevelit',76),(76,'Undequia','explicaboincidunt',77),(77,'Undemaxime','harumarchitecto',78),(78,'Quasiinventore','estmolestiae',79),(79,'Officiisaliquid','animisint',80),(80,'Namquis','quibusdamipsam',81),(81,'Animivoluptatem','eaa',82),(82,'Asperiorescum','voluptatequis',83),(83,'Istequi','assumendaab',84),(84,'Laboriosamvoluptatibus','quosenim',85),(85,'Etnam','maioresvoluptates',86),(86,'Sapientequia','blanditiisaspernatur',87),(87,'Eaaspernatur','estnon',88),(88,'Verosunt','assumendaquos',89),(89,'Nostrumaut','autin',90),(90,'Initaque','dolorumadipisci',91),(91,'Noneius','temporibuset',92),(92,'Corruptiqui','etest',93),(93,'Inventoremolestias','deseruntsint',94),(94,'Voluptatemaspernatur','consequunturrem',95),(95,'Dolorumtempora','molestiaesit',96),(96,'Illumet','oditin',97),(97,'Sedqui','sapientenostrum',98),(98,'Nihilvel','temporamolestias',99),(99,'Etipsam','repellatquis',100),(100,'Aomnis','nonaliquid',101),(101,'Voluptatemrecusandae','sitqui',102),(102,'Corporisatque','oditet',103),(103,'Itaquevoluptatum','autrepellat',104),(104,'Nisivoluptas','officiisvelit',105),(105,'Voluptatemcupiditate','nullavoluptas',106),(106,'Consequaturvoluptatibus','sitnon',107),(107,'Quiitaque','veroeaque',108),(108,'Cumqueeum','inmodi',109),(109,'Nobisenim','deseruntofficia',110),(110,'Possimusquis','accusantiumet',111),(111,'Eligendiminima','utvoluptatem',112),(112,'Veliste','beataeipsam',113),(113,'Reprehenderitmagni','animivoluptas',114),(114,'Voluptatibusquisquam','nonsapiente',115),(115,'Solutahic','etmaiores',116),(116,'Velaut','laboriosamfacilis',117),(117,'Autemmollitia','autitaque',119),(118,'Repellatfugit','etquas',120),(119,'Errorat','cupiditatelabore',121),(120,'Consequaturprovident','eumarchitecto',122),(121,'Dolorumsit','doloresmaxime',123),(122,'Autqui','utdicta',124),(123,'Beataequis','quiaut',125),(124,'Nemoconsectetur','quiatque',126),(125,'Porrodolores','nobisvoluptatem',127),(126,'Possimusveritatis','inventoremagnam',128),(127,'Cupiditatepariatur','temporaporro',129),(128,'Eaaspernatur','voluptatesodit',130),(129,'Etiusto','nequeoccaecati',131),(130,'Liberodoloremque','dignissimosomnis',132),(131,'Cupiditatesunt','nonpariatur',133),(132,'Fugavel','culpasimilique',134),(133,'Similiquerepellat','veniamnecessitatibus',135),(134,'Atquequam','rerumautem',136),(135,'Molestiaepariatur','quidemducimus',137),(136,'Enimnam','atqueconsequatur',138),(137,'Atqui','veniamconsequatur',139),(138,'Doloresharum','ametinventore',140),(139,'Molestiaesed','isteincidunt',141),(140,'Perferendisquis','earumest',142),(141,'Nihilin','facerequia',143),(142,'Quisquameos','reprehenderitharum',144),(143,'Delenitiex','utdebitis',145),(144,'Aliquamrepudiandae','praesentiuminventore',146),(145,'Eosaut','enimtotam',147),(146,'Atquequi','eosimpedit',148),(147,'Cumquenihil','temporaimpedit',149),(148,'Quaeut','sedrerum',150),(149,'Rerumet','porroea',151),(150,'Nemoneque','iustoid',152),(151,'Minussimilique','undeut',153),(152,'Etdolores','sedducimus',154),(153,'Atquequasi','quibusdamvoluptas',155),(154,'Praesentiumconsequatur','similiqueexercitationem',156),(155,'Harumconsectetur','consequaturest',157),(156,'Doloremporro','placeatmaiores',158),(157,'Etillo','totamquisquam',159),(158,'Quossit','magniet',160),(159,'Quoquia','natusdolores',161),(160,'Laboriosamautem','eaipsa',162),(161,'Cumquerepellat','etporro',163),(162,'Laboriosamplaceat','temporarerum',164),(163,'Expeditaquibusdam','hicquaerat',165),(164,'Quodquae','maioresdicta',166),(165,'Perspiciatissoluta','consequaturdolor',167),(166,'Authic','velitquia',168),(167,'Corruptidolores','temporalaborum',169),(168,'Estvoluptatibus','repudiandaevoluptates',170),(169,'Molestiaedignissimos','ipsummolestiae',171),(170,'Illorepudiandae','recusandaequi',172),(171,'Accusamusut','quissapiente',173),(172,'Laboriosama','minimamolestiae',174),(173,'Sintmodi','etdolorum',175),(174,'Teneturnon','illovel',176),(175,'Commodiquaerat','cupiditateautem',177),(176,'Quiipsam','veniamassumenda',178),(177,'Sedut','autipsam',179),(178,'Praesentiumeum','expeditaeius',180),(179,'Etvoluptatem','minimaet',181),(180,'Aliasporro','eosimpedit',182),(181,'Occaecaticumque','magniet',183),(182,'Estlaudantium','facerequia',184),(183,'Etsint','optioet',185),(184,'Explicaboeligendi','etad',186);
/*!40000 ALTER TABLE `locations` ENABLE KEYS */;
UNLOCK TABLES;

--
-- Table structure for table `model_group_links`
--

DROP TABLE IF EXISTS `model_group_links`;
/*!40101 SET @saved_cs_client     = @@character_set_client */;
/*!40101 SET character_set_client = utf8 */;
CREATE TABLE `model_group_links` (
  `id` int(11) NOT NULL AUTO_INCREMENT,
  `ancestor_id` int(11) DEFAULT NULL,
  `descendant_id` int(11) DEFAULT NULL,
  `direct` tinyint(1) DEFAULT NULL,
  `count` int(11) DEFAULT NULL,
  `label` varchar(255) COLLATE utf8_unicode_ci DEFAULT NULL,
  PRIMARY KEY (`id`),
  KEY `index_model_group_links_on_ancestor_id` (`ancestor_id`),
  KEY `index_model_group_links_on_direct` (`direct`),
  KEY `index_on_descendant_id_and_ancestor_id_and_direct` (`descendant_id`,`ancestor_id`,`direct`)
) ENGINE=InnoDB AUTO_INCREMENT=9 DEFAULT CHARSET=utf8 COLLATE=utf8_unicode_ci;
/*!40101 SET character_set_client = @saved_cs_client */;

--
-- Dumping data for table `model_group_links`
--

LOCK TABLES `model_group_links` WRITE;
/*!40000 ALTER TABLE `model_group_links` DISABLE KEYS */;
INSERT INTO `model_group_links` VALUES (1,2,10,1,1,NULL),(2,2,8,1,1,NULL),(3,5,10,1,1,NULL),(4,5,9,1,1,NULL),(5,1,9,1,1,NULL),(6,1,11,0,1,NULL),(7,5,11,0,1,NULL),(8,9,11,1,1,NULL);
/*!40000 ALTER TABLE `model_group_links` ENABLE KEYS */;
UNLOCK TABLES;

--
-- Table structure for table `model_groups`
--

DROP TABLE IF EXISTS `model_groups`;
/*!40101 SET @saved_cs_client     = @@character_set_client */;
/*!40101 SET character_set_client = utf8 */;
CREATE TABLE `model_groups` (
  `id` int(11) NOT NULL AUTO_INCREMENT,
  `type` varchar(255) COLLATE utf8_unicode_ci DEFAULT NULL,
  `name` varchar(255) COLLATE utf8_unicode_ci DEFAULT NULL,
  `created_at` datetime DEFAULT NULL,
  `updated_at` datetime DEFAULT NULL,
  PRIMARY KEY (`id`),
  KEY `index_model_groups_on_type` (`type`)
) ENGINE=InnoDB AUTO_INCREMENT=15 DEFAULT CHARSET=utf8 COLLATE=utf8_unicode_ci;
/*!40101 SET character_set_client = @saved_cs_client */;

--
-- Dumping data for table `model_groups`
--

LOCK TABLES `model_groups` WRITE;
/*!40000 ALTER TABLE `model_groups` DISABLE KEYS */;
INSERT INTO `model_groups` VALUES (1,'Category','Beamer','2013-08-21 22:15:31','2013-08-21 22:15:31'),(2,'Category','Kameras','2013-08-21 22:15:31','2013-08-21 22:15:31'),(3,'Category','Stative','2013-08-21 22:15:31','2013-08-21 22:15:31'),(4,'Category','Hifi-Anlagen','2013-08-21 22:15:31','2013-08-21 22:15:31'),(5,'Category','Notebooks','2013-08-21 22:15:31','2013-08-21 22:15:31'),(6,'Category','RC Helikopter','2013-08-21 22:15:31','2013-08-21 22:15:31'),(7,'Category','Computer','2013-08-21 22:15:31','2013-08-21 22:15:31'),(8,'Category','Kurzdistanz','2013-08-21 22:15:31','2013-08-21 22:15:31'),(9,'Category','Portabel','2013-08-21 22:15:31','2013-08-21 22:15:31'),(10,'Category','Standard','2013-08-21 22:15:31','2013-08-21 22:15:31'),(11,'Category','Micro','2013-08-21 22:15:31','2013-08-21 22:15:31'),(12,'Template','Kamera & Stativ','2013-08-21 22:15:31','2013-08-21 22:15:31'),(13,'Template','Beamer & Hifi','2013-08-21 22:15:31','2013-08-21 22:15:31'),(14,'Template','Unaccomplishable template','2013-08-21 22:15:31','2013-08-21 22:15:31');
/*!40000 ALTER TABLE `model_groups` ENABLE KEYS */;
UNLOCK TABLES;

--
-- Table structure for table `model_links`
--

DROP TABLE IF EXISTS `model_links`;
/*!40101 SET @saved_cs_client     = @@character_set_client */;
/*!40101 SET character_set_client = utf8 */;
CREATE TABLE `model_links` (
  `id` int(11) NOT NULL AUTO_INCREMENT,
  `model_group_id` int(11) DEFAULT NULL,
  `model_id` int(11) DEFAULT NULL,
  `quantity` int(11) DEFAULT '1',
  PRIMARY KEY (`id`),
  KEY `index_model_links_on_model_id_and_model_group_id` (`model_id`,`model_group_id`),
  KEY `index_model_links_on_model_group_id_and_model_id` (`model_group_id`,`model_id`)
) ENGINE=InnoDB AUTO_INCREMENT=73 DEFAULT CHARSET=utf8 COLLATE=utf8_unicode_ci;
/*!40101 SET character_set_client = @saved_cs_client */;

--
-- Dumping data for table `model_links`
--

LOCK TABLES `model_links` WRITE;
/*!40000 ALTER TABLE `model_links` DISABLE KEYS */;
INSERT INTO `model_links` VALUES (1,1,58,1),(2,9,58,1),(3,1,59,1),(4,1,60,1),(5,1,62,1),(6,9,62,1),(7,11,63,1),(8,1,64,1),(9,1,65,1),(10,1,66,1),(11,1,67,1),(12,1,68,1),(13,1,69,1),(14,1,70,1),(15,1,71,1),(16,1,72,1),(17,1,73,1),(18,1,74,1),(19,1,75,1),(20,1,76,1),(21,1,77,1),(22,1,78,1),(23,1,79,1),(24,1,80,1),(25,1,81,1),(26,1,82,1),(27,1,83,1),(28,2,84,1),(29,2,85,1),(30,2,86,1),(31,2,87,1),(32,2,88,1),(33,2,89,1),(34,2,90,1),(35,2,91,1),(36,2,92,1),(37,2,93,1),(38,2,94,1),(39,2,95,1),(40,2,96,1),(41,2,97,1),(42,2,98,1),(43,2,99,1),(44,2,100,1),(45,2,101,1),(46,2,102,1),(47,2,103,1),(48,2,104,1),(49,2,105,1),(50,2,106,1),(51,2,107,1),(52,2,108,1),(53,2,109,1),(54,2,110,1),(55,2,111,1),(56,2,112,1),(57,2,113,1),(58,2,114,1),(59,4,115,1),(60,3,116,1),(61,12,84,1),(62,12,116,1),(63,13,58,1),(64,13,115,1),(65,14,84,999),(66,14,116,999),(67,2,145,1),(68,7,146,1),(69,5,147,1),(70,6,148,1),(71,6,149,1),(72,6,150,1);
/*!40000 ALTER TABLE `model_links` ENABLE KEYS */;
UNLOCK TABLES;

--
-- Table structure for table `models`
--

DROP TABLE IF EXISTS `models`;
/*!40101 SET @saved_cs_client     = @@character_set_client */;
/*!40101 SET character_set_client = utf8 */;
CREATE TABLE `models` (
  `id` int(11) NOT NULL AUTO_INCREMENT,
  `type` varchar(255) COLLATE utf8_unicode_ci NOT NULL DEFAULT 'Model',
  `manufacturer` varchar(255) COLLATE utf8_unicode_ci DEFAULT NULL,
  `product` varchar(255) COLLATE utf8_unicode_ci NOT NULL,
  `version` varchar(255) COLLATE utf8_unicode_ci DEFAULT NULL,
  `description` text COLLATE utf8_unicode_ci,
  `internal_description` text COLLATE utf8_unicode_ci,
  `info_url` varchar(255) COLLATE utf8_unicode_ci DEFAULT NULL,
  `rental_price` decimal(8,2) DEFAULT NULL,
  `maintenance_period` int(11) DEFAULT '0',
  `is_package` tinyint(1) DEFAULT '0',
  `technical_detail` text COLLATE utf8_unicode_ci,
  `hand_over_note` text COLLATE utf8_unicode_ci,
  `created_at` datetime DEFAULT NULL,
  `updated_at` datetime DEFAULT NULL,
  PRIMARY KEY (`id`),
  KEY `index_models_on_is_package` (`is_package`),
  KEY `index_models_on_type` (`type`)
) ENGINE=InnoDB AUTO_INCREMENT=302 DEFAULT CHARSET=utf8 COLLATE=utf8_unicode_ci;
/*!40101 SET character_set_client = @saved_cs_client */;

--
-- Dumping data for table `models`
--

LOCK TABLES `models` WRITE;
/*!40000 ALTER TABLE `models` DISABLE KEYS */;
INSERT INTO `models` VALUES (1,'Model','Stoltenberg-Wintheiser','Practical Plastic Table','313','Nihil facilis quisquam saepe.','Aut eaque voluptatibus qui nulla dolor est doloremque.',NULL,NULL,1,0,'Et aut molestiae assumenda ea.','Possimus beatae modi et maxime numquam.','2013-08-21 22:15:31','2013-08-21 22:15:31'),(2,'Model','Bernhard, Green and Bashirian','Incredible Wooden Chair','314','Nisi veritatis reprehenderit blanditiis quae dolores.','Voluptate quas ea magnam quis dolor.',NULL,NULL,2,0,'Qui et atque et corporis perferendis labore id aut.','Non et ullam quae consequatur qui.','2013-08-21 22:15:31','2013-08-21 22:15:31'),(3,'Model','Kilback-Crona','Fantastic Concrete Hat','315','Blanditiis maxime libero in quae rerum.','Recusandae autem rem quo eius assumenda ea neque.',NULL,NULL,0,0,'Laboriosam voluptas ipsam officia magnam doloribus pariatur dolor.','Qui similique explicabo et.','2013-08-21 22:15:31','2013-08-21 22:15:31'),(4,'Model','Friesen-Gislason','Sleek Concrete Shoes','316','Excepturi beatae illo voluptatum voluptatibus.','Repellat dolorum ea ipsa rerum.',NULL,NULL,3,0,'Sit similique ducimus cumque magnam ipsum possimus.','Quam ipsam est iusto architecto laudantium.','2013-08-21 22:15:31','2013-08-21 22:15:31'),(5,'Model','Sauer-Kshlerin','Incredible Rubber Pants','317','Unde rem voluptatem eum error.','Sapiente similique quo in odio perspiciatis vitae atque.',NULL,NULL,3,0,'Corporis itaque atque asperiores magni quo et.','Earum rerum quia ut nostrum sunt.','2013-08-21 22:15:31','2013-08-21 22:15:31'),(6,'Model','Langosh-Ferry','Incredible Wooden Car','318','Quia voluptate tempora exercitationem velit eum qui maxime.','Fugiat dignissimos aliquid eveniet qui aliquam adipisci placeat.',NULL,NULL,0,0,'Est ea debitis quo et voluptates ut.','Labore corporis error quo nemo nulla non possimus ab.','2013-08-21 22:15:31','2013-08-21 22:15:31'),(7,'Model','Rath Inc','Awesome Granite Shoes','319','Aliquam veniam laboriosam et.','Dolorem aliquam voluptatem et ad.',NULL,NULL,3,0,'Voluptatem fuga nobis cupiditate sit laborum odio.','Iure incidunt est ut totam perspiciatis recusandae.','2013-08-21 22:15:31','2013-08-21 22:15:31'),(8,'Model','Balistreri-Ferry','Fantastic Granite Shirt','320','Aperiam aut ad temporibus esse cum nesciunt aliquid voluptas.','Vero odit animi sed sit voluptatem neque.',NULL,NULL,1,0,'Pariatur consequatur at aspernatur quia.','In sint sint reiciendis voluptatem voluptatibus et.','2013-08-21 22:15:31','2013-08-21 22:15:31'),(9,'Model','Berge Group','Sleek Granite Shoes','321','Temporibus ad soluta et dolore laudantium itaque facere repellat.','Autem facilis voluptas voluptatum quia consectetur voluptatem.',NULL,NULL,1,0,'Et vero libero sit aut.','Tenetur vitae sint illum consectetur nobis omnis.','2013-08-21 22:15:31','2013-08-21 22:15:31'),(10,'Model','Hyatt-Bradtke','Awesome Granite Computer','322','Temporibus tenetur natus ut ullam totam labore qui sed.','Assumenda aperiam fugit quaerat minus aspernatur est id.',NULL,NULL,2,0,'Id ipsam eius nulla quidem corrupti dolor porro qui.','Autem non et ut rem voluptatem officia quia molestiae.','2013-08-21 22:15:31','2013-08-21 22:15:31'),(11,'Model','Harris LLC','Sleek Wooden Hat','323','Quia nihil quaerat illo assumenda atque ex unde.','Repudiandae dolores et veritatis nulla.',NULL,NULL,1,0,'Sunt aliquid exercitationem animi occaecati.','Eos ut nihil temporibus earum placeat magni.','2013-08-21 22:15:31','2013-08-21 22:15:31'),(12,'Model','Bruen Group','Practical Wooden Shirt','324','Voluptatem quam laudantium voluptate consequuntur dolor ut maiores.','Mollitia velit voluptatum facilis eveniet.',NULL,NULL,2,0,'Sit cupiditate aut enim.','Doloribus totam commodi incidunt rerum.','2013-08-21 22:15:31','2013-08-21 22:15:31'),(13,'Model','Aufderhar, Pollich and Lowe','Incredible Concrete Shirt','325','Libero aspernatur at est ipsam.','Dolores quia omnis repellat.',NULL,NULL,3,0,'Delectus sapiente facere corporis.','Accusamus aut molestias sit officia rerum.','2013-08-21 22:15:31','2013-08-21 22:15:31'),(14,'Model','Rogahn Group','Rustic Rubber Hat','326','Qui occaecati ratione aperiam rerum.','Expedita impedit accusantium id dolorem.',NULL,NULL,2,0,'Assumenda ullam aliquid dolore blanditiis.','Aut molestiae eveniet est earum sunt modi fuga impedit.','2013-08-21 22:15:31','2013-08-21 22:15:31'),(15,'Model','Kozey-Bosco','Gorgeous Steel Table','327','Deserunt qui dolores numquam sit aspernatur quia omnis.','Exercitationem tenetur eum odit adipisci sit.',NULL,NULL,2,0,'Commodi autem animi quod aut ullam dolor asperiores assumenda.','Et alias eum laudantium incidunt aliquid eum exercitationem velit.','2013-08-21 22:15:31','2013-08-21 22:15:31'),(16,'Model','Willms, Kulas and Thiel','Small Wooden Shoes','328','Tempora est sunt occaecati.','Modi cupiditate vitae ab commodi voluptatem est eum repudiandae.',NULL,NULL,2,0,'Quos et natus vitae aut accusamus quo culpa.','Nostrum fugit explicabo et eveniet dolorum.','2013-08-21 22:15:31','2013-08-21 22:15:31'),(17,'Model','Lehner, Willms and Hegmann','Rustic Plastic Table','329','Aut laborum minima recusandae debitis libero voluptate.','Id expedita earum qui ipsa soluta.',NULL,NULL,2,0,'Aliquam quo eos aliquid.','Neque cum similique distinctio quo.','2013-08-21 22:15:31','2013-08-21 22:15:31'),(18,'Model','Ritchie, Cruickshank and Sporer','Fantastic Concrete Chair','330','Rerum ut aut est.','Cum recusandae porro corrupti et sit odio ut distinctio.',NULL,NULL,0,0,'Quia consequatur ut impedit aperiam dolore.','Possimus accusamus doloribus deleniti.','2013-08-21 22:15:31','2013-08-21 22:15:31'),(19,'Model','Lemke, Bernier and Harris','Intelligent Granite Pants','331','Dolorem voluptas dignissimos est perferendis fugiat corporis qui.','Ut iste ipsum qui facere.',NULL,NULL,2,0,'Magnam consequuntur ducimus nulla.','Id voluptatem et aut.','2013-08-21 22:15:31','2013-08-21 22:15:31'),(20,'Model','Lehner LLC','Fantastic Cotton Shoes','332','Ut possimus asperiores consectetur quas.','Quae est eos cumque et et libero.',NULL,NULL,3,0,'Cum est sint repellat architecto et id iusto et.','Deleniti aliquam aut facere ipsum eius.','2013-08-21 22:15:31','2013-08-21 22:15:31'),(21,'Model','Stokes, Halvorson and Thompson','Sleek Wooden Gloves','333','Omnis tempora fuga sed architecto quia voluptatem.','Et unde sint accusantium qui.',NULL,NULL,1,0,'Placeat voluptatem est error sint hic possimus veritatis aut.','Dolorem dicta non est itaque quasi qui voluptas voluptas.','2013-08-21 22:15:31','2013-08-21 22:15:31'),(22,'Model','Kerluke-Predovic','Fantastic Concrete Gloves','334','Eum ad quidem aperiam et.','Expedita perspiciatis quae cupiditate aut beatae autem totam et.',NULL,NULL,2,0,'In rem ipsa beatae.','Accusantium placeat porro repellat quis omnis.','2013-08-21 22:15:31','2013-08-21 22:15:31'),(23,'Model','Kreiger Group','Sleek Granite Computer','335','Ea qui maiores asperiores ea.','Et voluptas voluptatum quasi similique sequi quia ducimus ad.',NULL,NULL,2,0,'Fuga ut a et totam.','Quisquam dolores omnis animi et dolores.','2013-08-21 22:15:31','2013-08-21 22:15:31'),(24,'Model','Schneider Inc','Sleek Rubber Chair','336','Ab illum eum quia occaecati qui soluta quia.','Eius iure adipisci quibusdam et consequuntur.',NULL,NULL,3,0,'Alias soluta facilis dignissimos qui.','Consequatur quo temporibus quam est ut recusandae.','2013-08-21 22:15:31','2013-08-21 22:15:31'),(25,'Model','Brown and Sons','Intelligent Steel Gloves','337','Illum aut ut earum modi molestiae sed.','Et similique vitae beatae dicta excepturi qui cumque.',NULL,NULL,2,0,'Vitae sint perferendis qui atque.','Dolores doloribus eos ab error fugit ratione quibusdam voluptatem.','2013-08-21 22:15:31','2013-08-21 22:15:31'),(26,'Model','Macejkovic-Bednar','Fantastic Granite Computer','338','Aut reiciendis excepturi ratione voluptas sit quos.','Similique voluptates omnis inventore id quia voluptas id magnam.',NULL,NULL,2,0,'Vitae tempora culpa veritatis qui neque incidunt.','Molestias accusamus porro ut.','2013-08-21 22:15:31','2013-08-21 22:15:31'),(27,'Model','Gerlach Group','Incredible Plastic Shoes','339','Et quo aspernatur labore consequatur in ut optio eligendi.','Fugit cumque qui deserunt perspiciatis nulla consequatur suscipit praesentium.',NULL,NULL,3,0,'Alias non necessitatibus laborum quisquam et est ab animi.','Possimus ipsum iure qui deleniti earum iste aut.','2013-08-21 22:15:31','2013-08-21 22:15:31'),(28,'Model','Brekke-Kshlerin','Fantastic Cotton Shirt','340','Corporis impedit voluptate eius in sint fuga pariatur.','Sint aut sapiente dolorum omnis eius voluptate unde eos.',NULL,NULL,3,0,'Fugit minus eligendi voluptatem doloremque ut deleniti perferendis.','Illo voluptas similique unde.','2013-08-21 22:15:31','2013-08-21 22:15:31'),(29,'Model','Hartmann, Kulas and Armstrong','Fantastic Concrete Computer','341','Voluptatem hic labore totam corrupti amet consequatur.','Earum unde at doloribus.',NULL,NULL,1,0,'Ex qui ipsam ut et enim adipisci.','Aut dignissimos atque consequatur dolores qui.','2013-08-21 22:15:31','2013-08-21 22:15:31'),(30,'Model','Gulgowski, Green and Maggio','Ergonomic Granite Shoes','342','Aut quibusdam quia ut fugiat aut.','Voluptatem qui maiores debitis aperiam.',NULL,NULL,3,0,'Quis aut natus delectus sit neque est commodi tenetur.','Omnis eius eum et ut et excepturi libero.','2013-08-21 22:15:31','2013-08-21 22:15:31'),(31,'Model','Hintz Inc','Fantastic Concrete Table','343','Praesentium laboriosam quibusdam sed atque aspernatur.','Dolores culpa ex dignissimos ipsa blanditiis aut.',NULL,NULL,3,0,'Dolorem maxime sed quas.','Vitae sunt dolorum quod sunt et vero.','2013-08-21 22:15:31','2013-08-21 22:15:31'),(32,'Model','Torphy-McClure','Sleek Steel Computer','344','Reprehenderit natus fugiat eaque nobis placeat corrupti molestias.','Odio quia quae qui illum sed in.',NULL,NULL,2,0,'Porro inventore ipsum est voluptatum error ad nulla.','Blanditiis tempore facilis maiores et eaque id aspernatur consequatur.','2013-08-21 22:15:31','2013-08-21 22:15:31'),(33,'Model','Emmerich-Friesen','Practical Wooden Hat','345','Repellendus provident quis occaecati libero.','Aliquid nostrum rerum asperiores corrupti unde.',NULL,NULL,2,0,'Est itaque animi ipsum quaerat doloribus.','Aspernatur vitae sed qui repudiandae.','2013-08-21 22:15:31','2013-08-21 22:15:31'),(34,'Model','Langosh, Cassin and Rowe','Awesome Rubber Pants','346','Eligendi molestiae deleniti alias similique.','Quia et autem sunt hic ea similique.',NULL,NULL,3,0,'Id corrupti rerum velit.','Iure iste excepturi quisquam placeat.','2013-08-21 22:15:31','2013-08-21 22:15:31'),(35,'Model','Schmidt-Hamill','Intelligent Concrete Hat','347','Rem officia sit necessitatibus vel explicabo quos eum voluptas.','Dolor ut voluptatum esse repellat culpa voluptatibus deserunt.',NULL,NULL,1,0,'Laborum aut ducimus aut vitae ut.','Voluptatem qui veniam neque nam quo quia.','2013-08-21 22:15:31','2013-08-21 22:15:31'),(36,'Model','Wolff, Schaden and Hessel','Fantastic Plastic Car','348','Sequi ipsam corrupti accusantium quis perferendis beatae.','Recusandae voluptates tenetur provident at.',NULL,NULL,2,0,'Necessitatibus aut velit pariatur perferendis hic.','Praesentium aut consequatur beatae exercitationem quasi quisquam reiciendis.','2013-08-21 22:15:31','2013-08-21 22:15:31'),(37,'Model','Adams-Skiles','Ergonomic Steel Pants','349','Qui aut qui et tenetur dolore maxime rerum.','Cumque recusandae aut nesciunt.',NULL,NULL,3,0,'Optio quod accusantium est enim similique quidem eum.','Consequatur et et aliquid quasi pariatur quibusdam et aliquam.','2013-08-21 22:15:31','2013-08-21 22:15:31'),(38,'Model','Sipes Inc','Rustic Plastic Car','350','Ipsum numquam at veritatis perferendis aut alias accusamus explicabo.','Et numquam ducimus autem a.',NULL,NULL,3,0,'Qui adipisci aliquid vel explicabo et ratione enim.','Commodi aut ratione sed unde alias illum.','2013-08-21 22:15:31','2013-08-21 22:15:31'),(39,'Model','Little, Fay and Terry','Practical Steel Computer','351','Quod magni veritatis est.','Magnam sequi nostrum aspernatur nobis aut libero perspiciatis.',NULL,NULL,0,0,'Accusantium est quod molestiae.','Aliquid eius eveniet enim culpa.','2013-08-21 22:15:31','2013-08-21 22:15:31'),(40,'Model','Schmidt, Stokes and Collier','Intelligent Steel Hat','352','Dolorem eligendi qui nihil tempora omnis aut voluptatum veritatis.','Est temporibus dignissimos soluta et porro voluptatem.',NULL,NULL,0,0,'Quae suscipit voluptatem incidunt perspiciatis atque.','Ex quis et eligendi at eum autem.','2013-08-21 22:15:31','2013-08-21 22:15:31'),(41,'Model','Wilkinson Inc','Small Granite Pants','353','Sit rem ex voluptatum sit.','In voluptas et numquam doloribus corporis quas non aut.',NULL,NULL,1,0,'Ut labore dolore nisi rem similique magni laboriosam at.','Consequatur doloribus deleniti enim natus dolorum.','2013-08-21 22:15:31','2013-08-21 22:15:31'),(42,'Model','Bergstrom, Cronin and Schmitt','Rustic Plastic Shoes','354','Ut minus ea ut dicta architecto aut.','Placeat neque ut sed.',NULL,NULL,2,0,'Harum suscipit eligendi mollitia laborum.','Sunt iusto tempore consequatur cupiditate sapiente enim.','2013-08-21 22:15:31','2013-08-21 22:15:31'),(43,'Model','Waelchi, Walker and Satterfield','Practical Rubber Shirt','355','Voluptatem et enim unde autem sed.','In nobis esse autem molestiae explicabo fugiat.',NULL,NULL,2,0,'Suscipit architecto nam neque.','Autem quae necessitatibus nihil dignissimos sunt.','2013-08-21 22:15:31','2013-08-21 22:15:31'),(44,'Model','Dooley-Fadel','Sleek Granite Shirt','356','Assumenda voluptates sint laudantium corrupti quibusdam nihil.','Aut maxime enim voluptatem eius ipsum tenetur adipisci qui.',NULL,NULL,1,0,'Dolorem enim aut accusantium consequatur architecto nobis.','Quia sed sit blanditiis.','2013-08-21 22:15:31','2013-08-21 22:15:31'),(45,'Model','Barton, Ziemann and Rolfson','Gorgeous Rubber Hat','357','Est ea repudiandae est nihil repellendus non dolorum veritatis.','Nihil magni rerum iusto quos.',NULL,NULL,0,0,'Eos non aut sed veniam voluptas eum.','Qui et debitis molestias dolores iste.','2013-08-21 22:15:31','2013-08-21 22:15:31'),(46,'Model','Rath-Walsh','Sleek Cotton Hat','358','Ullam ipsum doloremque sed et minus ipsa.','Omnis molestiae hic aspernatur nam voluptate est autem.',NULL,NULL,0,0,'Aut earum magni sint ut totam voluptatibus officia.','Debitis repudiandae doloremque est dolor quia ut eos qui.','2013-08-21 22:15:31','2013-08-21 22:15:31'),(47,'Model','Harvey, Goodwin and Dibbert','Ergonomic Wooden Table','359','Corporis ut facere omnis dolores nam dolor.','Asperiores perferendis praesentium qui aliquam recusandae soluta et.',NULL,NULL,1,0,'Voluptas ad eos eum deleniti.','Recusandae libero impedit tempora velit aut.','2013-08-21 22:15:31','2013-08-21 22:15:31'),(48,'Model','Nicolas LLC','Ergonomic Concrete Hat','360','Ipsa fugit voluptatibus perspiciatis.','Et sed officiis sit rem dolor delectus.',NULL,NULL,0,0,'Nisi reiciendis voluptatem quam eveniet corrupti perspiciatis nulla.','Ipsum molestias necessitatibus sed sed est ducimus odio.','2013-08-21 22:15:31','2013-08-21 22:15:31'),(49,'Model','Romaguera, Schowalter and Weissnat','Small Steel Shoes','361','Deserunt sit velit est et id tenetur cupiditate.','Maiores vero quibusdam dolorem odio hic.',NULL,NULL,3,0,'Non suscipit ea ea accusantium quo quam reprehenderit dolorum.','Ullam voluptas et consequatur nulla ipsam cum maxime aperiam.','2013-08-21 22:15:31','2013-08-21 22:15:31'),(50,'Model','Price, Wolff and Ondricka','Intelligent Wooden Table','362','Quae voluptatum enim debitis.','Repellat repudiandae blanditiis voluptatem.',NULL,NULL,3,0,'Est incidunt est cupiditate aut et qui totam.','Fugit harum occaecati nulla ut autem nisi ut dolorum.','2013-08-21 22:15:31','2013-08-21 22:15:31'),(51,'Model','Cruickshank LLC','Rustic Rubber Table','363','Modi qui est quae nulla.','Et iure ullam vitae ipsam.',NULL,NULL,3,0,'Doloremque officia amet est et laborum veniam a commodi.','Minus quis adipisci non ea iure voluptas fugit.','2013-08-21 22:15:31','2013-08-21 22:15:31'),(52,'Model','Abernathy-Kessler','Practical Granite Chair','364','Minus libero animi quas et iure aut.','Consequatur vero eius laborum rerum voluptate sit et.',NULL,NULL,2,0,'Officia aperiam et perferendis molestiae ut sit soluta.','Alias voluptatum repellat distinctio necessitatibus laudantium.','2013-08-21 22:15:31','2013-08-21 22:15:31'),(53,'Model','Heathcote, Predovic and Gutmann','Incredible Concrete Chair','365','Quisquam fuga temporibus molestiae corrupti.','Et ratione error qui aliquam asperiores debitis consectetur rerum.',NULL,NULL,2,0,'Qui nemo sapiente est iste.','Maiores corporis harum molestias.','2013-08-21 22:15:31','2013-08-21 22:15:31'),(54,'Model','MacGyver, Hudson and Kuhlman','Fantastic Rubber Table','366','Sint suscipit quas natus dolorem laborum.','Non eum et recusandae.',NULL,NULL,2,0,'Consequuntur consequatur quam magnam est voluptatibus molestias.','Ea tempora qui explicabo veritatis aliquam.','2013-08-21 22:15:31','2013-08-21 22:15:31'),(55,'Model','Altenwerth-Hyatt','Gorgeous Wooden Computer','367','Est eaque eos et.','Voluptatum ipsam et fuga.',NULL,NULL,1,0,'Tempora facilis est quaerat architecto eveniet qui.','Minima itaque ratione ea quaerat.','2013-08-21 22:15:31','2013-08-21 22:15:31'),(56,'Model','McLaughlin-Herman','Incredible Granite Car','368','Quod nulla eius earum et nesciunt nihil.','Mollitia quae quia eligendi cumque quam asperiores eum labore.',NULL,NULL,0,0,'Aut magni unde dicta quaerat.','Fugiat eum enim fuga dolorum dolorem et et sit.','2013-08-21 22:15:31','2013-08-21 22:15:31'),(57,'Model','Apple','MacBookPro','369','Laptop fr Studis und Angestellte.','Dignissimos enim aliquid tenetur animi vel sit.',NULL,NULL,0,0,'Optio non debitis voluptatum quo vel minus.','Mit Verpackung aushndigen.','2013-08-21 22:15:31','2013-08-21 22:15:31'),(58,'Model','Sharp','Sharp Beamer','123','Beamer, geeignet fr alle Verwendungszwecke.','Esse iure in eum mollitia.',NULL,NULL,0,0,'Nisi deserunt esse natus consequatur quos.','Beamer brauch ein VGA Kabel!','2013-08-21 22:15:31','2013-08-21 22:15:31'),(59,'Model','Sharp','Sharp Beamer 2D','370','Beamer, geeignet fr alle Verwendungszwecke.','Qui pariatur ut praesentium.',NULL,NULL,0,0,'Earum numquam mollitia voluptates saepe.','Quia quasi numquam quidem aut accusantium in dolorem.','2013-08-21 22:15:31','2013-08-21 22:15:31'),(60,'Model','Panasonic','Mini Beamer','371','Beamer, geeignet fr alle Verwendungszwecke.','Velit rerum aut voluptatem deleniti aliquam.',NULL,NULL,0,0,'Consequatur similique aliquid sunt non.','Quia vitae ipsum sint delectus sapiente nesciunt.','2013-08-21 22:15:31','2013-08-21 22:15:31'),(61,'Model','Sharp','Sharp Beamer','456','Beamer, geeignet fr alle Verwendungszwecke.','Est vel magni iure totam nisi ea voluptas esse.',NULL,NULL,0,0,'Dolor sint tenetur est.','Beamer brauch ein VGA Kabel!','2013-08-21 22:15:31','2013-08-21 22:15:31'),(62,'Model','Sony','Ultra Compact Beamer','372','Besonders kleiner Beamer.','Et natus et odit similique autem.',NULL,NULL,0,0,'Repellendus vel rerum sit unde.','Beamer brauch ein VGA Kabel!','2013-08-21 22:15:31','2013-08-21 22:15:31'),(63,'Model','Micro','Micro Beamer','373','Besonders mikro kleiner Beamer.','Maxime ut et dolorem sit ipsam eos qui et.',NULL,NULL,0,0,'Est ex non repellendus.','Beamer brauch ein VGA Kabel!','2013-08-21 22:15:31','2013-08-21 22:15:31'),(64,'Model','Sony','Beamer 1 est','374','Dolores dolorem eos et culpa.','Est labore et odio aliquid quasi sapiente.',NULL,NULL,0,0,'Alias vero natus a rerum quisquam itaque cum architecto.','Beamer brauch ein VGA Kabel!','2013-08-21 22:15:31','2013-08-21 22:15:31'),(65,'Model','Sony','Beamer 2 perspiciatis','375','Perferendis sed necessitatibus ratione voluptatibus sit odit officiis illum.','Aut rerum eum odit.',NULL,NULL,0,0,'Sint repellendus ipsam qui atque ipsum deserunt at laboriosam.','Beamer brauch ein VGA Kabel!','2013-08-21 22:15:31','2013-08-21 22:15:31'),(66,'Model','Sony','Beamer 3 cum','376','Deserunt sint similique consequatur repellat minima.','Illo facere soluta quas.',NULL,NULL,0,0,'Facere voluptatum ratione qui.','Beamer brauch ein VGA Kabel!','2013-08-21 22:15:31','2013-08-21 22:15:31'),(67,'Model','Sony','Beamer 4 ad','377','Dolor maxime doloremque aperiam iusto et sed excepturi asperiores.','Est qui explicabo ut.',NULL,NULL,0,0,'Corporis quia suscipit quibusdam vero quae et ut.','Beamer brauch ein VGA Kabel!','2013-08-21 22:15:31','2013-08-21 22:15:31'),(68,'Model','Sony','Beamer 5 qui','378','Nobis aut autem voluptatem alias nihil nesciunt.','Culpa repellat cumque sunt.',NULL,NULL,0,0,'Sit dignissimos dicta est veritatis ut numquam vero.','Beamer brauch ein VGA Kabel!','2013-08-21 22:15:31','2013-08-21 22:15:31'),(69,'Model','Sony','Beamer 6 nam','379','Qui distinctio itaque ut tempora rerum consequatur dolor.','Ea commodi aliquam nam sint asperiores incidunt consequuntur.',NULL,NULL,0,0,'Temporibus excepturi dolor sit quis saepe ut.','Beamer brauch ein VGA Kabel!','2013-08-21 22:15:31','2013-08-21 22:15:31'),(70,'Model','Sony','Beamer 7 nihil','380','Quidem aut vero itaque doloremque sit quae id quisquam.','Vitae minus dolor cupiditate voluptates et eveniet reiciendis sit.',NULL,NULL,0,0,'Ducimus nisi neque autem nesciunt veniam officia.','Beamer brauch ein VGA Kabel!','2013-08-21 22:15:31','2013-08-21 22:15:31'),(71,'Model','Sony','Beamer 8 impedit','381','Molestias perferendis voluptatum aliquid et.','Est commodi nihil eum sit.',NULL,NULL,0,0,'Nam sit necessitatibus ut dicta nulla qui.','Beamer brauch ein VGA Kabel!','2013-08-21 22:15:31','2013-08-21 22:15:31'),(72,'Model','Sony','Beamer 9 enim','382','Et velit qui eos et sit rerum.','Rerum illo sit qui nulla occaecati.',NULL,NULL,0,0,'Delectus nisi id dolores occaecati et consectetur cupiditate ut.','Beamer brauch ein VGA Kabel!','2013-08-21 22:15:31','2013-08-21 22:15:31'),(73,'Model','Sony','Beamer 10 debitis','383','Provident sed consectetur rerum voluptas.','Officia impedit est inventore modi.',NULL,NULL,0,0,'In consequatur ipsum modi explicabo earum accusamus possimus molestiae.','Beamer brauch ein VGA Kabel!','2013-08-21 22:15:31','2013-08-21 22:15:31'),(74,'Model','Sony','Beamer 11 ratione','384','Quo commodi magni ea eum porro ea aut consequatur.','Nihil facilis accusantium et.',NULL,NULL,0,0,'Sint earum impedit quo eaque.','Beamer brauch ein VGA Kabel!','2013-08-21 22:15:31','2013-08-21 22:15:31'),(75,'Model','Sony','Beamer 12 inventore','385','Non porro totam ea quaerat.','Totam in facilis sit veniam eligendi.',NULL,NULL,0,0,'Perspiciatis aperiam dolores et in iste sed.','Beamer brauch ein VGA Kabel!','2013-08-21 22:15:31','2013-08-21 22:15:31'),(76,'Model','Sony','Beamer 13 consectetur','386','Sed velit omnis itaque officiis quidem voluptatem maxime et.','Ullam accusantium aut dolores eos sed odio enim.',NULL,NULL,0,0,'Ut qui delectus numquam.','Beamer brauch ein VGA Kabel!','2013-08-21 22:15:31','2013-08-21 22:15:31'),(77,'Model','Sony','Beamer 14 eos','387','Fugiat quidem soluta natus aut officia eveniet rerum.','Ipsam impedit quia sint accusantium est aut soluta incidunt.',NULL,NULL,0,0,'Aliquam id perferendis illo a aut consequatur ut.','Beamer brauch ein VGA Kabel!','2013-08-21 22:15:31','2013-08-21 22:15:31'),(78,'Model','Sony','Beamer 15 minima','388','Porro architecto odit dolores repellendus dicta earum minus pariatur.','Ex ad ab quisquam alias quo laudantium fugiat quia.',NULL,NULL,0,0,'Voluptatem rerum sit saepe fugit architecto.','Beamer brauch ein VGA Kabel!','2013-08-21 22:15:31','2013-08-21 22:15:31'),(79,'Model','Sony','Beamer 16 nisi','389','Eum sequi error quam corporis quidem.','Nobis sequi occaecati rem.',NULL,NULL,0,0,'At sunt et architecto et sunt.','Beamer brauch ein VGA Kabel!','2013-08-21 22:15:31','2013-08-21 22:15:31'),(80,'Model','Sony','Beamer 17 illo','390','Amet adipisci non voluptates.','Aperiam laudantium consequuntur dolores itaque dignissimos et odio vel.',NULL,NULL,0,0,'Sunt praesentium temporibus quod quas rem.','Beamer brauch ein VGA Kabel!','2013-08-21 22:15:31','2013-08-21 22:15:31'),(81,'Model','Sony','Beamer 18 aut','391','Occaecati id aliquam vel animi laudantium architecto rerum.','Culpa ipsa sunt aut natus enim quis qui quas.',NULL,NULL,0,0,'Repellendus eos vero optio.','Beamer brauch ein VGA Kabel!','2013-08-21 22:15:31','2013-08-21 22:15:31'),(82,'Model','Sony','Beamer 19 dolores','392','Facere esse consequatur facilis.','Inventore porro possimus tempora.',NULL,NULL,0,0,'Accusamus similique voluptatem voluptas alias ut nemo.','Beamer brauch ein VGA Kabel!','2013-08-21 22:15:31','2013-08-21 22:15:31'),(83,'Model','Sony','Beamer 20 unde','393','Repudiandae quos odit dolorem enim nemo aut dolore debitis.','Consequuntur et rem ipsum omnis iure.',NULL,NULL,0,0,'Id et exercitationem et quam odio.','Beamer brauch ein VGA Kabel!','2013-08-21 22:15:31','2013-08-21 22:15:31'),(84,'Model','Nikon','Kamera Nikon','X12','Super Kamera.','Dolore quae libero cumque.',NULL,NULL,0,0,'Dolores minima voluptatem ex consequatur.','Kamera brauch Akkus!','2013-08-21 22:15:31','2013-08-21 22:15:31'),(85,'Model','Nikon','Camera 1 nobis','394','Sed velit sit quisquam voluptatem quia omnis eius.','Omnis dolor inventore natus optio autem velit animi.',NULL,NULL,0,0,'Quod officiis quidem quaerat delectus nesciunt.','Dolor dolorem error sed labore.','2013-08-21 22:15:31','2013-08-21 22:15:31'),(86,'Model','Nikon','Camera 2 fugit','395','Repudiandae odit temporibus molestias aspernatur.','Est perspiciatis magnam ut.',NULL,NULL,0,0,'Qui id id sit perferendis pariatur.','Ducimus sed praesentium adipisci voluptatem quisquam architecto voluptatem doloribus.','2013-08-21 22:15:31','2013-08-21 22:15:31'),(87,'Model','Nikon','Camera 3 sit','396','Non voluptas et at molestiae culpa.','Laboriosam tempore qui eligendi soluta et voluptas nisi.',NULL,NULL,0,0,'Sunt inventore numquam excepturi dignissimos ex.','Dicta impedit et quia accusantium numquam tempora.','2013-08-21 22:15:31','2013-08-21 22:15:31'),(88,'Model','Nikon','Camera 4 et','397','Dolorum ut placeat voluptate aut delectus sequi voluptas.','Provident ut quia perspiciatis voluptas molestiae sed.',NULL,NULL,0,0,'Fuga quam sed consequatur dolorem saepe dolores aliquam.','Tempora ullam quam maiores est molestias corrupti.','2013-08-21 22:15:31','2013-08-21 22:15:31'),(89,'Model','Nikon','Camera 5 at','398','Tempora rerum ab eos voluptate eveniet labore ut.','Cupiditate alias mollitia numquam aperiam ut ad molestiae possimus.',NULL,NULL,0,0,'Impedit commodi et quos libero enim laborum quis.','Quo est libero perferendis odio eos aut quia asperiores.','2013-08-21 22:15:31','2013-08-21 22:15:31'),(90,'Model','Nikon','Camera 6 earum','399','Laborum qui quo inventore illo rerum veritatis qui nemo.','Sint qui aut ea numquam aspernatur dolores amet officiis.',NULL,NULL,0,0,'Voluptatem asperiores similique quibusdam occaecati doloremque vel laudantium corporis.','Magnam sunt minima laborum nemo sed labore.','2013-08-21 22:15:31','2013-08-21 22:15:31'),(91,'Model','Nikon','Camera 7 unde','400','Qui est aut rerum ullam nesciunt rem.','Perferendis quisquam amet cumque soluta ullam quasi qui sint.',NULL,NULL,0,0,'Quo cum qui sint culpa ullam quia voluptates.','Eum ut quo veritatis quaerat.','2013-08-21 22:15:31','2013-08-21 22:15:31'),(92,'Model','Nikon','Camera 8 dignissimos','401','Itaque sit eos blanditiis debitis molestiae eos.','Iusto consequatur molestiae et asperiores id eligendi.',NULL,NULL,0,0,'Est corporis et eveniet ipsa dolor.','Alias aut quos maxime minima fugiat molestiae repellendus officiis.','2013-08-21 22:15:31','2013-08-21 22:15:31'),(93,'Model','Nikon','Camera 9 aspernatur','402','Magni est neque quo vitae.','Tenetur facilis consequuntur dicta.',NULL,NULL,0,0,'Hic doloremque ab molestiae explicabo dignissimos animi enim quasi.','Cupiditate voluptatem voluptatem aut veniam ipsum.','2013-08-21 22:15:31','2013-08-21 22:15:31'),(94,'Model','Nikon','Camera 10 et','403','Illum quaerat harum corporis labore cum sunt et perferendis.','Officia eveniet incidunt enim ut.',NULL,NULL,0,0,'Aliquam ut quibusdam doloribus vitae.','Distinctio dolor quae impedit temporibus omnis.','2013-08-21 22:15:31','2013-08-21 22:15:31'),(95,'Model','Nikon','Camera 11 est','404','Rerum exercitationem blanditiis quis debitis repellat.','A odio et aut aspernatur facilis non consequatur.',NULL,NULL,0,0,'Ut est autem enim molestiae magnam est.','Quia iste assumenda consequatur nulla at officiis.','2013-08-21 22:15:31','2013-08-21 22:15:31'),(96,'Model','Nikon','Camera 12 omnis','405','Repellat dolor cupiditate maxime labore reiciendis reprehenderit deleniti.','Corrupti quo odio voluptates enim corporis.',NULL,NULL,0,0,'Porro iste et non.','Hic sit consequatur quis.','2013-08-21 22:15:31','2013-08-21 22:15:31'),(97,'Model','Nikon','Camera 13 et','406','Voluptas inventore exercitationem voluptatem.','Atque labore est totam beatae accusantium voluptatum pariatur esse.',NULL,NULL,0,0,'Qui asperiores illo nam quibusdam quia ut quo.','Dicta sunt eveniet harum.','2013-08-21 22:15:31','2013-08-21 22:15:31'),(98,'Model','Nikon','Camera 14 natus','407','Aperiam eum et ea culpa.','Est et adipisci libero.',NULL,NULL,0,0,'Dolores omnis autem ex consequatur qui maiores et laboriosam.','Deserunt delectus et maxime tempora voluptate dolor.','2013-08-21 22:15:31','2013-08-21 22:15:31'),(99,'Model','Nikon','Camera 15 quae','408','Nobis sed optio quia quis.','Minima maiores odit in voluptas voluptate architecto quaerat.',NULL,NULL,0,0,'Vitae debitis et magnam aut maxime aut provident minus.','Reiciendis nulla qui inventore excepturi sit aliquid sed.','2013-08-21 22:15:31','2013-08-21 22:15:31'),(100,'Model','Nikon','Camera 16 culpa','409','Commodi occaecati fugit ipsam.','Quasi voluptatem qui voluptas.',NULL,NULL,0,0,'Sapiente consequatur velit sint repellat iste ab asperiores delectus.','Cum perspiciatis eum quasi.','2013-08-21 22:15:31','2013-08-21 22:15:31'),(101,'Model','Nikon','Camera 17 placeat','410','Placeat odio reiciendis tempore maxime voluptas.','Omnis quis quia temporibus veritatis vitae modi.',NULL,NULL,0,0,'Vero voluptatem aut et alias quam optio accusamus qui.','Qui quidem officia facere tenetur enim.','2013-08-21 22:15:31','2013-08-21 22:15:31'),(102,'Model','Nikon','Camera 18 enim','411','Sunt quia accusantium non est temporibus.','Sed tempora reprehenderit at quos sed et.',NULL,NULL,0,0,'Sed perspiciatis ea voluptatem voluptates dolorum velit vel.','Repudiandae neque et voluptate.','2013-08-21 22:15:31','2013-08-21 22:15:31'),(103,'Model','Nikon','Camera 19 numquam','412','Rerum eveniet aut quam nisi dignissimos ab natus.','Velit eos nulla quia.',NULL,NULL,0,0,'Deserunt aliquam necessitatibus tempore fuga veritatis doloribus.','Est explicabo eligendi possimus eveniet eius porro magnam.','2013-08-21 22:15:31','2013-08-21 22:15:31'),(104,'Model','Nikon','Camera 20 vero','413','Tempora et dignissimos qui neque quia.','Nesciunt dolorum perferendis et inventore nam.',NULL,NULL,0,0,'Et omnis delectus mollitia.','Distinctio error et et in.','2013-08-21 22:15:31','2013-08-21 22:15:31'),(105,'Model','Nikon','Camera 21 non','414','Cum est eos sit quo.','Quis quos cumque ducimus fugiat minus.',NULL,NULL,0,0,'Ipsa est eligendi pariatur nemo.','Provident quia quos maiores ut explicabo adipisci cupiditate.','2013-08-21 22:15:31','2013-08-21 22:15:31'),(106,'Model','Nikon','Camera 22 veritatis','415','Omnis distinctio sint neque nisi facilis.','Cumque consequuntur placeat voluptate.',NULL,NULL,0,0,'Atque veniam pariatur mollitia.','Consequuntur atque qui quidem et qui consequatur illo consequatur.','2013-08-21 22:15:31','2013-08-21 22:15:31'),(107,'Model','Nikon','Camera 23 quia','416','Fugiat omnis ad veritatis aut cumque soluta.','Officia et qui praesentium iste occaecati voluptatem.',NULL,NULL,0,0,'Qui asperiores nostrum sunt et pariatur omnis voluptatem nobis.','Quia voluptas voluptates minus.','2013-08-21 22:15:31','2013-08-21 22:15:31'),(108,'Model','Nikon','Camera 24 et','417','Unde inventore reprehenderit voluptas incidunt.','Enim quia eos optio.',NULL,NULL,0,0,'Non pariatur aut tempora velit possimus facere doloribus nam.','Vel eum adipisci architecto qui aliquam at.','2013-08-21 22:15:31','2013-08-21 22:15:31'),(109,'Model','Nikon','Camera 25 voluptatem','418','Nostrum dolorum adipisci magni hic eligendi quam temporibus.','Harum fuga asperiores nihil nisi nam eum.',NULL,NULL,0,0,'Sint voluptatem qui accusantium tempora vel repellat quam.','Blanditiis non rerum voluptas sit veritatis.','2013-08-21 22:15:31','2013-08-21 22:15:31'),(110,'Model','Nikon','Camera 26 quas','419','Incidunt sed sit aut qui qui.','Laboriosam consequatur iste et.',NULL,NULL,0,0,'Quaerat est incidunt impedit aliquid.','Illum reprehenderit saepe cum sunt et dolores ipsam.','2013-08-21 22:15:31','2013-08-21 22:15:31'),(111,'Model','Nikon','Camera 27 voluptas','420','Ex qui totam maiores eaque consectetur qui voluptatum perferendis.','Delectus iure voluptatem sint voluptas asperiores id.',NULL,NULL,0,0,'Voluptatem magni aut et amet.','Accusamus quae quaerat vel deleniti mollitia.','2013-08-21 22:15:31','2013-08-21 22:15:31'),(112,'Model','Nikon','Camera 28 dolorum','421','Sit aut accusamus rerum unde facere ipsum saepe laborum.','Et quia necessitatibus unde accusamus.',NULL,NULL,0,0,'Dolorum ut voluptatem fugit illo.','Quas enim cumque odit ex a.','2013-08-21 22:15:31','2013-08-21 22:15:31'),(113,'Model','Nikon','Camera 29 ipsum','422','Voluptates unde consequatur tenetur sit voluptatem saepe et quaerat.','Illo magnam sapiente laboriosam veniam eum praesentium autem impedit.',NULL,NULL,0,0,'Omnis voluptas corporis ducimus.','Molestias aut dignissimos quaerat mollitia.','2013-08-21 22:15:31','2013-08-21 22:15:31'),(114,'Model','Nikon','Camera 30 nemo','423','Neque dolorem qui possimus impedit odit qui maiores.','Optio aliquid reprehenderit voluptatum odit cumque.',NULL,NULL,0,0,'Ut laboriosam consequuntur voluptatem perspiciatis delectus quo et.','Illo nihil mollitia excepturi enim similique quas consequatur animi.','2013-08-21 22:15:31','2013-08-21 22:15:31'),(115,'Model','Sony','Hifi Standard','424','Qui perferendis molestias magni sunt enim molestiae.','Consectetur iste optio ipsum delectus qui et.',NULL,NULL,0,0,'Autem porro quo eos eos qui.','Perspiciatis vel velit placeat.','2013-08-21 22:15:31','2013-08-21 22:15:31'),(116,'Model','Feli','Kamera Stativ','123','Stabiles Kamera Stativ','Adipisci recusandae sequi dolorem aut tempore rem esse.',NULL,NULL,0,0,'Atque soluta qui et minus.','Stativ muss mit Stativtasche ausgehndigt werden.','2013-08-21 22:15:31','2013-08-21 22:15:31'),(117,'Model','Bose','BoseSleek Cotton Table','425','Minus aliquid iure repellat tempore. Error molestiae consequuntur. Nulla et eius aut saepe praesentium. Cupiditate quam quasi non. Culpa inventore fugiat.','Voluptatem amet asperiores expedita.',NULL,NULL,0,0,'Molestiae asperiores maxime ut sed.','Autem ea omnis consectetur enim illum totam facere est.','2013-08-21 22:15:31','2013-08-21 22:15:31'),(118,'Model','Bose','BoseSmall Wooden Computer','426','Et aut earum impedit nulla mollitia. Autem reprehenderit earum. Id rerum quas ipsam. Inventore nam ducimus sit fuga eaque ea et.','Culpa aut provident deleniti id et.',NULL,NULL,0,0,'Non aut pariatur rem enim et saepe.','Quia id excepturi dolor.','2013-08-21 22:15:31','2013-08-21 22:15:31'),(119,'Model','Gulgowski-Cummings','Kamera Set','430','Doloremque et ipsam est alias voluptate doloribus laboriosam delectus.','Sint dolor amet voluptatem in nulla.',NULL,NULL,1,1,'Consequuntur nostrum vitae repudiandae sapiente ea ullam ut eius.','Omnis consequatur possimus rerum.','2013-08-21 22:15:31','2013-08-21 22:15:31'),(120,'Model','Mante LLC','Intelligent Wooden Hat','431','Provident libero ut distinctio.','Eligendi aut esse voluptatem repudiandae.',NULL,NULL,1,0,'Non tempora vel est velit.','Nisi cumque nemo sed iure est.','2013-08-21 22:15:31','2013-08-21 22:15:31'),(121,'Model','Barton-Beatty','Rustic Concrete Table','432','Iure dolore quam explicabo a perspiciatis ipsum dolorem laborum.','Veritatis magni veniam dolore fuga possimus quia sed aut.',NULL,NULL,2,0,'Doloremque et sint iure quidem.','Rerum sunt quidem provident omnis voluptatibus in quas.','2013-08-21 22:15:31','2013-08-21 22:15:31'),(122,'Model','Jaskolski, Beer and Mueller','Intelligent Plastic Computer','433','Consectetur dicta rerum amet temporibus pariatur.','Iure temporibus excepturi asperiores itaque distinctio.',NULL,NULL,3,0,'Ullam molestiae consectetur et sapiente nemo.','Dignissimos dolore alias soluta rem.','2013-08-21 22:15:31','2013-08-21 22:15:31'),(123,'Model','Lindgren-Stoltenberg','Sleek Granite Car','434','Qui assumenda quia labore dolores exercitationem harum omnis placeat.','Est id et consequatur voluptas sunt quia.',NULL,NULL,2,0,'Quam odit blanditiis non quasi esse.','Labore ullam voluptatem odio molestiae cum incidunt.','2013-08-21 22:15:31','2013-08-21 22:15:31'),(124,'Model','Bradtke-Hegmann','Small Rubber Shirt','435','Vitae non deserunt cum error.','Inventore ea qui voluptas facere ducimus nobis non soluta.',NULL,NULL,2,0,'Neque illo rerum autem odit pariatur minima ut dolorum.','Aut minima distinctio et in autem dolores optio porro.','2013-08-21 22:15:31','2013-08-21 22:15:31'),(125,'Model','Lynch-Shields','Intelligent Concrete Shirt','436','Aperiam blanditiis velit sint asperiores ea harum.','Maiores maxime et est velit eaque.',NULL,NULL,0,0,'Velit mollitia aut ut qui et quia possimus molestiae.','Aut eius quas numquam.','2013-08-21 22:15:31','2013-08-21 22:15:31'),(126,'Model','Wilderman Inc','Awesome Steel Shoes','437','Quod maxime alias omnis qui voluptatum pariatur corrupti dolore.','Quibusdam possimus dignissimos aut deleniti debitis aliquid rerum.',NULL,NULL,3,0,'Odio et consectetur facere non natus ullam veritatis.','At ut a adipisci suscipit tenetur sunt vitae.','2013-08-21 22:15:31','2013-08-21 22:15:31'),(127,'Model','Willms Group','Ergonomic Granite Car','438','Velit voluptatum a voluptatibus labore expedita quaerat ipsam aut.','Tempore perferendis qui adipisci.',NULL,NULL,3,0,'Culpa incidunt molestias quo mollitia.','Et et sunt nobis voluptate sit aut quo.','2013-08-21 22:15:31','2013-08-21 22:15:31'),(128,'Model','Davis-Abernathy','Rustic Wooden Table','439','Aut corporis neque quis repellat sunt.','Sunt explicabo est voluptates ad quisquam ipsam molestiae dicta.',NULL,NULL,0,0,'Eos corporis aut libero a eligendi omnis sapiente.','Ipsam et quasi tenetur totam.','2013-08-21 22:15:31','2013-08-21 22:15:31'),(129,'Model','Kilback, Schaden and Emard','Incredible Plastic Hat','440','Et quibusdam in eaque eos officiis vitae.','Qui aspernatur qui quasi enim dolorem asperiores sint consequatur.',NULL,NULL,0,0,'Eligendi itaque fugit nisi dolorem sunt perferendis.','Sunt eos corporis mollitia sit in ut aliquam.','2013-08-21 22:15:31','2013-08-21 22:15:31'),(130,'Model','Hansen and Sons','Practical Granite Hat','441','Reprehenderit beatae architecto odit dolores suscipit mollitia quae tenetur.','Non eum debitis libero molestiae quod qui distinctio voluptatem.',NULL,NULL,3,0,'Corrupti dolorem saepe pariatur nesciunt excepturi laboriosam perferendis blanditiis.','Et aut fugit accusamus alias.','2013-08-21 22:15:31','2013-08-21 22:15:31'),(131,'Model','Hammes Inc','Ergonomic Plastic Hat','442','Doloribus unde possimus ut ullam in.','Quidem sed et ullam alias eius.',NULL,NULL,2,0,'Ea aut vel et perspiciatis.','Dolores odit ea optio id exercitationem et.','2013-08-21 22:15:31','2013-08-21 22:15:31'),(132,'Model','Hammes, Lebsack and Dietrich','Kamera Set2','443','Officiis et beatae vel sed rerum.','Sapiente perspiciatis doloribus perferendis aut et.',NULL,NULL,1,1,'Culpa nihil laudantium et.','Beatae sit sit id tenetur ex ad ducimus aut.','2013-08-21 22:15:31','2013-08-21 22:15:31'),(133,'Model','Reichert and Sons','Awesome Wooden Shoes','444','Cumque et ex molestiae.','Mollitia cupiditate voluptatem aliquid sit et.',NULL,NULL,0,0,'Quisquam et ea ut cum fuga in.','Vel excepturi placeat aut accusantium.','2013-08-21 22:15:31','2013-08-21 22:15:31'),(134,'Model','Sporer and Sons','Practical Rubber Computer','445','Impedit quae eum quisquam dignissimos et illo.','Neque reprehenderit velit voluptas sit doloremque et ea voluptatibus.',NULL,NULL,0,0,'Excepturi illum perferendis dicta suscipit quidem.','Consequatur doloribus earum culpa sint temporibus.','2013-08-21 22:15:31','2013-08-21 22:15:31'),(135,'Model','MacGyver, Erdman and Bogan','Intelligent Plastic Gloves','446','Ut optio mollitia qui et tenetur nostrum.','Est minus blanditiis adipisci rerum vel perspiciatis.',NULL,NULL,0,0,'Asperiores fuga laboriosam distinctio enim.','Ipsa corrupti quae sint adipisci quis aut laudantium.','2013-08-21 22:15:31','2013-08-21 22:15:31'),(136,'Model','Predovic Group','Practical Wooden Chair','447','Voluptatem harum nihil nisi officia porro vel.','Soluta sed nihil est libero itaque nobis in.',NULL,NULL,2,0,'Rerum est quidem veniam quia velit.','Totam excepturi ad sunt architecto quasi voluptatibus et.','2013-08-21 22:15:31','2013-08-21 22:15:31'),(137,'Model','Goyette, Homenick and Bailey','Rustic Wooden Shoes','448','Ipsa explicabo culpa voluptas alias velit.','Reiciendis eum saepe esse facilis hic.',NULL,NULL,1,0,'Nesciunt ut beatae et.','Excepturi perspiciatis occaecati est sit et quisquam tempora.','2013-08-21 22:15:31','2013-08-21 22:15:31'),(138,'Model','Leuschke, Wyman and Wehner','Gorgeous Concrete Shirt','449','Perferendis eum fuga eligendi.','Nihil quia aliquid deleniti.',NULL,NULL,3,0,'Nostrum et culpa et et laboriosam nemo at.','Itaque rem debitis vitae enim deleniti dolor.','2013-08-21 22:15:31','2013-08-21 22:15:31'),(139,'Model','Schowalter-Kiehn','Intelligent Granite Car','450','Voluptatem perferendis ea fuga aut deleniti aut temporibus est.','Qui hic laboriosam non saepe vero magni deleniti.',NULL,NULL,1,0,'Nihil nesciunt nostrum qui culpa eos in et.','Ipsa quia officiis libero incidunt consequatur laboriosam.','2013-08-21 22:15:31','2013-08-21 22:15:31'),(140,'Model','Kris Inc','Ergonomic Cotton Pants','451','Dolorem voluptates ut fuga temporibus quisquam eos vel saepe.','In quidem voluptatum qui maxime repudiandae deserunt alias aut.',NULL,NULL,2,0,'Et ea fuga ut.','Sint voluptas esse laudantium in repudiandae est omnis officia.','2013-08-21 22:15:31','2013-08-21 22:15:31'),(141,'Model','Crooks and Sons','Rustic Steel Pants','452','Quia aut quidem sapiente sit eum dolore dolorum ut.','Maiores nobis alias vel voluptas voluptatem quo asperiores ut.',NULL,NULL,3,0,'Consequatur hic ea dicta.','Vel mollitia quidem voluptatem labore.','2013-08-21 22:15:31','2013-08-21 22:15:31'),(142,'Model','Borer-Rempel','Sleek Plastic Shirt','453','Aperiam eos commodi laborum blanditiis asperiores.','Dolores ut consequatur vel ut.',NULL,NULL,0,0,'Eum voluptatem sunt illum et et nulla.','Officiis aspernatur dolorum nesciunt accusantium sed.','2013-08-21 22:15:31','2013-08-21 22:15:31'),(143,'Model','Kihn-Nicolas','Awesome Granite Gloves','454','Voluptatem odio cumque et sapiente tempore quia et consequatur.','Odio reiciendis nam aut nihil.',NULL,NULL,1,0,'Voluptatibus ex et quis quae illo.','Qui laborum fugiat officia in.','2013-08-21 22:15:31','2013-08-21 22:15:31'),(144,'Model','Christiansen Inc','Rustic Cotton Shoes','455','Et rerum quidem qui numquam.','Consectetur necessitatibus facilis aliquam molestias asperiores voluptas eos velit.',NULL,NULL,0,0,'Praesentium vel et fuga ab asperiores aut provident aperiam.','Iusto neque aut sapiente tempore veniam placeat esse.','2013-08-21 22:15:31','2013-08-21 22:15:31'),(145,'Model','Canon','Kamera Canon D5','456','Ganz teure Kamera','Dolor ratione nulla magni porro quo rem.',NULL,NULL,0,0,'Repudiandae error pariatur doloremque rerum qui doloribus.','Kamera brauch Akkus!','2013-08-21 22:15:31','2013-08-21 22:15:31'),(146,'Model','Apple','iMac','457','Apples alter iMac','Est tempora temporibus amet quam veritatis ipsum est.',NULL,NULL,0,0,'Consequatur non odit totam assumenda dolor officiis et dolorem.','Autem architecto molestiae iste accusamus.','2013-08-21 22:15:31','2013-08-21 22:15:31'),(147,'Model','Microsoft','Windows Laptop','458','Ein Laptop der Marke Microsoft','Adipisci quis beatae quasi.',NULL,NULL,0,0,'Inventore qui neque praesentium in hic.','Laptop mit Tasche ausgeben','2013-08-21 22:15:31','2013-08-21 22:15:31'),(148,'Model','Walkera','Walkera v120','1G','3D Helikopter','Est sit omnis deleniti porro.',NULL,NULL,0,0,'Facere dolorem tempora autem.','In modi saepe autem.','2013-08-21 22:15:31','2013-08-21 22:15:31'),(149,'Model','Walkera','Walkera v120','2G','3D Helikopter','Et occaecati voluptatibus nostrum est accusantium.',NULL,NULL,0,0,'Voluptatum voluptas debitis repudiandae molestias.','Aut et dolor magnam cupiditate voluptas facere tempora.','2013-08-21 22:15:31','2013-08-21 22:15:31'),(150,'Model','Walkera','Walkera v120','3G','3D Helikopter','Deleniti aperiam iure eos autem libero minus dignissimos.',NULL,NULL,0,0,'Excepturi est doloribus veniam eius occaecati adipisci.','Autem aut vitae eos aut doloribus et maxime.','2013-08-21 22:15:31','2013-08-21 22:15:31'),(151,'Software','Bayer-Block','Fantastic Steel Chair','459',NULL,NULL,NULL,NULL,0,0,NULL,NULL,'2013-08-21 22:15:31','2013-08-21 22:15:31'),(152,'Software','Bartell, Ruecker and Jenkins','Ergonomic Wooden Gloves','460',NULL,NULL,NULL,NULL,0,0,NULL,NULL,'2013-08-21 22:15:31','2013-08-21 22:15:31'),(153,'Software','Tromp-Mayert','Fantastic Steel Car','461',NULL,NULL,NULL,NULL,0,0,NULL,NULL,'2013-08-21 22:15:31','2013-08-21 22:15:31'),(154,'Software','Wolff-Zemlak','Small Rubber Hat','462',NULL,NULL,NULL,NULL,0,0,NULL,NULL,'2013-08-21 22:15:31','2013-08-21 22:15:31'),(155,'Software','Padberg-Botsford','Intelligent Concrete Shoes','463',NULL,NULL,NULL,NULL,0,0,NULL,NULL,'2013-08-21 22:15:31','2013-08-21 22:15:31'),(156,'Software','Rogahn-Gleichner','Fantastic Steel Shirt','464',NULL,NULL,NULL,NULL,0,0,NULL,NULL,'2013-08-21 22:15:31','2013-08-21 22:15:31'),(157,'Software','Marvin, Gottlieb and Wuckert','Practical Concrete Car','465',NULL,NULL,NULL,NULL,0,0,NULL,NULL,'2013-08-21 22:15:31','2013-08-21 22:15:31'),(158,'Software','Boyer, Bradtke and Collier','Gorgeous Cotton Table','466',NULL,NULL,NULL,NULL,0,0,NULL,NULL,'2013-08-21 22:15:31','2013-08-21 22:15:31'),(159,'Software','Sipes-Roberts','Gorgeous Cotton Chair','467',NULL,NULL,NULL,NULL,0,0,'test http://test.ch\r\nwww.foo.ch\r\njust a text',NULL,'2013-08-21 22:15:31','2013-08-21 22:15:31'),(160,'Software','Stracke, Raynor and Bergstrom','Ergonomic Rubber Hat','468',NULL,NULL,NULL,NULL,0,0,'test http://test.ch\r\nwww.foo.ch\r\njust a text',NULL,'2013-08-21 22:15:31','2013-08-21 22:15:31'),(161,'Software','O\'Reilly, Ankunding and Cummings','Fantastic Plastic Chair','469',NULL,NULL,NULL,NULL,0,0,NULL,NULL,'2013-08-21 22:15:31','2013-08-21 22:15:31'),(162,'Model','Corwin, Muller and Ward','Small Concrete Pants',NULL,'Repudiandae consectetur explicabo odit sint.','Quis labore possimus aliquid qui modi et beatae.',NULL,NULL,2,0,'Perspiciatis officiis at est soluta.','Minus quae aliquam dolorem eos excepturi eos velit.','2013-08-21 22:15:31','2013-08-21 22:15:31'),(163,'Model','Weber and Sons','Incredible Rubber Chair','470','Consequatur et sunt facilis aut.','Nesciunt voluptate aliquam expedita adipisci.',NULL,NULL,0,0,'Ut voluptatum sit vel impedit ea ut.','Reiciendis et repellat sunt et architecto.','2013-08-16 09:23:33','2013-08-16 09:23:33'),(164,'Model','Bahringer and Sons','Ergonomic Concrete Shirt','471','Consequatur rem ullam impedit delectus in eveniet voluptate.','Quo praesentium culpa voluptas illo quaerat quo harum.',NULL,NULL,0,0,'Qui voluptatem sequi dolorum.','Dignissimos perspiciatis quia ipsa consequatur voluptate magnam.','2013-08-16 09:23:33','2013-08-16 09:23:33'),(165,'Model','Weissnat, Kreiger and Hagenes','Incredible Granite Shoes','472','Provident labore repudiandae hic nam ratione nulla fugiat.','Aut consequatur provident nemo ipsum.',NULL,NULL,1,0,'Cum eius accusamus assumenda velit vel.','Inventore ducimus excepturi aut necessitatibus maiores est.','2013-08-16 09:23:33','2013-08-16 09:23:33'),(166,'Model','Sauer-Hammes','Gorgeous Concrete Gloves','473','Iure aut laudantium est facilis qui.','Occaecati dolorum non ipsam nesciunt sed dolorem voluptatem.',NULL,NULL,1,0,'Perferendis quia accusamus est quia totam.','Ratione accusamus voluptatem autem sapiente enim non.','2013-08-16 09:23:33','2013-08-16 09:23:33'),(167,'Model','Rice, Stroman and Bode','Sleek Rubber Car','474','Delectus sed et recusandae atque voluptatem nihil ipsum.','Cupiditate illo et totam.',NULL,NULL,2,0,'Cum ea vitae id.','Porro nostrum magnam ut qui et eum repellendus recusandae.','2013-08-16 09:23:33','2013-08-16 09:23:33'),(168,'Model','Stoltenberg-Veum','Ergonomic Granite Shirt','475','Rem perspiciatis est quo earum consequatur corporis ea dolor.','Modi optio velit reiciendis aliquid ut quas animi possimus.',NULL,NULL,1,0,'Repellendus mollitia et fuga.','Doloribus voluptas nobis sed sunt aspernatur tenetur accusamus.','2013-08-16 09:23:33','2013-08-16 09:23:33'),(169,'Model','Nitzsche-O\'Conner','Sleek Rubber Gloves','476','Molestias est quo ipsum qui.','Porro repellendus neque eligendi eius molestiae autem aut.',NULL,NULL,2,0,'Impedit rerum harum ab.','Nihil est voluptatum vitae quod vel molestias totam.','2013-08-16 09:23:33','2013-08-16 09:23:33'),(170,'Model','Kessler-Waters','Fantastic Plastic Shirt','477','Adipisci eveniet aut qui sed mollitia voluptas.','Dolores repellendus accusamus provident quis est.',NULL,NULL,0,0,'Ad aut vel asperiores ut placeat fugit.','Facilis consequuntur ratione omnis facere et quo autem asperiores.','2013-08-16 09:23:33','2013-08-16 09:23:33'),(171,'Model','Lakin, Kulas and Boehm','Small Plastic Gloves','478','Necessitatibus nam ut ut blanditiis libero.','Hic voluptatum sed error voluptas qui.',NULL,NULL,0,0,'Rem consequatur amet sit veritatis vero et dignissimos eos.','Asperiores minima consequatur excepturi voluptatibus sed sit veritatis reiciendis.','2013-08-16 09:23:33','2013-08-16 09:23:33'),(172,'Model','Berge, Ritchie and McDermott','Practical Cotton Shoes','479','Veniam et optio tenetur.','Recusandae voluptatem consequatur dolorem rerum enim.',NULL,NULL,0,0,'Tempora accusantium suscipit quia assumenda laudantium maiores et.','Sapiente eius deserunt provident saepe.','2013-08-16 09:23:33','2013-08-16 09:23:33'),(173,'Model','Romaguera, Mohr and Reynolds','Gorgeous Steel Chair','480','Vel in veniam minus tenetur.','Qui quibusdam quo debitis nulla doloremque tempore itaque rem.',NULL,NULL,0,0,'Et ea ut eveniet qui consectetur.','Rerum modi quidem voluptatum fugit fuga blanditiis.','2013-08-16 09:23:33','2013-08-16 09:23:33'),(174,'Model','Gottlieb-Braun','Awesome Plastic Computer','481','Deleniti id aspernatur et accusantium eaque voluptate quia.','Est est quasi eos.',NULL,NULL,1,0,'Temporibus cumque eius consectetur ut saepe et.','Corrupti itaque sapiente perferendis delectus officia aut placeat molestiae.','2013-08-16 09:23:33','2013-08-16 09:23:33'),(175,'Model','Herman, Wisozk and Dicki','Sleek Concrete Table','482','Voluptatem rem ex id omnis dignissimos consequuntur ut.','Sunt labore et consequatur sunt eius explicabo voluptatem.',NULL,NULL,2,0,'Nam totam quae et quo omnis.','Similique deserunt illum aut voluptatum.','2013-08-16 09:23:33','2013-08-16 09:23:33'),(176,'Model','Padberg, Lebsack and Wilderman','Awesome Concrete Pants','483','Quae tenetur delectus qui cumque sit veritatis.','Veniam qui debitis porro est.',NULL,NULL,3,0,'Veniam officiis aut in quos corporis tenetur qui quaerat.','Veritatis delectus eaque ut ut voluptatem voluptatem possimus.','2013-08-16 09:23:33','2013-08-16 09:23:33'),(177,'Model','Braun-Ruecker','Sleek Cotton Car','484','Nam et eaque est totam.','Earum et in qui voluptatum aut enim.',NULL,NULL,2,0,'Expedita dolorem dolores qui et.','Tempore reiciendis qui voluptas facere.','2013-08-16 09:23:33','2013-08-16 09:23:33'),(178,'Model','Jacobson, Bartoletti and Hahn','Sleek Steel Pants','485','Tempora veritatis nulla ipsum ut.','Illo voluptatem in est incidunt doloribus.',NULL,NULL,3,0,'Et cumque ea molestiae non tempora aperiam blanditiis et.','Recusandae voluptatem impedit ex dolorum omnis molestiae non cum.','2013-08-16 09:23:33','2013-08-16 09:23:33'),(179,'Model','Bartoletti, Thiel and Will','Ergonomic Steel Computer','486','Vel aut voluptates sint.','Quod tenetur corporis illo omnis consectetur.',NULL,NULL,0,0,'Odio ratione et dolores ut.','Nam culpa libero qui perspiciatis consequatur aut non tempore.','2013-08-16 09:23:33','2013-08-16 09:23:33'),(180,'Model','Langworth-Kunze','Awesome Plastic Gloves','487','Totam omnis et ut itaque fugit ut.','Dicta occaecati similique nam autem quia facere.',NULL,NULL,1,0,'Labore voluptas rerum deleniti nobis repellendus delectus soluta.','Ea numquam voluptas excepturi voluptatum distinctio ab.','2013-08-16 09:23:33','2013-08-16 09:23:33'),(181,'Model','Waelchi-Doyle','Intelligent Granite Shoes','488','Eveniet tenetur qui voluptas sunt aut quia cupiditate.','Labore est odit sed explicabo.',NULL,NULL,1,0,'Sed voluptatem quam ea.','Id cumque blanditiis maiores consequatur similique.','2013-08-16 09:23:33','2013-08-16 09:23:33'),(182,'Model','Conroy-Steuber','Ergonomic Plastic Car','489','Deserunt in perferendis facere.','Velit sint rerum nostrum iure voluptatem et.',NULL,NULL,3,0,'Sit sit nihil debitis et nemo placeat enim.','Illo deserunt hic qui vel ut perferendis.','2013-08-16 09:23:33','2013-08-16 09:23:33'),(183,'Model','Breitenberg-Heaney','Fantastic Granite Car','490','Asperiores harum possimus dolorum sit at atque consequatur error.','Nobis reprehenderit est occaecati nesciunt voluptas doloribus.',NULL,NULL,3,0,'Ut qui nostrum sit cum accusantium.','Quia cum doloremque est sed mollitia qui.','2013-08-16 09:23:33','2013-08-16 09:23:33'),(184,'Model','Mayert Inc','Incredible Plastic Table','491','Quo voluptatem ipsa aspernatur minima tempora possimus aliquam.','Animi neque vero debitis.',NULL,NULL,1,0,'Voluptas occaecati in consequatur corporis et nisi.','Quidem ut odit enim harum architecto sed nesciunt soluta.','2013-08-16 09:23:33','2013-08-16 09:23:33'),(185,'Model','Jast Inc','Sleek Concrete Hat','492','Non eius officia possimus veritatis ea voluptatum modi dicta.','Iste reprehenderit velit natus in.',NULL,NULL,0,0,'Qui consequatur autem error illum.','Quam ipsum voluptas totam accusantium.','2013-08-16 09:23:33','2013-08-16 09:23:33'),(186,'Model','Davis-Daugherty','Sleek Rubber Pants','493','Quo id et nisi aut sequi.','Dolorem magni fugit in accusamus deserunt iste natus.',NULL,NULL,3,0,'Facere odio hic enim.','Molestias aut et et soluta sit sapiente omnis.','2013-08-20 23:29:35','2013-08-20 23:29:35'),(187,'Model','Pfeffer-Mayert','Gorgeous Rubber Car','494','Sint necessitatibus cupiditate a.','In quidem est voluptas tenetur non recusandae architecto.',NULL,NULL,2,0,'Et nisi fugit rerum et repudiandae officiis qui.','Voluptates quia dicta velit iusto voluptate corporis.','2013-08-20 23:29:35','2013-08-20 23:29:35'),(188,'Model','Zulauf and Sons','Small Wooden Chair','495','Doloribus dolor saepe architecto sint enim illum voluptas.','Dolores quaerat est quia architecto.',NULL,NULL,3,0,'Et expedita ea beatae ab ipsum numquam omnis.','Quia facilis iste consequuntur debitis et voluptatibus.','2013-08-20 23:29:35','2013-08-20 23:29:35'),(189,'Model','Hoeger-Wiza','Practical Concrete Pants','496','Minus aut qui dolorem et ut doloremque.','Odit dolor blanditiis aut ut.',NULL,NULL,3,0,'Voluptas et inventore nam et sed autem veritatis.','Odio fugiat velit tempora et accusamus repellendus dolorum laboriosam.','2013-08-20 23:29:35','2013-08-20 23:29:35'),(190,'Model','Glover Inc','Awesome Concrete Hat','497','Dolor sapiente quidem nobis in et.','Tempora voluptatem laborum libero dicta similique.',NULL,NULL,1,0,'Deleniti excepturi veritatis at et enim est assumenda.','Est reprehenderit officia dignissimos pariatur.','2013-08-20 23:29:35','2013-08-20 23:29:35'),(191,'Model','Miller Group','Intelligent Concrete Computer','498','Sunt id voluptates commodi sit quaerat.','Aut possimus molestias ipsa rem et ex.',NULL,NULL,3,0,'Nam quasi maxime voluptas quos voluptatem.','Aspernatur necessitatibus nihil est iusto sequi iure modi.','2013-08-15 16:20:43','2013-08-15 16:20:43'),(192,'Model','Kerluke LLC','Fantastic Wooden Hat','499','Quaerat nulla eveniet et quidem maiores reiciendis.','Accusamus dolores sit quisquam non architecto.',NULL,NULL,1,0,'In nam qui aut id mollitia illo.','Iste eligendi repellat quo sequi.','2013-08-15 16:20:43','2013-08-15 16:20:43'),(193,'Model','Wisozk and Sons','Sleek Plastic Hat','500','Illo incidunt quam laboriosam molestiae reiciendis quis labore.','Sequi id ex similique.',NULL,NULL,3,0,'Fuga non sequi qui.','Eius quo dolores saepe harum autem expedita iusto necessitatibus.','2013-08-15 16:20:44','2013-08-15 16:20:44'),(194,'Model','Daugherty, Huel and Terry','Gorgeous Plastic Pants','501','Quidem nobis ipsum non quia ut odit nemo.','Ut amet eos repellendus aliquid officia quidem.',NULL,NULL,1,0,'Odit incidunt a laudantium dolor voluptatibus.','Repudiandae sed nisi accusantium tempora aperiam minima incidunt.','2013-08-15 16:20:44','2013-08-15 16:20:44'),(195,'Model','Runolfsson Group','Awesome Granite Car','502','Qui ut qui nisi eos.','Totam cupiditate voluptatum sit voluptatem facere.',NULL,NULL,0,0,'Delectus nihil sed et.','Officiis eum ut vel minima voluptas debitis ut.','2013-08-15 16:20:44','2013-08-15 16:20:44'),(196,'Model','Kohler, Veum and Donnelly','Rustic Concrete Computer','503','Amet voluptatem natus fugit maiores.','Voluptatem unde dolore laborum qui nihil quasi optio quo.',NULL,NULL,1,0,'Maiores sunt doloribus ipsa.','Iure ut culpa aliquid repellendus in et tenetur mollitia.','2013-08-15 16:20:44','2013-08-15 16:20:44'),(197,'Model','Brakus, Nikolaus and Spinka','Ergonomic Wooden Shirt','504','Minus ad autem optio dicta.','Omnis in earum hic.',NULL,NULL,2,0,'Delectus et consequuntur deleniti.','Id rem ut consequatur atque qui voluptas.','2013-08-15 16:20:44','2013-08-15 16:20:44'),(198,'Model','Jakubowski LLC','Awesome Cotton Pants','505','Debitis aperiam reprehenderit quia dolorem dolor quod fugit.','Consequatur et exercitationem unde et asperiores quia.',NULL,NULL,2,0,'In blanditiis quibusdam eum inventore qui sed repudiandae voluptates.','Eaque consequatur fugit corporis rerum deleniti laboriosam fuga omnis.','2013-08-21 22:15:31','2013-08-21 22:15:31'),(199,'Model','Will LLC','Practical Concrete Table','506','Possimus delectus ducimus dolorum et totam consectetur magni.','Explicabo est error nostrum.',NULL,NULL,0,0,'Animi veniam est hic illum aliquid sit fuga asperiores.','Libero eaque ut sit quibusdam soluta.','2013-08-21 22:15:31','2013-08-21 22:15:31'),(200,'Model','Purdy-Aufderhar','Fantastic Concrete Pants','507','Laudantium facilis omnis accusamus alias omnis debitis distinctio.','Ut laboriosam facilis et dolor corrupti perspiciatis vel praesentium.',NULL,NULL,0,0,'Eum voluptas omnis est ipsam quibusdam.','Voluptas reprehenderit aliquam consequatur voluptatem.','2013-08-21 22:15:31','2013-08-21 22:15:31'),(201,'Model','Adams Group','Intelligent Wooden Pants','508','Sequi deleniti minima quibusdam ad et.','Nostrum sit reiciendis assumenda.',NULL,NULL,0,0,'Dolorem et rerum magnam nisi eius ut.','Facilis sunt eum sit vero quis error.','2013-08-21 22:15:31','2013-08-21 22:15:31'),(202,'Model','Rogahn, Kutch and Blick','Fantastic Cotton Gloves','509','Ducimus expedita consequatur a fugiat exercitationem qui illum.','Aut incidunt ipsam error qui quis ut ut et.',NULL,NULL,0,0,'Laborum at natus soluta aut architecto sunt.','Repellat qui ex exercitationem enim debitis.','2013-08-21 22:15:31','2013-08-21 22:15:31'),(203,'Model','Schneider, Considine and Reichert','Intelligent Concrete Table','510','Quibusdam necessitatibus asperiores expedita.','Libero quidem magnam fuga earum aperiam molestias at.',NULL,NULL,3,0,'Pariatur reprehenderit facilis est cum minima tempore aut.','Omnis est ut consectetur animi nobis officia qui ut.','2013-08-21 22:15:31','2013-08-21 22:15:31'),(204,'Model','Stroman-Smitham','Sleek Rubber Shirt','511','Minus cum quam repellat corrupti expedita.','Voluptatem iste nihil itaque qui magnam.',NULL,NULL,1,0,'Blanditiis dolor sapiente eum enim at aut rem.','At tempora corrupti vel dolore incidunt sunt et.','2013-08-21 22:15:31','2013-08-21 22:15:31'),(205,'Model','Hintz, Nolan and Jacobi','Rustic Wooden Hat','512','Non soluta sequi qui sint.','Aliquam possimus quia enim totam sint molestiae.',NULL,NULL,2,0,'Nisi itaque corporis placeat.','Et eaque nihil voluptate suscipit repellendus perspiciatis officiis qui.','2013-08-21 22:15:31','2013-08-21 22:15:31'),(206,'Model','Ritchie and Sons','Ergonomic Rubber Car','513','Qui mollitia voluptas sint occaecati.','Voluptatum provident earum modi distinctio tempora nihil omnis.',NULL,NULL,3,0,'Eos error dolores architecto recusandae ducimus quidem qui asperiores.','Perspiciatis velit ut maxime.','2013-08-21 22:15:31','2013-08-21 22:15:31'),(207,'Model','Franecki, Nicolas and Rowe','Practical Plastic Chair','514','Mollitia id aperiam tenetur.','Quisquam voluptatum non doloremque aut.',NULL,NULL,0,0,'Asperiores ut corrupti ut.','Similique est qui labore rerum et consequatur culpa.','2013-08-21 22:15:31','2013-08-21 22:15:31'),(208,'Model','Wilderman, Rempel and Hegmann','Sleek Plastic Table','515','Ut delectus quaerat et.','Doloremque voluptatem non sed veritatis vel sequi.',NULL,NULL,2,0,'Saepe rerum consequatur cumque qui totam error maiores.','Possimus et commodi dignissimos omnis quia non.','2013-08-21 22:15:31','2013-08-21 22:15:31'),(209,'Model','Hane, Smith and Haley','Gorgeous Rubber Pants','516','Sit perferendis nemo earum quis id in.','Fuga nulla omnis laudantium ipsum consequatur deserunt.',NULL,NULL,0,0,'Officiis quia dolorem doloribus aliquid voluptate cum ut.','Quae eligendi tempora incidunt quasi alias quibusdam ut.','2013-08-21 22:15:31','2013-08-21 22:15:31'),(210,'Model','Romaguera Inc','Ergonomic Wooden Shoes','517','Id ut consequatur voluptatibus non quia totam.','Neque quae et est tempore modi sed.',NULL,NULL,0,0,'Cum qui consequatur sint.','Et molestiae qui deleniti.','2013-08-21 22:15:31','2013-08-21 22:15:31'),(211,'Model','Effertz, Carroll and Prohaska','Practical Steel Shoes','518','In rerum at nobis eos adipisci.','Fugit sint incidunt culpa dolor.',NULL,NULL,1,0,'Nostrum velit iure velit doloribus.','Magnam qui est quisquam vel.','2013-08-21 22:15:31','2013-08-21 22:15:31'),(212,'Model','Stoltenberg-Oberbrunner','Small Cotton Hat','519','Nihil aut necessitatibus ullam voluptatem.','Consequuntur velit quaerat voluptas et sint.',NULL,NULL,0,0,'Beatae dolorem est quasi.','Quae natus aperiam dolore ut.','2013-08-21 22:15:31','2013-08-21 22:15:31'),(213,'Model','Skiles-Renner','Incredible Granite Pants','520','Ducimus voluptas id qui deleniti minima eos fugit.','Autem beatae fugit quod.',NULL,NULL,2,0,'Et excepturi perspiciatis nesciunt voluptas at iste laudantium non.','Earum tempore quia distinctio.','2013-08-21 22:15:31','2013-08-21 22:15:31'),(214,'Model','Larson LLC','Fantastic Granite Chair','521','Consectetur eius doloremque accusamus iste assumenda illum neque.','Est minima molestiae voluptatibus similique est non quae.',NULL,NULL,2,0,'Et quia libero quisquam.','Hic quis quasi error.','2013-08-21 22:15:31','2013-08-21 22:15:31'),(215,'Model','Gulgowski-Gleichner','Awesome Wooden Computer','522','Inventore cum incidunt qui vel.','Consequatur ducimus et nihil sit modi ipsa ex.',NULL,NULL,1,0,'Odit possimus laboriosam et eveniet ipsum.','Ut velit sunt quod ipsum molestias.','2013-08-21 22:15:31','2013-08-21 22:15:31'),(216,'Model','Reynolds Group','Rustic Granite Shirt','524','Voluptas eligendi qui ducimus eos sunt in et minima.','Temporibus quia sequi qui quod consectetur distinctio.',NULL,NULL,1,0,'Dolorum itaque quaerat nulla at nobis perferendis.','Totam eligendi nostrum alias rerum impedit et et.','2013-08-21 22:15:31','2013-08-21 22:15:31'),(217,'Software','Schamberger-Sawayn','Fantastic Rubber Hat','526',NULL,NULL,NULL,NULL,0,0,NULL,NULL,'2013-08-21 22:15:31','2013-08-21 22:15:31'),(218,'Model','Littel, Schinner and Denesik','Practical Plastic Shirt','527','Id labore excepturi numquam.','Ea sit numquam quos.',NULL,NULL,0,0,'Cupiditate ut dolore vel vel eum pariatur.','Quis sed assumenda ipsa officia.','2013-08-17 00:00:00','2013-08-17 00:00:00'),(219,'Model','Rowe-Schumm','Gorgeous Plastic Car','528','Voluptatem aut vel et voluptate et.','Eum harum ut minus dolores maiores.',NULL,NULL,0,0,'Dolores voluptates excepturi perspiciatis quae.','Sit nihil et fugiat.','2013-08-17 00:00:00','2013-08-17 00:00:00'),(220,'Model','Hettinger Group','Incredible Cotton Hat','529','Dolorem cum autem aut odio velit aut eligendi similique.','Natus illo excepturi voluptatem repellendus ratione.',NULL,NULL,2,0,'Commodi voluptatibus iure nihil totam eos aut.','Distinctio pariatur non possimus vel molestiae quia.','2013-08-17 00:00:00','2013-08-17 00:00:00'),(221,'Model','Corwin, Pouros and Ritchie','Sleek Steel Gloves','530','Et quaerat sed et quo.','Qui nostrum non sed soluta nihil quis similique eligendi.',NULL,NULL,0,0,'Officiis fugit sapiente deserunt.','Error nihil et vel blanditiis eaque eum minus.','2013-08-17 00:00:00','2013-08-17 00:00:00'),(222,'Model','Quitzon, Barrows and Mohr','Intelligent Steel Computer','532','Nihil esse quas natus.','Aut ut eum dignissimos voluptatem et quam suscipit.',NULL,NULL,3,0,'Impedit earum sunt explicabo totam atque quis tempora nisi.','Consequatur est non impedit ut inventore omnis dolores.','2013-08-21 22:15:31','2013-08-21 22:15:31'),(223,'Model','Skiles, Dooley and Konopelski','Small Concrete Car','533','Adipisci similique aut natus eum.','Voluptas officiis repudiandae natus reiciendis rerum sit veniam aliquam.',NULL,NULL,2,0,'Quisquam et qui voluptates accusamus ut.','Recusandae voluptatem perferendis sit iure consectetur ab optio earum.','2013-08-21 22:15:31','2013-08-21 22:15:31'),(224,'Model','Swift Group','Fantastic Rubber Computer','534','Error est est quo.','Illum dolores voluptas maiores tempore facilis deleniti architecto consequatur.',NULL,NULL,0,0,'Atque eaque velit et voluptas.','Nulla exercitationem ut quod repellat voluptatem.','2013-08-21 22:15:31','2013-08-21 22:15:31'),(225,'Model','Bogisich and Sons','Gorgeous Wooden Hat','535','Est et explicabo ut optio possimus quia.','Ut debitis expedita non nisi sapiente dolor pariatur.',NULL,NULL,3,0,'In ipsum quo veniam.','Iste totam quo perspiciatis alias expedita.','2013-08-21 22:15:31','2013-08-21 22:15:31'),(226,'Model','Hackett-Cummerata','Awesome Concrete Table','536','Magni eos et ab doloremque eum necessitatibus fuga enim.','Enim aliquid vel mollitia dolorum voluptas.',NULL,NULL,0,0,'Iste iusto et dolor quo natus voluptatem sunt.','Voluptate saepe corrupti exercitationem labore necessitatibus dolorem.','2013-08-21 22:15:31','2013-08-21 22:15:31'),(227,'Model','Reynolds and Sons','Awesome Wooden Pants','537','Eveniet ut beatae molestias commodi sequi sunt dolorem.','Pariatur exercitationem mollitia quo voluptas autem eaque non.',NULL,NULL,0,0,'Libero ut occaecati voluptas sed et dolor.','Vitae aut earum quam assumenda non sit nam nostrum.','2013-08-21 22:15:31','2013-08-21 22:15:31'),(228,'Model','Hand and Sons','Small Rubber Pants','538','Quibusdam voluptatibus dolorem commodi nostrum sunt maiores facere ad.','Vitae cupiditate ea alias nulla.',NULL,NULL,2,0,'Corrupti enim veniam fugit quia.','Rerum nihil accusamus cumque voluptas inventore cum officia ut.','2013-08-21 22:15:31','2013-08-21 22:15:31'),(229,'Model','Blanda and Sons','Incredible Cotton Pants','539','Eligendi esse dolorem aliquid.','Consequuntur fuga accusamus temporibus alias.',NULL,NULL,2,0,'Illo eligendi iste occaecati.','Ut quia quisquam at.','2013-08-21 22:15:31','2013-08-21 22:15:31'),(230,'Model','Kling Group','Ergonomic Cotton Car','540','Quod voluptas nisi unde deleniti quibusdam ipsam sed enim.','Ut non nulla aliquid voluptate possimus.',NULL,NULL,1,0,'Veniam laboriosam rerum in magnam aperiam animi.','Beatae commodi omnis qui nobis.','2013-08-21 22:15:31','2013-08-21 22:15:31'),(231,'Model','Hoeger Group','Ergonomic Steel Hat','541','Reiciendis enim earum ut et placeat consequatur saepe.','Quos et aut saepe maxime.',NULL,NULL,2,0,'Quia sit nostrum consequuntur nihil.','Quasi voluptatibus iusto temporibus quia non officiis.','2013-08-21 22:15:31','2013-08-21 22:15:31'),(232,'Model','Monahan, Runolfsdottir and Borer','Ergonomic Rubber Table','542','Velit aut itaque voluptatem nostrum maiores.','Quis reiciendis omnis nemo perspiciatis modi sint ducimus explicabo.',NULL,NULL,0,0,'Sint dolore quas laborum eum et nesciunt corrupti beatae.','Sit earum doloremque vero consequatur ducimus.','2013-08-21 22:15:31','2013-08-21 22:15:31'),(233,'Model','Shanahan Inc','Gorgeous Wooden Car','543','Aut eius in non rerum.','Consequatur sunt omnis voluptatum aut.',NULL,NULL,1,0,'Rem dolores dolores consectetur architecto corporis aliquid.','Aut repellat officiis veritatis est commodi eius.','2013-08-21 22:15:31','2013-08-21 22:15:31'),(234,'Model','Quigley Inc','Sleek Rubber Table','544','Numquam explicabo nihil ea nam recusandae et at incidunt.','Illo aut et sit.',NULL,NULL,0,0,'Dolor et libero magni a.','Non molestiae sapiente alias.','2013-08-21 22:15:31','2013-08-21 22:15:31'),(235,'Model','Flatley, Yundt and Lakin','Practical Granite Gloves','545','Repellendus temporibus nam velit qui libero laboriosam et.','Libero ut ullam praesentium nihil ut.',NULL,NULL,3,0,'Consequatur exercitationem asperiores velit deleniti sapiente.','Odit sit ad veritatis et sit sed et.','2013-08-21 22:15:31','2013-08-21 22:15:31'),(236,'Model','Glover, Rutherford and Reichert','Intelligent Rubber Computer','546','Voluptate aut quod eos.','Voluptatum sunt aut cum natus eum dolores architecto possimus.',NULL,NULL,3,0,'Amet officiis ipsam nisi.','Rerum sunt voluptatem quis magnam expedita.','2013-08-21 22:15:31','2013-08-21 22:15:31'),(237,'Model','Murray-Spencer','Incredible Wooden Pants','547','Quasi eius dolorum repudiandae fugiat culpa enim repellendus.','Maiores libero reprehenderit numquam magni ullam perspiciatis optio.',NULL,NULL,2,0,'Quo sed tempora beatae ducimus aliquam odio.','Pariatur provident iure rerum praesentium debitis sunt nihil officia.','2013-08-17 00:00:00','2013-08-17 00:00:00'),(238,'Model','Marvin-Veum','Sleek Wooden Shoes','548','Et harum animi ut dolorum tempora.','Iste molestias beatae sed.',NULL,NULL,3,0,'Ut maiores et explicabo eveniet aut sit repellat nemo.','Facilis placeat aspernatur nemo nobis ut.','2013-08-17 00:00:00','2013-08-17 00:00:00'),(239,'Model','Brakus-Bode','Gorgeous Rubber Chair','549','Dolor ratione minus reiciendis alias quia optio velit.','Placeat nihil nobis earum corporis molestiae quibusdam.',NULL,NULL,0,0,'Et ipsam qui ex voluptatem cumque incidunt consectetur sed.','Non esse nulla est corporis dignissimos et et.','2013-08-17 00:00:00','2013-08-17 00:00:00'),(240,'Model','Breitenberg, Gerhold and Wisozk','Sleek Concrete Shirt','550','Odio maxime dolor repudiandae.','Praesentium voluptas est aspernatur.',NULL,NULL,0,0,'Qui nulla repellendus quidem praesentium ipsum in libero.','Odit ut ut sed fuga quia.','2013-08-21 22:15:31','2013-08-21 22:15:31'),(241,'Model','Hoeger Inc','Awesome Concrete Shirt','551','Porro aspernatur quae et facilis facere vel.','Rerum quae earum veniam eius sint aperiam.',NULL,NULL,0,0,'Eos alias magnam minima nisi.','Dolorem eos enim beatae nulla magni.','2013-08-21 22:15:31','2013-08-21 22:15:31'),(242,'Model','Carter, Huel and Botsford','Ergonomic Granite Chair','552','Ratione ducimus ex magnam dolorum.','Ipsam molestiae quia error perferendis explicabo dolorem dolor aspernatur.',NULL,NULL,3,0,'Earum aperiam repellat quo est laudantium rerum nobis.','Non consequatur harum ipsum qui vero.','2013-08-21 22:15:31','2013-08-21 22:15:31'),(243,'Model','Cummerata, Douglas and Dickens','Gorgeous Steel Car','553','Et dolores libero sed quia itaque et rerum.','Consequuntur accusamus qui facilis sint deserunt doloremque modi.',NULL,NULL,3,0,'Quas aut vero sequi quidem.','Quia ea possimus consectetur esse dignissimos.','2013-08-21 22:15:31','2013-08-21 22:15:31'),(244,'Model','Witting and Sons','Awesome Plastic Shirt','554','Aliquid quis aut minus.','Sunt veniam eum possimus.',NULL,NULL,2,0,'Est consequuntur maxime consequatur qui ullam.','Laboriosam minus suscipit mollitia similique ea.','2013-08-21 22:15:31','2013-08-21 22:15:31'),(245,'Model','Raynor-Tremblay','Gorgeous Wooden Shoes','555','Quia reiciendis illum delectus.','Dolore debitis ex nulla adipisci quia.',NULL,NULL,3,0,'Et perspiciatis deleniti laboriosam natus dolor.','Aut totam dolorem ut ut esse numquam et.','2013-08-21 22:15:31','2013-08-21 22:15:31'),(246,'Model','Stoltenberg, Tremblay and Bernier','Intelligent Rubber Car','556','Et laudantium modi nam vitae ut.','Enim sint a commodi totam distinctio id.',NULL,NULL,3,0,'Iure mollitia iste dolor doloribus repellat labore veritatis est.','Quidem laboriosam vitae distinctio deleniti voluptates non.','2013-08-21 22:15:31','2013-08-21 22:15:31'),(247,'Model','Kerluke-Wiza','Practical Wooden Computer','557','Velit voluptatem unde consequuntur.','Earum odit in excepturi quibusdam quasi incidunt.',NULL,NULL,2,0,'Minima sint et quae aliquid cum.','Asperiores laudantium sapiente et.','2013-08-21 22:15:31','2013-08-21 22:15:31'),(248,'Model','Collier Group','Gorgeous Steel Pants','558','Hic placeat quia corporis molestiae maiores omnis voluptatibus sint.','Delectus possimus minima iste qui et.',NULL,NULL,2,0,'Dolorum est facilis id est quia.','Pariatur sed beatae sunt.','2013-08-21 22:15:31','2013-08-21 22:15:31'),(249,'Model','Haag-Marquardt','Practical Wooden Pants','559','Asperiores similique sed aspernatur.','Id quae perspiciatis deleniti nobis et voluptates.',NULL,NULL,2,0,'Adipisci optio voluptatem ut.','Distinctio delectus voluptatem unde nam non earum rerum ut.','2013-08-21 22:15:31','2013-08-21 22:15:31'),(250,'Model','Welch-Mraz','Fantastic Plastic Hat','560','Ut qui at eligendi sed in.','Rerum quaerat similique natus qui sunt laudantium inventore aut.',NULL,NULL,1,0,'Blanditiis quidem nihil recusandae fugit.','Doloremque sit cum dolorem.','2013-08-21 22:15:31','2013-08-21 22:15:31'),(251,'Model','Lemke LLC','Rustic Concrete Shirt','561','Saepe reprehenderit quia sint accusamus.','Repellendus eveniet totam quia ut eligendi.',NULL,NULL,3,0,'Facilis quasi deserunt laboriosam cupiditate nulla ipsa eos reiciendis.','Sint alias voluptatem sit eum.','2013-08-21 22:15:31','2013-08-21 22:15:31'),(252,'Model','Erdman Group','Fantastic Rubber Shoes','562','Ut qui repellendus commodi laudantium magni voluptates sunt voluptas.','Quae quia at iusto nostrum.',NULL,NULL,0,0,'Asperiores sit molestias sequi porro dolores temporibus et veniam.','Ut non eum culpa aut ratione.','2013-08-21 22:15:31','2013-08-21 22:15:31'),(253,'Model','Kris, Johns and Daugherty','Incredible Plastic Chair','563','Nulla quis ut rerum sapiente quisquam totam porro cumque.','Est delectus ut qui ea.',NULL,NULL,0,0,'Recusandae laborum voluptas aspernatur sint nemo dolores sit cumque.','Et aspernatur est in ab a culpa minus.','2013-08-21 22:15:31','2013-08-21 22:15:31'),(254,'Model','Lang-O\'Hara','Rustic Plastic Hat','564','Laborum tempore atque sed aspernatur magnam doloribus quasi.','Inventore similique pariatur soluta atque architecto.',NULL,NULL,2,0,'Et aspernatur quo sint.','Soluta beatae quis ab dolor.','2013-08-21 22:15:31','2013-08-21 22:15:31'),(255,'Model','Stanton, Reilly and Beatty','Intelligent Rubber Shoes','565','Libero aut deserunt explicabo at harum autem.','Labore in beatae laborum numquam natus.',NULL,NULL,3,0,'Laboriosam consequatur et magni.','Vero error autem dicta rerum.','2013-08-21 22:15:31','2013-08-21 22:15:31'),(256,'Model','Maggio LLC','Gorgeous Granite Shoes','566','Ut culpa pariatur non.','Iure possimus repellendus quidem eaque quo.',NULL,NULL,0,0,'Atque omnis iure fugiat dolore aspernatur facere corrupti.','Consequatur non quasi suscipit quis incidunt placeat reprehenderit non.','2013-08-21 22:15:31','2013-08-21 22:15:31'),(257,'Model','Schroeder-Reichert','Small Rubber Gloves','567','Quam dolore incidunt laboriosam vero.','Ut nisi quis libero excepturi.',NULL,NULL,1,0,'Repudiandae officiis ut et quibusdam.','Repellendus sapiente quaerat saepe facilis dolorem.','2013-08-21 22:15:31','2013-08-21 22:15:31'),(258,'Model','Kilback, Rippin and Larson','Practical Granite Shoes','568','Et necessitatibus sed error debitis aperiam voluptatibus rerum dolor.','Laboriosam facere excepturi est molestias.',NULL,NULL,0,0,'Dolorem delectus velit ea id.','Vitae corrupti alias qui id.','2013-08-21 22:15:31','2013-08-21 22:15:31'),(259,'Model','Veum, Leannon and Franecki','Practical Plastic Computer','569','Et repudiandae sunt est laborum.','Deserunt et animi similique sit.',NULL,NULL,0,0,'Molestiae dolorum odio in.','Iusto repudiandae illum qui consequuntur.','2013-08-21 22:15:31','2013-08-21 22:15:31'),(260,'Model','Johns and Sons','Practical Concrete Shoes','570','Accusamus est quibusdam facere provident dolor error nobis.','Voluptates eos pariatur a quia quae unde.',NULL,NULL,1,0,'Aliquid labore veniam corrupti.','Voluptas officia laudantium voluptatem doloremque vero quos.','2013-08-21 22:15:31','2013-08-21 22:15:31'),(261,'Model','Douglas-Bode','Small Steel Hat','571','Est cumque temporibus illo blanditiis in dolorem.','Voluptatibus ut saepe eveniet rerum.',NULL,NULL,3,0,'Et aliquam nostrum voluptatem.','Sunt magni distinctio aut totam.','2013-08-21 22:15:31','2013-08-21 22:15:31'),(262,'Model','Lubowitz, Raynor and Funk','Awesome Rubber Car','572','Aperiam consequatur cupiditate voluptas sit et.','Voluptatem ex ipsum rem cumque et voluptas.',NULL,NULL,3,0,'Porro doloremque nemo dolore.','Velit cumque voluptas voluptatem quia velit dolor omnis at.','2013-08-21 22:15:31','2013-08-21 22:15:31'),(263,'Model','Keebler and Sons','Incredible Concrete Computer','573','Odit nemo nihil fugiat debitis quia asperiores.','Labore omnis tempora atque consectetur ad.',NULL,NULL,2,0,'Qui eum voluptatem esse et nihil ea distinctio.','Doloremque aliquid aut quod minima voluptas.','2013-08-21 22:15:31','2013-08-21 22:15:31'),(264,'Model','Dicki-Tillman','Sleek Wooden Table','574','Vitae fugit adipisci ipsum.','Est ut in recusandae ut.',NULL,NULL,0,0,'Doloremque voluptates sint magni.','Tempore reprehenderit facere dolores dicta nisi praesentium dolor doloremque.','2013-08-21 22:15:31','2013-08-21 22:15:31'),(265,'Model','Schaefer-Medhurst','Rustic Steel Gloves','575','Fugiat accusantium quo sunt.','Soluta exercitationem qui non ut est placeat.',NULL,NULL,1,0,'Aspernatur consequatur quia aperiam architecto saepe.','Architecto sint sed quae vel labore et est natus.','2013-08-21 22:15:31','2013-08-21 22:15:31'),(266,'Model','Jacobs, Terry and Swaniawski','Fantastic Wooden Table','576','Sunt nisi accusantium placeat ullam tempora.','Tempora nihil optio magni est quod.',NULL,NULL,3,0,'Autem ut vero expedita.','Ut sit rerum qui illum odit voluptas dolorem.','2013-08-21 22:15:31','2013-08-21 22:15:31'),(267,'Model','Waelchi-Farrell','Gorgeous Granite Hat','577','Quia est fuga consequatur ut eaque omnis cupiditate.','Nesciunt fuga voluptatem reprehenderit itaque dignissimos aut tempore similique.',NULL,NULL,3,0,'Nam odit eaque culpa omnis est sed.','Ipsum autem hic enim omnis blanditiis rerum aut.','2013-08-21 22:15:31','2013-08-21 22:15:31'),(268,'Model','Wisoky, Ullrich and Harris','Practical Cotton Computer','578','Est iure maxime et consequuntur magni.','Est quas aut tempore non est et ipsa necessitatibus.',NULL,NULL,3,0,'Quasi temporibus qui delectus aspernatur voluptatibus itaque quia.','Quasi voluptatem quos eligendi pariatur qui consequatur.','2013-08-21 22:15:31','2013-08-21 22:15:31'),(269,'Model','Kuhn, Predovic and Gusikowski','Incredible Concrete Gloves','579','Et aliquid praesentium qui est repellendus.','Illo alias et distinctio corrupti.',NULL,NULL,3,0,'Est reprehenderit expedita et omnis.','Minima quaerat facilis sit.','2013-08-21 22:15:31','2013-08-21 22:15:31'),(270,'Model','Paucek Group','Small Steel Pants','580','Expedita voluptatibus aut voluptas occaecati consequatur eaque.','Quo quasi et nihil necessitatibus rerum hic ut.',NULL,NULL,0,0,'Consequuntur porro sed magni laboriosam enim.','Sunt iure quia possimus itaque explicabo quis quasi.','2013-08-21 22:15:31','2013-08-21 22:15:31'),(271,'Model','Heathcote, Gutmann and Koch','Sleek Concrete Pants','581','Dolor voluptatibus ipsa praesentium consectetur quia repellat sequi facilis.','Consectetur quod harum et soluta est.',NULL,NULL,2,0,'Dolor omnis illum facilis sint tempore eos odit illo.','Tempora officia maiores nihil corrupti illum quis corporis itaque.','2013-08-21 22:15:31','2013-08-21 22:15:31'),(272,'Model','Jones LLC','Gorgeous Cotton Shoes','582','Quia est est saepe quis veniam recusandae minus.','Eum delectus quis ipsam sit voluptates sint tempora qui.',NULL,NULL,2,0,'Blanditiis tempore eligendi nobis et eius quidem soluta.','Et enim et rem quibusdam.','2013-08-21 22:15:31','2013-08-21 22:15:31'),(273,'Model','Reichel, Brekke and Powlowski','Rustic Wooden Chair','583','Ipsa odio officiis rerum qui.','Iste in quae est a.',NULL,NULL,3,0,'Numquam provident repellendus rem sunt qui.','Voluptate aliquam aut veritatis praesentium ea porro.','2013-08-21 22:15:31','2013-08-21 22:15:31'),(274,'Model','Wilkinson Group','Intelligent Plastic Pants','584','Est et et sint et voluptatum consequatur.','Animi repellat reprehenderit est vitae.',NULL,NULL,1,0,'Unde quis illo est blanditiis.','Consequatur non ut sequi numquam ex eum eligendi deserunt.','2013-08-21 22:15:31','2013-08-21 22:15:31'),(275,'Model','Schaden-Pouros','Ergonomic Granite Pants','585','Sequi enim nisi cumque distinctio ut ut.','Atque veritatis maiores aut et.',NULL,NULL,0,0,'Quaerat ratione alias ut est facere deserunt quia illum.','Voluptatem et inventore dolores.','2013-08-21 22:15:31','2013-08-21 22:15:31'),(276,'Model','Dibbert, Dare and Hirthe','Small Rubber Computer','586','Atque laborum illum aut necessitatibus voluptatem quaerat repellat.','Distinctio id quia est.',NULL,NULL,3,0,'Quo soluta est sit at totam.','Enim rerum omnis accusantium et.','2013-08-21 22:15:31','2013-08-21 22:15:31'),(277,'Model','Schneider, McKenzie and Stoltenberg','Fantastic Granite Hat','587','Sequi molestiae reiciendis cum quia amet consequatur molestias.','Ipsum enim atque quia.',NULL,NULL,1,0,'Quisquam eaque soluta eius.','Voluptatem non excepturi porro hic totam distinctio tempora.','2013-08-21 22:15:31','2013-08-21 22:15:31'),(278,'Model','Jacobi and Sons','Practical Steel Table','588','Nobis quibusdam ipsa eius quidem.','Deleniti quasi quas rerum tempora repellat consequatur labore molestias.',NULL,NULL,3,0,'Quos doloremque sit ea et nostrum molestiae necessitatibus.','Pariatur doloremque maiores inventore optio sequi ut incidunt aut.','2013-08-21 22:15:31','2013-08-21 22:15:31'),(279,'Model','Beatty, Hahn and Abbott','Rustic Wooden Car','589','Sit consequatur et voluptatem qui et eveniet laboriosam quo.','Vel voluptas quod suscipit rem consequatur rerum quae expedita.',NULL,NULL,1,0,'Eum dolore animi deleniti est consequatur aspernatur nesciunt.','Recusandae nulla et et repudiandae tenetur animi qui.','2013-08-21 22:15:31','2013-08-21 22:15:31'),(280,'Model','Bins Group','Rustic Cotton Shirt','590','Praesentium vero consequuntur officiis in ex ipsam neque.','Quis non est quidem nostrum dolor.',NULL,NULL,3,0,'Adipisci rerum et commodi assumenda voluptatem sed et.','Saepe perferendis et officia quasi aliquam voluptates ut culpa.','2013-08-21 22:15:31','2013-08-21 22:15:31'),(281,'Model','Parker, Price and Hills','Rustic Steel Shirt','591','Possimus aut voluptatibus est est.','Perferendis et soluta neque aliquam occaecati praesentium distinctio.',NULL,NULL,2,0,'Dolores quam doloremque libero ipsum asperiores inventore.','Ratione ut vitae omnis et aut quaerat sunt quia.','2013-08-21 22:15:31','2013-08-21 22:15:31'),(282,'Model','Maggio LLC','Fantastic Concrete Shirt','592','Et et commodi omnis eaque eos est saepe.','Facilis error a optio numquam qui.',NULL,NULL,1,0,'Rerum reiciendis libero omnis deleniti molestiae minima.','Quia quasi corrupti nihil.','2013-08-21 22:15:31','2013-08-21 22:15:31'),(283,'Model','Reilly, Friesen and Abernathy','Fantastic Granite Shoes','593','Ea vitae non quis eveniet reprehenderit velit dolorem cum.','Molestiae quis velit ipsam velit quia explicabo.',NULL,NULL,2,0,'Vel praesentium eius libero sed sed architecto deleniti.','Assumenda molestiae repellendus aut cupiditate molestias illo qui.','2013-08-21 22:15:31','2013-08-21 22:15:31'),(284,'Model','Conroy, Smith and Jacobs','Fantastic Rubber Gloves','594','Fugit quia maxime quia mollitia quae.','Perspiciatis laudantium vel voluptatum quasi temporibus rem.',NULL,NULL,0,0,'Totam quia mollitia explicabo et reiciendis id earum.','Non cumque qui ullam.','2013-08-21 22:15:31','2013-08-21 22:15:31'),(285,'Model','Legros LLC','Small Steel Car','595','Debitis consequatur nam fugiat quisquam libero accusantium reprehenderit dicta.','Nisi blanditiis soluta eos voluptatem.',NULL,NULL,1,0,'Sint sit nemo beatae ipsam recusandae.','Ea beatae praesentium ut cum esse.','2013-08-21 22:15:31','2013-08-21 22:15:31'),(286,'Model','Gusikowski, Auer and Lynch','Small Wooden Car','596','Consequatur quibusdam labore quia.','Adipisci alias rerum autem eum.',NULL,NULL,3,0,'A eum repellendus nam quis est.','Dolor numquam ut enim aliquam fugiat earum ducimus illum.','2013-08-21 22:15:31','2013-08-21 22:15:31'),(287,'Model','Prohaska-Nolan','Gorgeous Steel Gloves','597','Est aut quasi voluptate et ipsam sed quis veniam.','Aliquid corporis officia eius ullam architecto doloremque ratione facere.',NULL,NULL,2,0,'Sapiente voluptatum beatae quia impedit ipsum rerum ipsa.','Et architecto eveniet aspernatur tempore minus.','2013-08-21 22:15:31','2013-08-21 22:15:31'),(288,'Model','Reinger, Emard and Buckridge','Small Steel Shirt','598','Numquam consequatur eos aliquam velit et minima inventore voluptatem.','Ut nemo reiciendis maiores dolorum.',NULL,NULL,0,0,'Omnis occaecati sequi non provident in voluptatem.','Aut tenetur quia sequi harum inventore aliquid.','2013-08-21 22:15:31','2013-08-21 22:15:31'),(289,'Model','Bailey-Rau','Practical Granite Computer','599','Velit at ipsa cumque voluptates aut ea doloremque.','Fugit voluptas velit recusandae ullam tenetur.',NULL,NULL,3,0,'Quasi minima saepe enim itaque libero.','Animi dolorum necessitatibus id.','2013-08-21 22:15:31','2013-08-21 22:15:31'),(290,'Model','Olson Inc','Practical Cotton Table','600','Et corporis veritatis quod voluptatem eum sapiente quia.','Saepe fuga quo ut quia odio nulla.',NULL,NULL,3,0,'Nesciunt et quisquam magnam numquam.','Laudantium velit voluptatum id.','2013-08-21 22:15:31','2013-08-21 22:15:31'),(291,'Model','Turner-Jast','Gorgeous Plastic Chair','601','Ullam delectus esse soluta mollitia.','Aut esse dicta ea unde.',NULL,NULL,0,0,'Asperiores optio ut consequuntur iure aut minima.','Sit adipisci et aspernatur.','2013-08-21 22:15:31','2013-08-21 22:15:31'),(292,'Model','Conn, Bahringer and Kassulke','Gorgeous Concrete Car','602','A quasi ab ut eos ut aut nam provident.','Consequatur illo omnis neque.',NULL,NULL,3,0,'Aut ipsa libero saepe nesciunt.','Voluptatem pariatur illo odio quos praesentium quod enim aut.','2013-08-21 22:15:31','2013-08-21 22:15:31'),(293,'Model','Ankunding LLC','Incredible Concrete Table','603','Voluptatibus in sed consequatur.','Totam nam distinctio enim sunt eos.',NULL,NULL,1,0,'Eum esse consequatur sint dolores accusantium nihil ipsum atque.','Nam inventore ea hic.','2013-08-21 22:15:31','2013-08-21 22:15:31'),(294,'Model','Hudson, Kuhlman and Price','Intelligent Wooden Shoes','604','Iusto voluptatem eius provident quisquam similique perferendis expedita minima.','Rerum a voluptatem quos.',NULL,NULL,2,0,'Quas nihil omnis officiis maxime iure iusto vel.','Iure minus maxime deserunt nisi et distinctio laborum voluptas.','2013-08-21 22:15:31','2013-08-21 22:15:31'),(295,'Model','Sporer, Fisher and Rowe','Ergonomic Plastic Shoes','605','Veniam tenetur et ut.','Aut et suscipit vel minima.',NULL,NULL,2,0,'Quod sint fuga et voluptatem quia ut.','Temporibus harum corporis necessitatibus porro.','2013-08-21 22:15:31','2013-08-21 22:15:31'),(296,'Model','Kuvalis and Sons','Rustic Cotton Car','606','Ab aliquam voluptas soluta iure molestiae impedit nobis.','Cupiditate voluptas doloremque tenetur odio quaerat qui.',NULL,NULL,2,0,'Est enim non quis similique blanditiis sit.','Beatae incidunt doloribus suscipit.','2013-08-21 22:15:31','2013-08-21 22:15:31'),(297,'Software','Kub-Gorczany','Small Concrete Table','607',NULL,NULL,NULL,NULL,0,0,NULL,NULL,'2013-08-21 22:15:31','2013-08-21 22:15:31'),(298,'Model','Gottlieb Group','Intelligent Concrete Car','608','Et nisi eius laboriosam error corrupti commodi optio.','Eum ea omnis officia incidunt vitae rerum.',NULL,NULL,3,0,'Veniam mollitia aut commodi ut doloribus.','Repudiandae sit doloremque qui debitis.','2013-08-21 22:15:31','2013-08-21 22:15:31'),(299,'Model','Upton and Sons','Rustic Concrete Hat','609','Ut illum eveniet modi reiciendis sed et voluptatibus quia.','Provident quia maxime fuga.',NULL,NULL,3,0,'Aperiam nobis soluta tempore ut impedit est.','Iusto sunt quo nemo.','2013-08-21 22:15:31','2013-08-21 22:15:31'),(300,'Model','Leffler Group','Awesome Steel Pants','610','Blanditiis voluptatem numquam commodi.','Libero autem deleniti non suscipit.',NULL,NULL,2,0,'Delectus veniam accusantium quae debitis sit facilis nihil.','Sint ipsa et eum aspernatur.','2013-08-21 22:15:31','2013-08-21 22:15:31'),(301,'Model','Hand-Green','Sleek Concrete Gloves','611','Accusantium veniam et placeat consequatur optio aut aut recusandae.','Consequuntur deleniti sequi dolores.',NULL,NULL,3,0,'Voluptas consequuntur quia consectetur debitis.','Quia commodi ut minima porro sed.','2013-08-21 22:15:31','2013-08-21 22:15:31');
/*!40000 ALTER TABLE `models` ENABLE KEYS */;
UNLOCK TABLES;

--
-- Table structure for table `models_compatibles`
--

DROP TABLE IF EXISTS `models_compatibles`;
/*!40101 SET @saved_cs_client     = @@character_set_client */;
/*!40101 SET character_set_client = utf8 */;
CREATE TABLE `models_compatibles` (
  `model_id` int(11) DEFAULT NULL,
  `compatible_id` int(11) DEFAULT NULL,
  KEY `index_models_compatibles_on_compatible_id` (`compatible_id`),
  KEY `index_models_compatibles_on_model_id` (`model_id`)
) ENGINE=InnoDB DEFAULT CHARSET=utf8 COLLATE=utf8_unicode_ci;
/*!40101 SET character_set_client = @saved_cs_client */;

--
-- Dumping data for table `models_compatibles`
--

LOCK TABLES `models_compatibles` WRITE;
/*!40000 ALTER TABLE `models_compatibles` DISABLE KEYS */;
INSERT INTO `models_compatibles` VALUES (148,147),(149,147),(150,147);
/*!40000 ALTER TABLE `models_compatibles` ENABLE KEYS */;
UNLOCK TABLES;

--
-- Table structure for table `notifications`
--

DROP TABLE IF EXISTS `notifications`;
/*!40101 SET @saved_cs_client     = @@character_set_client */;
/*!40101 SET character_set_client = utf8 */;
CREATE TABLE `notifications` (
  `id` int(11) NOT NULL AUTO_INCREMENT,
  `user_id` int(11) DEFAULT NULL,
  `title` varchar(255) COLLATE utf8_unicode_ci DEFAULT '',
  `created_at` datetime NOT NULL,
  PRIMARY KEY (`id`),
  KEY `index_notifications_on_user_id` (`user_id`)
) ENGINE=InnoDB DEFAULT CHARSET=utf8 COLLATE=utf8_unicode_ci;
/*!40101 SET character_set_client = @saved_cs_client */;

--
-- Dumping data for table `notifications`
--

LOCK TABLES `notifications` WRITE;
/*!40000 ALTER TABLE `notifications` DISABLE KEYS */;
/*!40000 ALTER TABLE `notifications` ENABLE KEYS */;
UNLOCK TABLES;

--
-- Table structure for table `numerators`
--

DROP TABLE IF EXISTS `numerators`;
/*!40101 SET @saved_cs_client     = @@character_set_client */;
/*!40101 SET character_set_client = utf8 */;
CREATE TABLE `numerators` (
  `id` int(11) NOT NULL AUTO_INCREMENT,
  `item` int(11) DEFAULT NULL,
  PRIMARY KEY (`id`)
) ENGINE=InnoDB DEFAULT CHARSET=utf8 COLLATE=utf8_unicode_ci;
/*!40101 SET character_set_client = @saved_cs_client */;

--
-- Dumping data for table `numerators`
--

LOCK TABLES `numerators` WRITE;
/*!40000 ALTER TABLE `numerators` DISABLE KEYS */;
/*!40000 ALTER TABLE `numerators` ENABLE KEYS */;
UNLOCK TABLES;

--
-- Table structure for table `options`
--

DROP TABLE IF EXISTS `options`;
/*!40101 SET @saved_cs_client     = @@character_set_client */;
/*!40101 SET character_set_client = utf8 */;
CREATE TABLE `options` (
  `id` int(11) NOT NULL AUTO_INCREMENT,
  `inventory_pool_id` int(11) DEFAULT NULL,
  `inventory_code` varchar(255) COLLATE utf8_unicode_ci DEFAULT NULL,
  `manufacturer` varchar(255) COLLATE utf8_unicode_ci DEFAULT NULL,
  `product` varchar(255) COLLATE utf8_unicode_ci NOT NULL,
  `version` varchar(255) COLLATE utf8_unicode_ci DEFAULT NULL,
  `price` decimal(8,2) DEFAULT NULL,
  PRIMARY KEY (`id`),
  KEY `index_options_on_inventory_pool_id` (`inventory_pool_id`)
) ENGINE=InnoDB AUTO_INCREMENT=7 DEFAULT CHARSET=utf8 COLLATE=utf8_unicode_ci;
/*!40101 SET character_set_client = @saved_cs_client */;

--
-- Dumping data for table `options`
--

LOCK TABLES `options` WRITE;
/*!40000 ALTER TABLE `options` DISABLE KEYS */;
INSERT INTO `options` VALUES (1,1,'akku-aa',NULL,'Akku AA','427','804.00'),(2,1,'akku-aaa',NULL,'Akku AAA','428','952.00'),(3,1,'usb',NULL,'USB Kabel','429','1310.00'),(4,1,'quo2415',NULL,'Fantastic Plastic Chair','523','523.00'),(5,1,'aut5969',NULL,'Small Wooden Pants','525','705.00'),(6,2,'nih10835',NULL,'Fantastic Concrete Shoes','531','277.00');
/*!40000 ALTER TABLE `options` ENABLE KEYS */;
UNLOCK TABLES;

--
-- Table structure for table `partitions`
--

DROP TABLE IF EXISTS `partitions`;
/*!40101 SET @saved_cs_client     = @@character_set_client */;
/*!40101 SET character_set_client = utf8 */;
CREATE TABLE `partitions` (
  `id` int(11) NOT NULL AUTO_INCREMENT,
  `model_id` int(11) DEFAULT NULL,
  `inventory_pool_id` int(11) DEFAULT NULL,
  `group_id` int(11) DEFAULT NULL,
  `quantity` int(11) DEFAULT NULL,
  PRIMARY KEY (`id`),
  UNIQUE KEY `index_partitions_on_model_id_and_inventory_pool_id_and_group_id` (`model_id`,`inventory_pool_id`,`group_id`)
) ENGINE=InnoDB AUTO_INCREMENT=12 DEFAULT CHARSET=utf8 COLLATE=utf8_unicode_ci;
/*!40101 SET character_set_client = @saved_cs_client */;

--
-- Dumping data for table `partitions`
--

LOCK TABLES `partitions` WRITE;
/*!40000 ALTER TABLE `partitions` DISABLE KEYS */;
INSERT INTO `partitions` VALUES (1,115,1,4,1),(2,149,1,5,1),(3,150,1,6,5),(4,148,1,1,1),(5,84,1,1,1),(6,84,1,2,1),(7,166,1,7,1),(8,174,1,7,1),(9,182,1,7,1),(10,194,1,8,1),(11,201,1,7,1);
/*!40000 ALTER TABLE `partitions` ENABLE KEYS */;
UNLOCK TABLES;

--
-- Temporary table structure for view `partitions_with_generals`
--

DROP TABLE IF EXISTS `partitions_with_generals`;
/*!50001 DROP VIEW IF EXISTS `partitions_with_generals`*/;
SET @saved_cs_client     = @@character_set_client;
SET character_set_client = utf8;
/*!50001 CREATE TABLE `partitions_with_generals` (
  `model_id` int(11),
  `inventory_pool_id` int(11),
  `group_id` int(11),
  `quantity` decimal(33,0)
) ENGINE=MyISAM */;
SET character_set_client = @saved_cs_client;

--
-- Table structure for table `properties`
--

DROP TABLE IF EXISTS `properties`;
/*!40101 SET @saved_cs_client     = @@character_set_client */;
/*!40101 SET character_set_client = utf8 */;
CREATE TABLE `properties` (
  `id` int(11) NOT NULL AUTO_INCREMENT,
  `model_id` int(11) DEFAULT NULL,
  `key` varchar(255) COLLATE utf8_unicode_ci DEFAULT NULL,
  `value` varchar(255) COLLATE utf8_unicode_ci DEFAULT NULL,
  PRIMARY KEY (`id`),
  KEY `index_properties_on_model_id` (`model_id`)
) ENGINE=InnoDB AUTO_INCREMENT=13 DEFAULT CHARSET=utf8 COLLATE=utf8_unicode_ci;
/*!40101 SET character_set_client = @saved_cs_client */;

--
-- Dumping data for table `properties`
--

LOCK TABLES `properties` WRITE;
/*!40000 ALTER TABLE `properties` DISABLE KEYS */;
INSERT INTO `properties` VALUES (1,148,'Rotorduchmesser','120'),(2,148,'Akkus','2'),(3,148,'Farbe','Rot'),(4,149,'Rotorduchmesser','120'),(5,149,'Akkus','2'),(6,149,'Farbe','Rot'),(7,149,'max. Speed','80 kmh'),(8,149,'Gyro','Ja'),(9,149,'Achsen','3-Achsen'),(10,150,'Rotorduchmesser','120'),(11,150,'Akkus','2'),(12,150,'Farbe','Rot');
/*!40000 ALTER TABLE `properties` ENABLE KEYS */;
UNLOCK TABLES;

--
-- Table structure for table `purposes`
--

DROP TABLE IF EXISTS `purposes`;
/*!40101 SET @saved_cs_client     = @@character_set_client */;
/*!40101 SET character_set_client = utf8 */;
CREATE TABLE `purposes` (
  `id` int(11) NOT NULL AUTO_INCREMENT,
  `description` text COLLATE utf8_unicode_ci,
  PRIMARY KEY (`id`)
) ENGINE=InnoDB AUTO_INCREMENT=44 DEFAULT CHARSET=utf8 COLLATE=utf8_unicode_ci;
/*!40101 SET character_set_client = @saved_cs_client */;

--
-- Dumping data for table `purposes`
--

LOCK TABLES `purposes` WRITE;
/*!40000 ALTER TABLE `purposes` DISABLE KEYS */;
INSERT INTO `purposes` VALUES (1,'---\n- Illum est tempora fuga.\n- Et corrupti deleniti aliquid quia.\n'),(2,'---\n- Tempore ipsam adipisci mollitia.\n- Asperiores recusandae similique deserunt modi neque aliquid.\n'),(3,'Ersatzstativ fr die Ausstellung.'),(4,'Ersatzstativ fr die Ausstellung.'),(5,'Ersatzstativ fr die Ausstellung.'),(6,'Ersatzstativ fr die Ausstellung.'),(7,'Ersatzstativ fr die Ausstellung.'),(8,'Ersatzstativ fr die Ausstellung.'),(9,'Ersatzstativ fr die Ausstellung.'),(10,'Ersatzstativ fr die Ausstellung.'),(11,'Ersatzstativ fr die Ausstellung.'),(12,'Ersatzstativ fr die Ausstellung.'),(13,'Ersatzstativ fr die Ausstellung.'),(14,'Ersatzstativ fr die Ausstellung.'),(15,'Ut officiis aliquid expedita.'),(16,'Voluptate quod amet ut.'),(17,'Consequatur ut numquam incidunt reiciendis qui quia illo dolorum.'),(18,'Reprehenderit hic excepturi sit eum voluptate.'),(19,'Aut dolore rerum eum voluptas.'),(20,'Aut et ratione unde repudiandae ut veniam vel aliquid.'),(21,'Bentige ich fr die Aufnahmen meiner Abschlussarbeit.'),(22,'Aut amet distinctio impedit ut et blanditiis est.'),(23,'Sit non facilis est.'),(24,'Facere omnis eius laborum voluptatum.'),(25,'Ersatzstativ fr die Ausstellung.'),(26,'Fr das zweite Austellungswochenende.'),(27,'Fr das dritte Austellungswochenende.'),(28,'Fr die Abschlussarbeit.'),(29,'Ersatzstativ fr die Ausstellung.'),(30,'Bestellung mit Software'),(31,'Um meine Abschlussarbeit zu fotografieren.'),(32,'Aspernatur omnis nam in est modi.'),(33,'Um meine Abschlussarbeit zu fotografieren.'),(34,'Um meine Abschlussarbeit zu fotografieren.'),(35,'Aperiam aut suscipit voluptas voluptatem distinctio saepe ratione architecto.'),(36,'Paketausgabe'),(37,'Fr meinen aktuellen Kurs.'),(38,'Ersatzstativ fr die Ausstellung.'),(39,'Um meine Abschlussarbeit zu fotografieren.'),(40,'Fotoshooting (Kurs Fotografie).'),(41,'Brauche ich zwingend fr meinen Kurs.'),(42,'Ganz dringend bentigt fr meine Abschlussarbeit.'),(43,'Als Ersatz.');
/*!40000 ALTER TABLE `purposes` ENABLE KEYS */;
UNLOCK TABLES;

--
-- Table structure for table `schema_migrations`
--

DROP TABLE IF EXISTS `schema_migrations`;
/*!40101 SET @saved_cs_client     = @@character_set_client */;
/*!40101 SET character_set_client = utf8 */;
CREATE TABLE `schema_migrations` (
  `version` varchar(255) COLLATE utf8_unicode_ci NOT NULL,
  UNIQUE KEY `unique_schema_migrations` (`version`)
) ENGINE=InnoDB DEFAULT CHARSET=utf8 COLLATE=utf8_unicode_ci;
/*!40101 SET character_set_client = @saved_cs_client */;

--
-- Dumping data for table `schema_migrations`
--

LOCK TABLES `schema_migrations` WRITE;
/*!40000 ALTER TABLE `schema_migrations` DISABLE KEYS */;
INSERT INTO `schema_migrations` VALUES ('20140410180000'),('20140414100000'),('20140415083535'),('20140417113831'),('20140428092844'),('20140515131025');
/*!40000 ALTER TABLE `schema_migrations` ENABLE KEYS */;
UNLOCK TABLES;

--
-- Table structure for table `settings`
--

DROP TABLE IF EXISTS `settings`;
/*!40101 SET @saved_cs_client     = @@character_set_client */;
/*!40101 SET character_set_client = utf8 */;
CREATE TABLE `settings` (
  `id` int(11) NOT NULL AUTO_INCREMENT,
  `smtp_address` varchar(255) COLLATE utf8_unicode_ci DEFAULT NULL,
  `smtp_port` int(11) DEFAULT NULL,
  `smtp_domain` varchar(255) COLLATE utf8_unicode_ci DEFAULT NULL,
  `local_currency_string` varchar(255) COLLATE utf8_unicode_ci DEFAULT NULL,
  `contract_terms` text COLLATE utf8_unicode_ci,
  `contract_lending_party_string` text COLLATE utf8_unicode_ci,
  `email_signature` varchar(255) COLLATE utf8_unicode_ci DEFAULT NULL,
  `default_email` varchar(255) COLLATE utf8_unicode_ci DEFAULT NULL,
  `deliver_order_notifications` tinyint(1) DEFAULT NULL,
  `user_image_url` varchar(255) COLLATE utf8_unicode_ci DEFAULT NULL,
  `ldap_config` varchar(255) COLLATE utf8_unicode_ci DEFAULT NULL,
  `logo_url` varchar(255) COLLATE utf8_unicode_ci DEFAULT NULL,
  `mail_delivery_method` varchar(255) COLLATE utf8_unicode_ci DEFAULT NULL,
  `smtp_username` varchar(255) COLLATE utf8_unicode_ci DEFAULT NULL,
  `smtp_password` varchar(255) COLLATE utf8_unicode_ci DEFAULT NULL,
  `smtp_enable_starttls_auto` tinyint(1) NOT NULL DEFAULT '0',
  `smtp_openssl_verify_mode` varchar(255) COLLATE utf8_unicode_ci NOT NULL DEFAULT 'none',
  `time_zone` varchar(255) COLLATE utf8_unicode_ci NOT NULL DEFAULT 'Bern',
  `disable_manage_section` tinyint(1) NOT NULL DEFAULT '0',
  `disable_manage_section_message` text COLLATE utf8_unicode_ci,
  `disable_borrow_section` tinyint(1) NOT NULL DEFAULT '0',
  `disable_borrow_section_message` text COLLATE utf8_unicode_ci,
  `text` text COLLATE utf8_unicode_ci,
  PRIMARY KEY (`id`)
) ENGINE=InnoDB AUTO_INCREMENT=2 DEFAULT CHARSET=utf8 COLLATE=utf8_unicode_ci;
/*!40101 SET character_set_client = @saved_cs_client */;

--
-- Dumping data for table `settings`
--

LOCK TABLES `settings` WRITE;
/*!40000 ALTER TABLE `settings` DISABLE KEYS */;
INSERT INTO `settings` VALUES (1,'smtp.zhdk.ch',25,'beta.ausleihe.zhdk.ch','CHF','Die Benutzerin/der Benutzer ist bei unsachgemsser Handhabung oder Verlust schadenersatzpflichtig. Sie/Er verpflichtet sich, das Material sorgfltig zu behandeln und gereinigt zu retournieren. Bei mangelbehafteter oder verspteter Rckgabe kann eine Ausleihsperre (bis zu 6 Monaten) verhngt werden. Das geliehene Material bleibt jederzeit uneingeschrnktes Eigentum der Zrcher Hochschule der Knste und darf ausschliesslich fr schulische Zwecke eingesetzt werden. Mit ihrer/seiner Unterschrift akzeptiert die Benutzerin/der Benutzer diese Bedingungen sowie die \'Richtlinie zur Ausleihe von Sachen\' der ZHdK und etwaige abteilungsspezifische Ausleih-Richtlinien.','Your\nAddress\nHere','Das PZ-leihs Team','sender@example.com',0,'http://www.zhdk.ch/?person/foto&width=100&compressionlevel=0&id={:id}',NULL,'/assets/image-logo-zhdk.png','test',NULL,NULL,0,'none','Bern',0,NULL,0,NULL,NULL);
/*!40000 ALTER TABLE `settings` ENABLE KEYS */;
UNLOCK TABLES;

--
-- Table structure for table `suppliers`
--

DROP TABLE IF EXISTS `suppliers`;
/*!40101 SET @saved_cs_client     = @@character_set_client */;
/*!40101 SET character_set_client = utf8 */;
CREATE TABLE `suppliers` (
  `id` int(11) NOT NULL AUTO_INCREMENT,
  `name` varchar(255) COLLATE utf8_unicode_ci DEFAULT NULL,
  `created_at` datetime DEFAULT NULL,
  `updated_at` datetime DEFAULT NULL,
  PRIMARY KEY (`id`)
) ENGINE=InnoDB AUTO_INCREMENT=267 DEFAULT CHARSET=utf8 COLLATE=utf8_unicode_ci;
/*!40101 SET character_set_client = @saved_cs_client */;

--
-- Dumping data for table `suppliers`
--

LOCK TABLES `suppliers` WRITE;
/*!40000 ALTER TABLE `suppliers` DISABLE KEYS */;
INSERT INTO `suppliers` VALUES (1,'dictamagniex','2013-08-21 22:15:31','2013-08-21 22:15:31'),(2,'consequaturatvoluptatem','2013-08-21 22:15:31','2013-08-21 22:15:31'),(3,'essesuntvitae','2013-08-21 22:15:31','2013-08-21 22:15:31'),(4,'teneturetoccaecati','2013-08-21 22:15:31','2013-08-21 22:15:31'),(5,'iureeiusiste','2013-08-21 22:15:31','2013-08-21 22:15:31'),(6,'quaerataperiamdolor','2013-08-21 22:15:31','2013-08-21 22:15:31'),(7,'quaedoloribusipsa','2013-08-21 22:15:31','2013-08-21 22:15:31'),(8,'quiadeseruntsunt','2013-08-21 22:15:31','2013-08-21 22:15:31'),(9,'quosfugaquia','2013-08-21 22:15:31','2013-08-21 22:15:31'),(10,'facilisaccusantiumiste','2013-08-21 22:15:31','2013-08-21 22:15:31'),(11,'esseaccusamusnon','2013-08-21 22:15:31','2013-08-21 22:15:31'),(12,'minusquiaoptio','2013-08-21 22:15:31','2013-08-21 22:15:31'),(13,'quivoluptasexcepturi','2013-08-21 22:15:31','2013-08-21 22:15:31'),(14,'asperioressintautem','2013-08-21 22:15:31','2013-08-21 22:15:31'),(15,'autquiacommodi','2013-08-21 22:15:31','2013-08-21 22:15:31'),(16,'quaeratuttempora','2013-08-21 22:15:31','2013-08-21 22:15:31'),(17,'quiaestexpedita','2013-08-21 22:15:31','2013-08-21 22:15:31'),(18,'eosadipisciomnis','2013-08-21 22:15:31','2013-08-21 22:15:31'),(19,'laboreeumet','2013-08-21 22:15:31','2013-08-21 22:15:31'),(20,'atqueundequam','2013-08-21 22:15:31','2013-08-21 22:15:31'),(21,'etsequieos','2013-08-21 22:15:31','2013-08-21 22:15:31'),(22,'eaquoddolores','2013-08-21 22:15:31','2013-08-21 22:15:31'),(23,'atteneturaut','2013-08-21 22:15:31','2013-08-21 22:15:31'),(24,'quiasedet','2013-08-21 22:15:31','2013-08-21 22:15:31'),(25,'itaqueetasperiores','2013-08-21 22:15:31','2013-08-21 22:15:31'),(26,'consequaturquianon','2013-08-21 22:15:31','2013-08-21 22:15:31'),(27,'esseliberoipsam','2013-08-21 22:15:31','2013-08-21 22:15:31'),(28,'utipsamut','2013-08-21 22:15:31','2013-08-21 22:15:31'),(29,'repudiandaenamaut','2013-08-21 22:15:31','2013-08-21 22:15:31'),(30,'eligendivoluptatesut','2013-08-21 22:15:31','2013-08-21 22:15:31'),(31,'veroreprehenderitoptio','2013-08-21 22:15:31','2013-08-21 22:15:31'),(32,'itaqueetesse','2013-08-21 22:15:31','2013-08-21 22:15:31'),(33,'modiremipsa','2013-08-21 22:15:31','2013-08-21 22:15:31'),(34,'ducimusodionecessitatibus','2013-08-21 22:15:31','2013-08-21 22:15:31'),(35,'explicaboutnam','2013-08-21 22:15:31','2013-08-21 22:15:31'),(36,'etdignissimosveritatis','2013-08-21 22:15:31','2013-08-21 22:15:31'),(37,'minimainsunt','2013-08-21 22:15:31','2013-08-21 22:15:31'),(38,'autemautsint','2013-08-21 22:15:31','2013-08-21 22:15:31'),(39,'doloribusdignissimosipsa','2013-08-21 22:15:31','2013-08-21 22:15:31'),(40,'exetperspiciatis','2013-08-21 22:15:31','2013-08-21 22:15:31'),(41,'voluptatemsequiexcepturi','2013-08-21 22:15:31','2013-08-21 22:15:31'),(42,'iustoquiexcepturi','2013-08-21 22:15:31','2013-08-21 22:15:31'),(43,'itaqueconsequaturmodi','2013-08-21 22:15:31','2013-08-21 22:15:31'),(44,'oditconsequaturet','2013-08-21 22:15:31','2013-08-21 22:15:31'),(45,'recusandaemaximebeatae','2013-08-21 22:15:31','2013-08-21 22:15:31'),(46,'praesentiumutdolor','2013-08-21 22:15:31','2013-08-21 22:15:31'),(47,'istepariaturmaiores','2013-08-21 22:15:31','2013-08-21 22:15:31'),(48,'minimatemporeitaque','2013-08-21 22:15:31','2013-08-21 22:15:31'),(49,'corporisvoluptatemquam','2013-08-21 22:15:31','2013-08-21 22:15:31'),(50,'nonquidemet','2013-08-21 22:15:31','2013-08-21 22:15:31'),(51,'eaofficiiset','2013-08-21 22:15:31','2013-08-21 22:15:31'),(52,'magnamexercitationemet','2013-08-21 22:15:31','2013-08-21 22:15:31'),(53,'utdistinctiout','2013-08-21 22:15:31','2013-08-21 22:15:31'),(54,'quinesciuntexplicabo','2013-08-21 22:15:31','2013-08-21 22:15:31'),(55,'adipiscirerumsint','2013-08-21 22:15:31','2013-08-21 22:15:31'),(56,'undetemporibusconsequatur','2013-08-21 22:15:31','2013-08-21 22:15:31'),(57,'autaperiamoptio','2013-08-21 22:15:31','2013-08-21 22:15:31'),(58,'beataedoloresinventore','2013-08-21 22:15:31','2013-08-21 22:15:31'),(59,'easunteum','2013-08-21 22:15:31','2013-08-21 22:15:31'),(60,'etautveniam','2013-08-21 22:15:31','2013-08-21 22:15:31'),(61,'sedetut','2013-08-21 22:15:31','2013-08-21 22:15:31'),(62,'corporisestvero','2013-08-21 22:15:31','2013-08-21 22:15:31'),(63,'suscipitvelitatque','2013-08-21 22:15:31','2013-08-21 22:15:31'),(64,'quasivelitconsequatur','2013-08-21 22:15:31','2013-08-21 22:15:31'),(65,'recusandaedoloremperferendis','2013-08-21 22:15:31','2013-08-21 22:15:31'),(66,'laudantiumteneturenim','2013-08-21 22:15:31','2013-08-21 22:15:31'),(67,'aliquamautlaborum','2013-08-21 22:15:31','2013-08-21 22:15:31'),(68,'optioeiuscupiditate','2013-08-21 22:15:31','2013-08-21 22:15:31'),(69,'consequaturdoloremquefacilis','2013-08-21 22:15:31','2013-08-21 22:15:31'),(70,'voluptatumaccusamusnon','2013-08-21 22:15:31','2013-08-21 22:15:31'),(71,'modidoloremeaque','2013-08-21 22:15:31','2013-08-21 22:15:31'),(72,'sedilloexercitationem','2013-08-21 22:15:31','2013-08-21 22:15:31'),(73,'cumqueexcepturiaccusantium','2013-08-21 22:15:31','2013-08-21 22:15:31'),(74,'utsedrerum','2013-08-21 22:15:31','2013-08-21 22:15:31'),(75,'omnisevenietvoluptatem','2013-08-21 22:15:31','2013-08-21 22:15:31'),(76,'quosutsuscipit','2013-08-21 22:15:31','2013-08-21 22:15:31'),(77,'quivoluptasvel','2013-08-21 22:15:31','2013-08-21 22:15:31'),(78,'corporisenimlaboriosam','2013-08-21 22:15:31','2013-08-21 22:15:31'),(79,'modiinullam','2013-08-21 22:15:31','2013-08-21 22:15:31'),(80,'voluptasconsequaturfugit','2013-08-21 22:15:31','2013-08-21 22:15:31'),(81,'voluptasnobisodit','2013-08-21 22:15:31','2013-08-21 22:15:31'),(82,'perferendisatquesint','2013-08-21 22:15:31','2013-08-21 22:15:31'),(83,'enimsednobis','2013-08-21 22:15:31','2013-08-21 22:15:31'),(84,'namnesciuntmagnam','2013-08-21 22:15:31','2013-08-21 22:15:31'),(85,'voluptatemnequequia','2013-08-21 22:15:31','2013-08-21 22:15:31'),(86,'velquivelit','2013-08-21 22:15:31','2013-08-21 22:15:31'),(87,'teneturutnon','2013-08-21 22:15:31','2013-08-21 22:15:31'),(88,'voluptatesestet','2013-08-21 22:15:31','2013-08-21 22:15:31'),(89,'nihileosquidem','2013-08-21 22:15:31','2013-08-21 22:15:31'),(90,'eiussedmaiores','2013-08-21 22:15:31','2013-08-21 22:15:31'),(91,'quioccaecatiaccusantium','2013-08-21 22:15:31','2013-08-21 22:15:31'),(92,'quidolorumratione','2013-08-21 22:15:31','2013-08-21 22:15:31'),(93,'eaesseminus','2013-08-21 22:15:31','2013-08-21 22:15:31'),(94,'quiquiatque','2013-08-21 22:15:31','2013-08-21 22:15:31'),(95,'nonperspiciatismolestias','2013-08-21 22:15:31','2013-08-21 22:15:31'),(96,'utimpeditadipisci','2013-08-21 22:15:31','2013-08-21 22:15:31'),(97,'fugiteligendisit','2013-08-21 22:15:31','2013-08-21 22:15:31'),(98,'aliasoptioiure','2013-08-21 22:15:31','2013-08-21 22:15:31'),(99,'quodenimipsum','2013-08-21 22:15:31','2013-08-21 22:15:31'),(100,'magnamaspernaturfacere','2013-08-21 22:15:31','2013-08-21 22:15:31'),(101,'voluptatibusvoluptatesaccusantium','2013-08-21 22:15:31','2013-08-21 22:15:31'),(102,'enimexplicabosuscipit','2013-08-21 22:15:31','2013-08-21 22:15:31'),(103,'etestillo','2013-08-21 22:15:31','2013-08-21 22:15:31'),(104,'maioresiustoet','2013-08-21 22:15:31','2013-08-21 22:15:31'),(105,'pariaturvoluptatemquibusdam','2013-08-21 22:15:31','2013-08-21 22:15:31'),(106,'optioetamet','2013-08-21 22:15:31','2013-08-21 22:15:31'),(107,'voluptatibusquasiut','2013-08-21 22:15:31','2013-08-21 22:15:31'),(108,'doloreidvoluptatem','2013-08-21 22:15:31','2013-08-21 22:15:31'),(109,'estatqueprovident','2013-08-21 22:15:31','2013-08-21 22:15:31'),(110,'corporislaudantiumet','2013-08-21 22:15:31','2013-08-21 22:15:31'),(111,'autfacereenim','2013-08-21 22:15:31','2013-08-21 22:15:31'),(112,'corruptiautratione','2013-08-21 22:15:31','2013-08-21 22:15:31'),(113,'velitsequiquia','2013-08-21 22:15:31','2013-08-21 22:15:31'),(114,'quaeratdolorumest','2013-08-21 22:15:31','2013-08-21 22:15:31'),(115,'quaeratmagniquo','2013-08-21 22:15:31','2013-08-21 22:15:31'),(116,'vitaedoloribusinventore','2013-08-21 22:15:31','2013-08-21 22:15:31'),(117,'perspiciatispossimusdelectus','2013-08-21 22:15:31','2013-08-21 22:15:31'),(118,'fugitquamrerum','2013-08-21 22:15:31','2013-08-21 22:15:31'),(119,'autvoluptatumquia','2013-08-21 22:15:31','2013-08-21 22:15:31'),(120,'veniamlaborequi','2013-08-21 22:15:31','2013-08-21 22:15:31'),(121,'etlaboriosamut','2013-08-21 22:15:31','2013-08-21 22:15:31'),(122,'explicabonequeanimi','2013-08-21 22:15:31','2013-08-21 22:15:31'),(123,'delectusdolorenesciunt','2013-08-21 22:15:31','2013-08-21 22:15:31'),(124,'etdoloresmagni','2013-08-21 22:15:31','2013-08-21 22:15:31'),(125,'teneturcorporisipsam','2013-08-21 22:15:31','2013-08-21 22:15:31'),(126,'quiarepudiandaedoloribus','2013-08-21 22:15:31','2013-08-21 22:15:31'),(127,'reiciendisprovidentvoluptatem','2013-08-21 22:15:31','2013-08-21 22:15:31'),(128,'earumsednihil','2013-08-21 22:15:31','2013-08-21 22:15:31'),(129,'eiusutquidem','2013-08-21 22:15:31','2013-08-21 22:15:31'),(130,'numquametdolorum','2013-08-21 22:15:31','2013-08-21 22:15:31'),(131,'consequaturaccusamuscorporis','2013-08-21 22:15:31','2013-08-21 22:15:31'),(132,'solutaisteab','2013-08-21 22:15:31','2013-08-21 22:15:31'),(133,'expeditaistelaudantium','2013-08-21 22:15:31','2013-08-21 22:15:31'),(134,'estculpaet','2013-08-21 22:15:31','2013-08-21 22:15:31'),(135,'perferendisaccusantiumdeserunt','2013-08-21 22:15:31','2013-08-21 22:15:31'),(136,'quiquiadolorem','2013-08-21 22:15:31','2013-08-21 22:15:31'),(137,'exercitationemetquasi','2013-08-21 22:15:31','2013-08-21 22:15:31'),(138,'modietatque','2013-08-21 22:15:31','2013-08-21 22:15:31'),(139,'nonminusbeatae','2013-08-21 22:15:31','2013-08-21 22:15:31'),(140,'etquoid','2013-08-21 22:15:31','2013-08-21 22:15:31'),(141,'remsuscipitdolorum','2013-08-21 22:15:31','2013-08-21 22:15:31'),(142,'earepellatex','2013-08-21 22:15:31','2013-08-21 22:15:31'),(143,'omnisatvelit','2013-08-21 22:15:31','2013-08-21 22:15:31'),(144,'nullaautemet','2013-08-21 22:15:31','2013-08-21 22:15:31'),(145,'sitametmaxime','2013-08-21 22:15:31','2013-08-21 22:15:31'),(146,'quimolestiaequia','2013-08-21 22:15:31','2013-08-21 22:15:31'),(147,'quiasapientefugiat','2013-08-21 22:15:31','2013-08-21 22:15:31'),(148,'excepturiquiconsequatur','2013-08-21 22:15:31','2013-08-21 22:15:31'),(149,'doloressedquae','2013-08-21 22:15:31','2013-08-21 22:15:31'),(150,'accusantiumquaedelectus','2013-08-21 22:15:31','2013-08-21 22:15:31'),(151,'inciduntvoluptasexpedita','2013-08-16 09:23:33','2013-08-16 09:23:33'),(152,'iureenimquod','2013-08-16 09:23:33','2013-08-16 09:23:33'),(153,'doloremconsecteturdolor','2013-08-16 09:23:33','2013-08-16 09:23:33'),(154,'doloremqueblanditiiset','2013-08-16 09:23:33','2013-08-16 09:23:33'),(155,'estverorecusandae','2013-08-16 09:23:33','2013-08-16 09:23:33'),(156,'itaqueliberoet','2013-08-16 09:23:33','2013-08-16 09:23:33'),(157,'dignissimosullamfugit','2013-08-16 09:23:33','2013-08-16 09:23:33'),(158,'vitaeinad','2013-08-16 09:23:33','2013-08-16 09:23:33'),(159,'facilisquoofficiis','2013-08-16 09:23:33','2013-08-16 09:23:33'),(160,'estutaut','2013-08-16 09:23:33','2013-08-16 09:23:33'),(161,'necessitatibusillotempora','2013-08-16 09:23:33','2013-08-16 09:23:33'),(162,'veloditut','2013-08-16 09:23:33','2013-08-16 09:23:33'),(163,'remomnisnumquam','2013-08-16 09:23:33','2013-08-16 09:23:33'),(164,'placeatetconsectetur','2013-08-16 09:23:33','2013-08-16 09:23:33'),(165,'omnisvoluptatemrecusandae','2013-08-16 09:23:33','2013-08-16 09:23:33'),(166,'illumexplicaboqui','2013-08-16 09:23:33','2013-08-16 09:23:33'),(167,'enimetqui','2013-08-16 09:23:33','2013-08-16 09:23:33'),(168,'enimnihiliste','2013-08-16 09:23:33','2013-08-16 09:23:33'),(169,'isteautvoluptatem','2013-08-16 09:23:33','2013-08-16 09:23:33'),(170,'voluptatibusmolestiaeconsequatur','2013-08-16 09:23:33','2013-08-16 09:23:33'),(171,'animirepudiandaequisquam','2013-08-20 23:29:35','2013-08-20 23:29:35'),(172,'animidolorquibusdam','2013-08-20 23:29:35','2013-08-20 23:29:35'),(173,'doloremautemaut','2013-08-20 23:29:35','2013-08-20 23:29:35'),(174,'quonobisipsa','2013-08-20 23:29:35','2013-08-20 23:29:35'),(175,'vitaedignissimossit','2013-08-20 23:29:35','2013-08-20 23:29:35'),(176,'utinciduntcommodi','2013-08-15 16:20:43','2013-08-15 16:20:43'),(177,'accusantiumetipsam','2013-08-15 16:20:43','2013-08-15 16:20:43'),(178,'voluptatevelquidem','2013-08-15 16:20:44','2013-08-15 16:20:44'),(179,'fugaquiconsectetur','2013-08-15 16:20:44','2013-08-15 16:20:44'),(180,'liberovoluptatemperferendis','2013-08-15 16:20:44','2013-08-15 16:20:44'),(181,'minusautlaborum','2013-08-15 16:20:44','2013-08-15 16:20:44'),(182,'nobisestfacilis','2013-08-21 22:15:31','2013-08-21 22:15:31'),(183,'providentrepellatbeatae','2013-08-21 22:15:31','2013-08-21 22:15:31'),(184,'insuntanimi','2013-08-21 22:15:31','2013-08-21 22:15:31'),(185,'aidfugiat','2013-08-21 22:15:31','2013-08-21 22:15:31'),(186,'sequisimiliqueanimi','2013-08-21 22:15:31','2013-08-21 22:15:31'),(187,'quisquiaquaerat','2013-08-21 22:15:31','2013-08-21 22:15:31'),(188,'estautfuga','2013-08-21 22:15:31','2013-08-21 22:15:31'),(189,'laboriosamvoluptatumodit','2013-08-21 22:15:31','2013-08-21 22:15:31'),(190,'undedelectusearum','2013-08-21 22:15:31','2013-08-21 22:15:31'),(191,'utpraesentiumet','2013-08-21 22:15:31','2013-08-21 22:15:31'),(192,'exvoluptasvel','2013-08-21 22:15:31','2013-08-21 22:15:31'),(193,'autemfugiatsaepe','2013-08-21 22:15:31','2013-08-21 22:15:31'),(194,'accusamusquisdolorem','2013-08-21 22:15:31','2013-08-21 22:15:31'),(195,'assumendaeumitaque','2013-08-21 22:15:31','2013-08-21 22:15:31'),(196,'velnemofacere','2013-08-21 22:15:31','2013-08-21 22:15:31'),(197,'omnisrationeinventore','2013-08-21 22:15:31','2013-08-21 22:15:31'),(198,'sitmagnamperspiciatis','2013-08-21 22:15:31','2013-08-21 22:15:31'),(199,'laboriosamiureeum','2013-08-21 22:15:31','2013-08-21 22:15:31'),(200,'velvelitquos','2013-08-17 00:00:00','2013-08-17 00:00:00'),(201,'solutavoluptatevoluptas','2013-08-17 00:00:00','2013-08-17 00:00:00'),(202,'adipisciatqueodit','2013-08-17 00:00:00','2013-08-17 00:00:00'),(203,'velitmolestiaemagnam','2013-08-21 22:15:31','2013-08-21 22:15:31'),(204,'fugaquisquamaspernatur','2013-08-21 22:15:31','2013-08-21 22:15:31'),(205,'nemoconsequunturassumenda','2013-08-21 22:15:31','2013-08-21 22:15:31'),(206,'rerumlaborumomnis','2013-08-21 22:15:31','2013-08-21 22:15:31'),(207,'quodeseruntet','2013-08-21 22:15:31','2013-08-21 22:15:31'),(208,'etautneque','2013-08-21 22:15:31','2013-08-21 22:15:31'),(209,'aofficiisullam','2013-08-21 22:15:31','2013-08-21 22:15:31'),(210,'temporibusnonaut','2013-08-21 22:15:31','2013-08-21 22:15:31'),(211,'veniamblanditiisquidem','2013-08-21 22:15:31','2013-08-21 22:15:31'),(212,'quisquamatqueamet','2013-08-21 22:15:31','2013-08-21 22:15:31'),(213,'etipsaatque','2013-08-21 22:15:31','2013-08-21 22:15:31'),(214,'estrepellatlabore','2013-08-21 22:15:31','2013-08-21 22:15:31'),(215,'quiaquaesequi','2013-08-21 22:15:31','2013-08-21 22:15:31'),(216,'omnisdebitisquia','2013-08-21 22:15:31','2013-08-21 22:15:31'),(217,'temporibusquibusdamquae','2013-08-21 22:15:31','2013-08-21 22:15:31'),(218,'utrecusandaevoluptas','2013-08-17 00:00:00','2013-08-17 00:00:00'),(219,'similiqueperferendisomnis','2013-08-17 00:00:00','2013-08-17 00:00:00'),(220,'reprehenderitquifacilis','2013-08-17 00:00:00','2013-08-17 00:00:00'),(221,'harummagnireprehenderit','2013-08-21 22:15:31','2013-08-21 22:15:31'),(222,'adnihildelectus','2013-08-21 22:15:31','2013-08-21 22:15:31'),(223,'exercitationemdolorefuga','2013-08-21 22:15:31','2013-08-21 22:15:31'),(224,'voluptatumdoloremvoluptatem','2013-08-21 22:15:31','2013-08-21 22:15:31'),(225,'molestiaeabbeatae','2013-08-21 22:15:31','2013-08-21 22:15:31'),(226,'etetdeserunt','2013-08-21 22:15:31','2013-08-21 22:15:31'),(227,'eosnonsint','2013-08-21 22:15:31','2013-08-21 22:15:31'),(228,'quasiestqui','2013-08-21 22:15:31','2013-08-21 22:15:31'),(229,'laboreautdeserunt','2013-08-21 22:15:31','2013-08-21 22:15:31'),(230,'quaequibusdamut','2013-08-21 22:15:31','2013-08-21 22:15:31'),(231,'oditcorporisexplicabo','2013-08-21 22:15:31','2013-08-21 22:15:31'),(232,'eaquiquo','2013-08-21 22:15:31','2013-08-21 22:15:31'),(233,'velofficiaharum','2013-08-21 22:15:31','2013-08-21 22:15:31'),(234,'enimrepellendusodit','2013-08-21 22:15:31','2013-08-21 22:15:31'),(235,'aducimusharum','2013-08-21 22:15:31','2013-08-21 22:15:31'),(236,'voluptatemidrepellat','2013-08-21 22:15:31','2013-08-21 22:15:31'),(237,'enimnobissint','2013-08-21 22:15:31','2013-08-21 22:15:31'),(238,'dignissimosaperiamet','2013-08-21 22:15:31','2013-08-21 22:15:31'),(239,'deseruntfacereincidunt','2013-08-21 22:15:31','2013-08-21 22:15:31'),(240,'seddoloraut','2013-08-21 22:15:31','2013-08-21 22:15:31'),(241,'aliquamdebitisnihil','2013-08-21 22:15:31','2013-08-21 22:15:31'),(242,'sedveloptio','2013-08-21 22:15:31','2013-08-21 22:15:31'),(243,'quasiearumat','2013-08-21 22:15:31','2013-08-21 22:15:31'),(244,'consequaturquisincidunt','2013-08-21 22:15:31','2013-08-21 22:15:31'),(245,'autemquisodio','2013-08-21 22:15:31','2013-08-21 22:15:31'),(246,'autnecessitatibusmolestiae','2013-08-21 22:15:31','2013-08-21 22:15:31'),(247,'quaeratdoloresipsa','2013-08-21 22:15:31','2013-08-21 22:15:31'),(248,'utassumendaquas','2013-08-21 22:15:31','2013-08-21 22:15:31'),(249,'verovoluptatemaut','2013-08-21 22:15:31','2013-08-21 22:15:31'),(250,'enimquisaspernatur','2013-08-21 22:15:31','2013-08-21 22:15:31'),(251,'placeatetdolorem','2013-08-21 22:15:31','2013-08-21 22:15:31'),(252,'atqueplaceatprovident','2013-08-21 22:15:31','2013-08-21 22:15:31'),(253,'vitaeeligendiexpedita','2013-08-21 22:15:31','2013-08-21 22:15:31'),(254,'nesciuntnatusvoluptates','2013-08-21 22:15:31','2013-08-21 22:15:31'),(255,'magninihilenim','2013-08-21 22:15:31','2013-08-21 22:15:31'),(256,'eumanatus','2013-08-21 22:15:31','2013-08-21 22:15:31'),(257,'numquamveniamautem','2013-08-21 22:15:31','2013-08-21 22:15:31'),(258,'veniamautaliquam','2013-08-21 22:15:31','2013-08-21 22:15:31'),(259,'autlaboreeligendi','2013-08-21 22:15:31','2013-08-21 22:15:31'),(260,'saepeinventoreaut','2013-08-21 22:15:31','2013-08-21 22:15:31'),(261,'vitaeporroqui','2013-08-21 22:15:31','2013-08-21 22:15:31'),(262,'ututquaerat','2013-08-21 22:15:31','2013-08-21 22:15:31'),(263,'doloribusofficiaquia','2013-08-21 22:15:31','2013-08-21 22:15:31'),(264,'doloremnondistinctio','2013-08-21 22:15:31','2013-08-21 22:15:31'),(265,'doloresdebitiseligendi','2013-08-21 22:15:31','2013-08-21 22:15:31'),(266,'optioverodolore','2013-08-21 22:15:31','2013-08-21 22:15:31');
/*!40000 ALTER TABLE `suppliers` ENABLE KEYS */;
UNLOCK TABLES;

--
-- Table structure for table `users`
--

DROP TABLE IF EXISTS `users`;
/*!40101 SET @saved_cs_client     = @@character_set_client */;
/*!40101 SET character_set_client = utf8 */;
CREATE TABLE `users` (
  `id` int(11) NOT NULL AUTO_INCREMENT,
  `login` varchar(255) COLLATE utf8_unicode_ci DEFAULT NULL,
  `firstname` varchar(255) COLLATE utf8_unicode_ci DEFAULT NULL,
  `lastname` varchar(255) COLLATE utf8_unicode_ci DEFAULT NULL,
  `phone` varchar(255) COLLATE utf8_unicode_ci DEFAULT NULL,
  `authentication_system_id` int(11) DEFAULT '1',
  `unique_id` varchar(255) COLLATE utf8_unicode_ci DEFAULT NULL,
  `email` varchar(255) COLLATE utf8_unicode_ci DEFAULT NULL,
  `badge_id` varchar(255) COLLATE utf8_unicode_ci DEFAULT NULL,
  `address` varchar(255) COLLATE utf8_unicode_ci DEFAULT NULL,
  `city` varchar(255) COLLATE utf8_unicode_ci DEFAULT NULL,
  `zip` varchar(255) COLLATE utf8_unicode_ci DEFAULT NULL,
  `country` varchar(255) COLLATE utf8_unicode_ci DEFAULT NULL,
  `language_id` int(11) DEFAULT NULL,
  `extended_info` text COLLATE utf8_unicode_ci,
  `settings` varchar(1024) COLLATE utf8_unicode_ci DEFAULT NULL,
  `created_at` datetime DEFAULT NULL,
  `updated_at` datetime DEFAULT NULL,
  `delegator_user_id` int(11) DEFAULT NULL,
  PRIMARY KEY (`id`),
  KEY `index_users_on_authentication_system_id` (`authentication_system_id`)
) ENGINE=InnoDB AUTO_INCREMENT=35 DEFAULT CHARSET=utf8 COLLATE=utf8_unicode_ci;
/*!40101 SET character_set_client = @saved_cs_client */;

--
-- Dumping data for table `users`
--

LOCK TABLES `users` WRITE;
/*!40000 ALTER TABLE `users` DISABLE KEYS */;
INSERT INTO `users` VALUES (1,'ramon','Ramon','C.','0169773941',1,'cgvi2l65tayujkf180','ramon@zhdk.ch','l52098tiiz73vee39m','951 Gutkowski Throughway','Port Jeffborough','G-WN8 7AJ','Greenland',2,NULL,'--- !ruby/hash:ActiveSupport::HashWithIndifferentAccess {}\n','2013-08-21 22:15:31','2013-08-21 22:15:31',NULL),(2,'ted_witting_4056','Jeffrey','Stroman','0500339123',1,'syk1tuzi4a7ag61nsi','marcellus@quitzongaylord.co.uk','o2ecbv1ua5gm7q1bno','501 Electa Freeway','Lake Vedatown','C-N4X 6GL','China',1,NULL,'--- !ruby/hash:ActiveSupport::HashWithIndifferentAccess {}\n','2013-08-21 22:15:31','2013-08-21 22:15:31',NULL),(3,'lauriane.kilback_7853','Yoshiko','Heidenreich','08002990266',1,'9vi3z8lxg1gxvkakfz','nia@hyatt.name','xgwrtqo66aoo942xwg','18081 Marcelino Ridges','Gleasonton','S-Y7H 3BL','Singapore',1,NULL,'--- !ruby/hash:ActiveSupport::HashWithIndifferentAccess {}\n','2013-08-21 22:15:31','2013-08-21 22:15:31',NULL),(4,'elsa_9134','Abagail','Feest','05522821852',1,'28bfgm37kxfv80vc1o','forrest.veum@hackett.biz','dsi3i1ho4em06jd1ur','656 Turcotte Spur','Rolfsonhaven','L-JN1X 7WB','Libyan Arab Jamahiriya',1,NULL,'--- !ruby/hash:ActiveSupport::HashWithIndifferentAccess {}\n','2013-08-21 22:15:31','2013-08-21 22:15:31',NULL),(5,'salvador_8666','Christy','Barton','0500969292',1,'80cv9a9vqntzl5718v','mohammed_kub@gibson.co.uk','8w2lsfzraifas0c6el','54894 Jast Brook','South Kendalltown','E-B9H 7UL','El Salvador',1,NULL,'--- !ruby/hash:ActiveSupport::HashWithIndifferentAccess {}\n','2013-08-21 22:15:31','2013-08-21 22:15:31',NULL),(6,'veda_gaylord_5813','Vivien','Schultz','0169773025',1,'rh4nlhsdj72bdp97b4','felton@bode.info','a647qk3smtnk8x5hof','718 Weber Falls','Hageneshaven','V-G1N 0BZ','Venezuela',1,NULL,'--- !ruby/hash:ActiveSupport::HashWithIndifferentAccess {}\n','2013-08-21 22:15:31','2013-08-21 22:15:31',NULL),(7,'antonietta_mclaughlin_7144','Giles','Schultz','0800427067',1,'9r4rqeud1frwhm196h','teresa.shields@lynch.name','we25f3yzi53hv3wik1','9929 MacGyver Springs','Phoebeside','H-ZT5R 6TL','Honduras',1,NULL,'--- !ruby/hash:ActiveSupport::HashWithIndifferentAccess {}\n','2013-08-21 22:15:31','2013-08-21 22:15:31',NULL),(8,'matti','Matti','S.','01932423593',1,'cd6dm7ok8479wp9lb1','matti@zhdk.ch','ofx6935djjgosgoali','29631 Fadel Bypass','West Revaport','S-L49 8BB','Saint Kitts and Nevis',2,NULL,'--- !ruby/hash:ActiveSupport::HashWithIndifferentAccess {}\n','2013-08-21 22:15:31','2013-08-21 22:15:31',NULL),(9,'mike','Mike','H.','01616500483',1,'3nyu2y6njqq9fp0tib','mike@zhdk.ch','s1sea5qhwhxzxer8fl','51584 Eladio Points','Bodehaven','B-ZW9 4BS','Bolivia',2,NULL,'--- !ruby/hash:ActiveSupport::HashWithIndifferentAccess {}\n','2013-08-21 22:15:31','2013-08-21 22:15:31',NULL),(10,'andi','Andi','Champlin','0144605077',1,'fpef0vgvxy3vaw3zw5','andi@zhdk.ch','5kl5up92tchpsvdswz','435 Collier Avenue','West Heber','T-ZX5W 3RA','Turkmenistan',2,NULL,'--- !ruby/hash:ActiveSupport::HashWithIndifferentAccess {}\n','2013-08-21 22:15:31','2013-08-21 22:15:31',NULL),(11,'breanne_dicki_1538','Alexandrine','Hills','01779007514',1,'c7ar5go29jdajgype8','kody.deckow@schultzorn.name','dub7v67ndhjvmrvcmg','259 Bradtke Heights','West Bria','G-YY3 9AG','Guinea-Bissau',2,NULL,'--- !ruby/hash:ActiveSupport::HashWithIndifferentAccess {}\n','2013-08-21 22:15:31','2013-08-21 22:15:31',NULL),(12,'ian_6025','Dominique','Bauch','03975513350',1,'7ir8z6jf80yqfyvnil','toy_medhurst@bins.co.uk','d00ed8zzzprbpwem5y','6449 Mayert Track','Bauchchester','T-PH0 8AJ','Togo',1,NULL,'--- !ruby/hash:ActiveSupport::HashWithIndifferentAccess {}\n','2013-08-21 22:15:31','2013-08-21 22:15:31',NULL),(13,'toy_5294','Matilda','Ebert','01211716515',1,'hs3uxyq1gjfbblslcm','elena@gerhold.info','8ijgbmotrw56nwsy0v','70646 Klein Branch','Nicklausborough','N-R0 6DF','New Caledonia',1,NULL,'--- !ruby/hash:ActiveSupport::HashWithIndifferentAccess {}\n','2013-08-21 22:15:31','2013-08-21 22:15:31',NULL),(14,'tracy_6927','Manley','Schowalter','05648152021',1,'b5xysa33mdqvm5bx5g','valerie.ondricka@larsonbergstrom.info','rd6ugwyb790p2fusfm','42521 Kareem Radial','South Petra','D-UF7 2AT','Denmark',1,NULL,'--- !ruby/hash:ActiveSupport::HashWithIndifferentAccess {}\n','2013-08-21 22:15:31','2013-08-21 22:15:31',NULL),(15,'buford_5382','Marion','Veum','05528413618',1,'wcldjfobap9b94k74i','jerald@krajcikweimann.com','czxqzv4p12jpu900qi','2309 Janae Alley','Kertzmannhaven','L-Y0Y 6DE','Lithuania',1,NULL,'--- !ruby/hash:ActiveSupport::HashWithIndifferentAccess {}\n','2013-08-21 22:15:31','2013-08-21 22:15:31',NULL),(16,'makayla_hudson_7564','Olaf','Towne','0169774902',1,'taubq1tnorqlxk9gf1','gage@boyle.com','hh3rm4iiv4zwqgc7ht','484 Mertz Ford','Idellview','M-Y8 7TQ','Macedonia',1,NULL,'--- !ruby/hash:ActiveSupport::HashWithIndifferentAccess {}\n','2013-08-21 22:15:31','2013-08-21 22:15:31',NULL),(17,'gino','Gino','F.','08853991868',1,'ghdh61q73fc2qkeevf','gino@zhdk.ch','5qdxx03qlcpuomohs4','61152 Pablo Flats','Delmerview','K-SU8M 7LE','Kyrgyz Republic',2,NULL,'--- !ruby/hash:ActiveSupport::HashWithIndifferentAccess {}\n','2013-08-21 22:15:31','2013-08-21 22:15:31',NULL),(18,'pius','Pius','Sawayn','02483659292',1,'lbst5dbufwtd5rob11','pius@zhdk.ch','qapeycgkbp44jcjon4','9086 Casper Courts','Jailynmouth','C-WV0 1WL','China',2,NULL,'--- !ruby/hash:ActiveSupport::HashWithIndifferentAccess {}\n','2013-08-21 22:15:31','2013-08-21 22:15:31',NULL),(19,'peter','Peter','Silie','02946009252',1,'b8a1q1qvdv2uvai536','peter@silie.com','wjlcyys0zbq0ezoop5','555 Ratke Track','East Jerodton','M-YS3 2GQ','Marshall Islands',2,NULL,'--- !ruby/hash:ActiveSupport::HashWithIndifferentAccess {}\n','2013-08-21 22:15:31','2013-08-21 22:15:31',NULL),(20,'vernon.bins_878','Ezra','Stehr','0500518545',1,'sjwuewug01ezigbzz3','justine@orn.co.uk','m5z81pfwt71pd9qwes','1232 Jo Village','Hirthebury','H-Y5 3EA','Haiti',1,NULL,'--- !ruby/hash:ActiveSupport::HashWithIndifferentAccess {}\n','2013-08-21 22:15:31','2013-08-21 22:15:31',NULL),(21,'earl_1964','Timmothy','Ratke','09161504035',1,'54214tck7mw4d8frii','duane@murphytowne.info','qmc7kj0szfyyc01nbv','254 Allan Islands','Bentown','G-L31 9SL','Ghana',1,NULL,'--- !ruby/hash:ActiveSupport::HashWithIndifferentAccess {}\n','2013-08-21 22:15:31','2013-08-21 22:15:31',NULL),(22,'clinton.champlin_7370','Ola','Torp','03963103781',1,'3ahq10z8r7cywkex2j','ruthie@gottliebbernier.biz','yw855u1d1zrmoi7jo8','5400 Mae Isle','Port Dedrick','Y-DD5 5AF','Yemen',1,NULL,'--- !ruby/hash:ActiveSupport::HashWithIndifferentAccess {}\n','2013-08-21 22:15:31','2013-08-21 22:15:31',NULL),(23,'tyreek.kozey_945','Una','Torp','08008707853',1,'kqvqn9v28eq33j8ly2','kelsi.champlin@waelchi.com','dk5wuxjxedu9zuyqkf','961 Rosetta Expressway','South Van','S-Z0V 6AA','Saint Lucia',1,NULL,'--- !ruby/hash:ActiveSupport::HashWithIndifferentAccess {}\n','2013-08-21 22:15:31','2013-08-21 22:15:31',NULL),(24,'ernestina_funk_8453','Marge','O\'Conner','0800573093',1,'52al0alycphli7i2fz','ally.moriette@abernathy.co.uk','q7c9ayk7i6lukqzvik','50335 Hazle Locks','New Woodrowport','C-Y7 6WB','Cayman Islands',1,NULL,'--- !ruby/hash:ActiveSupport::HashWithIndifferentAccess {}\n','2013-08-17 00:00:00','2013-08-17 00:00:00',NULL),(25,'luciano_4782','Rubie','Sawayn','0169779594',1,'t16wv2y5zfg47m680h','brandy@ankunding.com','99ggvpfqr3b22pqt9n','1138 Llewellyn Manors','Smithamchester','M-UV5M 7TS','Malaysia',1,NULL,'--- !ruby/hash:ActiveSupport::HashWithIndifferentAccess {}\n','2013-08-17 00:00:00','2013-08-17 00:00:00',NULL),(26,'mina','Mina','Donnelly','0169773648',1,'2inhgncsdfzdc7n2sn','mina@zhdk.ch','ovocr1if6yeetdot1r','6768 Klocko Cliff','South Zakarybury','P-RK4H 3WT','Peru',1,NULL,'--- !ruby/hash:ActiveSupport::HashWithIndifferentAccess {}\n','2013-08-21 22:15:31','2013-08-21 22:15:31',NULL),(27,'julie','Julie','Altenwerth','01519186831',1,'ke4hp3pv2vzv59ulvj','julie@zhdk.ch','0zf42tqipf0edixd6l','598 Eino Plains','Evafort','D-R4 7HB','Dominican Republic',1,NULL,'--- !ruby/hash:ActiveSupport::HashWithIndifferentAccess {}\n','2013-08-21 22:15:31','2013-08-21 22:15:31',NULL),(28,NULL,'Quasi fugiat earum exercitationem commodi dolores enim quisquam fugit.',NULL,NULL,NULL,NULL,NULL,NULL,NULL,NULL,NULL,NULL,1,NULL,'--- !ruby/hash:ActiveSupport::HashWithIndifferentAccess {}\n','2013-08-21 22:15:31','2013-08-21 22:15:31',27),(29,NULL,'Distinctio nemo provident ab libero tempore sint qui voluptatum.',NULL,NULL,NULL,NULL,NULL,NULL,NULL,NULL,NULL,NULL,1,NULL,'--- !ruby/hash:ActiveSupport::HashWithIndifferentAccess {}\n','2013-08-21 22:15:31','2013-08-21 22:15:31',26),(30,NULL,'Aut odio neque dolor aperiam praesentium tempora odit.',NULL,NULL,NULL,NULL,NULL,NULL,NULL,NULL,NULL,NULL,1,NULL,'--- !ruby/hash:ActiveSupport::HashWithIndifferentAccess {}\n','2013-08-21 22:15:31','2013-08-21 22:15:31',26),(31,NULL,'Inventore expedita consectetur vitae est eum corrupti.',NULL,NULL,NULL,NULL,NULL,NULL,NULL,NULL,NULL,NULL,1,NULL,'--- !ruby/hash:ActiveSupport::HashWithIndifferentAccess {}\n','2013-08-21 22:15:31','2013-08-21 22:15:31',26),(32,'normin','Normin','N.','08005862313',1,'0lped4gxp5ihj4xwtz','normin@zhdk.ch','202zf561v0penr66p3','639 Tiffany Rapids','Kayleyshire','S-I1X 2HZ','Somalia',2,NULL,'--- !ruby/hash:ActiveSupport::HashWithIndifferentAccess {}\n','2013-08-21 22:15:31','2013-08-21 22:15:31',NULL),(33,'petra','Petra','K.','05520247279',1,'w4bzn7225xtq7i3lyy','petra@zhdk.ch','hscwpnjj6hp7p4yhy3','985 Oceane Mill, ','Pacochaberg','S-YU4 4JJ','Saint Kitts and Nevis',2,NULL,'--- !ruby/hash:ActiveSupport::HashWithIndifferentAccess {}\n','2013-08-21 22:15:31','2013-08-21 22:15:31',NULL),(34,'lisa','Lisa','L.','0500523292',1,'9yg5nnszoqd8uvqwjr','lisa@zhdk.ch','xwl4hdq9eb4oao9lzp','776 Jabari Trafficway','Gleichnerfort','T-N4B 1AH','Tajikistan',2,NULL,'--- !ruby/hash:ActiveSupport::HashWithIndifferentAccess {}\n','2013-08-21 22:15:31','2013-08-21 22:15:31',NULL);
/*!40000 ALTER TABLE `users` ENABLE KEYS */;
UNLOCK TABLES;

--
-- Temporary table structure for view `visit_lines`
--

DROP TABLE IF EXISTS `visit_lines`;
/*!50001 DROP VIEW IF EXISTS `visit_lines`*/;
SET @saved_cs_client     = @@character_set_client;
SET character_set_client = utf8;
/*!50001 CREATE TABLE `visit_lines` (
  `visit_id` varchar(86),
  `inventory_pool_id` int(11),
  `user_id` int(11),
  `delegated_user_id` int(11),
  `status` enum('unsubmitted','submitted','rejected','approved','signed','closed'),
  `action` varchar(9),
  `date` date,
  `quantity` int(11),
  `contract_line_id` int(11)
) ENGINE=MyISAM */;
SET character_set_client = @saved_cs_client;

--
-- Temporary table structure for view `visits`
--

DROP TABLE IF EXISTS `visits`;
/*!50001 DROP VIEW IF EXISTS `visits`*/;
SET @saved_cs_client     = @@character_set_client;
SET character_set_client = utf8;
/*!50001 CREATE TABLE `visits` (
  `id` varchar(86),
  `inventory_pool_id` int(11),
  `user_id` int(11),
  `status` enum('unsubmitted','submitted','rejected','approved','signed','closed'),
  `action` varchar(9),
  `date` date,
  `quantity` decimal(32,0)
) ENGINE=MyISAM */;
SET character_set_client = @saved_cs_client;

--
-- Table structure for table `workdays`
--

DROP TABLE IF EXISTS `workdays`;
/*!40101 SET @saved_cs_client     = @@character_set_client */;
/*!40101 SET character_set_client = utf8 */;
CREATE TABLE `workdays` (
  `id` int(11) NOT NULL AUTO_INCREMENT,
  `inventory_pool_id` int(11) DEFAULT NULL,
  `monday` tinyint(1) DEFAULT '1',
  `tuesday` tinyint(1) DEFAULT '1',
  `wednesday` tinyint(1) DEFAULT '1',
  `thursday` tinyint(1) DEFAULT '1',
  `friday` tinyint(1) DEFAULT '1',
  `saturday` tinyint(1) DEFAULT '0',
  `sunday` tinyint(1) DEFAULT '0',
  PRIMARY KEY (`id`),
  KEY `index_workdays_on_inventory_pool_id` (`inventory_pool_id`)
) ENGINE=InnoDB AUTO_INCREMENT=16 DEFAULT CHARSET=utf8 COLLATE=utf8_unicode_ci;
/*!40101 SET character_set_client = @saved_cs_client */;

--
-- Dumping data for table `workdays`
--

LOCK TABLES `workdays` WRITE;
/*!40000 ALTER TABLE `workdays` DISABLE KEYS */;
INSERT INTO `workdays` VALUES (1,1,1,1,1,1,1,0,0),(2,2,1,1,1,1,1,0,0),(3,3,1,1,1,1,1,0,0),(4,4,1,1,1,1,1,0,0),(5,5,1,1,1,1,1,0,0),(6,6,1,1,1,1,1,0,0),(7,7,1,1,1,1,1,0,0),(8,8,1,1,1,1,1,0,0),(9,9,1,1,1,1,1,0,0),(10,10,1,1,1,1,1,0,0),(11,11,1,1,1,1,1,0,0),(12,12,1,1,1,1,1,0,0),(13,13,1,1,1,1,1,0,0),(14,14,1,1,1,1,1,0,0),(15,15,1,1,1,1,1,0,0);
/*!40000 ALTER TABLE `workdays` ENABLE KEYS */;
UNLOCK TABLES;

--
-- Final view structure for view `partitions_with_generals`
--

/*!50001 DROP TABLE IF EXISTS `partitions_with_generals`*/;
/*!50001 DROP VIEW IF EXISTS `partitions_with_generals`*/;
/*!50001 SET @saved_cs_client          = @@character_set_client */;
/*!50001 SET @saved_cs_results         = @@character_set_results */;
/*!50001 SET @saved_col_connection     = @@collation_connection */;
/*!50001 SET character_set_client      = utf8 */;
/*!50001 SET character_set_results     = utf8 */;
/*!50001 SET collation_connection      = utf8_general_ci */;
/*!50001 CREATE ALGORITHM=UNDEFINED */
/*!50001 VIEW `partitions_with_generals` AS select `partitions`.`model_id` AS `model_id`,`partitions`.`inventory_pool_id` AS `inventory_pool_id`,`partitions`.`group_id` AS `group_id`,`partitions`.`quantity` AS `quantity` from `partitions` union select `i`.`model_id` AS `model_id`,`i`.`inventory_pool_id` AS `inventory_pool_id`,NULL AS `group_id`,(count(`i`.`id`) - ifnull((select sum(`p`.`quantity`) from `partitions` `p` where ((`p`.`model_id` = `i`.`model_id`) and (`p`.`inventory_pool_id` = `i`.`inventory_pool_id`)) group by `p`.`inventory_pool_id`,`p`.`model_id`),0)) AS `quantity` from `items` `i` where (isnull(`i`.`retired`) and (`i`.`is_borrowable` = 1) and isnull(`i`.`parent_id`)) group by `i`.`inventory_pool_id`,`i`.`model_id` */;
/*!50001 SET character_set_client      = @saved_cs_client */;
/*!50001 SET character_set_results     = @saved_cs_results */;
/*!50001 SET collation_connection      = @saved_col_connection */;

--
-- Final view structure for view `visit_lines`
--

/*!50001 DROP TABLE IF EXISTS `visit_lines`*/;
/*!50001 DROP VIEW IF EXISTS `visit_lines`*/;
/*!50001 SET @saved_cs_client          = @@character_set_client */;
/*!50001 SET @saved_cs_results         = @@character_set_results */;
/*!50001 SET @saved_col_connection     = @@collation_connection */;
/*!50001 SET character_set_client      = utf8 */;
/*!50001 SET character_set_results     = utf8 */;
/*!50001 SET collation_connection      = utf8_general_ci */;
/*!50001 CREATE ALGORITHM=UNDEFINED */
/*!50001 VIEW `visit_lines` AS select hex(concat(if((`c`.`status` = 'approved'),`cl`.`start_date`,`cl`.`end_date`),`c`.`inventory_pool_id`,`c`.`user_id`,`c`.`status`)) AS `visit_id`,`c`.`inventory_pool_id` AS `inventory_pool_id`,`c`.`user_id` AS `user_id`,`c`.`delegated_user_id` AS `delegated_user_id`,`c`.`status` AS `status`,if((`c`.`status` = 'approved'),'hand_over','take_back') AS `action`,if((`c`.`status` = 'approved'),`cl`.`start_date`,`cl`.`end_date`) AS `date`,`cl`.`quantity` AS `quantity`,`cl`.`id` AS `contract_line_id` from (`contract_lines` `cl` join `contracts` `c` on((`cl`.`contract_id` = `c`.`id`))) where ((`c`.`status` in ('approved','signed')) and isnull(`cl`.`returned_date`)) order by if((`c`.`status` = 'approved'),`cl`.`start_date`,`cl`.`end_date`) */;
/*!50001 SET character_set_client      = @saved_cs_client */;
/*!50001 SET character_set_results     = @saved_cs_results */;
/*!50001 SET collation_connection      = @saved_col_connection */;

--
-- Final view structure for view `visits`
--

/*!50001 DROP TABLE IF EXISTS `visits`*/;
/*!50001 DROP VIEW IF EXISTS `visits`*/;
/*!50001 SET @saved_cs_client          = @@character_set_client */;
/*!50001 SET @saved_cs_results         = @@character_set_results */;
/*!50001 SET @saved_col_connection     = @@collation_connection */;
/*!50001 SET character_set_client      = utf8 */;
/*!50001 SET character_set_results     = utf8 */;
/*!50001 SET collation_connection      = utf8_general_ci */;
/*!50001 CREATE ALGORITHM=UNDEFINED */
/*!50001 VIEW `visits` AS select hex(concat(`visit_lines`.`date`,`visit_lines`.`inventory_pool_id`,`visit_lines`.`user_id`,`visit_lines`.`status`)) AS `id`,`visit_lines`.`inventory_pool_id` AS `inventory_pool_id`,`visit_lines`.`user_id` AS `user_id`,`visit_lines`.`status` AS `status`,`visit_lines`.`action` AS `action`,`visit_lines`.`date` AS `date`,sum(`visit_lines`.`quantity`) AS `quantity` from `visit_lines` group by `visit_lines`.`user_id`,`visit_lines`.`status`,`visit_lines`.`date`,`visit_lines`.`inventory_pool_id` */;
/*!50001 SET character_set_client      = @saved_cs_client */;
/*!50001 SET character_set_results     = @saved_cs_results */;
/*!50001 SET collation_connection      = @saved_col_connection */;
/*!40103 SET TIME_ZONE=@OLD_TIME_ZONE */;

/*!40101 SET SQL_MODE=@OLD_SQL_MODE */;
/*!40014 SET FOREIGN_KEY_CHECKS=@OLD_FOREIGN_KEY_CHECKS */;
/*!40014 SET UNIQUE_CHECKS=@OLD_UNIQUE_CHECKS */;
/*!40101 SET CHARACTER_SET_CLIENT=@OLD_CHARACTER_SET_CLIENT */;
/*!40101 SET CHARACTER_SET_RESULTS=@OLD_CHARACTER_SET_RESULTS */;
/*!40101 SET COLLATION_CONNECTION=@OLD_COLLATION_CONNECTION */;
/*!40111 SET SQL_NOTES=@OLD_SQL_NOTES */;

-- Dump completed on 2014-08-05 16:50:54
COMMIT;
