SET autocommit=0; SET unique_checks=0; SET foreign_key_checks=0;
-- MySQL dump 10.13  Distrib 5.1.48, for apple-darwin10.3.0 (i386)
--
-- Host: localhost    Database: leihs2_test
-- ------------------------------------------------------
-- Server version	5.1.48

/*!40101 SET @OLD_CHARACTER_SET_CLIENT=@@CHARACTER_SET_CLIENT */;
/*!40101 SET @OLD_CHARACTER_SET_RESULTS=@@CHARACTER_SET_RESULTS */;
/*!40101 SET @OLD_COLLATION_CONNECTION=@@COLLATION_CONNECTION */;
/*!40101 SET NAMES utf8 */;
/*!40103 SET @OLD_TIME_ZONE=@@TIME_ZONE */;
/*!40103 SET TIME_ZONE='+00:00' */;
/*!40014 SET @OLD_UNIQUE_CHECKS=@@UNIQUE_CHECKS, UNIQUE_CHECKS=0 */;
/*!40014 SET @OLD_FOREIGN_KEY_CHECKS=@@FOREIGN_KEY_CHECKS, FOREIGN_KEY_CHECKS=0 */;
/*!40101 SET @OLD_SQL_MODE=@@SQL_MODE, SQL_MODE='NO_AUTO_VALUE_ON_ZERO' */;
/*!40111 SET @OLD_SQL_NOTES=@@SQL_NOTES, SQL_NOTES=0 */;

--
-- Table structure for table `access_rights`
--

DROP TABLE IF EXISTS `access_rights`;
/*!40101 SET @saved_cs_client     = @@character_set_client */;
/*!40101 SET character_set_client = utf8 */;
CREATE TABLE `access_rights` (
  `id` int(11) NOT NULL AUTO_INCREMENT,
  `user_id` int(11) DEFAULT NULL,
  `inventory_pool_id` int(11) DEFAULT NULL,
  `suspended_until` date DEFAULT NULL,
  `suspended_reason` text COLLATE utf8_unicode_ci,
  `deleted_at` date DEFAULT NULL,
  `created_at` datetime DEFAULT NULL,
  `updated_at` datetime DEFAULT NULL,
  `role` enum('customer','group_manager','lending_manager','inventory_manager','admin') COLLATE utf8_unicode_ci NOT NULL,
  PRIMARY KEY (`id`),
  KEY `index_access_rights_on_suspended_until` (`suspended_until`),
  KEY `index_access_rights_on_deleted_at` (`deleted_at`),
  KEY `index_access_rights_on_inventory_pool_id` (`inventory_pool_id`),
  KEY `index_access_rights_on_role` (`role`),
  KEY `index_on_user_id_and_inventory_pool_id_and_deleted_at` (`user_id`,`inventory_pool_id`,`deleted_at`)
) ENGINE=InnoDB AUTO_INCREMENT=41 DEFAULT CHARSET=utf8 COLLATE=utf8_unicode_ci;
/*!40101 SET character_set_client = @saved_cs_client */;

--
-- Dumping data for table `access_rights`
--

LOCK TABLES `access_rights` WRITE;
/*!40000 ALTER TABLE `access_rights` DISABLE KEYS */;
INSERT INTO `access_rights` VALUES (1,1,NULL,NULL,NULL,NULL,'2016-08-15 01:10:42','2016-08-15 01:10:42','admin'),(2,3,3,NULL,NULL,NULL,'2016-08-15 01:10:42','2016-08-15 01:10:42','customer'),(3,4,1,NULL,NULL,NULL,'2016-08-15 01:10:42','2016-08-15 01:10:42','lending_manager'),(4,5,5,NULL,NULL,NULL,'2016-08-15 01:10:42','2016-08-15 01:10:42','customer'),(5,6,10,NULL,NULL,NULL,'2016-08-15 01:10:42','2016-08-15 01:10:42','customer'),(6,7,1,NULL,NULL,'2016-08-15','2016-08-15 01:10:42','2016-08-15 01:10:42','customer'),(7,1,1,NULL,NULL,NULL,'2016-08-15 01:10:42','2016-08-15 01:10:42','customer'),(8,8,2,NULL,NULL,NULL,'2016-08-15 01:10:42','2016-08-15 01:10:42','inventory_manager'),(9,9,1,NULL,NULL,NULL,'2016-08-15 01:10:42','2016-08-15 01:10:42','inventory_manager'),(10,9,11,NULL,NULL,NULL,'2016-08-15 01:10:42','2016-08-15 01:10:42','inventory_manager'),(11,10,1,NULL,NULL,NULL,'2016-08-15 01:10:42','2016-08-15 01:10:42','group_manager'),(12,10,2,NULL,NULL,NULL,'2016-08-15 01:10:42','2016-08-15 01:10:42','group_manager'),(13,10,3,NULL,NULL,NULL,'2016-08-15 01:10:42','2016-08-15 01:10:42','group_manager'),(14,11,1,NULL,NULL,NULL,'2016-08-15 01:10:42','2016-08-15 01:10:42','group_manager'),(15,12,1,NULL,NULL,NULL,'2016-08-15 01:10:42','2016-08-15 01:10:42','customer'),(16,13,1,'2016-08-15','suspreason',NULL,'2016-08-15 01:10:42','2016-08-15 01:10:42','customer'),(17,14,1,NULL,NULL,NULL,'2016-08-15 01:10:42','2016-08-15 01:10:42','customer'),(18,15,1,NULL,NULL,NULL,'2016-08-15 01:10:42','2016-08-15 01:10:42','customer'),(19,16,1,NULL,NULL,NULL,'2016-08-15 01:10:42','2016-08-15 01:10:42','customer'),(20,17,NULL,NULL,NULL,NULL,'2016-08-15 01:10:42','2016-08-15 01:10:42','admin'),(21,18,1,NULL,NULL,NULL,'2016-08-15 01:10:42','2016-08-15 01:10:42','lending_manager'),(22,18,2,NULL,NULL,NULL,'2016-08-15 01:10:42','2016-08-15 01:10:42','lending_manager'),(23,19,1,NULL,NULL,NULL,'2016-08-15 01:10:42','2016-08-15 01:10:42','customer'),(24,20,1,NULL,NULL,NULL,'2016-08-15 01:10:42','2016-08-15 01:10:42','customer'),(25,21,1,NULL,NULL,NULL,'2016-08-15 01:10:42','2016-08-15 01:10:42','customer'),(26,22,1,NULL,NULL,NULL,'2016-08-15 01:10:42','2016-08-15 01:10:42','customer'),(27,23,1,NULL,NULL,NULL,'2016-08-15 01:10:42','2016-08-15 01:10:42','customer'),(28,24,2,'2016-08-11','Aspernatur sunt saepe id soluta cumque eos.',NULL,'2016-08-10 00:00:00','2016-08-10 00:00:00','customer'),(29,26,1,NULL,NULL,NULL,'2016-08-15 01:10:42','2016-08-15 01:10:42','customer'),(30,27,1,NULL,NULL,NULL,'2016-08-15 01:10:42','2016-08-15 01:10:42','customer'),(31,28,1,NULL,NULL,NULL,'2016-08-15 01:10:42','2016-08-15 01:10:42','customer'),(32,29,1,NULL,NULL,NULL,'2016-08-15 01:10:42','2016-08-15 01:10:42','customer'),(33,31,1,NULL,NULL,NULL,'2016-08-15 01:10:42','2016-08-15 01:10:42','customer'),(34,31,12,NULL,NULL,NULL,'2016-08-15 01:10:42','2016-08-15 01:10:42','customer'),(35,32,1,NULL,NULL,NULL,'2016-08-15 01:10:42','2016-08-15 01:10:42','customer'),(36,32,2,NULL,NULL,NULL,'2016-08-15 01:10:42','2016-08-15 01:10:42','customer'),(37,32,3,NULL,NULL,NULL,'2016-08-15 01:10:42','2016-08-15 01:10:42','customer'),(38,32,12,NULL,NULL,'2016-08-14','2016-08-15 01:10:42','2016-08-15 01:10:42','customer'),(39,33,1,NULL,NULL,NULL,'2016-08-15 01:10:42','2016-08-15 01:10:42','customer'),(40,34,1,NULL,NULL,NULL,'2016-08-15 01:10:42','2016-08-15 01:10:42','customer');
/*!40000 ALTER TABLE `access_rights` ENABLE KEYS */;
UNLOCK TABLES;

--
-- Table structure for table `accessories`
--

DROP TABLE IF EXISTS `accessories`;
/*!40101 SET @saved_cs_client     = @@character_set_client */;
/*!40101 SET character_set_client = utf8 */;
CREATE TABLE `accessories` (
  `id` int(11) NOT NULL AUTO_INCREMENT,
  `model_id` int(11) DEFAULT NULL,
  `name` varchar(255) COLLATE utf8_unicode_ci DEFAULT NULL,
  `quantity` int(11) DEFAULT NULL,
  PRIMARY KEY (`id`),
  KEY `index_accessories_on_model_id` (`model_id`)
) ENGINE=InnoDB AUTO_INCREMENT=455 DEFAULT CHARSET=utf8 COLLATE=utf8_unicode_ci;
/*!40101 SET character_set_client = @saved_cs_client */;

--
-- Dumping data for table `accessories`
--

LOCK TABLES `accessories` WRITE;
/*!40000 ALTER TABLE `accessories` DISABLE KEYS */;
INSERT INTO `accessories` VALUES (1,1,'Keon Ankunding',NULL),(2,1,'Delia Leuschke',NULL),(3,1,'Maverick Stiedemann',NULL),(4,1,'Dayana Barrows',NULL),(5,1,'Bella Kunze',NULL),(6,2,'Drew Kris DVM',NULL),(7,2,'Christ D\'Amore',NULL),(8,2,'Manley Feil',NULL),(9,3,'Stan Howe',NULL),(10,3,'Monique Hahn Sr.',NULL),(11,3,'Immanuel Jacobson Sr.',NULL),(12,3,'Bennie Harvey',NULL),(13,4,'Mathew Halvorson',NULL),(14,5,'Hassie Johnston',NULL),(15,5,'Darrell Ziemann',NULL),(16,5,'Jennifer Runte',NULL),(17,5,'Sylvia Dare',NULL),(18,5,'Lydia Hudson',NULL),(19,6,'Concepcion Jacobi II',NULL),(20,6,'Estell Jacobson DVM',NULL),(21,6,'Justyn Monahan',NULL),(22,7,'Elsa Moen',NULL),(23,7,'Miss Stella Johns',NULL),(24,7,'Esperanza Crona',NULL),(25,8,'Salvador Gorczany',NULL),(26,9,'Lynn Conn',NULL),(27,10,'Mozell Cole',NULL),(28,10,'Mitchell Kilback',NULL),(29,10,'Freeda Rogahn',NULL),(30,10,'Zachariah Mante',NULL),(31,11,'Delfina O\'Keefe',NULL),(32,11,'Keon Mohr I',NULL),(33,11,'Jacinthe Lesch',NULL),(34,11,'Nikita Kerluke',NULL),(35,11,'Unique Boehm DDS',NULL),(36,12,'Fiona Ward',NULL),(37,13,'Jazmyn Kris',NULL),(38,13,'Giuseppe Grimes',NULL),(39,13,'Kassandra Schoen',NULL),(40,13,'Deja Kassulke',NULL),(41,14,'Antone Koch',NULL),(42,14,'Rey Keeling',NULL),(43,14,'Mason Mueller',NULL),(44,14,'Reina Barton',NULL),(45,14,'Mrs. Larry Gerhold',NULL),(46,15,'Garrick Koss',NULL),(47,15,'Chloe Ullrich IV',NULL),(48,15,'Edgardo Pfannerstill',NULL),(49,15,'Citlalli Crist',NULL),(50,16,'Rhiannon Lakin',NULL),(51,16,'Rico Hyatt II',NULL),(52,16,'Elinor Upton',NULL),(53,16,'Buford Kerluke',NULL),(54,17,'River Bins',NULL),(55,17,'Dr. Lazaro Nader',NULL),(56,18,'Dr. Sallie Pollich',NULL),(57,18,'Brionna Hessel',NULL),(58,18,'Yasmin McGlynn',NULL),(59,18,'Aylin Hansen V',NULL),(60,18,'Lily Jacobs',NULL),(61,19,'Maryam Dare',NULL),(62,19,'Andreane Hilpert',NULL),(63,19,'Shanny Ullrich',NULL),(64,19,'Ardella Borer',NULL),(65,20,'Bethel Eichmann',NULL),(66,20,'Miss Carlie Cruickshank',NULL),(67,20,'Selena Jacobson',NULL),(68,20,'Marcelo Deckow',NULL),(69,20,'Ahmad Rau',NULL),(70,21,'Ava Haley',NULL),(71,21,'Lionel Cremin',NULL),(72,21,'Jane Bartell Jr.',NULL),(73,21,'Dejah Crist II',NULL),(74,22,'Kathryn Hintz',NULL),(75,22,'Laverna Goodwin Sr.',NULL),(76,22,'Clint Wolf',NULL),(77,22,'Jed Weber',NULL),(78,23,'Mrs. Hellen Armstrong',NULL),(79,23,'Emmie Nader',NULL),(80,23,'Ludie Schulist',NULL),(81,23,'Aliza Sporer Sr.',NULL),(82,23,'Rubye Mertz',NULL),(83,24,'Bill Dicki',NULL),(84,25,'Mrs. Clifton Keeling',NULL),(85,25,'Karelle Glover',NULL),(86,25,'Wyman Bailey',NULL),(87,25,'Dr. Aleen Hessel',NULL),(88,26,'Kari Farrell',NULL),(89,26,'Joseph Tromp',NULL),(90,26,'Nyah Veum',NULL),(91,26,'Thaddeus Bradtke',NULL),(92,27,'Geovanni Kshlerin',NULL),(93,27,'Jay Jacobs',NULL),(94,28,'Cameron Thiel DVM',NULL),(95,28,'Alexis Johns',NULL),(96,29,'Miss Wallace Schmeler',NULL),(97,29,'Ian Hoppe',NULL),(98,29,'Wayne Runte',NULL),(99,29,'Juanita Hayes I',NULL),(100,29,'Gina Ledner',NULL),(101,30,'Alexander Weber',NULL),(102,30,'Davonte Boehm PhD',NULL),(103,30,'Jerrold Boyer Sr.',NULL),(104,31,'Blanche Labadie',NULL),(105,31,'Bette Simonis',NULL),(106,31,'Ms. Janice Turner',NULL),(107,31,'Jada Willms',NULL),(108,31,'Agnes Greenfelder',NULL),(109,32,'Graham Hoppe',NULL),(110,32,'Deontae Tillman',NULL),(111,32,'Sean Schaden',NULL),(112,33,'Lenora Fisher',NULL),(113,33,'Ms. Nestor Yundt',NULL),(114,34,'Jakob Mayer',NULL),(115,35,'Howell Mayer',NULL),(116,35,'Fern Kovacek',NULL),(117,35,'Rachael Becker IV',NULL),(118,35,'Collin Huels',NULL),(119,35,'Laney Lubowitz',NULL),(120,36,'Mrs. Vernon Schneider',NULL),(121,36,'Savanna Schoen',NULL),(122,37,'America Casper V',NULL),(123,37,'Ines Mraz',NULL),(124,37,'Miss Devante Durgan',NULL),(125,37,'Kyra Heathcote',NULL),(126,37,'Dr. Maggie Boyle',NULL),(127,38,'Daryl Hudson',NULL),(128,38,'Cassandre Armstrong',NULL),(129,38,'Cynthia Botsford',NULL),(130,38,'Mona Reilly I',NULL),(131,39,'Guy Vandervort',NULL),(132,40,'Lance Corwin',NULL),(133,40,'Ervin Brakus',NULL),(134,40,'Elsie Kerluke',NULL),(135,40,'Herman Fahey Sr.',NULL),(136,41,'Godfrey Abshire',NULL),(137,41,'Jolie Streich',NULL),(138,41,'Rozella Lang',NULL),(139,42,'Jasper Schuppe',NULL),(140,42,'Ali Mayert',NULL),(141,42,'Eriberto Ryan',NULL),(142,43,'Rosalinda Moore',NULL),(143,43,'Granville Rowe',NULL),(144,43,'Kurt Bergnaum',NULL),(145,43,'Sandra Rowe',NULL),(146,43,'Mr. Isaias Frami',NULL),(147,44,'Hilton Corwin MD',NULL),(148,44,'Deondre Deckow V',NULL),(149,45,'Ezra Corkery',NULL),(150,45,'Dangelo Ruecker',NULL),(151,45,'Lillian Cummerata DVM',NULL),(152,46,'Willis Morissette',NULL),(153,46,'Consuelo Armstrong',NULL),(154,46,'Brendon Cruickshank I',NULL),(155,47,'Luciano O\'Kon',NULL),(156,47,'Miss Estelle Upton',NULL),(157,47,'Ward Kris',NULL),(158,48,'Elliott Pfeffer',NULL),(159,48,'Layla Homenick V',NULL),(160,48,'Ms. Adolfo Price',NULL),(161,48,'Emil Anderson',NULL),(162,48,'Mr. Herta Bradtke',NULL),(163,49,'Dock Hickle',NULL),(164,50,'Dr. Daniela Rosenbaum',NULL),(165,50,'Marianne Schowalter DVM',NULL),(166,50,'Kaelyn O\'Connell',NULL),(167,50,'Miss Kailyn Durgan',NULL),(168,51,'Clare Schaefer',NULL),(169,51,'Esteban Beahan',NULL),(170,52,'Desmond Barrows DDS',NULL),(171,52,'Amie Bayer',NULL),(172,53,'Fatima Emmerich',NULL),(173,53,'Oswald Howe',NULL),(174,53,'Constance Feil',NULL),(175,54,'Gilbert Zieme',NULL),(176,54,'Concepcion Schuppe Sr.',NULL),(177,55,'Esta Hirthe III',NULL),(178,55,'Jazmyn Runolfsdottir',NULL),(179,55,'Toby Roob',NULL),(180,56,'Marty Simonis',NULL),(181,56,'Stacey Swift',NULL),(182,56,'Jaycee Green',NULL),(183,56,'Wellington Herzog',NULL),(184,56,'Isobel Parisian',NULL),(185,57,'Mrs. Vicky Bayer',NULL),(186,57,'Verda Rath II',NULL),(187,58,'Mr. America Lesch',NULL),(188,58,'Mrs. Odessa Morar',NULL),(189,59,'Edwina Zieme',NULL),(190,59,'Kaylah Johns III',NULL),(191,59,'Alexandria Gaylord',NULL),(192,59,'Lura Heller II',NULL),(193,59,'Miss Mckenna West',NULL),(194,60,'Ezekiel Labadie',NULL),(195,61,'Loyce Carroll',NULL),(196,61,'Dana Kohler',NULL),(197,62,'Mrs. Jarrod Bode',NULL),(198,62,'Paris Bogisich',NULL),(199,62,'Hailie Dickinson V',NULL),(200,63,'Junius Lehner',NULL),(201,64,'Austen Bogan',NULL),(202,64,'Dr. Wyatt Dickinson',NULL),(203,64,'Ms. Amari Robel',NULL),(204,65,'Louie Schowalter',NULL),(205,66,'Tyreek Kling',NULL),(206,66,'Miss Freeda O\'Reilly',NULL),(207,66,'Irma Gleichner',NULL),(208,67,'Mrs. Lester Rohan',NULL),(209,67,'Adrain Wilderman I',NULL),(210,67,'Vivian Hagenes MD',NULL),(211,68,'Alexys Pouros',NULL),(212,68,'Callie Wolf',NULL),(213,69,'Abdiel Herzog',NULL),(214,70,'Marquis Harber MD',NULL),(215,70,'Madisen Koss',NULL),(216,70,'Olaf Roob',NULL),(217,70,'Mrs. Kennedi Dare',NULL),(218,71,'Nora Grimes',NULL),(219,71,'Dave O\'Keefe',NULL),(220,72,'Savannah Hessel I',NULL),(221,72,'Kim Hansen Jr.',NULL),(222,72,'Alysa Parisian',NULL),(223,72,'Herminio Kutch II',NULL),(224,72,'Ms. Will O\'Keefe',NULL),(225,73,'Khalil Keebler I',NULL),(226,73,'Zita Altenwerth',NULL),(227,73,'Jovanny Stokes',NULL),(228,73,'Loy Greenfelder',NULL),(229,73,'Watson Schinner',NULL),(230,74,'Roel Abshire',NULL),(231,74,'Dr. Theodora Marvin',NULL),(232,74,'Darron Mitchell',NULL),(233,74,'Hank Reynolds',NULL),(234,75,'Marlene Aufderhar',NULL),(235,75,'Lorenz Windler',NULL),(236,75,'Ashleigh Romaguera',NULL),(237,75,'Zane Waters',NULL),(238,76,'Dr. Macey Pouros',NULL),(239,76,'Diamond Gibson',NULL),(240,77,'Ryleigh Hyatt',NULL),(241,78,'Dane Kozey',NULL),(242,78,'Adella Wiegand MD',NULL),(243,79,'Jillian Tremblay',NULL),(244,79,'Madeline Ziemann Jr.',NULL),(245,79,'Miss Juwan Dietrich',NULL),(246,79,'Mr. Lexus Braun',NULL),(247,80,'Abdul Hermiston DVM',NULL),(248,80,'Sheridan Ruecker',NULL),(249,80,'Ms. Gunner Bernier',NULL),(250,80,'Finn Lemke',NULL),(251,80,'Melody Fritsch',NULL),(252,81,'Dayne Cartwright Sr.',NULL),(253,81,'Braxton Carroll',NULL),(254,81,'Alaina Weimann',NULL),(255,81,'Rosemary Yost',NULL),(256,82,'Tanner Anderson II',NULL),(257,82,'Clara Graham',NULL),(258,82,'Alanis Ferry',NULL),(259,82,'Royal Okuneva',NULL),(260,83,'Rosella Stokes',NULL),(261,83,'Fredrick Parker',NULL),(262,83,'Priscilla Schiller',NULL),(263,84,'Damion Waters',NULL),(264,84,'Ms. Rosina Bayer',NULL),(265,84,'Roselyn Nader',NULL),(266,84,'Alfonso Funk',NULL),(267,84,'Kavon Nitzsche',NULL),(268,85,'Joe Witting',NULL),(269,85,'Hugh Quitzon',NULL),(270,85,'Charlene Krajcik',NULL),(271,85,'Demetrius Barton',NULL),(272,85,'Ms. Edgar Oberbrunner',NULL),(273,86,'Aditya Harris',NULL),(274,87,'Fredrick Hirthe',NULL),(275,87,'Everette Strosin MD',NULL),(276,87,'Lorena Nitzsche',NULL),(277,88,'Mozelle Paucek',NULL),(278,88,'Jasen Cummings',NULL),(279,89,'Miss Berry West',NULL),(280,89,'Aylin Willms',NULL),(281,90,'Juston Rau IV',NULL),(282,90,'Courtney Smitham I',NULL),(283,90,'Samanta Bernhard',NULL),(284,90,'Keely Leffler',NULL),(285,90,'Mr. Cale Wilkinson',NULL),(286,91,'Ceasar Kautzer',NULL),(287,91,'Mrs. Nicole Hodkiewicz',NULL),(288,91,'Hoyt Kuphal I',NULL),(289,92,'Dr. Gonzalo Kautzer',NULL),(290,92,'Lafayette Schamberger',NULL),(291,92,'Rick Moen',NULL),(292,92,'Ms. Tristin Schmeler',NULL),(293,93,'Noemi Hoeger',NULL),(294,93,'Brook Hickle',NULL),(295,93,'Keyon Braun',NULL),(296,93,'Jarvis Cummings Jr.',NULL),(297,94,'Raven Braun',NULL),(298,95,'Mr. Jamil Schultz',NULL),(299,95,'Joy Howe',NULL),(300,95,'Claude Anderson',NULL),(301,95,'Mr. Fabian Johnson',NULL),(302,96,'Raul Cummings I',NULL),(303,96,'Emelie Hamill',NULL),(304,97,'Eldon Hammes',NULL),(305,97,'Jesus Beahan',NULL),(306,98,'Connor Dare',NULL),(307,99,'Destini Gleichner',NULL),(308,99,'Ebba Luettgen III',NULL),(309,99,'Dr. Braden Johnson',NULL),(310,99,'Jairo Hirthe',NULL),(311,99,'Estrella Upton',NULL),(312,100,'Mrs. Oran Cole',NULL),(313,100,'Ebony Ritchie',NULL),(314,100,'Miss Ubaldo Conn',NULL),(315,100,'Mack Dickinson',NULL),(316,101,'Randi Cremin',NULL),(317,101,'Luigi Shields',NULL),(318,102,'Mohammad Kertzmann',NULL),(319,102,'Mr. Sabryna Wisoky',NULL),(320,102,'Mona Goodwin Jr.',NULL),(321,102,'Lydia Franecki',NULL),(322,103,'Tyrese Klocko I',NULL),(323,104,'Gustave Kerluke',NULL),(324,104,'Ena Hoeger',NULL),(325,104,'Mr. Shyann Mertz',NULL),(326,104,'Leilani Lubowitz',NULL),(327,104,'Lea Schuppe',NULL),(328,105,'Jamar Kris V',NULL),(329,105,'Marisol Wilderman MD',NULL),(330,105,'Ambrose Walker',NULL),(331,105,'Sonia Runte MD',NULL),(332,106,'Ms. Janelle Mertz',NULL),(333,107,'Hilma Beer',NULL),(334,107,'Mrs. Dulce Parker',NULL),(335,107,'Thalia Jast MD',NULL),(336,107,'Heloise Prohaska',NULL),(337,107,'Adelle Zieme',NULL),(338,108,'Leola Goyette',NULL),(339,109,'Carli O\'Hara',NULL),(340,109,'Darryl Rosenbaum',NULL),(341,109,'Leda Towne',NULL),(342,110,'Arch Price',NULL),(343,110,'Mrs. Dorothy Wiegand',NULL),(344,110,'Edwina Bogan IV',NULL),(345,110,'Friedrich Kirlin PhD',NULL),(346,110,'Austyn Lesch',NULL),(347,111,'Hayden Moore I',NULL),(348,112,'Osborne Cole',NULL),(349,112,'Ivory Rohan',NULL),(350,113,'Esmeralda Schmeler',NULL),(351,113,'Clotilde Towne',NULL),(352,113,'Greg Marvin',NULL),(353,113,'Chelsey Gleichner DDS',NULL),(354,113,'Claudia Upton MD',NULL),(355,114,'Demarco Abshire',NULL),(356,114,'Luigi Mills',NULL),(357,114,'Mrs. Brant Bogisich',NULL),(358,115,'Mrs. Marina Crona',NULL),(359,115,'Daphney McClure',NULL),(360,115,'Charity Sauer',NULL),(361,115,'Una Rogahn',NULL),(362,116,'Dorcas Hayes',NULL),(363,116,'Kaylee Tromp II',NULL),(364,117,'Myra Schaden PhD',NULL),(365,117,'Dr. Clark Larkin',NULL),(366,118,'Elwin Braun',NULL),(367,118,'Lacey Cruickshank',NULL),(368,118,'Wilford Schroeder',NULL),(369,118,'Rosamond Carter',NULL),(370,119,'Alfreda Auer Sr.',NULL),(371,119,'Conrad Ortiz',NULL),(372,119,'Fletcher Effertz MD',NULL),(373,120,'Phoebe Rosenbaum',NULL),(374,121,'Kareem Schinner',NULL),(375,121,'Cecil Nikolaus',NULL),(376,122,'Hayden Dicki',NULL),(377,122,'Frances Okuneva',NULL),(378,123,'Ms. Alyce Wilderman',NULL),(379,123,'Buck Cormier',NULL),(380,123,'General Wolf',NULL),(381,124,'Mckayla Schmidt',NULL),(382,124,'Marilyne Rolfson',NULL),(383,124,'Narciso Hammes',NULL),(384,125,'Elissa Blanda',NULL),(385,125,'Jayne Hermiston',NULL),(386,126,'Ona Altenwerth',NULL),(387,126,'Trey Conn',NULL),(388,126,'Mr. Felicia Hessel',NULL),(389,126,'Ms. Dax Ratke',NULL),(390,126,'Emelie Langosh',NULL),(391,127,'Ethan Wolff',NULL),(392,127,'Ms. Edmond Bradtke',NULL),(393,127,'Royce Moen',NULL),(394,128,'Ellie Pouros',NULL),(395,129,'Ms. Dorris Rice',NULL),(396,129,'Linda Wolff PhD',NULL),(397,129,'Oswald Goodwin',NULL),(398,130,'Concepcion Krajcik',NULL),(399,130,'Kelton Anderson',NULL),(400,130,'Audie Homenick',NULL),(401,130,'Dr. Pietro Borer',NULL),(402,131,'Adela Christiansen V',NULL),(403,131,'Clemmie Kling',NULL),(404,132,'Kailey Conn',NULL),(405,132,'Bret Graham',NULL),(406,132,'Santina Abbott',NULL),(407,133,'Dr. Chaz Dicki',NULL),(408,134,'Walton Jenkins MD',NULL),(409,135,'Mrs. Karl Reinger',NULL),(410,135,'Dr. Joel Murphy',NULL),(411,135,'Cleta Reichert PhD',NULL),(412,135,'Palma D\'Amore',NULL),(413,135,'Deondre Block IV',NULL),(414,136,'Lonny Stark',NULL),(415,136,'Donavon Paucek',NULL),(416,136,'Michel Deckow',NULL),(417,136,'Ambrose Botsford',NULL),(418,136,'Beth Bailey',NULL),(419,137,'Barton Heathcote',NULL),(420,138,'Brisa Green',NULL),(421,138,'Emilia Zboncak',NULL),(422,138,'Lou Will',NULL),(423,139,'Keyshawn Hilll MD',NULL),(424,139,'Imelda McCullough',NULL),(425,139,'Kelley Glover',NULL),(426,139,'Mrs. Gretchen Christiansen',NULL),(427,139,'Javon Prosacco',NULL),(428,140,'Nella Gerhold',NULL),(429,140,'Sydney Crooks',NULL),(430,140,'Brando Grady V',NULL),(431,141,'Alden Osinski DDS',NULL),(432,142,'Evie Rath IV',NULL),(433,142,'Amira Heathcote Jr.',NULL),(434,142,'Hellen Roberts Sr.',NULL),(435,142,'Keara Hahn IV',NULL),(436,142,'Theresia Crooks',NULL),(437,143,'Baron Wuckert',NULL),(438,144,'Dr. Modesto Beier',NULL),(439,144,'Ms. Dennis Gusikowski',NULL),(440,144,'Dexter Nikolaus DDS',NULL),(441,145,'Leann Zboncak',NULL),(442,145,'Miss Stewart Farrell',NULL),(443,145,'Antone Mante',NULL),(444,146,'Sydney Morissette',NULL),(445,146,'Judah Collins',NULL),(446,146,'Kattie O\'Connell PhD',NULL),(447,147,'Miss Clifton McKenzie',NULL),(448,147,'Marcellus Ebert I',NULL),(449,147,'Angelina Cronin',NULL),(450,147,'Kylee Pouros',NULL),(451,148,'Mr. Belle Gaylord',NULL),(452,148,'Lisandro Kunde MD',NULL),(453,149,'Felicia Runolfsdottir Jr.',NULL),(454,149,'Gina Miller',NULL);
/*!40000 ALTER TABLE `accessories` ENABLE KEYS */;
UNLOCK TABLES;

--
-- Table structure for table `accessories_inventory_pools`
--

DROP TABLE IF EXISTS `accessories_inventory_pools`;
/*!40101 SET @saved_cs_client     = @@character_set_client */;
/*!40101 SET character_set_client = utf8 */;
CREATE TABLE `accessories_inventory_pools` (
  `accessory_id` int(11) DEFAULT NULL,
  `inventory_pool_id` int(11) DEFAULT NULL,
  UNIQUE KEY `index_accessories_inventory_pools` (`accessory_id`,`inventory_pool_id`),
  KEY `index_accessories_inventory_pools_on_inventory_pool_id` (`inventory_pool_id`)
) ENGINE=InnoDB DEFAULT CHARSET=utf8 COLLATE=utf8_unicode_ci;
/*!40101 SET character_set_client = @saved_cs_client */;

--
-- Dumping data for table `accessories_inventory_pools`
--

LOCK TABLES `accessories_inventory_pools` WRITE;
/*!40000 ALTER TABLE `accessories_inventory_pools` DISABLE KEYS */;
INSERT INTO `accessories_inventory_pools` VALUES (2,1),(4,1),(7,1),(9,1),(10,1),(13,1),(14,1),(17,1),(18,1),(19,1),(20,1),(21,1),(24,1),(26,1),(27,1),(33,1),(34,1),(35,1),(39,1),(41,1),(46,1),(47,1),(48,1),(49,1),(53,1),(54,1),(56,1),(58,1),(59,1),(60,1),(61,1),(64,1),(65,1),(71,1),(78,1),(79,1),(83,1),(84,1),(85,1),(90,1),(94,1),(98,1),(100,1),(101,1),(106,1),(107,1),(108,1),(110,1),(113,1),(114,1),(119,1),(122,1),(123,1),(124,1),(125,1),(128,1),(131,1),(132,1),(136,1),(137,1),(138,1),(139,1),(142,1),(144,1),(145,1),(146,1),(148,1),(149,1),(152,1),(162,1),(163,1),(165,1),(166,1),(168,1),(172,1),(174,1),(176,1),(177,1),(180,1),(181,1),(183,1),(184,1),(185,1),(187,1),(189,1),(193,1),(194,1),(195,1),(196,1),(197,1),(198,1),(199,1),(201,1),(202,1),(203,1),(207,1),(210,1),(211,1),(213,1),(215,1),(219,1),(225,1),(228,1),(229,1),(230,1),(232,1),(233,1),(234,1),(237,1),(240,1),(241,1),(242,1),(243,1),(245,1),(247,1),(248,1),(249,1),(254,1),(255,1),(256,1),(257,1),(261,1),(264,1),(265,1),(266,1),(267,1),(268,1),(270,1),(271,1),(272,1),(274,1),(277,1),(279,1),(280,1),(282,1),(286,1),(288,1),(289,1),(291,1),(293,1),(294,1),(295,1),(296,1),(298,1),(301,1),(304,1),(305,1),(306,1),(308,1),(309,1),(310,1),(311,1),(315,1),(317,1),(318,1),(319,1),(321,1),(323,1),(324,1),(326,1),(328,1),(329,1),(334,1),(335,1),(339,1),(340,1),(342,1),(346,1),(348,1),(350,1),(351,1),(352,1),(355,1),(356,1),(360,1),(364,1),(365,1),(367,1),(376,1),(377,1),(378,1),(379,1),(382,1),(383,1),(384,1),(386,1),(387,1),(392,1),(394,1),(395,1),(397,1),(399,1),(401,1),(404,1),(405,1),(406,1),(407,1),(409,1),(412,1),(414,1),(416,1),(417,1),(420,1),(421,1),(423,1),(425,1),(427,1),(431,1),(432,1),(434,1),(435,1),(436,1),(437,1),(440,1),(443,1),(447,1),(449,1),(451,1),(452,1),(454,1);
/*!40000 ALTER TABLE `accessories_inventory_pools` ENABLE KEYS */;
UNLOCK TABLES;

--
-- Table structure for table `addresses`
--

DROP TABLE IF EXISTS `addresses`;
/*!40101 SET @saved_cs_client     = @@character_set_client */;
/*!40101 SET character_set_client = utf8 */;
CREATE TABLE `addresses` (
  `id` int(11) NOT NULL AUTO_INCREMENT,
  `street` varchar(255) COLLATE utf8_unicode_ci DEFAULT NULL,
  `zip_code` varchar(255) COLLATE utf8_unicode_ci DEFAULT NULL,
  `city` varchar(255) COLLATE utf8_unicode_ci DEFAULT NULL,
  `country_code` varchar(255) COLLATE utf8_unicode_ci DEFAULT NULL,
  `latitude` float DEFAULT NULL,
  `longitude` float DEFAULT NULL,
  PRIMARY KEY (`id`),
  UNIQUE KEY `index_addresses_on_street_and_zip_code_and_city_and_country_code` (`street`,`zip_code`,`city`,`country_code`)
) ENGINE=InnoDB DEFAULT CHARSET=utf8 COLLATE=utf8_unicode_ci;
/*!40101 SET character_set_client = @saved_cs_client */;

--
-- Dumping data for table `addresses`
--

LOCK TABLES `addresses` WRITE;
/*!40000 ALTER TABLE `addresses` DISABLE KEYS */;
/*!40000 ALTER TABLE `addresses` ENABLE KEYS */;
UNLOCK TABLES;

--
-- Table structure for table `attachments`
--

DROP TABLE IF EXISTS `attachments`;
/*!40101 SET @saved_cs_client     = @@character_set_client */;
/*!40101 SET character_set_client = utf8 */;
CREATE TABLE `attachments` (
  `id` int(11) NOT NULL AUTO_INCREMENT,
  `model_id` int(11) DEFAULT NULL,
  `is_main` tinyint(1) DEFAULT '0',
  `content_type` varchar(255) COLLATE utf8_unicode_ci DEFAULT NULL,
  `filename` varchar(255) COLLATE utf8_unicode_ci DEFAULT NULL,
  `size` int(11) DEFAULT NULL,
  PRIMARY KEY (`id`),
  KEY `index_attachments_on_model_id` (`model_id`)
) ENGINE=InnoDB AUTO_INCREMENT=5 DEFAULT CHARSET=utf8 COLLATE=utf8_unicode_ci;
/*!40101 SET character_set_client = @saved_cs_client */;

--
-- Dumping data for table `attachments`
--

LOCK TABLES `attachments` WRITE;
/*!40000 ALTER TABLE `attachments` DISABLE KEYS */;
INSERT INTO `attachments` VALUES (1,137,0,'image/jpeg','Lambert Hoppe',NULL),(2,138,0,'image/jpeg','Devante Daugherty',NULL),(3,148,0,'image/jpeg','Stewart Raynor',NULL),(4,148,0,'image/jpeg','Aditya O\'Hara',NULL);
/*!40000 ALTER TABLE `attachments` ENABLE KEYS */;
UNLOCK TABLES;

--
-- Table structure for table `authentication_systems`
--

DROP TABLE IF EXISTS `authentication_systems`;
/*!40101 SET @saved_cs_client     = @@character_set_client */;
/*!40101 SET character_set_client = utf8 */;
CREATE TABLE `authentication_systems` (
  `id` int(11) NOT NULL AUTO_INCREMENT,
  `name` varchar(255) COLLATE utf8_unicode_ci DEFAULT NULL,
  `class_name` varchar(255) COLLATE utf8_unicode_ci DEFAULT NULL,
  `is_default` tinyint(1) DEFAULT '0',
  `is_active` tinyint(1) DEFAULT '0',
  PRIMARY KEY (`id`)
) ENGINE=InnoDB AUTO_INCREMENT=7 DEFAULT CHARSET=utf8 COLLATE=utf8_unicode_ci;
/*!40101 SET character_set_client = @saved_cs_client */;

--
-- Dumping data for table `authentication_systems`
--

LOCK TABLES `authentication_systems` WRITE;
/*!40000 ALTER TABLE `authentication_systems` DISABLE KEYS */;
INSERT INTO `authentication_systems` VALUES (1,'Database Authentication','DatabaseAuthentication',1,1),(2,'LDAP Authentication','LdapAuthentication',0,0),(3,'ZHDK Authentication','Zhdk',0,0),(4,'Database Authentication','DatabaseAuthentication',1,1),(5,'LDAP Authentication','LdapAuthentication',0,0),(6,'ZHDK Authentication','Zhdk',0,0);
/*!40000 ALTER TABLE `authentication_systems` ENABLE KEYS */;
UNLOCK TABLES;

--
-- Table structure for table `buildings`
--

DROP TABLE IF EXISTS `buildings`;
/*!40101 SET @saved_cs_client     = @@character_set_client */;
/*!40101 SET character_set_client = utf8 */;
CREATE TABLE `buildings` (
  `id` int(11) NOT NULL AUTO_INCREMENT,
  `name` varchar(255) COLLATE utf8_unicode_ci DEFAULT NULL,
  `code` varchar(255) COLLATE utf8_unicode_ci DEFAULT NULL,
  PRIMARY KEY (`id`)
) ENGINE=InnoDB AUTO_INCREMENT=184 DEFAULT CHARSET=utf8 COLLATE=utf8_unicode_ci;
/*!40101 SET character_set_client = @saved_cs_client */;

--
-- Dumping data for table `buildings`
--

LOCK TABLES `buildings` WRITE;
/*!40000 ALTER TABLE `buildings` DISABLE KEYS */;
INSERT INTO `buildings` VALUES (1,'Great Pyramid of Giza','ZZZ'),(2,'Assumendaautqui','atq'),(3,'Enimautdolores','est'),(4,'Veritatisquimaxime','arc'),(5,'Nonfacereea','nes'),(6,'Corruptiharumadipisci','exe'),(7,'Etsuntodio','eaa'),(8,'Quibeataelibero','eli'),(9,'Delectusautemiure','con'),(10,'Accusantiumestconsequatur','eti'),(11,'Minimainventorequia','aut'),(12,'Quodoloribussimilique','par'),(13,'Doloremqueveleligendi','qui'),(14,'Molestiaedelectussuscipit','eni'),(15,'Natusprovidentqui','asp'),(16,'Quosdolorecum','seq'),(17,'Optioodioet','ips'),(18,'Debitisenimquam','asp'),(19,'Istenonillo','qua'),(20,'Dictatotamet','aut'),(21,'Possimuscumqueimpedit','adi'),(22,'Hicquidolorum','rem'),(23,'Quisvoluptaset','nes'),(24,'Delectussitmaiores','fug'),(25,'Voluptatumiuresequi','qui'),(26,'Etquamodit','arc'),(27,'Autautemest','ven'),(28,'Beataemodireiciendis','ali'),(29,'Commodiquidemvoluptas','tot'),(30,'Liberoenimaut','mag'),(31,'Maximeipsumet','dol'),(32,'Quosfacerevoluptas','cum'),(33,'Indebitiseos','con'),(34,'Veroexplicaboex','nam'),(35,'Ausstellungsstrasse 60','AU60'),(36,'Ausstellungsstrasse 60','AU60'),(37,'Quioccaecatiquod','lab'),(38,'Fugiatnatusest','del'),(39,'Ipsapariaturcommodi','aut'),(40,'Quisvoluptasest','pra'),(41,'Mollitiaodiovoluptatum','fac'),(42,'Dolorquiset','dol'),(43,'Etquamqui','dic'),(44,'Sedadipiscirerum','dol'),(45,'Velfuganulla','etq'),(46,'Adipisciassumendaamet','rep'),(47,'Temporeporroamet','eum'),(48,'Aliasvoluptatemsimilique','aut'),(49,'Sednobisrepellendus','qui'),(50,'Eosdoloremvoluptates','dol'),(51,'Etfugitvoluptates','off'),(52,'Inoptiodolores','vol'),(53,'Quoetharum','pla'),(54,'Iustoinciduntcorporis','cum'),(55,'Suntmagnamrerum','pra'),(56,'Utessedolores','nec'),(57,'Nostrumadipiscinon','rep'),(58,'Sitdolorumcum','eni'),(59,'Aliasessesapiente','abq'),(60,'Estrecusandaeut','cum'),(61,'Sinteumet','non'),(62,'Nisiomnisnumquam','sin'),(63,'Errornostrumeligendi','est'),(64,'Beataenemoaut','ten'),(65,'Etidab','des'),(66,'Quisexpeditaqui','ips'),(67,'Nostrumcorruptisunt','bea'),(68,'Utexercitationemquibusdam','pra'),(69,'Porroutenim','vol'),(70,'Dictaassumendaqui','exc'),(71,'Repellendusilloarchitecto','eum'),(72,'Molestiaeetet','aqu'),(73,'Voluptasducimusrecusandae','vel'),(74,'Quisillosaepe','ill'),(75,'Voluptatesenimdolorem','rep'),(76,'Eosquodaut','eum'),(77,'Officiisfaceresint','rep'),(78,'Voluptatemquidolor','vel'),(79,'Nequevoluptasaccusamus','qua'),(80,'Iustoistea','por'),(81,'Rationedolorumdicta','qua'),(82,'Etnesciuntsapiente','dol'),(83,'Eligendipraesentiumreprehenderit','exq'),(84,'Cumutdelectus','aut'),(85,'Liberorecusandaesunt','sit'),(86,'Quidemmaximeimpedit','eve'),(87,'Fugainciduntcumque','pos'),(88,'Accusantiumeumaut','nul'),(89,'Doloremdolorqui','mai'),(90,'Cumautemdolore','vol'),(91,'Utrepellendusmaiores','fac'),(92,'Quaeblanditiisquia','per'),(93,'Sedasperioresfacilis','ill'),(94,'Suscipitvoluptatesmagni','sae'),(95,'Rerumconsequaturnon','con'),(96,'Nonconsequunturomnis','mag'),(97,'Suscipitremquo','rec'),(98,'Estsuntiste','qua'),(99,'Ipsanesciunteveniet','asp'),(100,'Estaut','ete'),(101,'Officiisnequetenetur','hic'),(102,'Corporismodiqui','ape'),(103,'Nondoloremtemporibus','eth'),(104,'Recusandaequaslaboriosam','non'),(105,'Sitsequieum','uts'),(106,'Quisuntqui','omn'),(107,'Utquiet','est'),(108,'Numquamestut','omn'),(109,'Estabaspernatur','vel'),(110,'Autemremdolorum','eti'),(111,'Delectusnisiplaceat','ida'),(112,'Great Pyramid of Giza','ZZZ'),(113,'Veritatisetasperiores','dol'),(114,'Exlaboreconsequatur','acc'),(115,'Errorsuntcorrupti','eta'),(116,'Laboriosamaasperiores','inv'),(117,'Quasrepudiandaealiquid','eli'),(118,'Placeatdoloremqueiste','ear'),(119,'Distinctioetdeserunt','eti'),(120,'Quaevelitesse','dol'),(121,'Quaeducimusnisi','aut'),(122,'Repellatquiamolestiae','ten'),(123,'Temporibusdelectusquisquam','tot'),(124,'Quiconsecteturlaborum','eto'),(125,'Accusamusliberoet','sap'),(126,'Consequaturextempore','ill'),(127,'Voluptasrationenon','und'),(128,'Eiusrerumquidem','eum'),(129,'Quiadictaipsum','sit'),(130,'Laboriosamveniamsit','eve'),(131,'Etnequesit','pla'),(132,'Utnonquia','sun'),(133,'Autlaboreea','inp'),(134,'Temporemaioresfuga','omn'),(135,'Seduttemporibus','quo'),(136,'Earumnobisquo','dis'),(137,'Perspiciatisautreprehenderit','uts'),(138,'Similiquerationeoccaecati','sit'),(139,'Dolordolorautem','ani'),(140,'Explicabovelitquisquam','nih'),(141,'Ullamsimiliqueiste','sin'),(142,'Inquolaborum','con'),(143,'Exercitationemmollitiaatque','lau'),(144,'Asperioressequinisi','vol'),(145,'Doloremauthic','exe'),(146,'Utquiasit','exc'),(147,'Praesentiumperferendisaut','etq'),(148,'Hicvitaemagni','qua'),(149,'Utiustovoluptas','ear'),(150,'Autinrepudiandae','par'),(151,'Solutaodioin','vol'),(152,'Corruptinamipsam','non'),(153,'Voluptatemnihilipsa','vol'),(154,'Natusculpain','asp'),(155,'Solutablanditiisducimus','acc'),(156,'Etauttempora','dol'),(157,'Placeataspernaturexpedita','etq'),(158,'Architectoquidemplaceat','acc'),(159,'Sedsimiliquelaudantium','ute'),(160,'Placeatvoluptasqui','sit'),(161,'Nesciunteosfugiat','nis'),(162,'Laborumdistinctioeos','etl'),(163,'Etsedeum','asp'),(164,'Numquamexcepturiqui','ali'),(165,'Dignissimosullamomnis','ear'),(166,'Suscipitquiquia','sim'),(167,'Nonetrepudiandae','vol'),(168,'Eavoluptasreprehenderit','etd'),(169,'Veritatisnesciuntullam','tem'),(170,'Nobisestcorporis','dol'),(171,'Utsimiliqueofficiis','qui'),(172,'Eafugavoluptate','etr'),(173,'Reiciendisperferendislaudantium','vol'),(174,'Nequeautullam','dol'),(175,'Ethicaut','non'),(176,'Nequesedodio','vel'),(177,'Explicaboquaseius','del'),(178,'Etquamaut','ute'),(179,'Consequaturdelectusipsam','cum'),(180,'Doloremqueveroitaque','omn'),(181,'Quieteos','adi'),(182,'Voluptatemeaiure','non'),(183,'Impeditbeataeet','und');
/*!40000 ALTER TABLE `buildings` ENABLE KEYS */;
UNLOCK TABLES;

--
-- Table structure for table `contract_lines`
--

DROP TABLE IF EXISTS `contract_lines`;
/*!40101 SET @saved_cs_client     = @@character_set_client */;
/*!40101 SET character_set_client = utf8 */;
CREATE TABLE `contract_lines` (
  `id` int(11) NOT NULL AUTO_INCREMENT,
  `contract_id` int(11) DEFAULT NULL,
  `type` varchar(255) COLLATE utf8_unicode_ci NOT NULL DEFAULT 'ItemLine',
  `item_id` int(11) DEFAULT NULL,
  `model_id` int(11) DEFAULT NULL,
  `quantity` int(11) DEFAULT '1',
  `start_date` date DEFAULT NULL,
  `end_date` date DEFAULT NULL,
  `returned_date` date DEFAULT NULL,
  `option_id` int(11) DEFAULT NULL,
  `purpose_id` int(11) DEFAULT NULL,
  `returned_to_user_id` int(11) DEFAULT NULL,
  `created_at` datetime DEFAULT NULL,
  `updated_at` datetime DEFAULT NULL,
  PRIMARY KEY (`id`),
  KEY `index_contract_lines_on_start_date` (`start_date`),
  KEY `index_contract_lines_on_end_date` (`end_date`),
  KEY `index_contract_lines_on_option_id` (`option_id`),
  KEY `index_contract_lines_on_contract_id` (`contract_id`),
  KEY `index_contract_lines_on_item_id` (`item_id`),
  KEY `index_contract_lines_on_model_id` (`model_id`),
  KEY `index_contract_lines_on_returned_date_and_contract_id` (`returned_date`,`contract_id`),
  KEY `index_contract_lines_on_type_and_contract_id` (`type`,`contract_id`)
) ENGINE=InnoDB AUTO_INCREMENT=167 DEFAULT CHARSET=utf8 COLLATE=utf8_unicode_ci;
/*!40101 SET character_set_client = @saved_cs_client */;

--
-- Dumping data for table `contract_lines`
--

LOCK TABLES `contract_lines` WRITE;
/*!40000 ALTER TABLE `contract_lines` DISABLE KEYS */;
INSERT INTO `contract_lines` VALUES (1,1,'ItemLine',NULL,1,1,'2016-08-15','2016-08-15',NULL,NULL,NULL,NULL,'2016-08-15 01:10:42','2016-08-15 01:10:42'),(2,1,'ItemLine',NULL,5,1,'2016-08-15','2016-08-15',NULL,NULL,NULL,NULL,'2016-08-15 01:10:42','2016-08-15 01:10:42'),(3,1,'ItemLine',NULL,9,1,'2016-08-15','2016-08-15',NULL,NULL,NULL,NULL,'2016-08-15 01:10:42','2016-08-15 01:10:42'),(4,2,'ItemLine',NULL,13,1,'2016-08-15','2016-08-15',NULL,NULL,1,NULL,'2016-08-15 01:10:42','2016-08-15 01:10:42'),(5,2,'ItemLine',NULL,17,1,'2016-08-15','2016-08-15',NULL,NULL,1,NULL,'2016-08-15 01:10:42','2016-08-15 01:10:42'),(6,2,'ItemLine',NULL,21,1,'2016-08-15','2016-08-15',NULL,NULL,1,NULL,'2016-08-15 01:10:42','2016-08-15 01:10:42'),(7,2,'ItemLine',NULL,25,1,'2016-08-15','2016-08-15',NULL,NULL,1,NULL,'2016-08-15 01:10:42','2016-08-15 01:10:42'),(8,3,'ItemLine',NULL,29,1,'2016-08-15','2016-08-15','2016-08-15',NULL,2,1,'2016-08-15 01:10:42','2016-08-15 01:10:42'),(9,3,'ItemLine',NULL,33,1,'2016-08-15','2016-08-15','2016-08-15',NULL,2,1,'2016-08-15 01:10:42','2016-08-15 01:10:42'),(10,3,'ItemLine',NULL,37,1,'2016-08-15','2016-08-15','2016-08-15',NULL,2,1,'2016-08-15 01:10:42','2016-08-15 01:10:42'),(11,3,'ItemLine',NULL,41,1,'2016-08-15','2016-08-15','2016-08-15',NULL,2,1,'2016-08-15 01:10:42','2016-08-15 01:10:42'),(12,4,'ItemLine',NULL,150,1,'2016-08-11','2016-08-11',NULL,NULL,3,NULL,'2016-08-11 02:27:14','2016-08-11 02:27:14'),(13,4,'ItemLine',NULL,151,1,'2016-08-11','2016-08-11',NULL,NULL,3,NULL,'2016-08-11 02:27:14','2016-08-11 02:27:14'),(14,4,'ItemLine',NULL,152,1,'2016-08-11','2016-08-11',NULL,NULL,3,NULL,'2016-08-11 02:27:14','2016-08-11 02:27:14'),(15,4,'ItemLine',NULL,153,1,'2016-08-11','2016-08-11',NULL,NULL,3,NULL,'2016-08-11 02:27:14','2016-08-11 02:27:14'),(16,4,'ItemLine',NULL,154,1,'2016-08-11','2016-08-11',NULL,NULL,3,NULL,'2016-08-11 02:27:14','2016-08-11 02:27:14'),(17,4,'ItemLine',NULL,155,1,'2016-08-11','2016-08-11',NULL,NULL,3,NULL,'2016-08-11 02:27:14','2016-08-11 02:27:14'),(18,5,'ItemLine',NULL,159,1,'2016-08-11','2016-08-11',NULL,NULL,4,NULL,'2016-08-11 02:27:14','2016-08-11 02:27:14'),(19,5,'ItemLine',NULL,160,1,'2016-08-11','2016-08-11',NULL,NULL,4,NULL,'2016-08-11 02:27:14','2016-08-11 02:27:14'),(20,5,'ItemLine',NULL,161,1,'2016-08-11','2016-08-11',NULL,NULL,4,NULL,'2016-08-11 02:27:14','2016-08-11 02:27:14'),(21,5,'ItemLine',NULL,162,1,'2016-08-11','2016-08-11',NULL,NULL,4,NULL,'2016-08-11 02:27:14','2016-08-11 02:27:14'),(22,5,'ItemLine',NULL,163,1,'2016-08-11','2016-08-11',NULL,NULL,4,NULL,'2016-08-11 02:27:14','2016-08-11 02:27:14'),(23,6,'ItemLine',NULL,167,1,'2016-08-11','2016-08-11',NULL,NULL,5,NULL,'2016-08-11 02:27:15','2016-08-11 02:27:15'),(24,6,'ItemLine',NULL,168,1,'2016-08-11','2016-08-11',NULL,NULL,5,NULL,'2016-08-11 02:27:15','2016-08-11 02:27:15'),(25,6,'ItemLine',NULL,169,1,'2016-08-11','2016-08-11',NULL,NULL,5,NULL,'2016-08-11 02:27:15','2016-08-11 02:27:15'),(26,6,'ItemLine',NULL,170,1,'2016-08-11','2016-08-11',NULL,NULL,5,NULL,'2016-08-11 02:27:15','2016-08-11 02:27:15'),(27,6,'ItemLine',NULL,171,1,'2016-08-11','2016-08-11',NULL,NULL,5,NULL,'2016-08-11 02:27:15','2016-08-11 02:27:15'),(28,6,'ItemLine',NULL,172,1,'2016-08-11','2016-08-11',NULL,NULL,5,NULL,'2016-08-11 02:27:15','2016-08-11 02:27:15'),(29,7,'ItemLine',NULL,176,1,'2016-08-15','2016-08-15',NULL,NULL,6,NULL,'2016-08-14 10:20:36','2016-08-14 10:20:36'),(30,7,'ItemLine',NULL,177,1,'2016-08-15','2016-08-15',NULL,NULL,6,NULL,'2016-08-14 10:20:36','2016-08-14 10:20:36'),(31,7,'ItemLine',NULL,178,1,'2016-08-15','2016-08-15',NULL,NULL,6,NULL,'2016-08-14 10:20:36','2016-08-14 10:20:36'),(32,8,'ItemLine',NULL,179,1,'2016-08-15','2016-08-15',NULL,NULL,7,NULL,'2016-08-14 04:10:24','2016-08-14 04:10:24'),(33,8,'ItemLine',NULL,180,1,'2016-08-15','2016-08-15',NULL,NULL,7,NULL,'2016-08-14 04:10:24','2016-08-14 04:10:24'),(34,8,'ItemLine',NULL,181,1,'2016-08-15','2016-08-15',NULL,NULL,7,NULL,'2016-08-14 04:10:24','2016-08-14 04:10:24'),(35,8,'ItemLine',NULL,182,1,'2016-08-15','2016-08-15',NULL,NULL,7,NULL,'2016-08-14 04:10:24','2016-08-14 04:10:24'),(36,8,'ItemLine',NULL,183,1,'2016-08-15','2016-08-15',NULL,NULL,7,NULL,'2016-08-14 04:10:24','2016-08-14 04:10:24'),(37,8,'ItemLine',NULL,183,1,'2016-08-15','2016-08-15',NULL,NULL,7,NULL,'2016-08-14 04:10:24','2016-08-14 04:10:24'),(38,9,'ItemLine',NULL,187,1,'2016-08-15','2016-08-15',NULL,NULL,8,NULL,'2016-08-15 01:10:42','2016-08-15 01:10:42'),(39,9,'ItemLine',NULL,188,1,'2016-08-15','2016-08-15',NULL,NULL,8,NULL,'2016-08-15 01:10:42','2016-08-15 01:10:42'),(40,9,'ItemLine',NULL,189,1,'2016-08-15','2016-08-15',NULL,NULL,8,NULL,'2016-08-15 01:10:42','2016-08-15 01:10:42'),(41,9,'ItemLine',NULL,190,1,'2016-08-15','2016-08-15',NULL,NULL,8,NULL,'2016-08-15 01:10:42','2016-08-15 01:10:42'),(42,10,'ItemLine',NULL,194,1,'2016-08-15','2016-08-15',NULL,NULL,9,NULL,'2016-08-15 01:10:42','2016-08-15 01:10:42'),(43,10,'ItemLine',NULL,195,1,'2016-08-15','2016-08-15',NULL,NULL,9,NULL,'2016-08-15 01:10:42','2016-08-15 01:10:42'),(44,10,'ItemLine',NULL,196,1,'2016-08-15','2016-08-15',NULL,NULL,9,NULL,'2016-08-15 01:10:42','2016-08-15 01:10:42'),(45,10,'ItemLine',NULL,197,1,'2016-08-15','2016-08-15',NULL,NULL,9,NULL,'2016-08-15 01:10:42','2016-08-15 01:10:42'),(46,10,'ItemLine',NULL,198,1,'2016-08-15','2016-08-15',NULL,NULL,9,NULL,'2016-08-15 01:10:42','2016-08-15 01:10:42'),(47,11,'ItemLine',NULL,199,1,'2016-08-15','2016-08-15',NULL,NULL,10,NULL,'2016-08-15 01:10:42','2016-08-15 01:10:42'),(48,11,'ItemLine',NULL,200,1,'2016-08-15','2016-08-15',NULL,NULL,10,NULL,'2016-08-15 01:10:42','2016-08-15 01:10:42'),(49,11,'ItemLine',NULL,201,1,'2016-08-15','2016-08-15',NULL,NULL,10,NULL,'2016-08-15 01:10:42','2016-08-15 01:10:42'),(50,11,'ItemLine',NULL,202,1,'2016-08-15','2016-08-15',NULL,NULL,10,NULL,'2016-08-15 01:10:42','2016-08-15 01:10:42'),(51,12,'ItemLine',NULL,203,1,'2016-08-15','2016-08-15',NULL,NULL,11,NULL,'2016-08-15 01:10:42','2016-08-15 01:10:42'),(52,12,'ItemLine',NULL,204,1,'2016-08-15','2016-08-15',NULL,NULL,11,NULL,'2016-08-15 01:10:42','2016-08-15 01:10:42'),(53,12,'ItemLine',NULL,205,1,'2016-08-15','2016-08-15',NULL,NULL,11,NULL,'2016-08-15 01:10:42','2016-08-15 01:10:42'),(54,13,'ItemLine',22,29,1,'2016-08-15','2016-08-15',NULL,NULL,12,NULL,'2016-08-15 01:10:42','2016-08-15 01:10:42'),(55,13,'ItemLine',23,29,1,'2016-08-15','2016-08-15',NULL,NULL,12,NULL,'2016-08-15 01:10:42','2016-08-15 01:10:42'),(56,13,'ItemLine',24,29,1,'2016-08-15','2016-08-15',NULL,NULL,12,NULL,'2016-08-15 01:10:42','2016-08-15 01:10:42'),(57,13,'ItemLine',25,33,1,'2016-08-15','2016-08-15',NULL,NULL,12,NULL,'2016-08-15 01:10:42','2016-08-15 01:10:42'),(58,13,'ItemLine',26,33,1,'2016-08-15','2016-08-15',NULL,NULL,12,NULL,'2016-08-15 01:10:42','2016-08-15 01:10:42'),(59,13,'ItemLine',27,33,1,'2016-08-15','2016-08-15',NULL,NULL,12,NULL,'2016-08-15 01:10:42','2016-08-15 01:10:42'),(60,13,'ItemLine',28,37,1,'2016-08-15','2016-08-15',NULL,NULL,12,NULL,'2016-08-15 01:10:42','2016-08-15 01:10:42'),(61,13,'ItemLine',29,37,1,'2016-08-15','2016-08-15',NULL,NULL,12,NULL,'2016-08-15 01:10:42','2016-08-15 01:10:42'),(62,13,'ItemLine',30,37,1,'2016-08-15','2016-08-15',NULL,NULL,12,NULL,'2016-08-15 01:10:42','2016-08-15 01:10:42'),(63,13,'ItemLine',31,41,1,'2016-08-15','2016-08-15',NULL,NULL,12,NULL,'2016-08-15 01:10:42','2016-08-15 01:10:42'),(64,13,'ItemLine',32,41,1,'2016-08-15','2016-08-15',NULL,NULL,12,NULL,'2016-08-15 01:10:42','2016-08-15 01:10:42'),(65,13,'ItemLine',33,41,1,'2016-08-15','2016-08-15',NULL,NULL,12,NULL,'2016-08-15 01:10:42','2016-08-15 01:10:42'),(66,13,'ItemLine',36,46,1,'2016-08-15','2016-08-15',NULL,NULL,12,NULL,'2016-08-15 01:10:42','2016-08-15 01:10:42'),(67,13,'ItemLine',37,46,1,'2016-08-15','2016-08-15',NULL,NULL,12,NULL,'2016-08-15 01:10:42','2016-08-15 01:10:42'),(68,13,'ItemLine',38,47,1,'2016-08-15','2016-08-15',NULL,NULL,12,NULL,'2016-08-15 01:10:42','2016-08-15 01:10:42'),(69,13,'ItemLine',40,49,1,'2016-08-15','2016-08-15',NULL,NULL,12,NULL,'2016-08-15 01:10:42','2016-08-15 01:10:42'),(70,13,'ItemLine',41,50,1,'2016-08-15','2016-08-15',NULL,NULL,12,NULL,'2016-08-15 01:10:42','2016-08-15 01:10:42'),(71,13,'ItemLine',42,51,1,'2016-08-15','2016-08-15',NULL,NULL,12,NULL,'2016-08-15 01:10:42','2016-08-15 01:10:42'),(72,13,'ItemLine',43,52,1,'2016-08-15','2016-08-15',NULL,NULL,12,NULL,'2016-08-15 01:10:42','2016-08-15 01:10:42'),(73,13,'ItemLine',44,53,1,'2016-08-15','2016-08-15',NULL,NULL,12,NULL,'2016-08-15 01:10:42','2016-08-15 01:10:42'),(74,13,'ItemLine',45,54,1,'2016-08-15','2016-08-15',NULL,NULL,12,NULL,'2016-08-15 01:10:42','2016-08-15 01:10:42'),(75,13,'ItemLine',46,55,1,'2016-08-15','2016-08-15',NULL,NULL,12,NULL,'2016-08-15 01:10:42','2016-08-15 01:10:42'),(76,13,'ItemLine',47,56,1,'2016-08-15','2016-08-15',NULL,NULL,12,NULL,'2016-08-15 01:10:42','2016-08-15 01:10:42'),(77,13,'ItemLine',48,57,1,'2016-08-15','2016-08-15',NULL,NULL,12,NULL,'2016-08-15 01:10:42','2016-08-15 01:10:42'),(78,13,'ItemLine',49,58,1,'2016-08-15','2016-08-15',NULL,NULL,12,NULL,'2016-08-15 01:10:42','2016-08-15 01:10:42'),(79,13,'ItemLine',50,59,1,'2016-08-15','2016-08-15',NULL,NULL,12,NULL,'2016-08-15 01:10:42','2016-08-15 01:10:42'),(80,13,'ItemLine',51,60,1,'2016-08-15','2016-08-15',NULL,NULL,12,NULL,'2016-08-15 01:10:42','2016-08-15 01:10:42'),(81,13,'ItemLine',52,61,1,'2016-08-15','2016-08-15',NULL,NULL,12,NULL,'2016-08-15 01:10:42','2016-08-15 01:10:42'),(82,13,'ItemLine',53,62,1,'2016-08-15','2016-08-15',NULL,NULL,12,NULL,'2016-08-15 01:10:42','2016-08-15 01:10:42'),(83,13,'ItemLine',54,63,1,'2016-08-15','2016-08-15',NULL,NULL,12,NULL,'2016-08-15 01:10:42','2016-08-15 01:10:42'),(84,14,'OptionLine',NULL,NULL,2,'2016-08-15','2016-08-16',NULL,4,13,NULL,'2016-08-15 01:10:42','2016-08-15 01:10:42'),(85,14,'ItemLine',202,206,1,'2016-08-15','2016-08-15',NULL,NULL,13,NULL,'2016-08-15 01:10:42','2016-08-15 01:10:42'),(86,15,'OptionLine',NULL,NULL,2,'2016-08-15','2016-08-15',NULL,5,14,NULL,'2016-08-15 01:10:42','2016-08-15 01:10:42'),(87,15,'OptionLine',NULL,NULL,1,'2016-08-15','2016-08-16',NULL,5,14,NULL,'2016-08-15 01:10:42','2016-08-15 01:10:42'),(88,16,'ItemLine',203,207,1,'2016-08-15','2016-08-15',NULL,NULL,15,NULL,'2016-08-15 01:10:42','2016-08-15 01:10:42'),(89,17,'ItemLine',204,208,1,'2016-08-10','2016-08-14',NULL,NULL,16,NULL,'2016-08-10 00:00:00','2016-08-10 00:00:00'),(90,17,'OptionLine',NULL,NULL,1,'2016-08-10','2016-08-14',NULL,6,16,NULL,'2016-08-10 00:00:00','2016-08-10 00:00:00'),(91,18,'ItemLine',NULL,213,1,'2016-08-15','2016-08-15',NULL,NULL,17,NULL,'2016-08-15 01:10:42','2016-08-15 01:10:42'),(92,18,'ItemLine',NULL,214,1,'2016-08-15','2016-08-15',NULL,NULL,17,NULL,'2016-08-15 01:10:42','2016-08-15 01:10:42'),(93,18,'ItemLine',NULL,215,1,'2016-08-15','2016-08-15',NULL,NULL,17,NULL,'2016-08-15 01:10:42','2016-08-15 01:10:42'),(94,18,'ItemLine',NULL,216,1,'2016-08-15','2016-08-15',NULL,NULL,17,NULL,'2016-08-15 01:10:42','2016-08-15 01:10:42'),(95,18,'ItemLine',NULL,217,1,'2016-08-15','2016-08-15',NULL,NULL,17,NULL,'2016-08-15 01:10:42','2016-08-15 01:10:42'),(96,19,'ItemLine',213,218,1,'2016-08-15','2016-08-15',NULL,NULL,18,NULL,'2016-08-15 01:10:42','2016-08-15 01:10:42'),(97,19,'ItemLine',214,219,1,'2016-08-15','2016-08-15',NULL,NULL,18,NULL,'2016-08-15 01:10:42','2016-08-15 01:10:42'),(98,19,'ItemLine',215,220,1,'2016-08-15','2016-08-15',NULL,NULL,18,NULL,'2016-08-15 01:10:42','2016-08-15 01:10:42'),(99,19,'ItemLine',216,221,1,'2016-08-15','2016-08-15',NULL,NULL,18,NULL,'2016-08-15 01:10:42','2016-08-15 01:10:42'),(100,20,'ItemLine',217,222,1,'2016-08-15','2016-08-15',NULL,NULL,19,NULL,'2016-08-15 01:10:42','2016-08-15 01:10:42'),(101,20,'ItemLine',218,223,1,'2016-08-15','2016-08-15',NULL,NULL,19,NULL,'2016-08-15 01:10:42','2016-08-15 01:10:42'),(102,20,'ItemLine',219,224,1,'2016-08-15','2016-08-15',NULL,NULL,19,NULL,'2016-08-15 01:10:42','2016-08-15 01:10:42'),(103,20,'ItemLine',220,225,1,'2016-08-15','2016-08-15',NULL,NULL,19,NULL,'2016-08-15 01:10:42','2016-08-15 01:10:42'),(104,20,'ItemLine',221,226,1,'2016-08-15','2016-08-15',NULL,NULL,19,NULL,'2016-08-15 01:10:42','2016-08-15 01:10:42'),(105,21,'ItemLine',222,227,1,'2016-08-10','2016-08-10',NULL,NULL,20,NULL,'2016-08-10 00:00:00','2016-08-10 00:00:00'),(106,21,'ItemLine',223,228,1,'2016-08-10','2016-08-10',NULL,NULL,20,NULL,'2016-08-10 00:00:00','2016-08-10 00:00:00'),(107,21,'ItemLine',224,229,1,'2016-08-10','2016-08-10',NULL,NULL,20,NULL,'2016-08-10 00:00:00','2016-08-10 00:00:00'),(108,22,'ItemLine',NULL,72,1,'2016-08-22','2016-08-25',NULL,NULL,21,NULL,'2016-08-15 01:10:42','2016-08-15 01:10:42'),(109,22,'ItemLine',NULL,72,1,'2016-08-22','2016-08-25',NULL,NULL,21,NULL,'2016-08-15 01:10:42','2016-08-15 01:10:42'),(110,22,'ItemLine',NULL,72,1,'2016-08-22','2016-08-25',NULL,NULL,21,NULL,'2016-08-15 01:10:42','2016-08-15 01:10:42'),(111,22,'ItemLine',NULL,72,1,'2016-08-22','2016-08-25',NULL,NULL,21,NULL,'2016-08-15 01:10:42','2016-08-15 01:10:42'),(112,22,'ItemLine',NULL,104,1,'2016-08-22','2016-08-25',NULL,NULL,21,NULL,'2016-08-15 01:10:42','2016-08-15 01:10:42'),(113,22,'ItemLine',NULL,104,1,'2016-08-22','2016-08-25',NULL,NULL,21,NULL,'2016-08-15 01:10:42','2016-08-15 01:10:42'),(114,22,'ItemLine',NULL,104,1,'2016-08-22','2016-08-25',NULL,NULL,21,NULL,'2016-08-15 01:10:42','2016-08-15 01:10:42'),(115,22,'ItemLine',NULL,104,1,'2016-08-22','2016-08-25',NULL,NULL,21,NULL,'2016-08-15 01:10:42','2016-08-15 01:10:42'),(116,22,'ItemLine',NULL,104,1,'2016-08-22','2016-08-25',NULL,NULL,21,NULL,'2016-08-15 01:10:42','2016-08-15 01:10:42'),(117,23,'ItemLine',NULL,230,1,'2016-08-15','2016-08-15',NULL,NULL,22,NULL,'2016-08-15 01:10:42','2016-08-15 01:10:42'),(118,23,'ItemLine',NULL,234,1,'2016-08-15','2016-08-15',NULL,NULL,22,NULL,'2016-08-15 01:10:42','2016-08-15 01:10:42'),(119,23,'ItemLine',NULL,238,1,'2016-08-15','2016-08-15',NULL,NULL,22,NULL,'2016-08-15 01:10:42','2016-08-15 01:10:42'),(120,24,'ItemLine',NULL,242,1,'2016-08-15','2016-08-15',NULL,NULL,23,NULL,'2016-08-15 01:10:42','2016-08-15 01:10:42'),(121,24,'ItemLine',NULL,246,1,'2016-08-15','2016-08-15',NULL,NULL,23,NULL,'2016-08-15 01:10:42','2016-08-15 01:10:42'),(122,24,'ItemLine',NULL,250,1,'2016-08-15','2016-08-15',NULL,NULL,23,NULL,'2016-08-15 01:10:42','2016-08-15 01:10:42'),(123,25,'ItemLine',NULL,254,1,'2016-08-15','2016-08-15',NULL,NULL,24,NULL,'2016-08-15 01:10:42','2016-08-15 01:10:42'),(124,25,'ItemLine',NULL,258,1,'2016-08-15','2016-08-15',NULL,NULL,24,NULL,'2016-08-15 01:10:42','2016-08-15 01:10:42'),(125,25,'ItemLine',NULL,262,1,'2016-08-15','2016-08-15',NULL,NULL,24,NULL,'2016-08-15 01:10:42','2016-08-15 01:10:42'),(126,25,'ItemLine',NULL,266,1,'2016-08-15','2016-08-15',NULL,NULL,24,NULL,'2016-08-15 01:10:42','2016-08-15 01:10:42'),(127,26,'ItemLine',NULL,270,1,'2016-08-15','2016-08-15',NULL,NULL,25,NULL,'2016-08-15 01:10:42','2016-08-15 01:10:42'),(128,26,'ItemLine',NULL,274,1,'2016-08-15','2016-08-15',NULL,NULL,25,NULL,'2016-08-15 01:10:42','2016-08-15 01:10:42'),(129,26,'ItemLine',NULL,278,1,'2016-08-15','2016-08-15',NULL,NULL,25,NULL,'2016-08-15 01:10:42','2016-08-15 01:10:42'),(130,26,'ItemLine',NULL,282,1,'2016-08-15','2016-08-15',NULL,NULL,25,NULL,'2016-08-15 01:10:42','2016-08-15 01:10:42'),(131,26,'ItemLine',NULL,286,1,'2016-08-15','2016-08-15',NULL,NULL,25,NULL,'2016-08-15 01:10:42','2016-08-15 01:10:42'),(132,27,'ItemLine',NULL,104,1,'2016-08-15','2016-08-15',NULL,NULL,26,NULL,'2016-08-15 01:10:42','2016-08-15 01:10:42'),(133,28,'ItemLine',NULL,104,1,'2016-08-15','2016-08-15',NULL,NULL,27,NULL,'2016-08-15 01:10:42','2016-08-15 01:10:42'),(134,28,'ItemLine',NULL,72,1,'2016-08-15','2016-08-15',NULL,NULL,27,NULL,'2016-08-15 01:10:42','2016-08-15 01:10:42'),(135,29,'ItemLine',NULL,104,1,'2016-08-22','2016-08-23',NULL,NULL,28,NULL,'2016-08-15 01:10:42','2016-08-15 01:10:42'),(136,30,'ItemLine',NULL,46,1,'2016-08-15','2016-08-15',NULL,NULL,29,NULL,'2016-08-15 01:10:42','2016-08-15 01:10:42'),(137,30,'ItemLine',NULL,46,1,'2016-08-15','2016-08-15',NULL,NULL,29,NULL,'2016-08-15 01:10:42','2016-08-15 01:10:42'),(138,30,'ItemLine',NULL,46,1,'2016-08-15','2016-08-15',NULL,NULL,29,NULL,'2016-08-15 01:10:42','2016-08-15 01:10:42'),(139,31,'ItemLine',NULL,72,1,'2016-08-15','2016-08-15',NULL,NULL,30,NULL,'2016-08-15 01:10:42','2016-08-15 01:10:42'),(140,31,'ItemLine',NULL,72,1,'2016-08-15','2016-08-15',NULL,NULL,30,NULL,'2016-08-15 01:10:42','2016-08-15 01:10:42'),(141,31,'ItemLine',NULL,72,1,'2016-08-15','2016-08-15',NULL,NULL,30,NULL,'2016-08-15 01:10:42','2016-08-15 01:10:42'),(142,31,'ItemLine',NULL,104,1,'2016-08-15','2016-08-15',NULL,NULL,30,NULL,'2016-08-15 01:10:42','2016-08-15 01:10:42'),(143,31,'OptionLine',NULL,NULL,5,'2016-08-15','2016-08-16',NULL,1,30,NULL,'2016-08-15 01:10:42','2016-08-15 01:10:42'),(144,32,'ItemLine',63,72,1,'2016-08-15','2016-08-15',NULL,NULL,31,NULL,'2016-08-15 01:10:42','2016-08-15 01:10:42'),(145,33,'ItemLine',270,290,1,'2016-08-15','2016-08-15',NULL,NULL,32,NULL,'2016-08-15 01:10:42','2016-08-15 01:10:42'),(146,34,'ItemLine',34,45,1,'2016-08-15','2016-08-15',NULL,NULL,33,NULL,'2016-08-15 01:10:42','2016-08-15 01:10:42'),(147,34,'ItemLine',267,286,1,'2016-08-15','2016-08-15','2016-08-15',NULL,33,18,'2016-08-15 01:10:42','2016-08-15 01:10:42'),(148,35,'ItemLine',39,46,1,'2016-08-15','2016-08-15',NULL,NULL,34,NULL,'2016-08-15 01:10:42','2016-08-15 01:10:42'),(149,36,'ItemLine',104,107,1,'2016-08-15','2016-08-16',NULL,NULL,35,NULL,'2016-08-15 01:10:42','2016-08-15 01:10:42'),(150,37,'ItemLine',NULL,72,1,'2016-08-22','2016-08-25',NULL,NULL,36,NULL,'2016-08-15 01:10:42','2016-08-15 01:10:42'),(151,37,'ItemLine',NULL,104,1,'2016-08-22','2016-08-25',NULL,NULL,36,NULL,'2016-08-15 01:10:42','2016-08-15 01:10:42'),(152,37,'ItemLine',NULL,104,1,'2016-08-23','2016-08-26',NULL,NULL,36,NULL,'2016-08-15 01:10:42','2016-08-15 01:10:42'),(153,38,'ItemLine',NULL,NULL,1,'2016-08-15','2016-08-16',NULL,NULL,36,NULL,'2016-08-15 01:10:42','2016-08-15 01:10:42'),(154,39,'ItemLine',NULL,46,1,'2016-08-13','2016-08-16',NULL,NULL,37,NULL,'2016-08-15 01:10:42','2016-08-15 01:10:42'),(155,39,'ItemLine',NULL,291,1,'2016-08-13','2016-08-16',NULL,NULL,37,NULL,'2016-08-15 01:10:42','2016-08-15 01:10:42'),(156,40,'ItemLine',129,46,1,'2016-08-15','2016-08-15',NULL,NULL,38,NULL,'2016-08-15 01:10:42','2016-08-15 01:10:42'),(157,40,'OptionLine',NULL,NULL,1,'2016-08-15','2016-08-15',NULL,1,38,NULL,'2016-08-15 01:10:42','2016-08-15 01:10:42'),(158,41,'ItemLine',NULL,72,1,'2016-09-21','2016-09-29',NULL,NULL,39,NULL,'2016-08-15 01:10:42','2016-08-15 01:10:42'),(159,42,'ItemLine',NULL,72,1,'2016-10-06','2016-10-09',NULL,NULL,40,NULL,'2016-08-15 01:10:42','2016-08-15 01:10:42'),(160,42,'ItemLine',NULL,72,1,'2016-10-06','2016-10-09',NULL,NULL,40,NULL,'2016-08-15 01:10:42','2016-08-15 01:10:42'),(161,42,'ItemLine',NULL,72,1,'2016-10-06','2016-10-09',NULL,NULL,40,NULL,'2016-08-15 01:10:42','2016-08-15 01:10:42'),(162,42,'ItemLine',NULL,72,1,'2016-10-06','2016-10-09',NULL,NULL,40,NULL,'2016-08-15 01:10:42','2016-08-15 01:10:42'),(163,42,'ItemLine',NULL,72,1,'2016-10-06','2016-10-09',NULL,NULL,40,NULL,'2016-08-15 01:10:42','2016-08-15 01:10:42'),(164,42,'ItemLine',NULL,72,1,'2016-10-06','2016-10-09',NULL,NULL,40,NULL,'2016-08-15 01:10:42','2016-08-15 01:10:42'),(165,43,'ItemLine',NULL,29,1,'2016-08-15','2016-08-15',NULL,NULL,41,NULL,'2016-08-15 01:10:42','2016-08-15 01:10:42'),(166,44,'ItemLine',99,104,1,'2016-08-10','2016-08-14',NULL,NULL,42,NULL,'2016-08-10 00:00:00','2016-08-10 00:00:00');
/*!40000 ALTER TABLE `contract_lines` ENABLE KEYS */;
UNLOCK TABLES;

--
-- Table structure for table `contracts`
--

DROP TABLE IF EXISTS `contracts`;
/*!40101 SET @saved_cs_client     = @@character_set_client */;
/*!40101 SET character_set_client = utf8 */;
CREATE TABLE `contracts` (
  `id` int(11) NOT NULL AUTO_INCREMENT,
  `user_id` int(11) DEFAULT NULL,
  `delegated_user_id` int(11) DEFAULT NULL,
  `inventory_pool_id` int(11) DEFAULT NULL,
  `note` text COLLATE utf8_unicode_ci,
  `handed_over_by_user_id` int(11) DEFAULT NULL,
  `created_at` datetime DEFAULT NULL,
  `updated_at` datetime DEFAULT NULL,
  `status` enum('unsubmitted','submitted','rejected','approved','signed','closed') COLLATE utf8_unicode_ci NOT NULL,
  PRIMARY KEY (`id`),
  KEY `index_contracts_on_inventory_pool_id` (`inventory_pool_id`),
  KEY `index_contracts_on_status` (`status`),
  KEY `index_contracts_on_user_id` (`user_id`)
) ENGINE=InnoDB AUTO_INCREMENT=45 DEFAULT CHARSET=utf8 COLLATE=utf8_unicode_ci;
/*!40101 SET character_set_client = @saved_cs_client */;

--
-- Dumping data for table `contracts`
--

LOCK TABLES `contracts` WRITE;
/*!40000 ALTER TABLE `contracts` DISABLE KEYS */;
INSERT INTO `contracts` VALUES (1,5,NULL,5,NULL,NULL,'2016-08-15 01:10:42','2016-08-15 01:10:42','unsubmitted'),(2,6,NULL,10,NULL,NULL,'2016-08-15 01:10:42','2016-08-15 01:10:42','approved'),(3,7,NULL,1,NULL,NULL,'2016-08-15 01:10:42','2016-08-15 01:10:42','closed'),(4,12,NULL,1,NULL,NULL,'2016-08-11 02:27:14','2016-08-11 02:27:14','submitted'),(5,12,NULL,1,NULL,NULL,'2016-08-11 02:27:14','2016-08-11 02:27:14','approved'),(6,12,NULL,1,NULL,NULL,'2016-08-11 02:27:14','2016-08-11 02:27:14','rejected'),(7,12,NULL,1,NULL,NULL,'2016-08-14 10:20:36','2016-08-14 10:20:36','submitted'),(8,12,NULL,1,NULL,NULL,'2016-08-14 04:10:24','2016-08-14 04:10:24','submitted'),(9,13,NULL,1,NULL,NULL,'2016-08-15 01:10:42','2016-08-15 01:10:42','submitted'),(10,14,NULL,1,NULL,NULL,'2016-08-15 01:10:42','2016-08-15 01:10:42','submitted'),(11,15,NULL,1,NULL,NULL,'2016-08-15 01:10:42','2016-08-15 01:10:42','submitted'),(12,16,NULL,1,NULL,NULL,'2016-08-15 01:10:42','2016-08-15 01:10:42','submitted'),(13,20,NULL,1,NULL,NULL,'2016-08-15 01:10:42','2016-08-15 01:10:42','approved'),(14,21,NULL,1,NULL,18,'2016-08-15 01:10:42','2016-08-15 01:10:42','signed'),(15,22,NULL,1,NULL,18,'2016-08-15 01:10:42','2016-08-15 01:10:42','signed'),(16,23,NULL,1,NULL,18,'2016-08-15 01:10:42','2016-08-15 01:10:42','signed'),(17,24,NULL,2,NULL,18,'2016-08-10 00:00:00','2016-08-10 00:00:00','signed'),(18,28,26,1,NULL,NULL,'2016-08-15 01:10:42','2016-08-15 01:10:42','submitted'),(19,28,27,1,NULL,NULL,'2016-08-15 01:10:42','2016-08-15 01:10:42','approved'),(20,28,26,1,NULL,18,'2016-08-15 01:10:42','2016-08-15 01:10:42','signed'),(21,28,26,1,NULL,18,'2016-08-10 00:00:00','2016-08-10 00:00:00','signed'),(22,32,NULL,1,NULL,NULL,'2016-08-15 01:10:42','2016-08-15 01:10:42','submitted'),(23,32,NULL,3,NULL,NULL,'2016-08-15 01:10:42','2016-08-15 01:10:42','submitted'),(24,32,NULL,1,NULL,NULL,'2016-08-15 01:10:42','2016-08-15 01:10:42','submitted'),(25,32,NULL,2,NULL,NULL,'2016-08-15 01:10:42','2016-08-15 01:10:42','submitted'),(26,32,NULL,2,NULL,NULL,'2016-08-15 01:10:42','2016-08-15 01:10:42','submitted'),(27,32,NULL,1,NULL,NULL,'2016-08-15 01:10:42','2016-08-15 01:10:42','approved'),(28,32,NULL,1,NULL,NULL,'2016-08-15 01:10:42','2016-08-15 01:10:42','approved'),(29,32,NULL,1,NULL,NULL,'2016-08-15 01:10:42','2016-08-15 01:10:42','approved'),(30,32,NULL,1,NULL,NULL,'2016-08-15 01:10:42','2016-08-15 01:10:42','approved'),(31,32,NULL,1,NULL,NULL,'2016-08-15 01:10:42','2016-08-15 01:10:42','approved'),(32,32,NULL,1,NULL,18,'2016-08-15 01:10:42','2016-08-15 01:10:42','signed'),(33,32,NULL,1,NULL,18,'2016-08-15 01:10:42','2016-08-15 01:10:42','signed'),(34,32,NULL,2,NULL,18,'2016-08-15 01:10:42','2016-08-15 01:10:42','signed'),(35,32,NULL,2,NULL,18,'2016-08-15 01:10:42','2016-08-15 01:10:42','signed'),(36,32,NULL,1,NULL,18,'2016-08-15 01:10:42','2016-08-15 01:10:42','signed'),(37,33,NULL,1,NULL,NULL,'2016-08-15 01:10:42','2016-08-15 01:10:42','submitted'),(38,33,NULL,1,NULL,NULL,'2016-08-15 01:10:42','2016-08-15 01:10:42','submitted'),(39,33,NULL,1,NULL,NULL,'2016-08-15 01:10:42','2016-08-15 01:10:42','approved'),(40,33,NULL,1,NULL,18,'2016-08-15 01:10:42','2016-08-15 01:10:42','signed'),(41,34,NULL,1,NULL,NULL,'2016-08-15 01:10:42','2016-08-15 01:10:42','submitted'),(42,34,NULL,1,NULL,NULL,'2016-08-15 01:10:42','2016-08-15 01:10:42','submitted'),(43,34,NULL,1,NULL,NULL,'2016-08-15 01:10:42','2016-08-15 01:10:42','approved'),(44,34,NULL,1,NULL,18,'2016-08-10 00:00:00','2016-08-10 00:00:00','signed');
/*!40000 ALTER TABLE `contracts` ENABLE KEYS */;
UNLOCK TABLES;

--
-- Table structure for table `database_authentications`
--

DROP TABLE IF EXISTS `database_authentications`;
/*!40101 SET @saved_cs_client     = @@character_set_client */;
/*!40101 SET character_set_client = utf8 */;
CREATE TABLE `database_authentications` (
  `id` int(11) NOT NULL AUTO_INCREMENT,
  `login` varchar(255) COLLATE utf8_unicode_ci DEFAULT NULL,
  `crypted_password` varchar(40) COLLATE utf8_unicode_ci DEFAULT NULL,
  `salt` varchar(40) COLLATE utf8_unicode_ci DEFAULT NULL,
  `user_id` int(11) DEFAULT NULL,
  `created_at` datetime DEFAULT NULL,
  `updated_at` datetime DEFAULT NULL,
  PRIMARY KEY (`id`)
) ENGINE=InnoDB AUTO_INCREMENT=31 DEFAULT CHARSET=utf8 COLLATE=utf8_unicode_ci;
/*!40101 SET character_set_client = @saved_cs_client */;

--
-- Dumping data for table `database_authentications`
--

LOCK TABLES `database_authentications` WRITE;
/*!40000 ALTER TABLE `database_authentications` DISABLE KEYS */;
INSERT INTO `database_authentications` VALUES (1,'ramon','1d10bd5edd594e601a52f30c760dc8e1fa2b254e','c2cae6b17bcd76d579c419996da69f21e6a64f80',1,'2016-08-15 01:10:42','2016-08-15 01:10:42'),(2,'gielle_8613','941a33926f1478b1104f3ae8e94f29fb4e497110','3281fda6aa82011c2560e734742851006082d27a',2,'2016-08-15 01:10:42','2016-08-15 01:10:42'),(3,'cordie_1651','a23f2ee5c7b38975a899525b6cfec6e45ab914ac','bf6327ebef4acd64583780bd2cfbec58b87a988a',3,'2016-08-15 01:10:42','2016-08-15 01:10:42'),(4,'julia.krajcik_3831','a39f507b40dcbe61f37161416806f0fb79d38057','8e09caa0c9df634fb9ad8f45876fee03e979ff65',4,'2016-08-15 01:10:42','2016-08-15 01:10:42'),(5,'abigayle_8816','c3e056b013e96fdf1f338b7cfba56bef272198bb','09f38fdc2400c78e83ddfc37f5bb9204d6e105b1',5,'2016-08-15 01:10:42','2016-08-15 01:10:42'),(6,'gianni.miller_4242','32917f23a323327160880117e3f65daf8322a0c5','3dbe690f4b8c3e53dbe62eda6fa8ec336e2f1bd1',6,'2016-08-15 01:10:42','2016-08-15 01:10:42'),(7,'lilliana_kling_4684','5f773685aca4f5d4396d8c457f3891716a8b8c08','8a45eaffff6ccad0aac2d7d5cb5d8577ef0922aa',7,'2016-08-15 01:10:42','2016-08-15 01:10:42'),(8,'matti','3b71c9090ae0999975d81b91a4c97cd28611b232','bac4656fdeb21499e7d1325a6e4bf7b3ce571ff7',8,'2016-08-15 01:10:42','2016-08-15 01:10:42'),(9,'mike','aab0b25c1e06ba1bd3a143635d745df3ba02ce83','4fcd6417a834a0409cbaedcdbb750cdd488e3951',9,'2016-08-15 01:10:42','2016-08-15 01:10:42'),(10,'andi','be3b761084da1f90113da9ad95c3e20998cde8d2','7e954932f9c5622b7314d59aa0e026b007a726f1',10,'2016-08-15 01:10:42','2016-08-15 01:10:42'),(11,'angeline_2701','c6e655a3577ca7e3414a14e111f5e139ea4caac5','48b08286ae5d215c6766d49f14662874edf471ae',11,'2016-08-15 01:10:42','2016-08-15 01:10:42'),(12,'thalia_5068','488ed85ee8be21ab785f797b88fcabb1f56a8f2b','84476a6dd2ab985ed7fca2a7a4d063a7e72b721b',12,'2016-08-15 01:10:42','2016-08-15 01:10:42'),(13,'marisol_5372','869f8889b90f3119d5217f45833879f3ee518b53','009c517dca6f62f0d74b9a4c1f4b42d8da8264cf',13,'2016-08-15 01:10:42','2016-08-15 01:10:42'),(14,'shayne.prohaska_1968','03722d24a3a229f155a2c6448d841b4e06707d98','d2519fc6bab01f9ce8d4e09c69ebfd2985fc8db0',14,'2016-08-15 01:10:42','2016-08-15 01:10:42'),(15,'burley_2507','70e75fc9064c0ce280141081d78c5799084224f4','b87fa70a5e9fd5f148b1f933c517c37801f17c3a',15,'2016-08-15 01:10:42','2016-08-15 01:10:42'),(16,'haylie_2478','fc0b9328529047c67da6d3f34d4a49fe4ca46926','124913c085669f0d8d9538f709ba9be49926d02c',16,'2016-08-15 01:10:42','2016-08-15 01:10:42'),(17,'gino','2113c843e168245bc09a4498a5b6221ac9ff8b3a','cfca3e21d6d4f359cbc9b8e8f3264d0dff3bf8a0',17,'2016-08-15 01:10:42','2016-08-15 01:10:42'),(18,'pius','8b8f17a57d14763ba0e5c5bfb0e91fcf29c20996','0f749cf7938e08ada36f60d3f2d817ad2e9071b7',18,'2016-08-15 01:10:42','2016-08-15 01:10:42'),(19,'peter','f6e96941b49817d8ccbb1957a27d3d86ce6631c4','5a19e838b18567a8c50f65cfbaf04a1f287bc297',19,'2016-08-15 01:10:42','2016-08-15 01:10:42'),(20,'bryce_thompson_7166','ae180f930e9347c0a604a762daa3c3a058686084','742d2bc0fa342bdb37a38625f0abbeb1f5e0ab10',20,'2016-08-15 01:10:42','2016-08-15 01:10:42'),(21,'ervin_turcotte_9344','d306a969145d6a483701983929218c491cd1e96b','fa825fc283d6ec77c3c47e3f2141194d82a0769a',21,'2016-08-15 01:10:42','2016-08-15 01:10:42'),(22,'dino_reichel_1235','cafd47624000504ddb86400245591ec316dd418c','9a1111c415249247417ffc30fa5805db9ca90d58',22,'2016-08-15 01:10:42','2016-08-15 01:10:42'),(23,'pinkie_695','c0b32e9e3c08b3a7b12cc4ab2e1dfb126e86a010','354ac5b3090c9688275dea984cbfcf170032b8ad',23,'2016-08-15 01:10:42','2016-08-15 01:10:42'),(24,'minnie_9440','9595d4c59f09561340c143ef6a1fc312534f0a78','556b5c7f5534899d20db26360c4628667b97a612',24,'2016-08-10 00:00:00','2016-08-10 00:00:00'),(25,'mariam_8781','b5569e2e6c4f37c6c9c55d0719dd1884fabc0302','43a7f28013f60db29c9d5af75ae390d4689c3b00',25,'2016-08-10 00:00:00','2016-08-10 00:00:00'),(26,'mina','91e0fa59ff0177930b659e9786e6b3a938ae6ae7','e4cd6fa90d61eb2d88819ea3b98707e93d3cd2a1',26,'2016-08-15 01:10:42','2016-08-15 01:10:42'),(27,'julie','61fba16f20fb8b4e77686d41672aa218d829d3a9','c7c83ead59745b604eef75955fa9b5e9c3305ea7',27,'2016-08-15 01:10:42','2016-08-15 01:10:42'),(28,'normin','dc5624ee55e846f1a821165fa9026550898f913c','b08dcdacc4e1e70ff7ce29ee6fc8e35c148f1f3a',32,'2016-08-15 01:10:42','2016-08-15 01:10:42'),(29,'petra','35c32862307636a3ca25a0b19bbfc7f600af369c','2724da3e1e478bbcab786b65389b9304e2c7ff72',33,'2016-08-15 01:10:42','2016-08-15 01:10:42'),(30,'lisa','6f2a1dcb35d459e84323e6891641917381740514','a5f30b7d238cedcb609dbd346cff31f6939a00ec',34,'2016-08-15 01:10:42','2016-08-15 01:10:42');
/*!40000 ALTER TABLE `database_authentications` ENABLE KEYS */;
UNLOCK TABLES;

--
-- Table structure for table `delegations_users`
--

DROP TABLE IF EXISTS `delegations_users`;
/*!40101 SET @saved_cs_client     = @@character_set_client */;
/*!40101 SET character_set_client = utf8 */;
CREATE TABLE `delegations_users` (
  `delegation_id` int(11) DEFAULT NULL,
  `user_id` int(11) DEFAULT NULL,
  UNIQUE KEY `index_delegations_users_on_user_id_and_delegation_id` (`user_id`,`delegation_id`),
  KEY `index_delegations_users_on_delegation_id` (`delegation_id`)
) ENGINE=InnoDB DEFAULT CHARSET=utf8 COLLATE=utf8_unicode_ci;
/*!40101 SET character_set_client = @saved_cs_client */;

--
-- Dumping data for table `delegations_users`
--

LOCK TABLES `delegations_users` WRITE;
/*!40000 ALTER TABLE `delegations_users` DISABLE KEYS */;
INSERT INTO `delegations_users` VALUES (28,26),(29,26),(30,26),(31,26),(28,27),(29,27),(30,27),(31,27);
/*!40000 ALTER TABLE `delegations_users` ENABLE KEYS */;
UNLOCK TABLES;

--
-- Table structure for table `groups`
--

DROP TABLE IF EXISTS `groups`;
/*!40101 SET @saved_cs_client     = @@character_set_client */;
/*!40101 SET character_set_client = utf8 */;
CREATE TABLE `groups` (
  `id` int(11) NOT NULL AUTO_INCREMENT,
  `name` varchar(255) COLLATE utf8_unicode_ci DEFAULT NULL,
  `inventory_pool_id` int(11) DEFAULT NULL,
  `is_verification_required` tinyint(1) DEFAULT '0',
  `created_at` datetime DEFAULT NULL,
  `updated_at` datetime DEFAULT NULL,
  PRIMARY KEY (`id`),
  KEY `index_groups_on_inventory_pool_id` (`inventory_pool_id`),
  KEY `index_groups_on_is_verification_required` (`is_verification_required`)
) ENGINE=InnoDB AUTO_INCREMENT=10 DEFAULT CHARSET=utf8 COLLATE=utf8_unicode_ci;
/*!40101 SET character_set_client = @saved_cs_client */;

--
-- Dumping data for table `groups`
--

LOCK TABLES `groups` WRITE;
/*!40000 ALTER TABLE `groups` DISABLE KEYS */;
INSERT INTO `groups` VALUES (1,'Cast',1,0,'2016-08-15 01:10:42','2016-08-15 01:10:42'),(2,'IAD',1,0,'2016-08-15 01:10:42','2016-08-15 01:10:42'),(3,'Wu',1,0,'2016-08-15 01:10:42','2016-08-15 01:10:42'),(4,'Group Hifi',1,0,'2016-08-15 01:10:42','2016-08-15 01:10:42'),(5,'Group A',1,0,'2016-08-15 01:10:42','2016-08-15 01:10:42'),(6,'Group B',1,0,'2016-08-15 01:10:42','2016-08-15 01:10:42'),(7,'FFI',1,1,'2016-08-15 01:10:42','2016-08-15 01:10:42'),(8,'VTO',1,1,'2016-08-15 01:10:42','2016-08-15 01:10:42'),(9,'1. Semester',2,1,'2016-08-15 01:10:42','2016-08-15 01:10:42');
/*!40000 ALTER TABLE `groups` ENABLE KEYS */;
UNLOCK TABLES;

--
-- Table structure for table `groups_users`
--

DROP TABLE IF EXISTS `groups_users`;
/*!40101 SET @saved_cs_client     = @@character_set_client */;
/*!40101 SET character_set_client = utf8 */;
CREATE TABLE `groups_users` (
  `user_id` int(11) DEFAULT NULL,
  `group_id` int(11) DEFAULT NULL,
  UNIQUE KEY `index_groups_users_on_user_id_and_group_id` (`user_id`,`group_id`),
  KEY `index_groups_users_on_group_id` (`group_id`)
) ENGINE=InnoDB DEFAULT CHARSET=utf8 COLLATE=utf8_unicode_ci;
/*!40101 SET character_set_client = @saved_cs_client */;

--
-- Dumping data for table `groups_users`
--

LOCK TABLES `groups_users` WRITE;
/*!40000 ALTER TABLE `groups_users` DISABLE KEYS */;
INSERT INTO `groups_users` VALUES (12,7),(12,8),(13,7),(14,7),(14,8),(15,7),(15,9),(16,7),(32,1),(34,1);
/*!40000 ALTER TABLE `groups_users` ENABLE KEYS */;
UNLOCK TABLES;

--
-- Table structure for table `histories`
--

DROP TABLE IF EXISTS `histories`;
/*!40101 SET @saved_cs_client     = @@character_set_client */;
/*!40101 SET character_set_client = utf8 */;
CREATE TABLE `histories` (
  `id` int(11) NOT NULL AUTO_INCREMENT,
  `text` varchar(255) COLLATE utf8_unicode_ci DEFAULT '',
  `type_const` int(11) DEFAULT NULL,
  `created_at` datetime NOT NULL,
  `target_id` int(11) NOT NULL,
  `target_type` varchar(255) COLLATE utf8_unicode_ci NOT NULL,
  `user_id` int(11) DEFAULT NULL,
  PRIMARY KEY (`id`),
  KEY `index_histories_on_target_type_and_target_id` (`target_type`,`target_id`),
  KEY `index_histories_on_type_const` (`type_const`),
  KEY `index_histories_on_user_id` (`user_id`)
) ENGINE=InnoDB AUTO_INCREMENT=14 DEFAULT CHARSET=utf8 COLLATE=utf8_unicode_ci;
/*!40101 SET character_set_client = @saved_cs_client */;

--
-- Dumping data for table `histories`
--

LOCK TABLES `histories` WRITE;
/*!40000 ALTER TABLE `histories` DISABLE KEYS */;
INSERT INTO `histories` VALUES (1,'Contract 14 has been signed by Moriah Schuppe',1,'2016-08-15 01:10:42',14,'Contract',18),(2,'Contract 15 has been signed by Margarette Cole',1,'2016-08-15 01:10:42',15,'Contract',18),(3,'Contract 16 has been signed by Makenzie Waelchi',1,'2016-08-15 01:10:42',16,'Contract',18),(4,'Contract 17 has been signed by Nyasia Ledner',1,'2016-08-10 00:00:00',17,'Contract',18),(5,'Contract 20 has been signed by Quia et neque sunt.',1,'2016-08-15 01:10:42',20,'Contract',18),(6,'Contract 21 has been signed by Quia et neque sunt.',1,'2016-08-10 00:00:00',21,'Contract',18),(7,'Contract 32 has been signed by Normin N.',1,'2016-08-15 01:10:42',32,'Contract',18),(8,'Contract 33 has been signed by Normin N.',1,'2016-08-15 01:10:42',33,'Contract',18),(9,'Contract 34 has been signed by Normin N.',1,'2016-08-15 01:10:42',34,'Contract',18),(10,'Contract 35 has been signed by Normin N.',1,'2016-08-15 01:10:42',35,'Contract',18),(11,'Contract 36 has been signed by Normin N.',1,'2016-08-15 01:10:42',36,'Contract',18),(12,'Contract 40 has been signed by Petra K.',1,'2016-08-15 01:10:42',40,'Contract',18),(13,'Contract 44 has been signed by Lisa L.',1,'2016-08-10 00:00:00',44,'Contract',18);
/*!40000 ALTER TABLE `histories` ENABLE KEYS */;
UNLOCK TABLES;

--
-- Table structure for table `holidays`
--

DROP TABLE IF EXISTS `holidays`;
/*!40101 SET @saved_cs_client     = @@character_set_client */;
/*!40101 SET character_set_client = utf8 */;
CREATE TABLE `holidays` (
  `id` int(11) NOT NULL AUTO_INCREMENT,
  `inventory_pool_id` int(11) DEFAULT NULL,
  `start_date` date DEFAULT NULL,
  `end_date` date DEFAULT NULL,
  `name` varchar(255) COLLATE utf8_unicode_ci DEFAULT NULL,
  PRIMARY KEY (`id`),
  KEY `index_holidays_on_inventory_pool_id` (`inventory_pool_id`),
  KEY `index_holidays_on_start_date_and_end_date` (`start_date`,`end_date`)
) ENGINE=InnoDB AUTO_INCREMENT=5 DEFAULT CHARSET=utf8 COLLATE=utf8_unicode_ci;
/*!40101 SET character_set_client = @saved_cs_client */;

--
-- Dumping data for table `holidays`
--

LOCK TABLES `holidays` WRITE;
/*!40000 ALTER TABLE `holidays` DISABLE KEYS */;
INSERT INTO `holidays` VALUES (1,1,'2016-12-24','2016-12-24','Christmas'),(2,2,'2016-12-24','2016-12-24','Christmas'),(3,3,'2016-12-24','2016-12-24','Christmas'),(4,1,'2016-12-24','2016-12-24','Christmas');
/*!40000 ALTER TABLE `holidays` ENABLE KEYS */;
UNLOCK TABLES;

--
-- Table structure for table `images`
--

DROP TABLE IF EXISTS `images`;
/*!40101 SET @saved_cs_client     = @@character_set_client */;
/*!40101 SET character_set_client = utf8 */;
CREATE TABLE `images` (
  `id` int(11) NOT NULL AUTO_INCREMENT,
  `model_id` int(11) DEFAULT NULL,
  `is_main` tinyint(1) DEFAULT '0',
  `content_type` varchar(255) COLLATE utf8_unicode_ci DEFAULT NULL,
  `filename` varchar(255) COLLATE utf8_unicode_ci DEFAULT NULL,
  `size` int(11) DEFAULT NULL,
  `height` int(11) DEFAULT NULL,
  `width` int(11) DEFAULT NULL,
  `parent_id` int(11) DEFAULT NULL,
  `thumbnail` varchar(255) COLLATE utf8_unicode_ci DEFAULT NULL,
  PRIMARY KEY (`id`),
  KEY `index_images_on_model_id` (`model_id`)
) ENGINE=InnoDB AUTO_INCREMENT=4 DEFAULT CHARSET=utf8 COLLATE=utf8_unicode_ci;
/*!40101 SET character_set_client = @saved_cs_client */;

--
-- Dumping data for table `images`
--

LOCK TABLES `images` WRITE;
/*!40000 ALTER TABLE `images` DISABLE KEYS */;
INSERT INTO `images` VALUES (1,137,0,'image/jpeg','Dr. Daren Marks',NULL,NULL,NULL,NULL,NULL),(2,137,0,'image/jpeg','Rylee Moen',NULL,NULL,NULL,NULL,NULL),(3,138,0,'image/jpeg','Tristian Frami I',NULL,NULL,NULL,NULL,NULL);
/*!40000 ALTER TABLE `images` ENABLE KEYS */;
UNLOCK TABLES;

--
-- Table structure for table `inventory_pools`
--

DROP TABLE IF EXISTS `inventory_pools`;
/*!40101 SET @saved_cs_client     = @@character_set_client */;
/*!40101 SET character_set_client = utf8 */;
CREATE TABLE `inventory_pools` (
  `id` int(11) NOT NULL AUTO_INCREMENT,
  `name` varchar(255) COLLATE utf8_unicode_ci DEFAULT NULL,
  `description` text COLLATE utf8_unicode_ci,
  `contact_details` varchar(255) COLLATE utf8_unicode_ci DEFAULT NULL,
  `contract_description` varchar(255) COLLATE utf8_unicode_ci DEFAULT NULL,
  `contract_url` varchar(255) COLLATE utf8_unicode_ci DEFAULT NULL,
  `logo_url` varchar(255) COLLATE utf8_unicode_ci DEFAULT NULL,
  `default_contract_note` text COLLATE utf8_unicode_ci,
  `shortname` varchar(255) COLLATE utf8_unicode_ci DEFAULT NULL,
  `email` varchar(255) COLLATE utf8_unicode_ci DEFAULT NULL,
  `color` text COLLATE utf8_unicode_ci,
  `print_contracts` tinyint(1) DEFAULT '1',
  `opening_hours` text COLLATE utf8_unicode_ci,
  `address_id` int(11) DEFAULT NULL,
  `automatic_suspension` tinyint(1) NOT NULL DEFAULT '0',
  `automatic_suspension_reason` text COLLATE utf8_unicode_ci,
  `automatic_access` tinyint(1) DEFAULT NULL,
  PRIMARY KEY (`id`),
  UNIQUE KEY `index_inventory_pools_on_name` (`name`)
) ENGINE=InnoDB AUTO_INCREMENT=13 DEFAULT CHARSET=utf8 COLLATE=utf8_unicode_ci;
/*!40101 SET character_set_client = @saved_cs_client */;

--
-- Dumping data for table `inventory_pools`
--

LOCK TABLES `inventory_pools` WRITE;
/*!40000 ALTER TABLE `inventory_pools` DISABLE KEYS */;
INSERT INTO `inventory_pools` VALUES (1,'A-Ausleihe','Wichtige Hinweise...\n Bitte die Gegenstnde rechtzeitig zurckbringen','A Verleih  /  ZHdK\nav@zh-dk.ch\n+41 00 00 00 00','Gert erhalten','av@zhdk.ch',NULL,'Facilis consectetur consequatur rem.','A','av@zhdk.ch',NULL,1,NULL,NULL,1,'Dolores et sit vero sint similique.',NULL),(2,'IT-Ausleihe','Bringt die Gerte bitte rechtzeitig zurck','IT Verleih  /  ZHdK\nav@zh-dk.ch\n+41 00 00 00 00','Gert erhalten','it@zhdk.ch',NULL,NULL,'IT','it@zhdk.ch',NULL,1,NULL,NULL,1,'Consequatur ea in quis nihil debitis et aut soluta.',NULL),(3,'AV-Technik','Bringt die Gerte bitte rechtzeitig zurck','AV Verleih  /  ZHdK\nav@zh-dk.ch\n+41 00 00 00 00','Gert erhalten','it@zhdk.ch',NULL,NULL,'AV','it@zhdk.ch',NULL,1,NULL,NULL,0,NULL,NULL),(4,'DT deletable','Bringt die Gerte bitte rechtzeitig zurck','AV Verleih  /  ZHdK\nav@zh-dk.ch\n+41 00 00 00 00','Gert erhalten','it@zhdk.ch',NULL,NULL,'DT','it@zhdk.ch',NULL,1,NULL,NULL,0,NULL,NULL),(5,'Aliquamquiaexercitationemvoluptatibus','Aperiam iste quae non pariatur.','Cupiditate sit maxime consequatur voluptatibus harum.','Aliquamquiaexercitationemvoluptatibus','esmeralda@millsolson.name',NULL,NULL,'D06B1G','esmeralda@millsolson.name',NULL,1,NULL,NULL,0,NULL,NULL),(6,'Eumdignissimosnobisid','Dolorem sint aperiam id voluptatem voluptate iste nemo accusamus.','Voluptatum quos ut culpa dolor repellendus unde.','Eumdignissimosnobisid','annetta@powlowski.co.uk',NULL,NULL,'C3FF4S','annetta@powlowski.co.uk',NULL,1,NULL,NULL,0,NULL,NULL),(7,'Corporisporrodoloreet','Enim consectetur quia illo et.','Occaecati natus in eum accusamus eos eum quisquam officia.','Corporisporrodoloreet','jerome@schumm.info',NULL,NULL,'RFJ7A7','jerome@schumm.info',NULL,1,NULL,NULL,0,NULL,NULL),(8,'Sequiveniamnumquammagnam','Laudantium voluptas dolor voluptatem exercitationem.','Sit enim quae sint.','Sequiveniamnumquammagnam','britney@kleinchamplin.com',NULL,NULL,'6WIQX7','britney@kleinchamplin.com',NULL,1,NULL,NULL,0,NULL,NULL),(9,'Iureoccaecatiquasipsum','Ea et soluta eos in quam.','Maxime possimus debitis ipsam maiores in quos.','Iureoccaecatiquasipsum','hulda.rolfson@senger.com',NULL,NULL,'0FF2ZU','hulda.rolfson@senger.com',NULL,1,NULL,NULL,0,NULL,NULL),(10,'Eaautessevitae','Fugit aperiam nemo in rerum.','Qui accusamus perspiciatis numquam.','Eaautessevitae','alexandra@steuber.com',NULL,NULL,'OJFYNH','alexandra@steuber.com',NULL,1,NULL,NULL,0,NULL,NULL),(11,'Quiutnemorepellendus','Sed eos omnis non tempora ipsa.','Sint iure quis voluptates.','Quiutnemorepellendus','tyrell_wilkinson@hintz.name',NULL,NULL,'2OODZB','tyrell_wilkinson@hintz.name',NULL,1,NULL,NULL,0,NULL,NULL),(12,'Etdoloremrepellendusamet','Explicabo tempore eius facere et unde possimus enim nisi.','Iusto et doloribus fugit.','Etdoloremrepellendusamet','august_johnston@watsica.name',NULL,NULL,'QRRUTF','august_johnston@watsica.name',NULL,1,NULL,NULL,0,NULL,NULL);
/*!40000 ALTER TABLE `inventory_pools` ENABLE KEYS */;
UNLOCK TABLES;

--
-- Table structure for table `inventory_pools_model_groups`
--

DROP TABLE IF EXISTS `inventory_pools_model_groups`;
/*!40101 SET @saved_cs_client     = @@character_set_client */;
/*!40101 SET character_set_client = utf8 */;
CREATE TABLE `inventory_pools_model_groups` (
  `inventory_pool_id` int(11) DEFAULT NULL,
  `model_group_id` int(11) DEFAULT NULL,
  KEY `index_inventory_pools_model_groups_on_inventory_pool_id` (`inventory_pool_id`),
  KEY `index_inventory_pools_model_groups_on_model_group_id` (`model_group_id`)
) ENGINE=InnoDB DEFAULT CHARSET=utf8 COLLATE=utf8_unicode_ci;
/*!40101 SET character_set_client = @saved_cs_client */;

--
-- Dumping data for table `inventory_pools_model_groups`
--

LOCK TABLES `inventory_pools_model_groups` WRITE;
/*!40000 ALTER TABLE `inventory_pools_model_groups` DISABLE KEYS */;
INSERT INTO `inventory_pools_model_groups` VALUES (1,12),(1,13),(1,14);
/*!40000 ALTER TABLE `inventory_pools_model_groups` ENABLE KEYS */;
UNLOCK TABLES;

--
-- Table structure for table `items`
--

DROP TABLE IF EXISTS `items`;
/*!40101 SET @saved_cs_client     = @@character_set_client */;
/*!40101 SET character_set_client = utf8 */;
CREATE TABLE `items` (
  `id` int(11) NOT NULL AUTO_INCREMENT,
  `inventory_code` varchar(255) COLLATE utf8_unicode_ci DEFAULT NULL,
  `serial_number` varchar(255) COLLATE utf8_unicode_ci DEFAULT NULL,
  `model_id` int(11) DEFAULT NULL,
  `location_id` int(11) DEFAULT NULL,
  `supplier_id` int(11) DEFAULT NULL,
  `owner_id` int(11) DEFAULT NULL,
  `parent_id` int(11) DEFAULT NULL,
  `invoice_number` varchar(255) COLLATE utf8_unicode_ci DEFAULT NULL,
  `invoice_date` date DEFAULT NULL,
  `last_check` date DEFAULT NULL,
  `retired` date DEFAULT NULL,
  `retired_reason` varchar(255) COLLATE utf8_unicode_ci DEFAULT NULL,
  `price` decimal(8,2) DEFAULT NULL,
  `is_broken` tinyint(1) DEFAULT '0',
  `is_incomplete` tinyint(1) DEFAULT '0',
  `is_borrowable` tinyint(1) DEFAULT '0',
  `needs_permission` tinyint(1) DEFAULT '0',
  `inventory_pool_id` int(11) DEFAULT NULL,
  `is_inventory_relevant` tinyint(1) DEFAULT '0',
  `responsible` varchar(255) COLLATE utf8_unicode_ci DEFAULT NULL,
  `insurance_number` varchar(255) COLLATE utf8_unicode_ci DEFAULT NULL,
  `note` text COLLATE utf8_unicode_ci,
  `name` text COLLATE utf8_unicode_ci,
  `user_name` varchar(255) COLLATE utf8_unicode_ci DEFAULT NULL,
  `properties` varchar(2048) COLLATE utf8_unicode_ci DEFAULT NULL,
  `created_at` datetime DEFAULT NULL,
  `updated_at` datetime DEFAULT NULL,
  PRIMARY KEY (`id`),
  UNIQUE KEY `index_items_on_inventory_code` (`inventory_code`),
  KEY `index_items_on_inventory_pool_id` (`inventory_pool_id`),
  KEY `index_items_on_retired` (`retired`),
  KEY `index_items_on_is_borrowable` (`is_borrowable`),
  KEY `index_items_on_is_broken` (`is_broken`),
  KEY `index_items_on_is_incomplete` (`is_incomplete`),
  KEY `index_items_on_location_id` (`location_id`),
  KEY `index_items_on_owner_id` (`owner_id`),
  KEY `index_items_on_parent_id_and_retired` (`parent_id`,`retired`),
  KEY `index_items_on_model_id_and_retired_and_inventory_pool_id` (`model_id`,`retired`,`inventory_pool_id`)
) ENGINE=InnoDB AUTO_INCREMENT=274 DEFAULT CHARSET=utf8 COLLATE=utf8_unicode_ci;
/*!40101 SET character_set_client = @saved_cs_client */;

--
-- Dumping data for table `items`
--

LOCK TABLES `items` WRITE;
/*!40000 ALTER TABLE `items` DISABLE KEYS */;
INSERT INTO `items` VALUES (1,'cqwq9e7t21weq1k0q1rf373','qui-10205od6569',1,1,1,6,NULL,NULL,'2011-02-13',NULL,NULL,NULL,'344.00',0,0,1,0,5,1,NULL,NULL,NULL,NULL,NULL,'--- !ruby/hash:ActiveSupport::HashWithIndifferentAccess\nanschaffungskategorie: AV-Technik\n','2016-08-15 01:10:42','2016-08-15 01:10:42'),(2,'2r3aioscxramzagixwqo374','vol-6918do1848',1,2,2,7,NULL,NULL,'2015-08-02',NULL,NULL,NULL,'73.00',0,0,1,0,5,1,NULL,NULL,NULL,NULL,NULL,'--- !ruby/hash:ActiveSupport::HashWithIndifferentAccess\nanschaffungskategorie: AV-Technik\n','2016-08-15 01:10:42','2016-08-15 01:10:42'),(3,'bm7v0m8snkup8gva11jb375','acc-10660do8989',1,3,3,8,NULL,NULL,'2011-03-05',NULL,NULL,NULL,'460.00',0,0,1,0,5,1,NULL,NULL,NULL,NULL,NULL,'--- !ruby/hash:ActiveSupport::HashWithIndifferentAccess\nanschaffungskategorie: AV-Technik\n','2016-08-15 01:10:42','2016-08-15 01:10:42'),(4,'u0yhlwc6q5bstpr6pa4g376','exc-7792ad6841',5,4,4,9,NULL,NULL,'2013-03-21',NULL,NULL,NULL,'1479.00',0,0,1,0,5,1,NULL,NULL,NULL,NULL,NULL,'--- !ruby/hash:ActiveSupport::HashWithIndifferentAccess\nanschaffungskategorie: AV-Technik\n','2016-08-15 01:10:42','2016-08-15 01:10:42'),(5,'c65iqm2c8rkf126vu2hl377','iur-6383ne10891',5,5,5,5,NULL,NULL,'2012-07-14',NULL,NULL,NULL,'587.00',0,0,1,0,5,1,NULL,NULL,NULL,NULL,NULL,'--- !ruby/hash:ActiveSupport::HashWithIndifferentAccess\nanschaffungskategorie: AV-Technik\n','2016-08-15 01:10:42','2016-08-15 01:10:42'),(6,'68kk9jus9iabrv68z3oj378','cum-2144ve6964',5,6,6,3,NULL,NULL,'2015-07-04',NULL,NULL,NULL,'993.00',0,0,1,0,5,1,NULL,NULL,NULL,NULL,NULL,'--- !ruby/hash:ActiveSupport::HashWithIndifferentAccess\nanschaffungskategorie: AV-Technik\n','2016-08-15 01:10:42','2016-08-15 01:10:42'),(7,'79ntv0uhi9rgirvx83cl379','est-8963cu8581',9,7,7,9,NULL,NULL,'2011-02-07',NULL,NULL,NULL,'1214.00',0,0,1,0,5,1,NULL,NULL,NULL,NULL,NULL,'--- !ruby/hash:ActiveSupport::HashWithIndifferentAccess\nanschaffungskategorie: AV-Technik\n','2016-08-15 01:10:42','2016-08-15 01:10:42'),(8,'1kn1p3wunubamn7sy62v380','vol-8274ut9217',9,8,8,5,NULL,NULL,'2013-10-31',NULL,NULL,NULL,'116.00',0,0,1,0,5,1,NULL,NULL,NULL,NULL,NULL,'--- !ruby/hash:ActiveSupport::HashWithIndifferentAccess\nanschaffungskategorie: AV-Technik\n','2016-08-15 01:10:42','2016-08-15 01:10:42'),(9,'fdij73qgdrdkngzjhs29381','qui-8069re2169',9,9,9,1,NULL,NULL,'2015-08-07',NULL,NULL,NULL,'1279.00',0,0,1,0,5,1,NULL,NULL,NULL,NULL,NULL,'--- !ruby/hash:ActiveSupport::HashWithIndifferentAccess\nanschaffungskategorie: AV-Technik\n','2016-08-15 01:10:42','2016-08-15 01:10:42'),(10,'j5vy0ih4vtkgpl9897xp382','eas-7193ac6802',13,10,10,3,NULL,NULL,'2012-11-19',NULL,NULL,NULL,'348.00',0,0,1,0,10,1,NULL,NULL,NULL,NULL,NULL,'--- !ruby/hash:ActiveSupport::HashWithIndifferentAccess\nanschaffungskategorie: AV-Technik\n','2016-08-15 01:10:42','2016-08-15 01:10:42'),(11,'j5b60yleds4czzhwitdi383','con-7544qu1116',13,11,11,11,NULL,NULL,'2012-09-24',NULL,NULL,NULL,'929.00',0,0,1,0,10,1,NULL,NULL,NULL,NULL,NULL,'--- !ruby/hash:ActiveSupport::HashWithIndifferentAccess\nanschaffungskategorie: AV-Technik\n','2016-08-15 01:10:42','2016-08-15 01:10:42'),(12,'4mjzi9h2s4n2uc28e9ma384','vol-7580se5888',13,12,12,4,NULL,NULL,'2011-06-24',NULL,NULL,NULL,'382.00',0,0,1,0,10,1,NULL,NULL,NULL,NULL,NULL,'--- !ruby/hash:ActiveSupport::HashWithIndifferentAccess\nanschaffungskategorie: AV-Technik\n','2016-08-15 01:10:42','2016-08-15 01:10:42'),(13,'7w40kzs6uaqv0wom1cvj385','dol-6407vo1653',17,13,13,10,NULL,NULL,'2012-05-28',NULL,NULL,NULL,'1201.00',0,0,1,0,10,1,NULL,NULL,NULL,NULL,NULL,'--- !ruby/hash:ActiveSupport::HashWithIndifferentAccess\nanschaffungskategorie: AV-Technik\n','2016-08-15 01:10:42','2016-08-15 01:10:42'),(14,'7dt90r70bvy2w1kaplgb386','vol-6842ha1039',17,14,14,2,NULL,NULL,'2011-01-11',NULL,NULL,NULL,'790.00',0,0,1,0,10,1,NULL,NULL,NULL,NULL,NULL,'--- !ruby/hash:ActiveSupport::HashWithIndifferentAccess\nanschaffungskategorie: AV-Technik\n','2016-08-15 01:10:42','2016-08-15 01:10:42'),(15,'dk5ldefqohm2tbf64040387','seq-8627si1294',17,15,15,8,NULL,NULL,'2013-08-14',NULL,NULL,NULL,'1194.00',0,0,1,0,10,1,NULL,NULL,NULL,NULL,NULL,'--- !ruby/hash:ActiveSupport::HashWithIndifferentAccess\nanschaffungskategorie: AV-Technik\n','2016-08-15 01:10:42','2016-08-15 01:10:42'),(16,'1pd5zlqmxrl2te301za3388','qui-7449se7284',21,16,16,9,NULL,NULL,'2015-10-16',NULL,NULL,NULL,'1246.00',0,0,1,0,10,1,NULL,NULL,NULL,NULL,NULL,'--- !ruby/hash:ActiveSupport::HashWithIndifferentAccess\nanschaffungskategorie: AV-Technik\n','2016-08-15 01:10:42','2016-08-15 01:10:42'),(17,'1quqs0k6ycmzj9yp79u4389','ver-8598al5015',21,17,17,9,NULL,NULL,'2013-11-27',NULL,NULL,NULL,'266.00',0,0,1,0,10,1,NULL,NULL,NULL,NULL,NULL,'--- !ruby/hash:ActiveSupport::HashWithIndifferentAccess\nanschaffungskategorie: AV-Technik\n','2016-08-15 01:10:42','2016-08-15 01:10:42'),(18,'ka1877cn379krbapnruh390','lab-8769vi5160',21,18,18,3,NULL,NULL,'2012-06-16',NULL,NULL,NULL,'1190.00',0,0,1,0,10,1,NULL,NULL,NULL,NULL,NULL,'--- !ruby/hash:ActiveSupport::HashWithIndifferentAccess\nanschaffungskategorie: AV-Technik\n','2016-08-15 01:10:42','2016-08-15 01:10:42'),(19,'mnf8dt0y56is9eey9kao391','lab-3217pr8795',25,19,19,1,NULL,NULL,'2011-09-09',NULL,NULL,NULL,'772.00',0,0,1,0,10,1,NULL,NULL,NULL,NULL,NULL,'--- !ruby/hash:ActiveSupport::HashWithIndifferentAccess\nanschaffungskategorie: AV-Technik\n','2016-08-15 01:10:42','2016-08-15 01:10:42'),(20,'c52aywebal22cih9hklo392','qui-7477ex3876',25,20,20,2,NULL,NULL,'2013-03-05',NULL,NULL,NULL,'508.00',0,0,1,0,10,1,NULL,NULL,NULL,NULL,NULL,'--- !ruby/hash:ActiveSupport::HashWithIndifferentAccess\nanschaffungskategorie: AV-Technik\n','2016-08-15 01:10:42','2016-08-15 01:10:42'),(21,'z6i6fjdi0q5098z4ew0n393','dol-5625ul3565',25,21,21,4,NULL,NULL,'2013-09-15',NULL,NULL,NULL,'828.00',0,0,1,0,10,1,NULL,NULL,NULL,NULL,NULL,'--- !ruby/hash:ActiveSupport::HashWithIndifferentAccess\nanschaffungskategorie: AV-Technik\n','2016-08-15 01:10:42','2016-08-15 01:10:42'),(22,'eikfhdb1xzmsnybuy0bb394','sap-7291be7276',29,22,22,7,NULL,NULL,'2011-10-18',NULL,NULL,NULL,'1369.00',0,0,1,0,1,1,NULL,NULL,NULL,NULL,NULL,'--- !ruby/hash:ActiveSupport::HashWithIndifferentAccess\nanschaffungskategorie: AV-Technik\n','2016-08-15 01:10:42','2016-08-15 01:10:42'),(23,'fv7p90l6cxl26b9gdtve395','qua-5547ex4653',29,23,23,3,NULL,NULL,'2014-05-27',NULL,NULL,NULL,'888.00',0,0,1,0,1,1,NULL,NULL,NULL,NULL,NULL,'--- !ruby/hash:ActiveSupport::HashWithIndifferentAccess\nanschaffungskategorie: AV-Technik\n','2016-08-15 01:10:42','2016-08-15 01:10:42'),(24,'nf9x2c3jyoyi4pwnkpvq396','utq-7623te10514',29,24,24,7,NULL,NULL,'2015-06-11',NULL,NULL,NULL,'1440.00',0,0,1,0,1,1,NULL,NULL,NULL,NULL,NULL,'--- !ruby/hash:ActiveSupport::HashWithIndifferentAccess\nanschaffungskategorie: AV-Technik\n','2016-08-15 01:10:42','2016-08-15 01:10:42'),(25,'em6yk2cb2t87d7dig5p9397','etd-5209ul5397',33,25,25,11,NULL,NULL,'2011-06-01',NULL,NULL,NULL,'1146.00',0,0,1,0,1,1,NULL,NULL,NULL,NULL,NULL,'--- !ruby/hash:ActiveSupport::HashWithIndifferentAccess\nanschaffungskategorie: AV-Technik\n','2016-08-15 01:10:42','2016-08-15 01:10:42'),(26,'9h30avyxxbjg1op6dy5x398','con-10595so2916',33,26,26,11,NULL,NULL,'2012-08-15',NULL,NULL,NULL,'1087.00',0,0,1,0,1,1,NULL,NULL,NULL,NULL,NULL,'--- !ruby/hash:ActiveSupport::HashWithIndifferentAccess\nanschaffungskategorie: AV-Technik\n','2016-08-15 01:10:42','2016-08-15 01:10:42'),(27,'ys73dlwgut8pfsm7dn0l399','uts-7447qu6033',33,27,27,9,NULL,NULL,'2015-02-07',NULL,NULL,NULL,'509.00',0,0,1,0,1,1,NULL,NULL,NULL,NULL,NULL,'--- !ruby/hash:ActiveSupport::HashWithIndifferentAccess\nanschaffungskategorie: AV-Technik\n','2016-08-15 01:10:42','2016-08-15 01:10:42'),(28,'enqh1myhpgeb1iz35pxd400','off-8336do3223',37,28,28,8,NULL,NULL,'2013-04-05',NULL,NULL,NULL,'134.00',0,0,1,0,1,1,NULL,NULL,NULL,NULL,NULL,'--- !ruby/hash:ActiveSupport::HashWithIndifferentAccess\nanschaffungskategorie: AV-Technik\n','2016-08-15 01:10:42','2016-08-15 01:10:42'),(29,'tgihay9hos8ryqvp426k401','fug-9976qu8090',37,29,29,3,NULL,NULL,'2011-07-09',NULL,NULL,NULL,'433.00',0,0,1,0,1,1,NULL,NULL,NULL,NULL,NULL,'--- !ruby/hash:ActiveSupport::HashWithIndifferentAccess\nanschaffungskategorie: AV-Technik\n','2016-08-15 01:10:42','2016-08-15 01:10:42'),(30,'1svqd78suourl7yo6zrn402','ver-10749bl4302',37,30,30,2,NULL,NULL,'2011-10-06',NULL,NULL,NULL,'201.00',0,0,1,0,1,1,NULL,NULL,NULL,NULL,NULL,'--- !ruby/hash:ActiveSupport::HashWithIndifferentAccess\nanschaffungskategorie: AV-Technik\n','2016-08-15 01:10:42','2016-08-15 01:10:42'),(31,'arlivxgq114jzdq5l2bv403','qui-3311un9621',41,31,31,8,NULL,NULL,'2015-03-24',NULL,NULL,NULL,'34.00',0,0,1,0,1,1,NULL,NULL,NULL,NULL,NULL,'--- !ruby/hash:ActiveSupport::HashWithIndifferentAccess\nanschaffungskategorie: AV-Technik\n','2016-08-15 01:10:42','2016-08-15 01:10:42'),(32,'fzabr89wgx6n6vbdd6oc404','exs-4917qu6384',41,32,32,7,NULL,NULL,'2014-10-16',NULL,NULL,NULL,'1044.00',0,0,1,0,1,1,NULL,NULL,NULL,NULL,NULL,'--- !ruby/hash:ActiveSupport::HashWithIndifferentAccess\nanschaffungskategorie: AV-Technik\n','2016-08-15 01:10:42','2016-08-15 01:10:42'),(33,'splm1j0cht7co56x26bv405','vol-2119ut3747',41,33,33,4,NULL,NULL,'2012-05-28',NULL,NULL,NULL,'215.00',0,0,1,0,1,1,NULL,NULL,NULL,NULL,NULL,'--- !ruby/hash:ActiveSupport::HashWithIndifferentAccess\nanschaffungskategorie: AV-Technik\n','2016-08-15 01:10:42','2016-08-15 01:10:42'),(34,'book1','book1',45,34,34,2,NULL,NULL,'2015-08-24',NULL,NULL,NULL,'405.00',0,0,1,0,2,1,NULL,NULL,NULL,NULL,NULL,'--- !ruby/hash:ActiveSupport::HashWithIndifferentAccess\nanschaffungskategorie: AV-Technik\n','2016-08-15 01:10:42','2016-08-15 01:10:42'),(35,'book2','book2',45,34,35,2,NULL,NULL,'2012-03-09',NULL,NULL,NULL,'827.00',0,0,1,0,2,1,NULL,NULL,NULL,NULL,NULL,'--- !ruby/hash:ActiveSupport::HashWithIndifferentAccess\nanschaffungskategorie: AV-Technik\n','2016-08-15 01:10:42','2016-08-15 01:10:42'),(36,'beam123','xyz456',46,35,36,1,NULL,NULL,'2015-12-06',NULL,NULL,NULL,'1417.00',0,0,1,0,1,1,NULL,NULL,NULL,'name123',NULL,'--- !ruby/hash:ActiveSupport::HashWithIndifferentAccess\nanschaffungskategorie: AV-Technik\n','2016-08-15 01:10:42','2016-08-15 01:10:42'),(37,'beam345','xyz890',46,35,37,1,NULL,NULL,'2011-01-06',NULL,NULL,NULL,'425.00',0,0,1,0,1,1,NULL,NULL,NULL,NULL,NULL,'--- !ruby/hash:ActiveSupport::HashWithIndifferentAccess\nanschaffungskategorie: AV-Technik\n','2016-08-15 01:10:42','2016-08-15 01:10:42'),(38,'beam678','xyz678',47,35,38,1,NULL,NULL,'2012-05-09',NULL,NULL,NULL,'339.00',0,0,1,0,1,1,NULL,NULL,NULL,NULL,NULL,'--- !ruby/hash:ActiveSupport::HashWithIndifferentAccess\nanschaffungskategorie: AV-Technik\n','2016-08-15 01:10:42','2016-08-15 01:10:42'),(39,'beam749','xyz749',46,35,39,1,NULL,NULL,'2013-04-16',NULL,NULL,NULL,'1368.00',0,0,1,0,2,1,NULL,NULL,NULL,NULL,NULL,'--- !ruby/hash:ActiveSupport::HashWithIndifferentAccess\nanschaffungskategorie: AV-Technik\n','2016-08-15 01:10:42','2016-08-15 01:10:42'),(40,'beamTest123','xyz749',49,35,40,1,NULL,NULL,'2014-10-02',NULL,NULL,NULL,'568.00',0,0,1,0,1,1,NULL,NULL,NULL,NULL,NULL,'--- !ruby/hash:ActiveSupport::HashWithIndifferentAccess\nanschaffungskategorie: AV-Technik\n','2016-08-15 01:10:42','2016-08-15 01:10:42'),(41,'ucbeam1','minbeam1',50,35,41,1,NULL,NULL,'2011-01-18',NULL,NULL,NULL,'1012.00',0,0,1,0,1,1,NULL,NULL,NULL,'ucbeam1',NULL,'--- !ruby/hash:ActiveSupport::HashWithIndifferentAccess\nanschaffungskategorie: AV-Technik\n','2016-08-15 01:10:42','2016-08-15 01:10:42'),(42,'microbeam1','microbeam1',51,35,42,1,NULL,NULL,'2011-05-24',NULL,NULL,NULL,'749.00',0,0,1,0,1,1,NULL,NULL,NULL,'microbeam1',NULL,'--- !ruby/hash:ActiveSupport::HashWithIndifferentAccess\nanschaffungskategorie: AV-Technik\n','2016-08-15 01:10:42','2016-08-15 01:10:42'),(43,'mbeam1','mbeam1',52,35,43,1,NULL,NULL,'2015-10-23',NULL,NULL,NULL,'1039.00',0,0,1,0,1,1,NULL,NULL,NULL,'mbeam1',NULL,'--- !ruby/hash:ActiveSupport::HashWithIndifferentAccess\nanschaffungskategorie: AV-Technik\n','2016-08-15 01:10:42','2016-08-15 01:10:42'),(44,'mbeam2','mbeam2',53,35,44,1,NULL,NULL,'2014-04-09',NULL,NULL,NULL,'1050.00',0,0,1,0,1,1,NULL,NULL,NULL,'mbeam2',NULL,'--- !ruby/hash:ActiveSupport::HashWithIndifferentAccess\nanschaffungskategorie: AV-Technik\n','2016-08-15 01:10:42','2016-08-15 01:10:42'),(45,'mbeam3','mbeam3',54,35,45,1,NULL,NULL,'2014-09-07',NULL,NULL,NULL,'1158.00',0,0,1,0,1,1,NULL,NULL,NULL,'mbeam3',NULL,'--- !ruby/hash:ActiveSupport::HashWithIndifferentAccess\nanschaffungskategorie: AV-Technik\n','2016-08-15 01:10:42','2016-08-15 01:10:42'),(46,'mbeam4','mbeam4',55,35,46,1,NULL,NULL,'2014-03-29',NULL,NULL,NULL,'972.00',0,0,1,0,1,1,NULL,NULL,NULL,'mbeam4',NULL,'--- !ruby/hash:ActiveSupport::HashWithIndifferentAccess\nanschaffungskategorie: AV-Technik\n','2016-08-15 01:10:42','2016-08-15 01:10:42'),(47,'mbeam5','mbeam5',56,35,47,1,NULL,NULL,'2014-02-25',NULL,NULL,NULL,'162.00',0,0,1,0,1,1,NULL,NULL,NULL,'mbeam5',NULL,'--- !ruby/hash:ActiveSupport::HashWithIndifferentAccess\nanschaffungskategorie: AV-Technik\n','2016-08-15 01:10:42','2016-08-15 01:10:42'),(48,'mbeam6','mbeam6',57,35,48,1,NULL,NULL,'2013-01-31',NULL,NULL,NULL,'1304.00',0,0,1,0,1,1,NULL,NULL,NULL,'mbeam6',NULL,'--- !ruby/hash:ActiveSupport::HashWithIndifferentAccess\nanschaffungskategorie: AV-Technik\n','2016-08-15 01:10:42','2016-08-15 01:10:42'),(49,'mbeam7','mbeam7',58,35,49,1,NULL,NULL,'2012-11-03',NULL,NULL,NULL,'225.00',0,0,1,0,1,1,NULL,NULL,NULL,'mbeam7',NULL,'--- !ruby/hash:ActiveSupport::HashWithIndifferentAccess\nanschaffungskategorie: AV-Technik\n','2016-08-15 01:10:42','2016-08-15 01:10:42'),(50,'mbeam8','mbeam8',59,35,50,1,NULL,NULL,'2011-05-26',NULL,NULL,NULL,'989.00',0,0,1,0,1,1,NULL,NULL,NULL,'mbeam8',NULL,'--- !ruby/hash:ActiveSupport::HashWithIndifferentAccess\nanschaffungskategorie: AV-Technik\n','2016-08-15 01:10:42','2016-08-15 01:10:42'),(51,'mbeam9','mbeam9',60,35,51,1,NULL,NULL,'2014-11-25',NULL,NULL,NULL,'809.00',0,0,1,0,1,1,NULL,NULL,NULL,'mbeam9',NULL,'--- !ruby/hash:ActiveSupport::HashWithIndifferentAccess\nanschaffungskategorie: AV-Technik\n','2016-08-15 01:10:42','2016-08-15 01:10:42'),(52,'mbeam10','mbeam10',61,35,52,1,NULL,NULL,'2014-02-23',NULL,NULL,NULL,'1497.00',0,0,1,0,1,1,NULL,NULL,NULL,'mbeam10',NULL,'--- !ruby/hash:ActiveSupport::HashWithIndifferentAccess\nanschaffungskategorie: AV-Technik\n','2016-08-15 01:10:42','2016-08-15 01:10:42'),(53,'mbeam11','mbeam11',62,35,53,1,NULL,NULL,'2012-11-17',NULL,NULL,NULL,'804.00',0,0,1,0,1,1,NULL,NULL,NULL,'mbeam11',NULL,'--- !ruby/hash:ActiveSupport::HashWithIndifferentAccess\nanschaffungskategorie: AV-Technik\n','2016-08-15 01:10:42','2016-08-15 01:10:42'),(54,'mbeam12','mbeam12',63,35,54,1,NULL,NULL,'2012-04-20',NULL,NULL,NULL,'490.00',0,0,1,0,1,1,NULL,NULL,NULL,'mbeam12',NULL,'--- !ruby/hash:ActiveSupport::HashWithIndifferentAccess\nanschaffungskategorie: AV-Technik\n','2016-08-15 01:10:42','2016-08-15 01:10:42'),(55,'mbeam13','mbeam13',64,35,55,1,NULL,NULL,'2013-09-24',NULL,NULL,NULL,'550.00',0,0,1,0,1,1,NULL,NULL,NULL,'mbeam13',NULL,'--- !ruby/hash:ActiveSupport::HashWithIndifferentAccess\nanschaffungskategorie: AV-Technik\n','2016-08-15 01:10:42','2016-08-15 01:10:42'),(56,'mbeam14','mbeam14',65,35,56,1,NULL,NULL,'2015-02-09',NULL,NULL,NULL,'465.00',0,0,1,0,1,1,NULL,NULL,NULL,'mbeam14',NULL,'--- !ruby/hash:ActiveSupport::HashWithIndifferentAccess\nanschaffungskategorie: AV-Technik\n','2016-08-15 01:10:42','2016-08-15 01:10:42'),(57,'mbeam15','mbeam15',66,35,57,1,NULL,NULL,'2012-10-10',NULL,NULL,NULL,'801.00',0,0,1,0,1,1,NULL,NULL,NULL,'mbeam15',NULL,'--- !ruby/hash:ActiveSupport::HashWithIndifferentAccess\nanschaffungskategorie: AV-Technik\n','2016-08-15 01:10:42','2016-08-15 01:10:42'),(58,'mbeam16','mbeam16',67,35,58,1,NULL,NULL,'2015-10-30',NULL,NULL,NULL,'491.00',0,0,1,0,1,1,NULL,NULL,NULL,'mbeam16',NULL,'--- !ruby/hash:ActiveSupport::HashWithIndifferentAccess\nanschaffungskategorie: AV-Technik\n','2016-08-15 01:10:42','2016-08-15 01:10:42'),(59,'mbeam17','mbeam17',68,35,59,1,NULL,NULL,'2012-10-01',NULL,NULL,NULL,'783.00',0,0,1,0,1,1,NULL,NULL,NULL,'mbeam17',NULL,'--- !ruby/hash:ActiveSupport::HashWithIndifferentAccess\nanschaffungskategorie: AV-Technik\n','2016-08-15 01:10:42','2016-08-15 01:10:42'),(60,'mbeam18','mbeam18',69,35,60,1,NULL,NULL,'2014-01-09',NULL,NULL,NULL,'730.00',0,0,1,0,1,1,NULL,NULL,NULL,'mbeam18',NULL,'--- !ruby/hash:ActiveSupport::HashWithIndifferentAccess\nanschaffungskategorie: AV-Technik\n','2016-08-15 01:10:42','2016-08-15 01:10:42'),(61,'mbeam19','mbeam19',70,35,61,1,NULL,NULL,'2015-02-07',NULL,NULL,NULL,'1146.00',0,0,1,0,1,1,NULL,NULL,NULL,'mbeam19',NULL,'--- !ruby/hash:ActiveSupport::HashWithIndifferentAccess\nanschaffungskategorie: AV-Technik\n','2016-08-15 01:10:42','2016-08-15 01:10:42'),(62,'mbeam20','mbeam20',71,35,62,1,NULL,NULL,'2011-11-10',NULL,NULL,NULL,'1116.00',0,0,1,0,1,1,NULL,NULL,NULL,'mbeam20',NULL,'--- !ruby/hash:ActiveSupport::HashWithIndifferentAccess\nanschaffungskategorie: AV-Technik\n','2016-08-15 01:10:42','2016-08-15 01:10:42'),(63,'cam123','abc234',72,35,63,1,NULL,NULL,'2013-12-14',NULL,NULL,NULL,'1087.00',0,0,1,0,1,1,NULL,NULL,NULL,NULL,NULL,'--- !ruby/hash:ActiveSupport::HashWithIndifferentAccess\nanschaffungskategorie: AV-Technik\n','2016-08-15 01:10:42','2016-08-15 01:10:42'),(64,'cam345','ab567',72,35,64,1,NULL,NULL,'2011-06-25',NULL,NULL,NULL,'1291.00',0,0,1,0,1,1,NULL,NULL,NULL,NULL,NULL,'--- !ruby/hash:ActiveSupport::HashWithIndifferentAccess\nanschaffungskategorie: AV-Technik\n','2016-08-15 01:10:42','2016-08-15 01:10:42'),(65,'cam567','ab789',72,35,65,1,NULL,NULL,'2014-10-04',NULL,NULL,NULL,'609.00',0,0,1,0,1,1,NULL,NULL,NULL,NULL,NULL,'--- !ruby/hash:ActiveSupport::HashWithIndifferentAccess\nanschaffungskategorie: AV-Technik\n','2016-08-15 01:10:42','2016-08-15 01:10:42'),(66,'cam53267','ab782129',72,35,66,1,NULL,NULL,'2012-07-01',NULL,NULL,NULL,'670.00',0,0,1,0,1,1,NULL,NULL,NULL,NULL,NULL,'--- !ruby/hash:ActiveSupport::HashWithIndifferentAccess\nanschaffungskategorie: AV-Technik\n','2016-08-15 01:10:42','2016-08-15 01:10:42'),(67,'cam532asd67','ab78as2129',72,35,67,1,NULL,NULL,'2015-05-17',NULL,NULL,NULL,'1297.00',0,0,1,0,1,1,NULL,NULL,NULL,NULL,NULL,'--- !ruby/hash:ActiveSupport::HashWithIndifferentAccess\nanschaffungskategorie: AV-Technik\n','2016-08-15 01:10:42','2016-08-15 01:10:42'),(68,'mcam1','mcam1',73,35,68,1,NULL,NULL,'2012-10-20',NULL,NULL,NULL,'1359.00',0,0,1,0,1,1,NULL,NULL,NULL,'mcam1',NULL,'--- !ruby/hash:ActiveSupport::HashWithIndifferentAccess\nanschaffungskategorie: AV-Technik\n','2016-08-15 01:10:42','2016-08-15 01:10:42'),(69,'mcam2','mcam2',74,35,69,1,NULL,NULL,'2015-02-13',NULL,NULL,NULL,'202.00',0,0,1,0,1,1,NULL,NULL,NULL,'mcam2',NULL,'--- !ruby/hash:ActiveSupport::HashWithIndifferentAccess\nanschaffungskategorie: AV-Technik\n','2016-08-15 01:10:42','2016-08-15 01:10:42'),(70,'mcam3','mcam3',75,35,70,1,NULL,NULL,'2013-01-22',NULL,NULL,NULL,'1127.00',0,0,1,0,1,1,NULL,NULL,NULL,'mcam3',NULL,'--- !ruby/hash:ActiveSupport::HashWithIndifferentAccess\nanschaffungskategorie: AV-Technik\n','2016-08-15 01:10:42','2016-08-15 01:10:42'),(71,'mcam4','mcam4',76,35,71,1,NULL,NULL,'2015-03-16',NULL,NULL,NULL,'1256.00',0,0,1,0,1,1,NULL,NULL,NULL,'mcam4',NULL,'--- !ruby/hash:ActiveSupport::HashWithIndifferentAccess\nanschaffungskategorie: AV-Technik\n','2016-08-15 01:10:42','2016-08-15 01:10:42'),(72,'mcam5','mcam5',77,35,72,1,NULL,NULL,'2011-07-12',NULL,NULL,NULL,'921.00',0,0,1,0,1,1,NULL,NULL,NULL,'mcam5',NULL,'--- !ruby/hash:ActiveSupport::HashWithIndifferentAccess\nanschaffungskategorie: AV-Technik\n','2016-08-15 01:10:42','2016-08-15 01:10:42'),(73,'mcam6','mcam6',78,35,73,1,NULL,NULL,'2015-08-26',NULL,NULL,NULL,'1075.00',0,0,1,0,1,1,NULL,NULL,NULL,'mcam6',NULL,'--- !ruby/hash:ActiveSupport::HashWithIndifferentAccess\nanschaffungskategorie: AV-Technik\n','2016-08-15 01:10:42','2016-08-15 01:10:42'),(74,'mcam7','mcam7',79,35,74,1,NULL,NULL,'2011-11-17',NULL,NULL,NULL,'506.00',0,0,1,0,1,1,NULL,NULL,NULL,'mcam7',NULL,'--- !ruby/hash:ActiveSupport::HashWithIndifferentAccess\nanschaffungskategorie: AV-Technik\n','2016-08-15 01:10:42','2016-08-15 01:10:42'),(75,'mcam8','mcam8',80,35,75,1,NULL,NULL,'2011-06-05',NULL,NULL,NULL,'1238.00',0,0,1,0,1,1,NULL,NULL,NULL,'mcam8',NULL,'--- !ruby/hash:ActiveSupport::HashWithIndifferentAccess\nanschaffungskategorie: AV-Technik\n','2016-08-15 01:10:42','2016-08-15 01:10:42'),(76,'mcam9','mcam9',81,35,76,1,NULL,NULL,'2015-04-15',NULL,NULL,NULL,'1142.00',0,0,1,0,1,1,NULL,NULL,NULL,'mcam9',NULL,'--- !ruby/hash:ActiveSupport::HashWithIndifferentAccess\nanschaffungskategorie: AV-Technik\n','2016-08-15 01:10:42','2016-08-15 01:10:42'),(77,'mcam10','mcam10',82,35,77,1,NULL,NULL,'2014-06-18',NULL,NULL,NULL,'1433.00',0,0,1,0,1,1,NULL,NULL,NULL,'mcam10',NULL,'--- !ruby/hash:ActiveSupport::HashWithIndifferentAccess\nanschaffungskategorie: AV-Technik\n','2016-08-15 01:10:42','2016-08-15 01:10:42'),(78,'mcam11','mcam11',83,35,78,1,NULL,NULL,'2014-09-05',NULL,NULL,NULL,'1292.00',0,0,1,0,1,1,NULL,NULL,NULL,'mcam11',NULL,'--- !ruby/hash:ActiveSupport::HashWithIndifferentAccess\nanschaffungskategorie: AV-Technik\n','2016-08-15 01:10:42','2016-08-15 01:10:42'),(79,'mcam12','mcam12',84,35,79,1,NULL,NULL,'2015-06-29',NULL,NULL,NULL,'1181.00',0,0,1,0,1,1,NULL,NULL,NULL,'mcam12',NULL,'--- !ruby/hash:ActiveSupport::HashWithIndifferentAccess\nanschaffungskategorie: AV-Technik\n','2016-08-15 01:10:42','2016-08-15 01:10:42'),(80,'mcam13','mcam13',85,35,80,1,NULL,NULL,'2014-12-22',NULL,NULL,NULL,'799.00',0,0,1,0,1,1,NULL,NULL,NULL,'mcam13',NULL,'--- !ruby/hash:ActiveSupport::HashWithIndifferentAccess\nanschaffungskategorie: AV-Technik\n','2016-08-15 01:10:42','2016-08-15 01:10:42'),(81,'mcam14','mcam14',86,35,81,1,NULL,NULL,'2014-12-22',NULL,NULL,NULL,'211.00',0,0,1,0,1,1,NULL,NULL,NULL,'mcam14',NULL,'--- !ruby/hash:ActiveSupport::HashWithIndifferentAccess\nanschaffungskategorie: AV-Technik\n','2016-08-15 01:10:42','2016-08-15 01:10:42'),(82,'mcam15','mcam15',87,35,82,1,NULL,NULL,'2013-10-09',NULL,NULL,NULL,'1198.00',0,0,1,0,1,1,NULL,NULL,NULL,'mcam15',NULL,'--- !ruby/hash:ActiveSupport::HashWithIndifferentAccess\nanschaffungskategorie: AV-Technik\n','2016-08-15 01:10:42','2016-08-15 01:10:42'),(83,'mcam16','mcam16',88,35,83,1,NULL,NULL,'2011-09-10',NULL,NULL,NULL,'551.00',0,0,1,0,1,1,NULL,NULL,NULL,'mcam16',NULL,'--- !ruby/hash:ActiveSupport::HashWithIndifferentAccess\nanschaffungskategorie: AV-Technik\n','2016-08-15 01:10:42','2016-08-15 01:10:42'),(84,'mcam17','mcam17',89,35,84,1,NULL,NULL,'2013-04-26',NULL,NULL,NULL,'915.00',0,0,1,0,1,1,NULL,NULL,NULL,'mcam17',NULL,'--- !ruby/hash:ActiveSupport::HashWithIndifferentAccess\nanschaffungskategorie: AV-Technik\n','2016-08-15 01:10:42','2016-08-15 01:10:42'),(85,'mcam18','mcam18',90,35,85,1,NULL,NULL,'2013-09-04',NULL,NULL,NULL,'420.00',0,0,1,0,1,1,NULL,NULL,NULL,'mcam18',NULL,'--- !ruby/hash:ActiveSupport::HashWithIndifferentAccess\nanschaffungskategorie: AV-Technik\n','2016-08-15 01:10:42','2016-08-15 01:10:42'),(86,'mcam19','mcam19',91,35,86,1,NULL,NULL,'2013-04-04',NULL,NULL,NULL,'1341.00',0,0,1,0,1,1,NULL,NULL,NULL,'mcam19',NULL,'--- !ruby/hash:ActiveSupport::HashWithIndifferentAccess\nanschaffungskategorie: AV-Technik\n','2016-08-15 01:10:42','2016-08-15 01:10:42'),(87,'mcam20','mcam20',92,35,87,1,NULL,NULL,'2011-11-16',NULL,NULL,NULL,'382.00',0,0,1,0,1,1,NULL,NULL,NULL,'mcam20',NULL,'--- !ruby/hash:ActiveSupport::HashWithIndifferentAccess\nanschaffungskategorie: AV-Technik\n','2016-08-15 01:10:42','2016-08-15 01:10:42'),(88,'mcam21','mcam21',93,35,88,1,NULL,NULL,'2015-02-21',NULL,NULL,NULL,'1077.00',0,0,1,0,1,1,NULL,NULL,NULL,'mcam21',NULL,'--- !ruby/hash:ActiveSupport::HashWithIndifferentAccess\nanschaffungskategorie: AV-Technik\n','2016-08-15 01:10:42','2016-08-15 01:10:42'),(89,'mcam22','mcam22',94,35,89,1,NULL,NULL,'2014-11-08',NULL,NULL,NULL,'1145.00',0,0,1,0,1,1,NULL,NULL,NULL,'mcam22',NULL,'--- !ruby/hash:ActiveSupport::HashWithIndifferentAccess\nanschaffungskategorie: AV-Technik\n','2016-08-15 01:10:42','2016-08-15 01:10:42'),(90,'mcam23','mcam23',95,35,90,1,NULL,NULL,'2015-01-11',NULL,NULL,NULL,'501.00',0,0,1,0,1,1,NULL,NULL,NULL,'mcam23',NULL,'--- !ruby/hash:ActiveSupport::HashWithIndifferentAccess\nanschaffungskategorie: AV-Technik\n','2016-08-15 01:10:42','2016-08-15 01:10:42'),(91,'mcam24','mcam24',96,35,91,1,NULL,NULL,'2013-01-09',NULL,NULL,NULL,'854.00',0,0,1,0,1,1,NULL,NULL,NULL,'mcam24',NULL,'--- !ruby/hash:ActiveSupport::HashWithIndifferentAccess\nanschaffungskategorie: AV-Technik\n','2016-08-15 01:10:42','2016-08-15 01:10:42'),(92,'mcam25','mcam25',97,35,92,1,NULL,NULL,'2013-06-28',NULL,NULL,NULL,'437.00',0,0,1,0,1,1,NULL,NULL,NULL,'mcam25',NULL,'--- !ruby/hash:ActiveSupport::HashWithIndifferentAccess\nanschaffungskategorie: AV-Technik\n','2016-08-15 01:10:42','2016-08-15 01:10:42'),(93,'mcam26','mcam26',98,35,93,1,NULL,NULL,'2015-07-25',NULL,NULL,NULL,'1493.00',0,0,1,0,1,1,NULL,NULL,NULL,'mcam26',NULL,'--- !ruby/hash:ActiveSupport::HashWithIndifferentAccess\nanschaffungskategorie: AV-Technik\n','2016-08-15 01:10:42','2016-08-15 01:10:42'),(94,'mcam27','mcam27',99,35,94,1,NULL,NULL,'2014-12-11',NULL,NULL,NULL,'513.00',0,0,1,0,1,1,NULL,NULL,NULL,'mcam27',NULL,'--- !ruby/hash:ActiveSupport::HashWithIndifferentAccess\nanschaffungskategorie: AV-Technik\n','2016-08-15 01:10:42','2016-08-15 01:10:42'),(95,'mcam28','mcam28',100,35,95,1,NULL,NULL,'2011-05-31',NULL,NULL,NULL,'1029.00',0,0,1,0,1,1,NULL,NULL,NULL,'mcam28',NULL,'--- !ruby/hash:ActiveSupport::HashWithIndifferentAccess\nanschaffungskategorie: AV-Technik\n','2016-08-15 01:10:42','2016-08-15 01:10:42'),(96,'mcam29','mcam29',101,35,96,1,NULL,NULL,'2014-12-12',NULL,NULL,NULL,'1292.00',0,0,1,0,1,1,NULL,NULL,NULL,'mcam29',NULL,'--- !ruby/hash:ActiveSupport::HashWithIndifferentAccess\nanschaffungskategorie: AV-Technik\n','2016-08-15 01:10:42','2016-08-15 01:10:42'),(97,'mcam30','mcam30',102,35,97,1,NULL,NULL,'2015-08-24',NULL,NULL,NULL,'430.00',0,0,1,0,1,1,NULL,NULL,NULL,'mcam30',NULL,'--- !ruby/hash:ActiveSupport::HashWithIndifferentAccess\nanschaffungskategorie: AV-Technik\n','2016-08-15 01:10:42','2016-08-15 01:10:42'),(98,'hifi123','hifi123',103,35,98,1,NULL,NULL,'2011-04-29',NULL,NULL,NULL,'236.00',0,0,1,0,1,1,NULL,NULL,NULL,NULL,NULL,'--- !ruby/hash:ActiveSupport::HashWithIndifferentAccess\nanschaffungskategorie: AV-Technik\n','2016-08-15 01:10:42','2016-08-15 01:10:42'),(99,'tri789','fgh567',104,35,99,1,NULL,NULL,'2013-06-02',NULL,NULL,NULL,'1326.00',0,0,1,0,1,1,NULL,NULL,NULL,NULL,NULL,'--- !ruby/hash:ActiveSupport::HashWithIndifferentAccess\nanschaffungskategorie: AV-Technik\n','2016-08-15 01:10:42','2016-08-15 01:10:42'),(100,'tri123','fgh987',104,35,100,1,NULL,NULL,'2013-07-04',NULL,NULL,NULL,'305.00',0,0,1,0,1,1,NULL,NULL,NULL,NULL,NULL,'--- !ruby/hash:ActiveSupport::HashWithIndifferentAccess\nanschaffungskategorie: AV-Technik\n','2016-08-15 01:10:42','2016-08-15 01:10:42'),(101,'tri923','asd213',104,35,101,1,NULL,NULL,'2015-05-22',NULL,NULL,NULL,'207.00',0,0,1,0,1,1,NULL,NULL,NULL,NULL,NULL,'--- !ruby/hash:ActiveSupport::HashWithIndifferentAccess\nanschaffungskategorie: AV-Technik\n','2016-08-15 01:10:42','2016-08-15 01:10:42'),(102,'tri212','tri212',104,35,102,1,NULL,NULL,'2012-02-17',NULL,NULL,NULL,'1028.00',0,0,1,0,1,1,NULL,NULL,NULL,NULL,NULL,'--- !ruby/hash:ActiveSupport::HashWithIndifferentAccess\nanschaffungskategorie: AV-Technik\n','2016-08-15 01:10:42','2016-08-15 01:10:42'),(103,'kushv1','mylnx9',106,35,103,1,NULL,NULL,'2012-10-12',NULL,NULL,NULL,'932.00',0,0,1,0,1,1,NULL,NULL,NULL,NULL,NULL,'--- !ruby/hash:ActiveSupport::HashWithIndifferentAccess\nanschaffungskategorie: AV-Technik\n','2016-08-15 01:10:42','2016-08-15 01:10:42'),(104,'7hat5h5ykvbglz33aut3406','fug-6190ve5229',107,36,104,1,NULL,NULL,'2015-09-26',NULL,NULL,NULL,'336.00',0,0,1,0,1,1,NULL,NULL,NULL,NULL,NULL,'--- !ruby/hash:ActiveSupport::HashWithIndifferentAccess\nanschaffungskategorie: AV-Technik\n','2016-08-15 01:10:42','2016-08-15 01:10:42'),(105,'s2t6hm84jh7e3451g8r5407','qui-5181ut9984',109,36,105,1,104,NULL,'2014-12-08',NULL,NULL,NULL,'136.00',0,0,1,0,1,1,NULL,NULL,NULL,NULL,NULL,'--- !ruby/hash:ActiveSupport::HashWithIndifferentAccess\nanschaffungskategorie: AV-Technik\n','2016-08-15 01:10:42','2016-08-15 01:10:42'),(106,'0j1bx537vv3u4n2nekhn408','nat-2201ne2888',110,36,106,1,104,NULL,'2011-07-31',NULL,NULL,NULL,'210.00',0,0,1,0,1,1,NULL,NULL,NULL,NULL,NULL,'--- !ruby/hash:ActiveSupport::HashWithIndifferentAccess\nanschaffungskategorie: AV-Technik\n','2016-08-15 01:10:42','2016-08-15 01:10:42'),(107,'c1atvc2tjy0m73044zvh409','min-5416po2232',111,36,107,1,104,NULL,'2013-12-12',NULL,NULL,NULL,'466.00',0,0,1,0,1,1,NULL,NULL,NULL,NULL,NULL,'--- !ruby/hash:ActiveSupport::HashWithIndifferentAccess\nanschaffungskategorie: AV-Technik\n','2016-08-15 01:10:42','2016-08-15 01:10:42'),(108,'pmgg183uldfz4pcu88lh410','sim-7380qu9459',107,40,108,1,NULL,NULL,'2014-08-21',NULL,NULL,NULL,'1127.00',0,0,1,0,1,1,NULL,NULL,NULL,NULL,NULL,'--- !ruby/hash:ActiveSupport::HashWithIndifferentAccess\nanschaffungskategorie: AV-Technik\n','2016-08-15 01:10:42','2016-08-15 01:10:42'),(109,'j23itl2fhrnyhg2vd43q411','vel-4743co8368',113,40,109,1,108,NULL,'2014-07-19',NULL,NULL,NULL,'677.00',0,0,1,0,1,1,NULL,NULL,NULL,NULL,NULL,'--- !ruby/hash:ActiveSupport::HashWithIndifferentAccess\nanschaffungskategorie: AV-Technik\n','2016-08-15 01:10:42','2016-08-15 01:10:42'),(110,'9ravd4erizoaldy9rios412','min-1077er6359',114,40,110,1,108,NULL,'2013-03-23',NULL,NULL,NULL,'473.00',0,0,1,0,1,1,NULL,NULL,NULL,NULL,NULL,'--- !ruby/hash:ActiveSupport::HashWithIndifferentAccess\nanschaffungskategorie: AV-Technik\n','2016-08-15 01:10:42','2016-08-15 01:10:42'),(111,'j5f1usqbs32piys78x8e413','ani-10355ac7260',115,40,111,1,108,NULL,'2014-08-20',NULL,NULL,NULL,'1494.00',0,0,1,0,1,1,NULL,NULL,NULL,NULL,NULL,'--- !ruby/hash:ActiveSupport::HashWithIndifferentAccess\nanschaffungskategorie: AV-Technik\n','2016-08-15 01:10:42','2016-08-15 01:10:42'),(112,'5rpq60tba3fru59lo7ua414','mai-10959eu6823',107,44,112,1,NULL,NULL,'2011-06-14',NULL,NULL,NULL,'354.00',0,0,1,0,1,1,NULL,NULL,NULL,NULL,NULL,'--- !ruby/hash:ActiveSupport::HashWithIndifferentAccess\nanschaffungskategorie: AV-Technik\n','2016-08-15 01:10:42','2016-08-15 01:10:42'),(113,'l9icuj0e889xpi04n6hk415','quo-9634ab2342',117,44,113,1,112,NULL,'2015-03-01',NULL,NULL,NULL,'277.00',0,0,1,0,1,1,NULL,NULL,NULL,NULL,NULL,'--- !ruby/hash:ActiveSupport::HashWithIndifferentAccess\nanschaffungskategorie: AV-Technik\n','2016-08-15 01:10:42','2016-08-15 01:10:42'),(114,'r04yak164eimk2ojwlqy416','fac-10640te7336',118,44,114,1,112,NULL,'2015-07-11',NULL,NULL,NULL,'1471.00',0,0,1,0,1,1,NULL,NULL,NULL,NULL,NULL,'--- !ruby/hash:ActiveSupport::HashWithIndifferentAccess\nanschaffungskategorie: AV-Technik\n','2016-08-15 01:10:42','2016-08-15 01:10:42'),(115,'1b9iss55xiogbwp59hkz417','vol-7101ve1671',119,44,115,1,112,NULL,'2013-11-18',NULL,NULL,NULL,'584.00',0,0,1,0,1,1,NULL,NULL,NULL,NULL,NULL,'--- !ruby/hash:ActiveSupport::HashWithIndifferentAccess\nanschaffungskategorie: AV-Technik\n','2016-08-15 01:10:42','2016-08-15 01:10:42'),(116,'l8ltlwj7l500gobbck1p418','con-8752od6050',120,48,116,1,NULL,NULL,'2014-12-11',NULL,NULL,NULL,'1163.00',0,0,1,0,1,1,NULL,NULL,NULL,NULL,NULL,'--- !ruby/hash:ActiveSupport::HashWithIndifferentAccess\nanschaffungskategorie: AV-Technik\n','2016-08-15 01:10:42','2016-08-15 01:10:42'),(117,'h7b2o5xoc4fdml6qwa27419','inc-5185qu2924',122,48,117,1,116,NULL,'2015-05-06',NULL,NULL,NULL,'906.00',0,0,1,0,1,1,NULL,NULL,NULL,NULL,NULL,'--- !ruby/hash:ActiveSupport::HashWithIndifferentAccess\nanschaffungskategorie: AV-Technik\n','2016-08-15 01:10:42','2016-08-15 01:10:42'),(118,'rrdv3jwm6v99n3lkutvt420','dis-9843de9669',123,48,118,1,116,NULL,'2015-06-04',NULL,NULL,NULL,'1384.00',0,0,1,0,1,1,NULL,NULL,NULL,NULL,NULL,'--- !ruby/hash:ActiveSupport::HashWithIndifferentAccess\nanschaffungskategorie: AV-Technik\n','2016-08-15 01:10:42','2016-08-15 01:10:42'),(119,'vdl1nhcuzwsunqefp8u7421','pos-6271eo9650',124,48,119,1,116,NULL,'2014-09-04',NULL,NULL,NULL,'286.00',0,0,1,0,1,1,NULL,NULL,NULL,NULL,NULL,'--- !ruby/hash:ActiveSupport::HashWithIndifferentAccess\nanschaffungskategorie: AV-Technik\n','2016-08-15 01:10:42','2016-08-15 01:10:42'),(120,'5hj5aziejxbtlir1sbmg422','ame-10962na3738',120,52,120,1,NULL,NULL,'2012-08-10',NULL,NULL,NULL,'480.00',0,0,1,0,1,1,NULL,NULL,NULL,NULL,NULL,'--- !ruby/hash:ActiveSupport::HashWithIndifferentAccess\nanschaffungskategorie: AV-Technik\n','2016-08-15 01:10:42','2016-08-15 01:10:42'),(121,'souf7xhe952mmlbof0fn423','sed-10950co10055',126,52,121,1,120,NULL,'2012-01-16',NULL,NULL,NULL,'1496.00',0,0,1,0,1,1,NULL,NULL,NULL,NULL,NULL,'--- !ruby/hash:ActiveSupport::HashWithIndifferentAccess\nanschaffungskategorie: AV-Technik\n','2016-08-15 01:10:42','2016-08-15 01:10:42'),(122,'19xxonp55tdbdznyrqah424','uti-4488qu2421',127,52,122,1,120,NULL,'2015-12-20',NULL,NULL,NULL,'287.00',0,0,1,0,1,1,NULL,NULL,NULL,NULL,NULL,'--- !ruby/hash:ActiveSupport::HashWithIndifferentAccess\nanschaffungskategorie: AV-Technik\n','2016-08-15 01:10:42','2016-08-15 01:10:42'),(123,'ism64bt12s7n2e15lk1n425','vol-8359ac7398',128,52,123,1,120,NULL,'2013-06-17',NULL,NULL,NULL,'687.00',0,0,1,0,1,1,NULL,NULL,NULL,NULL,NULL,'--- !ruby/hash:ActiveSupport::HashWithIndifferentAccess\nanschaffungskategorie: AV-Technik\n','2016-08-15 01:10:42','2016-08-15 01:10:42'),(124,'9p1h1bjp7mu416gsfv4n426','tem-1623pe4992',120,56,124,1,NULL,NULL,'2014-07-30',NULL,NULL,NULL,'1350.00',0,0,1,0,1,1,NULL,NULL,NULL,NULL,NULL,'--- !ruby/hash:ActiveSupport::HashWithIndifferentAccess\nanschaffungskategorie: AV-Technik\n','2016-08-15 01:10:42','2016-08-15 01:10:42'),(125,'r3i3gnvp1pv9kwxxl9ru427','uta-1827ex8699',130,56,125,1,124,NULL,'2013-07-29',NULL,NULL,NULL,'605.00',0,0,1,0,1,1,NULL,NULL,NULL,NULL,NULL,'--- !ruby/hash:ActiveSupport::HashWithIndifferentAccess\nanschaffungskategorie: AV-Technik\n','2016-08-15 01:10:42','2016-08-15 01:10:42'),(126,'pbdopbpeh2nqgttuyg2o428','rep-7174qu9319',131,56,126,1,124,NULL,'2015-04-08',NULL,NULL,NULL,'85.00',0,0,1,0,1,1,NULL,NULL,NULL,NULL,NULL,'--- !ruby/hash:ActiveSupport::HashWithIndifferentAccess\nanschaffungskategorie: AV-Technik\n','2016-08-15 01:10:42','2016-08-15 01:10:42'),(127,'rwz28tc6z4ecwptq2x8p429','qui-7472co1493',132,56,127,1,124,NULL,'2013-01-15',NULL,NULL,NULL,'779.00',0,0,1,0,1,1,NULL,NULL,NULL,NULL,NULL,'--- !ruby/hash:ActiveSupport::HashWithIndifferentAccess\nanschaffungskategorie: AV-Technik\n','2016-08-15 01:10:42','2016-08-15 01:10:42'),(128,'cand5','cand5',72,35,128,1,NULL,NULL,'2015-09-21',NULL,NULL,NULL,'800.00',0,0,0,0,1,1,NULL,NULL,NULL,NULL,NULL,'--- !ruby/hash:ActiveSupport::HashWithIndifferentAccess\nanschaffungskategorie: AV-Technik\n','2016-08-15 01:10:42','2016-08-15 01:10:42'),(129,'beam21231','beamas12312',46,35,129,1,NULL,NULL,'2011-10-21',NULL,NULL,NULL,'1253.00',0,0,0,0,1,1,NULL,NULL,NULL,NULL,NULL,'--- !ruby/hash:ActiveSupport::HashWithIndifferentAccess\nanschaffungskategorie: AV-Technik\n','2016-08-15 01:10:42','2016-08-15 01:10:42'),(130,'hifi345','hifi345',103,35,130,1,NULL,NULL,'2011-06-21',NULL,NULL,NULL,'754.00',0,0,0,0,1,1,NULL,NULL,NULL,NULL,NULL,'--- !ruby/hash:ActiveSupport::HashWithIndifferentAccess\nanschaffungskategorie: AV-Technik\n','2016-08-15 01:10:42','2016-08-15 01:10:42'),(131,'iMac1','iMac5',134,35,131,1,NULL,NULL,'2011-12-06',NULL,'2016-08-15','This Item is gone','533.00',0,0,1,0,1,1,NULL,NULL,NULL,NULL,NULL,'--- !ruby/hash:ActiveSupport::HashWithIndifferentAccess\nanschaffungskategorie: AV-Technik\n','2016-08-15 01:10:42','2016-08-15 01:10:42'),(132,'iMac2','iMac6',134,35,132,3,NULL,NULL,'2015-06-24',NULL,'2016-08-15','This Item is gone','325.00',0,0,1,0,1,1,NULL,NULL,NULL,NULL,NULL,'--- !ruby/hash:ActiveSupport::HashWithIndifferentAccess\nanschaffungskategorie: AV-Technik\n','2016-08-15 01:10:42','2016-08-15 01:10:42'),(133,'65yy1c','9qanx7',105,35,133,1,NULL,NULL,'2012-12-06',NULL,'2016-08-15','This Item is gone','23.00',0,0,1,0,1,1,NULL,NULL,NULL,NULL,NULL,'--- !ruby/hash:ActiveSupport::HashWithIndifferentAccess\nanschaffungskategorie: AV-Technik\n','2016-08-15 01:10:42','2016-08-15 01:10:42'),(134,'7psiol','gdks37',105,35,134,1,NULL,NULL,'2013-09-23',NULL,NULL,NULL,'725.00',0,0,1,0,1,1,NULL,NULL,NULL,NULL,NULL,'--- !ruby/hash:ActiveSupport::HashWithIndifferentAccess\nanschaffungskategorie: AV-Technik\n','2016-08-15 01:10:42','2016-08-15 01:10:42'),(135,'wlaptop1','wlaptop1',135,35,135,1,NULL,NULL,'2015-10-25',NULL,NULL,NULL,'376.00',1,0,1,0,1,1,NULL,NULL,NULL,NULL,NULL,'--- !ruby/hash:ActiveSupport::HashWithIndifferentAccess\nanschaffungskategorie: AV-Technik\n','2016-08-15 01:10:42','2016-08-15 01:10:42'),(136,'v120d02','v120d02',136,35,136,1,NULL,NULL,'2013-04-30',NULL,NULL,NULL,'611.00',0,1,1,0,1,1,NULL,NULL,NULL,NULL,NULL,'--- !ruby/hash:ActiveSupport::HashWithIndifferentAccess\nanschaffungskategorie: AV-Technik\n','2016-08-15 01:10:42','2016-08-15 01:10:42'),(137,'v120d022g','v120d022g',137,35,137,1,NULL,NULL,'2013-11-24',NULL,NULL,NULL,'255.00',0,0,1,0,1,1,NULL,NULL,NULL,NULL,NULL,'--- !ruby/hash:ActiveSupport::HashWithIndifferentAccess\nanschaffungskategorie: AV-Technik\n','2016-08-15 01:10:42','2016-08-15 01:10:42'),(138,'v120d022g2','v120d022g2',137,35,138,1,NULL,NULL,'2014-07-14',NULL,NULL,NULL,'1448.00',0,0,1,0,1,1,NULL,NULL,NULL,NULL,NULL,'--- !ruby/hash:ActiveSupport::HashWithIndifferentAccess\nanschaffungskategorie: AV-Technik\n','2016-08-15 01:10:42','2016-08-15 01:10:42'),(139,'beam897','xyz890',46,35,139,1,NULL,NULL,'2012-10-26',NULL,NULL,NULL,'548.00',0,0,1,0,2,1,NULL,NULL,NULL,NULL,NULL,'--- !ruby/hash:ActiveSupport::HashWithIndifferentAccess\nanschaffungskategorie: AV-Technik\n','2016-08-15 01:10:42','2016-08-15 01:10:42'),(140,'minibeam12','xyz890',48,35,140,1,NULL,NULL,'2011-02-25',NULL,NULL,NULL,'970.00',0,0,1,0,2,1,NULL,NULL,NULL,NULL,NULL,'--- !ruby/hash:ActiveSupport::HashWithIndifferentAccess\nanschaffungskategorie: AV-Technik\n','2016-08-15 01:10:42','2016-08-15 01:10:42'),(141,'minibeam34','xyz890',48,35,141,1,NULL,NULL,'2011-06-09',NULL,NULL,NULL,'141.00',0,0,1,0,3,1,NULL,NULL,NULL,NULL,NULL,'--- !ruby/hash:ActiveSupport::HashWithIndifferentAccess\nanschaffungskategorie: AV-Technik\n','2016-08-15 01:10:42','2016-08-15 01:10:42'),(142,'881l0wyvwhmqjr3a4beo430','vel-7748re2435',139,NULL,NULL,1,NULL,NULL,NULL,NULL,NULL,NULL,NULL,0,0,0,0,1,0,NULL,NULL,NULL,NULL,NULL,'--- !ruby/hash:ActiveSupport::HashWithIndifferentAccess\nlicense_type: single_workspace\nactivation_type: serial_number\noperating_system:\n- windows\n- linux\ninstallation:\n- citrix\n- web\n','2016-08-15 01:10:42','2016-08-15 01:10:42'),(143,'hn7topk3sdauqs3x7kyc431','qua-10286vo7201',140,NULL,NULL,1,NULL,NULL,NULL,NULL,NULL,NULL,NULL,0,0,1,0,1,0,NULL,NULL,NULL,NULL,NULL,'--- !ruby/hash:ActiveSupport::HashWithIndifferentAccess\nlicense_type: single_workspace\nactivation_type: serial_number\noperating_system:\n- windows\n- linux\ninstallation:\n- citrix\n- web\n','2016-08-15 01:10:42','2016-08-15 01:10:42'),(144,'wcsg3k2r83cr3q99gbul432','con-4586vo1328',141,NULL,NULL,1,NULL,NULL,NULL,NULL,NULL,NULL,NULL,0,0,1,0,1,0,NULL,NULL,NULL,NULL,NULL,'--- !ruby/hash:ActiveSupport::HashWithIndifferentAccess\nlicense_type: single_workspace\nactivation_type: serial_number\noperating_system:\n- windows\n- linux\ninstallation:\n- citrix\n- web\n','2016-08-15 01:10:42','2016-08-15 01:10:42'),(145,'tr8gonyhz9o1j3vilyn1433','cum-5634vo5238',142,NULL,NULL,1,NULL,NULL,NULL,NULL,NULL,NULL,NULL,0,0,0,0,2,0,NULL,NULL,NULL,NULL,NULL,'--- !ruby/hash:ActiveSupport::HashWithIndifferentAccess\nlicense_type: single_workspace\nactivation_type: serial_number\noperating_system:\n- windows\n- linux\ninstallation:\n- citrix\n- web\n','2016-08-15 01:10:42','2016-08-15 01:10:42'),(146,'dwnzk3mbem1oiq0w20yc434','inc-4330re5826',143,NULL,NULL,1,NULL,NULL,NULL,NULL,'2016-08-15','Et qui ut aut sint officiis natus ab distinctio.',NULL,0,0,0,0,1,0,NULL,NULL,NULL,NULL,NULL,'--- !ruby/hash:ActiveSupport::HashWithIndifferentAccess\nlicense_type: single_workspace\nactivation_type: serial_number\noperating_system:\n- windows\n- linux\ninstallation:\n- citrix\n- web\n','2016-08-15 01:10:42','2016-08-15 01:10:42'),(147,'wc0yifasw87lw705x44j435','pos-6323es2413',144,NULL,NULL,2,NULL,NULL,NULL,NULL,'2016-08-15','Recusandae quia libero aut reiciendis dolor natus.',NULL,0,0,0,0,1,0,NULL,NULL,NULL,NULL,NULL,'--- !ruby/hash:ActiveSupport::HashWithIndifferentAccess\nlicense_type: single_workspace\nactivation_type: serial_number\noperating_system:\n- windows\n- linux\ninstallation:\n- citrix\n- web\n','2016-08-15 01:10:42','2016-08-15 01:10:42'),(148,'hqjyr5vr84w40o029yff436','lau-5251re5631',145,NULL,NULL,2,NULL,NULL,NULL,NULL,NULL,NULL,NULL,0,0,1,0,2,0,NULL,NULL,NULL,NULL,NULL,'--- !ruby/hash:ActiveSupport::HashWithIndifferentAccess\nlicense_type: single_workspace\nactivation_type: serial_number\noperating_system:\n- windows\n- linux\ninstallation:\n- citrix\n- web\n','2016-08-15 01:10:42','2016-08-15 01:10:42'),(149,'ym803jygts2kzz393ai9437','iur-6160do8550',146,NULL,NULL,1,NULL,NULL,'2016-08-15',NULL,NULL,NULL,NULL,0,0,0,0,1,0,NULL,NULL,NULL,NULL,NULL,'--- !ruby/hash:ActiveSupport::HashWithIndifferentAccess\nlicense_expiration: \'2016-08-15\'\nmaintenance_contract: \'true\'\nmaintenance_expiration: \'2016-08-15\'\n','2016-08-15 01:10:42','2016-08-15 01:10:42'),(150,'mb5wcgohyrnaakkvrzq7438','uts-10338no4072',147,NULL,NULL,1,NULL,NULL,NULL,NULL,NULL,NULL,NULL,0,0,0,0,1,0,NULL,NULL,NULL,NULL,NULL,'--- !ruby/hash:ActiveSupport::HashWithIndifferentAccess\nlicense_type: single_workspace\nactivation_type: serial_number\noperating_system:\n- windows\n- linux\ninstallation:\n- citrix\n- web\n','2016-08-15 01:10:42','2016-08-15 01:10:42'),(151,'m6oeen3ggr389y1o6szz439','dol-7740en10089',150,60,142,6,NULL,NULL,'2015-02-16',NULL,NULL,NULL,'619.00',0,0,1,0,1,1,NULL,NULL,NULL,NULL,NULL,'--- !ruby/hash:ActiveSupport::HashWithIndifferentAccess\nanschaffungskategorie: AV-Technik\n','2016-08-11 02:27:14','2016-08-11 02:27:14'),(152,'098zv7ll1a30htli8eof440','sus-4883il6574',151,61,143,7,NULL,NULL,'2011-12-19',NULL,NULL,NULL,'1280.00',0,0,1,0,1,1,NULL,NULL,NULL,NULL,NULL,'--- !ruby/hash:ActiveSupport::HashWithIndifferentAccess\nanschaffungskategorie: AV-Technik\n','2016-08-11 02:27:14','2016-08-11 02:27:14'),(153,'ljuwn9go5ygnpvlidw03441','idv-7688co6220',152,62,144,1,NULL,NULL,'2015-12-22',NULL,NULL,NULL,'995.00',0,0,1,0,1,1,NULL,NULL,NULL,NULL,NULL,'--- !ruby/hash:ActiveSupport::HashWithIndifferentAccess\nanschaffungskategorie: AV-Technik\n','2016-08-11 02:27:14','2016-08-11 02:27:14'),(154,'2p1a47ltmn9hmk7433xn442','imp-4233ne7189',153,63,145,7,NULL,NULL,'2013-04-28',NULL,NULL,NULL,'503.00',0,0,1,0,1,1,NULL,NULL,NULL,NULL,NULL,'--- !ruby/hash:ActiveSupport::HashWithIndifferentAccess\nanschaffungskategorie: AV-Technik\n','2016-08-11 02:27:14','2016-08-11 02:27:14'),(155,'gwgy964wjd4c6170ehag443','nos-6615ne3306',154,64,146,1,NULL,NULL,'2015-12-10',NULL,NULL,NULL,'616.00',0,0,1,0,1,1,NULL,NULL,NULL,NULL,NULL,'--- !ruby/hash:ActiveSupport::HashWithIndifferentAccess\nanschaffungskategorie: AV-Technik\n','2016-08-11 02:27:14','2016-08-11 02:27:14'),(156,'r2mzq8ofcqid89zlkkid444','exp-9400qu6945',155,65,147,9,NULL,NULL,'2012-05-29',NULL,NULL,NULL,'407.00',0,0,1,0,1,1,NULL,NULL,NULL,NULL,NULL,'--- !ruby/hash:ActiveSupport::HashWithIndifferentAccess\nanschaffungskategorie: AV-Technik\n','2016-08-11 02:27:14','2016-08-11 02:27:14'),(157,'fp75f2voufbbs8z6twvi445','quo-6736mo6709',155,66,148,11,NULL,NULL,'2011-08-26',NULL,NULL,NULL,'920.00',0,0,1,0,1,1,NULL,NULL,NULL,NULL,NULL,'--- !ruby/hash:ActiveSupport::HashWithIndifferentAccess\nanschaffungskategorie: AV-Technik\n','2016-08-11 02:27:14','2016-08-11 02:27:14'),(158,'0qibhkl6azzkeljojs42446','mag-5655nu2285',155,67,149,11,NULL,NULL,'2013-08-11',NULL,NULL,NULL,'1158.00',0,0,1,0,1,1,NULL,NULL,NULL,NULL,NULL,'--- !ruby/hash:ActiveSupport::HashWithIndifferentAccess\nanschaffungskategorie: AV-Technik\n','2016-08-11 02:27:14','2016-08-11 02:27:14'),(159,'noahzv7fic732lpj2eim447','etl-10593ad3005',159,68,150,3,NULL,NULL,'2015-07-01',NULL,NULL,NULL,'350.00',0,0,1,0,1,1,NULL,NULL,NULL,NULL,NULL,'--- !ruby/hash:ActiveSupport::HashWithIndifferentAccess\nanschaffungskategorie: AV-Technik\n','2016-08-11 02:27:14','2016-08-11 02:27:14'),(160,'xf0assyyl4nqol7cf9dg448','non-7012li1555',160,69,151,9,NULL,NULL,'2015-07-25',NULL,NULL,NULL,'638.00',0,0,1,0,1,1,NULL,NULL,NULL,NULL,NULL,'--- !ruby/hash:ActiveSupport::HashWithIndifferentAccess\nanschaffungskategorie: AV-Technik\n','2016-08-11 02:27:14','2016-08-11 02:27:14'),(161,'w9j11lfhqlok2ouhjqrd449','asp-4688do7030',161,70,152,8,NULL,NULL,'2012-02-28',NULL,NULL,NULL,'1157.00',0,0,1,0,1,1,NULL,NULL,NULL,NULL,NULL,'--- !ruby/hash:ActiveSupport::HashWithIndifferentAccess\nanschaffungskategorie: AV-Technik\n','2016-08-11 02:27:14','2016-08-11 02:27:14'),(162,'uoup21ct8nw8bx1izuaf450','exp-1810qu10836',162,71,153,10,NULL,NULL,'2012-11-13',NULL,NULL,NULL,'936.00',0,0,1,0,1,1,NULL,NULL,NULL,NULL,NULL,'--- !ruby/hash:ActiveSupport::HashWithIndifferentAccess\nanschaffungskategorie: AV-Technik\n','2016-08-11 02:27:14','2016-08-11 02:27:14'),(163,'pnhlgeda1adxp087jljx451','uti-10486ei8308',163,72,154,6,NULL,NULL,'2015-11-05',NULL,NULL,NULL,'282.00',0,0,1,0,1,1,NULL,NULL,NULL,NULL,NULL,'--- !ruby/hash:ActiveSupport::HashWithIndifferentAccess\nanschaffungskategorie: AV-Technik\n','2016-08-11 02:27:14','2016-08-11 02:27:14'),(164,'oe4iooiug8o4y0vnbfod452','per-2442ac6874',163,73,155,6,NULL,NULL,'2012-05-11',NULL,NULL,NULL,'1457.00',0,0,1,0,1,1,NULL,NULL,NULL,NULL,NULL,'--- !ruby/hash:ActiveSupport::HashWithIndifferentAccess\nanschaffungskategorie: AV-Technik\n','2016-08-11 02:27:14','2016-08-11 02:27:14'),(165,'izppr7vmp1vdoi67gje5453','dol-2407as2910',163,74,156,5,NULL,NULL,'2015-02-14',NULL,NULL,NULL,'1123.00',0,0,1,0,1,1,NULL,NULL,NULL,NULL,NULL,'--- !ruby/hash:ActiveSupport::HashWithIndifferentAccess\nanschaffungskategorie: AV-Technik\n','2016-08-11 02:27:14','2016-08-11 02:27:14'),(166,'49kwvjnw0wgzghneconp454','utv-3589de9298',167,75,157,2,NULL,NULL,'2012-05-25',NULL,NULL,NULL,'857.00',0,0,1,0,1,1,NULL,NULL,NULL,NULL,NULL,'--- !ruby/hash:ActiveSupport::HashWithIndifferentAccess\nanschaffungskategorie: AV-Technik\n','2016-08-11 02:27:15','2016-08-11 02:27:15'),(167,'gswdm1sag3owjydby30c455','rec-1098vo2796',168,76,158,5,NULL,NULL,'2012-05-15',NULL,NULL,NULL,'685.00',0,0,1,0,1,1,NULL,NULL,NULL,NULL,NULL,'--- !ruby/hash:ActiveSupport::HashWithIndifferentAccess\nanschaffungskategorie: AV-Technik\n','2016-08-11 02:27:15','2016-08-11 02:27:15'),(168,'yg64kkf4j5umhenxl5ct456','cup-10884se4213',169,77,159,7,NULL,NULL,'2014-04-06',NULL,NULL,NULL,'900.00',0,0,1,0,1,1,NULL,NULL,NULL,NULL,NULL,'--- !ruby/hash:ActiveSupport::HashWithIndifferentAccess\nanschaffungskategorie: AV-Technik\n','2016-08-11 02:27:15','2016-08-11 02:27:15'),(169,'9wp56s5v4pngwxefv3m7457','vol-1307pa2592',170,78,160,11,NULL,NULL,'2013-03-01',NULL,NULL,NULL,'1092.00',0,0,1,0,1,1,NULL,NULL,NULL,NULL,NULL,'--- !ruby/hash:ActiveSupport::HashWithIndifferentAccess\nanschaffungskategorie: AV-Technik\n','2016-08-11 02:27:15','2016-08-11 02:27:15'),(170,'03cpr3h37utou4q0u500458','cor-2502eo5499',171,79,161,3,NULL,NULL,'2013-03-29',NULL,NULL,NULL,'771.00',0,0,1,0,1,1,NULL,NULL,NULL,NULL,NULL,'--- !ruby/hash:ActiveSupport::HashWithIndifferentAccess\nanschaffungskategorie: AV-Technik\n','2016-08-11 02:27:15','2016-08-11 02:27:15'),(171,'0t86o5ozl5vy545hafqd459','qui-5926do8157',172,80,162,4,NULL,NULL,'2014-09-30',NULL,NULL,NULL,'1247.00',0,0,1,0,1,1,NULL,NULL,NULL,NULL,NULL,'--- !ruby/hash:ActiveSupport::HashWithIndifferentAccess\nanschaffungskategorie: AV-Technik\n','2016-08-11 02:27:15','2016-08-11 02:27:15'),(172,'e9yykpawu81qnm75saam460','min-3890ip10738',172,81,163,8,NULL,NULL,'2014-08-20',NULL,NULL,NULL,'857.00',0,0,1,0,1,1,NULL,NULL,NULL,NULL,NULL,'--- !ruby/hash:ActiveSupport::HashWithIndifferentAccess\nanschaffungskategorie: AV-Technik\n','2016-08-11 02:27:15','2016-08-11 02:27:15'),(173,'hc0z4lab5h0sazg4mj62461','qui-4726sa8560',172,82,164,10,NULL,NULL,'2014-03-29',NULL,NULL,NULL,'989.00',0,0,1,0,1,1,NULL,NULL,NULL,NULL,NULL,'--- !ruby/hash:ActiveSupport::HashWithIndifferentAccess\nanschaffungskategorie: AV-Technik\n','2016-08-11 02:27:15','2016-08-11 02:27:15'),(174,'jc3w1zrcce6edcjvcry8462','rer-10547no2658',176,83,165,6,NULL,NULL,'2012-01-26',NULL,NULL,NULL,'1406.00',0,0,1,0,1,1,NULL,NULL,NULL,NULL,NULL,'--- !ruby/hash:ActiveSupport::HashWithIndifferentAccess\nanschaffungskategorie: AV-Technik\n','2016-08-14 10:20:36','2016-08-14 10:20:36'),(175,'2tk6xshsh5jt0tez3asf463','arc-1303su4214',177,84,166,6,NULL,NULL,'2013-06-15',NULL,NULL,NULL,'1470.00',0,0,1,0,1,1,NULL,NULL,NULL,NULL,NULL,'--- !ruby/hash:ActiveSupport::HashWithIndifferentAccess\nanschaffungskategorie: AV-Technik\n','2016-08-14 10:20:36','2016-08-14 10:20:36'),(176,'wnwvt9mdshxww43s5va3464','ips-1818en7213',178,85,167,10,NULL,NULL,'2014-05-07',NULL,NULL,NULL,'1109.00',0,0,1,0,1,1,NULL,NULL,NULL,NULL,NULL,'--- !ruby/hash:ActiveSupport::HashWithIndifferentAccess\nanschaffungskategorie: AV-Technik\n','2016-08-14 10:20:36','2016-08-14 10:20:36'),(177,'hmo7yk7bw4fc48w029a1465','ver-4857eu5725',179,86,168,5,NULL,NULL,'2012-04-13',NULL,NULL,NULL,'1225.00',0,0,1,0,1,1,NULL,NULL,NULL,NULL,NULL,'--- !ruby/hash:ActiveSupport::HashWithIndifferentAccess\nanschaffungskategorie: AV-Technik\n','2016-08-14 04:10:24','2016-08-14 04:10:24'),(178,'380k4qsosc57ar52gou6466','exe-8941et3010',180,87,169,3,NULL,NULL,'2015-07-06',NULL,NULL,NULL,'1381.00',0,0,1,0,1,1,NULL,NULL,NULL,NULL,NULL,'--- !ruby/hash:ActiveSupport::HashWithIndifferentAccess\nanschaffungskategorie: AV-Technik\n','2016-08-14 04:10:24','2016-08-14 04:10:24'),(179,'6aa2y3k1su76xzyhasov467','eli-6125fu3871',181,88,170,6,NULL,NULL,'2015-07-27',NULL,NULL,NULL,'949.00',0,0,1,0,1,1,NULL,NULL,NULL,NULL,NULL,'--- !ruby/hash:ActiveSupport::HashWithIndifferentAccess\nanschaffungskategorie: AV-Technik\n','2016-08-14 04:10:24','2016-08-14 04:10:24'),(180,'xbw105919lx7vo6x3fpa468','adi-4089nu5865',182,89,171,4,NULL,NULL,'2012-09-30',NULL,NULL,NULL,'1282.00',0,0,1,0,1,1,NULL,NULL,NULL,NULL,NULL,'--- !ruby/hash:ActiveSupport::HashWithIndifferentAccess\nanschaffungskategorie: AV-Technik\n','2016-08-14 04:10:24','2016-08-14 04:10:24'),(181,'gwjga0er9fkx4k6uecc6469','mol-10033pe7144',183,90,172,2,NULL,NULL,'2012-08-27',NULL,NULL,NULL,'932.00',0,0,1,0,1,1,NULL,NULL,NULL,NULL,NULL,'--- !ruby/hash:ActiveSupport::HashWithIndifferentAccess\nanschaffungskategorie: AV-Technik\n','2016-08-14 04:10:24','2016-08-14 04:10:24'),(182,'2qh1fcw79yr53c6v968h470','vel-3168si1363',183,91,173,9,NULL,NULL,'2015-08-04',NULL,NULL,NULL,'382.00',0,0,1,0,1,1,NULL,NULL,NULL,NULL,NULL,'--- !ruby/hash:ActiveSupport::HashWithIndifferentAccess\nanschaffungskategorie: AV-Technik\n','2016-08-14 04:10:24','2016-08-14 04:10:24'),(183,'7yqlbpes45jbiksxew0p471','rep-7412ut3241',183,92,174,9,NULL,NULL,'2015-04-05',NULL,NULL,NULL,'663.00',0,0,1,0,1,1,NULL,NULL,NULL,NULL,NULL,'--- !ruby/hash:ActiveSupport::HashWithIndifferentAccess\nanschaffungskategorie: AV-Technik\n','2016-08-14 04:10:24','2016-08-14 04:10:24'),(184,'qh3xtp97ke2lymve7g0z472','ali-3366qu5466',187,93,175,1,NULL,NULL,'2013-09-25',NULL,NULL,NULL,'597.00',0,0,1,0,1,1,NULL,NULL,NULL,NULL,NULL,'--- !ruby/hash:ActiveSupport::HashWithIndifferentAccess\nanschaffungskategorie: AV-Technik\n','2016-08-15 01:10:42','2016-08-15 01:10:42'),(185,'3vrv8hqio7fw0qhatsy6473','mol-7074qu4579',188,94,176,5,NULL,NULL,'2015-09-09',NULL,NULL,NULL,'515.00',0,0,1,0,1,1,NULL,NULL,NULL,NULL,NULL,'--- !ruby/hash:ActiveSupport::HashWithIndifferentAccess\nanschaffungskategorie: AV-Technik\n','2016-08-15 01:10:42','2016-08-15 01:10:42'),(186,'45fmsg5yktdgqqqezszy474','dol-7358no1982',189,95,177,10,NULL,NULL,'2015-03-22',NULL,NULL,NULL,'412.00',0,0,1,0,1,1,NULL,NULL,NULL,NULL,NULL,'--- !ruby/hash:ActiveSupport::HashWithIndifferentAccess\nanschaffungskategorie: AV-Technik\n','2016-08-15 01:10:42','2016-08-15 01:10:42'),(187,'vfudgicwazqzujh3gj34475','nes-8510pe6671',190,96,178,2,NULL,NULL,'2015-11-14',NULL,NULL,NULL,'1476.00',0,0,1,0,1,1,NULL,NULL,NULL,NULL,NULL,'--- !ruby/hash:ActiveSupport::HashWithIndifferentAccess\nanschaffungskategorie: AV-Technik\n','2016-08-15 01:10:42','2016-08-15 01:10:42'),(188,'yxznzujy7jcvhzrwklp8476','lib-2221qu5481',190,97,179,2,NULL,NULL,'2011-06-10',NULL,NULL,NULL,'1037.00',0,0,1,0,1,1,NULL,NULL,NULL,NULL,NULL,'--- !ruby/hash:ActiveSupport::HashWithIndifferentAccess\nanschaffungskategorie: AV-Technik\n','2016-08-15 01:10:42','2016-08-15 01:10:42'),(189,'w70ep19yyuu7n8whr5yd477','non-1989li7489',190,98,180,6,NULL,NULL,'2011-03-07',NULL,NULL,NULL,'981.00',0,0,1,0,1,1,NULL,NULL,NULL,NULL,NULL,'--- !ruby/hash:ActiveSupport::HashWithIndifferentAccess\nanschaffungskategorie: AV-Technik\n','2016-08-15 01:10:42','2016-08-15 01:10:42'),(190,'ljfyq0z3p0lu6tio6hli478','nam-3498al5809',194,99,181,3,NULL,NULL,'2011-12-02',NULL,NULL,NULL,'1106.00',0,0,1,0,1,1,NULL,NULL,NULL,NULL,NULL,'--- !ruby/hash:ActiveSupport::HashWithIndifferentAccess\nanschaffungskategorie: AV-Technik\n','2016-08-15 01:10:42','2016-08-15 01:10:42'),(191,'5ssido5d5w5zw66p1qnt479','adi-3185qu2817',195,100,182,5,NULL,NULL,'2014-06-07',NULL,NULL,NULL,'1028.00',0,0,1,0,1,1,NULL,NULL,NULL,NULL,NULL,'--- !ruby/hash:ActiveSupport::HashWithIndifferentAccess\nanschaffungskategorie: AV-Technik\n','2016-08-15 01:10:42','2016-08-15 01:10:42'),(192,'ol65q2lhtbzz4rkenohj480','rer-5226qu9175',196,101,183,8,NULL,NULL,'2014-10-22',NULL,NULL,NULL,'1323.00',0,0,1,0,1,1,NULL,NULL,NULL,NULL,NULL,'--- !ruby/hash:ActiveSupport::HashWithIndifferentAccess\nanschaffungskategorie: AV-Technik\n','2016-08-15 01:10:42','2016-08-15 01:10:42'),(193,'7p6hq3k2ppd4y8fspny8481','con-6920qu7112',197,102,184,1,NULL,NULL,'2015-05-19',NULL,NULL,NULL,'472.00',0,0,1,0,1,1,NULL,NULL,NULL,NULL,NULL,'--- !ruby/hash:ActiveSupport::HashWithIndifferentAccess\nanschaffungskategorie: AV-Technik\n','2016-08-15 01:10:42','2016-08-15 01:10:42'),(194,'3l4yxwuk4ugashy50m4n482','eas-9556la6314',198,103,185,8,NULL,NULL,'2013-07-02',NULL,NULL,NULL,'473.00',0,0,1,0,1,1,NULL,NULL,NULL,NULL,NULL,'--- !ruby/hash:ActiveSupport::HashWithIndifferentAccess\nanschaffungskategorie: AV-Technik\n','2016-08-15 01:10:42','2016-08-15 01:10:42'),(195,'t43yrjic4mh3qcvgxocx483','dol-8713ne7417',199,104,186,3,NULL,NULL,'2012-02-09',NULL,NULL,NULL,'557.00',0,0,1,0,1,1,NULL,NULL,NULL,NULL,NULL,'--- !ruby/hash:ActiveSupport::HashWithIndifferentAccess\nanschaffungskategorie: AV-Technik\n','2016-08-15 01:10:42','2016-08-15 01:10:42'),(196,'6vqhkv1g02wzmxd7bslj484','mag-10361po10027',200,105,187,5,NULL,NULL,'2013-10-10',NULL,NULL,NULL,'469.00',0,0,1,0,1,1,NULL,NULL,NULL,NULL,NULL,'--- !ruby/hash:ActiveSupport::HashWithIndifferentAccess\nanschaffungskategorie: AV-Technik\n','2016-08-15 01:10:42','2016-08-15 01:10:42'),(197,'x4tolp04ocdqzr9m7zul485','eos-9960mo5994',201,106,188,5,NULL,NULL,'2013-07-17',NULL,NULL,NULL,'94.00',0,0,1,0,1,1,NULL,NULL,NULL,NULL,NULL,'--- !ruby/hash:ActiveSupport::HashWithIndifferentAccess\nanschaffungskategorie: AV-Technik\n','2016-08-15 01:10:42','2016-08-15 01:10:42'),(198,'tvdtg152hg33d1lj7gh4486','duc-7555ad5800',202,107,189,8,NULL,NULL,'2011-12-23',NULL,NULL,NULL,'295.00',0,0,1,0,1,1,NULL,NULL,NULL,NULL,NULL,'--- !ruby/hash:ActiveSupport::HashWithIndifferentAccess\nanschaffungskategorie: AV-Technik\n','2016-08-15 01:10:42','2016-08-15 01:10:42'),(199,'yh29b6bfqmp7or1ys5c5487','ull-1558an8601',203,108,190,4,NULL,NULL,'2011-10-12',NULL,NULL,NULL,'373.00',0,0,1,0,1,1,NULL,NULL,NULL,NULL,NULL,'--- !ruby/hash:ActiveSupport::HashWithIndifferentAccess\nanschaffungskategorie: AV-Technik\n','2016-08-15 01:10:42','2016-08-15 01:10:42'),(200,'77uvpftntxxu4va1xaui488','est-3082no3276',204,109,191,8,NULL,NULL,'2014-12-26',NULL,NULL,NULL,'1265.00',0,0,1,0,1,1,NULL,NULL,NULL,NULL,NULL,'--- !ruby/hash:ActiveSupport::HashWithIndifferentAccess\nanschaffungskategorie: AV-Technik\n','2016-08-15 01:10:42','2016-08-15 01:10:42'),(201,'aid689aeztmckijoyitl489','qui-10627qu6916',205,110,192,7,NULL,NULL,'2011-08-23',NULL,NULL,NULL,'1044.00',0,0,1,0,1,1,NULL,NULL,NULL,NULL,NULL,'--- !ruby/hash:ActiveSupport::HashWithIndifferentAccess\nanschaffungskategorie: AV-Technik\n','2016-08-15 01:10:42','2016-08-15 01:10:42'),(202,'gdwlfuleilqlmpjasmgg490','odi-7214iu1317',206,111,193,1,NULL,NULL,'2013-12-31',NULL,NULL,NULL,'365.00',0,0,1,0,1,1,NULL,NULL,NULL,NULL,NULL,'--- !ruby/hash:ActiveSupport::HashWithIndifferentAccess\nanschaffungskategorie: AV-Technik\n','2016-08-15 01:10:42','2016-08-15 01:10:42'),(203,'fwpj8be41wssxr1zexy5491','ver-5859qu2363',207,NULL,NULL,1,NULL,NULL,NULL,NULL,NULL,NULL,NULL,0,0,1,0,1,0,NULL,NULL,NULL,NULL,NULL,'--- !ruby/hash:ActiveSupport::HashWithIndifferentAccess\nlicense_type: single_workspace\nactivation_type: serial_number\noperating_system:\n- windows\n- linux\ninstallation:\n- citrix\n- web\n','2016-08-15 01:10:42','2016-08-15 01:10:42'),(204,'xpnmn8djnlcetixbehwi492','vel-10262au1212',208,112,194,9,NULL,NULL,'2014-10-30',NULL,NULL,NULL,'1082.00',0,0,1,0,2,1,NULL,NULL,NULL,NULL,NULL,'--- !ruby/hash:ActiveSupport::HashWithIndifferentAccess\nanschaffungskategorie: AV-Technik\n','2016-08-10 00:00:00','2016-08-10 00:00:00'),(205,'pw5s4sw0zq5dr9w3aaky493','nul-3659ma3739',208,113,195,6,NULL,NULL,'2013-06-20',NULL,NULL,NULL,'349.00',0,0,1,0,2,1,NULL,NULL,NULL,NULL,NULL,'--- !ruby/hash:ActiveSupport::HashWithIndifferentAccess\nanschaffungskategorie: AV-Technik\n','2016-08-10 00:00:00','2016-08-10 00:00:00'),(206,'9fieg9yiht7hcevxw4fc494','sol-3846vo6606',208,114,196,4,NULL,NULL,'2013-02-25',NULL,NULL,NULL,'1246.00',0,0,1,0,2,1,NULL,NULL,NULL,NULL,NULL,'--- !ruby/hash:ActiveSupport::HashWithIndifferentAccess\nanschaffungskategorie: AV-Technik\n','2016-08-10 00:00:00','2016-08-10 00:00:00'),(207,'6306t7ze0n6cmppqnpnx495','deb-10740re9028',212,115,197,3,NULL,NULL,'2014-03-29',NULL,NULL,NULL,'455.00',0,0,1,0,12,1,NULL,NULL,NULL,NULL,NULL,'--- !ruby/hash:ActiveSupport::HashWithIndifferentAccess\nanschaffungskategorie: AV-Technik\n','2016-08-15 01:10:42','2016-08-15 01:10:42'),(208,'ypm560rs7gov0auzm94y496','ver-5353ve2301',213,116,198,5,NULL,NULL,'2013-06-22',NULL,NULL,NULL,'100.00',0,0,1,0,1,1,NULL,NULL,NULL,NULL,NULL,'--- !ruby/hash:ActiveSupport::HashWithIndifferentAccess\nanschaffungskategorie: AV-Technik\n','2016-08-15 01:10:42','2016-08-15 01:10:42'),(209,'lsq0829hxazwi2o5tj6b497','ten-2550au6544',214,117,199,1,NULL,NULL,'2015-12-26',NULL,NULL,NULL,'967.00',0,0,1,0,1,1,NULL,NULL,NULL,NULL,NULL,'--- !ruby/hash:ActiveSupport::HashWithIndifferentAccess\nanschaffungskategorie: AV-Technik\n','2016-08-15 01:10:42','2016-08-15 01:10:42'),(210,'67272o0aj48spolj3xh3498','qui-7360si4562',215,118,200,11,NULL,NULL,'2012-07-25',NULL,NULL,NULL,'396.00',0,0,1,0,1,1,NULL,NULL,NULL,NULL,NULL,'--- !ruby/hash:ActiveSupport::HashWithIndifferentAccess\nanschaffungskategorie: AV-Technik\n','2016-08-15 01:10:42','2016-08-15 01:10:42'),(211,'4w5jpdvmcgeejlbu9isn499','acc-1766co8854',216,119,201,6,NULL,NULL,'2011-02-07',NULL,NULL,NULL,'1173.00',0,0,1,0,1,1,NULL,NULL,NULL,NULL,NULL,'--- !ruby/hash:ActiveSupport::HashWithIndifferentAccess\nanschaffungskategorie: AV-Technik\n','2016-08-15 01:10:42','2016-08-15 01:10:42'),(212,'3x7tv5p6shzbblyekcnp500','pra-2768si2622',217,120,202,9,NULL,NULL,'2015-07-14',NULL,NULL,NULL,'134.00',0,0,1,0,1,1,NULL,NULL,NULL,NULL,NULL,'--- !ruby/hash:ActiveSupport::HashWithIndifferentAccess\nanschaffungskategorie: AV-Technik\n','2016-08-15 01:10:42','2016-08-15 01:10:42'),(213,'5upipo466hd6d3vmghtm501','qui-5089in2496',218,121,203,2,NULL,NULL,'2015-01-02',NULL,NULL,NULL,'408.00',0,0,1,0,1,1,NULL,NULL,NULL,NULL,NULL,'--- !ruby/hash:ActiveSupport::HashWithIndifferentAccess\nanschaffungskategorie: AV-Technik\n','2016-08-15 01:10:42','2016-08-15 01:10:42'),(214,'1yen4z6ejtocjh0pz05d502','sit-6628la10783',219,122,204,12,NULL,NULL,'2015-08-21',NULL,NULL,NULL,'439.00',0,0,1,0,1,1,NULL,NULL,NULL,NULL,NULL,'--- !ruby/hash:ActiveSupport::HashWithIndifferentAccess\nanschaffungskategorie: AV-Technik\n','2016-08-15 01:10:42','2016-08-15 01:10:42'),(215,'zombndyu5atx5b2upir3503','hic-5636vo3043',220,123,205,4,NULL,NULL,'2012-04-12',NULL,NULL,NULL,'137.00',0,0,1,0,1,1,NULL,NULL,NULL,NULL,NULL,'--- !ruby/hash:ActiveSupport::HashWithIndifferentAccess\nanschaffungskategorie: AV-Technik\n','2016-08-15 01:10:42','2016-08-15 01:10:42'),(216,'62je9pxfefexs7hsfear504','etr-2044as9678',221,124,206,7,NULL,NULL,'2012-02-13',NULL,NULL,NULL,'926.00',0,0,1,0,1,1,NULL,NULL,NULL,NULL,NULL,'--- !ruby/hash:ActiveSupport::HashWithIndifferentAccess\nanschaffungskategorie: AV-Technik\n','2016-08-15 01:10:42','2016-08-15 01:10:42'),(217,'ze989m6pmzy5ms3nb2l8505','mol-7832re10235',222,125,207,2,NULL,NULL,'2014-03-24',NULL,NULL,NULL,'1295.00',0,0,1,0,1,1,NULL,NULL,NULL,NULL,NULL,'--- !ruby/hash:ActiveSupport::HashWithIndifferentAccess\nanschaffungskategorie: AV-Technik\n','2016-08-15 01:10:42','2016-08-15 01:10:42'),(218,'cdwd7sheweomjz2j8v96506','qua-10749co6976',223,126,208,11,NULL,NULL,'2012-07-03',NULL,NULL,NULL,'343.00',0,0,1,0,1,1,NULL,NULL,NULL,NULL,NULL,'--- !ruby/hash:ActiveSupport::HashWithIndifferentAccess\nanschaffungskategorie: AV-Technik\n','2016-08-15 01:10:42','2016-08-15 01:10:42'),(219,'g4fndwu4hva1q7q8812y507','lab-8313la1941',224,127,209,7,NULL,NULL,'2014-07-24',NULL,NULL,NULL,'820.00',0,0,1,0,1,1,NULL,NULL,NULL,NULL,NULL,'--- !ruby/hash:ActiveSupport::HashWithIndifferentAccess\nanschaffungskategorie: AV-Technik\n','2016-08-15 01:10:42','2016-08-15 01:10:42'),(220,'tiku7k8aw50axmackrae508','sit-2050re5437',225,128,210,5,NULL,NULL,'2015-09-18',NULL,NULL,NULL,'150.00',0,0,1,0,1,1,NULL,NULL,NULL,NULL,NULL,'--- !ruby/hash:ActiveSupport::HashWithIndifferentAccess\nanschaffungskategorie: AV-Technik\n','2016-08-15 01:10:42','2016-08-15 01:10:42'),(221,'xz86mel5eo1lu3h280df509','exe-9985au9889',226,129,211,6,NULL,NULL,'2013-11-13',NULL,NULL,NULL,'1248.00',0,0,1,0,1,1,NULL,NULL,NULL,NULL,NULL,'--- !ruby/hash:ActiveSupport::HashWithIndifferentAccess\nanschaffungskategorie: AV-Technik\n','2016-08-15 01:10:42','2016-08-15 01:10:42'),(222,'80ic0rohz58zfusq6kap510','eum-2621de3883',227,130,212,8,NULL,NULL,'2013-11-18',NULL,NULL,NULL,'168.00',0,0,1,0,1,1,NULL,NULL,NULL,NULL,NULL,'--- !ruby/hash:ActiveSupport::HashWithIndifferentAccess\nanschaffungskategorie: AV-Technik\n','2016-08-10 00:00:00','2016-08-10 00:00:00'),(223,'h2zq2hum6j2cfyh63ryu511','qua-7676li8279',228,131,213,9,NULL,NULL,'2013-04-11',NULL,NULL,NULL,'704.00',0,0,1,0,1,1,NULL,NULL,NULL,NULL,NULL,'--- !ruby/hash:ActiveSupport::HashWithIndifferentAccess\nanschaffungskategorie: AV-Technik\n','2016-08-10 00:00:00','2016-08-10 00:00:00'),(224,'usw2au7mt8f333k230ps512','vol-9517su5380',229,132,214,2,NULL,NULL,'2015-07-09',NULL,NULL,NULL,'1463.00',0,0,1,0,1,1,NULL,NULL,NULL,NULL,NULL,'--- !ruby/hash:ActiveSupport::HashWithIndifferentAccess\nanschaffungskategorie: AV-Technik\n','2016-08-10 00:00:00','2016-08-10 00:00:00'),(225,'zbqcwqzcedp3oywnvb5o513','rep-9821du7732',230,133,215,10,NULL,NULL,'2013-04-14',NULL,NULL,NULL,'16.00',0,0,1,0,3,1,NULL,NULL,NULL,NULL,NULL,'--- !ruby/hash:ActiveSupport::HashWithIndifferentAccess\nanschaffungskategorie: AV-Technik\n','2016-08-15 01:10:42','2016-08-15 01:10:42'),(226,'zkliqto4ec7dmr6s3snq514','sed-9659no3267',230,134,216,8,NULL,NULL,'2015-01-05',NULL,NULL,NULL,'678.00',0,0,1,0,3,1,NULL,NULL,NULL,NULL,NULL,'--- !ruby/hash:ActiveSupport::HashWithIndifferentAccess\nanschaffungskategorie: AV-Technik\n','2016-08-15 01:10:42','2016-08-15 01:10:42'),(227,'2y9a5clb0ilof7tjtd05515','err-4836ra4570',230,135,217,9,NULL,NULL,'2012-04-08',NULL,NULL,NULL,'1344.00',0,0,1,0,3,1,NULL,NULL,NULL,NULL,NULL,'--- !ruby/hash:ActiveSupport::HashWithIndifferentAccess\nanschaffungskategorie: AV-Technik\n','2016-08-15 01:10:42','2016-08-15 01:10:42'),(228,'dx1vzd0d0ltg3o5hg5dk516','cup-2555ut1634',234,136,218,7,NULL,NULL,'2015-02-22',NULL,NULL,NULL,'278.00',0,0,1,0,3,1,NULL,NULL,NULL,NULL,NULL,'--- !ruby/hash:ActiveSupport::HashWithIndifferentAccess\nanschaffungskategorie: AV-Technik\n','2016-08-15 01:10:42','2016-08-15 01:10:42'),(229,'nifbovisdw1g90a2ref5517','lau-8681ac10208',234,137,219,12,NULL,NULL,'2015-12-07',NULL,NULL,NULL,'699.00',0,0,1,0,3,1,NULL,NULL,NULL,NULL,NULL,'--- !ruby/hash:ActiveSupport::HashWithIndifferentAccess\nanschaffungskategorie: AV-Technik\n','2016-08-15 01:10:42','2016-08-15 01:10:42'),(230,'6se7exo4b4xpwoob2buh518','odi-5205es8418',234,138,220,3,NULL,NULL,'2014-04-03',NULL,NULL,NULL,'1350.00',0,0,1,0,3,1,NULL,NULL,NULL,NULL,NULL,'--- !ruby/hash:ActiveSupport::HashWithIndifferentAccess\nanschaffungskategorie: AV-Technik\n','2016-08-15 01:10:42','2016-08-15 01:10:42'),(231,'4lpvgsqz1v3iwwc77bmm519','dol-8159au10213',238,139,221,8,NULL,NULL,'2014-12-10',NULL,NULL,NULL,'624.00',0,0,1,0,3,1,NULL,NULL,NULL,NULL,NULL,'--- !ruby/hash:ActiveSupport::HashWithIndifferentAccess\nanschaffungskategorie: AV-Technik\n','2016-08-15 01:10:42','2016-08-15 01:10:42'),(232,'sv9ca8fbqosqp0542rav520','non-5338ea3574',238,140,222,10,NULL,NULL,'2013-03-20',NULL,NULL,NULL,'384.00',0,0,1,0,3,1,NULL,NULL,NULL,NULL,NULL,'--- !ruby/hash:ActiveSupport::HashWithIndifferentAccess\nanschaffungskategorie: AV-Technik\n','2016-08-15 01:10:42','2016-08-15 01:10:42'),(233,'jx9q7gs2vfwq44jrftry521','ten-4527au7623',238,141,223,4,NULL,NULL,'2015-01-04',NULL,NULL,NULL,'381.00',0,0,1,0,3,1,NULL,NULL,NULL,NULL,NULL,'--- !ruby/hash:ActiveSupport::HashWithIndifferentAccess\nanschaffungskategorie: AV-Technik\n','2016-08-15 01:10:42','2016-08-15 01:10:42'),(234,'eje090bp16i3oyzxc1wb522','par-1795et7782',242,142,224,12,NULL,NULL,'2012-03-01',NULL,NULL,NULL,'738.00',0,0,1,0,1,1,NULL,NULL,NULL,NULL,NULL,'--- !ruby/hash:ActiveSupport::HashWithIndifferentAccess\nanschaffungskategorie: AV-Technik\n','2016-08-15 01:10:42','2016-08-15 01:10:42'),(235,'qq8v6ao222xz0bz8oxoo523','qui-10104ma10393',242,143,225,1,NULL,NULL,'2015-08-07',NULL,NULL,NULL,'863.00',0,0,1,0,1,1,NULL,NULL,NULL,NULL,NULL,'--- !ruby/hash:ActiveSupport::HashWithIndifferentAccess\nanschaffungskategorie: AV-Technik\n','2016-08-15 01:10:42','2016-08-15 01:10:42'),(236,'rf3f3dpz1or05nc3qch2524','qui-10738il8554',242,144,226,5,NULL,NULL,'2013-02-06',NULL,NULL,NULL,'512.00',0,0,1,0,1,1,NULL,NULL,NULL,NULL,NULL,'--- !ruby/hash:ActiveSupport::HashWithIndifferentAccess\nanschaffungskategorie: AV-Technik\n','2016-08-15 01:10:42','2016-08-15 01:10:42'),(237,'jmvwlorgpyc2i4pmdfqs525','ete-2249im4496',246,145,227,9,NULL,NULL,'2013-10-23',NULL,NULL,NULL,'1352.00',0,0,1,0,1,1,NULL,NULL,NULL,NULL,NULL,'--- !ruby/hash:ActiveSupport::HashWithIndifferentAccess\nanschaffungskategorie: AV-Technik\n','2016-08-15 01:10:42','2016-08-15 01:10:42'),(238,'b1hjz9jos42u5n9qml5p526','con-2942ea7541',246,146,228,6,NULL,NULL,'2013-07-18',NULL,NULL,NULL,'1291.00',0,0,1,0,1,1,NULL,NULL,NULL,NULL,NULL,'--- !ruby/hash:ActiveSupport::HashWithIndifferentAccess\nanschaffungskategorie: AV-Technik\n','2016-08-15 01:10:42','2016-08-15 01:10:42'),(239,'y4ywmfyau87dmd00ghq5527','con-3492pa3840',246,147,229,3,NULL,NULL,'2012-10-14',NULL,NULL,NULL,'1040.00',0,0,1,0,1,1,NULL,NULL,NULL,NULL,NULL,'--- !ruby/hash:ActiveSupport::HashWithIndifferentAccess\nanschaffungskategorie: AV-Technik\n','2016-08-15 01:10:42','2016-08-15 01:10:42'),(240,'suabksveqtcvtonihxrf528','qui-4026se6448',250,148,230,4,NULL,NULL,'2013-07-07',NULL,NULL,NULL,'410.00',0,0,1,0,1,1,NULL,NULL,NULL,NULL,NULL,'--- !ruby/hash:ActiveSupport::HashWithIndifferentAccess\nanschaffungskategorie: AV-Technik\n','2016-08-15 01:10:42','2016-08-15 01:10:42'),(241,'ut1c7pz5a5meid7e4r4r529','fac-8138na7066',250,149,231,5,NULL,NULL,'2011-09-06',NULL,NULL,NULL,'1051.00',0,0,1,0,1,1,NULL,NULL,NULL,NULL,NULL,'--- !ruby/hash:ActiveSupport::HashWithIndifferentAccess\nanschaffungskategorie: AV-Technik\n','2016-08-15 01:10:42','2016-08-15 01:10:42'),(242,'odhvt01otcqe56y7r9rg530','cum-10216au1851',250,150,232,2,NULL,NULL,'2014-07-18',NULL,NULL,NULL,'353.00',0,0,1,0,1,1,NULL,NULL,NULL,NULL,NULL,'--- !ruby/hash:ActiveSupport::HashWithIndifferentAccess\nanschaffungskategorie: AV-Technik\n','2016-08-15 01:10:42','2016-08-15 01:10:42'),(243,'4wwn7w8gew3pud4axdxu531','fug-7657au10553',254,151,233,11,NULL,NULL,'2014-04-03',NULL,NULL,NULL,'1086.00',0,0,1,0,2,1,NULL,NULL,NULL,NULL,NULL,'--- !ruby/hash:ActiveSupport::HashWithIndifferentAccess\nanschaffungskategorie: AV-Technik\n','2016-08-15 01:10:42','2016-08-15 01:10:42'),(244,'e6wf0skblfa4lns561vg532','qui-2389do7294',254,152,234,9,NULL,NULL,'2012-04-17',NULL,NULL,NULL,'364.00',0,0,1,0,2,1,NULL,NULL,NULL,NULL,NULL,'--- !ruby/hash:ActiveSupport::HashWithIndifferentAccess\nanschaffungskategorie: AV-Technik\n','2016-08-15 01:10:42','2016-08-15 01:10:42'),(245,'oj573yq6nxvqi9n0xp83533','nis-1825ut1226',254,153,235,3,NULL,NULL,'2013-11-23',NULL,NULL,NULL,'86.00',0,0,1,0,2,1,NULL,NULL,NULL,NULL,NULL,'--- !ruby/hash:ActiveSupport::HashWithIndifferentAccess\nanschaffungskategorie: AV-Technik\n','2016-08-15 01:10:42','2016-08-15 01:10:42'),(246,'am2nhkb6imr64ozrc72j534','acc-6347ha6442',258,154,236,12,NULL,NULL,'2015-03-05',NULL,NULL,NULL,'999.00',0,0,1,0,2,1,NULL,NULL,NULL,NULL,NULL,'--- !ruby/hash:ActiveSupport::HashWithIndifferentAccess\nanschaffungskategorie: AV-Technik\n','2016-08-15 01:10:42','2016-08-15 01:10:42'),(247,'y2g3dc14cj01f6y21m9h535','seq-10965do2137',258,155,237,7,NULL,NULL,'2015-04-14',NULL,NULL,NULL,'1364.00',0,0,1,0,2,1,NULL,NULL,NULL,NULL,NULL,'--- !ruby/hash:ActiveSupport::HashWithIndifferentAccess\nanschaffungskategorie: AV-Technik\n','2016-08-15 01:10:42','2016-08-15 01:10:42'),(248,'k6x2a4wehi1h9rw01o2t536','nul-5653si5542',258,156,238,8,NULL,NULL,'2015-07-12',NULL,NULL,NULL,'1015.00',0,0,1,0,2,1,NULL,NULL,NULL,NULL,NULL,'--- !ruby/hash:ActiveSupport::HashWithIndifferentAccess\nanschaffungskategorie: AV-Technik\n','2016-08-15 01:10:42','2016-08-15 01:10:42'),(249,'pdjdliy50uu4hd886ekr537','rer-2179pa10992',262,157,239,11,NULL,NULL,'2014-09-25',NULL,NULL,NULL,'295.00',0,0,1,0,2,1,NULL,NULL,NULL,NULL,NULL,'--- !ruby/hash:ActiveSupport::HashWithIndifferentAccess\nanschaffungskategorie: AV-Technik\n','2016-08-15 01:10:42','2016-08-15 01:10:42'),(250,'zrfma8usnb94lwnp0jvm538','lau-2935en8873',262,158,240,10,NULL,NULL,'2013-11-18',NULL,NULL,NULL,'743.00',0,0,1,0,2,1,NULL,NULL,NULL,NULL,NULL,'--- !ruby/hash:ActiveSupport::HashWithIndifferentAccess\nanschaffungskategorie: AV-Technik\n','2016-08-15 01:10:42','2016-08-15 01:10:42'),(251,'as5bl1w2qm75o1md12u4539','vel-10413do7247',262,159,241,1,NULL,NULL,'2015-12-09',NULL,NULL,NULL,'269.00',0,0,1,0,2,1,NULL,NULL,NULL,NULL,NULL,'--- !ruby/hash:ActiveSupport::HashWithIndifferentAccess\nanschaffungskategorie: AV-Technik\n','2016-08-15 01:10:42','2016-08-15 01:10:42'),(252,'3bckp2udas47rnfa3ay4540','eum-2985mo8683',266,160,242,8,NULL,NULL,'2015-10-06',NULL,NULL,NULL,'1431.00',0,0,1,0,2,1,NULL,NULL,NULL,NULL,NULL,'--- !ruby/hash:ActiveSupport::HashWithIndifferentAccess\nanschaffungskategorie: AV-Technik\n','2016-08-15 01:10:42','2016-08-15 01:10:42'),(253,'uz32onvcahc93rja6p6j541','quo-1652vo7499',266,161,243,4,NULL,NULL,'2015-12-04',NULL,NULL,NULL,'1083.00',0,0,1,0,2,1,NULL,NULL,NULL,NULL,NULL,'--- !ruby/hash:ActiveSupport::HashWithIndifferentAccess\nanschaffungskategorie: AV-Technik\n','2016-08-15 01:10:42','2016-08-15 01:10:42'),(254,'xcbunnld76s9jias3vke542','ips-1240be8284',266,162,244,7,NULL,NULL,'2013-02-01',NULL,NULL,NULL,'915.00',0,0,1,0,2,1,NULL,NULL,NULL,NULL,NULL,'--- !ruby/hash:ActiveSupport::HashWithIndifferentAccess\nanschaffungskategorie: AV-Technik\n','2016-08-15 01:10:42','2016-08-15 01:10:42'),(255,'svvkdd7p26rnfzen2bqh543','lab-10476qu7480',270,163,245,11,NULL,NULL,'2011-10-01',NULL,NULL,NULL,'1245.00',0,0,1,0,2,1,NULL,NULL,NULL,NULL,NULL,'--- !ruby/hash:ActiveSupport::HashWithIndifferentAccess\nanschaffungskategorie: AV-Technik\n','2016-08-15 01:10:42','2016-08-15 01:10:42'),(256,'g2xyaa4bk1aqtt9hv8tg544','dol-7645do8423',270,164,246,1,NULL,NULL,'2012-12-07',NULL,NULL,NULL,'1140.00',0,0,1,0,2,1,NULL,NULL,NULL,NULL,NULL,'--- !ruby/hash:ActiveSupport::HashWithIndifferentAccess\nanschaffungskategorie: AV-Technik\n','2016-08-15 01:10:42','2016-08-15 01:10:42'),(257,'fcssubowm3lf2uwc2ejf545','tem-1656to3888',270,165,247,2,NULL,NULL,'2013-12-15',NULL,NULL,NULL,'20.00',0,0,1,0,2,1,NULL,NULL,NULL,NULL,NULL,'--- !ruby/hash:ActiveSupport::HashWithIndifferentAccess\nanschaffungskategorie: AV-Technik\n','2016-08-15 01:10:42','2016-08-15 01:10:42'),(258,'hw2m9z6nchkixmvd5cz4546','mol-2811na4078',274,166,248,10,NULL,NULL,'2014-07-26',NULL,NULL,NULL,'340.00',0,0,1,0,2,1,NULL,NULL,NULL,NULL,NULL,'--- !ruby/hash:ActiveSupport::HashWithIndifferentAccess\nanschaffungskategorie: AV-Technik\n','2016-08-15 01:10:42','2016-08-15 01:10:42'),(259,'yzaqiyws0lhyl8wkpqsm547','eli-9849te4462',274,167,249,2,NULL,NULL,'2013-06-23',NULL,NULL,NULL,'717.00',0,0,1,0,2,1,NULL,NULL,NULL,NULL,NULL,'--- !ruby/hash:ActiveSupport::HashWithIndifferentAccess\nanschaffungskategorie: AV-Technik\n','2016-08-15 01:10:42','2016-08-15 01:10:42'),(260,'116fi14qzdg294qx6lre548','non-4781vo4198',274,168,250,1,NULL,NULL,'2012-02-18',NULL,NULL,NULL,'368.00',0,0,1,0,2,1,NULL,NULL,NULL,NULL,NULL,'--- !ruby/hash:ActiveSupport::HashWithIndifferentAccess\nanschaffungskategorie: AV-Technik\n','2016-08-15 01:10:42','2016-08-15 01:10:42'),(261,'7yw2z2piocrz1ltetpu5549','fac-4206in3829',278,169,251,11,NULL,NULL,'2012-04-18',NULL,NULL,NULL,'320.00',0,0,1,0,2,1,NULL,NULL,NULL,NULL,NULL,'--- !ruby/hash:ActiveSupport::HashWithIndifferentAccess\nanschaffungskategorie: AV-Technik\n','2016-08-15 01:10:42','2016-08-15 01:10:42'),(262,'evvbsz7jnatb33198v2p550','eti-4188de10971',278,170,252,7,NULL,NULL,'2013-12-13',NULL,NULL,NULL,'180.00',0,0,1,0,2,1,NULL,NULL,NULL,NULL,NULL,'--- !ruby/hash:ActiveSupport::HashWithIndifferentAccess\nanschaffungskategorie: AV-Technik\n','2016-08-15 01:10:42','2016-08-15 01:10:42'),(263,'7gsi6pes29t60yrmdkgm551','mag-2748ac10257',278,171,253,1,NULL,NULL,'2015-01-31',NULL,NULL,NULL,'424.00',0,0,1,0,2,1,NULL,NULL,NULL,NULL,NULL,'--- !ruby/hash:ActiveSupport::HashWithIndifferentAccess\nanschaffungskategorie: AV-Technik\n','2016-08-15 01:10:42','2016-08-15 01:10:42'),(264,'8jgbkdpzk4kjbg2mojue552','off-4845vo4006',282,172,254,5,NULL,NULL,'2015-05-26',NULL,NULL,NULL,'180.00',0,0,1,0,2,1,NULL,NULL,NULL,NULL,NULL,'--- !ruby/hash:ActiveSupport::HashWithIndifferentAccess\nanschaffungskategorie: AV-Technik\n','2016-08-15 01:10:42','2016-08-15 01:10:42'),(265,'5tmlj9wir183nd0wk38r553','har-6125au3343',282,173,255,11,NULL,NULL,'2012-12-03',NULL,NULL,NULL,'499.00',0,0,1,0,2,1,NULL,NULL,NULL,NULL,NULL,'--- !ruby/hash:ActiveSupport::HashWithIndifferentAccess\nanschaffungskategorie: AV-Technik\n','2016-08-15 01:10:42','2016-08-15 01:10:42'),(266,'lzf7ebl567jmkhmvd4nt554','qui-6645ma8421',282,174,256,7,NULL,NULL,'2014-10-10',NULL,NULL,NULL,'1384.00',0,0,1,0,2,1,NULL,NULL,NULL,NULL,NULL,'--- !ruby/hash:ActiveSupport::HashWithIndifferentAccess\nanschaffungskategorie: AV-Technik\n','2016-08-15 01:10:42','2016-08-15 01:10:42'),(267,'34vvxqc9k6vdn9zg8kjk555','lau-10413su2810',286,175,257,7,NULL,NULL,'2015-10-11',NULL,NULL,NULL,'59.00',0,0,1,0,2,1,NULL,NULL,NULL,NULL,NULL,'--- !ruby/hash:ActiveSupport::HashWithIndifferentAccess\nanschaffungskategorie: AV-Technik\n','2016-08-15 01:10:42','2016-08-15 01:10:42'),(268,'c4z4de3vpzj1yrw5edoi556','aut-7762ab4778',286,176,258,8,NULL,NULL,'2015-11-29',NULL,NULL,NULL,'195.00',0,0,1,0,2,1,NULL,NULL,NULL,NULL,NULL,'--- !ruby/hash:ActiveSupport::HashWithIndifferentAccess\nanschaffungskategorie: AV-Technik\n','2016-08-15 01:10:42','2016-08-15 01:10:42'),(269,'gg0c80fe3i9tnbfonbe5557','qui-3096vo3148',286,177,259,12,NULL,NULL,'2014-11-27',NULL,NULL,NULL,'589.00',0,0,1,0,2,1,NULL,NULL,NULL,NULL,NULL,'--- !ruby/hash:ActiveSupport::HashWithIndifferentAccess\nanschaffungskategorie: AV-Technik\n','2016-08-15 01:10:42','2016-08-15 01:10:42'),(270,'zsrgaxheos80ih2ngafd558','vit-9519ut9139',290,178,260,1,NULL,NULL,'2013-03-02',NULL,NULL,NULL,'1127.00',0,0,1,0,1,1,NULL,NULL,NULL,NULL,NULL,'--- !ruby/hash:ActiveSupport::HashWithIndifferentAccess\nanschaffungskategorie: AV-Technik\n','2016-08-15 01:10:42','2016-08-15 01:10:42'),(271,'y3157k8yj2e0mlx4690k559','ius-8054cu4160',291,179,261,8,NULL,NULL,'2015-03-07',NULL,NULL,NULL,'1206.00',0,0,1,0,1,1,NULL,NULL,NULL,NULL,NULL,'--- !ruby/hash:ActiveSupport::HashWithIndifferentAccess\nanschaffungskategorie: AV-Technik\n','2016-08-15 01:10:42','2016-08-15 01:10:42'),(272,'1ifa01r4k7135uccvend560','vol-3004re5948',291,180,262,10,NULL,NULL,'2013-04-24',NULL,NULL,NULL,'669.00',0,0,1,0,1,1,NULL,NULL,NULL,NULL,NULL,'--- !ruby/hash:ActiveSupport::HashWithIndifferentAccess\nanschaffungskategorie: AV-Technik\n','2016-08-15 01:10:42','2016-08-15 01:10:42'),(273,'lucyjs7u0opnwk8mfcxs561','rer-7593il1071',291,181,263,11,NULL,NULL,'2014-08-16',NULL,NULL,NULL,'1386.00',0,0,1,0,1,1,NULL,NULL,NULL,NULL,NULL,'--- !ruby/hash:ActiveSupport::HashWithIndifferentAccess\nanschaffungskategorie: AV-Technik\n','2016-08-15 01:10:42','2016-08-15 01:10:42');
/*!40000 ALTER TABLE `items` ENABLE KEYS */;
UNLOCK TABLES;

--
-- Table structure for table `languages`
--

DROP TABLE IF EXISTS `languages`;
/*!40101 SET @saved_cs_client     = @@character_set_client */;
/*!40101 SET character_set_client = utf8 */;
CREATE TABLE `languages` (
  `id` int(11) NOT NULL AUTO_INCREMENT,
  `name` varchar(255) COLLATE utf8_unicode_ci DEFAULT NULL,
  `locale_name` varchar(255) COLLATE utf8_unicode_ci DEFAULT NULL,
  `default` tinyint(1) DEFAULT NULL,
  `active` tinyint(1) DEFAULT NULL,
  PRIMARY KEY (`id`),
  UNIQUE KEY `index_languages_on_name` (`name`),
  KEY `index_languages_on_active_and_default` (`active`,`default`)
) ENGINE=InnoDB AUTO_INCREMENT=5 DEFAULT CHARSET=utf8 COLLATE=utf8_unicode_ci;
/*!40101 SET character_set_client = @saved_cs_client */;

--
-- Dumping data for table `languages`
--

LOCK TABLES `languages` WRITE;
/*!40000 ALTER TABLE `languages` DISABLE KEYS */;
INSERT INTO `languages` VALUES (1,'English','en-GB',1,1),(2,'Deutsch','de-CH',0,1),(3,'Castellano','es',0,1),(4,'Zrittsch','gsw-CH',0,1);
/*!40000 ALTER TABLE `languages` ENABLE KEYS */;
UNLOCK TABLES;

--
-- Table structure for table `locations`
--

DROP TABLE IF EXISTS `locations`;
/*!40101 SET @saved_cs_client     = @@character_set_client */;
/*!40101 SET character_set_client = utf8 */;
CREATE TABLE `locations` (
  `id` int(11) NOT NULL AUTO_INCREMENT,
  `room` varchar(255) COLLATE utf8_unicode_ci DEFAULT NULL,
  `shelf` varchar(255) COLLATE utf8_unicode_ci DEFAULT NULL,
  `building_id` int(11) DEFAULT NULL,
  PRIMARY KEY (`id`),
  KEY `index_locations_on_building_id` (`building_id`)
) ENGINE=InnoDB AUTO_INCREMENT=182 DEFAULT CHARSET=utf8 COLLATE=utf8_unicode_ci;
/*!40101 SET character_set_client = @saved_cs_client */;

--
-- Dumping data for table `locations`
--

LOCK TABLES `locations` WRITE;
/*!40000 ALTER TABLE `locations` DISABLE KEYS */;
INSERT INTO `locations` VALUES (1,'Doloresnatus','quidemest',2),(2,'Perspiciatissequi','dolorumnon',3),(3,'Impeditdicta','occaecativoluptatum',4),(4,'Etvitae','nostrumvelit',5),(5,'Abipsam','delectusquos',6),(6,'Placeatlaboriosam','etet',7),(7,'Reprehenderitipsum','molestiascorrupti',8),(8,'Quiaut','temporaofficia',9),(9,'Estquia','remnulla',10),(10,'Suntvelit','nobisquam',11),(11,'Dolorsunt','dolorenam',12),(12,'Providentmagnam','perspiciatisasperiores',13),(13,'Deserunterror','repudiandaeexercitationem',14),(14,'Ducimusillum','nisidebitis',15),(15,'Solutalibero','liberonon',16),(16,'Recusandaeesse','hicipsam',17),(17,'Itaqueofficiis','evenietin',18),(18,'Quosed','minimaeius',19),(19,'Iuredebitis','sedvoluptatibus',20),(20,'Hicet','velitsint',21),(21,'Repellatmolestiae','quoipsam',22),(22,'Optiovelit','voluptasdignissimos',23),(23,'Teneturtotam','quiaexplicabo',24),(24,'Laudantiumnam','quasivoluptas',25),(25,'Optioconsequatur','quaeratvoluptatem',26),(26,'Reprehenderitprovident','etquae',27),(27,'Autemrerum','sedatque',28),(28,'Omnisconsectetur','nostrumharum',29),(29,'Consequaturpraesentium','accusamusnostrum',30),(30,'Nonasperiores','utet',31),(31,'Debitisdolor','autquibusdam',32),(32,'Eosquo','magnamsint',33),(33,'Nihilfuga','nondolor',34),(34,'SQ2','Desk',35),(35,'UG 13','Ausgabe',36),(36,'Utquae','autsunt',37),(37,'Saepevoluptatibus','temporacum',38),(38,'Perferendismaiores','ametmodi',39),(39,'Similiquenostrum','cumqueamet',40),(40,'Aspernaturqui','consequaturquia',41),(41,'Sitet','reprehenderitqui',42),(42,'Eosvoluptatum','accusamusomnis',43),(43,'Doloreblanditiis','quamipsam',44),(44,'Idvero','accusantiumtenetur',45),(45,'Etrem','nesciuntvelit',46),(46,'Officiisofficia','liberoaut',47),(47,'Quaeratqui','excepturilaborum',48),(48,'Quoet','reiciendisquia',49),(49,'Autemunde','impeditqui',50),(50,'Quiatempora','sedet',51),(51,'Illumaut','voluptatumquia',52),(52,'Quiainventore','nonconsequatur',53),(53,'Etdistinctio','utvel',54),(54,'Quoet','dolorsoluta',55),(55,'Consequaturducimus','rerumquam',56),(56,'Nesciuntin','solutaatque',57),(57,'Idest','magnamquia',58),(58,'Quimodi','accusamussit',59),(59,'Perspiciatiscupiditate','necessitatibustempora',60),(60,'Consecteturatque','perspiciatishic',61),(61,'Perspiciatisipsam','accusamusdicta',62),(62,'Dolorumdolor','voluptasquisquam',63),(63,'Dignissimosrepudiandae','eaqueinventore',64),(64,'Namimpedit','aliquidet',65),(65,'Etquaerat','consequaturautem',66),(66,'Beataedolor','iureconsequatur',67),(67,'Natusest','repudiandaeaccusantium',68),(68,'Molestiaedistinctio','eaquis',69),(69,'Aliasporro','doloribusquo',70),(70,'Asperioreseos','voluptatesab',71),(71,'Illumdicta','modiiste',72),(72,'Etcommodi','quibusdamnulla',73),(73,'Molestiascumque','nonsaepe',74),(74,'Officiaex','etexpedita',75),(75,'Illotenetur','voluptassuscipit',76),(76,'Cumvel','laudantiumdoloribus',77),(77,'Quaeconsequatur','temporibusreiciendis',78),(78,'Quiaveniam','fugiatdolores',79),(79,'Solutaaut','facereut',80),(80,'Autemrepudiandae','providentveritatis',81),(81,'Enimdolorem','atneque',82),(82,'Ametet','praesentiumdeserunt',83),(83,'Laudantiumsaepe','quieveniet',84),(84,'Atbeatae','quiadolorem',85),(85,'Dolorumnon','quoslaborum',86),(86,'Ipsaquos','dolortempore',87),(87,'Etautem','aliquiderror',88),(88,'Pariaturet','doloremquedolores',89),(89,'Utratione','animidolorum',90),(90,'Omnisdolorum','perspiciatisnemo',91),(91,'Aspernaturpraesentium','accusantiumaut',92),(92,'Doloremmaiores','explicabosaepe',93),(93,'Excepturitempora','consequaturut',94),(94,'Laboriosamsapiente','laudantiumaut',95),(95,'Providentrepellendus','dolorumquasi',96),(96,'Distinctioeaque','quiarerum',97),(97,'Eumnobis','nonreprehenderit',98),(98,'Optiomaiores','officiisquidem',99),(99,'Sitet','estmaxime',100),(100,'Advoluptatibus','sinthic',101),(101,'Expeditaatque','doloribusdolor',102),(102,'Aspernaturpraesentium','anostrum',103),(103,'Voluptatibusid','estsequi',104),(104,'Liberoad','etminus',105),(105,'Dolorvoluptas','facerefugiat',106),(106,'Dolorumtempora','erroret',107),(107,'Eiusipsa','placeatqui',108),(108,'Eosvoluptatem','itaquealiquid',109),(109,'Quiut','laboreofficia',110),(110,'Quisquamnumquam','enimsit',111),(111,'Eaquecorporis','animiest',113),(112,'Minusoptio','voluptatemautem',114),(113,'Quoerror','doloremquetemporibus',115),(114,'Dignissimoshic','autvoluptates',116),(115,'Architectoeligendi','explicaboaliquam',117),(116,'Autrerum','verovoluptates',118),(117,'Facilissit','consequaturipsum',119),(118,'Quaeratqui','illoest',120),(119,'Voluptaslaborum','fugitquas',121),(120,'Animieius','autipsum',122),(121,'Nondolorum','laborerecusandae',123),(122,'Quiexplicabo','ipsumquia',124),(123,'Quosnecessitatibus','exut',125),(124,'Sitdolorem','idquam',126),(125,'Ullamrepudiandae','sintquo',127),(126,'Inciduntnon','eaquia',128),(127,'Quivoluptatem','liberosuscipit',129),(128,'Quaeratet','quiaculpa',130),(129,'Voluptaseos','adipiscisoluta',131),(130,'Nesciuntqui','consequaturid',132),(131,'Laudantiumrepellat','delectussed',133),(132,'Enimimpedit','nonreiciendis',134),(133,'Autassumenda','quoconsequatur',135),(134,'Ipsamsit','temporaconsequatur',136),(135,'Harumvel','nostrumeum',137),(136,'Ullamnisi','adnon',138),(137,'Omnisquia','suntquae',139),(138,'Debitisvoluptas','utnumquam',140),(139,'Voluptatumtempora','similiquenihil',141),(140,'Optionihil','sedquo',142),(141,'Esteum','voluptatibuspraesentium',143),(142,'Utunde','eaqui',144),(143,'Dolorumquas','similiqueet',145),(144,'Fuganeque','commodisunt',146),(145,'Cupiditatecommodi','quoex',147),(146,'Dignissimosid','quisvoluptas',148),(147,'Aliassed','recusandaeeum',149),(148,'Voluptatesodio','omnisofficiis',150),(149,'Siteum','remvel',151),(150,'Ducimusconsectetur','eteum',152),(151,'Remnon','animiqui',153),(152,'Eumipsam','utdolor',154),(153,'Temporaeaque','veliste',155),(154,'Autquia','itaquererum',156),(155,'Deseruntenim','undeet',157),(156,'Nonautem','utdolor',158),(157,'Occaecatialias','inexcepturi',159),(158,'Eospariatur','quidemdebitis',160),(159,'Utvelit','cumqueet',161),(160,'Autvoluptas','rerumdolorem',162),(161,'Quaeratcupiditate','inrepudiandae',163),(162,'Voluptatemquidem','quasivoluptatem',164),(163,'Maximehic','reprehenderitaut',165),(164,'Aperiamsit','velitquos',166),(165,'Natusaut','temporaeum',167),(166,'Mollitiaqui','undesoluta',168),(167,'Estsit','quipossimus',169),(168,'Sintdistinctio','doloremperferendis',170),(169,'Ullampraesentium','sittempore',171),(170,'Namsit','voluptasinventore',172),(171,'Vitaequaerat','dolorumratione',173),(172,'Explicabodolor','dignissimosqui',174),(173,'Aliquamvoluptatem','quoquos',175),(174,'Autlaudantium','quiaharum',176),(175,'Commoditemporibus','sintipsa',177),(176,'Voluptatesveritatis','iurequae',178),(177,'Quiasimilique','dolorarchitecto',179),(178,'Minusassumenda','omniset',180),(179,'Nihilautem','estmagni',181),(180,'Molestiaecumque','enimeum',182),(181,'Velsit','nihilet',183);
/*!40000 ALTER TABLE `locations` ENABLE KEYS */;
UNLOCK TABLES;

--
-- Table structure for table `model_group_links`
--

DROP TABLE IF EXISTS `model_group_links`;
/*!40101 SET @saved_cs_client     = @@character_set_client */;
/*!40101 SET character_set_client = utf8 */;
CREATE TABLE `model_group_links` (
  `id` int(11) NOT NULL AUTO_INCREMENT,
  `ancestor_id` int(11) DEFAULT NULL,
  `descendant_id` int(11) DEFAULT NULL,
  `direct` tinyint(1) DEFAULT NULL,
  `count` int(11) DEFAULT NULL,
  `label` varchar(255) COLLATE utf8_unicode_ci DEFAULT NULL,
  PRIMARY KEY (`id`),
  KEY `index_model_group_links_on_ancestor_id` (`ancestor_id`),
  KEY `index_model_group_links_on_direct` (`direct`),
  KEY `index_on_descendant_id_and_ancestor_id_and_direct` (`descendant_id`,`ancestor_id`,`direct`)
) ENGINE=InnoDB AUTO_INCREMENT=9 DEFAULT CHARSET=utf8 COLLATE=utf8_unicode_ci;
/*!40101 SET character_set_client = @saved_cs_client */;

--
-- Dumping data for table `model_group_links`
--

LOCK TABLES `model_group_links` WRITE;
/*!40000 ALTER TABLE `model_group_links` DISABLE KEYS */;
INSERT INTO `model_group_links` VALUES (1,2,10,1,1,NULL),(2,2,8,1,1,NULL),(3,5,10,1,1,NULL),(4,5,9,1,1,NULL),(5,1,9,1,1,NULL),(6,1,11,0,1,NULL),(7,5,11,0,1,NULL),(8,9,11,1,1,NULL);
/*!40000 ALTER TABLE `model_group_links` ENABLE KEYS */;
UNLOCK TABLES;

--
-- Table structure for table `model_groups`
--

DROP TABLE IF EXISTS `model_groups`;
/*!40101 SET @saved_cs_client     = @@character_set_client */;
/*!40101 SET character_set_client = utf8 */;
CREATE TABLE `model_groups` (
  `id` int(11) NOT NULL AUTO_INCREMENT,
  `type` varchar(255) COLLATE utf8_unicode_ci DEFAULT NULL,
  `name` varchar(255) COLLATE utf8_unicode_ci DEFAULT NULL,
  `created_at` datetime DEFAULT NULL,
  `updated_at` datetime DEFAULT NULL,
  PRIMARY KEY (`id`),
  KEY `index_model_groups_on_type` (`type`)
) ENGINE=InnoDB AUTO_INCREMENT=15 DEFAULT CHARSET=utf8 COLLATE=utf8_unicode_ci;
/*!40101 SET character_set_client = @saved_cs_client */;

--
-- Dumping data for table `model_groups`
--

LOCK TABLES `model_groups` WRITE;
/*!40000 ALTER TABLE `model_groups` DISABLE KEYS */;
INSERT INTO `model_groups` VALUES (1,'Category','Beamer','2016-08-15 01:10:42','2016-08-15 01:10:42'),(2,'Category','Kameras','2016-08-15 01:10:42','2016-08-15 01:10:42'),(3,'Category','Stative','2016-08-15 01:10:42','2016-08-15 01:10:42'),(4,'Category','Hifi-Anlagen','2016-08-15 01:10:42','2016-08-15 01:10:42'),(5,'Category','Notebooks','2016-08-15 01:10:42','2016-08-15 01:10:42'),(6,'Category','RC Helikopter','2016-08-15 01:10:42','2016-08-15 01:10:42'),(7,'Category','Computer','2016-08-15 01:10:42','2016-08-15 01:10:42'),(8,'Category','Kurzdistanz','2016-08-15 01:10:42','2016-08-15 01:10:42'),(9,'Category','Portabel','2016-08-15 01:10:42','2016-08-15 01:10:42'),(10,'Category','Standard','2016-08-15 01:10:42','2016-08-15 01:10:42'),(11,'Category','Micro','2016-08-15 01:10:42','2016-08-15 01:10:42'),(12,'Template','Kamera & Stativ','2016-08-15 01:10:42','2016-08-15 01:10:42'),(13,'Template','Beamer & Hifi','2016-08-15 01:10:42','2016-08-15 01:10:42'),(14,'Template','Unaccomplishable template','2016-08-15 01:10:42','2016-08-15 01:10:42');
/*!40000 ALTER TABLE `model_groups` ENABLE KEYS */;
UNLOCK TABLES;

--
-- Table structure for table `model_links`
--

DROP TABLE IF EXISTS `model_links`;
/*!40101 SET @saved_cs_client     = @@character_set_client */;
/*!40101 SET character_set_client = utf8 */;
CREATE TABLE `model_links` (
  `id` int(11) NOT NULL AUTO_INCREMENT,
  `model_group_id` int(11) DEFAULT NULL,
  `model_id` int(11) DEFAULT NULL,
  `quantity` int(11) DEFAULT '1',
  PRIMARY KEY (`id`),
  KEY `index_model_links_on_model_id_and_model_group_id` (`model_id`,`model_group_id`),
  KEY `index_model_links_on_model_group_id_and_model_id` (`model_group_id`,`model_id`)
) ENGINE=InnoDB AUTO_INCREMENT=73 DEFAULT CHARSET=utf8 COLLATE=utf8_unicode_ci;
/*!40101 SET character_set_client = @saved_cs_client */;

--
-- Dumping data for table `model_links`
--

LOCK TABLES `model_links` WRITE;
/*!40000 ALTER TABLE `model_links` DISABLE KEYS */;
INSERT INTO `model_links` VALUES (1,1,46,1),(2,9,46,1),(3,1,47,1),(4,1,48,1),(5,1,50,1),(6,9,50,1),(7,11,51,1),(8,1,52,1),(9,1,53,1),(10,1,54,1),(11,1,55,1),(12,1,56,1),(13,1,57,1),(14,1,58,1),(15,1,59,1),(16,1,60,1),(17,1,61,1),(18,1,62,1),(19,1,63,1),(20,1,64,1),(21,1,65,1),(22,1,66,1),(23,1,67,1),(24,1,68,1),(25,1,69,1),(26,1,70,1),(27,1,71,1),(28,2,72,1),(29,2,73,1),(30,2,74,1),(31,2,75,1),(32,2,76,1),(33,2,77,1),(34,2,78,1),(35,2,79,1),(36,2,80,1),(37,2,81,1),(38,2,82,1),(39,2,83,1),(40,2,84,1),(41,2,85,1),(42,2,86,1),(43,2,87,1),(44,2,88,1),(45,2,89,1),(46,2,90,1),(47,2,91,1),(48,2,92,1),(49,2,93,1),(50,2,94,1),(51,2,95,1),(52,2,96,1),(53,2,97,1),(54,2,98,1),(55,2,99,1),(56,2,100,1),(57,2,101,1),(58,2,102,1),(59,4,103,1),(60,3,104,1),(61,12,72,1),(62,12,104,1),(63,13,46,1),(64,13,103,1),(65,14,72,999),(66,14,104,999),(67,2,133,1),(68,7,134,1),(69,5,135,1),(70,6,136,1),(71,6,137,1),(72,6,138,1);
/*!40000 ALTER TABLE `model_links` ENABLE KEYS */;
UNLOCK TABLES;

--
-- Table structure for table `models`
--

DROP TABLE IF EXISTS `models`;
/*!40101 SET @saved_cs_client     = @@character_set_client */;
/*!40101 SET character_set_client = utf8 */;
CREATE TABLE `models` (
  `id` int(11) NOT NULL AUTO_INCREMENT,
  `type` varchar(255) COLLATE utf8_unicode_ci NOT NULL DEFAULT 'Model',
  `manufacturer` varchar(255) COLLATE utf8_unicode_ci DEFAULT NULL,
  `product` varchar(255) COLLATE utf8_unicode_ci NOT NULL,
  `version` varchar(255) COLLATE utf8_unicode_ci DEFAULT NULL,
  `description` text COLLATE utf8_unicode_ci,
  `internal_description` text COLLATE utf8_unicode_ci,
  `info_url` varchar(255) COLLATE utf8_unicode_ci DEFAULT NULL,
  `rental_price` decimal(8,2) DEFAULT NULL,
  `maintenance_period` int(11) DEFAULT '0',
  `is_package` tinyint(1) DEFAULT '0',
  `technical_detail` text COLLATE utf8_unicode_ci,
  `hand_over_note` text COLLATE utf8_unicode_ci,
  `created_at` datetime DEFAULT NULL,
  `updated_at` datetime DEFAULT NULL,
  PRIMARY KEY (`id`),
  KEY `index_models_on_is_package` (`is_package`),
  KEY `index_models_on_type` (`type`)
) ENGINE=InnoDB AUTO_INCREMENT=295 DEFAULT CHARSET=utf8 COLLATE=utf8_unicode_ci;
/*!40101 SET character_set_client = @saved_cs_client */;

--
-- Dumping data for table `models`
--

LOCK TABLES `models` WRITE;
/*!40000 ALTER TABLE `models` DISABLE KEYS */;
INSERT INTO `models` VALUES (1,'Model','Kuhic, Watsica and Cole','Rustic Plastic Pants','575','Dolore provident nesciunt qui illo eaque.','Mollitia et porro repellendus id asperiores aut ea odio.',NULL,NULL,3,0,'Et qui voluptatem optio amet voluptas facere.','Mollitia aut voluptas fuga corrupti quasi.','2016-08-15 01:10:42','2016-08-15 01:10:42'),(2,'Model','McLaughlin-Kohler','Awesome Rubber Hat','576','Libero accusamus modi illum sit.','Rerum explicabo repellat omnis soluta iusto necessitatibus sed ullam.',NULL,NULL,0,0,'Ad distinctio consequuntur harum eligendi.','Sed amet error minus voluptatibus vitae.','2016-08-15 01:10:42','2016-08-15 01:10:42'),(3,'Model','Tromp, Torphy and Hahn','Fantastic Cotton Chair','577','Quas suscipit dolorum saepe sint incidunt expedita necessitatibus nihil.','Vitae quasi et velit nihil.',NULL,NULL,3,0,'Perspiciatis vel veniam molestias fuga et culpa.','Sint nihil est tenetur rem et.','2016-08-15 01:10:42','2016-08-15 01:10:42'),(4,'Model','Rohan, Ruecker and Wolf','Sleek Cotton Computer','578','Mollitia nam sed cupiditate est asperiores saepe est quo.','Placeat mollitia nobis dolorem.',NULL,NULL,2,0,'Asperiores ut alias atque inventore eos aut rem.','Consequuntur aliquid neque esse fugiat quia.','2016-08-15 01:10:42','2016-08-15 01:10:42'),(5,'Model','Fay, VonRueden and Graham','Practical Concrete Pants','579','Magnam beatae ipsa adipisci a quisquam soluta atque.','Delectus magni est et cupiditate non dolore est.',NULL,NULL,0,0,'Debitis harum officia numquam cumque quia ea laborum.','Sunt minima autem vel.','2016-08-15 01:10:42','2016-08-15 01:10:42'),(6,'Model','Renner Inc','Fantastic Plastic Chair','580','Ad officiis reprehenderit occaecati dolores aut doloribus quibusdam.','Ab corporis alias et.',NULL,NULL,1,0,'Velit reprehenderit est odit voluptate praesentium rerum eveniet consequatur.','Fuga adipisci quia ut repellendus.','2016-08-15 01:10:42','2016-08-15 01:10:42'),(7,'Model','Kohler, Okuneva and Will','Incredible Concrete Shoes','581','Sequi quia maiores saepe ipsam laboriosam qui.','A nobis et dolorum.',NULL,NULL,1,0,'Rem recusandae doloribus qui nesciunt possimus accusamus assumenda temporibus.','Ea et quibusdam veniam autem earum et.','2016-08-15 01:10:42','2016-08-15 01:10:42'),(8,'Model','Jacobi, Bahringer and Leuschke','Ergonomic Steel Chair','582','Nihil qui ut impedit dolores debitis.','Dolorem et dicta id minus.',NULL,NULL,3,0,'Quae ut est ab omnis perspiciatis quibusdam harum laudantium.','In voluptatem mollitia laborum voluptas blanditiis ut.','2016-08-15 01:10:42','2016-08-15 01:10:42'),(9,'Model','Beier-Haley','Sleek Steel Shirt','583','Maxime soluta et eos quibusdam ab deleniti.','Quia sed architecto id modi perferendis quae est.',NULL,NULL,1,0,'Dolor alias velit quisquam.','Consequatur et quo voluptas ratione dignissimos ullam.','2016-08-15 01:10:42','2016-08-15 01:10:42'),(10,'Model','Ebert-Oberbrunner','Small Concrete Shirt','584','Vero incidunt id aspernatur natus quod.','Porro eaque autem natus quod nobis exercitationem consequatur.',NULL,NULL,1,0,'Iure ea ipsa veniam quo nisi.','Distinctio voluptatem mollitia dolores ut cum accusamus est.','2016-08-15 01:10:42','2016-08-15 01:10:42'),(11,'Model','O\'Kon Inc','Rustic Steel Gloves','585','Facere incidunt laboriosam et eos nostrum.','Maiores veniam labore dolor neque est dolores harum.',NULL,NULL,1,0,'Et deleniti iste eius.','Voluptatem tenetur autem pariatur enim deleniti qui quo minus.','2016-08-15 01:10:42','2016-08-15 01:10:42'),(12,'Model','Kuphal LLC','Gorgeous Rubber Shoes','586','Quibusdam in ad ipsa rerum laborum sed.','Est enim laborum autem dolore qui.',NULL,NULL,0,0,'Rem enim est voluptate aut eligendi consequatur architecto soluta.','Similique consequatur qui ut.','2016-08-15 01:10:42','2016-08-15 01:10:42'),(13,'Model','Wisoky-Nienow','Practical Granite Shirt','587','Vero placeat sint iure repudiandae vel qui.','Ut voluptates quidem libero.',NULL,NULL,2,0,'Fugit quod explicabo est nobis doloremque voluptatum dignissimos.','Enim dolorem similique repellat facilis.','2016-08-15 01:10:42','2016-08-15 01:10:42'),(14,'Model','Keeling and Sons','Gorgeous Cotton Shoes','588','Consequatur consequuntur non excepturi dolor.','Dolorem veniam sed enim.',NULL,NULL,3,0,'Quia quaerat commodi dolorem laborum eius repudiandae et.','Ullam quo consequatur at enim rem quis.','2016-08-15 01:10:42','2016-08-15 01:10:42'),(15,'Model','Keebler-Lang','Small Rubber Hat','589','Ullam ex quae pariatur.','Non porro neque odit qui ut eum.',NULL,NULL,0,0,'Qui aliquid consequatur architecto et aut temporibus reprehenderit.','Accusantium tenetur voluptas iusto recusandae officia ipsam.','2016-08-15 01:10:42','2016-08-15 01:10:42'),(16,'Model','O\'Kon-Kris','Intelligent Granite Chair','590','Libero sed modi et.','Magnam odit ad at culpa et vitae nulla dolore.',NULL,NULL,3,0,'Ea quae ut tenetur reprehenderit.','Neque similique quis molestias quis et aut.','2016-08-15 01:10:42','2016-08-15 01:10:42'),(17,'Model','Pfeffer-Robel','Gorgeous Rubber Computer','591','Sapiente delectus dolores cumque similique.','Assumenda qui vel quia atque dolores et molestiae.',NULL,NULL,2,0,'Ex sit pariatur optio aspernatur sint molestiae.','Nostrum facere et soluta asperiores inventore non.','2016-08-15 01:10:42','2016-08-15 01:10:42'),(18,'Model','Frami, Hyatt and Muller','Incredible Cotton Shoes','592','Quasi aut autem nihil quis.','Rem fugit eos molestiae laborum.',NULL,NULL,1,0,'Eaque nihil dolorem saepe qui assumenda.','Quae illum ut unde et repellat.','2016-08-15 01:10:42','2016-08-15 01:10:42'),(19,'Model','Konopelski and Sons','Practical Plastic Shoes','593','Impedit repudiandae magni rerum tempore inventore accusamus sint.','Ea incidunt doloremque itaque eos consequatur facilis dicta et.',NULL,NULL,3,0,'Ipsam libero sint rerum corporis facere.','Dolorem explicabo et quaerat iure.','2016-08-15 01:10:42','2016-08-15 01:10:42'),(20,'Model','Howe Group','Awesome Plastic Gloves','594','Quod voluptas quas exercitationem beatae ullam aliquid qui.','Quam consequatur est sunt ducimus iure sunt cumque.',NULL,NULL,1,0,'Ut eius soluta perspiciatis distinctio itaque dolorum.','Rerum sed sit nostrum et.','2016-08-15 01:10:42','2016-08-15 01:10:42'),(21,'Model','Beatty, Zieme and Abbott','Incredible Granite Hat','595','Pariatur quis quasi qui nihil perferendis nobis.','Quam voluptas aspernatur alias.',NULL,NULL,2,0,'Fugit possimus doloribus sunt.','Cum ullam minus voluptates eum et est quam.','2016-08-15 01:10:42','2016-08-15 01:10:42'),(22,'Model','Wilkinson Group','Rustic Rubber Car','596','Voluptatem eius est quos.','Architecto enim error aut id.',NULL,NULL,1,0,'Voluptates aut asperiores doloremque voluptas et.','Quis sed nobis est libero eum vel sunt blanditiis.','2016-08-15 01:10:42','2016-08-15 01:10:42'),(23,'Model','Howell LLC','Incredible Concrete Chair','597','Dolorem fuga et vel et.','Ab ullam vero nobis voluptas eaque aut repellendus.',NULL,NULL,3,0,'Est maxime fugit dolor qui dolorem consectetur.','Quis est eum aspernatur eaque enim nisi vel.','2016-08-15 01:10:42','2016-08-15 01:10:42'),(24,'Model','Yost-Hagenes','Gorgeous Wooden Shoes','598','Tempora ad excepturi eum et consectetur qui.','Nulla numquam dignissimos est.',NULL,NULL,1,0,'Et iure excepturi iusto possimus id animi est soluta.','Quis possimus saepe qui modi sed similique.','2016-08-15 01:10:42','2016-08-15 01:10:42'),(25,'Model','Larson Group','Awesome Granite Computer','599','Corporis cupiditate voluptates animi aut quis molestiae a aut.','Nobis dignissimos id qui enim est repudiandae voluptatum voluptas.',NULL,NULL,0,0,'Placeat cum voluptatem quis omnis ipsum quo.','Veniam culpa a accusamus dolorum sapiente repellendus.','2016-08-15 01:10:42','2016-08-15 01:10:42'),(26,'Model','Hane and Sons','Rustic Steel Shirt','600','Debitis voluptatem delectus fuga impedit et optio et itaque.','Dicta labore molestiae quasi fugit perspiciatis est facilis suscipit.',NULL,NULL,2,0,'Dolores quia aut qui.','Molestiae voluptatem reiciendis quasi sequi.','2016-08-15 01:10:42','2016-08-15 01:10:42'),(27,'Model','Stark, Anderson and Moore','Awesome Granite Table','601','Est facere error veritatis quo molestias.','Sit eius nobis qui sint aut aliquid.',NULL,NULL,2,0,'Ut amet cum est eum sit voluptates repellendus.','Dignissimos et consectetur explicabo non aut et fugit ipsam.','2016-08-15 01:10:42','2016-08-15 01:10:42'),(28,'Model','Williamson-Zboncak','Intelligent Cotton Hat','602','Non maiores ipsum itaque fugiat quam ipsam.','Culpa quis optio sit corporis suscipit qui.',NULL,NULL,2,0,'Soluta et et culpa amet molestiae sed velit et.','Reprehenderit voluptas illo nostrum quas.','2016-08-15 01:10:42','2016-08-15 01:10:42'),(29,'Model','Ferry-Barton','Incredible Concrete Table','603','Quasi quo occaecati facere sed aut.','Ex quis libero facilis esse quam ad illum.',NULL,NULL,1,0,'Ut voluptatem facere itaque repellendus incidunt.','Alias possimus at laboriosam blanditiis magni.','2016-08-15 01:10:42','2016-08-15 01:10:42'),(30,'Model','Effertz-Raynor','Sleek Granite Shirt','604','Facere est quos et error.','Quis officiis dolor est nobis facilis.',NULL,NULL,0,0,'Sit nihil provident sapiente labore.','Et provident incidunt dolores voluptate assumenda in aliquam.','2016-08-15 01:10:42','2016-08-15 01:10:42'),(31,'Model','Jacobi-Jacobs','Incredible Wooden Hat','605','Quia id libero omnis nihil.','Dolore consequatur velit numquam unde nisi vel.',NULL,NULL,1,0,'In omnis ad tempore qui quam minima.','Sed sunt nesciunt alias veniam.','2016-08-15 01:10:42','2016-08-15 01:10:42'),(32,'Model','Jerde-Kuphal','Incredible Rubber Car','606','Officiis repudiandae dolorem dignissimos et eos eaque.','Ut rerum ipsam ut sed corporis quia praesentium.',NULL,NULL,1,0,'Doloremque doloribus consequatur assumenda.','In quia quisquam est.','2016-08-15 01:10:42','2016-08-15 01:10:42'),(33,'Model','Aufderhar, Hackett and Barton','Awesome Wooden Shoes','607','Dolorum labore repellendus iusto totam saepe voluptatem enim ipsa.','Unde dolorem ratione porro distinctio quas et sequi.',NULL,NULL,1,0,'Et laboriosam in pariatur ab sequi provident exercitationem.','Non dolorem quia temporibus repellat nulla et dignissimos consequuntur.','2016-08-15 01:10:42','2016-08-15 01:10:42'),(34,'Model','Kirlin-Casper','Awesome Concrete Pants','608','Est at reprehenderit molestias.','Natus dolor consequatur omnis.',NULL,NULL,0,0,'Illum sunt iusto nam nihil.','Rerum modi quaerat sunt aliquid est amet deleniti.','2016-08-15 01:10:42','2016-08-15 01:10:42'),(35,'Model','Lubowitz Inc','Intelligent Granite Shirt','609','Animi ipsam veniam assumenda.','Perspiciatis ut facere odit possimus sit.',NULL,NULL,0,0,'Id temporibus aut molestiae voluptas dicta occaecati eveniet saepe.','Laboriosam est architecto quia.','2016-08-15 01:10:42','2016-08-15 01:10:42'),(36,'Model','Kuvalis-Pfeffer','Intelligent Granite Gloves','610','Enim sunt est rem voluptatem delectus quasi eligendi.','Ut accusantium sequi eum ex aut architecto omnis.',NULL,NULL,0,0,'Vel ipsam et quo error qui excepturi.','Molestiae molestiae rem ipsum exercitationem doloribus.','2016-08-15 01:10:42','2016-08-15 01:10:42'),(37,'Model','Murazik LLC','Gorgeous Rubber Pants','611','Ut ut aut soluta dolor et culpa velit.','Sed corrupti id laboriosam eum expedita.',NULL,NULL,2,0,'Optio dolorem sint vitae rem ea at soluta.','Quibusdam aspernatur possimus qui libero maxime voluptas veritatis.','2016-08-15 01:10:42','2016-08-15 01:10:42'),(38,'Model','Bashirian, Schuster and Goyette','Sleek Wooden Computer','612','Ipsa modi quod neque nesciunt aut ipsam commodi earum.','Ut est ad cumque aspernatur voluptas voluptatem ea ullam.',NULL,NULL,3,0,'Quo officiis at natus minus quos.','In fugit repellendus error beatae qui.','2016-08-15 01:10:42','2016-08-15 01:10:42'),(39,'Model','Towne-Blick','Intelligent Concrete Hat','613','Sunt accusantium et sit.','Doloremque et inventore minima culpa quia ut.',NULL,NULL,3,0,'Deserunt hic nostrum voluptatibus ut est sit quos ipsum.','Accusantium ut nam sunt quia odio numquam non qui.','2016-08-15 01:10:42','2016-08-15 01:10:42'),(40,'Model','Fisher, Mraz and Terry','Intelligent Cotton Shirt','614','Occaecati aspernatur nam saepe.','Qui quidem qui fugit.',NULL,NULL,1,0,'Dolores fuga minus rem non atque non quis.','Blanditiis et voluptatem dolorum fugit.','2016-08-15 01:10:42','2016-08-15 01:10:42'),(41,'Model','Heller, Becker and O\'Hara','Awesome Steel Car','615','Dolore ea rerum eos esse omnis id consectetur.','Iure assumenda doloremque accusantium impedit nemo placeat.',NULL,NULL,1,0,'Aperiam nisi et sint eligendi voluptatem provident harum repudiandae.','Sed cumque ipsam ut nesciunt earum eos dolorem.','2016-08-15 01:10:42','2016-08-15 01:10:42'),(42,'Model','Cremin, Labadie and Johns','Practical Cotton Computer','616','Dolorem aut quia labore eligendi necessitatibus repellat.','Et numquam provident corrupti magnam aliquid aut dolorem.',NULL,NULL,0,0,'Vero officia voluptas quasi fuga autem velit quaerat.','Rem repudiandae sint id amet consectetur ea omnis.','2016-08-15 01:10:42','2016-08-15 01:10:42'),(43,'Model','Predovic-Cummings','Rustic Granite Computer','617','Ullam et animi ut.','Eveniet in veritatis rerum magni et.',NULL,NULL,3,0,'Deserunt ut et voluptatum.','Nihil omnis qui voluptas accusantium ratione maxime quis.','2016-08-15 01:10:42','2016-08-15 01:10:42'),(44,'Model','Kemmer and Sons','Ergonomic Plastic Pants','618','Deserunt sunt consequuntur quis quia modi sint.','Qui aliquid quas praesentium.',NULL,NULL,3,0,'Quo vel excepturi voluptas et veritatis enim officiis.','Quas optio aliquid voluptatum eos omnis error nobis in.','2016-08-15 01:10:42','2016-08-15 01:10:42'),(45,'Model','Apple','MacBookPro','619','Laptop fr Studis und Angestellte.','Consectetur delectus rerum quisquam nemo enim fugit laudantium corrupti.',NULL,NULL,0,0,'Ipsa sed voluptatem nihil quis dolorum quisquam.','Mit Verpackung aushndigen.','2016-08-15 01:10:42','2016-08-15 01:10:42'),(46,'Model','Sharp','Sharp Beamer','123','Beamer, geeignet fr alle Verwendungszwecke.','Cum amet laborum aut deleniti ut sit nesciunt et.',NULL,NULL,0,0,'Accusamus delectus ullam officia natus.','Beamer brauch ein VGA Kabel!','2016-08-15 01:10:42','2016-08-15 01:10:42'),(47,'Model','Sharp','Sharp Beamer 2D','620','Beamer, geeignet fr alle Verwendungszwecke.','Occaecati et non et vitae magnam maiores.',NULL,NULL,0,0,'Dolor quaerat magnam aliquid sint et vero.','Magnam dignissimos sint iste sequi autem commodi possimus earum.','2016-08-15 01:10:42','2016-08-15 01:10:42'),(48,'Model','Panasonic','Mini Beamer','621','Beamer, geeignet fr alle Verwendungszwecke.','Sed molestiae eos temporibus illo quis voluptas est.',NULL,NULL,0,0,'Totam distinctio voluptatum temporibus quis ex aut in mollitia.','Nostrum sunt voluptatem corrupti nulla maxime corporis accusantium laudantium.','2016-08-15 01:10:42','2016-08-15 01:10:42'),(49,'Model','Sharp','Sharp Beamer','456','Beamer, geeignet fr alle Verwendungszwecke.','Et veritatis magni similique atque enim consequatur omnis.',NULL,NULL,0,0,'Ut amet ipsa architecto similique quibusdam ut.','Beamer brauch ein VGA Kabel!','2016-08-15 01:10:42','2016-08-15 01:10:42'),(50,'Model','Sony','Ultra Compact Beamer','622','Besonders kleiner Beamer.','Magni qui saepe qui esse vel.',NULL,NULL,0,0,'Assumenda similique maiores ratione.','Beamer brauch ein VGA Kabel!','2016-08-15 01:10:42','2016-08-15 01:10:42'),(51,'Model','Micro','Micro Beamer','623','Besonders mikro kleiner Beamer.','Nihil dolore tenetur dolorum sit beatae.',NULL,NULL,0,0,'Optio ut sit qui facere ipsa reprehenderit nostrum occaecati.','Beamer brauch ein VGA Kabel!','2016-08-15 01:10:42','2016-08-15 01:10:42'),(52,'Model','Sony','Beamer 1 est','624','Vero consequuntur magni deleniti minima.','Laborum repudiandae iusto quae eum voluptatibus.',NULL,NULL,0,0,'Labore et quo repellendus quasi id in voluptatem dolor.','Beamer brauch ein VGA Kabel!','2016-08-15 01:10:42','2016-08-15 01:10:42'),(53,'Model','Sony','Beamer 2 sit','625','Ratione quas voluptate consequuntur perferendis fugiat et.','Sed dolorem maiores laboriosam quaerat suscipit impedit modi dolorem.',NULL,NULL,0,0,'Qui iure odit ratione rerum.','Beamer brauch ein VGA Kabel!','2016-08-15 01:10:42','2016-08-15 01:10:42'),(54,'Model','Sony','Beamer 3 consequatur','626','Commodi unde est laborum ut.','Iste placeat aut sunt facere ab.',NULL,NULL,0,0,'Recusandae voluptatibus incidunt officiis ut officia necessitatibus.','Beamer brauch ein VGA Kabel!','2016-08-15 01:10:42','2016-08-15 01:10:42'),(55,'Model','Sony','Beamer 4 distinctio','627','Cumque saepe mollitia dolorem.','Sapiente aut itaque quis fuga.',NULL,NULL,0,0,'Qui ut consequuntur tempora maiores laboriosam inventore.','Beamer brauch ein VGA Kabel!','2016-08-15 01:10:42','2016-08-15 01:10:42'),(56,'Model','Sony','Beamer 5 sit','628','Velit similique minus delectus.','Sint autem eius ipsum.',NULL,NULL,0,0,'Ab sed deleniti aspernatur sit fugiat aperiam necessitatibus nam.','Beamer brauch ein VGA Kabel!','2016-08-15 01:10:42','2016-08-15 01:10:42'),(57,'Model','Sony','Beamer 6 similique','629','Vel voluptas ipsam optio dolor et ut corporis ut.','Rerum eius assumenda voluptas odit quae.',NULL,NULL,0,0,'Laudantium libero recusandae vel distinctio.','Beamer brauch ein VGA Kabel!','2016-08-15 01:10:42','2016-08-15 01:10:42'),(58,'Model','Sony','Beamer 7 ea','630','Quod perspiciatis voluptate porro animi.','A sed ad recusandae.',NULL,NULL,0,0,'Nihil est necessitatibus labore similique molestias.','Beamer brauch ein VGA Kabel!','2016-08-15 01:10:42','2016-08-15 01:10:42'),(59,'Model','Sony','Beamer 8 expedita','631','Eos voluptas et et ab.','Modi enim fuga aut delectus.',NULL,NULL,0,0,'Voluptatum debitis quia tempora consequatur.','Beamer brauch ein VGA Kabel!','2016-08-15 01:10:42','2016-08-15 01:10:42'),(60,'Model','Sony','Beamer 9 excepturi','632','Fuga provident numquam qui.','Beatae praesentium totam quasi natus.',NULL,NULL,0,0,'Enim ut qui et alias omnis saepe.','Beamer brauch ein VGA Kabel!','2016-08-15 01:10:42','2016-08-15 01:10:42'),(61,'Model','Sony','Beamer 10 ut','633','Illo non necessitatibus ut omnis odit ut.','Voluptatibus aspernatur iste odio.',NULL,NULL,0,0,'Delectus et repellat laudantium inventore enim.','Beamer brauch ein VGA Kabel!','2016-08-15 01:10:42','2016-08-15 01:10:42'),(62,'Model','Sony','Beamer 11 autem','634','Facere dignissimos laudantium vitae expedita hic ut deleniti.','Error quam ea perspiciatis.',NULL,NULL,0,0,'Sed voluptates dolores ullam quas minus.','Beamer brauch ein VGA Kabel!','2016-08-15 01:10:42','2016-08-15 01:10:42'),(63,'Model','Sony','Beamer 12 dolorem','635','Eos est deleniti ut ea.','Reprehenderit et nihil quia corporis.',NULL,NULL,0,0,'Velit amet dolor facilis.','Beamer brauch ein VGA Kabel!','2016-08-15 01:10:42','2016-08-15 01:10:42'),(64,'Model','Sony','Beamer 13 aut','636','Cumque quidem ea et qui et ut veniam.','Eius similique ipsam aut non voluptas et repellendus fuga.',NULL,NULL,0,0,'Occaecati consequatur saepe iste laborum aliquid vitae.','Beamer brauch ein VGA Kabel!','2016-08-15 01:10:42','2016-08-15 01:10:42'),(65,'Model','Sony','Beamer 14 quaerat','637','Voluptatibus omnis officiis aut et est quos.','Aut recusandae expedita odio.',NULL,NULL,0,0,'Et ipsum dolor molestiae eveniet.','Beamer brauch ein VGA Kabel!','2016-08-15 01:10:42','2016-08-15 01:10:42'),(66,'Model','Sony','Beamer 15 optio','638','Reprehenderit rerum qui iure debitis ea sunt et consectetur.','Tenetur ea rem aut.',NULL,NULL,0,0,'Accusantium expedita sed sed est eligendi id nihil quia.','Beamer brauch ein VGA Kabel!','2016-08-15 01:10:42','2016-08-15 01:10:42'),(67,'Model','Sony','Beamer 16 voluptatibus','639','Facere sed exercitationem excepturi tenetur aliquid.','Quos voluptates debitis sint aspernatur ea in vitae.',NULL,NULL,0,0,'Eum non ullam et optio est consequatur.','Beamer brauch ein VGA Kabel!','2016-08-15 01:10:42','2016-08-15 01:10:42'),(68,'Model','Sony','Beamer 17 quaerat','640','Temporibus velit neque repellendus necessitatibus similique numquam.','Eos aut est tenetur nihil.',NULL,NULL,0,0,'Nam ullam error et.','Beamer brauch ein VGA Kabel!','2016-08-15 01:10:42','2016-08-15 01:10:42'),(69,'Model','Sony','Beamer 18 temporibus','641','Dolorem ipsa est perspiciatis facilis blanditiis voluptatem unde provident.','Molestiae itaque iusto ipsam quo autem velit id.',NULL,NULL,0,0,'Laudantium molestias qui accusantium et.','Beamer brauch ein VGA Kabel!','2016-08-15 01:10:42','2016-08-15 01:10:42'),(70,'Model','Sony','Beamer 19 ea','642','Magni ut minima recusandae non officiis et in nisi.','Et omnis qui debitis quam enim eligendi ut.',NULL,NULL,0,0,'Est excepturi omnis velit culpa consectetur sit.','Beamer brauch ein VGA Kabel!','2016-08-15 01:10:42','2016-08-15 01:10:42'),(71,'Model','Sony','Beamer 20 laudantium','643','Quibusdam atque ut voluptate et qui nisi ut reiciendis.','Tempora mollitia exercitationem aperiam incidunt.',NULL,NULL,0,0,'Quas eum soluta iste sint ut.','Beamer brauch ein VGA Kabel!','2016-08-15 01:10:42','2016-08-15 01:10:42'),(72,'Model','Nikon','Kamera Nikon','X12','Super Kamera.','Iusto voluptatum a possimus nemo id.',NULL,NULL,0,0,'In voluptatibus atque et eveniet.','Kamera brauch Akkus!','2016-08-15 01:10:42','2016-08-15 01:10:42'),(73,'Model','Nikon','Camera 1 laborum','644','Velit doloribus qui error qui dicta voluptatem.','Similique molestias perspiciatis pariatur soluta quia est vel.',NULL,NULL,0,0,'Nesciunt et quis fuga repudiandae sapiente nihil.','Vero qui maiores excepturi.','2016-08-15 01:10:42','2016-08-15 01:10:42'),(74,'Model','Nikon','Camera 2 dolor','645','Molestiae sunt ipsam qui sed ipsa.','Fuga nisi consequuntur vel debitis temporibus eius sit.',NULL,NULL,0,0,'Amet assumenda facilis quia accusamus beatae doloremque et.','Sed quia perspiciatis voluptates pariatur blanditiis sed.','2016-08-15 01:10:42','2016-08-15 01:10:42'),(75,'Model','Nikon','Camera 3 atque','646','Nam excepturi dolorem dolor.','Rem asperiores eum perferendis et velit.',NULL,NULL,0,0,'Optio eius nulla quos qui.','Sequi temporibus illum accusantium est officia veritatis.','2016-08-15 01:10:42','2016-08-15 01:10:42'),(76,'Model','Nikon','Camera 4 fugiat','647','Debitis animi asperiores omnis itaque iste quam laboriosam enim.','Repellat quo dolore voluptatem deleniti eos nostrum aut soluta.',NULL,NULL,0,0,'Expedita illum est pariatur a vel.','Expedita id aut harum.','2016-08-15 01:10:42','2016-08-15 01:10:42'),(77,'Model','Nikon','Camera 5 amet','648','Deleniti vel vero dolores et praesentium autem consectetur.','Exercitationem nisi asperiores ipsum dolores quaerat dolorem.',NULL,NULL,0,0,'Deleniti pariatur dignissimos commodi perspiciatis.','Voluptas numquam nobis et.','2016-08-15 01:10:42','2016-08-15 01:10:42'),(78,'Model','Nikon','Camera 6 id','649','Voluptatibus minus exercitationem iusto placeat incidunt ipsam expedita ad.','Ipsum voluptates corrupti numquam nam.',NULL,NULL,0,0,'Nihil quod eum sapiente repellat est voluptatibus.','Nobis non eum aut dicta et.','2016-08-15 01:10:42','2016-08-15 01:10:42'),(79,'Model','Nikon','Camera 7 rerum','650','Sed earum vel id ut aperiam quo qui tenetur.','Maxime possimus cum reiciendis sapiente omnis consequatur eos et.',NULL,NULL,0,0,'Iure sit ducimus tempore nostrum dignissimos voluptas.','Fuga similique dolorum omnis sit quia rerum cum consequuntur.','2016-08-15 01:10:42','2016-08-15 01:10:42'),(80,'Model','Nikon','Camera 8 modi','651','Et repellat voluptatibus unde molestiae voluptas et explicabo.','Et laboriosam quisquam alias nemo necessitatibus.',NULL,NULL,0,0,'In provident et exercitationem ducimus magnam odio nobis.','Quasi dolor voluptatem sit voluptatum error dolorum.','2016-08-15 01:10:42','2016-08-15 01:10:42'),(81,'Model','Nikon','Camera 9 quia','652','Velit sint et laudantium nam ut ut magni.','Non repellendus cumque asperiores minima.',NULL,NULL,0,0,'Dolore omnis aut voluptatum itaque quae.','Molestias beatae ut amet accusamus corrupti officia.','2016-08-15 01:10:42','2016-08-15 01:10:42'),(82,'Model','Nikon','Camera 10 voluptatem','653','Inventore placeat non autem impedit.','Repellat animi itaque aperiam.',NULL,NULL,0,0,'Nesciunt quis atque enim ut.','Ut similique rem aperiam dolor vel quod accusantium.','2016-08-15 01:10:42','2016-08-15 01:10:42'),(83,'Model','Nikon','Camera 11 ullam','654','Quae consequatur ea qui.','Aperiam accusamus nihil voluptatem soluta pariatur ea.',NULL,NULL,0,0,'Officiis velit nemo eveniet accusamus fuga aut eum.','Modi mollitia rerum dolor voluptate iusto provident dolore voluptatum.','2016-08-15 01:10:42','2016-08-15 01:10:42'),(84,'Model','Nikon','Camera 12 non','655','Qui quam quo labore perferendis.','Excepturi ea est vitae sapiente pariatur quis non officia.',NULL,NULL,0,0,'Quis vel ut aut aliquid rerum et qui.','Qui laboriosam sit dolores ea ut quo animi.','2016-08-15 01:10:42','2016-08-15 01:10:42'),(85,'Model','Nikon','Camera 13 consequatur','656','Possimus minus illo repellat nesciunt illum.','Neque repellat id incidunt a consequatur rerum delectus.',NULL,NULL,0,0,'Aliquid iste ad quo omnis.','Recusandae dolor odit illo cumque deleniti veniam odio nemo.','2016-08-15 01:10:42','2016-08-15 01:10:42'),(86,'Model','Nikon','Camera 14 et','657','Neque quae mollitia molestias optio dolores.','Commodi deleniti quidem excepturi.',NULL,NULL,0,0,'Dolore error hic natus occaecati.','Impedit deleniti natus labore.','2016-08-15 01:10:42','2016-08-15 01:10:42'),(87,'Model','Nikon','Camera 15 et','658','Et natus magni ullam nesciunt.','Ullam deleniti repudiandae commodi.',NULL,NULL,0,0,'Inventore omnis id accusantium.','Ex laudantium fugit quibusdam.','2016-08-15 01:10:42','2016-08-15 01:10:42'),(88,'Model','Nikon','Camera 16 natus','659','Corporis quod ut laudantium est laboriosam esse odio.','Fugiat aut magni consectetur ut saepe.',NULL,NULL,0,0,'Aut sint et est perferendis ad vero commodi mollitia.','Molestiae repellendus natus dignissimos optio quisquam unde impedit reiciendis.','2016-08-15 01:10:42','2016-08-15 01:10:42'),(89,'Model','Nikon','Camera 17 hic','660','Aut veniam maxime deleniti.','Ut quia aliquam impedit quia error accusantium sit.',NULL,NULL,0,0,'Ea corrupti sint pariatur est nisi.','Ea dolorem facilis corrupti nostrum.','2016-08-15 01:10:42','2016-08-15 01:10:42'),(90,'Model','Nikon','Camera 18 consequatur','661','Et iste nesciunt expedita eveniet animi laborum deserunt quia.','Quasi impedit recusandae at.',NULL,NULL,0,0,'Fuga consectetur voluptatem nemo amet fugiat commodi.','Maxime sunt nisi ipsum et est voluptates libero velit.','2016-08-15 01:10:42','2016-08-15 01:10:42'),(91,'Model','Nikon','Camera 19 quibusdam','662','Voluptatum facilis quos exercitationem velit dolor.','Consequuntur eius sint qui quaerat ut quo.',NULL,NULL,0,0,'Et atque tenetur eos numquam est et soluta.','Debitis veniam quos tempora sed.','2016-08-15 01:10:42','2016-08-15 01:10:42'),(92,'Model','Nikon','Camera 20 accusamus','663','Libero repellendus rerum voluptatem quos aliquam tenetur sed.','Laborum architecto nostrum rerum voluptatibus nemo.',NULL,NULL,0,0,'Odit rerum nostrum culpa blanditiis aut voluptatum.','Aut quia voluptatem impedit cumque earum sit.','2016-08-15 01:10:42','2016-08-15 01:10:42'),(93,'Model','Nikon','Camera 21 saepe','664','Ut vel est quae ut.','Veritatis autem exercitationem aliquid.',NULL,NULL,0,0,'Esse suscipit id illo et iste in.','Ullam qui ex omnis illo.','2016-08-15 01:10:42','2016-08-15 01:10:42'),(94,'Model','Nikon','Camera 22 iure','665','Nesciunt aut et eos et optio.','Sint laborum amet cupiditate nihil et quia aliquam.',NULL,NULL,0,0,'Vero dignissimos et optio unde dolore ex sint.','Eius a minus omnis quidem qui tenetur.','2016-08-15 01:10:42','2016-08-15 01:10:42'),(95,'Model','Nikon','Camera 23 et','666','Dolorem occaecati molestiae velit mollitia.','Mollitia odit quis minima exercitationem dolores quia alias.',NULL,NULL,0,0,'Eaque blanditiis recusandae soluta rerum ea consequuntur.','Voluptate aut commodi rem.','2016-08-15 01:10:42','2016-08-15 01:10:42'),(96,'Model','Nikon','Camera 24 a','667','Animi blanditiis dolorem neque.','Quia alias qui quae unde provident natus sed.',NULL,NULL,0,0,'Magni tenetur velit magnam ut facere quod molestiae.','Voluptas cum nobis incidunt ratione sit.','2016-08-15 01:10:42','2016-08-15 01:10:42'),(97,'Model','Nikon','Camera 25 doloremque','668','Voluptatum esse assumenda distinctio molestiae qui maxime soluta repellat.','Doloremque ad velit voluptas temporibus et iste quo quam.',NULL,NULL,0,0,'Optio omnis incidunt quia beatae et qui.','Expedita corrupti nulla qui eum.','2016-08-15 01:10:42','2016-08-15 01:10:42'),(98,'Model','Nikon','Camera 26 cum','669','Labore quia dicta ut.','Velit nulla doloremque eos sunt velit numquam.',NULL,NULL,0,0,'Minus nobis impedit ullam dolor repellat et.','Molestiae consequuntur deserunt nobis distinctio.','2016-08-15 01:10:42','2016-08-15 01:10:42'),(99,'Model','Nikon','Camera 27 autem','670','Natus a consequatur numquam non asperiores.','Natus adipisci voluptas ea.',NULL,NULL,0,0,'Commodi consectetur adipisci ex et tempore dicta et.','Ipsum enim id voluptatem illum qui.','2016-08-15 01:10:42','2016-08-15 01:10:42'),(100,'Model','Nikon','Camera 28 sapiente','671','Provident occaecati ratione qui sed earum.','Quis omnis et aut velit.',NULL,NULL,0,0,'Aut et maxime eius autem quo similique.','Voluptatem hic consequuntur recusandae asperiores quas.','2016-08-15 01:10:42','2016-08-15 01:10:42'),(101,'Model','Nikon','Camera 29 eligendi','672','Dolores et autem architecto repellat sed.','Aut ut tempora molestiae omnis minima ut qui.',NULL,NULL,0,0,'Deserunt in magni eaque.','Eos amet aut ut.','2016-08-15 01:10:42','2016-08-15 01:10:42'),(102,'Model','Nikon','Camera 30 repellendus','673','Quo qui provident velit omnis ut odio.','Porro sed dolores quidem quos ex.',NULL,NULL,0,0,'Et non et inventore architecto.','Culpa quidem quis ut qui id modi quos.','2016-08-15 01:10:42','2016-08-15 01:10:42'),(103,'Model','Sony','Hifi Standard','674','Ut perspiciatis consequuntur rerum nam quis repudiandae autem.','Excepturi quia velit magni quia itaque harum.',NULL,NULL,3,0,'Omnis rem aut in non asperiores expedita repellendus ut.','Et cupiditate voluptatem distinctio culpa quia ex ad.','2016-08-15 01:10:42','2016-08-15 01:10:42'),(104,'Model','Feli','Kamera Stativ','123','Stabiles Kamera Stativ','Adipisci voluptate fugiat fuga aut accusantium.',NULL,NULL,0,0,'Ut accusamus esse numquam harum aliquam est nesciunt.','Stativ muss mit Stativtasche ausgehndigt werden.','2016-08-15 01:10:42','2016-08-15 01:10:42'),(105,'Model','Bose','BoseRustic Plastic Gloves','675','Fuga itaque aliquam excepturi. Autem ducimus voluptatem ex dolorem sed molestiae labore. Nobis amet eveniet ducimus est. Eveniet deserunt voluptatum beatae inventore nulla.','Eos alias saepe quo blanditiis sapiente magnam quisquam.',NULL,NULL,0,0,'Pariatur recusandae enim dignissimos ad rerum consequatur impedit soluta.','Sequi porro enim cumque.','2016-08-15 01:10:42','2016-08-15 01:10:42'),(106,'Model','Bose','BoseSleek Wooden Car','676','Ut praesentium quibusdam sunt non aut qui distinctio. Exercitationem quae quo. Ut tempora dicta ipsa saepe error voluptatibus. Est ipsum cumque ducimus et. Iste eius sint voluptatibus praesentium.','Odio consectetur libero rerum.',NULL,NULL,0,0,'Nesciunt quidem sed ullam omnis.','Alias eos rem rerum.','2016-08-15 01:10:42','2016-08-15 01:10:42'),(107,'Model','Aufderhar, Legros and Witting','Kamera Set','680','Voluptatem est voluptas explicabo culpa est et.','Voluptas iusto sequi et sed minus explicabo aperiam.',NULL,NULL,0,1,'Ipsa et accusantium aut rerum.','Tempore nulla adipisci sit.','2016-08-15 01:10:42','2016-08-15 01:10:42'),(108,'Model','Bahringer Group','Sleek Rubber Shirt','681','Voluptatem vel odio ut suscipit ut magnam ex.','Deleniti nobis accusantium necessitatibus modi.',NULL,NULL,0,0,'Autem commodi cum explicabo possimus corrupti et consequatur.','Libero consectetur quaerat quas architecto expedita ut blanditiis.','2016-08-15 01:10:42','2016-08-15 01:10:42'),(109,'Model','Bradtke LLC','Sleek Granite Gloves','682','Architecto recusandae ipsa non qui.','Eveniet assumenda omnis rerum qui quisquam.',NULL,NULL,3,0,'Reprehenderit deserunt nihil voluptatem ipsam sed.','Consequatur culpa adipisci perspiciatis ullam incidunt.','2016-08-15 01:10:42','2016-08-15 01:10:42'),(110,'Model','Schiller-Wisozk','Incredible Granite Chair','683','Et et asperiores ducimus laborum eaque vero voluptatem eum.','In sit repudiandae ipsa esse.',NULL,NULL,0,0,'Omnis itaque suscipit est.','Ad voluptas illo qui accusamus quod unde.','2016-08-15 01:10:42','2016-08-15 01:10:42'),(111,'Model','Batz, Cummings and Hermiston','Awesome Concrete Gloves','684','Exercitationem illo est molestiae quasi et.','Qui dolore veritatis doloribus eveniet.',NULL,NULL,3,0,'Aliquam eos est consequatur cupiditate ut nobis mollitia est.','Fuga sunt voluptas voluptatum.','2016-08-15 01:10:42','2016-08-15 01:10:42'),(112,'Model','Cormier LLC','Rustic Steel Chair','685','Dolorem aliquam error soluta quibusdam at tenetur aut.','Neque deleniti ut aut dolores.',NULL,NULL,0,0,'Et voluptatem nihil ipsum qui aspernatur.','Aliquam ad itaque iste amet.','2016-08-15 01:10:42','2016-08-15 01:10:42'),(113,'Model','Stoltenberg and Sons','Gorgeous Cotton Hat','686','Et officia ut ut voluptate cum.','Qui ut repellat labore odit molestiae nam laudantium quia.',NULL,NULL,1,0,'Nemo distinctio aut qui eos dolorum.','Consequatur in quasi recusandae ut eveniet voluptas ut.','2016-08-15 01:10:42','2016-08-15 01:10:42'),(114,'Model','Murphy, Ebert and Turcotte','Rustic Concrete Gloves','687','Molestiae consequatur voluptatem et nulla nesciunt.','Quibusdam omnis et ipsa vitae cum doloribus.',NULL,NULL,3,0,'Facilis delectus ipsa omnis.','Ipsum sapiente dolore excepturi ea voluptas vel animi.','2016-08-15 01:10:42','2016-08-15 01:10:42'),(115,'Model','Crist Inc','Practical Concrete Table','688','Et nihil at sequi facilis consequuntur.','Voluptatibus a debitis ipsum expedita eum omnis.',NULL,NULL,0,0,'Voluptatem magni sunt officia id earum dolore.','Omnis alias molestiae ab aut rerum fugiat.','2016-08-15 01:10:42','2016-08-15 01:10:42'),(116,'Model','Murray LLC','Ergonomic Steel Table','689','Labore ratione aliquam occaecati.','Atque maiores voluptas nesciunt dolore.',NULL,NULL,3,0,'Rem perspiciatis ab perferendis quisquam vel id.','Eos nesciunt nobis sit voluptatem sequi qui eum ut.','2016-08-15 01:10:42','2016-08-15 01:10:42'),(117,'Model','Thompson and Sons','Rustic Granite Chair','690','Architecto illo explicabo et ipsum ut qui voluptas.','Aut suscipit enim perferendis repudiandae qui quidem at et.',NULL,NULL,0,0,'Laudantium temporibus at doloribus alias vero.','Maiores quis rerum neque laborum assumenda quidem blanditiis.','2016-08-15 01:10:42','2016-08-15 01:10:42'),(118,'Model','Lesch-Medhurst','Gorgeous Cotton Gloves','691','Beatae est aut et voluptate recusandae officiis ut.','Quisquam necessitatibus aliquam molestiae vitae sint sequi molestias.',NULL,NULL,0,0,'Perferendis ad quis et ullam rerum distinctio consectetur.','Sit et quos fuga.','2016-08-15 01:10:42','2016-08-15 01:10:42'),(119,'Model','Medhurst and Sons','Sleek Rubber Shoes','692','Facere error minus omnis dolor et a.','In quos quis laborum est maiores laboriosam aut.',NULL,NULL,3,0,'At voluptatem alias ipsum ex est.','Unde et ipsa est.','2016-08-15 01:10:42','2016-08-15 01:10:42'),(120,'Model','Dooley-Lebsack','Kamera Set2','693','Voluptas delectus necessitatibus molestiae.','Officia aut quia atque eaque quos dolorem quia.',NULL,NULL,2,1,'Adipisci quis qui et dolor aut.','Ducimus a et rerum nulla eum cumque.','2016-08-15 01:10:42','2016-08-15 01:10:42'),(121,'Model','Prosacco, Goldner and Bogan','Intelligent Steel Table','694','Velit ratione perferendis atque tenetur sint pariatur ad cupiditate.','Cumque vitae nobis aut.',NULL,NULL,2,0,'At dicta quis ipsam non.','Hic ut aut optio.','2016-08-15 01:10:42','2016-08-15 01:10:42'),(122,'Model','Jones, Brakus and Williamson','Awesome Wooden Pants','695','Ut vero a quia est.','Qui amet saepe dignissimos voluptatibus.',NULL,NULL,0,0,'Id voluptatem dignissimos error eveniet temporibus minima laborum.','Est qui ut quia rem.','2016-08-15 01:10:42','2016-08-15 01:10:42'),(123,'Model','Hermann-Gottlieb','Intelligent Cotton Computer','696','Qui vitae autem dicta omnis nostrum debitis quia reiciendis.','Eum cum quia aut eos dolorem asperiores reprehenderit omnis.',NULL,NULL,2,0,'Rerum dolore expedita perferendis est neque dolor deserunt.','Mollitia iste quod vel ab blanditiis nostrum voluptatem provident.','2016-08-15 01:10:42','2016-08-15 01:10:42'),(124,'Model','Stiedemann Inc','Awesome Cotton Pants','697','Et illo dolor nesciunt quia a et assumenda.','Odio fugiat quis ad non quibusdam est blanditiis expedita.',NULL,NULL,1,0,'Impedit vitae esse quasi omnis.','Consequatur voluptates rerum architecto commodi id.','2016-08-15 01:10:42','2016-08-15 01:10:42'),(125,'Model','Roob, Maggio and Quigley','Small Plastic Pants','698','Aut et voluptatem architecto soluta.','Suscipit excepturi consequatur mollitia eum doloribus explicabo consequatur eos.',NULL,NULL,3,0,'Reprehenderit debitis iusto voluptatem quis rem sint occaecati.','Doloribus dolores nesciunt esse in quisquam sunt repellendus beatae.','2016-08-15 01:10:42','2016-08-15 01:10:42'),(126,'Model','Nienow, Rolfson and Rempel','Fantastic Cotton Computer','699','Incidunt illo sapiente pariatur iusto et.','Necessitatibus odit delectus velit quia at labore modi voluptatem.',NULL,NULL,1,0,'Omnis ullam est eum nostrum quod corporis voluptas laudantium.','Placeat ut consequuntur fugit saepe et corrupti odio.','2016-08-15 01:10:42','2016-08-15 01:10:42'),(127,'Model','Wuckert, Lang and Lynch','Incredible Cotton Car','700','Sed architecto non fugit.','Et deleniti tempora ducimus.',NULL,NULL,2,0,'Quo provident est dolor excepturi possimus facere molestias molestiae.','Ut qui aut consequuntur.','2016-08-15 01:10:42','2016-08-15 01:10:42'),(128,'Model','Schmidt-Littel','Sleek Steel Shoes','701','Incidunt modi assumenda ad id molestiae.','Cumque ex qui numquam fugiat similique.',NULL,NULL,1,0,'Voluptatum dolores qui quaerat aut maxime harum aut.','Sequi eveniet alias vel.','2016-08-15 01:10:42','2016-08-15 01:10:42'),(129,'Model','Mann, Zieme and Walsh','Awesome Granite Pants','702','Autem sunt aliquid voluptatem sunt tempora ipsa nisi.','Culpa id deserunt laborum sit amet sapiente magnam id.',NULL,NULL,2,0,'Et quam maiores cumque nulla illo doloribus non.','Ad odit in quia.','2016-08-15 01:10:42','2016-08-15 01:10:42'),(130,'Model','Simonis-Prosacco','Small Wooden Hat','703','Autem aut velit architecto consequuntur est.','A vero atque consequuntur.',NULL,NULL,3,0,'Ipsum consequatur accusamus distinctio aperiam nobis et.','Temporibus est provident hic veniam eius.','2016-08-15 01:10:42','2016-08-15 01:10:42'),(131,'Model','Schimmel-Hirthe','Fantastic Rubber Car','704','Cumque sed illo et sint asperiores ut.','Voluptates error qui est consectetur.',NULL,NULL,3,0,'Aut et consectetur error animi.','Laboriosam harum hic est recusandae alias.','2016-08-15 01:10:42','2016-08-15 01:10:42'),(132,'Model','Pouros-Ward','Small Cotton Pants','705','Modi aut facilis est quam voluptas.','Molestias nobis hic molestiae rerum est tempore.',NULL,NULL,0,0,'Et eum earum autem nemo architecto voluptates voluptas.','Ab vel ut earum.','2016-08-15 01:10:42','2016-08-15 01:10:42'),(133,'Model','Canon','Kamera Canon D5','706','Ganz teure Kamera','Sed sed reprehenderit neque aperiam ipsa tempore alias.',NULL,NULL,0,0,'Dolores maiores nisi eaque non pariatur amet laudantium.','Kamera brauch Akkus!','2016-08-15 01:10:42','2016-08-15 01:10:42'),(134,'Model','Apple','iMac','707','Apples alter iMac','Non nemo odit nihil nam est ipsum vitae.',NULL,NULL,0,0,'Atque et nihil fugit.','Praesentium ratione tempora voluptas excepturi delectus aut dolor nesciunt.','2016-08-15 01:10:42','2016-08-15 01:10:42'),(135,'Model','Microsoft','Windows Laptop','708','Ein Laptop der Marke Microsoft','Harum doloremque qui ipsa aliquam dolores.',NULL,NULL,0,0,'Dolorum alias quos ea voluptatem qui incidunt.','Laptop mit Tasche ausgeben','2016-08-15 01:10:42','2016-08-15 01:10:42'),(136,'Model','Walkera','Walkera v120','1G','3D Helikopter','Dolor repellendus voluptatem ullam quia cumque.',NULL,NULL,0,0,'Et omnis autem ullam omnis rerum.','Autem voluptatem voluptatem reprehenderit.','2016-08-15 01:10:42','2016-08-15 01:10:42'),(137,'Model','Walkera','Walkera v120','2G','3D Helikopter','Aliquam exercitationem expedita distinctio perferendis in.',NULL,NULL,0,0,'Quo assumenda nemo aliquid qui minima.','Sunt omnis enim mollitia molestiae ut.','2016-08-15 01:10:42','2016-08-15 01:10:42'),(138,'Model','Walkera','Walkera v120','3G','3D Helikopter','Incidunt qui rerum ut necessitatibus modi sunt officiis vero.',NULL,NULL,0,0,'Hic ut consequatur magni.','Non nostrum id sint dolorem delectus nemo voluptatum.','2016-08-15 01:10:42','2016-08-15 01:10:42'),(139,'Software','Mueller, McDermott and Nikolaus','Rustic Rubber Shirt','709',NULL,NULL,NULL,NULL,0,0,NULL,NULL,'2016-08-15 01:10:42','2016-08-15 01:10:42'),(140,'Software','Schulist, Barrows and Feest','Ergonomic Rubber Computer','710',NULL,NULL,NULL,NULL,0,0,NULL,NULL,'2016-08-15 01:10:42','2016-08-15 01:10:42'),(141,'Software','Beer-Kunze','Gorgeous Concrete Shoes','711',NULL,NULL,NULL,NULL,0,0,NULL,NULL,'2016-08-15 01:10:42','2016-08-15 01:10:42'),(142,'Software','Russel-Hackett','Sleek Plastic Hat','712',NULL,NULL,NULL,NULL,0,0,NULL,NULL,'2016-08-15 01:10:42','2016-08-15 01:10:42'),(143,'Software','Cassin, Feest and Weber','Small Rubber Computer','713',NULL,NULL,NULL,NULL,0,0,NULL,NULL,'2016-08-15 01:10:42','2016-08-15 01:10:42'),(144,'Software','Graham and Sons','Intelligent Granite Computer','714',NULL,NULL,NULL,NULL,0,0,NULL,NULL,'2016-08-15 01:10:42','2016-08-15 01:10:42'),(145,'Software','Ferry, Rogahn and Klein','Intelligent Wooden Car','715',NULL,NULL,NULL,NULL,0,0,NULL,NULL,'2016-08-15 01:10:42','2016-08-15 01:10:42'),(146,'Software','Altenwerth Group','Gorgeous Steel Car','716',NULL,NULL,NULL,NULL,0,0,NULL,NULL,'2016-08-15 01:10:42','2016-08-15 01:10:42'),(147,'Software','Von, Sawayn and Hoppe','Incredible Cotton Shirt','717',NULL,NULL,NULL,NULL,0,0,'test http://test.ch\r\nwww.foo.ch\r\njust a text',NULL,'2016-08-15 01:10:42','2016-08-15 01:10:42'),(148,'Software','Pagac-Wilkinson','Small Wooden Car','718',NULL,NULL,NULL,NULL,0,0,NULL,NULL,'2016-08-15 01:10:42','2016-08-15 01:10:42'),(149,'Model','Wintheiser-Champlin','Awesome Plastic Chair',NULL,'Facilis molestiae dolores tempore velit aut.','Sequi voluptatem quasi voluptatem omnis et tempora rem velit.',NULL,NULL,1,0,'Recusandae provident qui quam.','Natus fugiat aut distinctio alias velit voluptatem.','2016-08-15 01:10:42','2016-08-15 01:10:42'),(150,'Model','Shields, Ruecker and Lesch','Rustic Concrete Shoes','719','Fugiat unde perspiciatis est a veniam cupiditate.','Facere vero culpa quisquam.',NULL,NULL,0,0,'Voluptate perferendis aut reiciendis.','Qui repudiandae voluptatem inventore praesentium hic quas.','2016-08-11 02:27:14','2016-08-11 02:27:14'),(151,'Model','Gleason Inc','Small Rubber Pants','720','Debitis dolores id incidunt consequatur qui autem.','Qui aut fugiat corporis sint dolorum in.',NULL,NULL,2,0,'Iste magni earum sint qui quod totam ut quidem.','Qui dolorum voluptates quae fugiat earum quis labore et.','2016-08-11 02:27:14','2016-08-11 02:27:14'),(152,'Model','Lehner-Schulist','Sleek Cotton Hat','721','Aliquam illum dicta consequatur sapiente sunt corporis.','Eligendi est debitis vel facere.',NULL,NULL,2,0,'Incidunt culpa cum a rerum reprehenderit assumenda.','Excepturi et quas officia.','2016-08-11 02:27:14','2016-08-11 02:27:14'),(153,'Model','Wilderman Group','Rustic Wooden Computer','722','Deleniti eveniet cum incidunt.','Omnis ratione vel eaque quas.',NULL,NULL,2,0,'Voluptatibus explicabo odit non.','Quibusdam quae aut eos.','2016-08-11 02:27:14','2016-08-11 02:27:14'),(154,'Model','Gleason-Haley','Practical Plastic Shirt','723','Beatae est quidem iure voluptates.','Labore autem aut dignissimos.',NULL,NULL,3,0,'Ratione rerum eos fugit in eius.','Quia ratione dolorem esse veniam nulla.','2016-08-11 02:27:14','2016-08-11 02:27:14'),(155,'Model','Kemmer, Connelly and Rolfson','Sleek Concrete Gloves','724','Est repellat modi voluptatibus id.','Qui nisi ut voluptas cupiditate.',NULL,NULL,1,0,'Quam vel delectus facilis tenetur rem eaque et ipsum.','Placeat dolore aliquam aut quia.','2016-08-11 02:27:14','2016-08-11 02:27:14'),(156,'Model','Lubowitz-Abshire','Intelligent Rubber Pants','725','Ut ex aliquid voluptas laboriosam.','Et dolores optio ducimus sunt.',NULL,NULL,2,0,'Omnis facilis distinctio commodi odio et voluptatem nihil a.','Distinctio in aspernatur delectus quo.','2016-08-11 02:27:14','2016-08-11 02:27:14'),(157,'Model','Friesen, Welch and Becker','Sleek Steel Gloves','726','Tempore amet quod illo voluptatem sunt.','Inventore laborum illo dolores impedit perspiciatis aut.',NULL,NULL,3,0,'Laborum temporibus magni vitae autem ut.','Sapiente qui dignissimos qui.','2016-08-11 02:27:14','2016-08-11 02:27:14'),(158,'Model','Cassin and Sons','Sleek Rubber Hat','727','Rerum architecto eos ipsum repellendus sed explicabo iusto.','Tenetur assumenda voluptate et.',NULL,NULL,2,0,'Voluptas sequi in omnis.','Eum non at et non atque dolor.','2016-08-11 02:27:14','2016-08-11 02:27:14'),(159,'Model','Padberg, Purdy and DuBuque','Gorgeous Cotton Shirt','728','Repudiandae excepturi dicta dolores fugiat aut minus nostrum.','Neque modi architecto nulla.',NULL,NULL,3,0,'Maiores ut animi in ab.','Est voluptatibus deserunt numquam repellendus voluptatem voluptate et.','2016-08-11 02:27:14','2016-08-11 02:27:14'),(160,'Model','Emard, Jakubowski and Lindgren','Awesome Plastic Hat','729','Recusandae rerum sed architecto similique.','Assumenda consectetur eos autem dolorum sed et.',NULL,NULL,3,0,'Cum totam est et nemo id assumenda at omnis.','Autem itaque quidem consectetur labore alias veritatis voluptas eaque.','2016-08-11 02:27:14','2016-08-11 02:27:14'),(161,'Model','Aufderhar-Gaylord','Ergonomic Plastic Car','730','Quia ab molestias sunt voluptates id ullam eveniet et.','Voluptate rerum molestiae dicta odio repudiandae magnam quibusdam id.',NULL,NULL,2,0,'Neque consequatur sint autem fuga exercitationem dolorem.','Facilis adipisci rem deleniti ut aut nostrum.','2016-08-11 02:27:14','2016-08-11 02:27:14'),(162,'Model','Harris-Walker','Incredible Plastic Shirt','731','Quis corporis unde aut eum vel necessitatibus autem.','Quia est voluptas hic culpa voluptas harum.',NULL,NULL,0,0,'Cupiditate iusto commodi reprehenderit blanditiis.','Dolorem sed reiciendis vel.','2016-08-11 02:27:14','2016-08-11 02:27:14'),(163,'Model','Homenick-Hessel','Fantastic Concrete Car','732','Similique aut saepe velit culpa.','Consequatur consequuntur consectetur dignissimos illum et.',NULL,NULL,2,0,'Tenetur dolores fugiat quidem.','Est aspernatur rerum officia tempore quia.','2016-08-11 02:27:14','2016-08-11 02:27:14'),(164,'Model','Kiehn Group','Fantastic Plastic Gloves','733','Ut consequatur eos recusandae libero.','Necessitatibus quia deleniti nostrum aut totam.',NULL,NULL,1,0,'Qui harum eum inventore rerum.','Harum rerum mollitia cupiditate nihil impedit.','2016-08-11 02:27:14','2016-08-11 02:27:14'),(165,'Model','Smith, Bogisich and Wiegand','Gorgeous Concrete Hat','734','Consectetur est quis illo rerum cum totam.','Qui corrupti quasi quaerat.',NULL,NULL,3,0,'Enim rerum sequi voluptates harum est exercitationem delectus.','Qui est natus quod.','2016-08-11 02:27:14','2016-08-11 02:27:14'),(166,'Model','Gerhold, Trantow and Goodwin','Intelligent Wooden Chair','735','Aliquam et quidem dolorem illo ut.','Et reprehenderit occaecati dolor quas.',NULL,NULL,3,0,'Exercitationem aut quod quam fuga molestiae sunt.','Excepturi saepe asperiores labore.','2016-08-11 02:27:14','2016-08-11 02:27:14'),(167,'Model','Ratke-Moore','Small Cotton Computer','736','Sunt qui sed doloremque voluptates provident.','Quia quos necessitatibus maiores eveniet vel officia exercitationem iusto.',NULL,NULL,1,0,'Animi qui et eaque quo.','Libero quam quasi aliquid quia.','2016-08-11 02:27:15','2016-08-11 02:27:15'),(168,'Model','Bosco Group','Small Wooden Table','737','Officiis at aspernatur et hic cum.','Omnis alias eligendi iusto enim odit non optio.',NULL,NULL,1,0,'Dolorem rerum qui nihil ut similique quibusdam.','Placeat ipsum id libero quo sit magni dolorum et.','2016-08-11 02:27:15','2016-08-11 02:27:15'),(169,'Model','Ondricka-Barrows','Gorgeous Rubber Table','738','Pariatur consequuntur adipisci perferendis sit ipsa quibusdam distinctio minus.','Consectetur sunt sapiente officia ut aut ab.',NULL,NULL,2,0,'Aut rerum excepturi vero ea necessitatibus.','Officia voluptatem aspernatur beatae dolore architecto.','2016-08-11 02:27:15','2016-08-11 02:27:15'),(170,'Model','Gutkowski, Marvin and Dibbert','Rustic Granite Table','739','Rem nostrum quisquam consequatur qui non voluptate delectus.','Molestias temporibus praesentium et.',NULL,NULL,0,0,'Temporibus nam doloribus ut.','Et quia voluptatem corrupti voluptatibus illo ut qui.','2016-08-11 02:27:15','2016-08-11 02:27:15'),(171,'Model','Wolff-Kautzer','Fantastic Wooden Chair','740','Maxime saepe sit dolorem ipsam cum deserunt doloremque.','Fugit sed voluptates vitae voluptatem iure est nostrum.',NULL,NULL,2,0,'Praesentium repellat totam dolor tenetur nobis voluptas quia.','Et dolores sit debitis.','2016-08-11 02:27:15','2016-08-11 02:27:15'),(172,'Model','Labadie-Steuber','Intelligent Rubber Car','741','Dolore doloribus molestiae aspernatur.','Rem id fugit molestiae qui.',NULL,NULL,0,0,'Quaerat sit nobis ducimus similique consequatur.','Consectetur iusto suscipit qui.','2016-08-11 02:27:15','2016-08-11 02:27:15'),(173,'Model','Kshlerin, Corkery and Wiza','Awesome Wooden Computer','742','Aut et laborum est veniam.','Nihil dolorem officia deleniti a illo.',NULL,NULL,2,0,'Dolor excepturi debitis exercitationem nisi ad in aut.','Enim aliquid dolorem animi ducimus consectetur harum qui sit.','2016-08-11 02:27:15','2016-08-11 02:27:15'),(174,'Model','McDermott Inc','Sleek Rubber Car','743','Occaecati dicta et qui.','Iure officiis architecto qui impedit iste similique.',NULL,NULL,1,0,'Enim cum consequatur occaecati eveniet ducimus ea sed.','Veritatis consequuntur qui enim beatae.','2016-08-11 02:27:15','2016-08-11 02:27:15'),(175,'Model','Ledner-Larkin','Awesome Steel Chair','744','Aperiam voluptatem ut blanditiis dolor asperiores.','At est nihil non nisi officia voluptate delectus.',NULL,NULL,3,0,'Vitae eum facere quibusdam.','Inventore iusto vel dolores facere ipsum hic.','2016-08-11 02:27:15','2016-08-11 02:27:15'),(176,'Model','Rohan, Towne and Kautzer','Intelligent Cotton Table','745','Doloremque molestiae unde molestias aut delectus perferendis sed aliquid.','Minus quia dignissimos voluptas esse.',NULL,NULL,3,0,'Velit blanditiis iste veniam aperiam dolor.','Ex quo repellat earum corporis qui.','2016-08-14 10:20:36','2016-08-14 10:20:36'),(177,'Model','Pfeffer, Kertzmann and Hagenes','Small Concrete Shoes','746','Vero odit impedit est ipsum optio.','Placeat asperiores perspiciatis rerum reiciendis id eaque ab.',NULL,NULL,2,0,'Sed consequuntur excepturi sed dolor dolore.','Ad quibusdam perferendis ipsum velit.','2016-08-14 10:20:36','2016-08-14 10:20:36'),(178,'Model','Gutkowski, Hyatt and Armstrong','Ergonomic Rubber Car','747','Dignissimos quia ab est rerum corrupti facere minus impedit.','Et harum blanditiis ut eum voluptatibus dolor voluptas repellendus.',NULL,NULL,1,0,'Aliquid iste libero mollitia ut voluptatum sed quasi.','Eos facere autem quia.','2016-08-14 10:20:36','2016-08-14 10:20:36'),(179,'Model','Rempel, Will and Monahan','Incredible Wooden Pants','748','In repudiandae fugiat voluptas rem.','Laboriosam quia quod rerum in non.',NULL,NULL,0,0,'Et quisquam ut ut quasi quia veniam sed sint.','Et maiores dignissimos in sit deserunt accusantium temporibus.','2016-08-14 04:10:24','2016-08-14 04:10:24'),(180,'Model','Sporer-Botsford','Incredible Rubber Shirt','749','Laborum quos ea quas sed.','Recusandae molestiae aut ea.',NULL,NULL,2,0,'Sit fugiat id doloribus itaque.','Debitis ut nostrum veniam odio.','2016-08-14 04:10:24','2016-08-14 04:10:24'),(181,'Model','Emmerich-Dicki','Small Steel Chair','750','Dolore nisi voluptatem et ipsam quia dolor dolores.','Asperiores et placeat velit enim accusamus.',NULL,NULL,2,0,'Modi architecto eum error debitis ut.','Aut perspiciatis inventore quod aut.','2016-08-14 04:10:24','2016-08-14 04:10:24'),(182,'Model','Corkery-Halvorson','Awesome Concrete Table','751','Consequatur minus modi totam.','Tenetur eos aut officia quod et earum fugit.',NULL,NULL,3,0,'Mollitia quia dolorem rem.','Et vitae reprehenderit itaque culpa aut reiciendis.','2016-08-14 04:10:24','2016-08-14 04:10:24'),(183,'Model','Wyman-Bogan','Intelligent Plastic Computer','752','Quis eos quisquam quia ab velit quo enim repellendus.','Ut eos et qui.',NULL,NULL,2,0,'Blanditiis et maiores ut eum aspernatur.','Consequatur labore quia et inventore laudantium.','2016-08-14 04:10:24','2016-08-14 04:10:24'),(184,'Model','Swift, Shanahan and Pfannerstill','Awesome Plastic Shoes','753','Eaque eos tempore cumque possimus perspiciatis eveniet qui quibusdam.','Sunt sed facilis et.',NULL,NULL,3,0,'Quo sunt sint error vel est eaque.','Quos ut eius rerum qui ut ullam dolor sunt.','2016-08-14 04:10:24','2016-08-14 04:10:24'),(185,'Model','Erdman, Cole and Ritchie','Practical Rubber Chair','754','Alias aperiam ea et qui reprehenderit provident accusantium.','Nemo repellat voluptatem officia et aut.',NULL,NULL,0,0,'Ea aut veritatis excepturi dolorem vitae.','Et voluptatum ut totam quia rerum id.','2016-08-14 04:10:24','2016-08-14 04:10:24'),(186,'Model','Yost Group','Ergonomic Wooden Computer','755','Quibusdam ducimus dolorum suscipit quod enim sunt numquam ullam.','Et ipsa deleniti tenetur.',NULL,NULL,2,0,'Corrupti aut quia qui enim.','Veniam nostrum a ut blanditiis.','2016-08-14 04:10:24','2016-08-14 04:10:24'),(187,'Model','Kemmer-Koepp','Small Wooden Shoes','756','Voluptatem aliquid enim odio sint modi ut eveniet eius.','Ullam sunt voluptatem ea excepturi at placeat qui.',NULL,NULL,1,0,'Aut ad ut non corporis rem.','Eos dolore et dolorem eum quo nesciunt perferendis.','2016-08-15 01:10:42','2016-08-15 01:10:42'),(188,'Model','Gerlach Inc','Sleek Concrete Shoes','757','Eum in harum consequatur.','Accusamus sapiente modi minus eaque aut dolores est tempore.',NULL,NULL,3,0,'Aut aspernatur nihil illum rem omnis dolores praesentium.','Exercitationem non et sit.','2016-08-15 01:10:42','2016-08-15 01:10:42'),(189,'Model','Dare and Sons','Small Granite Shirt','758','Possimus consequatur reiciendis necessitatibus sint illum non.','Dolores sint alias quibusdam quidem dolorem sit similique.',NULL,NULL,1,0,'Necessitatibus maxime voluptatem exercitationem error rem sunt non.','Soluta quis dolores a.','2016-08-15 01:10:42','2016-08-15 01:10:42'),(190,'Model','Terry, Kreiger and Hegmann','Sleek Wooden Shirt','759','Fugiat totam voluptas ipsam et accusamus.','Qui iste tempora fugiat.',NULL,NULL,3,0,'Et totam dolorem voluptatem pariatur recusandae.','Asperiores hic ratione aliquid.','2016-08-15 01:10:42','2016-08-15 01:10:42'),(191,'Model','Herman Group','Small Steel Gloves','760','Nostrum maiores libero animi inventore sint iste.','Corporis eum est perferendis exercitationem labore quo.',NULL,NULL,3,0,'Pariatur fugit aut est doloribus autem.','Dicta qui et ad pariatur recusandae.','2016-08-15 01:10:42','2016-08-15 01:10:42'),(192,'Model','Adams, Zboncak and O\'Hara','Fantastic Rubber Gloves','761','Fugiat modi natus nam ratione molestias voluptatum.','Ut facere consequatur id velit sit recusandae quibusdam.',NULL,NULL,0,0,'Provident nemo sit laboriosam.','Aliquid saepe nam animi dolor.','2016-08-15 01:10:42','2016-08-15 01:10:42'),(193,'Model','Glover, Heathcote and Kozey','Gorgeous Steel Pants','762','Quae autem et aperiam est quia.','Sit porro omnis voluptate aut iure.',NULL,NULL,1,0,'Beatae laborum in aliquam est laboriosam sint velit.','Sequi suscipit quia vero aut tenetur quibusdam.','2016-08-15 01:10:42','2016-08-15 01:10:42'),(194,'Model','Schowalter Group','Awesome Steel Shoes','763','Ex asperiores expedita ea.','Sapiente earum provident sed.',NULL,NULL,0,0,'Minima eos autem qui sequi asperiores non at.','Ut voluptatibus officia doloribus quaerat optio et sit maxime.','2016-08-15 01:10:42','2016-08-15 01:10:42'),(195,'Model','Rippin Inc','Small Wooden Chair','764','Quae ut voluptate commodi nam aperiam quam omnis.','Qui laboriosam perspiciatis et labore reiciendis.',NULL,NULL,2,0,'Aut iure iusto quas.','Minus dolorum nulla reiciendis vitae deleniti doloribus perspiciatis.','2016-08-15 01:10:42','2016-08-15 01:10:42'),(196,'Model','Mueller LLC','Sleek Concrete Hat','765','Ut eos ut rerum veritatis ut qui magnam.','Odit ipsam esse ea inventore nesciunt laudantium neque quos.',NULL,NULL,0,0,'Dolorum exercitationem magni non dolorem voluptatum.','Inventore ea labore quibusdam.','2016-08-15 01:10:42','2016-08-15 01:10:42'),(197,'Model','Larson-Rogahn','Small Wooden Pants','766','Et fugit consequatur alias.','Tempora et voluptas et.',NULL,NULL,3,0,'Nesciunt rerum quisquam ullam iste qui quia omnis.','Sit nam ducimus exercitationem eum.','2016-08-15 01:10:42','2016-08-15 01:10:42'),(198,'Model','Mraz, Barrows and Hane','Fantastic Plastic Computer','767','Assumenda sed quaerat deserunt recusandae voluptatem dolor velit distinctio.','Ab facere est nihil.',NULL,NULL,1,0,'Rerum corrupti exercitationem omnis nisi sit.','Cum et sed laborum culpa voluptatem ut.','2016-08-15 01:10:42','2016-08-15 01:10:42'),(199,'Model','Swaniawski, Medhurst and Hermann','Sleek Steel Table','768','Reprehenderit esse aut voluptatum culpa.','Velit cupiditate eius natus quidem.',NULL,NULL,3,0,'Error sint ipsa eos est facere quam et.','Culpa perferendis cupiditate blanditiis et et accusantium.','2016-08-15 01:10:42','2016-08-15 01:10:42'),(200,'Model','Rath-Walter','Small Steel Pants','769','Molestiae maxime veniam velit excepturi mollitia quia.','Voluptatem aliquid ullam accusamus dolor ut quia.',NULL,NULL,0,0,'Eveniet optio autem dolores.','Facilis earum non omnis qui et qui.','2016-08-15 01:10:42','2016-08-15 01:10:42'),(201,'Model','Koss, Wiegand and Lang','Practical Rubber Car','770','Eos autem quibusdam exercitationem corporis.','Non deserunt ut explicabo harum.',NULL,NULL,1,0,'Deleniti aperiam unde nulla.','Est nemo ipsum et velit.','2016-08-15 01:10:42','2016-08-15 01:10:42'),(202,'Model','Tromp Group','Rustic Wooden Shoes','771','Ut nemo quia velit autem laudantium quidem consectetur quaerat.','Qui eligendi accusamus culpa architecto quia debitis.',NULL,NULL,0,0,'Eos fugit nisi culpa.','Dolores laboriosam nemo vel at.','2016-08-15 01:10:42','2016-08-15 01:10:42'),(203,'Model','Grady-Murazik','Practical Plastic Chair','772','Facilis quasi corrupti nesciunt temporibus esse quibusdam.','Nihil enim iure magnam voluptatum.',NULL,NULL,1,0,'Enim eum voluptates assumenda voluptas et sint quo.','Dolores perferendis quia ea quod officia quam voluptas voluptatem.','2016-08-15 01:10:42','2016-08-15 01:10:42'),(204,'Model','Torphy, King and Cartwright','Awesome Concrete Shirt','773','Incidunt necessitatibus perspiciatis corporis ut dolor.','Eius in sunt possimus deserunt magni molestiae dignissimos.',NULL,NULL,1,0,'Autem tenetur quisquam vero nesciunt.','Quia facilis consequatur fuga.','2016-08-15 01:10:42','2016-08-15 01:10:42'),(205,'Model','Marquardt Inc','Small Granite Pants','774','Et iste veniam ipsam.','Quae ut similique molestias est.',NULL,NULL,1,0,'Ut eos esse repellat quidem enim est aspernatur.','Vel sunt officia nulla aperiam dolorem commodi temporibus sint.','2016-08-15 01:10:42','2016-08-15 01:10:42'),(206,'Model','Schuster Group','Fantastic Concrete Shirt','776','Labore et consequatur vero totam in temporibus voluptatem nemo.','Qui sit et culpa vitae alias.',NULL,NULL,3,0,'Sit totam quae laborum alias architecto saepe eligendi.','Nemo aut est aut voluptatem.','2016-08-15 01:10:42','2016-08-15 01:10:42'),(207,'Software','Bradtke-Heidenreich','Gorgeous Rubber Gloves','778',NULL,NULL,NULL,NULL,0,0,NULL,NULL,'2016-08-15 01:10:42','2016-08-15 01:10:42'),(208,'Model','Ankunding Group','Sleek Steel Hat','779','Velit aut possimus numquam mollitia reprehenderit incidunt explicabo.','Vel fugit provident dolorem nesciunt quo illo facilis exercitationem.',NULL,NULL,2,0,'Voluptatem fuga et dolore sunt odit dolorem.','Consectetur maxime odit voluptatem nobis iste veritatis molestiae corrupti.','2016-08-10 00:00:00','2016-08-10 00:00:00'),(209,'Model','Lubowitz, Langosh and Vandervort','Incredible Granite Table','780','Et eum ab possimus praesentium eaque ut.','Illum dolor ut repellat velit laboriosam fugiat.',NULL,NULL,1,0,'Quas corrupti totam modi.','Minus velit et sit cum ipsum et quaerat corrupti.','2016-08-10 00:00:00','2016-08-10 00:00:00'),(210,'Model','Kovacek, Wisoky and Graham','Sleek Plastic Car','781','Blanditiis debitis aut consequuntur sapiente quam dolorem quae.','Eveniet reprehenderit sed explicabo esse.',NULL,NULL,0,0,'Incidunt eum illo est.','Recusandae aut sunt et quia dolores rerum consequatur.','2016-08-10 00:00:00','2016-08-10 00:00:00'),(211,'Model','Gulgowski, Barrows and Emmerich','Rustic Rubber Shoes','782','Voluptatibus praesentium sequi non sed molestiae.','Et et sint dolores dolor dignissimos.',NULL,NULL,1,0,'Sed ab quibusdam nostrum nemo dolore.','Voluptatem aliquam qui natus dolor.','2016-08-10 00:00:00','2016-08-10 00:00:00'),(212,'Model','Beier-Kuhn','Practical Rubber Table','784','Doloribus deserunt reprehenderit odio dolor.','Et eveniet enim voluptate sint iste.',NULL,NULL,0,0,'Facere perferendis suscipit vel mollitia dicta quos.','Facilis enim non ipsam ab distinctio est.','2016-08-15 01:10:42','2016-08-15 01:10:42'),(213,'Model','Kuphal Inc','Incredible Rubber Chair','785','Non illum iure numquam et.','Modi est adipisci incidunt aspernatur.',NULL,NULL,2,0,'Labore molestias perferendis nihil et.','Sint est aut amet.','2016-08-15 01:10:42','2016-08-15 01:10:42'),(214,'Model','Harris, Hermann and Von','Practical Concrete Shirt','786','Ut id dignissimos libero qui debitis nihil dicta esse.','Molestias nihil debitis nobis ut reprehenderit minima aliquam ipsa.',NULL,NULL,2,0,'Ut accusantium dolorum deserunt aut consequuntur sed ipsum provident.','Et autem est beatae animi est vitae.','2016-08-15 01:10:42','2016-08-15 01:10:42'),(215,'Model','Mohr, Kassulke and Witting','Incredible Steel Chair','787','Est consequatur voluptatem aut et.','Rerum tempora itaque delectus temporibus reiciendis qui.',NULL,NULL,1,0,'Atque dolores ut sint ducimus quo dolores neque.','Doloribus hic quas aliquam sed alias.','2016-08-15 01:10:42','2016-08-15 01:10:42'),(216,'Model','Kris-Crooks','Ergonomic Rubber Chair','788','Voluptatem dolores cumque qui rerum quas quaerat.','Similique explicabo consequatur in atque accusamus non voluptates reiciendis.',NULL,NULL,2,0,'Quis fugit accusantium facere odio voluptatibus saepe.','Enim adipisci sed totam et amet id et.','2016-08-15 01:10:42','2016-08-15 01:10:42'),(217,'Model','Kuhn, Rempel and Gusikowski','Ergonomic Concrete Shirt','789','Aliquam ad dignissimos ut quia harum consectetur.','Repellat voluptatem veniam ut sapiente assumenda quaerat doloremque perspiciatis.',NULL,NULL,1,0,'Ut quas sint sunt est quis nam.','Est vero illo ex accusantium quasi in et omnis.','2016-08-15 01:10:42','2016-08-15 01:10:42'),(218,'Model','Dibbert, Kulas and Durgan','Intelligent Granite Shoes','790','Eligendi dolor est ullam quis quaerat et.','Est voluptas voluptatibus praesentium quae corrupti ullam perferendis dolorem.',NULL,NULL,2,0,'Et dicta dolores hic facilis vel quisquam.','Deserunt itaque alias dolor nemo culpa quo at.','2016-08-15 01:10:42','2016-08-15 01:10:42'),(219,'Model','Turcotte, Baumbach and Bashirian','Fantastic Wooden Table','791','Cum earum sunt beatae omnis dolores saepe iure.','Molestias ut sint voluptas.',NULL,NULL,3,0,'Quis qui illo reprehenderit.','Minus accusantium qui aspernatur.','2016-08-15 01:10:42','2016-08-15 01:10:42'),(220,'Model','Brown Group','Fantastic Cotton Gloves','792','Voluptas porro et dolorem officia mollitia sit.','Ducimus eveniet et voluptas earum quis ut.',NULL,NULL,3,0,'Accusamus eum ipsam non eos voluptate eveniet.','Exercitationem et vitae at.','2016-08-15 01:10:42','2016-08-15 01:10:42'),(221,'Model','Kunde and Sons','Intelligent Wooden Computer','793','Omnis id voluptates possimus recusandae porro vero.','Vero corporis non perferendis itaque sit hic qui doloremque.',NULL,NULL,0,0,'Eum nostrum laboriosam voluptatem et cupiditate iste.','Consequuntur beatae non illum sit libero quo rerum.','2016-08-15 01:10:42','2016-08-15 01:10:42'),(222,'Model','White-Rodriguez','Ergonomic Cotton Hat','794','Aut ut occaecati corrupti nam enim ducimus.','Voluptatibus quo animi tenetur dolores molestiae.',NULL,NULL,1,0,'Placeat animi quibusdam illum vel voluptatibus corporis.','Est commodi a eum nisi incidunt rerum.','2016-08-15 01:10:42','2016-08-15 01:10:42'),(223,'Model','Stark, Hamill and Wyman','Ergonomic Plastic Computer','795','Consequatur soluta quis accusamus ea ex enim pariatur.','Molestiae praesentium iure sit magnam nihil non.',NULL,NULL,3,0,'Voluptates cupiditate earum dolorem doloribus nihil est numquam quo.','Non ea totam magni sit vitae iure.','2016-08-15 01:10:42','2016-08-15 01:10:42'),(224,'Model','Fritsch-Stroman','Fantastic Granite Table','796','Cum sunt omnis temporibus pariatur sed nihil.','Qui odit ipsa omnis iste optio molestiae non.',NULL,NULL,0,0,'Qui quis est impedit quia et deserunt repellat fugit.','Cupiditate eligendi eos ex esse corrupti ut.','2016-08-15 01:10:42','2016-08-15 01:10:42'),(225,'Model','VonRueden-Bayer','Rustic Wooden Shirt','797','Ut quas neque eos qui fugiat.','Eaque expedita rerum et et et commodi quidem voluptatem.',NULL,NULL,1,0,'Labore consequatur similique aliquam.','Qui placeat odit eveniet rerum deserunt rerum repellendus in.','2016-08-15 01:10:42','2016-08-15 01:10:42'),(226,'Model','Larkin-Eichmann','Small Steel Computer','798','Asperiores quia est ratione facere.','Nulla et quasi est omnis et.',NULL,NULL,2,0,'Sit sequi praesentium quae quia rerum velit dolorem.','Porro placeat ut ex dolores nihil.','2016-08-15 01:10:42','2016-08-15 01:10:42'),(227,'Model','Medhurst-Russel','Intelligent Rubber Table','799','Nesciunt earum occaecati aut est.','Illo accusamus fugit voluptas.',NULL,NULL,2,0,'Et nisi laudantium at ratione.','Saepe consectetur voluptatibus architecto doloribus sit perspiciatis quisquam.','2016-08-10 00:00:00','2016-08-10 00:00:00'),(228,'Model','Hettinger-Bosco','Small Granite Chair','800','Blanditiis ut nisi ea quae vel pariatur.','Consequuntur recusandae esse dolore dolorem ullam laudantium laboriosam.',NULL,NULL,3,0,'Nihil ea reiciendis numquam labore ex doloribus nulla occaecati.','Quam aperiam consequatur eum reiciendis quasi incidunt nostrum.','2016-08-10 00:00:00','2016-08-10 00:00:00'),(229,'Model','D\'Amore-Ullrich','Ergonomic Concrete Shoes','801','Illo omnis ipsa ducimus dignissimos aut doloremque perferendis.','Unde ipsa vitae molestiae est accusantium at est dolore.',NULL,NULL,2,0,'Et voluptatem consequatur vitae est nihil.','Inventore alias molestiae eos.','2016-08-10 00:00:00','2016-08-10 00:00:00'),(230,'Model','Luettgen, Gaylord and O\'Reilly','Sleek Plastic Gloves','802','Ab vel hic laborum.','Eum illo harum iste non facilis.',NULL,NULL,3,0,'Ea magnam quia laboriosam quod.','Reiciendis et voluptate commodi excepturi maiores et.','2016-08-15 01:10:42','2016-08-15 01:10:42'),(231,'Model','Mante-Schmidt','Gorgeous Concrete Shirt','803','Officiis sit quis dolore iusto.','Ipsam laudantium ab sequi reprehenderit.',NULL,NULL,3,0,'Quaerat voluptatem veritatis tenetur eaque sit voluptate vel consequatur.','Suscipit deserunt a et sed voluptas.','2016-08-15 01:10:42','2016-08-15 01:10:42'),(232,'Model','Kunze-Ankunding','Sleek Plastic Computer','804','Consequuntur in aut et quidem.','Delectus eius corporis tempora est sed perspiciatis qui.',NULL,NULL,0,0,'Rerum ipsa voluptas pariatur.','Praesentium et cum adipisci non fugiat dicta soluta nesciunt.','2016-08-15 01:10:42','2016-08-15 01:10:42'),(233,'Model','Heaney-Price','Awesome Rubber Pants','805','Omnis voluptas qui iure.','Tempora porro facere eum.',NULL,NULL,1,0,'Dolorum a alias quos laboriosam quisquam rerum officiis.','Cum libero reprehenderit nihil.','2016-08-15 01:10:42','2016-08-15 01:10:42'),(234,'Model','Goldner-Green','Incredible Cotton Gloves','806','Ea natus aut similique.','Omnis corrupti et vel suscipit aliquid.',NULL,NULL,2,0,'Est sed deserunt non.','Sit et voluptatem dolore.','2016-08-15 01:10:42','2016-08-15 01:10:42'),(235,'Model','Paucek-Ferry','Sleek Wooden Car','807','Incidunt adipisci quis numquam enim.','Quam cupiditate enim accusantium neque quae numquam corporis.',NULL,NULL,2,0,'Alias nam mollitia minus.','Dolor veniam voluptas vitae repudiandae omnis.','2016-08-15 01:10:42','2016-08-15 01:10:42'),(236,'Model','Volkman, Collier and Yost','Practical Steel Chair','808','Assumenda architecto quia rerum minus maiores eaque esse veniam.','Aperiam dignissimos non et laboriosam unde.',NULL,NULL,1,0,'Expedita ut error incidunt.','Ratione quod nesciunt officiis optio.','2016-08-15 01:10:42','2016-08-15 01:10:42'),(237,'Model','Abbott, Beier and Sauer','Ergonomic Steel Computer','809','Cum voluptatum sed molestiae sunt eaque ratione est.','In culpa impedit qui tenetur eaque reprehenderit.',NULL,NULL,2,0,'Excepturi minima sint veniam facilis magnam harum id.','Ipsam ut sunt nihil quo molestiae quaerat nihil.','2016-08-15 01:10:42','2016-08-15 01:10:42'),(238,'Model','Roberts-Reilly','Incredible Concrete Computer','810','Sit tempore nostrum molestiae.','Qui sequi tenetur vel.',NULL,NULL,0,0,'Facere qui odio error aut ut.','Autem assumenda consequatur aut.','2016-08-15 01:10:42','2016-08-15 01:10:42'),(239,'Model','Kub-Ebert','Practical Plastic Table','811','Et delectus quae aut laboriosam nesciunt.','Dolorem corrupti consectetur impedit.',NULL,NULL,0,0,'Suscipit odio praesentium autem voluptates inventore perferendis.','Deleniti molestias maiores architecto vel aperiam non quisquam.','2016-08-15 01:10:42','2016-08-15 01:10:42'),(240,'Model','O\'Connell-Koch','Fantastic Plastic Shirt','812','Provident qui eum ipsa alias voluptate est.','Nulla voluptatem consectetur et sunt provident laudantium sint.',NULL,NULL,1,0,'Et ut quisquam repellat non et.','Voluptate dolor delectus doloremque et omnis molestiae.','2016-08-15 01:10:42','2016-08-15 01:10:42'),(241,'Model','Runolfsdottir-Sipes','Rustic Rubber Gloves','813','Fuga officia enim magnam dolorem velit occaecati iure.','Accusantium at mollitia officia eum sit assumenda hic qui.',NULL,NULL,2,0,'Beatae qui illo est saepe quia assumenda dolorem.','Et quas perspiciatis sequi perferendis reiciendis.','2016-08-15 01:10:42','2016-08-15 01:10:42'),(242,'Model','Aufderhar, Hand and Cummerata','Practical Steel Gloves','814','Vero eos delectus alias odio aspernatur.','Quia et laborum non magni quasi voluptate.',NULL,NULL,2,0,'Eos dolorum sequi pariatur soluta.','Molestias sint aut nihil nemo similique sint.','2016-08-15 01:10:42','2016-08-15 01:10:42'),(243,'Model','Lemke, Hammes and Konopelski','Intelligent Rubber Shirt','815','Neque atque sed vitae laudantium nulla et vero dolorem.','Sit voluptatibus ducimus consequatur odio nihil enim ea debitis.',NULL,NULL,0,0,'Ullam incidunt quis facere doloribus ex.','Non rerum dolorum ducimus.','2016-08-15 01:10:42','2016-08-15 01:10:42'),(244,'Model','Hahn, Hahn and Rau','Small Plastic Shoes','816','Adipisci consequatur a rerum repellendus neque similique.','Porro quam amet atque ut voluptatem aliquid aut aut.',NULL,NULL,2,0,'Quia similique sed quis et vero.','Sed soluta ut libero voluptatum.','2016-08-15 01:10:42','2016-08-15 01:10:42'),(245,'Model','Konopelski-Ernser','Incredible Rubber Table','817','Esse tempora repudiandae reprehenderit dolorum qui eveniet ex repellat.','Occaecati eveniet quia dolorem dicta rem voluptatum qui.',NULL,NULL,0,0,'Molestiae temporibus aliquam debitis maiores.','Reiciendis vitae optio necessitatibus dolor in.','2016-08-15 01:10:42','2016-08-15 01:10:42'),(246,'Model','DuBuque LLC','Incredible Cotton Chair','818','Et porro voluptate provident ut maiores suscipit tempora.','Voluptates aspernatur assumenda porro eos aut quisquam sunt.',NULL,NULL,0,0,'Cum et blanditiis impedit ea cupiditate maiores a.','Dolor minima sed ipsam harum dolore.','2016-08-15 01:10:42','2016-08-15 01:10:42'),(247,'Model','Turner LLC','Sleek Granite Table','819','Nam explicabo nemo beatae inventore error magnam occaecati.','Unde optio et ex dolor dicta aut error a.',NULL,NULL,0,0,'Dolorem nesciunt error dicta.','Ipsam quod ut quidem officia fuga aliquid dolor.','2016-08-15 01:10:42','2016-08-15 01:10:42'),(248,'Model','Yost-Conroy','Gorgeous Plastic Pants','820','Delectus beatae sunt voluptatem assumenda hic voluptate nulla.','Reiciendis asperiores aperiam mollitia.',NULL,NULL,1,0,'Saepe harum laboriosam ducimus.','Accusantium veritatis magni voluptatem beatae tempora commodi.','2016-08-15 01:10:42','2016-08-15 01:10:42'),(249,'Model','Lubowitz-Schmidt','Practical Steel Pants','821','Aut sunt eum dolorum illo.','Voluptatem ut voluptate reprehenderit.',NULL,NULL,3,0,'Recusandae modi qui eos.','Officiis reiciendis corrupti animi optio omnis et eum earum.','2016-08-15 01:10:42','2016-08-15 01:10:42'),(250,'Model','Thiel and Sons','Gorgeous Concrete Pants','822','Doloremque qui libero molestiae.','Cumque dolor facilis minima est eos.',NULL,NULL,1,0,'Consequatur blanditiis natus consequatur rerum modi.','Excepturi provident ut molestias et dolore pariatur.','2016-08-15 01:10:42','2016-08-15 01:10:42'),(251,'Model','Hoeger-Jones','Small Cotton Car','823','Repellendus facere quis vitae ut laudantium ad nulla amet.','Soluta minus aliquam odio nihil ea.',NULL,NULL,0,0,'Laboriosam corporis optio repellat perferendis blanditiis error iusto tenetur.','Fuga ut illum enim praesentium eaque.','2016-08-15 01:10:42','2016-08-15 01:10:42'),(252,'Model','Krajcik-Hamill','Practical Plastic Gloves','824','Quis est vero recusandae iusto.','Enim nobis perspiciatis ut dolores similique saepe modi.',NULL,NULL,1,0,'Doloribus omnis itaque est.','Sed nobis repudiandae neque officia quidem aut hic.','2016-08-15 01:10:42','2016-08-15 01:10:42'),(253,'Model','Rolfson LLC','Ergonomic Cotton Computer','825','Neque enim quidem et molestiae.','Id accusamus voluptates quaerat et rerum.',NULL,NULL,2,0,'Rerum inventore et perspiciatis.','Rerum nihil unde fuga a placeat.','2016-08-15 01:10:42','2016-08-15 01:10:42'),(254,'Model','Ledner, Skiles and Morar','Sleek Plastic Shirt','826','Libero delectus est voluptatem eum dignissimos quia neque odio.','Eligendi non corporis rem et quos quas.',NULL,NULL,0,0,'Dolorem quibusdam rerum autem accusamus ipsum et.','Dolorum aut officia veniam ut sit non illum.','2016-08-15 01:10:42','2016-08-15 01:10:42'),(255,'Model','Shanahan, Keebler and Doyle','Fantastic Granite Hat','827','Voluptatibus perspiciatis in et quibusdam voluptatem velit eos laboriosam.','Facere quam vel asperiores mollitia aliquid ex rerum.',NULL,NULL,0,0,'Iure quas ducimus voluptatem saepe qui molestiae.','Quo eligendi quia molestiae.','2016-08-15 01:10:42','2016-08-15 01:10:42'),(256,'Model','Schamberger Group','Ergonomic Rubber Pants','828','Aut adipisci culpa perspiciatis reprehenderit.','Facere recusandae rerum aut ut.',NULL,NULL,1,0,'Et repellat itaque eaque corrupti eos nulla et nobis.','Dignissimos similique facere nihil est expedita dolorem non et.','2016-08-15 01:10:42','2016-08-15 01:10:42'),(257,'Model','Cronin-Nikolaus','Ergonomic Wooden Hat','829','Sunt totam minima nemo consequatur.','Perferendis dolor totam est perspiciatis ea placeat omnis.',NULL,NULL,3,0,'Placeat omnis sapiente incidunt unde nihil.','Mollitia ea illum dicta modi consequatur.','2016-08-15 01:10:42','2016-08-15 01:10:42'),(258,'Model','Harvey-Koelpin','Sleek Plastic Shoes','830','Mollitia non sit iure.','In nostrum aliquam animi.',NULL,NULL,1,0,'Voluptatem atque dolor in.','Voluptatem voluptas similique vel.','2016-08-15 01:10:42','2016-08-15 01:10:42'),(259,'Model','Dickens-Berge','Intelligent Cotton Chair','831','Animi fugiat enim voluptatum atque eveniet.','Repellendus natus a ullam dicta.',NULL,NULL,2,0,'Quo nisi impedit tenetur qui ut.','Eaque minus voluptatem atque.','2016-08-15 01:10:42','2016-08-15 01:10:42'),(260,'Model','Gulgowski, Fahey and Willms','Awesome Granite Car','832','Provident iusto quod ut veniam enim.','Quaerat dicta et sunt tempore temporibus.',NULL,NULL,0,0,'Cum aliquam nostrum veniam id repellat.','Ut sed id distinctio rerum.','2016-08-15 01:10:42','2016-08-15 01:10:42'),(261,'Model','Feil, Rolfson and Mills','Sleek Concrete Chair','833','Exercitationem consequatur dignissimos asperiores.','Ut dolorum aut fugit nisi esse.',NULL,NULL,1,0,'Amet in qui distinctio cum.','Quia veniam distinctio voluptas dolore deserunt ex delectus.','2016-08-15 01:10:42','2016-08-15 01:10:42'),(262,'Model','McKenzie, Paucek and Greenfelder','Incredible Granite Computer','834','Perspiciatis debitis modi dignissimos aliquam placeat exercitationem aut.','Mollitia excepturi omnis quia nulla eius qui aut.',NULL,NULL,3,0,'Consequuntur sed nesciunt qui et.','Ea rerum debitis doloribus.','2016-08-15 01:10:42','2016-08-15 01:10:42'),(263,'Model','Walter Inc','Practical Concrete Computer','835','Fugiat veniam sed rerum voluptas placeat et est.','Odit et nihil explicabo magnam magni eveniet adipisci.',NULL,NULL,3,0,'Eveniet quia dolorem vero accusamus.','Et sunt veniam et qui aut corporis.','2016-08-15 01:10:42','2016-08-15 01:10:42'),(264,'Model','Casper, Macejkovic and West','Fantastic Concrete Hat','836','Reprehenderit magni reiciendis vitae odit maiores.','Est maiores velit deserunt hic.',NULL,NULL,1,0,'Unde saepe molestiae voluptas hic exercitationem provident repellendus.','Perferendis nesciunt qui saepe totam et.','2016-08-15 01:10:42','2016-08-15 01:10:42'),(265,'Model','Lebsack-Littel','Ergonomic Plastic Hat','837','Laboriosam corporis unde molestias alias.','Quis et ipsum labore pariatur ut voluptate error recusandae.',NULL,NULL,1,0,'Corporis non dolor repellat beatae.','Optio laboriosam aut qui.','2016-08-15 01:10:42','2016-08-15 01:10:42'),(266,'Model','Lakin Group','Fantastic Steel Gloves','838','Laborum eum voluptas voluptatum commodi consequatur.','Exercitationem cum explicabo voluptatem sapiente in.',NULL,NULL,1,0,'Nam voluptas eos excepturi qui amet inventore dolore.','Maxime ut ex velit.','2016-08-15 01:10:42','2016-08-15 01:10:42'),(267,'Model','Koss-Lowe','Practical Plastic Computer','839','Qui at culpa incidunt accusamus.','Velit reprehenderit provident libero.',NULL,NULL,3,0,'Maiores beatae optio quae in sed facilis.','Esse in hic et quae qui cupiditate vel qui.','2016-08-15 01:10:42','2016-08-15 01:10:42'),(268,'Model','Eichmann, VonRueden and Balistreri','Incredible Steel Shirt','840','Veniam quia ab aut quia.','Quo et quia provident laborum.',NULL,NULL,2,0,'Voluptas excepturi aliquam quo repellat consequuntur similique blanditiis.','Beatae sit architecto iure voluptatem aperiam quae sit.','2016-08-15 01:10:42','2016-08-15 01:10:42'),(269,'Model','Abernathy and Sons','Awesome Steel Computer','841','Est tenetur qui est.','Modi eveniet ea officia similique hic non et.',NULL,NULL,3,0,'Sapiente rem veniam velit consectetur quia dolor.','Excepturi illum qui impedit est sunt et quasi.','2016-08-15 01:10:42','2016-08-15 01:10:42'),(270,'Model','Leannon-Jones','Ergonomic Cotton Table','842','Cumque accusamus aut aut iusto.','Ipsa ipsam quas atque in et voluptates.',NULL,NULL,0,0,'Voluptas cumque non quidem enim alias.','Sint recusandae qui laborum corporis ipsam quia facere non.','2016-08-15 01:10:42','2016-08-15 01:10:42'),(271,'Model','Eichmann Group','Fantastic Granite Pants','843','Quam repellat vel exercitationem est voluptatibus labore blanditiis quia.','Dolorem ea quibusdam aut quae ullam et dolore.',NULL,NULL,2,0,'Nobis dolore aliquid vel.','Fuga beatae voluptatem doloribus quisquam exercitationem ut.','2016-08-15 01:10:42','2016-08-15 01:10:42'),(272,'Model','Nienow, Lesch and O\'Conner','Incredible Rubber Pants','844','Qui qui ea est.','Ipsum nostrum qui provident natus enim magnam quo.',NULL,NULL,3,0,'Vel dicta facere nihil inventore magni adipisci aspernatur.','Quia aut quo beatae.','2016-08-15 01:10:42','2016-08-15 01:10:42'),(273,'Model','Schroeder Group','Gorgeous Plastic Car','845','Et neque saepe aliquid a molestiae est minima.','Sapiente fuga perspiciatis est dicta laborum.',NULL,NULL,0,0,'Doloremque cupiditate modi aut doloribus distinctio.','Hic vero dolorem temporibus.','2016-08-15 01:10:42','2016-08-15 01:10:42'),(274,'Model','Waelchi, Fritsch and Grimes','Ergonomic Steel Pants','846','Modi ut labore voluptatibus commodi doloribus est.','Sequi debitis optio quod corporis.',NULL,NULL,3,0,'Voluptate alias magnam qui perferendis est facere molestiae quidem.','Distinctio aut id aliquam ut.','2016-08-15 01:10:42','2016-08-15 01:10:42'),(275,'Model','Stracke, Bednar and Sporer','Awesome Rubber Computer','847','Autem id sint temporibus saepe culpa esse.','Enim voluptas dolor error voluptatibus aut quasi veniam.',NULL,NULL,3,0,'Neque harum eveniet distinctio aliquid voluptas perspiciatis a numquam.','Consequuntur et maxime corrupti voluptatem dolorem rerum eum.','2016-08-15 01:10:42','2016-08-15 01:10:42'),(276,'Model','McDermott-Romaguera','Rustic Rubber Table','848','Quia sed quaerat blanditiis dolores architecto vero.','Et optio possimus architecto excepturi tempora praesentium.',NULL,NULL,0,0,'Repudiandae est maxime odio voluptatibus et voluptatem.','Similique possimus ipsum qui rem nostrum.','2016-08-15 01:10:42','2016-08-15 01:10:42'),(277,'Model','Balistreri Group','Ergonomic Concrete Table','849','In repellat porro tempora eos molestias qui.','Dolor non neque quibusdam sint eligendi dignissimos dolorem.',NULL,NULL,1,0,'Delectus dolore vel sit.','Suscipit libero nostrum repellendus consequuntur beatae dolorem ut.','2016-08-15 01:10:42','2016-08-15 01:10:42'),(278,'Model','Casper and Sons','Awesome Cotton Shoes','850','Beatae autem non consequuntur explicabo iusto.','Quod nostrum consequatur enim.',NULL,NULL,3,0,'Tenetur aut temporibus sed enim excepturi.','Quo necessitatibus et possimus et autem non.','2016-08-15 01:10:42','2016-08-15 01:10:42'),(279,'Model','Kautzer-Kihn','Practical Granite Table','851','Quae quidem et possimus nihil qui saepe voluptate rerum.','Magnam asperiores sit quia laboriosam repellendus.',NULL,NULL,3,0,'Vel commodi illum magni exercitationem.','Dolores occaecati sed sequi voluptatum.','2016-08-15 01:10:42','2016-08-15 01:10:42'),(280,'Model','Gleichner, Douglas and Kreiger','Fantastic Steel Pants','852','Ad consequatur voluptatem aut odio dignissimos sed accusantium.','Voluptatum possimus culpa assumenda fugiat blanditiis perspiciatis dolorem sunt.',NULL,NULL,1,0,'Quis in voluptatem est magni sint voluptate officiis maiores.','Aliquam inventore minima consequuntur neque qui error.','2016-08-15 01:10:42','2016-08-15 01:10:42'),(281,'Model','Jacobi-Buckridge','Incredible Wooden Table','853','Quam sint velit nobis qui alias ut nisi.','Voluptas eos omnis quam.',NULL,NULL,1,0,'Ut soluta assumenda cumque.','Totam illum corrupti magnam dolores illo fugit.','2016-08-15 01:10:42','2016-08-15 01:10:42'),(282,'Model','Dach-Blanda','Rustic Concrete Car','854','Et recusandae quod nihil.','A eius rem quo iure nemo.',NULL,NULL,2,0,'Nobis sunt unde provident quia dolores.','Doloribus veritatis id aut et.','2016-08-15 01:10:42','2016-08-15 01:10:42'),(283,'Model','Haag, Bahringer and Weissnat','Fantastic Cotton Shoes','855','Vel consequatur aliquam corporis velit.','Repudiandae neque autem dolorem ut illo iure.',NULL,NULL,0,0,'Delectus perferendis soluta deserunt ipsa non tenetur quas culpa.','Blanditiis eum voluptatem quia dolore.','2016-08-15 01:10:42','2016-08-15 01:10:42'),(284,'Model','Kovacek Group','Fantastic Rubber Hat','856','Tempora dolor corporis assumenda voluptas.','Voluptatem praesentium eius voluptatum ut fuga et itaque.',NULL,NULL,1,0,'Deserunt est dignissimos quia molestiae fugiat earum.','Eos hic rerum non laborum mollitia consectetur.','2016-08-15 01:10:42','2016-08-15 01:10:42'),(285,'Model','Medhurst-McKenzie','Intelligent Rubber Computer','857','Et voluptate voluptatem recusandae provident ex consequuntur adipisci.','Facere ipsum quam ea voluptates autem.',NULL,NULL,0,0,'Voluptatem fugiat culpa minus qui tempore odit distinctio corrupti.','Unde distinctio qui eligendi magni.','2016-08-15 01:10:42','2016-08-15 01:10:42'),(286,'Model','Zieme Group','Rustic Wooden Chair','858','Est vitae aut dolorem perferendis voluptatem.','Illum quo numquam porro ea quis.',NULL,NULL,0,0,'Error quasi quos beatae qui autem in aut.','Est error dolor blanditiis.','2016-08-15 01:10:42','2016-08-15 01:10:42'),(287,'Model','Gottlieb, Champlin and Marquardt','Awesome Granite Shirt','859','Nihil consequatur et vel.','Sed earum et eligendi in.',NULL,NULL,3,0,'Ipsam eius quia repellendus quasi et voluptas ut.','Natus in fugit sapiente unde dolores aspernatur est vel.','2016-08-15 01:10:42','2016-08-15 01:10:42'),(288,'Model','Beier-Gutkowski','Small Steel Hat','860','Quibusdam est ratione consequatur non dolorum illo esse.','Aspernatur velit sint cumque.',NULL,NULL,0,0,'Labore tenetur fugit ut veritatis aperiam corporis tempora.','Commodi in occaecati nemo sunt quis.','2016-08-15 01:10:42','2016-08-15 01:10:42'),(289,'Model','Barrows, Nienow and Willms','Fantastic Plastic Shoes','861','Similique ea voluptas est voluptatem placeat et.','Earum vel ea fuga ad odio.',NULL,NULL,2,0,'Animi sequi ut non aut nulla.','Qui vitae recusandae enim voluptatum sit laboriosam molestiae aut.','2016-08-15 01:10:42','2016-08-15 01:10:42'),(290,'Model','Kautzer-McLaughlin','Ergonomic Rubber Table','862','Omnis et sapiente ipsum officiis.','Ut voluptatum itaque dolorem dolorum impedit.',NULL,NULL,3,0,'Quia sapiente dolores facilis iure rem perspiciatis aut soluta.','Sint illum voluptas ut.','2016-08-15 01:10:42','2016-08-15 01:10:42'),(291,'Model','Mayer, Ullrich and Lowe','Fantastic Concrete Pants','863','Sapiente odio voluptate corporis voluptates veniam facilis iure.','Dolore assumenda est delectus voluptatem et explicabo.',NULL,NULL,0,0,'Ducimus quo facilis tempore sit aut ex.','Et quos aut est beatae cupiditate rerum enim.','2016-08-15 01:10:42','2016-08-15 01:10:42'),(292,'Model','Ondricka-D\'Amore','Rustic Steel Car','864','Quod a excepturi et ut quaerat sint.','Quod qui nulla est error quibusdam.',NULL,NULL,3,0,'Dolores eveniet aut aperiam voluptas quasi adipisci quae cum.','Occaecati facilis molestias eveniet doloribus enim facere modi eius.','2016-08-15 01:10:42','2016-08-15 01:10:42'),(293,'Model','Jakubowski-Davis','Gorgeous Plastic Hat','865','Molestias a non esse praesentium.','Numquam sit officia ut reprehenderit debitis et ad.',NULL,NULL,0,0,'Nostrum illum corrupti unde delectus est.','Ratione eligendi alias repellendus assumenda aut dolores.','2016-08-15 01:10:42','2016-08-15 01:10:42'),(294,'Model','Littel LLC','Ergonomic Wooden Chair','866','Illum dolore hic repellat consectetur voluptas.','Voluptate tempora sed aspernatur est consectetur et.',NULL,NULL,2,0,'Natus aperiam aut hic tenetur fugiat.','Hic et in aut quam.','2016-08-15 01:10:42','2016-08-15 01:10:42');
/*!40000 ALTER TABLE `models` ENABLE KEYS */;
UNLOCK TABLES;

--
-- Table structure for table `models_compatibles`
--

DROP TABLE IF EXISTS `models_compatibles`;
/*!40101 SET @saved_cs_client     = @@character_set_client */;
/*!40101 SET character_set_client = utf8 */;
CREATE TABLE `models_compatibles` (
  `model_id` int(11) DEFAULT NULL,
  `compatible_id` int(11) DEFAULT NULL,
  KEY `index_models_compatibles_on_compatible_id` (`compatible_id`),
  KEY `index_models_compatibles_on_model_id` (`model_id`)
) ENGINE=InnoDB DEFAULT CHARSET=utf8 COLLATE=utf8_unicode_ci;
/*!40101 SET character_set_client = @saved_cs_client */;

--
-- Dumping data for table `models_compatibles`
--

LOCK TABLES `models_compatibles` WRITE;
/*!40000 ALTER TABLE `models_compatibles` DISABLE KEYS */;
INSERT INTO `models_compatibles` VALUES (136,135),(137,135),(138,135);
/*!40000 ALTER TABLE `models_compatibles` ENABLE KEYS */;
UNLOCK TABLES;

--
-- Table structure for table `notifications`
--

DROP TABLE IF EXISTS `notifications`;
/*!40101 SET @saved_cs_client     = @@character_set_client */;
/*!40101 SET character_set_client = utf8 */;
CREATE TABLE `notifications` (
  `id` int(11) NOT NULL AUTO_INCREMENT,
  `user_id` int(11) DEFAULT NULL,
  `title` varchar(255) COLLATE utf8_unicode_ci DEFAULT '',
  `created_at` datetime NOT NULL,
  PRIMARY KEY (`id`),
  KEY `index_notifications_on_user_id` (`user_id`)
) ENGINE=InnoDB DEFAULT CHARSET=utf8 COLLATE=utf8_unicode_ci;
/*!40101 SET character_set_client = @saved_cs_client */;

--
-- Dumping data for table `notifications`
--

LOCK TABLES `notifications` WRITE;
/*!40000 ALTER TABLE `notifications` DISABLE KEYS */;
/*!40000 ALTER TABLE `notifications` ENABLE KEYS */;
UNLOCK TABLES;

--
-- Table structure for table `numerators`
--

DROP TABLE IF EXISTS `numerators`;
/*!40101 SET @saved_cs_client     = @@character_set_client */;
/*!40101 SET character_set_client = utf8 */;
CREATE TABLE `numerators` (
  `id` int(11) NOT NULL AUTO_INCREMENT,
  `item` int(11) DEFAULT NULL,
  PRIMARY KEY (`id`)
) ENGINE=InnoDB DEFAULT CHARSET=utf8 COLLATE=utf8_unicode_ci;
/*!40101 SET character_set_client = @saved_cs_client */;

--
-- Dumping data for table `numerators`
--

LOCK TABLES `numerators` WRITE;
/*!40000 ALTER TABLE `numerators` DISABLE KEYS */;
/*!40000 ALTER TABLE `numerators` ENABLE KEYS */;
UNLOCK TABLES;

--
-- Table structure for table `options`
--

DROP TABLE IF EXISTS `options`;
/*!40101 SET @saved_cs_client     = @@character_set_client */;
/*!40101 SET character_set_client = utf8 */;
CREATE TABLE `options` (
  `id` int(11) NOT NULL AUTO_INCREMENT,
  `inventory_pool_id` int(11) DEFAULT NULL,
  `inventory_code` varchar(255) COLLATE utf8_unicode_ci DEFAULT NULL,
  `manufacturer` varchar(255) COLLATE utf8_unicode_ci DEFAULT NULL,
  `product` varchar(255) COLLATE utf8_unicode_ci NOT NULL,
  `version` varchar(255) COLLATE utf8_unicode_ci DEFAULT NULL,
  `price` decimal(8,2) DEFAULT NULL,
  PRIMARY KEY (`id`),
  KEY `index_options_on_inventory_pool_id` (`inventory_pool_id`)
) ENGINE=InnoDB AUTO_INCREMENT=7 DEFAULT CHARSET=utf8 COLLATE=utf8_unicode_ci;
/*!40101 SET character_set_client = @saved_cs_client */;

--
-- Dumping data for table `options`
--

LOCK TABLES `options` WRITE;
/*!40000 ALTER TABLE `options` DISABLE KEYS */;
INSERT INTO `options` VALUES (1,1,'akku-aa',NULL,'Akku AA','677','215.00'),(2,1,'akku-aaa',NULL,'Akku AAA','678','846.00'),(3,1,'usb',NULL,'USB Kabel','679','75.00'),(4,1,'odi6940',NULL,'Awesome Plastic Gloves','775','1239.00'),(5,1,'ets4548',NULL,'Practical Cotton Chair','777','837.00'),(6,2,'utq6863',NULL,'Fantastic Granite Computer','783','460.00');
/*!40000 ALTER TABLE `options` ENABLE KEYS */;
UNLOCK TABLES;

--
-- Table structure for table `partitions`
--

DROP TABLE IF EXISTS `partitions`;
/*!40101 SET @saved_cs_client     = @@character_set_client */;
/*!40101 SET character_set_client = utf8 */;
CREATE TABLE `partitions` (
  `id` int(11) NOT NULL AUTO_INCREMENT,
  `model_id` int(11) DEFAULT NULL,
  `inventory_pool_id` int(11) DEFAULT NULL,
  `group_id` int(11) DEFAULT NULL,
  `quantity` int(11) DEFAULT NULL,
  PRIMARY KEY (`id`),
  UNIQUE KEY `index_partitions_on_model_id_and_inventory_pool_id_and_group_id` (`model_id`,`inventory_pool_id`,`group_id`)
) ENGINE=InnoDB AUTO_INCREMENT=12 DEFAULT CHARSET=utf8 COLLATE=utf8_unicode_ci;
/*!40101 SET character_set_client = @saved_cs_client */;

--
-- Dumping data for table `partitions`
--

LOCK TABLES `partitions` WRITE;
/*!40000 ALTER TABLE `partitions` DISABLE KEYS */;
INSERT INTO `partitions` VALUES (1,103,1,4,1),(2,137,1,5,1),(3,138,1,6,5),(4,136,1,1,1),(5,72,1,1,1),(6,72,1,2,1),(7,155,1,7,1),(8,163,1,7,1),(9,172,1,7,1),(10,183,1,8,1),(11,190,1,7,1);
/*!40000 ALTER TABLE `partitions` ENABLE KEYS */;
UNLOCK TABLES;

--
-- Temporary table structure for view `partitions_with_generals`
--

DROP TABLE IF EXISTS `partitions_with_generals`;
/*!50001 DROP VIEW IF EXISTS `partitions_with_generals`*/;
SET @saved_cs_client     = @@character_set_client;
SET character_set_client = utf8;
/*!50001 CREATE TABLE `partitions_with_generals` (
  `model_id` int(11),
  `inventory_pool_id` int(11),
  `group_id` int(11),
  `quantity` decimal(33,0)
) ENGINE=MyISAM */;
SET character_set_client = @saved_cs_client;

--
-- Table structure for table `properties`
--

DROP TABLE IF EXISTS `properties`;
/*!40101 SET @saved_cs_client     = @@character_set_client */;
/*!40101 SET character_set_client = utf8 */;
CREATE TABLE `properties` (
  `id` int(11) NOT NULL AUTO_INCREMENT,
  `model_id` int(11) DEFAULT NULL,
  `key` varchar(255) COLLATE utf8_unicode_ci DEFAULT NULL,
  `value` varchar(255) COLLATE utf8_unicode_ci DEFAULT NULL,
  PRIMARY KEY (`id`),
  KEY `index_properties_on_model_id` (`model_id`)
) ENGINE=InnoDB AUTO_INCREMENT=13 DEFAULT CHARSET=utf8 COLLATE=utf8_unicode_ci;
/*!40101 SET character_set_client = @saved_cs_client */;

--
-- Dumping data for table `properties`
--

LOCK TABLES `properties` WRITE;
/*!40000 ALTER TABLE `properties` DISABLE KEYS */;
INSERT INTO `properties` VALUES (1,136,'Rotorduchmesser','120'),(2,136,'Akkus','2'),(3,136,'Farbe','Rot'),(4,137,'Rotorduchmesser','120'),(5,137,'Akkus','2'),(6,137,'Farbe','Rot'),(7,137,'max. Speed','80 kmh'),(8,137,'Gyro','Ja'),(9,137,'Achsen','3-Achsen'),(10,138,'Rotorduchmesser','120'),(11,138,'Akkus','2'),(12,138,'Farbe','Rot');
/*!40000 ALTER TABLE `properties` ENABLE KEYS */;
UNLOCK TABLES;

--
-- Table structure for table `purposes`
--

DROP TABLE IF EXISTS `purposes`;
/*!40101 SET @saved_cs_client     = @@character_set_client */;
/*!40101 SET character_set_client = utf8 */;
CREATE TABLE `purposes` (
  `id` int(11) NOT NULL AUTO_INCREMENT,
  `description` text COLLATE utf8_unicode_ci,
  PRIMARY KEY (`id`)
) ENGINE=InnoDB AUTO_INCREMENT=43 DEFAULT CHARSET=utf8 COLLATE=utf8_unicode_ci;
/*!40101 SET character_set_client = @saved_cs_client */;

--
-- Dumping data for table `purposes`
--

LOCK TABLES `purposes` WRITE;
/*!40000 ALTER TABLE `purposes` DISABLE KEYS */;
INSERT INTO `purposes` VALUES (1,'---\n- Tempore perspiciatis quaerat amet.\n- Necessitatibus aut totam dolorem est omnis sed tempora.\n'),(2,'---\n- Delectus asperiores nulla molestiae.\n- Iste molestiae sed autem nihil non dicta ut.\n'),(3,'Ersatzstativ fr die Ausstellung.'),(4,'Ersatzstativ fr die Ausstellung.'),(5,'Ersatzstativ fr die Ausstellung.'),(6,'Ersatzstativ fr die Ausstellung.'),(7,'Ersatzstativ fr die Ausstellung.'),(8,'Ersatzstativ fr die Ausstellung.'),(9,'Ersatzstativ fr die Ausstellung.'),(10,'Ersatzstativ fr die Ausstellung.'),(11,'Ersatzstativ fr die Ausstellung.'),(12,'Ersatzstativ fr die Ausstellung.'),(13,'Ersatzstativ fr die Ausstellung.'),(14,'Ersatzstativ fr die Ausstellung.'),(15,'Iusto ipsum debitis sunt quidem commodi odio molestiae.'),(16,'Qui ab porro qui magnam.'),(17,'Eum sunt consequatur adipisci quis illum magni.'),(18,'Voluptas possimus qui explicabo perferendis fugiat animi.'),(19,'Placeat veniam laboriosam alias minus molestias temporibus.'),(20,'Dolorem error qui expedita aspernatur.'),(21,'Bentige ich fr die Aufnahmen meiner Abschlussarbeit.'),(22,'Odio nisi quasi magnam molestiae culpa molestias.'),(23,'Voluptatem labore sint dignissimos numquam delectus.'),(24,'Enim natus dolorum pariatur.'),(25,'Consequatur laborum numquam vero.'),(26,'Ersatzstativ fr die Ausstellung.'),(27,'Fr das zweite Austellungswochenende.'),(28,'Fr das dritte Austellungswochenende.'),(29,'Fr die Abschlussarbeit.'),(30,'Ersatzstativ fr die Ausstellung.'),(31,'Um meine Abschlussarbeit zu fotografieren.'),(32,'Veritatis ipsum quia harum vel totam excepturi aut.'),(33,'Um meine Abschlussarbeit zu fotografieren.'),(34,'Um meine Abschlussarbeit zu fotografieren.'),(35,'Paketausgabe'),(36,'Fr meinen aktuellen Kurs.'),(37,'Ersatzstativ fr die Ausstellung.'),(38,'Um meine Abschlussarbeit zu fotografieren.'),(39,'Fotoshooting (Kurs Fotografie).'),(40,'Brauche ich zwingend fr meinen Kurs.'),(41,'Ganz dringend bentigt fr meine Abschlussarbeit.'),(42,'Als Ersatz.');
/*!40000 ALTER TABLE `purposes` ENABLE KEYS */;
UNLOCK TABLES;

--
-- Table structure for table `schema_migrations`
--

DROP TABLE IF EXISTS `schema_migrations`;
/*!40101 SET @saved_cs_client     = @@character_set_client */;
/*!40101 SET character_set_client = utf8 */;
CREATE TABLE `schema_migrations` (
  `version` varchar(255) COLLATE utf8_unicode_ci NOT NULL,
  UNIQUE KEY `unique_schema_migrations` (`version`)
) ENGINE=InnoDB DEFAULT CHARSET=utf8 COLLATE=utf8_unicode_ci;
/*!40101 SET character_set_client = @saved_cs_client */;

--
-- Dumping data for table `schema_migrations`
--

LOCK TABLES `schema_migrations` WRITE;
/*!40000 ALTER TABLE `schema_migrations` DISABLE KEYS */;
INSERT INTO `schema_migrations` VALUES ('20140410180000'),('20140414100000'),('20140415083535'),('20140417113831'),('20140428092844'),('20140515131025');
/*!40000 ALTER TABLE `schema_migrations` ENABLE KEYS */;
UNLOCK TABLES;

--
-- Table structure for table `settings`
--

DROP TABLE IF EXISTS `settings`;
/*!40101 SET @saved_cs_client     = @@character_set_client */;
/*!40101 SET character_set_client = utf8 */;
CREATE TABLE `settings` (
  `id` int(11) NOT NULL AUTO_INCREMENT,
  `smtp_address` varchar(255) COLLATE utf8_unicode_ci DEFAULT NULL,
  `smtp_port` int(11) DEFAULT NULL,
  `smtp_domain` varchar(255) COLLATE utf8_unicode_ci DEFAULT NULL,
  `local_currency_string` varchar(255) COLLATE utf8_unicode_ci DEFAULT NULL,
  `contract_terms` text COLLATE utf8_unicode_ci,
  `contract_lending_party_string` text COLLATE utf8_unicode_ci,
  `email_signature` varchar(255) COLLATE utf8_unicode_ci DEFAULT NULL,
  `default_email` varchar(255) COLLATE utf8_unicode_ci DEFAULT NULL,
  `deliver_order_notifications` tinyint(1) DEFAULT NULL,
  `user_image_url` varchar(255) COLLATE utf8_unicode_ci DEFAULT NULL,
  `ldap_config` varchar(255) COLLATE utf8_unicode_ci DEFAULT NULL,
  `logo_url` varchar(255) COLLATE utf8_unicode_ci DEFAULT NULL,
  `mail_delivery_method` varchar(255) COLLATE utf8_unicode_ci DEFAULT NULL,
  `smtp_username` varchar(255) COLLATE utf8_unicode_ci DEFAULT NULL,
  `smtp_password` varchar(255) COLLATE utf8_unicode_ci DEFAULT NULL,
  `smtp_enable_starttls_auto` tinyint(1) NOT NULL DEFAULT '0',
  `smtp_openssl_verify_mode` varchar(255) COLLATE utf8_unicode_ci NOT NULL DEFAULT 'none',
  `time_zone` varchar(255) COLLATE utf8_unicode_ci NOT NULL DEFAULT 'Bern',
  `disable_manage_section` tinyint(1) NOT NULL DEFAULT '0',
  `disable_manage_section_message` text COLLATE utf8_unicode_ci,
  `disable_borrow_section` tinyint(1) NOT NULL DEFAULT '0',
  `disable_borrow_section_message` text COLLATE utf8_unicode_ci,
  `text` text COLLATE utf8_unicode_ci,
  PRIMARY KEY (`id`)
) ENGINE=InnoDB AUTO_INCREMENT=2 DEFAULT CHARSET=utf8 COLLATE=utf8_unicode_ci;
/*!40101 SET character_set_client = @saved_cs_client */;

--
-- Dumping data for table `settings`
--

LOCK TABLES `settings` WRITE;
/*!40000 ALTER TABLE `settings` DISABLE KEYS */;
INSERT INTO `settings` VALUES (1,'smtp.zhdk.ch',25,'beta.ausleihe.zhdk.ch','CHF','Die Benutzerin/der Benutzer ist bei unsachgemsser Handhabung oder Verlust schadenersatzpflichtig. Sie/Er verpflichtet sich, das Material sorgfltig zu behandeln und gereinigt zu retournieren. Bei mangelbehafteter oder verspteter Rckgabe kann eine Ausleihsperre (bis zu 6 Monaten) verhngt werden. Das geliehene Material bleibt jederzeit uneingeschrnktes Eigentum der Zrcher Hochschule der Knste und darf ausschliesslich fr schulische Zwecke eingesetzt werden. Mit ihrer/seiner Unterschrift akzeptiert die Benutzerin/der Benutzer diese Bedingungen sowie die \'Richtlinie zur Ausleihe von Sachen\' der ZHdK und etwaige abteilungsspezifische Ausleih-Richtlinien.','Your\nAddress\nHere','Das PZ-leihs Team','sender@example.com',0,'http://www.zhdk.ch/?person/foto&width=100&compressionlevel=0&id={:id}',NULL,'/assets/image-logo-zhdk.png','test',NULL,NULL,0,'none','Bern',0,'',0,'',NULL);
/*!40000 ALTER TABLE `settings` ENABLE KEYS */;
UNLOCK TABLES;

--
-- Table structure for table `suppliers`
--

DROP TABLE IF EXISTS `suppliers`;
/*!40101 SET @saved_cs_client     = @@character_set_client */;
/*!40101 SET character_set_client = utf8 */;
CREATE TABLE `suppliers` (
  `id` int(11) NOT NULL AUTO_INCREMENT,
  `name` varchar(255) COLLATE utf8_unicode_ci DEFAULT NULL,
  `created_at` datetime DEFAULT NULL,
  `updated_at` datetime DEFAULT NULL,
  PRIMARY KEY (`id`)
) ENGINE=InnoDB AUTO_INCREMENT=264 DEFAULT CHARSET=utf8 COLLATE=utf8_unicode_ci;
/*!40101 SET character_set_client = @saved_cs_client */;

--
-- Dumping data for table `suppliers`
--

LOCK TABLES `suppliers` WRITE;
/*!40000 ALTER TABLE `suppliers` DISABLE KEYS */;
INSERT INTO `suppliers` VALUES (1,'rerumrecusandaevoluptas','2016-08-15 01:10:42','2016-08-15 01:10:42'),(2,'autnecessitatibusconsequatur','2016-08-15 01:10:42','2016-08-15 01:10:42'),(3,'facilisomnisvoluptatibus','2016-08-15 01:10:42','2016-08-15 01:10:42'),(4,'magniquaeratsit','2016-08-15 01:10:42','2016-08-15 01:10:42'),(5,'repellendusmolestiaeomnis','2016-08-15 01:10:42','2016-08-15 01:10:42'),(6,'ullamrerumsunt','2016-08-15 01:10:42','2016-08-15 01:10:42'),(7,'dolorrecusandaeullam','2016-08-15 01:10:42','2016-08-15 01:10:42'),(8,'quoatqueaccusamus','2016-08-15 01:10:42','2016-08-15 01:10:42'),(9,'remvoluptatibusomnis','2016-08-15 01:10:42','2016-08-15 01:10:42'),(10,'minusutharum','2016-08-15 01:10:42','2016-08-15 01:10:42'),(11,'utatquis','2016-08-15 01:10:42','2016-08-15 01:10:42'),(12,'eosconsequaturest','2016-08-15 01:10:42','2016-08-15 01:10:42'),(13,'etdoloresquia','2016-08-15 01:10:42','2016-08-15 01:10:42'),(14,'evenietmollitiaiste','2016-08-15 01:10:42','2016-08-15 01:10:42'),(15,'suscipitettemporibus','2016-08-15 01:10:42','2016-08-15 01:10:42'),(16,'autsolutanulla','2016-08-15 01:10:42','2016-08-15 01:10:42'),(17,'idveniamnulla','2016-08-15 01:10:42','2016-08-15 01:10:42'),(18,'voluptatumomnisquam','2016-08-15 01:10:42','2016-08-15 01:10:42'),(19,'aspernaturtemporaea','2016-08-15 01:10:42','2016-08-15 01:10:42'),(20,'accusantiumametasperiores','2016-08-15 01:10:42','2016-08-15 01:10:42'),(21,'providentquaeratdoloremque','2016-08-15 01:10:42','2016-08-15 01:10:42'),(22,'asperioresquidemenim','2016-08-15 01:10:42','2016-08-15 01:10:42'),(23,'maioresadvelit','2016-08-15 01:10:42','2016-08-15 01:10:42'),(24,'repudiandaeassumendanatus','2016-08-15 01:10:42','2016-08-15 01:10:42'),(25,'etquoeveniet','2016-08-15 01:10:42','2016-08-15 01:10:42'),(26,'aperiampariaturquia','2016-08-15 01:10:42','2016-08-15 01:10:42'),(27,'essedelenitiquia','2016-08-15 01:10:42','2016-08-15 01:10:42'),(28,'quasiculpaexplicabo','2016-08-15 01:10:42','2016-08-15 01:10:42'),(29,'velitvoluptatumaut','2016-08-15 01:10:42','2016-08-15 01:10:42'),(30,'liberoeumnemo','2016-08-15 01:10:42','2016-08-15 01:10:42'),(31,'rationeanimifacere','2016-08-15 01:10:42','2016-08-15 01:10:42'),(32,'officianisiest','2016-08-15 01:10:42','2016-08-15 01:10:42'),(33,'nontotamitaque','2016-08-15 01:10:42','2016-08-15 01:10:42'),(34,'nametcorrupti','2016-08-15 01:10:42','2016-08-15 01:10:42'),(35,'temporavoluptatemmaxime','2016-08-15 01:10:42','2016-08-15 01:10:42'),(36,'voluptatescumquesit','2016-08-15 01:10:42','2016-08-15 01:10:42'),(37,'sitdeseruntiste','2016-08-15 01:10:42','2016-08-15 01:10:42'),(38,'possimusnamlabore','2016-08-15 01:10:42','2016-08-15 01:10:42'),(39,'providentetquis','2016-08-15 01:10:42','2016-08-15 01:10:42'),(40,'quinullavoluptatibus','2016-08-15 01:10:42','2016-08-15 01:10:42'),(41,'animiteneturesse','2016-08-15 01:10:42','2016-08-15 01:10:42'),(42,'doloremdoloribusest','2016-08-15 01:10:42','2016-08-15 01:10:42'),(43,'repudiandaeutet','2016-08-15 01:10:42','2016-08-15 01:10:42'),(44,'nostrumplaceatqui','2016-08-15 01:10:42','2016-08-15 01:10:42'),(45,'ipsaharumcorporis','2016-08-15 01:10:42','2016-08-15 01:10:42'),(46,'officiissaepequod','2016-08-15 01:10:42','2016-08-15 01:10:42'),(47,'voluptatemsintdicta','2016-08-15 01:10:42','2016-08-15 01:10:42'),(48,'culpaquisquamfuga','2016-08-15 01:10:42','2016-08-15 01:10:42'),(49,'eaeiusid','2016-08-15 01:10:42','2016-08-15 01:10:42'),(50,'veritatisrepudiandaeest','2016-08-15 01:10:42','2016-08-15 01:10:42'),(51,'asperioresautaperiam','2016-08-15 01:10:42','2016-08-15 01:10:42'),(52,'aliquampossimusvero','2016-08-15 01:10:42','2016-08-15 01:10:42'),(53,'sapienteerrormagnam','2016-08-15 01:10:42','2016-08-15 01:10:42'),(54,'veltemporaiusto','2016-08-15 01:10:42','2016-08-15 01:10:42'),(55,'velitsapientequi','2016-08-15 01:10:42','2016-08-15 01:10:42'),(56,'quidemutvero','2016-08-15 01:10:42','2016-08-15 01:10:42'),(57,'doloremquequiaperferendis','2016-08-15 01:10:42','2016-08-15 01:10:42'),(58,'laudantiumprovidentipsa','2016-08-15 01:10:42','2016-08-15 01:10:42'),(59,'cupiditateomnisquisquam','2016-08-15 01:10:42','2016-08-15 01:10:42'),(60,'velsaepeexpedita','2016-08-15 01:10:42','2016-08-15 01:10:42'),(61,'sedsuntveniam','2016-08-15 01:10:42','2016-08-15 01:10:42'),(62,'dolorinquia','2016-08-15 01:10:42','2016-08-15 01:10:42'),(63,'doloreligendiipsa','2016-08-15 01:10:42','2016-08-15 01:10:42'),(64,'quaeratetitaque','2016-08-15 01:10:42','2016-08-15 01:10:42'),(65,'inetcorporis','2016-08-15 01:10:42','2016-08-15 01:10:42'),(66,'praesentiumdolorenatus','2016-08-15 01:10:42','2016-08-15 01:10:42'),(67,'perspiciatissedanimi','2016-08-15 01:10:42','2016-08-15 01:10:42'),(68,'inventoreetminus','2016-08-15 01:10:42','2016-08-15 01:10:42'),(69,'officiaexrerum','2016-08-15 01:10:42','2016-08-15 01:10:42'),(70,'adullamsuscipit','2016-08-15 01:10:42','2016-08-15 01:10:42'),(71,'asperioresquosed','2016-08-15 01:10:42','2016-08-15 01:10:42'),(72,'nonvoluptatemdebitis','2016-08-15 01:10:42','2016-08-15 01:10:42'),(73,'sintaliquidmolestiae','2016-08-15 01:10:42','2016-08-15 01:10:42'),(74,'idsitimpedit','2016-08-15 01:10:42','2016-08-15 01:10:42'),(75,'doloremeavelit','2016-08-15 01:10:42','2016-08-15 01:10:42'),(76,'totamquiset','2016-08-15 01:10:42','2016-08-15 01:10:42'),(77,'ipsamillumest','2016-08-15 01:10:42','2016-08-15 01:10:42'),(78,'adaperiamimpedit','2016-08-15 01:10:42','2016-08-15 01:10:42'),(79,'earumetperferendis','2016-08-15 01:10:42','2016-08-15 01:10:42'),(80,'voluptatibusevenietut','2016-08-15 01:10:42','2016-08-15 01:10:42'),(81,'facereconsecteturquos','2016-08-15 01:10:42','2016-08-15 01:10:42'),(82,'atqueculpafacilis','2016-08-15 01:10:42','2016-08-15 01:10:42'),(83,'doloribusexplicaboet','2016-08-15 01:10:42','2016-08-15 01:10:42'),(84,'veleaquequi','2016-08-15 01:10:42','2016-08-15 01:10:42'),(85,'modiutalias','2016-08-15 01:10:42','2016-08-15 01:10:42'),(86,'totamoditdolorum','2016-08-15 01:10:42','2016-08-15 01:10:42'),(87,'laudantiumearumnisi','2016-08-15 01:10:42','2016-08-15 01:10:42'),(88,'minimasuntsint','2016-08-15 01:10:42','2016-08-15 01:10:42'),(89,'voluptatumsuntaut','2016-08-15 01:10:42','2016-08-15 01:10:42'),(90,'etquivel','2016-08-15 01:10:42','2016-08-15 01:10:42'),(91,'iurenobisa','2016-08-15 01:10:42','2016-08-15 01:10:42'),(92,'itaqueexdebitis','2016-08-15 01:10:42','2016-08-15 01:10:42'),(93,'perferendisautemexpedita','2016-08-15 01:10:42','2016-08-15 01:10:42'),(94,'utdelenitiaut','2016-08-15 01:10:42','2016-08-15 01:10:42'),(95,'aliquamfaciliset','2016-08-15 01:10:42','2016-08-15 01:10:42'),(96,'iustovoluptasab','2016-08-15 01:10:42','2016-08-15 01:10:42'),(97,'omnisofficiisvel','2016-08-15 01:10:42','2016-08-15 01:10:42'),(98,'cumesttenetur','2016-08-15 01:10:42','2016-08-15 01:10:42'),(99,'consequaturofficiaarchitecto','2016-08-15 01:10:42','2016-08-15 01:10:42'),(100,'assumendadolorsed','2016-08-15 01:10:42','2016-08-15 01:10:42'),(101,'veniametatque','2016-08-15 01:10:42','2016-08-15 01:10:42'),(102,'cumatqueaut','2016-08-15 01:10:42','2016-08-15 01:10:42'),(103,'recusandaefugaaut','2016-08-15 01:10:42','2016-08-15 01:10:42'),(104,'quomolestiaeut','2016-08-15 01:10:42','2016-08-15 01:10:42'),(105,'molestiasquibusdamratione','2016-08-15 01:10:42','2016-08-15 01:10:42'),(106,'quasialiquidlaboriosam','2016-08-15 01:10:42','2016-08-15 01:10:42'),(107,'autemdignissimosreiciendis','2016-08-15 01:10:42','2016-08-15 01:10:42'),(108,'evenietvoluptatemcumque','2016-08-15 01:10:42','2016-08-15 01:10:42'),(109,'cumnihildolore','2016-08-15 01:10:42','2016-08-15 01:10:42'),(110,'namcumvoluptas','2016-08-15 01:10:42','2016-08-15 01:10:42'),(111,'porroliberonulla','2016-08-15 01:10:42','2016-08-15 01:10:42'),(112,'rationeeumdeleniti','2016-08-15 01:10:42','2016-08-15 01:10:42'),(113,'voluptatumullamet','2016-08-15 01:10:42','2016-08-15 01:10:42'),(114,'aperiamnatusreiciendis','2016-08-15 01:10:42','2016-08-15 01:10:42'),(115,'nesciuntvoluptassint','2016-08-15 01:10:42','2016-08-15 01:10:42'),(116,'eterrorlabore','2016-08-15 01:10:42','2016-08-15 01:10:42'),(117,'temporeeligendiipsum','2016-08-15 01:10:42','2016-08-15 01:10:42'),(118,'autdeseruntest','2016-08-15 01:10:42','2016-08-15 01:10:42'),(119,'rationequiaut','2016-08-15 01:10:42','2016-08-15 01:10:42'),(120,'nullaiurereprehenderit','2016-08-15 01:10:42','2016-08-15 01:10:42'),(121,'quibusdamcommodicorrupti','2016-08-15 01:10:42','2016-08-15 01:10:42'),(122,'rerumsintmodi','2016-08-15 01:10:42','2016-08-15 01:10:42'),(123,'eumullamdistinctio','2016-08-15 01:10:42','2016-08-15 01:10:42'),(124,'nonconsequaturdolore','2016-08-15 01:10:42','2016-08-15 01:10:42'),(125,'harumenimipsum','2016-08-15 01:10:42','2016-08-15 01:10:42'),(126,'rerumvoluptatesvel','2016-08-15 01:10:42','2016-08-15 01:10:42'),(127,'quifugitdeleniti','2016-08-15 01:10:42','2016-08-15 01:10:42'),(128,'earumeossoluta','2016-08-15 01:10:42','2016-08-15 01:10:42'),(129,'sapienteprovidentlabore','2016-08-15 01:10:42','2016-08-15 01:10:42'),(130,'utnullavero','2016-08-15 01:10:42','2016-08-15 01:10:42'),(131,'cumquenecessitatibusperferendis','2016-08-15 01:10:42','2016-08-15 01:10:42'),(132,'quivoluptatumvoluptas','2016-08-15 01:10:42','2016-08-15 01:10:42'),(133,'facereaaliquid','2016-08-15 01:10:42','2016-08-15 01:10:42'),(134,'adquaeeligendi','2016-08-15 01:10:42','2016-08-15 01:10:42'),(135,'inautemcupiditate','2016-08-15 01:10:42','2016-08-15 01:10:42'),(136,'impeditundequidem','2016-08-15 01:10:42','2016-08-15 01:10:42'),(137,'rerumsequiut','2016-08-15 01:10:42','2016-08-15 01:10:42'),(138,'solutaidincidunt','2016-08-15 01:10:42','2016-08-15 01:10:42'),(139,'eteumtemporibus','2016-08-15 01:10:42','2016-08-15 01:10:42'),(140,'uteumdoloribus','2016-08-15 01:10:42','2016-08-15 01:10:42'),(141,'earumrerumin','2016-08-15 01:10:42','2016-08-15 01:10:42'),(142,'perspiciatisomnismolestiae','2016-08-11 02:27:14','2016-08-11 02:27:14'),(143,'veniamofficiisexcepturi','2016-08-11 02:27:14','2016-08-11 02:27:14'),(144,'autvoluptasquod','2016-08-11 02:27:14','2016-08-11 02:27:14'),(145,'voluptatemadolorem','2016-08-11 02:27:14','2016-08-11 02:27:14'),(146,'minimamagnamvitae','2016-08-11 02:27:14','2016-08-11 02:27:14'),(147,'sitrepellendustenetur','2016-08-11 02:27:14','2016-08-11 02:27:14'),(148,'laborumnequead','2016-08-11 02:27:14','2016-08-11 02:27:14'),(149,'doloribussuntperspiciatis','2016-08-11 02:27:14','2016-08-11 02:27:14'),(150,'utdoloret','2016-08-11 02:27:14','2016-08-11 02:27:14'),(151,'magnamvelvoluptatum','2016-08-11 02:27:14','2016-08-11 02:27:14'),(152,'inerrorveniam','2016-08-11 02:27:14','2016-08-11 02:27:14'),(153,'teneturetvoluptas','2016-08-11 02:27:14','2016-08-11 02:27:14'),(154,'nisivoluptatumsint','2016-08-11 02:27:14','2016-08-11 02:27:14'),(155,'idquideleniti','2016-08-11 02:27:14','2016-08-11 02:27:14'),(156,'natusomnisfuga','2016-08-11 02:27:14','2016-08-11 02:27:14'),(157,'fugiatundepariatur','2016-08-11 02:27:15','2016-08-11 02:27:15'),(158,'aliassedet','2016-08-11 02:27:15','2016-08-11 02:27:15'),(159,'ipsamperspiciatisnisi','2016-08-11 02:27:15','2016-08-11 02:27:15'),(160,'culpaeaet','2016-08-11 02:27:15','2016-08-11 02:27:15'),(161,'atemporibusdoloribus','2016-08-11 02:27:15','2016-08-11 02:27:15'),(162,'corporismolestiasaut','2016-08-11 02:27:15','2016-08-11 02:27:15'),(163,'placeatquisoptio','2016-08-11 02:27:15','2016-08-11 02:27:15'),(164,'laboriosamtemporibusaut','2016-08-11 02:27:15','2016-08-11 02:27:15'),(165,'dictanecessitatibuseaque','2016-08-14 10:20:36','2016-08-14 10:20:36'),(166,'voluptatevelitet','2016-08-14 10:20:36','2016-08-14 10:20:36'),(167,'excepturiautvoluptates','2016-08-14 10:20:36','2016-08-14 10:20:36'),(168,'ipsainventoreplaceat','2016-08-14 04:10:24','2016-08-14 04:10:24'),(169,'eumvelitearum','2016-08-14 04:10:24','2016-08-14 04:10:24'),(170,'esseconsequunturarchitecto','2016-08-14 04:10:24','2016-08-14 04:10:24'),(171,'essenobisqui','2016-08-14 04:10:24','2016-08-14 04:10:24'),(172,'fugitsiteum','2016-08-14 04:10:24','2016-08-14 04:10:24'),(173,'estisteet','2016-08-14 04:10:24','2016-08-14 04:10:24'),(174,'ducimuserrorculpa','2016-08-14 04:10:24','2016-08-14 04:10:24'),(175,'doloribusexcepturiofficia','2016-08-15 01:10:42','2016-08-15 01:10:42'),(176,'iurenobisaliquid','2016-08-15 01:10:42','2016-08-15 01:10:42'),(177,'dignissimoseumfugiat','2016-08-15 01:10:42','2016-08-15 01:10:42'),(178,'consequaturrerumeius','2016-08-15 01:10:42','2016-08-15 01:10:42'),(179,'recusandaeestculpa','2016-08-15 01:10:42','2016-08-15 01:10:42'),(180,'remconsecteturvoluptates','2016-08-15 01:10:42','2016-08-15 01:10:42'),(181,'aliquamhicfugit','2016-08-15 01:10:42','2016-08-15 01:10:42'),(182,'temporaquirepellendus','2016-08-15 01:10:42','2016-08-15 01:10:42'),(183,'hicquaeratalias','2016-08-15 01:10:42','2016-08-15 01:10:42'),(184,'utmolestiaenesciunt','2016-08-15 01:10:42','2016-08-15 01:10:42'),(185,'perspiciatisetvelit','2016-08-15 01:10:42','2016-08-15 01:10:42'),(186,'commodieosconsequatur','2016-08-15 01:10:42','2016-08-15 01:10:42'),(187,'etsintaut','2016-08-15 01:10:42','2016-08-15 01:10:42'),(188,'temporibusutet','2016-08-15 01:10:42','2016-08-15 01:10:42'),(189,'modirationealiquid','2016-08-15 01:10:42','2016-08-15 01:10:42'),(190,'sedcumest','2016-08-15 01:10:42','2016-08-15 01:10:42'),(191,'ipsanamipsum','2016-08-15 01:10:42','2016-08-15 01:10:42'),(192,'temporarepellendusbeatae','2016-08-15 01:10:42','2016-08-15 01:10:42'),(193,'corporisconsequaturqui','2016-08-15 01:10:42','2016-08-15 01:10:42'),(194,'architectoearumvoluptas','2016-08-10 00:00:00','2016-08-10 00:00:00'),(195,'providentsolutaest','2016-08-10 00:00:00','2016-08-10 00:00:00'),(196,'modidignissimosquis','2016-08-10 00:00:00','2016-08-10 00:00:00'),(197,'temporaestmolestiae','2016-08-15 01:10:42','2016-08-15 01:10:42'),(198,'delectuspraesentiumdolore','2016-08-15 01:10:42','2016-08-15 01:10:42'),(199,'utearumqui','2016-08-15 01:10:42','2016-08-15 01:10:42'),(200,'sequisintearum','2016-08-15 01:10:42','2016-08-15 01:10:42'),(201,'rerumperspiciatisvitae','2016-08-15 01:10:42','2016-08-15 01:10:42'),(202,'sedetaut','2016-08-15 01:10:42','2016-08-15 01:10:42'),(203,'inassumendaet','2016-08-15 01:10:42','2016-08-15 01:10:42'),(204,'iuredignissimosaspernatur','2016-08-15 01:10:42','2016-08-15 01:10:42'),(205,'etvoluptatibussimilique','2016-08-15 01:10:42','2016-08-15 01:10:42'),(206,'aspernaturquasiut','2016-08-15 01:10:42','2016-08-15 01:10:42'),(207,'etminimaconsequatur','2016-08-15 01:10:42','2016-08-15 01:10:42'),(208,'quasinostrumesse','2016-08-15 01:10:42','2016-08-15 01:10:42'),(209,'rerumistenon','2016-08-15 01:10:42','2016-08-15 01:10:42'),(210,'estnequerepellat','2016-08-15 01:10:42','2016-08-15 01:10:42'),(211,'quivoluptasomnis','2016-08-15 01:10:42','2016-08-15 01:10:42'),(212,'dolordignissimosipsa','2016-08-10 00:00:00','2016-08-10 00:00:00'),(213,'repudiandaesedvoluptates','2016-08-10 00:00:00','2016-08-10 00:00:00'),(214,'illomagnidicta','2016-08-10 00:00:00','2016-08-10 00:00:00'),(215,'omnismolestiaeipsa','2016-08-15 01:10:42','2016-08-15 01:10:42'),(216,'voluptatemutdolorem','2016-08-15 01:10:42','2016-08-15 01:10:42'),(217,'utnihilaspernatur','2016-08-15 01:10:42','2016-08-15 01:10:42'),(218,'inatautem','2016-08-15 01:10:42','2016-08-15 01:10:42'),(219,'laboriosamdolorumsed','2016-08-15 01:10:42','2016-08-15 01:10:42'),(220,'ipsametlaudantium','2016-08-15 01:10:42','2016-08-15 01:10:42'),(221,'iureculpaeum','2016-08-15 01:10:42','2016-08-15 01:10:42'),(222,'ametatillo','2016-08-15 01:10:42','2016-08-15 01:10:42'),(223,'quasidoloribusid','2016-08-15 01:10:42','2016-08-15 01:10:42'),(224,'cupiditatearchitectoqui','2016-08-15 01:10:42','2016-08-15 01:10:42'),(225,'eiuscupiditateex','2016-08-15 01:10:42','2016-08-15 01:10:42'),(226,'sedmaioreset','2016-08-15 01:10:42','2016-08-15 01:10:42'),(227,'adillonon','2016-08-15 01:10:42','2016-08-15 01:10:42'),(228,'aspernaturtotaminventore','2016-08-15 01:10:42','2016-08-15 01:10:42'),(229,'eoseligendiet','2016-08-15 01:10:42','2016-08-15 01:10:42'),(230,'corruptiquiainventore','2016-08-15 01:10:42','2016-08-15 01:10:42'),(231,'estcupiditatevoluptatem','2016-08-15 01:10:42','2016-08-15 01:10:42'),(232,'remdolorumrepudiandae','2016-08-15 01:10:42','2016-08-15 01:10:42'),(233,'impeditnobisullam','2016-08-15 01:10:42','2016-08-15 01:10:42'),(234,'temporautsit','2016-08-15 01:10:42','2016-08-15 01:10:42'),(235,'modievenietpariatur','2016-08-15 01:10:42','2016-08-15 01:10:42'),(236,'suscipitmodiqui','2016-08-15 01:10:42','2016-08-15 01:10:42'),(237,'distinctioearumodit','2016-08-15 01:10:42','2016-08-15 01:10:42'),(238,'quosnonvoluptatem','2016-08-15 01:10:42','2016-08-15 01:10:42'),(239,'harumquiet','2016-08-15 01:10:42','2016-08-15 01:10:42'),(240,'laudantiumetvoluptas','2016-08-15 01:10:42','2016-08-15 01:10:42'),(241,'magniquiautem','2016-08-15 01:10:42','2016-08-15 01:10:42'),(242,'nullaetrerum','2016-08-15 01:10:42','2016-08-15 01:10:42'),(243,'noncupiditateerror','2016-08-15 01:10:42','2016-08-15 01:10:42'),(244,'doloresrecusandaeeos','2016-08-15 01:10:42','2016-08-15 01:10:42'),(245,'idlaborumomnis','2016-08-15 01:10:42','2016-08-15 01:10:42'),(246,'quosolutaet','2016-08-15 01:10:42','2016-08-15 01:10:42'),(247,'voluptatemfacilisab','2016-08-15 01:10:42','2016-08-15 01:10:42'),(248,'estperspiciatisrerum','2016-08-15 01:10:42','2016-08-15 01:10:42'),(249,'omnisnequeid','2016-08-15 01:10:42','2016-08-15 01:10:42'),(250,'quisoccaecatialias','2016-08-15 01:10:42','2016-08-15 01:10:42'),(251,'exnullaoccaecati','2016-08-15 01:10:42','2016-08-15 01:10:42'),(252,'etsitofficia','2016-08-15 01:10:42','2016-08-15 01:10:42'),(253,'quisquamrepellendusquia','2016-08-15 01:10:42','2016-08-15 01:10:42'),(254,'inventorererumullam','2016-08-15 01:10:42','2016-08-15 01:10:42'),(255,'cumtotamperferendis','2016-08-15 01:10:42','2016-08-15 01:10:42'),(256,'quisquamconsequaturcommodi','2016-08-15 01:10:42','2016-08-15 01:10:42'),(257,'providenttemporeeius','2016-08-15 01:10:42','2016-08-15 01:10:42'),(258,'doloribusvoluptasquae','2016-08-15 01:10:42','2016-08-15 01:10:42'),(259,'aperiamatotam','2016-08-15 01:10:42','2016-08-15 01:10:42'),(260,'namvoluptatemnecessitatibus','2016-08-15 01:10:42','2016-08-15 01:10:42'),(261,'voluptatemsitnostrum','2016-08-15 01:10:42','2016-08-15 01:10:42'),(262,'itaqueistesaepe','2016-08-15 01:10:42','2016-08-15 01:10:42'),(263,'necessitatibusoccaecatideserunt','2016-08-15 01:10:42','2016-08-15 01:10:42');
/*!40000 ALTER TABLE `suppliers` ENABLE KEYS */;
UNLOCK TABLES;

--
-- Table structure for table `users`
--

DROP TABLE IF EXISTS `users`;
/*!40101 SET @saved_cs_client     = @@character_set_client */;
/*!40101 SET character_set_client = utf8 */;
CREATE TABLE `users` (
  `id` int(11) NOT NULL AUTO_INCREMENT,
  `login` varchar(255) COLLATE utf8_unicode_ci DEFAULT NULL,
  `firstname` varchar(255) COLLATE utf8_unicode_ci DEFAULT NULL,
  `lastname` varchar(255) COLLATE utf8_unicode_ci DEFAULT NULL,
  `phone` varchar(255) COLLATE utf8_unicode_ci DEFAULT NULL,
  `authentication_system_id` int(11) DEFAULT '1',
  `unique_id` varchar(255) COLLATE utf8_unicode_ci DEFAULT NULL,
  `email` varchar(255) COLLATE utf8_unicode_ci DEFAULT NULL,
  `badge_id` varchar(255) COLLATE utf8_unicode_ci DEFAULT NULL,
  `address` varchar(255) COLLATE utf8_unicode_ci DEFAULT NULL,
  `city` varchar(255) COLLATE utf8_unicode_ci DEFAULT NULL,
  `zip` varchar(255) COLLATE utf8_unicode_ci DEFAULT NULL,
  `country` varchar(255) COLLATE utf8_unicode_ci DEFAULT NULL,
  `language_id` int(11) DEFAULT NULL,
  `extended_info` text COLLATE utf8_unicode_ci,
  `settings` varchar(1024) COLLATE utf8_unicode_ci DEFAULT NULL,
  `created_at` datetime DEFAULT NULL,
  `updated_at` datetime DEFAULT NULL,
  `delegator_user_id` int(11) DEFAULT NULL,
  PRIMARY KEY (`id`),
  KEY `index_users_on_authentication_system_id` (`authentication_system_id`)
) ENGINE=InnoDB AUTO_INCREMENT=35 DEFAULT CHARSET=utf8 COLLATE=utf8_unicode_ci;
/*!40101 SET character_set_client = @saved_cs_client */;

--
-- Dumping data for table `users`
--

LOCK TABLES `users` WRITE;
/*!40000 ALTER TABLE `users` DISABLE KEYS */;
INSERT INTO `users` VALUES (1,'ramon','Ramon','C.','01819764163',1,'dhlr6f7ixt8az86u2q','ramon@zhdk.ch','n0rqwt7jlmvk1qka2g','11089 Verlie Mill','East Julietville','J-YN9 9AJ','Jordan',2,NULL,'--- !ruby/hash:ActiveSupport::HashWithIndifferentAccess {}\n','2016-08-15 01:10:42','2016-08-15 01:10:42',NULL),(2,'gielle_8613','Veronica','Batz','05646374101',1,'g7q9aqjkm80f32g0hr','tracy@stoltenberg.biz','hv9bjpd840tatd43uf','53332 Daphne Knoll','Avaborough','C-W2Y 7BO','Congo',1,NULL,'--- !ruby/hash:ActiveSupport::HashWithIndifferentAccess {}\n','2016-08-15 01:10:42','2016-08-15 01:10:42',NULL),(3,'cordie_1651','Morton','Anderson','08008384433',1,'m8kwqsw13dvxea2af1','dana.rau@cartwright.co.uk','byloho7td6jmoiz2yj','9351 Jalon Mountains','Doylefort','U-Y0 0GT','Uzbekistan',1,NULL,'--- !ruby/hash:ActiveSupport::HashWithIndifferentAccess {}\n','2016-08-15 01:10:42','2016-08-15 01:10:42',NULL),(4,'julia.krajcik_3831','Dock','Casper','03398379289',1,'yjg49mmne1hgfqya7x','mellie.glover@lehner.co.uk','97gs9lxazpc5sylzy0','769 Runolfsson Squares','East Rose','A-ZW1 8EL','Argentina',1,NULL,'--- !ruby/hash:ActiveSupport::HashWithIndifferentAccess {}\n','2016-08-15 01:10:42','2016-08-15 01:10:42',NULL),(5,'abigayle_8816','Laney','Bahringer','05669305379',1,'zzpl9hicb3ef01l5gj','abagail@king.name','2uq7dnyf45o2apf95w','764 Ward Parkways','Casperport','S-W7A 2NJ','Swaziland',1,NULL,'--- !ruby/hash:ActiveSupport::HashWithIndifferentAccess {}\n','2016-08-15 01:10:42','2016-08-15 01:10:42',NULL),(6,'gianni.miller_4242','Carmella','Gottlieb','01811453915',1,'ptituq9nqm8fd8zrgf','christina.torp@rippincarroll.name','mr2n6h4nxj4r1oenuh','7160 Torphy Vista','East Bianka','N-S3W 0DZ','Nauru',1,NULL,'--- !ruby/hash:ActiveSupport::HashWithIndifferentAccess {}\n','2016-08-15 01:10:42','2016-08-15 01:10:42',NULL),(7,'lilliana_kling_4684','Creola','Corwin','0169774651',1,'8avowo87zr9sr9wai8','magdalena@heller.info','w3b90khzq10a6cdu3b','54357 Osinski Ways','Lake Kaelyn','A-TB1 1BA','American Samoa',1,NULL,'--- !ruby/hash:ActiveSupport::HashWithIndifferentAccess {}\n','2016-08-15 01:10:42','2016-08-15 01:10:42',NULL),(8,'matti','Matti','S.','0156231483',1,'mw0xcd4rxddddf48jr','matti@zhdk.ch','sy6pyrgn2iuihg2o7r','94951 Bins Groves','North Eribertoberg','J-Y8 0GB','Jamaica',2,NULL,'--- !ruby/hash:ActiveSupport::HashWithIndifferentAccess {}\n','2016-08-15 01:10:42','2016-08-15 01:10:42',NULL),(9,'mike','Mike','H.','0184493738',1,'26f86ujtqnq0jpqzxg','mike@zhdk.ch','n5sydgyifimqep9y2q','26516 Dorothy Court','Morissetteview','W-ZS3Y 1NJ','Western Sahara',2,NULL,'--- !ruby/hash:ActiveSupport::HashWithIndifferentAccess {}\n','2016-08-15 01:10:42','2016-08-15 01:10:42',NULL),(10,'andi','Andi','Schuppe','09971179712',1,'gontgzjtj8wxpcsecy','andi@zhdk.ch','2677jas5nskcb02scl','885 Rowe Parks','Littelfort','E-RC8 6WL','El Salvador',2,NULL,'--- !ruby/hash:ActiveSupport::HashWithIndifferentAccess {}\n','2016-08-15 01:10:42','2016-08-15 01:10:42',NULL),(11,'angeline_2701','Lorna','Conroy','02230665747',1,'j4o6yc69hi098eqp6y','ima.baumbach@framidonnelly.info','y81cxbkdhmtbj08dn2','72662 Xzavier Loaf','Boyerview','P-S8 7OB','Palau',2,NULL,'--- !ruby/hash:ActiveSupport::HashWithIndifferentAccess {}\n','2016-08-15 01:10:42','2016-08-15 01:10:42',NULL),(12,'thalia_5068','Hailey','Hackett','09797830459',1,'26zagbpvgjpvz4qqfs','raegan@hettingermills.name','rnqipho1pl66uwzroo','266 Adele Land','South Dianna','C-WQ5B 3XU','Cote d\'Ivoire',1,NULL,'--- !ruby/hash:ActiveSupport::HashWithIndifferentAccess {}\n','2016-08-15 01:10:42','2016-08-15 01:10:42',NULL),(13,'marisol_5372','Callie','Prohaska','05550819326',1,'sfvm76h28glj91jqj9','katheryn_rodriguez@kutch.name','lfz39t0p814ss6ovnn','726 Herta Coves','Scotmouth','M-W6W 7AL','Micronesia',1,NULL,'--- !ruby/hash:ActiveSupport::HashWithIndifferentAccess {}\n','2016-08-15 01:10:42','2016-08-15 01:10:42',NULL),(14,'shayne.prohaska_1968','Wilhelmine','Rippin','08006847433',1,'efqryp6b8xol6smu1x','karina@reinger.co.uk','b3ajplokcjy6iiguwp','55832 Rolfson Rue','Lake Fletcher','E-EN7 2WB','Egypt',1,NULL,'--- !ruby/hash:ActiveSupport::HashWithIndifferentAccess {}\n','2016-08-15 01:10:42','2016-08-15 01:10:42',NULL),(15,'burley_2507','Khalid','Rosenbaum','01132062173',1,'ooa1zlw0vyymsz3dpl','dewitt@conn.name','kvsdjigfb1wzdcfpg9','2876 Medhurst Motorway','North Desmondside','L-YB2 5WL','Libyan Arab Jamahiriya',1,NULL,'--- !ruby/hash:ActiveSupport::HashWithIndifferentAccess {}\n','2016-08-15 01:10:42','2016-08-15 01:10:42',NULL),(16,'haylie_2478','Jayne','Gulgowski','05618028702',1,'bzade3682o1mmy1hjh','raheem_jacobi@rau.name','rptrv76zu4jf5zjl7s','4223 Wilfrid Land','Ericshire','I-Y3 2AP','Indonesia',1,NULL,'--- !ruby/hash:ActiveSupport::HashWithIndifferentAccess {}\n','2016-08-15 01:10:42','2016-08-15 01:10:42',NULL),(17,'gino','Gino','F.','08005573466',1,'038ewd3kskfym926gl','gino@zhdk.ch','79m6m4cee2k94sslys','9316 Ignatius Fords','Ondrickaburgh','P-WL2A 9UL','Pakistan',2,NULL,'--- !ruby/hash:ActiveSupport::HashWithIndifferentAccess {}\n','2016-08-15 01:10:42','2016-08-15 01:10:42',NULL),(18,'pius','Pius','Quitzon','03212268787',1,'ucxwy2qa9goxeni705','pius@zhdk.ch','6c3q1mtsfigt0gvjt7','52657 Bode Throughway','New Rogers','S-WO8 3BL','Saint Kitts and Nevis',2,NULL,'--- !ruby/hash:ActiveSupport::HashWithIndifferentAccess {}\n','2016-08-15 01:10:42','2016-08-15 01:10:42',NULL),(19,'peter','Peter','Silie','01892470117',1,'dvmemwmo3doe1iqbyn','peter@silie.com','ejdqjnuarm4ip164e2','344 Georgiana Unions','East Nellemouth','M-Z02 0XZ','Mali',2,NULL,'--- !ruby/hash:ActiveSupport::HashWithIndifferentAccess {}\n','2016-08-15 01:10:42','2016-08-15 01:10:42',NULL),(20,'bryce_thompson_7166','Miles','Bernhard','08001897424',1,'hfeig6bcash2bkvwgd','ro_dicki@funk.name','aau6ixzvk8b7w33p7o','493 Kaylee Highway','North Aileen','S-TW44 2BA','Sri Lanka',1,NULL,'--- !ruby/hash:ActiveSupport::HashWithIndifferentAccess {}\n','2016-08-15 01:10:42','2016-08-15 01:10:42',NULL),(21,'ervin_turcotte_9344','Moriah','Schuppe','0164530413',1,'y4byhca8u1btfqehk6','noemi.cremin@marquardtdurgan.info','epkwkkedtlweq4cw5h','724 Klein Circle','Brisabury','C-WX8 0GF','Czech Republic',1,NULL,'--- !ruby/hash:ActiveSupport::HashWithIndifferentAccess {}\n','2016-08-15 01:10:42','2016-08-15 01:10:42',NULL),(22,'dino_reichel_1235','Margarette','Cole','05616081959',1,'gcr3zew0v7sdrmn7vq','oren@reingerbeier.biz','3xqbj1bh2tq11f3r5c','58897 Vivian Viaduct','Ursulachester','U-AG1 1FN','Uruguay',1,NULL,'--- !ruby/hash:ActiveSupport::HashWithIndifferentAccess {}\n','2016-08-15 01:10:42','2016-08-15 01:10:42',NULL),(23,'pinkie_695','Makenzie','Waelchi','08481374817',1,'nr013cm9p8n2a1wa6n','douglas.roberts@bernhard.co.uk','lj5i6ftb5l8n313rmi','2695 Ebert Plain','West Tateton','C-DD8V 1BB','Colombia',1,NULL,'--- !ruby/hash:ActiveSupport::HashWithIndifferentAccess {}\n','2016-08-15 01:10:42','2016-08-15 01:10:42',NULL),(24,'minnie_9440','Nyasia','Ledner','0169777409',1,'q3x6h5cz8q3irpegi2','sheridan@mitchellokuneva.info','1ij82yc1qlic3x5s09','181 Walter Garden','Beerton','G-M6 0JW','Guernsey',1,NULL,'--- !ruby/hash:ActiveSupport::HashWithIndifferentAccess {}\n','2016-08-10 00:00:00','2016-08-10 00:00:00',NULL),(25,'mariam_8781','Lavinia','Koelpin','05696484796',1,'zgd6wpx6depagd88r8','hilbert_gislason@mckenzie.biz','ist6k3k4i3qxv3mvo2','7291 Myrl Vista','Swiftland','T-E6 0BW','Trinidad and Tobago',1,NULL,'--- !ruby/hash:ActiveSupport::HashWithIndifferentAccess {}\n','2016-08-10 00:00:00','2016-08-10 00:00:00',NULL),(26,'mina','Mina','Hintz','0169775395',1,'e91k68mtrn2flmgwp6','mina@zhdk.ch','kd986qzquh6a5o1dk6','9394 Mayer Station','Mertzhaven','A-ZU2 5ZJ','Antigua and Barbuda',1,NULL,'--- !ruby/hash:ActiveSupport::HashWithIndifferentAccess {}\n','2016-08-15 01:10:42','2016-08-15 01:10:42',NULL),(27,'julie','Julie','Eichmann','01237201025',1,'8pixn866xvaiyqeea0','julie@zhdk.ch','wsfrms0pzw2ht2yzkf','1793 Darryl Skyway','Heathcotefort','B-SC6A 7JB','Brunei Darussalam',1,NULL,'--- !ruby/hash:ActiveSupport::HashWithIndifferentAccess {}\n','2016-08-15 01:10:42','2016-08-15 01:10:42',NULL),(28,NULL,'Quia et neque sunt.',NULL,NULL,NULL,NULL,NULL,NULL,NULL,NULL,NULL,NULL,1,NULL,'--- !ruby/hash:ActiveSupport::HashWithIndifferentAccess {}\n','2016-08-15 01:10:42','2016-08-15 01:10:42',27),(29,NULL,'Harum temporibus incidunt numquam culpa.',NULL,NULL,NULL,NULL,NULL,NULL,NULL,NULL,NULL,NULL,1,NULL,'--- !ruby/hash:ActiveSupport::HashWithIndifferentAccess {}\n','2016-08-15 01:10:42','2016-08-15 01:10:42',26),(30,NULL,'Quod non perferendis minus doloremque.',NULL,NULL,NULL,NULL,NULL,NULL,NULL,NULL,NULL,NULL,1,NULL,'--- !ruby/hash:ActiveSupport::HashWithIndifferentAccess {}\n','2016-08-15 01:10:42','2016-08-15 01:10:42',26),(31,NULL,'Veritatis itaque consequuntur sed.',NULL,NULL,NULL,NULL,NULL,NULL,NULL,NULL,NULL,NULL,1,NULL,'--- !ruby/hash:ActiveSupport::HashWithIndifferentAccess {}\n','2016-08-15 01:10:42','2016-08-15 01:10:42',26),(32,'normin','Normin','N.','01610892850',1,'37caty65ayp27ud6of','normin@zhdk.ch','t79m5qmmnho1xwjtp1','46898 Brionna Mountains','East Jaynemouth','S-Z8W 7XB','Slovenia',2,NULL,'--- !ruby/hash:ActiveSupport::HashWithIndifferentAccess {}\n','2016-08-15 01:10:42','2016-08-15 01:10:42',NULL),(33,'petra','Petra','K.','0169779060',1,'kadoed4exwk4iw3hw5','petra@zhdk.ch','7r4ihalgbtiqpuhnr6','499 Huel Forges, ','Lizaland','I-SY2 2AH','Indonesia',2,NULL,'--- !ruby/hash:ActiveSupport::HashWithIndifferentAccess {}\n','2016-08-15 01:10:42','2016-08-15 01:10:42',NULL),(34,'lisa','Lisa','L.','0169774896',1,'v7cu1d5qhvwmkw7mar','lisa@zhdk.ch','ml3uqetrno8a47ure3','9450 Feest Way','Charleschester','B-G4M 4JY','Bhutan',2,NULL,'--- !ruby/hash:ActiveSupport::HashWithIndifferentAccess {}\n','2016-08-15 01:10:42','2016-08-15 01:10:42',NULL);
/*!40000 ALTER TABLE `users` ENABLE KEYS */;
UNLOCK TABLES;

--
-- Temporary table structure for view `visit_lines`
--

DROP TABLE IF EXISTS `visit_lines`;
/*!50001 DROP VIEW IF EXISTS `visit_lines`*/;
SET @saved_cs_client     = @@character_set_client;
SET character_set_client = utf8;
/*!50001 CREATE TABLE `visit_lines` (
  `visit_id` varchar(86),
  `inventory_pool_id` int(11),
  `user_id` int(11),
  `delegated_user_id` int(11),
  `status` enum('unsubmitted','submitted','rejected','approved','signed','closed'),
  `action` varchar(9),
  `date` date,
  `quantity` int(11),
  `contract_line_id` int(11)
) ENGINE=MyISAM */;
SET character_set_client = @saved_cs_client;

--
-- Temporary table structure for view `visits`
--

DROP TABLE IF EXISTS `visits`;
/*!50001 DROP VIEW IF EXISTS `visits`*/;
SET @saved_cs_client     = @@character_set_client;
SET character_set_client = utf8;
/*!50001 CREATE TABLE `visits` (
  `id` varchar(86),
  `inventory_pool_id` int(11),
  `user_id` int(11),
  `status` enum('unsubmitted','submitted','rejected','approved','signed','closed'),
  `action` varchar(9),
  `date` date,
  `quantity` decimal(32,0)
) ENGINE=MyISAM */;
SET character_set_client = @saved_cs_client;

--
-- Table structure for table `workdays`
--

DROP TABLE IF EXISTS `workdays`;
/*!40101 SET @saved_cs_client     = @@character_set_client */;
/*!40101 SET character_set_client = utf8 */;
CREATE TABLE `workdays` (
  `id` int(11) NOT NULL AUTO_INCREMENT,
  `inventory_pool_id` int(11) DEFAULT NULL,
  `monday` tinyint(1) DEFAULT '1',
  `tuesday` tinyint(1) DEFAULT '1',
  `wednesday` tinyint(1) DEFAULT '1',
  `thursday` tinyint(1) DEFAULT '1',
  `friday` tinyint(1) DEFAULT '1',
  `saturday` tinyint(1) DEFAULT '0',
  `sunday` tinyint(1) DEFAULT '0',
  PRIMARY KEY (`id`),
  KEY `index_workdays_on_inventory_pool_id` (`inventory_pool_id`)
) ENGINE=InnoDB AUTO_INCREMENT=13 DEFAULT CHARSET=utf8 COLLATE=utf8_unicode_ci;
/*!40101 SET character_set_client = @saved_cs_client */;

--
-- Dumping data for table `workdays`
--

LOCK TABLES `workdays` WRITE;
/*!40000 ALTER TABLE `workdays` DISABLE KEYS */;
INSERT INTO `workdays` VALUES (1,1,1,1,1,1,1,0,0),(2,2,1,1,1,1,1,0,0),(3,3,1,1,1,1,1,0,0),(4,4,1,1,1,1,1,0,0),(5,5,1,1,1,1,1,0,0),(6,6,1,1,1,1,1,0,0),(7,7,1,1,1,1,1,0,0),(8,8,1,1,1,1,1,0,0),(9,9,1,1,1,1,1,0,0),(10,10,1,1,1,1,1,0,0),(11,11,1,1,1,1,1,0,0),(12,12,1,1,1,1,1,0,0);
/*!40000 ALTER TABLE `workdays` ENABLE KEYS */;
UNLOCK TABLES;

--
-- Final view structure for view `partitions_with_generals`
--

/*!50001 DROP TABLE IF EXISTS `partitions_with_generals`*/;
/*!50001 DROP VIEW IF EXISTS `partitions_with_generals`*/;
/*!50001 SET @saved_cs_client          = @@character_set_client */;
/*!50001 SET @saved_cs_results         = @@character_set_results */;
/*!50001 SET @saved_col_connection     = @@collation_connection */;
/*!50001 SET character_set_client      = utf8 */;
/*!50001 SET character_set_results     = utf8 */;
/*!50001 SET collation_connection      = utf8_general_ci */;
/*!50001 CREATE ALGORITHM=UNDEFINED */
/*!50001 VIEW `partitions_with_generals` AS select `partitions`.`model_id` AS `model_id`,`partitions`.`inventory_pool_id` AS `inventory_pool_id`,`partitions`.`group_id` AS `group_id`,`partitions`.`quantity` AS `quantity` from `partitions` union select `i`.`model_id` AS `model_id`,`i`.`inventory_pool_id` AS `inventory_pool_id`,NULL AS `group_id`,(count(`i`.`id`) - ifnull((select sum(`p`.`quantity`) from `partitions` `p` where ((`p`.`model_id` = `i`.`model_id`) and (`p`.`inventory_pool_id` = `i`.`inventory_pool_id`)) group by `p`.`inventory_pool_id`,`p`.`model_id`),0)) AS `quantity` from `items` `i` where (isnull(`i`.`retired`) and (`i`.`is_borrowable` = 1) and isnull(`i`.`parent_id`)) group by `i`.`inventory_pool_id`,`i`.`model_id` */;
/*!50001 SET character_set_client      = @saved_cs_client */;
/*!50001 SET character_set_results     = @saved_cs_results */;
/*!50001 SET collation_connection      = @saved_col_connection */;

--
-- Final view structure for view `visit_lines`
--

/*!50001 DROP TABLE IF EXISTS `visit_lines`*/;
/*!50001 DROP VIEW IF EXISTS `visit_lines`*/;
/*!50001 SET @saved_cs_client          = @@character_set_client */;
/*!50001 SET @saved_cs_results         = @@character_set_results */;
/*!50001 SET @saved_col_connection     = @@collation_connection */;
/*!50001 SET character_set_client      = utf8 */;
/*!50001 SET character_set_results     = utf8 */;
/*!50001 SET collation_connection      = utf8_general_ci */;
/*!50001 CREATE ALGORITHM=UNDEFINED */
/*!50001 VIEW `visit_lines` AS select hex(concat(if((`c`.`status` = 'approved'),`cl`.`start_date`,`cl`.`end_date`),`c`.`inventory_pool_id`,`c`.`user_id`,`c`.`status`)) AS `visit_id`,`c`.`inventory_pool_id` AS `inventory_pool_id`,`c`.`user_id` AS `user_id`,`c`.`delegated_user_id` AS `delegated_user_id`,`c`.`status` AS `status`,if((`c`.`status` = 'approved'),'hand_over','take_back') AS `action`,if((`c`.`status` = 'approved'),`cl`.`start_date`,`cl`.`end_date`) AS `date`,`cl`.`quantity` AS `quantity`,`cl`.`id` AS `contract_line_id` from (`contract_lines` `cl` join `contracts` `c` on((`cl`.`contract_id` = `c`.`id`))) where ((`c`.`status` in ('approved','signed')) and isnull(`cl`.`returned_date`)) order by if((`c`.`status` = 'approved'),`cl`.`start_date`,`cl`.`end_date`) */;
/*!50001 SET character_set_client      = @saved_cs_client */;
/*!50001 SET character_set_results     = @saved_cs_results */;
/*!50001 SET collation_connection      = @saved_col_connection */;

--
-- Final view structure for view `visits`
--

/*!50001 DROP TABLE IF EXISTS `visits`*/;
/*!50001 DROP VIEW IF EXISTS `visits`*/;
/*!50001 SET @saved_cs_client          = @@character_set_client */;
/*!50001 SET @saved_cs_results         = @@character_set_results */;
/*!50001 SET @saved_col_connection     = @@collation_connection */;
/*!50001 SET character_set_client      = utf8 */;
/*!50001 SET character_set_results     = utf8 */;
/*!50001 SET collation_connection      = utf8_general_ci */;
/*!50001 CREATE ALGORITHM=UNDEFINED */
/*!50001 VIEW `visits` AS select hex(concat(`visit_lines`.`date`,`visit_lines`.`inventory_pool_id`,`visit_lines`.`user_id`,`visit_lines`.`status`)) AS `id`,`visit_lines`.`inventory_pool_id` AS `inventory_pool_id`,`visit_lines`.`user_id` AS `user_id`,`visit_lines`.`status` AS `status`,`visit_lines`.`action` AS `action`,`visit_lines`.`date` AS `date`,sum(`visit_lines`.`quantity`) AS `quantity` from `visit_lines` group by `visit_lines`.`user_id`,`visit_lines`.`status`,`visit_lines`.`date`,`visit_lines`.`inventory_pool_id` */;
/*!50001 SET character_set_client      = @saved_cs_client */;
/*!50001 SET character_set_results     = @saved_cs_results */;
/*!50001 SET collation_connection      = @saved_col_connection */;
/*!40103 SET TIME_ZONE=@OLD_TIME_ZONE */;

/*!40101 SET SQL_MODE=@OLD_SQL_MODE */;
/*!40014 SET FOREIGN_KEY_CHECKS=@OLD_FOREIGN_KEY_CHECKS */;
/*!40014 SET UNIQUE_CHECKS=@OLD_UNIQUE_CHECKS */;
/*!40101 SET CHARACTER_SET_CLIENT=@OLD_CHARACTER_SET_CLIENT */;
/*!40101 SET CHARACTER_SET_RESULTS=@OLD_CHARACTER_SET_RESULTS */;
/*!40101 SET COLLATION_CONNECTION=@OLD_COLLATION_CONNECTION */;
/*!40111 SET SQL_NOTES=@OLD_SQL_NOTES */;

-- Dump completed on 2014-06-06 11:51:47
COMMIT;
