SET autocommit=0; SET unique_checks=0; SET foreign_key_checks=0;
-- MySQL dump 10.14  Distrib 5.5.39-MariaDB, for debian-linux-gnu (x86_64)
--
-- Host: localhost    Database: leihs2_test
-- ------------------------------------------------------
-- Server version	5.5.39-MariaDB-1

/*!40101 SET @OLD_CHARACTER_SET_CLIENT=@@CHARACTER_SET_CLIENT */;
/*!40101 SET @OLD_CHARACTER_SET_RESULTS=@@CHARACTER_SET_RESULTS */;
/*!40101 SET @OLD_COLLATION_CONNECTION=@@COLLATION_CONNECTION */;
/*!40101 SET NAMES utf8 */;
/*!40103 SET @OLD_TIME_ZONE=@@TIME_ZONE */;
/*!40103 SET TIME_ZONE='+00:00' */;
/*!40014 SET @OLD_UNIQUE_CHECKS=@@UNIQUE_CHECKS, UNIQUE_CHECKS=0 */;
/*!40014 SET @OLD_FOREIGN_KEY_CHECKS=@@FOREIGN_KEY_CHECKS, FOREIGN_KEY_CHECKS=0 */;
/*!40101 SET @OLD_SQL_MODE=@@SQL_MODE, SQL_MODE='NO_AUTO_VALUE_ON_ZERO' */;
/*!40111 SET @OLD_SQL_NOTES=@@SQL_NOTES, SQL_NOTES=0 */;

--
-- Table structure for table `access_rights`
--

DROP TABLE IF EXISTS `access_rights`;
/*!40101 SET @saved_cs_client     = @@character_set_client */;
/*!40101 SET character_set_client = utf8 */;
CREATE TABLE `access_rights` (
  `id` int(11) NOT NULL AUTO_INCREMENT,
  `user_id` int(11) DEFAULT NULL,
  `inventory_pool_id` int(11) DEFAULT NULL,
  `suspended_until` date DEFAULT NULL,
  `suspended_reason` text COLLATE utf8_unicode_ci,
  `deleted_at` date DEFAULT NULL,
  `created_at` datetime DEFAULT NULL,
  `updated_at` datetime DEFAULT NULL,
  `role` enum('customer','group_manager','lending_manager','inventory_manager','admin') COLLATE utf8_unicode_ci NOT NULL,
  PRIMARY KEY (`id`),
  KEY `index_access_rights_on_suspended_until` (`suspended_until`),
  KEY `index_access_rights_on_deleted_at` (`deleted_at`),
  KEY `index_access_rights_on_inventory_pool_id` (`inventory_pool_id`),
  KEY `index_access_rights_on_role` (`role`),
  KEY `index_on_user_id_and_inventory_pool_id_and_deleted_at` (`user_id`,`inventory_pool_id`,`deleted_at`),
  CONSTRAINT `access_rights_user_id_fk` FOREIGN KEY (`user_id`) REFERENCES `users` (`id`),
  CONSTRAINT `access_rights_inventory_pool_id_fk` FOREIGN KEY (`inventory_pool_id`) REFERENCES `inventory_pools` (`id`) ON DELETE CASCADE
) ENGINE=InnoDB AUTO_INCREMENT=42 DEFAULT CHARSET=utf8 COLLATE=utf8_unicode_ci;
/*!40101 SET character_set_client = @saved_cs_client */;

--
-- Dumping data for table `access_rights`
--

LOCK TABLES `access_rights` WRITE;
/*!40000 ALTER TABLE `access_rights` DISABLE KEYS */;
INSERT INTO `access_rights` VALUES (1,1,NULL,NULL,NULL,NULL,'2016-07-23 07:01:08','2016-07-23 07:01:08','admin'),(2,3,3,NULL,NULL,NULL,'2016-07-23 07:01:08','2016-07-23 07:01:08','customer'),(3,4,1,NULL,NULL,NULL,'2016-07-23 07:01:08','2016-07-23 07:01:08','lending_manager'),(4,5,5,NULL,NULL,NULL,'2016-07-23 07:01:08','2016-07-23 07:01:08','customer'),(5,6,11,NULL,NULL,NULL,'2016-07-23 07:01:08','2016-07-23 07:01:08','customer'),(6,7,1,NULL,NULL,'2016-07-23','2016-07-23 07:01:08','2016-07-23 07:01:08','customer'),(7,1,1,NULL,NULL,NULL,'2016-07-23 07:01:08','2016-07-23 07:01:08','customer'),(8,8,2,NULL,NULL,NULL,'2016-07-23 07:01:08','2016-07-23 07:01:08','inventory_manager'),(9,9,1,NULL,NULL,NULL,'2016-07-23 07:01:08','2016-07-23 07:01:08','inventory_manager'),(10,9,11,NULL,NULL,NULL,'2016-07-23 07:01:08','2016-07-23 07:01:08','inventory_manager'),(11,10,1,NULL,NULL,NULL,'2016-07-23 07:01:08','2016-07-23 07:01:08','lending_manager'),(12,10,2,NULL,NULL,NULL,'2016-07-23 07:01:08','2016-07-23 07:01:08','lending_manager'),(13,11,1,NULL,NULL,NULL,'2016-07-23 07:01:08','2016-07-23 07:01:08','customer'),(14,12,1,NULL,NULL,NULL,'2016-07-23 07:01:08','2016-07-23 07:01:08','customer'),(15,13,1,NULL,NULL,NULL,'2016-07-23 07:01:08','2016-07-23 07:01:08','customer'),(16,14,1,NULL,NULL,NULL,'2016-07-23 07:01:08','2016-07-23 07:01:08','customer'),(17,15,1,NULL,NULL,NULL,'2016-07-23 07:01:08','2016-07-23 07:01:08','customer'),(18,16,2,'2016-07-19','Impedit placeat commodi quae vitae.',NULL,'2016-07-18 00:00:00','2016-07-18 00:00:00','customer'),(19,20,1,NULL,NULL,NULL,'2016-07-23 07:01:08','2016-07-23 07:01:08','customer'),(20,20,2,NULL,NULL,NULL,'2016-07-23 07:01:08','2016-07-23 07:01:08','customer'),(21,20,3,NULL,NULL,NULL,'2016-07-23 07:01:08','2016-07-23 07:01:08','customer'),(22,20,11,NULL,NULL,'2016-07-22','2016-07-23 07:01:08','2016-07-23 07:01:08','customer'),(23,21,1,NULL,NULL,NULL,'2016-07-23 07:01:08','2016-07-23 07:01:08','group_manager'),(24,21,2,NULL,NULL,NULL,'2016-07-23 07:01:08','2016-07-23 07:01:08','group_manager'),(25,21,3,NULL,NULL,NULL,'2016-07-23 07:01:08','2016-07-23 07:01:08','group_manager'),(26,22,1,NULL,NULL,NULL,'2016-07-23 07:01:08','2016-07-23 07:01:08','group_manager'),(27,23,1,NULL,NULL,NULL,'2016-07-23 07:01:08','2016-07-23 07:01:08','customer'),(28,24,1,'2016-07-23','suspreason',NULL,'2016-07-23 07:01:08','2016-07-23 07:01:08','customer'),(29,25,1,NULL,NULL,NULL,'2016-07-23 07:01:08','2016-07-23 07:01:08','customer'),(30,26,1,NULL,NULL,NULL,'2016-07-23 07:01:08','2016-07-23 07:01:08','customer'),(31,27,1,NULL,NULL,NULL,'2016-07-23 07:01:08','2016-07-23 07:01:08','customer'),(32,28,1,NULL,NULL,NULL,'2016-07-23 07:01:08','2016-07-23 07:01:08','customer'),(33,29,1,NULL,NULL,NULL,'2016-07-23 07:01:08','2016-07-23 07:01:08','customer'),(34,30,1,NULL,NULL,NULL,'2016-07-23 07:01:08','2016-07-23 07:01:08','customer'),(35,31,NULL,NULL,NULL,NULL,'2016-07-23 07:01:08','2016-07-23 07:01:08','admin'),(36,32,1,NULL,NULL,NULL,'2016-07-23 07:01:08','2016-07-23 07:01:08','customer'),(37,33,1,NULL,NULL,NULL,'2016-07-23 07:01:08','2016-07-23 07:01:08','customer'),(38,34,1,NULL,NULL,NULL,'2016-07-23 07:01:08','2016-07-23 07:01:08','customer'),(39,36,1,NULL,NULL,NULL,'2016-07-23 07:01:08','2016-07-23 07:01:08','customer'),(40,36,12,NULL,NULL,NULL,'2016-07-23 07:01:08','2016-07-23 07:01:08','customer'),(41,36,13,NULL,NULL,NULL,'2016-07-23 07:01:08','2016-07-23 07:01:08','customer');
/*!40000 ALTER TABLE `access_rights` ENABLE KEYS */;
UNLOCK TABLES;

--
-- Table structure for table `accessories`
--

DROP TABLE IF EXISTS `accessories`;
/*!40101 SET @saved_cs_client     = @@character_set_client */;
/*!40101 SET character_set_client = utf8 */;
CREATE TABLE `accessories` (
  `id` int(11) NOT NULL AUTO_INCREMENT,
  `model_id` int(11) DEFAULT NULL,
  `name` varchar(255) COLLATE utf8_unicode_ci DEFAULT NULL,
  `quantity` int(11) DEFAULT NULL,
  PRIMARY KEY (`id`),
  KEY `index_accessories_on_model_id` (`model_id`),
  CONSTRAINT `accessories_model_id_fk` FOREIGN KEY (`model_id`) REFERENCES `models` (`id`) ON DELETE CASCADE
) ENGINE=InnoDB AUTO_INCREMENT=565 DEFAULT CHARSET=utf8 COLLATE=utf8_unicode_ci;
/*!40101 SET character_set_client = @saved_cs_client */;

--
-- Dumping data for table `accessories`
--

LOCK TABLES `accessories` WRITE;
/*!40000 ALTER TABLE `accessories` DISABLE KEYS */;
INSERT INTO `accessories` VALUES (1,1,'Baylee Mertz',NULL),(2,1,'Cole Weissnat',NULL),(3,1,'Dr. Deanna Kshlerin',NULL),(4,1,'Jacey Kutch',NULL),(5,1,'Nolan Kris',NULL),(6,2,'Benton Zboncak',NULL),(7,2,'Ebony Ziemann PhD',NULL),(8,2,'Jerod Jerde',NULL),(9,2,'Marilie Hackett',NULL),(10,2,'Ruthie Swift',NULL),(11,3,'Andreanne O\'Kon',NULL),(12,4,'Harmony Beahan PhD',NULL),(13,4,'Ms. Emile Kirlin',NULL),(14,5,'Lolita Wilkinson',NULL),(15,5,'Christelle Kirlin',NULL),(16,5,'Vivienne Legros',NULL),(17,6,'River Ward',NULL),(18,6,'Cameron Zemlak I',NULL),(19,7,'Winnifred Sporer',NULL),(20,7,'Royce McKenzie',NULL),(21,7,'Kurtis O\'Reilly',NULL),(22,7,'Miss Isac Reichel',NULL),(23,8,'Leila Bednar',NULL),(24,8,'Juvenal Koss',NULL),(25,8,'Sophia Erdman',NULL),(26,8,'Lazaro Gusikowski',NULL),(27,9,'Ms. Milo Langworth',NULL),(28,9,'Ms. Estella Gottlieb',NULL),(29,10,'Prince Cruickshank III',NULL),(30,10,'Pattie Ziemann',NULL),(31,11,'Mrs. Marco Hessel',NULL),(32,11,'Leonardo Barton',NULL),(33,11,'Jonatan Hansen',NULL),(34,11,'Mr. Katelin Kertzmann',NULL),(35,11,'Erica Brown',NULL),(36,12,'Ruby Boyer',NULL),(37,12,'Ernie Dach',NULL),(38,13,'Mrs. Monica Keeling',NULL),(39,13,'Yasmine Purdy',NULL),(40,13,'Furman Halvorson I',NULL),(41,14,'Ms. Rachael Nolan',NULL),(42,14,'Ms. Jasper Raynor',NULL),(43,15,'Alexzander Koch',NULL),(44,16,'Jordon Rogahn',NULL),(45,17,'Einar Kilback',NULL),(46,17,'Eunice Beahan',NULL),(47,18,'Mr. Oswald King',NULL),(48,18,'Lacy McKenzie',NULL),(49,19,'Mr. Joana Larson',NULL),(50,20,'Misael Beer II',NULL),(51,20,'Mrs. Abelardo Klein',NULL),(52,20,'Roxanne McLaughlin',NULL),(53,20,'Rickie Bauch',NULL),(54,21,'Matt Runte',NULL),(55,22,'Rubie Lindgren',NULL),(56,22,'Tressa Little',NULL),(57,22,'Sebastian Boyle',NULL),(58,23,'Minerva Murazik',NULL),(59,23,'Telly Carroll',NULL),(60,23,'Cristobal Langosh',NULL),(61,24,'Kellie Steuber',NULL),(62,24,'Mr. Tom Kshlerin',NULL),(63,25,'Amelia Farrell',NULL),(64,25,'Clara Howell',NULL),(65,25,'Royal Little PhD',NULL),(66,25,'Dr. Cassandre Muller',NULL),(67,26,'Mr. Anjali Runolfsdottir',NULL),(68,26,'Mathew Legros',NULL),(69,26,'Mr. Garnett Cruickshank',NULL),(70,26,'Ms. Eleazar Blick',NULL),(71,27,'Dena Legros',NULL),(72,27,'Ms. Chelsea Schmitt',NULL),(73,27,'Leonie Larkin V',NULL),(74,28,'Halie Renner',NULL),(75,28,'Aiyana Marvin',NULL),(76,29,'Micah Kassulke',NULL),(77,29,'Gust Koepp IV',NULL),(78,29,'Saige Hahn',NULL),(79,30,'Noemy Glover',NULL),(80,30,'Ms. Freeda Dach',NULL),(81,30,'Laurence Cormier Sr.',NULL),(82,30,'Reva Hand',NULL),(83,31,'Fredrick Runolfsson',NULL),(84,31,'Jeramy Bernhard DVM',NULL),(85,31,'Mrs. Santa Bergnaum',NULL),(86,31,'Maeve Gleason',NULL),(87,31,'Aglae Stanton',NULL),(88,32,'Mr. Shea Dietrich',NULL),(89,33,'Rupert Bernier',NULL),(90,33,'Betty Cruickshank IV',NULL),(91,33,'Abagail Simonis',NULL),(92,33,'Mariam Bins',NULL),(93,34,'Susan Gaylord',NULL),(94,35,'Amya Rowe',NULL),(95,35,'Mariela Raynor',NULL),(96,35,'Eudora Von',NULL),(97,35,'Nasir Gerlach',NULL),(98,36,'Waino Green',NULL),(99,36,'Norris Bauch',NULL),(100,37,'Jalyn Feeney',NULL),(101,37,'Alford Bergstrom',NULL),(102,37,'Hilma Witting I',NULL),(103,38,'Mr. Keshaun Leannon',NULL),(104,38,'Reggie DuBuque',NULL),(105,38,'Clare Hudson',NULL),(106,38,'Scot Schultz',NULL),(107,38,'Maud Rath',NULL),(108,39,'Ressie Hermiston',NULL),(109,39,'Laisha Metz',NULL),(110,39,'Albertha Romaguera',NULL),(111,39,'Bria Little MD',NULL),(112,40,'Verner Jaskolski',NULL),(113,40,'Larissa Dickinson',NULL),(114,40,'Alf Willms III',NULL),(115,40,'Mr. Laverna Moen',NULL),(116,40,'Mr. Lina Moen',NULL),(117,41,'Guy Hirthe II',NULL),(118,41,'Autumn O\'Conner',NULL),(119,41,'Nellie Harvey',NULL),(120,41,'Robyn Smitham',NULL),(121,42,'Kimberly Johns',NULL),(122,43,'Oscar Will',NULL),(123,43,'Raina Doyle V',NULL),(124,43,'Sibyl Goodwin',NULL),(125,43,'Arnaldo Bergnaum V',NULL),(126,44,'Ms. Leonel Gaylord',NULL),(127,45,'Gerardo Jacobson',NULL),(128,45,'Stephan Pacocha',NULL),(129,45,'Bailey Kris',NULL),(130,45,'Adell Denesik',NULL),(131,45,'Taya Runte',NULL),(132,46,'Mrs. Hattie Osinski',NULL),(133,46,'Izabella Murphy',NULL),(134,46,'Laurel Nitzsche',NULL),(135,46,'Heather O\'Keefe',NULL),(136,47,'Jaunita Blanda',NULL),(137,47,'Damaris Johns',NULL),(138,47,'Dr. Brooke Stoltenberg',NULL),(139,47,'Ms. Zola Schultz',NULL),(140,48,'Fiona Quigley',NULL),(141,48,'Mr. Kris Barton',NULL),(142,48,'Kailee Howell',NULL),(143,49,'Brandt Bins',NULL),(144,49,'Salvador Stracke',NULL),(145,49,'Hosea Abbott',NULL),(146,49,'Ms. Aletha Gleason',NULL),(147,49,'Ms. Marian Kuvalis',NULL),(148,50,'Mr. General West',NULL),(149,50,'Dr. Louisa MacGyver',NULL),(150,50,'Lambert Hand',NULL),(151,51,'Willard Barrows',NULL),(152,51,'Lucio Marks',NULL),(153,51,'Jovan Waters',NULL),(154,51,'Richmond Armstrong',NULL),(155,51,'Obie Ondricka',NULL),(156,52,'Foster Boyer',NULL),(157,53,'Miss Vernie Schimmel',NULL),(158,53,'Fleta Lueilwitz II',NULL),(159,53,'Pedro Zulauf',NULL),(160,54,'Destany Feil',NULL),(161,54,'Bridgette Wolf Sr.',NULL),(162,54,'Dr. Irwin Jaskolski',NULL),(163,54,'Trystan Ward',NULL),(164,55,'Clemmie Cummings',NULL),(165,55,'Maryjane Grady',NULL),(166,56,'Amy Schuppe',NULL),(167,56,'Dr. Rogers Moore',NULL),(168,56,'Halie Prosacco',NULL),(169,56,'Jeremy Rohan',NULL),(170,57,'Octavia Zemlak',NULL),(171,57,'Ezequiel Feil',NULL),(172,57,'Corrine Dach MD',NULL),(173,57,'Miss Lincoln Tillman',NULL),(174,57,'Dakota Morissette',NULL),(175,58,'Carter Sipes',NULL),(176,58,'Alayna Jast',NULL),(177,58,'Jeromy Hegmann',NULL),(178,59,'Ramona Boyer',NULL),(179,59,'Marlon Lockman IV',NULL),(180,59,'Genesis Prohaska',NULL),(181,59,'Mrs. Mozelle Predovic',NULL),(182,60,'Tiana Yundt',NULL),(183,60,'Dorothy Parisian III',NULL),(184,61,'Estell Harber',NULL),(185,61,'Cayla Nolan',NULL),(186,61,'Elmore Harber V',NULL),(187,61,'Tatum Dietrich Jr.',NULL),(188,61,'Mireille Mills',NULL),(189,62,'Angeline D\'Amore',NULL),(190,62,'Lelia Littel',NULL),(191,62,'Blaise Olson',NULL),(192,62,'Louie Morar',NULL),(193,62,'Dorcas Prosacco V',NULL),(194,63,'Berenice White',NULL),(195,63,'Dimitri Schowalter',NULL),(196,64,'Lenny Koss',NULL),(197,64,'Cindy Buckridge',NULL),(198,65,'Hillary Greenfelder',NULL),(199,65,'Jaydon Corkery',NULL),(200,65,'Ms. Gussie Kunze',NULL),(201,65,'Javonte Olson',NULL),(202,66,'Ms. Trever Murray',NULL),(203,66,'Dr. Jabari Larkin',NULL),(204,66,'Skyla Bayer',NULL),(205,67,'Velva Funk',NULL),(206,67,'Grace Weissnat',NULL),(207,68,'Juvenal Hayes',NULL),(208,68,'Davon Okuneva',NULL),(209,68,'Don Fay',NULL),(210,68,'Annamae Sanford',NULL),(211,68,'Herbert Schimmel',NULL),(212,69,'Curt Kilback DVM',NULL),(213,69,'Clementina Cremin DDS',NULL),(214,70,'Mr. Roscoe Considine',NULL),(215,70,'Miss Beulah Carter',NULL),(216,70,'Maia Kozey',NULL),(217,70,'Warren Beatty',NULL),(218,71,'Angeline Hodkiewicz',NULL),(219,71,'Keanu McGlynn',NULL),(220,72,'Jacinto Rosenbaum',NULL),(221,72,'David Feest DDS',NULL),(222,73,'Mr. Reyna Bashirian',NULL),(223,73,'Jonatan Armstrong',NULL),(224,73,'Ms. Marie Huel',NULL),(225,73,'Eldora Runolfsdottir',NULL),(226,74,'Kaya Nienow',NULL),(227,74,'Braden Hoeger',NULL),(228,75,'Claude Rowe',NULL),(229,75,'Carleton Williamson',NULL),(230,76,'Stacey Leffler',NULL),(231,76,'Willard Mueller',NULL),(232,76,'Angeline Gulgowski',NULL),(233,76,'Adrianna Larkin',NULL),(234,76,'Mrs. Aubree VonRueden',NULL),(235,77,'Alicia Donnelly V',NULL),(236,77,'Federico Walker IV',NULL),(237,77,'Kaylee Swift',NULL),(238,77,'Kade Schumm',NULL),(239,78,'Yasmine Erdman',NULL),(240,78,'Dixie Collins',NULL),(241,78,'Kenya Carroll',NULL),(242,79,'Kaley Kuhic',NULL),(243,79,'Russel Jaskolski',NULL),(244,80,'Charlie O\'Keefe',NULL),(245,80,'Willis DuBuque',NULL),(246,80,'Miller Dickens',NULL),(247,80,'Hugh Schowalter',NULL),(248,80,'Mckenzie Blick',NULL),(249,81,'Florian Jast',NULL),(250,81,'Jena Keeling',NULL),(251,81,'Ms. Natalia Smith',NULL),(252,81,'Jeanette Hessel IV',NULL),(253,81,'Zack Mayert',NULL),(254,82,'Roy Wyman',NULL),(255,82,'Santos Stroman',NULL),(256,82,'Peyton Walker',NULL),(257,83,'Giovanny Altenwerth',NULL),(258,83,'Keely Blanda',NULL),(259,83,'Hettie Price',NULL),(260,83,'Lenna Romaguera',NULL),(261,84,'Esteban Gerhold',NULL),(262,84,'Ross Schulist DVM',NULL),(263,84,'Celia Runte II',NULL),(264,84,'Dr. Alicia Raynor',NULL),(265,85,'Chanelle Abernathy DDS',NULL),(266,85,'Martina Ryan',NULL),(267,85,'Mr. Doyle Stiedemann',NULL),(268,85,'Francisca Klein IV',NULL),(269,85,'Norberto Bergstrom',NULL),(270,86,'Neha O\'Hara',NULL),(271,86,'Jeff Schulist',NULL),(272,87,'Marta Eichmann',NULL),(273,87,'Norene Schaden V',NULL),(274,87,'Kendra Rice',NULL),(275,88,'Mr. Fred Larson',NULL),(276,88,'Mr. Alaina Jast',NULL),(277,88,'Pearl Harris',NULL),(278,88,'Mckenna Cruickshank',NULL),(279,88,'Margarette O\'Connell DVM',NULL),(280,89,'Doyle Monahan',NULL),(281,89,'Tate Kling',NULL),(282,90,'Frankie Langworth',NULL),(283,91,'Vernice Lebsack V',NULL),(284,91,'Miss Oleta Block',NULL),(285,92,'Charley Bradtke',NULL),(286,92,'Lora Haag',NULL),(287,92,'Ms. Fernando Erdman',NULL),(288,93,'Tierra Lemke',NULL),(289,93,'Orie Hegmann',NULL),(290,94,'Andreane Leffler',NULL),(291,94,'Jaren Marvin',NULL),(292,94,'Jeramy Yundt Jr.',NULL),(293,94,'Lon Swaniawski',NULL),(294,95,'Dawn Labadie',NULL),(295,95,'Mia Von',NULL),(296,96,'Jaycee Wolf III',NULL),(297,96,'Jeromy Feeney',NULL),(298,96,'Julius Rolfson',NULL),(299,97,'Maiya Boyer',NULL),(300,97,'Ardella Koch I',NULL),(301,97,'Florencio Gaylord',NULL),(302,98,'Westley Rempel',NULL),(303,98,'Brad Casper',NULL),(304,98,'Jadyn Hamill',NULL),(305,98,'Casper Satterfield',NULL),(306,98,'Tyra Russel',NULL),(307,99,'Sibyl Rempel MD',NULL),(308,99,'Kaela Koss DDS',NULL),(309,99,'Wendell Gorczany',NULL),(310,99,'Ms. Monserrat Brakus',NULL),(311,99,'Cayla Murray',NULL),(312,100,'Agustin Beatty',NULL),(313,100,'Isom Goldner Sr.',NULL),(314,101,'Mireille Jacobson',NULL),(315,101,'Lavon Homenick',NULL),(316,101,'Okey Jaskolski',NULL),(317,101,'Darren Paucek',NULL),(318,101,'Dora Marvin',NULL),(319,102,'Zaria Koepp II',NULL),(320,102,'Alexzander Krajcik III',NULL),(321,102,'Damon Ritchie',NULL),(322,103,'Emery Quitzon IV',NULL),(323,103,'Dr. Caleigh Feeney',NULL),(324,104,'Ms. Dorothea Kuhlman',NULL),(325,104,'Jacinthe Nienow',NULL),(326,104,'Joshuah Schoen',NULL),(327,104,'Elisabeth Russel',NULL),(328,105,'Miss Adrain Swaniawski',NULL),(329,105,'Braulio Dach',NULL),(330,105,'Jaron Dietrich III',NULL),(331,105,'Barbara Boyer',NULL),(332,105,'Dawson Ondricka',NULL),(333,106,'Dr. Sean Gerhold',NULL),(334,106,'Maximo DuBuque V',NULL),(335,106,'Rahsaan Upton',NULL),(336,106,'Clark Shields',NULL),(337,106,'Adrianna Schulist',NULL),(338,107,'Mr. Kari Schultz',NULL),(339,107,'Dr. Marianne Beer',NULL),(340,107,'Kiera Padberg',NULL),(341,107,'Sandy Ledner II',NULL),(342,107,'Jayson Harber',NULL),(343,108,'Verona Weissnat',NULL),(344,108,'Dallin Price II',NULL),(345,109,'Devyn Walter',NULL),(346,109,'Pat Tillman',NULL),(347,109,'Orville Nitzsche',NULL),(348,109,'Freda Weissnat',NULL),(349,110,'Brenden Roob',NULL),(350,110,'Mr. Lionel Prosacco',NULL),(351,110,'Orville Koch',NULL),(352,111,'Vida Hyatt IV',NULL),(353,111,'Mary Runolfsdottir',NULL),(354,111,'Columbus Hyatt III',NULL),(355,111,'Juvenal Hane',NULL),(356,112,'Moses Renner',NULL),(357,112,'Ms. Elta Stehr',NULL),(358,112,'Guiseppe Konopelski',NULL),(359,112,'Loraine Murray',NULL),(360,112,'Stephon Bogisich',NULL),(361,113,'Jaycee Larkin',NULL),(362,113,'Kiley Carroll PhD',NULL),(363,113,'Stephanie Jast',NULL),(364,113,'Christ Kulas',NULL),(365,114,'Ms. Winfield Schinner',NULL),(366,114,'Keyshawn Fahey',NULL),(367,114,'Stephany Glover',NULL),(368,115,'Alexandra O\'Hara',NULL),(369,115,'April Tillman',NULL),(370,116,'Kavon Hyatt',NULL),(371,116,'Alice Auer',NULL),(372,116,'Dr. Laron Schiller',NULL),(373,116,'Gerda Wyman',NULL),(374,117,'Name Zulauf I',NULL),(375,117,'Destiny Bailey DVM',NULL),(376,118,'Orlo Beier',NULL),(377,118,'Albin Dibbert',NULL),(378,118,'Jamar Daugherty',NULL),(379,118,'Delia Toy',NULL),(380,119,'Kale Lueilwitz Jr.',NULL),(381,119,'Ilene Romaguera',NULL),(382,120,'Roger Rogahn',NULL),(383,120,'Hazle Fritsch Sr.',NULL),(384,120,'Jayden Goyette',NULL),(385,120,'Kay Paucek',NULL),(386,121,'Elyse Flatley',NULL),(387,121,'Ms. Samara Huel',NULL),(388,121,'Tatyana Welch',NULL),(389,121,'Hershel Witting',NULL),(390,122,'Terrill Zemlak',NULL),(391,122,'Sallie Sauer',NULL),(392,123,'Dr. Nicholaus Gibson',NULL),(393,123,'Savion Krajcik',NULL),(394,124,'Cassandre Kautzer',NULL),(395,124,'Adella Nicolas',NULL),(396,124,'Kaden Watsica',NULL),(397,124,'Yolanda Corkery',NULL),(398,124,'Sam Reichel',NULL),(399,125,'Cristobal Fadel',NULL),(400,126,'Ms. Jeremy Schaefer',NULL),(401,126,'Dashawn Toy',NULL),(402,126,'Mr. Andy Armstrong',NULL),(403,127,'Maida Moore',NULL),(404,127,'Jayce Cole',NULL),(405,127,'Kody Watsica PhD',NULL),(406,127,'Mabel Heller',NULL),(407,128,'Ericka Willms',NULL),(408,128,'Dr. Betsy Lynch',NULL),(409,128,'Ms. Eleazar Schinner',NULL),(410,128,'Mr. Constance Wolf',NULL),(411,129,'Mr. Claudie Parisian',NULL),(412,129,'Javier Runolfsdottir',NULL),(413,129,'Parker Schmeler',NULL),(414,129,'Daren Medhurst',NULL),(415,130,'Dr. Madie Runolfsson',NULL),(416,130,'Lucas Schoen',NULL),(417,131,'Scarlett Aufderhar PhD',NULL),(418,131,'Lane Krajcik',NULL),(419,131,'Dashawn McCullough',NULL),(420,131,'Christiana Wolf',NULL),(421,132,'Kristopher Langworth',NULL),(422,132,'Catherine Roob',NULL),(423,132,'Matilde O\'Conner PhD',NULL),(424,132,'Taurean Schmitt I',NULL),(425,133,'Nicolette Veum',NULL),(426,133,'Dr. Johnpaul Reynolds',NULL),(427,133,'Fredrick Ankunding',NULL),(428,133,'Holden Schimmel',NULL),(429,134,'Lavina Friesen',NULL),(430,134,'Kayden Leannon',NULL),(431,134,'Geovanni Kerluke',NULL),(432,135,'Ayden Kulas',NULL),(433,135,'Mrs. Kasey Lind',NULL),(434,135,'Henri Senger II',NULL),(435,135,'Ms. Miller Crona',NULL),(436,136,'Kraig Hane',NULL),(437,136,'Rhiannon Predovic',NULL),(438,136,'Maverick Swift',NULL),(439,136,'Lorine Hirthe',NULL),(440,137,'Kristin Hirthe Jr.',NULL),(441,137,'Isai Stokes',NULL),(442,137,'Cordie Langworth',NULL),(443,137,'Cedrick Moore',NULL),(444,138,'Miss Moises Stoltenberg',NULL),(445,138,'Cornelius Aufderhar III',NULL),(446,139,'Grayson Kulas',NULL),(447,139,'Tatyana Schmitt',NULL),(448,140,'Karlie Reynolds',NULL),(449,140,'Miss Angelina Reinger',NULL),(450,140,'Tony Hickle',NULL),(451,141,'Cordelia Fay',NULL),(452,141,'Laurie Tremblay',NULL),(453,142,'Roel Wolf',NULL),(454,142,'Rafael Goyette',NULL),(455,142,'Dr. Idella Hilll',NULL),(456,143,'Eloisa Lockman Jr.',NULL),(457,143,'Haylee Howell',NULL),(458,143,'Gussie Jakubowski',NULL),(459,143,'Modesto Schmitt',NULL),(460,143,'Valentina Lang',NULL),(461,144,'Brooks Rohan DDS',NULL),(462,144,'Vern Glover',NULL),(463,145,'Reed Green MD',NULL),(464,146,'Miss Richard Labadie',NULL),(465,146,'Evans Boyle IV',NULL),(466,146,'Darrick McCullough',NULL),(467,146,'Jaylan Howell',NULL),(468,146,'Coty Sawayn I',NULL),(469,147,'Verla Klocko',NULL),(470,148,'Lloyd Roob',NULL),(471,148,'Alfred Runte',NULL),(472,148,'Alexandrea Crona',NULL),(473,148,'May O\'Kon',NULL),(474,148,'Kellie Strosin',NULL),(475,149,'Micaela Lueilwitz',NULL),(476,150,'Tara Johnston',NULL),(477,150,'Shaina Buckridge',NULL),(478,150,'Marcelino Konopelski',NULL),(479,151,'Elaina Bradtke',NULL),(480,151,'Neal Schamberger',NULL),(481,151,'Mya Prosacco',NULL),(482,151,'Ramiro Blick Jr.',NULL),(483,151,'Adriel Cruickshank',NULL),(484,152,'Tanya Gerlach',NULL),(485,152,'Carlotta Cormier',NULL),(486,152,'Ms. Paris Grant',NULL),(487,152,'Hellen Larson',NULL),(488,153,'Lincoln Kub',NULL),(489,153,'Kaylie Abernathy',NULL),(490,153,'Herta Rippin',NULL),(491,153,'Muriel Kutch',NULL),(492,153,'Cayla Rippin Sr.',NULL),(493,154,'Leanne Kerluke MD',NULL),(494,154,'Nya Kohler I',NULL),(495,154,'Arielle Grady DVM',NULL),(496,155,'Isom Jacobi Jr.',NULL),(497,155,'Jayne Will Sr.',NULL),(498,155,'Mr. Tanner Dickens',NULL),(499,156,'Norberto Lubowitz',NULL),(500,156,'Brionna VonRueden',NULL),(501,157,'Mrs. Nikita Mraz',NULL),(502,157,'Arnoldo Ondricka',NULL),(503,157,'Lacy Ward',NULL),(504,158,'Diego Lueilwitz',NULL),(505,158,'Mr. Julia Huels',NULL),(506,158,'Cindy O\'Reilly',NULL),(507,158,'Jermaine Upton',NULL),(508,159,'Francis Kiehn',NULL),(509,159,'Neva Leannon',NULL),(510,159,'Helmer Howe',NULL),(511,159,'Alana Barrows III',NULL),(512,160,'Kurtis Maggio Jr.',NULL),(513,161,'Darrell Jaskolski',NULL),(514,161,'Alec Fahey IV',NULL),(515,162,'Casper Prosacco PhD',NULL),(516,162,'Christa Bode',NULL),(517,163,'Bradly VonRueden',NULL),(518,163,'Milo Windler I',NULL),(519,164,'Stan Crist',NULL),(520,164,'Madelynn Hickle',NULL),(521,164,'Noe Klocko Jr.',NULL),(522,164,'Tommie Wiza',NULL),(523,164,'Audreanne Erdman I',NULL),(524,165,'Adolf Sporer',NULL),(525,165,'Abigayle O\'Reilly',NULL),(526,166,'Luther Smith',NULL),(527,166,'Lenna Hoeger V',NULL),(528,167,'Skye Olson',NULL),(529,168,'Mrs. Garland Wiza',NULL),(530,168,'Janessa Johnson',NULL),(531,168,'Mr. Angeline Murazik',NULL),(532,168,'Cecilia Wuckert',NULL),(533,169,'Mac Williamson',NULL),(534,170,'Shane Zboncak',NULL),(535,170,'Yesenia Cummings',NULL),(536,170,'Alene Hahn I',NULL),(537,171,'Bernard Lind DVM',NULL),(538,171,'Keyon Kreiger',NULL),(539,171,'Mara Wiegand',NULL),(540,171,'Emmalee Lueilwitz',NULL),(541,172,'Trenton Harris',NULL),(542,172,'Ariel Schroeder',NULL),(543,172,'Theron Kerluke',NULL),(544,173,'Nestor Grady',NULL),(545,173,'Maximo Gaylord',NULL),(546,173,'Otilia Friesen DDS',NULL),(547,173,'Ms. Brennan Mante',NULL),(548,174,'Jarrell Hahn',NULL),(549,174,'Geovanny Quitzon',NULL),(550,174,'Mateo Toy',NULL),(551,174,'Lionel Gibson',NULL),(552,175,'Dina Hauck',NULL),(553,175,'Thurman Powlowski',NULL),(554,175,'Nikolas Robel V',NULL),(555,175,'Luna Leuschke',NULL),(556,175,'Dalton Dickens',NULL),(557,176,'Palma Fritsch',NULL),(558,176,'Mrs. Alessia Dickinson',NULL),(559,176,'Kaylin Lowe',NULL),(560,176,'Abagail Hane',NULL),(561,176,'Miss Charlie Wintheiser',NULL),(562,177,'Myrl Marquardt',NULL),(563,177,'Collin Jacobson',NULL),(564,178,'Soledad Mante',NULL);
/*!40000 ALTER TABLE `accessories` ENABLE KEYS */;
UNLOCK TABLES;

--
-- Table structure for table `accessories_inventory_pools`
--

DROP TABLE IF EXISTS `accessories_inventory_pools`;
/*!40101 SET @saved_cs_client     = @@character_set_client */;
/*!40101 SET character_set_client = utf8 */;
CREATE TABLE `accessories_inventory_pools` (
  `accessory_id` int(11) DEFAULT NULL,
  `inventory_pool_id` int(11) DEFAULT NULL,
  UNIQUE KEY `index_accessories_inventory_pools` (`accessory_id`,`inventory_pool_id`),
  KEY `index_accessories_inventory_pools_on_inventory_pool_id` (`inventory_pool_id`),
  CONSTRAINT `accessories_inventory_pools_inventory_pool_id_fk` FOREIGN KEY (`inventory_pool_id`) REFERENCES `inventory_pools` (`id`),
  CONSTRAINT `accessories_inventory_pools_accessory_id_fk` FOREIGN KEY (`accessory_id`) REFERENCES `accessories` (`id`)
) ENGINE=InnoDB DEFAULT CHARSET=utf8 COLLATE=utf8_unicode_ci;
/*!40101 SET character_set_client = @saved_cs_client */;

--
-- Dumping data for table `accessories_inventory_pools`
--

LOCK TABLES `accessories_inventory_pools` WRITE;
/*!40000 ALTER TABLE `accessories_inventory_pools` DISABLE KEYS */;
INSERT INTO `accessories_inventory_pools` VALUES (2,1),(4,1),(5,1),(6,1),(7,1),(10,1),(12,1),(14,1),(17,1),(18,1),(20,1),(21,1),(23,1),(24,1),(25,1),(26,1),(30,1),(32,1),(33,1),(34,1),(36,1),(37,1),(40,1),(42,1),(44,1),(47,1),(49,1),(50,1),(51,1),(54,1),(56,1),(59,1),(60,1),(63,1),(64,1),(66,1),(67,1),(68,1),(69,1),(70,1),(71,1),(73,1),(75,1),(76,1),(81,1),(82,1),(83,1),(84,1),(86,1),(87,1),(88,1),(90,1),(92,1),(94,1),(95,1),(96,1),(97,1),(103,1),(104,1),(112,1),(116,1),(118,1),(121,1),(124,1),(127,1),(129,1),(130,1),(133,1),(134,1),(135,1),(136,1),(137,1),(139,1),(140,1),(141,1),(146,1),(153,1),(156,1),(161,1),(162,1),(163,1),(164,1),(165,1),(169,1),(171,1),(173,1),(178,1),(179,1),(180,1),(183,1),(186,1),(187,1),(190,1),(191,1),(192,1),(195,1),(197,1),(199,1),(200,1),(201,1),(202,1),(203,1),(206,1),(208,1),(213,1),(214,1),(215,1),(217,1),(220,1),(222,1),(223,1),(224,1),(225,1),(226,1),(230,1),(232,1),(233,1),(240,1),(241,1),(243,1),(247,1),(248,1),(249,1),(250,1),(252,1),(254,1),(256,1),(257,1),(259,1),(261,1),(265,1),(266,1),(268,1),(270,1),(271,1),(272,1),(273,1),(276,1),(278,1),(281,1),(284,1),(286,1),(288,1),(290,1),(292,1),(295,1),(297,1),(299,1),(302,1),(303,1),(307,1),(309,1),(311,1),(312,1),(313,1),(315,1),(317,1),(318,1),(320,1),(321,1),(322,1),(325,1),(328,1),(329,1),(331,1),(332,1),(333,1),(334,1),(338,1),(339,1),(340,1),(341,1),(343,1),(345,1),(349,1),(354,1),(355,1),(356,1),(358,1),(361,1),(363,1),(364,1),(365,1),(367,1),(368,1),(372,1),(374,1),(375,1),(376,1),(377,1),(379,1),(381,1),(383,1),(388,1),(390,1),(391,1),(392,1),(393,1),(394,1),(395,1),(396,1),(400,1),(406,1),(408,1),(411,1),(413,1),(416,1),(417,1),(419,1),(421,1),(422,1),(423,1),(424,1),(425,1),(427,1),(429,1),(435,1),(436,1),(437,1),(446,1),(447,1),(453,1),(456,1),(457,1),(461,1),(465,1),(467,1),(468,1),(469,1),(471,1),(475,1),(476,1),(478,1),(479,1),(481,1),(486,1),(487,1),(488,1),(489,1),(490,1),(491,1),(492,1),(496,1),(497,1),(500,1),(502,1),(503,1),(504,1),(505,1),(506,1),(507,1),(508,1),(513,1),(514,1),(515,1),(520,1),(522,1),(523,1),(524,1),(525,1),(526,1),(527,1),(529,1),(530,1),(531,1),(532,1),(535,1),(536,1),(544,1),(547,1),(549,1),(551,1),(552,1),(554,1),(560,1),(563,1);
/*!40000 ALTER TABLE `accessories_inventory_pools` ENABLE KEYS */;
UNLOCK TABLES;

--
-- Table structure for table `addresses`
--

DROP TABLE IF EXISTS `addresses`;
/*!40101 SET @saved_cs_client     = @@character_set_client */;
/*!40101 SET character_set_client = utf8 */;
CREATE TABLE `addresses` (
  `id` int(11) NOT NULL AUTO_INCREMENT,
  `street` varchar(255) COLLATE utf8_unicode_ci DEFAULT NULL,
  `zip_code` varchar(255) COLLATE utf8_unicode_ci DEFAULT NULL,
  `city` varchar(255) COLLATE utf8_unicode_ci DEFAULT NULL,
  `country_code` varchar(255) COLLATE utf8_unicode_ci DEFAULT NULL,
  `latitude` float DEFAULT NULL,
  `longitude` float DEFAULT NULL,
  PRIMARY KEY (`id`),
  UNIQUE KEY `index_addresses_on_street_and_zip_code_and_city_and_country_code` (`street`,`zip_code`,`city`,`country_code`)
) ENGINE=InnoDB DEFAULT CHARSET=utf8 COLLATE=utf8_unicode_ci;
/*!40101 SET character_set_client = @saved_cs_client */;

--
-- Dumping data for table `addresses`
--

LOCK TABLES `addresses` WRITE;
/*!40000 ALTER TABLE `addresses` DISABLE KEYS */;
/*!40000 ALTER TABLE `addresses` ENABLE KEYS */;
UNLOCK TABLES;

--
-- Table structure for table `attachments`
--

DROP TABLE IF EXISTS `attachments`;
/*!40101 SET @saved_cs_client     = @@character_set_client */;
/*!40101 SET character_set_client = utf8 */;
CREATE TABLE `attachments` (
  `id` int(11) NOT NULL AUTO_INCREMENT,
  `model_id` int(11) DEFAULT NULL,
  `is_main` tinyint(1) DEFAULT '0',
  `content_type` varchar(255) COLLATE utf8_unicode_ci DEFAULT NULL,
  `filename` varchar(255) COLLATE utf8_unicode_ci DEFAULT NULL,
  `size` int(11) DEFAULT NULL,
  PRIMARY KEY (`id`),
  KEY `index_attachments_on_model_id` (`model_id`),
  CONSTRAINT `attachments_model_id_fk` FOREIGN KEY (`model_id`) REFERENCES `models` (`id`) ON DELETE CASCADE
) ENGINE=InnoDB AUTO_INCREMENT=9 DEFAULT CHARSET=utf8 COLLATE=utf8_unicode_ci;
/*!40101 SET character_set_client = @saved_cs_client */;

--
-- Dumping data for table `attachments`
--

LOCK TABLES `attachments` WRITE;
/*!40000 ALTER TABLE `attachments` DISABLE KEYS */;
INSERT INTO `attachments` VALUES (1,165,0,'image/jpeg','aspernatur',NULL),(2,166,0,'image/jpeg','alias',NULL),(3,175,0,'image/jpeg','est',NULL),(4,175,0,'image/jpeg','vero',NULL),(5,175,0,'image/jpeg','repellat',NULL),(6,176,0,'image/jpeg','optio',NULL),(7,176,0,'image/jpeg','dolor',NULL),(8,176,0,'image/jpeg','neque',NULL);
/*!40000 ALTER TABLE `attachments` ENABLE KEYS */;
UNLOCK TABLES;

--
-- Table structure for table `authentication_systems`
--

DROP TABLE IF EXISTS `authentication_systems`;
/*!40101 SET @saved_cs_client     = @@character_set_client */;
/*!40101 SET character_set_client = utf8 */;
CREATE TABLE `authentication_systems` (
  `id` int(11) NOT NULL AUTO_INCREMENT,
  `name` varchar(255) COLLATE utf8_unicode_ci DEFAULT NULL,
  `class_name` varchar(255) COLLATE utf8_unicode_ci DEFAULT NULL,
  `is_default` tinyint(1) DEFAULT '0',
  `is_active` tinyint(1) DEFAULT '0',
  PRIMARY KEY (`id`)
) ENGINE=InnoDB AUTO_INCREMENT=7 DEFAULT CHARSET=utf8 COLLATE=utf8_unicode_ci;
/*!40101 SET character_set_client = @saved_cs_client */;

--
-- Dumping data for table `authentication_systems`
--

LOCK TABLES `authentication_systems` WRITE;
/*!40000 ALTER TABLE `authentication_systems` DISABLE KEYS */;
INSERT INTO `authentication_systems` VALUES (1,'Database Authentication','DatabaseAuthentication',1,1),(2,'LDAP Authentication','LdapAuthentication',0,0),(3,'ZHDK Authentication','Zhdk',0,0),(4,'Database Authentication','DatabaseAuthentication',1,1),(5,'LDAP Authentication','LdapAuthentication',0,0),(6,'ZHDK Authentication','Zhdk',0,0);
/*!40000 ALTER TABLE `authentication_systems` ENABLE KEYS */;
UNLOCK TABLES;

--
-- Table structure for table `buildings`
--

DROP TABLE IF EXISTS `buildings`;
/*!40101 SET @saved_cs_client     = @@character_set_client */;
/*!40101 SET character_set_client = utf8 */;
CREATE TABLE `buildings` (
  `id` int(11) NOT NULL AUTO_INCREMENT,
  `name` varchar(255) COLLATE utf8_unicode_ci DEFAULT NULL,
  `code` varchar(255) COLLATE utf8_unicode_ci DEFAULT NULL,
  PRIMARY KEY (`id`)
) ENGINE=InnoDB AUTO_INCREMENT=190 DEFAULT CHARSET=utf8 COLLATE=utf8_unicode_ci;
/*!40101 SET character_set_client = @saved_cs_client */;

--
-- Dumping data for table `buildings`
--

LOCK TABLES `buildings` WRITE;
/*!40000 ALTER TABLE `buildings` DISABLE KEYS */;
INSERT INTO `buildings` VALUES (1,'Great Pyramid of Giza','ZZZ'),(2,'Debitisautest','quo'),(3,'Voluptatemexest','und'),(4,'Doloribusdolorvelit','qui'),(5,'Inciduntnecessitatibusrepellendus','dol'),(6,'Molestiaeexercitationemet','hic'),(7,'Nesciuntametea','vel'),(8,'Quiamolestiaeet','qui'),(9,'Sintdoloremquedoloribus','ide'),(10,'Idestet','cum'),(11,'Idveritatisquisquam','dol'),(12,'Eaqueveroillo','nos'),(13,'Repudiandaefugitlaudantium','aut'),(14,'Velitquosadipisci','por'),(15,'Odioaliquamquia','adt'),(16,'Delenitiauteos','aut'),(17,'Etvoluptasquia','cum'),(18,'Automnissed','occ'),(19,'Ipsamdebitiscorrupti','sin'),(20,'Veleaquemolestiae','rer'),(21,'Laborererumlaudantium','rer'),(22,'Faceredictaplaceat','est'),(23,'Nisidignissimosut','ine'),(24,'Nostrumeumaccusantium','ips'),(25,'Nisinullafuga','sed'),(26,'Ullammolestiastempora','omn'),(27,'Occaecatieavelit','exd'),(28,'Sitporroquasi','qua'),(29,'Delenitiquiveritatis','asp'),(30,'Porroipsaut','omn'),(31,'Doloresexplicaboarchitecto','vol'),(32,'Essequosit','rep'),(33,'Inetpraesentium','dol'),(34,'Autsedaut','sit'),(35,'Eosesteaque','mai'),(36,'Abametdelectus','nob'),(37,'Estquilaborum','rec'),(38,'Voluptasconsequaturperspiciatis','quo'),(39,'Estquiexcepturi','odi'),(40,'Abetrepellat','qui'),(41,'Eaqueutvoluptates','rep'),(42,'Voluptatemnostrumnon','hic'),(43,'Nonaperiamveritatis','cup'),(44,'Aliquamdoloresbeatae','sit'),(45,'Etettempora','dol'),(46,'Temporibusnona','mol'),(47,'Consequaturvoluptassaepe','ear'),(48,'Innamrecusandae','dol'),(49,'Etexdistinctio','des'),(50,'Itaquevoluptatesullam','aut'),(51,'Optioenimvoluptatem','mai'),(52,'Aliquamcumquea','asp'),(53,'Ausstellungsstrasse 60','AU60'),(54,'Ausstellungsstrasse 60','AU60'),(55,'Doloripsapariatur','odi'),(56,'Nesciuntsequimolestiae','atv'),(57,'Rerumsintquisquam','qui'),(58,'Explicaboullamanimi','dol'),(59,'Solutaconsequunturvoluptates','nih'),(60,'Commodidolormagnam','nul'),(61,'Dolorutearum','rep'),(62,'Officiadolorestempore','lib'),(63,'Quasidignissimosamet','vel'),(64,'Consequunturetincidunt','nul'),(65,'Maioresetcorrupti','est'),(66,'Possimuseumut','mol'),(67,'Istealiasmaiores','mol'),(68,'Ametducimussed','rec'),(69,'Suntlaudantiumtempora','rem'),(70,'Voluptatempariaturvoluptas','qua'),(71,'Cumsequidolorum','sap'),(72,'Quiblanditiisvoluptatem','vol'),(73,'Molestiassedmodi','arc'),(74,'Omnisrerumnemo','dol'),(75,'Doloremvelitdolorem','min'),(76,'Voluptasquisquamomnis','exe'),(77,'Quamestcommodi','sin'),(78,'Eosofficiaconsequatur','abd'),(79,'Doloremqueautharum','sit'),(80,'Consequaturnecessitatibuscommodi','vol'),(81,'Exmagnienim','sed'),(82,'Sequiiustobeatae','idq'),(83,'Possimusquaeenim','per'),(84,'Ipsacumodio','etu'),(85,'Quiacumqueoptio','nes'),(86,'Fugasimiliquesapiente','vol'),(87,'Cumutfugiat','uts'),(88,'Providentvoluptatibusin','rec'),(89,'Asperioresutamet','bla'),(90,'Omniscupiditatedistinctio','eni'),(91,'Abrerumaut','ali'),(92,'Numquamlaudantiumprovident','qui'),(93,'Sequietfacere','quo'),(94,'Amethicet','neq'),(95,'Facilisnihilnemo','etm'),(96,'Quiestminus','vol'),(97,'Accusamuseiusrepudiandae','adc'),(98,'Dolorecumquequam','etq'),(99,'Consequaturveritatispossimus','idu'),(100,'Autemquidemcum','eta'),(101,'Inciduntnihileius','tem'),(102,'Assumendavoluptatibusitaque','est'),(103,'Molestiasquastotam','est'),(104,'Quomaiorestenetur','vol'),(105,'Sedvoluptatemnesciunt','ali'),(106,'Quasisitet','tem'),(107,'Reiciendisesseex','fug'),(108,'Exercitationemautqui','quo'),(109,'Etnoncumque','off'),(110,'Eteosqui','quo'),(111,'Errorrepudiandaenulla','des'),(112,'Voluptasinventoreaut','ani'),(113,'Ipsamquisatque','omn'),(114,'Quivoluptasat','ape'),(115,'Natusetnostrum','eum'),(116,'Consequaturutquo','asp'),(117,'Quisineaque','tem'),(118,'Delenitiessequaerat','sed'),(119,'Cumetfacere','etm'),(120,'Utrerummolestiae','ala'),(121,'Earumoditadipisci','exc'),(122,'Etquodrem','vol'),(123,'Nemodignissimoslibero','exp'),(124,'Cumquefacilisomnis','qua'),(125,'Molestiaenihilest','aut'),(126,'Ipsameaodit','nem'),(127,'Omnisofficiaet','pra'),(128,'Aliasnemoipsa','iur'),(129,'Iurequiasit','mol'),(130,'Doloressuntmaxime','duc'),(131,'Officiisrepellendussimilique','odi'),(132,'Aliquamevenietneque','cor'),(133,'Fugitsedquae','lib'),(134,'Quinesciunttempora','atq'),(135,'Commodiquianesciunt','ull'),(136,'Occaecatirationeest','qua'),(137,'Vitaerepellendusnam','ten'),(138,'Autsitquam','qui'),(139,'Officiaquiaquidem','qui'),(140,'Dolorexplicaboincidunt','ali'),(141,'Cumcorruptiaccusamus','qui'),(142,'Consequatursolutaconsequatur','eve'),(143,'Dolorcumquequibusdam','lab'),(144,'Dignissimosexcepturinostrum','odi'),(145,'Utoccaecatiaut','vol'),(146,'Ipsumdoloresit','por'),(147,'Ipsamolestiaeculpa','occ'),(148,'Easuscipitrecusandae','off'),(149,'Voluptatemeiusnostrum','bea'),(150,'Omnissintaccusantium','fug'),(151,'Harumreiciendisat','sin'),(152,'Placeatcumquelaboriosam','omn'),(153,'Dolorumquiaquo','asp'),(154,'Quiafugavero','hic'),(155,'Exercitationemconsequunturdebitis','ape'),(156,'Quibusdamaccusamusvoluptatibus','qui'),(157,'Deseruntnemonobis','lab'),(158,'Estaliasvoluptatem','lab'),(159,'Utautest','sit'),(160,'Omnissedest','ips'),(161,'Minuscumqueet','fac'),(162,'Adipiscinumquamsequi','sap'),(163,'Quasimaximenon','non'),(164,'Consequunturdolornobis','fug'),(165,'Nemototamat','rer'),(166,'Voluptatemetvoluptatem','cor'),(167,'Reiciendisestmolestiae','pos'),(168,'Saepeexercitationemet','eta'),(169,'Cumevenietaut','dol'),(170,'Consequatursitut','cup'),(171,'Nondelectuscorporis','qui'),(172,'Great Pyramid of Giza','ZZZ'),(173,'Expeditadistinctiopossimus','mag'),(174,'Autmolestiaeexercitationem','duc'),(175,'Debitislaborumdelectus','rer'),(176,'Architectoquisquamdolorem','com'),(177,'Liberodictaid','omn'),(178,'Reiciendispraesentiumaut','eos'),(179,'Sapientemaximeest','mol'),(180,'Istenecessitatibusipsam','con'),(181,'Autemnisitotam','ill'),(182,'Odioquiatotam','pla'),(183,'Etoditsuscipit','ape'),(184,'Etquisest','qua'),(185,'Quiaauttemporibus','num'),(186,'Absitillum','fug'),(187,'Facerebeataesit','non'),(188,'Consequunturexplicabonam','dol'),(189,'Pariaturrecusandaevitae','dol');
/*!40000 ALTER TABLE `buildings` ENABLE KEYS */;
UNLOCK TABLES;

--
-- Table structure for table `contract_lines`
--

DROP TABLE IF EXISTS `contract_lines`;
/*!40101 SET @saved_cs_client     = @@character_set_client */;
/*!40101 SET character_set_client = utf8 */;
CREATE TABLE `contract_lines` (
  `id` int(11) NOT NULL AUTO_INCREMENT,
  `contract_id` int(11) DEFAULT NULL,
  `type` varchar(255) COLLATE utf8_unicode_ci NOT NULL DEFAULT 'ItemLine',
  `item_id` int(11) DEFAULT NULL,
  `model_id` int(11) DEFAULT NULL,
  `quantity` int(11) DEFAULT '1',
  `start_date` date DEFAULT NULL,
  `end_date` date DEFAULT NULL,
  `returned_date` date DEFAULT NULL,
  `option_id` int(11) DEFAULT NULL,
  `purpose_id` int(11) DEFAULT NULL,
  `returned_to_user_id` int(11) DEFAULT NULL,
  `created_at` datetime DEFAULT NULL,
  `updated_at` datetime DEFAULT NULL,
  PRIMARY KEY (`id`),
  KEY `index_contract_lines_on_start_date` (`start_date`),
  KEY `index_contract_lines_on_end_date` (`end_date`),
  KEY `index_contract_lines_on_option_id` (`option_id`),
  KEY `index_contract_lines_on_contract_id` (`contract_id`),
  KEY `index_contract_lines_on_item_id` (`item_id`),
  KEY `index_contract_lines_on_model_id` (`model_id`),
  KEY `index_contract_lines_on_returned_date_and_contract_id` (`returned_date`,`contract_id`),
  KEY `index_contract_lines_on_type_and_contract_id` (`type`,`contract_id`),
  KEY `contract_lines_purpose_id_fk` (`purpose_id`),
  KEY `contract_lines_returned_to_user_id_fk` (`returned_to_user_id`),
  CONSTRAINT `contract_lines_returned_to_user_id_fk` FOREIGN KEY (`returned_to_user_id`) REFERENCES `users` (`id`),
  CONSTRAINT `contract_lines_contract_id_fk` FOREIGN KEY (`contract_id`) REFERENCES `contracts` (`id`) ON DELETE CASCADE,
  CONSTRAINT `contract_lines_item_id_fk` FOREIGN KEY (`item_id`) REFERENCES `items` (`id`),
  CONSTRAINT `contract_lines_model_id_fk` FOREIGN KEY (`model_id`) REFERENCES `models` (`id`),
  CONSTRAINT `contract_lines_option_id_fk` FOREIGN KEY (`option_id`) REFERENCES `options` (`id`),
  CONSTRAINT `contract_lines_purpose_id_fk` FOREIGN KEY (`purpose_id`) REFERENCES `purposes` (`id`)
) ENGINE=InnoDB AUTO_INCREMENT=170 DEFAULT CHARSET=utf8 COLLATE=utf8_unicode_ci;
/*!40101 SET character_set_client = @saved_cs_client */;

--
-- Dumping data for table `contract_lines`
--

LOCK TABLES `contract_lines` WRITE;
/*!40000 ALTER TABLE `contract_lines` DISABLE KEYS */;
INSERT INTO `contract_lines` VALUES (1,1,'ItemLine',NULL,1,1,'2016-07-25','2016-07-25',NULL,NULL,NULL,NULL,'2016-07-23 07:01:08','2016-07-23 07:01:08'),(2,1,'ItemLine',NULL,5,1,'2016-07-25','2016-07-25',NULL,NULL,NULL,NULL,'2016-07-23 07:01:08','2016-07-23 07:01:08'),(3,1,'ItemLine',NULL,9,1,'2016-07-25','2016-07-25',NULL,NULL,NULL,NULL,'2016-07-23 07:01:08','2016-07-23 07:01:08'),(4,1,'ItemLine',NULL,13,1,'2016-07-25','2016-07-25',NULL,NULL,NULL,NULL,'2016-07-23 07:01:08','2016-07-23 07:01:08'),(5,1,'ItemLine',NULL,17,1,'2016-07-25','2016-07-25',NULL,NULL,NULL,NULL,'2016-07-23 07:01:08','2016-07-23 07:01:08'),(6,1,'ItemLine',NULL,21,1,'2016-07-25','2016-07-25',NULL,NULL,NULL,NULL,'2016-07-23 07:01:08','2016-07-23 07:01:08'),(7,2,'ItemLine',NULL,25,1,'2016-07-25','2016-07-25',NULL,NULL,1,NULL,'2016-07-23 07:01:08','2016-07-23 07:01:08'),(8,2,'ItemLine',NULL,29,1,'2016-07-25','2016-07-25',NULL,NULL,1,NULL,'2016-07-23 07:01:08','2016-07-23 07:01:08'),(9,2,'ItemLine',NULL,33,1,'2016-07-25','2016-07-25',NULL,NULL,1,NULL,'2016-07-23 07:01:08','2016-07-23 07:01:08'),(10,2,'ItemLine',NULL,37,1,'2016-07-25','2016-07-25',NULL,NULL,1,NULL,'2016-07-23 07:01:08','2016-07-23 07:01:08'),(11,2,'ItemLine',NULL,41,1,'2016-07-25','2016-07-25',NULL,NULL,1,NULL,'2016-07-23 07:01:08','2016-07-23 07:01:08'),(12,3,'ItemLine',NULL,45,1,'2016-07-25','2016-07-25','2016-07-23',NULL,2,1,'2016-07-23 07:01:08','2016-07-23 07:01:08'),(13,3,'ItemLine',NULL,49,1,'2016-07-25','2016-07-25','2016-07-23',NULL,2,1,'2016-07-23 07:01:08','2016-07-23 07:01:08'),(14,3,'ItemLine',NULL,53,1,'2016-07-25','2016-07-25','2016-07-23',NULL,2,1,'2016-07-23 07:01:08','2016-07-23 07:01:08'),(15,3,'ItemLine',NULL,57,1,'2016-07-25','2016-07-25','2016-07-23',NULL,2,1,'2016-07-23 07:01:08','2016-07-23 07:01:08'),(16,3,'ItemLine',NULL,61,1,'2016-07-25','2016-07-25','2016-07-23',NULL,2,1,'2016-07-23 07:01:08','2016-07-23 07:01:08'),(17,3,'ItemLine',NULL,65,1,'2016-07-25','2016-07-25','2016-07-23',NULL,2,1,'2016-07-23 07:01:08','2016-07-23 07:01:08'),(18,4,'ItemLine',34,45,1,'2016-07-25','2016-07-25',NULL,NULL,3,NULL,'2016-07-23 07:01:08','2016-07-23 07:01:08'),(19,4,'ItemLine',35,45,1,'2016-07-25','2016-07-25',NULL,NULL,3,NULL,'2016-07-23 07:01:08','2016-07-23 07:01:08'),(20,4,'ItemLine',36,45,1,'2016-07-25','2016-07-25',NULL,NULL,3,NULL,'2016-07-23 07:01:08','2016-07-23 07:01:08'),(21,4,'ItemLine',37,49,1,'2016-07-25','2016-07-25',NULL,NULL,3,NULL,'2016-07-23 07:01:08','2016-07-23 07:01:08'),(22,4,'ItemLine',38,49,1,'2016-07-25','2016-07-25',NULL,NULL,3,NULL,'2016-07-23 07:01:08','2016-07-23 07:01:08'),(23,4,'ItemLine',39,49,1,'2016-07-25','2016-07-25',NULL,NULL,3,NULL,'2016-07-23 07:01:08','2016-07-23 07:01:08'),(24,4,'ItemLine',40,53,1,'2016-07-25','2016-07-25',NULL,NULL,3,NULL,'2016-07-23 07:01:08','2016-07-23 07:01:08'),(25,4,'ItemLine',41,53,1,'2016-07-25','2016-07-25',NULL,NULL,3,NULL,'2016-07-23 07:01:08','2016-07-23 07:01:08'),(26,4,'ItemLine',42,53,1,'2016-07-25','2016-07-25',NULL,NULL,3,NULL,'2016-07-23 07:01:08','2016-07-23 07:01:08'),(27,4,'ItemLine',43,57,1,'2016-07-25','2016-07-25',NULL,NULL,3,NULL,'2016-07-23 07:01:08','2016-07-23 07:01:08'),(28,4,'ItemLine',44,57,1,'2016-07-25','2016-07-25',NULL,NULL,3,NULL,'2016-07-23 07:01:08','2016-07-23 07:01:08'),(29,4,'ItemLine',45,57,1,'2016-07-25','2016-07-25',NULL,NULL,3,NULL,'2016-07-23 07:01:08','2016-07-23 07:01:08'),(30,4,'ItemLine',46,61,1,'2016-07-25','2016-07-25',NULL,NULL,3,NULL,'2016-07-23 07:01:08','2016-07-23 07:01:08'),(31,4,'ItemLine',47,61,1,'2016-07-25','2016-07-25',NULL,NULL,3,NULL,'2016-07-23 07:01:08','2016-07-23 07:01:08'),(32,4,'ItemLine',48,61,1,'2016-07-25','2016-07-25',NULL,NULL,3,NULL,'2016-07-23 07:01:08','2016-07-23 07:01:08'),(33,4,'ItemLine',49,65,1,'2016-07-25','2016-07-25',NULL,NULL,3,NULL,'2016-07-23 07:01:08','2016-07-23 07:01:08'),(34,4,'ItemLine',50,65,1,'2016-07-25','2016-07-25',NULL,NULL,3,NULL,'2016-07-23 07:01:08','2016-07-23 07:01:08'),(35,4,'ItemLine',51,65,1,'2016-07-25','2016-07-25',NULL,NULL,3,NULL,'2016-07-23 07:01:08','2016-07-23 07:01:08'),(36,4,'ItemLine',54,70,1,'2016-07-25','2016-07-25',NULL,NULL,3,NULL,'2016-07-23 07:01:08','2016-07-23 07:01:08'),(37,4,'ItemLine',55,70,1,'2016-07-25','2016-07-25',NULL,NULL,3,NULL,'2016-07-23 07:01:08','2016-07-23 07:01:08'),(38,4,'ItemLine',56,71,1,'2016-07-25','2016-07-25',NULL,NULL,3,NULL,'2016-07-23 07:01:08','2016-07-23 07:01:08'),(39,4,'ItemLine',58,73,1,'2016-07-25','2016-07-25',NULL,NULL,3,NULL,'2016-07-23 07:01:08','2016-07-23 07:01:08'),(40,4,'ItemLine',59,74,1,'2016-07-25','2016-07-25',NULL,NULL,3,NULL,'2016-07-23 07:01:08','2016-07-23 07:01:08'),(41,4,'ItemLine',60,75,1,'2016-07-25','2016-07-25',NULL,NULL,3,NULL,'2016-07-23 07:01:08','2016-07-23 07:01:08'),(42,4,'ItemLine',61,76,1,'2016-07-25','2016-07-25',NULL,NULL,3,NULL,'2016-07-23 07:01:08','2016-07-23 07:01:08'),(43,4,'ItemLine',62,77,1,'2016-07-25','2016-07-25',NULL,NULL,3,NULL,'2016-07-23 07:01:08','2016-07-23 07:01:08'),(44,4,'ItemLine',63,78,1,'2016-07-25','2016-07-25',NULL,NULL,3,NULL,'2016-07-23 07:01:08','2016-07-23 07:01:08'),(45,4,'ItemLine',64,79,1,'2016-07-25','2016-07-25',NULL,NULL,3,NULL,'2016-07-23 07:01:08','2016-07-23 07:01:08'),(46,4,'ItemLine',65,80,1,'2016-07-25','2016-07-25',NULL,NULL,3,NULL,'2016-07-23 07:01:08','2016-07-23 07:01:08'),(47,4,'ItemLine',66,81,1,'2016-07-25','2016-07-25',NULL,NULL,3,NULL,'2016-07-23 07:01:08','2016-07-23 07:01:08'),(48,5,'OptionLine',NULL,NULL,2,'2016-07-23','2016-07-25',NULL,4,4,NULL,'2016-07-23 07:01:08','2016-07-23 07:01:08'),(49,5,'ItemLine',175,179,1,'2016-07-23','2016-07-25',NULL,NULL,4,NULL,'2016-07-23 07:01:08','2016-07-23 07:01:08'),(50,6,'OptionLine',NULL,NULL,2,'2016-07-23','2016-07-23',NULL,5,5,NULL,'2016-07-23 07:01:08','2016-07-23 07:01:08'),(51,6,'OptionLine',NULL,NULL,1,'2016-07-23','2016-08-23',NULL,5,5,NULL,'2016-07-23 07:01:08','2016-07-23 07:01:08'),(52,7,'ItemLine',176,180,1,'2016-07-23','2016-07-25',NULL,NULL,6,NULL,'2016-07-23 07:01:08','2016-07-23 07:01:08'),(53,8,'ItemLine',177,181,1,'2016-07-18','2016-07-22',NULL,NULL,7,NULL,'2016-07-18 00:00:00','2016-07-18 00:00:00'),(54,8,'OptionLine',NULL,NULL,1,'2016-07-18','2016-07-22',NULL,6,7,NULL,'2016-07-18 00:00:00','2016-07-18 00:00:00'),(55,9,'ItemLine',180,185,1,'2016-07-23','2016-07-23','2016-07-23',NULL,8,NULL,'2016-07-23 07:01:08','2016-07-23 07:01:08'),(56,10,'ItemLine',181,186,1,'2016-07-23','2016-07-23','2016-07-23',NULL,9,NULL,'2016-07-23 07:01:08','2016-07-23 07:01:08'),(57,11,'ItemLine',NULL,96,1,'2016-07-30','2016-08-02',NULL,NULL,10,NULL,'2016-07-23 07:01:08','2016-07-23 07:01:08'),(58,11,'ItemLine',NULL,96,1,'2016-07-30','2016-08-02',NULL,NULL,10,NULL,'2016-07-23 07:01:08','2016-07-23 07:01:08'),(59,11,'ItemLine',NULL,96,1,'2016-07-30','2016-08-02',NULL,NULL,10,NULL,'2016-07-23 07:01:08','2016-07-23 07:01:08'),(60,11,'ItemLine',NULL,128,1,'2016-07-30','2016-08-02',NULL,NULL,10,NULL,'2016-07-23 07:01:08','2016-07-23 07:01:08'),(61,11,'ItemLine',NULL,128,1,'2016-07-30','2016-08-02',NULL,NULL,10,NULL,'2016-07-23 07:01:08','2016-07-23 07:01:08'),(62,11,'ItemLine',NULL,128,1,'2016-07-30','2016-08-02',NULL,NULL,10,NULL,'2016-07-23 07:01:08','2016-07-23 07:01:08'),(63,11,'ItemLine',NULL,128,1,'2016-07-30','2016-08-02',NULL,NULL,10,NULL,'2016-07-23 07:01:08','2016-07-23 07:01:08'),(64,12,'ItemLine',NULL,187,1,'2016-07-25','2016-07-25',NULL,NULL,11,NULL,'2016-07-23 07:01:08','2016-07-23 07:01:08'),(65,12,'ItemLine',NULL,191,1,'2016-07-25','2016-07-25',NULL,NULL,11,NULL,'2016-07-23 07:01:08','2016-07-23 07:01:08'),(66,12,'ItemLine',NULL,195,1,'2016-07-25','2016-07-25',NULL,NULL,11,NULL,'2016-07-23 07:01:08','2016-07-23 07:01:08'),(67,12,'ItemLine',NULL,199,1,'2016-07-25','2016-07-25',NULL,NULL,11,NULL,'2016-07-23 07:01:08','2016-07-23 07:01:08'),(68,12,'ItemLine',NULL,203,1,'2016-07-25','2016-07-25',NULL,NULL,11,NULL,'2016-07-23 07:01:08','2016-07-23 07:01:08'),(69,13,'ItemLine',NULL,207,1,'2016-07-25','2016-07-25',NULL,NULL,12,NULL,'2016-07-23 07:01:08','2016-07-23 07:01:08'),(70,13,'ItemLine',NULL,211,1,'2016-07-25','2016-07-25',NULL,NULL,12,NULL,'2016-07-23 07:01:08','2016-07-23 07:01:08'),(71,13,'ItemLine',NULL,215,1,'2016-07-25','2016-07-25',NULL,NULL,12,NULL,'2016-07-23 07:01:08','2016-07-23 07:01:08'),(72,13,'ItemLine',NULL,219,1,'2016-07-25','2016-07-25',NULL,NULL,12,NULL,'2016-07-23 07:01:08','2016-07-23 07:01:08'),(73,14,'ItemLine',NULL,128,1,'2016-07-25','2016-07-25',NULL,NULL,13,NULL,'2016-07-23 07:01:08','2016-07-23 07:01:08'),(74,15,'ItemLine',NULL,128,1,'2016-07-25','2016-07-25',NULL,NULL,14,NULL,'2016-07-23 07:01:08','2016-07-23 07:01:08'),(75,15,'ItemLine',NULL,96,1,'2016-07-25','2016-07-25',NULL,NULL,14,NULL,'2016-07-23 07:01:08','2016-07-23 07:01:08'),(76,16,'ItemLine',NULL,128,1,'2016-07-30','2016-07-31',NULL,NULL,15,NULL,'2016-07-23 07:01:08','2016-07-23 07:01:08'),(77,17,'ItemLine',NULL,70,1,'2016-07-25','2016-07-25',NULL,NULL,16,NULL,'2016-07-23 07:01:08','2016-07-23 07:01:08'),(78,17,'ItemLine',NULL,70,1,'2016-07-25','2016-07-25',NULL,NULL,16,NULL,'2016-07-23 07:01:08','2016-07-23 07:01:08'),(79,17,'ItemLine',NULL,70,1,'2016-07-25','2016-07-25',NULL,NULL,16,NULL,'2016-07-23 07:01:08','2016-07-23 07:01:08'),(80,18,'ItemLine',NULL,96,1,'2016-07-25','2016-07-25',NULL,NULL,17,NULL,'2016-07-23 07:01:08','2016-07-23 07:01:08'),(81,18,'ItemLine',NULL,128,1,'2016-07-25','2016-07-25',NULL,NULL,17,NULL,'2016-07-23 07:01:08','2016-07-23 07:01:08'),(82,18,'ItemLine',NULL,96,1,'2016-07-25','2016-07-25',NULL,NULL,17,NULL,'2016-07-23 07:01:08','2016-07-23 07:01:08'),(83,18,'ItemLine',NULL,128,1,'2016-07-25','2016-07-25',NULL,NULL,17,NULL,'2016-07-23 07:01:08','2016-07-23 07:01:08'),(84,18,'ItemLine',NULL,96,1,'2016-07-25','2016-07-25',NULL,NULL,17,NULL,'2016-07-23 07:01:08','2016-07-23 07:01:08'),(85,18,'ItemLine',NULL,128,1,'2016-07-25','2016-07-25',NULL,NULL,17,NULL,'2016-07-23 07:01:08','2016-07-23 07:01:08'),(86,18,'OptionLine',NULL,NULL,5,'2016-07-25','2016-07-25',NULL,1,17,NULL,'2016-07-23 07:01:08','2016-07-23 07:01:08'),(87,19,'ItemLine',NULL,167,1,'2016-07-25','2016-07-25',NULL,NULL,NULL,NULL,'2016-07-23 07:01:08','2016-07-23 07:01:08'),(88,20,'ItemLine',209,223,1,'2016-07-25','2016-07-25',NULL,NULL,NULL,NULL,'2016-07-23 07:01:08','2016-07-23 07:01:08'),(89,21,'ItemLine',81,96,1,'2016-07-23','2016-07-23',NULL,NULL,20,NULL,'2016-07-23 07:01:08','2016-07-23 07:01:08'),(90,22,'ItemLine',210,224,1,'2016-07-23','2016-07-23',NULL,NULL,21,NULL,'2016-07-23 07:01:08','2016-07-23 07:01:08'),(91,23,'ItemLine',52,69,1,'2016-07-23','2016-07-23',NULL,NULL,22,NULL,'2016-07-23 07:01:08','2016-07-23 07:01:08'),(92,23,'ItemLine',181,186,1,'2016-07-23','2016-07-23','2016-07-23',NULL,22,10,'2016-07-23 07:01:08','2016-07-23 07:01:08'),(93,24,'ItemLine',57,70,1,'2016-07-23','2016-07-23',NULL,NULL,23,NULL,'2016-07-23 07:01:08','2016-07-23 07:01:08'),(94,25,'ItemLine',211,225,1,'2016-07-23','2016-07-23',NULL,NULL,24,NULL,'2016-07-23 07:01:08','2016-07-23 07:01:08'),(95,26,'ItemLine',122,131,1,'2016-07-23','2016-07-24',NULL,NULL,25,NULL,'2016-07-23 07:01:08','2016-07-23 07:01:08'),(96,27,'ItemLine',NULL,226,1,'2016-07-19','2016-07-19',NULL,NULL,26,NULL,'2016-07-19 20:15:56','2016-07-19 20:15:56'),(97,27,'ItemLine',NULL,227,1,'2016-07-19','2016-07-19',NULL,NULL,26,NULL,'2016-07-19 20:15:56','2016-07-19 20:15:56'),(98,27,'ItemLine',NULL,228,1,'2016-07-19','2016-07-19',NULL,NULL,26,NULL,'2016-07-19 20:15:56','2016-07-19 20:15:56'),(99,27,'ItemLine',NULL,229,1,'2016-07-19','2016-07-19',NULL,NULL,26,NULL,'2016-07-19 20:15:56','2016-07-19 20:15:56'),(100,27,'ItemLine',NULL,230,1,'2016-07-19','2016-07-19',NULL,NULL,26,NULL,'2016-07-19 20:15:56','2016-07-19 20:15:56'),(101,28,'ItemLine',NULL,234,1,'2016-07-19','2016-07-19',NULL,NULL,27,NULL,'2016-07-19 20:15:56','2016-07-19 20:15:56'),(102,28,'ItemLine',NULL,235,1,'2016-07-19','2016-07-19',NULL,NULL,27,NULL,'2016-07-19 20:15:56','2016-07-19 20:15:56'),(103,28,'ItemLine',NULL,236,1,'2016-07-19','2016-07-19',NULL,NULL,27,NULL,'2016-07-19 20:15:56','2016-07-19 20:15:56'),(104,28,'ItemLine',NULL,237,1,'2016-07-19','2016-07-19',NULL,NULL,27,NULL,'2016-07-19 20:15:56','2016-07-19 20:15:56'),(105,29,'ItemLine',NULL,241,1,'2016-07-19','2016-07-19',NULL,NULL,28,NULL,'2016-07-19 20:15:56','2016-07-19 20:15:56'),(106,29,'ItemLine',NULL,242,1,'2016-07-19','2016-07-19',NULL,NULL,28,NULL,'2016-07-19 20:15:56','2016-07-19 20:15:56'),(107,29,'ItemLine',NULL,243,1,'2016-07-19','2016-07-19',NULL,NULL,28,NULL,'2016-07-19 20:15:56','2016-07-19 20:15:56'),(108,29,'ItemLine',NULL,244,1,'2016-07-19','2016-07-19',NULL,NULL,28,NULL,'2016-07-19 20:15:56','2016-07-19 20:15:56'),(109,29,'ItemLine',NULL,245,1,'2016-07-19','2016-07-19',NULL,NULL,28,NULL,'2016-07-19 20:15:56','2016-07-19 20:15:56'),(110,30,'ItemLine',NULL,249,1,'2016-07-19','2016-07-19',NULL,NULL,29,NULL,'2016-07-19 13:20:49','2016-07-19 13:20:49'),(111,30,'ItemLine',NULL,250,1,'2016-07-19','2016-07-19',NULL,NULL,29,NULL,'2016-07-19 13:20:49','2016-07-19 13:20:49'),(112,30,'ItemLine',NULL,251,1,'2016-07-19','2016-07-19',NULL,NULL,29,NULL,'2016-07-19 13:20:49','2016-07-19 13:20:49'),(113,30,'ItemLine',NULL,252,1,'2016-07-19','2016-07-19',NULL,NULL,29,NULL,'2016-07-19 13:20:49','2016-07-19 13:20:49'),(114,31,'ItemLine',NULL,253,1,'2016-07-18','2016-07-18',NULL,NULL,30,NULL,'2016-07-17 16:54:42','2016-07-17 16:54:42'),(115,31,'ItemLine',NULL,254,1,'2016-07-18','2016-07-18',NULL,NULL,30,NULL,'2016-07-17 16:54:42','2016-07-17 16:54:42'),(116,31,'ItemLine',NULL,255,1,'2016-07-18','2016-07-18',NULL,NULL,30,NULL,'2016-07-17 16:54:42','2016-07-17 16:54:42'),(117,31,'ItemLine',NULL,256,1,'2016-07-18','2016-07-18',NULL,NULL,30,NULL,'2016-07-17 16:54:42','2016-07-17 16:54:42'),(118,31,'ItemLine',NULL,257,1,'2016-07-18','2016-07-18',NULL,NULL,30,NULL,'2016-07-17 16:54:42','2016-07-17 16:54:42'),(119,31,'ItemLine',NULL,258,1,'2016-07-18','2016-07-18',NULL,NULL,30,NULL,'2016-07-17 16:54:42','2016-07-17 16:54:42'),(120,31,'ItemLine',NULL,258,1,'2016-07-18','2016-07-18',NULL,NULL,30,NULL,'2016-07-17 16:54:42','2016-07-17 16:54:42'),(121,32,'ItemLine',NULL,262,1,'2016-07-25','2016-07-25',NULL,NULL,31,NULL,'2016-07-23 07:01:08','2016-07-23 07:01:08'),(122,32,'ItemLine',NULL,263,1,'2016-07-25','2016-07-25',NULL,NULL,31,NULL,'2016-07-23 07:01:08','2016-07-23 07:01:08'),(123,32,'ItemLine',NULL,264,1,'2016-07-25','2016-07-25',NULL,NULL,31,NULL,'2016-07-23 07:01:08','2016-07-23 07:01:08'),(124,32,'ItemLine',NULL,265,1,'2016-07-25','2016-07-25',NULL,NULL,31,NULL,'2016-07-23 07:01:08','2016-07-23 07:01:08'),(125,32,'ItemLine',NULL,266,1,'2016-07-25','2016-07-25',NULL,NULL,31,NULL,'2016-07-23 07:01:08','2016-07-23 07:01:08'),(126,33,'ItemLine',NULL,270,1,'2016-07-25','2016-07-25',NULL,NULL,32,NULL,'2016-07-23 07:01:08','2016-07-23 07:01:08'),(127,33,'ItemLine',NULL,271,1,'2016-07-25','2016-07-25',NULL,NULL,32,NULL,'2016-07-23 07:01:08','2016-07-23 07:01:08'),(128,33,'ItemLine',NULL,272,1,'2016-07-25','2016-07-25',NULL,NULL,32,NULL,'2016-07-23 07:01:08','2016-07-23 07:01:08'),(129,33,'ItemLine',NULL,273,1,'2016-07-25','2016-07-25',NULL,NULL,32,NULL,'2016-07-23 07:01:08','2016-07-23 07:01:08'),(130,34,'ItemLine',NULL,274,1,'2016-07-25','2016-07-25',NULL,NULL,33,NULL,'2016-07-23 07:01:08','2016-07-23 07:01:08'),(131,34,'ItemLine',NULL,275,1,'2016-07-25','2016-07-25',NULL,NULL,33,NULL,'2016-07-23 07:01:08','2016-07-23 07:01:08'),(132,34,'ItemLine',NULL,276,1,'2016-07-25','2016-07-25',NULL,NULL,33,NULL,'2016-07-23 07:01:08','2016-07-23 07:01:08'),(133,35,'ItemLine',NULL,277,1,'2016-07-25','2016-07-25',NULL,NULL,34,NULL,'2016-07-23 07:01:08','2016-07-23 07:01:08'),(134,35,'ItemLine',NULL,278,1,'2016-07-25','2016-07-25',NULL,NULL,34,NULL,'2016-07-23 07:01:08','2016-07-23 07:01:08'),(135,35,'ItemLine',NULL,279,1,'2016-07-25','2016-07-25',NULL,NULL,34,NULL,'2016-07-23 07:01:08','2016-07-23 07:01:08'),(136,35,'ItemLine',NULL,280,1,'2016-07-25','2016-07-25',NULL,NULL,34,NULL,'2016-07-23 07:01:08','2016-07-23 07:01:08'),(137,35,'ItemLine',NULL,281,1,'2016-07-25','2016-07-25',NULL,NULL,34,NULL,'2016-07-23 07:01:08','2016-07-23 07:01:08'),(138,36,'ItemLine',NULL,96,1,'2016-07-30','2016-08-02',NULL,NULL,35,NULL,'2016-07-23 07:01:08','2016-07-23 07:01:08'),(139,36,'ItemLine',NULL,128,1,'2016-07-30','2016-08-02',NULL,NULL,35,NULL,'2016-07-23 07:01:08','2016-07-23 07:01:08'),(140,36,'ItemLine',NULL,128,1,'2016-07-31','2016-08-03',NULL,NULL,35,NULL,'2016-07-23 07:01:08','2016-07-23 07:01:08'),(141,37,'ItemLine',NULL,74,1,'2016-07-23','2016-07-24',NULL,NULL,35,NULL,'2016-07-23 07:01:08','2016-07-23 07:01:08'),(142,38,'ItemLine',NULL,70,1,'2016-07-21','2016-07-24',NULL,NULL,36,NULL,'2016-07-23 07:01:08','2016-07-23 07:01:08'),(143,38,'ItemLine',NULL,282,1,'2016-07-21','2016-07-24',NULL,NULL,36,NULL,'2016-07-23 07:01:08','2016-07-23 07:01:08'),(144,39,'ItemLine',151,70,1,'2016-07-23','2016-07-23',NULL,NULL,37,NULL,'2016-07-23 07:01:08','2016-07-23 07:01:08'),(145,39,'OptionLine',NULL,NULL,1,'2016-07-23','2016-07-23',NULL,1,37,NULL,'2016-07-23 07:01:08','2016-07-23 07:01:08'),(146,40,'ItemLine',NULL,96,1,'2016-08-29','2016-09-06',NULL,NULL,38,NULL,'2016-07-23 07:01:08','2016-07-23 07:01:08'),(147,41,'ItemLine',NULL,96,1,'2016-09-13','2016-09-16',NULL,NULL,39,NULL,'2016-07-23 07:01:08','2016-07-23 07:01:08'),(148,41,'ItemLine',NULL,96,1,'2016-09-13','2016-09-16',NULL,NULL,39,NULL,'2016-07-23 07:01:08','2016-07-23 07:01:08'),(149,41,'ItemLine',NULL,96,1,'2016-09-13','2016-09-16',NULL,NULL,39,NULL,'2016-07-23 07:01:08','2016-07-23 07:01:08'),(150,41,'ItemLine',NULL,96,1,'2016-09-13','2016-09-16',NULL,NULL,39,NULL,'2016-07-23 07:01:08','2016-07-23 07:01:08'),(151,41,'ItemLine',NULL,96,1,'2016-09-13','2016-09-16',NULL,NULL,39,NULL,'2016-07-23 07:01:08','2016-07-23 07:01:08'),(152,41,'ItemLine',NULL,96,1,'2016-09-13','2016-09-16',NULL,NULL,39,NULL,'2016-07-23 07:01:08','2016-07-23 07:01:08'),(153,42,'ItemLine',NULL,45,1,'2016-07-25','2016-07-25',NULL,NULL,40,NULL,'2016-07-23 07:01:08','2016-07-23 07:01:08'),(154,43,'ItemLine',117,128,1,'2016-07-18','2016-07-22',NULL,NULL,41,NULL,'2016-07-18 00:00:00','2016-07-18 00:00:00'),(155,44,'ItemLine',NULL,288,1,'2016-07-25','2016-07-25',NULL,NULL,42,NULL,'2016-07-23 07:01:08','2016-07-23 07:01:08'),(156,44,'ItemLine',NULL,289,1,'2016-07-25','2016-07-25',NULL,NULL,42,NULL,'2016-07-23 07:01:08','2016-07-23 07:01:08'),(157,44,'ItemLine',NULL,290,1,'2016-07-25','2016-07-25',NULL,NULL,42,NULL,'2016-07-23 07:01:08','2016-07-23 07:01:08'),(158,45,'ItemLine',271,291,1,'2016-07-23','2016-07-25',NULL,NULL,43,NULL,'2016-07-23 07:01:08','2016-07-23 07:01:08'),(159,45,'ItemLine',272,292,1,'2016-07-23','2016-07-25',NULL,NULL,43,NULL,'2016-07-23 07:01:08','2016-07-23 07:01:08'),(160,45,'ItemLine',273,293,1,'2016-07-23','2016-07-25',NULL,NULL,43,NULL,'2016-07-23 07:01:08','2016-07-23 07:01:08'),(161,46,'ItemLine',274,294,1,'2016-07-23','2016-07-25',NULL,NULL,44,NULL,'2016-07-23 07:01:08','2016-07-23 07:01:08'),(162,46,'ItemLine',275,295,1,'2016-07-23','2016-07-25',NULL,NULL,44,NULL,'2016-07-23 07:01:08','2016-07-23 07:01:08'),(163,46,'ItemLine',276,296,1,'2016-07-23','2016-07-25',NULL,NULL,44,NULL,'2016-07-23 07:01:08','2016-07-23 07:01:08'),(164,46,'ItemLine',277,297,1,'2016-07-23','2016-07-25',NULL,NULL,44,NULL,'2016-07-23 07:01:08','2016-07-23 07:01:08'),(165,47,'ItemLine',278,298,1,'2016-07-18','2016-07-18',NULL,NULL,45,NULL,'2016-07-18 00:00:00','2016-07-18 00:00:00'),(166,47,'ItemLine',279,299,1,'2016-07-18','2016-07-18',NULL,NULL,45,NULL,'2016-07-18 00:00:00','2016-07-18 00:00:00'),(167,47,'ItemLine',280,300,1,'2016-07-18','2016-07-18',NULL,NULL,45,NULL,'2016-07-18 00:00:00','2016-07-18 00:00:00'),(168,47,'ItemLine',281,301,1,'2016-07-18','2016-07-18',NULL,NULL,45,NULL,'2016-07-18 00:00:00','2016-07-18 00:00:00'),(169,47,'ItemLine',282,302,1,'2016-07-18','2016-07-18',NULL,NULL,45,NULL,'2016-07-18 00:00:00','2016-07-18 00:00:00');
/*!40000 ALTER TABLE `contract_lines` ENABLE KEYS */;
UNLOCK TABLES;

--
-- Table structure for table `contracts`
--

DROP TABLE IF EXISTS `contracts`;
/*!40101 SET @saved_cs_client     = @@character_set_client */;
/*!40101 SET character_set_client = utf8 */;
CREATE TABLE `contracts` (
  `id` int(11) NOT NULL AUTO_INCREMENT,
  `user_id` int(11) DEFAULT NULL,
  `delegated_user_id` int(11) DEFAULT NULL,
  `inventory_pool_id` int(11) DEFAULT NULL,
  `note` text COLLATE utf8_unicode_ci,
  `handed_over_by_user_id` int(11) DEFAULT NULL,
  `created_at` datetime DEFAULT NULL,
  `updated_at` datetime DEFAULT NULL,
  `status` enum('unsubmitted','submitted','rejected','approved','signed','closed') COLLATE utf8_unicode_ci NOT NULL,
  PRIMARY KEY (`id`),
  KEY `index_contracts_on_inventory_pool_id` (`inventory_pool_id`),
  KEY `index_contracts_on_status` (`status`),
  KEY `index_contracts_on_user_id` (`user_id`),
  KEY `contracts_delegated_user_id_fk` (`delegated_user_id`),
  KEY `contracts_handed_over_by_user_id_fk` (`handed_over_by_user_id`),
  CONSTRAINT `contracts_handed_over_by_user_id_fk` FOREIGN KEY (`handed_over_by_user_id`) REFERENCES `users` (`id`),
  CONSTRAINT `contracts_delegated_user_id_fk` FOREIGN KEY (`delegated_user_id`) REFERENCES `users` (`id`),
  CONSTRAINT `contracts_inventory_pool_id_fk` FOREIGN KEY (`inventory_pool_id`) REFERENCES `inventory_pools` (`id`),
  CONSTRAINT `contracts_user_id_fk` FOREIGN KEY (`user_id`) REFERENCES `users` (`id`)
) ENGINE=InnoDB AUTO_INCREMENT=48 DEFAULT CHARSET=utf8 COLLATE=utf8_unicode_ci;
/*!40101 SET character_set_client = @saved_cs_client */;

--
-- Dumping data for table `contracts`
--

LOCK TABLES `contracts` WRITE;
/*!40000 ALTER TABLE `contracts` DISABLE KEYS */;
INSERT INTO `contracts` VALUES (1,5,NULL,5,NULL,NULL,'2016-07-23 07:01:08','2016-07-23 07:01:08','unsubmitted'),(2,6,NULL,11,NULL,NULL,'2016-07-23 07:01:08','2016-07-23 07:01:08','approved'),(3,7,NULL,1,NULL,NULL,'2016-07-23 07:01:08','2016-07-23 07:01:08','closed'),(4,12,NULL,1,NULL,NULL,'2016-07-23 07:01:08','2016-07-23 07:01:08','approved'),(5,13,NULL,1,NULL,10,'2016-07-23 07:01:08','2016-07-23 07:01:08','signed'),(6,14,NULL,1,NULL,10,'2016-07-23 07:01:08','2016-07-23 07:01:08','signed'),(7,15,NULL,1,NULL,10,'2016-07-23 07:01:08','2016-07-23 07:01:08','signed'),(8,16,NULL,2,NULL,10,'2016-07-18 00:00:00','2016-07-18 00:00:00','signed'),(9,18,NULL,1,NULL,10,'2016-07-23 07:01:08','2016-07-23 07:01:08','closed'),(10,19,NULL,1,NULL,10,'2016-07-23 07:01:08','2016-07-23 07:01:08','closed'),(11,20,NULL,1,NULL,NULL,'2016-07-23 07:01:08','2016-07-23 07:01:08','submitted'),(12,20,NULL,3,NULL,NULL,'2016-07-23 07:01:08','2016-07-23 07:01:08','submitted'),(13,20,NULL,3,NULL,NULL,'2016-07-23 07:01:08','2016-07-23 07:01:08','submitted'),(14,20,NULL,1,NULL,NULL,'2016-07-23 07:01:08','2016-07-23 07:01:08','approved'),(15,20,NULL,1,NULL,NULL,'2016-07-23 07:01:08','2016-07-23 07:01:08','approved'),(16,20,NULL,1,NULL,NULL,'2016-07-23 07:01:08','2016-07-23 07:01:08','approved'),(17,20,NULL,1,NULL,NULL,'2016-07-23 07:01:08','2016-07-23 07:01:08','approved'),(18,20,NULL,1,NULL,NULL,'2016-07-23 07:01:08','2016-07-23 07:01:08','approved'),(19,20,NULL,1,NULL,NULL,'2016-07-23 07:01:08','2016-07-23 07:01:08','approved'),(20,20,NULL,1,NULL,NULL,'2016-07-23 07:01:08','2016-07-23 07:01:08','approved'),(21,20,NULL,1,NULL,10,'2016-07-23 07:01:08','2016-07-23 07:01:08','signed'),(22,20,NULL,1,NULL,10,'2016-07-23 07:01:08','2016-07-23 07:01:08','signed'),(23,20,NULL,2,NULL,10,'2016-07-23 07:01:08','2016-07-23 07:01:08','signed'),(24,20,NULL,2,NULL,10,'2016-07-23 07:01:08','2016-07-23 07:01:08','signed'),(25,20,NULL,2,NULL,10,'2016-07-23 07:01:08','2016-07-23 07:01:08','signed'),(26,20,NULL,1,NULL,10,'2016-07-23 07:01:08','2016-07-23 07:01:08','signed'),(27,23,NULL,1,NULL,NULL,'2016-07-19 20:15:56','2016-07-19 20:15:56','submitted'),(28,23,NULL,1,NULL,NULL,'2016-07-19 20:15:56','2016-07-19 20:15:56','approved'),(29,23,NULL,1,NULL,NULL,'2016-07-19 20:15:56','2016-07-19 20:15:56','rejected'),(30,23,NULL,1,NULL,NULL,'2016-07-19 13:20:49','2016-07-19 13:20:49','submitted'),(31,23,NULL,1,NULL,NULL,'2016-07-17 16:54:42','2016-07-17 16:54:42','submitted'),(32,24,NULL,1,NULL,NULL,'2016-07-23 07:01:08','2016-07-23 07:01:08','submitted'),(33,25,NULL,1,NULL,NULL,'2016-07-23 07:01:08','2016-07-23 07:01:08','submitted'),(34,26,NULL,1,NULL,NULL,'2016-07-23 07:01:08','2016-07-23 07:01:08','submitted'),(35,27,NULL,1,NULL,NULL,'2016-07-23 07:01:08','2016-07-23 07:01:08','submitted'),(36,28,NULL,1,NULL,NULL,'2016-07-23 07:01:08','2016-07-23 07:01:08','submitted'),(37,28,NULL,1,NULL,NULL,'2016-07-23 07:01:08','2016-07-23 07:01:08','submitted'),(38,28,NULL,1,NULL,NULL,'2016-07-23 07:01:08','2016-07-23 07:01:08','approved'),(39,28,NULL,1,NULL,10,'2016-07-23 07:01:08','2016-07-23 07:01:08','signed'),(40,29,NULL,1,NULL,NULL,'2016-07-23 07:01:08','2016-07-23 07:01:08','submitted'),(41,29,NULL,1,NULL,NULL,'2016-07-23 07:01:08','2016-07-23 07:01:08','submitted'),(42,29,NULL,1,NULL,NULL,'2016-07-23 07:01:08','2016-07-23 07:01:08','approved'),(43,29,NULL,1,NULL,10,'2016-07-18 00:00:00','2016-07-18 00:00:00','signed'),(44,33,30,1,NULL,NULL,'2016-07-23 07:01:08','2016-07-23 07:01:08','submitted'),(45,33,32,1,NULL,NULL,'2016-07-23 07:01:08','2016-07-23 07:01:08','approved'),(46,33,30,1,NULL,10,'2016-07-23 07:01:08','2016-07-23 07:01:08','signed'),(47,33,30,1,NULL,10,'2016-07-18 00:00:00','2016-07-18 00:00:00','signed');
/*!40000 ALTER TABLE `contracts` ENABLE KEYS */;
UNLOCK TABLES;

--
-- Table structure for table `database_authentications`
--

DROP TABLE IF EXISTS `database_authentications`;
/*!40101 SET @saved_cs_client     = @@character_set_client */;
/*!40101 SET character_set_client = utf8 */;
CREATE TABLE `database_authentications` (
  `id` int(11) NOT NULL AUTO_INCREMENT,
  `login` varchar(255) COLLATE utf8_unicode_ci DEFAULT NULL,
  `crypted_password` varchar(40) COLLATE utf8_unicode_ci DEFAULT NULL,
  `salt` varchar(40) COLLATE utf8_unicode_ci DEFAULT NULL,
  `user_id` int(11) DEFAULT NULL,
  `created_at` datetime DEFAULT NULL,
  `updated_at` datetime DEFAULT NULL,
  PRIMARY KEY (`id`),
  KEY `database_authentications_user_id_fk` (`user_id`),
  CONSTRAINT `database_authentications_user_id_fk` FOREIGN KEY (`user_id`) REFERENCES `users` (`id`) ON DELETE CASCADE
) ENGINE=InnoDB AUTO_INCREMENT=33 DEFAULT CHARSET=utf8 COLLATE=utf8_unicode_ci;
/*!40101 SET character_set_client = @saved_cs_client */;

--
-- Dumping data for table `database_authentications`
--

LOCK TABLES `database_authentications` WRITE;
/*!40000 ALTER TABLE `database_authentications` DISABLE KEYS */;
INSERT INTO `database_authentications` VALUES (1,'ramon','7d66fa62d571d6bbf07bc5e5369be2310f18934f','fa50fc657e56f7c6be2123ab05e61c483e623b5f',1,'2016-07-23 07:01:08','2016-07-23 07:01:08'),(2,'jarod_adams_9158','8bcc5d61cc5a1d80ad71c1536adeac41d33c6a07','4f51442bbaf601958999b2d93b708b6f434dc0a0',2,'2016-07-23 07:01:08','2016-07-23 07:01:08'),(3,'bailey_8538','45a4f44c1da9596d16a842dac60241b4b6aecca2','64c38c45ba3a37929d4f86356f9a8dce4f763605',3,'2016-07-23 07:01:08','2016-07-23 07:01:08'),(4,'mortimer_438','7a75f195ce55c1d5aee2fa9c13d816c885245ec2','a20f07200271cbb18057e6c43cc8c4a76c51d15d',4,'2016-07-23 07:01:08','2016-07-23 07:01:08'),(5,'jaleel.prosacco_1188','abc1a6ef2201639a19cdde558a1d3cb4d060d399','455ff82dbdb75837e6023427589e59b882d67d1e',5,'2016-07-23 07:01:08','2016-07-23 07:01:08'),(6,'madonna_8962','ad7cdf2d6de326ddfd34e67eaf90969b37e75709','8f2c421e86d4a2e41c9a5c6037fefbc5acd38a82',6,'2016-07-23 07:01:08','2016-07-23 07:01:08'),(7,'casimer.bruen_1456','efe0c8f802a5ebf6c4638065c7e92467a431c52e','662b3b1bf026f6016684ca158bb4cfd292386e03',7,'2016-07-23 07:01:08','2016-07-23 07:01:08'),(8,'matti','e2ad455cc24009024272b76ffa5886dc338b28d3','f665d5924abcd851d193ee89629a607494fc23f0',8,'2016-07-23 07:01:08','2016-07-23 07:01:08'),(9,'mike','d4c58a53f9ef63256facfda333547f2cd4b820bc','8ada9bf89a95c67b0b2fdb5067a657871902892f',9,'2016-07-23 07:01:08','2016-07-23 07:01:08'),(10,'pius','b89e21968af93d4600cfbe4c2d15488984b0a2d0','7700e73bf1e5ff8b25d38acdb6c9d63670f503ea',10,'2016-07-23 07:01:08','2016-07-23 07:01:08'),(11,'peter','87caeb03867adf5b4ed4a4d2dcf4cb5f0cee2e2a','5be3914997adb510a4e06415c2aaea9e1621e095',11,'2016-07-23 07:01:08','2016-07-23 07:01:08'),(12,'daren.zboncak_6398','31646aa068c64905914d380312d3f61c1a92e2fb','98aec563a47ff29a2c86f15907d0d9a69be3ff50',12,'2016-07-23 07:01:08','2016-07-23 07:01:08'),(13,'trinity_6780','07ed7f669715178afce5bf2e596ec88217194f45','b7c4e6670545ebd3f8a616f764612d88287408af',13,'2016-07-23 07:01:08','2016-07-23 07:01:08'),(14,'jayden_506','64f2b75cb2d21b3dc1bdf6c216c334060b293e49','5f404f71d30ffa76473ce8a52500e5f68f04a82f',14,'2016-07-23 07:01:08','2016-07-23 07:01:08'),(15,'abbigail_7573','b5b12995c44718c7db2b274c6076195dcba38b1c','b170278a8d11a3acc410964dcc7f68130e03cb66',15,'2016-07-23 07:01:08','2016-07-23 07:01:08'),(16,'dawson_7462','8542916797dd95cef4f5a12868560fa3386d0ed4','fc7ae26c621b7f06e8a77109d6e621bd6b40c0c9',16,'2016-07-18 00:00:00','2016-07-18 00:00:00'),(17,'enid_7024','e9f8fffa0bc860df77de6cec1a481ad26427902d','1c6c97975eb5ae011b0dd33bf16a4c1ef5ca6f7b',17,'2016-07-18 00:00:00','2016-07-18 00:00:00'),(18,'madge.cole_4103','06498bc77c9394408e647a87ce986148c9790b71','a79459f7aeccaef8735afa67503942be9a009bc1',18,'2016-07-23 07:01:08','2016-07-23 07:01:08'),(19,'brannon_bogan_9481','fc2afc680e69dc39b84b6397b76d75fd44892d89','90a3c7dcfad6be22244e07deda6f941bd190875e',19,'2016-07-23 07:01:08','2016-07-23 07:01:08'),(20,'normin','fb15297d409ef0e5bb7f52378e4422adde9945b4','b62ff8fe566a8187c95165707489745f9dfd41f9',20,'2016-07-23 07:01:08','2016-07-23 07:01:08'),(21,'andi','e0d524a2f9da66c74a357b6c998f21a4fd43a8eb','0873c266936331c0a5128010fb3574e9e56a8e31',21,'2016-07-23 07:01:08','2016-07-23 07:01:08'),(22,'reagan_howell_319','96542804cde253371d200e8a67521dca52070558','2823a12317255bc380c47beb02b58088a32eaad2',22,'2016-07-23 07:01:08','2016-07-23 07:01:08'),(23,'alek_7154','95e22df5ac765dbf4e90e342fa97b031f44a0151','e6881e2fa7b8f11b220d07b100f8a5476e2699da',23,'2016-07-23 07:01:08','2016-07-23 07:01:08'),(24,'jan_5315','0b3faf8c9cbb33a5f7667182974d52f83d248f89','ad39ecaab2b8cf0b247ae7fba972a0d44155414e',24,'2016-07-23 07:01:08','2016-07-23 07:01:08'),(25,'gilda.kulas_2948','9a628b9267d12293cf164335aadc0168e2503a4f','f527e8a11efe01dcc82cd997cf50ad9a1974c354',25,'2016-07-23 07:01:08','2016-07-23 07:01:08'),(26,'letha_840','23a801e2e2a33e4e7bcc5aeb6edc1c173794b0a5','4b7e3306b5040cc081c1d4d6216433c0f920c35b',26,'2016-07-23 07:01:08','2016-07-23 07:01:08'),(27,'arlo_8007','018493b7d7cd5402a857cf34ec377162940adbcd','a9491be87e5086ee53fb2f230fa7ca5baeae2433',27,'2016-07-23 07:01:08','2016-07-23 07:01:08'),(28,'petra','c5285acda7e705b114097be63dadb9e745fcdf80','24a01df7301f14495c53e96bcf25e1d7efa8fd48',28,'2016-07-23 07:01:08','2016-07-23 07:01:08'),(29,'lisa','9239db69da336a3de19632ed7270cc411e4d7453','b97d1d9bd12f0c32bd5e0b6a7d8327a364eacef8',29,'2016-07-23 07:01:08','2016-07-23 07:01:08'),(30,'mina','5f9ace50d9a1d53600a6ac2ccb998d0d1888a8b2','34c22c6be511a344eb4713428e136ed6e824298f',30,'2016-07-23 07:01:08','2016-07-23 07:01:08'),(31,'gino','fab8b6547cb77344f7a9a61a6be19e6a407f496b','a5f993ff67506225bbe5d7cf9fa29e0fd27c09fc',31,'2016-07-23 07:01:08','2016-07-23 07:01:08'),(32,'julie','45125454766cf7f21eb01d32c90974b215275b1d','53570824697f6537d360e1c8461c409f067b8832',32,'2016-07-23 07:01:08','2016-07-23 07:01:08');
/*!40000 ALTER TABLE `database_authentications` ENABLE KEYS */;
UNLOCK TABLES;

--
-- Table structure for table `delegations_users`
--

DROP TABLE IF EXISTS `delegations_users`;
/*!40101 SET @saved_cs_client     = @@character_set_client */;
/*!40101 SET character_set_client = utf8 */;
CREATE TABLE `delegations_users` (
  `delegation_id` int(11) DEFAULT NULL,
  `user_id` int(11) DEFAULT NULL,
  UNIQUE KEY `index_delegations_users_on_user_id_and_delegation_id` (`user_id`,`delegation_id`),
  KEY `index_delegations_users_on_delegation_id` (`delegation_id`),
  CONSTRAINT `delegations_users_delegation_id_fk` FOREIGN KEY (`delegation_id`) REFERENCES `users` (`id`),
  CONSTRAINT `delegations_users_user_id_fk` FOREIGN KEY (`user_id`) REFERENCES `users` (`id`)
) ENGINE=InnoDB DEFAULT CHARSET=utf8 COLLATE=utf8_unicode_ci;
/*!40101 SET character_set_client = @saved_cs_client */;

--
-- Dumping data for table `delegations_users`
--

LOCK TABLES `delegations_users` WRITE;
/*!40000 ALTER TABLE `delegations_users` DISABLE KEYS */;
INSERT INTO `delegations_users` VALUES (33,30),(34,30),(35,30),(36,30),(33,32),(34,32),(35,32),(36,32);
/*!40000 ALTER TABLE `delegations_users` ENABLE KEYS */;
UNLOCK TABLES;

--
-- Table structure for table `groups`
--

DROP TABLE IF EXISTS `groups`;
/*!40101 SET @saved_cs_client     = @@character_set_client */;
/*!40101 SET character_set_client = utf8 */;
CREATE TABLE `groups` (
  `id` int(11) NOT NULL AUTO_INCREMENT,
  `name` varchar(255) COLLATE utf8_unicode_ci DEFAULT NULL,
  `inventory_pool_id` int(11) DEFAULT NULL,
  `is_verification_required` tinyint(1) DEFAULT '0',
  `created_at` datetime DEFAULT NULL,
  `updated_at` datetime DEFAULT NULL,
  PRIMARY KEY (`id`),
  KEY `index_groups_on_inventory_pool_id` (`inventory_pool_id`),
  KEY `index_groups_on_is_verification_required` (`is_verification_required`),
  CONSTRAINT `groups_inventory_pool_id_fk` FOREIGN KEY (`inventory_pool_id`) REFERENCES `inventory_pools` (`id`)
) ENGINE=InnoDB AUTO_INCREMENT=10 DEFAULT CHARSET=utf8 COLLATE=utf8_unicode_ci;
/*!40101 SET character_set_client = @saved_cs_client */;

--
-- Dumping data for table `groups`
--

LOCK TABLES `groups` WRITE;
/*!40000 ALTER TABLE `groups` DISABLE KEYS */;
INSERT INTO `groups` VALUES (1,'Cast',1,0,'2016-07-23 07:01:08','2016-07-23 07:01:08'),(2,'IAD',1,0,'2016-07-23 07:01:08','2016-07-23 07:01:08'),(3,'Wu',1,0,'2016-07-23 07:01:08','2016-07-23 07:01:08'),(4,'Group Hifi',1,0,'2016-07-23 07:01:08','2016-07-23 07:01:08'),(5,'Group A',1,0,'2016-07-23 07:01:08','2016-07-23 07:01:08'),(6,'Group B',1,0,'2016-07-23 07:01:08','2016-07-23 07:01:08'),(7,'FFI',1,1,'2016-07-23 07:01:08','2016-07-23 07:01:08'),(8,'VTO',1,1,'2016-07-23 07:01:08','2016-07-23 07:01:08'),(9,'1. Semester',2,1,'2016-07-23 07:01:08','2016-07-23 07:01:08');
/*!40000 ALTER TABLE `groups` ENABLE KEYS */;
UNLOCK TABLES;

--
-- Table structure for table `groups_users`
--

DROP TABLE IF EXISTS `groups_users`;
/*!40101 SET @saved_cs_client     = @@character_set_client */;
/*!40101 SET character_set_client = utf8 */;
CREATE TABLE `groups_users` (
  `user_id` int(11) DEFAULT NULL,
  `group_id` int(11) DEFAULT NULL,
  UNIQUE KEY `index_groups_users_on_user_id_and_group_id` (`user_id`,`group_id`),
  KEY `index_groups_users_on_group_id` (`group_id`),
  CONSTRAINT `groups_users_user_id_fk` FOREIGN KEY (`user_id`) REFERENCES `users` (`id`),
  CONSTRAINT `groups_users_group_id_fk` FOREIGN KEY (`group_id`) REFERENCES `groups` (`id`)
) ENGINE=InnoDB DEFAULT CHARSET=utf8 COLLATE=utf8_unicode_ci;
/*!40101 SET character_set_client = @saved_cs_client */;

--
-- Dumping data for table `groups_users`
--

LOCK TABLES `groups_users` WRITE;
/*!40000 ALTER TABLE `groups_users` DISABLE KEYS */;
INSERT INTO `groups_users` VALUES (20,1),(23,7),(23,8),(24,7),(25,7),(25,8),(26,7),(26,9),(27,7),(29,1);
/*!40000 ALTER TABLE `groups_users` ENABLE KEYS */;
UNLOCK TABLES;

--
-- Table structure for table `histories`
--

DROP TABLE IF EXISTS `histories`;
/*!40101 SET @saved_cs_client     = @@character_set_client */;
/*!40101 SET character_set_client = utf8 */;
CREATE TABLE `histories` (
  `id` int(11) NOT NULL AUTO_INCREMENT,
  `text` varchar(255) COLLATE utf8_unicode_ci DEFAULT '',
  `type_const` int(11) DEFAULT NULL,
  `created_at` datetime NOT NULL,
  `target_id` int(11) NOT NULL,
  `target_type` varchar(255) COLLATE utf8_unicode_ci NOT NULL,
  `user_id` int(11) DEFAULT NULL,
  PRIMARY KEY (`id`),
  KEY `index_histories_on_target_type_and_target_id` (`target_type`,`target_id`),
  KEY `index_histories_on_type_const` (`type_const`),
  KEY `index_histories_on_user_id` (`user_id`),
  CONSTRAINT `histories_user_id_fk` FOREIGN KEY (`user_id`) REFERENCES `users` (`id`)
) ENGINE=InnoDB AUTO_INCREMENT=17 DEFAULT CHARSET=utf8 COLLATE=utf8_unicode_ci;
/*!40101 SET character_set_client = @saved_cs_client */;

--
-- Dumping data for table `histories`
--

LOCK TABLES `histories` WRITE;
/*!40000 ALTER TABLE `histories` DISABLE KEYS */;
INSERT INTO `histories` VALUES (1,'Contract 5 has been signed by Guido Leannon',1,'2016-07-23 07:01:08',5,'Contract',10),(2,'Contract 6 has been signed by Scottie Schuster',1,'2016-07-23 07:01:08',6,'Contract',10),(3,'Contract 7 has been signed by Connie Kunze',1,'2016-07-23 07:01:08',7,'Contract',10),(4,'Contract 8 has been signed by Dawson Hayes',1,'2016-07-18 00:00:00',8,'Contract',10),(5,'Contract 9 has been signed by Nyah Mueller',1,'2016-07-23 07:01:08',9,'Contract',10),(6,'Contract 10 has been signed by Claude Sawayn',1,'2016-07-23 07:01:08',10,'Contract',10),(7,'Contract 21 has been signed by Normin N.',1,'2016-07-23 07:01:08',21,'Contract',10),(8,'Contract 22 has been signed by Normin N.',1,'2016-07-23 07:01:08',22,'Contract',10),(9,'Contract 23 has been signed by Normin N.',1,'2016-07-23 07:01:08',23,'Contract',10),(10,'Contract 24 has been signed by Normin N.',1,'2016-07-23 07:01:08',24,'Contract',10),(11,'Contract 25 has been signed by Normin N.',1,'2016-07-23 07:01:08',25,'Contract',10),(12,'Contract 26 has been signed by Normin N.',1,'2016-07-23 07:01:08',26,'Contract',10),(13,'Contract 39 has been signed by Petra K.',1,'2016-07-23 07:01:08',39,'Contract',10),(14,'Contract 43 has been signed by Lisa L.',1,'2016-07-18 00:00:00',43,'Contract',10),(15,'Contract 46 has been signed by Dignissimos accusamus vero suscipit aspernatur.',1,'2016-07-23 07:01:08',46,'Contract',10),(16,'Contract 47 has been signed by Dignissimos accusamus vero suscipit aspernatur.',1,'2016-07-18 00:00:00',47,'Contract',10);
/*!40000 ALTER TABLE `histories` ENABLE KEYS */;
UNLOCK TABLES;

--
-- Table structure for table `holidays`
--

DROP TABLE IF EXISTS `holidays`;
/*!40101 SET @saved_cs_client     = @@character_set_client */;
/*!40101 SET character_set_client = utf8 */;
CREATE TABLE `holidays` (
  `id` int(11) NOT NULL AUTO_INCREMENT,
  `inventory_pool_id` int(11) DEFAULT NULL,
  `start_date` date DEFAULT NULL,
  `end_date` date DEFAULT NULL,
  `name` varchar(255) COLLATE utf8_unicode_ci DEFAULT NULL,
  PRIMARY KEY (`id`),
  KEY `index_holidays_on_inventory_pool_id` (`inventory_pool_id`),
  KEY `index_holidays_on_start_date_and_end_date` (`start_date`,`end_date`),
  CONSTRAINT `holidays_inventory_pool_id_fk` FOREIGN KEY (`inventory_pool_id`) REFERENCES `inventory_pools` (`id`) ON DELETE CASCADE
) ENGINE=InnoDB AUTO_INCREMENT=9 DEFAULT CHARSET=utf8 COLLATE=utf8_unicode_ci;
/*!40101 SET character_set_client = @saved_cs_client */;

--
-- Dumping data for table `holidays`
--

LOCK TABLES `holidays` WRITE;
/*!40000 ALTER TABLE `holidays` DISABLE KEYS */;
INSERT INTO `holidays` VALUES (1,1,'2016-12-24','2016-12-26','Christmas'),(2,1,'2017-12-24','2017-12-26','Christmas'),(3,2,'2016-12-24','2016-12-26','Christmas'),(4,2,'2017-12-24','2017-12-26','Christmas'),(5,3,'2016-12-24','2016-12-26','Christmas'),(6,3,'2017-12-24','2017-12-26','Christmas'),(7,1,'2016-12-24','2016-12-26','Christmas'),(8,1,'2017-12-24','2017-12-26','Christmas');
/*!40000 ALTER TABLE `holidays` ENABLE KEYS */;
UNLOCK TABLES;

--
-- Table structure for table `images`
--

DROP TABLE IF EXISTS `images`;
/*!40101 SET @saved_cs_client     = @@character_set_client */;
/*!40101 SET character_set_client = utf8 */;
CREATE TABLE `images` (
  `id` int(11) NOT NULL AUTO_INCREMENT,
  `is_main` tinyint(1) DEFAULT '0',
  `content_type` varchar(255) COLLATE utf8_unicode_ci DEFAULT NULL,
  `filename` varchar(255) COLLATE utf8_unicode_ci DEFAULT NULL,
  `size` int(11) DEFAULT NULL,
  `height` int(11) DEFAULT NULL,
  `width` int(11) DEFAULT NULL,
  `parent_id` int(11) DEFAULT NULL,
  `thumbnail` varchar(255) COLLATE utf8_unicode_ci DEFAULT NULL,
  `target_id` int(11) DEFAULT NULL,
  `target_type` varchar(255) COLLATE utf8_unicode_ci DEFAULT NULL,
  PRIMARY KEY (`id`),
  KEY `index_images_on_target_id_and_target_type` (`target_id`,`target_type`)
) ENGINE=InnoDB AUTO_INCREMENT=5 DEFAULT CHARSET=utf8 COLLATE=utf8_unicode_ci;
/*!40101 SET character_set_client = @saved_cs_client */;

--
-- Dumping data for table `images`
--

LOCK TABLES `images` WRITE;
/*!40000 ALTER TABLE `images` DISABLE KEYS */;
INSERT INTO `images` VALUES (1,0,'image/jpeg','perspiciatis',NULL,NULL,NULL,NULL,NULL,1,'ModelGroup'),(2,0,'image/jpeg','doloribus',NULL,NULL,NULL,NULL,NULL,165,'Model'),(3,0,'image/jpeg','accusantium',NULL,NULL,NULL,NULL,NULL,165,'Model'),(4,0,'image/jpeg','iure',NULL,NULL,NULL,NULL,NULL,166,'Model');
/*!40000 ALTER TABLE `images` ENABLE KEYS */;
UNLOCK TABLES;

--
-- Table structure for table `inventory_pools`
--

DROP TABLE IF EXISTS `inventory_pools`;
/*!40101 SET @saved_cs_client     = @@character_set_client */;
/*!40101 SET character_set_client = utf8 */;
CREATE TABLE `inventory_pools` (
  `id` int(11) NOT NULL AUTO_INCREMENT,
  `name` varchar(255) COLLATE utf8_unicode_ci DEFAULT NULL,
  `description` text COLLATE utf8_unicode_ci,
  `contact_details` varchar(255) COLLATE utf8_unicode_ci DEFAULT NULL,
  `contract_description` varchar(255) COLLATE utf8_unicode_ci DEFAULT NULL,
  `contract_url` varchar(255) COLLATE utf8_unicode_ci DEFAULT NULL,
  `logo_url` varchar(255) COLLATE utf8_unicode_ci DEFAULT NULL,
  `default_contract_note` text COLLATE utf8_unicode_ci,
  `shortname` varchar(255) COLLATE utf8_unicode_ci DEFAULT NULL,
  `email` varchar(255) COLLATE utf8_unicode_ci DEFAULT NULL,
  `color` text COLLATE utf8_unicode_ci,
  `print_contracts` tinyint(1) DEFAULT '1',
  `opening_hours` text COLLATE utf8_unicode_ci,
  `address_id` int(11) DEFAULT NULL,
  `automatic_suspension` tinyint(1) NOT NULL DEFAULT '0',
  `automatic_suspension_reason` text COLLATE utf8_unicode_ci,
  `automatic_access` tinyint(1) DEFAULT NULL,
  PRIMARY KEY (`id`),
  UNIQUE KEY `index_inventory_pools_on_name` (`name`),
  KEY `inventory_pools_address_id_fk` (`address_id`),
  CONSTRAINT `inventory_pools_address_id_fk` FOREIGN KEY (`address_id`) REFERENCES `addresses` (`id`)
) ENGINE=InnoDB AUTO_INCREMENT=14 DEFAULT CHARSET=utf8 COLLATE=utf8_unicode_ci;
/*!40101 SET character_set_client = @saved_cs_client */;

--
-- Dumping data for table `inventory_pools`
--

LOCK TABLES `inventory_pools` WRITE;
/*!40000 ALTER TABLE `inventory_pools` DISABLE KEYS */;
INSERT INTO `inventory_pools` VALUES (1,'A-Ausleihe','Wichtige Hinweise...\n Bitte die Gegenstnde rechtzeitig zurckbringen','A Verleih  /  ZHdK\nav@zh-dk.ch\n+41 00 00 00 00','Gert erhalten','av@zhdk.ch',NULL,'Nisi laboriosam aliquid in natus.','A','av@zhdk.ch',NULL,1,NULL,NULL,1,'Sunt non est tempora autem at ipsam ab.',NULL),(2,'IT-Ausleihe','Bringt die Gerte bitte rechtzeitig zurck','IT Verleih  /  ZHdK\nav@zh-dk.ch\n+41 00 00 00 00','Gert erhalten','it@zhdk.ch',NULL,NULL,'IT','it@zhdk.ch',NULL,1,NULL,NULL,1,'Impedit laudantium error dignissimos ea ea recusandae et.',NULL),(3,'AV-Technik','Bringt die Gerte bitte rechtzeitig zurck','AV Verleih  /  ZHdK\nav@zh-dk.ch\n+41 00 00 00 00','Gert erhalten','it@zhdk.ch',NULL,NULL,'AV','it@zhdk.ch',NULL,1,NULL,NULL,0,NULL,NULL),(4,'DT deletable','Bringt die Gerte bitte rechtzeitig zurck','AV Verleih  /  ZHdK\nav@zh-dk.ch\n+41 00 00 00 00','Gert erhalten','it@zhdk.ch',NULL,NULL,'DT','it@zhdk.ch',NULL,1,NULL,NULL,0,NULL,NULL),(5,'Beataeomnisquasiodio','Dolorem est doloremque quia odio.','Impedit labore quasi id temporibus voluptatem ad.','Beataeomnisquasiodio','denis_hahn@mclaughlin.com',NULL,NULL,'PK52Z4','denis_hahn@mclaughlin.com',NULL,1,NULL,NULL,0,NULL,NULL),(6,'Eumquiconsequunturperspiciatis','Molestias fugit et fugiat explicabo.','Minus dolores earum enim minima animi tenetur culpa voluptate.','Eumquiconsequunturperspiciatis','waino@fisher.com',NULL,NULL,'97TO16','waino@fisher.com',NULL,1,NULL,NULL,0,NULL,NULL),(7,'Esttemporarecusandaeneque','Quaerat quo sunt a esse voluptatibus et minima.','Dolorem delectus a modi rem eaque.','Esttemporarecusandaeneque','nash@monahan.info',NULL,NULL,'LXD62D','nash@monahan.info',NULL,1,NULL,NULL,0,NULL,NULL),(8,'Idnesciuntculpaearum','Labore sequi in animi.','Eos vel enim veritatis reiciendis itaque et nam saepe.','Idnesciuntculpaearum','aubree@hoeger.biz',NULL,NULL,'1OXF7I','aubree@hoeger.biz',NULL,1,NULL,NULL,0,NULL,NULL),(9,'Consequaturvitaedistinctiolabore','Reprehenderit commodi eum maxime sequi.','Corporis quibusdam voluptates non ab.','Consequaturvitaedistinctiolabore','melba@rutherford.biz',NULL,NULL,'RH0B4Q','melba@rutherford.biz',NULL,1,NULL,NULL,0,NULL,NULL),(10,'Doloremqueadvoluptasneque','Voluptatum libero facilis a recusandae velit.','Quos itaque maxime error.','Doloremqueadvoluptasneque','lilly_okuneva@abshire.name',NULL,NULL,'VD9OWQ','lilly_okuneva@abshire.name',NULL,1,NULL,NULL,0,NULL,NULL),(11,'Autporrosuscipitaut','Qui ratione accusantium nostrum.','Beatae voluptate architecto deleniti.','Autporrosuscipitaut','dolly@eichmann.info',NULL,NULL,'B6GGZJ','dolly@eichmann.info',NULL,1,NULL,NULL,0,NULL,NULL),(12,'Enimrationesuntenim','Natus maxime provident similique minus ducimus eaque odio labore.','Deleniti aut eos dolor iure explicabo occaecati.','Enimrationesuntenim','jeanie@renner.info',NULL,NULL,'W8QP6B','jeanie@renner.info',NULL,1,NULL,NULL,0,NULL,NULL),(13,'Odioofficiisipsablanditiis','Dolorem repudiandae magnam tempora quo laboriosam rem suscipit excepturi.','Reprehenderit ab voluptas nihil facilis exercitationem ipsa quasi.','Odioofficiisipsablanditiis','dakota.marks@hoeger.name',NULL,NULL,'MY6CXP','dakota.marks@hoeger.name',NULL,1,NULL,NULL,0,NULL,NULL);
/*!40000 ALTER TABLE `inventory_pools` ENABLE KEYS */;
UNLOCK TABLES;

--
-- Table structure for table `inventory_pools_model_groups`
--

DROP TABLE IF EXISTS `inventory_pools_model_groups`;
/*!40101 SET @saved_cs_client     = @@character_set_client */;
/*!40101 SET character_set_client = utf8 */;
CREATE TABLE `inventory_pools_model_groups` (
  `inventory_pool_id` int(11) DEFAULT NULL,
  `model_group_id` int(11) DEFAULT NULL,
  KEY `index_inventory_pools_model_groups_on_inventory_pool_id` (`inventory_pool_id`),
  KEY `index_inventory_pools_model_groups_on_model_group_id` (`model_group_id`),
  CONSTRAINT `inventory_pools_model_groups_model_group_id_fk` FOREIGN KEY (`model_group_id`) REFERENCES `model_groups` (`id`),
  CONSTRAINT `inventory_pools_model_groups_inventory_pool_id_fk` FOREIGN KEY (`inventory_pool_id`) REFERENCES `inventory_pools` (`id`)
) ENGINE=InnoDB DEFAULT CHARSET=utf8 COLLATE=utf8_unicode_ci;
/*!40101 SET character_set_client = @saved_cs_client */;

--
-- Dumping data for table `inventory_pools_model_groups`
--

LOCK TABLES `inventory_pools_model_groups` WRITE;
/*!40000 ALTER TABLE `inventory_pools_model_groups` DISABLE KEYS */;
INSERT INTO `inventory_pools_model_groups` VALUES (1,12),(1,13),(1,14);
/*!40000 ALTER TABLE `inventory_pools_model_groups` ENABLE KEYS */;
UNLOCK TABLES;

--
-- Table structure for table `items`
--

DROP TABLE IF EXISTS `items`;
/*!40101 SET @saved_cs_client     = @@character_set_client */;
/*!40101 SET character_set_client = utf8 */;
CREATE TABLE `items` (
  `id` int(11) NOT NULL AUTO_INCREMENT,
  `inventory_code` varchar(255) COLLATE utf8_unicode_ci DEFAULT NULL,
  `serial_number` varchar(255) COLLATE utf8_unicode_ci DEFAULT NULL,
  `model_id` int(11) DEFAULT NULL,
  `location_id` int(11) DEFAULT NULL,
  `supplier_id` int(11) DEFAULT NULL,
  `owner_id` int(11) NOT NULL,
  `parent_id` int(11) DEFAULT NULL,
  `invoice_number` varchar(255) COLLATE utf8_unicode_ci DEFAULT NULL,
  `invoice_date` date DEFAULT NULL,
  `last_check` date DEFAULT NULL,
  `retired` date DEFAULT NULL,
  `retired_reason` varchar(255) COLLATE utf8_unicode_ci DEFAULT NULL,
  `price` decimal(8,2) DEFAULT NULL,
  `is_broken` tinyint(1) DEFAULT '0',
  `is_incomplete` tinyint(1) DEFAULT '0',
  `is_borrowable` tinyint(1) DEFAULT '0',
  `needs_permission` tinyint(1) DEFAULT '0',
  `inventory_pool_id` int(11) NOT NULL,
  `is_inventory_relevant` tinyint(1) DEFAULT '0',
  `responsible` varchar(255) COLLATE utf8_unicode_ci DEFAULT NULL,
  `insurance_number` varchar(255) COLLATE utf8_unicode_ci DEFAULT NULL,
  `note` text COLLATE utf8_unicode_ci,
  `name` text COLLATE utf8_unicode_ci,
  `user_name` varchar(255) COLLATE utf8_unicode_ci DEFAULT NULL,
  `properties` varchar(2048) COLLATE utf8_unicode_ci DEFAULT NULL,
  `created_at` datetime DEFAULT NULL,
  `updated_at` datetime DEFAULT NULL,
  PRIMARY KEY (`id`),
  UNIQUE KEY `index_items_on_inventory_code` (`inventory_code`),
  KEY `index_items_on_inventory_pool_id` (`inventory_pool_id`),
  KEY `index_items_on_retired` (`retired`),
  KEY `index_items_on_is_borrowable` (`is_borrowable`),
  KEY `index_items_on_is_broken` (`is_broken`),
  KEY `index_items_on_is_incomplete` (`is_incomplete`),
  KEY `index_items_on_location_id` (`location_id`),
  KEY `index_items_on_owner_id` (`owner_id`),
  KEY `index_items_on_parent_id_and_retired` (`parent_id`,`retired`),
  KEY `index_items_on_model_id_and_retired_and_inventory_pool_id` (`model_id`,`retired`,`inventory_pool_id`),
  KEY `items_supplier_id_fk` (`supplier_id`),
  CONSTRAINT `items_supplier_id_fk` FOREIGN KEY (`supplier_id`) REFERENCES `suppliers` (`id`),
  CONSTRAINT `items_inventory_pool_id_fk` FOREIGN KEY (`inventory_pool_id`) REFERENCES `inventory_pools` (`id`),
  CONSTRAINT `items_location_id_fk` FOREIGN KEY (`location_id`) REFERENCES `locations` (`id`),
  CONSTRAINT `items_model_id_fk` FOREIGN KEY (`model_id`) REFERENCES `models` (`id`),
  CONSTRAINT `items_owner_id_fk` FOREIGN KEY (`owner_id`) REFERENCES `inventory_pools` (`id`),
  CONSTRAINT `items_parent_id_fk` FOREIGN KEY (`parent_id`) REFERENCES `items` (`id`) ON DELETE SET NULL
) ENGINE=InnoDB AUTO_INCREMENT=283 DEFAULT CHARSET=utf8 COLLATE=utf8_unicode_ci;
/*!40101 SET character_set_client = @saved_cs_client */;

--
-- Dumping data for table `items`
--

LOCK TABLES `items` WRITE;
/*!40000 ALTER TABLE `items` DISABLE KEYS */;
INSERT INTO `items` VALUES (1,'zkjeyfp0064tlns27oa8805','fa:8a:ca:41:7f:50-07:76:6d:ca:f3:ba-df:e9:68:5a:96:94',1,1,1,6,NULL,NULL,'2015-10-25','2016-07-23',NULL,NULL,1433.00,0,0,1,0,5,1,NULL,NULL,NULL,NULL,NULL,'--- !ruby/hash:ActiveSupport::HashWithIndifferentAccess\nanschaffungskategorie: AV-Technik\nreference: invoice\numzug: zgeln\nankunftszustand: intakt\n','2016-07-23 07:01:08','2016-07-23 07:01:08'),(2,'8atiqb5se3acwbnqff62806','da:be:c4:db:67:fb-fa:92:fe:ed:4d:c4-57:14:56:c7:2c:34',1,2,2,7,NULL,NULL,'2011-04-03','2016-07-23',NULL,NULL,724.00,0,0,1,0,5,1,NULL,NULL,NULL,NULL,NULL,'--- !ruby/hash:ActiveSupport::HashWithIndifferentAccess\nanschaffungskategorie: AV-Technik\nreference: invoice\numzug: zgeln\nankunftszustand: intakt\n','2016-07-23 07:01:08','2016-07-23 07:01:08'),(3,'q4iwitjv6hl8exoc7ylc807','14:45:d3:d9:8d:5f-d7:74:a1:10:49:53-37:60:bd:fb:c2:56',1,3,3,2,NULL,NULL,'2012-07-07','2016-07-23',NULL,NULL,1000.00,0,0,1,0,5,1,NULL,NULL,NULL,NULL,NULL,'--- !ruby/hash:ActiveSupport::HashWithIndifferentAccess\nanschaffungskategorie: AV-Technik\nreference: invoice\numzug: zgeln\nankunftszustand: intakt\n','2016-07-23 07:01:08','2016-07-23 07:01:08'),(4,'bghf9p8cnt1w7orm9ekp808','f4:51:4d:ee:bb:31-02:48:9f:f0:45:1a-d3:cd:74:a7:6b:e4',5,4,4,2,NULL,NULL,'2012-05-16','2016-07-23',NULL,NULL,100.00,0,0,1,0,5,1,NULL,NULL,NULL,NULL,NULL,'--- !ruby/hash:ActiveSupport::HashWithIndifferentAccess\nanschaffungskategorie: AV-Technik\nreference: invoice\numzug: zgeln\nankunftszustand: intakt\n','2016-07-23 07:01:08','2016-07-23 07:01:08'),(5,'rrb3n34ug01ioy2sfzks809','e3:7b:14:36:15:84-e1:54:dc:fb:99:ab-69:c3:70:15:6e:d3',5,5,5,8,NULL,NULL,'2014-09-02','2016-07-23',NULL,NULL,36.00,0,0,1,0,5,1,NULL,NULL,NULL,NULL,NULL,'--- !ruby/hash:ActiveSupport::HashWithIndifferentAccess\nanschaffungskategorie: AV-Technik\nreference: invoice\numzug: zgeln\nankunftszustand: intakt\n','2016-07-23 07:01:08','2016-07-23 07:01:08'),(6,'h6r5fmkfqw7o0u5ru92i810','08:55:e6:05:a1:fb-b0:c1:af:4d:70:fe-67:b6:6b:99:48:0b',5,6,6,4,NULL,NULL,'2012-03-19','2016-07-23',NULL,NULL,513.00,0,0,1,0,5,1,NULL,NULL,NULL,NULL,NULL,'--- !ruby/hash:ActiveSupport::HashWithIndifferentAccess\nanschaffungskategorie: AV-Technik\nreference: invoice\numzug: zgeln\nankunftszustand: intakt\n','2016-07-23 07:01:08','2016-07-23 07:01:08'),(7,'p16m57dbeg35r7ghp859811','0d:58:90:24:5a:dd-c1:2c:f2:cf:ca:23-99:6c:30:86:b5:dd',9,7,7,9,NULL,NULL,'2011-11-18','2016-07-23',NULL,NULL,1255.00,0,0,1,0,5,1,NULL,NULL,NULL,NULL,NULL,'--- !ruby/hash:ActiveSupport::HashWithIndifferentAccess\nanschaffungskategorie: AV-Technik\nreference: invoice\numzug: zgeln\nankunftszustand: intakt\n','2016-07-23 07:01:08','2016-07-23 07:01:08'),(8,'bof37jvfg13h1z6liohi812','46:6b:60:73:bf:a1-62:68:0f:2c:ad:fd-6c:77:16:f2:73:ce',9,8,8,10,NULL,NULL,'2014-09-21','2016-07-23',NULL,NULL,858.00,0,0,1,0,5,1,NULL,NULL,NULL,NULL,NULL,'--- !ruby/hash:ActiveSupport::HashWithIndifferentAccess\nanschaffungskategorie: AV-Technik\nreference: invoice\numzug: zgeln\nankunftszustand: intakt\n','2016-07-23 07:01:08','2016-07-23 07:01:08'),(9,'1ckqggeloqc01xoul7vw813','14:2a:7b:73:11:13-9b:7f:25:93:ba:eb-5b:a2:e7:07:29:f2',9,9,9,10,NULL,NULL,'2013-04-20','2016-07-23',NULL,NULL,627.00,0,0,1,0,5,1,NULL,NULL,NULL,NULL,NULL,'--- !ruby/hash:ActiveSupport::HashWithIndifferentAccess\nanschaffungskategorie: AV-Technik\nreference: invoice\numzug: zgeln\nankunftszustand: intakt\n','2016-07-23 07:01:08','2016-07-23 07:01:08'),(10,'d64u1e0j4z3a15s2bkpk814','6e:43:18:c0:0b:93-d4:09:04:55:a7:88-f7:80:7a:a0:7e:1a',13,10,10,7,NULL,NULL,'2014-04-11','2016-07-23',NULL,NULL,927.00,0,0,1,0,5,1,NULL,NULL,NULL,NULL,NULL,'--- !ruby/hash:ActiveSupport::HashWithIndifferentAccess\nanschaffungskategorie: AV-Technik\nreference: invoice\numzug: zgeln\nankunftszustand: intakt\n','2016-07-23 07:01:08','2016-07-23 07:01:08'),(11,'nhi0mfmjwmj2evh4jtht815','ab:41:a3:e0:94:e6-e7:e6:61:40:f6:e4-81:92:58:0d:a0:fa',13,11,11,9,NULL,NULL,'2014-11-07','2016-07-23',NULL,NULL,959.00,0,0,1,0,5,1,NULL,NULL,NULL,NULL,NULL,'--- !ruby/hash:ActiveSupport::HashWithIndifferentAccess\nanschaffungskategorie: AV-Technik\nreference: invoice\numzug: zgeln\nankunftszustand: intakt\n','2016-07-23 07:01:08','2016-07-23 07:01:08'),(12,'uva4vj0qystlh0ekprd5816','6e:ab:1a:af:ac:bd-c4:4d:06:90:7e:1c-fe:e0:2a:fe:09:28',13,12,12,10,NULL,NULL,'2015-11-15','2016-07-23',NULL,NULL,1172.00,0,0,1,0,5,1,NULL,NULL,NULL,NULL,NULL,'--- !ruby/hash:ActiveSupport::HashWithIndifferentAccess\nanschaffungskategorie: AV-Technik\nreference: invoice\numzug: zgeln\nankunftszustand: intakt\n','2016-07-23 07:01:08','2016-07-23 07:01:08'),(13,'9ohv63dzal56ueclkb1k817','96:24:fa:f9:cf:ce-da:9a:41:93:04:7f-fa:78:21:cb:62:d3',17,13,13,4,NULL,NULL,'2012-01-30','2016-07-23',NULL,NULL,337.00,0,0,1,0,5,1,NULL,NULL,NULL,NULL,NULL,'--- !ruby/hash:ActiveSupport::HashWithIndifferentAccess\nanschaffungskategorie: AV-Technik\nreference: invoice\numzug: zgeln\nankunftszustand: intakt\n','2016-07-23 07:01:08','2016-07-23 07:01:08'),(14,'c92fwfcls5ctb3cryigi818','ae:4a:bd:d6:5a:67-7e:0c:6c:fa:38:a5-45:42:48:b2:f0:da',17,14,14,4,NULL,NULL,'2011-12-22','2016-07-23',NULL,NULL,197.00,0,0,1,0,5,1,NULL,NULL,NULL,NULL,NULL,'--- !ruby/hash:ActiveSupport::HashWithIndifferentAccess\nanschaffungskategorie: AV-Technik\nreference: invoice\numzug: zgeln\nankunftszustand: intakt\n','2016-07-23 07:01:08','2016-07-23 07:01:08'),(15,'y9kim500k1hs5giymwcb819','38:e8:cb:e2:e9:db-ec:93:53:55:c2:d6-6e:28:47:a4:04:a0',17,15,15,1,NULL,NULL,'2013-01-20','2016-07-23',NULL,NULL,825.00,0,0,1,0,5,1,NULL,NULL,NULL,NULL,NULL,'--- !ruby/hash:ActiveSupport::HashWithIndifferentAccess\nanschaffungskategorie: AV-Technik\nreference: invoice\numzug: zgeln\nankunftszustand: intakt\n','2016-07-23 07:01:08','2016-07-23 07:01:08'),(16,'b0m1gkt4nyo8zuh5pvaw820','2c:d4:63:35:ac:3b-86:bd:1a:6d:7d:15-7d:ae:a6:79:65:b1',21,16,16,5,NULL,NULL,'2015-10-01','2016-07-23',NULL,NULL,1260.00,0,0,1,0,5,1,NULL,NULL,NULL,NULL,NULL,'--- !ruby/hash:ActiveSupport::HashWithIndifferentAccess\nanschaffungskategorie: AV-Technik\nreference: invoice\numzug: zgeln\nankunftszustand: intakt\n','2016-07-23 07:01:08','2016-07-23 07:01:08'),(17,'99aw3pw5bub42c50g1ev821','46:ee:4a:0e:fc:a2-90:ff:33:0d:50:b8-9c:a3:f6:95:f1:06',21,17,17,3,NULL,NULL,'2015-06-17','2016-07-23',NULL,NULL,1438.00,0,0,1,0,5,1,NULL,NULL,NULL,NULL,NULL,'--- !ruby/hash:ActiveSupport::HashWithIndifferentAccess\nanschaffungskategorie: AV-Technik\nreference: invoice\numzug: zgeln\nankunftszustand: intakt\n','2016-07-23 07:01:08','2016-07-23 07:01:08'),(18,'8psg5q9oovbwise1wvp8822','66:14:34:0a:83:07-7f:ad:6c:b1:bb:3e-7e:08:6a:1a:90:39',21,18,18,9,NULL,NULL,'2013-04-03','2016-07-23',NULL,NULL,307.00,0,0,1,0,5,1,NULL,NULL,NULL,NULL,NULL,'--- !ruby/hash:ActiveSupport::HashWithIndifferentAccess\nanschaffungskategorie: AV-Technik\nreference: invoice\numzug: zgeln\nankunftszustand: intakt\n','2016-07-23 07:01:08','2016-07-23 07:01:08'),(19,'oc9mlse0xohqw9nc6q77823','20:3a:2d:c2:9c:2b-c3:7d:5f:e2:36:3a-b3:d2:72:17:91:ec',25,19,19,4,NULL,NULL,'2013-09-27','2016-07-23',NULL,NULL,795.00,0,0,1,0,11,1,NULL,NULL,NULL,NULL,NULL,'--- !ruby/hash:ActiveSupport::HashWithIndifferentAccess\nanschaffungskategorie: AV-Technik\nreference: invoice\numzug: zgeln\nankunftszustand: intakt\n','2016-07-23 07:01:08','2016-07-23 07:01:08'),(20,'5ry4z23i286k7veme1lz824','03:0d:d9:e7:6c:a5-f3:07:30:82:99:c7-f6:f5:bf:e0:57:3b',25,20,20,3,NULL,NULL,'2012-03-02','2016-07-23',NULL,NULL,248.00,0,0,1,0,11,1,NULL,NULL,NULL,NULL,NULL,'--- !ruby/hash:ActiveSupport::HashWithIndifferentAccess\nanschaffungskategorie: AV-Technik\nreference: invoice\numzug: zgeln\nankunftszustand: intakt\n','2016-07-23 07:01:08','2016-07-23 07:01:08'),(21,'x03uznpyfot1el1mazwa825','fb:13:84:33:e2:37-8b:f1:96:7d:9e:29-46:fe:e5:d3:c1:4d',25,21,21,9,NULL,NULL,'2011-03-02','2016-07-23',NULL,NULL,247.00,0,0,1,0,11,1,NULL,NULL,NULL,NULL,NULL,'--- !ruby/hash:ActiveSupport::HashWithIndifferentAccess\nanschaffungskategorie: AV-Technik\nreference: invoice\numzug: zgeln\nankunftszustand: intakt\n','2016-07-23 07:01:08','2016-07-23 07:01:08'),(22,'7h36z017nmq383nsxljg826','2b:de:0e:df:52:1d-72:a9:6f:a6:38:da-3c:91:3d:cf:ed:77',29,22,22,10,NULL,NULL,'2011-11-28','2016-07-23',NULL,NULL,429.00,0,0,1,0,11,1,NULL,NULL,NULL,NULL,NULL,'--- !ruby/hash:ActiveSupport::HashWithIndifferentAccess\nanschaffungskategorie: AV-Technik\nreference: invoice\numzug: zgeln\nankunftszustand: intakt\n','2016-07-23 07:01:08','2016-07-23 07:01:08'),(23,'ha2wyczy1h2bgw1u1760827','bc:83:dc:ee:86:f6-81:0e:d1:6a:45:41-77:a0:e0:e1:9d:d4',29,23,23,5,NULL,NULL,'2013-09-27','2016-07-23',NULL,NULL,264.00,0,0,1,0,11,1,NULL,NULL,NULL,NULL,NULL,'--- !ruby/hash:ActiveSupport::HashWithIndifferentAccess\nanschaffungskategorie: AV-Technik\nreference: invoice\numzug: zgeln\nankunftszustand: intakt\n','2016-07-23 07:01:08','2016-07-23 07:01:08'),(24,'fftovcmrx4d7vtxu6jud828','71:54:2f:23:45:23-64:6f:a0:6c:83:f4-6e:fd:01:a7:0f:08',29,24,24,9,NULL,NULL,'2012-03-18','2016-07-23',NULL,NULL,39.00,0,0,1,0,11,1,NULL,NULL,NULL,NULL,NULL,'--- !ruby/hash:ActiveSupport::HashWithIndifferentAccess\nanschaffungskategorie: AV-Technik\nreference: invoice\numzug: zgeln\nankunftszustand: intakt\n','2016-07-23 07:01:08','2016-07-23 07:01:08'),(25,'zd8bobd4ncdjwz9sa3ss829','db:d8:5a:62:4e:39-ff:3a:bd:f3:ed:bd-21:4d:7f:ee:a7:f2',33,25,25,6,NULL,NULL,'2014-08-13','2016-07-23',NULL,NULL,141.00,0,0,1,0,11,1,NULL,NULL,NULL,NULL,NULL,'--- !ruby/hash:ActiveSupport::HashWithIndifferentAccess\nanschaffungskategorie: AV-Technik\nreference: invoice\numzug: zgeln\nankunftszustand: intakt\n','2016-07-23 07:01:08','2016-07-23 07:01:08'),(26,'iq5pvnnpg6oqm0frn6qq830','81:fd:ab:bd:ce:7b-97:d4:bd:42:ff:56-8d:de:35:64:26:e3',33,26,26,3,NULL,NULL,'2011-07-13','2016-07-23',NULL,NULL,1468.00,0,0,1,0,11,1,NULL,NULL,NULL,NULL,NULL,'--- !ruby/hash:ActiveSupport::HashWithIndifferentAccess\nanschaffungskategorie: AV-Technik\nreference: invoice\numzug: zgeln\nankunftszustand: intakt\n','2016-07-23 07:01:08','2016-07-23 07:01:08'),(27,'vcow7a8h6p4kag0bov7v831','23:30:e6:57:c9:b9-85:33:6d:ff:64:ab-51:e2:8c:7b:4c:b8',33,27,27,6,NULL,NULL,'2011-12-30','2016-07-23',NULL,NULL,1314.00,0,0,1,0,11,1,NULL,NULL,NULL,NULL,NULL,'--- !ruby/hash:ActiveSupport::HashWithIndifferentAccess\nanschaffungskategorie: AV-Technik\nreference: invoice\numzug: zgeln\nankunftszustand: intakt\n','2016-07-23 07:01:08','2016-07-23 07:01:08'),(28,'19fck8go3e9qnqbzpq9s832','8f:62:6c:81:4b:cc-f0:40:7b:72:6d:a0-70:2d:c9:90:cb:49',37,28,28,4,NULL,NULL,'2011-11-18','2016-07-23',NULL,NULL,159.00,0,0,1,0,11,1,NULL,NULL,NULL,NULL,NULL,'--- !ruby/hash:ActiveSupport::HashWithIndifferentAccess\nanschaffungskategorie: AV-Technik\nreference: invoice\numzug: zgeln\nankunftszustand: intakt\n','2016-07-23 07:01:08','2016-07-23 07:01:08'),(29,'gs3cltpfni4g7kejbyhz833','9d:1b:ad:29:86:6c-c0:2e:5c:51:ea:ac-6c:86:55:a5:71:03',37,29,29,11,NULL,NULL,'2015-12-04','2016-07-23',NULL,NULL,509.00,0,0,1,0,11,1,NULL,NULL,NULL,NULL,NULL,'--- !ruby/hash:ActiveSupport::HashWithIndifferentAccess\nanschaffungskategorie: AV-Technik\nreference: invoice\numzug: zgeln\nankunftszustand: intakt\n','2016-07-23 07:01:08','2016-07-23 07:01:08'),(30,'7bhul5xpd47ja1okmuiy834','12:15:96:f8:61:ab-90:35:12:85:e1:78-d7:ca:87:87:9e:09',37,30,30,11,NULL,NULL,'2012-05-04','2016-07-23',NULL,NULL,268.00,0,0,1,0,11,1,NULL,NULL,NULL,NULL,NULL,'--- !ruby/hash:ActiveSupport::HashWithIndifferentAccess\nanschaffungskategorie: AV-Technik\nreference: invoice\numzug: zgeln\nankunftszustand: intakt\n','2016-07-23 07:01:08','2016-07-23 07:01:08'),(31,'xzelj3irvny8t3zobd8l835','51:91:97:6a:d8:8a-e3:e7:c9:20:a1:da-45:36:69:f4:ec:bb',41,31,31,8,NULL,NULL,'2013-08-21','2016-07-23',NULL,NULL,687.00,0,0,1,0,11,1,NULL,NULL,NULL,NULL,NULL,'--- !ruby/hash:ActiveSupport::HashWithIndifferentAccess\nanschaffungskategorie: AV-Technik\nreference: invoice\numzug: zgeln\nankunftszustand: intakt\n','2016-07-23 07:01:08','2016-07-23 07:01:08'),(32,'h1b6l3om4pz6fylij33p836','bd:df:fe:d9:18:c2-c8:38:52:76:de:40-0c:82:ac:7b:1c:3c',41,32,32,7,NULL,NULL,'2011-06-26','2016-07-23',NULL,NULL,335.00,0,0,1,0,11,1,NULL,NULL,NULL,NULL,NULL,'--- !ruby/hash:ActiveSupport::HashWithIndifferentAccess\nanschaffungskategorie: AV-Technik\nreference: invoice\numzug: zgeln\nankunftszustand: intakt\n','2016-07-23 07:01:08','2016-07-23 07:01:08'),(33,'llwtm7tnzjfkzfryjrre837','97:f6:12:ef:67:18-7c:49:f0:79:52:37-2a:27:b8:bf:55:1b',41,33,33,11,NULL,NULL,'2014-04-05','2016-07-23',NULL,NULL,111.00,0,0,1,0,11,1,NULL,NULL,NULL,NULL,NULL,'--- !ruby/hash:ActiveSupport::HashWithIndifferentAccess\nanschaffungskategorie: AV-Technik\nreference: invoice\numzug: zgeln\nankunftszustand: intakt\n','2016-07-23 07:01:08','2016-07-23 07:01:08'),(34,'sf20tucy1l4fz0fnshuv838','87:47:9e:b9:4e:91-91:20:d6:56:8d:87-78:3d:6f:85:d4:a6',45,34,34,9,NULL,NULL,'2012-02-28','2016-07-23',NULL,NULL,421.00,0,0,1,0,1,1,NULL,NULL,NULL,NULL,NULL,'--- !ruby/hash:ActiveSupport::HashWithIndifferentAccess\nanschaffungskategorie: AV-Technik\nreference: invoice\numzug: zgeln\nankunftszustand: intakt\n','2016-07-23 07:01:08','2016-07-23 07:01:08'),(35,'a9noflg3ja6obct702d8839','1d:10:54:77:d4:1b-33:92:0d:f1:86:eb-dc:3d:a4:4e:4a:f0',45,35,35,1,NULL,NULL,'2014-12-16','2016-07-23',NULL,NULL,1469.00,0,0,1,0,1,1,NULL,NULL,NULL,NULL,NULL,'--- !ruby/hash:ActiveSupport::HashWithIndifferentAccess\nanschaffungskategorie: AV-Technik\nreference: invoice\numzug: zgeln\nankunftszustand: intakt\n','2016-07-23 07:01:08','2016-07-23 07:01:08'),(36,'dfzitdryragckq8qig9y840','b3:3c:a2:56:9f:ca-c7:31:58:49:6d:b5-94:cc:40:e7:66:71',45,36,36,6,NULL,NULL,'2011-08-05','2016-07-23',NULL,NULL,1117.00,0,0,1,0,1,1,NULL,NULL,NULL,NULL,NULL,'--- !ruby/hash:ActiveSupport::HashWithIndifferentAccess\nanschaffungskategorie: AV-Technik\nreference: invoice\numzug: zgeln\nankunftszustand: intakt\n','2016-07-23 07:01:08','2016-07-23 07:01:08'),(37,'bpacj3t47xmg9swkcac9841','ca:d7:64:fa:59:f9-f7:51:15:db:6d:05-84:d9:be:98:10:06',49,37,37,4,NULL,NULL,'2015-02-10','2016-07-23',NULL,NULL,556.00,0,0,1,0,1,1,NULL,NULL,NULL,NULL,NULL,'--- !ruby/hash:ActiveSupport::HashWithIndifferentAccess\nanschaffungskategorie: AV-Technik\nreference: invoice\numzug: zgeln\nankunftszustand: intakt\n','2016-07-23 07:01:08','2016-07-23 07:01:08'),(38,'2leyrrusx80c69spfstu842','ed:ae:f2:66:29:a4-18:39:a6:84:41:4c-ee:83:83:0b:5b:0b',49,38,38,3,NULL,NULL,'2011-01-13','2016-07-23',NULL,NULL,283.00,0,0,1,0,1,1,NULL,NULL,NULL,NULL,NULL,'--- !ruby/hash:ActiveSupport::HashWithIndifferentAccess\nanschaffungskategorie: AV-Technik\nreference: invoice\numzug: zgeln\nankunftszustand: intakt\n','2016-07-23 07:01:08','2016-07-23 07:01:08'),(39,'g6l8pqnlnh7z66tjiorj843','87:76:3d:7d:34:09-04:79:5b:12:60:38-df:70:64:fb:b1:6d',49,39,39,10,NULL,NULL,'2013-02-24','2016-07-23',NULL,NULL,905.00,0,0,1,0,1,1,NULL,NULL,NULL,NULL,NULL,'--- !ruby/hash:ActiveSupport::HashWithIndifferentAccess\nanschaffungskategorie: AV-Technik\nreference: invoice\numzug: zgeln\nankunftszustand: intakt\n','2016-07-23 07:01:08','2016-07-23 07:01:08'),(40,'hlptqa7xelwxf5adf4fy844','1b:5f:27:b5:ed:b4-b9:53:72:ff:c5:96-87:a7:a6:6b:1b:8b',53,40,40,2,NULL,NULL,'2011-03-08','2016-07-23',NULL,NULL,224.00,0,0,1,0,1,1,NULL,NULL,NULL,NULL,NULL,'--- !ruby/hash:ActiveSupport::HashWithIndifferentAccess\nanschaffungskategorie: AV-Technik\nreference: invoice\numzug: zgeln\nankunftszustand: intakt\n','2016-07-23 07:01:08','2016-07-23 07:01:08'),(41,'2zn5u2ihdjm88mnvtnpn845','a7:ea:d3:61:b1:f6-e8:65:31:4b:c1:bb-a8:31:6f:4c:e6:71',53,41,41,6,NULL,NULL,'2015-09-03','2016-07-23',NULL,NULL,1458.00,0,0,1,0,1,1,NULL,NULL,NULL,NULL,NULL,'--- !ruby/hash:ActiveSupport::HashWithIndifferentAccess\nanschaffungskategorie: AV-Technik\nreference: invoice\numzug: zgeln\nankunftszustand: intakt\n','2016-07-23 07:01:08','2016-07-23 07:01:08'),(42,'f6aaf2dnid8d2a6u2qae846','a3:bb:f6:a8:76:de-fa:99:67:bb:b6:71-fd:de:18:1e:8f:d2',53,42,42,2,NULL,NULL,'2013-07-09','2016-07-23',NULL,NULL,171.00,0,0,1,0,1,1,NULL,NULL,NULL,NULL,NULL,'--- !ruby/hash:ActiveSupport::HashWithIndifferentAccess\nanschaffungskategorie: AV-Technik\nreference: invoice\numzug: zgeln\nankunftszustand: intakt\n','2016-07-23 07:01:08','2016-07-23 07:01:08'),(43,'966a95qkgjjuso5tzyak847','cc:80:76:b9:8c:04-83:49:38:ea:27:e5-dc:64:c8:08:2e:a4',57,43,43,2,NULL,NULL,'2012-01-20','2016-07-23',NULL,NULL,1254.00,0,0,1,0,1,1,NULL,NULL,NULL,NULL,NULL,'--- !ruby/hash:ActiveSupport::HashWithIndifferentAccess\nanschaffungskategorie: AV-Technik\nreference: invoice\numzug: zgeln\nankunftszustand: intakt\n','2016-07-23 07:01:08','2016-07-23 07:01:08'),(44,'xr4id8l5ptnc7exbod26848','3b:5d:b8:df:03:ab-6e:c9:0c:ba:27:72-b7:0e:18:87:44:95',57,44,44,8,NULL,NULL,'2011-01-14','2016-07-23',NULL,NULL,81.00,0,0,1,0,1,1,NULL,NULL,NULL,NULL,NULL,'--- !ruby/hash:ActiveSupport::HashWithIndifferentAccess\nanschaffungskategorie: AV-Technik\nreference: invoice\numzug: zgeln\nankunftszustand: intakt\n','2016-07-23 07:01:08','2016-07-23 07:01:08'),(45,'iteunpyr28wdbomyd9d2849','ab:b8:3a:6c:10:bf-02:a9:58:b9:94:8c-2c:03:ae:bd:ed:48',57,45,45,10,NULL,NULL,'2011-12-06','2016-07-23',NULL,NULL,220.00,0,0,1,0,1,1,NULL,NULL,NULL,NULL,NULL,'--- !ruby/hash:ActiveSupport::HashWithIndifferentAccess\nanschaffungskategorie: AV-Technik\nreference: invoice\numzug: zgeln\nankunftszustand: intakt\n','2016-07-23 07:01:08','2016-07-23 07:01:08'),(46,'7amoq6blz99dt80hvcma850','bb:c7:b8:6d:47:e2-22:6b:b9:9c:ca:e0-bb:98:6b:04:c9:d9',61,46,46,9,NULL,NULL,'2013-05-04','2016-07-23',NULL,NULL,915.00,0,0,1,0,1,1,NULL,NULL,NULL,NULL,NULL,'--- !ruby/hash:ActiveSupport::HashWithIndifferentAccess\nanschaffungskategorie: AV-Technik\nreference: invoice\numzug: zgeln\nankunftszustand: intakt\n','2016-07-23 07:01:08','2016-07-23 07:01:08'),(47,'erzrrqc9p62ofoh7wze8851','f9:a8:1c:e2:5a:00-59:ab:3e:29:e8:6b-d8:4d:81:7a:1b:f6',61,47,47,6,NULL,NULL,'2015-03-02','2016-07-23',NULL,NULL,682.00,0,0,1,0,1,1,NULL,NULL,NULL,NULL,NULL,'--- !ruby/hash:ActiveSupport::HashWithIndifferentAccess\nanschaffungskategorie: AV-Technik\nreference: invoice\numzug: zgeln\nankunftszustand: intakt\n','2016-07-23 07:01:08','2016-07-23 07:01:08'),(48,'akao8wtphflyi375alzb852','03:36:50:be:a9:a2-56:28:52:33:93:9a-d6:e1:79:f9:85:ae',61,48,48,2,NULL,NULL,'2015-07-26','2016-07-23',NULL,NULL,848.00,0,0,1,0,1,1,NULL,NULL,NULL,NULL,NULL,'--- !ruby/hash:ActiveSupport::HashWithIndifferentAccess\nanschaffungskategorie: AV-Technik\nreference: invoice\numzug: zgeln\nankunftszustand: intakt\n','2016-07-23 07:01:08','2016-07-23 07:01:08'),(49,'97f0eacmxfo9wvcpr2nw853','5d:46:73:f4:45:9e-88:9a:b1:05:a7:8f-d4:c7:b8:4c:b4:3a',65,49,49,11,NULL,NULL,'2013-03-02','2016-07-23',NULL,NULL,1132.00,0,0,1,0,1,1,NULL,NULL,NULL,NULL,NULL,'--- !ruby/hash:ActiveSupport::HashWithIndifferentAccess\nanschaffungskategorie: AV-Technik\nreference: invoice\numzug: zgeln\nankunftszustand: intakt\n','2016-07-23 07:01:08','2016-07-23 07:01:08'),(50,'dm5t2rhfuha2orovwukl854','da:fc:90:5b:ae:6b-31:4e:46:e5:78:f8-43:31:bb:86:73:e3',65,50,50,9,NULL,NULL,'2014-08-20','2016-07-23',NULL,NULL,73.00,0,0,1,0,1,1,NULL,NULL,NULL,NULL,NULL,'--- !ruby/hash:ActiveSupport::HashWithIndifferentAccess\nanschaffungskategorie: AV-Technik\nreference: invoice\numzug: zgeln\nankunftszustand: intakt\n','2016-07-23 07:01:08','2016-07-23 07:01:08'),(51,'u7xr78umdgokk68u4pw9855','b5:d4:f3:37:81:de-a3:f9:28:17:e4:e8-28:d7:6a:8d:03:5e',65,51,51,3,NULL,NULL,'2013-06-15','2016-07-23',NULL,NULL,1064.00,0,0,1,0,1,1,NULL,NULL,NULL,NULL,NULL,'--- !ruby/hash:ActiveSupport::HashWithIndifferentAccess\nanschaffungskategorie: AV-Technik\nreference: invoice\numzug: zgeln\nankunftszustand: intakt\n','2016-07-23 07:01:08','2016-07-23 07:01:08'),(52,'book1','book1',69,52,52,2,NULL,NULL,'2011-09-28','2016-07-23',NULL,NULL,432.00,0,0,1,0,2,1,NULL,NULL,NULL,NULL,NULL,'--- !ruby/hash:ActiveSupport::HashWithIndifferentAccess\nanschaffungskategorie: AV-Technik\nreference: invoice\numzug: zgeln\nankunftszustand: intakt\n','2016-07-23 07:01:08','2016-07-23 07:01:08'),(53,'book2','book2',69,52,53,2,NULL,NULL,'2012-02-29','2016-07-23',NULL,NULL,684.00,0,0,1,0,2,1,NULL,NULL,NULL,NULL,NULL,'--- !ruby/hash:ActiveSupport::HashWithIndifferentAccess\nanschaffungskategorie: AV-Technik\nreference: invoice\numzug: zgeln\nankunftszustand: intakt\n','2016-07-23 07:01:08','2016-07-23 07:01:08'),(54,'beam123','xyz456',70,53,54,1,NULL,NULL,'2012-08-29','2016-07-23',NULL,NULL,631.00,0,0,1,0,1,1,NULL,NULL,NULL,'name123',NULL,'--- !ruby/hash:ActiveSupport::HashWithIndifferentAccess\nanschaffungskategorie: AV-Technik\nreference: invoice\numzug: zgeln\nankunftszustand: intakt\n','2016-07-23 07:01:08','2016-07-23 07:01:08'),(55,'beam345','xyz890',70,53,55,1,NULL,NULL,'2011-07-26','2016-07-23',NULL,NULL,796.00,0,0,1,0,1,1,NULL,NULL,NULL,NULL,NULL,'--- !ruby/hash:ActiveSupport::HashWithIndifferentAccess\nanschaffungskategorie: AV-Technik\nreference: invoice\numzug: zgeln\nankunftszustand: intakt\n','2016-07-23 07:01:08','2016-07-23 07:01:08'),(56,'beam678','xyz678',71,53,56,1,NULL,NULL,'2015-10-10','2016-07-23',NULL,NULL,1022.00,0,0,1,0,1,1,NULL,NULL,NULL,NULL,NULL,'--- !ruby/hash:ActiveSupport::HashWithIndifferentAccess\nanschaffungskategorie: AV-Technik\nreference: invoice\numzug: zgeln\nankunftszustand: intakt\n','2016-07-23 07:01:08','2016-07-23 07:01:08'),(57,'beam749','xyz749',70,53,57,1,NULL,NULL,'2012-12-17','2016-07-23',NULL,NULL,952.00,0,0,1,0,2,1,NULL,NULL,NULL,NULL,NULL,'--- !ruby/hash:ActiveSupport::HashWithIndifferentAccess\nanschaffungskategorie: AV-Technik\nreference: invoice\numzug: zgeln\nankunftszustand: intakt\n','2016-07-23 07:01:08','2016-07-23 07:01:08'),(58,'beamTest123','xyz749',73,53,58,1,NULL,NULL,'2014-05-25','2016-07-23',NULL,NULL,1111.00,0,0,1,0,1,1,NULL,NULL,NULL,NULL,NULL,'--- !ruby/hash:ActiveSupport::HashWithIndifferentAccess\nanschaffungskategorie: AV-Technik\nreference: invoice\numzug: zgeln\nankunftszustand: intakt\n','2016-07-23 07:01:08','2016-07-23 07:01:08'),(59,'ucbeam1','minbeam1',74,53,59,1,NULL,NULL,'2012-12-23','2016-07-23',NULL,NULL,889.00,0,0,1,0,1,1,NULL,NULL,NULL,'ucbeam1',NULL,'--- !ruby/hash:ActiveSupport::HashWithIndifferentAccess\nanschaffungskategorie: AV-Technik\nreference: invoice\numzug: zgeln\nankunftszustand: intakt\n','2016-07-23 07:01:08','2016-07-23 07:01:08'),(60,'microbeam1','microbeam1',75,53,60,1,NULL,NULL,'2013-12-31','2016-07-23',NULL,NULL,774.00,0,0,1,0,1,1,NULL,NULL,NULL,'microbeam1',NULL,'--- !ruby/hash:ActiveSupport::HashWithIndifferentAccess\nanschaffungskategorie: AV-Technik\nreference: invoice\numzug: zgeln\nankunftszustand: intakt\n','2016-07-23 07:01:08','2016-07-23 07:01:08'),(61,'mbeam1','mbeam1',76,53,61,1,NULL,NULL,'2014-06-12','2016-07-23',NULL,NULL,1359.00,0,0,1,0,1,1,NULL,NULL,NULL,'mbeam1',NULL,'--- !ruby/hash:ActiveSupport::HashWithIndifferentAccess\nanschaffungskategorie: AV-Technik\nreference: invoice\numzug: zgeln\nankunftszustand: intakt\n','2016-07-23 07:01:08','2016-07-23 07:01:08'),(62,'mbeam2','mbeam2',77,53,62,1,NULL,NULL,'2015-07-05','2016-07-23',NULL,NULL,1437.00,0,0,1,0,1,1,NULL,NULL,NULL,'mbeam2',NULL,'--- !ruby/hash:ActiveSupport::HashWithIndifferentAccess\nanschaffungskategorie: AV-Technik\nreference: invoice\numzug: zgeln\nankunftszustand: intakt\n','2016-07-23 07:01:08','2016-07-23 07:01:08'),(63,'mbeam3','mbeam3',78,53,63,1,NULL,NULL,'2012-02-07','2016-07-23',NULL,NULL,1197.00,0,0,1,0,1,1,NULL,NULL,NULL,'mbeam3',NULL,'--- !ruby/hash:ActiveSupport::HashWithIndifferentAccess\nanschaffungskategorie: AV-Technik\nreference: invoice\numzug: zgeln\nankunftszustand: intakt\n','2016-07-23 07:01:08','2016-07-23 07:01:08'),(64,'mbeam4','mbeam4',79,53,64,1,NULL,NULL,'2012-09-15','2016-07-23',NULL,NULL,560.00,0,0,1,0,1,1,NULL,NULL,NULL,'mbeam4',NULL,'--- !ruby/hash:ActiveSupport::HashWithIndifferentAccess\nanschaffungskategorie: AV-Technik\nreference: invoice\numzug: zgeln\nankunftszustand: intakt\n','2016-07-23 07:01:08','2016-07-23 07:01:08'),(65,'mbeam5','mbeam5',80,53,65,1,NULL,NULL,'2011-06-14','2016-07-23',NULL,NULL,530.00,0,0,1,0,1,1,NULL,NULL,NULL,'mbeam5',NULL,'--- !ruby/hash:ActiveSupport::HashWithIndifferentAccess\nanschaffungskategorie: AV-Technik\nreference: invoice\numzug: zgeln\nankunftszustand: intakt\n','2016-07-23 07:01:08','2016-07-23 07:01:08'),(66,'mbeam6','mbeam6',81,53,66,1,NULL,NULL,'2013-10-23','2016-07-23',NULL,NULL,5.00,0,0,1,0,1,1,NULL,NULL,NULL,'mbeam6',NULL,'--- !ruby/hash:ActiveSupport::HashWithIndifferentAccess\nanschaffungskategorie: AV-Technik\nreference: invoice\numzug: zgeln\nankunftszustand: intakt\n','2016-07-23 07:01:08','2016-07-23 07:01:08'),(67,'mbeam7','mbeam7',82,53,67,1,NULL,NULL,'2015-12-14','2016-07-23',NULL,NULL,1258.00,0,0,1,0,1,1,NULL,NULL,NULL,'mbeam7',NULL,'--- !ruby/hash:ActiveSupport::HashWithIndifferentAccess\nanschaffungskategorie: AV-Technik\nreference: invoice\numzug: zgeln\nankunftszustand: intakt\n','2016-07-23 07:01:08','2016-07-23 07:01:08'),(68,'mbeam8','mbeam8',83,53,68,1,NULL,NULL,'2012-04-01','2016-07-23',NULL,NULL,539.00,0,0,1,0,1,1,NULL,NULL,NULL,'mbeam8',NULL,'--- !ruby/hash:ActiveSupport::HashWithIndifferentAccess\nanschaffungskategorie: AV-Technik\nreference: invoice\numzug: zgeln\nankunftszustand: intakt\n','2016-07-23 07:01:08','2016-07-23 07:01:08'),(69,'mbeam9','mbeam9',84,53,69,1,NULL,NULL,'2014-06-13','2016-07-23',NULL,NULL,1330.00,0,0,1,0,1,1,NULL,NULL,NULL,'mbeam9',NULL,'--- !ruby/hash:ActiveSupport::HashWithIndifferentAccess\nanschaffungskategorie: AV-Technik\nreference: invoice\numzug: zgeln\nankunftszustand: intakt\n','2016-07-23 07:01:08','2016-07-23 07:01:08'),(70,'mbeam10','mbeam10',85,53,70,1,NULL,NULL,'2014-05-01','2016-07-23',NULL,NULL,287.00,0,0,1,0,1,1,NULL,NULL,NULL,'mbeam10',NULL,'--- !ruby/hash:ActiveSupport::HashWithIndifferentAccess\nanschaffungskategorie: AV-Technik\nreference: invoice\numzug: zgeln\nankunftszustand: intakt\n','2016-07-23 07:01:08','2016-07-23 07:01:08'),(71,'mbeam11','mbeam11',86,53,71,1,NULL,NULL,'2011-03-02','2016-07-23',NULL,NULL,165.00,0,0,1,0,1,1,NULL,NULL,NULL,'mbeam11',NULL,'--- !ruby/hash:ActiveSupport::HashWithIndifferentAccess\nanschaffungskategorie: AV-Technik\nreference: invoice\numzug: zgeln\nankunftszustand: intakt\n','2016-07-23 07:01:08','2016-07-23 07:01:08'),(72,'mbeam12','mbeam12',87,53,72,1,NULL,NULL,'2011-07-30','2016-07-23',NULL,NULL,1186.00,0,0,1,0,1,1,NULL,NULL,NULL,'mbeam12',NULL,'--- !ruby/hash:ActiveSupport::HashWithIndifferentAccess\nanschaffungskategorie: AV-Technik\nreference: invoice\numzug: zgeln\nankunftszustand: intakt\n','2016-07-23 07:01:08','2016-07-23 07:01:08'),(73,'mbeam13','mbeam13',88,53,73,1,NULL,NULL,'2014-05-24','2016-07-23',NULL,NULL,43.00,0,0,1,0,1,1,NULL,NULL,NULL,'mbeam13',NULL,'--- !ruby/hash:ActiveSupport::HashWithIndifferentAccess\nanschaffungskategorie: AV-Technik\nreference: invoice\numzug: zgeln\nankunftszustand: intakt\n','2016-07-23 07:01:08','2016-07-23 07:01:08'),(74,'mbeam14','mbeam14',89,53,74,1,NULL,NULL,'2011-01-20','2016-07-23',NULL,NULL,1057.00,0,0,1,0,1,1,NULL,NULL,NULL,'mbeam14',NULL,'--- !ruby/hash:ActiveSupport::HashWithIndifferentAccess\nanschaffungskategorie: AV-Technik\nreference: invoice\numzug: zgeln\nankunftszustand: intakt\n','2016-07-23 07:01:08','2016-07-23 07:01:08'),(75,'mbeam15','mbeam15',90,53,75,1,NULL,NULL,'2012-06-15','2016-07-23',NULL,NULL,490.00,0,0,1,0,1,1,NULL,NULL,NULL,'mbeam15',NULL,'--- !ruby/hash:ActiveSupport::HashWithIndifferentAccess\nanschaffungskategorie: AV-Technik\nreference: invoice\numzug: zgeln\nankunftszustand: intakt\n','2016-07-23 07:01:08','2016-07-23 07:01:08'),(76,'mbeam16','mbeam16',91,53,76,1,NULL,NULL,'2011-12-19','2016-07-23',NULL,NULL,286.00,0,0,1,0,1,1,NULL,NULL,NULL,'mbeam16',NULL,'--- !ruby/hash:ActiveSupport::HashWithIndifferentAccess\nanschaffungskategorie: AV-Technik\nreference: invoice\numzug: zgeln\nankunftszustand: intakt\n','2016-07-23 07:01:08','2016-07-23 07:01:08'),(77,'mbeam17','mbeam17',92,53,77,1,NULL,NULL,'2011-10-03','2016-07-23',NULL,NULL,585.00,0,0,1,0,1,1,NULL,NULL,NULL,'mbeam17',NULL,'--- !ruby/hash:ActiveSupport::HashWithIndifferentAccess\nanschaffungskategorie: AV-Technik\nreference: invoice\numzug: zgeln\nankunftszustand: intakt\n','2016-07-23 07:01:08','2016-07-23 07:01:08'),(78,'mbeam18','mbeam18',93,53,78,1,NULL,NULL,'2015-07-01','2016-07-23',NULL,NULL,94.00,0,0,1,0,1,1,NULL,NULL,NULL,'mbeam18',NULL,'--- !ruby/hash:ActiveSupport::HashWithIndifferentAccess\nanschaffungskategorie: AV-Technik\nreference: invoice\numzug: zgeln\nankunftszustand: intakt\n','2016-07-23 07:01:08','2016-07-23 07:01:08'),(79,'mbeam19','mbeam19',94,53,79,1,NULL,NULL,'2011-02-28','2016-07-23',NULL,NULL,392.00,0,0,1,0,1,1,NULL,NULL,NULL,'mbeam19',NULL,'--- !ruby/hash:ActiveSupport::HashWithIndifferentAccess\nanschaffungskategorie: AV-Technik\nreference: invoice\numzug: zgeln\nankunftszustand: intakt\n','2016-07-23 07:01:08','2016-07-23 07:01:08'),(80,'mbeam20','mbeam20',95,53,80,1,NULL,NULL,'2011-08-28','2016-07-23',NULL,NULL,1193.00,0,0,1,0,1,1,NULL,NULL,NULL,'mbeam20',NULL,'--- !ruby/hash:ActiveSupport::HashWithIndifferentAccess\nanschaffungskategorie: AV-Technik\nreference: invoice\numzug: zgeln\nankunftszustand: intakt\n','2016-07-23 07:01:08','2016-07-23 07:01:08'),(81,'cam123','abc234',96,53,81,1,NULL,NULL,'2012-02-18','2016-07-23',NULL,NULL,215.00,0,0,1,0,1,1,NULL,NULL,NULL,NULL,NULL,'--- !ruby/hash:ActiveSupport::HashWithIndifferentAccess\nanschaffungskategorie: AV-Technik\nreference: invoice\numzug: zgeln\nankunftszustand: intakt\n','2016-07-23 07:01:08','2016-07-23 07:01:08'),(82,'cam345','ab567',96,53,82,1,NULL,NULL,'2012-10-06','2016-07-23',NULL,NULL,1350.00,0,0,1,0,1,1,NULL,NULL,NULL,NULL,NULL,'--- !ruby/hash:ActiveSupport::HashWithIndifferentAccess\nanschaffungskategorie: AV-Technik\nreference: invoice\numzug: zgeln\nankunftszustand: intakt\n','2016-07-23 07:01:08','2016-07-23 07:01:08'),(83,'cam567','ab789',96,53,83,1,NULL,NULL,'2014-12-14','2016-07-23',NULL,NULL,1313.00,0,0,1,0,1,1,NULL,NULL,NULL,NULL,NULL,'--- !ruby/hash:ActiveSupport::HashWithIndifferentAccess\nanschaffungskategorie: AV-Technik\nreference: invoice\numzug: zgeln\nankunftszustand: intakt\n','2016-07-23 07:01:08','2016-07-23 07:01:08'),(84,'cam53267','ab782129',96,53,84,1,NULL,NULL,'2014-09-20','2016-07-23',NULL,NULL,83.00,0,0,1,0,1,1,NULL,NULL,NULL,NULL,NULL,'--- !ruby/hash:ActiveSupport::HashWithIndifferentAccess\nanschaffungskategorie: AV-Technik\nreference: invoice\numzug: zgeln\nankunftszustand: intakt\n','2016-07-23 07:01:08','2016-07-23 07:01:08'),(85,'cam532asd67','ab78as2129',96,53,85,1,NULL,NULL,'2011-09-27','2016-07-23',NULL,NULL,400.00,0,0,1,0,1,1,NULL,NULL,NULL,NULL,NULL,'--- !ruby/hash:ActiveSupport::HashWithIndifferentAccess\nanschaffungskategorie: AV-Technik\nreference: invoice\numzug: zgeln\nankunftszustand: intakt\n','2016-07-23 07:01:08','2016-07-23 07:01:08'),(86,'mcam1','mcam1',97,53,86,1,NULL,NULL,'2015-06-28','2016-07-23',NULL,NULL,441.00,0,0,1,0,1,1,NULL,NULL,NULL,'mcam1',NULL,'--- !ruby/hash:ActiveSupport::HashWithIndifferentAccess\nanschaffungskategorie: AV-Technik\nreference: invoice\numzug: zgeln\nankunftszustand: intakt\n','2016-07-23 07:01:08','2016-07-23 07:01:08'),(87,'mcam2','mcam2',98,53,87,1,NULL,NULL,'2012-11-21','2016-07-23',NULL,NULL,995.00,0,0,1,0,1,1,NULL,NULL,NULL,'mcam2',NULL,'--- !ruby/hash:ActiveSupport::HashWithIndifferentAccess\nanschaffungskategorie: AV-Technik\nreference: invoice\numzug: zgeln\nankunftszustand: intakt\n','2016-07-23 07:01:08','2016-07-23 07:01:08'),(88,'mcam3','mcam3',99,53,88,1,NULL,NULL,'2013-05-15','2016-07-23',NULL,NULL,1138.00,0,0,1,0,1,1,NULL,NULL,NULL,'mcam3',NULL,'--- !ruby/hash:ActiveSupport::HashWithIndifferentAccess\nanschaffungskategorie: AV-Technik\nreference: invoice\numzug: zgeln\nankunftszustand: intakt\n','2016-07-23 07:01:08','2016-07-23 07:01:08'),(89,'mcam4','mcam4',100,53,89,1,NULL,NULL,'2012-12-20','2016-07-23',NULL,NULL,1299.00,0,0,1,0,1,1,NULL,NULL,NULL,'mcam4',NULL,'--- !ruby/hash:ActiveSupport::HashWithIndifferentAccess\nanschaffungskategorie: AV-Technik\nreference: invoice\numzug: zgeln\nankunftszustand: intakt\n','2016-07-23 07:01:08','2016-07-23 07:01:08'),(90,'mcam5','mcam5',101,53,90,1,NULL,NULL,'2012-03-14','2016-07-23',NULL,NULL,505.00,0,0,1,0,1,1,NULL,NULL,NULL,'mcam5',NULL,'--- !ruby/hash:ActiveSupport::HashWithIndifferentAccess\nanschaffungskategorie: AV-Technik\nreference: invoice\numzug: zgeln\nankunftszustand: intakt\n','2016-07-23 07:01:08','2016-07-23 07:01:08'),(91,'mcam6','mcam6',102,53,91,1,NULL,NULL,'2013-06-08','2016-07-23',NULL,NULL,207.00,0,0,1,0,1,1,NULL,NULL,NULL,'mcam6',NULL,'--- !ruby/hash:ActiveSupport::HashWithIndifferentAccess\nanschaffungskategorie: AV-Technik\nreference: invoice\numzug: zgeln\nankunftszustand: intakt\n','2016-07-23 07:01:08','2016-07-23 07:01:08'),(92,'mcam7','mcam7',103,53,92,1,NULL,NULL,'2015-12-30','2016-07-23',NULL,NULL,26.00,0,0,1,0,1,1,NULL,NULL,NULL,'mcam7',NULL,'--- !ruby/hash:ActiveSupport::HashWithIndifferentAccess\nanschaffungskategorie: AV-Technik\nreference: invoice\numzug: zgeln\nankunftszustand: intakt\n','2016-07-23 07:01:08','2016-07-23 07:01:08'),(93,'mcam8','mcam8',104,53,93,1,NULL,NULL,'2014-07-26','2016-07-23',NULL,NULL,782.00,0,0,1,0,1,1,NULL,NULL,NULL,'mcam8',NULL,'--- !ruby/hash:ActiveSupport::HashWithIndifferentAccess\nanschaffungskategorie: AV-Technik\nreference: invoice\numzug: zgeln\nankunftszustand: intakt\n','2016-07-23 07:01:08','2016-07-23 07:01:08'),(94,'mcam9','mcam9',105,53,94,1,NULL,NULL,'2015-07-15','2016-07-23',NULL,NULL,1214.00,0,0,1,0,1,1,NULL,NULL,NULL,'mcam9',NULL,'--- !ruby/hash:ActiveSupport::HashWithIndifferentAccess\nanschaffungskategorie: AV-Technik\nreference: invoice\numzug: zgeln\nankunftszustand: intakt\n','2016-07-23 07:01:08','2016-07-23 07:01:08'),(95,'mcam10','mcam10',106,53,95,1,NULL,NULL,'2011-05-01','2016-07-23',NULL,NULL,675.00,0,0,1,0,1,1,NULL,NULL,NULL,'mcam10',NULL,'--- !ruby/hash:ActiveSupport::HashWithIndifferentAccess\nanschaffungskategorie: AV-Technik\nreference: invoice\numzug: zgeln\nankunftszustand: intakt\n','2016-07-23 07:01:08','2016-07-23 07:01:08'),(96,'mcam11','mcam11',107,53,96,1,NULL,NULL,'2014-11-07','2016-07-23',NULL,NULL,998.00,0,0,1,0,1,1,NULL,NULL,NULL,'mcam11',NULL,'--- !ruby/hash:ActiveSupport::HashWithIndifferentAccess\nanschaffungskategorie: AV-Technik\nreference: invoice\numzug: zgeln\nankunftszustand: intakt\n','2016-07-23 07:01:08','2016-07-23 07:01:08'),(97,'mcam12','mcam12',108,53,97,1,NULL,NULL,'2014-03-17','2016-07-23',NULL,NULL,1001.00,0,0,1,0,1,1,NULL,NULL,NULL,'mcam12',NULL,'--- !ruby/hash:ActiveSupport::HashWithIndifferentAccess\nanschaffungskategorie: AV-Technik\nreference: invoice\numzug: zgeln\nankunftszustand: intakt\n','2016-07-23 07:01:08','2016-07-23 07:01:08'),(98,'mcam13','mcam13',109,53,98,1,NULL,NULL,'2012-11-28','2016-07-23',NULL,NULL,1109.00,0,0,1,0,1,1,NULL,NULL,NULL,'mcam13',NULL,'--- !ruby/hash:ActiveSupport::HashWithIndifferentAccess\nanschaffungskategorie: AV-Technik\nreference: invoice\numzug: zgeln\nankunftszustand: intakt\n','2016-07-23 07:01:08','2016-07-23 07:01:08'),(99,'mcam14','mcam14',110,53,99,1,NULL,NULL,'2013-03-17','2016-07-23',NULL,NULL,976.00,0,0,1,0,1,1,NULL,NULL,NULL,'mcam14',NULL,'--- !ruby/hash:ActiveSupport::HashWithIndifferentAccess\nanschaffungskategorie: AV-Technik\nreference: invoice\numzug: zgeln\nankunftszustand: intakt\n','2016-07-23 07:01:08','2016-07-23 07:01:08'),(100,'mcam15','mcam15',111,53,100,1,NULL,NULL,'2013-02-07','2016-07-23',NULL,NULL,1418.00,0,0,1,0,1,1,NULL,NULL,NULL,'mcam15',NULL,'--- !ruby/hash:ActiveSupport::HashWithIndifferentAccess\nanschaffungskategorie: AV-Technik\nreference: invoice\numzug: zgeln\nankunftszustand: intakt\n','2016-07-23 07:01:08','2016-07-23 07:01:08'),(101,'mcam16','mcam16',112,53,101,1,NULL,NULL,'2014-11-20','2016-07-23',NULL,NULL,236.00,0,0,1,0,1,1,NULL,NULL,NULL,'mcam16',NULL,'--- !ruby/hash:ActiveSupport::HashWithIndifferentAccess\nanschaffungskategorie: AV-Technik\nreference: invoice\numzug: zgeln\nankunftszustand: intakt\n','2016-07-23 07:01:08','2016-07-23 07:01:08'),(102,'mcam17','mcam17',113,53,102,1,NULL,NULL,'2013-05-02','2016-07-23',NULL,NULL,1336.00,0,0,1,0,1,1,NULL,NULL,NULL,'mcam17',NULL,'--- !ruby/hash:ActiveSupport::HashWithIndifferentAccess\nanschaffungskategorie: AV-Technik\nreference: invoice\numzug: zgeln\nankunftszustand: intakt\n','2016-07-23 07:01:08','2016-07-23 07:01:08'),(103,'mcam18','mcam18',114,53,103,1,NULL,NULL,'2014-04-07','2016-07-23',NULL,NULL,755.00,0,0,1,0,1,1,NULL,NULL,NULL,'mcam18',NULL,'--- !ruby/hash:ActiveSupport::HashWithIndifferentAccess\nanschaffungskategorie: AV-Technik\nreference: invoice\numzug: zgeln\nankunftszustand: intakt\n','2016-07-23 07:01:08','2016-07-23 07:01:08'),(104,'mcam19','mcam19',115,53,104,1,NULL,NULL,'2013-07-09','2016-07-23',NULL,NULL,1169.00,0,0,1,0,1,1,NULL,NULL,NULL,'mcam19',NULL,'--- !ruby/hash:ActiveSupport::HashWithIndifferentAccess\nanschaffungskategorie: AV-Technik\nreference: invoice\numzug: zgeln\nankunftszustand: intakt\n','2016-07-23 07:01:08','2016-07-23 07:01:08'),(105,'mcam20','mcam20',116,53,105,1,NULL,NULL,'2011-06-30','2016-07-23',NULL,NULL,1080.00,0,0,1,0,1,1,NULL,NULL,NULL,'mcam20',NULL,'--- !ruby/hash:ActiveSupport::HashWithIndifferentAccess\nanschaffungskategorie: AV-Technik\nreference: invoice\numzug: zgeln\nankunftszustand: intakt\n','2016-07-23 07:01:08','2016-07-23 07:01:08'),(106,'mcam21','mcam21',117,53,106,1,NULL,NULL,'2011-12-23','2016-07-23',NULL,NULL,1180.00,0,0,1,0,1,1,NULL,NULL,NULL,'mcam21',NULL,'--- !ruby/hash:ActiveSupport::HashWithIndifferentAccess\nanschaffungskategorie: AV-Technik\nreference: invoice\numzug: zgeln\nankunftszustand: intakt\n','2016-07-23 07:01:08','2016-07-23 07:01:08'),(107,'mcam22','mcam22',118,53,107,1,NULL,NULL,'2014-08-28','2016-07-23',NULL,NULL,732.00,0,0,1,0,1,1,NULL,NULL,NULL,'mcam22',NULL,'--- !ruby/hash:ActiveSupport::HashWithIndifferentAccess\nanschaffungskategorie: AV-Technik\nreference: invoice\numzug: zgeln\nankunftszustand: intakt\n','2016-07-23 07:01:08','2016-07-23 07:01:08'),(108,'mcam23','mcam23',119,53,108,1,NULL,NULL,'2012-07-21','2016-07-23',NULL,NULL,1425.00,0,0,1,0,1,1,NULL,NULL,NULL,'mcam23',NULL,'--- !ruby/hash:ActiveSupport::HashWithIndifferentAccess\nanschaffungskategorie: AV-Technik\nreference: invoice\numzug: zgeln\nankunftszustand: intakt\n','2016-07-23 07:01:08','2016-07-23 07:01:08'),(109,'mcam24','mcam24',120,53,109,1,NULL,NULL,'2012-06-17','2016-07-23',NULL,NULL,1106.00,0,0,1,0,1,1,NULL,NULL,NULL,'mcam24',NULL,'--- !ruby/hash:ActiveSupport::HashWithIndifferentAccess\nanschaffungskategorie: AV-Technik\nreference: invoice\numzug: zgeln\nankunftszustand: intakt\n','2016-07-23 07:01:08','2016-07-23 07:01:08'),(110,'mcam25','mcam25',121,53,110,1,NULL,NULL,'2011-11-19','2016-07-23',NULL,NULL,885.00,0,0,1,0,1,1,NULL,NULL,NULL,'mcam25',NULL,'--- !ruby/hash:ActiveSupport::HashWithIndifferentAccess\nanschaffungskategorie: AV-Technik\nreference: invoice\numzug: zgeln\nankunftszustand: intakt\n','2016-07-23 07:01:08','2016-07-23 07:01:08'),(111,'mcam26','mcam26',122,53,111,1,NULL,NULL,'2012-08-29','2016-07-23',NULL,NULL,85.00,0,0,1,0,1,1,NULL,NULL,NULL,'mcam26',NULL,'--- !ruby/hash:ActiveSupport::HashWithIndifferentAccess\nanschaffungskategorie: AV-Technik\nreference: invoice\numzug: zgeln\nankunftszustand: intakt\n','2016-07-23 07:01:08','2016-07-23 07:01:08'),(112,'mcam27','mcam27',123,53,112,1,NULL,NULL,'2014-12-13','2016-07-23',NULL,NULL,193.00,0,0,1,0,1,1,NULL,NULL,NULL,'mcam27',NULL,'--- !ruby/hash:ActiveSupport::HashWithIndifferentAccess\nanschaffungskategorie: AV-Technik\nreference: invoice\numzug: zgeln\nankunftszustand: intakt\n','2016-07-23 07:01:08','2016-07-23 07:01:08'),(113,'mcam28','mcam28',124,53,113,1,NULL,NULL,'2011-01-25','2016-07-23',NULL,NULL,945.00,0,0,1,0,1,1,NULL,NULL,NULL,'mcam28',NULL,'--- !ruby/hash:ActiveSupport::HashWithIndifferentAccess\nanschaffungskategorie: AV-Technik\nreference: invoice\numzug: zgeln\nankunftszustand: intakt\n','2016-07-23 07:01:08','2016-07-23 07:01:08'),(114,'mcam29','mcam29',125,53,114,1,NULL,NULL,'2012-11-29','2016-07-23',NULL,NULL,1320.00,0,0,1,0,1,1,NULL,NULL,NULL,'mcam29',NULL,'--- !ruby/hash:ActiveSupport::HashWithIndifferentAccess\nanschaffungskategorie: AV-Technik\nreference: invoice\numzug: zgeln\nankunftszustand: intakt\n','2016-07-23 07:01:08','2016-07-23 07:01:08'),(115,'mcam30','mcam30',126,53,115,1,NULL,NULL,'2012-06-17','2016-07-23',NULL,NULL,923.00,0,0,1,0,1,1,NULL,NULL,NULL,'mcam30',NULL,'--- !ruby/hash:ActiveSupport::HashWithIndifferentAccess\nanschaffungskategorie: AV-Technik\nreference: invoice\numzug: zgeln\nankunftszustand: intakt\n','2016-07-23 07:01:08','2016-07-23 07:01:08'),(116,'hifi123','hifi123',127,53,116,1,NULL,NULL,'2015-02-19','2016-07-23',NULL,NULL,1432.00,0,0,1,0,1,1,NULL,NULL,NULL,NULL,NULL,'--- !ruby/hash:ActiveSupport::HashWithIndifferentAccess\nanschaffungskategorie: AV-Technik\nreference: invoice\numzug: zgeln\nankunftszustand: intakt\n','2016-07-23 07:01:08','2016-07-23 07:01:08'),(117,'tri789','fgh567',128,53,117,1,NULL,NULL,'2015-12-23','2016-07-23',NULL,NULL,876.00,0,0,1,0,1,1,NULL,NULL,NULL,NULL,NULL,'--- !ruby/hash:ActiveSupport::HashWithIndifferentAccess\nanschaffungskategorie: AV-Technik\nreference: invoice\numzug: zgeln\nankunftszustand: intakt\n','2016-07-23 07:01:08','2016-07-23 07:01:08'),(118,'tri123','fgh987',128,53,118,1,NULL,NULL,'2015-01-30','2016-07-23',NULL,NULL,1053.00,0,0,1,0,1,1,NULL,NULL,NULL,NULL,NULL,'--- !ruby/hash:ActiveSupport::HashWithIndifferentAccess\nanschaffungskategorie: AV-Technik\nreference: invoice\numzug: zgeln\nankunftszustand: intakt\n','2016-07-23 07:01:08','2016-07-23 07:01:08'),(119,'tri923','asd213',128,53,119,1,NULL,NULL,'2011-12-26','2016-07-23',NULL,NULL,443.00,0,0,1,0,1,1,NULL,NULL,NULL,NULL,NULL,'--- !ruby/hash:ActiveSupport::HashWithIndifferentAccess\nanschaffungskategorie: AV-Technik\nreference: invoice\numzug: zgeln\nankunftszustand: intakt\n','2016-07-23 07:01:08','2016-07-23 07:01:08'),(120,'tri212','tri212',128,53,120,1,NULL,NULL,'2014-05-26','2016-07-23',NULL,NULL,1058.00,0,0,1,0,1,1,NULL,NULL,NULL,NULL,NULL,'--- !ruby/hash:ActiveSupport::HashWithIndifferentAccess\nanschaffungskategorie: AV-Technik\nreference: invoice\numzug: zgeln\nankunftszustand: intakt\n','2016-07-23 07:01:08','2016-07-23 07:01:08'),(121,'ni07de','ppnjzx',130,53,121,1,NULL,NULL,'2015-09-13','2016-07-23',NULL,NULL,980.00,0,0,1,0,1,1,NULL,NULL,NULL,NULL,NULL,'--- !ruby/hash:ActiveSupport::HashWithIndifferentAccess\nanschaffungskategorie: AV-Technik\nreference: invoice\numzug: zgeln\nankunftszustand: intakt\n','2016-07-23 07:01:08','2016-07-23 07:01:08'),(122,'u1b51g4ezt76zzq3ww3w856','d1:79:f7:81:de:19-1c:78:01:e4:41:45-6d:33:2d:8a:98:e2',131,54,122,1,NULL,NULL,'2011-05-12','2016-07-23',NULL,NULL,1321.00,0,0,1,0,1,1,NULL,NULL,NULL,NULL,NULL,'--- !ruby/hash:ActiveSupport::HashWithIndifferentAccess\nanschaffungskategorie: AV-Technik\nreference: invoice\numzug: zgeln\nankunftszustand: intakt\n','2016-07-23 07:01:08','2016-07-23 07:01:08'),(123,'pw1ftrmsj8rhb5c9kpa9857','1d:63:01:75:e1:c8-f8:e7:cb:04:23:8f-c7:1e:b4:cf:30:c8',133,54,123,1,122,NULL,'2012-06-08','2016-07-23',NULL,NULL,345.00,0,0,1,0,1,1,NULL,NULL,NULL,NULL,NULL,'--- !ruby/hash:ActiveSupport::HashWithIndifferentAccess\nanschaffungskategorie: AV-Technik\nreference: invoice\numzug: zgeln\nankunftszustand: intakt\n','2016-07-23 07:01:08','2016-07-23 07:01:08'),(124,'g0crp2rb6bov7z9yx20p858','47:87:be:fa:69:8d-92:e0:2d:e2:a8:8f-91:23:7e:e9:a9:1c',134,54,124,1,122,NULL,'2015-02-02','2016-07-23',NULL,NULL,1273.00,0,0,1,0,1,1,NULL,NULL,NULL,NULL,NULL,'--- !ruby/hash:ActiveSupport::HashWithIndifferentAccess\nanschaffungskategorie: AV-Technik\nreference: invoice\numzug: zgeln\nankunftszustand: intakt\n','2016-07-23 07:01:08','2016-07-23 07:01:08'),(125,'3zxhboa5r2aimc7a5rqh859','66:b0:48:61:1f:93-72:1f:71:55:22:e1-fd:f3:ed:b3:94:cc',135,54,125,1,122,NULL,'2013-12-06','2016-07-23',NULL,NULL,512.00,0,0,1,0,1,1,NULL,NULL,NULL,NULL,NULL,'--- !ruby/hash:ActiveSupport::HashWithIndifferentAccess\nanschaffungskategorie: AV-Technik\nreference: invoice\numzug: zgeln\nankunftszustand: intakt\n','2016-07-23 07:01:08','2016-07-23 07:01:08'),(126,'qwhmgdbee8gww267f26d860','32:a6:75:98:76:e4-6a:91:44:7c:b6:8e-31:fa:86:03:e0:69',131,58,126,1,NULL,NULL,'2014-02-08','2016-07-23',NULL,NULL,1034.00,0,0,1,0,1,1,NULL,NULL,NULL,NULL,NULL,'--- !ruby/hash:ActiveSupport::HashWithIndifferentAccess\nanschaffungskategorie: AV-Technik\nreference: invoice\numzug: zgeln\nankunftszustand: intakt\n','2016-07-23 07:01:08','2016-07-23 07:01:08'),(127,'oknkx2pcp92sznxouzuf861','39:3b:4c:f7:9e:7d-73:c8:e8:ed:a6:1c-0d:e2:3d:73:1e:01',137,58,127,1,126,NULL,'2015-04-19','2016-07-23',NULL,NULL,1251.00,0,0,1,0,1,1,NULL,NULL,NULL,NULL,NULL,'--- !ruby/hash:ActiveSupport::HashWithIndifferentAccess\nanschaffungskategorie: AV-Technik\nreference: invoice\numzug: zgeln\nankunftszustand: intakt\n','2016-07-23 07:01:08','2016-07-23 07:01:08'),(128,'215uc8g5mgso7q3xckjz862','d9:7f:08:df:a1:45-0c:9f:58:d9:31:d9-18:d7:bc:56:6e:2e',138,58,128,1,126,NULL,'2011-05-01','2016-07-23',NULL,NULL,699.00,0,0,1,0,1,1,NULL,NULL,NULL,NULL,NULL,'--- !ruby/hash:ActiveSupport::HashWithIndifferentAccess\nanschaffungskategorie: AV-Technik\nreference: invoice\numzug: zgeln\nankunftszustand: intakt\n','2016-07-23 07:01:08','2016-07-23 07:01:08'),(129,'ephhiw19veq4z4ji96h9863','e0:57:47:2c:ec:a3-5a:6a:f8:f5:c1:e8-eb:72:f8:c5:2e:36',139,58,129,1,126,NULL,'2013-01-08','2016-07-23',NULL,NULL,624.00,0,0,1,0,1,1,NULL,NULL,NULL,NULL,NULL,'--- !ruby/hash:ActiveSupport::HashWithIndifferentAccess\nanschaffungskategorie: AV-Technik\nreference: invoice\numzug: zgeln\nankunftszustand: intakt\n','2016-07-23 07:01:08','2016-07-23 07:01:08'),(130,'8tmg1v6811i5l5t32ro8864','fa:9a:ab:52:01:0a-c1:9a:bf:32:df:65-31:94:15:22:4b:38',131,62,130,1,NULL,NULL,'2015-08-12','2016-07-23',NULL,NULL,766.00,0,0,1,0,1,1,NULL,NULL,NULL,NULL,NULL,'--- !ruby/hash:ActiveSupport::HashWithIndifferentAccess\nanschaffungskategorie: AV-Technik\nreference: invoice\numzug: zgeln\nankunftszustand: intakt\n','2016-07-23 07:01:08','2016-07-23 07:01:08'),(131,'ay4edi6fe3x77dsiiide865','d5:e7:cd:82:bf:a8-b2:0d:12:3b:6f:05-b1:42:73:4f:0a:b3',141,62,131,1,130,NULL,'2011-09-24','2016-07-23',NULL,NULL,251.00,0,0,1,0,1,1,NULL,NULL,NULL,NULL,NULL,'--- !ruby/hash:ActiveSupport::HashWithIndifferentAccess\nanschaffungskategorie: AV-Technik\nreference: invoice\numzug: zgeln\nankunftszustand: intakt\n','2016-07-23 07:01:08','2016-07-23 07:01:08'),(132,'a2l1a5vncpa62svskcjf866','2f:db:bb:5b:52:97-4e:19:7d:dc:05:a2-a8:b1:0d:3f:29:e7',142,62,132,1,130,NULL,'2011-08-30','2016-07-23',NULL,NULL,1375.00,0,0,1,0,1,1,NULL,NULL,NULL,NULL,NULL,'--- !ruby/hash:ActiveSupport::HashWithIndifferentAccess\nanschaffungskategorie: AV-Technik\nreference: invoice\numzug: zgeln\nankunftszustand: intakt\n','2016-07-23 07:01:08','2016-07-23 07:01:08'),(133,'bb2hxi25vhargi53938l867','fc:7c:ce:10:61:67-4a:87:2e:35:23:1b-6e:51:83:84:70:3a',143,62,133,1,130,NULL,'2011-12-05','2016-07-23',NULL,NULL,1405.00,0,0,1,0,1,1,NULL,NULL,NULL,NULL,NULL,'--- !ruby/hash:ActiveSupport::HashWithIndifferentAccess\nanschaffungskategorie: AV-Technik\nreference: invoice\numzug: zgeln\nankunftszustand: intakt\n','2016-07-23 07:01:08','2016-07-23 07:01:08'),(134,'9rjdj7j2v6p0vap43az0868','72:76:f6:57:ac:89-3f:3b:96:63:45:f6-68:d9:ac:0e:c2:68',144,66,134,1,NULL,NULL,'2015-09-29','2016-07-23',NULL,NULL,655.00,0,0,1,0,1,1,NULL,NULL,NULL,NULL,NULL,'--- !ruby/hash:ActiveSupport::HashWithIndifferentAccess\nanschaffungskategorie: AV-Technik\nreference: invoice\numzug: zgeln\nankunftszustand: intakt\n','2016-07-23 07:01:08','2016-07-23 07:01:08'),(135,'72n81ycowwv2jcri2ohz869','a7:4e:14:05:23:58-83:24:98:45:22:88-3b:fe:83:bb:4f:c8',146,66,135,1,134,NULL,'2011-07-01','2016-07-23',NULL,NULL,940.00,0,0,1,0,1,1,NULL,NULL,NULL,NULL,NULL,'--- !ruby/hash:ActiveSupport::HashWithIndifferentAccess\nanschaffungskategorie: AV-Technik\nreference: invoice\numzug: zgeln\nankunftszustand: intakt\n','2016-07-23 07:01:08','2016-07-23 07:01:08'),(136,'c4kuhwc3hgsgu4wjdd2l870','a1:8f:b3:59:78:05-76:e7:1a:80:4e:23-35:c0:cb:e5:92:66',147,66,136,1,134,NULL,'2012-06-24','2016-07-23',NULL,NULL,751.00,0,0,1,0,1,1,NULL,NULL,NULL,NULL,NULL,'--- !ruby/hash:ActiveSupport::HashWithIndifferentAccess\nanschaffungskategorie: AV-Technik\nreference: invoice\numzug: zgeln\nankunftszustand: intakt\n','2016-07-23 07:01:08','2016-07-23 07:01:08'),(137,'a79qrc24w29zax6eul9r871','8a:8a:56:9c:3e:74-b9:26:91:ac:1d:ea-c1:1c:12:90:ff:d0',148,66,137,1,134,NULL,'2012-12-04','2016-07-23',NULL,NULL,801.00,0,0,1,0,1,1,NULL,NULL,NULL,NULL,NULL,'--- !ruby/hash:ActiveSupport::HashWithIndifferentAccess\nanschaffungskategorie: AV-Technik\nreference: invoice\numzug: zgeln\nankunftszustand: intakt\n','2016-07-23 07:01:08','2016-07-23 07:01:08'),(138,'p7tgq906l029fyckwsgd872','69:4b:8f:c0:2f:33-d0:11:ba:c6:fb:6c-b8:cf:34:18:a1:cd',144,70,138,1,NULL,NULL,'2014-07-17','2016-07-23',NULL,NULL,1151.00,0,0,1,0,1,1,NULL,NULL,NULL,NULL,NULL,'--- !ruby/hash:ActiveSupport::HashWithIndifferentAccess\nanschaffungskategorie: AV-Technik\nreference: invoice\numzug: zgeln\nankunftszustand: intakt\n','2016-07-23 07:01:08','2016-07-23 07:01:08'),(139,'bsrj35c0qus8m92ii8yy873','e2:c6:b2:bd:74:ce-96:8b:15:43:97:a4-90:e1:dd:8e:86:a0',150,70,139,1,138,NULL,'2015-03-15','2016-07-23',NULL,NULL,1380.00,0,0,1,0,1,1,NULL,NULL,NULL,NULL,NULL,'--- !ruby/hash:ActiveSupport::HashWithIndifferentAccess\nanschaffungskategorie: AV-Technik\nreference: invoice\numzug: zgeln\nankunftszustand: intakt\n','2016-07-23 07:01:08','2016-07-23 07:01:08'),(140,'md6vmbcct9w2fl5rnjps874','3c:3a:26:b0:22:91-70:b0:54:fa:e0:49-27:3b:c7:c2:fb:eb',151,70,140,1,138,NULL,'2014-01-22','2016-07-23',NULL,NULL,221.00,0,0,1,0,1,1,NULL,NULL,NULL,NULL,NULL,'--- !ruby/hash:ActiveSupport::HashWithIndifferentAccess\nanschaffungskategorie: AV-Technik\nreference: invoice\numzug: zgeln\nankunftszustand: intakt\n','2016-07-23 07:01:08','2016-07-23 07:01:08'),(141,'4gtnwlk0kdpzsmpgpp9b875','42:11:3c:78:31:a9-11:f0:3b:b0:73:e3-5f:04:58:81:e4:6b',152,70,141,1,138,NULL,'2011-09-15','2016-07-23',NULL,NULL,484.00,0,0,1,0,1,1,NULL,NULL,NULL,NULL,NULL,'--- !ruby/hash:ActiveSupport::HashWithIndifferentAccess\nanschaffungskategorie: AV-Technik\nreference: invoice\numzug: zgeln\nankunftszustand: intakt\n','2016-07-23 07:01:08','2016-07-23 07:01:08'),(142,'7nacta89pgnf66d6b0jk876','aa:26:eb:69:64:08-d2:6e:49:56:1d:da-5f:3d:84:95:c5:95',144,74,142,1,NULL,NULL,'2011-04-27','2016-07-23',NULL,NULL,287.00,0,0,1,0,1,1,NULL,NULL,NULL,NULL,NULL,'--- !ruby/hash:ActiveSupport::HashWithIndifferentAccess\nanschaffungskategorie: AV-Technik\nreference: invoice\numzug: zgeln\nankunftszustand: intakt\n','2016-07-23 07:01:08','2016-07-23 07:01:08'),(143,'57mnj1yjhbdxkvtez7ch877','eb:ad:e9:78:64:45-d2:09:06:8a:1d:93-c9:a8:f2:59:6a:b2',154,74,143,1,142,NULL,'2013-04-20','2016-07-23',NULL,NULL,983.00,0,0,1,0,1,1,NULL,NULL,NULL,NULL,NULL,'--- !ruby/hash:ActiveSupport::HashWithIndifferentAccess\nanschaffungskategorie: AV-Technik\nreference: invoice\numzug: zgeln\nankunftszustand: intakt\n','2016-07-23 07:01:08','2016-07-23 07:01:08'),(144,'zde0zntrhkubbhv41k4s878','0e:e3:a0:f3:6f:4d-64:73:80:f0:3d:db-23:3f:86:92:f9:39',155,74,144,1,142,NULL,'2012-10-27','2016-07-23',NULL,NULL,268.00,0,0,1,0,1,1,NULL,NULL,NULL,NULL,NULL,'--- !ruby/hash:ActiveSupport::HashWithIndifferentAccess\nanschaffungskategorie: AV-Technik\nreference: invoice\numzug: zgeln\nankunftszustand: intakt\n','2016-07-23 07:01:08','2016-07-23 07:01:08'),(145,'4532cuxzie6pygbaspzu879','71:19:b7:ad:40:fd-ac:7d:5a:90:b8:e6-0d:36:08:6b:fd:ed',156,74,145,1,142,NULL,'2013-02-09','2016-07-23',NULL,NULL,948.00,0,0,1,0,1,1,NULL,NULL,NULL,NULL,NULL,'--- !ruby/hash:ActiveSupport::HashWithIndifferentAccess\nanschaffungskategorie: AV-Technik\nreference: invoice\numzug: zgeln\nankunftszustand: intakt\n','2016-07-23 07:01:08','2016-07-23 07:01:08'),(146,'0xt6kzhzmgq4v56tlvow880','df:85:42:e1:a2:41-6a:49:15:68:83:b6-5e:6a:89:98:60:0d',131,78,146,2,NULL,NULL,'2012-11-21','2016-07-23',NULL,NULL,110.00,0,0,1,0,2,1,NULL,NULL,NULL,NULL,NULL,'--- !ruby/hash:ActiveSupport::HashWithIndifferentAccess\nanschaffungskategorie: AV-Technik\nreference: invoice\numzug: zgeln\nankunftszustand: intakt\n','2016-07-23 07:01:08','2016-07-23 07:01:08'),(147,'rx2ire2i9b0s8cwsxy89881','5e:2c:66:c9:cb:c3-cf:8b:79:29:94:c0-ad:af:b4:bd:3d:33',158,78,147,2,146,NULL,'2012-12-07','2016-07-23',NULL,NULL,705.00,0,0,1,0,2,1,NULL,NULL,NULL,NULL,NULL,'--- !ruby/hash:ActiveSupport::HashWithIndifferentAccess\nanschaffungskategorie: AV-Technik\nreference: invoice\numzug: zgeln\nankunftszustand: intakt\n','2016-07-23 07:01:08','2016-07-23 07:01:08'),(148,'j9mjjli19hsb9f475ci2882','2b:95:ac:50:63:41-e2:b3:9e:6b:ca:0d-a3:c1:2f:2d:a8:33',159,78,148,2,146,NULL,'2012-12-11','2016-07-23',NULL,NULL,1401.00,0,0,1,0,2,1,NULL,NULL,NULL,NULL,NULL,'--- !ruby/hash:ActiveSupport::HashWithIndifferentAccess\nanschaffungskategorie: AV-Technik\nreference: invoice\numzug: zgeln\nankunftszustand: intakt\n','2016-07-23 07:01:08','2016-07-23 07:01:08'),(149,'elk4uwcf6x29u7wky09m883','8d:0e:59:16:80:87-57:90:ed:b8:32:f6-6a:50:2f:cc:bb:48',160,78,149,2,146,NULL,'2012-10-05','2016-07-23',NULL,NULL,939.00,0,0,1,0,2,1,NULL,NULL,NULL,NULL,NULL,'--- !ruby/hash:ActiveSupport::HashWithIndifferentAccess\nanschaffungskategorie: AV-Technik\nreference: invoice\numzug: zgeln\nankunftszustand: intakt\n','2016-07-23 07:01:08','2016-07-23 07:01:08'),(150,'cand5','cand5',96,53,150,1,NULL,NULL,'2015-02-28','2016-07-23',NULL,NULL,1384.00,0,0,0,0,1,1,NULL,NULL,NULL,NULL,NULL,'--- !ruby/hash:ActiveSupport::HashWithIndifferentAccess\nanschaffungskategorie: AV-Technik\nreference: invoice\numzug: zgeln\nankunftszustand: intakt\n','2016-07-23 07:01:08','2016-07-23 07:01:08'),(151,'beam21231','beamas12312',70,53,151,1,NULL,NULL,'2012-02-13','2016-07-23',NULL,NULL,1190.00,0,0,0,0,1,1,NULL,NULL,NULL,NULL,NULL,'--- !ruby/hash:ActiveSupport::HashWithIndifferentAccess\nanschaffungskategorie: AV-Technik\nreference: invoice\numzug: zgeln\nankunftszustand: intakt\n','2016-07-23 07:01:08','2016-07-23 07:01:08'),(152,'hifi345','hifi345',127,53,152,1,NULL,NULL,'2011-12-16','2016-07-23',NULL,NULL,395.00,0,0,0,0,1,1,NULL,NULL,NULL,NULL,NULL,'--- !ruby/hash:ActiveSupport::HashWithIndifferentAccess\nanschaffungskategorie: AV-Technik\nreference: invoice\numzug: zgeln\nankunftszustand: intakt\n','2016-07-23 07:01:08','2016-07-23 07:01:08'),(153,'iMac1','iMac5',162,53,153,1,NULL,NULL,'2015-05-23','2016-07-23','2016-07-23','This Item is gone',516.00,0,0,1,0,1,1,NULL,NULL,NULL,NULL,NULL,'--- !ruby/hash:ActiveSupport::HashWithIndifferentAccess\nanschaffungskategorie: AV-Technik\nreference: invoice\numzug: zgeln\nankunftszustand: intakt\n','2016-07-23 07:01:08','2016-07-23 07:01:08'),(154,'iMac2','iMac6',162,53,154,3,NULL,NULL,'2015-12-08','2016-07-23','2016-07-23','This Item is gone',958.00,0,0,1,0,1,1,NULL,NULL,NULL,NULL,NULL,'--- !ruby/hash:ActiveSupport::HashWithIndifferentAccess\nanschaffungskategorie: AV-Technik\nreference: invoice\numzug: zgeln\nankunftszustand: intakt\n','2016-07-23 07:01:08','2016-07-23 07:01:08'),(155,'k9678a','fs988z',129,53,155,1,NULL,NULL,'2014-08-28','2016-07-23','2016-07-23','This Item is gone',929.00,0,0,1,0,1,1,NULL,NULL,NULL,NULL,NULL,'--- !ruby/hash:ActiveSupport::HashWithIndifferentAccess\nanschaffungskategorie: AV-Technik\nreference: invoice\numzug: zgeln\nankunftszustand: intakt\n','2016-07-23 07:01:08','2016-07-23 07:01:08'),(156,'yitiz9','8lm4np',129,53,156,1,NULL,NULL,'2011-01-16','2016-07-23',NULL,NULL,883.00,0,0,1,0,1,1,NULL,NULL,NULL,NULL,NULL,'--- !ruby/hash:ActiveSupport::HashWithIndifferentAccess\nanschaffungskategorie: AV-Technik\nreference: invoice\numzug: zgeln\nankunftszustand: intakt\n','2016-07-23 07:01:08','2016-07-23 07:01:08'),(157,'wlaptop1','wlaptop1',163,53,157,1,NULL,NULL,'2011-03-17','2016-07-23',NULL,NULL,332.00,1,0,1,0,1,1,NULL,NULL,NULL,NULL,NULL,'--- !ruby/hash:ActiveSupport::HashWithIndifferentAccess\nanschaffungskategorie: AV-Technik\nreference: invoice\numzug: zgeln\nankunftszustand: intakt\n','2016-07-23 07:01:08','2016-07-23 07:01:08'),(158,'v120d02','v120d02',164,53,158,1,NULL,NULL,'2011-01-06','2016-07-23',NULL,NULL,138.00,0,1,1,0,1,1,NULL,NULL,NULL,NULL,NULL,'--- !ruby/hash:ActiveSupport::HashWithIndifferentAccess\nanschaffungskategorie: AV-Technik\nreference: invoice\numzug: zgeln\nankunftszustand: intakt\n','2016-07-23 07:01:08','2016-07-23 07:01:08'),(159,'oot965lt0889nj180nj5884','c4:e2:f2:ba:e0:db-8e:d4:b0:34:70:1d-8f:5d:b9:17:99:af',164,82,159,1,NULL,NULL,'2013-12-25','2016-07-23','2016-07-23','Quasi quae voluptas at.',714.00,1,1,0,0,1,1,NULL,NULL,NULL,NULL,NULL,'--- !ruby/hash:ActiveSupport::HashWithIndifferentAccess\nanschaffungskategorie: AV-Technik\nreference: invoice\numzug: zgeln\nankunftszustand: intakt\n','2016-07-23 07:01:08','2016-07-23 07:01:08'),(160,'v120d022g','v120d022g',165,53,160,1,NULL,NULL,'2014-05-11','2016-07-23',NULL,NULL,733.00,0,0,1,0,1,1,NULL,NULL,NULL,NULL,NULL,'--- !ruby/hash:ActiveSupport::HashWithIndifferentAccess\nanschaffungskategorie: AV-Technik\nreference: invoice\numzug: zgeln\nankunftszustand: intakt\n','2016-07-23 07:01:08','2016-07-23 07:01:08'),(161,'v120d022g2','v120d022g2',165,53,161,1,NULL,NULL,'2012-08-17','2016-07-23',NULL,NULL,99.00,0,0,1,0,1,1,NULL,NULL,NULL,NULL,NULL,'--- !ruby/hash:ActiveSupport::HashWithIndifferentAccess\nanschaffungskategorie: AV-Technik\nreference: invoice\numzug: zgeln\nankunftszustand: intakt\n','2016-07-23 07:01:08','2016-07-23 07:01:08'),(162,'beam897','xyz890',70,53,162,1,NULL,NULL,'2011-12-17','2016-07-23',NULL,NULL,511.00,0,0,1,0,2,1,NULL,NULL,NULL,NULL,NULL,'--- !ruby/hash:ActiveSupport::HashWithIndifferentAccess\nanschaffungskategorie: AV-Technik\nreference: invoice\numzug: zgeln\nankunftszustand: intakt\n','2016-07-23 07:01:08','2016-07-23 07:01:08'),(163,'minibeam12','xyz890',72,53,163,1,NULL,NULL,'2015-07-03','2016-07-23',NULL,NULL,781.00,0,0,1,0,2,1,NULL,NULL,NULL,NULL,NULL,'--- !ruby/hash:ActiveSupport::HashWithIndifferentAccess\nanschaffungskategorie: AV-Technik\nreference: invoice\numzug: zgeln\nankunftszustand: intakt\n','2016-07-23 07:01:08','2016-07-23 07:01:08'),(164,'minibeam34','xyz890',72,53,164,1,NULL,NULL,'2013-05-23','2016-07-23',NULL,NULL,528.00,0,0,1,0,3,1,NULL,NULL,NULL,NULL,NULL,'--- !ruby/hash:ActiveSupport::HashWithIndifferentAccess\nanschaffungskategorie: AV-Technik\nreference: invoice\numzug: zgeln\nankunftszustand: intakt\n','2016-07-23 07:01:08','2016-07-23 07:01:08'),(165,'awkg3ec9xiboenlk6x55885','21:f9:53:d6:71:ed-1d:3f:ca:1b:5d:46-0d:c0:3c:90:4e:d1',167,NULL,NULL,1,NULL,NULL,NULL,NULL,NULL,NULL,NULL,0,0,1,0,1,0,NULL,NULL,NULL,NULL,NULL,'--- !ruby/hash:ActiveSupport::HashWithIndifferentAccess\nlicense_type: single_workplace\nactivation_type: serial_number\noperating_system:\n- windows\n- linux\ninstallation:\n- citrix\n- web\nprocured_by: Mike H.\nreference: invoice\nmaintenance_contract: \'false\'\n','2016-07-23 07:01:08','2016-07-23 07:01:08'),(166,'66254p04o95thxqn109v886','38:2d:8a:92:6b:99-97:4a:0d:9e:db:7f-d8:50:7d:62:5f:11',168,NULL,NULL,1,NULL,NULL,NULL,NULL,NULL,NULL,NULL,0,0,0,0,1,0,NULL,NULL,NULL,NULL,NULL,'--- !ruby/hash:ActiveSupport::HashWithIndifferentAccess\nlicense_type: single_workplace\nactivation_type: serial_number\noperating_system:\n- windows\n- linux\ninstallation:\n- citrix\n- web\nreference: invoice\nmaintenance_contract: \'false\'\n','2016-07-23 07:01:08','2016-07-23 07:01:08'),(167,'otx821a29oo8g81u93qd887','50:fd:38:05:95:d3-c4:23:ae:73:0c:85-10:47:80:a3:79:a7',169,NULL,NULL,1,NULL,NULL,NULL,NULL,NULL,NULL,NULL,0,0,0,0,1,0,NULL,NULL,NULL,NULL,NULL,'--- !ruby/hash:ActiveSupport::HashWithIndifferentAccess\nlicense_type: single_workplace\nactivation_type: serial_number\noperating_system:\n- windows\n- linux\ninstallation:\n- citrix\n- web\nprocured_by: Rex Braun\nreference: invoice\nmaintenance_contract: \'false\'\n','2016-07-23 07:01:08','2016-07-23 07:01:08'),(168,'5l14srjahq2w36kxo1hz888','f7:e0:7b:d5:2d:89-f4:40:20:ee:fe:f8-c1:f0:69:1e:5d:74',170,NULL,NULL,1,NULL,NULL,NULL,NULL,NULL,NULL,NULL,0,0,0,0,2,0,NULL,NULL,NULL,NULL,NULL,'--- !ruby/hash:ActiveSupport::HashWithIndifferentAccess\nlicense_type: single_workplace\nactivation_type: serial_number\noperating_system:\n- windows\n- linux\ninstallation:\n- citrix\n- web\nreference: invoice\nmaintenance_contract: \'false\'\n','2016-07-23 07:01:08','2016-07-23 07:01:08'),(169,'1kzsesf8w0cttyi6cgrj889','73:22:d0:6a:d8:41-8f:a1:6c:95:c6:c3-e0:3b:9b:f1:7b:ea',171,NULL,NULL,1,NULL,NULL,NULL,NULL,'2016-07-23','Est aliquam voluptas illo tempora rerum.',NULL,0,0,1,0,1,0,NULL,NULL,NULL,NULL,NULL,'--- !ruby/hash:ActiveSupport::HashWithIndifferentAccess\nlicense_type: single_workplace\nactivation_type: serial_number\noperating_system:\n- windows\n- linux\ninstallation:\n- citrix\n- web\nprocured_by: Matti S.\nreference: invoice\nmaintenance_contract: \'false\'\n','2016-07-23 07:01:08','2016-07-23 07:01:08'),(170,'y5tut1yqwanikpfj1hye890','e3:c2:7b:a3:da:ce-22:de:12:50:3f:24-d2:72:f0:28:b7:3c',172,NULL,NULL,2,NULL,NULL,NULL,NULL,'2016-07-23','Non consequatur corporis aut ut.',NULL,0,0,1,0,1,0,NULL,NULL,NULL,NULL,NULL,'--- !ruby/hash:ActiveSupport::HashWithIndifferentAccess\nlicense_type: single_workplace\nactivation_type: serial_number\noperating_system:\n- windows\n- linux\ninstallation:\n- citrix\n- web\nprocured_by: Cyrus Vandervort\nreference: invoice\nmaintenance_contract: \'false\'\n','2016-07-23 07:01:08','2016-07-23 07:01:08'),(171,'2tyxwkbkn3e4dnr7vgog891','38:bb:9c:56:48:d7-91:9f:46:a5:f4:bf-f2:e1:6b:1e:3a:f8',173,NULL,NULL,2,NULL,NULL,NULL,NULL,NULL,NULL,NULL,0,0,1,0,2,0,NULL,NULL,NULL,NULL,NULL,'--- !ruby/hash:ActiveSupport::HashWithIndifferentAccess\nlicense_type: single_workplace\nactivation_type: serial_number\noperating_system:\n- windows\n- linux\ninstallation:\n- citrix\n- web\nprocured_by: Matti S.\nreference: invoice\nmaintenance_contract: \'false\'\n','2016-07-23 07:01:08','2016-07-23 07:01:08'),(172,'a9axtov2680azeu72m05892','84:b3:fe:19:a0:c1-0c:7a:3c:71:c0:92-45:e8:7d:d7:80:a1',174,NULL,NULL,1,NULL,NULL,'2016-07-23',NULL,NULL,NULL,NULL,0,0,0,0,1,0,NULL,NULL,NULL,NULL,NULL,'--- !ruby/hash:ActiveSupport::HashWithIndifferentAccess\nlicense_expiration: \'2016-07-23\'\nmaintenance_contract: \'true\'\nmaintenance_expiration: \'2016-07-23\'\nreference: invoice\nactivation_type: none\nlicense_type: free\n','2016-07-23 07:01:08','2016-07-23 07:01:08'),(173,'g2e7ehyf4ojigvytsxwl893','16:06:55:54:4e:00-b0:fe:62:b4:95:01-57:04:a1:f4:f6:a0',175,NULL,NULL,1,NULL,NULL,NULL,NULL,NULL,NULL,NULL,0,0,0,0,1,0,NULL,NULL,NULL,NULL,NULL,'--- !ruby/hash:ActiveSupport::HashWithIndifferentAccess\nquantity_allocations:\n- !ruby/hash:ActiveSupport::HashWithIndifferentAccess\n  room: sit\n  quantity: 18\n- !ruby/hash:ActiveSupport::HashWithIndifferentAccess\n  room: maxime\n  quantity: 14\nreference: invoice\nactivation_type: none\nlicense_type: free\nmaintenance_contract: \'false\'\n','2016-07-23 07:01:08','2016-07-23 07:01:08'),(174,'1v9n153pbbz7h12ht2kz894','95:b7:d0:82:ac:30-fb:26:7b:84:50:41-8e:4e:df:c3:14:70',177,NULL,NULL,1,NULL,NULL,NULL,NULL,NULL,NULL,NULL,0,0,0,0,1,0,NULL,NULL,NULL,NULL,NULL,'--- !ruby/hash:ActiveSupport::HashWithIndifferentAccess\noperating_system:\n- windows\n- linux\n- mac_os_x\nlicense_type: site_license\ntotal_quantity: 238\nquantity_allocations:\n- !ruby/hash:ActiveSupport::HashWithIndifferentAccess\n  room: illo\n  quantity: 44\n- !ruby/hash:ActiveSupport::HashWithIndifferentAccess\n  room: repellat\n  quantity: 50\nreference: invoice\nactivation_type: none\nmaintenance_contract: \'false\'\n','2016-07-23 07:01:08','2016-07-23 07:01:08'),(175,'3q0dty4mdjurd6gt8lyb895','40:0f:3f:48:1a:e5-2f:05:78:c2:76:88-02:9a:eb:cb:b1:3b',179,83,165,1,NULL,NULL,'2011-01-10','2016-07-23',NULL,NULL,1127.00,0,0,1,0,1,1,NULL,NULL,NULL,NULL,NULL,'--- !ruby/hash:ActiveSupport::HashWithIndifferentAccess\nanschaffungskategorie: AV-Technik\nreference: invoice\numzug: zgeln\nankunftszustand: intakt\n','2016-07-23 07:01:08','2016-07-23 07:01:08'),(176,'5rhizxg28hulsc3nf7k2896','22:82:14:03:65:b7-fb:78:1b:0d:97:d2-d0:41:dc:b6:e8:a6',180,NULL,NULL,1,NULL,NULL,NULL,NULL,NULL,NULL,NULL,0,0,1,0,1,0,NULL,NULL,NULL,NULL,NULL,'--- !ruby/hash:ActiveSupport::HashWithIndifferentAccess\nlicense_type: single_workplace\nactivation_type: serial_number\noperating_system:\n- windows\n- linux\ninstallation:\n- citrix\n- web\nreference: invoice\nmaintenance_contract: \'false\'\n','2016-07-23 07:01:08','2016-07-23 07:01:08'),(177,'jsw0eul3t7t1q2z4mwpn897','e9:c6:cd:16:34:bd-c0:ca:85:d3:e6:ab-ad:73:cd:69:8e:41',181,84,166,2,NULL,NULL,'2013-05-10','2016-07-18',NULL,NULL,777.00,0,0,1,0,2,1,NULL,NULL,NULL,NULL,NULL,'--- !ruby/hash:ActiveSupport::HashWithIndifferentAccess\nanschaffungskategorie: AV-Technik\nreference: invoice\numzug: zgeln\nankunftszustand: intakt\n','2016-07-18 00:00:00','2016-07-18 00:00:00'),(178,'pf03kvruono6xkgwa6zp898','6d:54:d4:78:e5:36-64:fe:8a:a0:ed:ef-0a:29:25:3a:39:94',181,85,167,3,NULL,NULL,'2014-07-23','2016-07-18',NULL,NULL,113.00,0,0,1,0,2,1,NULL,NULL,NULL,NULL,NULL,'--- !ruby/hash:ActiveSupport::HashWithIndifferentAccess\nanschaffungskategorie: AV-Technik\nreference: invoice\numzug: zgeln\nankunftszustand: intakt\n','2016-07-18 00:00:00','2016-07-18 00:00:00'),(179,'ujrujakhkb1ugxjqjgqi899','fc:1f:17:05:4c:08-c5:cc:12:a5:79:d8-ad:72:24:01:dd:af',181,86,168,7,NULL,NULL,'2014-06-23','2016-07-18',NULL,NULL,989.00,0,0,1,0,2,1,NULL,NULL,NULL,NULL,NULL,'--- !ruby/hash:ActiveSupport::HashWithIndifferentAccess\nanschaffungskategorie: AV-Technik\nreference: invoice\numzug: zgeln\nankunftszustand: intakt\n','2016-07-18 00:00:00','2016-07-18 00:00:00'),(180,'o3dk3n8g7j1j2e7iqwpp900','80:3a:8a:95:72:98-b4:04:b6:56:6a:29-9a:b4:76:b4:f6:cd',185,87,169,1,NULL,NULL,'2011-11-30','2016-07-23','2016-07-23','Eveniet omnis commodi aut laudantium aspernatur.',335.00,0,0,1,0,1,1,NULL,NULL,NULL,NULL,NULL,'--- !ruby/hash:ActiveSupport::HashWithIndifferentAccess\nanschaffungskategorie: AV-Technik\nreference: invoice\numzug: zgeln\nankunftszustand: intakt\n','2016-07-23 07:01:08','2016-07-23 07:01:08'),(181,'jekr6lx0sf2i2od4wzr9901','49:02:2d:96:47:c0-b9:74:fc:67:11:1f-44:e4:21:0e:c0:ae',186,88,170,2,NULL,NULL,'2013-02-28','2016-07-23',NULL,NULL,428.00,0,0,1,0,2,1,NULL,NULL,NULL,NULL,NULL,'--- !ruby/hash:ActiveSupport::HashWithIndifferentAccess\nanschaffungskategorie: AV-Technik\nreference: invoice\numzug: zgeln\nankunftszustand: intakt\n','2016-07-23 07:01:08','2016-07-23 07:01:08'),(182,'rxcm2099gyeuhoelotkg902','c8:4b:8d:25:ae:fb-6a:84:82:d1:fb:2e-4f:f4:49:c4:f7:71',187,89,171,5,NULL,NULL,'2013-06-06','2016-07-23',NULL,NULL,156.00,0,0,1,0,3,1,NULL,NULL,NULL,NULL,NULL,'--- !ruby/hash:ActiveSupport::HashWithIndifferentAccess\nanschaffungskategorie: AV-Technik\nreference: invoice\numzug: zgeln\nankunftszustand: intakt\n','2016-07-23 07:01:08','2016-07-23 07:01:08'),(183,'u8mybhacze68iaj4uhiy903','8b:47:1a:d9:32:5c-1e:73:41:70:29:36-82:ad:e7:ba:09:36',187,90,172,6,NULL,NULL,'2011-04-18','2016-07-23',NULL,NULL,142.00,0,0,1,0,3,1,NULL,NULL,NULL,NULL,NULL,'--- !ruby/hash:ActiveSupport::HashWithIndifferentAccess\nanschaffungskategorie: AV-Technik\nreference: invoice\numzug: zgeln\nankunftszustand: intakt\n','2016-07-23 07:01:08','2016-07-23 07:01:08'),(184,'rnssi36ri9nouwi4ruom904','a2:a9:cf:fa:f4:55-60:14:08:c4:21:c0-fd:bf:5d:43:d5:44',187,91,173,1,NULL,NULL,'2015-01-08','2016-07-23',NULL,NULL,182.00,0,0,1,0,3,1,NULL,NULL,NULL,NULL,NULL,'--- !ruby/hash:ActiveSupport::HashWithIndifferentAccess\nanschaffungskategorie: AV-Technik\nreference: invoice\numzug: zgeln\nankunftszustand: intakt\n','2016-07-23 07:01:08','2016-07-23 07:01:08'),(185,'e7spz9muvf569o7t2gpi905','a3:1d:8d:68:a5:89-a2:d4:0c:b5:db:bb-32:1e:ec:b6:70:9b',191,92,174,6,NULL,NULL,'2012-09-06','2016-07-23',NULL,NULL,640.00,0,0,1,0,3,1,NULL,NULL,NULL,NULL,NULL,'--- !ruby/hash:ActiveSupport::HashWithIndifferentAccess\nanschaffungskategorie: AV-Technik\nreference: invoice\numzug: zgeln\nankunftszustand: intakt\n','2016-07-23 07:01:08','2016-07-23 07:01:08'),(186,'bv11kigt6sjzmr9py5cp906','af:d4:60:a5:d9:9b-e6:96:fc:a3:74:d8-ec:02:e4:56:25:52',191,93,175,10,NULL,NULL,'2014-09-17','2016-07-23',NULL,NULL,319.00,0,0,1,0,3,1,NULL,NULL,NULL,NULL,NULL,'--- !ruby/hash:ActiveSupport::HashWithIndifferentAccess\nanschaffungskategorie: AV-Technik\nreference: invoice\numzug: zgeln\nankunftszustand: intakt\n','2016-07-23 07:01:08','2016-07-23 07:01:08'),(187,'i0fosbpfgs0woc842rg9907','4f:64:8e:c9:0d:48-8b:07:70:7f:50:f1-84:b3:1e:d6:b6:5e',191,94,176,1,NULL,NULL,'2011-09-15','2016-07-23',NULL,NULL,751.00,0,0,1,0,3,1,NULL,NULL,NULL,NULL,NULL,'--- !ruby/hash:ActiveSupport::HashWithIndifferentAccess\nanschaffungskategorie: AV-Technik\nreference: invoice\numzug: zgeln\nankunftszustand: intakt\n','2016-07-23 07:01:08','2016-07-23 07:01:08'),(188,'znac9s8wtxa0jn0yimcw908','e7:b9:42:a6:a5:0c-a4:63:e2:9e:5d:74-7b:ec:67:86:ff:a5',195,95,177,3,NULL,NULL,'2012-01-13','2016-07-23',NULL,NULL,982.00,0,0,1,0,3,1,NULL,NULL,NULL,NULL,NULL,'--- !ruby/hash:ActiveSupport::HashWithIndifferentAccess\nanschaffungskategorie: AV-Technik\nreference: invoice\numzug: zgeln\nankunftszustand: intakt\n','2016-07-23 07:01:08','2016-07-23 07:01:08'),(189,'gdgd02lc3t0fgzpqxta9909','7c:7d:da:cc:42:b3-9b:05:d1:05:4e:db-86:e3:73:d2:95:dd',195,96,178,8,NULL,NULL,'2012-04-27','2016-07-23',NULL,NULL,1079.00,0,0,1,0,3,1,NULL,NULL,NULL,NULL,NULL,'--- !ruby/hash:ActiveSupport::HashWithIndifferentAccess\nanschaffungskategorie: AV-Technik\nreference: invoice\numzug: zgeln\nankunftszustand: intakt\n','2016-07-23 07:01:08','2016-07-23 07:01:08'),(190,'fqkrwl99blo2f3l4epy0910','2f:54:05:5b:2f:f1-0d:48:3b:87:06:69-5e:d3:17:b1:7b:8f',195,97,179,9,NULL,NULL,'2013-02-13','2016-07-23',NULL,NULL,972.00,0,0,1,0,3,1,NULL,NULL,NULL,NULL,NULL,'--- !ruby/hash:ActiveSupport::HashWithIndifferentAccess\nanschaffungskategorie: AV-Technik\nreference: invoice\numzug: zgeln\nankunftszustand: intakt\n','2016-07-23 07:01:08','2016-07-23 07:01:08'),(191,'mkmihoyu4n6d045so0tc911','c2:64:53:52:46:0d-b4:76:69:9a:d9:0c-b1:3b:d1:23:fe:b9',199,98,180,10,NULL,NULL,'2013-11-15','2016-07-23',NULL,NULL,1044.00,0,0,1,0,3,1,NULL,NULL,NULL,NULL,NULL,'--- !ruby/hash:ActiveSupport::HashWithIndifferentAccess\nanschaffungskategorie: AV-Technik\nreference: invoice\numzug: zgeln\nankunftszustand: intakt\n','2016-07-23 07:01:08','2016-07-23 07:01:08'),(192,'7ghp2d58yxac1da453w7912','92:3e:13:9a:d7:7d-43:20:be:c8:6b:40-80:8d:4f:4b:54:56',199,99,181,9,NULL,NULL,'2012-05-16','2016-07-23',NULL,NULL,759.00,0,0,1,0,3,1,NULL,NULL,NULL,NULL,NULL,'--- !ruby/hash:ActiveSupport::HashWithIndifferentAccess\nanschaffungskategorie: AV-Technik\nreference: invoice\numzug: zgeln\nankunftszustand: intakt\n','2016-07-23 07:01:08','2016-07-23 07:01:08'),(193,'ygrosztlqruq1usrk3gf913','cb:14:66:b9:27:1e-fc:66:05:29:9d:03-73:22:38:39:57:17',199,100,182,11,NULL,NULL,'2015-02-18','2016-07-23',NULL,NULL,890.00,0,0,1,0,3,1,NULL,NULL,NULL,NULL,NULL,'--- !ruby/hash:ActiveSupport::HashWithIndifferentAccess\nanschaffungskategorie: AV-Technik\nreference: invoice\numzug: zgeln\nankunftszustand: intakt\n','2016-07-23 07:01:08','2016-07-23 07:01:08'),(194,'j8nluin81qokj5phgyke914','de:1a:44:97:3c:4b-6f:53:bf:79:67:11-11:4e:2b:de:e5:66',203,101,183,2,NULL,NULL,'2011-10-02','2016-07-23',NULL,NULL,504.00,0,0,1,0,3,1,NULL,NULL,NULL,NULL,NULL,'--- !ruby/hash:ActiveSupport::HashWithIndifferentAccess\nanschaffungskategorie: AV-Technik\nreference: invoice\numzug: zgeln\nankunftszustand: intakt\n','2016-07-23 07:01:08','2016-07-23 07:01:08'),(195,'4po5u75h3jmh7nius3hk915','29:5b:d7:8a:47:f8-d2:cb:82:8c:9c:0e-43:0a:de:4d:5f:a8',203,102,184,6,NULL,NULL,'2012-08-04','2016-07-23',NULL,NULL,794.00,0,0,1,0,3,1,NULL,NULL,NULL,NULL,NULL,'--- !ruby/hash:ActiveSupport::HashWithIndifferentAccess\nanschaffungskategorie: AV-Technik\nreference: invoice\numzug: zgeln\nankunftszustand: intakt\n','2016-07-23 07:01:08','2016-07-23 07:01:08'),(196,'kbkeydvck3loukr8zffc916','5f:8a:70:fd:dd:38-6a:1e:5b:fa:33:84-ff:60:32:fc:26:15',203,103,185,9,NULL,NULL,'2014-07-04','2016-07-23',NULL,NULL,1431.00,0,0,1,0,3,1,NULL,NULL,NULL,NULL,NULL,'--- !ruby/hash:ActiveSupport::HashWithIndifferentAccess\nanschaffungskategorie: AV-Technik\nreference: invoice\numzug: zgeln\nankunftszustand: intakt\n','2016-07-23 07:01:08','2016-07-23 07:01:08'),(197,'5x5u9g3ptakcls7b7l0s917','01:af:8c:56:f0:55-e9:b9:2c:60:02:3e-f4:20:29:7e:70:10',207,104,186,11,NULL,NULL,'2014-09-27','2016-07-23',NULL,NULL,1057.00,0,0,1,0,3,1,NULL,NULL,NULL,NULL,NULL,'--- !ruby/hash:ActiveSupport::HashWithIndifferentAccess\nanschaffungskategorie: AV-Technik\nreference: invoice\numzug: zgeln\nankunftszustand: intakt\n','2016-07-23 07:01:08','2016-07-23 07:01:08'),(198,'jo1d8id8uydvbsmy28vm918','bf:23:6e:b6:48:03-ea:8e:0f:89:d1:fa-7f:2f:87:f9:19:51',207,105,187,5,NULL,NULL,'2014-04-25','2016-07-23',NULL,NULL,608.00,0,0,1,0,3,1,NULL,NULL,NULL,NULL,NULL,'--- !ruby/hash:ActiveSupport::HashWithIndifferentAccess\nanschaffungskategorie: AV-Technik\nreference: invoice\numzug: zgeln\nankunftszustand: intakt\n','2016-07-23 07:01:08','2016-07-23 07:01:08'),(199,'ozeu86l0csg7nlsr7uat919','44:7e:6e:e0:bf:c2-76:04:ac:a1:3f:d4-b1:87:1e:47:e0:25',207,106,188,7,NULL,NULL,'2012-10-03','2016-07-23',NULL,NULL,371.00,0,0,1,0,3,1,NULL,NULL,NULL,NULL,NULL,'--- !ruby/hash:ActiveSupport::HashWithIndifferentAccess\nanschaffungskategorie: AV-Technik\nreference: invoice\numzug: zgeln\nankunftszustand: intakt\n','2016-07-23 07:01:08','2016-07-23 07:01:08'),(200,'nz0e64ss4mccptgpjvmz920','d8:31:24:ca:6e:96-85:82:0e:19:a2:1a-85:9f:a6:0e:67:f0',211,107,189,4,NULL,NULL,'2011-08-12','2016-07-23',NULL,NULL,1132.00,0,0,1,0,3,1,NULL,NULL,NULL,NULL,NULL,'--- !ruby/hash:ActiveSupport::HashWithIndifferentAccess\nanschaffungskategorie: AV-Technik\nreference: invoice\numzug: zgeln\nankunftszustand: intakt\n','2016-07-23 07:01:08','2016-07-23 07:01:08'),(201,'xuq4jxfdbuchls3bszbt921','ef:c6:cf:d2:3e:0e-24:a8:e6:b3:17:de-aa:38:e3:0a:ef:b8',211,108,190,2,NULL,NULL,'2012-04-17','2016-07-23',NULL,NULL,605.00,0,0,1,0,3,1,NULL,NULL,NULL,NULL,NULL,'--- !ruby/hash:ActiveSupport::HashWithIndifferentAccess\nanschaffungskategorie: AV-Technik\nreference: invoice\numzug: zgeln\nankunftszustand: intakt\n','2016-07-23 07:01:08','2016-07-23 07:01:08'),(202,'jhdf89jh3m9dh97s76cp922','3e:d2:0d:23:bb:13-e7:49:68:de:c3:02-54:9e:c6:83:98:1c',211,109,191,10,NULL,NULL,'2014-07-08','2016-07-23',NULL,NULL,347.00,0,0,1,0,3,1,NULL,NULL,NULL,NULL,NULL,'--- !ruby/hash:ActiveSupport::HashWithIndifferentAccess\nanschaffungskategorie: AV-Technik\nreference: invoice\numzug: zgeln\nankunftszustand: intakt\n','2016-07-23 07:01:08','2016-07-23 07:01:08'),(203,'uwugs8k628uf0mfmgof7923','75:af:9b:6f:8f:c6-b9:12:85:8a:44:81-a7:65:cc:b6:0b:1d',215,110,192,3,NULL,NULL,'2012-06-02','2016-07-23',NULL,NULL,1288.00,0,0,1,0,3,1,NULL,NULL,NULL,NULL,NULL,'--- !ruby/hash:ActiveSupport::HashWithIndifferentAccess\nanschaffungskategorie: AV-Technik\nreference: invoice\numzug: zgeln\nankunftszustand: intakt\n','2016-07-23 07:01:08','2016-07-23 07:01:08'),(204,'aeih8q90pxlaedyyg64b924','f3:96:39:b5:21:e8-eb:aa:b8:98:55:8c-04:05:7e:b1:a8:18',215,111,193,1,NULL,NULL,'2013-04-01','2016-07-23',NULL,NULL,11.00,0,0,1,0,3,1,NULL,NULL,NULL,NULL,NULL,'--- !ruby/hash:ActiveSupport::HashWithIndifferentAccess\nanschaffungskategorie: AV-Technik\nreference: invoice\numzug: zgeln\nankunftszustand: intakt\n','2016-07-23 07:01:08','2016-07-23 07:01:08'),(205,'mzi27ps7f8lyicee5oyb925','40:58:0e:a1:ad:53-f3:07:97:3d:4a:41-06:32:da:c4:42:25',215,112,194,8,NULL,NULL,'2012-08-26','2016-07-23',NULL,NULL,1042.00,0,0,1,0,3,1,NULL,NULL,NULL,NULL,NULL,'--- !ruby/hash:ActiveSupport::HashWithIndifferentAccess\nanschaffungskategorie: AV-Technik\nreference: invoice\numzug: zgeln\nankunftszustand: intakt\n','2016-07-23 07:01:08','2016-07-23 07:01:08'),(206,'t4i56hetikuqlcllpqvi926','04:8d:cf:0b:a4:9b-7d:1c:c0:3d:6d:21-bf:83:9d:0e:74:44',219,113,195,3,NULL,NULL,'2011-12-02','2016-07-23',NULL,NULL,708.00,0,0,1,0,3,1,NULL,NULL,NULL,NULL,NULL,'--- !ruby/hash:ActiveSupport::HashWithIndifferentAccess\nanschaffungskategorie: AV-Technik\nreference: invoice\numzug: zgeln\nankunftszustand: intakt\n','2016-07-23 07:01:08','2016-07-23 07:01:08'),(207,'cf879r7hd59kiuyf45to927','60:e5:d7:9a:a1:ef-9a:66:56:97:cd:02-39:75:cd:6b:36:f7',219,114,196,2,NULL,NULL,'2014-04-04','2016-07-23',NULL,NULL,263.00,0,0,1,0,3,1,NULL,NULL,NULL,NULL,NULL,'--- !ruby/hash:ActiveSupport::HashWithIndifferentAccess\nanschaffungskategorie: AV-Technik\nreference: invoice\numzug: zgeln\nankunftszustand: intakt\n','2016-07-23 07:01:08','2016-07-23 07:01:08'),(208,'xgbpivg4izuzi6kb5t3z928','84:6e:02:cc:47:3a-4d:26:71:fc:df:69-8c:b9:6b:2f:41:ab',219,115,197,2,NULL,NULL,'2014-10-17','2016-07-23',NULL,NULL,176.00,0,0,1,0,3,1,NULL,NULL,NULL,NULL,NULL,'--- !ruby/hash:ActiveSupport::HashWithIndifferentAccess\nanschaffungskategorie: AV-Technik\nreference: invoice\numzug: zgeln\nankunftszustand: intakt\n','2016-07-23 07:01:08','2016-07-23 07:01:08'),(209,'msvnqrm17hv165oybltp929','31:fd:ad:04:82:c8-ba:4c:8a:04:55:ff-b1:42:12:49:ea:5a',223,NULL,198,1,NULL,NULL,'2015-12-01','2016-07-23',NULL,NULL,1374.00,0,0,1,0,1,1,NULL,NULL,NULL,NULL,NULL,'--- !ruby/hash:ActiveSupport::HashWithIndifferentAccess\nanschaffungskategorie: AV-Technik\nreference: invoice\numzug: zgeln\nankunftszustand: intakt\n','2016-07-23 07:01:08','2016-07-23 07:01:08'),(210,'5ej8dn4khobsi38lzp7c930','25:fd:c1:50:a1:08-0c:30:ea:59:55:32-0b:39:a3:40:e6:e1',224,116,199,1,NULL,NULL,'2015-07-08','2016-07-23',NULL,NULL,843.00,0,0,1,0,1,1,NULL,NULL,NULL,NULL,NULL,'--- !ruby/hash:ActiveSupport::HashWithIndifferentAccess\nanschaffungskategorie: AV-Technik\nreference: invoice\numzug: zgeln\nankunftszustand: intakt\n','2016-07-23 07:01:08','2016-07-23 07:01:08'),(211,'b4zvw92nyqexpzglgt22931','f4:6c:10:fd:ff:01-31:49:83:b8:11:4f-74:7f:da:d3:cf:a5',225,NULL,NULL,1,NULL,NULL,NULL,NULL,NULL,NULL,NULL,0,0,0,0,2,0,NULL,NULL,NULL,NULL,NULL,'--- !ruby/hash:ActiveSupport::HashWithIndifferentAccess\noperating_system:\n- windows\n- linux\n- mac_os_x\nlicense_type: concurrent\ntotal_quantity: 229\nreference: invoice\nactivation_type: none\nmaintenance_contract: \'false\'\n','2016-07-23 07:01:08','2016-07-23 07:01:08'),(212,'1tgulflv9spd2p8lu9n3932','56:57:d9:fa:36:5f-cb:e9:43:df:2f:e9-87:ce:3f:d6:55:16',226,117,200,9,NULL,NULL,'2015-09-21','2016-07-19',NULL,NULL,556.00,0,0,1,0,1,1,NULL,NULL,NULL,NULL,NULL,'--- !ruby/hash:ActiveSupport::HashWithIndifferentAccess\nanschaffungskategorie: AV-Technik\nreference: invoice\numzug: zgeln\nankunftszustand: intakt\n','2016-07-19 20:15:56','2016-07-19 20:15:56'),(213,'54e7wca0f5njni5lcfys933','3f:a7:eb:83:0c:1b-2b:61:7e:17:3e:6c-4f:91:82:b3:1b:4c',227,118,201,4,NULL,NULL,'2013-05-24','2016-07-19',NULL,NULL,1034.00,0,0,1,0,1,1,NULL,NULL,NULL,NULL,NULL,'--- !ruby/hash:ActiveSupport::HashWithIndifferentAccess\nanschaffungskategorie: AV-Technik\nreference: invoice\numzug: zgeln\nankunftszustand: intakt\n','2016-07-19 20:15:56','2016-07-19 20:15:56'),(214,'638wo13gp80kxgy6n0dg934','d1:85:50:c0:e6:db-94:75:66:c4:1f:fe-f3:4a:46:34:14:45',228,119,202,10,NULL,NULL,'2011-02-12','2016-07-19',NULL,NULL,973.00,0,0,1,0,1,1,NULL,NULL,NULL,NULL,NULL,'--- !ruby/hash:ActiveSupport::HashWithIndifferentAccess\nanschaffungskategorie: AV-Technik\nreference: invoice\numzug: zgeln\nankunftszustand: intakt\n','2016-07-19 20:15:56','2016-07-19 20:15:56'),(215,'xtluruwamf2us71srj5u935','dd:98:fc:6a:08:e6-a2:40:d3:c8:e8:a0-2f:64:a5:59:08:ec',229,120,203,6,NULL,NULL,'2012-06-02','2016-07-19',NULL,NULL,718.00,0,0,1,0,1,1,NULL,NULL,NULL,NULL,NULL,'--- !ruby/hash:ActiveSupport::HashWithIndifferentAccess\nanschaffungskategorie: AV-Technik\nreference: invoice\numzug: zgeln\nankunftszustand: intakt\n','2016-07-19 20:15:56','2016-07-19 20:15:56'),(216,'twqog8hoah7vv0j4j84a936','64:51:80:b4:41:29-49:0d:ce:48:45:de-d7:4e:92:c1:2a:4d',230,121,204,3,NULL,NULL,'2011-07-06','2016-07-19',NULL,NULL,120.00,0,0,1,0,1,1,NULL,NULL,NULL,NULL,NULL,'--- !ruby/hash:ActiveSupport::HashWithIndifferentAccess\nanschaffungskategorie: AV-Technik\nreference: invoice\numzug: zgeln\nankunftszustand: intakt\n','2016-07-19 20:15:56','2016-07-19 20:15:56'),(217,'jw6unestctnzmtdi3v93937','35:06:c9:74:25:34-54:3a:e1:76:10:e4-0c:96:36:dd:ba:3f',230,122,205,10,NULL,NULL,'2014-03-15','2016-07-19',NULL,NULL,442.00,0,0,1,0,1,1,NULL,NULL,NULL,NULL,NULL,'--- !ruby/hash:ActiveSupport::HashWithIndifferentAccess\nanschaffungskategorie: AV-Technik\nreference: invoice\numzug: zgeln\nankunftszustand: intakt\n','2016-07-19 20:15:56','2016-07-19 20:15:56'),(218,'nitmu5yxf0h968dmxgn7938','5f:a3:e1:33:29:06-7b:a6:fc:e7:bd:ef-dd:1e:0f:14:b3:2d',230,123,206,5,NULL,NULL,'2013-04-28','2016-07-19',NULL,NULL,608.00,0,0,1,0,1,1,NULL,NULL,NULL,NULL,NULL,'--- !ruby/hash:ActiveSupport::HashWithIndifferentAccess\nanschaffungskategorie: AV-Technik\nreference: invoice\numzug: zgeln\nankunftszustand: intakt\n','2016-07-19 20:15:56','2016-07-19 20:15:56'),(219,'5mn11n8exsl95wv0mp6p939','e9:0e:53:8f:08:d2-8d:db:b5:7f:07:5b-9c:1b:43:3c:4a:fc',234,124,207,3,NULL,NULL,'2015-08-13','2016-07-19',NULL,NULL,1336.00,0,0,1,0,1,1,NULL,NULL,NULL,NULL,NULL,'--- !ruby/hash:ActiveSupport::HashWithIndifferentAccess\nanschaffungskategorie: AV-Technik\nreference: invoice\numzug: zgeln\nankunftszustand: intakt\n','2016-07-19 20:15:56','2016-07-19 20:15:56'),(220,'6cfcyiw46r8blltuzw8c940','ca:d6:1e:cb:5f:a4-23:6c:d4:85:06:60-fe:d3:64:2a:fa:d9',235,125,208,6,NULL,NULL,'2011-03-25','2016-07-19',NULL,NULL,1354.00,0,0,1,0,1,1,NULL,NULL,NULL,NULL,NULL,'--- !ruby/hash:ActiveSupport::HashWithIndifferentAccess\nanschaffungskategorie: AV-Technik\nreference: invoice\numzug: zgeln\nankunftszustand: intakt\n','2016-07-19 20:15:56','2016-07-19 20:15:56'),(221,'s9ottgs1qv9kzdjb7ptq941','4b:df:f6:4d:55:5c-ff:cc:7c:84:c9:a0-07:c5:3b:31:63:ab',236,126,209,10,NULL,NULL,'2012-12-04','2016-07-19',NULL,NULL,838.00,0,0,1,0,1,1,NULL,NULL,NULL,NULL,NULL,'--- !ruby/hash:ActiveSupport::HashWithIndifferentAccess\nanschaffungskategorie: AV-Technik\nreference: invoice\numzug: zgeln\nankunftszustand: intakt\n','2016-07-19 20:15:56','2016-07-19 20:15:56'),(222,'7dqxdslflk6i2ktify2l942','52:c7:bd:f6:bd:7c-4e:b0:19:84:2e:b8-fb:be:1b:ed:77:25',237,127,210,5,NULL,NULL,'2012-10-16','2016-07-19',NULL,NULL,1268.00,0,0,1,0,1,1,NULL,NULL,NULL,NULL,NULL,'--- !ruby/hash:ActiveSupport::HashWithIndifferentAccess\nanschaffungskategorie: AV-Technik\nreference: invoice\numzug: zgeln\nankunftszustand: intakt\n','2016-07-19 20:15:56','2016-07-19 20:15:56'),(223,'pyn6jv9zx7qxptikwc6j943','8c:0f:a1:e7:b3:c2-42:77:da:f9:33:08-8c:bd:b4:07:1b:12',237,128,211,9,NULL,NULL,'2015-04-16','2016-07-19',NULL,NULL,360.00,0,0,1,0,1,1,NULL,NULL,NULL,NULL,NULL,'--- !ruby/hash:ActiveSupport::HashWithIndifferentAccess\nanschaffungskategorie: AV-Technik\nreference: invoice\numzug: zgeln\nankunftszustand: intakt\n','2016-07-19 20:15:56','2016-07-19 20:15:56'),(224,'uubmmd19hz8gx4edj092944','6d:d6:9a:13:46:62-90:10:60:07:22:b3-46:85:1b:c9:81:1e',237,129,212,3,NULL,NULL,'2013-07-27','2016-07-19',NULL,NULL,1424.00,0,0,1,0,1,1,NULL,NULL,NULL,NULL,NULL,'--- !ruby/hash:ActiveSupport::HashWithIndifferentAccess\nanschaffungskategorie: AV-Technik\nreference: invoice\numzug: zgeln\nankunftszustand: intakt\n','2016-07-19 20:15:56','2016-07-19 20:15:56'),(225,'7c598qdrkfnk1q6vzgl4945','5a:4c:e4:51:f0:d9-d8:2d:3c:e5:e9:f8-9b:bd:cd:05:77:e5',241,130,213,9,NULL,NULL,'2014-12-02','2016-07-19',NULL,NULL,288.00,0,0,1,0,1,1,NULL,NULL,NULL,NULL,NULL,'--- !ruby/hash:ActiveSupport::HashWithIndifferentAccess\nanschaffungskategorie: AV-Technik\nreference: invoice\numzug: zgeln\nankunftszustand: intakt\n','2016-07-19 20:15:56','2016-07-19 20:15:56'),(226,'yxyv97kfxsf0l3lxgzph946','80:5d:3f:64:0f:d4-0d:a9:60:05:7a:af-cf:d4:e3:71:32:54',242,131,214,4,NULL,NULL,'2013-05-23','2016-07-19',NULL,NULL,124.00,0,0,1,0,1,1,NULL,NULL,NULL,NULL,NULL,'--- !ruby/hash:ActiveSupport::HashWithIndifferentAccess\nanschaffungskategorie: AV-Technik\nreference: invoice\numzug: zgeln\nankunftszustand: intakt\n','2016-07-19 20:15:56','2016-07-19 20:15:56'),(227,'zup0xdz9k8w3zihxrkvy947','b9:98:ac:59:51:f9-4d:f6:60:a6:53:ce-54:4e:f0:b2:3f:77',243,132,215,7,NULL,NULL,'2014-08-09','2016-07-19',NULL,NULL,847.00,0,0,1,0,1,1,NULL,NULL,NULL,NULL,NULL,'--- !ruby/hash:ActiveSupport::HashWithIndifferentAccess\nanschaffungskategorie: AV-Technik\nreference: invoice\numzug: zgeln\nankunftszustand: intakt\n','2016-07-19 20:15:56','2016-07-19 20:15:56'),(228,'pzy3pfrp6y4c8mmnbrc6948','5a:ae:c3:8b:2c:64-7c:23:5a:15:4e:73-e7:0d:ce:be:73:31',244,133,216,5,NULL,NULL,'2012-12-03','2016-07-19',NULL,NULL,85.00,0,0,1,0,1,1,NULL,NULL,NULL,NULL,NULL,'--- !ruby/hash:ActiveSupport::HashWithIndifferentAccess\nanschaffungskategorie: AV-Technik\nreference: invoice\numzug: zgeln\nankunftszustand: intakt\n','2016-07-19 20:15:56','2016-07-19 20:15:56'),(229,'j6uokxt9vnkowry8rzoe949','c0:91:3d:41:c7:e6-d0:5e:7c:44:0a:22-c2:c2:7e:ec:42:b9',245,134,217,10,NULL,NULL,'2012-03-24','2016-07-19',NULL,NULL,504.00,0,0,1,0,1,1,NULL,NULL,NULL,NULL,NULL,'--- !ruby/hash:ActiveSupport::HashWithIndifferentAccess\nanschaffungskategorie: AV-Technik\nreference: invoice\numzug: zgeln\nankunftszustand: intakt\n','2016-07-19 20:15:56','2016-07-19 20:15:56'),(230,'wlmn8iub71vef3xvfg9w950','5f:a2:16:4c:cb:1d-b5:d9:56:66:d1:c8-55:3c:e6:47:3d:fd',245,135,218,10,NULL,NULL,'2014-08-14','2016-07-19',NULL,NULL,1184.00,0,0,1,0,1,1,NULL,NULL,NULL,NULL,NULL,'--- !ruby/hash:ActiveSupport::HashWithIndifferentAccess\nanschaffungskategorie: AV-Technik\nreference: invoice\numzug: zgeln\nankunftszustand: intakt\n','2016-07-19 20:15:56','2016-07-19 20:15:56'),(231,'jm21ebjvf0g4no3yc5iz951','a0:b1:cd:b6:5c:32-fb:f7:af:c6:10:15-87:df:a7:b7:86:02',245,136,219,4,NULL,NULL,'2014-11-04','2016-07-19',NULL,NULL,144.00,0,0,1,0,1,1,NULL,NULL,NULL,NULL,NULL,'--- !ruby/hash:ActiveSupport::HashWithIndifferentAccess\nanschaffungskategorie: AV-Technik\nreference: invoice\numzug: zgeln\nankunftszustand: intakt\n','2016-07-19 20:15:56','2016-07-19 20:15:56'),(232,'d25rc6zg7tcpv00uzjb5952','f4:08:40:ab:bd:0f-db:96:d7:b1:3d:9b-4d:9a:63:52:7f:79',249,137,220,10,NULL,NULL,'2012-05-31','2016-07-19',NULL,NULL,929.00,0,0,1,0,1,1,NULL,NULL,NULL,NULL,NULL,'--- !ruby/hash:ActiveSupport::HashWithIndifferentAccess\nanschaffungskategorie: AV-Technik\nreference: invoice\numzug: zgeln\nankunftszustand: intakt\n','2016-07-19 13:20:49','2016-07-19 13:20:49'),(233,'xvby5kz7zog0ee8gfd1q953','eb:0f:ae:45:d4:1b-91:dc:72:72:31:c5-6b:9e:88:4b:20:6c',250,138,221,10,NULL,NULL,'2015-01-28','2016-07-19',NULL,NULL,637.00,0,0,1,0,1,1,NULL,NULL,NULL,NULL,NULL,'--- !ruby/hash:ActiveSupport::HashWithIndifferentAccess\nanschaffungskategorie: AV-Technik\nreference: invoice\numzug: zgeln\nankunftszustand: intakt\n','2016-07-19 13:20:49','2016-07-19 13:20:49'),(234,'w279j65kj4jaaklyv124954','95:b7:1d:88:85:12-98:5d:1c:a3:94:b5-b7:b5:3f:e8:c6:05',251,139,222,11,NULL,NULL,'2013-12-06','2016-07-19',NULL,NULL,1037.00,0,0,1,0,1,1,NULL,NULL,NULL,NULL,NULL,'--- !ruby/hash:ActiveSupport::HashWithIndifferentAccess\nanschaffungskategorie: AV-Technik\nreference: invoice\numzug: zgeln\nankunftszustand: intakt\n','2016-07-19 13:20:49','2016-07-19 13:20:49'),(235,'8u23kv00hhjkn760w2vj955','3d:a4:4f:de:45:76-f9:52:15:d3:14:f8-02:4a:b9:4e:92:1d',252,140,223,5,NULL,NULL,'2013-09-02','2016-07-19',NULL,NULL,217.00,0,0,1,0,1,1,NULL,NULL,NULL,NULL,NULL,'--- !ruby/hash:ActiveSupport::HashWithIndifferentAccess\nanschaffungskategorie: AV-Technik\nreference: invoice\numzug: zgeln\nankunftszustand: intakt\n','2016-07-19 13:20:49','2016-07-19 13:20:49'),(236,'az5bqnmnhergjwbbdjj0956','8e:34:c5:92:15:29-5f:fa:9f:b2:3e:e7-6e:e1:b3:1c:b3:86',253,141,224,2,NULL,NULL,'2011-10-19','2016-07-17',NULL,NULL,571.00,0,0,1,0,1,1,NULL,NULL,NULL,NULL,NULL,'--- !ruby/hash:ActiveSupport::HashWithIndifferentAccess\nanschaffungskategorie: AV-Technik\nreference: invoice\numzug: zgeln\nankunftszustand: intakt\n','2016-07-17 16:54:42','2016-07-17 16:54:42'),(237,'3qjpzj8jk822x4fxj25t957','38:31:d0:cf:b7:e2-c4:91:d2:6c:2f:6b-30:89:a8:2b:dd:07',254,142,225,2,NULL,NULL,'2013-07-13','2016-07-17',NULL,NULL,353.00,0,0,1,0,1,1,NULL,NULL,NULL,NULL,NULL,'--- !ruby/hash:ActiveSupport::HashWithIndifferentAccess\nanschaffungskategorie: AV-Technik\nreference: invoice\numzug: zgeln\nankunftszustand: intakt\n','2016-07-17 16:54:42','2016-07-17 16:54:42'),(238,'1l8qqydu6vjndhziu05o958','ba:cd:02:09:88:26-f6:68:1b:84:a9:13-e1:4e:17:4e:3e:73',255,143,226,10,NULL,NULL,'2013-09-13','2016-07-17',NULL,NULL,908.00,0,0,1,0,1,1,NULL,NULL,NULL,NULL,NULL,'--- !ruby/hash:ActiveSupport::HashWithIndifferentAccess\nanschaffungskategorie: AV-Technik\nreference: invoice\numzug: zgeln\nankunftszustand: intakt\n','2016-07-17 16:54:42','2016-07-17 16:54:42'),(239,'fw98gtv34wnblss04re3959','e2:3f:65:a8:09:7e-93:6d:86:5d:3d:c2-a4:aa:7d:1c:e7:6d',256,144,227,1,NULL,NULL,'2014-07-03','2016-07-17',NULL,NULL,957.00,0,0,1,0,1,1,NULL,NULL,NULL,NULL,NULL,'--- !ruby/hash:ActiveSupport::HashWithIndifferentAccess\nanschaffungskategorie: AV-Technik\nreference: invoice\numzug: zgeln\nankunftszustand: intakt\n','2016-07-17 16:54:42','2016-07-17 16:54:42'),(240,'vpkb9obky8f97yr7vvqt960','c6:20:dd:42:d8:7b-00:27:03:9c:28:b1-59:ea:44:20:4f:3b',257,145,228,2,NULL,NULL,'2012-06-04','2016-07-17',NULL,NULL,488.00,0,0,1,0,1,1,NULL,NULL,NULL,NULL,NULL,'--- !ruby/hash:ActiveSupport::HashWithIndifferentAccess\nanschaffungskategorie: AV-Technik\nreference: invoice\numzug: zgeln\nankunftszustand: intakt\n','2016-07-17 16:54:42','2016-07-17 16:54:42'),(241,'xo735bgd8rfqext6nrxi961','c8:92:97:1f:27:75-fc:9f:f8:8b:c4:be-65:e9:cf:12:3d:75',258,146,229,9,NULL,NULL,'2015-07-20','2016-07-17',NULL,NULL,5.00,0,0,1,0,1,1,NULL,NULL,NULL,NULL,NULL,'--- !ruby/hash:ActiveSupport::HashWithIndifferentAccess\nanschaffungskategorie: AV-Technik\nreference: invoice\numzug: zgeln\nankunftszustand: intakt\n','2016-07-17 16:54:42','2016-07-17 16:54:42'),(242,'mzuwd6wqcdqd7ysvdsrm962','c1:e9:18:7c:bd:4a-33:3b:8b:e2:ae:f2-d2:ea:ec:15:b9:90',258,147,230,9,NULL,NULL,'2014-07-15','2016-07-17',NULL,NULL,1141.00,0,0,1,0,1,1,NULL,NULL,NULL,NULL,NULL,'--- !ruby/hash:ActiveSupport::HashWithIndifferentAccess\nanschaffungskategorie: AV-Technik\nreference: invoice\numzug: zgeln\nankunftszustand: intakt\n','2016-07-17 16:54:42','2016-07-17 16:54:42'),(243,'38eua5p1gjglv3uc7g9e963','1b:ba:12:22:0e:02-de:d3:ca:70:6e:49-e2:7a:35:dd:f8:c8',258,148,231,3,NULL,NULL,'2014-05-22','2016-07-17',NULL,NULL,1404.00,0,0,1,0,1,1,NULL,NULL,NULL,NULL,NULL,'--- !ruby/hash:ActiveSupport::HashWithIndifferentAccess\nanschaffungskategorie: AV-Technik\nreference: invoice\numzug: zgeln\nankunftszustand: intakt\n','2016-07-17 16:54:42','2016-07-17 16:54:42'),(244,'vckk6hg13vea5deoufer964','fc:a7:9a:97:42:82-d6:f3:19:26:37:10-c3:42:a2:24:3d:99',262,149,232,2,NULL,NULL,'2012-12-11','2016-07-23',NULL,NULL,226.00,0,0,1,0,1,1,NULL,NULL,NULL,NULL,NULL,'--- !ruby/hash:ActiveSupport::HashWithIndifferentAccess\nanschaffungskategorie: AV-Technik\nreference: invoice\numzug: zgeln\nankunftszustand: intakt\n','2016-07-23 07:01:08','2016-07-23 07:01:08'),(245,'yn5s0x8knq1w34uj5pev965','26:2f:6e:a0:2e:8a-f6:f5:f9:45:16:c8-42:0f:a0:72:11:9b',263,150,233,10,NULL,NULL,'2011-05-03','2016-07-23',NULL,NULL,1253.00,0,0,1,0,1,1,NULL,NULL,NULL,NULL,NULL,'--- !ruby/hash:ActiveSupport::HashWithIndifferentAccess\nanschaffungskategorie: AV-Technik\nreference: invoice\numzug: zgeln\nankunftszustand: intakt\n','2016-07-23 07:01:08','2016-07-23 07:01:08'),(246,'el19x3g01eymobixske4966','65:e9:75:07:78:81-9d:79:21:98:7c:f9-e3:13:22:18:9a:ad',264,151,234,3,NULL,NULL,'2011-03-30','2016-07-23',NULL,NULL,1376.00,0,0,1,0,1,1,NULL,NULL,NULL,NULL,NULL,'--- !ruby/hash:ActiveSupport::HashWithIndifferentAccess\nanschaffungskategorie: AV-Technik\nreference: invoice\numzug: zgeln\nankunftszustand: intakt\n','2016-07-23 07:01:08','2016-07-23 07:01:08'),(247,'t5nnq2ymiu66s3sxsm8f967','83:bc:bd:d8:4c:6e-4c:23:24:96:fd:e0-0c:21:a3:1a:0f:07',265,152,235,11,NULL,NULL,'2013-11-12','2016-07-23',NULL,NULL,538.00,0,0,1,0,1,1,NULL,NULL,NULL,NULL,NULL,'--- !ruby/hash:ActiveSupport::HashWithIndifferentAccess\nanschaffungskategorie: AV-Technik\nreference: invoice\numzug: zgeln\nankunftszustand: intakt\n','2016-07-23 07:01:08','2016-07-23 07:01:08'),(248,'mz5a2ev61z5cgkmb3im3968','5e:11:4d:6f:ed:cf-45:0e:0b:01:2d:b5-49:f8:ce:9a:2c:69',266,153,236,3,NULL,NULL,'2012-04-03','2016-07-23',NULL,NULL,1319.00,0,0,1,0,1,1,NULL,NULL,NULL,NULL,NULL,'--- !ruby/hash:ActiveSupport::HashWithIndifferentAccess\nanschaffungskategorie: AV-Technik\nreference: invoice\numzug: zgeln\nankunftszustand: intakt\n','2016-07-23 07:01:08','2016-07-23 07:01:08'),(249,'v4pcp73nwusa4g4ip6bc969','4c:c0:9d:ed:62:cc-83:d4:17:44:7e:5d-d2:76:60:c2:4b:1c',266,154,237,7,NULL,NULL,'2015-03-02','2016-07-23',NULL,NULL,1078.00,0,0,1,0,1,1,NULL,NULL,NULL,NULL,NULL,'--- !ruby/hash:ActiveSupport::HashWithIndifferentAccess\nanschaffungskategorie: AV-Technik\nreference: invoice\numzug: zgeln\nankunftszustand: intakt\n','2016-07-23 07:01:08','2016-07-23 07:01:08'),(250,'643dpytw68gh4ap55wb3970','98:71:8d:74:3b:c7-5d:ca:19:1e:8a:fd-3b:e9:7b:f3:92:73',266,155,238,10,NULL,NULL,'2014-11-19','2016-07-23',NULL,NULL,185.00,0,0,1,0,1,1,NULL,NULL,NULL,NULL,NULL,'--- !ruby/hash:ActiveSupport::HashWithIndifferentAccess\nanschaffungskategorie: AV-Technik\nreference: invoice\numzug: zgeln\nankunftszustand: intakt\n','2016-07-23 07:01:08','2016-07-23 07:01:08'),(251,'svono48bpfjopkqx5hkd971','75:df:db:8d:12:29-e2:4e:a7:ef:c0:74-48:a4:4e:f3:e1:19',270,156,239,1,NULL,NULL,'2011-03-16','2016-07-23',NULL,NULL,780.00,0,0,1,0,1,1,NULL,NULL,NULL,NULL,NULL,'--- !ruby/hash:ActiveSupport::HashWithIndifferentAccess\nanschaffungskategorie: AV-Technik\nreference: invoice\numzug: zgeln\nankunftszustand: intakt\n','2016-07-23 07:01:08','2016-07-23 07:01:08'),(252,'ubxuevbxo1j9lr6u2ovg972','d3:5c:53:0b:2c:33-f3:cf:61:52:a5:70-a6:72:40:39:71:a0',271,157,240,2,NULL,NULL,'2011-07-10','2016-07-23',NULL,NULL,1374.00,0,0,1,0,1,1,NULL,NULL,NULL,NULL,NULL,'--- !ruby/hash:ActiveSupport::HashWithIndifferentAccess\nanschaffungskategorie: AV-Technik\nreference: invoice\numzug: zgeln\nankunftszustand: intakt\n','2016-07-23 07:01:08','2016-07-23 07:01:08'),(253,'o9gov1wfdcoewq3c652z973','bd:b2:dc:22:a6:43-b0:5e:ce:ad:6c:07-b4:34:a3:3b:8c:a7',272,158,241,11,NULL,NULL,'2014-04-17','2016-07-23',NULL,NULL,1492.00,0,0,1,0,1,1,NULL,NULL,NULL,NULL,NULL,'--- !ruby/hash:ActiveSupport::HashWithIndifferentAccess\nanschaffungskategorie: AV-Technik\nreference: invoice\numzug: zgeln\nankunftszustand: intakt\n','2016-07-23 07:01:08','2016-07-23 07:01:08'),(254,'4jtdd30mr1ycyihwvths974','e7:5d:ab:78:c1:50-e0:21:74:81:4a:88-44:b2:cf:3e:8f:35',273,159,242,1,NULL,NULL,'2013-10-08','2016-07-23',NULL,NULL,753.00,0,0,1,0,1,1,NULL,NULL,NULL,NULL,NULL,'--- !ruby/hash:ActiveSupport::HashWithIndifferentAccess\nanschaffungskategorie: AV-Technik\nreference: invoice\numzug: zgeln\nankunftszustand: intakt\n','2016-07-23 07:01:08','2016-07-23 07:01:08'),(255,'hk7ywehbp75jmsn6b5un975','5a:6d:e4:68:89:24-18:85:61:bb:0e:67-68:80:7c:a4:dd:4c',274,160,243,6,NULL,NULL,'2013-05-01','2016-07-23',NULL,NULL,47.00,0,0,1,0,1,1,NULL,NULL,NULL,NULL,NULL,'--- !ruby/hash:ActiveSupport::HashWithIndifferentAccess\nanschaffungskategorie: AV-Technik\nreference: invoice\numzug: zgeln\nankunftszustand: intakt\n','2016-07-23 07:01:08','2016-07-23 07:01:08'),(256,'nod5f04ykp0am5dllhy2976','a0:12:76:cc:69:4b-68:82:a1:3d:a8:38-ca:8c:e4:eb:56:ca',275,161,244,2,NULL,NULL,'2013-10-09','2016-07-23',NULL,NULL,999.00,0,0,1,0,1,1,NULL,NULL,NULL,NULL,NULL,'--- !ruby/hash:ActiveSupport::HashWithIndifferentAccess\nanschaffungskategorie: AV-Technik\nreference: invoice\numzug: zgeln\nankunftszustand: intakt\n','2016-07-23 07:01:08','2016-07-23 07:01:08'),(257,'nbgvgc3nt3w3zwglijpg977','bd:d4:a7:e4:e2:d2-c6:a9:01:a6:1c:d0-ac:76:0f:33:bc:6e',276,162,245,2,NULL,NULL,'2013-04-07','2016-07-23',NULL,NULL,545.00,0,0,1,0,1,1,NULL,NULL,NULL,NULL,NULL,'--- !ruby/hash:ActiveSupport::HashWithIndifferentAccess\nanschaffungskategorie: AV-Technik\nreference: invoice\numzug: zgeln\nankunftszustand: intakt\n','2016-07-23 07:01:08','2016-07-23 07:01:08'),(258,'zcip80k1nyalq1tpevay978','48:8a:d1:8a:a3:f5-58:d9:9c:da:7b:65-cf:f1:b0:23:56:a8',277,163,246,9,NULL,NULL,'2011-11-07','2016-07-23',NULL,NULL,865.00,0,0,1,0,1,1,NULL,NULL,NULL,NULL,NULL,'--- !ruby/hash:ActiveSupport::HashWithIndifferentAccess\nanschaffungskategorie: AV-Technik\nreference: invoice\numzug: zgeln\nankunftszustand: intakt\n','2016-07-23 07:01:08','2016-07-23 07:01:08'),(259,'cf63z1um1dywfflcqwqc979','73:55:b3:87:1f:9c-a1:cc:6b:8f:5a:5e-f0:4c:6e:ff:bb:d4',278,164,247,8,NULL,NULL,'2014-03-20','2016-07-23',NULL,NULL,1322.00,0,0,1,0,1,1,NULL,NULL,NULL,NULL,NULL,'--- !ruby/hash:ActiveSupport::HashWithIndifferentAccess\nanschaffungskategorie: AV-Technik\nreference: invoice\numzug: zgeln\nankunftszustand: intakt\n','2016-07-23 07:01:08','2016-07-23 07:01:08'),(260,'scre0vdgw934xcz05ds1980','0e:d8:7a:81:6f:fa-e9:dc:f0:14:2e:a1-d2:85:2a:a0:95:72',279,165,248,11,NULL,NULL,'2013-10-19','2016-07-23',NULL,NULL,290.00,0,0,1,0,1,1,NULL,NULL,NULL,NULL,NULL,'--- !ruby/hash:ActiveSupport::HashWithIndifferentAccess\nanschaffungskategorie: AV-Technik\nreference: invoice\numzug: zgeln\nankunftszustand: intakt\n','2016-07-23 07:01:08','2016-07-23 07:01:08'),(261,'pi3x70sqk9dztm8i2p4g981','41:e7:25:5f:cf:49-81:79:7e:54:f1:ef-02:10:21:61:ff:10',280,166,249,7,NULL,NULL,'2012-02-14','2016-07-23',NULL,NULL,1110.00,0,0,1,0,1,1,NULL,NULL,NULL,NULL,NULL,'--- !ruby/hash:ActiveSupport::HashWithIndifferentAccess\nanschaffungskategorie: AV-Technik\nreference: invoice\numzug: zgeln\nankunftszustand: intakt\n','2016-07-23 07:01:08','2016-07-23 07:01:08'),(262,'nvj42nytnj5gckoqua22982','72:45:57:0c:ed:bb-c2:c0:83:36:0e:97-f3:2c:f7:88:b6:46',281,167,250,4,NULL,NULL,'2015-06-08','2016-07-23',NULL,NULL,527.00,0,0,1,0,1,1,NULL,NULL,NULL,NULL,NULL,'--- !ruby/hash:ActiveSupport::HashWithIndifferentAccess\nanschaffungskategorie: AV-Technik\nreference: invoice\numzug: zgeln\nankunftszustand: intakt\n','2016-07-23 07:01:08','2016-07-23 07:01:08'),(263,'hqgiyt3jv40x7wc8e6yt983','8d:e0:c3:6f:ae:69-94:be:7d:b7:1b:c8-23:70:a0:ea:de:95',282,168,251,11,NULL,NULL,'2011-11-02','2016-07-23',NULL,NULL,1403.00,0,0,1,0,1,1,NULL,NULL,NULL,NULL,NULL,'--- !ruby/hash:ActiveSupport::HashWithIndifferentAccess\nanschaffungskategorie: AV-Technik\nreference: invoice\numzug: zgeln\nankunftszustand: intakt\n','2016-07-23 07:01:08','2016-07-23 07:01:08'),(264,'25hwlenjlkegm0up11n8984','e9:a0:7e:65:ad:ae-6a:57:aa:d3:3b:71-8b:d8:e7:aa:d9:fd',282,169,252,5,NULL,NULL,'2015-03-22','2016-07-23',NULL,NULL,805.00,0,0,1,0,1,1,NULL,NULL,NULL,NULL,NULL,'--- !ruby/hash:ActiveSupport::HashWithIndifferentAccess\nanschaffungskategorie: AV-Technik\nreference: invoice\numzug: zgeln\nankunftszustand: intakt\n','2016-07-23 07:01:08','2016-07-23 07:01:08'),(265,'3h6mhm3tb8xid949u73j985','bd:a4:96:1a:a7:fd-b6:0c:02:1d:9a:19-db:de:2c:3f:17:6c',282,170,253,7,NULL,NULL,'2014-09-29','2016-07-23',NULL,NULL,609.00,0,0,1,0,1,1,NULL,NULL,NULL,NULL,NULL,'--- !ruby/hash:ActiveSupport::HashWithIndifferentAccess\nanschaffungskategorie: AV-Technik\nreference: invoice\numzug: zgeln\nankunftszustand: intakt\n','2016-07-23 07:01:08','2016-07-23 07:01:08'),(266,'61iskp9114dqqdw97c8e986','7a:e6:86:5b:79:ae-f1:d7:29:f1:7a:5a-cc:e5:46:b7:3e:67',286,171,254,4,NULL,NULL,'2013-04-15','2016-07-23',NULL,NULL,287.00,0,0,1,0,12,1,NULL,NULL,NULL,NULL,NULL,'--- !ruby/hash:ActiveSupport::HashWithIndifferentAccess\nanschaffungskategorie: AV-Technik\nreference: invoice\numzug: zgeln\nankunftszustand: intakt\n','2016-07-23 07:01:08','2016-07-23 07:01:08'),(267,'35oo6wdbd83e607wb67p987','01:75:c9:6b:2f:43-ec:7d:24:fd:1d:91-17:b2:8e:1b:5c:29',287,172,255,6,NULL,NULL,'2012-05-23','2016-07-23',NULL,NULL,275.00,0,0,1,0,13,1,NULL,NULL,NULL,NULL,NULL,'--- !ruby/hash:ActiveSupport::HashWithIndifferentAccess\nanschaffungskategorie: AV-Technik\nreference: invoice\numzug: zgeln\nankunftszustand: intakt\n','2016-07-23 07:01:08','2016-07-23 07:01:08'),(268,'0zhs0rayctyy8dgo1ds9988','d8:f2:21:d5:51:42-15:c7:3c:b2:5f:04-e7:a5:21:44:55:bf',288,173,256,11,NULL,NULL,'2015-10-14','2016-07-23',NULL,NULL,1027.00,0,0,1,0,1,1,NULL,NULL,NULL,NULL,NULL,'--- !ruby/hash:ActiveSupport::HashWithIndifferentAccess\nanschaffungskategorie: AV-Technik\nreference: invoice\numzug: zgeln\nankunftszustand: intakt\n','2016-07-23 07:01:08','2016-07-23 07:01:08'),(269,'c8pfok30i4d6aoqhhpyd989','7e:79:4f:20:21:b5-3f:fd:cc:6a:47:80-37:4c:02:30:fb:0a',289,174,257,13,NULL,NULL,'2014-04-23','2016-07-23',NULL,NULL,1037.00,0,0,1,0,1,1,NULL,NULL,NULL,NULL,NULL,'--- !ruby/hash:ActiveSupport::HashWithIndifferentAccess\nanschaffungskategorie: AV-Technik\nreference: invoice\numzug: zgeln\nankunftszustand: intakt\n','2016-07-23 07:01:08','2016-07-23 07:01:08'),(270,'c1197vyjz16fb0glxvk8990','dd:e4:02:04:b7:e2-f6:01:7e:0d:f6:1f-a1:14:f3:95:19:8b',290,175,258,13,NULL,NULL,'2014-05-27','2016-07-23',NULL,NULL,508.00,0,0,1,0,1,1,NULL,NULL,NULL,NULL,NULL,'--- !ruby/hash:ActiveSupport::HashWithIndifferentAccess\nanschaffungskategorie: AV-Technik\nreference: invoice\numzug: zgeln\nankunftszustand: intakt\n','2016-07-23 07:01:08','2016-07-23 07:01:08'),(271,'tq9lr4zpg414qlfa9yg2991','00:4d:be:0a:22:86-b2:65:2e:00:35:37-61:f1:27:8f:25:10',291,176,259,10,NULL,NULL,'2014-04-30','2016-07-23',NULL,NULL,955.00,0,0,1,0,1,1,NULL,NULL,NULL,NULL,NULL,'--- !ruby/hash:ActiveSupport::HashWithIndifferentAccess\nanschaffungskategorie: AV-Technik\nreference: invoice\numzug: zgeln\nankunftszustand: intakt\n','2016-07-23 07:01:08','2016-07-23 07:01:08'),(272,'vzi54cmkz2sgp031jw1i992','24:e2:91:fb:54:5c-be:aa:17:59:9c:61-43:fc:cb:82:2b:0d',292,177,260,11,NULL,NULL,'2015-02-23','2016-07-23',NULL,NULL,340.00,0,0,1,0,1,1,NULL,NULL,NULL,NULL,NULL,'--- !ruby/hash:ActiveSupport::HashWithIndifferentAccess\nanschaffungskategorie: AV-Technik\nreference: invoice\numzug: zgeln\nankunftszustand: intakt\n','2016-07-23 07:01:08','2016-07-23 07:01:08'),(273,'r9lt2i1nnmjlzw7442ds993','09:63:58:76:52:6a-16:76:3b:07:95:92-a4:ed:56:b9:0d:0a',293,178,261,2,NULL,NULL,'2014-11-29','2016-07-23',NULL,NULL,265.00,0,0,1,0,1,1,NULL,NULL,NULL,NULL,NULL,'--- !ruby/hash:ActiveSupport::HashWithIndifferentAccess\nanschaffungskategorie: AV-Technik\nreference: invoice\numzug: zgeln\nankunftszustand: intakt\n','2016-07-23 07:01:08','2016-07-23 07:01:08'),(274,'bqubogb1gaikefrba4ih994','c8:87:e2:b6:b4:99-b6:40:6e:45:fa:8e-60:76:d3:92:9d:42',294,179,262,7,NULL,NULL,'2015-11-02','2016-07-23',NULL,NULL,444.00,0,0,1,0,1,1,NULL,NULL,NULL,NULL,NULL,'--- !ruby/hash:ActiveSupport::HashWithIndifferentAccess\nanschaffungskategorie: AV-Technik\nreference: invoice\numzug: zgeln\nankunftszustand: intakt\n','2016-07-23 07:01:08','2016-07-23 07:01:08'),(275,'8i83ekv1uiirfqvyut21995','db:74:9a:f5:93:92-47:15:ce:c7:b5:ac-55:8c:cf:28:30:d2',295,180,263,13,NULL,NULL,'2011-04-15','2016-07-23',NULL,NULL,414.00,0,0,1,0,1,1,NULL,NULL,NULL,NULL,NULL,'--- !ruby/hash:ActiveSupport::HashWithIndifferentAccess\nanschaffungskategorie: AV-Technik\nreference: invoice\numzug: zgeln\nankunftszustand: intakt\n','2016-07-23 07:01:08','2016-07-23 07:01:08'),(276,'7vsf20upl4vknw2jy4gy996','d0:a3:12:d7:8e:e3-b4:21:e3:c9:56:5f-d4:7d:55:85:bb:77',296,181,264,1,NULL,NULL,'2014-04-12','2016-07-23',NULL,NULL,1021.00,0,0,1,0,1,1,NULL,NULL,NULL,NULL,NULL,'--- !ruby/hash:ActiveSupport::HashWithIndifferentAccess\nanschaffungskategorie: AV-Technik\nreference: invoice\numzug: zgeln\nankunftszustand: intakt\n','2016-07-23 07:01:08','2016-07-23 07:01:08'),(277,'qipdriodjjr6eh9di5yc997','de:24:12:59:7c:a4-53:ed:5a:17:0c:ec-cc:23:2b:5b:83:67',297,182,265,12,NULL,NULL,'2014-04-23','2016-07-23',NULL,NULL,379.00,0,0,1,0,1,1,NULL,NULL,NULL,NULL,NULL,'--- !ruby/hash:ActiveSupport::HashWithIndifferentAccess\nanschaffungskategorie: AV-Technik\nreference: invoice\numzug: zgeln\nankunftszustand: intakt\n','2016-07-23 07:01:08','2016-07-23 07:01:08'),(278,'x7x0c7kjhr1luo4yarhc998','5c:e3:34:6b:03:9b-d4:6a:e9:9d:f9:a6-4f:3b:ab:2d:f4:1d',298,183,266,7,NULL,NULL,'2015-02-25','2016-07-18',NULL,NULL,794.00,0,0,1,0,1,1,NULL,NULL,NULL,NULL,NULL,'--- !ruby/hash:ActiveSupport::HashWithIndifferentAccess\nanschaffungskategorie: AV-Technik\nreference: invoice\numzug: zgeln\nankunftszustand: intakt\n','2016-07-18 00:00:00','2016-07-18 00:00:00'),(279,'jgizogfp21tfsxwpdcax999','73:51:4f:7b:6d:b0-a2:56:e2:c7:09:6f-99:fb:6b:29:c0:33',299,184,267,8,NULL,NULL,'2013-11-08','2016-07-18',NULL,NULL,664.00,0,0,1,0,1,1,NULL,NULL,NULL,NULL,NULL,'--- !ruby/hash:ActiveSupport::HashWithIndifferentAccess\nanschaffungskategorie: AV-Technik\nreference: invoice\numzug: zgeln\nankunftszustand: intakt\n','2016-07-18 00:00:00','2016-07-18 00:00:00'),(280,'hythgj55n9p60k4qzpqa1000','6b:80:7b:4b:ff:02-82:30:82:ff:ed:d5-af:16:a1:37:9d:de',300,185,268,9,NULL,NULL,'2011-12-25','2016-07-18',NULL,NULL,1488.00,0,0,1,0,1,1,NULL,NULL,NULL,NULL,NULL,'--- !ruby/hash:ActiveSupport::HashWithIndifferentAccess\nanschaffungskategorie: AV-Technik\nreference: invoice\numzug: zgeln\nankunftszustand: intakt\n','2016-07-18 00:00:00','2016-07-18 00:00:00'),(281,'lhl0jrj4u71ae2ali03g1001','e0:f7:8e:55:58:d3-23:68:45:2a:5a:2f-ef:de:49:a0:8b:b7',301,186,269,1,NULL,NULL,'2015-09-09','2016-07-18',NULL,NULL,821.00,0,0,1,0,1,1,NULL,NULL,NULL,NULL,NULL,'--- !ruby/hash:ActiveSupport::HashWithIndifferentAccess\nanschaffungskategorie: AV-Technik\nreference: invoice\numzug: zgeln\nankunftszustand: intakt\n','2016-07-18 00:00:00','2016-07-18 00:00:00'),(282,'v408q6f1gf914pw64bsd1002','3e:7c:40:ee:01:94-da:0c:2b:dd:93:7f-8d:07:f1:80:08:7e',302,187,270,1,NULL,NULL,'2011-06-06','2016-07-18',NULL,NULL,1370.00,0,0,1,0,1,1,NULL,NULL,NULL,NULL,NULL,'--- !ruby/hash:ActiveSupport::HashWithIndifferentAccess\nanschaffungskategorie: AV-Technik\nreference: invoice\numzug: zgeln\nankunftszustand: intakt\n','2016-07-18 00:00:00','2016-07-18 00:00:00');
/*!40000 ALTER TABLE `items` ENABLE KEYS */;
UNLOCK TABLES;

--
-- Table structure for table `languages`
--

DROP TABLE IF EXISTS `languages`;
/*!40101 SET @saved_cs_client     = @@character_set_client */;
/*!40101 SET character_set_client = utf8 */;
CREATE TABLE `languages` (
  `id` int(11) NOT NULL AUTO_INCREMENT,
  `name` varchar(255) COLLATE utf8_unicode_ci DEFAULT NULL,
  `locale_name` varchar(255) COLLATE utf8_unicode_ci DEFAULT NULL,
  `default` tinyint(1) DEFAULT NULL,
  `active` tinyint(1) DEFAULT NULL,
  PRIMARY KEY (`id`),
  UNIQUE KEY `index_languages_on_name` (`name`),
  KEY `index_languages_on_active_and_default` (`active`,`default`)
) ENGINE=InnoDB AUTO_INCREMENT=5 DEFAULT CHARSET=utf8 COLLATE=utf8_unicode_ci;
/*!40101 SET character_set_client = @saved_cs_client */;

--
-- Dumping data for table `languages`
--

LOCK TABLES `languages` WRITE;
/*!40000 ALTER TABLE `languages` DISABLE KEYS */;
INSERT INTO `languages` VALUES (1,'English (UK)','en-GB',1,1),(2,'English (US)','en-US',0,1),(3,'Deutsch','de-CH',0,1),(4,'Zrittsch','gsw-CH',0,1);
/*!40000 ALTER TABLE `languages` ENABLE KEYS */;
UNLOCK TABLES;

--
-- Table structure for table `locations`
--

DROP TABLE IF EXISTS `locations`;
/*!40101 SET @saved_cs_client     = @@character_set_client */;
/*!40101 SET character_set_client = utf8 */;
CREATE TABLE `locations` (
  `id` int(11) NOT NULL AUTO_INCREMENT,
  `room` varchar(255) COLLATE utf8_unicode_ci DEFAULT NULL,
  `shelf` varchar(255) COLLATE utf8_unicode_ci DEFAULT NULL,
  `building_id` int(11) DEFAULT NULL,
  PRIMARY KEY (`id`),
  KEY `index_locations_on_building_id` (`building_id`),
  CONSTRAINT `locations_building_id_fk` FOREIGN KEY (`building_id`) REFERENCES `buildings` (`id`)
) ENGINE=InnoDB AUTO_INCREMENT=188 DEFAULT CHARSET=utf8 COLLATE=utf8_unicode_ci;
/*!40101 SET character_set_client = @saved_cs_client */;

--
-- Dumping data for table `locations`
--

LOCK TABLES `locations` WRITE;
/*!40000 ALTER TABLE `locations` DISABLE KEYS */;
INSERT INTO `locations` VALUES (1,'Quiexplicabo','temporesed',2),(2,'Aliquidet','assumendapossimus',3),(3,'Repellatrerum','fugaquam',4),(4,'Debitisquas','autsequi',5),(5,'Voluptatemqui','etdolor',6),(6,'Earatione','asperioresmodi',7),(7,'Animiearum','estest',8),(8,'Pariaturplaceat','intempora',9),(9,'Etlibero','atqueut',10),(10,'Impeditsunt','modiquasi',11),(11,'Magniaccusamus','doloremnon',12),(12,'Consequunturvoluptatibus','cumvero',13),(13,'Autemoptio','velitiusto',14),(14,'Utmaxime','autemet',15),(15,'Delenitiofficiis','iurenostrum',16),(16,'Estveritatis','ducimusvero',17),(17,'Adipiscidignissimos','doloribusatque',18),(18,'Aut','porroea',19),(19,'Illumnulla','ullamnam',20),(20,'Laboreaut','eosnobis',21),(21,'Atmolestias','autemamet',22),(22,'Optioet','eumprovident',23),(23,'Sedsint','hicitaque',24),(24,'Nihilet','omnisnam',25),(25,'Inciduntconsequatur','natusexercitationem',26),(26,'Corporisreiciendis','etet',27),(27,'Numquamet','quidolor',28),(28,'Blanditiisrerum','autveniam',29),(29,'Quamquia','quoconsequatur',30),(30,'Mollitiaminus','sitofficia',31),(31,'Voluptatibusrerum','temporeaut',32),(32,'Quiaut','laboriosamvelit',33),(33,'Acum','voluptasquo',34),(34,'Numquamdolorem','perferendissed',35),(35,'Providentest','veritatisaut',36),(36,'Nemoblanditiis','iureat',37),(37,'Inventoreiure','nullaenim',38),(38,'Eteveniet','sednesciunt',39),(39,'Minusnobis','distinctiodelectus',40),(40,'Odiomolestiae','utvoluptatibus',41),(41,'Ipsanumquam','voluptatemab',42),(42,'Molestiasqui','aliasiste',43),(43,'Ipsumex','velet',44),(44,'Praesentiumeos','laboriosamunde',45),(45,'Fugititaque','uta',46),(46,'Autsimilique','aperiamdeleniti',47),(47,'Evenietmagni','solutavoluptatibus',48),(48,'Mollitiaquidem','necessitatibusnostrum',49),(49,'Consequaturipsum','inlabore',50),(50,'Quodnon','odionobis',51),(51,'Doloreest','officiain',52),(52,'SQ2','Desk',53),(53,'UG 13','Ausgabe',54),(54,'Solutaid','suscipitqui',55),(55,'Autemlaborum','architectoerror',56),(56,'Atreprehenderit','esteaque',57),(57,'Nesciuntlibero','architectodoloribus',58),(58,'Etquaerat','repellendusipsum',59),(59,'Suscipitaut','dictaipsa',60),(60,'Doloribusdoloremque','inrem',61),(61,'Sedreiciendis','animifuga',62),(62,'Namquia','remprovident',63),(63,'Impeditodio','dictanumquam',64),(64,'Molestiasratione','voluptatesut',65),(65,'Solutaconsequatur','voluptasunde',66),(66,'Utnisi','perspiciatisquas',67),(67,'Voluptatemeius','velitpraesentium',68),(68,'Maioressapiente','voluptatumquam',69),(69,'Illonemo','itaquequis',70),(70,'Numquamvitae','beataeipsam',71),(71,'Quossint','accusantiumsed',72),(72,'Temporedolorem','errortotam',73),(73,'Voluptatibusqui','laboreet',74),(74,'Numquamveritatis','temporea',75),(75,'Officiadebitis','rationeullam',76),(76,'Pariaturrem','quidolor',77),(77,'Architectoofficia','sitmolestiae',78),(78,'Utquia','aspernaturearum',79),(79,'Deserunteos','dolorconsequatur',80),(80,'Quirerum','voluptateid',81),(81,'Quiet','dignissimoset',82),(82,'Quastotam','estquam',83),(83,'Maioresaperiam','eosin',84),(84,'Eamolestiae','inventorenon',85),(85,'Sequia','nondeserunt',86),(86,'Aconsequatur','porroqui',87),(87,'Optioomnis','autqui',88),(88,'Evenietullam','hicmolestiae',89),(89,'Quivoluptate','namrerum',90),(90,'Quosvoluptatem','autalias',91),(91,'Quaelibero','nobisest',92),(92,'Nonqui','officiissunt',93),(93,'Estporro','placeatinventore',94),(94,'Magnamexplicabo','quiadolore',95),(95,'Quimaiores','corporisrepudiandae',96),(96,'Sedquos','temporibusvoluptas',97),(97,'Sedquis','doloreaut',98),(98,'Adsint','pariaturqui',99),(99,'Quiquibusdam','etminus',100),(100,'Commodiquia','beataefacere',101),(101,'Sintinventore','consequaturvoluptatem',102),(102,'Omnisdoloremque','quivoluptas',103),(103,'Inventorequi','etut',104),(104,'Essedolorum','enimaccusamus',105),(105,'Inciduntiste','numquamincidunt',106),(106,'Nihilomnis','etut',107),(107,'Eaquevoluptatem','temporequisquam',108),(108,'Consequunturtempora','porroquos',109),(109,'Doloresut','facereet',110),(110,'Voluptatemdolore','molestiaeneque',111),(111,'Eosqui','itaquenon',112),(112,'Expeditaut','magnamunde',113),(113,'Praesentiumcorrupti','exercitationemlibero',114),(114,'Praesentiumvoluptatibus','suntomnis',115),(115,'Estest','abvel',116),(116,'Doloreseum','praesentiumdeserunt',117),(117,'Etquia','perspiciatisbeatae',118),(118,'Sapientecum','quiadolorem',119),(119,'Optioad','asperioresnam',120),(120,'Repudiandaedolorem','doloresminus',121),(121,'Magniexpedita','voluptatibusrecusandae',122),(122,'Molestiaset','velitvoluptatem',123),(123,'Consequaturquasi','nobisipsa',124),(124,'Mollitiaautem','omnisprovident',125),(125,'Corporiscupiditate','aliasea',126),(126,'Nesciuntodit','nequecorrupti',127),(127,'Molestiaenam','quiarepellendus',128),(128,'Quiaexpedita','veritatisdolor',129),(129,'Rerumpossimus','eiusdelectus',130),(130,'Nostrumlaudantium','recusandaenulla',131),(131,'Etsed','architectoatque',132),(132,'Veniamat','harumsit',133),(133,'Ettempora','omnistotam',134),(134,'Debitisipsum','animiaccusantium',135),(135,'Utincidunt','sintofficia',136),(136,'Debitisculpa','omnismolestiae',137),(137,'Reiciendisperferendis','porroaliquid',138),(138,'Corruptiimpedit','omnisquae',139),(139,'Easunt','nonpossimus',140),(140,'Repellatpariatur','utodio',141),(141,'Laboredistinctio','quaeratea',142),(142,'Cupiditateet','excepturimodi',143),(143,'Laudantiumaccusamus','numquamut',144),(144,'Rationecorporis','enimest',145),(145,'Ducimusdistinctio','adipisciqui',146),(146,'Rerumvoluptatem','suscipitmollitia',147),(147,'Quibusdamnesciunt','autemperspiciatis',148),(148,'Temporeaut','consequatursit',149),(149,'Quimolestiae','quiacorporis',150),(150,'Dolorqui','optiout',151),(151,'Veritatisconsequatur','fugiatquia',152),(152,'Architectosed','voluptatesvoluptatem',153),(153,'Nequecum','quidemimpedit',154),(154,'Aliquamdebitis','solutasint',155),(155,'Exercitationemenim','voluptatemdebitis',156),(156,'Voluptatemconsequatur','quoea',157),(157,'Eumvelit','quisut',158),(158,'Quiavelit','cupiditatedeleniti',159),(159,'Quasiusto','fugiatunde',160),(160,'Consequaturdolores','ullamenim',161),(161,'Exercitationemdelectus','pariaturnumquam',162),(162,'Hicunde','magnamnisi',163),(163,'Officiisvoluptas','doloremlaudantium',164),(164,'Vitaesunt','necessitatibusoccaecati',165),(165,'Ducimusqui','dolorenon',166),(166,'Eligendivoluptas','nequeconsectetur',167),(167,'Errorlaboriosam','eosquam',168),(168,'Autaut','occaecatirepudiandae',169),(169,'Debitisnemo','magniesse',170),(170,'Idet','nobisvitae',171),(171,'Repudiandaequi','quiillum',173),(172,'Quiaest','temporeratione',174),(173,'Laudantiumut','numquamvoluptatem',175),(174,'Exut','nonut',176),(175,'Rerumfugit','dignissimosnesciunt',177),(176,'Veritatisea','sedlaborum',178),(177,'Repellatquas','dolornecessitatibus',179),(178,'Laboriosamharum','itaqueharum',180),(179,'Dictanemo','utmaiores',181),(180,'Ipsacupiditate','etreprehenderit',182),(181,'Doloremquequam','cumnam',183),(182,'Evenietet','quiiure',184),(183,'Nonsit','sitducimus',185),(184,'Autemmaiores','debitissunt',186),(185,'Abhic','eamolestiae',187),(186,'Amolestiae','atqueet',188),(187,'Etaut','minustempore',189);
/*!40000 ALTER TABLE `locations` ENABLE KEYS */;
UNLOCK TABLES;

--
-- Table structure for table `model_group_links`
--

DROP TABLE IF EXISTS `model_group_links`;
/*!40101 SET @saved_cs_client     = @@character_set_client */;
/*!40101 SET character_set_client = utf8 */;
CREATE TABLE `model_group_links` (
  `id` int(11) NOT NULL AUTO_INCREMENT,
  `ancestor_id` int(11) DEFAULT NULL,
  `descendant_id` int(11) DEFAULT NULL,
  `direct` tinyint(1) DEFAULT NULL,
  `count` int(11) DEFAULT NULL,
  `label` varchar(255) COLLATE utf8_unicode_ci DEFAULT NULL,
  PRIMARY KEY (`id`),
  KEY `index_model_group_links_on_ancestor_id` (`ancestor_id`),
  KEY `index_model_group_links_on_direct` (`direct`),
  KEY `index_on_descendant_id_and_ancestor_id_and_direct` (`descendant_id`,`ancestor_id`,`direct`),
  CONSTRAINT `model_group_links_descendant_id_fk` FOREIGN KEY (`descendant_id`) REFERENCES `model_groups` (`id`) ON DELETE CASCADE,
  CONSTRAINT `model_group_links_ancestor_id_fk` FOREIGN KEY (`ancestor_id`) REFERENCES `model_groups` (`id`) ON DELETE CASCADE
) ENGINE=InnoDB AUTO_INCREMENT=9 DEFAULT CHARSET=utf8 COLLATE=utf8_unicode_ci;
/*!40101 SET character_set_client = @saved_cs_client */;

--
-- Dumping data for table `model_group_links`
--

LOCK TABLES `model_group_links` WRITE;
/*!40000 ALTER TABLE `model_group_links` DISABLE KEYS */;
INSERT INTO `model_group_links` VALUES (1,2,10,1,1,NULL),(2,2,8,1,1,NULL),(3,5,10,1,1,NULL),(4,5,9,1,1,NULL),(5,1,9,1,1,NULL),(6,1,11,0,1,NULL),(7,5,11,0,1,NULL),(8,9,11,1,1,NULL);
/*!40000 ALTER TABLE `model_group_links` ENABLE KEYS */;
UNLOCK TABLES;

--
-- Table structure for table `model_groups`
--

DROP TABLE IF EXISTS `model_groups`;
/*!40101 SET @saved_cs_client     = @@character_set_client */;
/*!40101 SET character_set_client = utf8 */;
CREATE TABLE `model_groups` (
  `id` int(11) NOT NULL AUTO_INCREMENT,
  `type` varchar(255) COLLATE utf8_unicode_ci DEFAULT NULL,
  `name` varchar(255) COLLATE utf8_unicode_ci DEFAULT NULL,
  `created_at` datetime DEFAULT NULL,
  `updated_at` datetime DEFAULT NULL,
  PRIMARY KEY (`id`),
  KEY `index_model_groups_on_type` (`type`)
) ENGINE=InnoDB AUTO_INCREMENT=15 DEFAULT CHARSET=utf8 COLLATE=utf8_unicode_ci;
/*!40101 SET character_set_client = @saved_cs_client */;

--
-- Dumping data for table `model_groups`
--

LOCK TABLES `model_groups` WRITE;
/*!40000 ALTER TABLE `model_groups` DISABLE KEYS */;
INSERT INTO `model_groups` VALUES (1,'Category','Beamer','2016-07-23 07:01:08','2016-07-23 07:01:08'),(2,'Category','Kameras','2016-07-23 07:01:08','2016-07-23 07:01:08'),(3,'Category','Stative','2016-07-23 07:01:08','2016-07-23 07:01:08'),(4,'Category','Hifi-Anlagen','2016-07-23 07:01:08','2016-07-23 07:01:08'),(5,'Category','Notebooks','2016-07-23 07:01:08','2016-07-23 07:01:08'),(6,'Category','RC Helikopter','2016-07-23 07:01:08','2016-07-23 07:01:08'),(7,'Category','Computer','2016-07-23 07:01:08','2016-07-23 07:01:08'),(8,'Category','Kurzdistanz','2016-07-23 07:01:08','2016-07-23 07:01:08'),(9,'Category','Portabel','2016-07-23 07:01:08','2016-07-23 07:01:08'),(10,'Category','Standard','2016-07-23 07:01:08','2016-07-23 07:01:08'),(11,'Category','Micro','2016-07-23 07:01:08','2016-07-23 07:01:08'),(12,'Template','Kamera & Stativ','2016-07-23 07:01:08','2016-07-23 07:01:08'),(13,'Template','Beamer & Hifi','2016-07-23 07:01:08','2016-07-23 07:01:08'),(14,'Template','Unaccomplishable template','2016-07-23 07:01:08','2016-07-23 07:01:08');
/*!40000 ALTER TABLE `model_groups` ENABLE KEYS */;
UNLOCK TABLES;

--
-- Table structure for table `model_links`
--

DROP TABLE IF EXISTS `model_links`;
/*!40101 SET @saved_cs_client     = @@character_set_client */;
/*!40101 SET character_set_client = utf8 */;
CREATE TABLE `model_links` (
  `id` int(11) NOT NULL AUTO_INCREMENT,
  `model_group_id` int(11) DEFAULT NULL,
  `model_id` int(11) DEFAULT NULL,
  `quantity` int(11) DEFAULT '1',
  PRIMARY KEY (`id`),
  KEY `index_model_links_on_model_id_and_model_group_id` (`model_id`,`model_group_id`),
  KEY `index_model_links_on_model_group_id_and_model_id` (`model_group_id`,`model_id`),
  CONSTRAINT `model_links_model_id_fk` FOREIGN KEY (`model_id`) REFERENCES `models` (`id`) ON DELETE CASCADE,
  CONSTRAINT `model_links_model_group_id_fk` FOREIGN KEY (`model_group_id`) REFERENCES `model_groups` (`id`) ON DELETE CASCADE
) ENGINE=InnoDB AUTO_INCREMENT=73 DEFAULT CHARSET=utf8 COLLATE=utf8_unicode_ci;
/*!40101 SET character_set_client = @saved_cs_client */;

--
-- Dumping data for table `model_links`
--

LOCK TABLES `model_links` WRITE;
/*!40000 ALTER TABLE `model_links` DISABLE KEYS */;
INSERT INTO `model_links` VALUES (1,1,70,1),(2,9,70,1),(3,1,71,1),(4,1,72,1),(5,1,74,1),(6,9,74,1),(7,11,75,1),(8,1,76,1),(9,1,77,1),(10,1,78,1),(11,1,79,1),(12,1,80,1),(13,1,81,1),(14,1,82,1),(15,1,83,1),(16,1,84,1),(17,1,85,1),(18,1,86,1),(19,1,87,1),(20,1,88,1),(21,1,89,1),(22,1,90,1),(23,1,91,1),(24,1,92,1),(25,1,93,1),(26,1,94,1),(27,1,95,1),(28,2,96,1),(29,2,97,1),(30,2,98,1),(31,2,99,1),(32,2,100,1),(33,2,101,1),(34,2,102,1),(35,2,103,1),(36,2,104,1),(37,2,105,1),(38,2,106,1),(39,2,107,1),(40,2,108,1),(41,2,109,1),(42,2,110,1),(43,2,111,1),(44,2,112,1),(45,2,113,1),(46,2,114,1),(47,2,115,1),(48,2,116,1),(49,2,117,1),(50,2,118,1),(51,2,119,1),(52,2,120,1),(53,2,121,1),(54,2,122,1),(55,2,123,1),(56,2,124,1),(57,2,125,1),(58,2,126,1),(59,4,127,1),(60,3,128,1),(61,12,96,1),(62,12,128,1),(63,13,70,1),(64,13,127,1),(65,14,96,999),(66,14,128,999),(67,2,161,1),(68,7,162,1),(69,5,163,1),(70,6,164,1),(71,6,165,1),(72,6,166,1);
/*!40000 ALTER TABLE `model_links` ENABLE KEYS */;
UNLOCK TABLES;

--
-- Table structure for table `models`
--

DROP TABLE IF EXISTS `models`;
/*!40101 SET @saved_cs_client     = @@character_set_client */;
/*!40101 SET character_set_client = utf8 */;
CREATE TABLE `models` (
  `id` int(11) NOT NULL AUTO_INCREMENT,
  `type` varchar(255) COLLATE utf8_unicode_ci NOT NULL DEFAULT 'Model',
  `manufacturer` varchar(255) COLLATE utf8_unicode_ci DEFAULT NULL,
  `product` varchar(255) COLLATE utf8_unicode_ci NOT NULL,
  `version` varchar(255) COLLATE utf8_unicode_ci DEFAULT NULL,
  `description` text COLLATE utf8_unicode_ci,
  `internal_description` text COLLATE utf8_unicode_ci,
  `info_url` varchar(255) COLLATE utf8_unicode_ci DEFAULT NULL,
  `rental_price` decimal(8,2) DEFAULT NULL,
  `maintenance_period` int(11) DEFAULT '0',
  `is_package` tinyint(1) DEFAULT '0',
  `technical_detail` text COLLATE utf8_unicode_ci,
  `hand_over_note` text COLLATE utf8_unicode_ci,
  `created_at` datetime DEFAULT NULL,
  `updated_at` datetime DEFAULT NULL,
  PRIMARY KEY (`id`),
  KEY `index_models_on_is_package` (`is_package`),
  KEY `index_models_on_type` (`type`)
) ENGINE=InnoDB AUTO_INCREMENT=303 DEFAULT CHARSET=utf8 COLLATE=utf8_unicode_ci;
/*!40101 SET character_set_client = @saved_cs_client */;

--
-- Dumping data for table `models`
--

LOCK TABLES `models` WRITE;
/*!40000 ALTER TABLE `models` DISABLE KEYS */;
INSERT INTO `models` VALUES (1,'Model','Champlin, Gusikowski and Greenholt','Ergonomic Concrete Hat','1218','Sed facilis nesciunt deleniti sint ut qui dolores.','Perspiciatis modi ratione omnis tenetur expedita.',NULL,NULL,1,0,'Dicta aperiam culpa quia aliquam error ea.','Voluptas aut sunt velit iure omnis adipisci dolorem itaque.','2016-07-23 07:01:08','2016-07-23 07:01:08'),(2,'Model','Johns LLC','Gorgeous Wooden Pants','1219','Eum et velit beatae quae consequatur temporibus accusantium.','Facilis accusamus minima voluptatem.',NULL,NULL,3,0,'Perspiciatis voluptatem veritatis minus libero.','Minima at ut ut mollitia voluptatem aut laudantium.','2016-07-23 07:01:08','2016-07-23 07:01:08'),(3,'Model','Becker-Gusikowski','Small Steel Shoes','1220','Repellat veniam sint omnis.','Ipsa dolorem esse molestiae quisquam corporis autem similique.',NULL,NULL,0,0,'Ullam neque aperiam recusandae natus veniam officia eum in.','Minus incidunt quae deserunt omnis.','2016-07-23 07:01:08','2016-07-23 07:01:08'),(4,'Model','Ortiz and Sons','Incredible Plastic Chair','1221','Autem reiciendis vel veritatis quae ea.','Excepturi rerum possimus in.',NULL,NULL,0,0,'Labore id cum nulla cupiditate illo.','Eos veniam voluptas fuga.','2016-07-23 07:01:08','2016-07-23 07:01:08'),(5,'Model','Koch-Watsica','Awesome Plastic Gloves','1222','Vitae voluptatem iusto facilis nesciunt ipsum in commodi est.','Laudantium qui esse nesciunt.',NULL,NULL,0,0,'Voluptas ut iusto eos itaque voluptas.','Natus libero aut soluta est modi.','2016-07-23 07:01:08','2016-07-23 07:01:08'),(6,'Model','Watsica-Schulist','Intelligent Concrete Table','1223','Ut pariatur officiis aut reiciendis assumenda fugit.','Laborum voluptas quae at debitis.',NULL,NULL,2,0,'Et alias molestiae doloribus at.','Eum ducimus nostrum voluptas.','2016-07-23 07:01:08','2016-07-23 07:01:08'),(7,'Model','Emmerich Group','Fantastic Steel Table','1224','Atque numquam sit iusto optio.','Necessitatibus voluptatem minima in.',NULL,NULL,0,0,'In reprehenderit velit ipsum aut esse tenetur ex minus.','Eum culpa rerum ut corporis iure excepturi.','2016-07-23 07:01:08','2016-07-23 07:01:08'),(8,'Model','Miller, Green and Bernhard','Sleek Steel Chair','1225','Velit assumenda veritatis itaque eligendi non ipsam et exercitationem.','Vel sequi ea et laboriosam quam veritatis expedita.',NULL,NULL,1,0,'Animi vero laboriosam ut eligendi ea quidem est id.','Illo vel voluptas sapiente laudantium dolore error.','2016-07-23 07:01:08','2016-07-23 07:01:08'),(9,'Model','Little Inc','Fantastic Wooden Chair','1226','Non id tenetur eligendi.','Exercitationem incidunt suscipit temporibus officia fugiat atque nostrum est.',NULL,NULL,0,0,'Et et mollitia commodi.','Aspernatur possimus ea perspiciatis mollitia quis.','2016-07-23 07:01:08','2016-07-23 07:01:08'),(10,'Model','Hettinger LLC','Intelligent Rubber Shoes','1227','Dolorum aperiam ad saepe ut eos consequatur.','Et eos dolorum ex aut atque.',NULL,NULL,3,0,'Similique sit quam et molestias voluptatem facilis.','Occaecati animi praesentium quod.','2016-07-23 07:01:08','2016-07-23 07:01:08'),(11,'Model','Rohan, Skiles and Fisher','Ergonomic Concrete Computer','1228','Rem qui nam aliquid.','Et aut veniam sit cumque.',NULL,NULL,2,0,'Optio et iure quis nemo ut.','Consequatur perferendis officiis ipsam cum deserunt vitae corrupti.','2016-07-23 07:01:08','2016-07-23 07:01:08'),(12,'Model','Balistreri-Gaylord','Fantastic Concrete Table','1229','Qui facilis est suscipit neque eum iure.','Nesciunt aut quisquam quia sed et impedit ut.',NULL,NULL,2,0,'Error officiis natus neque sunt.','Ipsum explicabo recusandae tempore.','2016-07-23 07:01:08','2016-07-23 07:01:08'),(13,'Model','Tromp-Luettgen','Fantastic Rubber Shirt','1230','Aliquam quos deleniti quia aperiam excepturi.','Quam deleniti voluptatem dolores.',NULL,NULL,0,0,'Ipsam totam minus hic omnis quasi iusto quisquam.','Maiores nisi non excepturi ea ullam porro.','2016-07-23 07:01:08','2016-07-23 07:01:08'),(14,'Model','Simonis, Schaefer and Breitenberg','Fantastic Cotton Car','1231','Illo suscipit voluptatibus expedita consequatur.','Eius fuga placeat dolores et vel.',NULL,NULL,2,0,'Ad et sit voluptatem iure debitis.','Ducimus amet iusto dolorem est ad.','2016-07-23 07:01:08','2016-07-23 07:01:08'),(15,'Model','Mueller and Sons','Rustic Rubber Chair','1232','Velit aut voluptatem doloribus voluptas aut vitae.','Voluptates consequuntur at et ullam ducimus.',NULL,NULL,0,0,'Commodi debitis velit assumenda adipisci unde magni voluptatem recusandae.','Aut ab totam aut dolores quia ut eos.','2016-07-23 07:01:08','2016-07-23 07:01:08'),(16,'Model','Gislason-Herman','Incredible Granite Hat','1233','Quasi amet sit porro voluptatum non deserunt.','Qui magni iure maiores facilis ipsa.',NULL,NULL,1,0,'Odio quia sunt itaque voluptatem.','Voluptates quibusdam vel praesentium.','2016-07-23 07:01:08','2016-07-23 07:01:08'),(17,'Model','Powlowski, Gleason and Shields','Sleek Cotton Chair','1234','Voluptatem amet nulla recusandae culpa perspiciatis accusantium placeat odit.','Voluptatem provident ut eum voluptas quaerat perspiciatis.',NULL,NULL,2,0,'Aut ut deserunt quis qui iure ducimus in.','Dolorem autem corrupti aut eveniet commodi omnis itaque non.','2016-07-23 07:01:08','2016-07-23 07:01:08'),(18,'Model','Howell, Rau and Cummings','Practical Granite Pants','1235','Eum voluptatum dolorem iusto qui quam.','Rerum ut corporis aut dolores dolores quidem quos.',NULL,NULL,0,0,'Quisquam temporibus iste voluptatibus consectetur impedit laudantium nam quis.','Eos velit quos quidem ea beatae blanditiis consequatur.','2016-07-23 07:01:08','2016-07-23 07:01:08'),(19,'Model','O\'Reilly Group','Practical Wooden Gloves','1236','Voluptas atque dolorem quisquam officiis ut voluptate neque.','A iure ut voluptas alias sapiente sunt.',NULL,NULL,2,0,'Est deserunt quia odit nisi esse eos.','Et rerum autem atque voluptates.','2016-07-23 07:01:08','2016-07-23 07:01:08'),(20,'Model','Wiza-Veum','Gorgeous Rubber Pants','1237','Maiores iure et aliquid similique.','Nam aut quis aut.',NULL,NULL,0,0,'Occaecati amet sit beatae.','Mollitia ea itaque sapiente harum iste esse ut et.','2016-07-23 07:01:08','2016-07-23 07:01:08'),(21,'Model','Dickinson-Yundt','Sleek Rubber Chair','1238','Et repellendus sed dolore harum aut aut occaecati aliquam.','Quidem sed et ipsam eaque voluptas.',NULL,NULL,3,0,'Porro nam cupiditate perspiciatis necessitatibus optio sunt corrupti.','Id illo blanditiis cum magni qui rem laudantium.','2016-07-23 07:01:08','2016-07-23 07:01:08'),(22,'Model','Torphy Inc','Small Cotton Car','1239','Sit labore at debitis aliquam amet consequatur.','Sit quia non blanditiis quam dignissimos perferendis molestiae.',NULL,NULL,2,0,'Enim commodi veritatis nemo id.','Et est cum quibusdam veritatis aliquam aspernatur beatae.','2016-07-23 07:01:08','2016-07-23 07:01:08'),(23,'Model','Haag and Sons','Awesome Concrete Table','1240','Facilis qui sit aut qui culpa.','Officia aut architecto tenetur est aspernatur porro in nobis.',NULL,NULL,1,0,'Quia velit ex ut illum alias.','Voluptatem repellat eius itaque iure.','2016-07-23 07:01:08','2016-07-23 07:01:08'),(24,'Model','Herzog LLC','Sleek Rubber Computer','1241','Animi voluptatem et esse hic doloribus saepe repellendus.','Natus tenetur eos quos fugit est magnam.',NULL,NULL,0,0,'Adipisci et atque repudiandae veniam quia aut neque.','Nostrum voluptatum et temporibus nesciunt.','2016-07-23 07:01:08','2016-07-23 07:01:08'),(25,'Model','Cremin, Shields and Funk','Ergonomic Granite Chair','1242','Eum molestiae quae illo aspernatur porro nemo.','Temporibus ut omnis illo voluptatem harum dolores deserunt eaque.',NULL,NULL,2,0,'Quam vel ratione dolor iste voluptates.','Dolores et illum voluptates qui consequuntur quae debitis.','2016-07-23 07:01:08','2016-07-23 07:01:08'),(26,'Model','Wisozk-Haag','Practical Concrete Shirt','1243','Debitis non et vero.','Quia molestiae ut voluptatibus.',NULL,NULL,3,0,'Consequuntur vitae quia hic.','Et animi repudiandae possimus laboriosam quo et sed.','2016-07-23 07:01:08','2016-07-23 07:01:08'),(27,'Model','Douglas and Sons','Fantastic Steel Shirt','1244','Molestiae deleniti vitae suscipit inventore est temporibus omnis animi.','Enim qui ad iusto id rerum veniam sapiente.',NULL,NULL,2,0,'Quas est veniam qui ab.','Ad eveniet ut eos vel modi.','2016-07-23 07:01:08','2016-07-23 07:01:08'),(28,'Model','Koss Inc','Fantastic Steel Computer','1245','Quis et quam officia vel omnis.','Et magnam quam accusantium.',NULL,NULL,0,0,'Non nihil temporibus voluptas.','Laudantium repellendus cumque incidunt repudiandae sint praesentium qui odit.','2016-07-23 07:01:08','2016-07-23 07:01:08'),(29,'Model','Mitchell-Tillman','Practical Steel Computer','1246','Et sunt sed exercitationem ea blanditiis qui amet rem.','Eius dolorem quas qui sint ad dolore.',NULL,NULL,2,0,'Accusantium est enim in ducimus.','Cupiditate perferendis dolore voluptatem dolorum voluptatibus ea repellendus.','2016-07-23 07:01:08','2016-07-23 07:01:08'),(30,'Model','Lemke-Conroy','Ergonomic Granite Hat','1247','Dolores et molestiae in quaerat eum omnis eum ut.','Id et vel non eveniet vel ut.',NULL,NULL,3,0,'Eligendi non magni dignissimos earum aut et fugiat.','Dolorem placeat et dignissimos debitis iusto.','2016-07-23 07:01:08','2016-07-23 07:01:08'),(31,'Model','Cremin Inc','Small Cotton Hat','1248','In perferendis commodi qui sit omnis magni illum.','Unde maxime iure blanditiis est ut.',NULL,NULL,2,0,'Dolorem explicabo consequatur quo et commodi facilis porro sint.','Expedita quia debitis aperiam accusantium culpa.','2016-07-23 07:01:08','2016-07-23 07:01:08'),(32,'Model','Trantow and Sons','Intelligent Steel Hat','1249','Qui facilis commodi delectus odit id reprehenderit.','Ut esse quis et omnis perferendis tenetur consectetur illo.',NULL,NULL,1,0,'Reprehenderit doloribus impedit ad maxime aut tempore cum.','Voluptatem rerum rem sint et architecto occaecati placeat.','2016-07-23 07:01:08','2016-07-23 07:01:08'),(33,'Model','Moore Inc','Small Wooden Car','1250','Aliquam dolorum illo animi.','Autem omnis nemo eius consequuntur et et.',NULL,NULL,1,0,'Praesentium quisquam consequuntur sapiente nemo ratione earum minima reiciendis.','Accusantium quos ipsa quod sint id est laborum.','2016-07-23 07:01:08','2016-07-23 07:01:08'),(34,'Model','Brown Inc','Gorgeous Cotton Computer','1251','Excepturi repellendus placeat nihil ut.','Molestiae quo veritatis soluta nulla doloremque expedita nisi ut.',NULL,NULL,3,0,'Consequatur sed esse fuga qui quam eligendi non.','Fugiat autem aliquid harum vel.','2016-07-23 07:01:08','2016-07-23 07:01:08'),(35,'Model','Connelly Inc','Incredible Cotton Table','1252','Vero aperiam atque eveniet.','Asperiores voluptates ducimus in dolor neque quia.',NULL,NULL,1,0,'Voluptas pariatur commodi quia laboriosam sint et.','Dolor earum doloremque voluptas error blanditiis.','2016-07-23 07:01:08','2016-07-23 07:01:08'),(36,'Model','Donnelly-Kerluke','Rustic Granite Table','1253','Architecto quia aut veniam occaecati sint corrupti eos cumque.','Ut commodi nobis possimus.',NULL,NULL,2,0,'Incidunt sunt facere quisquam vel aperiam quia provident cum.','At voluptatem unde eum.','2016-07-23 07:01:08','2016-07-23 07:01:08'),(37,'Model','Schamberger and Sons','Small Steel Car','1254','Alias dolores iure ea consequatur vel.','Atque blanditiis quidem non vitae laudantium est sed quos.',NULL,NULL,3,0,'Tempore enim minus et repellendus ea.','Ut suscipit voluptas neque tempore ex non occaecati aperiam.','2016-07-23 07:01:08','2016-07-23 07:01:08'),(38,'Model','Schmidt and Sons','Fantastic Wooden Gloves','1255','Et nihil illum omnis ad voluptas molestiae similique.','Nemo repellat molestiae quam ut nobis quisquam et quo.',NULL,NULL,0,0,'Incidunt quisquam aut facere soluta beatae error ut earum.','Quis fugit iure quas cupiditate eaque nemo.','2016-07-23 07:01:08','2016-07-23 07:01:08'),(39,'Model','Kuphal, Williamson and Stracke','Rustic Rubber Car','1256','Soluta est necessitatibus ullam et error laborum.','Ipsum nisi ratione illo laborum amet et.',NULL,NULL,0,0,'Qui porro eligendi maiores aspernatur incidunt vitae sint est.','Corrupti nesciunt quod ratione ut.','2016-07-23 07:01:08','2016-07-23 07:01:08'),(40,'Model','Donnelly, Schimmel and Pollich','Sleek Concrete Shoes','1257','Sit nemo et sed fuga eum ut cumque.','Facere non optio ut sed tempora nesciunt.',NULL,NULL,1,0,'Nihil laboriosam sunt et sint.','Consequatur et repellat neque similique laboriosam voluptate qui.','2016-07-23 07:01:08','2016-07-23 07:01:08'),(41,'Model','Crooks Inc','Ergonomic Plastic Car','1258','Voluptatem molestias quis culpa est ipsum perferendis debitis.','Non quis omnis autem beatae voluptatem mollitia non voluptatibus.',NULL,NULL,3,0,'Velit in unde ut temporibus dicta blanditiis.','Occaecati id itaque possimus non autem et.','2016-07-23 07:01:08','2016-07-23 07:01:08'),(42,'Model','Rowe-O\'Reilly','Intelligent Granite Pants','1259','Sed molestiae quia alias animi dolorum eum.','Expedita nobis quos omnis corporis.',NULL,NULL,2,0,'Ea cum aut est dolorem sed omnis corporis non.','Ut officia voluptate autem iure et expedita cum.','2016-07-23 07:01:08','2016-07-23 07:01:08'),(43,'Model','Cummerata Group','Awesome Cotton Car','1260','Ea et sed adipisci debitis explicabo perferendis impedit et.','Optio aut totam laboriosam temporibus nostrum et recusandae magnam.',NULL,NULL,2,0,'Et velit magnam fugiat.','Unde dolores qui omnis.','2016-07-23 07:01:08','2016-07-23 07:01:08'),(44,'Model','Baumbach-Reichert','Ergonomic Wooden Hat','1261','Neque voluptas cum necessitatibus ut soluta.','Ad est recusandae et et veniam sed suscipit nam.',NULL,NULL,3,0,'Deleniti molestias esse possimus voluptatum dolor architecto id.','Dolores repellendus enim dolorem dolore dolor.','2016-07-23 07:01:08','2016-07-23 07:01:08'),(45,'Model','West, Gibson and Paucek','Rustic Granite Chair','1262','Omnis quo quia nulla.','Eum et ipsam qui eos quos laudantium.',NULL,NULL,1,0,'Nihil quibusdam qui est nobis quidem hic in omnis.','At optio mollitia quo id aperiam quia.','2016-07-23 07:01:08','2016-07-23 07:01:08'),(46,'Model','Volkman Inc','Intelligent Rubber Car','1263','Maxime incidunt aliquam atque et deserunt iste.','Dicta vel laborum rerum voluptas aut.',NULL,NULL,1,0,'Nihil excepturi ut vel.','Illum aliquam maxime rerum quis quo.','2016-07-23 07:01:08','2016-07-23 07:01:08'),(47,'Model','King Inc','Awesome Rubber Table','1264','Qui soluta voluptas eos odit iure.','Aperiam et et animi officiis sequi.',NULL,NULL,2,0,'Cum quibusdam libero soluta.','Voluptas quasi ut sit consequatur magnam explicabo dolores facilis.','2016-07-23 07:01:08','2016-07-23 07:01:08'),(48,'Model','Trantow Inc','Small Granite Pants','1265','Sint at accusantium et voluptatem eos.','Ut non quia nisi soluta ratione magni.',NULL,NULL,1,0,'Quam consequatur repellat accusantium doloribus voluptates deserunt.','Adipisci nulla sed dolor dignissimos sit delectus.','2016-07-23 07:01:08','2016-07-23 07:01:08'),(49,'Model','Keebler Inc','Rustic Steel Shoes','1266','Facilis eveniet doloribus magnam odio ipsam esse qui amet.','Enim dolore nihil magni.',NULL,NULL,0,0,'Labore neque nesciunt maxime voluptatem.','Nihil unde in aut.','2016-07-23 07:01:08','2016-07-23 07:01:08'),(50,'Model','Gislason Group','Practical Wooden Computer','1267','Eligendi minus vel sed reiciendis.','Labore numquam sapiente consectetur dolorem quas inventore molestiae.',NULL,NULL,1,0,'Facere aperiam molestiae perspiciatis nostrum.','Quia sit sed incidunt dolorem.','2016-07-23 07:01:08','2016-07-23 07:01:08'),(51,'Model','Buckridge Inc','Incredible Plastic Computer','1268','Molestias quas quae voluptatibus similique.','Rerum quia laudantium sequi.',NULL,NULL,0,0,'Voluptas possimus qui quia illum.','Voluptas et harum ea fugiat placeat nulla.','2016-07-23 07:01:08','2016-07-23 07:01:08'),(52,'Model','Little Inc','Ergonomic Cotton Pants','1269','Aut ut temporibus ut rem dolore impedit quas aut.','Soluta nulla placeat culpa.',NULL,NULL,1,0,'Natus ea occaecati hic cum possimus.','Quibusdam sint ratione repudiandae aut explicabo fugiat corporis in.','2016-07-23 07:01:08','2016-07-23 07:01:08'),(53,'Model','Bauch, Williamson and Powlowski','Sleek Wooden Pants','1270','Corporis facilis similique explicabo atque occaecati.','Aspernatur inventore eligendi qui id earum hic voluptatem aperiam.',NULL,NULL,1,0,'Vitae in tenetur ea eum incidunt.','Delectus qui fuga non excepturi placeat.','2016-07-23 07:01:08','2016-07-23 07:01:08'),(54,'Model','Renner, Hermiston and Shanahan','Intelligent Cotton Table','1271','Earum eveniet similique facere dolor sit.','Aut nobis magni at impedit inventore laboriosam architecto.',NULL,NULL,3,0,'Porro cumque autem sed dicta.','Nihil ut atque esse dolorem quidem.','2016-07-23 07:01:08','2016-07-23 07:01:08'),(55,'Model','Glover Inc','Sleek Plastic Table','1272','Saepe labore consequuntur ut praesentium id non sint.','Sint voluptatem nemo praesentium.',NULL,NULL,0,0,'Delectus quibusdam voluptatem natus et tempora sit consequatur mollitia.','Aut maiores et voluptas consequatur.','2016-07-23 07:01:08','2016-07-23 07:01:08'),(56,'Model','Jacobi and Sons','Incredible Steel Pants','1273','Cum tenetur doloremque molestiae omnis vel et neque.','Repudiandae odio consequuntur ipsam autem.',NULL,NULL,0,0,'Reiciendis exercitationem blanditiis aut.','Eius aut sed qui eos quam illum ducimus libero.','2016-07-23 07:01:08','2016-07-23 07:01:08'),(57,'Model','Fay, Kihn and Murphy','Sleek Plastic Chair','1274','Repudiandae ducimus illo praesentium.','Voluptate aliquid adipisci eligendi architecto.',NULL,NULL,2,0,'Inventore facere omnis quaerat ducimus.','Est omnis sunt architecto.','2016-07-23 07:01:08','2016-07-23 07:01:08'),(58,'Model','Gleichner, Baumbach and McGlynn','Sleek Rubber Car','1275','Minima sint quibusdam necessitatibus similique.','Atque dolor et fugiat dolore consequatur.',NULL,NULL,1,0,'Ut quod nesciunt consequatur a accusamus nobis atque.','Ut harum quod mollitia unde eum iure.','2016-07-23 07:01:08','2016-07-23 07:01:08'),(59,'Model','Rippin-Wuckert','Ergonomic Plastic Pants','1276','Optio tempora aperiam adipisci et delectus.','Fuga quo et modi quis alias nobis distinctio consectetur.',NULL,NULL,0,0,'Libero fuga blanditiis animi qui ex est.','Voluptates sint molestias magnam.','2016-07-23 07:01:08','2016-07-23 07:01:08'),(60,'Model','Dooley, Hoeger and Bergstrom','Incredible Cotton Gloves','1277','Corporis soluta qui iure nihil a expedita sit.','Corporis sunt aut minima.',NULL,NULL,2,0,'Quis soluta sapiente consequatur sequi voluptatem.','Et sed illum placeat excepturi voluptatem qui voluptatem.','2016-07-23 07:01:08','2016-07-23 07:01:08'),(61,'Model','Howe-Quigley','Ergonomic Steel Car','1278','Earum sint in cum iste est et.','Alias voluptatem nulla repellendus voluptatem earum.',NULL,NULL,0,0,'Temporibus et ut molestiae repudiandae aut.','Nihil veniam debitis eaque maiores iste ea.','2016-07-23 07:01:08','2016-07-23 07:01:08'),(62,'Model','Ondricka-Jakubowski','Fantastic Cotton Shoes','1279','Reprehenderit ratione in quisquam dolorum in atque.','Aut id nulla consequuntur aut.',NULL,NULL,2,0,'Quia exercitationem id nesciunt incidunt.','Aut atque accusantium quis quo qui eaque.','2016-07-23 07:01:08','2016-07-23 07:01:08'),(63,'Model','Pfeffer Group','Small Plastic Computer','1280','Harum facilis porro fugit reprehenderit.','Est eius iusto reprehenderit distinctio.',NULL,NULL,0,0,'Cumque voluptatem voluptatem quo fugit.','Porro optio quidem amet quas.','2016-07-23 07:01:08','2016-07-23 07:01:08'),(64,'Model','Smitham LLC','Intelligent Granite Car','1281','Quia tempora voluptatem odit molestiae qui dignissimos.','Praesentium error dolorum voluptatibus excepturi nesciunt quis.',NULL,NULL,3,0,'Voluptates rem temporibus et ut cupiditate iste.','Id minima blanditiis quia atque consequatur.','2016-07-23 07:01:08','2016-07-23 07:01:08'),(65,'Model','Christiansen, McCullough and Jacobs','Awesome Steel Shirt','1282','Eveniet vel id voluptatibus qui incidunt quibusdam quis aspernatur.','Iste suscipit dolorem dolor temporibus.',NULL,NULL,2,0,'Architecto expedita doloribus consectetur magni cupiditate error voluptas.','Et qui velit ab sint saepe molestiae voluptatibus non.','2016-07-23 07:01:08','2016-07-23 07:01:08'),(66,'Model','Watsica-Prohaska','Practical Rubber Table','1283','Veritatis qui blanditiis adipisci velit sed aspernatur.','Distinctio autem doloremque impedit.',NULL,NULL,2,0,'Qui soluta voluptatem minus et assumenda.','Sint eveniet repellendus veniam ducimus voluptatem.','2016-07-23 07:01:08','2016-07-23 07:01:08'),(67,'Model','Fritsch-Batz','Awesome Cotton Shirt','1284','Voluptatem cumque dicta ut aut id sit quis.','Assumenda maxime id architecto at voluptatem rem consequatur quo.',NULL,NULL,3,0,'Repellendus velit fugiat omnis asperiores voluptates distinctio accusantium dolores.','Consequatur et autem quia architecto in quo quaerat fugit.','2016-07-23 07:01:08','2016-07-23 07:01:08'),(68,'Model','Klocko-Cremin','Gorgeous Cotton Gloves','1285','Ratione nobis optio labore consequatur est assumenda aut alias.','Sit ex nam voluptas eveniet omnis dolore cupiditate iste.',NULL,NULL,3,0,'Itaque nobis aut ut.','Cumque et dolore possimus esse.','2016-07-23 07:01:08','2016-07-23 07:01:08'),(69,'Model','Apple','MacBookPro','1286','Laptop fr Studis und Angestellte.','Et possimus vel deserunt quae et occaecati.',NULL,NULL,0,0,'Expedita nihil perferendis dolores id vero asperiores facilis repellat.','Mit Verpackung aushndigen.','2016-07-23 07:01:08','2016-07-23 07:01:08'),(70,'Model','Sharp','Sharp Beamer','123','Beamer, geeignet fr alle Verwendungszwecke.','Rerum molestiae ad sint eum ut qui.',NULL,NULL,0,0,'Nemo velit accusamus fuga rerum sed.','Beamer brauch ein VGA Kabel!','2016-07-23 07:01:08','2016-07-23 07:01:08'),(71,'Model','Sharp','Sharp Beamer 2D','1287','Beamer, geeignet fr alle Verwendungszwecke.','Est sint earum autem veritatis possimus.',NULL,NULL,0,0,'Dolorum et voluptatum mollitia et quo dolores.','Voluptate perspiciatis sed voluptas quas amet qui repudiandae.','2016-07-23 07:01:08','2016-07-23 07:01:08'),(72,'Model','Panasonic','Mini Beamer','1288','Beamer, geeignet fr alle Verwendungszwecke.','Voluptate cupiditate perferendis omnis reprehenderit illum ea ut ex.',NULL,NULL,0,0,'Et et id explicabo.','Labore reprehenderit voluptas ut quaerat quia ex exercitationem.','2016-07-23 07:01:08','2016-07-23 07:01:08'),(73,'Model','Sharp','Sharp Beamer','456','Beamer, geeignet fr alle Verwendungszwecke.','Est provident mollitia sed quia enim omnis perferendis.',NULL,NULL,0,0,'Harum id laboriosam sequi minima nostrum fugiat.','Beamer brauch ein VGA Kabel!','2016-07-23 07:01:08','2016-07-23 07:01:08'),(74,'Model','Sony','Ultra Compact Beamer','1289','Besonders kleiner Beamer.','Voluptatem id amet sit iure.',NULL,NULL,0,0,'Architecto quo vel ex.','Beamer brauch ein VGA Kabel!','2016-07-23 07:01:08','2016-07-23 07:01:08'),(75,'Model','Micro','Micro Beamer','1290','Besonders mikro kleiner Beamer.','Architecto voluptatem reprehenderit eos ea.',NULL,NULL,0,0,'Accusantium qui molestias id.','Beamer brauch ein VGA Kabel!','2016-07-23 07:01:08','2016-07-23 07:01:08'),(76,'Model','Sony','Beamer 1 minima','1291','Tempora id harum autem ea facilis similique.','Et ut distinctio pariatur cum voluptatem sint.',NULL,NULL,0,0,'Adipisci totam aut enim voluptate fuga et repellat dolores.','Beamer brauch ein VGA Kabel!','2016-07-23 07:01:08','2016-07-23 07:01:08'),(77,'Model','Sony','Beamer 2 laudantium','1292','Consectetur rerum officiis aut necessitatibus dolorem aut dolorum quae.','Quisquam natus repellat commodi.',NULL,NULL,0,0,'Magnam animi ducimus mollitia aperiam.','Beamer brauch ein VGA Kabel!','2016-07-23 07:01:08','2016-07-23 07:01:08'),(78,'Model','Sony','Beamer 3 repellat','1293','Magnam eum voluptate totam excepturi omnis.','Assumenda et aut alias et delectus nesciunt.',NULL,NULL,0,0,'Quas et impedit magnam eum et facere quam natus.','Beamer brauch ein VGA Kabel!','2016-07-23 07:01:08','2016-07-23 07:01:08'),(79,'Model','Sony','Beamer 4 quo','1294','Voluptas culpa corporis enim distinctio.','Rem qui et architecto aut omnis ipsa vitae.',NULL,NULL,0,0,'Tempora totam aut dolores sed dolore ducimus.','Beamer brauch ein VGA Kabel!','2016-07-23 07:01:08','2016-07-23 07:01:08'),(80,'Model','Sony','Beamer 5 blanditiis','1295','Quasi maxime est dolor atque quia veritatis possimus ut.','Voluptas non harum unde voluptas provident voluptatem aut.',NULL,NULL,0,0,'Voluptatibus est quas rem at molestias veritatis nemo.','Beamer brauch ein VGA Kabel!','2016-07-23 07:01:08','2016-07-23 07:01:08'),(81,'Model','Sony','Beamer 6 et','1296','Et minima quaerat autem reiciendis inventore et ut at.','Et exercitationem dolores voluptatibus quod.',NULL,NULL,0,0,'Libero rerum laboriosam explicabo quos.','Beamer brauch ein VGA Kabel!','2016-07-23 07:01:08','2016-07-23 07:01:08'),(82,'Model','Sony','Beamer 7 ut','1297','Dolorem et error molestiae.','Laboriosam explicabo ea temporibus excepturi est omnis modi.',NULL,NULL,0,0,'Blanditiis libero a natus corrupti incidunt doloremque nemo illo.','Beamer brauch ein VGA Kabel!','2016-07-23 07:01:08','2016-07-23 07:01:08'),(83,'Model','Sony','Beamer 8 dolor','1298','Perferendis omnis aut suscipit excepturi accusantium quasi adipisci.','Est at deserunt cumque.',NULL,NULL,0,0,'Cupiditate aut repudiandae nesciunt qui sint et iusto molestias.','Beamer brauch ein VGA Kabel!','2016-07-23 07:01:08','2016-07-23 07:01:08'),(84,'Model','Sony','Beamer 9 tempore','1299','Inventore veritatis distinctio est est aut asperiores.','Ipsum nam nobis saepe.',NULL,NULL,0,0,'Ratione praesentium beatae consequatur.','Beamer brauch ein VGA Kabel!','2016-07-23 07:01:08','2016-07-23 07:01:08'),(85,'Model','Sony','Beamer 10 ea','1300','Deleniti quia omnis quidem dolorem vitae.','Qui ipsum recusandae voluptates voluptatibus iure autem repudiandae tenetur.',NULL,NULL,0,0,'Veritatis sed rem repudiandae natus commodi.','Beamer brauch ein VGA Kabel!','2016-07-23 07:01:08','2016-07-23 07:01:08'),(86,'Model','Sony','Beamer 11 voluptas','1301','Accusantium ipsa nemo natus exercitationem inventore quidem non.','Cumque sequi quos non eius rerum.',NULL,NULL,0,0,'Ut sed consequatur enim impedit.','Beamer brauch ein VGA Kabel!','2016-07-23 07:01:08','2016-07-23 07:01:08'),(87,'Model','Sony','Beamer 12 doloribus','1302','Et eos aut veniam totam quis consequatur.','Ut pariatur a quaerat mollitia eius.',NULL,NULL,0,0,'Aut porro minima repudiandae.','Beamer brauch ein VGA Kabel!','2016-07-23 07:01:08','2016-07-23 07:01:08'),(88,'Model','Sony','Beamer 13 eos','1303','Beatae dolore vero vel alias.','Facere quisquam alias ducimus voluptatum.',NULL,NULL,0,0,'Non sed architecto esse aut modi ea quasi provident.','Beamer brauch ein VGA Kabel!','2016-07-23 07:01:08','2016-07-23 07:01:08'),(89,'Model','Sony','Beamer 14 voluptatem','1304','Odit ipsum sit et itaque ea id.','Sequi esse recusandae facilis.',NULL,NULL,0,0,'Et ut ea qui quia.','Beamer brauch ein VGA Kabel!','2016-07-23 07:01:08','2016-07-23 07:01:08'),(90,'Model','Sony','Beamer 15 mollitia','1305','Voluptate odio rerum eum occaecati id omnis laboriosam et.','Quae sed dolores ipsa deleniti consequatur quidem consequatur aperiam.',NULL,NULL,0,0,'Est nostrum soluta rerum quos at ratione.','Beamer brauch ein VGA Kabel!','2016-07-23 07:01:08','2016-07-23 07:01:08'),(91,'Model','Sony','Beamer 16 quae','1306','Provident deserunt non repudiandae deleniti nulla distinctio eius qui.','Ipsam assumenda temporibus voluptatem rem impedit beatae omnis debitis.',NULL,NULL,0,0,'Voluptatem cumque quisquam in.','Beamer brauch ein VGA Kabel!','2016-07-23 07:01:08','2016-07-23 07:01:08'),(92,'Model','Sony','Beamer 17 necessitatibus','1307','Occaecati est velit aut ea sunt.','Id facilis totam reiciendis similique dolore nobis.',NULL,NULL,0,0,'Earum possimus nobis occaecati sapiente incidunt maiores blanditiis.','Beamer brauch ein VGA Kabel!','2016-07-23 07:01:08','2016-07-23 07:01:08'),(93,'Model','Sony','Beamer 18 voluptatem','1308','Quidem debitis doloribus expedita impedit incidunt maxime suscipit.','Aspernatur officia est itaque.',NULL,NULL,0,0,'Quia sint et quia accusantium deserunt hic.','Beamer brauch ein VGA Kabel!','2016-07-23 07:01:08','2016-07-23 07:01:08'),(94,'Model','Sony','Beamer 19 et','1309','Accusantium explicabo officia architecto quia.','Pariatur accusamus qui eius distinctio.',NULL,NULL,0,0,'Qui aut est adipisci.','Beamer brauch ein VGA Kabel!','2016-07-23 07:01:08','2016-07-23 07:01:08'),(95,'Model','Sony','Beamer 20 iste','1310','Molestias ducimus debitis vero pariatur impedit reprehenderit.','Dolores ipsam nulla harum ullam quisquam totam nihil.',NULL,NULL,0,0,'Qui porro doloremque excepturi quam maiores.','Beamer brauch ein VGA Kabel!','2016-07-23 07:01:08','2016-07-23 07:01:08'),(96,'Model','Nikon','Kamera Nikon','X12','Super Kamera.','Reprehenderit doloribus illo dolores.',NULL,NULL,0,0,'Veniam provident voluptatem quo libero.','Kamera brauch Akkus!','2016-07-23 07:01:08','2016-07-23 07:01:08'),(97,'Model','Nikon','Camera 1 rem','1311','Sequi doloremque eos eum vel et qui.','Incidunt veritatis cupiditate voluptatum occaecati eum sint alias.',NULL,NULL,0,0,'Non aut deserunt omnis velit est vel.','Amet vel pariatur minima similique dolores adipisci ducimus.','2016-07-23 07:01:08','2016-07-23 07:01:08'),(98,'Model','Nikon','Camera 2 corporis','1312','Consequatur voluptatem ea deleniti sint natus distinctio culpa.','Dolores non veniam omnis ullam voluptas.',NULL,NULL,0,0,'Totam sed et veritatis officia commodi.','Explicabo quod est maiores.','2016-07-23 07:01:08','2016-07-23 07:01:08'),(99,'Model','Nikon','Camera 3 doloribus','1313','Quo numquam autem magnam quia sapiente.','Id qui laborum totam quaerat nam dolorem ut.',NULL,NULL,0,0,'Quisquam qui et est maxime quas quia ipsum distinctio.','Repellendus et dolore id.','2016-07-23 07:01:08','2016-07-23 07:01:08'),(100,'Model','Nikon','Camera 4 et','1314','Ratione ea ea sit.','Nam laudantium impedit aliquid est et officia.',NULL,NULL,0,0,'Architecto aut quam laborum reprehenderit possimus laudantium.','Voluptas culpa dicta explicabo voluptatem aut quis expedita.','2016-07-23 07:01:08','2016-07-23 07:01:08'),(101,'Model','Nikon','Camera 5 exercitationem','1315','Amet quaerat est incidunt saepe ut.','Eveniet omnis et dolore ut quo voluptatem assumenda.',NULL,NULL,0,0,'Est animi sit quia aliquid aut repellendus molestias.','Modi distinctio veniam consectetur qui et deserunt est quam.','2016-07-23 07:01:08','2016-07-23 07:01:08'),(102,'Model','Nikon','Camera 6 sapiente','1316','Ab enim qui in nostrum labore illo.','Iusto non quis eum voluptatem.',NULL,NULL,0,0,'Debitis nihil deserunt inventore distinctio eum.','Rerum doloremque eius commodi vero cumque.','2016-07-23 07:01:08','2016-07-23 07:01:08'),(103,'Model','Nikon','Camera 7 magnam','1317','Veritatis architecto veniam ut quo.','Accusamus exercitationem consequatur perferendis provident beatae animi praesentium sed.',NULL,NULL,0,0,'Corporis maxime quam iusto ipsum perferendis doloremque sit tempora.','Molestiae sunt fuga rerum accusantium nostrum magnam eos et.','2016-07-23 07:01:08','2016-07-23 07:01:08'),(104,'Model','Nikon','Camera 8 nemo','1318','Magnam at itaque maxime.','Et molestiae temporibus dignissimos.',NULL,NULL,0,0,'Optio et nobis soluta.','Corrupti sit animi fuga aut et.','2016-07-23 07:01:08','2016-07-23 07:01:08'),(105,'Model','Nikon','Camera 9 voluptates','1319','Veniam ab beatae aspernatur quo maxime distinctio sed et.','Qui pariatur corporis maxime earum omnis qui atque beatae.',NULL,NULL,0,0,'Quo et sit pariatur.','Sequi et voluptatem sint in corrupti laborum eius.','2016-07-23 07:01:08','2016-07-23 07:01:08'),(106,'Model','Nikon','Camera 10 ea','1320','Vitae consequatur ab perspiciatis cumque dolores.','Rem debitis unde quae.',NULL,NULL,0,0,'Libero voluptas officiis et aut.','Architecto modi incidunt commodi.','2016-07-23 07:01:08','2016-07-23 07:01:08'),(107,'Model','Nikon','Camera 11 enim','1321','Qui laboriosam in voluptatem debitis dolor.','Et dolor magnam fugit maiores autem repellat.',NULL,NULL,0,0,'Est quo impedit provident voluptate eos.','Sequi aliquam et pariatur animi quis sit iste.','2016-07-23 07:01:08','2016-07-23 07:01:08'),(108,'Model','Nikon','Camera 12 quam','1322','Eveniet itaque quia neque omnis qui voluptas.','Officiis non at ut laboriosam.',NULL,NULL,0,0,'Optio et sit eum expedita et maiores perferendis.','Quis et alias dolor.','2016-07-23 07:01:08','2016-07-23 07:01:08'),(109,'Model','Nikon','Camera 13 itaque','1323','Voluptas corporis non ab modi quia debitis sit temporibus.','Sequi possimus exercitationem doloremque vel unde ipsum omnis omnis.',NULL,NULL,0,0,'Ea saepe explicabo accusantium illum iusto maxime nobis.','Sequi repellendus ea nihil.','2016-07-23 07:01:08','2016-07-23 07:01:08'),(110,'Model','Nikon','Camera 14 porro','1324','Blanditiis fuga tenetur ipsam ut cumque voluptas.','Sed consequatur illum aliquam.',NULL,NULL,0,0,'Dolor nostrum officia porro pariatur provident rerum sed.','Aut repudiandae voluptatum et aut.','2016-07-23 07:01:08','2016-07-23 07:01:08'),(111,'Model','Nikon','Camera 15 ducimus','1325','Provident alias quos praesentium.','Minima exercitationem eos accusantium enim et sed voluptatem.',NULL,NULL,0,0,'Facere quod dolorem voluptatem aspernatur quis.','Voluptatem maiores hic maxime libero suscipit et eos ut.','2016-07-23 07:01:08','2016-07-23 07:01:08'),(112,'Model','Nikon','Camera 16 quia','1326','Delectus at labore temporibus rerum ea.','Quae culpa eveniet commodi ipsam voluptates.',NULL,NULL,0,0,'Perferendis quia veniam molestias harum et omnis.','Sunt id magnam id ullam quia dolorem culpa.','2016-07-23 07:01:08','2016-07-23 07:01:08'),(113,'Model','Nikon','Camera 17 quae','1327','Illum est ut quae sunt quis vel nisi et.','Sunt quia dolorem consequatur autem natus.',NULL,NULL,0,0,'Iste dolorem nemo neque est molestiae illo deserunt dolor.','Hic eum officiis earum nam omnis ea ea.','2016-07-23 07:01:08','2016-07-23 07:01:08'),(114,'Model','Nikon','Camera 18 pariatur','1328','Quia modi maxime rerum.','Quia nihil quo rerum saepe soluta.',NULL,NULL,0,0,'Sit voluptatem error dicta.','Voluptate corrupti dolorem quo ea autem adipisci.','2016-07-23 07:01:08','2016-07-23 07:01:08'),(115,'Model','Nikon','Camera 19 sed','1329','Quis dolorem cumque iusto recusandae qui fuga praesentium temporibus.','Ipsam deleniti minus laborum consequatur qui voluptatum.',NULL,NULL,0,0,'Quam temporibus dolores facere voluptas.','Voluptas aliquam architecto quia impedit.','2016-07-23 07:01:08','2016-07-23 07:01:08'),(116,'Model','Nikon','Camera 20 quasi','1330','Tempore eum voluptatem voluptatibus quam dignissimos corporis doloribus.','Qui molestiae perspiciatis ab quia vel minus vitae dolores.',NULL,NULL,0,0,'Et architecto enim sequi reprehenderit quisquam.','Quas eos pariatur id molestiae a.','2016-07-23 07:01:08','2016-07-23 07:01:08'),(117,'Model','Nikon','Camera 21 dolor','1331','Voluptas ipsa est ex impedit laborum.','Autem quaerat molestiae quia accusamus cupiditate et fuga.',NULL,NULL,0,0,'Accusantium atque voluptatibus quia illo veritatis sed voluptatem ad.','Et est voluptates eaque.','2016-07-23 07:01:08','2016-07-23 07:01:08'),(118,'Model','Nikon','Camera 22 et','1332','Earum nemo ex dolor illum.','Odit laborum commodi est quaerat tempore.',NULL,NULL,0,0,'Ex reiciendis ut quia aut quisquam delectus mollitia ut.','Est et vel ullam neque esse.','2016-07-23 07:01:08','2016-07-23 07:01:08'),(119,'Model','Nikon','Camera 23 nulla','1333','Nostrum officiis fugit nesciunt et placeat quia odit.','Sint repellendus blanditiis qui quos.',NULL,NULL,0,0,'Nam corporis beatae molestiae nostrum qui.','Rerum corrupti itaque et voluptas laboriosam iusto est.','2016-07-23 07:01:08','2016-07-23 07:01:08'),(120,'Model','Nikon','Camera 24 repudiandae','1334','Sit quia voluptatibus rerum aut deleniti esse fugiat eos.','Reprehenderit et et placeat quo temporibus praesentium.',NULL,NULL,0,0,'Aut quod eos et.','Deserunt aliquam natus molestiae voluptatibus alias recusandae officiis neque.','2016-07-23 07:01:08','2016-07-23 07:01:08'),(121,'Model','Nikon','Camera 25 dolorem','1335','Possimus perspiciatis asperiores omnis debitis natus et sed.','Eius et tempore debitis ipsam beatae accusantium at.',NULL,NULL,0,0,'Dolorem quidem animi omnis eligendi consectetur rerum voluptates commodi.','Et autem tempore necessitatibus cum.','2016-07-23 07:01:08','2016-07-23 07:01:08'),(122,'Model','Nikon','Camera 26 quisquam','1336','Ex eos numquam quo sit.','A libero aut provident rerum consequatur odit.',NULL,NULL,0,0,'Dolores voluptate itaque reiciendis voluptatum libero.','Et commodi nam odio quia autem eius.','2016-07-23 07:01:08','2016-07-23 07:01:08'),(123,'Model','Nikon','Camera 27 voluptatem','1337','Ducimus magnam expedita optio ex quas et nisi.','Quia doloribus mollitia placeat assumenda quo voluptatibus.',NULL,NULL,0,0,'Qui vitae libero quia optio voluptate est tempora.','Rem optio delectus non.','2016-07-23 07:01:08','2016-07-23 07:01:08'),(124,'Model','Nikon','Camera 28 nihil','1338','Laborum ratione soluta fugit.','Dolores inventore enim quia eius ullam.',NULL,NULL,0,0,'Voluptatem vitae debitis esse deserunt ratione repudiandae rerum perspiciatis.','Rerum perspiciatis qui dolore debitis optio velit et rerum.','2016-07-23 07:01:08','2016-07-23 07:01:08'),(125,'Model','Nikon','Camera 29 voluptas','1339','Modi quis vitae quia voluptatibus.','Molestiae molestiae omnis quod maiores officia harum est et.',NULL,NULL,0,0,'Ratione at et in.','Maxime assumenda id eum eaque ex.','2016-07-23 07:01:08','2016-07-23 07:01:08'),(126,'Model','Nikon','Camera 30 consequuntur','1340','Aut vero nulla qui perspiciatis aut accusantium quo.','Dolores consequatur pariatur aut similique voluptatem quaerat deserunt.',NULL,NULL,0,0,'Optio aut est accusantium sed.','Perspiciatis assumenda perferendis maxime modi.','2016-07-23 07:01:08','2016-07-23 07:01:08'),(127,'Model','Sony','Hifi Standard','1341','Ipsum aliquid eos dolorum.','Officia aliquid in ipsum occaecati neque.',NULL,NULL,0,0,'Ea in fugit et hic nihil consequatur.','Perferendis earum sit asperiores.','2016-07-23 07:01:08','2016-07-23 07:01:08'),(128,'Model','Feli','Kamera Stativ','123','Stabiles Kamera Stativ','Occaecati dolorem est non omnis non cumque.',NULL,NULL,0,0,'Nobis iusto ea ab qui illum perferendis qui est.','Stativ muss mit Stativtasche ausgehndigt werden.','2016-07-23 07:01:08','2016-07-23 07:01:08'),(129,'Model','Bose','BoseSleek Wooden Gloves','1342','Rem sint quos inventore quis voluptatem. Aut et quia nemo. Voluptatum quo rerum eius.','Qui commodi a voluptatibus praesentium ut fugit eveniet deserunt.',NULL,NULL,0,0,'Iure fugit asperiores voluptatem sunt qui et.','Est consequatur ducimus dolore.','2016-07-23 07:01:08','2016-07-23 07:01:08'),(130,'Model','Bose','BoseRustic Rubber Computer','1343','Magni voluptas nihil amet odit aperiam fugit. Occaecati officiis aliquam dignissimos debitis autem. Eos repellat inventore atque odio nostrum hic natus. Eos explicabo omnis quis cumque. Qui soluta nihil eius aut quibusdam saepe.','Et quia quos aut odit aut sit nesciunt incidunt.',NULL,NULL,0,0,'Ratione sint et inventore corrupti.','Omnis inventore voluptates animi molestiae odio.','2016-07-23 07:01:08','2016-07-23 07:01:08'),(131,'Model','Mohr, Russel and Kozey','Kamera Set','1347','Alias rem quod molestiae.','Qui beatae culpa quaerat porro aut perferendis.',NULL,NULL,3,1,'Blanditiis et voluptas accusantium consequatur.','Culpa blanditiis velit illo ipsum.','2016-07-23 07:01:08','2016-07-23 07:01:08'),(132,'Model','Nader LLC','Awesome Concrete Hat','1348','Dolores quia molestiae eum eveniet.','At minus magnam dignissimos reiciendis vero distinctio.',NULL,NULL,0,0,'Molestiae non enim dolor odio totam rem.','Quia dolore necessitatibus fugit.','2016-07-23 07:01:08','2016-07-23 07:01:08'),(133,'Model','Grimes-Watsica','Ergonomic Plastic Gloves','1349','Quam ea enim beatae quo accusamus incidunt ut consequatur.','Officiis esse quam et possimus.',NULL,NULL,2,0,'Mollitia perferendis sint reprehenderit ullam corporis et.','Laboriosam autem nihil dolor est at hic voluptatibus.','2016-07-23 07:01:08','2016-07-23 07:01:08'),(134,'Model','Labadie Inc','Sleek Steel Gloves','1350','Accusamus quis tempore corrupti expedita odit rerum sint non.','At maiores et reprehenderit explicabo sint velit natus nisi.',NULL,NULL,0,0,'Iusto veniam quia ut natus sint vel sit.','Voluptate est labore consequuntur voluptatem dignissimos nemo harum.','2016-07-23 07:01:08','2016-07-23 07:01:08'),(135,'Model','Mills LLC','Sleek Steel Computer','1351','Earum hic et porro qui consequatur.','Quas accusamus in velit expedita quidem error impedit.',NULL,NULL,3,0,'Voluptatem rerum laborum aut.','Est qui aut quis in dicta itaque quia.','2016-07-23 07:01:08','2016-07-23 07:01:08'),(136,'Model','Upton Group','Fantastic Wooden Shoes','1352','Tenetur dolore exercitationem et saepe minima.','Nihil sit est veritatis aut et iste.',NULL,NULL,2,0,'Quos omnis voluptatem quo ducimus.','Quo a aut aliquam consectetur.','2016-07-23 07:01:08','2016-07-23 07:01:08'),(137,'Model','Legros, Lindgren and Simonis','Sleek Wooden Shirt','1353','A ab quaerat quasi.','Odio magnam quibusdam quam ut aut.',NULL,NULL,3,0,'Tempore qui et voluptatum vel.','Nam delectus sed possimus sit fugit est dolor.','2016-07-23 07:01:08','2016-07-23 07:01:08'),(138,'Model','O\'Keefe Group','Intelligent Rubber Gloves','1354','Sit non atque sed.','Recusandae cupiditate velit nulla corrupti consectetur corporis et.',NULL,NULL,2,0,'Enim voluptatum sed distinctio ad optio ut eum.','Dolorem voluptas laboriosam vel quo et.','2016-07-23 07:01:08','2016-07-23 07:01:08'),(139,'Model','Dicki LLC','Practical Steel Table','1355','Sit ratione quam iusto corrupti iure.','Recusandae et similique sint est magni.',NULL,NULL,2,0,'Ducimus non consequatur occaecati.','Et est dolor aliquam accusamus ea.','2016-07-23 07:01:08','2016-07-23 07:01:08'),(140,'Model','Beer Inc','Small Granite Computer','1356','Inventore optio expedita sapiente quia qui.','Unde est inventore dolorem ipsum eos aut asperiores culpa.',NULL,NULL,3,0,'Incidunt voluptatem aliquid eligendi qui magnam consequuntur.','Adipisci ipsam quasi fugiat maxime.','2016-07-23 07:01:08','2016-07-23 07:01:08'),(141,'Model','Lindgren-Beer','Fantastic Plastic Shirt','1357','Iusto ullam ea quidem quis deserunt et animi iste.','Similique animi vitae eligendi soluta quam beatae ducimus.',NULL,NULL,3,0,'Enim aut eos voluptates laborum fugit.','Ullam et architecto vel sit quos facere tenetur magnam.','2016-07-23 07:01:08','2016-07-23 07:01:08'),(142,'Model','Heathcote Inc','Gorgeous Rubber Shoes','1358','Qui aspernatur sint veniam.','Velit culpa illum esse voluptate temporibus.',NULL,NULL,1,0,'At nam voluptas et quo optio dolorum.','Aut et aut quidem enim non.','2016-07-23 07:01:08','2016-07-23 07:01:08'),(143,'Model','Farrell-Hoppe','Fantastic Steel Pants','1359','Doloribus magnam dignissimos voluptate et expedita est reprehenderit.','Maxime dolores consequatur soluta.',NULL,NULL,1,0,'Consequatur qui distinctio et et quia.','Ea voluptatem deleniti praesentium officia minus officiis ea.','2016-07-23 07:01:08','2016-07-23 07:01:08'),(144,'Model','O\'Kon Inc','Kamera Set2','1360','Soluta voluptas ex aperiam impedit aliquid omnis saepe.','Magni assumenda aliquam similique architecto reprehenderit.',NULL,NULL,0,1,'Fugiat iusto voluptatem sed vel nihil deleniti aut.','Ab omnis esse minus eaque non cupiditate.','2016-07-23 07:01:08','2016-07-23 07:01:08'),(145,'Model','Auer-Medhurst','Sleek Cotton Shirt','1361','Sapiente ex et unde esse nisi occaecati.','Nihil ut tenetur incidunt.',NULL,NULL,3,0,'Quidem et magni non.','Cum iusto deleniti id et ipsam nihil explicabo.','2016-07-23 07:01:08','2016-07-23 07:01:08'),(146,'Model','Kuphal Group','Practical Steel Car','1362','Possimus nihil autem facilis assumenda accusamus sequi.','Iure repellat facere officiis aut saepe quam fugiat delectus.',NULL,NULL,2,0,'Eos eaque repudiandae asperiores aliquid.','Consequuntur necessitatibus aut facere enim qui.','2016-07-23 07:01:08','2016-07-23 07:01:08'),(147,'Model','Schaefer and Sons','Ergonomic Granite Gloves','1363','Minus beatae consequatur qui veritatis labore.','Blanditiis dolorum sed et.',NULL,NULL,1,0,'Modi corporis qui animi similique laudantium enim.','Nulla placeat ad eos atque eos.','2016-07-23 07:01:08','2016-07-23 07:01:08'),(148,'Model','Walker Group','Sleek Steel Shirt','1364','Reiciendis beatae qui cumque amet aliquam.','Aliquid numquam ut vel soluta quidem et.',NULL,NULL,1,0,'Dicta praesentium unde dolore.','Aut nihil quia animi neque vitae.','2016-07-23 07:01:08','2016-07-23 07:01:08'),(149,'Model','Kulas, Medhurst and Zulauf','Intelligent Cotton Hat','1365','Dolores aut sequi occaecati delectus ab impedit temporibus quae.','Eum non fugiat dolores.',NULL,NULL,0,0,'Laudantium deserunt nisi dolores voluptatem perferendis fugiat non provident.','Accusamus aut ab sapiente dolor quia.','2016-07-23 07:01:08','2016-07-23 07:01:08'),(150,'Model','Dibbert, Crona and Gerhold','Awesome Concrete Pants','1366','Nesciunt cum voluptatem sit.','Dolore ad eius dicta quam nisi.',NULL,NULL,3,0,'Sit enim provident iste quis eum doloribus.','Ipsum nam dolorem beatae ab amet nisi.','2016-07-23 07:01:08','2016-07-23 07:01:08'),(151,'Model','Emard-Auer','Incredible Wooden Shoes','1367','Voluptatum aliquid laboriosam est sunt laborum.','Deserunt ratione architecto rem quis.',NULL,NULL,1,0,'Quidem labore itaque incidunt in iusto est dolor.','Maxime sunt voluptatibus reprehenderit.','2016-07-23 07:01:08','2016-07-23 07:01:08'),(152,'Model','Glover, Leannon and Rempel','Small Concrete Computer','1368','Ut facere porro rerum nam sed totam.','Amet perferendis quaerat quibusdam blanditiis laudantium soluta.',NULL,NULL,0,0,'Minima vero repellendus odio enim quia consequatur sit.','Molestias voluptatem animi temporibus expedita reiciendis enim esse.','2016-07-23 07:01:08','2016-07-23 07:01:08'),(153,'Model','Olson-Marvin','Practical Cotton Gloves','1369','Qui harum unde deleniti non quasi rerum.','Possimus aliquid blanditiis voluptatem voluptatem.',NULL,NULL,3,0,'Voluptas nihil omnis non eum maxime.','Maiores quo qui voluptatem praesentium tempora.','2016-07-23 07:01:08','2016-07-23 07:01:08'),(154,'Model','Walter-Sanford','Practical Concrete Computer','1370','Voluptatem corporis qui et sit ipsum ratione eos quo.','Rerum in quisquam nobis unde blanditiis itaque tempora sed.',NULL,NULL,1,0,'Excepturi necessitatibus eos totam sit.','Atque officiis nisi blanditiis voluptas.','2016-07-23 07:01:08','2016-07-23 07:01:08'),(155,'Model','Beier Inc','Intelligent Concrete Shirt','1371','Voluptatem officiis sint explicabo tempore earum.','Rem deleniti ea animi dolor.',NULL,NULL,2,0,'Corrupti id dolor debitis corporis sit.','Vero enim aliquid sint minus eaque quae id.','2016-07-23 07:01:08','2016-07-23 07:01:08'),(156,'Model','Weber-McLaughlin','Awesome Steel Pants','1372','Iure qui modi eligendi velit et sapiente dolor et.','Consectetur dolor repellendus qui voluptatem in.',NULL,NULL,1,0,'Et nobis nulla blanditiis deserunt odit laboriosam nisi velit.','Labore enim voluptatem aut autem.','2016-07-23 07:01:08','2016-07-23 07:01:08'),(157,'Model','Dicki, Cole and Sipes','Incredible Steel Table','1373','Id ea dolorem incidunt velit.','Et omnis non consequuntur.',NULL,NULL,2,0,'A illo illum enim ex labore aut qui velit.','Enim provident sequi qui rerum illo impedit ipsa.','2016-07-23 07:01:08','2016-07-23 07:01:08'),(158,'Model','Wunsch Group','Practical Granite Shirt','1374','Qui molestiae illo nulla ullam iste.','Eius minus saepe ipsa voluptatibus id facere enim totam.',NULL,NULL,1,0,'Ea maxime animi ex odio.','Ea totam eligendi quia.','2016-07-23 07:01:08','2016-07-23 07:01:08'),(159,'Model','Bogisich-Mohr','Intelligent Plastic Table','1375','Consequatur non ipsum ea doloremque sequi.','Qui dolorum nisi id similique quasi aut sequi voluptatem.',NULL,NULL,2,0,'Quia doloribus alias et eum aliquid dolorem cupiditate.','Aspernatur repudiandae dolor exercitationem beatae.','2016-07-23 07:01:08','2016-07-23 07:01:08'),(160,'Model','Hilpert, Macejkovic and Ortiz','Gorgeous Granite Chair','1376','Perferendis sequi non est velit temporibus rerum ullam.','Ipsa autem dolorem consequuntur similique rerum omnis.',NULL,NULL,0,0,'Quisquam ullam fuga quo quae modi nobis officiis.','Omnis hic repellat ipsam ut expedita.','2016-07-23 07:01:08','2016-07-23 07:01:08'),(161,'Model','Canon','Kamera Canon D5','1377','Ganz teure Kamera','Doloribus praesentium sunt nobis omnis reiciendis alias minus.',NULL,NULL,0,0,'Nam dolor aut modi sint et laboriosam et labore.','Kamera brauch Akkus!','2016-07-23 07:01:08','2016-07-23 07:01:08'),(162,'Model','Apple','iMac','1378','Apples alter iMac','Sint in deleniti eius.',NULL,NULL,0,0,'Sed similique omnis quo.','Ratione totam et blanditiis magni numquam eum rerum deleniti.','2016-07-23 07:01:08','2016-07-23 07:01:08'),(163,'Model','Microsoft','Windows Laptop','1379','Ein Laptop der Marke Microsoft','Saepe aperiam eveniet modi.',NULL,NULL,0,0,'Provident iste eum pariatur eos error molestias ad sit.','Laptop mit Tasche ausgeben','2016-07-23 07:01:08','2016-07-23 07:01:08'),(164,'Model','Walkera','Walkera v120','1G','3D Helikopter','Reprehenderit natus ex aliquid enim ratione.',NULL,NULL,0,0,'Consequatur et magnam fuga beatae et architecto repellendus.','Iste vel facilis non suscipit ut.','2016-07-23 07:01:08','2016-07-23 07:01:08'),(165,'Model','Walkera','Walkera v120','2G','3D Helikopter','Voluptas et ipsum eligendi quos.',NULL,NULL,0,0,'Eveniet ea architecto deleniti fugiat est beatae.','Adipisci voluptatem quia eos voluptatum.','2016-07-23 07:01:08','2016-07-23 07:01:08'),(166,'Model','Walkera','Walkera v120','3G','3D Helikopter','Officiis sed et quasi sint unde aut.',NULL,NULL,0,0,'Asperiores dolore earum eveniet voluptas ut esse saepe eius.','Quas rem voluptatem eos repellendus vero iusto voluptate qui.','2016-07-23 07:01:08','2016-07-23 07:01:08'),(167,'Software','Ernser, Kutch and Gottlieb','Awesome Cotton Computer','1380',NULL,NULL,NULL,NULL,0,0,NULL,NULL,'2016-07-23 07:01:08','2016-07-23 07:01:08'),(168,'Software','Robel, Stehr and Schuppe','Awesome Granite Shoes','1381',NULL,NULL,NULL,NULL,0,0,NULL,NULL,'2016-07-23 07:01:08','2016-07-23 07:01:08'),(169,'Software','Lang, Cremin and Kuhic','Incredible Wooden Computer','1382',NULL,NULL,NULL,NULL,0,0,NULL,NULL,'2016-07-23 07:01:08','2016-07-23 07:01:08'),(170,'Software','Torphy-Hammes','Intelligent Granite Hat','1383',NULL,NULL,NULL,NULL,0,0,NULL,NULL,'2016-07-23 07:01:08','2016-07-23 07:01:08'),(171,'Software','Ryan, Herzog and Schuster','Practical Steel Pants','1384',NULL,NULL,NULL,NULL,0,0,NULL,NULL,'2016-07-23 07:01:08','2016-07-23 07:01:08'),(172,'Software','Hessel LLC','Practical Rubber Shoes','1385',NULL,NULL,NULL,NULL,0,0,NULL,NULL,'2016-07-23 07:01:08','2016-07-23 07:01:08'),(173,'Software','Schoen Group','Gorgeous Granite Table','1386',NULL,NULL,NULL,NULL,0,0,NULL,NULL,'2016-07-23 07:01:08','2016-07-23 07:01:08'),(174,'Software','Bernier Inc','Rustic Cotton Hat','1387',NULL,NULL,NULL,NULL,0,0,NULL,NULL,'2016-07-23 07:01:08','2016-07-23 07:01:08'),(175,'Software','Swift-Kerluke','Gorgeous Rubber Gloves','1388',NULL,NULL,NULL,NULL,0,0,'test http://test.ch\r\nwww.foo.ch\r\njust a text',NULL,'2016-07-23 07:01:08','2016-07-23 07:01:08'),(176,'Software','Herman-Kihn','Practical Plastic Gloves','1389',NULL,NULL,NULL,NULL,0,0,'test http://test.ch\r\nwww.foo.ch\r\njust a text',NULL,'2016-07-23 07:01:08','2016-07-23 07:01:08'),(177,'Software','Monahan, Cremin and Welch','Gorgeous Rubber Hat','1390',NULL,NULL,NULL,NULL,0,0,NULL,NULL,'2016-07-23 07:01:08','2016-07-23 07:01:08'),(178,'Model','Wuckert-Williamson','Awesome Plastic Shoes',NULL,'Quisquam assumenda quod nesciunt.','Enim nulla numquam reiciendis suscipit repudiandae illo consequatur atque.',NULL,NULL,1,0,'Unde natus molestias est perspiciatis aut ipsa sunt asperiores.','Doloribus dolor saepe labore tempore assumenda velit exercitationem.','2016-07-23 07:01:08','2016-07-23 07:01:08'),(179,'Model','Hayes Inc','Gorgeous Plastic Pants','1392','Minus optio illum velit.','Ratione aliquam suscipit debitis veritatis quo eveniet non corrupti.',NULL,NULL,2,0,'Labore laudantium repudiandae nostrum consequatur.','Ut totam modi similique aliquam consectetur.','2016-07-23 07:01:08','2016-07-23 07:01:08'),(180,'Software','Bode, Cummerata and Doyle','Awesome Granite Hat','1394',NULL,NULL,NULL,NULL,0,0,NULL,NULL,'2016-07-23 07:01:08','2016-07-23 07:01:08'),(181,'Model','Schamberger, Kunze and Kozey','Rustic Granite Car','1395','Tempore culpa repellat quidem.','Aut libero et deserunt ducimus.',NULL,NULL,1,0,'Voluptatibus rerum aliquam esse aliquid iste et mollitia.','Quis ut veniam et perspiciatis.','2016-07-18 00:00:00','2016-07-18 00:00:00'),(182,'Model','McKenzie Group','Sleek Granite Table','1396','Dolorem voluptatum tenetur ut veritatis possimus.','Ullam voluptatum eligendi ut voluptatem adipisci et et.',NULL,NULL,2,0,'Voluptatem beatae nulla magnam.','Repudiandae mollitia veritatis hic molestiae.','2016-07-18 00:00:00','2016-07-18 00:00:00'),(183,'Model','Connelly, Gusikowski and Connelly','Ergonomic Granite Shirt','1397','Asperiores vel qui quis itaque fugiat minus autem quas.','Est similique sequi facere consequatur est ut eligendi.',NULL,NULL,0,0,'Corrupti recusandae rem voluptatem.','Autem quaerat ea quia at a maxime earum.','2016-07-18 00:00:00','2016-07-18 00:00:00'),(184,'Model','Moore, Conn and Towne','Sleek Steel Shoes','1398','Accusamus deleniti qui aut enim ut minima accusantium dolores.','Vero nemo amet possimus fuga autem magni.',NULL,NULL,2,0,'Sunt perferendis placeat corrupti maiores qui vitae debitis sed.','Qui sint enim aut eligendi at eius perferendis quis.','2016-07-18 00:00:00','2016-07-18 00:00:00'),(185,'Model','Oberbrunner Inc','Awesome Steel Car','1400','Error ut saepe blanditiis.','Eos aspernatur molestiae necessitatibus deleniti tempore.',NULL,NULL,2,0,'Itaque aut dolores est reiciendis ipsa distinctio.','Officia id sint expedita voluptatem placeat sunt laudantium.','2016-07-23 07:01:08','2016-07-23 07:01:08'),(186,'Model','Langworth Inc','Rustic Plastic Pants','1401','Eos voluptatem voluptates nemo dolore ut placeat corrupti quidem.','Maiores repellendus sit eveniet nihil in enim.',NULL,NULL,3,0,'Consequuntur neque delectus accusamus praesentium.','Nihil magnam debitis quia inventore.','2016-07-23 07:01:08','2016-07-23 07:01:08'),(187,'Model','Maggio Inc','Incredible Rubber Table','1402','Enim ea ut molestias voluptatem aut rem architecto est.','Odio eos aut debitis.',NULL,NULL,1,0,'Assumenda corporis consequatur quis ipsum.','Molestiae mollitia sed voluptatibus.','2016-07-23 07:01:08','2016-07-23 07:01:08'),(188,'Model','Krajcik Group','Small Concrete Hat','1403','Dolorum fugiat rerum quas consequatur odio.','Aut perferendis corrupti est et.',NULL,NULL,2,0,'Iste nesciunt laboriosam quo.','Enim necessitatibus rerum ea ipsam aut.','2016-07-23 07:01:08','2016-07-23 07:01:08'),(189,'Model','King, Kozey and Morar','Intelligent Steel Shirt','1404','Sunt quibusdam itaque quo placeat.','Qui rerum laboriosam delectus.',NULL,NULL,2,0,'Dolorem beatae adipisci aliquam non natus ipsum.','Ea suscipit iure nobis quisquam quibusdam.','2016-07-23 07:01:08','2016-07-23 07:01:08'),(190,'Model','Beatty-MacGyver','Incredible Steel Car','1405','Cumque quis ut laborum amet ratione enim.','Illum quam accusantium quo magnam in saepe.',NULL,NULL,3,0,'Praesentium dolorem recusandae tempora necessitatibus quod qui fugit.','Optio eos minima fugit magnam eum voluptates libero.','2016-07-23 07:01:08','2016-07-23 07:01:08'),(191,'Model','Sipes, Mraz and Schuppe','Sleek Concrete Hat','1406','Culpa nihil in veniam possimus est.','Voluptatem eum et laudantium omnis.',NULL,NULL,1,0,'Nemo voluptas aut laboriosam natus.','A dolores et est debitis hic.','2016-07-23 07:01:08','2016-07-23 07:01:08'),(192,'Model','DuBuque LLC','Fantastic Steel Shoes','1407','Deleniti eos consequatur quas dolorem est eum facilis consequatur.','Ullam in est laboriosam esse nisi quia dolorem et.',NULL,NULL,0,0,'Eum ipsum dolorem eos unde.','A maxime quidem accusantium reprehenderit.','2016-07-23 07:01:08','2016-07-23 07:01:08'),(193,'Model','Hagenes, Funk and Koss','Awesome Plastic Table','1408','Qui mollitia ratione debitis cumque reprehenderit.','Eaque distinctio ut dolores officiis sint.',NULL,NULL,3,0,'Delectus eius pariatur aut inventore exercitationem voluptatibus autem.','Quia qui id quo saepe minus.','2016-07-23 07:01:08','2016-07-23 07:01:08'),(194,'Model','Doyle, Hessel and Kuhlman','Gorgeous Concrete Computer','1409','Quo soluta architecto est sit culpa necessitatibus harum facilis.','Corrupti veniam sint laboriosam.',NULL,NULL,1,0,'Enim accusamus sed id cum tempore et sit.','Voluptates et architecto dolorum ab voluptas aut.','2016-07-23 07:01:08','2016-07-23 07:01:08'),(195,'Model','Koch, Friesen and Metz','Rustic Wooden Table','1410','Dolor libero aspernatur sit optio quidem et ratione.','Laborum a impedit ipsam qui iste doloribus maxime consectetur.',NULL,NULL,3,0,'Magni inventore autem ducimus corporis odio optio mollitia.','Excepturi ullam deleniti explicabo porro.','2016-07-23 07:01:08','2016-07-23 07:01:08'),(196,'Model','Nikolaus-Jerde','Rustic Granite Shoes','1411','Officia similique et magni et error dolorum.','Quam omnis atque consequatur assumenda nemo cupiditate.',NULL,NULL,1,0,'Autem quisquam distinctio necessitatibus ipsa asperiores aut perspiciatis eos.','Nesciunt cumque quibusdam odio.','2016-07-23 07:01:08','2016-07-23 07:01:08'),(197,'Model','McDermott, Kertzmann and Pfannerstill','Gorgeous Concrete Car','1412','Voluptatem ad dolorem cum eos molestias hic perspiciatis.','Non enim doloremque esse sed quasi cum aut.',NULL,NULL,0,0,'Quos alias eos sit.','Sit alias sunt laboriosam.','2016-07-23 07:01:08','2016-07-23 07:01:08'),(198,'Model','Conn, Keebler and Mayer','Practical Cotton Shirt','1413','Error ea necessitatibus odio ratione impedit.','Sed saepe non quidem quasi nesciunt.',NULL,NULL,0,0,'Sit nesciunt incidunt quaerat sapiente dolor.','Et quae accusamus beatae.','2016-07-23 07:01:08','2016-07-23 07:01:08'),(199,'Model','Flatley, Wilkinson and Oberbrunner','Incredible Concrete Computer','1414','Perferendis dolorem aspernatur architecto veritatis nemo.','Natus dolorem consectetur aut expedita.',NULL,NULL,2,0,'Asperiores dolores non et placeat molestiae non rerum voluptas.','Sit et sed quia.','2016-07-23 07:01:08','2016-07-23 07:01:08'),(200,'Model','Reynolds LLC','Practical Wooden Car','1415','Perspiciatis eos quis iste aliquam nisi ea eligendi commodi.','Eum atque iure molestiae voluptate.',NULL,NULL,3,0,'Quo quis voluptate ipsum asperiores voluptatem.','Necessitatibus repellat eum qui inventore cumque unde harum.','2016-07-23 07:01:08','2016-07-23 07:01:08'),(201,'Model','Kutch and Sons','Small Plastic Chair','1416','Dolor excepturi sint reiciendis accusamus placeat laudantium.','Ad earum soluta corporis laboriosam quis sed.',NULL,NULL,2,0,'Tempore maiores quas rerum quod.','Molestiae facere repellat ex corporis omnis.','2016-07-23 07:01:08','2016-07-23 07:01:08'),(202,'Model','Paucek-Lubowitz','Small Steel Gloves','1417','Eos culpa deserunt ipsum nobis.','Et similique voluptatem alias neque sed.',NULL,NULL,3,0,'Quia eligendi voluptas hic ea.','Ab sed maxime nihil voluptatibus.','2016-07-23 07:01:08','2016-07-23 07:01:08'),(203,'Model','Muller-Schiller','Practical Wooden Table','1418','Dolorem aspernatur a ut culpa consequatur quis incidunt.','Dolorum repudiandae libero in maiores.',NULL,NULL,0,0,'Sed rerum ut maxime.','Voluptas incidunt voluptate similique aut rerum.','2016-07-23 07:01:08','2016-07-23 07:01:08'),(204,'Model','Pfeffer and Sons','Fantastic Rubber Hat','1419','Quia numquam enim facere.','Vel aliquid officiis nostrum culpa.',NULL,NULL,2,0,'Aut minima adipisci eligendi quasi.','Asperiores nulla cupiditate vitae quo quam quas.','2016-07-23 07:01:08','2016-07-23 07:01:08'),(205,'Model','McKenzie, Wolf and Mitchell','Intelligent Steel Chair','1420','Voluptas voluptatem autem et ut magnam temporibus velit.','Repudiandae et enim quae qui qui.',NULL,NULL,3,0,'Aut exercitationem magni similique dolorem iusto voluptate.','Excepturi quo qui consequatur facere repudiandae.','2016-07-23 07:01:08','2016-07-23 07:01:08'),(206,'Model','Grimes, Wilkinson and Ernser','Sleek Steel Pants','1421','Mollitia qui qui ut et et.','Rerum ea ab id.',NULL,NULL,0,0,'Est aut at eos cum.','Quam reprehenderit sit voluptatum ipsam aut et a nesciunt.','2016-07-23 07:01:08','2016-07-23 07:01:08'),(207,'Model','Berge and Sons','Small Concrete Gloves','1422','Amet ipsam vel molestiae et corrupti dignissimos.','Distinctio quam aperiam ea nobis vel repudiandae sint.',NULL,NULL,2,0,'Magni et dolorem est nihil qui nam dolorem tempore.','Nemo omnis optio animi velit numquam doloribus voluptas.','2016-07-23 07:01:08','2016-07-23 07:01:08'),(208,'Model','Miller LLC','Gorgeous Wooden Shirt','1423','Aliquid maiores minima cum voluptates voluptatem sapiente voluptatum pariatur.','Rerum asperiores ut dolores animi laborum aut consequatur.',NULL,NULL,3,0,'Officiis nemo repudiandae atque sed quia.','Aperiam id ut explicabo nobis alias odio molestias et.','2016-07-23 07:01:08','2016-07-23 07:01:08'),(209,'Model','Friesen, Gerhold and Smith','Small Granite Shoes','1424','Eaque eum odit omnis.','Et illum possimus ut aperiam ut perspiciatis.',NULL,NULL,3,0,'Officia consequatur aut et.','Aut dicta esse et.','2016-07-23 07:01:08','2016-07-23 07:01:08'),(210,'Model','Abshire, Stracke and Braun','Small Cotton Computer','1425','Repudiandae praesentium nihil labore.','Aut inventore assumenda ea eos eos recusandae nam.',NULL,NULL,0,0,'Sed eum id velit ratione facilis quo vitae et.','Et quo exercitationem dolorem rerum deserunt officiis.','2016-07-23 07:01:08','2016-07-23 07:01:08'),(211,'Model','Hane-Bashirian','Practical Cotton Table','1426','Illum autem dolorum rerum aut voluptate qui molestiae aut.','Voluptas pariatur est necessitatibus sed consequatur.',NULL,NULL,3,0,'Est ea assumenda fugit similique quasi voluptas.','Delectus neque deleniti nesciunt quo.','2016-07-23 07:01:08','2016-07-23 07:01:08'),(212,'Model','Hyatt, Little and Mante','Small Granite Car','1427','Quod qui voluptatem nihil quaerat.','Assumenda repellat et ut sint quasi.',NULL,NULL,1,0,'Voluptatem temporibus consequatur quis dolorem modi commodi.','Iusto hic doloribus nesciunt recusandae consequatur architecto.','2016-07-23 07:01:08','2016-07-23 07:01:08'),(213,'Model','Hintz-Bogisich','Intelligent Cotton Computer','1428','Fugiat ullam atque corporis facere at.','Eveniet distinctio quidem nesciunt deserunt vitae.',NULL,NULL,1,0,'Voluptatem non culpa enim porro suscipit.','Doloribus blanditiis autem non inventore odit.','2016-07-23 07:01:08','2016-07-23 07:01:08'),(214,'Model','Prosacco, Haag and Collins','Rustic Rubber Hat','1429','Repudiandae ab et quia.','Quis cum et esse rerum sunt.',NULL,NULL,2,0,'Sit illo deserunt laborum aperiam totam.','Eum nostrum est veniam et et.','2016-07-23 07:01:08','2016-07-23 07:01:08'),(215,'Model','Feeney LLC','Practical Plastic Car','1430','Dolore asperiores nihil saepe ea quia.','Qui aut rerum sunt.',NULL,NULL,1,0,'Modi voluptatibus exercitationem reiciendis quibusdam rem.','Doloremque nihil ipsum sint omnis.','2016-07-23 07:01:08','2016-07-23 07:01:08'),(216,'Model','O\'Hara-Padberg','Rustic Wooden Shirt','1431','Praesentium minus et ut.','Sequi recusandae et nihil totam repudiandae sit voluptatem quo.',NULL,NULL,1,0,'Recusandae exercitationem voluptatem quos dolores laborum aut ea ut.','Exercitationem veniam dolorem fuga dolores quia et esse eius.','2016-07-23 07:01:08','2016-07-23 07:01:08'),(217,'Model','DuBuque and Sons','Ergonomic Wooden Car','1432','In minus debitis accusamus et ad quae.','Dolore assumenda ut cupiditate aperiam similique.',NULL,NULL,2,0,'Laboriosam eius dolore perspiciatis necessitatibus placeat velit facilis.','Quia molestiae quam voluptatem non sed sit.','2016-07-23 07:01:08','2016-07-23 07:01:08'),(218,'Model','Larkin LLC','Fantastic Concrete Pants','1433','Qui in non architecto sed ex itaque dolorem.','Dolore eveniet hic dolorem odio saepe non corrupti.',NULL,NULL,1,0,'Nisi tempora ea et iusto eveniet cupiditate dolor.','Ullam similique asperiores autem in architecto voluptas.','2016-07-23 07:01:08','2016-07-23 07:01:08'),(219,'Model','DuBuque, Funk and Jerde','Practical Plastic Pants','1434','Qui voluptate dolorum maxime nihil.','Eos temporibus aut ipsa repellat voluptas reprehenderit.',NULL,NULL,2,0,'Architecto aut voluptatibus et quam at.','Sed quia quod mollitia eveniet.','2016-07-23 07:01:08','2016-07-23 07:01:08'),(220,'Model','Hills Group','Sleek Concrete Car','1435','Ea voluptatem sunt dolor esse debitis praesentium culpa.','Exercitationem quod molestias possimus sunt aut veniam porro in.',NULL,NULL,2,0,'Et sapiente id voluptas.','Reiciendis necessitatibus quisquam sunt provident porro iusto.','2016-07-23 07:01:08','2016-07-23 07:01:08'),(221,'Model','Goldner, Fadel and Padberg','Rustic Plastic Chair','1436','Ea quia quisquam velit nisi.','Ipsam quae quis rem aut ullam dolor quaerat.',NULL,NULL,1,0,'Vero quia est corporis quasi necessitatibus quaerat consectetur.','Sed perferendis ipsa laudantium magni fugiat qui.','2016-07-23 07:01:08','2016-07-23 07:01:08'),(222,'Model','Lakin, Friesen and Beatty','Ergonomic Rubber Shoes','1437','Nemo qui ea aliquam et dolorum earum.','Est dignissimos minus commodi veniam animi.',NULL,NULL,1,0,'Error amet impedit perferendis.','Blanditiis explicabo perspiciatis animi.','2016-07-23 07:01:08','2016-07-23 07:01:08'),(223,'Model','Weimann Inc','Gorgeous Concrete Hat','1438','Eos et ducimus ipsum molestiae veritatis ratione.','Voluptatibus velit eos praesentium.',NULL,NULL,2,0,'Culpa vitae et quasi quae.','Tenetur dolorum inventore quasi.','2016-07-23 07:01:08','2016-07-23 07:01:08'),(224,'Model','Towne, Haley and Rodriguez','Gorgeous Steel Table','1439','Quos culpa eius facilis sit ea.','Eos est eveniet aperiam.',NULL,NULL,1,0,'Est occaecati minima et dolorum odio natus et.','Tempore repellat exercitationem rerum sed excepturi iure placeat.','2016-07-23 07:01:08','2016-07-23 07:01:08'),(225,'Software','Pollich, Becker and Kshlerin','Small Granite Gloves','1440',NULL,NULL,NULL,NULL,0,0,NULL,NULL,'2016-07-23 07:01:08','2016-07-23 07:01:08'),(226,'Model','Senger, Nader and Cassin','Awesome Cotton Gloves','1441','Cum deserunt et commodi odio reprehenderit laboriosam rerum.','Aut exercitationem quia et.',NULL,NULL,1,0,'Numquam quidem et maiores voluptatem harum minus quaerat.','Necessitatibus soluta quam quidem rerum qui.','2016-07-19 20:15:56','2016-07-19 20:15:56'),(227,'Model','Gusikowski and Sons','Incredible Rubber Computer','1442','Esse dolorum et corporis impedit.','Omnis ullam et asperiores voluptas magnam qui ex vel.',NULL,NULL,1,0,'Molestias nostrum porro ratione vitae.','Rerum non et debitis neque reiciendis.','2016-07-19 20:15:56','2016-07-19 20:15:56'),(228,'Model','McCullough-Koss','Fantastic Cotton Pants','1443','Consequatur ullam tempora et et quod.','Dolorem delectus cum numquam aut expedita.',NULL,NULL,3,0,'Nulla facilis corrupti repellat non.','Et sed voluptatum quo accusantium qui provident laudantium cum.','2016-07-19 20:15:56','2016-07-19 20:15:56'),(229,'Model','Jaskolski Inc','Awesome Granite Computer','1444','Deserunt ipsum qui iste enim aut repellendus vel qui.','Voluptatem voluptate qui sunt nam ut.',NULL,NULL,1,0,'Aperiam odit est sit at.','Minima totam aut veniam adipisci.','2016-07-19 20:15:56','2016-07-19 20:15:56'),(230,'Model','Schaden-Beatty','Practical Rubber Gloves','1445','Nobis ex deleniti laborum.','Vel accusantium et distinctio qui neque ut.',NULL,NULL,3,0,'Porro a nobis libero quo.','Porro aut veniam dolores et mollitia.','2016-07-19 20:15:56','2016-07-19 20:15:56'),(231,'Model','Waters, Hoeger and Sporer','Small Steel Computer','1446','Quam iste voluptatibus error eos.','Qui fugit placeat sit id ut velit omnis.',NULL,NULL,0,0,'Enim facere tempore qui nesciunt deleniti.','Accusamus minima voluptas consequatur voluptates.','2016-07-19 20:15:56','2016-07-19 20:15:56'),(232,'Model','Koelpin, Medhurst and Ankunding','Ergonomic Steel Pants','1447','Autem tempore voluptate autem animi iure.','Recusandae quis et saepe ad sit.',NULL,NULL,3,0,'Aliquam sit totam magnam.','Et consequuntur accusamus corporis voluptatum.','2016-07-19 20:15:56','2016-07-19 20:15:56'),(233,'Model','Wilderman Inc','Incredible Steel Chair','1448','Earum sed exercitationem aliquam.','Aut velit rerum vitae debitis.',NULL,NULL,3,0,'Quo sed dolorum ullam et.','Aut voluptatibus consectetur ut consequatur provident blanditiis.','2016-07-19 20:15:56','2016-07-19 20:15:56'),(234,'Model','Crona LLC','Gorgeous Concrete Chair','1449','Reiciendis delectus et et.','Ut quas architecto aut.',NULL,NULL,1,0,'Corrupti ipsum beatae laboriosam nobis sint autem quasi qui.','Unde nobis ut minima perspiciatis aut aut aut.','2016-07-19 20:15:56','2016-07-19 20:15:56'),(235,'Model','MacGyver LLC','Practical Granite Car','1450','Fugiat cupiditate alias aut quo est.','Accusantium voluptate dolorem quia.',NULL,NULL,1,0,'Corporis illo reprehenderit recusandae minus eum nam ab ut.','Et qui consequatur quos.','2016-07-19 20:15:56','2016-07-19 20:15:56'),(236,'Model','Considine, Upton and Haag','Sleek Steel Car','1451','Ducimus quia repudiandae dolorum eum praesentium.','Beatae cupiditate iusto quaerat aliquam earum necessitatibus odit animi.',NULL,NULL,2,0,'A nemo qui blanditiis in.','Aliquam nihil tempora temporibus dolorum et.','2016-07-19 20:15:56','2016-07-19 20:15:56'),(237,'Model','Schinner Inc','Rustic Concrete Table','1452','Et at quibusdam aut rerum assumenda facere.','Velit nesciunt aspernatur magnam blanditiis.',NULL,NULL,2,0,'Qui voluptatem sit magni asperiores molestias.','Totam nihil maiores delectus a nulla ullam.','2016-07-19 20:15:56','2016-07-19 20:15:56'),(238,'Model','Welch, Hane and Wolff','Awesome Granite Table','1453','Aut et nam eveniet quis quis eos praesentium omnis.','In natus aut vero quidem qui possimus.',NULL,NULL,3,0,'Sunt qui ipsam aut et laudantium.','Sint repellat sunt atque labore dolores ipsa voluptas.','2016-07-19 20:15:56','2016-07-19 20:15:56'),(239,'Model','Lubowitz-Huel','Fantastic Wooden Computer','1454','A excepturi nulla illum eos modi.','Qui dolore rerum consequatur qui.',NULL,NULL,1,0,'Consequatur sit unde aut id ab sed qui quisquam.','Et enim officiis est dolorem aut quisquam.','2016-07-19 20:15:56','2016-07-19 20:15:56'),(240,'Model','Fadel, Cremin and Carroll','Incredible Concrete Shirt','1455','Aut ipsam aut necessitatibus veritatis inventore.','Rerum qui dolores nesciunt vitae qui qui totam.',NULL,NULL,0,0,'Voluptatem a et dolorem dolorum.','Labore sed in vel.','2016-07-19 20:15:56','2016-07-19 20:15:56'),(241,'Model','Larson, Glover and Volkman','Ergonomic Concrete Gloves','1456','Deserunt quis minima corrupti.','Blanditiis nemo eos delectus.',NULL,NULL,0,0,'Quis eos quis ab in veritatis.','Quae corrupti similique voluptatum rerum eum cupiditate eum corporis.','2016-07-19 20:15:56','2016-07-19 20:15:56'),(242,'Model','Heaney, Walsh and Ebert','Sleek Concrete Table','1457','Error esse voluptates nihil voluptatem in.','Nam magni consequatur incidunt voluptas beatae.',NULL,NULL,3,0,'Dolores quidem ipsum ea sapiente qui debitis eum velit.','Et enim voluptas occaecati impedit et.','2016-07-19 20:15:56','2016-07-19 20:15:56'),(243,'Model','Sawayn Group','Small Rubber Hat','1458','Non consectetur aut rerum corrupti veritatis neque.','Ab provident consectetur et consequatur temporibus esse.',NULL,NULL,3,0,'Consequatur omnis molestias neque accusamus consectetur modi tempore eum.','Et et nisi aut voluptate.','2016-07-19 20:15:56','2016-07-19 20:15:56'),(244,'Model','Hoppe-Boyer','Sleek Wooden Table','1459','Omnis id explicabo in qui repellendus quae voluptatem perferendis.','Eveniet temporibus quasi rem debitis quos tempore veniam quia.',NULL,NULL,1,0,'Aliquam error ut aspernatur.','Suscipit cumque consequatur dignissimos dolorum.','2016-07-19 20:15:56','2016-07-19 20:15:56'),(245,'Model','Prohaska, Wilderman and Hickle','Rustic Plastic Shoes','1460','Rerum ullam et omnis delectus tempora iste nulla.','Corrupti aut nemo quia aut.',NULL,NULL,3,0,'Animi ipsam sunt eaque quam est illum optio suscipit.','Repellendus aliquam necessitatibus provident voluptatem quia.','2016-07-19 20:15:56','2016-07-19 20:15:56'),(246,'Model','Hintz-Hahn','Ergonomic Steel Shoes','1461','Dolores recusandae minus aut tempore qui adipisci consequatur.','Nemo perspiciatis id non qui.',NULL,NULL,2,0,'Temporibus dolorem laborum illum adipisci optio repellendus.','Voluptatum reprehenderit sed aut veniam.','2016-07-19 20:15:56','2016-07-19 20:15:56'),(247,'Model','Heller Inc','Rustic Steel Hat','1462','Pariatur saepe ullam officiis.','Eius qui occaecati maxime ipsam fugiat est et aut.',NULL,NULL,3,0,'Sit vel et ipsum id nisi explicabo.','Est vel id et mollitia ipsa.','2016-07-19 20:15:56','2016-07-19 20:15:56'),(248,'Model','Considine-Gerhold','Fantastic Plastic Chair','1463','Dolore nostrum dolorem at quae sint.','Earum inventore unde aut eveniet illum id pariatur.',NULL,NULL,1,0,'Est voluptas consectetur veniam quisquam.','Odit iure reprehenderit dicta soluta.','2016-07-19 20:15:56','2016-07-19 20:15:56'),(249,'Model','Bruen-Huels','Incredible Rubber Hat','1464','Error doloremque unde exercitationem quis necessitatibus alias reiciendis molestiae.','Aut molestiae sit similique omnis dolor.',NULL,NULL,2,0,'Ducimus inventore qui consequuntur asperiores est ea sequi eligendi.','Sit sunt et saepe occaecati veniam dolorem qui ea.','2016-07-19 13:20:49','2016-07-19 13:20:49'),(250,'Model','Cartwright-Hartmann','Awesome Wooden Gloves','1465','Modi nostrum non dolor.','Qui reiciendis perferendis exercitationem qui fugit.',NULL,NULL,3,0,'Aspernatur eos ratione velit est a ullam.','Rerum harum nostrum aliquid et voluptatum voluptas.','2016-07-19 13:20:49','2016-07-19 13:20:49'),(251,'Model','Kunze-Metz','Gorgeous Cotton Shirt','1466','Qui unde et magnam dolores occaecati et recusandae.','Veniam quo alias tempore ab ipsa veritatis.',NULL,NULL,0,0,'Cumque repudiandae et error aut officia rerum.','Et illum voluptatum sapiente non.','2016-07-19 13:20:49','2016-07-19 13:20:49'),(252,'Model','Toy, Bruen and Howe','Incredible Steel Hat','1467','Accusantium aut nobis facere.','Et suscipit in eveniet possimus dolores distinctio.',NULL,NULL,0,0,'Vero ea ut praesentium.','Magni eaque non sed similique quia vel.','2016-07-19 13:20:49','2016-07-19 13:20:49'),(253,'Model','Swaniawski-Cassin','Rustic Plastic Computer','1468','Cupiditate eum voluptatum et facilis.','Tenetur voluptas odio magni rerum error quia.',NULL,NULL,2,0,'Dolor dolorem quos ratione minus veniam quo.','Porro nesciunt possimus magnam odit.','2016-07-17 16:54:42','2016-07-17 16:54:42'),(254,'Model','Gleason, Langworth and Rodriguez','Sleek Wooden Computer','1469','Quasi eos sequi corrupti id.','Ducimus necessitatibus rerum voluptates repudiandae officia accusamus ipsum qui.',NULL,NULL,0,0,'Ducimus mollitia sed id blanditiis dolore nulla rem dolorem.','Placeat deleniti consequatur ut id odio sed.','2016-07-17 16:54:42','2016-07-17 16:54:42'),(255,'Model','Stanton-Zieme','Gorgeous Steel Pants','1470','Excepturi quia est suscipit omnis voluptates et aut et.','Nesciunt earum laborum repellat error consequatur.',NULL,NULL,2,0,'Quae totam necessitatibus quisquam accusantium soluta sequi quas.','Delectus tempore laborum rerum incidunt libero.','2016-07-17 16:54:42','2016-07-17 16:54:42'),(256,'Model','Schneider, Stokes and Crona','Fantastic Concrete Gloves','1471','Occaecati corrupti consequatur aut facere et qui.','Est natus molestias possimus amet qui omnis commodi consequatur.',NULL,NULL,3,0,'Nesciunt illo sunt accusantium maiores natus.','Recusandae omnis est reprehenderit dolore eos.','2016-07-17 16:54:42','2016-07-17 16:54:42'),(257,'Model','Tremblay-Kutch','Rustic Concrete Pants','1472','Aut molestiae voluptatem ab.','Quidem aut nemo quis.',NULL,NULL,3,0,'Voluptas ab blanditiis rerum maiores.','At illum non officia provident.','2016-07-17 16:54:42','2016-07-17 16:54:42'),(258,'Model','Doyle-Block','Rustic Cotton Table','1473','Inventore consectetur dolore iste.','Expedita sit suscipit necessitatibus sapiente et voluptatem sequi.',NULL,NULL,1,0,'Sit culpa non aspernatur.','Commodi deleniti illum nesciunt voluptas culpa autem ut eius.','2016-07-17 16:54:42','2016-07-17 16:54:42'),(259,'Model','Gaylord, Stark and Braun','Gorgeous Granite Shoes','1474','Quibusdam dolores consequatur eligendi est amet itaque perspiciatis.','Delectus aut iure voluptas quaerat.',NULL,NULL,0,0,'Doloribus veniam rerum et culpa officia.','Voluptatum aut est aliquid id molestiae sit.','2016-07-17 16:54:42','2016-07-17 16:54:42'),(260,'Model','Smith Group','Intelligent Cotton Shoes','1475','Sed exercitationem aut ex accusantium.','Nostrum harum repellendus sunt unde laboriosam et rerum.',NULL,NULL,1,0,'Modi soluta laboriosam hic autem.','Ducimus aut quaerat nihil.','2016-07-17 16:54:42','2016-07-17 16:54:42'),(261,'Model','Mante-Feeney','Practical Wooden Hat','1476','Voluptatibus dolores magni id perferendis ea laudantium aut.','Esse ut voluptatem dolore officiis sint et.',NULL,NULL,0,0,'Dolores quibusdam id qui.','Veniam iusto placeat beatae et delectus.','2016-07-17 16:54:42','2016-07-17 16:54:42'),(262,'Model','Hartmann-Prosacco','Ergonomic Rubber Gloves','1477','Laborum quidem tempora mollitia sit magni debitis nobis laboriosam.','Quae aliquam doloremque natus necessitatibus vel.',NULL,NULL,3,0,'Ex consectetur quibusdam voluptatem recusandae ut.','Quia aut quas perferendis velit sed.','2016-07-23 07:01:08','2016-07-23 07:01:08'),(263,'Model','Kemmer-Christiansen','Fantastic Wooden Table','1478','Consequatur aliquid autem quos et.','Praesentium qui occaecati voluptatem quos quis ducimus consequatur dolor.',NULL,NULL,2,0,'Aperiam qui accusamus animi laudantium explicabo.','Et quo saepe ex fugiat dolores dignissimos vel.','2016-07-23 07:01:08','2016-07-23 07:01:08'),(264,'Model','Herman-Kuhic','Incredible Cotton Pants','1479','Delectus quia omnis consequatur et vel maxime sit sed.','Et dolorem est consequatur rerum consectetur et.',NULL,NULL,3,0,'Atque voluptatem cumque excepturi debitis doloribus.','Quibusdam odit dolorum doloremque eaque animi nostrum et.','2016-07-23 07:01:08','2016-07-23 07:01:08'),(265,'Model','Schmitt, Rodriguez and Powlowski','Fantastic Steel Hat','1480','Sapiente vero voluptatem nihil officiis accusantium.','Incidunt delectus praesentium doloremque aliquid.',NULL,NULL,0,0,'Facere omnis molestiae quas perspiciatis.','Aliquid neque ad qui reiciendis esse id voluptas perspiciatis.','2016-07-23 07:01:08','2016-07-23 07:01:08'),(266,'Model','Kozey, Beier and Stoltenberg','Rustic Wooden Hat','1481','Reprehenderit aut labore atque molestias aspernatur quaerat tenetur.','Amet at expedita possimus in quasi consequatur.',NULL,NULL,0,0,'Non perferendis amet id quia nisi unde.','Facilis quia laborum consequatur assumenda sint ut.','2016-07-23 07:01:08','2016-07-23 07:01:08'),(267,'Model','Anderson-Dickens','Gorgeous Granite Computer','1482','Aspernatur non deserunt omnis tempora.','Qui voluptatem saepe excepturi voluptate velit nulla.',NULL,NULL,0,0,'Ut dolorem omnis corrupti quod inventore fugiat.','Aut fuga perferendis maxime.','2016-07-23 07:01:08','2016-07-23 07:01:08'),(268,'Model','Franecki-Reilly','Practical Cotton Pants','1483','Blanditiis omnis consequuntur sequi accusantium.','Et est quibusdam cumque ratione voluptas impedit et in.',NULL,NULL,1,0,'Aspernatur reiciendis sequi totam aliquid quibusdam.','Facilis enim velit exercitationem.','2016-07-23 07:01:08','2016-07-23 07:01:08'),(269,'Model','Trantow, Reichel and Bartell','Gorgeous Steel Gloves','1484','Dignissimos et sed veritatis dolore quia.','Quos aut facere aliquam magni inventore sit commodi.',NULL,NULL,1,0,'Voluptatibus et dolorem sunt dolorum mollitia consequuntur.','Fugiat velit cupiditate minus provident doloribus et non.','2016-07-23 07:01:08','2016-07-23 07:01:08'),(270,'Model','Johnson, Wuckert and Reichert','Gorgeous Wooden Chair','1485','Quod perspiciatis non numquam.','Dolor veniam maxime voluptatem deleniti qui ratione consectetur.',NULL,NULL,2,0,'Ut numquam reiciendis consequatur omnis.','Veritatis eveniet officiis repellat velit.','2016-07-23 07:01:08','2016-07-23 07:01:08'),(271,'Model','Bednar LLC','Gorgeous Granite Car','1486','Nihil totam est earum sed non eligendi in.','Sed minima eum quis excepturi maiores.',NULL,NULL,0,0,'Aut minus quia quos.','Tempore incidunt perferendis quis culpa voluptates est.','2016-07-23 07:01:08','2016-07-23 07:01:08'),(272,'Model','Windler-Gorczany','Ergonomic Granite Car','1487','Tenetur qui dolor officiis molestiae.','Minima deserunt tenetur aut tempora.',NULL,NULL,2,0,'Accusamus enim quae dolor nisi id.','Illo qui quod dolores nihil sit vel itaque.','2016-07-23 07:01:08','2016-07-23 07:01:08'),(273,'Model','Roob-Moore','Incredible Granite Pants','1488','Et aut illum et modi enim voluptatem voluptatem.','Repellendus aut sed ullam autem eos sed.',NULL,NULL,1,0,'Harum esse quia aut rerum fugiat.','Repudiandae est soluta qui omnis sint nisi qui.','2016-07-23 07:01:08','2016-07-23 07:01:08'),(274,'Model','Batz Group','Rustic Plastic Table','1489','Facilis velit debitis eum.','Numquam magnam dolorem ullam aut in.',NULL,NULL,3,0,'Velit nobis necessitatibus officia enim doloremque et.','Dignissimos voluptatem est quaerat corrupti rerum.','2016-07-23 07:01:08','2016-07-23 07:01:08'),(275,'Model','Purdy-Braun','Ergonomic Rubber Car','1490','Minima sapiente necessitatibus ratione dolor ab eligendi reprehenderit ad.','Cum quaerat aliquam laborum dolorem ut illum omnis.',NULL,NULL,2,0,'Rerum assumenda repellat asperiores vel vel nam.','Sed impedit voluptas et tempora ut.','2016-07-23 07:01:08','2016-07-23 07:01:08'),(276,'Model','Gibson, Schamberger and Stanton','Gorgeous Wooden Shoes','1491','Exercitationem dolores quia delectus asperiores vero voluptates nesciunt.','Ratione qui voluptas unde non consectetur.',NULL,NULL,1,0,'Alias velit voluptas eius.','Nihil aut rerum incidunt fugiat optio.','2016-07-23 07:01:08','2016-07-23 07:01:08'),(277,'Model','Monahan, Keebler and Nicolas','Incredible Concrete Shoes','1492','Repellendus sunt enim corporis sit magni laudantium.','Voluptatem facilis tenetur voluptas officia.',NULL,NULL,2,0,'Dolore expedita excepturi aut.','Consequatur qui laudantium quia eos omnis sed unde numquam.','2016-07-23 07:01:08','2016-07-23 07:01:08'),(278,'Model','Goyette, Franecki and Prosacco','Small Plastic Hat','1493','Dolore non reiciendis cumque corrupti commodi illum.','Cumque eos sit non sint eum magnam quidem eum.',NULL,NULL,2,0,'Temporibus cupiditate sit non quia.','In ut id repellat.','2016-07-23 07:01:08','2016-07-23 07:01:08'),(279,'Model','Williamson, Stiedemann and Marquardt','Awesome Rubber Gloves','1494','Repellendus sit et ut eum dignissimos sed.','Rerum architecto ipsam minus eveniet ut excepturi illum quidem.',NULL,NULL,1,0,'Sed quidem modi rerum.','Molestias qui nesciunt est doloribus quos non.','2016-07-23 07:01:08','2016-07-23 07:01:08'),(280,'Model','Beer-Schumm','Ergonomic Rubber Computer','1495','Voluptatem soluta corrupti ex eum beatae.','Reprehenderit error distinctio sunt velit voluptatem iure.',NULL,NULL,1,0,'Eveniet repellendus dolorum dolor quia necessitatibus amet.','Ut pariatur iure mollitia laboriosam.','2016-07-23 07:01:08','2016-07-23 07:01:08'),(281,'Model','Hilpert Group','Incredible Cotton Hat','1496','Excepturi in ut quo laborum omnis rerum mollitia maxime.','Expedita est minima et repellendus.',NULL,NULL,1,0,'Eveniet voluptatem tempore incidunt eaque fuga.','Ipsum est ratione quia qui eaque.','2016-07-23 07:01:08','2016-07-23 07:01:08'),(282,'Model','Kris and Sons','Intelligent Concrete Computer','1497','Et est sit libero et nobis dolor possimus.','Eius earum ea enim saepe fuga totam.',NULL,NULL,1,0,'Consequatur omnis accusantium suscipit quidem qui.','Similique cumque nam eos veniam id.','2016-07-23 07:01:08','2016-07-23 07:01:08'),(283,'Model','Roob Inc','Small Rubber Gloves','1498','Voluptatum labore amet quia autem dolorem.','Occaecati omnis quia corporis tempora repellat aut rerum quia.',NULL,NULL,0,0,'Delectus natus ullam laboriosam impedit reprehenderit.','Quam in et perferendis.','2016-07-23 07:01:08','2016-07-23 07:01:08'),(284,'Model','Hyatt, Kuhn and Abbott','Rustic Wooden Chair','1499','Harum molestias recusandae est qui.','Quae inventore non praesentium est distinctio numquam.',NULL,NULL,1,0,'Vel et quasi occaecati.','Vero architecto neque quia est sequi totam occaecati nobis.','2016-07-23 07:01:08','2016-07-23 07:01:08'),(285,'Model','Cassin, Kemmer and Lindgren','Sleek Cotton Gloves','1500','In ut quidem recusandae consequatur placeat quia ratione consequatur.','Voluptatum at soluta porro a iusto dolorum repellendus assumenda.',NULL,NULL,0,0,'Eum harum adipisci dolorum deleniti.','Consequatur est aliquid libero nisi ullam consequatur cum.','2016-07-23 07:01:08','2016-07-23 07:01:08'),(286,'Model','Rowe-Stehr','Gorgeous Concrete Shirt','1501','Eum placeat eveniet soluta consequatur ex iusto.','Corporis quos sequi ullam commodi dolores debitis.',NULL,NULL,3,0,'Tempora omnis maiores architecto non et.','Magni iure provident magnam repudiandae perspiciatis eveniet.','2016-07-23 07:01:08','2016-07-23 07:01:08'),(287,'Model','Bashirian Inc','Sleek Granite Gloves','1502','Consequatur rerum nesciunt provident odio dolores.','Cumque consequatur minus impedit totam pariatur enim.',NULL,NULL,2,0,'Tenetur neque nam id.','Vitae possimus necessitatibus assumenda modi id asperiores.','2016-07-23 07:01:08','2016-07-23 07:01:08'),(288,'Model','Harber Group','Ergonomic Wooden Table','1503','Laborum itaque soluta aut qui voluptates.','Quaerat exercitationem quasi molestiae.',NULL,NULL,0,0,'Aliquam et molestiae quo id eum expedita repellat.','Ut libero enim adipisci qui.','2016-07-23 07:01:08','2016-07-23 07:01:08'),(289,'Model','O\'Connell and Sons','Fantastic Cotton Hat','1504','Ratione repellendus facere quidem iste asperiores.','Amet at optio aut.',NULL,NULL,3,0,'Corrupti consequatur sit vitae nobis ullam asperiores aut.','Tempore vitae sit et tempora aperiam exercitationem.','2016-07-23 07:01:08','2016-07-23 07:01:08'),(290,'Model','Flatley-Prosacco','Practical Plastic Shoes','1505','Enim vero atque cumque eveniet nostrum magni maiores aspernatur.','Aspernatur iure est quasi qui id dicta hic.',NULL,NULL,1,0,'Asperiores fugiat consectetur quia voluptates perspiciatis optio amet.','Quasi corporis quia quas.','2016-07-23 07:01:08','2016-07-23 07:01:08'),(291,'Model','Rogahn-Will','Gorgeous Wooden Computer','1506','Quas aut ducimus animi.','Aut voluptatem alias non nemo eum.',NULL,NULL,3,0,'Rerum totam sit beatae doloribus sint voluptas.','Sed ducimus quia consequuntur.','2016-07-23 07:01:08','2016-07-23 07:01:08'),(292,'Model','Bayer Inc','Small Wooden Table','1507','Odio est dolorem culpa voluptatibus ut sit quo.','Eius cupiditate quo exercitationem quia voluptas.',NULL,NULL,0,0,'Animi consequatur veniam qui aut voluptatem assumenda quo.','Autem aut voluptatum doloribus tenetur non beatae omnis qui.','2016-07-23 07:01:08','2016-07-23 07:01:08'),(293,'Model','Pfeffer and Sons','Intelligent Plastic Gloves','1508','Beatae doloremque quia expedita ut et cumque.','Et delectus ipsum eum ut est rem.',NULL,NULL,0,0,'Nulla eligendi et ab.','In nam porro ex minima ipsa qui optio.','2016-07-23 07:01:08','2016-07-23 07:01:08'),(294,'Model','Harris and Sons','Sleek Wooden Shoes','1509','Debitis fuga asperiores voluptatibus sequi corrupti.','Ut qui ipsum similique labore culpa excepturi aut asperiores.',NULL,NULL,1,0,'Nulla quo nobis laboriosam fuga omnis sed ex.','Numquam placeat sed libero sunt eveniet porro adipisci et.','2016-07-23 07:01:08','2016-07-23 07:01:08'),(295,'Model','Kuhn Group','Gorgeous Granite Shirt','1510','Dicta incidunt quia nihil earum perferendis odit eius.','Fugit et inventore modi occaecati dicta harum dolore.',NULL,NULL,2,0,'Aliquid maxime voluptatem dignissimos eum et molestiae.','Sit excepturi ut expedita.','2016-07-23 07:01:08','2016-07-23 07:01:08'),(296,'Model','Bednar-McGlynn','Rustic Wooden Shoes','1511','Maxime nihil quasi odio sint id neque dolor iusto.','Ad ea voluptas culpa dolor aut officia sunt voluptas.',NULL,NULL,1,0,'Placeat dignissimos soluta aliquam ratione est aut architecto enim.','Qui ratione aut nobis sit.','2016-07-23 07:01:08','2016-07-23 07:01:08'),(297,'Model','Bogisich and Sons','Ergonomic Cotton Car','1512','Recusandae ut cumque impedit rerum.','Exercitationem in animi hic.',NULL,NULL,2,0,'Animi modi vero consequatur culpa ut.','Aut sit perspiciatis perferendis ab.','2016-07-23 07:01:08','2016-07-23 07:01:08'),(298,'Model','Klocko-Hayes','Sleek Granite Shoes','1513','Distinctio enim qui rerum dolorem eligendi et.','Mollitia qui magni eos nam ut.',NULL,NULL,3,0,'Provident aspernatur est neque nam eos facilis ipsum.','Id voluptas ex eaque ut atque a.','2016-07-18 00:00:00','2016-07-18 00:00:00'),(299,'Model','Lubowitz-Beer','Awesome Concrete Shoes','1514','Corrupti rerum harum et est et officia.','Quia veniam culpa expedita eos totam omnis.',NULL,NULL,2,0,'Et dolore nesciunt aliquam hic architecto voluptate esse eius.','Et voluptatibus facere est sequi earum quia quam quasi.','2016-07-18 00:00:00','2016-07-18 00:00:00'),(300,'Model','Little Inc','Ergonomic Steel Chair','1515','Ut accusamus amet aut qui provident ex quis.','Cupiditate animi enim sunt reprehenderit sit.',NULL,NULL,2,0,'Tempora est incidunt nisi occaecati perspiciatis ut et suscipit.','Ratione distinctio accusamus non nobis dignissimos ipsum nisi.','2016-07-18 00:00:00','2016-07-18 00:00:00'),(301,'Model','Hegmann-Ebert','Small Wooden Gloves','1516','Voluptatibus voluptatem rerum a modi vero reiciendis laboriosam.','Doloremque ea reprehenderit aut hic exercitationem nihil reiciendis omnis.',NULL,NULL,0,0,'Eum eos aut debitis.','Et quia velit quos eveniet.','2016-07-18 00:00:00','2016-07-18 00:00:00'),(302,'Model','O\'Connell-Stamm','Incredible Concrete Hat','1517','Voluptas molestiae modi quisquam corrupti amet.','Eius voluptas natus inventore quia.',NULL,NULL,3,0,'Ut explicabo at unde.','Qui est facere ut animi.','2016-07-18 00:00:00','2016-07-18 00:00:00');
/*!40000 ALTER TABLE `models` ENABLE KEYS */;
UNLOCK TABLES;

--
-- Table structure for table `models_compatibles`
--

DROP TABLE IF EXISTS `models_compatibles`;
/*!40101 SET @saved_cs_client     = @@character_set_client */;
/*!40101 SET character_set_client = utf8 */;
CREATE TABLE `models_compatibles` (
  `model_id` int(11) DEFAULT NULL,
  `compatible_id` int(11) DEFAULT NULL,
  KEY `index_models_compatibles_on_compatible_id` (`compatible_id`),
  KEY `index_models_compatibles_on_model_id` (`model_id`),
  CONSTRAINT `models_compatibles_compatible_id_fk` FOREIGN KEY (`compatible_id`) REFERENCES `models` (`id`),
  CONSTRAINT `models_compatibles_model_id_fk` FOREIGN KEY (`model_id`) REFERENCES `models` (`id`)
) ENGINE=InnoDB DEFAULT CHARSET=utf8 COLLATE=utf8_unicode_ci;
/*!40101 SET character_set_client = @saved_cs_client */;

--
-- Dumping data for table `models_compatibles`
--

LOCK TABLES `models_compatibles` WRITE;
/*!40000 ALTER TABLE `models_compatibles` DISABLE KEYS */;
INSERT INTO `models_compatibles` VALUES (164,163),(165,163),(166,163);
/*!40000 ALTER TABLE `models_compatibles` ENABLE KEYS */;
UNLOCK TABLES;

--
-- Table structure for table `notifications`
--

DROP TABLE IF EXISTS `notifications`;
/*!40101 SET @saved_cs_client     = @@character_set_client */;
/*!40101 SET character_set_client = utf8 */;
CREATE TABLE `notifications` (
  `id` int(11) NOT NULL AUTO_INCREMENT,
  `user_id` int(11) DEFAULT NULL,
  `title` varchar(255) COLLATE utf8_unicode_ci DEFAULT '',
  `created_at` datetime NOT NULL,
  PRIMARY KEY (`id`),
  KEY `index_notifications_on_user_id` (`user_id`),
  CONSTRAINT `notifications_user_id_fk` FOREIGN KEY (`user_id`) REFERENCES `users` (`id`) ON DELETE CASCADE
) ENGINE=InnoDB DEFAULT CHARSET=utf8 COLLATE=utf8_unicode_ci;
/*!40101 SET character_set_client = @saved_cs_client */;

--
-- Dumping data for table `notifications`
--

LOCK TABLES `notifications` WRITE;
/*!40000 ALTER TABLE `notifications` DISABLE KEYS */;
/*!40000 ALTER TABLE `notifications` ENABLE KEYS */;
UNLOCK TABLES;

--
-- Table structure for table `numerators`
--

DROP TABLE IF EXISTS `numerators`;
/*!40101 SET @saved_cs_client     = @@character_set_client */;
/*!40101 SET character_set_client = utf8 */;
CREATE TABLE `numerators` (
  `id` int(11) NOT NULL AUTO_INCREMENT,
  `item` int(11) DEFAULT NULL,
  PRIMARY KEY (`id`)
) ENGINE=InnoDB DEFAULT CHARSET=utf8 COLLATE=utf8_unicode_ci;
/*!40101 SET character_set_client = @saved_cs_client */;

--
-- Dumping data for table `numerators`
--

LOCK TABLES `numerators` WRITE;
/*!40000 ALTER TABLE `numerators` DISABLE KEYS */;
/*!40000 ALTER TABLE `numerators` ENABLE KEYS */;
UNLOCK TABLES;

--
-- Table structure for table `options`
--

DROP TABLE IF EXISTS `options`;
/*!40101 SET @saved_cs_client     = @@character_set_client */;
/*!40101 SET character_set_client = utf8 */;
CREATE TABLE `options` (
  `id` int(11) NOT NULL AUTO_INCREMENT,
  `inventory_pool_id` int(11) DEFAULT NULL,
  `inventory_code` varchar(255) COLLATE utf8_unicode_ci DEFAULT NULL,
  `manufacturer` varchar(255) COLLATE utf8_unicode_ci DEFAULT NULL,
  `product` varchar(255) COLLATE utf8_unicode_ci NOT NULL,
  `version` varchar(255) COLLATE utf8_unicode_ci DEFAULT NULL,
  `price` decimal(8,2) DEFAULT NULL,
  PRIMARY KEY (`id`),
  KEY `index_options_on_inventory_pool_id` (`inventory_pool_id`),
  CONSTRAINT `options_inventory_pool_id_fk` FOREIGN KEY (`inventory_pool_id`) REFERENCES `inventory_pools` (`id`)
) ENGINE=InnoDB AUTO_INCREMENT=7 DEFAULT CHARSET=utf8 COLLATE=utf8_unicode_ci;
/*!40101 SET character_set_client = @saved_cs_client */;

--
-- Dumping data for table `options`
--

LOCK TABLES `options` WRITE;
/*!40000 ALTER TABLE `options` DISABLE KEYS */;
INSERT INTO `options` VALUES (1,1,'akku-aa',NULL,'Akku AA','1344',1342.00),(2,1,'akku-aaa',NULL,'Akku AAA','1345',985.00),(3,1,'usb',NULL,'USB Kabel','1346',535.00),(4,1,'nec6182',NULL,'Sleek Plastic Shoes','1391',1117.00),(5,1,'qui8947',NULL,'Intelligent Granite Table','1393',1012.00),(6,2,'vit6245',NULL,'Rustic Plastic Table','1399',875.00);
/*!40000 ALTER TABLE `options` ENABLE KEYS */;
UNLOCK TABLES;

--
-- Table structure for table `partitions`
--

DROP TABLE IF EXISTS `partitions`;
/*!40101 SET @saved_cs_client     = @@character_set_client */;
/*!40101 SET character_set_client = utf8 */;
CREATE TABLE `partitions` (
  `id` int(11) NOT NULL AUTO_INCREMENT,
  `model_id` int(11) DEFAULT NULL,
  `inventory_pool_id` int(11) DEFAULT NULL,
  `group_id` int(11) DEFAULT NULL,
  `quantity` int(11) DEFAULT NULL,
  PRIMARY KEY (`id`),
  UNIQUE KEY `index_partitions_on_model_id_and_inventory_pool_id_and_group_id` (`model_id`,`inventory_pool_id`,`group_id`),
  KEY `partitions_group_id_fk` (`group_id`),
  KEY `partitions_inventory_pool_id_fk` (`inventory_pool_id`),
  CONSTRAINT `partitions_model_id_fk` FOREIGN KEY (`model_id`) REFERENCES `models` (`id`) ON DELETE CASCADE,
  CONSTRAINT `partitions_group_id_fk` FOREIGN KEY (`group_id`) REFERENCES `groups` (`id`),
  CONSTRAINT `partitions_inventory_pool_id_fk` FOREIGN KEY (`inventory_pool_id`) REFERENCES `inventory_pools` (`id`)
) ENGINE=InnoDB AUTO_INCREMENT=12 DEFAULT CHARSET=utf8 COLLATE=utf8_unicode_ci;
/*!40101 SET character_set_client = @saved_cs_client */;

--
-- Dumping data for table `partitions`
--

LOCK TABLES `partitions` WRITE;
/*!40000 ALTER TABLE `partitions` DISABLE KEYS */;
INSERT INTO `partitions` VALUES (1,127,1,4,1),(2,165,1,5,1),(3,166,1,6,5),(4,164,1,1,1),(5,96,1,1,1),(6,96,1,2,1),(7,230,1,7,1),(8,237,1,7,1),(9,245,1,7,1),(10,258,1,8,1),(11,266,1,7,1);
/*!40000 ALTER TABLE `partitions` ENABLE KEYS */;
UNLOCK TABLES;

--
-- Temporary table structure for view `partitions_with_generals`
--

DROP TABLE IF EXISTS `partitions_with_generals`;
/*!50001 DROP VIEW IF EXISTS `partitions_with_generals`*/;
SET @saved_cs_client     = @@character_set_client;
SET character_set_client = utf8;
/*!50001 CREATE TABLE `partitions_with_generals` (
  `model_id` tinyint NOT NULL,
  `inventory_pool_id` tinyint NOT NULL,
  `group_id` tinyint NOT NULL,
  `quantity` tinyint NOT NULL
) ENGINE=MyISAM */;
SET character_set_client = @saved_cs_client;

--
-- Table structure for table `properties`
--

DROP TABLE IF EXISTS `properties`;
/*!40101 SET @saved_cs_client     = @@character_set_client */;
/*!40101 SET character_set_client = utf8 */;
CREATE TABLE `properties` (
  `id` int(11) NOT NULL AUTO_INCREMENT,
  `model_id` int(11) DEFAULT NULL,
  `key` varchar(255) COLLATE utf8_unicode_ci DEFAULT NULL,
  `value` varchar(255) COLLATE utf8_unicode_ci DEFAULT NULL,
  PRIMARY KEY (`id`),
  KEY `index_properties_on_model_id` (`model_id`),
  CONSTRAINT `properties_model_id_fk` FOREIGN KEY (`model_id`) REFERENCES `models` (`id`) ON DELETE CASCADE
) ENGINE=InnoDB AUTO_INCREMENT=13 DEFAULT CHARSET=utf8 COLLATE=utf8_unicode_ci;
/*!40101 SET character_set_client = @saved_cs_client */;

--
-- Dumping data for table `properties`
--

LOCK TABLES `properties` WRITE;
/*!40000 ALTER TABLE `properties` DISABLE KEYS */;
INSERT INTO `properties` VALUES (1,164,'Rotorduchmesser','120'),(2,164,'Akkus','2'),(3,164,'Farbe','Rot'),(4,165,'Rotorduchmesser','120'),(5,165,'Akkus','2'),(6,165,'Farbe','Rot'),(7,165,'max. Speed','80 kmh'),(8,165,'Gyro','Ja'),(9,165,'Achsen','3-Achsen'),(10,166,'Rotorduchmesser','120'),(11,166,'Akkus','2'),(12,166,'Farbe','Rot');
/*!40000 ALTER TABLE `properties` ENABLE KEYS */;
UNLOCK TABLES;

--
-- Table structure for table `purposes`
--

DROP TABLE IF EXISTS `purposes`;
/*!40101 SET @saved_cs_client     = @@character_set_client */;
/*!40101 SET character_set_client = utf8 */;
CREATE TABLE `purposes` (
  `id` int(11) NOT NULL AUTO_INCREMENT,
  `description` text COLLATE utf8_unicode_ci,
  PRIMARY KEY (`id`)
) ENGINE=InnoDB AUTO_INCREMENT=46 DEFAULT CHARSET=utf8 COLLATE=utf8_unicode_ci;
/*!40101 SET character_set_client = @saved_cs_client */;

--
-- Dumping data for table `purposes`
--

LOCK TABLES `purposes` WRITE;
/*!40000 ALTER TABLE `purposes` DISABLE KEYS */;
INSERT INTO `purposes` VALUES (1,'---\n- Placeat molestiae ut ea.\n- Beatae alias recusandae.\n'),(2,'---\n- Labore quia nemo veritatis tempora aut omnis porro.\n- Eos velit enim dolorum nemo recusandae asperiores.\n'),(3,'Ersatzstativ fr die Ausstellung.'),(4,'Ersatzstativ fr die Ausstellung.'),(5,'Ersatzstativ fr die Ausstellung.'),(6,'Maxime commodi repudiandae culpa magni eos animi et quaerat.'),(7,'Eius soluta voluptatem sit reiciendis totam excepturi possimus.'),(8,'Veniam nihil vel et quae.'),(9,'Eos voluptas sunt dolorem velit nam.'),(10,'Bentige ich fr die Aufnahmen meiner Abschlussarbeit.'),(11,'Maiores vitae natus est.'),(12,'Dolor ut sed nihil eius.'),(13,'Ersatzstativ fr die Ausstellung.'),(14,'Fr das zweite Austellungswochenende.'),(15,'Fr das dritte Austellungswochenende.'),(16,'Fr die Abschlussarbeit.'),(17,'Ersatzstativ fr die Ausstellung.'),(18,'Bestellung mit Software'),(19,'Bestellung mit Gegenstand ohne Ort'),(20,'Um meine Abschlussarbeit zu fotografieren.'),(21,'Dolorem voluptatibus deleniti dolores et aliquam laborum tempore occaecati.'),(22,'Um meine Abschlussarbeit zu fotografieren.'),(23,'Um meine Abschlussarbeit zu fotografieren.'),(24,'Voluptas explicabo molestias et eos optio nemo.'),(25,'Paketausgabe'),(26,'Ersatzstativ fr die Ausstellung.'),(27,'Ersatzstativ fr die Ausstellung.'),(28,'Ersatzstativ fr die Ausstellung.'),(29,'Ersatzstativ fr die Ausstellung.'),(30,'Ersatzstativ fr die Ausstellung.'),(31,'Ersatzstativ fr die Ausstellung.'),(32,'Ersatzstativ fr die Ausstellung.'),(33,'Ersatzstativ fr die Ausstellung.'),(34,'Ersatzstativ fr die Ausstellung.'),(35,'Fr meinen aktuellen Kurs.'),(36,'Ersatzstativ fr die Ausstellung.'),(37,'Um meine Abschlussarbeit zu fotografieren.'),(38,'Fotoshooting (Kurs Fotografie).'),(39,'Brauche ich zwingend fr meinen Kurs.'),(40,'Ganz dringend bentigt fr meine Abschlussarbeit.'),(41,'Als Ersatz.'),(42,'Aperiam consequuntur culpa optio qui sapiente.'),(43,'Dolor ea sit rerum corporis.'),(44,'Nulla a aut omnis.'),(45,'In ea facere numquam perspiciatis pariatur laudantium maiores sequi.');
/*!40000 ALTER TABLE `purposes` ENABLE KEYS */;
UNLOCK TABLES;

--
-- Table structure for table `schema_migrations`
--

DROP TABLE IF EXISTS `schema_migrations`;
/*!40101 SET @saved_cs_client     = @@character_set_client */;
/*!40101 SET character_set_client = utf8 */;
CREATE TABLE `schema_migrations` (
  `version` varchar(255) COLLATE utf8_unicode_ci NOT NULL,
  UNIQUE KEY `unique_schema_migrations` (`version`)
) ENGINE=InnoDB DEFAULT CHARSET=utf8 COLLATE=utf8_unicode_ci;
/*!40101 SET character_set_client = @saved_cs_client */;

--
-- Dumping data for table `schema_migrations`
--

LOCK TABLES `schema_migrations` WRITE;
/*!40000 ALTER TABLE `schema_migrations` DISABLE KEYS */;
INSERT INTO `schema_migrations` VALUES ('20140410180000'),('20140414100000'),('20140415083535'),('20140417113831'),('20140428092844'),('20140515131025'),('20140812132326'),('20140820100242'),('20140828082448'),('20140901141016'),('20140903105715'),('20140905091014');
/*!40000 ALTER TABLE `schema_migrations` ENABLE KEYS */;
UNLOCK TABLES;

--
-- Table structure for table `settings`
--

DROP TABLE IF EXISTS `settings`;
/*!40101 SET @saved_cs_client     = @@character_set_client */;
/*!40101 SET character_set_client = utf8 */;
CREATE TABLE `settings` (
  `id` int(11) NOT NULL AUTO_INCREMENT,
  `smtp_address` varchar(255) COLLATE utf8_unicode_ci DEFAULT NULL,
  `smtp_port` int(11) DEFAULT NULL,
  `smtp_domain` varchar(255) COLLATE utf8_unicode_ci DEFAULT NULL,
  `local_currency_string` varchar(255) COLLATE utf8_unicode_ci DEFAULT NULL,
  `contract_terms` text COLLATE utf8_unicode_ci,
  `contract_lending_party_string` text COLLATE utf8_unicode_ci,
  `email_signature` varchar(255) COLLATE utf8_unicode_ci DEFAULT NULL,
  `default_email` varchar(255) COLLATE utf8_unicode_ci DEFAULT NULL,
  `deliver_order_notifications` tinyint(1) DEFAULT NULL,
  `user_image_url` varchar(255) COLLATE utf8_unicode_ci DEFAULT NULL,
  `ldap_config` varchar(255) COLLATE utf8_unicode_ci DEFAULT NULL,
  `logo_url` varchar(255) COLLATE utf8_unicode_ci DEFAULT NULL,
  `mail_delivery_method` varchar(255) COLLATE utf8_unicode_ci DEFAULT NULL,
  `smtp_username` varchar(255) COLLATE utf8_unicode_ci DEFAULT NULL,
  `smtp_password` varchar(255) COLLATE utf8_unicode_ci DEFAULT NULL,
  `smtp_enable_starttls_auto` tinyint(1) NOT NULL DEFAULT '0',
  `smtp_openssl_verify_mode` varchar(255) COLLATE utf8_unicode_ci NOT NULL DEFAULT 'none',
  `time_zone` varchar(255) COLLATE utf8_unicode_ci NOT NULL DEFAULT 'Bern',
  `disable_manage_section` tinyint(1) NOT NULL DEFAULT '0',
  `disable_manage_section_message` text COLLATE utf8_unicode_ci,
  `disable_borrow_section` tinyint(1) NOT NULL DEFAULT '0',
  `disable_borrow_section_message` text COLLATE utf8_unicode_ci,
  `text` text COLLATE utf8_unicode_ci,
  PRIMARY KEY (`id`)
) ENGINE=InnoDB AUTO_INCREMENT=2 DEFAULT CHARSET=utf8 COLLATE=utf8_unicode_ci;
/*!40101 SET character_set_client = @saved_cs_client */;

--
-- Dumping data for table `settings`
--

LOCK TABLES `settings` WRITE;
/*!40000 ALTER TABLE `settings` DISABLE KEYS */;
INSERT INTO `settings` VALUES (1,'smtp.zhdk.ch',25,'beta.ausleihe.zhdk.ch','CHF','Die Benutzerin/der Benutzer ist bei unsachgemsser Handhabung oder Verlust schadenersatzpflichtig. Sie/Er verpflichtet sich, das Material sorgfltig zu behandeln und gereinigt zu retournieren. Bei mangelbehafteter oder verspteter Rckgabe kann eine Ausleihsperre (bis zu 6 Monaten) verhngt werden. Das geliehene Material bleibt jederzeit uneingeschrnktes Eigentum der Zrcher Hochschule der Knste und darf ausschliesslich fr schulische Zwecke eingesetzt werden. Mit ihrer/seiner Unterschrift akzeptiert die Benutzerin/der Benutzer diese Bedingungen sowie die \'Richtlinie zur Ausleihe von Sachen\' der ZHdK und etwaige abteilungsspezifische Ausleih-Richtlinien.','Your\nAddress\nHere','Das PZ-leihs Team','sender@example.com',0,'http://www.zhdk.ch/?person/foto&width=100&compressionlevel=0&id={:id}',NULL,'/assets/image-logo-zhdk.png','test',NULL,NULL,0,'none','Bern',0,NULL,0,NULL,NULL);
/*!40000 ALTER TABLE `settings` ENABLE KEYS */;
UNLOCK TABLES;

--
-- Table structure for table `suppliers`
--

DROP TABLE IF EXISTS `suppliers`;
/*!40101 SET @saved_cs_client     = @@character_set_client */;
/*!40101 SET character_set_client = utf8 */;
CREATE TABLE `suppliers` (
  `id` int(11) NOT NULL AUTO_INCREMENT,
  `name` varchar(255) COLLATE utf8_unicode_ci NOT NULL,
  `created_at` datetime DEFAULT NULL,
  `updated_at` datetime DEFAULT NULL,
  PRIMARY KEY (`id`),
  UNIQUE KEY `index_suppliers_on_name` (`name`)
) ENGINE=InnoDB AUTO_INCREMENT=271 DEFAULT CHARSET=utf8 COLLATE=utf8_unicode_ci;
/*!40101 SET character_set_client = @saved_cs_client */;

--
-- Dumping data for table `suppliers`
--

LOCK TABLES `suppliers` WRITE;
/*!40000 ALTER TABLE `suppliers` DISABLE KEYS */;
INSERT INTO `suppliers` VALUES (1,'voluptatequasiaperiamquis','2016-07-23 07:01:08','2016-07-23 07:01:08'),(2,'repellatexercitationemaccusantiumeveniet','2016-07-23 07:01:08','2016-07-23 07:01:08'),(3,'undepossimusnonsit','2016-07-23 07:01:08','2016-07-23 07:01:08'),(4,'corporisdolorvoluptatemdolorem','2016-07-23 07:01:08','2016-07-23 07:01:08'),(5,'natusreprehenderitid','2016-07-23 07:01:08','2016-07-23 07:01:08'),(6,'eosreiciendiseamollitia','2016-07-23 07:01:08','2016-07-23 07:01:08'),(7,'aliquammaxime','2016-07-23 07:01:08','2016-07-23 07:01:08'),(8,'rerumdoloribus','2016-07-23 07:01:08','2016-07-23 07:01:08'),(9,'ametitaquehicet','2016-07-23 07:01:08','2016-07-23 07:01:08'),(10,'nostrumrepudiandaevoluptatequasiiste','2016-07-23 07:01:08','2016-07-23 07:01:08'),(11,'eteosatqueoditminus','2016-07-23 07:01:08','2016-07-23 07:01:08'),(12,'dictaidaliquamquae','2016-07-23 07:01:08','2016-07-23 07:01:08'),(13,'veniamplaceat','2016-07-23 07:01:08','2016-07-23 07:01:08'),(14,'etperspiciatismaxime','2016-07-23 07:01:08','2016-07-23 07:01:08'),(15,'eoscupiditatequaeconsequaturreiciendis','2016-07-23 07:01:08','2016-07-23 07:01:08'),(16,'eiusaliquidporrohic','2016-07-23 07:01:08','2016-07-23 07:01:08'),(17,'accusantiumetesse','2016-07-23 07:01:08','2016-07-23 07:01:08'),(18,'iurefaceredebitis','2016-07-23 07:01:08','2016-07-23 07:01:08'),(19,'voluptatemiustoillo','2016-07-23 07:01:08','2016-07-23 07:01:08'),(20,'velitdignissimos','2016-07-23 07:01:08','2016-07-23 07:01:08'),(21,'ipsaveniamestdeserunt','2016-07-23 07:01:08','2016-07-23 07:01:08'),(22,'nequead','2016-07-23 07:01:08','2016-07-23 07:01:08'),(23,'rerumnulla','2016-07-23 07:01:08','2016-07-23 07:01:08'),(24,'quibusdamreprehenderitvelit','2016-07-23 07:01:08','2016-07-23 07:01:08'),(25,'ipsamsaepenontempora','2016-07-23 07:01:08','2016-07-23 07:01:08'),(26,'utid','2016-07-23 07:01:08','2016-07-23 07:01:08'),(27,'eanonquibusdamminusanimi','2016-07-23 07:01:08','2016-07-23 07:01:08'),(28,'ducimusmaximeconsequaturnecessitatibusaut','2016-07-23 07:01:08','2016-07-23 07:01:08'),(29,'repellendusperferendismollitia','2016-07-23 07:01:08','2016-07-23 07:01:08'),(30,'dolorumquiteneturfugitaut','2016-07-23 07:01:08','2016-07-23 07:01:08'),(31,'officiiseos','2016-07-23 07:01:08','2016-07-23 07:01:08'),(32,'assumendaculpaesseadipisci','2016-07-23 07:01:08','2016-07-23 07:01:08'),(33,'asperioresdelenitiomnistempore','2016-07-23 07:01:08','2016-07-23 07:01:08'),(34,'eosmollitianullacorporisdolor','2016-07-23 07:01:08','2016-07-23 07:01:08'),(35,'repellatmagnamdoloremquealias','2016-07-23 07:01:08','2016-07-23 07:01:08'),(36,'remquiaetnesciuntvero','2016-07-23 07:01:08','2016-07-23 07:01:08'),(37,'voluptasillumautemestexplicabo','2016-07-23 07:01:08','2016-07-23 07:01:08'),(38,'quodconsecteturvoluptatesfacilisin','2016-07-23 07:01:08','2016-07-23 07:01:08'),(39,'voluptatemestoditearumarchitecto','2016-07-23 07:01:08','2016-07-23 07:01:08'),(40,'autemnemo','2016-07-23 07:01:08','2016-07-23 07:01:08'),(41,'numquamhicqui','2016-07-23 07:01:08','2016-07-23 07:01:08'),(42,'praesentiumarchitectonequetempora','2016-07-23 07:01:08','2016-07-23 07:01:08'),(43,'etinventorererum','2016-07-23 07:01:08','2016-07-23 07:01:08'),(44,'suntquimaioresvoluptateesse','2016-07-23 07:01:08','2016-07-23 07:01:08'),(45,'autaut','2016-07-23 07:01:08','2016-07-23 07:01:08'),(46,'doloresvoluptatemaspernatursed','2016-07-23 07:01:08','2016-07-23 07:01:08'),(47,'impeditadipisci','2016-07-23 07:01:08','2016-07-23 07:01:08'),(48,'voluptatumvel','2016-07-23 07:01:08','2016-07-23 07:01:08'),(49,'eosametsintaliasut','2016-07-23 07:01:08','2016-07-23 07:01:08'),(50,'quimollitiaillumveniamvel','2016-07-23 07:01:08','2016-07-23 07:01:08'),(51,'quiasinttemporibussed','2016-07-23 07:01:08','2016-07-23 07:01:08'),(52,'mollitianonomnis','2016-07-23 07:01:08','2016-07-23 07:01:08'),(53,'quaeratmollitiaetvoluptatesconsequuntur','2016-07-23 07:01:08','2016-07-23 07:01:08'),(54,'esseomnisiustoteneturut','2016-07-23 07:01:08','2016-07-23 07:01:08'),(55,'solutadoloremquirerum','2016-07-23 07:01:08','2016-07-23 07:01:08'),(56,'estlaborum','2016-07-23 07:01:08','2016-07-23 07:01:08'),(57,'idquidemconsecteturdeserunt','2016-07-23 07:01:08','2016-07-23 07:01:08'),(58,'infacereeaquelaudantium','2016-07-23 07:01:08','2016-07-23 07:01:08'),(59,'laboriosamnesciuntcommodisunt','2016-07-23 07:01:08','2016-07-23 07:01:08'),(60,'eaveniam','2016-07-23 07:01:08','2016-07-23 07:01:08'),(61,'adlaboriosam','2016-07-23 07:01:08','2016-07-23 07:01:08'),(62,'undenequeomnisrerum','2016-07-23 07:01:08','2016-07-23 07:01:08'),(63,'quiillo','2016-07-23 07:01:08','2016-07-23 07:01:08'),(64,'dictarationeetquia','2016-07-23 07:01:08','2016-07-23 07:01:08'),(65,'adipiscisedperferendislaboriosam','2016-07-23 07:01:08','2016-07-23 07:01:08'),(66,'nihilcupiditatequicorporisperspiciatis','2016-07-23 07:01:08','2016-07-23 07:01:08'),(67,'quiscorporisprovident','2016-07-23 07:01:08','2016-07-23 07:01:08'),(68,'pariaturreruma','2016-07-23 07:01:08','2016-07-23 07:01:08'),(69,'necessitatibussapientemolestiaenonest','2016-07-23 07:01:08','2016-07-23 07:01:08'),(70,'estundecommodi','2016-07-23 07:01:08','2016-07-23 07:01:08'),(71,'rerumnesciuntquis','2016-07-23 07:01:08','2016-07-23 07:01:08'),(72,'numquamconsecteturullamnemocumque','2016-07-23 07:01:08','2016-07-23 07:01:08'),(73,'etharumrerumquam','2016-07-23 07:01:08','2016-07-23 07:01:08'),(74,'utvoluptate','2016-07-23 07:01:08','2016-07-23 07:01:08'),(75,'accusamustemporibusaccusantiumdolorumest','2016-07-23 07:01:08','2016-07-23 07:01:08'),(76,'voluptatumad','2016-07-23 07:01:08','2016-07-23 07:01:08'),(77,'consequaturesseet','2016-07-23 07:01:08','2016-07-23 07:01:08'),(78,'autofficiaquiexcepturiipsa','2016-07-23 07:01:08','2016-07-23 07:01:08'),(79,'officianullaeius','2016-07-23 07:01:08','2016-07-23 07:01:08'),(80,'sequiautfacereet','2016-07-23 07:01:08','2016-07-23 07:01:08'),(81,'nemoimpeditquia','2016-07-23 07:01:08','2016-07-23 07:01:08'),(82,'etminimaipsam','2016-07-23 07:01:08','2016-07-23 07:01:08'),(83,'impeditid','2016-07-23 07:01:08','2016-07-23 07:01:08'),(84,'consequaturremdoloreofficiisalias','2016-07-23 07:01:08','2016-07-23 07:01:08'),(85,'repellateaquetenetur','2016-07-23 07:01:08','2016-07-23 07:01:08'),(86,'molestiaevoluptatumetperferendisvoluptate','2016-07-23 07:01:08','2016-07-23 07:01:08'),(87,'laborumconsequaturvero','2016-07-23 07:01:08','2016-07-23 07:01:08'),(88,'officiisvoluptasdoloribusinventore','2016-07-23 07:01:08','2016-07-23 07:01:08'),(89,'estperspiciatisrepellendusvoluptatibus','2016-07-23 07:01:08','2016-07-23 07:01:08'),(90,'ducimusrepellendus','2016-07-23 07:01:08','2016-07-23 07:01:08'),(91,'autvoluptatemillumadipiscitempore','2016-07-23 07:01:08','2016-07-23 07:01:08'),(92,'quidemrerumametquia','2016-07-23 07:01:08','2016-07-23 07:01:08'),(93,'laborumvel','2016-07-23 07:01:08','2016-07-23 07:01:08'),(94,'mollitiavoluptateet','2016-07-23 07:01:08','2016-07-23 07:01:08'),(95,'quiaamet','2016-07-23 07:01:08','2016-07-23 07:01:08'),(96,'etrerumilloest','2016-07-23 07:01:08','2016-07-23 07:01:08'),(97,'animiexercitationempariatur','2016-07-23 07:01:08','2016-07-23 07:01:08'),(98,'doloresquoexpeditasintexercitationem','2016-07-23 07:01:08','2016-07-23 07:01:08'),(99,'nonet','2016-07-23 07:01:08','2016-07-23 07:01:08'),(100,'quimolestiaeculpaeaeveniet','2016-07-23 07:01:08','2016-07-23 07:01:08'),(101,'nullanonodiorecusandaeeum','2016-07-23 07:01:08','2016-07-23 07:01:08'),(102,'sedconsequunturetesse','2016-07-23 07:01:08','2016-07-23 07:01:08'),(103,'repellatdolorum','2016-07-23 07:01:08','2016-07-23 07:01:08'),(104,'officiisnihilestomnis','2016-07-23 07:01:08','2016-07-23 07:01:08'),(105,'eosfugasintnam','2016-07-23 07:01:08','2016-07-23 07:01:08'),(106,'voluptatesnonvelit','2016-07-23 07:01:08','2016-07-23 07:01:08'),(107,'dolorecorporisabadducimus','2016-07-23 07:01:08','2016-07-23 07:01:08'),(108,'sitvoluptatemaioresvoluptatibusqui','2016-07-23 07:01:08','2016-07-23 07:01:08'),(109,'quietquisquam','2016-07-23 07:01:08','2016-07-23 07:01:08'),(110,'etdistinctioquiomnisautem','2016-07-23 07:01:08','2016-07-23 07:01:08'),(111,'estnullaeuminventoreconsequatur','2016-07-23 07:01:08','2016-07-23 07:01:08'),(112,'possimusofficiisquiomnis','2016-07-23 07:01:08','2016-07-23 07:01:08'),(113,'possimusdebitisnobisquis','2016-07-23 07:01:08','2016-07-23 07:01:08'),(114,'corruptiarchitectoiusto','2016-07-23 07:01:08','2016-07-23 07:01:08'),(115,'nostrumdignissimosdolores','2016-07-23 07:01:08','2016-07-23 07:01:08'),(116,'sitesse','2016-07-23 07:01:08','2016-07-23 07:01:08'),(117,'autdignissimosmollitiarepellatincidunt','2016-07-23 07:01:08','2016-07-23 07:01:08'),(118,'nisidoloroptio','2016-07-23 07:01:08','2016-07-23 07:01:08'),(119,'voluptatesenimnesciuntmodiqui','2016-07-23 07:01:08','2016-07-23 07:01:08'),(120,'reiciendiset','2016-07-23 07:01:08','2016-07-23 07:01:08'),(121,'sequinisisolutaeiusmagni','2016-07-23 07:01:08','2016-07-23 07:01:08'),(122,'ipsamrem','2016-07-23 07:01:08','2016-07-23 07:01:08'),(123,'quosdelectusdoloremdolor','2016-07-23 07:01:08','2016-07-23 07:01:08'),(124,'idquirerumquiaet','2016-07-23 07:01:08','2016-07-23 07:01:08'),(125,'rerumnobiset','2016-07-23 07:01:08','2016-07-23 07:01:08'),(126,'earumnumquamquaerat','2016-07-23 07:01:08','2016-07-23 07:01:08'),(127,'quisetquis','2016-07-23 07:01:08','2016-07-23 07:01:08'),(128,'recusandaeanimidolor','2016-07-23 07:01:08','2016-07-23 07:01:08'),(129,'teneturfacerenumquam','2016-07-23 07:01:08','2016-07-23 07:01:08'),(130,'molestiaeutmolestiaemagni','2016-07-23 07:01:08','2016-07-23 07:01:08'),(131,'praesentiumeos','2016-07-23 07:01:08','2016-07-23 07:01:08'),(132,'exercitationemvoluptasdolores','2016-07-23 07:01:08','2016-07-23 07:01:08'),(133,'anemoatque','2016-07-23 07:01:08','2016-07-23 07:01:08'),(134,'insuscipit','2016-07-23 07:01:08','2016-07-23 07:01:08'),(135,'impeditquisunt','2016-07-23 07:01:08','2016-07-23 07:01:08'),(136,'perspiciatisinventoreoptio','2016-07-23 07:01:08','2016-07-23 07:01:08'),(137,'harumenimmollitiainciduntsint','2016-07-23 07:01:08','2016-07-23 07:01:08'),(138,'facereeum','2016-07-23 07:01:08','2016-07-23 07:01:08'),(139,'veritatisestdolore','2016-07-23 07:01:08','2016-07-23 07:01:08'),(140,'laboreculpautnemosit','2016-07-23 07:01:08','2016-07-23 07:01:08'),(141,'dignissimosadipiscivelminima','2016-07-23 07:01:08','2016-07-23 07:01:08'),(142,'ipsumfacilisvoluptatem','2016-07-23 07:01:08','2016-07-23 07:01:08'),(143,'consequunturnullaqui','2016-07-23 07:01:08','2016-07-23 07:01:08'),(144,'architectonihiletat','2016-07-23 07:01:08','2016-07-23 07:01:08'),(145,'velitveniamut','2016-07-23 07:01:08','2016-07-23 07:01:08'),(146,'istequamundetempora','2016-07-23 07:01:08','2016-07-23 07:01:08'),(147,'nullamollitiaeaqueblanditiisbeatae','2016-07-23 07:01:08','2016-07-23 07:01:08'),(148,'etat','2016-07-23 07:01:08','2016-07-23 07:01:08'),(149,'quibusdamquitotamvoluptatesquidem','2016-07-23 07:01:08','2016-07-23 07:01:08'),(150,'reprehenderitsapienteveritatis','2016-07-23 07:01:08','2016-07-23 07:01:08'),(151,'fugiathicpraesentium','2016-07-23 07:01:08','2016-07-23 07:01:08'),(152,'iustodebitisdoloremsintipsam','2016-07-23 07:01:08','2016-07-23 07:01:08'),(153,'facereeosmodiautem','2016-07-23 07:01:08','2016-07-23 07:01:08'),(154,'consecteturquaeratsitporro','2016-07-23 07:01:08','2016-07-23 07:01:08'),(155,'eoslaboriosamtemporainconsequatur','2016-07-23 07:01:08','2016-07-23 07:01:08'),(156,'sapienterepellatomnissequifacere','2016-07-23 07:01:08','2016-07-23 07:01:08'),(157,'veroinciduntpossimusdolordolores','2016-07-23 07:01:08','2016-07-23 07:01:08'),(158,'suntblanditiisnisi','2016-07-23 07:01:08','2016-07-23 07:01:08'),(159,'utquieosetesse','2016-07-23 07:01:08','2016-07-23 07:01:08'),(160,'remsitmollitia','2016-07-23 07:01:08','2016-07-23 07:01:08'),(161,'quoautatcupiditateea','2016-07-23 07:01:08','2016-07-23 07:01:08'),(162,'exercitationemconsequunturalias','2016-07-23 07:01:08','2016-07-23 07:01:08'),(163,'quiconsequaturautreiciendiset','2016-07-23 07:01:08','2016-07-23 07:01:08'),(164,'excepturinequeveritatis','2016-07-23 07:01:08','2016-07-23 07:01:08'),(165,'inaitaque','2016-07-23 07:01:08','2016-07-23 07:01:08'),(166,'laudantiumetaliasaspernatur','2016-07-18 00:00:00','2016-07-18 00:00:00'),(167,'utiusto','2016-07-18 00:00:00','2016-07-18 00:00:00'),(168,'quamest','2016-07-18 00:00:00','2016-07-18 00:00:00'),(169,'sintsitrepellatharum','2016-07-23 07:01:08','2016-07-23 07:01:08'),(170,'maioressintautpraesentiumodit','2016-07-23 07:01:08','2016-07-23 07:01:08'),(171,'placeatconsequunturdoloremque','2016-07-23 07:01:08','2016-07-23 07:01:08'),(172,'etesseliberodolorem','2016-07-23 07:01:08','2016-07-23 07:01:08'),(173,'quiest','2016-07-23 07:01:08','2016-07-23 07:01:08'),(174,'mollitiadelectusesseducimusconsequatur','2016-07-23 07:01:08','2016-07-23 07:01:08'),(175,'suntetvoluptasquod','2016-07-23 07:01:08','2016-07-23 07:01:08'),(176,'eiusvoluptates','2016-07-23 07:01:08','2016-07-23 07:01:08'),(177,'eiusautetvoluptatem','2016-07-23 07:01:08','2016-07-23 07:01:08'),(178,'cumqueeosmaximequisquam','2016-07-23 07:01:08','2016-07-23 07:01:08'),(179,'exeosevenietmaximetempore','2016-07-23 07:01:08','2016-07-23 07:01:08'),(180,'utvoluptatequolaboriosammagnam','2016-07-23 07:01:08','2016-07-23 07:01:08'),(181,'quiquiasperioresnemotemporibus','2016-07-23 07:01:08','2016-07-23 07:01:08'),(182,'nondoloresporroquasi','2016-07-23 07:01:08','2016-07-23 07:01:08'),(183,'voluptasimpeditlaboriosam','2016-07-23 07:01:08','2016-07-23 07:01:08'),(184,'placeatrepellenduspraesentiumconsectetur','2016-07-23 07:01:08','2016-07-23 07:01:08'),(185,'repudiandaebeataealiasinventore','2016-07-23 07:01:08','2016-07-23 07:01:08'),(186,'eospariaturdebitis','2016-07-23 07:01:08','2016-07-23 07:01:08'),(187,'laborealiquamsequiquiaquidem','2016-07-23 07:01:08','2016-07-23 07:01:08'),(188,'nostrumprovidentoditharum','2016-07-23 07:01:08','2016-07-23 07:01:08'),(189,'estauttotamerror','2016-07-23 07:01:08','2016-07-23 07:01:08'),(190,'nesciuntsintnon','2016-07-23 07:01:08','2016-07-23 07:01:08'),(191,'animieumquasi','2016-07-23 07:01:08','2016-07-23 07:01:08'),(192,'remlaboreasperiorescumqueut','2016-07-23 07:01:08','2016-07-23 07:01:08'),(193,'repellendusodio','2016-07-23 07:01:08','2016-07-23 07:01:08'),(194,'aliassimiliquequasi','2016-07-23 07:01:08','2016-07-23 07:01:08'),(195,'earumomnisexquasi','2016-07-23 07:01:08','2016-07-23 07:01:08'),(196,'fugitvoluptasvoluptatemestexplicabo','2016-07-23 07:01:08','2016-07-23 07:01:08'),(197,'dolorummollitiaullamvoluptatumaut','2016-07-23 07:01:08','2016-07-23 07:01:08'),(198,'sitnihilrationequi','2016-07-23 07:01:08','2016-07-23 07:01:08'),(199,'temporenequequiasuscipita','2016-07-23 07:01:08','2016-07-23 07:01:08'),(200,'exmagni','2016-07-19 20:15:56','2016-07-19 20:15:56'),(201,'exipsum','2016-07-19 20:15:56','2016-07-19 20:15:56'),(202,'consequunturnobis','2016-07-19 20:15:56','2016-07-19 20:15:56'),(203,'inciduntipsamvelit','2016-07-19 20:15:56','2016-07-19 20:15:56'),(204,'eareprehenderitlaborum','2016-07-19 20:15:56','2016-07-19 20:15:56'),(205,'accusamusvelomnis','2016-07-19 20:15:56','2016-07-19 20:15:56'),(206,'iureest','2016-07-19 20:15:56','2016-07-19 20:15:56'),(207,'sedpariatur','2016-07-19 20:15:56','2016-07-19 20:15:56'),(208,'ipsumidnumquam','2016-07-19 20:15:56','2016-07-19 20:15:56'),(209,'facererationereiciendis','2016-07-19 20:15:56','2016-07-19 20:15:56'),(210,'nequeimpeditnesciuntfugittemporibus','2016-07-19 20:15:56','2016-07-19 20:15:56'),(211,'utaccusamusperferendis','2016-07-19 20:15:56','2016-07-19 20:15:56'),(212,'omnisnecessitatibusdebitis','2016-07-19 20:15:56','2016-07-19 20:15:56'),(213,'erroroditnesciunt','2016-07-19 20:15:56','2016-07-19 20:15:56'),(214,'quaequiullamquia','2016-07-19 20:15:56','2016-07-19 20:15:56'),(215,'beataeestasperioresmodiillum','2016-07-19 20:15:56','2016-07-19 20:15:56'),(216,'mollitiafugiatculpa','2016-07-19 20:15:56','2016-07-19 20:15:56'),(217,'beataenobiset','2016-07-19 20:15:56','2016-07-19 20:15:56'),(218,'etcumquedolor','2016-07-19 20:15:56','2016-07-19 20:15:56'),(219,'oditfugitrerum','2016-07-19 20:15:56','2016-07-19 20:15:56'),(220,'perspiciatisrationecumque','2016-07-19 13:20:49','2016-07-19 13:20:49'),(221,'eiusautteneturculpa','2016-07-19 13:20:49','2016-07-19 13:20:49'),(222,'laudantiumreiciendisvelitsitquasi','2016-07-19 13:20:49','2016-07-19 13:20:49'),(223,'cumquevoluptatibusoccaecatiutquasi','2016-07-19 13:20:49','2016-07-19 13:20:49'),(224,'doloremfugit','2016-07-17 16:54:42','2016-07-17 16:54:42'),(225,'reprehenderitsint','2016-07-17 16:54:42','2016-07-17 16:54:42'),(226,'exestoccaecati','2016-07-17 16:54:42','2016-07-17 16:54:42'),(227,'utevenietullamrepudiandae','2016-07-17 16:54:42','2016-07-17 16:54:42'),(228,'oditearumerrornonveniam','2016-07-17 16:54:42','2016-07-17 16:54:42'),(229,'ipsadebitis','2016-07-17 16:54:42','2016-07-17 16:54:42'),(230,'utsunttemporibusin','2016-07-17 16:54:42','2016-07-17 16:54:42'),(231,'laudantiumaperiam','2016-07-17 16:54:42','2016-07-17 16:54:42'),(232,'idsequirationeadtenetur','2016-07-23 07:01:08','2016-07-23 07:01:08'),(233,'assumendaquidem','2016-07-23 07:01:08','2016-07-23 07:01:08'),(234,'voluptatemmollitianatusofficiisratione','2016-07-23 07:01:08','2016-07-23 07:01:08'),(235,'minusdoloresevenietquidem','2016-07-23 07:01:08','2016-07-23 07:01:08'),(236,'situt','2016-07-23 07:01:08','2016-07-23 07:01:08'),(237,'quiaexpeditasintrerum','2016-07-23 07:01:08','2016-07-23 07:01:08'),(238,'enimrepellendusmagnirepellataspernatur','2016-07-23 07:01:08','2016-07-23 07:01:08'),(239,'nemoquioccaecatised','2016-07-23 07:01:08','2016-07-23 07:01:08'),(240,'iustonesciunt','2016-07-23 07:01:08','2016-07-23 07:01:08'),(241,'minimavoluptatemsunt','2016-07-23 07:01:08','2016-07-23 07:01:08'),(242,'suntvoluptate','2016-07-23 07:01:08','2016-07-23 07:01:08'),(243,'doloresofficiaodioqui','2016-07-23 07:01:08','2016-07-23 07:01:08'),(244,'autrerumpariaturdignissimosducimus','2016-07-23 07:01:08','2016-07-23 07:01:08'),(245,'pariaturhic','2016-07-23 07:01:08','2016-07-23 07:01:08'),(246,'aliasrecusandaelaboriosamomnisfacere','2016-07-23 07:01:08','2016-07-23 07:01:08'),(247,'autmaiores','2016-07-23 07:01:08','2016-07-23 07:01:08'),(248,'nesciuntsedquivoluptatibus','2016-07-23 07:01:08','2016-07-23 07:01:08'),(249,'voluptateautexearumquis','2016-07-23 07:01:08','2016-07-23 07:01:08'),(250,'commodioditdicta','2016-07-23 07:01:08','2016-07-23 07:01:08'),(251,'voluptatemest','2016-07-23 07:01:08','2016-07-23 07:01:08'),(252,'itaquevelarchitectoquiquae','2016-07-23 07:01:08','2016-07-23 07:01:08'),(253,'distinctiocorporisquiconsequatur','2016-07-23 07:01:08','2016-07-23 07:01:08'),(254,'atqueeligendinam','2016-07-23 07:01:08','2016-07-23 07:01:08'),(255,'accusantiumetutsuscipit','2016-07-23 07:01:08','2016-07-23 07:01:08'),(256,'velvoluptasverotenetur','2016-07-23 07:01:08','2016-07-23 07:01:08'),(257,'distinctioveritatisnampraesentium','2016-07-23 07:01:08','2016-07-23 07:01:08'),(258,'fugadignissimosconsequunturtemporablanditiis','2016-07-23 07:01:08','2016-07-23 07:01:08'),(259,'adnesciuntautnisi','2016-07-23 07:01:08','2016-07-23 07:01:08'),(260,'doloresofficiaaliquamquaebeatae','2016-07-23 07:01:08','2016-07-23 07:01:08'),(261,'quianonprovidentomnis','2016-07-23 07:01:08','2016-07-23 07:01:08'),(262,'autdolorem','2016-07-23 07:01:08','2016-07-23 07:01:08'),(263,'molestiaeestnonnihilmaiores','2016-07-23 07:01:08','2016-07-23 07:01:08'),(264,'laborumquiafacilisvoluptas','2016-07-23 07:01:08','2016-07-23 07:01:08'),(265,'consectetursolutaadipisciremconsequatur','2016-07-23 07:01:08','2016-07-23 07:01:08'),(266,'velittemporibus','2016-07-18 00:00:00','2016-07-18 00:00:00'),(267,'uteaconsequaturvoluptatem','2016-07-18 00:00:00','2016-07-18 00:00:00'),(268,'modisuntnobisaperiamminus','2016-07-18 00:00:00','2016-07-18 00:00:00'),(269,'facilissaepead','2016-07-18 00:00:00','2016-07-18 00:00:00'),(270,'excepturidebitisetutvel','2016-07-18 00:00:00','2016-07-18 00:00:00');
/*!40000 ALTER TABLE `suppliers` ENABLE KEYS */;
UNLOCK TABLES;

--
-- Table structure for table `users`
--

DROP TABLE IF EXISTS `users`;
/*!40101 SET @saved_cs_client     = @@character_set_client */;
/*!40101 SET character_set_client = utf8 */;
CREATE TABLE `users` (
  `id` int(11) NOT NULL AUTO_INCREMENT,
  `login` varchar(255) COLLATE utf8_unicode_ci DEFAULT NULL,
  `firstname` varchar(255) COLLATE utf8_unicode_ci DEFAULT NULL,
  `lastname` varchar(255) COLLATE utf8_unicode_ci DEFAULT NULL,
  `phone` varchar(255) COLLATE utf8_unicode_ci DEFAULT NULL,
  `authentication_system_id` int(11) DEFAULT '1',
  `unique_id` varchar(255) COLLATE utf8_unicode_ci DEFAULT NULL,
  `email` varchar(255) COLLATE utf8_unicode_ci DEFAULT NULL,
  `badge_id` varchar(255) COLLATE utf8_unicode_ci DEFAULT NULL,
  `address` varchar(255) COLLATE utf8_unicode_ci DEFAULT NULL,
  `city` varchar(255) COLLATE utf8_unicode_ci DEFAULT NULL,
  `zip` varchar(255) COLLATE utf8_unicode_ci DEFAULT NULL,
  `country` varchar(255) COLLATE utf8_unicode_ci DEFAULT NULL,
  `language_id` int(11) DEFAULT NULL,
  `extended_info` text COLLATE utf8_unicode_ci,
  `settings` varchar(1024) COLLATE utf8_unicode_ci DEFAULT NULL,
  `created_at` datetime DEFAULT NULL,
  `updated_at` datetime DEFAULT NULL,
  `delegator_user_id` int(11) DEFAULT NULL,
  PRIMARY KEY (`id`),
  KEY `index_users_on_authentication_system_id` (`authentication_system_id`),
  KEY `users_language_id_fk` (`language_id`),
  KEY `users_delegator_user_id_fk` (`delegator_user_id`),
  CONSTRAINT `users_delegator_user_id_fk` FOREIGN KEY (`delegator_user_id`) REFERENCES `users` (`id`),
  CONSTRAINT `users_authentication_system_id_fk` FOREIGN KEY (`authentication_system_id`) REFERENCES `authentication_systems` (`id`),
  CONSTRAINT `users_language_id_fk` FOREIGN KEY (`language_id`) REFERENCES `languages` (`id`)
) ENGINE=InnoDB AUTO_INCREMENT=37 DEFAULT CHARSET=utf8 COLLATE=utf8_unicode_ci;
/*!40101 SET character_set_client = @saved_cs_client */;

--
-- Dumping data for table `users`
--

LOCK TABLES `users` WRITE;
/*!40000 ALTER TABLE `users` DISABLE KEYS */;
INSERT INTO `users` VALUES (1,'ramon','Ramon','C.','08548904609',1,'imrwdr2wc659j26rnf','ramon@zhdk.ch','q9cgvysvjhjh6rz1n2','9830 Tromp Dam','South Evans','K-T2 3BW','Kiribati',3,NULL,'--- !ruby/hash:ActiveSupport::HashWithIndifferentAccess {}\n','2016-07-23 07:01:08','2016-07-23 07:01:08',NULL),(2,'jarod_adams_9158','Jeff','Gleason','01477666212',1,'izpvgfzlf53gqw4huu','kyle@boyle.info','88fkyek906pc46na31','8088 Herman Rest','North Vanessahaven','E-Z5 2JS','Egypt',1,NULL,'--- !ruby/hash:ActiveSupport::HashWithIndifferentAccess {}\n','2016-07-23 07:01:08','2016-07-23 07:01:08',NULL),(3,'bailey_8538','Cyrus','Vandervort','08196915013',1,'a7v3z8j0095kxl1t6y','emiliano@gorczanyzboncak.name','008ua2vmbp9junhrh2','80844 Doug Trail','North Anyachester','M-SH40 7HL','Mayotte',1,NULL,'--- !ruby/hash:ActiveSupport::HashWithIndifferentAccess {}\n','2016-07-23 07:01:08','2016-07-23 07:01:08',NULL),(4,'mortimer_438','Noe','Maggio','05617003383',1,'dklovamgycwjaedix3','giovanni@rogahn.com','5krlhln7ondegfzsfm','99053 Viva Wells','New Brookschester','T-Z0A 9WJ','Tunisia',1,NULL,'--- !ruby/hash:ActiveSupport::HashWithIndifferentAccess {}\n','2016-07-23 07:01:08','2016-07-23 07:01:08',NULL),(5,'jaleel.prosacco_1188','Eulah','Rutherford','01910130239',1,'5wqnlkoxrjpsgcdza2','rhianna@hermann.com','fz73y1nkkykgh9izyy','4343 Moen Harbor','Lakinville','B-U3 7FN','Belarus',1,NULL,'--- !ruby/hash:ActiveSupport::HashWithIndifferentAccess {}\n','2016-07-23 07:01:08','2016-07-23 07:01:08',NULL),(6,'madonna_8962','Imani','Raynor','08002136422',1,'1bv1iuiqnol9tb5acw','abe@oconner.biz','85csh77a09qzm4ay3z','5924 Virgil Vista','South Darius','G-ZA8Y 5BQ','Germany',1,NULL,'--- !ruby/hash:ActiveSupport::HashWithIndifferentAccess {}\n','2016-07-23 07:01:08','2016-07-23 07:01:08',NULL),(7,'casimer.bruen_1456','Rex','Braun','01756641656',1,'i4jy8r3h3ts4qb45pn','lillian@grimes.com','pav6tkj5auogfjpph1','61517 Mona Gardens','Lake Nyasiamouth','D-YD1 1RT','Djibouti',1,NULL,'--- !ruby/hash:ActiveSupport::HashWithIndifferentAccess {}\n','2016-07-23 07:01:08','2016-07-23 07:01:08',NULL),(8,'matti','Matti','S.','0169773765',1,'8pjdmnvd8pv2bc7mqq','matti@zhdk.ch','g9fhi3e3ia5rhqios9','4731 Reinger Trafficway','Kuphalshire','N-WU9 5BA','Norway',3,NULL,'--- !ruby/hash:ActiveSupport::HashWithIndifferentAccess {}\n','2016-07-23 07:01:08','2016-07-23 07:01:08',NULL),(9,'mike','Mike','H.','0800842991',1,'mb8oqxs9vkm772wvw4','mike@zhdk.ch','65keqyasrdkel53lce','9262 Nia Manor','Waylonmouth','G-Z1A 1AL','Germany',3,NULL,'--- !ruby/hash:ActiveSupport::HashWithIndifferentAccess {}\n','2016-07-23 07:01:08','2016-07-23 07:01:08',NULL),(10,'pius','Pius','Ratke','01390768018',1,'1trztydlj57igl0sl3','pius@zhdk.ch','0q9wkhor45nd9rripj','4174 Elliott Ferry','Predovicberg','A-KE4 6XL','Argentina',3,NULL,'--- !ruby/hash:ActiveSupport::HashWithIndifferentAccess {}\n','2016-07-23 07:01:08','2016-07-23 07:01:08',NULL),(11,'peter','Peter','Silie','0500270500',1,'5k5we6lvekkrrqzrf4','peter@silie.com','238nb33wd5k9u4ehpt','8740 Maryse Drives','Harberfort','P-T0N 8BJ','Portugal',3,NULL,'--- !ruby/hash:ActiveSupport::HashWithIndifferentAccess {}\n','2016-07-23 07:01:08','2016-07-23 07:01:08',NULL),(12,'daren.zboncak_6398','Ansel','Corkery','0169772903',1,'82nqwfjmtvbi0r8veu','eve.heaney@gaylord.name','umyragznml1z8986ey','140 Hackett Prairie','Runteborough','Q-Z0 9HJ','Qatar',1,NULL,'--- !ruby/hash:ActiveSupport::HashWithIndifferentAccess {}\n','2016-07-23 07:01:08','2016-07-23 07:01:08',NULL),(13,'trinity_6780','Guido','Leannon','05552544512',1,'cfa44sk00am858jb1a','prince@heel.com','5nhsmycu7o39571ulm','44493 Weimann Mountains','Leopoldfurt','D-Z5 3LA','Denmark',1,NULL,'--- !ruby/hash:ActiveSupport::HashWithIndifferentAccess {}\n','2016-07-23 07:01:08','2016-07-23 07:01:08',NULL),(14,'jayden_506','Scottie','Schuster','02150652449',1,'5a1jpcodji1l5v8l1r','shemar@adams.co.uk','m70mlsf12pmk5j52oz','145 Hansen Camp','Port Eleanorefort','P-W3 8JA','Philippines',1,NULL,'--- !ruby/hash:ActiveSupport::HashWithIndifferentAccess {}\n','2016-07-23 07:01:08','2016-07-23 07:01:08',NULL),(15,'abbigail_7573','Connie','Kunze','03917702093',1,'izyyvsi7vi2sptz2bn','margot@rippin.biz','y6n94s65ls1hwt61p3','17630 Deckow Well','Dachfurt','G-PH0 6AX','Guernsey',1,NULL,'--- !ruby/hash:ActiveSupport::HashWithIndifferentAccess {}\n','2016-07-23 07:01:08','2016-07-23 07:01:08',NULL),(16,'dawson_7462','Dawson','Hayes','02563517522',1,'dny1owkm4ci08qbmet','mckayla@greenfelderharber.co.uk','23v6tiw297t85f8wtv','1554 Bettie Path','New Taramouth','Z-T0 8TT','Zambia',1,NULL,'--- !ruby/hash:ActiveSupport::HashWithIndifferentAccess {}\n','2016-07-18 00:00:00','2016-07-18 00:00:00',NULL),(17,'enid_7024','Gene','Green','0162494135',1,'obejyqaumtzc2krhm2','aimee@grimes.co.uk','43kb6hnrl7j98wd80s','3876 Bogan Burg','East Orphaville','G-W9N 1LL','Greece',1,NULL,'--- !ruby/hash:ActiveSupport::HashWithIndifferentAccess {}\n','2016-07-18 00:00:00','2016-07-18 00:00:00',NULL),(18,'madge.cole_4103','Nyah','Mueller','05642173247',1,'68jau0gqoagevscznv','rhianna_raynor@pagac.name','zp70z744lvrymb3fvr','10426 Arlie Squares','Eunaland','F-S3 1JJ','French Polynesia',1,NULL,'--- !ruby/hash:ActiveSupport::HashWithIndifferentAccess {}\n','2016-07-23 07:01:08','2016-07-23 07:01:08',NULL),(19,'brannon_bogan_9481','Claude','Sawayn','0800551881',1,'clwzym5v7pujq67fox','polly@auer.name','z4892bvsynsi7trxh2','4039 Vandervort Terrace','Connellyland','Z-U58 2WL','Zimbabwe',1,NULL,'--- !ruby/hash:ActiveSupport::HashWithIndifferentAccess {}\n','2016-07-23 07:01:08','2016-07-23 07:01:08',NULL),(20,'normin','Normin','N.','08005668275',1,'2vftwbcg5jw72y5xu9','normin@zhdk.ch','n72vszgd85rn3kylug','959 Wisoky Lake','New Larry','M-W1 3BB','Morocco',3,NULL,'--- !ruby/hash:ActiveSupport::HashWithIndifferentAccess {}\n','2016-07-23 07:01:08','2016-07-23 07:01:08',NULL),(21,'andi','Andi','McGlynn','01123782962',1,'l41b8toeb4p3yl1p1a','andi@zhdk.ch','p726vjmvx0qpniulzw','873 Marisol Lights','Charlenefurt','U-U5 3GY','United Kingdom',3,NULL,'--- !ruby/hash:ActiveSupport::HashWithIndifferentAccess {}\n','2016-07-23 07:01:08','2016-07-23 07:01:08',NULL),(22,'reagan_howell_319','Natalia','Little','08006493283',1,'sbjs59k9i2tlev000s','elbert_conn@kihnmedhurst.name','d1zvdf2uw73vf73wqz','179 Hilpert Pine','Rozellaland','S-E8 4EJ','Slovenia',3,NULL,'--- !ruby/hash:ActiveSupport::HashWithIndifferentAccess {}\n','2016-07-23 07:01:08','2016-07-23 07:01:08',NULL),(23,'alek_7154','Aidan','Fisher','01794431054',1,'cg9w9xip2zjxhno8rw','jordane@herzogchamplin.co.uk','n8ji8ezq9knxs1rbhl','6080 Mohr Squares','Port Brando','S-YH5 6BA','Saint Martin',1,NULL,'--- !ruby/hash:ActiveSupport::HashWithIndifferentAccess {}\n','2016-07-23 07:01:08','2016-07-23 07:01:08',NULL),(24,'jan_5315','Justen','Swift','02779572782',1,'d7gjf9l4c2wfdilvb4','fredrick.armstrong@oconnelllind.com','fbo392h3b8opimzakl','8736 Herta Bridge','Elishaside','V-KD3R 5FB','Virgin Islands, British',1,NULL,'--- !ruby/hash:ActiveSupport::HashWithIndifferentAccess {}\n','2016-07-23 07:01:08','2016-07-23 07:01:08',NULL),(25,'gilda.kulas_2948','Chauncey','Gerlach','08003764729',1,'5blhv5h1g6750ezp3f','kristy.damore@gusikowskischroeder.name','x074ko410e2qsqn9im','7372 Emerson Unions','Marquisborough','I-RY3M 6AS','Italy',1,NULL,'--- !ruby/hash:ActiveSupport::HashWithIndifferentAccess {}\n','2016-07-23 07:01:08','2016-07-23 07:01:08',NULL),(26,'letha_840','Damion','King','09513725962',1,'qpy6dw7s10v4jvlakq','cheyenne@collier.info','ergiji8bhelgiranvd','702 Dickinson Coves','East Albin','C-YA6 6WB','Costa Rica',1,NULL,'--- !ruby/hash:ActiveSupport::HashWithIndifferentAccess {}\n','2016-07-23 07:01:08','2016-07-23 07:01:08',NULL),(27,'arlo_8007','Esperanza','VonRueden','03361710256',1,'11c3ec26d4jk5wspi7','larry_collins@murphy.name','xsz54mtmi61xoukj4q','16843 Torrance Parkway','Cormierfort','R-W6E 3AJ','Reunion',1,NULL,'--- !ruby/hash:ActiveSupport::HashWithIndifferentAccess {}\n','2016-07-23 07:01:08','2016-07-23 07:01:08',NULL),(28,'petra','Petra','K.','03791291352',1,'yownghfipvi6buf7hq','petra@zhdk.ch','p4md2kovjtzzhx17s4','750 Mallie Junction, ','Roweborough','G-W8Y 3LB','Guadeloupe',3,NULL,'--- !ruby/hash:ActiveSupport::HashWithIndifferentAccess {}\n','2016-07-23 07:01:08','2016-07-23 07:01:08',NULL),(29,'lisa','Lisa','L.','05582158928',1,'k3v19v41g7mhvg7nkk','lisa@zhdk.ch','20u2v12uxqufhh4a9s','982 Bernardo Landing','Schoenburgh','S-T7M 6PJ','Somalia',3,NULL,'--- !ruby/hash:ActiveSupport::HashWithIndifferentAccess {}\n','2016-07-23 07:01:08','2016-07-23 07:01:08',NULL),(30,'mina','Mina','Dooley','01530837691',1,'7fka223p35d10pcuij','mina@zhdk.ch','mzh183mz1ps3o3kgz7','92411 Morton Square','Michelhaven','N-YR8B 9JJ','Northern Mariana Islands',1,NULL,'--- !ruby/hash:ActiveSupport::HashWithIndifferentAccess {}\n','2016-07-23 07:01:08','2016-07-23 07:01:08',NULL),(31,'gino','Gino','F.','0169772026',1,'t6oezb5dr75k2vuban','gino@zhdk.ch','enug5irc9si9uyoanx','5606 Alvina Burg','Buckridgebury','A-T44 9LB','Aruba',3,NULL,'--- !ruby/hash:ActiveSupport::HashWithIndifferentAccess {}\n','2016-07-23 07:01:08','2016-07-23 07:01:08',NULL),(32,'julie','Julie','Reinger','08364023739',1,'x1egygyxzfdpr9e01s','julie@zhdk.ch','r0uh2horbuaoz9epy6','16938 Glover Mall','Hahnburgh','L-W3 3TY','Lao People\'s Democratic Republic',1,NULL,'--- !ruby/hash:ActiveSupport::HashWithIndifferentAccess {}\n','2016-07-23 07:01:08','2016-07-23 07:01:08',NULL),(33,NULL,'Dignissimos accusamus vero suscipit aspernatur.',NULL,NULL,NULL,NULL,NULL,NULL,NULL,NULL,NULL,NULL,1,NULL,'--- !ruby/hash:ActiveSupport::HashWithIndifferentAccess {}\n','2016-07-23 07:01:08','2016-07-23 07:01:08',32),(34,NULL,'Veritatis et illum in at.',NULL,NULL,NULL,NULL,NULL,NULL,NULL,NULL,NULL,NULL,1,NULL,'--- !ruby/hash:ActiveSupport::HashWithIndifferentAccess {}\n','2016-07-23 07:01:08','2016-07-23 07:01:08',30),(35,NULL,'Repellat neque sit consequatur omnis est dolores optio autem.',NULL,NULL,NULL,NULL,NULL,NULL,NULL,NULL,NULL,NULL,1,NULL,'--- !ruby/hash:ActiveSupport::HashWithIndifferentAccess {}\n','2016-07-23 07:01:08','2016-07-23 07:01:08',30),(36,NULL,'Ullam nesciunt ea aut.',NULL,NULL,NULL,NULL,NULL,NULL,NULL,NULL,NULL,NULL,1,NULL,'--- !ruby/hash:ActiveSupport::HashWithIndifferentAccess {}\n','2016-07-23 07:01:08','2016-07-23 07:01:08',30);
/*!40000 ALTER TABLE `users` ENABLE KEYS */;
UNLOCK TABLES;

--
-- Temporary table structure for view `visit_lines`
--

DROP TABLE IF EXISTS `visit_lines`;
/*!50001 DROP VIEW IF EXISTS `visit_lines`*/;
SET @saved_cs_client     = @@character_set_client;
SET character_set_client = utf8;
/*!50001 CREATE TABLE `visit_lines` (
  `visit_id` tinyint NOT NULL,
  `inventory_pool_id` tinyint NOT NULL,
  `user_id` tinyint NOT NULL,
  `delegated_user_id` tinyint NOT NULL,
  `status` tinyint NOT NULL,
  `action` tinyint NOT NULL,
  `date` tinyint NOT NULL,
  `quantity` tinyint NOT NULL,
  `contract_line_id` tinyint NOT NULL
) ENGINE=MyISAM */;
SET character_set_client = @saved_cs_client;

--
-- Temporary table structure for view `visits`
--

DROP TABLE IF EXISTS `visits`;
/*!50001 DROP VIEW IF EXISTS `visits`*/;
SET @saved_cs_client     = @@character_set_client;
SET character_set_client = utf8;
/*!50001 CREATE TABLE `visits` (
  `id` tinyint NOT NULL,
  `inventory_pool_id` tinyint NOT NULL,
  `user_id` tinyint NOT NULL,
  `status` tinyint NOT NULL,
  `action` tinyint NOT NULL,
  `date` tinyint NOT NULL,
  `quantity` tinyint NOT NULL
) ENGINE=MyISAM */;
SET character_set_client = @saved_cs_client;

--
-- Table structure for table `workdays`
--

DROP TABLE IF EXISTS `workdays`;
/*!40101 SET @saved_cs_client     = @@character_set_client */;
/*!40101 SET character_set_client = utf8 */;
CREATE TABLE `workdays` (
  `id` int(11) NOT NULL AUTO_INCREMENT,
  `inventory_pool_id` int(11) DEFAULT NULL,
  `monday` tinyint(1) DEFAULT '1',
  `tuesday` tinyint(1) DEFAULT '1',
  `wednesday` tinyint(1) DEFAULT '1',
  `thursday` tinyint(1) DEFAULT '1',
  `friday` tinyint(1) DEFAULT '1',
  `saturday` tinyint(1) DEFAULT '0',
  `sunday` tinyint(1) DEFAULT '0',
  PRIMARY KEY (`id`),
  KEY `index_workdays_on_inventory_pool_id` (`inventory_pool_id`),
  CONSTRAINT `workdays_inventory_pool_id_fk` FOREIGN KEY (`inventory_pool_id`) REFERENCES `inventory_pools` (`id`) ON DELETE CASCADE
) ENGINE=InnoDB AUTO_INCREMENT=14 DEFAULT CHARSET=utf8 COLLATE=utf8_unicode_ci;
/*!40101 SET character_set_client = @saved_cs_client */;

--
-- Dumping data for table `workdays`
--

LOCK TABLES `workdays` WRITE;
/*!40000 ALTER TABLE `workdays` DISABLE KEYS */;
INSERT INTO `workdays` VALUES (1,1,1,1,1,1,1,0,0),(2,2,1,1,1,1,1,0,0),(3,3,1,1,1,1,1,0,0),(4,4,1,1,1,1,1,0,0),(5,5,1,1,1,1,1,0,0),(6,6,1,1,1,1,1,0,0),(7,7,1,1,1,1,1,0,0),(8,8,1,1,1,1,1,0,0),(9,9,1,1,1,1,1,0,0),(10,10,1,1,1,1,1,0,0),(11,11,1,1,1,1,1,0,0),(12,12,1,1,1,1,1,0,0),(13,13,1,1,1,1,1,0,0);
/*!40000 ALTER TABLE `workdays` ENABLE KEYS */;
UNLOCK TABLES;

--
-- Final view structure for view `partitions_with_generals`
--

/*!50001 DROP TABLE IF EXISTS `partitions_with_generals`*/;
/*!50001 DROP VIEW IF EXISTS `partitions_with_generals`*/;
/*!50001 SET @saved_cs_client          = @@character_set_client */;
/*!50001 SET @saved_cs_results         = @@character_set_results */;
/*!50001 SET @saved_col_connection     = @@collation_connection */;
/*!50001 SET character_set_client      = utf8 */;
/*!50001 SET character_set_results     = utf8 */;
/*!50001 SET collation_connection      = utf8_general_ci */;
/*!50001 CREATE ALGORITHM=UNDEFINED */
/*!50001 VIEW `partitions_with_generals` AS select `partitions`.`model_id` AS `model_id`,`partitions`.`inventory_pool_id` AS `inventory_pool_id`,`partitions`.`group_id` AS `group_id`,`partitions`.`quantity` AS `quantity` from `partitions` union select `i`.`model_id` AS `model_id`,`i`.`inventory_pool_id` AS `inventory_pool_id`,NULL AS `group_id`,(count(`i`.`id`) - ifnull((select sum(`p`.`quantity`) from `partitions` `p` where ((`p`.`model_id` = `i`.`model_id`) and (`p`.`inventory_pool_id` = `i`.`inventory_pool_id`)) group by `p`.`inventory_pool_id`,`p`.`model_id`),0)) AS `quantity` from `items` `i` where (isnull(`i`.`retired`) and (`i`.`is_borrowable` = 1) and isnull(`i`.`parent_id`)) group by `i`.`inventory_pool_id`,`i`.`model_id` */;
/*!50001 SET character_set_client      = @saved_cs_client */;
/*!50001 SET character_set_results     = @saved_cs_results */;
/*!50001 SET collation_connection      = @saved_col_connection */;

--
-- Final view structure for view `visit_lines`
--

/*!50001 DROP TABLE IF EXISTS `visit_lines`*/;
/*!50001 DROP VIEW IF EXISTS `visit_lines`*/;
/*!50001 SET @saved_cs_client          = @@character_set_client */;
/*!50001 SET @saved_cs_results         = @@character_set_results */;
/*!50001 SET @saved_col_connection     = @@collation_connection */;
/*!50001 SET character_set_client      = utf8 */;
/*!50001 SET character_set_results     = utf8 */;
/*!50001 SET collation_connection      = utf8_general_ci */;
/*!50001 CREATE ALGORITHM=UNDEFINED */
/*!50001 VIEW `visit_lines` AS select hex(concat_ws('_',if((`c`.`status` = 'approved'),`cl`.`start_date`,`cl`.`end_date`),`c`.`inventory_pool_id`,`c`.`user_id`,`c`.`status`)) AS `visit_id`,`c`.`inventory_pool_id` AS `inventory_pool_id`,`c`.`user_id` AS `user_id`,`c`.`delegated_user_id` AS `delegated_user_id`,`c`.`status` AS `status`,if((`c`.`status` = 'approved'),'hand_over','take_back') AS `action`,if((`c`.`status` = 'approved'),`cl`.`start_date`,`cl`.`end_date`) AS `date`,`cl`.`quantity` AS `quantity`,`cl`.`id` AS `contract_line_id` from (`contract_lines` `cl` join `contracts` `c` on((`cl`.`contract_id` = `c`.`id`))) where ((`c`.`status` in ('approved','signed')) and isnull(`cl`.`returned_date`)) order by if((`c`.`status` = 'approved'),`cl`.`start_date`,`cl`.`end_date`) */;
/*!50001 SET character_set_client      = @saved_cs_client */;
/*!50001 SET character_set_results     = @saved_cs_results */;
/*!50001 SET collation_connection      = @saved_col_connection */;

--
-- Final view structure for view `visits`
--

/*!50001 DROP TABLE IF EXISTS `visits`*/;
/*!50001 DROP VIEW IF EXISTS `visits`*/;
/*!50001 SET @saved_cs_client          = @@character_set_client */;
/*!50001 SET @saved_cs_results         = @@character_set_results */;
/*!50001 SET @saved_col_connection     = @@collation_connection */;
/*!50001 SET character_set_client      = utf8 */;
/*!50001 SET character_set_results     = utf8 */;
/*!50001 SET collation_connection      = utf8_general_ci */;
/*!50001 CREATE ALGORITHM=UNDEFINED */
/*!50001 VIEW `visits` AS select hex(concat_ws('_',`visit_lines`.`date`,`visit_lines`.`inventory_pool_id`,`visit_lines`.`user_id`,`visit_lines`.`status`)) AS `id`,`visit_lines`.`inventory_pool_id` AS `inventory_pool_id`,`visit_lines`.`user_id` AS `user_id`,`visit_lines`.`status` AS `status`,`visit_lines`.`action` AS `action`,`visit_lines`.`date` AS `date`,sum(`visit_lines`.`quantity`) AS `quantity` from `visit_lines` group by `visit_lines`.`user_id`,`visit_lines`.`status`,`visit_lines`.`date`,`visit_lines`.`inventory_pool_id` */;
/*!50001 SET character_set_client      = @saved_cs_client */;
/*!50001 SET character_set_results     = @saved_cs_results */;
/*!50001 SET collation_connection      = @saved_col_connection */;
/*!40103 SET TIME_ZONE=@OLD_TIME_ZONE */;

/*!40101 SET SQL_MODE=@OLD_SQL_MODE */;
/*!40014 SET FOREIGN_KEY_CHECKS=@OLD_FOREIGN_KEY_CHECKS */;
/*!40014 SET UNIQUE_CHECKS=@OLD_UNIQUE_CHECKS */;
/*!40101 SET CHARACTER_SET_CLIENT=@OLD_CHARACTER_SET_CLIENT */;
/*!40101 SET CHARACTER_SET_RESULTS=@OLD_CHARACTER_SET_RESULTS */;
/*!40101 SET COLLATION_CONNECTION=@OLD_COLLATION_CONNECTION */;
/*!40111 SET SQL_NOTES=@OLD_SQL_NOTES */;

-- Dump completed on 2014-10-16 12:03:48
COMMIT;
