SET autocommit=0; SET unique_checks=0; SET foreign_key_checks=0;
-- MySQL dump 10.13  Distrib 5.1.48, for apple-darwin10.3.0 (i386)
--
-- Host: localhost    Database: leihs2_test
-- ------------------------------------------------------
-- Server version	5.1.48

/*!40101 SET @OLD_CHARACTER_SET_CLIENT=@@CHARACTER_SET_CLIENT */;
/*!40101 SET @OLD_CHARACTER_SET_RESULTS=@@CHARACTER_SET_RESULTS */;
/*!40101 SET @OLD_COLLATION_CONNECTION=@@COLLATION_CONNECTION */;
/*!40101 SET NAMES utf8 */;
/*!40103 SET @OLD_TIME_ZONE=@@TIME_ZONE */;
/*!40103 SET TIME_ZONE='+00:00' */;
/*!40014 SET @OLD_UNIQUE_CHECKS=@@UNIQUE_CHECKS, UNIQUE_CHECKS=0 */;
/*!40014 SET @OLD_FOREIGN_KEY_CHECKS=@@FOREIGN_KEY_CHECKS, FOREIGN_KEY_CHECKS=0 */;
/*!40101 SET @OLD_SQL_MODE=@@SQL_MODE, SQL_MODE='NO_AUTO_VALUE_ON_ZERO' */;
/*!40111 SET @OLD_SQL_NOTES=@@SQL_NOTES, SQL_NOTES=0 */;

--
-- Table structure for table `access_rights`
--

DROP TABLE IF EXISTS `access_rights`;
/*!40101 SET @saved_cs_client     = @@character_set_client */;
/*!40101 SET character_set_client = utf8 */;
CREATE TABLE `access_rights` (
  `id` int(11) NOT NULL AUTO_INCREMENT,
  `user_id` int(11) DEFAULT NULL,
  `inventory_pool_id` int(11) DEFAULT NULL,
  `suspended_until` date DEFAULT NULL,
  `suspended_reason` text COLLATE utf8_unicode_ci,
  `deleted_at` date DEFAULT NULL,
  `created_at` datetime DEFAULT NULL,
  `updated_at` datetime DEFAULT NULL,
  `role` enum('customer','group_manager','lending_manager','inventory_manager','admin') COLLATE utf8_unicode_ci NOT NULL,
  PRIMARY KEY (`id`),
  KEY `index_access_rights_on_suspended_until` (`suspended_until`),
  KEY `index_access_rights_on_deleted_at` (`deleted_at`),
  KEY `index_access_rights_on_inventory_pool_id` (`inventory_pool_id`),
  KEY `index_access_rights_on_role` (`role`),
  KEY `index_on_user_id_and_inventory_pool_id_and_deleted_at` (`user_id`,`inventory_pool_id`,`deleted_at`)
) ENGINE=InnoDB AUTO_INCREMENT=42 DEFAULT CHARSET=utf8 COLLATE=utf8_unicode_ci;
/*!40101 SET character_set_client = @saved_cs_client */;

--
-- Dumping data for table `access_rights`
--

LOCK TABLES `access_rights` WRITE;
/*!40000 ALTER TABLE `access_rights` DISABLE KEYS */;
INSERT INTO `access_rights` VALUES (1,1,NULL,NULL,NULL,NULL,'2015-09-30 14:27:52','2015-09-30 14:27:52','admin'),(2,3,3,NULL,NULL,NULL,'2015-09-30 14:27:52','2015-09-30 14:27:52','customer'),(3,4,1,NULL,NULL,NULL,'2015-09-30 14:27:52','2015-09-30 14:27:52','lending_manager'),(4,5,5,NULL,NULL,NULL,'2015-09-30 14:27:52','2015-09-30 14:27:52','customer'),(5,6,10,NULL,NULL,NULL,'2015-09-30 14:27:52','2015-09-30 14:27:52','customer'),(6,7,1,NULL,NULL,'2015-09-30','2015-09-30 14:27:52','2015-09-30 14:27:52','customer'),(7,1,1,NULL,NULL,NULL,'2015-09-30 14:27:52','2015-09-30 14:27:52','customer'),(8,8,2,NULL,NULL,NULL,'2015-09-30 14:27:52','2015-09-30 14:27:52','inventory_manager'),(9,9,1,NULL,NULL,NULL,'2015-09-30 14:27:52','2015-09-30 14:27:52','inventory_manager'),(10,9,10,NULL,NULL,NULL,'2015-09-30 14:27:52','2015-09-30 14:27:52','inventory_manager'),(11,10,1,NULL,NULL,NULL,'2015-09-30 14:27:52','2015-09-30 14:27:52','group_manager'),(12,10,2,NULL,NULL,NULL,'2015-09-30 14:27:52','2015-09-30 14:27:52','group_manager'),(13,10,3,NULL,NULL,NULL,'2015-09-30 14:27:52','2015-09-30 14:27:52','group_manager'),(14,11,1,NULL,NULL,NULL,'2015-09-30 14:27:52','2015-09-30 14:27:52','group_manager'),(15,12,1,NULL,NULL,NULL,'2015-09-30 14:27:52','2015-09-30 14:27:52','customer'),(16,13,1,'2015-09-30','suspreason',NULL,'2015-09-30 14:27:52','2015-09-30 14:27:52','customer'),(17,14,1,NULL,NULL,NULL,'2015-09-30 14:27:52','2015-09-30 14:27:52','customer'),(18,15,1,NULL,NULL,NULL,'2015-09-30 14:27:52','2015-09-30 14:27:52','customer'),(19,16,1,NULL,NULL,NULL,'2015-09-30 14:27:52','2015-09-30 14:27:52','customer'),(20,17,NULL,NULL,NULL,NULL,'2015-09-30 14:27:52','2015-09-30 14:27:52','admin'),(21,18,1,NULL,NULL,NULL,'2015-09-30 14:27:52','2015-09-30 14:27:52','lending_manager'),(22,18,2,NULL,NULL,NULL,'2015-09-30 14:27:52','2015-09-30 14:27:52','lending_manager'),(23,19,1,NULL,NULL,NULL,'2015-09-30 14:27:52','2015-09-30 14:27:52','customer'),(24,20,1,NULL,NULL,NULL,'2015-09-30 14:27:52','2015-09-30 14:27:52','customer'),(25,21,1,NULL,NULL,NULL,'2015-09-30 14:27:52','2015-09-30 14:27:52','customer'),(26,22,1,NULL,NULL,NULL,'2015-09-30 14:27:52','2015-09-30 14:27:52','customer'),(27,23,1,NULL,NULL,NULL,'2015-09-30 14:27:52','2015-09-30 14:27:52','customer'),(28,24,2,'2015-09-26','Porro quia sint nulla vitae et maxime.',NULL,'2015-09-25 00:00:00','2015-09-25 00:00:00','customer'),(29,26,1,NULL,NULL,NULL,'2015-09-30 14:27:52','2015-09-30 14:27:52','customer'),(30,27,1,NULL,NULL,NULL,'2015-09-30 14:27:52','2015-09-30 14:27:52','customer'),(31,28,1,NULL,NULL,NULL,'2015-09-30 14:27:52','2015-09-30 14:27:52','customer'),(32,29,1,NULL,NULL,NULL,'2015-09-30 14:27:52','2015-09-30 14:27:52','customer'),(33,31,1,NULL,NULL,NULL,'2015-09-30 14:27:52','2015-09-30 14:27:52','customer'),(34,31,12,NULL,NULL,NULL,'2015-09-30 14:27:52','2015-09-30 14:27:52','customer'),(35,31,13,NULL,NULL,NULL,'2015-09-30 14:27:52','2015-09-30 14:27:52','customer'),(36,32,1,NULL,NULL,NULL,'2015-09-30 14:27:52','2015-09-30 14:27:52','customer'),(37,32,2,NULL,NULL,NULL,'2015-09-30 14:27:52','2015-09-30 14:27:52','customer'),(38,32,3,NULL,NULL,NULL,'2015-09-30 14:27:52','2015-09-30 14:27:52','customer'),(39,32,13,NULL,NULL,'2015-09-29','2015-09-30 14:27:52','2015-09-30 14:27:52','customer'),(40,33,1,NULL,NULL,NULL,'2015-09-30 14:27:52','2015-09-30 14:27:52','customer'),(41,34,1,NULL,NULL,NULL,'2015-09-30 14:27:52','2015-09-30 14:27:52','customer');
/*!40000 ALTER TABLE `access_rights` ENABLE KEYS */;
UNLOCK TABLES;

--
-- Table structure for table `accessories`
--

DROP TABLE IF EXISTS `accessories`;
/*!40101 SET @saved_cs_client     = @@character_set_client */;
/*!40101 SET character_set_client = utf8 */;
CREATE TABLE `accessories` (
  `id` int(11) NOT NULL AUTO_INCREMENT,
  `model_id` int(11) DEFAULT NULL,
  `name` varchar(255) COLLATE utf8_unicode_ci DEFAULT NULL,
  `quantity` int(11) DEFAULT NULL,
  PRIMARY KEY (`id`),
  KEY `index_accessories_on_model_id` (`model_id`)
) ENGINE=InnoDB AUTO_INCREMENT=452 DEFAULT CHARSET=utf8 COLLATE=utf8_unicode_ci;
/*!40101 SET character_set_client = @saved_cs_client */;

--
-- Dumping data for table `accessories`
--

LOCK TABLES `accessories` WRITE;
/*!40000 ALTER TABLE `accessories` DISABLE KEYS */;
INSERT INTO `accessories` VALUES (1,1,'Otho Senger Sr.',NULL),(2,1,'Sydney Jenkins',NULL),(3,1,'Chelsea Johnson',NULL),(4,1,'Aurelie Bogan I',NULL),(5,2,'Michelle DuBuque',NULL),(6,2,'Johnathon Jakubowski',NULL),(7,2,'Mr. Ethyl Labadie',NULL),(8,2,'Alicia Grady',NULL),(9,2,'Rafaela Ferry',NULL),(10,3,'Clark Lebsack',NULL),(11,4,'Dr. Alf Quitzon',NULL),(12,4,'Aniyah Auer V',NULL),(13,4,'Derek Funk',NULL),(14,4,'Rodrick Lueilwitz I',NULL),(15,4,'Isabella Graham',NULL),(16,5,'Boyd Jacobson',NULL),(17,5,'Dagmar Hermiston MD',NULL),(18,5,'Leon Turcotte',NULL),(19,5,'Miss Marcelo Stracke',NULL),(20,5,'Gage Hauck',NULL),(21,6,'Althea Ebert',NULL),(22,7,'Ashlynn Boyle',NULL),(23,8,'Jared Feeney V',NULL),(24,8,'Agustin Leuschke',NULL),(25,8,'Miss Violet Legros',NULL),(26,8,'Dr. Lane Lehner',NULL),(27,9,'Morris Boyle',NULL),(28,9,'Eriberto Fisher',NULL),(29,9,'Mable Dickens',NULL),(30,10,'Nash Goldner',NULL),(31,10,'Baylee Quitzon',NULL),(32,10,'Zachery Rau',NULL),(33,11,'Gaetano Will',NULL),(34,11,'Titus Predovic',NULL),(35,11,'Miss Dagmar Goodwin',NULL),(36,12,'Ms. Kade Sanford',NULL),(37,13,'Mae Jones',NULL),(38,14,'Ashleigh Kuhic',NULL),(39,14,'Beaulah Trantow',NULL),(40,15,'Laurine Bogisich',NULL),(41,15,'Jasper Spinka',NULL),(42,15,'Robbie Reichel',NULL),(43,15,'Adam Macejkovic',NULL),(44,16,'Mrs. Leslie Marks',NULL),(45,16,'Roselyn Dare Jr.',NULL),(46,16,'Xzavier Schinner',NULL),(47,16,'Sim Borer',NULL),(48,17,'Maya Glover I',NULL),(49,17,'Alejandrin Casper',NULL),(50,17,'Baron Franecki',NULL),(51,17,'Camden Durgan',NULL),(52,17,'Mr. Garnet Schinner',NULL),(53,18,'Rebeca Kessler',NULL),(54,18,'Estrella Stark',NULL),(55,18,'Therese Stark',NULL),(56,18,'Dovie Gulgowski',NULL),(57,18,'Lucile Kerluke',NULL),(58,19,'Cristian Jacobs',NULL),(59,19,'Kyleigh Deckow',NULL),(60,19,'Dean Batz PhD',NULL),(61,19,'Braxton Grady',NULL),(62,20,'Yadira Murazik II',NULL),(63,20,'Rachael Goyette',NULL),(64,20,'Arvel Jones',NULL),(65,21,'Marisa Runolfsson DVM',NULL),(66,21,'Mr. Mohamed Cremin',NULL),(67,22,'Arvid Jones',NULL),(68,22,'Giovani Mueller',NULL),(69,23,'Mrs. Mikel Gottlieb',NULL),(70,23,'Ava Witting',NULL),(71,23,'Emerald Huels',NULL),(72,24,'Miss Idell Ernser',NULL),(73,24,'Genoveva Jacobs',NULL),(74,24,'Dr. Evelyn Welch',NULL),(75,25,'Justyn Kuhlman',NULL),(76,25,'Jalen Connelly',NULL),(77,25,'Sheridan Hoeger',NULL),(78,25,'Clay Armstrong IV',NULL),(79,25,'Nico Davis',NULL),(80,26,'Chester Wiza MD',NULL),(81,26,'Murl Kling',NULL),(82,27,'Brandyn Hermiston',NULL),(83,27,'Johnny O\'Kon',NULL),(84,28,'Jordan Rogahn',NULL),(85,28,'Jared Haag',NULL),(86,28,'Mark Block',NULL),(87,28,'Lawson Gutmann',NULL),(88,29,'Abigale Satterfield',NULL),(89,30,'Mya Hintz',NULL),(90,30,'Dawson Farrell Sr.',NULL),(91,30,'Delilah Feest',NULL),(92,30,'Bill Vandervort',NULL),(93,30,'Albert Wilkinson V',NULL),(94,31,'Kattie Rolfson',NULL),(95,31,'Bret Macejkovic',NULL),(96,31,'Alex Crist PhD',NULL),(97,31,'Savannah Toy',NULL),(98,31,'Heather Lueilwitz',NULL),(99,32,'Mrs. Tania Bayer',NULL),(100,32,'Mrs. Minerva Hand',NULL),(101,32,'Muhammad Williamson',NULL),(102,33,'Nickolas Braun',NULL),(103,33,'Alvena Morar',NULL),(104,33,'Celia Bradtke',NULL),(105,33,'Ms. Dolores Gutmann',NULL),(106,34,'Norberto Wisozk',NULL),(107,34,'Edmond Hickle',NULL),(108,34,'Jovanny Bernhard',NULL),(109,35,'Halie Gleichner',NULL),(110,35,'Princess Yundt',NULL),(111,35,'Kamryn Hyatt',NULL),(112,35,'Mohammad Christiansen',NULL),(113,36,'Demario Marvin',NULL),(114,36,'Ivory Bayer',NULL),(115,36,'Trevion Stracke',NULL),(116,36,'Shaun Watsica',NULL),(117,37,'Everardo Schinner',NULL),(118,37,'Sarai Leuschke',NULL),(119,37,'Desmond Shields',NULL),(120,37,'Lacey Pfannerstill',NULL),(121,37,'Vita Gislason',NULL),(122,38,'Bridgette Rosenbaum',NULL),(123,39,'Nathanial Bins',NULL),(124,39,'Monty Hilpert Jr.',NULL),(125,40,'Mr. Melba Watsica',NULL),(126,40,'Rocky Brakus',NULL),(127,40,'Braden Smith',NULL),(128,40,'Dalton Cremin PhD',NULL),(129,40,'Eugenia Mayer I',NULL),(130,41,'Miss Jeromy Feest',NULL),(131,41,'Imani Wiza',NULL),(132,42,'Leilani Prohaska',NULL),(133,42,'Lamar Turner',NULL),(134,42,'Jaleel Zieme',NULL),(135,42,'Aimee Monahan',NULL),(136,42,'Tyreek Maggio',NULL),(137,43,'Devyn Crist',NULL),(138,44,'Mrs. Joe Hirthe',NULL),(139,44,'Terrence Tillman',NULL),(140,44,'Callie Jenkins',NULL),(141,44,'Max Brown',NULL),(142,45,'Bertha Senger',NULL),(143,45,'Katherine Kuphal',NULL),(144,46,'Victor Rolfson',NULL),(145,46,'Kobe Kassulke',NULL),(146,46,'Meaghan Padberg',NULL),(147,47,'Mr. Lonzo Ferry',NULL),(148,48,'Brandyn Cummings',NULL),(149,49,'Mrs. Jeanne McClure',NULL),(150,49,'Ciara Oberbrunner',NULL),(151,50,'Kristoffer Hintz',NULL),(152,50,'Moises Mraz',NULL),(153,50,'Merl Bergstrom IV',NULL),(154,51,'Gene Hoeger',NULL),(155,51,'Maynard Stamm MD',NULL),(156,52,'Lucienne Kutch V',NULL),(157,53,'Curt Roberts',NULL),(158,54,'Dr. Burley Waters',NULL),(159,55,'Cassandre Kessler',NULL),(160,55,'Agnes Bosco',NULL),(161,55,'Florian Homenick',NULL),(162,55,'Casandra Quigley',NULL),(163,56,'Pedro Deckow',NULL),(164,56,'Einar Parker',NULL),(165,57,'Miss Makenzie Brekke',NULL),(166,57,'Fidel Mills',NULL),(167,57,'Mr. Rory VonRueden',NULL),(168,58,'Eriberto Leffler IV',NULL),(169,58,'Marcelle Schulist',NULL),(170,59,'Mrs. Janice Hoppe',NULL),(171,59,'Miss Thad Hayes',NULL),(172,59,'Griffin DuBuque',NULL),(173,59,'Augustus Kuvalis',NULL),(174,59,'Loma Leuschke',NULL),(175,60,'Gilbert Schultz',NULL),(176,60,'Rudy Bruen',NULL),(177,60,'Miss Crawford Franecki',NULL),(178,61,'Christa Ziemann Jr.',NULL),(179,61,'Miss Elwyn Gutmann',NULL),(180,62,'Adam Ankunding II',NULL),(181,62,'Carlie Becker',NULL),(182,62,'Isabel Haley',NULL),(183,63,'Malachi O\'Conner',NULL),(184,63,'Elvera Zulauf',NULL),(185,63,'Jarret Schiller',NULL),(186,63,'Tito Stamm',NULL),(187,63,'Oswald Bernhard',NULL),(188,64,'Uriah Willms',NULL),(189,64,'Hardy Lowe',NULL),(190,64,'Norma Runolfsdottir',NULL),(191,64,'Roslyn Treutel',NULL),(192,65,'Willa Leannon III',NULL),(193,66,'Arlo Halvorson',NULL),(194,66,'Johnny Douglas DDS',NULL),(195,66,'Aurelia Purdy',NULL),(196,66,'Monroe Glover',NULL),(197,67,'Gracie Rohan',NULL),(198,67,'Alisa Mueller I',NULL),(199,67,'Rocky Schulist',NULL),(200,67,'Eliane Ziemann',NULL),(201,67,'Opal Ernser',NULL),(202,68,'Letitia Hamill Sr.',NULL),(203,68,'Marques Heidenreich',NULL),(204,68,'Larissa Okuneva II',NULL),(205,68,'Dr. Odie Roberts',NULL),(206,69,'Bessie Roberts III',NULL),(207,69,'Scottie Beier',NULL),(208,69,'Maymie Boyle',NULL),(209,69,'Nia Leannon',NULL),(210,70,'Miss Julio Kreiger',NULL),(211,70,'Ms. Cornelius McLaughlin',NULL),(212,70,'Talia Waters',NULL),(213,71,'Mallie Sawayn',NULL),(214,71,'Kyler Franecki',NULL),(215,71,'Mrs. Gaylord Labadie',NULL),(216,71,'Francisca Schultz DVM',NULL),(217,71,'Bianka Borer',NULL),(218,72,'Brenna Howe',NULL),(219,72,'Miss Casey Lueilwitz',NULL),(220,72,'Carlos Kerluke Sr.',NULL),(221,72,'Marco Hayes',NULL),(222,72,'Dr. Rebeka Bartoletti',NULL),(223,73,'Janessa Ryan',NULL),(224,73,'Estel Kemmer',NULL),(225,73,'Rosalinda Koelpin',NULL),(226,73,'Joanie Upton',NULL),(227,74,'Teagan Lubowitz',NULL),(228,74,'Justyn Kuhic',NULL),(229,75,'Tressie Klocko DVM',NULL),(230,75,'Mr. Zena Friesen',NULL),(231,75,'Eleanora Okuneva',NULL),(232,75,'Charley Wuckert',NULL),(233,75,'Jean Kreiger',NULL),(234,76,'Carey Bruen',NULL),(235,76,'Lillian Schimmel',NULL),(236,76,'Elmo Schoen',NULL),(237,76,'Leslie Zboncak',NULL),(238,76,'Monte Willms',NULL),(239,77,'Ibrahim Lowe',NULL),(240,77,'Frederique Ziemann Sr.',NULL),(241,77,'Mr. Antonetta Connelly',NULL),(242,78,'Bernadine Farrell',NULL),(243,79,'Miss Skylar Bashirian',NULL),(244,79,'Nola Berge',NULL),(245,79,'Theresia Schulist II',NULL),(246,80,'Anna Schroeder',NULL),(247,80,'Gracie O\'Kon',NULL),(248,81,'Rhiannon Wilkinson',NULL),(249,81,'Ruth Kertzmann',NULL),(250,81,'Justen Schneider',NULL),(251,81,'Keanu Mayer',NULL),(252,81,'Brooklyn King',NULL),(253,82,'Cara Greenholt',NULL),(254,82,'Anastacio Hamill',NULL),(255,83,'Gerson Torp',NULL),(256,83,'Maverick Volkman',NULL),(257,83,'Megane Stracke',NULL),(258,83,'Wava Nolan',NULL),(259,83,'Jabari Kihn',NULL),(260,84,'Kellie Abshire MD',NULL),(261,84,'Tessie Berge',NULL),(262,84,'Marquis Kovacek',NULL),(263,85,'Kyle Huels',NULL),(264,85,'Easter Ledner DDS',NULL),(265,85,'Nya Macejkovic',NULL),(266,85,'Eve Dickens',NULL),(267,86,'Mrs. Dereck DuBuque',NULL),(268,86,'Mr. Shirley Harris',NULL),(269,86,'Miss Ethel Hoppe',NULL),(270,86,'Alden Rempel',NULL),(271,86,'Carlos Brekke',NULL),(272,87,'Cassidy Feil',NULL),(273,87,'Zechariah Wiza',NULL),(274,88,'Miss Gennaro Simonis',NULL),(275,88,'Lambert Smitham',NULL),(276,89,'Sandrine Casper MD',NULL),(277,89,'Arely Raynor',NULL),(278,90,'Lloyd O\'Keefe I',NULL),(279,91,'Mohammad Bahringer',NULL),(280,91,'Elbert Reilly',NULL),(281,91,'Miss Brionna Carroll',NULL),(282,91,'Neha Wiegand',NULL),(283,92,'Javier Ferry',NULL),(284,92,'Alena Rolfson',NULL),(285,92,'Jaron Schulist DVM',NULL),(286,93,'Kenya Marvin',NULL),(287,93,'Miss Nicolas Rutherford',NULL),(288,93,'Johnathon Roberts IV',NULL),(289,94,'Lelah Berge',NULL),(290,94,'Nikita Jerde MD',NULL),(291,94,'Mrs. Miles White',NULL),(292,94,'Landen Wilderman Jr.',NULL),(293,95,'Napoleon Jast',NULL),(294,95,'Genevieve Schroeder',NULL),(295,95,'Dahlia Larkin',NULL),(296,95,'Pink O\'Hara',NULL),(297,95,'Greta Simonis',NULL),(298,96,'Saul Johns',NULL),(299,96,'Oda Monahan',NULL),(300,96,'Lamont Gislason',NULL),(301,96,'Herminio Murazik',NULL),(302,96,'Percy Wyman',NULL),(303,97,'Amalia Hansen',NULL),(304,97,'Ferne Haley',NULL),(305,98,'Amos Huels',NULL),(306,98,'Ricky Jacobs',NULL),(307,98,'Ms. Ariel Sporer',NULL),(308,98,'Patrick Hoppe',NULL),(309,98,'Jett Brekke',NULL),(310,99,'Sadye Labadie',NULL),(311,99,'Scot Lindgren',NULL),(312,100,'Karen Pouros II',NULL),(313,100,'Lolita Wyman',NULL),(314,100,'Yazmin Nader DDS',NULL),(315,100,'Silas Yost DDS',NULL),(316,101,'Jazmin Adams',NULL),(317,101,'Aletha Renner V',NULL),(318,101,'John Rippin',NULL),(319,101,'Felicity Williamson DVM',NULL),(320,102,'Neha Walter',NULL),(321,102,'Maybell Watsica',NULL),(322,102,'Delfina McCullough',NULL),(323,103,'Bernardo Gleason',NULL),(324,103,'Maria Schroeder',NULL),(325,103,'Hunter Kling',NULL),(326,103,'Miss Abbie Hand',NULL),(327,104,'Jane Medhurst',NULL),(328,104,'Leanna Medhurst',NULL),(329,104,'Miss Michale Kertzmann',NULL),(330,104,'Javon Rath',NULL),(331,104,'Maurine Schaefer DDS',NULL),(332,105,'Wade Runte',NULL),(333,105,'Melody Nolan',NULL),(334,105,'Mr. Abigail Bogisich',NULL),(335,106,'Miss Lura Hermann',NULL),(336,107,'Ms. Macey Heidenreich',NULL),(337,108,'Hazel Leuschke',NULL),(338,109,'Amara Conroy IV',NULL),(339,109,'Mallie Altenwerth',NULL),(340,109,'Geraldine Nitzsche IV',NULL),(341,109,'Dr. Meda Quitzon',NULL),(342,109,'Mabelle Schultz',NULL),(343,110,'Mr. Dannie Mante',NULL),(344,110,'Arturo Klocko',NULL),(345,110,'Greta Mills',NULL),(346,110,'Iva Cormier',NULL),(347,111,'Mr. Justine Ziemann',NULL),(348,111,'Marisol Dach',NULL),(349,112,'Elsa Dach',NULL),(350,112,'Ralph Rau',NULL),(351,112,'Shyanne Littel',NULL),(352,112,'Patricia O\'Kon I',NULL),(353,112,'Aletha Haag II',NULL),(354,113,'Buford Botsford DVM',NULL),(355,113,'Leda Stehr',NULL),(356,113,'Nina Ziemann',NULL),(357,114,'Karen Pouros',NULL),(358,114,'Addison Simonis DVM',NULL),(359,115,'Roxanne Strosin',NULL),(360,115,'Johanna Durgan I',NULL),(361,116,'Emerald Schoen',NULL),(362,116,'Modesta Monahan',NULL),(363,116,'Marjory Bradtke',NULL),(364,116,'Hayley Ward',NULL),(365,117,'Flavio Marks',NULL),(366,118,'Leola Torphy',NULL),(367,119,'Deborah Homenick',NULL),(368,119,'Evan Daugherty',NULL),(369,120,'Lou Willms PhD',NULL),(370,120,'Rosalyn Ferry',NULL),(371,120,'Robyn Gleichner',NULL),(372,121,'Johnson Dare',NULL),(373,121,'Marilou Reilly',NULL),(374,121,'Oleta Rosenbaum',NULL),(375,121,'Casey Moore',NULL),(376,121,'Norval Windler',NULL),(377,122,'Mariam Lowe',NULL),(378,122,'Haleigh O\'Connell MD',NULL),(379,122,'Phoebe Botsford',NULL),(380,122,'Brisa Larson',NULL),(381,122,'Erin Boyer',NULL),(382,123,'Mr. Margie McClure',NULL),(383,123,'Dustin Conroy',NULL),(384,123,'Alford Sawayn',NULL),(385,123,'Kamryn Lueilwitz',NULL),(386,123,'Ethel Cronin I',NULL),(387,124,'Zora Connelly III',NULL),(388,124,'Major Volkman',NULL),(389,125,'Amaya Harris',NULL),(390,125,'Jevon Ryan',NULL),(391,125,'Fiona Lang',NULL),(392,126,'Braxton Keebler',NULL),(393,127,'Jorge Reichel',NULL),(394,127,'Hallie Runte Sr.',NULL),(395,127,'Erich Mayer',NULL),(396,127,'Cara Romaguera',NULL),(397,128,'Ms. Royce Dibbert',NULL),(398,128,'Jonathon Walter',NULL),(399,128,'Lera Sipes III',NULL),(400,128,'Trever Hessel',NULL),(401,128,'Hershel Schroeder',NULL),(402,129,'Alejandra Wunsch',NULL),(403,129,'Thelma Graham',NULL),(404,129,'Dejuan Block V',NULL),(405,129,'Alexandrea Reichel DDS',NULL),(406,129,'Westley Cassin',NULL),(407,130,'Graciela Rath',NULL),(408,130,'Nikko Gerhold',NULL),(409,131,'Shanny Cormier',NULL),(410,131,'Kenyon Hettinger II',NULL),(411,131,'Tommie Kutch',NULL),(412,131,'Candelario Fisher Sr.',NULL),(413,132,'Dr. Kristina Schowalter',NULL),(414,133,'Dale Huels Sr.',NULL),(415,133,'Tracey Shields Sr.',NULL),(416,134,'Mrs. Casey Fisher',NULL),(417,134,'Ruby Kilback MD',NULL),(418,134,'Roberto Eichmann DDS',NULL),(419,135,'Dr. Araceli Kling',NULL),(420,135,'Dale Beatty',NULL),(421,135,'Ariane Kuhic',NULL),(422,135,'Bridget Morar',NULL),(423,136,'Mervin Orn',NULL),(424,137,'Michael Bashirian',NULL),(425,137,'Dr. Harrison Steuber',NULL),(426,137,'Kelsie DuBuque',NULL),(427,137,'Estel Morar DDS',NULL),(428,138,'Mr. Creola Toy',NULL),(429,138,'Conor Cassin',NULL),(430,138,'Zachery Tromp',NULL),(431,138,'Caesar Kemmer',NULL),(432,139,'Miss Geovanni Paucek',NULL),(433,139,'Deanna Towne',NULL),(434,139,'Jovani Jacobi MD',NULL),(435,139,'Bethany Green',NULL),(436,140,'Aleen Rolfson',NULL),(437,140,'Hildegard Walker',NULL),(438,140,'Miss Jayce Balistreri',NULL),(439,141,'Alexa Kautzer',NULL),(440,141,'Harvey Kuhn',NULL),(441,141,'Dovie Boehm',NULL),(442,142,'Kyler Kshlerin',NULL),(443,142,'Miss Deondre Lubowitz',NULL),(444,142,'Mrs. Wiley Gorczany',NULL),(445,143,'Eusebio Rutherford',NULL),(446,143,'Elza Emard',NULL),(447,143,'Alysson Bashirian',NULL),(448,143,'Mr. Cassandre Stroman',NULL),(449,143,'Alvena Zemlak',NULL),(450,144,'Mrs. Jerrod Blanda',NULL),(451,144,'Miss Natalia Kuhlman',NULL);
/*!40000 ALTER TABLE `accessories` ENABLE KEYS */;
UNLOCK TABLES;

--
-- Table structure for table `accessories_inventory_pools`
--

DROP TABLE IF EXISTS `accessories_inventory_pools`;
/*!40101 SET @saved_cs_client     = @@character_set_client */;
/*!40101 SET character_set_client = utf8 */;
CREATE TABLE `accessories_inventory_pools` (
  `accessory_id` int(11) DEFAULT NULL,
  `inventory_pool_id` int(11) DEFAULT NULL,
  UNIQUE KEY `index_accessories_inventory_pools` (`accessory_id`,`inventory_pool_id`),
  KEY `index_accessories_inventory_pools_on_inventory_pool_id` (`inventory_pool_id`)
) ENGINE=InnoDB DEFAULT CHARSET=utf8 COLLATE=utf8_unicode_ci;
/*!40101 SET character_set_client = @saved_cs_client */;

--
-- Dumping data for table `accessories_inventory_pools`
--

LOCK TABLES `accessories_inventory_pools` WRITE;
/*!40000 ALTER TABLE `accessories_inventory_pools` DISABLE KEYS */;
INSERT INTO `accessories_inventory_pools` VALUES (2,1),(3,1),(4,1),(6,1),(7,1),(8,1),(9,1),(10,1),(13,1),(14,1),(15,1),(16,1),(20,1),(23,1),(24,1),(27,1),(28,1),(29,1),(30,1),(31,1),(32,1),(33,1),(34,1),(38,1),(39,1),(40,1),(42,1),(44,1),(45,1),(47,1),(49,1),(50,1),(52,1),(58,1),(60,1),(61,1),(64,1),(67,1),(68,1),(72,1),(75,1),(76,1),(78,1),(81,1),(82,1),(85,1),(88,1),(89,1),(91,1),(92,1),(93,1),(94,1),(96,1),(98,1),(100,1),(102,1),(103,1),(105,1),(107,1),(108,1),(109,1),(110,1),(114,1),(116,1),(117,1),(119,1),(121,1),(123,1),(124,1),(125,1),(134,1),(135,1),(140,1),(141,1),(142,1),(145,1),(149,1),(150,1),(152,1),(154,1),(157,1),(161,1),(163,1),(167,1),(168,1),(169,1),(177,1),(179,1),(180,1),(181,1),(183,1),(186,1),(187,1),(188,1),(190,1),(191,1),(192,1),(200,1),(202,1),(205,1),(206,1),(209,1),(211,1),(212,1),(213,1),(214,1),(216,1),(217,1),(220,1),(225,1),(226,1),(227,1),(230,1),(232,1),(233,1),(236,1),(237,1),(240,1),(242,1),(243,1),(244,1),(247,1),(248,1),(249,1),(250,1),(251,1),(254,1),(258,1),(261,1),(262,1),(263,1),(265,1),(267,1),(268,1),(269,1),(270,1),(271,1),(275,1),(276,1),(278,1),(279,1),(281,1),(282,1),(283,1),(289,1),(290,1),(293,1),(294,1),(295,1),(299,1),(303,1),(304,1),(305,1),(306,1),(307,1),(311,1),(312,1),(315,1),(321,1),(323,1),(326,1),(328,1),(329,1),(330,1),(332,1),(336,1),(341,1),(342,1),(344,1),(345,1),(346,1),(348,1),(351,1),(352,1),(355,1),(356,1),(359,1),(360,1),(364,1),(365,1),(366,1),(368,1),(369,1),(373,1),(375,1),(376,1),(377,1),(381,1),(382,1),(383,1),(385,1),(386,1),(387,1),(392,1),(393,1),(394,1),(397,1),(398,1),(399,1),(400,1),(401,1),(402,1),(403,1),(406,1),(407,1),(410,1),(415,1),(416,1),(417,1),(419,1),(420,1),(421,1),(424,1),(426,1),(427,1),(428,1),(430,1),(431,1),(432,1),(434,1),(435,1),(436,1),(438,1),(439,1),(441,1),(443,1),(446,1),(449,1);
/*!40000 ALTER TABLE `accessories_inventory_pools` ENABLE KEYS */;
UNLOCK TABLES;

--
-- Table structure for table `addresses`
--

DROP TABLE IF EXISTS `addresses`;
/*!40101 SET @saved_cs_client     = @@character_set_client */;
/*!40101 SET character_set_client = utf8 */;
CREATE TABLE `addresses` (
  `id` int(11) NOT NULL AUTO_INCREMENT,
  `street` varchar(255) COLLATE utf8_unicode_ci DEFAULT NULL,
  `zip_code` varchar(255) COLLATE utf8_unicode_ci DEFAULT NULL,
  `city` varchar(255) COLLATE utf8_unicode_ci DEFAULT NULL,
  `country_code` varchar(255) COLLATE utf8_unicode_ci DEFAULT NULL,
  `latitude` float DEFAULT NULL,
  `longitude` float DEFAULT NULL,
  PRIMARY KEY (`id`),
  UNIQUE KEY `index_addresses_on_street_and_zip_code_and_city_and_country_code` (`street`,`zip_code`,`city`,`country_code`)
) ENGINE=InnoDB DEFAULT CHARSET=utf8 COLLATE=utf8_unicode_ci;
/*!40101 SET character_set_client = @saved_cs_client */;

--
-- Dumping data for table `addresses`
--

LOCK TABLES `addresses` WRITE;
/*!40000 ALTER TABLE `addresses` DISABLE KEYS */;
/*!40000 ALTER TABLE `addresses` ENABLE KEYS */;
UNLOCK TABLES;

--
-- Table structure for table `attachments`
--

DROP TABLE IF EXISTS `attachments`;
/*!40101 SET @saved_cs_client     = @@character_set_client */;
/*!40101 SET character_set_client = utf8 */;
CREATE TABLE `attachments` (
  `id` int(11) NOT NULL AUTO_INCREMENT,
  `model_id` int(11) DEFAULT NULL,
  `is_main` tinyint(1) DEFAULT '0',
  `content_type` varchar(255) COLLATE utf8_unicode_ci DEFAULT NULL,
  `filename` varchar(255) COLLATE utf8_unicode_ci DEFAULT NULL,
  `size` int(11) DEFAULT NULL,
  PRIMARY KEY (`id`),
  KEY `index_attachments_on_model_id` (`model_id`)
) ENGINE=InnoDB AUTO_INCREMENT=5 DEFAULT CHARSET=utf8 COLLATE=utf8_unicode_ci;
/*!40101 SET character_set_client = @saved_cs_client */;

--
-- Dumping data for table `attachments`
--

LOCK TABLES `attachments` WRITE;
/*!40000 ALTER TABLE `attachments` DISABLE KEYS */;
INSERT INTO `attachments` VALUES (1,133,0,'image/jpeg','Makenzie Weimann II',NULL),(2,134,0,'image/jpeg','Violet Osinski DVM',NULL),(3,143,0,'image/jpeg','Linwood Stokes',NULL),(4,143,0,'image/jpeg','Herminia Mitchell',NULL);
/*!40000 ALTER TABLE `attachments` ENABLE KEYS */;
UNLOCK TABLES;

--
-- Table structure for table `authentication_systems`
--

DROP TABLE IF EXISTS `authentication_systems`;
/*!40101 SET @saved_cs_client     = @@character_set_client */;
/*!40101 SET character_set_client = utf8 */;
CREATE TABLE `authentication_systems` (
  `id` int(11) NOT NULL AUTO_INCREMENT,
  `name` varchar(255) COLLATE utf8_unicode_ci DEFAULT NULL,
  `class_name` varchar(255) COLLATE utf8_unicode_ci DEFAULT NULL,
  `is_default` tinyint(1) DEFAULT '0',
  `is_active` tinyint(1) DEFAULT '0',
  PRIMARY KEY (`id`)
) ENGINE=InnoDB AUTO_INCREMENT=7 DEFAULT CHARSET=utf8 COLLATE=utf8_unicode_ci;
/*!40101 SET character_set_client = @saved_cs_client */;

--
-- Dumping data for table `authentication_systems`
--

LOCK TABLES `authentication_systems` WRITE;
/*!40000 ALTER TABLE `authentication_systems` DISABLE KEYS */;
INSERT INTO `authentication_systems` VALUES (1,'Database Authentication','DatabaseAuthentication',1,1),(2,'LDAP Authentication','LdapAuthentication',0,0),(3,'ZHDK Authentication','Zhdk',0,0),(4,'Database Authentication','DatabaseAuthentication',1,1),(5,'LDAP Authentication','LdapAuthentication',0,0),(6,'ZHDK Authentication','Zhdk',0,0);
/*!40000 ALTER TABLE `authentication_systems` ENABLE KEYS */;
UNLOCK TABLES;

--
-- Table structure for table `buildings`
--

DROP TABLE IF EXISTS `buildings`;
/*!40101 SET @saved_cs_client     = @@character_set_client */;
/*!40101 SET character_set_client = utf8 */;
CREATE TABLE `buildings` (
  `id` int(11) NOT NULL AUTO_INCREMENT,
  `name` varchar(255) COLLATE utf8_unicode_ci DEFAULT NULL,
  `code` varchar(255) COLLATE utf8_unicode_ci DEFAULT NULL,
  PRIMARY KEY (`id`)
) ENGINE=InnoDB AUTO_INCREMENT=167 DEFAULT CHARSET=utf8 COLLATE=utf8_unicode_ci;
/*!40101 SET character_set_client = @saved_cs_client */;

--
-- Dumping data for table `buildings`
--

LOCK TABLES `buildings` WRITE;
/*!40000 ALTER TABLE `buildings` DISABLE KEYS */;
INSERT INTO `buildings` VALUES (1,'Great Pyramid of Giza','ZZZ'),(2,'Quidemautemab','vol'),(3,'Delenitiipsamquaerat','adi'),(4,'Quimolestiaeut','ill'),(5,'Laboriosamdolormollitia','dol'),(6,'Excepturimodidicta','ani'),(7,'Sapienteitaquesed','qui'),(8,'Voluptasexin','qui'),(9,'Itaqueessesunt','mol'),(10,'Atblanditiisvoluptas','por'),(11,'Etsuscipitharum','eum'),(12,'Consequaturfacerenecessitatibus','quo'),(13,'Aliquametcommodi','uti'),(14,'Aautrepellat','ver'),(15,'Velitcumqui','vol'),(16,'Mollitiaomnisesse','vol'),(17,'Sunttemporibusqui','dol'),(18,'Hicminusperspiciatis','nem'),(19,'Utdelenitiullam','qui'),(20,'Estcumcupiditate','rer'),(21,'Repudiandaeutomnis','inv'),(22,'Estnonoccaecati','est'),(23,'Auttemporibuspraesentium','inc'),(24,'Illorecusandaequisquam','dol'),(25,'Suntharumpossimus','lau'),(26,'Ametrecusandaeeveniet','ear'),(27,'Etavoluptas','sol'),(28,'Sequiomnissit','utv'),(29,'Etimpeditdolorem','ets'),(30,'Quaeratfugiatreprehenderit','qua'),(31,'Temporeomnistempora','mag'),(32,'Ausstellungsstrasse 60','AU60'),(33,'Ausstellungsstrasse 60','AU60'),(34,'Voluptatemetrepellat','cup'),(35,'Veritatisnequeaccusamus','asp'),(36,'Quidoloremdignissimos','non'),(37,'Voluptatemiureoccaecati','vol'),(38,'Ametquidemaccusantium','nes'),(39,'Sedvoluptatesaccusantium','dol'),(40,'Quivoluptatemin','quo'),(41,'Voluptasestsequi','dol'),(42,'Maximereiciendisipsum','aut'),(43,'Voluptatemcommodivoluptas','inv'),(44,'Temporibustemporeest','omn'),(45,'Quamducimusporro','pra'),(46,'Dolortotamet','utc'),(47,'Asitet','eac'),(48,'Sitquama','err'),(49,'Nesciuntquoscupiditate','asp'),(50,'Perferendisvoluptatumdicta','dic'),(51,'Eosoditoccaecati','inv'),(52,'Exrationelabore','vol'),(53,'Sedperferendisculpa','con'),(54,'Sedvoluptatemprovident','qua'),(55,'Quaeratvitaeeos','eos'),(56,'Quasrepellatqui','off'),(57,'Hicblanditiisomnis','vol'),(58,'Quiimpeditcorporis','aut'),(59,'Repellendussintdolore','dol'),(60,'Laborebeataenumquam','eos'),(61,'Consequaturrepudiandaequidem','per'),(62,'Quodsedex','ete'),(63,'Veldolorodit','vel'),(64,'Autharumimpedit','com'),(65,'Pariaturiureaut','ats'),(66,'Quodpraesentiumullam','har'),(67,'Dolorquaeratenim','acc'),(68,'Evenietadsoluta','rep'),(69,'Utreiciendisoccaecati','exp'),(70,'Voluptasculpaid','inv'),(71,'Etetlabore','ina'),(72,'Molestiaedelectusquibusdam','rep'),(73,'Excepturiofficiavoluptatum','dis'),(74,'Temporasedmolestiae','adi'),(75,'Architectoillumquis','ear'),(76,'Involuptatumvero','sus'),(77,'Placeatestbeatae','tem'),(78,'Seddictarerum','vol'),(79,'Etconsequuntursed','neq'),(80,'Quiaatquequia','com'),(81,'Nisiutmollitia','nam'),(82,'Nobisseddeserunt','tot'),(83,'Culpasaepeeum','qui'),(84,'Adipisciadut','mol'),(85,'Undedoloremquerepudiandae','ear'),(86,'Cumquereiciendisnumquam','dol'),(87,'Assumendateneturvoluptas','ius'),(88,'Quasidoloremqueamet','nih'),(89,'Vitaemolestiaequi','pra'),(90,'Culpavelrerum','min'),(91,'Temporaomniset','vol'),(92,'Quodconsequunturut','sun'),(93,'Evenietnequeaut','err'),(94,'Quibeataesimilique','vel'),(95,'Praesentiumquosunt','ali'),(96,'Inciduntanimiat','est'),(97,'Sintetquo','nem'),(98,'Praesentiumetest','del'),(99,'Omnisvoluptatemlaudantium','qua'),(100,'Consequaturestdoloribus','nos'),(101,'Eaquoquasi','par'),(102,'Quaeratcumqueest','inc'),(103,'Culpaillumiusto','vol'),(104,'Estculpaomnis','eos'),(105,'Omnismaioresipsam','tot'),(106,'Minimaerrorquam','qui'),(107,'Omnissuscipitexercitationem','rep'),(108,'Illoidrecusandae','sun'),(109,'Eaquequiaodit','eni'),(110,'Repellendusearumquos','aut'),(111,'Rerumrepellendusest','eum'),(112,'Hicnostrumsint','ape'),(113,'Nisiporrovoluptatem','sim'),(114,'Great Pyramid of Giza','ZZZ'),(115,'Voluptatibusquiqui','ver'),(116,'Expeditaearumlaudantium','exe'),(117,'Velinvoluptates','sed'),(118,'Quiaquasquis','rat'),(119,'Minusquiaquaerat','sol'),(120,'Adipiscitemporequo','qui'),(121,'Temporaeumodio','aut'),(122,'Enimnesciuntaut','tem'),(123,'Quisvelitporro','vel'),(124,'Quirationequaerat','nat'),(125,'Enimautquis','con'),(126,'Totamidrerum','exp'),(127,'Doloreiustolaudantium','omn'),(128,'Ettotamet','lau'),(129,'Eaqueofficiabeatae','cum'),(130,'Earumofficianumquam','est'),(131,'Rerumetarchitecto','vol'),(132,'Rerumeteaque','adi'),(133,'Voluptatemadaccusamus','max'),(134,'Utquonecessitatibus','con'),(135,'Voluptatemdistinctiovel','cum'),(136,'Excepturiquodsoluta','ver'),(137,'Repellatfugitlaborum','non'),(138,'Accusantiumnemoexpedita','per'),(139,'Etvelest','aut'),(140,'Saepequiaad','lab'),(141,'Odiobeataeet','ips'),(142,'Utautfacere','aut'),(143,'Autplaceatad','sun'),(144,'Utnisised','qui'),(145,'Etdeseruntvoluptas','duc'),(146,'Arerumquis','vol'),(147,'Explicaboquidemnatus','arc'),(148,'Ineosmagnam','ear'),(149,'Optiopraesentiumnisi','vol'),(150,'Laboriosamaliquidanimi','adi'),(151,'Repellendusquiet','sit'),(152,'Voluptatumcorruptiofficiis','vol'),(153,'Atquedelectusdistinctio','lab'),(154,'Nihilquiaet','lab'),(155,'Inventoreperspiciatissed','ten'),(156,'Autemettempore','eiu'),(157,'Sintnonvel','eni'),(158,'Exercitationemvoluptasaspernatur','sun'),(159,'Doloresquoadipisci','por'),(160,'Eosestenim','nul'),(161,'Adtemporibuseligendi','abq'),(162,'Quivelratione','sed'),(163,'Commodireprehenderitsit','utv'),(164,'Idvoluptatemcum','con'),(165,'Fugiatminusquia','del'),(166,'Solutaquianam','dol');
/*!40000 ALTER TABLE `buildings` ENABLE KEYS */;
UNLOCK TABLES;

--
-- Table structure for table `contract_lines`
--

DROP TABLE IF EXISTS `contract_lines`;
/*!40101 SET @saved_cs_client     = @@character_set_client */;
/*!40101 SET character_set_client = utf8 */;
CREATE TABLE `contract_lines` (
  `id` int(11) NOT NULL AUTO_INCREMENT,
  `contract_id` int(11) DEFAULT NULL,
  `type` varchar(255) COLLATE utf8_unicode_ci NOT NULL DEFAULT 'ItemLine',
  `item_id` int(11) DEFAULT NULL,
  `model_id` int(11) DEFAULT NULL,
  `quantity` int(11) DEFAULT '1',
  `start_date` date DEFAULT NULL,
  `end_date` date DEFAULT NULL,
  `returned_date` date DEFAULT NULL,
  `option_id` int(11) DEFAULT NULL,
  `purpose_id` int(11) DEFAULT NULL,
  `returned_to_user_id` int(11) DEFAULT NULL,
  `created_at` datetime DEFAULT NULL,
  `updated_at` datetime DEFAULT NULL,
  PRIMARY KEY (`id`),
  KEY `index_contract_lines_on_start_date` (`start_date`),
  KEY `index_contract_lines_on_end_date` (`end_date`),
  KEY `index_contract_lines_on_option_id` (`option_id`),
  KEY `index_contract_lines_on_contract_id` (`contract_id`),
  KEY `index_contract_lines_on_item_id` (`item_id`),
  KEY `index_contract_lines_on_model_id` (`model_id`),
  KEY `index_contract_lines_on_returned_date_and_contract_id` (`returned_date`,`contract_id`),
  KEY `index_contract_lines_on_type_and_contract_id` (`type`,`contract_id`)
) ENGINE=InnoDB AUTO_INCREMENT=161 DEFAULT CHARSET=utf8 COLLATE=utf8_unicode_ci;
/*!40101 SET character_set_client = @saved_cs_client */;

--
-- Dumping data for table `contract_lines`
--

LOCK TABLES `contract_lines` WRITE;
/*!40000 ALTER TABLE `contract_lines` DISABLE KEYS */;
INSERT INTO `contract_lines` VALUES (1,1,'ItemLine',NULL,1,1,'2015-09-30','2015-09-30',NULL,NULL,NULL,NULL,'2015-09-30 14:27:52','2015-09-30 14:27:52'),(2,1,'ItemLine',NULL,5,1,'2015-09-30','2015-09-30',NULL,NULL,NULL,NULL,'2015-09-30 14:27:52','2015-09-30 14:27:52'),(3,1,'ItemLine',NULL,9,1,'2015-09-30','2015-09-30',NULL,NULL,NULL,NULL,'2015-09-30 14:27:52','2015-09-30 14:27:52'),(4,1,'ItemLine',NULL,13,1,'2015-09-30','2015-09-30',NULL,NULL,NULL,NULL,'2015-09-30 14:27:52','2015-09-30 14:27:52'),(5,2,'ItemLine',NULL,17,1,'2015-09-30','2015-09-30',NULL,NULL,1,NULL,'2015-09-30 14:27:52','2015-09-30 14:27:52'),(6,2,'ItemLine',NULL,21,1,'2015-09-30','2015-09-30',NULL,NULL,1,NULL,'2015-09-30 14:27:52','2015-09-30 14:27:52'),(7,2,'ItemLine',NULL,25,1,'2015-09-30','2015-09-30',NULL,NULL,1,NULL,'2015-09-30 14:27:52','2015-09-30 14:27:52'),(8,3,'ItemLine',NULL,29,1,'2015-09-30','2015-09-30','2015-09-30',NULL,2,1,'2015-09-30 14:27:52','2015-09-30 14:27:52'),(9,3,'ItemLine',NULL,33,1,'2015-09-30','2015-09-30','2015-09-30',NULL,2,1,'2015-09-30 14:27:52','2015-09-30 14:27:52'),(10,3,'ItemLine',NULL,37,1,'2015-09-30','2015-09-30','2015-09-30',NULL,2,1,'2015-09-30 14:27:52','2015-09-30 14:27:52'),(11,4,'ItemLine',NULL,145,1,'2015-09-28','2015-09-28',NULL,NULL,3,NULL,'2015-09-27 21:31:10','2015-09-27 21:31:10'),(12,4,'ItemLine',NULL,146,1,'2015-09-28','2015-09-28',NULL,NULL,3,NULL,'2015-09-27 21:31:10','2015-09-27 21:31:10'),(13,4,'ItemLine',NULL,147,1,'2015-09-28','2015-09-28',NULL,NULL,3,NULL,'2015-09-27 21:31:10','2015-09-27 21:31:10'),(14,4,'ItemLine',NULL,148,1,'2015-09-28','2015-09-28',NULL,NULL,3,NULL,'2015-09-27 21:31:10','2015-09-27 21:31:10'),(15,5,'ItemLine',NULL,152,1,'2015-09-28','2015-09-28',NULL,NULL,4,NULL,'2015-09-27 21:31:10','2015-09-27 21:31:10'),(16,5,'ItemLine',NULL,153,1,'2015-09-28','2015-09-28',NULL,NULL,4,NULL,'2015-09-27 21:31:10','2015-09-27 21:31:10'),(17,5,'ItemLine',NULL,154,1,'2015-09-28','2015-09-28',NULL,NULL,4,NULL,'2015-09-27 21:31:10','2015-09-27 21:31:10'),(18,5,'ItemLine',NULL,155,1,'2015-09-28','2015-09-28',NULL,NULL,4,NULL,'2015-09-27 21:31:10','2015-09-27 21:31:10'),(19,5,'ItemLine',NULL,156,1,'2015-09-28','2015-09-28',NULL,NULL,4,NULL,'2015-09-27 21:31:11','2015-09-27 21:31:11'),(20,5,'ItemLine',NULL,157,1,'2015-09-28','2015-09-28',NULL,NULL,4,NULL,'2015-09-27 21:31:11','2015-09-27 21:31:11'),(21,6,'ItemLine',NULL,161,1,'2015-09-28','2015-09-28',NULL,NULL,5,NULL,'2015-09-27 21:31:11','2015-09-27 21:31:11'),(22,6,'ItemLine',NULL,162,1,'2015-09-28','2015-09-28',NULL,NULL,5,NULL,'2015-09-27 21:31:11','2015-09-27 21:31:11'),(23,6,'ItemLine',NULL,163,1,'2015-09-28','2015-09-28',NULL,NULL,5,NULL,'2015-09-27 21:31:11','2015-09-27 21:31:11'),(24,6,'ItemLine',NULL,164,1,'2015-09-28','2015-09-28',NULL,NULL,5,NULL,'2015-09-27 21:31:11','2015-09-27 21:31:11'),(25,6,'ItemLine',NULL,165,1,'2015-09-28','2015-09-28',NULL,NULL,5,NULL,'2015-09-27 21:31:11','2015-09-27 21:31:11'),(26,6,'ItemLine',NULL,166,1,'2015-09-28','2015-09-28',NULL,NULL,5,NULL,'2015-09-27 21:31:11','2015-09-27 21:31:11'),(27,7,'ItemLine',NULL,170,1,'2015-09-28','2015-09-28',NULL,NULL,6,NULL,'2015-09-26 23:55:43','2015-09-26 23:55:43'),(28,7,'ItemLine',NULL,171,1,'2015-09-28','2015-09-28',NULL,NULL,6,NULL,'2015-09-26 23:55:43','2015-09-26 23:55:43'),(29,7,'ItemLine',NULL,172,1,'2015-09-28','2015-09-28',NULL,NULL,6,NULL,'2015-09-26 23:55:43','2015-09-26 23:55:43'),(30,7,'ItemLine',NULL,173,1,'2015-09-28','2015-09-28',NULL,NULL,6,NULL,'2015-09-26 23:55:43','2015-09-26 23:55:43'),(31,7,'ItemLine',NULL,174,1,'2015-09-28','2015-09-28',NULL,NULL,6,NULL,'2015-09-26 23:55:43','2015-09-26 23:55:43'),(32,8,'ItemLine',NULL,175,1,'2015-09-23','2015-09-23',NULL,NULL,7,NULL,'2015-09-23 18:10:04','2015-09-23 18:10:04'),(33,8,'ItemLine',NULL,176,1,'2015-09-23','2015-09-23',NULL,NULL,7,NULL,'2015-09-23 18:10:04','2015-09-23 18:10:04'),(34,8,'ItemLine',NULL,177,1,'2015-09-23','2015-09-23',NULL,NULL,7,NULL,'2015-09-23 18:10:04','2015-09-23 18:10:04'),(35,8,'ItemLine',NULL,178,1,'2015-09-23','2015-09-23',NULL,NULL,7,NULL,'2015-09-23 18:10:04','2015-09-23 18:10:04'),(36,8,'ItemLine',NULL,179,1,'2015-09-23','2015-09-23',NULL,NULL,7,NULL,'2015-09-23 18:10:04','2015-09-23 18:10:04'),(37,8,'ItemLine',NULL,180,1,'2015-09-23','2015-09-23',NULL,NULL,7,NULL,'2015-09-23 18:10:04','2015-09-23 18:10:04'),(38,8,'ItemLine',NULL,180,1,'2015-09-23','2015-09-23',NULL,NULL,7,NULL,'2015-09-23 18:10:04','2015-09-23 18:10:04'),(39,9,'ItemLine',NULL,184,1,'2015-09-30','2015-09-30',NULL,NULL,8,NULL,'2015-09-30 14:27:52','2015-09-30 14:27:52'),(40,9,'ItemLine',NULL,185,1,'2015-09-30','2015-09-30',NULL,NULL,8,NULL,'2015-09-30 14:27:52','2015-09-30 14:27:52'),(41,9,'ItemLine',NULL,186,1,'2015-09-30','2015-09-30',NULL,NULL,8,NULL,'2015-09-30 14:27:52','2015-09-30 14:27:52'),(42,9,'ItemLine',NULL,187,1,'2015-09-30','2015-09-30',NULL,NULL,8,NULL,'2015-09-30 14:27:52','2015-09-30 14:27:52'),(43,9,'ItemLine',NULL,188,1,'2015-09-30','2015-09-30',NULL,NULL,8,NULL,'2015-09-30 14:27:52','2015-09-30 14:27:52'),(44,9,'ItemLine',NULL,189,1,'2015-09-30','2015-09-30',NULL,NULL,8,NULL,'2015-09-30 14:27:52','2015-09-30 14:27:52'),(45,10,'ItemLine',NULL,193,1,'2015-09-30','2015-09-30',NULL,NULL,9,NULL,'2015-09-30 14:27:52','2015-09-30 14:27:52'),(46,10,'ItemLine',NULL,194,1,'2015-09-30','2015-09-30',NULL,NULL,9,NULL,'2015-09-30 14:27:52','2015-09-30 14:27:52'),(47,10,'ItemLine',NULL,195,1,'2015-09-30','2015-09-30',NULL,NULL,9,NULL,'2015-09-30 14:27:52','2015-09-30 14:27:52'),(48,10,'ItemLine',NULL,196,1,'2015-09-30','2015-09-30',NULL,NULL,9,NULL,'2015-09-30 14:27:52','2015-09-30 14:27:52'),(49,10,'ItemLine',NULL,197,1,'2015-09-30','2015-09-30',NULL,NULL,9,NULL,'2015-09-30 14:27:52','2015-09-30 14:27:52'),(50,11,'ItemLine',NULL,198,1,'2015-09-30','2015-09-30',NULL,NULL,10,NULL,'2015-09-30 14:27:52','2015-09-30 14:27:52'),(51,11,'ItemLine',NULL,199,1,'2015-09-30','2015-09-30',NULL,NULL,10,NULL,'2015-09-30 14:27:52','2015-09-30 14:27:52'),(52,11,'ItemLine',NULL,200,1,'2015-09-30','2015-09-30',NULL,NULL,10,NULL,'2015-09-30 14:27:52','2015-09-30 14:27:52'),(53,11,'ItemLine',NULL,201,1,'2015-09-30','2015-09-30',NULL,NULL,10,NULL,'2015-09-30 14:27:52','2015-09-30 14:27:52'),(54,12,'ItemLine',NULL,202,1,'2015-09-30','2015-09-30',NULL,NULL,11,NULL,'2015-09-30 14:27:52','2015-09-30 14:27:52'),(55,12,'ItemLine',NULL,203,1,'2015-09-30','2015-09-30',NULL,NULL,11,NULL,'2015-09-30 14:27:52','2015-09-30 14:27:52'),(56,12,'ItemLine',NULL,204,1,'2015-09-30','2015-09-30',NULL,NULL,11,NULL,'2015-09-30 14:27:52','2015-09-30 14:27:52'),(57,12,'ItemLine',NULL,205,1,'2015-09-30','2015-09-30',NULL,NULL,11,NULL,'2015-09-30 14:27:52','2015-09-30 14:27:52'),(58,13,'ItemLine',22,29,1,'2015-09-30','2015-09-30',NULL,NULL,12,NULL,'2015-09-30 14:27:52','2015-09-30 14:27:52'),(59,13,'ItemLine',23,29,1,'2015-09-30','2015-09-30',NULL,NULL,12,NULL,'2015-09-30 14:27:52','2015-09-30 14:27:52'),(60,13,'ItemLine',24,29,1,'2015-09-30','2015-09-30',NULL,NULL,12,NULL,'2015-09-30 14:27:52','2015-09-30 14:27:52'),(61,13,'ItemLine',25,33,1,'2015-09-30','2015-09-30',NULL,NULL,12,NULL,'2015-09-30 14:27:52','2015-09-30 14:27:52'),(62,13,'ItemLine',26,33,1,'2015-09-30','2015-09-30',NULL,NULL,12,NULL,'2015-09-30 14:27:52','2015-09-30 14:27:52'),(63,13,'ItemLine',27,33,1,'2015-09-30','2015-09-30',NULL,NULL,12,NULL,'2015-09-30 14:27:52','2015-09-30 14:27:52'),(64,13,'ItemLine',28,37,1,'2015-09-30','2015-09-30',NULL,NULL,12,NULL,'2015-09-30 14:27:52','2015-09-30 14:27:52'),(65,13,'ItemLine',29,37,1,'2015-09-30','2015-09-30',NULL,NULL,12,NULL,'2015-09-30 14:27:52','2015-09-30 14:27:52'),(66,13,'ItemLine',30,37,1,'2015-09-30','2015-09-30',NULL,NULL,12,NULL,'2015-09-30 14:27:52','2015-09-30 14:27:52'),(67,13,'ItemLine',33,42,1,'2015-09-30','2015-09-30',NULL,NULL,12,NULL,'2015-09-30 14:27:52','2015-09-30 14:27:52'),(68,13,'ItemLine',34,42,1,'2015-09-30','2015-09-30',NULL,NULL,12,NULL,'2015-09-30 14:27:52','2015-09-30 14:27:52'),(69,13,'ItemLine',35,43,1,'2015-09-30','2015-09-30',NULL,NULL,12,NULL,'2015-09-30 14:27:52','2015-09-30 14:27:52'),(70,13,'ItemLine',37,45,1,'2015-09-30','2015-09-30',NULL,NULL,12,NULL,'2015-09-30 14:27:52','2015-09-30 14:27:52'),(71,13,'ItemLine',38,46,1,'2015-09-30','2015-09-30',NULL,NULL,12,NULL,'2015-09-30 14:27:52','2015-09-30 14:27:52'),(72,13,'ItemLine',39,47,1,'2015-09-30','2015-09-30',NULL,NULL,12,NULL,'2015-09-30 14:27:52','2015-09-30 14:27:52'),(73,13,'ItemLine',40,48,1,'2015-09-30','2015-09-30',NULL,NULL,12,NULL,'2015-09-30 14:27:52','2015-09-30 14:27:52'),(74,13,'ItemLine',41,49,1,'2015-09-30','2015-09-30',NULL,NULL,12,NULL,'2015-09-30 14:27:52','2015-09-30 14:27:52'),(75,13,'ItemLine',42,50,1,'2015-09-30','2015-09-30',NULL,NULL,12,NULL,'2015-09-30 14:27:52','2015-09-30 14:27:52'),(76,13,'ItemLine',43,51,1,'2015-09-30','2015-09-30',NULL,NULL,12,NULL,'2015-09-30 14:27:52','2015-09-30 14:27:52'),(77,13,'ItemLine',44,52,1,'2015-09-30','2015-09-30',NULL,NULL,12,NULL,'2015-09-30 14:27:52','2015-09-30 14:27:52'),(78,13,'ItemLine',45,53,1,'2015-09-30','2015-09-30',NULL,NULL,12,NULL,'2015-09-30 14:27:52','2015-09-30 14:27:52'),(79,13,'ItemLine',46,54,1,'2015-09-30','2015-09-30',NULL,NULL,12,NULL,'2015-09-30 14:27:52','2015-09-30 14:27:52'),(80,13,'ItemLine',47,55,1,'2015-09-30','2015-09-30',NULL,NULL,12,NULL,'2015-09-30 14:27:52','2015-09-30 14:27:52'),(81,13,'ItemLine',48,56,1,'2015-09-30','2015-09-30',NULL,NULL,12,NULL,'2015-09-30 14:27:52','2015-09-30 14:27:52'),(82,13,'ItemLine',49,57,1,'2015-09-30','2015-09-30',NULL,NULL,12,NULL,'2015-09-30 14:27:52','2015-09-30 14:27:52'),(83,13,'ItemLine',50,58,1,'2015-09-30','2015-09-30',NULL,NULL,12,NULL,'2015-09-30 14:27:52','2015-09-30 14:27:52'),(84,13,'ItemLine',51,59,1,'2015-09-30','2015-09-30',NULL,NULL,12,NULL,'2015-09-30 14:27:52','2015-09-30 14:27:52'),(85,13,'ItemLine',52,60,1,'2015-09-30','2015-09-30',NULL,NULL,12,NULL,'2015-09-30 14:27:52','2015-09-30 14:27:52'),(86,13,'ItemLine',53,61,1,'2015-09-30','2015-09-30',NULL,NULL,12,NULL,'2015-09-30 14:27:52','2015-09-30 14:27:52'),(87,13,'ItemLine',54,62,1,'2015-09-30','2015-09-30',NULL,NULL,12,NULL,'2015-09-30 14:27:52','2015-09-30 14:27:52'),(88,14,'OptionLine',NULL,NULL,2,'2015-09-30','2015-10-01',NULL,4,13,NULL,'2015-09-30 14:27:52','2015-09-30 14:27:52'),(89,14,'ItemLine',203,206,1,'2015-09-30','2015-09-30',NULL,NULL,13,NULL,'2015-09-30 14:27:52','2015-09-30 14:27:52'),(90,15,'OptionLine',NULL,NULL,2,'2015-09-30','2015-09-30',NULL,5,14,NULL,'2015-09-30 14:27:52','2015-09-30 14:27:52'),(91,15,'OptionLine',NULL,NULL,1,'2015-09-30','2015-10-01',NULL,5,14,NULL,'2015-09-30 14:27:52','2015-09-30 14:27:52'),(92,16,'ItemLine',204,207,1,'2015-09-30','2015-09-30',NULL,NULL,15,NULL,'2015-09-30 14:27:52','2015-09-30 14:27:52'),(93,17,'ItemLine',205,208,1,'2015-09-25','2015-09-29',NULL,NULL,16,NULL,'2015-09-25 00:00:00','2015-09-25 00:00:00'),(94,17,'OptionLine',NULL,NULL,1,'2015-09-25','2015-09-29',NULL,6,16,NULL,'2015-09-25 00:00:00','2015-09-25 00:00:00'),(95,18,'ItemLine',NULL,214,1,'2015-09-30','2015-09-30',NULL,NULL,17,NULL,'2015-09-30 14:27:52','2015-09-30 14:27:52'),(96,18,'ItemLine',NULL,215,1,'2015-09-30','2015-09-30',NULL,NULL,17,NULL,'2015-09-30 14:27:52','2015-09-30 14:27:52'),(97,18,'ItemLine',NULL,216,1,'2015-09-30','2015-09-30',NULL,NULL,17,NULL,'2015-09-30 14:27:52','2015-09-30 14:27:52'),(98,18,'ItemLine',NULL,217,1,'2015-09-30','2015-09-30',NULL,NULL,17,NULL,'2015-09-30 14:27:52','2015-09-30 14:27:52'),(99,19,'ItemLine',214,218,1,'2015-09-30','2015-09-30',NULL,NULL,18,NULL,'2015-09-30 14:27:52','2015-09-30 14:27:52'),(100,19,'ItemLine',215,219,1,'2015-09-30','2015-09-30',NULL,NULL,18,NULL,'2015-09-30 14:27:52','2015-09-30 14:27:52'),(101,19,'ItemLine',216,220,1,'2015-09-30','2015-09-30',NULL,NULL,18,NULL,'2015-09-30 14:27:52','2015-09-30 14:27:52'),(102,19,'ItemLine',217,221,1,'2015-09-30','2015-09-30',NULL,NULL,18,NULL,'2015-09-30 14:27:52','2015-09-30 14:27:52'),(103,20,'ItemLine',218,222,1,'2015-09-30','2015-09-30',NULL,NULL,19,NULL,'2015-09-30 14:27:52','2015-09-30 14:27:52'),(104,20,'ItemLine',219,223,1,'2015-09-30','2015-09-30',NULL,NULL,19,NULL,'2015-09-30 14:27:52','2015-09-30 14:27:52'),(105,20,'ItemLine',220,224,1,'2015-09-30','2015-09-30',NULL,NULL,19,NULL,'2015-09-30 14:27:52','2015-09-30 14:27:52'),(106,21,'ItemLine',221,225,1,'2015-09-25','2015-09-25',NULL,NULL,20,NULL,'2015-09-25 00:00:00','2015-09-25 00:00:00'),(107,21,'ItemLine',222,226,1,'2015-09-25','2015-09-25',NULL,NULL,20,NULL,'2015-09-25 00:00:00','2015-09-25 00:00:00'),(108,21,'ItemLine',223,227,1,'2015-09-25','2015-09-25',NULL,NULL,20,NULL,'2015-09-25 00:00:00','2015-09-25 00:00:00'),(109,21,'ItemLine',224,228,1,'2015-09-25','2015-09-25',NULL,NULL,20,NULL,'2015-09-25 00:00:00','2015-09-25 00:00:00'),(110,22,'ItemLine',NULL,68,1,'2015-10-07','2015-10-10',NULL,NULL,21,NULL,'2015-09-30 14:27:52','2015-09-30 14:27:52'),(111,22,'ItemLine',NULL,68,1,'2015-10-07','2015-10-10',NULL,NULL,21,NULL,'2015-09-30 14:27:52','2015-09-30 14:27:52'),(112,22,'ItemLine',NULL,68,1,'2015-10-07','2015-10-10',NULL,NULL,21,NULL,'2015-09-30 14:27:52','2015-09-30 14:27:52'),(113,22,'ItemLine',NULL,68,1,'2015-10-07','2015-10-10',NULL,NULL,21,NULL,'2015-09-30 14:27:52','2015-09-30 14:27:52'),(114,22,'ItemLine',NULL,100,1,'2015-10-07','2015-10-10',NULL,NULL,21,NULL,'2015-09-30 14:27:52','2015-09-30 14:27:52'),(115,22,'ItemLine',NULL,100,1,'2015-10-07','2015-10-10',NULL,NULL,21,NULL,'2015-09-30 14:27:52','2015-09-30 14:27:52'),(116,22,'ItemLine',NULL,100,1,'2015-10-07','2015-10-10',NULL,NULL,21,NULL,'2015-09-30 14:27:52','2015-09-30 14:27:52'),(117,23,'ItemLine',NULL,229,1,'2015-09-30','2015-09-30',NULL,NULL,22,NULL,'2015-09-30 14:27:52','2015-09-30 14:27:52'),(118,23,'ItemLine',NULL,233,1,'2015-09-30','2015-09-30',NULL,NULL,22,NULL,'2015-09-30 14:27:52','2015-09-30 14:27:52'),(119,23,'ItemLine',NULL,237,1,'2015-09-30','2015-09-30',NULL,NULL,22,NULL,'2015-09-30 14:27:52','2015-09-30 14:27:52'),(120,23,'ItemLine',NULL,241,1,'2015-09-30','2015-09-30',NULL,NULL,22,NULL,'2015-09-30 14:27:52','2015-09-30 14:27:52'),(121,24,'ItemLine',NULL,245,1,'2015-09-30','2015-09-30',NULL,NULL,23,NULL,'2015-09-30 14:27:52','2015-09-30 14:27:52'),(122,24,'ItemLine',NULL,249,1,'2015-09-30','2015-09-30',NULL,NULL,23,NULL,'2015-09-30 14:27:52','2015-09-30 14:27:52'),(123,24,'ItemLine',NULL,253,1,'2015-09-30','2015-09-30',NULL,NULL,23,NULL,'2015-09-30 14:27:52','2015-09-30 14:27:52'),(124,24,'ItemLine',NULL,257,1,'2015-09-30','2015-09-30',NULL,NULL,23,NULL,'2015-09-30 14:27:52','2015-09-30 14:27:52'),(125,24,'ItemLine',NULL,261,1,'2015-09-30','2015-09-30',NULL,NULL,23,NULL,'2015-09-30 14:27:52','2015-09-30 14:27:52'),(126,25,'ItemLine',NULL,100,1,'2015-09-30','2015-09-30',NULL,NULL,24,NULL,'2015-09-30 14:27:52','2015-09-30 14:27:52'),(127,26,'ItemLine',NULL,100,1,'2015-09-30','2015-09-30',NULL,NULL,25,NULL,'2015-09-30 14:27:52','2015-09-30 14:27:52'),(128,26,'ItemLine',NULL,68,1,'2015-09-30','2015-09-30',NULL,NULL,25,NULL,'2015-09-30 14:27:52','2015-09-30 14:27:52'),(129,27,'ItemLine',NULL,100,1,'2015-10-07','2015-10-08',NULL,NULL,26,NULL,'2015-09-30 14:27:52','2015-09-30 14:27:52'),(130,28,'ItemLine',NULL,42,1,'2015-09-30','2015-09-30',NULL,NULL,27,NULL,'2015-09-30 14:27:52','2015-09-30 14:27:52'),(131,28,'ItemLine',NULL,42,1,'2015-09-30','2015-09-30',NULL,NULL,27,NULL,'2015-09-30 14:27:52','2015-09-30 14:27:52'),(132,28,'ItemLine',NULL,42,1,'2015-09-30','2015-09-30',NULL,NULL,27,NULL,'2015-09-30 14:27:52','2015-09-30 14:27:52'),(133,29,'ItemLine',NULL,68,1,'2015-09-30','2015-09-30',NULL,NULL,28,NULL,'2015-09-30 14:27:52','2015-09-30 14:27:52'),(134,29,'ItemLine',NULL,68,1,'2015-09-30','2015-09-30',NULL,NULL,28,NULL,'2015-09-30 14:27:52','2015-09-30 14:27:52'),(135,29,'ItemLine',NULL,68,1,'2015-09-30','2015-09-30',NULL,NULL,28,NULL,'2015-09-30 14:27:52','2015-09-30 14:27:52'),(136,29,'ItemLine',NULL,100,1,'2015-09-30','2015-09-30',NULL,NULL,28,NULL,'2015-09-30 14:27:52','2015-09-30 14:27:52'),(137,29,'OptionLine',NULL,NULL,5,'2015-09-30','2015-10-01',NULL,1,28,NULL,'2015-09-30 14:27:52','2015-09-30 14:27:52'),(138,30,'ItemLine',60,68,1,'2015-09-30','2015-09-30',NULL,NULL,29,NULL,'2015-09-30 14:27:52','2015-09-30 14:27:52'),(139,31,'ItemLine',252,265,1,'2015-09-30','2015-09-30',NULL,NULL,30,NULL,'2015-09-30 14:27:52','2015-09-30 14:27:52'),(140,32,'ItemLine',31,41,1,'2015-09-30','2015-09-30',NULL,NULL,31,NULL,'2015-09-30 14:27:52','2015-09-30 14:27:52'),(141,32,'ItemLine',206,208,1,'2015-09-30','2015-09-30','2015-09-30',NULL,31,18,'2015-09-30 14:27:52','2015-09-30 14:27:52'),(142,33,'ItemLine',36,42,1,'2015-09-30','2015-09-30',NULL,NULL,32,NULL,'2015-09-30 14:27:52','2015-09-30 14:27:52'),(143,34,'ItemLine',101,103,1,'2015-09-30','2015-10-01',NULL,NULL,33,NULL,'2015-09-30 14:27:52','2015-09-30 14:27:52'),(144,35,'ItemLine',NULL,68,1,'2015-10-07','2015-10-10',NULL,NULL,34,NULL,'2015-09-30 14:27:52','2015-09-30 14:27:52'),(145,35,'ItemLine',NULL,100,1,'2015-10-07','2015-10-10',NULL,NULL,34,NULL,'2015-09-30 14:27:52','2015-09-30 14:27:52'),(146,35,'ItemLine',NULL,100,1,'2015-10-08','2015-10-11',NULL,NULL,34,NULL,'2015-09-30 14:27:52','2015-09-30 14:27:52'),(147,36,'ItemLine',NULL,NULL,1,'2015-09-30','2015-10-01',NULL,NULL,34,NULL,'2015-09-30 14:27:52','2015-09-30 14:27:52'),(148,37,'ItemLine',NULL,42,1,'2015-09-28','2015-10-01',NULL,NULL,35,NULL,'2015-09-30 14:27:52','2015-09-30 14:27:52'),(149,37,'ItemLine',NULL,266,1,'2015-09-28','2015-10-01',NULL,NULL,35,NULL,'2015-09-30 14:27:52','2015-09-30 14:27:52'),(150,38,'ItemLine',126,42,1,'2015-09-30','2015-09-30',NULL,NULL,36,NULL,'2015-09-30 14:27:52','2015-09-30 14:27:52'),(151,38,'OptionLine',NULL,NULL,1,'2015-09-30','2015-09-30',NULL,1,36,NULL,'2015-09-30 14:27:52','2015-09-30 14:27:52'),(152,39,'ItemLine',NULL,68,1,'2015-11-06','2015-11-14',NULL,NULL,37,NULL,'2015-09-30 14:27:52','2015-09-30 14:27:52'),(153,40,'ItemLine',NULL,68,1,'2015-11-21','2015-11-24',NULL,NULL,38,NULL,'2015-09-30 14:27:52','2015-09-30 14:27:52'),(154,40,'ItemLine',NULL,68,1,'2015-11-21','2015-11-24',NULL,NULL,38,NULL,'2015-09-30 14:27:52','2015-09-30 14:27:52'),(155,40,'ItemLine',NULL,68,1,'2015-11-21','2015-11-24',NULL,NULL,38,NULL,'2015-09-30 14:27:52','2015-09-30 14:27:52'),(156,40,'ItemLine',NULL,68,1,'2015-11-21','2015-11-24',NULL,NULL,38,NULL,'2015-09-30 14:27:52','2015-09-30 14:27:52'),(157,40,'ItemLine',NULL,68,1,'2015-11-21','2015-11-24',NULL,NULL,38,NULL,'2015-09-30 14:27:52','2015-09-30 14:27:52'),(158,40,'ItemLine',NULL,68,1,'2015-11-21','2015-11-24',NULL,NULL,38,NULL,'2015-09-30 14:27:52','2015-09-30 14:27:52'),(159,41,'ItemLine',NULL,29,1,'2015-09-30','2015-09-30',NULL,NULL,39,NULL,'2015-09-30 14:27:52','2015-09-30 14:27:52'),(160,42,'ItemLine',96,100,1,'2015-09-25','2015-09-29',NULL,NULL,40,NULL,'2015-09-25 00:00:00','2015-09-25 00:00:00');
/*!40000 ALTER TABLE `contract_lines` ENABLE KEYS */;
UNLOCK TABLES;

--
-- Table structure for table `contracts`
--

DROP TABLE IF EXISTS `contracts`;
/*!40101 SET @saved_cs_client     = @@character_set_client */;
/*!40101 SET character_set_client = utf8 */;
CREATE TABLE `contracts` (
  `id` int(11) NOT NULL AUTO_INCREMENT,
  `user_id` int(11) DEFAULT NULL,
  `delegated_user_id` int(11) DEFAULT NULL,
  `inventory_pool_id` int(11) DEFAULT NULL,
  `note` text COLLATE utf8_unicode_ci,
  `handed_over_by_user_id` int(11) DEFAULT NULL,
  `created_at` datetime DEFAULT NULL,
  `updated_at` datetime DEFAULT NULL,
  `status` enum('unsubmitted','submitted','rejected','approved','signed','closed') COLLATE utf8_unicode_ci NOT NULL,
  PRIMARY KEY (`id`),
  KEY `index_contracts_on_inventory_pool_id` (`inventory_pool_id`),
  KEY `index_contracts_on_status` (`status`),
  KEY `index_contracts_on_user_id` (`user_id`)
) ENGINE=InnoDB AUTO_INCREMENT=43 DEFAULT CHARSET=utf8 COLLATE=utf8_unicode_ci;
/*!40101 SET character_set_client = @saved_cs_client */;

--
-- Dumping data for table `contracts`
--

LOCK TABLES `contracts` WRITE;
/*!40000 ALTER TABLE `contracts` DISABLE KEYS */;
INSERT INTO `contracts` VALUES (1,5,NULL,5,NULL,NULL,'2015-09-30 14:27:52','2015-09-30 14:27:52','unsubmitted'),(2,6,NULL,10,NULL,NULL,'2015-09-30 14:27:52','2015-09-30 14:27:52','approved'),(3,7,NULL,1,NULL,NULL,'2015-09-30 14:27:52','2015-09-30 14:27:52','closed'),(4,12,NULL,1,NULL,NULL,'2015-09-27 21:31:10','2015-09-27 21:31:10','submitted'),(5,12,NULL,1,NULL,NULL,'2015-09-27 21:31:10','2015-09-27 21:31:10','approved'),(6,12,NULL,1,NULL,NULL,'2015-09-27 21:31:11','2015-09-27 21:31:11','rejected'),(7,12,NULL,1,NULL,NULL,'2015-09-26 23:55:43','2015-09-26 23:55:43','submitted'),(8,12,NULL,1,NULL,NULL,'2015-09-23 18:10:04','2015-09-23 18:10:04','submitted'),(9,13,NULL,1,NULL,NULL,'2015-09-30 14:27:52','2015-09-30 14:27:52','submitted'),(10,14,NULL,1,NULL,NULL,'2015-09-30 14:27:52','2015-09-30 14:27:52','submitted'),(11,15,NULL,1,NULL,NULL,'2015-09-30 14:27:52','2015-09-30 14:27:52','submitted'),(12,16,NULL,1,NULL,NULL,'2015-09-30 14:27:52','2015-09-30 14:27:52','submitted'),(13,20,NULL,1,NULL,NULL,'2015-09-30 14:27:52','2015-09-30 14:27:52','approved'),(14,21,NULL,1,NULL,18,'2015-09-30 14:27:52','2015-09-30 14:27:52','signed'),(15,22,NULL,1,NULL,18,'2015-09-30 14:27:52','2015-09-30 14:27:52','signed'),(16,23,NULL,1,NULL,18,'2015-09-30 14:27:52','2015-09-30 14:27:52','signed'),(17,24,NULL,2,NULL,18,'2015-09-25 00:00:00','2015-09-25 00:00:00','signed'),(18,28,26,1,NULL,NULL,'2015-09-30 14:27:52','2015-09-30 14:27:52','submitted'),(19,28,27,1,NULL,NULL,'2015-09-30 14:27:52','2015-09-30 14:27:52','approved'),(20,28,26,1,NULL,18,'2015-09-30 14:27:52','2015-09-30 14:27:52','signed'),(21,28,26,1,NULL,18,'2015-09-25 00:00:00','2015-09-25 00:00:00','signed'),(22,32,NULL,1,NULL,NULL,'2015-09-30 14:27:52','2015-09-30 14:27:52','submitted'),(23,32,NULL,1,NULL,NULL,'2015-09-30 14:27:52','2015-09-30 14:27:52','submitted'),(24,32,NULL,3,NULL,NULL,'2015-09-30 14:27:52','2015-09-30 14:27:52','submitted'),(25,32,NULL,1,NULL,NULL,'2015-09-30 14:27:52','2015-09-30 14:27:52','approved'),(26,32,NULL,1,NULL,NULL,'2015-09-30 14:27:52','2015-09-30 14:27:52','approved'),(27,32,NULL,1,NULL,NULL,'2015-09-30 14:27:52','2015-09-30 14:27:52','approved'),(28,32,NULL,1,NULL,NULL,'2015-09-30 14:27:52','2015-09-30 14:27:52','approved'),(29,32,NULL,1,NULL,NULL,'2015-09-30 14:27:52','2015-09-30 14:27:52','approved'),(30,32,NULL,1,NULL,18,'2015-09-30 14:27:52','2015-09-30 14:27:52','signed'),(31,32,NULL,1,NULL,18,'2015-09-30 14:27:52','2015-09-30 14:27:52','signed'),(32,32,NULL,2,NULL,18,'2015-09-30 14:27:52','2015-09-30 14:27:52','signed'),(33,32,NULL,2,NULL,18,'2015-09-30 14:27:52','2015-09-30 14:27:52','signed'),(34,32,NULL,1,NULL,18,'2015-09-30 14:27:52','2015-09-30 14:27:52','signed'),(35,33,NULL,1,NULL,NULL,'2015-09-30 14:27:52','2015-09-30 14:27:52','submitted'),(36,33,NULL,1,NULL,NULL,'2015-09-30 14:27:52','2015-09-30 14:27:52','submitted'),(37,33,NULL,1,NULL,NULL,'2015-09-30 14:27:52','2015-09-30 14:27:52','approved'),(38,33,NULL,1,NULL,18,'2015-09-30 14:27:52','2015-09-30 14:27:52','signed'),(39,34,NULL,1,NULL,NULL,'2015-09-30 14:27:52','2015-09-30 14:27:52','submitted'),(40,34,NULL,1,NULL,NULL,'2015-09-30 14:27:52','2015-09-30 14:27:52','submitted'),(41,34,NULL,1,NULL,NULL,'2015-09-30 14:27:52','2015-09-30 14:27:52','approved'),(42,34,NULL,1,NULL,18,'2015-09-25 00:00:00','2015-09-25 00:00:00','signed');
/*!40000 ALTER TABLE `contracts` ENABLE KEYS */;
UNLOCK TABLES;

--
-- Table structure for table `database_authentications`
--

DROP TABLE IF EXISTS `database_authentications`;
/*!40101 SET @saved_cs_client     = @@character_set_client */;
/*!40101 SET character_set_client = utf8 */;
CREATE TABLE `database_authentications` (
  `id` int(11) NOT NULL AUTO_INCREMENT,
  `login` varchar(255) COLLATE utf8_unicode_ci DEFAULT NULL,
  `crypted_password` varchar(40) COLLATE utf8_unicode_ci DEFAULT NULL,
  `salt` varchar(40) COLLATE utf8_unicode_ci DEFAULT NULL,
  `user_id` int(11) DEFAULT NULL,
  `created_at` datetime DEFAULT NULL,
  `updated_at` datetime DEFAULT NULL,
  PRIMARY KEY (`id`)
) ENGINE=InnoDB AUTO_INCREMENT=31 DEFAULT CHARSET=utf8 COLLATE=utf8_unicode_ci;
/*!40101 SET character_set_client = @saved_cs_client */;

--
-- Dumping data for table `database_authentications`
--

LOCK TABLES `database_authentications` WRITE;
/*!40000 ALTER TABLE `database_authentications` DISABLE KEYS */;
INSERT INTO `database_authentications` VALUES (1,'ramon','b389710d92c6613149d23775c51bfb9adc8e0830','db2f60cb2de6afc11af3ea4728ef065f754b22b0',1,'2015-09-30 14:27:52','2015-09-30 14:27:52'),(2,'lindsey_kuhic_8298','169ee10db6bbacddd7721526cc9dd3c857ecf6ee','559ea145bfb856c3a6ab8da830d84e3d908b328f',2,'2015-09-30 14:27:52','2015-09-30 14:27:52'),(3,'alfredo_8661','fb37907df67196cc7fe053172e17faf307de10ac','efe62458f52f8a2ee8600eea3e67a37a0cabdcbe',3,'2015-09-30 14:27:52','2015-09-30 14:27:52'),(4,'hanna.renner_728','739d97febb6b3210d0d620fb806800e31fa9d4f9','e6e6a66794f9dc018f7349341a3fd9e5e6dd4f5e',4,'2015-09-30 14:27:52','2015-09-30 14:27:52'),(5,'justina_heaney_3136','aad3d58cfc8c1e5b233d5236b2dd0cc923985738','a7d3568792305d030d7f85cfc8f411998186e2b6',5,'2015-09-30 14:27:52','2015-09-30 14:27:52'),(6,'zaria.haag_7512','b857798a3bf87525857c2010113c751d1ce6cc05','d6d422754a4189c6788c38ffab249adf01d1ab7a',6,'2015-09-30 14:27:52','2015-09-30 14:27:52'),(7,'ephraim_3605','b4f86453c3133e4aca2c12a60f8e6e9201686751','ee7a97e4510c5e9ef33d76d0114cbf0d04351862',7,'2015-09-30 14:27:52','2015-09-30 14:27:52'),(8,'matti','63868c05862526163dc0b37d184f5194c1379da6','efcc62169649a570f688d29966e649fe179e76cd',8,'2015-09-30 14:27:52','2015-09-30 14:27:52'),(9,'mike','6123b61702fd80b2de8213fb3fba8d6bd1f62899','415d485e8c9aef0c1e2584e6d4e55f5526ff7b30',9,'2015-09-30 14:27:52','2015-09-30 14:27:52'),(10,'andi','817dac1ba34bd6c684803802098d33f13c0b03f8','65a9fda8ca9cef3935f97d113ec93e13c70769a1',10,'2015-09-30 14:27:52','2015-09-30 14:27:52'),(11,'luisa_384','01741338138ccf31eb636fab13fd2bb9a5ac6917','3c519716f7d8b56084058c023cee5f1df9ff7ecd',11,'2015-09-30 14:27:52','2015-09-30 14:27:52'),(12,'nathaniel.cummerata_4903','ec750766340c56191070478e9c372b235c25a92e','554abe5d652869e3660e7050b0e9371dc55ce915',12,'2015-09-30 14:27:52','2015-09-30 14:27:52'),(13,'graciela_hamill_4205','bd738414d1e6ca0838dee079104b7e3ac64fc671','ff6064d8d7bacc3a79cabb7826f3cc3f5e20d266',13,'2015-09-30 14:27:52','2015-09-30 14:27:52'),(14,'jazmyne_kshlerin_7286','54731fb606949af8fa12107d7f59dc339c15d66a','288281c02d1ed04fa24c633859cb5d16afad28d4',14,'2015-09-30 14:27:52','2015-09-30 14:27:52'),(15,'nelson_8990','fdde8bf3c32deecc2946b3e247efae3b8b37b6c0','67c8c8a86e0ba802c44869a6a7b8fa6da5d690cf',15,'2015-09-30 14:27:52','2015-09-30 14:27:52'),(16,'lilyan_hegmann_6865','71df488ec26a813034ea029175e0b3a90fa87f8a','deb8a05611ca7cc416ced1286e728f7c4d7dd6fd',16,'2015-09-30 14:27:52','2015-09-30 14:27:52'),(17,'gino','828c116d3172325af7c99ff5381d6b56db8cec56','d56a3b864b159cb8907fa4fabd58ac9548f149b8',17,'2015-09-30 14:27:52','2015-09-30 14:27:52'),(18,'pius','4b230809a8b49ba0c3c68e0502d776e1663448d2','17f4e5faa500ae3ec7c1daec72ae172510b6dce9',18,'2015-09-30 14:27:52','2015-09-30 14:27:52'),(19,'peter','ea656b66b8f183395f198a6a289672cdd2d0ba61','1c4a049aa18de07af02123f6a13d10bec8d74592',19,'2015-09-30 14:27:52','2015-09-30 14:27:52'),(20,'kariane_5773','838b1cb99c5015c4c6bcbbe841ca0d1c2d3b81d7','8cc73fbea334798959275cdef0516b60e3f7b34b',20,'2015-09-30 14:27:52','2015-09-30 14:27:52'),(21,'allie_7035','894dab5f4c1d894e541e465be9bd7907a325af2b','54b22c5d29b31a0e12e2c9b3d6bc5823259c0cb4',21,'2015-09-30 14:27:52','2015-09-30 14:27:52'),(22,'emily_4668','e1907f2a85c2d4be43c334966b5ce5f8165b39da','2c256f867a6fff451303543cbae21d14573c9d91',22,'2015-09-30 14:27:52','2015-09-30 14:27:52'),(23,'jeffrey_5613','707517b13f99d5e6aeb411cf9088178cda35cc17','f18b44b3b5a3b0784a06ba9abb148dc4f7559dc2',23,'2015-09-30 14:27:52','2015-09-30 14:27:52'),(24,'luciano_6118','49a34a5b1705c1dd2a3c9a79522e96d760d04099','960793dbebb18d5fd8ef3df4cabbde7782629239',24,'2015-09-25 00:00:00','2015-09-25 00:00:00'),(25,'joana.cole_7002','2629975118cd328907cee5486833aa0ed7b89936','bda2d21e865cef776054cd1c463890236b31701c',25,'2015-09-25 00:00:00','2015-09-25 00:00:00'),(26,'mina','bddd7d68adf0cd6fcb2c8a3cdb1c6cb7ffa4b4f1','cc6d54dd9547a56c51d73f9edeb82ba2b3f504a3',26,'2015-09-30 14:27:52','2015-09-30 14:27:52'),(27,'julie','7518f1dd47bf0b676189477f7b31363133b721d8','67efd0b7fda3a27cf1c07eb1800d06e087565511',27,'2015-09-30 14:27:52','2015-09-30 14:27:52'),(28,'normin','42370ce6e0ab44f40a6045f77df2135e719bbf10','495b7e4b71f686486e65ca3c314b31913f8847b8',32,'2015-09-30 14:27:52','2015-09-30 14:27:52'),(29,'petra','37319c02d207fc6e65bade46dcfec19ec42dfe4f','a857208e6648c53d8ff3f7cb80788c6d80cad20b',33,'2015-09-30 14:27:52','2015-09-30 14:27:52'),(30,'lisa','d305193299ae1b0a995cf05611d41bf3e1577cb2','fcc5e71ab1a7cf3b23e9ccc4c44cebe0d56f74f8',34,'2015-09-30 14:27:52','2015-09-30 14:27:52');
/*!40000 ALTER TABLE `database_authentications` ENABLE KEYS */;
UNLOCK TABLES;

--
-- Table structure for table `delegations_users`
--

DROP TABLE IF EXISTS `delegations_users`;
/*!40101 SET @saved_cs_client     = @@character_set_client */;
/*!40101 SET character_set_client = utf8 */;
CREATE TABLE `delegations_users` (
  `delegation_id` int(11) DEFAULT NULL,
  `user_id` int(11) DEFAULT NULL,
  UNIQUE KEY `index_delegations_users_on_user_id_and_delegation_id` (`user_id`,`delegation_id`),
  KEY `index_delegations_users_on_delegation_id` (`delegation_id`)
) ENGINE=InnoDB DEFAULT CHARSET=utf8 COLLATE=utf8_unicode_ci;
/*!40101 SET character_set_client = @saved_cs_client */;

--
-- Dumping data for table `delegations_users`
--

LOCK TABLES `delegations_users` WRITE;
/*!40000 ALTER TABLE `delegations_users` DISABLE KEYS */;
INSERT INTO `delegations_users` VALUES (28,26),(29,26),(30,26),(31,26),(28,27),(29,27),(30,27),(31,27);
/*!40000 ALTER TABLE `delegations_users` ENABLE KEYS */;
UNLOCK TABLES;

--
-- Table structure for table `groups`
--

DROP TABLE IF EXISTS `groups`;
/*!40101 SET @saved_cs_client     = @@character_set_client */;
/*!40101 SET character_set_client = utf8 */;
CREATE TABLE `groups` (
  `id` int(11) NOT NULL AUTO_INCREMENT,
  `name` varchar(255) COLLATE utf8_unicode_ci DEFAULT NULL,
  `inventory_pool_id` int(11) DEFAULT NULL,
  `is_verification_required` tinyint(1) DEFAULT '0',
  `created_at` datetime DEFAULT NULL,
  `updated_at` datetime DEFAULT NULL,
  PRIMARY KEY (`id`),
  KEY `index_groups_on_inventory_pool_id` (`inventory_pool_id`),
  KEY `index_groups_on_is_verification_required` (`is_verification_required`)
) ENGINE=InnoDB AUTO_INCREMENT=10 DEFAULT CHARSET=utf8 COLLATE=utf8_unicode_ci;
/*!40101 SET character_set_client = @saved_cs_client */;

--
-- Dumping data for table `groups`
--

LOCK TABLES `groups` WRITE;
/*!40000 ALTER TABLE `groups` DISABLE KEYS */;
INSERT INTO `groups` VALUES (1,'Cast',1,0,'2015-09-30 14:27:52','2015-09-30 14:27:52'),(2,'IAD',1,0,'2015-09-30 14:27:52','2015-09-30 14:27:52'),(3,'Wu',1,0,'2015-09-30 14:27:52','2015-09-30 14:27:52'),(4,'Group Hifi',1,0,'2015-09-30 14:27:52','2015-09-30 14:27:52'),(5,'Group A',1,0,'2015-09-30 14:27:52','2015-09-30 14:27:52'),(6,'Group B',1,0,'2015-09-30 14:27:52','2015-09-30 14:27:52'),(7,'FFI',1,1,'2015-09-30 14:27:52','2015-09-30 14:27:52'),(8,'VTO',1,1,'2015-09-30 14:27:52','2015-09-30 14:27:52'),(9,'1. Semester',2,1,'2015-09-30 14:27:52','2015-09-30 14:27:52');
/*!40000 ALTER TABLE `groups` ENABLE KEYS */;
UNLOCK TABLES;

--
-- Table structure for table `groups_users`
--

DROP TABLE IF EXISTS `groups_users`;
/*!40101 SET @saved_cs_client     = @@character_set_client */;
/*!40101 SET character_set_client = utf8 */;
CREATE TABLE `groups_users` (
  `user_id` int(11) DEFAULT NULL,
  `group_id` int(11) DEFAULT NULL,
  UNIQUE KEY `index_groups_users_on_user_id_and_group_id` (`user_id`,`group_id`),
  KEY `index_groups_users_on_group_id` (`group_id`)
) ENGINE=InnoDB DEFAULT CHARSET=utf8 COLLATE=utf8_unicode_ci;
/*!40101 SET character_set_client = @saved_cs_client */;

--
-- Dumping data for table `groups_users`
--

LOCK TABLES `groups_users` WRITE;
/*!40000 ALTER TABLE `groups_users` DISABLE KEYS */;
INSERT INTO `groups_users` VALUES (12,7),(12,8),(13,7),(14,7),(14,8),(15,7),(15,9),(16,7),(32,1),(34,1);
/*!40000 ALTER TABLE `groups_users` ENABLE KEYS */;
UNLOCK TABLES;

--
-- Table structure for table `histories`
--

DROP TABLE IF EXISTS `histories`;
/*!40101 SET @saved_cs_client     = @@character_set_client */;
/*!40101 SET character_set_client = utf8 */;
CREATE TABLE `histories` (
  `id` int(11) NOT NULL AUTO_INCREMENT,
  `text` varchar(255) COLLATE utf8_unicode_ci DEFAULT '',
  `type_const` int(11) DEFAULT NULL,
  `created_at` datetime NOT NULL,
  `target_id` int(11) NOT NULL,
  `target_type` varchar(255) COLLATE utf8_unicode_ci NOT NULL,
  `user_id` int(11) DEFAULT NULL,
  PRIMARY KEY (`id`),
  KEY `index_histories_on_target_type_and_target_id` (`target_type`,`target_id`),
  KEY `index_histories_on_type_const` (`type_const`),
  KEY `index_histories_on_user_id` (`user_id`)
) ENGINE=InnoDB AUTO_INCREMENT=14 DEFAULT CHARSET=utf8 COLLATE=utf8_unicode_ci;
/*!40101 SET character_set_client = @saved_cs_client */;

--
-- Dumping data for table `histories`
--

LOCK TABLES `histories` WRITE;
/*!40000 ALTER TABLE `histories` DISABLE KEYS */;
INSERT INTO `histories` VALUES (1,'Contract 14 has been signed by Name Wiegand',1,'2015-09-30 14:27:52',14,'Contract',18),(2,'Contract 15 has been signed by Katelyn Cruickshank',1,'2015-09-30 14:27:52',15,'Contract',18),(3,'Contract 16 has been signed by Keshaun Schumm',1,'2015-09-30 14:27:52',16,'Contract',18),(4,'Contract 17 has been signed by Delphia Streich',1,'2015-09-25 00:00:00',17,'Contract',18),(5,'Contract 20 has been signed by Dicta est provident facilis aut veniam molestiae.',1,'2015-09-30 14:27:52',20,'Contract',18),(6,'Contract 21 has been signed by Dicta est provident facilis aut veniam molestiae.',1,'2015-09-25 00:00:00',21,'Contract',18),(7,'Contract 30 has been signed by Normin N.',1,'2015-09-30 14:27:52',30,'Contract',18),(8,'Contract 31 has been signed by Normin N.',1,'2015-09-30 14:27:52',31,'Contract',18),(9,'Contract 32 has been signed by Normin N.',1,'2015-09-30 14:27:52',32,'Contract',18),(10,'Contract 33 has been signed by Normin N.',1,'2015-09-30 14:27:52',33,'Contract',18),(11,'Contract 34 has been signed by Normin N.',1,'2015-09-30 14:27:52',34,'Contract',18),(12,'Contract 38 has been signed by Petra K.',1,'2015-09-30 14:27:52',38,'Contract',18),(13,'Contract 42 has been signed by Lisa L.',1,'2015-09-25 00:00:00',42,'Contract',18);
/*!40000 ALTER TABLE `histories` ENABLE KEYS */;
UNLOCK TABLES;

--
-- Table structure for table `holidays`
--

DROP TABLE IF EXISTS `holidays`;
/*!40101 SET @saved_cs_client     = @@character_set_client */;
/*!40101 SET character_set_client = utf8 */;
CREATE TABLE `holidays` (
  `id` int(11) NOT NULL AUTO_INCREMENT,
  `inventory_pool_id` int(11) DEFAULT NULL,
  `start_date` date DEFAULT NULL,
  `end_date` date DEFAULT NULL,
  `name` varchar(255) COLLATE utf8_unicode_ci DEFAULT NULL,
  PRIMARY KEY (`id`),
  KEY `index_holidays_on_inventory_pool_id` (`inventory_pool_id`),
  KEY `index_holidays_on_start_date_and_end_date` (`start_date`,`end_date`)
) ENGINE=InnoDB AUTO_INCREMENT=5 DEFAULT CHARSET=utf8 COLLATE=utf8_unicode_ci;
/*!40101 SET character_set_client = @saved_cs_client */;

--
-- Dumping data for table `holidays`
--

LOCK TABLES `holidays` WRITE;
/*!40000 ALTER TABLE `holidays` DISABLE KEYS */;
INSERT INTO `holidays` VALUES (1,1,'2015-12-24','2015-12-24','Christmas'),(2,2,'2015-12-24','2015-12-24','Christmas'),(3,3,'2015-12-24','2015-12-24','Christmas'),(4,1,'2015-12-24','2015-12-24','Christmas');
/*!40000 ALTER TABLE `holidays` ENABLE KEYS */;
UNLOCK TABLES;

--
-- Table structure for table `images`
--

DROP TABLE IF EXISTS `images`;
/*!40101 SET @saved_cs_client     = @@character_set_client */;
/*!40101 SET character_set_client = utf8 */;
CREATE TABLE `images` (
  `id` int(11) NOT NULL AUTO_INCREMENT,
  `model_id` int(11) DEFAULT NULL,
  `is_main` tinyint(1) DEFAULT '0',
  `content_type` varchar(255) COLLATE utf8_unicode_ci DEFAULT NULL,
  `filename` varchar(255) COLLATE utf8_unicode_ci DEFAULT NULL,
  `size` int(11) DEFAULT NULL,
  `height` int(11) DEFAULT NULL,
  `width` int(11) DEFAULT NULL,
  `parent_id` int(11) DEFAULT NULL,
  `thumbnail` varchar(255) COLLATE utf8_unicode_ci DEFAULT NULL,
  PRIMARY KEY (`id`),
  KEY `index_images_on_model_id` (`model_id`)
) ENGINE=InnoDB AUTO_INCREMENT=4 DEFAULT CHARSET=utf8 COLLATE=utf8_unicode_ci;
/*!40101 SET character_set_client = @saved_cs_client */;

--
-- Dumping data for table `images`
--

LOCK TABLES `images` WRITE;
/*!40000 ALTER TABLE `images` DISABLE KEYS */;
INSERT INTO `images` VALUES (1,133,0,'image/jpeg','Xzavier Monahan',NULL,NULL,NULL,NULL,NULL),(2,133,0,'image/jpeg','Reid Kirlin',NULL,NULL,NULL,NULL,NULL),(3,134,0,'image/jpeg','Crystel Hyatt',NULL,NULL,NULL,NULL,NULL);
/*!40000 ALTER TABLE `images` ENABLE KEYS */;
UNLOCK TABLES;

--
-- Table structure for table `inventory_pools`
--

DROP TABLE IF EXISTS `inventory_pools`;
/*!40101 SET @saved_cs_client     = @@character_set_client */;
/*!40101 SET character_set_client = utf8 */;
CREATE TABLE `inventory_pools` (
  `id` int(11) NOT NULL AUTO_INCREMENT,
  `name` varchar(255) COLLATE utf8_unicode_ci DEFAULT NULL,
  `description` text COLLATE utf8_unicode_ci,
  `contact_details` varchar(255) COLLATE utf8_unicode_ci DEFAULT NULL,
  `contract_description` varchar(255) COLLATE utf8_unicode_ci DEFAULT NULL,
  `contract_url` varchar(255) COLLATE utf8_unicode_ci DEFAULT NULL,
  `logo_url` varchar(255) COLLATE utf8_unicode_ci DEFAULT NULL,
  `default_contract_note` text COLLATE utf8_unicode_ci,
  `shortname` varchar(255) COLLATE utf8_unicode_ci DEFAULT NULL,
  `email` varchar(255) COLLATE utf8_unicode_ci DEFAULT NULL,
  `color` text COLLATE utf8_unicode_ci,
  `print_contracts` tinyint(1) DEFAULT '1',
  `opening_hours` text COLLATE utf8_unicode_ci,
  `address_id` int(11) DEFAULT NULL,
  `automatic_suspension` tinyint(1) NOT NULL DEFAULT '0',
  `automatic_suspension_reason` text COLLATE utf8_unicode_ci,
  `automatic_access` tinyint(1) DEFAULT NULL,
  PRIMARY KEY (`id`),
  UNIQUE KEY `index_inventory_pools_on_name` (`name`)
) ENGINE=InnoDB AUTO_INCREMENT=14 DEFAULT CHARSET=utf8 COLLATE=utf8_unicode_ci;
/*!40101 SET character_set_client = @saved_cs_client */;

--
-- Dumping data for table `inventory_pools`
--

LOCK TABLES `inventory_pools` WRITE;
/*!40000 ALTER TABLE `inventory_pools` DISABLE KEYS */;
INSERT INTO `inventory_pools` VALUES (1,'A-Ausleihe','Wichtige Hinweise...\n Bitte die Gegenstnde rechtzeitig zurckbringen','A Verleih  /  ZHdK\nav@zh-dk.ch\n+41 00 00 00 00','Gert erhalten','av@zhdk.ch',NULL,'Sapiente qui atque iure commodi.','A','av@zhdk.ch',NULL,1,NULL,NULL,1,'Et et quis est labore unde.',NULL),(2,'IT-Ausleihe','Bringt die Gerte bitte rechtzeitig zurck','IT Verleih  /  ZHdK\nav@zh-dk.ch\n+41 00 00 00 00','Gert erhalten','it@zhdk.ch',NULL,NULL,'IT','it@zhdk.ch',NULL,1,NULL,NULL,1,'Accusamus est nesciunt est perspiciatis unde voluptatibus et magnam.',NULL),(3,'AV-Technik','Bringt die Gerte bitte rechtzeitig zurck','AV Verleih  /  ZHdK\nav@zh-dk.ch\n+41 00 00 00 00','Gert erhalten','it@zhdk.ch',NULL,NULL,'AV','it@zhdk.ch',NULL,1,NULL,NULL,0,NULL,NULL),(4,'DT deletable','Bringt die Gerte bitte rechtzeitig zurck','AV Verleih  /  ZHdK\nav@zh-dk.ch\n+41 00 00 00 00','Gert erhalten','it@zhdk.ch',NULL,NULL,'DT','it@zhdk.ch',NULL,1,NULL,NULL,0,NULL,NULL),(5,'Namquiaasperioresillum','Tempore dolorum consequuntur quis consequatur non porro quasi quia.','Et consectetur veniam ducimus quam eum ab delectus iure.','Namquiaasperioresillum','lowell.ko@tremblay.co.uk',NULL,NULL,'4A0M03','lowell.ko@tremblay.co.uk',NULL,1,NULL,NULL,0,NULL,NULL),(6,'Magniquodaspernaturculpa','Delectus nesciunt odio corporis expedita alias.','Ut repellendus magni maiores aut.','Magniquodaspernaturculpa','abigail_collins@waterslowe.name',NULL,NULL,'49WTG2','abigail_collins@waterslowe.name',NULL,1,NULL,NULL,0,NULL,NULL),(7,'Quiamagnamasperioresvoluptatem','Quia laboriosam voluptatem quidem dolores.','Ut officia impedit quo qui voluptates magni quia occaecati.','Quiamagnamasperioresvoluptatem','carmine_king@turnerkulas.biz',NULL,NULL,'IHFAI3','carmine_king@turnerkulas.biz',NULL,1,NULL,NULL,0,NULL,NULL),(8,'Rationevoluptasaperiamin','Deserunt aut aliquid rerum nisi minima et laboriosam harum.','Quis ipsum autem et.','Rationevoluptasaperiamin','norberto_rath@baumbach.co.uk',NULL,NULL,'5Q5I5K','norberto_rath@baumbach.co.uk',NULL,1,NULL,NULL,0,NULL,NULL),(9,'Molestiasanimiperferendisexcepturi','Quod necessitatibus reiciendis est provident atque inventore.','Totam assumenda non pariatur sed ut vero.','Molestiasanimiperferendisexcepturi','alexanne@rutherfordjacobi.biz',NULL,NULL,'A3RZC1','alexanne@rutherfordjacobi.biz',NULL,1,NULL,NULL,0,NULL,NULL),(10,'Quamestdeseruntdolore','Qui quae incidunt impedit voluptatem numquam fugiat beatae.','Quod aperiam iusto ipsam ea.','Quamestdeseruntdolore','erna@mertz.co.uk',NULL,NULL,'EFZMRP','erna@mertz.co.uk',NULL,1,NULL,NULL,0,NULL,NULL),(11,'Laudantiumcupiditatesuntmolestiae','Vel deleniti ex sed.','Ratione quis saepe corrupti rem rerum quam aliquam ut.','Laudantiumcupiditatesuntmolestiae','kattie@moen.name',NULL,NULL,'T9PCDY','kattie@moen.name',NULL,1,NULL,NULL,0,NULL,NULL),(12,'Sedlaboreperferendisiure','Praesentium et fugit autem occaecati.','Quaerat aut perspiciatis nemo dolorem occaecati recusandae et provident.','Sedlaboreperferendisiure','millie@quitzonadams.name',NULL,NULL,'O13EP5','millie@quitzonadams.name',NULL,1,NULL,NULL,0,NULL,NULL),(13,'Voluptatumfugitsedab','Laudantium placeat expedita fugit fugiat ea repudiandae.','In qui et omnis.','Voluptatumfugitsedab','maxine@erdmanschulist.co.uk',NULL,NULL,'R6VZUG','maxine@erdmanschulist.co.uk',NULL,1,NULL,NULL,0,NULL,NULL);
/*!40000 ALTER TABLE `inventory_pools` ENABLE KEYS */;
UNLOCK TABLES;

--
-- Table structure for table `inventory_pools_model_groups`
--

DROP TABLE IF EXISTS `inventory_pools_model_groups`;
/*!40101 SET @saved_cs_client     = @@character_set_client */;
/*!40101 SET character_set_client = utf8 */;
CREATE TABLE `inventory_pools_model_groups` (
  `inventory_pool_id` int(11) DEFAULT NULL,
  `model_group_id` int(11) DEFAULT NULL,
  KEY `index_inventory_pools_model_groups_on_inventory_pool_id` (`inventory_pool_id`),
  KEY `index_inventory_pools_model_groups_on_model_group_id` (`model_group_id`)
) ENGINE=InnoDB DEFAULT CHARSET=utf8 COLLATE=utf8_unicode_ci;
/*!40101 SET character_set_client = @saved_cs_client */;

--
-- Dumping data for table `inventory_pools_model_groups`
--

LOCK TABLES `inventory_pools_model_groups` WRITE;
/*!40000 ALTER TABLE `inventory_pools_model_groups` DISABLE KEYS */;
INSERT INTO `inventory_pools_model_groups` VALUES (1,12),(1,13),(1,14);
/*!40000 ALTER TABLE `inventory_pools_model_groups` ENABLE KEYS */;
UNLOCK TABLES;

--
-- Table structure for table `items`
--

DROP TABLE IF EXISTS `items`;
/*!40101 SET @saved_cs_client     = @@character_set_client */;
/*!40101 SET character_set_client = utf8 */;
CREATE TABLE `items` (
  `id` int(11) NOT NULL AUTO_INCREMENT,
  `inventory_code` varchar(255) COLLATE utf8_unicode_ci DEFAULT NULL,
  `serial_number` varchar(255) COLLATE utf8_unicode_ci DEFAULT NULL,
  `model_id` int(11) DEFAULT NULL,
  `location_id` int(11) DEFAULT NULL,
  `supplier_id` int(11) DEFAULT NULL,
  `owner_id` int(11) DEFAULT NULL,
  `parent_id` int(11) DEFAULT NULL,
  `invoice_number` varchar(255) COLLATE utf8_unicode_ci DEFAULT NULL,
  `invoice_date` date DEFAULT NULL,
  `last_check` date DEFAULT NULL,
  `retired` date DEFAULT NULL,
  `retired_reason` varchar(255) COLLATE utf8_unicode_ci DEFAULT NULL,
  `price` decimal(8,2) DEFAULT NULL,
  `is_broken` tinyint(1) DEFAULT '0',
  `is_incomplete` tinyint(1) DEFAULT '0',
  `is_borrowable` tinyint(1) DEFAULT '0',
  `needs_permission` tinyint(1) DEFAULT '0',
  `inventory_pool_id` int(11) DEFAULT NULL,
  `is_inventory_relevant` tinyint(1) DEFAULT '0',
  `responsible` varchar(255) COLLATE utf8_unicode_ci DEFAULT NULL,
  `insurance_number` varchar(255) COLLATE utf8_unicode_ci DEFAULT NULL,
  `note` text COLLATE utf8_unicode_ci,
  `name` text COLLATE utf8_unicode_ci,
  `user_name` varchar(255) COLLATE utf8_unicode_ci DEFAULT NULL,
  `properties` varchar(2048) COLLATE utf8_unicode_ci DEFAULT NULL,
  `created_at` datetime DEFAULT NULL,
  `updated_at` datetime DEFAULT NULL,
  PRIMARY KEY (`id`),
  UNIQUE KEY `index_items_on_inventory_code` (`inventory_code`),
  KEY `index_items_on_inventory_pool_id` (`inventory_pool_id`),
  KEY `index_items_on_retired` (`retired`),
  KEY `index_items_on_is_borrowable` (`is_borrowable`),
  KEY `index_items_on_is_broken` (`is_broken`),
  KEY `index_items_on_is_incomplete` (`is_incomplete`),
  KEY `index_items_on_location_id` (`location_id`),
  KEY `index_items_on_owner_id` (`owner_id`),
  KEY `index_items_on_parent_id_and_retired` (`parent_id`,`retired`),
  KEY `index_items_on_model_id_and_retired_and_inventory_pool_id` (`model_id`,`retired`,`inventory_pool_id`)
) ENGINE=InnoDB AUTO_INCREMENT=256 DEFAULT CHARSET=utf8 COLLATE=utf8_unicode_ci;
/*!40101 SET character_set_client = @saved_cs_client */;

--
-- Dumping data for table `items`
--

LOCK TABLES `items` WRITE;
/*!40000 ALTER TABLE `items` DISABLE KEYS */;
INSERT INTO `items` VALUES (1,'wb2o3bqm3ixsfiwue0ac202','uts-4480mi4756',1,1,1,6,NULL,NULL,'2012-06-08',NULL,NULL,NULL,'845.00',0,0,1,0,5,1,NULL,NULL,NULL,NULL,NULL,'--- !ruby/hash:ActiveSupport::HashWithIndifferentAccess\nanschaffungskategorie: AV-Technik\n','2015-09-30 14:27:52','2015-09-30 14:27:52'),(2,'ti907731iq51vu4064tp203','aut-4017qu8880',1,2,2,2,NULL,NULL,'2014-04-21',NULL,NULL,NULL,'203.00',0,0,1,0,5,1,NULL,NULL,NULL,NULL,NULL,'--- !ruby/hash:ActiveSupport::HashWithIndifferentAccess\nanschaffungskategorie: AV-Technik\n','2015-09-30 14:27:52','2015-09-30 14:27:52'),(3,'vmbdi7d5396dmahv4f9j204','eni-7505qu10858',1,3,3,7,NULL,NULL,'2011-01-09',NULL,NULL,NULL,'578.00',0,0,1,0,5,1,NULL,NULL,NULL,NULL,NULL,'--- !ruby/hash:ActiveSupport::HashWithIndifferentAccess\nanschaffungskategorie: AV-Technik\n','2015-09-30 14:27:52','2015-09-30 14:27:52'),(4,'ivp49f3gf3br3g5sghxr205','pra-1686no2243',5,4,4,2,NULL,NULL,'2010-09-20',NULL,NULL,NULL,'124.00',0,0,1,0,5,1,NULL,NULL,NULL,NULL,NULL,'--- !ruby/hash:ActiveSupport::HashWithIndifferentAccess\nanschaffungskategorie: AV-Technik\n','2015-09-30 14:27:52','2015-09-30 14:27:52'),(5,'36hf7puht52rwl4gnqjo206','ani-6608ip1546',5,5,5,8,NULL,NULL,'2013-06-03',NULL,NULL,NULL,'846.00',0,0,1,0,5,1,NULL,NULL,NULL,NULL,NULL,'--- !ruby/hash:ActiveSupport::HashWithIndifferentAccess\nanschaffungskategorie: AV-Technik\n','2015-09-30 14:27:52','2015-09-30 14:27:52'),(6,'jmat42gwunb7mv6yzho9207','inv-6878si4447',5,6,6,5,NULL,NULL,'2012-06-03',NULL,NULL,NULL,'188.00',0,0,1,0,5,1,NULL,NULL,NULL,NULL,NULL,'--- !ruby/hash:ActiveSupport::HashWithIndifferentAccess\nanschaffungskategorie: AV-Technik\n','2015-09-30 14:27:52','2015-09-30 14:27:52'),(7,'fkhi2qkl3j8epn4hxb2r208','deb-8628do7720',9,7,7,3,NULL,NULL,'2010-09-04',NULL,NULL,NULL,'236.00',0,0,1,0,5,1,NULL,NULL,NULL,NULL,NULL,'--- !ruby/hash:ActiveSupport::HashWithIndifferentAccess\nanschaffungskategorie: AV-Technik\n','2015-09-30 14:27:52','2015-09-30 14:27:52'),(8,'9vyq07fbolr0xb950nvt209','lab-6704cu5384',9,8,8,3,NULL,NULL,'2012-12-06',NULL,NULL,NULL,'437.00',0,0,1,0,5,1,NULL,NULL,NULL,NULL,NULL,'--- !ruby/hash:ActiveSupport::HashWithIndifferentAccess\nanschaffungskategorie: AV-Technik\n','2015-09-30 14:27:52','2015-09-30 14:27:52'),(9,'uxa6ucnp5s0iiii9g4zu210','dol-7969qu2512',9,9,9,1,NULL,NULL,'2011-06-10',NULL,NULL,NULL,'811.00',0,0,1,0,5,1,NULL,NULL,NULL,NULL,NULL,'--- !ruby/hash:ActiveSupport::HashWithIndifferentAccess\nanschaffungskategorie: AV-Technik\n','2015-09-30 14:27:52','2015-09-30 14:27:52'),(10,'wyvonold21751notd490211','ven-10746no10082',13,10,10,5,NULL,NULL,'2011-10-20',NULL,NULL,NULL,'196.00',0,0,1,0,5,1,NULL,NULL,NULL,NULL,NULL,'--- !ruby/hash:ActiveSupport::HashWithIndifferentAccess\nanschaffungskategorie: AV-Technik\n','2015-09-30 14:27:52','2015-09-30 14:27:52'),(11,'1hm8yj5qcpnqfxh9t3vw212','omn-4713ni3962',13,11,11,3,NULL,NULL,'2014-12-05',NULL,NULL,NULL,'1075.00',0,0,1,0,5,1,NULL,NULL,NULL,NULL,NULL,'--- !ruby/hash:ActiveSupport::HashWithIndifferentAccess\nanschaffungskategorie: AV-Technik\n','2015-09-30 14:27:52','2015-09-30 14:27:52'),(12,'9arlr7dm1zcovl0a6dux213','sun-7312od7604',13,12,12,9,NULL,NULL,'2011-03-16',NULL,NULL,NULL,'849.00',0,0,1,0,5,1,NULL,NULL,NULL,NULL,NULL,'--- !ruby/hash:ActiveSupport::HashWithIndifferentAccess\nanschaffungskategorie: AV-Technik\n','2015-09-30 14:27:52','2015-09-30 14:27:52'),(13,'dbbfgh72okttmfzqiai4214','fug-6342vo5839',17,13,13,1,NULL,NULL,'2014-12-24',NULL,NULL,NULL,'831.00',0,0,1,0,10,1,NULL,NULL,NULL,NULL,NULL,'--- !ruby/hash:ActiveSupport::HashWithIndifferentAccess\nanschaffungskategorie: AV-Technik\n','2015-09-30 14:27:52','2015-09-30 14:27:52'),(14,'77sbusgsxz3abjmzzdyh215','dol-10608cu2261',17,14,14,6,NULL,NULL,'2014-01-21',NULL,NULL,NULL,'1073.00',0,0,1,0,10,1,NULL,NULL,NULL,NULL,NULL,'--- !ruby/hash:ActiveSupport::HashWithIndifferentAccess\nanschaffungskategorie: AV-Technik\n','2015-09-30 14:27:52','2015-09-30 14:27:52'),(15,'llwmgsq5ar14zgu3cfzd216','exp-3376ra3395',17,15,15,3,NULL,NULL,'2013-05-27',NULL,NULL,NULL,'88.00',0,0,1,0,10,1,NULL,NULL,NULL,NULL,NULL,'--- !ruby/hash:ActiveSupport::HashWithIndifferentAccess\nanschaffungskategorie: AV-Technik\n','2015-09-30 14:27:52','2015-09-30 14:27:52'),(16,'sr70p6ycenv6h0abgra0217','imp-5458ac1127',21,16,16,1,NULL,NULL,'2012-02-26',NULL,NULL,NULL,'647.00',0,0,1,0,10,1,NULL,NULL,NULL,NULL,NULL,'--- !ruby/hash:ActiveSupport::HashWithIndifferentAccess\nanschaffungskategorie: AV-Technik\n','2015-09-30 14:27:52','2015-09-30 14:27:52'),(17,'c41bt8bx6en8928hsphx218','acc-2717li3748',21,17,17,1,NULL,NULL,'2012-01-10',NULL,NULL,NULL,'41.00',0,0,1,0,10,1,NULL,NULL,NULL,NULL,NULL,'--- !ruby/hash:ActiveSupport::HashWithIndifferentAccess\nanschaffungskategorie: AV-Technik\n','2015-09-30 14:27:52','2015-09-30 14:27:52'),(18,'ad0uyykt6b93kke85jks219','sed-4941ut5278',21,18,18,8,NULL,NULL,'2011-03-23',NULL,NULL,NULL,'1265.00',0,0,1,0,10,1,NULL,NULL,NULL,NULL,NULL,'--- !ruby/hash:ActiveSupport::HashWithIndifferentAccess\nanschaffungskategorie: AV-Technik\n','2015-09-30 14:27:52','2015-09-30 14:27:52'),(19,'ykppkzxt3nbvwhta36nt220','ita-9081ut9275',25,19,19,4,NULL,NULL,'2014-03-01',NULL,NULL,NULL,'554.00',0,0,1,0,10,1,NULL,NULL,NULL,NULL,NULL,'--- !ruby/hash:ActiveSupport::HashWithIndifferentAccess\nanschaffungskategorie: AV-Technik\n','2015-09-30 14:27:52','2015-09-30 14:27:52'),(20,'fw56l1ubs43y71wqgxkg221','sin-5055se3785',25,20,20,10,NULL,NULL,'2013-04-13',NULL,NULL,NULL,'283.00',0,0,1,0,10,1,NULL,NULL,NULL,NULL,NULL,'--- !ruby/hash:ActiveSupport::HashWithIndifferentAccess\nanschaffungskategorie: AV-Technik\n','2015-09-30 14:27:52','2015-09-30 14:27:52'),(21,'msuswz41kqpg9tpju8b1222','ani-7423po9202',25,21,21,8,NULL,NULL,'2011-09-12',NULL,NULL,NULL,'373.00',0,0,1,0,10,1,NULL,NULL,NULL,NULL,NULL,'--- !ruby/hash:ActiveSupport::HashWithIndifferentAccess\nanschaffungskategorie: AV-Technik\n','2015-09-30 14:27:52','2015-09-30 14:27:52'),(22,'52t755n2qiepht25fh5s223','dol-6270pr3993',29,22,22,2,NULL,NULL,'2014-07-10',NULL,NULL,NULL,'317.00',0,0,1,0,1,1,NULL,NULL,NULL,NULL,NULL,'--- !ruby/hash:ActiveSupport::HashWithIndifferentAccess\nanschaffungskategorie: AV-Technik\n','2015-09-30 14:27:52','2015-09-30 14:27:52'),(23,'54909o9mnnbhzb3xdv5f224','cul-10035es6070',29,23,23,8,NULL,NULL,'2010-05-16',NULL,NULL,NULL,'1100.00',0,0,1,0,1,1,NULL,NULL,NULL,NULL,NULL,'--- !ruby/hash:ActiveSupport::HashWithIndifferentAccess\nanschaffungskategorie: AV-Technik\n','2015-09-30 14:27:52','2015-09-30 14:27:52'),(24,'wrrpmj891kfdfozg5w44225','rer-5977cu5741',29,24,24,2,NULL,NULL,'2012-06-28',NULL,NULL,NULL,'311.00',0,0,1,0,1,1,NULL,NULL,NULL,NULL,NULL,'--- !ruby/hash:ActiveSupport::HashWithIndifferentAccess\nanschaffungskategorie: AV-Technik\n','2015-09-30 14:27:52','2015-09-30 14:27:52'),(25,'1hx41mxodsgxci2peivx226','opt-4653is2268',33,25,25,7,NULL,NULL,'2011-12-09',NULL,NULL,NULL,'599.00',0,0,1,0,1,1,NULL,NULL,NULL,NULL,NULL,'--- !ruby/hash:ActiveSupport::HashWithIndifferentAccess\nanschaffungskategorie: AV-Technik\n','2015-09-30 14:27:52','2015-09-30 14:27:52'),(26,'uotvtkm0r3cplk199oi2227','mag-10613co9484',33,26,26,10,NULL,NULL,'2010-01-09',NULL,NULL,NULL,'1243.00',0,0,1,0,1,1,NULL,NULL,NULL,NULL,NULL,'--- !ruby/hash:ActiveSupport::HashWithIndifferentAccess\nanschaffungskategorie: AV-Technik\n','2015-09-30 14:27:52','2015-09-30 14:27:52'),(27,'s1eie8zhp3rlsueb79kr228','etr-6091ex2021',33,27,27,9,NULL,NULL,'2014-06-05',NULL,NULL,NULL,'1042.00',0,0,1,0,1,1,NULL,NULL,NULL,NULL,NULL,'--- !ruby/hash:ActiveSupport::HashWithIndifferentAccess\nanschaffungskategorie: AV-Technik\n','2015-09-30 14:27:52','2015-09-30 14:27:52'),(28,'nmiuuacw0bp0ufi0ebi3229','vol-3901se9070',37,28,28,8,NULL,NULL,'2013-10-16',NULL,NULL,NULL,'792.00',0,0,1,0,1,1,NULL,NULL,NULL,NULL,NULL,'--- !ruby/hash:ActiveSupport::HashWithIndifferentAccess\nanschaffungskategorie: AV-Technik\n','2015-09-30 14:27:52','2015-09-30 14:27:52'),(29,'hzhocp1290e6dq5oi0p2230','eiu-4233ea10236',37,29,29,7,NULL,NULL,'2010-03-15',NULL,NULL,NULL,'332.00',0,0,1,0,1,1,NULL,NULL,NULL,NULL,NULL,'--- !ruby/hash:ActiveSupport::HashWithIndifferentAccess\nanschaffungskategorie: AV-Technik\n','2015-09-30 14:27:52','2015-09-30 14:27:52'),(30,'8w4bopuabqjgph1rq5wv231','sus-2391qu9622',37,30,30,1,NULL,NULL,'2010-05-15',NULL,NULL,NULL,'694.00',0,0,1,0,1,1,NULL,NULL,NULL,NULL,NULL,'--- !ruby/hash:ActiveSupport::HashWithIndifferentAccess\nanschaffungskategorie: AV-Technik\n','2015-09-30 14:27:52','2015-09-30 14:27:52'),(31,'book1','book1',41,31,31,2,NULL,NULL,'2013-01-09',NULL,NULL,NULL,'1371.00',0,0,1,0,2,1,NULL,NULL,NULL,NULL,NULL,'--- !ruby/hash:ActiveSupport::HashWithIndifferentAccess\nanschaffungskategorie: AV-Technik\n','2015-09-30 14:27:52','2015-09-30 14:27:52'),(32,'book2','book2',41,31,32,2,NULL,NULL,'2010-08-03',NULL,NULL,NULL,'263.00',0,0,1,0,2,1,NULL,NULL,NULL,NULL,NULL,'--- !ruby/hash:ActiveSupport::HashWithIndifferentAccess\nanschaffungskategorie: AV-Technik\n','2015-09-30 14:27:52','2015-09-30 14:27:52'),(33,'beam123','xyz456',42,32,33,1,NULL,NULL,'2010-12-11',NULL,NULL,NULL,'1209.00',0,0,1,0,1,1,NULL,NULL,NULL,'name123',NULL,'--- !ruby/hash:ActiveSupport::HashWithIndifferentAccess\nanschaffungskategorie: AV-Technik\n','2015-09-30 14:27:52','2015-09-30 14:27:52'),(34,'beam345','xyz890',42,32,34,1,NULL,NULL,'2012-02-03',NULL,NULL,NULL,'520.00',0,0,1,0,1,1,NULL,NULL,NULL,NULL,NULL,'--- !ruby/hash:ActiveSupport::HashWithIndifferentAccess\nanschaffungskategorie: AV-Technik\n','2015-09-30 14:27:52','2015-09-30 14:27:52'),(35,'beam678','xyz678',43,32,35,1,NULL,NULL,'2011-05-01',NULL,NULL,NULL,'883.00',0,0,1,0,1,1,NULL,NULL,NULL,NULL,NULL,'--- !ruby/hash:ActiveSupport::HashWithIndifferentAccess\nanschaffungskategorie: AV-Technik\n','2015-09-30 14:27:52','2015-09-30 14:27:52'),(36,'beam749','xyz749',42,32,36,1,NULL,NULL,'2013-02-10',NULL,NULL,NULL,'925.00',0,0,1,0,2,1,NULL,NULL,NULL,NULL,NULL,'--- !ruby/hash:ActiveSupport::HashWithIndifferentAccess\nanschaffungskategorie: AV-Technik\n','2015-09-30 14:27:52','2015-09-30 14:27:52'),(37,'beamTest123','xyz749',45,32,37,1,NULL,NULL,'2014-04-17',NULL,NULL,NULL,'753.00',0,0,1,0,1,1,NULL,NULL,NULL,NULL,NULL,'--- !ruby/hash:ActiveSupport::HashWithIndifferentAccess\nanschaffungskategorie: AV-Technik\n','2015-09-30 14:27:52','2015-09-30 14:27:52'),(38,'ucbeam1','minbeam1',46,32,38,1,NULL,NULL,'2010-04-21',NULL,NULL,NULL,'913.00',0,0,1,0,1,1,NULL,NULL,NULL,'ucbeam1',NULL,'--- !ruby/hash:ActiveSupport::HashWithIndifferentAccess\nanschaffungskategorie: AV-Technik\n','2015-09-30 14:27:52','2015-09-30 14:27:52'),(39,'microbeam1','microbeam1',47,32,39,1,NULL,NULL,'2010-03-22',NULL,NULL,NULL,'572.00',0,0,1,0,1,1,NULL,NULL,NULL,'microbeam1',NULL,'--- !ruby/hash:ActiveSupport::HashWithIndifferentAccess\nanschaffungskategorie: AV-Technik\n','2015-09-30 14:27:52','2015-09-30 14:27:52'),(40,'mbeam1','mbeam1',48,32,40,1,NULL,NULL,'2010-05-24',NULL,NULL,NULL,'1009.00',0,0,1,0,1,1,NULL,NULL,NULL,'mbeam1',NULL,'--- !ruby/hash:ActiveSupport::HashWithIndifferentAccess\nanschaffungskategorie: AV-Technik\n','2015-09-30 14:27:52','2015-09-30 14:27:52'),(41,'mbeam2','mbeam2',49,32,41,1,NULL,NULL,'2010-09-05',NULL,NULL,NULL,'1402.00',0,0,1,0,1,1,NULL,NULL,NULL,'mbeam2',NULL,'--- !ruby/hash:ActiveSupport::HashWithIndifferentAccess\nanschaffungskategorie: AV-Technik\n','2015-09-30 14:27:52','2015-09-30 14:27:52'),(42,'mbeam3','mbeam3',50,32,42,1,NULL,NULL,'2012-05-03',NULL,NULL,NULL,'1263.00',0,0,1,0,1,1,NULL,NULL,NULL,'mbeam3',NULL,'--- !ruby/hash:ActiveSupport::HashWithIndifferentAccess\nanschaffungskategorie: AV-Technik\n','2015-09-30 14:27:52','2015-09-30 14:27:52'),(43,'mbeam4','mbeam4',51,32,43,1,NULL,NULL,'2014-03-01',NULL,NULL,NULL,'1454.00',0,0,1,0,1,1,NULL,NULL,NULL,'mbeam4',NULL,'--- !ruby/hash:ActiveSupport::HashWithIndifferentAccess\nanschaffungskategorie: AV-Technik\n','2015-09-30 14:27:52','2015-09-30 14:27:52'),(44,'mbeam5','mbeam5',52,32,44,1,NULL,NULL,'2012-09-19',NULL,NULL,NULL,'1000.00',0,0,1,0,1,1,NULL,NULL,NULL,'mbeam5',NULL,'--- !ruby/hash:ActiveSupport::HashWithIndifferentAccess\nanschaffungskategorie: AV-Technik\n','2015-09-30 14:27:52','2015-09-30 14:27:52'),(45,'mbeam6','mbeam6',53,32,45,1,NULL,NULL,'2013-09-28',NULL,NULL,NULL,'627.00',0,0,1,0,1,1,NULL,NULL,NULL,'mbeam6',NULL,'--- !ruby/hash:ActiveSupport::HashWithIndifferentAccess\nanschaffungskategorie: AV-Technik\n','2015-09-30 14:27:52','2015-09-30 14:27:52'),(46,'mbeam7','mbeam7',54,32,46,1,NULL,NULL,'2013-02-02',NULL,NULL,NULL,'888.00',0,0,1,0,1,1,NULL,NULL,NULL,'mbeam7',NULL,'--- !ruby/hash:ActiveSupport::HashWithIndifferentAccess\nanschaffungskategorie: AV-Technik\n','2015-09-30 14:27:52','2015-09-30 14:27:52'),(47,'mbeam8','mbeam8',55,32,47,1,NULL,NULL,'2011-11-12',NULL,NULL,NULL,'1061.00',0,0,1,0,1,1,NULL,NULL,NULL,'mbeam8',NULL,'--- !ruby/hash:ActiveSupport::HashWithIndifferentAccess\nanschaffungskategorie: AV-Technik\n','2015-09-30 14:27:52','2015-09-30 14:27:52'),(48,'mbeam9','mbeam9',56,32,48,1,NULL,NULL,'2013-07-27',NULL,NULL,NULL,'484.00',0,0,1,0,1,1,NULL,NULL,NULL,'mbeam9',NULL,'--- !ruby/hash:ActiveSupport::HashWithIndifferentAccess\nanschaffungskategorie: AV-Technik\n','2015-09-30 14:27:52','2015-09-30 14:27:52'),(49,'mbeam10','mbeam10',57,32,49,1,NULL,NULL,'2010-09-05',NULL,NULL,NULL,'708.00',0,0,1,0,1,1,NULL,NULL,NULL,'mbeam10',NULL,'--- !ruby/hash:ActiveSupport::HashWithIndifferentAccess\nanschaffungskategorie: AV-Technik\n','2015-09-30 14:27:52','2015-09-30 14:27:52'),(50,'mbeam11','mbeam11',58,32,50,1,NULL,NULL,'2011-08-31',NULL,NULL,NULL,'1017.00',0,0,1,0,1,1,NULL,NULL,NULL,'mbeam11',NULL,'--- !ruby/hash:ActiveSupport::HashWithIndifferentAccess\nanschaffungskategorie: AV-Technik\n','2015-09-30 14:27:52','2015-09-30 14:27:52'),(51,'mbeam12','mbeam12',59,32,51,1,NULL,NULL,'2010-11-03',NULL,NULL,NULL,'1291.00',0,0,1,0,1,1,NULL,NULL,NULL,'mbeam12',NULL,'--- !ruby/hash:ActiveSupport::HashWithIndifferentAccess\nanschaffungskategorie: AV-Technik\n','2015-09-30 14:27:52','2015-09-30 14:27:52'),(52,'mbeam13','mbeam13',60,32,52,1,NULL,NULL,'2012-09-17',NULL,NULL,NULL,'1255.00',0,0,1,0,1,1,NULL,NULL,NULL,'mbeam13',NULL,'--- !ruby/hash:ActiveSupport::HashWithIndifferentAccess\nanschaffungskategorie: AV-Technik\n','2015-09-30 14:27:52','2015-09-30 14:27:52'),(53,'mbeam14','mbeam14',61,32,53,1,NULL,NULL,'2010-03-02',NULL,NULL,NULL,'576.00',0,0,1,0,1,1,NULL,NULL,NULL,'mbeam14',NULL,'--- !ruby/hash:ActiveSupport::HashWithIndifferentAccess\nanschaffungskategorie: AV-Technik\n','2015-09-30 14:27:52','2015-09-30 14:27:52'),(54,'mbeam15','mbeam15',62,32,54,1,NULL,NULL,'2013-12-19',NULL,NULL,NULL,'1439.00',0,0,1,0,1,1,NULL,NULL,NULL,'mbeam15',NULL,'--- !ruby/hash:ActiveSupport::HashWithIndifferentAccess\nanschaffungskategorie: AV-Technik\n','2015-09-30 14:27:52','2015-09-30 14:27:52'),(55,'mbeam16','mbeam16',63,32,55,1,NULL,NULL,'2010-03-31',NULL,NULL,NULL,'1377.00',0,0,1,0,1,1,NULL,NULL,NULL,'mbeam16',NULL,'--- !ruby/hash:ActiveSupport::HashWithIndifferentAccess\nanschaffungskategorie: AV-Technik\n','2015-09-30 14:27:52','2015-09-30 14:27:52'),(56,'mbeam17','mbeam17',64,32,56,1,NULL,NULL,'2012-09-06',NULL,NULL,NULL,'1035.00',0,0,1,0,1,1,NULL,NULL,NULL,'mbeam17',NULL,'--- !ruby/hash:ActiveSupport::HashWithIndifferentAccess\nanschaffungskategorie: AV-Technik\n','2015-09-30 14:27:52','2015-09-30 14:27:52'),(57,'mbeam18','mbeam18',65,32,57,1,NULL,NULL,'2013-08-13',NULL,NULL,NULL,'903.00',0,0,1,0,1,1,NULL,NULL,NULL,'mbeam18',NULL,'--- !ruby/hash:ActiveSupport::HashWithIndifferentAccess\nanschaffungskategorie: AV-Technik\n','2015-09-30 14:27:52','2015-09-30 14:27:52'),(58,'mbeam19','mbeam19',66,32,58,1,NULL,NULL,'2011-04-13',NULL,NULL,NULL,'1327.00',0,0,1,0,1,1,NULL,NULL,NULL,'mbeam19',NULL,'--- !ruby/hash:ActiveSupport::HashWithIndifferentAccess\nanschaffungskategorie: AV-Technik\n','2015-09-30 14:27:52','2015-09-30 14:27:52'),(59,'mbeam20','mbeam20',67,32,59,1,NULL,NULL,'2014-10-18',NULL,NULL,NULL,'873.00',0,0,1,0,1,1,NULL,NULL,NULL,'mbeam20',NULL,'--- !ruby/hash:ActiveSupport::HashWithIndifferentAccess\nanschaffungskategorie: AV-Technik\n','2015-09-30 14:27:52','2015-09-30 14:27:52'),(60,'cam123','abc234',68,32,60,1,NULL,NULL,'2013-10-11',NULL,NULL,NULL,'334.00',0,0,1,0,1,1,NULL,NULL,NULL,NULL,NULL,'--- !ruby/hash:ActiveSupport::HashWithIndifferentAccess\nanschaffungskategorie: AV-Technik\n','2015-09-30 14:27:52','2015-09-30 14:27:52'),(61,'cam345','ab567',68,32,61,1,NULL,NULL,'2012-05-01',NULL,NULL,NULL,'594.00',0,0,1,0,1,1,NULL,NULL,NULL,NULL,NULL,'--- !ruby/hash:ActiveSupport::HashWithIndifferentAccess\nanschaffungskategorie: AV-Technik\n','2015-09-30 14:27:52','2015-09-30 14:27:52'),(62,'cam567','ab789',68,32,62,1,NULL,NULL,'2011-07-05',NULL,NULL,NULL,'667.00',0,0,1,0,1,1,NULL,NULL,NULL,NULL,NULL,'--- !ruby/hash:ActiveSupport::HashWithIndifferentAccess\nanschaffungskategorie: AV-Technik\n','2015-09-30 14:27:52','2015-09-30 14:27:52'),(63,'cam53267','ab782129',68,32,63,1,NULL,NULL,'2013-09-26',NULL,NULL,NULL,'447.00',0,0,1,0,1,1,NULL,NULL,NULL,NULL,NULL,'--- !ruby/hash:ActiveSupport::HashWithIndifferentAccess\nanschaffungskategorie: AV-Technik\n','2015-09-30 14:27:52','2015-09-30 14:27:52'),(64,'cam532asd67','ab78as2129',68,32,64,1,NULL,NULL,'2011-05-06',NULL,NULL,NULL,'153.00',0,0,1,0,1,1,NULL,NULL,NULL,NULL,NULL,'--- !ruby/hash:ActiveSupport::HashWithIndifferentAccess\nanschaffungskategorie: AV-Technik\n','2015-09-30 14:27:52','2015-09-30 14:27:52'),(65,'mcam1','mcam1',69,32,65,1,NULL,NULL,'2011-07-11',NULL,NULL,NULL,'757.00',0,0,1,0,1,1,NULL,NULL,NULL,'mcam1',NULL,'--- !ruby/hash:ActiveSupport::HashWithIndifferentAccess\nanschaffungskategorie: AV-Technik\n','2015-09-30 14:27:52','2015-09-30 14:27:52'),(66,'mcam2','mcam2',70,32,66,1,NULL,NULL,'2012-07-01',NULL,NULL,NULL,'765.00',0,0,1,0,1,1,NULL,NULL,NULL,'mcam2',NULL,'--- !ruby/hash:ActiveSupport::HashWithIndifferentAccess\nanschaffungskategorie: AV-Technik\n','2015-09-30 14:27:52','2015-09-30 14:27:52'),(67,'mcam3','mcam3',71,32,67,1,NULL,NULL,'2011-06-24',NULL,NULL,NULL,'1020.00',0,0,1,0,1,1,NULL,NULL,NULL,'mcam3',NULL,'--- !ruby/hash:ActiveSupport::HashWithIndifferentAccess\nanschaffungskategorie: AV-Technik\n','2015-09-30 14:27:52','2015-09-30 14:27:52'),(68,'mcam4','mcam4',72,32,68,1,NULL,NULL,'2010-03-21',NULL,NULL,NULL,'64.00',0,0,1,0,1,1,NULL,NULL,NULL,'mcam4',NULL,'--- !ruby/hash:ActiveSupport::HashWithIndifferentAccess\nanschaffungskategorie: AV-Technik\n','2015-09-30 14:27:52','2015-09-30 14:27:52'),(69,'mcam5','mcam5',73,32,69,1,NULL,NULL,'2014-01-31',NULL,NULL,NULL,'623.00',0,0,1,0,1,1,NULL,NULL,NULL,'mcam5',NULL,'--- !ruby/hash:ActiveSupport::HashWithIndifferentAccess\nanschaffungskategorie: AV-Technik\n','2015-09-30 14:27:52','2015-09-30 14:27:52'),(70,'mcam6','mcam6',74,32,70,1,NULL,NULL,'2012-08-10',NULL,NULL,NULL,'215.00',0,0,1,0,1,1,NULL,NULL,NULL,'mcam6',NULL,'--- !ruby/hash:ActiveSupport::HashWithIndifferentAccess\nanschaffungskategorie: AV-Technik\n','2015-09-30 14:27:52','2015-09-30 14:27:52'),(71,'mcam7','mcam7',75,32,71,1,NULL,NULL,'2010-11-18',NULL,NULL,NULL,'591.00',0,0,1,0,1,1,NULL,NULL,NULL,'mcam7',NULL,'--- !ruby/hash:ActiveSupport::HashWithIndifferentAccess\nanschaffungskategorie: AV-Technik\n','2015-09-30 14:27:52','2015-09-30 14:27:52'),(72,'mcam8','mcam8',76,32,72,1,NULL,NULL,'2010-11-08',NULL,NULL,NULL,'839.00',0,0,1,0,1,1,NULL,NULL,NULL,'mcam8',NULL,'--- !ruby/hash:ActiveSupport::HashWithIndifferentAccess\nanschaffungskategorie: AV-Technik\n','2015-09-30 14:27:52','2015-09-30 14:27:52'),(73,'mcam9','mcam9',77,32,73,1,NULL,NULL,'2012-09-02',NULL,NULL,NULL,'1496.00',0,0,1,0,1,1,NULL,NULL,NULL,'mcam9',NULL,'--- !ruby/hash:ActiveSupport::HashWithIndifferentAccess\nanschaffungskategorie: AV-Technik\n','2015-09-30 14:27:52','2015-09-30 14:27:52'),(74,'mcam10','mcam10',78,32,74,1,NULL,NULL,'2013-03-06',NULL,NULL,NULL,'1483.00',0,0,1,0,1,1,NULL,NULL,NULL,'mcam10',NULL,'--- !ruby/hash:ActiveSupport::HashWithIndifferentAccess\nanschaffungskategorie: AV-Technik\n','2015-09-30 14:27:52','2015-09-30 14:27:52'),(75,'mcam11','mcam11',79,32,75,1,NULL,NULL,'2013-06-10',NULL,NULL,NULL,'355.00',0,0,1,0,1,1,NULL,NULL,NULL,'mcam11',NULL,'--- !ruby/hash:ActiveSupport::HashWithIndifferentAccess\nanschaffungskategorie: AV-Technik\n','2015-09-30 14:27:52','2015-09-30 14:27:52'),(76,'mcam12','mcam12',80,32,76,1,NULL,NULL,'2011-03-19',NULL,NULL,NULL,'18.00',0,0,1,0,1,1,NULL,NULL,NULL,'mcam12',NULL,'--- !ruby/hash:ActiveSupport::HashWithIndifferentAccess\nanschaffungskategorie: AV-Technik\n','2015-09-30 14:27:52','2015-09-30 14:27:52'),(77,'mcam13','mcam13',81,32,77,1,NULL,NULL,'2010-11-26',NULL,NULL,NULL,'1320.00',0,0,1,0,1,1,NULL,NULL,NULL,'mcam13',NULL,'--- !ruby/hash:ActiveSupport::HashWithIndifferentAccess\nanschaffungskategorie: AV-Technik\n','2015-09-30 14:27:52','2015-09-30 14:27:52'),(78,'mcam14','mcam14',82,32,78,1,NULL,NULL,'2011-03-31',NULL,NULL,NULL,'1463.00',0,0,1,0,1,1,NULL,NULL,NULL,'mcam14',NULL,'--- !ruby/hash:ActiveSupport::HashWithIndifferentAccess\nanschaffungskategorie: AV-Technik\n','2015-09-30 14:27:52','2015-09-30 14:27:52'),(79,'mcam15','mcam15',83,32,79,1,NULL,NULL,'2010-07-11',NULL,NULL,NULL,'26.00',0,0,1,0,1,1,NULL,NULL,NULL,'mcam15',NULL,'--- !ruby/hash:ActiveSupport::HashWithIndifferentAccess\nanschaffungskategorie: AV-Technik\n','2015-09-30 14:27:52','2015-09-30 14:27:52'),(80,'mcam16','mcam16',84,32,80,1,NULL,NULL,'2014-02-27',NULL,NULL,NULL,'883.00',0,0,1,0,1,1,NULL,NULL,NULL,'mcam16',NULL,'--- !ruby/hash:ActiveSupport::HashWithIndifferentAccess\nanschaffungskategorie: AV-Technik\n','2015-09-30 14:27:52','2015-09-30 14:27:52'),(81,'mcam17','mcam17',85,32,81,1,NULL,NULL,'2011-07-04',NULL,NULL,NULL,'1437.00',0,0,1,0,1,1,NULL,NULL,NULL,'mcam17',NULL,'--- !ruby/hash:ActiveSupport::HashWithIndifferentAccess\nanschaffungskategorie: AV-Technik\n','2015-09-30 14:27:52','2015-09-30 14:27:52'),(82,'mcam18','mcam18',86,32,82,1,NULL,NULL,'2011-11-06',NULL,NULL,NULL,'50.00',0,0,1,0,1,1,NULL,NULL,NULL,'mcam18',NULL,'--- !ruby/hash:ActiveSupport::HashWithIndifferentAccess\nanschaffungskategorie: AV-Technik\n','2015-09-30 14:27:52','2015-09-30 14:27:52'),(83,'mcam19','mcam19',87,32,83,1,NULL,NULL,'2012-05-29',NULL,NULL,NULL,'1449.00',0,0,1,0,1,1,NULL,NULL,NULL,'mcam19',NULL,'--- !ruby/hash:ActiveSupport::HashWithIndifferentAccess\nanschaffungskategorie: AV-Technik\n','2015-09-30 14:27:52','2015-09-30 14:27:52'),(84,'mcam20','mcam20',88,32,84,1,NULL,NULL,'2012-05-01',NULL,NULL,NULL,'140.00',0,0,1,0,1,1,NULL,NULL,NULL,'mcam20',NULL,'--- !ruby/hash:ActiveSupport::HashWithIndifferentAccess\nanschaffungskategorie: AV-Technik\n','2015-09-30 14:27:52','2015-09-30 14:27:52'),(85,'mcam21','mcam21',89,32,85,1,NULL,NULL,'2010-03-02',NULL,NULL,NULL,'511.00',0,0,1,0,1,1,NULL,NULL,NULL,'mcam21',NULL,'--- !ruby/hash:ActiveSupport::HashWithIndifferentAccess\nanschaffungskategorie: AV-Technik\n','2015-09-30 14:27:52','2015-09-30 14:27:52'),(86,'mcam22','mcam22',90,32,86,1,NULL,NULL,'2010-02-12',NULL,NULL,NULL,'655.00',0,0,1,0,1,1,NULL,NULL,NULL,'mcam22',NULL,'--- !ruby/hash:ActiveSupport::HashWithIndifferentAccess\nanschaffungskategorie: AV-Technik\n','2015-09-30 14:27:52','2015-09-30 14:27:52'),(87,'mcam23','mcam23',91,32,87,1,NULL,NULL,'2011-10-22',NULL,NULL,NULL,'595.00',0,0,1,0,1,1,NULL,NULL,NULL,'mcam23',NULL,'--- !ruby/hash:ActiveSupport::HashWithIndifferentAccess\nanschaffungskategorie: AV-Technik\n','2015-09-30 14:27:52','2015-09-30 14:27:52'),(88,'mcam24','mcam24',92,32,88,1,NULL,NULL,'2011-08-04',NULL,NULL,NULL,'890.00',0,0,1,0,1,1,NULL,NULL,NULL,'mcam24',NULL,'--- !ruby/hash:ActiveSupport::HashWithIndifferentAccess\nanschaffungskategorie: AV-Technik\n','2015-09-30 14:27:52','2015-09-30 14:27:52'),(89,'mcam25','mcam25',93,32,89,1,NULL,NULL,'2011-09-26',NULL,NULL,NULL,'1225.00',0,0,1,0,1,1,NULL,NULL,NULL,'mcam25',NULL,'--- !ruby/hash:ActiveSupport::HashWithIndifferentAccess\nanschaffungskategorie: AV-Technik\n','2015-09-30 14:27:52','2015-09-30 14:27:52'),(90,'mcam26','mcam26',94,32,90,1,NULL,NULL,'2011-07-01',NULL,NULL,NULL,'696.00',0,0,1,0,1,1,NULL,NULL,NULL,'mcam26',NULL,'--- !ruby/hash:ActiveSupport::HashWithIndifferentAccess\nanschaffungskategorie: AV-Technik\n','2015-09-30 14:27:52','2015-09-30 14:27:52'),(91,'mcam27','mcam27',95,32,91,1,NULL,NULL,'2011-10-22',NULL,NULL,NULL,'410.00',0,0,1,0,1,1,NULL,NULL,NULL,'mcam27',NULL,'--- !ruby/hash:ActiveSupport::HashWithIndifferentAccess\nanschaffungskategorie: AV-Technik\n','2015-09-30 14:27:52','2015-09-30 14:27:52'),(92,'mcam28','mcam28',96,32,92,1,NULL,NULL,'2014-06-10',NULL,NULL,NULL,'178.00',0,0,1,0,1,1,NULL,NULL,NULL,'mcam28',NULL,'--- !ruby/hash:ActiveSupport::HashWithIndifferentAccess\nanschaffungskategorie: AV-Technik\n','2015-09-30 14:27:52','2015-09-30 14:27:52'),(93,'mcam29','mcam29',97,32,93,1,NULL,NULL,'2010-09-01',NULL,NULL,NULL,'433.00',0,0,1,0,1,1,NULL,NULL,NULL,'mcam29',NULL,'--- !ruby/hash:ActiveSupport::HashWithIndifferentAccess\nanschaffungskategorie: AV-Technik\n','2015-09-30 14:27:52','2015-09-30 14:27:52'),(94,'mcam30','mcam30',98,32,94,1,NULL,NULL,'2010-03-03',NULL,NULL,NULL,'800.00',0,0,1,0,1,1,NULL,NULL,NULL,'mcam30',NULL,'--- !ruby/hash:ActiveSupport::HashWithIndifferentAccess\nanschaffungskategorie: AV-Technik\n','2015-09-30 14:27:52','2015-09-30 14:27:52'),(95,'hifi123','hifi123',99,32,95,1,NULL,NULL,'2013-02-11',NULL,NULL,NULL,'1196.00',0,0,1,0,1,1,NULL,NULL,NULL,NULL,NULL,'--- !ruby/hash:ActiveSupport::HashWithIndifferentAccess\nanschaffungskategorie: AV-Technik\n','2015-09-30 14:27:52','2015-09-30 14:27:52'),(96,'tri789','fgh567',100,32,96,1,NULL,NULL,'2010-01-01',NULL,NULL,NULL,'735.00',0,0,1,0,1,1,NULL,NULL,NULL,NULL,NULL,'--- !ruby/hash:ActiveSupport::HashWithIndifferentAccess\nanschaffungskategorie: AV-Technik\n','2015-09-30 14:27:52','2015-09-30 14:27:52'),(97,'tri123','fgh987',100,32,97,1,NULL,NULL,'2013-04-01',NULL,NULL,NULL,'1343.00',0,0,1,0,1,1,NULL,NULL,NULL,NULL,NULL,'--- !ruby/hash:ActiveSupport::HashWithIndifferentAccess\nanschaffungskategorie: AV-Technik\n','2015-09-30 14:27:52','2015-09-30 14:27:52'),(98,'tri923','asd213',100,32,98,1,NULL,NULL,'2014-03-08',NULL,NULL,NULL,'258.00',0,0,1,0,1,1,NULL,NULL,NULL,NULL,NULL,'--- !ruby/hash:ActiveSupport::HashWithIndifferentAccess\nanschaffungskategorie: AV-Technik\n','2015-09-30 14:27:52','2015-09-30 14:27:52'),(99,'tri212','tri212',100,32,99,1,NULL,NULL,'2011-11-04',NULL,NULL,NULL,'18.00',0,0,1,0,1,1,NULL,NULL,NULL,NULL,NULL,'--- !ruby/hash:ActiveSupport::HashWithIndifferentAccess\nanschaffungskategorie: AV-Technik\n','2015-09-30 14:27:52','2015-09-30 14:27:52'),(100,'zkl51y','exxarl',102,32,100,1,NULL,NULL,'2012-06-01',NULL,NULL,NULL,'953.00',0,0,1,0,1,1,NULL,NULL,NULL,NULL,NULL,'--- !ruby/hash:ActiveSupport::HashWithIndifferentAccess\nanschaffungskategorie: AV-Technik\n','2015-09-30 14:27:52','2015-09-30 14:27:52'),(101,'xemoncldrtkj5x7ibdqf232','ven-8823su10483',103,33,101,1,NULL,NULL,'2012-01-02',NULL,NULL,NULL,'849.00',0,0,1,0,1,1,NULL,NULL,NULL,NULL,NULL,'--- !ruby/hash:ActiveSupport::HashWithIndifferentAccess\nanschaffungskategorie: AV-Technik\n','2015-09-30 14:27:52','2015-09-30 14:27:52'),(102,'eqp3d5sc6d5ozt9tof34233','neq-6575of8905',105,33,102,1,101,NULL,'2012-04-17',NULL,NULL,NULL,'1353.00',0,0,1,0,1,1,NULL,NULL,NULL,NULL,NULL,'--- !ruby/hash:ActiveSupport::HashWithIndifferentAccess\nanschaffungskategorie: AV-Technik\n','2015-09-30 14:27:52','2015-09-30 14:27:52'),(103,'fjq9df5bf88n7gjr6okz234','adi-1520ul1892',106,33,103,1,101,NULL,'2014-07-13',NULL,NULL,NULL,'486.00',0,0,1,0,1,1,NULL,NULL,NULL,NULL,NULL,'--- !ruby/hash:ActiveSupport::HashWithIndifferentAccess\nanschaffungskategorie: AV-Technik\n','2015-09-30 14:27:52','2015-09-30 14:27:52'),(104,'waqx07z7kfg66fpmlaf1235','rec-3384mo9932',107,33,104,1,101,NULL,'2012-03-04',NULL,NULL,NULL,'981.00',0,0,1,0,1,1,NULL,NULL,NULL,NULL,NULL,'--- !ruby/hash:ActiveSupport::HashWithIndifferentAccess\nanschaffungskategorie: AV-Technik\n','2015-09-30 14:27:52','2015-09-30 14:27:52'),(105,'ykkx5go77o5nkj5ztocx236','sim-1114si1293',103,37,105,1,NULL,NULL,'2011-09-15',NULL,NULL,NULL,'1291.00',0,0,1,0,1,1,NULL,NULL,NULL,NULL,NULL,'--- !ruby/hash:ActiveSupport::HashWithIndifferentAccess\nanschaffungskategorie: AV-Technik\n','2015-09-30 14:27:52','2015-09-30 14:27:52'),(106,'s15tdf7w6feii6wvyw2j237','sus-10835fu8736',109,37,106,1,105,NULL,'2014-04-03',NULL,NULL,NULL,'170.00',0,0,1,0,1,1,NULL,NULL,NULL,NULL,NULL,'--- !ruby/hash:ActiveSupport::HashWithIndifferentAccess\nanschaffungskategorie: AV-Technik\n','2015-09-30 14:27:52','2015-09-30 14:27:52'),(107,'is2n9mxkaissc9crfozw238','aco-1393ut4184',110,37,107,1,105,NULL,'2014-01-07',NULL,NULL,NULL,'1285.00',0,0,1,0,1,1,NULL,NULL,NULL,NULL,NULL,'--- !ruby/hash:ActiveSupport::HashWithIndifferentAccess\nanschaffungskategorie: AV-Technik\n','2015-09-30 14:27:52','2015-09-30 14:27:52'),(108,'jxcyp0rmuwqerkwi3jca239','vit-3081ma9849',111,37,108,1,105,NULL,'2011-08-25',NULL,NULL,NULL,'530.00',0,0,1,0,1,1,NULL,NULL,NULL,NULL,NULL,'--- !ruby/hash:ActiveSupport::HashWithIndifferentAccess\nanschaffungskategorie: AV-Technik\n','2015-09-30 14:27:52','2015-09-30 14:27:52'),(109,'901kynsidcpl7tatwv9p240','fug-8767id6287',103,41,109,1,NULL,NULL,'2010-08-06',NULL,NULL,NULL,'1452.00',0,0,1,0,1,1,NULL,NULL,NULL,NULL,NULL,'--- !ruby/hash:ActiveSupport::HashWithIndifferentAccess\nanschaffungskategorie: AV-Technik\n','2015-09-30 14:27:52','2015-09-30 14:27:52'),(110,'f416o3gnaa8gnpzzgbqd241','vol-3523ae5910',113,41,110,1,109,NULL,'2013-03-02',NULL,NULL,NULL,'988.00',0,0,1,0,1,1,NULL,NULL,NULL,NULL,NULL,'--- !ruby/hash:ActiveSupport::HashWithIndifferentAccess\nanschaffungskategorie: AV-Technik\n','2015-09-30 14:27:52','2015-09-30 14:27:52'),(111,'wujqt1fntoqthj9wxk40242','dol-10468es9178',114,41,111,1,109,NULL,'2012-08-09',NULL,NULL,NULL,'956.00',0,0,1,0,1,1,NULL,NULL,NULL,NULL,NULL,'--- !ruby/hash:ActiveSupport::HashWithIndifferentAccess\nanschaffungskategorie: AV-Technik\n','2015-09-30 14:27:52','2015-09-30 14:27:52'),(112,'2f4wnzrub4dl8pp5hamb243','aut-4554op1988',115,41,112,1,109,NULL,'2011-04-17',NULL,NULL,NULL,'1080.00',0,0,1,0,1,1,NULL,NULL,NULL,NULL,NULL,'--- !ruby/hash:ActiveSupport::HashWithIndifferentAccess\nanschaffungskategorie: AV-Technik\n','2015-09-30 14:27:52','2015-09-30 14:27:52'),(113,'p8rlk9qprayan26omfe5244','etv-5340do10787',116,45,113,1,NULL,NULL,'2014-11-13',NULL,NULL,NULL,'768.00',0,0,1,0,1,1,NULL,NULL,NULL,NULL,NULL,'--- !ruby/hash:ActiveSupport::HashWithIndifferentAccess\nanschaffungskategorie: AV-Technik\n','2015-09-30 14:27:52','2015-09-30 14:27:52'),(114,'1miaker8mwernad0sjmo245','rep-4157ex3497',118,45,114,1,113,NULL,'2012-12-05',NULL,NULL,NULL,'778.00',0,0,1,0,1,1,NULL,NULL,NULL,NULL,NULL,'--- !ruby/hash:ActiveSupport::HashWithIndifferentAccess\nanschaffungskategorie: AV-Technik\n','2015-09-30 14:27:52','2015-09-30 14:27:52'),(115,'a1z15qj1vmf2s3l0h0nu246','fac-4303et6560',119,45,115,1,113,NULL,'2012-07-19',NULL,NULL,NULL,'1065.00',0,0,1,0,1,1,NULL,NULL,NULL,NULL,NULL,'--- !ruby/hash:ActiveSupport::HashWithIndifferentAccess\nanschaffungskategorie: AV-Technik\n','2015-09-30 14:27:52','2015-09-30 14:27:52'),(116,'8yj19j06osfm46m0quhn247','asp-7847te8667',120,45,116,1,113,NULL,'2014-01-06',NULL,NULL,NULL,'1299.00',0,0,1,0,1,1,NULL,NULL,NULL,NULL,NULL,'--- !ruby/hash:ActiveSupport::HashWithIndifferentAccess\nanschaffungskategorie: AV-Technik\n','2015-09-30 14:27:52','2015-09-30 14:27:52'),(117,'cnprdpvhbw5srj4p635y248','qua-5063qu1467',116,49,117,1,NULL,NULL,'2013-05-06',NULL,NULL,NULL,'233.00',0,0,1,0,1,1,NULL,NULL,NULL,NULL,NULL,'--- !ruby/hash:ActiveSupport::HashWithIndifferentAccess\nanschaffungskategorie: AV-Technik\n','2015-09-30 14:27:52','2015-09-30 14:27:52'),(118,'3ewwio22hmt1wqe7q7ta249','acc-10781et2253',122,49,118,1,117,NULL,'2013-03-16',NULL,NULL,NULL,'956.00',0,0,1,0,1,1,NULL,NULL,NULL,NULL,NULL,'--- !ruby/hash:ActiveSupport::HashWithIndifferentAccess\nanschaffungskategorie: AV-Technik\n','2015-09-30 14:27:52','2015-09-30 14:27:52'),(119,'kzt54l8la9l48v9psyu5250','eli-7310vo9521',123,49,119,1,117,NULL,'2014-12-29',NULL,NULL,NULL,'716.00',0,0,1,0,1,1,NULL,NULL,NULL,NULL,NULL,'--- !ruby/hash:ActiveSupport::HashWithIndifferentAccess\nanschaffungskategorie: AV-Technik\n','2015-09-30 14:27:52','2015-09-30 14:27:52'),(120,'3iy7ocq336ud7g0wotbs251','eli-4656eu4454',124,49,120,1,117,NULL,'2012-08-28',NULL,NULL,NULL,'1352.00',0,0,1,0,1,1,NULL,NULL,NULL,NULL,NULL,'--- !ruby/hash:ActiveSupport::HashWithIndifferentAccess\nanschaffungskategorie: AV-Technik\n','2015-09-30 14:27:52','2015-09-30 14:27:52'),(121,'qiaze5dou6nnub5x54km252','est-6581ex1812',116,53,121,1,NULL,NULL,'2011-03-14',NULL,NULL,NULL,'1251.00',0,0,1,0,1,1,NULL,NULL,NULL,NULL,NULL,'--- !ruby/hash:ActiveSupport::HashWithIndifferentAccess\nanschaffungskategorie: AV-Technik\n','2015-09-30 14:27:52','2015-09-30 14:27:52'),(122,'7k3635noz7anybcfj3z8253','qui-8726ve8952',126,53,122,1,121,NULL,'2011-12-19',NULL,NULL,NULL,'844.00',0,0,1,0,1,1,NULL,NULL,NULL,NULL,NULL,'--- !ruby/hash:ActiveSupport::HashWithIndifferentAccess\nanschaffungskategorie: AV-Technik\n','2015-09-30 14:27:52','2015-09-30 14:27:52'),(123,'kyp8jxmqnncikv0zp8s4254','aut-6664qu1871',127,53,123,1,121,NULL,'2010-11-05',NULL,NULL,NULL,'431.00',0,0,1,0,1,1,NULL,NULL,NULL,NULL,NULL,'--- !ruby/hash:ActiveSupport::HashWithIndifferentAccess\nanschaffungskategorie: AV-Technik\n','2015-09-30 14:27:52','2015-09-30 14:27:52'),(124,'4azubw0qskriiyeu09t7255','exp-9204et10540',128,53,124,1,121,NULL,'2013-11-24',NULL,NULL,NULL,'304.00',0,0,1,0,1,1,NULL,NULL,NULL,NULL,NULL,'--- !ruby/hash:ActiveSupport::HashWithIndifferentAccess\nanschaffungskategorie: AV-Technik\n','2015-09-30 14:27:52','2015-09-30 14:27:52'),(125,'cand5','cand5',68,32,125,1,NULL,NULL,'2014-02-21',NULL,NULL,NULL,'362.00',0,0,0,0,1,1,NULL,NULL,NULL,NULL,NULL,'--- !ruby/hash:ActiveSupport::HashWithIndifferentAccess\nanschaffungskategorie: AV-Technik\n','2015-09-30 14:27:52','2015-09-30 14:27:52'),(126,'beam21231','beamas12312',42,32,126,1,NULL,NULL,'2012-06-11',NULL,NULL,NULL,'409.00',0,0,0,0,1,1,NULL,NULL,NULL,NULL,NULL,'--- !ruby/hash:ActiveSupport::HashWithIndifferentAccess\nanschaffungskategorie: AV-Technik\n','2015-09-30 14:27:52','2015-09-30 14:27:52'),(127,'hifi345','hifi345',99,32,127,1,NULL,NULL,'2013-10-25',NULL,NULL,NULL,'439.00',0,0,0,0,1,1,NULL,NULL,NULL,NULL,NULL,'--- !ruby/hash:ActiveSupport::HashWithIndifferentAccess\nanschaffungskategorie: AV-Technik\n','2015-09-30 14:27:52','2015-09-30 14:27:52'),(128,'iMac1','iMac5',130,32,128,1,NULL,NULL,'2014-05-08',NULL,'2015-09-30','This Item is gone','1291.00',0,0,1,0,1,1,NULL,NULL,NULL,NULL,NULL,'--- !ruby/hash:ActiveSupport::HashWithIndifferentAccess\nanschaffungskategorie: AV-Technik\n','2015-09-30 14:27:52','2015-09-30 14:27:52'),(129,'iMac2','iMac6',130,32,129,3,NULL,NULL,'2013-03-01',NULL,'2015-09-30','This Item is gone','842.00',0,0,1,0,1,1,NULL,NULL,NULL,NULL,NULL,'--- !ruby/hash:ActiveSupport::HashWithIndifferentAccess\nanschaffungskategorie: AV-Technik\n','2015-09-30 14:27:52','2015-09-30 14:27:52'),(130,'1wx362','rznsyh',101,32,130,1,NULL,NULL,'2014-08-24',NULL,'2015-09-30','This Item is gone','1224.00',0,0,1,0,1,1,NULL,NULL,NULL,NULL,NULL,'--- !ruby/hash:ActiveSupport::HashWithIndifferentAccess\nanschaffungskategorie: AV-Technik\n','2015-09-30 14:27:52','2015-09-30 14:27:52'),(131,'7tgb95','r4cu7d',101,32,131,1,NULL,NULL,'2013-07-26',NULL,NULL,NULL,'28.00',0,0,1,0,1,1,NULL,NULL,NULL,NULL,NULL,'--- !ruby/hash:ActiveSupport::HashWithIndifferentAccess\nanschaffungskategorie: AV-Technik\n','2015-09-30 14:27:52','2015-09-30 14:27:52'),(132,'wlaptop1','wlaptop1',131,32,132,1,NULL,NULL,'2010-07-24',NULL,NULL,NULL,'717.00',1,0,1,0,1,1,NULL,NULL,NULL,NULL,NULL,'--- !ruby/hash:ActiveSupport::HashWithIndifferentAccess\nanschaffungskategorie: AV-Technik\n','2015-09-30 14:27:52','2015-09-30 14:27:52'),(133,'v120d02','v120d02',132,32,133,1,NULL,NULL,'2014-11-11',NULL,NULL,NULL,'601.00',0,1,1,0,1,1,NULL,NULL,NULL,NULL,NULL,'--- !ruby/hash:ActiveSupport::HashWithIndifferentAccess\nanschaffungskategorie: AV-Technik\n','2015-09-30 14:27:52','2015-09-30 14:27:52'),(134,'v120d022g','v120d022g',133,32,134,1,NULL,NULL,'2010-04-05',NULL,NULL,NULL,'80.00',0,0,1,0,1,1,NULL,NULL,NULL,NULL,NULL,'--- !ruby/hash:ActiveSupport::HashWithIndifferentAccess\nanschaffungskategorie: AV-Technik\n','2015-09-30 14:27:52','2015-09-30 14:27:52'),(135,'v120d022g2','v120d022g2',133,32,135,1,NULL,NULL,'2011-05-19',NULL,NULL,NULL,'1360.00',0,0,1,0,1,1,NULL,NULL,NULL,NULL,NULL,'--- !ruby/hash:ActiveSupport::HashWithIndifferentAccess\nanschaffungskategorie: AV-Technik\n','2015-09-30 14:27:52','2015-09-30 14:27:52'),(136,'beam897','xyz890',42,32,136,1,NULL,NULL,'2014-10-10',NULL,NULL,NULL,'278.00',0,0,1,0,2,1,NULL,NULL,NULL,NULL,NULL,'--- !ruby/hash:ActiveSupport::HashWithIndifferentAccess\nanschaffungskategorie: AV-Technik\n','2015-09-30 14:27:52','2015-09-30 14:27:52'),(137,'minibeam12','xyz890',44,32,137,1,NULL,NULL,'2013-06-12',NULL,NULL,NULL,'1399.00',0,0,1,0,2,1,NULL,NULL,NULL,NULL,NULL,'--- !ruby/hash:ActiveSupport::HashWithIndifferentAccess\nanschaffungskategorie: AV-Technik\n','2015-09-30 14:27:52','2015-09-30 14:27:52'),(138,'minibeam34','xyz890',44,32,138,1,NULL,NULL,'2014-10-01',NULL,NULL,NULL,'1101.00',0,0,1,0,3,1,NULL,NULL,NULL,NULL,NULL,'--- !ruby/hash:ActiveSupport::HashWithIndifferentAccess\nanschaffungskategorie: AV-Technik\n','2015-09-30 14:27:52','2015-09-30 14:27:52'),(139,'95obm6341l5jx0vbcxci256','tem-1544ea7615',135,NULL,NULL,1,NULL,NULL,NULL,NULL,NULL,NULL,NULL,0,0,0,0,1,0,NULL,NULL,NULL,NULL,NULL,'--- !ruby/hash:ActiveSupport::HashWithIndifferentAccess\nlicense_type: single_workspace\nactivation_type: serial_number\noperating_system:\n- windows\n- linux\ninstallation:\n- citrix\n- web\n','2015-09-30 14:27:52','2015-09-30 14:27:52'),(140,'78fxdkrh22yczen3y0o2257','nos-6707vo9715',136,NULL,NULL,1,NULL,NULL,NULL,NULL,NULL,NULL,NULL,0,0,1,0,1,0,NULL,NULL,NULL,NULL,NULL,'--- !ruby/hash:ActiveSupport::HashWithIndifferentAccess\nlicense_type: single_workspace\nactivation_type: serial_number\noperating_system:\n- windows\n- linux\ninstallation:\n- citrix\n- web\n','2015-09-30 14:27:52','2015-09-30 14:27:52'),(141,'l7wncv7xqzfrahm3ckht258','vol-9241un9934',137,NULL,NULL,1,NULL,NULL,NULL,NULL,NULL,NULL,NULL,0,0,1,0,2,0,NULL,NULL,NULL,NULL,NULL,'--- !ruby/hash:ActiveSupport::HashWithIndifferentAccess\nlicense_type: single_workspace\nactivation_type: serial_number\noperating_system:\n- windows\n- linux\ninstallation:\n- citrix\n- web\n','2015-09-30 14:27:52','2015-09-30 14:27:52'),(142,'n0s4nl013k7sxjgl8npq259','vol-8402qu5206',138,NULL,NULL,1,NULL,NULL,NULL,NULL,'2015-09-30','Et ea nam quis harum est maxime.',NULL,0,0,0,0,1,0,NULL,NULL,NULL,NULL,NULL,'--- !ruby/hash:ActiveSupport::HashWithIndifferentAccess\nlicense_type: single_workspace\nactivation_type: serial_number\noperating_system:\n- windows\n- linux\ninstallation:\n- citrix\n- web\n','2015-09-30 14:27:52','2015-09-30 14:27:52'),(143,'q7kod28beqtt4pgsjc18260','uta-6899vo5291',139,NULL,NULL,2,NULL,NULL,NULL,NULL,'2015-09-30','Ab distinctio quo veniam ipsum est repellat omnis.',NULL,0,0,1,0,1,0,NULL,NULL,NULL,NULL,NULL,'--- !ruby/hash:ActiveSupport::HashWithIndifferentAccess\nlicense_type: single_workspace\nactivation_type: serial_number\noperating_system:\n- windows\n- linux\ninstallation:\n- citrix\n- web\n','2015-09-30 14:27:52','2015-09-30 14:27:52'),(144,'kajkxnsslcmwekuftat0261','nem-2764qu10914',140,NULL,NULL,2,NULL,NULL,NULL,NULL,NULL,NULL,NULL,0,0,1,0,2,0,NULL,NULL,NULL,NULL,NULL,'--- !ruby/hash:ActiveSupport::HashWithIndifferentAccess\nlicense_type: single_workspace\nactivation_type: serial_number\noperating_system:\n- windows\n- linux\ninstallation:\n- citrix\n- web\n','2015-09-30 14:27:52','2015-09-30 14:27:52'),(145,'m9ntnfazbwjhcf2xxu3y262','vel-8237ex3729',141,NULL,NULL,1,NULL,NULL,'2015-09-30',NULL,NULL,NULL,NULL,0,0,0,0,1,0,NULL,NULL,NULL,NULL,NULL,'--- !ruby/hash:ActiveSupport::HashWithIndifferentAccess\nlicense_expiration: \'2015-09-30\'\nmaintenance_contract: \'true\'\nmaintenance_expiration: \'2015-09-30\'\n','2015-09-30 14:27:52','2015-09-30 14:27:52'),(146,'3ocsfhsvqmnj0qhn31vd263','fac-8114do2251',142,NULL,NULL,1,NULL,NULL,NULL,NULL,NULL,NULL,NULL,0,0,0,0,1,0,NULL,NULL,NULL,NULL,NULL,'--- !ruby/hash:ActiveSupport::HashWithIndifferentAccess\nlicense_type: single_workspace\nactivation_type: serial_number\noperating_system:\n- windows\n- linux\ninstallation:\n- citrix\n- web\n','2015-09-30 14:27:52','2015-09-30 14:27:52'),(147,'1ezheiz20fqioykdgaup264','per-2913vi4867',145,57,139,8,NULL,NULL,'2012-05-28',NULL,NULL,NULL,'932.00',0,0,1,0,1,1,NULL,NULL,NULL,NULL,NULL,'--- !ruby/hash:ActiveSupport::HashWithIndifferentAccess\nanschaffungskategorie: AV-Technik\n','2015-09-27 21:31:10','2015-09-27 21:31:10'),(148,'v29t49xv5suuaa645usa265','etv-4185ip3056',146,58,140,11,NULL,NULL,'2012-07-12',NULL,NULL,NULL,'930.00',0,0,1,0,1,1,NULL,NULL,NULL,NULL,NULL,'--- !ruby/hash:ActiveSupport::HashWithIndifferentAccess\nanschaffungskategorie: AV-Technik\n','2015-09-27 21:31:10','2015-09-27 21:31:10'),(149,'s8j7wb42jgpfg5dth59q266','ali-9953co1902',147,59,141,10,NULL,NULL,'2012-12-15',NULL,NULL,NULL,'766.00',0,0,1,0,1,1,NULL,NULL,NULL,NULL,NULL,'--- !ruby/hash:ActiveSupport::HashWithIndifferentAccess\nanschaffungskategorie: AV-Technik\n','2015-09-27 21:31:10','2015-09-27 21:31:10'),(150,'i3xqclapxyi4of931ozc267','vol-9345qu8530',148,60,142,5,NULL,NULL,'2012-02-05',NULL,NULL,NULL,'42.00',0,0,1,0,1,1,NULL,NULL,NULL,NULL,NULL,'--- !ruby/hash:ActiveSupport::HashWithIndifferentAccess\nanschaffungskategorie: AV-Technik\n','2015-09-27 21:31:10','2015-09-27 21:31:10'),(151,'nq7uxg4woswfo9st91df268','cum-5376si10857',148,61,143,4,NULL,NULL,'2012-09-15',NULL,NULL,NULL,'416.00',0,0,1,0,1,1,NULL,NULL,NULL,NULL,NULL,'--- !ruby/hash:ActiveSupport::HashWithIndifferentAccess\nanschaffungskategorie: AV-Technik\n','2015-09-27 21:31:10','2015-09-27 21:31:10'),(152,'rpfmupy010hehdinnzjy269','rat-1930si8267',148,62,144,2,NULL,NULL,'2012-06-27',NULL,NULL,NULL,'1401.00',0,0,1,0,1,1,NULL,NULL,NULL,NULL,NULL,'--- !ruby/hash:ActiveSupport::HashWithIndifferentAccess\nanschaffungskategorie: AV-Technik\n','2015-09-27 21:31:10','2015-09-27 21:31:10'),(153,'832o86b9abg2knm78fpz270','eiu-10089ei10920',152,63,145,6,NULL,NULL,'2013-08-09',NULL,NULL,NULL,'1380.00',0,0,1,0,1,1,NULL,NULL,NULL,NULL,NULL,'--- !ruby/hash:ActiveSupport::HashWithIndifferentAccess\nanschaffungskategorie: AV-Technik\n','2015-09-27 21:31:10','2015-09-27 21:31:10'),(154,'utygyqwpj3ns5tgory0w271','utc-7947do1749',153,64,146,6,NULL,NULL,'2010-09-16',NULL,NULL,NULL,'442.00',0,0,1,0,1,1,NULL,NULL,NULL,NULL,NULL,'--- !ruby/hash:ActiveSupport::HashWithIndifferentAccess\nanschaffungskategorie: AV-Technik\n','2015-09-27 21:31:10','2015-09-27 21:31:10'),(155,'crshb4k9j7aiz4887cbz272','eas-3351re6192',154,65,147,4,NULL,NULL,'2011-03-25',NULL,NULL,NULL,'1046.00',0,0,1,0,1,1,NULL,NULL,NULL,NULL,NULL,'--- !ruby/hash:ActiveSupport::HashWithIndifferentAccess\nanschaffungskategorie: AV-Technik\n','2015-09-27 21:31:10','2015-09-27 21:31:10'),(156,'7wgh8efbe22cl7yq4chf273','dol-7199qu4080',155,66,148,7,NULL,NULL,'2012-11-19',NULL,NULL,NULL,'1185.00',0,0,1,0,1,1,NULL,NULL,NULL,NULL,NULL,'--- !ruby/hash:ActiveSupport::HashWithIndifferentAccess\nanschaffungskategorie: AV-Technik\n','2015-09-27 21:31:10','2015-09-27 21:31:10'),(157,'tunrx3671pjbss6pdu0y274','sol-2483de6013',156,67,149,7,NULL,NULL,'2013-04-14',NULL,NULL,NULL,'505.00',0,0,1,0,1,1,NULL,NULL,NULL,NULL,NULL,'--- !ruby/hash:ActiveSupport::HashWithIndifferentAccess\nanschaffungskategorie: AV-Technik\n','2015-09-27 21:31:11','2015-09-27 21:31:11'),(158,'irx56veamwh0jwqszl6s275','est-2138qu3732',157,68,150,8,NULL,NULL,'2013-05-30',NULL,NULL,NULL,'636.00',0,0,1,0,1,1,NULL,NULL,NULL,NULL,NULL,'--- !ruby/hash:ActiveSupport::HashWithIndifferentAccess\nanschaffungskategorie: AV-Technik\n','2015-09-27 21:31:11','2015-09-27 21:31:11'),(159,'n11j9r07i2tln7phdotu276','inc-3043qu7630',157,69,151,5,NULL,NULL,'2014-06-13',NULL,NULL,NULL,'1058.00',0,0,1,0,1,1,NULL,NULL,NULL,NULL,NULL,'--- !ruby/hash:ActiveSupport::HashWithIndifferentAccess\nanschaffungskategorie: AV-Technik\n','2015-09-27 21:31:11','2015-09-27 21:31:11'),(160,'ujed41yfucylj0alcml3277','off-2559pr4343',157,70,152,9,NULL,NULL,'2012-07-25',NULL,NULL,NULL,'180.00',0,0,1,0,1,1,NULL,NULL,NULL,NULL,NULL,'--- !ruby/hash:ActiveSupport::HashWithIndifferentAccess\nanschaffungskategorie: AV-Technik\n','2015-09-27 21:31:11','2015-09-27 21:31:11'),(161,'nmj4mc9igj3xug0jwene278','aut-5151om5543',161,71,153,6,NULL,NULL,'2014-07-16',NULL,NULL,NULL,'419.00',0,0,1,0,1,1,NULL,NULL,NULL,NULL,NULL,'--- !ruby/hash:ActiveSupport::HashWithIndifferentAccess\nanschaffungskategorie: AV-Technik\n','2015-09-27 21:31:11','2015-09-27 21:31:11'),(162,'z8lb2v1upomaqbvqzj1s279','vel-8067ve6771',162,72,154,11,NULL,NULL,'2014-06-11',NULL,NULL,NULL,'1091.00',0,0,1,0,1,1,NULL,NULL,NULL,NULL,NULL,'--- !ruby/hash:ActiveSupport::HashWithIndifferentAccess\nanschaffungskategorie: AV-Technik\n','2015-09-27 21:31:11','2015-09-27 21:31:11'),(163,'hyujwrqdjdoimexfe2q7280','ute-9687du1940',163,73,155,4,NULL,NULL,'2013-10-30',NULL,NULL,NULL,'448.00',0,0,1,0,1,1,NULL,NULL,NULL,NULL,NULL,'--- !ruby/hash:ActiveSupport::HashWithIndifferentAccess\nanschaffungskategorie: AV-Technik\n','2015-09-27 21:31:11','2015-09-27 21:31:11'),(164,'3pmpjp3bnnlwyetmj2h4281','lab-7388au4337',164,74,156,5,NULL,NULL,'2014-12-21',NULL,NULL,NULL,'657.00',0,0,1,0,1,1,NULL,NULL,NULL,NULL,NULL,'--- !ruby/hash:ActiveSupport::HashWithIndifferentAccess\nanschaffungskategorie: AV-Technik\n','2015-09-27 21:31:11','2015-09-27 21:31:11'),(165,'btmz1y4hma4w3staf9a2282','ame-2587au1213',165,75,157,3,NULL,NULL,'2014-01-02',NULL,NULL,NULL,'1426.00',0,0,1,0,1,1,NULL,NULL,NULL,NULL,NULL,'--- !ruby/hash:ActiveSupport::HashWithIndifferentAccess\nanschaffungskategorie: AV-Technik\n','2015-09-27 21:31:11','2015-09-27 21:31:11'),(166,'eonj89z4fkn1rl9jfr1v283','nos-9218et2372',166,76,158,4,NULL,NULL,'2013-11-28',NULL,NULL,NULL,'791.00',0,0,1,0,1,1,NULL,NULL,NULL,NULL,NULL,'--- !ruby/hash:ActiveSupport::HashWithIndifferentAccess\nanschaffungskategorie: AV-Technik\n','2015-09-27 21:31:11','2015-09-27 21:31:11'),(167,'azokfxx8xafo51w8twwb284','com-4555fu10768',166,77,159,6,NULL,NULL,'2013-10-17',NULL,NULL,NULL,'48.00',0,0,1,0,1,1,NULL,NULL,NULL,NULL,NULL,'--- !ruby/hash:ActiveSupport::HashWithIndifferentAccess\nanschaffungskategorie: AV-Technik\n','2015-09-27 21:31:11','2015-09-27 21:31:11'),(168,'5xfndwld9mbsyv4rzhxw285','rer-3294re7415',166,78,160,8,NULL,NULL,'2013-02-11',NULL,NULL,NULL,'1251.00',0,0,1,0,1,1,NULL,NULL,NULL,NULL,NULL,'--- !ruby/hash:ActiveSupport::HashWithIndifferentAccess\nanschaffungskategorie: AV-Technik\n','2015-09-27 21:31:11','2015-09-27 21:31:11'),(169,'3a1fn3srqevajtekh2iq286','ali-5584ad10833',170,79,161,9,NULL,NULL,'2011-12-16',NULL,NULL,NULL,'257.00',0,0,1,0,1,1,NULL,NULL,NULL,NULL,NULL,'--- !ruby/hash:ActiveSupport::HashWithIndifferentAccess\nanschaffungskategorie: AV-Technik\n','2015-09-26 23:55:43','2015-09-26 23:55:43'),(170,'63yl9h3il2o46wgair5u287','iur-3591qu6888',171,80,162,7,NULL,NULL,'2014-04-18',NULL,NULL,NULL,'806.00',0,0,1,0,1,1,NULL,NULL,NULL,NULL,NULL,'--- !ruby/hash:ActiveSupport::HashWithIndifferentAccess\nanschaffungskategorie: AV-Technik\n','2015-09-26 23:55:43','2015-09-26 23:55:43'),(171,'kckio3w57h0hueyuav26288','lau-8383et1465',172,81,163,6,NULL,NULL,'2011-10-25',NULL,NULL,NULL,'1480.00',0,0,1,0,1,1,NULL,NULL,NULL,NULL,NULL,'--- !ruby/hash:ActiveSupport::HashWithIndifferentAccess\nanschaffungskategorie: AV-Technik\n','2015-09-26 23:55:43','2015-09-26 23:55:43'),(172,'60bj58l1cm7qm0ejnggf289','pro-10224qu2196',173,82,164,1,NULL,NULL,'2011-12-20',NULL,NULL,NULL,'554.00',0,0,1,0,1,1,NULL,NULL,NULL,NULL,NULL,'--- !ruby/hash:ActiveSupport::HashWithIndifferentAccess\nanschaffungskategorie: AV-Technik\n','2015-09-26 23:55:43','2015-09-26 23:55:43'),(173,'xsqhlaqxohyrjnbpxmlw290','exp-9120ap4018',174,83,165,1,NULL,NULL,'2012-09-01',NULL,NULL,NULL,'584.00',0,0,1,0,1,1,NULL,NULL,NULL,NULL,NULL,'--- !ruby/hash:ActiveSupport::HashWithIndifferentAccess\nanschaffungskategorie: AV-Technik\n','2015-09-26 23:55:43','2015-09-26 23:55:43'),(174,'is3yw2asymmxplgzpc2h291','ete-1667fa8276',175,84,166,2,NULL,NULL,'2010-02-18',NULL,NULL,NULL,'417.00',0,0,1,0,1,1,NULL,NULL,NULL,NULL,NULL,'--- !ruby/hash:ActiveSupport::HashWithIndifferentAccess\nanschaffungskategorie: AV-Technik\n','2015-09-23 18:10:04','2015-09-23 18:10:04'),(175,'0un7lns4p17lsxi0jp5y292','etr-10952be3691',176,85,167,3,NULL,NULL,'2010-09-24',NULL,NULL,NULL,'1480.00',0,0,1,0,1,1,NULL,NULL,NULL,NULL,NULL,'--- !ruby/hash:ActiveSupport::HashWithIndifferentAccess\nanschaffungskategorie: AV-Technik\n','2015-09-23 18:10:04','2015-09-23 18:10:04'),(176,'odjhhag4ujdxcys1t7ni293','etf-7092mo8891',177,86,168,3,NULL,NULL,'2011-07-01',NULL,NULL,NULL,'217.00',0,0,1,0,1,1,NULL,NULL,NULL,NULL,NULL,'--- !ruby/hash:ActiveSupport::HashWithIndifferentAccess\nanschaffungskategorie: AV-Technik\n','2015-09-23 18:10:04','2015-09-23 18:10:04'),(177,'6sejslao2r9i1dsptd3s294','eos-7822as1947',178,87,169,6,NULL,NULL,'2012-01-02',NULL,NULL,NULL,'1420.00',0,0,1,0,1,1,NULL,NULL,NULL,NULL,NULL,'--- !ruby/hash:ActiveSupport::HashWithIndifferentAccess\nanschaffungskategorie: AV-Technik\n','2015-09-23 18:10:04','2015-09-23 18:10:04'),(178,'vcv8sy19jegu3rwj6kic295','vol-3744qu5173',179,88,170,11,NULL,NULL,'2014-05-10',NULL,NULL,NULL,'202.00',0,0,1,0,1,1,NULL,NULL,NULL,NULL,NULL,'--- !ruby/hash:ActiveSupport::HashWithIndifferentAccess\nanschaffungskategorie: AV-Technik\n','2015-09-23 18:10:04','2015-09-23 18:10:04'),(179,'qt8oerps6zn8jbkcv1c2296','vol-1128du7261',180,89,171,6,NULL,NULL,'2012-01-25',NULL,NULL,NULL,'72.00',0,0,1,0,1,1,NULL,NULL,NULL,NULL,NULL,'--- !ruby/hash:ActiveSupport::HashWithIndifferentAccess\nanschaffungskategorie: AV-Technik\n','2015-09-23 18:10:04','2015-09-23 18:10:04'),(180,'qf5sifzuj0yhy73634i8297','lib-6924mi9513',180,90,172,3,NULL,NULL,'2012-02-17',NULL,NULL,NULL,'1450.00',0,0,1,0,1,1,NULL,NULL,NULL,NULL,NULL,'--- !ruby/hash:ActiveSupport::HashWithIndifferentAccess\nanschaffungskategorie: AV-Technik\n','2015-09-23 18:10:04','2015-09-23 18:10:04'),(181,'nfmciqj6d2ug3c9msfxg298','aau-1555qu2684',180,91,173,10,NULL,NULL,'2011-10-04',NULL,NULL,NULL,'1491.00',0,0,1,0,1,1,NULL,NULL,NULL,NULL,NULL,'--- !ruby/hash:ActiveSupport::HashWithIndifferentAccess\nanschaffungskategorie: AV-Technik\n','2015-09-23 18:10:04','2015-09-23 18:10:04'),(182,'31awsxg4t1y2vv9ld3g2299','ill-1248ex10939',184,92,174,9,NULL,NULL,'2013-12-31',NULL,NULL,NULL,'511.00',0,0,1,0,1,1,NULL,NULL,NULL,NULL,NULL,'--- !ruby/hash:ActiveSupport::HashWithIndifferentAccess\nanschaffungskategorie: AV-Technik\n','2015-09-30 14:27:52','2015-09-30 14:27:52'),(183,'5jge9y5qvlh4kf2tiox7300','qui-9787et6578',185,93,175,1,NULL,NULL,'2013-03-08',NULL,NULL,NULL,'578.00',0,0,1,0,1,1,NULL,NULL,NULL,NULL,NULL,'--- !ruby/hash:ActiveSupport::HashWithIndifferentAccess\nanschaffungskategorie: AV-Technik\n','2015-09-30 14:27:52','2015-09-30 14:27:52'),(184,'sauxkqhjtp8qbgrjcojt301','hic-2869du3550',186,94,176,5,NULL,NULL,'2013-03-07',NULL,NULL,NULL,'223.00',0,0,1,0,1,1,NULL,NULL,NULL,NULL,NULL,'--- !ruby/hash:ActiveSupport::HashWithIndifferentAccess\nanschaffungskategorie: AV-Technik\n','2015-09-30 14:27:52','2015-09-30 14:27:52'),(185,'aejh16qlr8nnana104z7302','vit-5510im7980',187,95,177,2,NULL,NULL,'2010-05-13',NULL,NULL,NULL,'1439.00',0,0,1,0,1,1,NULL,NULL,NULL,NULL,NULL,'--- !ruby/hash:ActiveSupport::HashWithIndifferentAccess\nanschaffungskategorie: AV-Technik\n','2015-09-30 14:27:52','2015-09-30 14:27:52'),(186,'diem7q1fxuy3yc1aqk3d303','nis-10436de3659',188,96,178,8,NULL,NULL,'2011-03-07',NULL,NULL,NULL,'1367.00',0,0,1,0,1,1,NULL,NULL,NULL,NULL,NULL,'--- !ruby/hash:ActiveSupport::HashWithIndifferentAccess\nanschaffungskategorie: AV-Technik\n','2015-09-30 14:27:52','2015-09-30 14:27:52'),(187,'97c6zj15h4horhrtojeh304','ape-4900in1691',189,97,179,7,NULL,NULL,'2013-04-26',NULL,NULL,NULL,'977.00',0,0,1,0,1,1,NULL,NULL,NULL,NULL,NULL,'--- !ruby/hash:ActiveSupport::HashWithIndifferentAccess\nanschaffungskategorie: AV-Technik\n','2015-09-30 14:27:52','2015-09-30 14:27:52'),(188,'6zo2o0mvowi46wwt1mms305','ips-5067di9613',189,98,180,3,NULL,NULL,'2012-05-25',NULL,NULL,NULL,'320.00',0,0,1,0,1,1,NULL,NULL,NULL,NULL,NULL,'--- !ruby/hash:ActiveSupport::HashWithIndifferentAccess\nanschaffungskategorie: AV-Technik\n','2015-09-30 14:27:52','2015-09-30 14:27:52'),(189,'y5up13l0mnccsj9oflgb306','asp-2316fu2861',189,99,181,2,NULL,NULL,'2012-07-02',NULL,NULL,NULL,'812.00',0,0,1,0,1,1,NULL,NULL,NULL,NULL,NULL,'--- !ruby/hash:ActiveSupport::HashWithIndifferentAccess\nanschaffungskategorie: AV-Technik\n','2015-09-30 14:27:52','2015-09-30 14:27:52'),(190,'uc9rm4p05w3i1rgxnhau307','qui-1720et7529',193,100,182,7,NULL,NULL,'2014-08-09',NULL,NULL,NULL,'433.00',0,0,1,0,1,1,NULL,NULL,NULL,NULL,NULL,'--- !ruby/hash:ActiveSupport::HashWithIndifferentAccess\nanschaffungskategorie: AV-Technik\n','2015-09-30 14:27:52','2015-09-30 14:27:52'),(191,'ttvauiul3gejqsgu9y9c308','acc-5417ni4991',194,101,183,6,NULL,NULL,'2010-11-23',NULL,NULL,NULL,'1354.00',0,0,1,0,1,1,NULL,NULL,NULL,NULL,NULL,'--- !ruby/hash:ActiveSupport::HashWithIndifferentAccess\nanschaffungskategorie: AV-Technik\n','2015-09-30 14:27:52','2015-09-30 14:27:52'),(192,'0z9c01wwzp9gvovfr50a309','ass-1491mo3263',195,102,184,1,NULL,NULL,'2013-08-03',NULL,NULL,NULL,'822.00',0,0,1,0,1,1,NULL,NULL,NULL,NULL,NULL,'--- !ruby/hash:ActiveSupport::HashWithIndifferentAccess\nanschaffungskategorie: AV-Technik\n','2015-09-30 14:27:52','2015-09-30 14:27:52'),(193,'xfgbqdzl59pqsmd5bvxg310','eos-1462iu6303',196,103,185,1,NULL,NULL,'2011-04-29',NULL,NULL,NULL,'1026.00',0,0,1,0,1,1,NULL,NULL,NULL,NULL,NULL,'--- !ruby/hash:ActiveSupport::HashWithIndifferentAccess\nanschaffungskategorie: AV-Technik\n','2015-09-30 14:27:52','2015-09-30 14:27:52'),(194,'qs0rzbs3yj3fzkvxrrgw311','arc-2419es8443',197,104,186,4,NULL,NULL,'2010-03-30',NULL,NULL,NULL,'689.00',0,0,1,0,1,1,NULL,NULL,NULL,NULL,NULL,'--- !ruby/hash:ActiveSupport::HashWithIndifferentAccess\nanschaffungskategorie: AV-Technik\n','2015-09-30 14:27:52','2015-09-30 14:27:52'),(195,'0mrxp5k5mlkhxhqeoxbn312','etq-8730co3393',198,105,187,11,NULL,NULL,'2010-10-05',NULL,NULL,NULL,'757.00',0,0,1,0,1,1,NULL,NULL,NULL,NULL,NULL,'--- !ruby/hash:ActiveSupport::HashWithIndifferentAccess\nanschaffungskategorie: AV-Technik\n','2015-09-30 14:27:52','2015-09-30 14:27:52'),(196,'zwfy8kizc1g280x18bl4313','vol-3737po9170',199,106,188,1,NULL,NULL,'2014-10-07',NULL,NULL,NULL,'1449.00',0,0,1,0,1,1,NULL,NULL,NULL,NULL,NULL,'--- !ruby/hash:ActiveSupport::HashWithIndifferentAccess\nanschaffungskategorie: AV-Technik\n','2015-09-30 14:27:52','2015-09-30 14:27:52'),(197,'zdfk5xj0g9y9k8qaqupv314','etc-6686ad5735',200,107,189,4,NULL,NULL,'2011-05-13',NULL,NULL,NULL,'851.00',0,0,1,0,1,1,NULL,NULL,NULL,NULL,NULL,'--- !ruby/hash:ActiveSupport::HashWithIndifferentAccess\nanschaffungskategorie: AV-Technik\n','2015-09-30 14:27:52','2015-09-30 14:27:52'),(198,'phxxfzbqx819opb4vfpk315','imp-9861ne6216',201,108,190,1,NULL,NULL,'2013-09-24',NULL,NULL,NULL,'1058.00',0,0,1,0,1,1,NULL,NULL,NULL,NULL,NULL,'--- !ruby/hash:ActiveSupport::HashWithIndifferentAccess\nanschaffungskategorie: AV-Technik\n','2015-09-30 14:27:52','2015-09-30 14:27:52'),(199,'8d0cklso20eqdug0pxg5316','omn-2379du6484',202,109,191,7,NULL,NULL,'2012-12-27',NULL,NULL,NULL,'1375.00',0,0,1,0,1,1,NULL,NULL,NULL,NULL,NULL,'--- !ruby/hash:ActiveSupport::HashWithIndifferentAccess\nanschaffungskategorie: AV-Technik\n','2015-09-30 14:27:52','2015-09-30 14:27:52'),(200,'i7rnhshoj9gobkk2okrq317','ani-8612te6110',203,110,192,4,NULL,NULL,'2011-05-28',NULL,NULL,NULL,'361.00',0,0,1,0,1,1,NULL,NULL,NULL,NULL,NULL,'--- !ruby/hash:ActiveSupport::HashWithIndifferentAccess\nanschaffungskategorie: AV-Technik\n','2015-09-30 14:27:52','2015-09-30 14:27:52'),(201,'ml7ycgk7nu15tkr06mbt318','qui-1590li4171',204,111,193,7,NULL,NULL,'2014-07-18',NULL,NULL,NULL,'760.00',0,0,1,0,1,1,NULL,NULL,NULL,NULL,NULL,'--- !ruby/hash:ActiveSupport::HashWithIndifferentAccess\nanschaffungskategorie: AV-Technik\n','2015-09-30 14:27:52','2015-09-30 14:27:52'),(202,'hnsnb72j91vfuec90qii319','ull-9816qu3933',205,112,194,7,NULL,NULL,'2012-02-15',NULL,NULL,NULL,'413.00',0,0,1,0,1,1,NULL,NULL,NULL,NULL,NULL,'--- !ruby/hash:ActiveSupport::HashWithIndifferentAccess\nanschaffungskategorie: AV-Technik\n','2015-09-30 14:27:52','2015-09-30 14:27:52'),(203,'pzk3xga6c32a4n8jivn9320','lib-7429no3137',206,113,195,1,NULL,NULL,'2013-06-13',NULL,NULL,NULL,'501.00',0,0,1,0,1,1,NULL,NULL,NULL,NULL,NULL,'--- !ruby/hash:ActiveSupport::HashWithIndifferentAccess\nanschaffungskategorie: AV-Technik\n','2015-09-30 14:27:52','2015-09-30 14:27:52'),(204,'jxu67vtrsejbed6lrg40321','und-3925vo7961',207,NULL,NULL,1,NULL,NULL,NULL,NULL,NULL,NULL,NULL,0,0,1,0,1,0,NULL,NULL,NULL,NULL,NULL,'--- !ruby/hash:ActiveSupport::HashWithIndifferentAccess\nlicense_type: single_workspace\nactivation_type: serial_number\noperating_system:\n- windows\n- linux\ninstallation:\n- citrix\n- web\n','2015-09-30 14:27:52','2015-09-30 14:27:52'),(205,'pmv962hna6bz362g1g3u322','fac-10126qu9541',208,114,196,5,NULL,NULL,'2011-02-04',NULL,NULL,NULL,'622.00',0,0,1,0,2,1,NULL,NULL,NULL,NULL,NULL,'--- !ruby/hash:ActiveSupport::HashWithIndifferentAccess\nanschaffungskategorie: AV-Technik\n','2015-09-25 00:00:00','2015-09-25 00:00:00'),(206,'8nz17ze2nli5htg2fj2a323','ali-4521se8466',208,115,197,2,NULL,NULL,'2011-09-23',NULL,NULL,NULL,'213.00',0,0,1,0,2,1,NULL,NULL,NULL,NULL,NULL,'--- !ruby/hash:ActiveSupport::HashWithIndifferentAccess\nanschaffungskategorie: AV-Technik\n','2015-09-25 00:00:00','2015-09-25 00:00:00'),(207,'fl2sr9ygejx1ymbux464324','mol-6382vo7840',208,116,198,3,NULL,NULL,'2010-08-30',NULL,NULL,NULL,'1464.00',0,0,1,0,2,1,NULL,NULL,NULL,NULL,NULL,'--- !ruby/hash:ActiveSupport::HashWithIndifferentAccess\nanschaffungskategorie: AV-Technik\n','2015-09-25 00:00:00','2015-09-25 00:00:00'),(208,'7te4aaf1uyehs4gdqozr325','eli-10526ac8109',212,117,199,9,NULL,NULL,'2010-05-07',NULL,NULL,NULL,'1374.00',0,0,1,0,12,1,NULL,NULL,NULL,NULL,NULL,'--- !ruby/hash:ActiveSupport::HashWithIndifferentAccess\nanschaffungskategorie: AV-Technik\n','2015-09-30 14:27:52','2015-09-30 14:27:52'),(209,'u9mvxzbxdbwvxwjyctz3326','vol-7279do7381',213,118,200,9,NULL,NULL,'2012-09-27',NULL,NULL,NULL,'182.00',0,0,1,0,13,1,NULL,NULL,NULL,NULL,NULL,'--- !ruby/hash:ActiveSupport::HashWithIndifferentAccess\nanschaffungskategorie: AV-Technik\n','2015-09-30 14:27:52','2015-09-30 14:27:52'),(210,'jwq9unjtjrq0vpj2oe55327','exp-8102te8300',214,119,201,4,NULL,NULL,'2012-06-20',NULL,NULL,NULL,'521.00',0,0,1,0,1,1,NULL,NULL,NULL,NULL,NULL,'--- !ruby/hash:ActiveSupport::HashWithIndifferentAccess\nanschaffungskategorie: AV-Technik\n','2015-09-30 14:27:52','2015-09-30 14:27:52'),(211,'xh5i2f3u3650d2xomk7x328','mol-1186qu1714',215,120,202,5,NULL,NULL,'2013-03-13',NULL,NULL,NULL,'839.00',0,0,1,0,1,1,NULL,NULL,NULL,NULL,NULL,'--- !ruby/hash:ActiveSupport::HashWithIndifferentAccess\nanschaffungskategorie: AV-Technik\n','2015-09-30 14:27:52','2015-09-30 14:27:52'),(212,'y0y6t0dz7cn6ecu0ptgg329','vol-10369mi1836',216,121,203,10,NULL,NULL,'2010-12-05',NULL,NULL,NULL,'103.00',0,0,1,0,1,1,NULL,NULL,NULL,NULL,NULL,'--- !ruby/hash:ActiveSupport::HashWithIndifferentAccess\nanschaffungskategorie: AV-Technik\n','2015-09-30 14:27:52','2015-09-30 14:27:52'),(213,'za8e5cuv2pgh52njxbm3330','non-4320ex6965',217,122,204,11,NULL,NULL,'2013-10-30',NULL,NULL,NULL,'481.00',0,0,1,0,1,1,NULL,NULL,NULL,NULL,NULL,'--- !ruby/hash:ActiveSupport::HashWithIndifferentAccess\nanschaffungskategorie: AV-Technik\n','2015-09-30 14:27:52','2015-09-30 14:27:52'),(214,'p7dxyebvne07lvsqsmhe331','mol-3159ex5836',218,123,205,13,NULL,NULL,'2011-02-17',NULL,NULL,NULL,'419.00',0,0,1,0,1,1,NULL,NULL,NULL,NULL,NULL,'--- !ruby/hash:ActiveSupport::HashWithIndifferentAccess\nanschaffungskategorie: AV-Technik\n','2015-09-30 14:27:52','2015-09-30 14:27:52'),(215,'uhwk3qzjes2nvp0851xn332','mod-10978op5328',219,124,206,2,NULL,NULL,'2012-08-09',NULL,NULL,NULL,'896.00',0,0,1,0,1,1,NULL,NULL,NULL,NULL,NULL,'--- !ruby/hash:ActiveSupport::HashWithIndifferentAccess\nanschaffungskategorie: AV-Technik\n','2015-09-30 14:27:52','2015-09-30 14:27:52'),(216,'n4iw1y3irthrghat99w6333','eaa-9092vo8486',220,125,207,1,NULL,NULL,'2013-04-10',NULL,NULL,NULL,'196.00',0,0,1,0,1,1,NULL,NULL,NULL,NULL,NULL,'--- !ruby/hash:ActiveSupport::HashWithIndifferentAccess\nanschaffungskategorie: AV-Technik\n','2015-09-30 14:27:52','2015-09-30 14:27:52'),(217,'ei8qvj8u9qrwt68wt4se334','odi-7652no6557',221,126,208,10,NULL,NULL,'2013-08-21',NULL,NULL,NULL,'839.00',0,0,1,0,1,1,NULL,NULL,NULL,NULL,NULL,'--- !ruby/hash:ActiveSupport::HashWithIndifferentAccess\nanschaffungskategorie: AV-Technik\n','2015-09-30 14:27:52','2015-09-30 14:27:52'),(218,'vi699yfa3f3a918pughc335','ven-4815qu10435',222,127,209,1,NULL,NULL,'2014-11-28',NULL,NULL,NULL,'873.00',0,0,1,0,1,1,NULL,NULL,NULL,NULL,NULL,'--- !ruby/hash:ActiveSupport::HashWithIndifferentAccess\nanschaffungskategorie: AV-Technik\n','2015-09-30 14:27:52','2015-09-30 14:27:52'),(219,'nohev1rr07ita7rttekp336','odi-4637pe8910',223,128,210,3,NULL,NULL,'2012-02-07',NULL,NULL,NULL,'973.00',0,0,1,0,1,1,NULL,NULL,NULL,NULL,NULL,'--- !ruby/hash:ActiveSupport::HashWithIndifferentAccess\nanschaffungskategorie: AV-Technik\n','2015-09-30 14:27:52','2015-09-30 14:27:52'),(220,'wervryy2rjio9uirtj94337','ani-6631es10536',224,129,211,9,NULL,NULL,'2014-08-17',NULL,NULL,NULL,'1468.00',0,0,1,0,1,1,NULL,NULL,NULL,NULL,NULL,'--- !ruby/hash:ActiveSupport::HashWithIndifferentAccess\nanschaffungskategorie: AV-Technik\n','2015-09-30 14:27:52','2015-09-30 14:27:52'),(221,'7df5r5jump7ytnjci5hv338','sin-1510mi9568',225,130,212,12,NULL,NULL,'2013-04-18',NULL,NULL,NULL,'763.00',0,0,1,0,1,1,NULL,NULL,NULL,NULL,NULL,'--- !ruby/hash:ActiveSupport::HashWithIndifferentAccess\nanschaffungskategorie: AV-Technik\n','2015-09-25 00:00:00','2015-09-25 00:00:00'),(222,'dkzk4uyxdmel7ltdhqvk339','ius-6702oc5314',226,131,213,5,NULL,NULL,'2011-03-01',NULL,NULL,NULL,'231.00',0,0,1,0,1,1,NULL,NULL,NULL,NULL,NULL,'--- !ruby/hash:ActiveSupport::HashWithIndifferentAccess\nanschaffungskategorie: AV-Technik\n','2015-09-25 00:00:00','2015-09-25 00:00:00'),(223,'1lwtu6a6gpxazzge9hvz340','fug-3584as5173',227,132,214,5,NULL,NULL,'2013-12-24',NULL,NULL,NULL,'454.00',0,0,1,0,1,1,NULL,NULL,NULL,NULL,NULL,'--- !ruby/hash:ActiveSupport::HashWithIndifferentAccess\nanschaffungskategorie: AV-Technik\n','2015-09-25 00:00:00','2015-09-25 00:00:00'),(224,'c3uvbav11zys9xj8etek341','con-8632ap2625',228,133,215,4,NULL,NULL,'2011-06-22',NULL,NULL,NULL,'1234.00',0,0,1,0,1,1,NULL,NULL,NULL,NULL,NULL,'--- !ruby/hash:ActiveSupport::HashWithIndifferentAccess\nanschaffungskategorie: AV-Technik\n','2015-09-25 00:00:00','2015-09-25 00:00:00'),(225,'lo4atzal4ymz3kt56rm1342','qui-1120ut10648',229,134,216,6,NULL,NULL,'2011-09-18',NULL,NULL,NULL,'322.00',0,0,1,0,1,1,NULL,NULL,NULL,NULL,NULL,'--- !ruby/hash:ActiveSupport::HashWithIndifferentAccess\nanschaffungskategorie: AV-Technik\n','2015-09-30 14:27:52','2015-09-30 14:27:52'),(226,'8rtasyz9353gw67iw8u8343','asp-3416ul10160',229,135,217,11,NULL,NULL,'2014-12-04',NULL,NULL,NULL,'919.00',0,0,1,0,1,1,NULL,NULL,NULL,NULL,NULL,'--- !ruby/hash:ActiveSupport::HashWithIndifferentAccess\nanschaffungskategorie: AV-Technik\n','2015-09-30 14:27:52','2015-09-30 14:27:52'),(227,'8egz4hei2ofiy3suxhuo344','eli-9814in10647',229,136,218,5,NULL,NULL,'2010-05-28',NULL,NULL,NULL,'1050.00',0,0,1,0,1,1,NULL,NULL,NULL,NULL,NULL,'--- !ruby/hash:ActiveSupport::HashWithIndifferentAccess\nanschaffungskategorie: AV-Technik\n','2015-09-30 14:27:52','2015-09-30 14:27:52'),(228,'e92wrowgbyvooedge27t345','nec-3561li2874',233,137,219,2,NULL,NULL,'2013-11-24',NULL,NULL,NULL,'1351.00',0,0,1,0,1,1,NULL,NULL,NULL,NULL,NULL,'--- !ruby/hash:ActiveSupport::HashWithIndifferentAccess\nanschaffungskategorie: AV-Technik\n','2015-09-30 14:27:52','2015-09-30 14:27:52'),(229,'d9l7g5rc1z8h735g3d2u346','quo-8346ea7993',233,138,220,13,NULL,NULL,'2014-09-23',NULL,NULL,NULL,'199.00',0,0,1,0,1,1,NULL,NULL,NULL,NULL,NULL,'--- !ruby/hash:ActiveSupport::HashWithIndifferentAccess\nanschaffungskategorie: AV-Technik\n','2015-09-30 14:27:52','2015-09-30 14:27:52'),(230,'81p435bgsbfytj8dcctw347','eiu-4976et3342',233,139,221,1,NULL,NULL,'2013-10-16',NULL,NULL,NULL,'1326.00',0,0,1,0,1,1,NULL,NULL,NULL,NULL,NULL,'--- !ruby/hash:ActiveSupport::HashWithIndifferentAccess\nanschaffungskategorie: AV-Technik\n','2015-09-30 14:27:52','2015-09-30 14:27:52'),(231,'b2o6ofm4wm1jfbdh78tn348','qua-6440qu9891',237,140,222,5,NULL,NULL,'2012-05-22',NULL,NULL,NULL,'1058.00',0,0,1,0,1,1,NULL,NULL,NULL,NULL,NULL,'--- !ruby/hash:ActiveSupport::HashWithIndifferentAccess\nanschaffungskategorie: AV-Technik\n','2015-09-30 14:27:52','2015-09-30 14:27:52'),(232,'shtcwuoxsm3v7jfffnlk349','del-3009au8127',237,141,223,7,NULL,NULL,'2013-11-15',NULL,NULL,NULL,'806.00',0,0,1,0,1,1,NULL,NULL,NULL,NULL,NULL,'--- !ruby/hash:ActiveSupport::HashWithIndifferentAccess\nanschaffungskategorie: AV-Technik\n','2015-09-30 14:27:52','2015-09-30 14:27:52'),(233,'01eq3bvrytmi30k7g6i7350','per-10178om3468',237,142,224,12,NULL,NULL,'2011-11-10',NULL,NULL,NULL,'168.00',0,0,1,0,1,1,NULL,NULL,NULL,NULL,NULL,'--- !ruby/hash:ActiveSupport::HashWithIndifferentAccess\nanschaffungskategorie: AV-Technik\n','2015-09-30 14:27:52','2015-09-30 14:27:52'),(234,'yq8vvb9mo8ei1n86np3s351','vel-3030fa5250',241,143,225,10,NULL,NULL,'2014-10-13',NULL,NULL,NULL,'1196.00',0,0,1,0,1,1,NULL,NULL,NULL,NULL,NULL,'--- !ruby/hash:ActiveSupport::HashWithIndifferentAccess\nanschaffungskategorie: AV-Technik\n','2015-09-30 14:27:52','2015-09-30 14:27:52'),(235,'tzly8qkpymdel1994w2r352','etc-7382vo10804',241,144,226,11,NULL,NULL,'2012-12-06',NULL,NULL,NULL,'426.00',0,0,1,0,1,1,NULL,NULL,NULL,NULL,NULL,'--- !ruby/hash:ActiveSupport::HashWithIndifferentAccess\nanschaffungskategorie: AV-Technik\n','2015-09-30 14:27:52','2015-09-30 14:27:52'),(236,'whvf2cxtqhc6wswkpvro353','etv-7022es10973',241,145,227,10,NULL,NULL,'2014-02-02',NULL,NULL,NULL,'9.00',0,0,1,0,1,1,NULL,NULL,NULL,NULL,NULL,'--- !ruby/hash:ActiveSupport::HashWithIndifferentAccess\nanschaffungskategorie: AV-Technik\n','2015-09-30 14:27:52','2015-09-30 14:27:52'),(237,'2r3noz6cbb2dut504440354','nem-6625ei10436',245,146,228,4,NULL,NULL,'2013-05-22',NULL,NULL,NULL,'1048.00',0,0,1,0,3,1,NULL,NULL,NULL,NULL,NULL,'--- !ruby/hash:ActiveSupport::HashWithIndifferentAccess\nanschaffungskategorie: AV-Technik\n','2015-09-30 14:27:52','2015-09-30 14:27:52'),(238,'022ul64qt5jw5ndpuxgc355','qui-2108et3345',245,147,229,10,NULL,NULL,'2012-11-02',NULL,NULL,NULL,'402.00',0,0,1,0,3,1,NULL,NULL,NULL,NULL,NULL,'--- !ruby/hash:ActiveSupport::HashWithIndifferentAccess\nanschaffungskategorie: AV-Technik\n','2015-09-30 14:27:52','2015-09-30 14:27:52'),(239,'ba1nv15v3i3dos046j8m356','qui-10822ip4772',245,148,230,1,NULL,NULL,'2011-10-16',NULL,NULL,NULL,'1358.00',0,0,1,0,3,1,NULL,NULL,NULL,NULL,NULL,'--- !ruby/hash:ActiveSupport::HashWithIndifferentAccess\nanschaffungskategorie: AV-Technik\n','2015-09-30 14:27:52','2015-09-30 14:27:52'),(240,'3getkz1lwozzdwwurmx8357','idi-8670ne1161',249,149,231,11,NULL,NULL,'2014-07-07',NULL,NULL,NULL,'95.00',0,0,1,0,3,1,NULL,NULL,NULL,NULL,NULL,'--- !ruby/hash:ActiveSupport::HashWithIndifferentAccess\nanschaffungskategorie: AV-Technik\n','2015-09-30 14:27:52','2015-09-30 14:27:52'),(241,'j4rs84bhdug22094fuo8358','dol-7284ma8966',249,150,232,4,NULL,NULL,'2010-10-21',NULL,NULL,NULL,'1098.00',0,0,1,0,3,1,NULL,NULL,NULL,NULL,NULL,'--- !ruby/hash:ActiveSupport::HashWithIndifferentAccess\nanschaffungskategorie: AV-Technik\n','2015-09-30 14:27:52','2015-09-30 14:27:52'),(242,'ifkp0pogsahm6ru1eukd359','hic-5594si6634',249,151,233,5,NULL,NULL,'2014-02-15',NULL,NULL,NULL,'445.00',0,0,1,0,3,1,NULL,NULL,NULL,NULL,NULL,'--- !ruby/hash:ActiveSupport::HashWithIndifferentAccess\nanschaffungskategorie: AV-Technik\n','2015-09-30 14:27:52','2015-09-30 14:27:52'),(243,'42nxcc4wg6uflgojrxsg360','qui-7765om7771',253,152,234,5,NULL,NULL,'2010-12-25',NULL,NULL,NULL,'954.00',0,0,1,0,3,1,NULL,NULL,NULL,NULL,NULL,'--- !ruby/hash:ActiveSupport::HashWithIndifferentAccess\nanschaffungskategorie: AV-Technik\n','2015-09-30 14:27:52','2015-09-30 14:27:52'),(244,'c4fshekfywd5165jip6x361','qui-6535ut6434',253,153,235,9,NULL,NULL,'2010-02-26',NULL,NULL,NULL,'217.00',0,0,1,0,3,1,NULL,NULL,NULL,NULL,NULL,'--- !ruby/hash:ActiveSupport::HashWithIndifferentAccess\nanschaffungskategorie: AV-Technik\n','2015-09-30 14:27:52','2015-09-30 14:27:52'),(245,'hqse4r55zua7ki2w28h6362','odi-4226an1273',253,154,236,12,NULL,NULL,'2014-01-11',NULL,NULL,NULL,'398.00',0,0,1,0,3,1,NULL,NULL,NULL,NULL,NULL,'--- !ruby/hash:ActiveSupport::HashWithIndifferentAccess\nanschaffungskategorie: AV-Technik\n','2015-09-30 14:27:52','2015-09-30 14:27:52'),(246,'h9wzletl1bo6z816gg09363','sae-6640re5935',257,155,237,12,NULL,NULL,'2014-04-24',NULL,NULL,NULL,'526.00',0,0,1,0,3,1,NULL,NULL,NULL,NULL,NULL,'--- !ruby/hash:ActiveSupport::HashWithIndifferentAccess\nanschaffungskategorie: AV-Technik\n','2015-09-30 14:27:52','2015-09-30 14:27:52'),(247,'9nmb14ry00fxea38pa9h364','sed-9015te5835',257,156,238,13,NULL,NULL,'2013-10-20',NULL,NULL,NULL,'1115.00',0,0,1,0,3,1,NULL,NULL,NULL,NULL,NULL,'--- !ruby/hash:ActiveSupport::HashWithIndifferentAccess\nanschaffungskategorie: AV-Technik\n','2015-09-30 14:27:52','2015-09-30 14:27:52'),(248,'gbvp7aqd03i4bomekohk365','mol-2142qu9766',257,157,239,2,NULL,NULL,'2011-12-04',NULL,NULL,NULL,'16.00',0,0,1,0,3,1,NULL,NULL,NULL,NULL,NULL,'--- !ruby/hash:ActiveSupport::HashWithIndifferentAccess\nanschaffungskategorie: AV-Technik\n','2015-09-30 14:27:52','2015-09-30 14:27:52'),(249,'cm1t8u62eojmcf2xnivy366','und-3445do9530',261,158,240,5,NULL,NULL,'2013-07-20',NULL,NULL,NULL,'264.00',0,0,1,0,3,1,NULL,NULL,NULL,NULL,NULL,'--- !ruby/hash:ActiveSupport::HashWithIndifferentAccess\nanschaffungskategorie: AV-Technik\n','2015-09-30 14:27:52','2015-09-30 14:27:52'),(250,'t900umqomsjr9kbztf3j367','dol-2236ex9917',261,159,241,1,NULL,NULL,'2011-10-18',NULL,NULL,NULL,'26.00',0,0,1,0,3,1,NULL,NULL,NULL,NULL,NULL,'--- !ruby/hash:ActiveSupport::HashWithIndifferentAccess\nanschaffungskategorie: AV-Technik\n','2015-09-30 14:27:52','2015-09-30 14:27:52'),(251,'3wo05jx2aw39onxuags2368','aut-1802cu10914',261,160,242,9,NULL,NULL,'2012-05-18',NULL,NULL,NULL,'112.00',0,0,1,0,3,1,NULL,NULL,NULL,NULL,NULL,'--- !ruby/hash:ActiveSupport::HashWithIndifferentAccess\nanschaffungskategorie: AV-Technik\n','2015-09-30 14:27:52','2015-09-30 14:27:52'),(252,'carfopxcvjgj5zyvm6de369','odi-9721qu9165',265,161,243,1,NULL,NULL,'2011-03-27',NULL,NULL,NULL,'485.00',0,0,1,0,1,1,NULL,NULL,NULL,NULL,NULL,'--- !ruby/hash:ActiveSupport::HashWithIndifferentAccess\nanschaffungskategorie: AV-Technik\n','2015-09-30 14:27:52','2015-09-30 14:27:52'),(253,'r0p979faj70s2ntny8wj370','nam-6407au2616',266,162,244,5,NULL,NULL,'2011-03-02',NULL,NULL,NULL,'108.00',0,0,1,0,1,1,NULL,NULL,NULL,NULL,NULL,'--- !ruby/hash:ActiveSupport::HashWithIndifferentAccess\nanschaffungskategorie: AV-Technik\n','2015-09-30 14:27:52','2015-09-30 14:27:52'),(254,'xpghj161lf3i5l2lb911371','rat-7270pe4356',266,163,245,9,NULL,NULL,'2011-05-08',NULL,NULL,NULL,'1287.00',0,0,1,0,1,1,NULL,NULL,NULL,NULL,NULL,'--- !ruby/hash:ActiveSupport::HashWithIndifferentAccess\nanschaffungskategorie: AV-Technik\n','2015-09-30 14:27:52','2015-09-30 14:27:52'),(255,'0rkbwu4dckb6oc1bkc9r372','occ-5599ve7694',266,164,246,9,NULL,NULL,'2011-01-27',NULL,NULL,NULL,'967.00',0,0,1,0,1,1,NULL,NULL,NULL,NULL,NULL,'--- !ruby/hash:ActiveSupport::HashWithIndifferentAccess\nanschaffungskategorie: AV-Technik\n','2015-09-30 14:27:52','2015-09-30 14:27:52');
/*!40000 ALTER TABLE `items` ENABLE KEYS */;
UNLOCK TABLES;

--
-- Table structure for table `languages`
--

DROP TABLE IF EXISTS `languages`;
/*!40101 SET @saved_cs_client     = @@character_set_client */;
/*!40101 SET character_set_client = utf8 */;
CREATE TABLE `languages` (
  `id` int(11) NOT NULL AUTO_INCREMENT,
  `name` varchar(255) COLLATE utf8_unicode_ci DEFAULT NULL,
  `locale_name` varchar(255) COLLATE utf8_unicode_ci DEFAULT NULL,
  `default` tinyint(1) DEFAULT NULL,
  `active` tinyint(1) DEFAULT NULL,
  PRIMARY KEY (`id`),
  UNIQUE KEY `index_languages_on_name` (`name`),
  KEY `index_languages_on_active_and_default` (`active`,`default`)
) ENGINE=InnoDB AUTO_INCREMENT=5 DEFAULT CHARSET=utf8 COLLATE=utf8_unicode_ci;
/*!40101 SET character_set_client = @saved_cs_client */;

--
-- Dumping data for table `languages`
--

LOCK TABLES `languages` WRITE;
/*!40000 ALTER TABLE `languages` DISABLE KEYS */;
INSERT INTO `languages` VALUES (1,'English','en-GB',1,1),(2,'Deutsch','de-CH',0,1),(3,'Castellano','es',0,1),(4,'Zrittsch','gsw-CH',0,1);
/*!40000 ALTER TABLE `languages` ENABLE KEYS */;
UNLOCK TABLES;

--
-- Table structure for table `locations`
--

DROP TABLE IF EXISTS `locations`;
/*!40101 SET @saved_cs_client     = @@character_set_client */;
/*!40101 SET character_set_client = utf8 */;
CREATE TABLE `locations` (
  `id` int(11) NOT NULL AUTO_INCREMENT,
  `room` varchar(255) COLLATE utf8_unicode_ci DEFAULT NULL,
  `shelf` varchar(255) COLLATE utf8_unicode_ci DEFAULT NULL,
  `building_id` int(11) DEFAULT NULL,
  PRIMARY KEY (`id`),
  KEY `index_locations_on_building_id` (`building_id`)
) ENGINE=InnoDB AUTO_INCREMENT=165 DEFAULT CHARSET=utf8 COLLATE=utf8_unicode_ci;
/*!40101 SET character_set_client = @saved_cs_client */;

--
-- Dumping data for table `locations`
--

LOCK TABLES `locations` WRITE;
/*!40000 ALTER TABLE `locations` DISABLE KEYS */;
INSERT INTO `locations` VALUES (1,'Perferendisquia','rerumconsequatur',2),(2,'Autincidunt','nobisculpa',3),(3,'Etrepellendus','aliasiure',4),(4,'Corruptiqui','eoset',5),(5,'Molestiasaliquid','temporesit',6),(6,'Autexcepturi','sedipsa',7),(7,'Eosillum','voluptasipsa',8),(8,'Nonpariatur','similiquebeatae',9),(9,'Quiunde','maximequibusdam',10),(10,'Evenietsit','ametest',11),(11,'Aliquamet','namdolor',12),(12,'Officiisconsequatur','delectusnesciunt',13),(13,'Quiasit','quiafugiat',14),(14,'Etaccusantium','eavoluptatem',15),(15,'Estvero','laborequo',16),(16,'Fugaculpa','sintlabore',17),(17,'Dictadolores','officiisquia',18),(18,'Nihildoloremque','idtempora',19),(19,'Nostrumipsa','quoquas',20),(20,'Inventoreodio','estet',21),(21,'Faciliscommodi','estdolor',22),(22,'Sitodio','aspernaturdolores',23),(23,'Isteut','cupiditateet',24),(24,'Mollitiadoloremque','nisidolorem',25),(25,'Harumdeserunt','eoset',26),(26,'Erroromnis','errorautem',27),(27,'Modiut','dolorumea',28),(28,'Quasifuga','undeplaceat',29),(29,'Sitaut','estmodi',30),(30,'Etvoluptates','dolorumveritatis',31),(31,'SQ2','Desk',32),(32,'UG 13','Ausgabe',33),(33,'Voluptatibusculpa','molestiaset',34),(34,'Veroratione','temporavoluptates',35),(35,'Aliquidblanditiis','architectoatque',36),(36,'Accusamusveniam','perspiciatissit',37),(37,'Sintnon','quasidolores',38),(38,'Repellendushic','rerumsint',39),(39,'Inventoreadipisci','voluptatumexplicabo',40),(40,'Accusantiumsint','saepeest',41),(41,'Temporeodit','odiototam',42),(42,'Aliquampossimus','reprehenderitquia',43),(43,'Quianatus','magnamnam',44),(44,'Verosed','iustodolor',45),(45,'Suscipitodit','errorquis',46),(46,'Accusantiumodit','etomnis',47),(47,'Cumquequia','estdeleniti',48),(48,'Voluptatumquo','auta',49),(49,'Culpaaliquam','animiqui',50),(50,'Aperiamut','numquamvoluptas',51),(51,'Consequatureius','quiaut',52),(52,'Mollitiaiusto','perspiciatisnostrum',53),(53,'Pariaturducimus','repellendussoluta',54),(54,'Eaqueexercitationem','autemquod',55),(55,'Reiciendisvelit','utmolestiae',56),(56,'Quaeratodit','nobisut',57),(57,'Illonulla','veroquia',58),(58,'Quaetempore','isteet',59),(59,'Faceredebitis','itaqueut',60),(60,'Essefugiat','errorpariatur',61),(61,'Corruptinatus','eumea',62),(62,'Accusamusut','dolordoloribus',63),(63,'Veniamab','uteligendi',64),(64,'Estneque','veniamrecusandae',65),(65,'Molestiaeconsequatur','quivel',66),(66,'Aliquidincidunt','ametnihil',67),(67,'Etodit','autempossimus',68),(68,'Nondoloribus','idrerum',69),(69,'Erroraut','utin',70),(70,'Quiasaepe','sedeos',71),(71,'Veritatisquisquam','etdolor',72),(72,'Totamaut','totamaut',73),(73,'Possimusquas','omniseum',74),(74,'Placeatmodi','doloremveritatis',75),(75,'Expeditaasperiores','beataedolores',76),(76,'Magnivoluptas','dolorumpraesentium',77),(77,'Etquam','quiin',78),(78,'Doloremeum','ipsammolestias',79),(79,'Velitest','nostrumsuscipit',80),(80,'Etvoluptatem','veroaliquam',81),(81,'Suscipitvoluptatem','quiperferendis',82),(82,'Adipisciassumenda','dictaest',83),(83,'Idblanditiis','temporadistinctio',84),(84,'Rerummolestiae','doloresdolores',85),(85,'Facereamet','delenitiquis',86),(86,'Suntnon','facererem',87),(87,'Autdelectus','providentqui',88),(88,'Estet','quoprovident',89),(89,'Omnismolestiae','voluptatibusaperiam',90),(90,'Quiaalias','suscipitet',91),(91,'Evenietnam','doloresipsum',92),(92,'Optioet','aliquamdolor',93),(93,'Quilabore','sedducimus',94),(94,'Eiusdolor','quiplaceat',95),(95,'Estat','namet',96),(96,'Maioresnihil','voluptatemducimus',97),(97,'Nullaimpedit','maximeasperiores',98),(98,'Porroquia','consequaturquia',99),(99,'Distinctiodoloribus','numquamillum',100),(100,'Teneturipsam','beataeomnis',101),(101,'Inimpedit','nulladicta',102),(102,'Undeprovident','consecteturdoloribus',103),(103,'Rerumvoluptas','dolorumodio',104),(104,'Suntiste','molestiasut',105),(105,'Eosnatus','autaccusantium',106),(106,'Ducimusesse','minustempore',107),(107,'Quoimpedit','odioaliquam',108),(108,'Doloreipsam','laborumdoloremque',109),(109,'Liberosapiente','quoipsum',110),(110,'Etquis','quovoluptatem',111),(111,'Suscipitcum','porrocorrupti',112),(112,'Eosdicta','ullamqui',113),(113,'Inventoreid','laboreillum',115),(114,'Aliasdoloribus','quibusdamvoluptas',116),(115,'Harumtotam','voluptatemquas',117),(116,'Velitlaborum','reiciendisid',118),(117,'Doloreset','fugadolores',119),(118,'Doloremmolestias','namblanditiis',120),(119,'Magnamquam','deseruntmaiores',121),(120,'Illumvoluptates','exercitationemnecessitatibus',122),(121,'Etporro','voluptatesnesciunt',123),(122,'Etex','quiaalias',124),(123,'Doloresearum','aliquamsunt',125),(124,'Earatione','doloresesse',126),(125,'Blanditiisconsequatur','atlaboriosam',127),(126,'Quidoloremque','liberolaudantium',128),(127,'Saepeconsequatur','officiasit',129),(128,'Quasenim','quiat',130),(129,'Nostrumconsequatur','etinventore',131),(130,'Eosdolores','doloremquenam',132),(131,'Voluptatemoccaecati','dolorexcepturi',133),(132,'Dictatempora','quiquo',134),(133,'Fugiatet','quodet',135),(134,'Perspiciatisquo','illoquo',136),(135,'Ducimusullam','nesciuntvoluptas',137),(136,'Autquo','quodolores',138),(137,'Providentasperiores','cumqueiste',139),(138,'Eumtemporibus','occaecatiet',140),(139,'Eiusqui','erroret',141),(140,'Illumaliquid','dolordolores',142),(141,'Voluptatemet','liberoquis',143),(142,'Maximeneque','autnesciunt',144),(143,'Errorconsequatur','sedminus',145),(144,'Temporibusaut','velitmaiores',146),(145,'Odiofacilis','ipsamvitae',147),(146,'Molestiasperferendis','quisquamtotam',148),(147,'Autnecessitatibus','oditplaceat',149),(148,'Dictanatus','suntdolorum',150),(149,'Ipsumvelit','doloremvoluptatem',151),(150,'Nihilqui','odiosunt',152),(151,'Veniammollitia','quidemquae',153),(152,'Inut','eumaut',154),(153,'Natusquisquam','quianesciunt',155),(154,'Veroest','explicabodeleniti',156),(155,'Sequimaiores','sintdistinctio',157),(156,'Deseruntquia','cupiditateconsequatur',158),(157,'Hicexplicabo','hicconsectetur',159),(158,'Repellendusin','nisiconsectetur',160),(159,'Consequaturcommodi','quasidolores',161),(160,'Etid','nobisdistinctio',162),(161,'Suscipitveritatis','suntaperiam',163),(162,'Voluptatemea','sedofficiis',164),(163,'Sapientenulla','iuresit',165),(164,'Autillo','quamdolor',166);
/*!40000 ALTER TABLE `locations` ENABLE KEYS */;
UNLOCK TABLES;

--
-- Table structure for table `model_group_links`
--

DROP TABLE IF EXISTS `model_group_links`;
/*!40101 SET @saved_cs_client     = @@character_set_client */;
/*!40101 SET character_set_client = utf8 */;
CREATE TABLE `model_group_links` (
  `id` int(11) NOT NULL AUTO_INCREMENT,
  `ancestor_id` int(11) DEFAULT NULL,
  `descendant_id` int(11) DEFAULT NULL,
  `direct` tinyint(1) DEFAULT NULL,
  `count` int(11) DEFAULT NULL,
  `label` varchar(255) COLLATE utf8_unicode_ci DEFAULT NULL,
  PRIMARY KEY (`id`),
  KEY `index_model_group_links_on_ancestor_id` (`ancestor_id`),
  KEY `index_model_group_links_on_direct` (`direct`),
  KEY `index_on_descendant_id_and_ancestor_id_and_direct` (`descendant_id`,`ancestor_id`,`direct`)
) ENGINE=InnoDB AUTO_INCREMENT=9 DEFAULT CHARSET=utf8 COLLATE=utf8_unicode_ci;
/*!40101 SET character_set_client = @saved_cs_client */;

--
-- Dumping data for table `model_group_links`
--

LOCK TABLES `model_group_links` WRITE;
/*!40000 ALTER TABLE `model_group_links` DISABLE KEYS */;
INSERT INTO `model_group_links` VALUES (1,2,10,1,1,NULL),(2,2,8,1,1,NULL),(3,5,10,1,1,NULL),(4,5,9,1,1,NULL),(5,1,9,1,1,NULL),(6,1,11,0,1,NULL),(7,5,11,0,1,NULL),(8,9,11,1,1,NULL);
/*!40000 ALTER TABLE `model_group_links` ENABLE KEYS */;
UNLOCK TABLES;

--
-- Table structure for table `model_groups`
--

DROP TABLE IF EXISTS `model_groups`;
/*!40101 SET @saved_cs_client     = @@character_set_client */;
/*!40101 SET character_set_client = utf8 */;
CREATE TABLE `model_groups` (
  `id` int(11) NOT NULL AUTO_INCREMENT,
  `type` varchar(255) COLLATE utf8_unicode_ci DEFAULT NULL,
  `name` varchar(255) COLLATE utf8_unicode_ci DEFAULT NULL,
  `created_at` datetime DEFAULT NULL,
  `updated_at` datetime DEFAULT NULL,
  PRIMARY KEY (`id`),
  KEY `index_model_groups_on_type` (`type`)
) ENGINE=InnoDB AUTO_INCREMENT=15 DEFAULT CHARSET=utf8 COLLATE=utf8_unicode_ci;
/*!40101 SET character_set_client = @saved_cs_client */;

--
-- Dumping data for table `model_groups`
--

LOCK TABLES `model_groups` WRITE;
/*!40000 ALTER TABLE `model_groups` DISABLE KEYS */;
INSERT INTO `model_groups` VALUES (1,'Category','Beamer','2015-09-30 14:27:52','2015-09-30 14:27:52'),(2,'Category','Kameras','2015-09-30 14:27:52','2015-09-30 14:27:52'),(3,'Category','Stative','2015-09-30 14:27:52','2015-09-30 14:27:52'),(4,'Category','Hifi-Anlagen','2015-09-30 14:27:52','2015-09-30 14:27:52'),(5,'Category','Notebooks','2015-09-30 14:27:52','2015-09-30 14:27:52'),(6,'Category','RC Helikopter','2015-09-30 14:27:52','2015-09-30 14:27:52'),(7,'Category','Computer','2015-09-30 14:27:52','2015-09-30 14:27:52'),(8,'Category','Kurzdistanz','2015-09-30 14:27:52','2015-09-30 14:27:52'),(9,'Category','Portabel','2015-09-30 14:27:52','2015-09-30 14:27:52'),(10,'Category','Standard','2015-09-30 14:27:52','2015-09-30 14:27:52'),(11,'Category','Micro','2015-09-30 14:27:52','2015-09-30 14:27:52'),(12,'Template','Kamera & Stativ','2015-09-30 14:27:52','2015-09-30 14:27:52'),(13,'Template','Beamer & Hifi','2015-09-30 14:27:52','2015-09-30 14:27:52'),(14,'Template','Unaccomplishable template','2015-09-30 14:27:52','2015-09-30 14:27:52');
/*!40000 ALTER TABLE `model_groups` ENABLE KEYS */;
UNLOCK TABLES;

--
-- Table structure for table `model_links`
--

DROP TABLE IF EXISTS `model_links`;
/*!40101 SET @saved_cs_client     = @@character_set_client */;
/*!40101 SET character_set_client = utf8 */;
CREATE TABLE `model_links` (
  `id` int(11) NOT NULL AUTO_INCREMENT,
  `model_group_id` int(11) DEFAULT NULL,
  `model_id` int(11) DEFAULT NULL,
  `quantity` int(11) DEFAULT '1',
  PRIMARY KEY (`id`),
  KEY `index_model_links_on_model_id_and_model_group_id` (`model_id`,`model_group_id`),
  KEY `index_model_links_on_model_group_id_and_model_id` (`model_group_id`,`model_id`)
) ENGINE=InnoDB AUTO_INCREMENT=73 DEFAULT CHARSET=utf8 COLLATE=utf8_unicode_ci;
/*!40101 SET character_set_client = @saved_cs_client */;

--
-- Dumping data for table `model_links`
--

LOCK TABLES `model_links` WRITE;
/*!40000 ALTER TABLE `model_links` DISABLE KEYS */;
INSERT INTO `model_links` VALUES (1,1,42,1),(2,9,42,1),(3,1,43,1),(4,1,44,1),(5,1,46,1),(6,9,46,1),(7,11,47,1),(8,1,48,1),(9,1,49,1),(10,1,50,1),(11,1,51,1),(12,1,52,1),(13,1,53,1),(14,1,54,1),(15,1,55,1),(16,1,56,1),(17,1,57,1),(18,1,58,1),(19,1,59,1),(20,1,60,1),(21,1,61,1),(22,1,62,1),(23,1,63,1),(24,1,64,1),(25,1,65,1),(26,1,66,1),(27,1,67,1),(28,2,68,1),(29,2,69,1),(30,2,70,1),(31,2,71,1),(32,2,72,1),(33,2,73,1),(34,2,74,1),(35,2,75,1),(36,2,76,1),(37,2,77,1),(38,2,78,1),(39,2,79,1),(40,2,80,1),(41,2,81,1),(42,2,82,1),(43,2,83,1),(44,2,84,1),(45,2,85,1),(46,2,86,1),(47,2,87,1),(48,2,88,1),(49,2,89,1),(50,2,90,1),(51,2,91,1),(52,2,92,1),(53,2,93,1),(54,2,94,1),(55,2,95,1),(56,2,96,1),(57,2,97,1),(58,2,98,1),(59,4,99,1),(60,3,100,1),(61,12,68,1),(62,12,100,1),(63,13,42,1),(64,13,99,1),(65,14,68,999),(66,14,100,999),(67,2,129,1),(68,7,130,1),(69,5,131,1),(70,6,132,1),(71,6,133,1),(72,6,134,1);
/*!40000 ALTER TABLE `model_links` ENABLE KEYS */;
UNLOCK TABLES;

--
-- Table structure for table `models`
--

DROP TABLE IF EXISTS `models`;
/*!40101 SET @saved_cs_client     = @@character_set_client */;
/*!40101 SET character_set_client = utf8 */;
CREATE TABLE `models` (
  `id` int(11) NOT NULL AUTO_INCREMENT,
  `type` varchar(255) COLLATE utf8_unicode_ci NOT NULL DEFAULT 'Model',
  `manufacturer` varchar(255) COLLATE utf8_unicode_ci DEFAULT NULL,
  `product` varchar(255) COLLATE utf8_unicode_ci NOT NULL,
  `version` varchar(255) COLLATE utf8_unicode_ci DEFAULT NULL,
  `description` text COLLATE utf8_unicode_ci,
  `internal_description` text COLLATE utf8_unicode_ci,
  `info_url` varchar(255) COLLATE utf8_unicode_ci DEFAULT NULL,
  `rental_price` decimal(8,2) DEFAULT NULL,
  `maintenance_period` int(11) DEFAULT '0',
  `is_package` tinyint(1) DEFAULT '0',
  `technical_detail` text COLLATE utf8_unicode_ci,
  `hand_over_note` text COLLATE utf8_unicode_ci,
  `created_at` datetime DEFAULT NULL,
  `updated_at` datetime DEFAULT NULL,
  PRIMARY KEY (`id`),
  KEY `index_models_on_is_package` (`is_package`),
  KEY `index_models_on_type` (`type`)
) ENGINE=InnoDB AUTO_INCREMENT=270 DEFAULT CHARSET=utf8 COLLATE=utf8_unicode_ci;
/*!40101 SET character_set_client = @saved_cs_client */;

--
-- Dumping data for table `models`
--

LOCK TABLES `models` WRITE;
/*!40000 ALTER TABLE `models` DISABLE KEYS */;
INSERT INTO `models` VALUES (1,'Model','Christiansen LLC','Incredible Cotton Shoes','308','Sed nihil mollitia eum alias rem officia quo.','Dolore qui repudiandae et natus corporis.',NULL,NULL,0,0,'Tenetur temporibus impedit et quae.','Sunt consequatur natus voluptas numquam.','2015-09-30 14:27:52','2015-09-30 14:27:52'),(2,'Model','Connelly, Eichmann and Labadie','Fantastic Rubber Shirt','309','Excepturi minima sunt quis ad laboriosam.','Amet quia laudantium et dignissimos.',NULL,NULL,0,0,'Quam at maiores voluptatum.','Explicabo quo dicta earum autem accusamus.','2015-09-30 14:27:52','2015-09-30 14:27:52'),(3,'Model','Kuphal-Grant','Small Granite Hat','310','Alias tempore officiis molestiae quis.','Impedit eligendi beatae magni nostrum.',NULL,NULL,1,0,'Aliquid quo dolorem qui in aspernatur.','Reiciendis fugiat rerum consequatur tenetur beatae error ut.','2015-09-30 14:27:52','2015-09-30 14:27:52'),(4,'Model','Veum LLC','Small Cotton Shoes','311','Veritatis repudiandae dolores maiores cum ut.','Quas eius ut non voluptatem dolores omnis temporibus.',NULL,NULL,3,0,'Non illum rem ut ea dolores.','Illo sunt debitis voluptatem.','2015-09-30 14:27:52','2015-09-30 14:27:52'),(5,'Model','Vandervort, Padberg and MacGyver','Awesome Cotton Car','312','Quia sed nihil qui.','Et iste numquam labore ut exercitationem fuga incidunt.',NULL,NULL,2,0,'Qui est vel non hic est ut et fuga.','Praesentium sed error quia autem totam ea.','2015-09-30 14:27:52','2015-09-30 14:27:52'),(6,'Model','Ledner-Grimes','Fantastic Cotton Gloves','313','Ut adipisci eligendi voluptate.','Id velit ea eos tempora voluptatem similique.',NULL,NULL,3,0,'Quo reprehenderit eius sapiente sed est.','Dolore voluptatem assumenda ut ipsum officiis voluptatem sit.','2015-09-30 14:27:52','2015-09-30 14:27:52'),(7,'Model','Gusikowski, Barton and Aufderhar','Ergonomic Steel Shoes','314','In qui ut consectetur atque molestias non.','Omnis excepturi adipisci quia.',NULL,NULL,2,0,'Qui incidunt doloremque ut rem iste a quia.','Unde iusto nobis ad doloremque similique accusantium sit deserunt.','2015-09-30 14:27:52','2015-09-30 14:27:52'),(8,'Model','Bogisich Inc','Awesome Steel Computer','315','Et natus saepe sed.','Sit voluptas deleniti numquam error quaerat excepturi.',NULL,NULL,2,0,'Sit voluptatibus fugit sit.','Cum explicabo omnis odit doloribus sint perspiciatis nemo.','2015-09-30 14:27:52','2015-09-30 14:27:52'),(9,'Model','Okuneva, Marvin and Kuhn','Intelligent Concrete Chair','316','Aut dolorem ipsa possimus dolor ratione enim nam.','Molestiae minus voluptatem sunt magni delectus.',NULL,NULL,0,0,'Soluta dignissimos quia provident.','Omnis aut deserunt neque dolores ut.','2015-09-30 14:27:52','2015-09-30 14:27:52'),(10,'Model','Witting and Sons','Gorgeous Rubber Shirt','317','Molestias accusamus sapiente et sit facilis culpa alias officiis.','Nulla aut dolores omnis esse quidem est rem.',NULL,NULL,0,0,'Tempore doloremque impedit officiis dolorem laborum voluptatem.','Ipsam dolorem ut nihil cumque omnis qui ipsa sint.','2015-09-30 14:27:52','2015-09-30 14:27:52'),(11,'Model','Raynor, Wiza and Larson','Small Concrete Chair','318','Dolores doloribus porro eum rem iure error aspernatur est.','Illo veritatis et voluptas aliquid aliquam laboriosam.',NULL,NULL,1,0,'Cupiditate magni et porro omnis.','Porro et iste eum voluptatum non.','2015-09-30 14:27:52','2015-09-30 14:27:52'),(12,'Model','Bogisich LLC','Sleek Rubber Car','319','Praesentium sed fuga incidunt libero similique voluptatibus omnis.','Ut consectetur sequi dolor mollitia asperiores.',NULL,NULL,0,0,'Quos dolore nostrum modi suscipit cumque.','Accusantium quaerat voluptatem libero itaque facere dolores laboriosam.','2015-09-30 14:27:52','2015-09-30 14:27:52'),(13,'Model','Kihn, Walsh and Stracke','Rustic Cotton Shirt','320','Consequatur voluptatibus sequi et sit.','Ut necessitatibus ea a vero illo repudiandae aliquam.',NULL,NULL,1,0,'Facilis et odit sint qui id quia illo.','Et architecto maxime alias.','2015-09-30 14:27:52','2015-09-30 14:27:52'),(14,'Model','Rosenbaum, Hane and Bechtelar','Awesome Steel Shoes','321','Officia fugiat qui nisi id nemo.','Consectetur consequatur rerum nesciunt architecto exercitationem ut voluptas.',NULL,NULL,1,0,'Enim molestias eum ut molestiae et quia.','Nulla rerum maxime beatae ducimus est.','2015-09-30 14:27:52','2015-09-30 14:27:52'),(15,'Model','Gleichner, Zieme and Hansen','Practical Steel Chair','322','Ut sint expedita cum incidunt vero non nihil ea.','Aperiam rem ex maxime excepturi qui eius sapiente voluptatem.',NULL,NULL,0,0,'Quia qui consequuntur et voluptate.','Eligendi quia nesciunt aut quisquam est dolorem et.','2015-09-30 14:27:52','2015-09-30 14:27:52'),(16,'Model','Larson and Sons','Fantastic Cotton Chair','323','Voluptatibus ut odit consequuntur dolorum qui debitis.','Magnam enim distinctio optio eius consequatur assumenda voluptatum.',NULL,NULL,2,0,'Corrupti voluptate accusantium dolorem architecto atque incidunt.','Quia recusandae repellendus est quam.','2015-09-30 14:27:52','2015-09-30 14:27:52'),(17,'Model','Pouros-Russel','Sleek Cotton Shirt','324','Et aliquam rerum nesciunt.','Nesciunt dignissimos similique quia provident sit.',NULL,NULL,0,0,'Consequatur soluta dolorem dolorem animi.','Et rerum aut nobis sint delectus voluptas cumque accusamus.','2015-09-30 14:27:52','2015-09-30 14:27:52'),(18,'Model','Mohr-Kihn','Gorgeous Cotton Shirt','325','Consequatur aut et rerum.','Quia quo cupiditate quibusdam autem nihil ad.',NULL,NULL,0,0,'Veniam et sed ut odio nihil hic laudantium est.','Temporibus iusto alias praesentium ut modi dignissimos et et.','2015-09-30 14:27:52','2015-09-30 14:27:52'),(19,'Model','Boyer, Gulgowski and Durgan','Small Wooden Chair','326','Consectetur veniam dolor quisquam distinctio.','Incidunt autem eligendi minus natus.',NULL,NULL,2,0,'Porro recusandae occaecati qui error ipsum ad eveniet totam.','Aut repellat at quia tempora nemo.','2015-09-30 14:27:52','2015-09-30 14:27:52'),(20,'Model','Mitchell LLC','Small Concrete Computer','327','Ut fuga et sunt consequatur.','Dolores ad placeat in similique minus et.',NULL,NULL,3,0,'Rerum commodi ratione animi consequuntur voluptatem est.','Aut doloremque eaque maxime beatae et debitis quis iure.','2015-09-30 14:27:52','2015-09-30 14:27:52'),(21,'Model','Greenfelder, Pfannerstill and Nicolas','Fantastic Cotton Hat','328','Qui nihil mollitia voluptas voluptatem deserunt necessitatibus delectus.','Reprehenderit corporis accusantium id quasi porro.',NULL,NULL,0,0,'Consectetur soluta maiores asperiores est sunt itaque modi fuga.','Sit sint exercitationem et et rem quae ratione.','2015-09-30 14:27:52','2015-09-30 14:27:52'),(22,'Model','Franecki, Greenholt and Swaniawski','Fantastic Steel Car','329','Et vero mollitia deserunt incidunt.','Voluptatem beatae omnis sit quisquam modi ut.',NULL,NULL,0,0,'Iure repellat culpa dolorem tempora.','Ea magni voluptatem laudantium magnam numquam fuga.','2015-09-30 14:27:52','2015-09-30 14:27:52'),(23,'Model','Kertzmann-Reichert','Ergonomic Granite Pants','330','Vel sint odit facilis quisquam architecto rem.','Sit velit esse enim eos accusantium aliquam aut hic.',NULL,NULL,2,0,'Ipsa ullam qui consequatur.','Quod doloribus sint quae id dolores omnis.','2015-09-30 14:27:52','2015-09-30 14:27:52'),(24,'Model','Treutel and Sons','Practical Rubber Car','331','Deleniti facere quibusdam molestiae ut dignissimos quo.','Voluptatibus qui magnam voluptates qui doloremque.',NULL,NULL,2,0,'Qui sint et ipsam optio sapiente architecto neque.','Aliquid et aut laudantium repellendus.','2015-09-30 14:27:52','2015-09-30 14:27:52'),(25,'Model','Wunsch and Sons','Incredible Granite Car','332','Ipsam recusandae dolor qui et aut aut similique.','Vel repellendus soluta pariatur sed nihil voluptates.',NULL,NULL,0,0,'Autem minima eligendi vitae quod.','Sapiente architecto iste ut aut occaecati natus.','2015-09-30 14:27:52','2015-09-30 14:27:52'),(26,'Model','Bartoletti, Harvey and Carroll','Gorgeous Concrete Shoes','333','Eum sit minima dolorum aut laborum quas.','Dolore omnis dolores quia et quod dolor facere.',NULL,NULL,2,0,'Consectetur omnis et est iure amet.','Vel et itaque libero molestias dolores voluptatem.','2015-09-30 14:27:52','2015-09-30 14:27:52'),(27,'Model','Romaguera-Runolfsdottir','Rustic Plastic Table','334','Molestiae magnam ratione saepe ut natus et esse.','Et dolorem accusamus officia facere.',NULL,NULL,3,0,'Quia sed culpa consequatur.','Tempore laudantium consequatur eos velit officia non.','2015-09-30 14:27:52','2015-09-30 14:27:52'),(28,'Model','Daniel and Sons','Sleek Plastic Pants','335','Ut ut repellat similique et sint quia.','Eos officia esse sit veniam necessitatibus.',NULL,NULL,2,0,'Nesciunt temporibus vel doloribus sed dolor.','Quod ut dicta excepturi.','2015-09-30 14:27:52','2015-09-30 14:27:52'),(29,'Model','Rogahn-Greenfelder','Fantastic Concrete Shirt','336','Et odio commodi aut fuga.','Qui aspernatur minus praesentium cupiditate tempora.',NULL,NULL,1,0,'Nemo pariatur omnis itaque veniam nam.','Dolor excepturi exercitationem corporis dolorem doloremque alias nihil.','2015-09-30 14:27:52','2015-09-30 14:27:52'),(30,'Model','Grimes Inc','Small Plastic Shoes','337','Ipsam voluptas et rerum aut.','Repellat aut sunt quisquam.',NULL,NULL,0,0,'Sequi et ut corrupti dolorum ducimus qui officiis.','Id qui amet deleniti veniam enim.','2015-09-30 14:27:52','2015-09-30 14:27:52'),(31,'Model','Feest LLC','Sleek Cotton Pants','338','Ipsum est ut explicabo.','Vitae aut perspiciatis accusantium cum voluptates vel quibusdam quae.',NULL,NULL,3,0,'Voluptatem dolores culpa eum nobis ut iusto nulla fugit.','In ut dolor sapiente excepturi quia.','2015-09-30 14:27:52','2015-09-30 14:27:52'),(32,'Model','Kohler-Huel','Small Granite Table','339','Aut mollitia eius ex ducimus.','Animi cumque harum aut consequuntur est.',NULL,NULL,0,0,'Est animi consequuntur esse ipsum.','Consequatur rem facere nostrum similique nesciunt.','2015-09-30 14:27:52','2015-09-30 14:27:52'),(33,'Model','Reynolds, Bashirian and Muller','Ergonomic Plastic Car','340','Mollitia et quasi magnam qui aspernatur et.','Omnis maiores velit sed blanditiis.',NULL,NULL,0,0,'Et aut illo ipsam aut.','Esse voluptatem nihil temporibus rerum eveniet qui.','2015-09-30 14:27:52','2015-09-30 14:27:52'),(34,'Model','Boyer-Fadel','Gorgeous Rubber Shoes','341','Pariatur repellendus ab eum nisi impedit doloremque illum.','Occaecati eum libero et esse.',NULL,NULL,1,0,'Vel ut saepe rerum repellendus perspiciatis.','Architecto voluptatem quaerat et est rerum omnis.','2015-09-30 14:27:52','2015-09-30 14:27:52'),(35,'Model','Crona, Vandervort and Hahn','Fantastic Granite Car','342','Rerum modi accusamus libero omnis.','Fuga facere aut quia perferendis odit tempora quo.',NULL,NULL,1,0,'Aperiam quod modi rem.','Sint eligendi officiis doloribus aliquam.','2015-09-30 14:27:52','2015-09-30 14:27:52'),(36,'Model','Botsford, Batz and Quitzon','Awesome Plastic Shirt','343','Quo sit placeat reprehenderit est ad perspiciatis veniam dolorum.','Placeat molestias dolore commodi corrupti consequatur ut est iusto.',NULL,NULL,0,0,'Blanditiis in et repellat molestiae aliquid quibusdam occaecati exercitationem.','Eveniet et perferendis quia nostrum.','2015-09-30 14:27:52','2015-09-30 14:27:52'),(37,'Model','Hodkiewicz, Lebsack and Collier','Gorgeous Plastic Computer','344','Dolores molestias officiis vel placeat exercitationem maiores eum qui.','Enim et itaque totam aliquid facere.',NULL,NULL,0,0,'Exercitationem id omnis reprehenderit nihil similique tempora.','Sed vel quia officia quia labore quam qui est.','2015-09-30 14:27:52','2015-09-30 14:27:52'),(38,'Model','Davis, Becker and Okuneva','Ergonomic Plastic Gloves','345','Nihil deserunt hic esse.','Ratione totam voluptas cum.',NULL,NULL,1,0,'Et deserunt sapiente saepe doloribus.','Quia at distinctio minima qui et.','2015-09-30 14:27:52','2015-09-30 14:27:52'),(39,'Model','Dietrich, Dach and Schuster','Rustic Granite Hat','346','Dignissimos repudiandae molestiae fugiat et.','Omnis quia assumenda esse sequi aliquid cumque.',NULL,NULL,3,0,'Libero amet deleniti itaque exercitationem rerum.','Modi culpa blanditiis in aspernatur vero dicta porro.','2015-09-30 14:27:52','2015-09-30 14:27:52'),(40,'Model','Johns Group','Sleek Steel Hat','347','Optio tempora quo quaerat esse.','Ea hic ut et omnis nisi consequatur sequi non.',NULL,NULL,1,0,'Quis et ut qui ullam hic possimus.','Quia vel totam qui fuga.','2015-09-30 14:27:52','2015-09-30 14:27:52'),(41,'Model','Apple','MacBookPro','348','Laptop fr Studis und Angestellte.','Dignissimos aut enim ut.',NULL,NULL,0,0,'Voluptatem labore quibusdam quia.','Mit Verpackung aushndigen.','2015-09-30 14:27:52','2015-09-30 14:27:52'),(42,'Model','Sharp','Sharp Beamer','123','Beamer, geeignet fr alle Verwendungszwecke.','Id consequatur occaecati sit architecto.',NULL,NULL,0,0,'Quam qui autem ut recusandae harum consequatur.','Beamer brauch ein VGA Kabel!','2015-09-30 14:27:52','2015-09-30 14:27:52'),(43,'Model','Sharp','Sharp Beamer 2D','349','Beamer, geeignet fr alle Verwendungszwecke.','Ea sed dolor placeat ut cumque rem.',NULL,NULL,0,0,'Eum fuga provident neque molestiae dolores.','Sed reiciendis nesciunt sint autem consequuntur quo.','2015-09-30 14:27:52','2015-09-30 14:27:52'),(44,'Model','Panasonic','Mini Beamer','350','Beamer, geeignet fr alle Verwendungszwecke.','Illo asperiores aperiam voluptatem magni.',NULL,NULL,0,0,'Dolor ut ut nobis sint suscipit placeat.','Et ut ipsum corrupti dolore expedita vero sed.','2015-09-30 14:27:52','2015-09-30 14:27:52'),(45,'Model','Sharp','Sharp Beamer','456','Beamer, geeignet fr alle Verwendungszwecke.','Veritatis est laudantium mollitia et omnis et accusamus autem.',NULL,NULL,0,0,'Assumenda voluptatum ut reprehenderit molestias.','Beamer brauch ein VGA Kabel!','2015-09-30 14:27:52','2015-09-30 14:27:52'),(46,'Model','Sony','Ultra Compact Beamer','351','Besonders kleiner Beamer.','Blanditiis omnis enim molestiae magnam ducimus distinctio.',NULL,NULL,0,0,'Aut consequatur totam doloribus.','Beamer brauch ein VGA Kabel!','2015-09-30 14:27:52','2015-09-30 14:27:52'),(47,'Model','Micro','Micro Beamer','352','Besonders mikro kleiner Beamer.','Voluptatem optio dignissimos placeat laudantium.',NULL,NULL,0,0,'Officiis rerum eum molestiae.','Beamer brauch ein VGA Kabel!','2015-09-30 14:27:52','2015-09-30 14:27:52'),(48,'Model','Sony','Beamer 1 quam','353','Autem repellat blanditiis qui quisquam et.','Possimus nihil nulla facere laudantium veniam.',NULL,NULL,0,0,'Adipisci in occaecati quibusdam magnam rem et atque eos.','Beamer brauch ein VGA Kabel!','2015-09-30 14:27:52','2015-09-30 14:27:52'),(49,'Model','Sony','Beamer 2 sequi','354','Omnis debitis assumenda fuga eos omnis qui est et.','Repudiandae qui veniam dolor qui odio vel ratione.',NULL,NULL,0,0,'Odio laboriosam reprehenderit odit voluptatem molestiae qui.','Beamer brauch ein VGA Kabel!','2015-09-30 14:27:52','2015-09-30 14:27:52'),(50,'Model','Sony','Beamer 3 ipsum','355','Ut animi qui dolor quo.','Est eaque ea autem ut quia quia impedit odio.',NULL,NULL,0,0,'Nobis accusamus ut sint et recusandae minus illum.','Beamer brauch ein VGA Kabel!','2015-09-30 14:27:52','2015-09-30 14:27:52'),(51,'Model','Sony','Beamer 4 aperiam','356','Consectetur assumenda eos ea a non cumque ex.','Architecto vero optio natus culpa consequatur nam repellat aut.',NULL,NULL,0,0,'Eius nostrum est est.','Beamer brauch ein VGA Kabel!','2015-09-30 14:27:52','2015-09-30 14:27:52'),(52,'Model','Sony','Beamer 5 error','357','Repellat repudiandae beatae velit quas et fugit ab modi.','Sit perspiciatis voluptatibus possimus tenetur repellendus dolor iste explicabo.',NULL,NULL,0,0,'Nisi voluptas sapiente et est sunt est sint.','Beamer brauch ein VGA Kabel!','2015-09-30 14:27:52','2015-09-30 14:27:52'),(53,'Model','Sony','Beamer 6 nostrum','358','Voluptas deserunt unde temporibus est sit.','Maxime dolores cum inventore voluptatem vel numquam sit.',NULL,NULL,0,0,'Et quo doloremque illo est velit.','Beamer brauch ein VGA Kabel!','2015-09-30 14:27:52','2015-09-30 14:27:52'),(54,'Model','Sony','Beamer 7 laborum','359','Molestiae amet consequatur rerum.','Eveniet non dolores consectetur et veritatis est cum.',NULL,NULL,0,0,'Culpa odit quis rerum.','Beamer brauch ein VGA Kabel!','2015-09-30 14:27:52','2015-09-30 14:27:52'),(55,'Model','Sony','Beamer 8 soluta','360','Fugiat aut quia tempore et.','Vel explicabo ipsam asperiores aut repellat.',NULL,NULL,0,0,'Nihil optio minima eum iure.','Beamer brauch ein VGA Kabel!','2015-09-30 14:27:52','2015-09-30 14:27:52'),(56,'Model','Sony','Beamer 9 aut','361','Necessitatibus nesciunt esse maxime dolores placeat.','Rerum aut ipsam voluptas quo sint cum.',NULL,NULL,0,0,'Rerum suscipit mollitia sunt.','Beamer brauch ein VGA Kabel!','2015-09-30 14:27:52','2015-09-30 14:27:52'),(57,'Model','Sony','Beamer 10 cum','362','Sunt quas voluptate qui voluptatem et qui.','Et quia soluta molestias.',NULL,NULL,0,0,'Qui expedita quam atque officiis aut voluptas voluptatem.','Beamer brauch ein VGA Kabel!','2015-09-30 14:27:52','2015-09-30 14:27:52'),(58,'Model','Sony','Beamer 11 atque','363','Illum commodi alias cumque.','Amet qui velit cumque maiores ratione qui.',NULL,NULL,0,0,'Aut culpa nobis eum quae necessitatibus.','Beamer brauch ein VGA Kabel!','2015-09-30 14:27:52','2015-09-30 14:27:52'),(59,'Model','Sony','Beamer 12 blanditiis','364','Quis porro sit libero veritatis rerum.','Qui occaecati explicabo incidunt expedita nihil commodi.',NULL,NULL,0,0,'Eveniet ullam quos labore totam sit porro natus ipsa.','Beamer brauch ein VGA Kabel!','2015-09-30 14:27:52','2015-09-30 14:27:52'),(60,'Model','Sony','Beamer 13 qui','365','Assumenda id ipsum odio.','Sed similique est sint.',NULL,NULL,0,0,'Hic et magni ut.','Beamer brauch ein VGA Kabel!','2015-09-30 14:27:52','2015-09-30 14:27:52'),(61,'Model','Sony','Beamer 14 harum','366','Aut assumenda quo maiores error totam.','Incidunt amet sed nihil voluptates aut eveniet.',NULL,NULL,0,0,'Et rerum veritatis porro dolorem sint velit quisquam laborum.','Beamer brauch ein VGA Kabel!','2015-09-30 14:27:52','2015-09-30 14:27:52'),(62,'Model','Sony','Beamer 15 ipsam','367','Suscipit incidunt dolores corrupti hic dolore.','Officiis velit voluptates perspiciatis possimus molestiae est sed id.',NULL,NULL,0,0,'Magni dignissimos minus consequatur sunt.','Beamer brauch ein VGA Kabel!','2015-09-30 14:27:52','2015-09-30 14:27:52'),(63,'Model','Sony','Beamer 16 nesciunt','368','Repellat harum corrupti culpa pariatur.','Eveniet nesciunt quo asperiores.',NULL,NULL,0,0,'Quae laudantium nulla quasi explicabo nostrum et.','Beamer brauch ein VGA Kabel!','2015-09-30 14:27:52','2015-09-30 14:27:52'),(64,'Model','Sony','Beamer 17 voluptas','369','Voluptate quod quae voluptatibus vero harum accusantium.','Officiis eum rem voluptatem officia consequatur alias voluptatem.',NULL,NULL,0,0,'Saepe cupiditate quam nisi necessitatibus fuga delectus aliquid laborum.','Beamer brauch ein VGA Kabel!','2015-09-30 14:27:52','2015-09-30 14:27:52'),(65,'Model','Sony','Beamer 18 tenetur','370','Nulla voluptatibus est voluptas.','Est sunt non animi sed nostrum.',NULL,NULL,0,0,'Alias enim nulla numquam nihil vitae possimus tenetur commodi.','Beamer brauch ein VGA Kabel!','2015-09-30 14:27:52','2015-09-30 14:27:52'),(66,'Model','Sony','Beamer 19 aut','371','Eum dolorum soluta voluptate occaecati amet earum numquam rerum.','Non necessitatibus tempore laborum quaerat sit voluptas suscipit distinctio.',NULL,NULL,0,0,'Mollitia totam sunt id natus.','Beamer brauch ein VGA Kabel!','2015-09-30 14:27:52','2015-09-30 14:27:52'),(67,'Model','Sony','Beamer 20 culpa','372','Sed officia sed amet.','Fugit repellendus nisi a commodi consectetur ut tempora.',NULL,NULL,0,0,'Voluptatem rerum repudiandae mollitia eligendi.','Beamer brauch ein VGA Kabel!','2015-09-30 14:27:52','2015-09-30 14:27:52'),(68,'Model','Nikon','Kamera Nikon','X12','Super Kamera.','Quia maiores omnis non blanditiis necessitatibus.',NULL,NULL,0,0,'Ut repellat dolorem ipsa accusantium vel.','Kamera brauch Akkus!','2015-09-30 14:27:52','2015-09-30 14:27:52'),(69,'Model','Nikon','Camera 1 a','373','Non nostrum id nam voluptatem amet esse qui sapiente.','Amet rerum officia eligendi consequatur voluptatem.',NULL,NULL,0,0,'Nihil velit et nobis minima sed est.','Non asperiores sunt esse fugit recusandae.','2015-09-30 14:27:52','2015-09-30 14:27:52'),(70,'Model','Nikon','Camera 2 natus','374','Asperiores beatae ut rerum id nisi explicabo dolores.','Officiis voluptatem et et ad vel molestiae iusto repellat.',NULL,NULL,0,0,'Necessitatibus commodi et et.','At velit temporibus vero deleniti est totam soluta dolores.','2015-09-30 14:27:52','2015-09-30 14:27:52'),(71,'Model','Nikon','Camera 3 eaque','375','Quod et dolor enim voluptates aliquid fugiat.','Earum quibusdam tenetur quas sapiente et ipsam qui.',NULL,NULL,0,0,'Qui velit laborum exercitationem ut.','Sed dolores reiciendis ut neque non minus eum.','2015-09-30 14:27:52','2015-09-30 14:27:52'),(72,'Model','Nikon','Camera 4 magnam','376','Perferendis consequatur sunt enim aut saepe.','Aspernatur et aut nam nobis.',NULL,NULL,0,0,'Saepe sapiente porro odio optio quo.','Quis et commodi aut odio rerum.','2015-09-30 14:27:52','2015-09-30 14:27:52'),(73,'Model','Nikon','Camera 5 quasi','377','Ducimus distinctio consectetur sed.','Sit occaecati quis et.',NULL,NULL,0,0,'At qui occaecati incidunt et.','Omnis dolore reiciendis recusandae voluptas.','2015-09-30 14:27:52','2015-09-30 14:27:52'),(74,'Model','Nikon','Camera 6 nam','378','Ipsa earum neque explicabo debitis.','Et alias debitis rerum.',NULL,NULL,0,0,'Enim porro vero velit.','Assumenda eos nisi nobis perferendis et odio.','2015-09-30 14:27:52','2015-09-30 14:27:52'),(75,'Model','Nikon','Camera 7 quia','379','Quisquam incidunt facere odit.','Sunt eius nihil facere eveniet.',NULL,NULL,0,0,'Tempora cupiditate qui quae laudantium repellat.','Fugiat sit et soluta.','2015-09-30 14:27:52','2015-09-30 14:27:52'),(76,'Model','Nikon','Camera 8 aut','380','Ex eos error quam est quas iusto.','Voluptatem est perspiciatis aut.',NULL,NULL,0,0,'Consequatur illo laudantium alias accusamus nihil sint.','Voluptatem repellendus fugit voluptatibus velit magnam reprehenderit beatae.','2015-09-30 14:27:52','2015-09-30 14:27:52'),(77,'Model','Nikon','Camera 9 aut','381','Et ducimus consequatur autem numquam.','Mollitia quis sed omnis.',NULL,NULL,0,0,'Est facere laboriosam est.','Consequatur ea possimus totam aut quidem soluta.','2015-09-30 14:27:52','2015-09-30 14:27:52'),(78,'Model','Nikon','Camera 10 autem','382','Molestiae non est placeat qui.','Est atque voluptatum ratione officia blanditiis.',NULL,NULL,0,0,'Aut nisi illo ut eius.','Numquam quam repellat totam error sit ipsum eveniet dignissimos.','2015-09-30 14:27:52','2015-09-30 14:27:52'),(79,'Model','Nikon','Camera 11 blanditiis','383','Aperiam laborum commodi omnis quo.','Soluta totam id dolorem omnis.',NULL,NULL,0,0,'Sunt blanditiis rerum autem amet maiores.','Amet corrupti non sint doloribus culpa ut rerum.','2015-09-30 14:27:52','2015-09-30 14:27:52'),(80,'Model','Nikon','Camera 12 et','384','Dolorum est voluptatem ad.','Voluptatum tenetur aut corporis quia libero dicta.',NULL,NULL,0,0,'Quis laudantium ipsam aperiam fuga.','Nisi soluta enim eos in assumenda.','2015-09-30 14:27:52','2015-09-30 14:27:52'),(81,'Model','Nikon','Camera 13 tempore','385','Sit aut esse consequatur eos error facilis totam.','Sit voluptatibus placeat voluptatem quos reprehenderit velit blanditiis.',NULL,NULL,0,0,'Provident magnam pariatur molestias.','Non in aut commodi sed incidunt ullam perspiciatis et.','2015-09-30 14:27:52','2015-09-30 14:27:52'),(82,'Model','Nikon','Camera 14 rerum','386','Accusamus in totam velit et tenetur.','Facere expedita ratione vitae debitis incidunt molestias non.',NULL,NULL,0,0,'Debitis deleniti molestiae dolorem voluptatem explicabo nihil excepturi.','Iste nemo porro dolores voluptatem voluptatem iusto et.','2015-09-30 14:27:52','2015-09-30 14:27:52'),(83,'Model','Nikon','Camera 15 consequatur','387','Ex enim voluptatibus ea sapiente.','Qui sit consequuntur amet eligendi aut ut.',NULL,NULL,0,0,'Aut sit ut enim similique voluptatem.','Dolorem voluptatem aut quas.','2015-09-30 14:27:52','2015-09-30 14:27:52'),(84,'Model','Nikon','Camera 16 saepe','388','Repellendus animi enim dolor ex ratione quas.','In consequuntur aut voluptatibus sint officiis.',NULL,NULL,0,0,'Rerum id et eos laborum.','Quo laudantium quia dolor dolorum ad.','2015-09-30 14:27:52','2015-09-30 14:27:52'),(85,'Model','Nikon','Camera 17 sunt','389','Molestiae et dolorem dolores provident nisi similique ipsa.','Quis quasi reprehenderit nesciunt similique.',NULL,NULL,0,0,'Saepe accusantium quasi ea consequatur repellendus quidem.','Perspiciatis laboriosam sed tenetur.','2015-09-30 14:27:52','2015-09-30 14:27:52'),(86,'Model','Nikon','Camera 18 laboriosam','390','Sit quasi placeat aliquam id rerum dolorem reprehenderit quia.','Quia unde sapiente molestiae magni et.',NULL,NULL,0,0,'Consequatur asperiores earum hic ut est explicabo numquam aliquid.','Repudiandae nobis sequi nihil dicta et.','2015-09-30 14:27:52','2015-09-30 14:27:52'),(87,'Model','Nikon','Camera 19 ratione','391','Et omnis aut ducimus.','Et est voluptas in error.',NULL,NULL,0,0,'Ducimus officia nemo vel minima.','Nobis aliquid harum voluptas inventore laudantium sit sint.','2015-09-30 14:27:52','2015-09-30 14:27:52'),(88,'Model','Nikon','Camera 20 qui','392','Ipsa sit non delectus.','Et culpa aut dolorem officia.',NULL,NULL,0,0,'Ea vel sint molestiae id.','Illum enim soluta magnam ex similique.','2015-09-30 14:27:52','2015-09-30 14:27:52'),(89,'Model','Nikon','Camera 21 ut','393','Deserunt fugiat deleniti reprehenderit assumenda.','Et nemo recusandae laborum numquam omnis ut est.',NULL,NULL,0,0,'Dolorum quae magni quod in nemo sunt ut.','Molestiae dolores unde et.','2015-09-30 14:27:52','2015-09-30 14:27:52'),(90,'Model','Nikon','Camera 22 sunt','394','Non totam quas similique illum cupiditate nobis qui aut.','Assumenda aut ea tempora.',NULL,NULL,0,0,'Repellendus est sint saepe provident aut ipsum amet suscipit.','Sit sed iste suscipit quibusdam accusantium voluptas.','2015-09-30 14:27:52','2015-09-30 14:27:52'),(91,'Model','Nikon','Camera 23 minus','395','Sed sunt maiores vel et id.','Non dolor repellendus unde.',NULL,NULL,0,0,'Maiores quis consequatur in veniam.','Incidunt voluptatibus possimus sequi harum sed et voluptatem maxime.','2015-09-30 14:27:52','2015-09-30 14:27:52'),(92,'Model','Nikon','Camera 24 soluta','396','Possimus expedita repudiandae vero impedit sint ea.','Quia rerum aut ipsam facilis sed eos.',NULL,NULL,0,0,'Qui non natus dolor dolorem molestiae praesentium.','Eius aut adipisci eos.','2015-09-30 14:27:52','2015-09-30 14:27:52'),(93,'Model','Nikon','Camera 25 officiis','397','Repellendus dolorem veritatis at quasi.','Consequatur laudantium aperiam eius vero fugiat architecto quos animi.',NULL,NULL,0,0,'Nihil saepe molestiae dolor qui.','Qui dolor placeat nihil maiores sint sed consectetur ut.','2015-09-30 14:27:52','2015-09-30 14:27:52'),(94,'Model','Nikon','Camera 26 quam','398','Vero id et eveniet itaque.','Sed impedit rerum tempore voluptatem quibusdam pariatur.',NULL,NULL,0,0,'Libero sunt quis iusto necessitatibus ducimus culpa aut sed.','Facilis quas suscipit tempore dolores ut culpa sit.','2015-09-30 14:27:52','2015-09-30 14:27:52'),(95,'Model','Nikon','Camera 27 eaque','399','Aliquam odit veniam ratione magnam illum corrupti nemo aut.','Et ullam sed unde et est perferendis sed et.',NULL,NULL,0,0,'Sed odit numquam voluptatem nostrum quam ea ut placeat.','Nemo totam repellat architecto debitis odit facere.','2015-09-30 14:27:52','2015-09-30 14:27:52'),(96,'Model','Nikon','Camera 28 fugit','400','Delectus modi esse vero dolorem non.','Voluptatem dolores veniam quasi ipsam dolor suscipit.',NULL,NULL,0,0,'Nihil architecto omnis qui consequuntur sint sit veniam.','Et debitis consequatur expedita minus quaerat.','2015-09-30 14:27:52','2015-09-30 14:27:52'),(97,'Model','Nikon','Camera 29 dolor','401','Adipisci earum sequi optio quidem maiores distinctio fugiat.','Quas eos ad hic.',NULL,NULL,0,0,'Est voluptatibus quo debitis natus aut occaecati.','Voluptas ipsam facilis provident sit similique placeat.','2015-09-30 14:27:52','2015-09-30 14:27:52'),(98,'Model','Nikon','Camera 30 perferendis','402','Ullam dolor molestias sit dolorem voluptatem voluptas perferendis qui.','Cumque autem omnis et commodi nesciunt.',NULL,NULL,0,0,'Debitis numquam dolore dignissimos vel est nisi.','Numquam enim illum sapiente.','2015-09-30 14:27:52','2015-09-30 14:27:52'),(99,'Model','Sony','Hifi Standard','403','Quibusdam non eos ea assumenda laboriosam sint autem.','Quo incidunt iste debitis sit in ipsa voluptatem.',NULL,NULL,0,0,'A provident soluta distinctio et est recusandae.','Commodi assumenda molestiae eos nostrum rerum veritatis consequatur impedit.','2015-09-30 14:27:52','2015-09-30 14:27:52'),(100,'Model','Feli','Kamera Stativ','123','Stabiles Kamera Stativ','Maiores quas ab eligendi vel tempora et consectetur et.',NULL,NULL,0,0,'Voluptas dolorum et harum et enim quis.','Stativ muss mit Stativtasche ausgehndigt werden.','2015-09-30 14:27:52','2015-09-30 14:27:52'),(101,'Model','Bose','BoseGorgeous Concrete Shirt','404','Fugiat voluptatem cumque earum inventore voluptatem. Autem exercitationem ut molestiae. Recusandae et qui laboriosam voluptatibus corrupti et.','Qui laudantium est illo tempore.',NULL,NULL,0,0,'Maiores nesciunt velit hic.','Aspernatur voluptate aut error fuga dolorem ab.','2015-09-30 14:27:52','2015-09-30 14:27:52'),(102,'Model','Bose','BoseGorgeous Wooden Chair','405','Voluptatem dolor tempore molestiae. Corporis et quo quos laudantium dolorem. Minima laborum itaque iure dolorem.','Voluptatem veritatis rerum beatae nihil ad quod et.',NULL,NULL,0,0,'In esse iure non consequatur aspernatur voluptate.','Sed impedit distinctio voluptate est ducimus blanditiis.','2015-09-30 14:27:52','2015-09-30 14:27:52'),(103,'Model','Kulas-Stiedemann','Kamera Set','409','Quia veritatis beatae quos doloribus quas sint.','Tenetur similique sint beatae totam.',NULL,NULL,3,1,'Nulla dolorem temporibus et facilis.','Architecto et ipsa repellat culpa iste est reprehenderit.','2015-09-30 14:27:52','2015-09-30 14:27:52'),(104,'Model','Renner LLC','Gorgeous Wooden Shoes','410','Et et et voluptatem tempora.','Voluptatem in dolor aut et repudiandae voluptatum.',NULL,NULL,1,0,'Asperiores rerum dolores ullam ipsa quia provident.','Temporibus fugiat occaecati eaque laborum.','2015-09-30 14:27:52','2015-09-30 14:27:52'),(105,'Model','Farrell, Hayes and Sauer','Small Plastic Table','411','Quis maiores nesciunt praesentium nam.','Animi ea eum est voluptas.',NULL,NULL,3,0,'Unde vel rerum in earum sed.','Earum ipsum ea dignissimos voluptates commodi et.','2015-09-30 14:27:52','2015-09-30 14:27:52'),(106,'Model','Zulauf, Ortiz and Hammes','Incredible Wooden Hat','412','Doloremque aut et non.','Quos quo quis consequatur a ut accusantium voluptas.',NULL,NULL,2,0,'Quia beatae illo saepe eum nostrum quia.','Sed in dolorum ab praesentium perferendis tempore velit beatae.','2015-09-30 14:27:52','2015-09-30 14:27:52'),(107,'Model','Gutkowski Inc','Sleek Steel Table','413','Odio neque placeat laboriosam.','Non eveniet laboriosam eaque.',NULL,NULL,0,0,'Delectus quia qui sed voluptatum in sapiente.','Tempore voluptate quia placeat quia ratione.','2015-09-30 14:27:52','2015-09-30 14:27:52'),(108,'Model','Lubowitz Inc','Fantastic Wooden Table','414','In est et hic rerum consequuntur voluptatibus.','Et ad qui ipsum commodi.',NULL,NULL,3,0,'Porro odit tempore dignissimos perspiciatis veniam quis voluptas.','Sit est qui adipisci blanditiis neque qui.','2015-09-30 14:27:52','2015-09-30 14:27:52'),(109,'Model','Gibson and Sons','Rustic Granite Table','415','Sunt qui tempora aliquam est.','Fugiat expedita consequatur temporibus natus.',NULL,NULL,3,0,'Ipsum eveniet fugit aspernatur quia voluptatem rerum harum.','Autem iusto maxime sunt assumenda facere dolorem.','2015-09-30 14:27:52','2015-09-30 14:27:52'),(110,'Model','Jaskolski, Oberbrunner and Anderson','Intelligent Wooden Car','416','A ipsum ipsam et eos asperiores non sint.','Accusamus qui eum pariatur qui tenetur quis.',NULL,NULL,3,0,'Hic consequatur neque quos dignissimos.','Repudiandae vel unde ad vero.','2015-09-30 14:27:52','2015-09-30 14:27:52'),(111,'Model','Schinner LLC','Practical Concrete Computer','417','Omnis placeat repellendus non aliquid.','Praesentium ut cumque quo nostrum et rerum ut.',NULL,NULL,0,0,'Ut necessitatibus quia harum nihil.','Cum sed quo consequuntur impedit eaque doloribus.','2015-09-30 14:27:52','2015-09-30 14:27:52'),(112,'Model','Mann LLC','Intelligent Granite Table','418','Placeat maiores minus porro ut molestiae.','Accusamus sit omnis quo est odit in.',NULL,NULL,0,0,'Commodi maiores dolores voluptatum dolorum distinctio.','Veniam odit soluta fugiat.','2015-09-30 14:27:52','2015-09-30 14:27:52'),(113,'Model','Kuhn LLC','Ergonomic Cotton Pants','419','Unde soluta dolorum quasi nemo error velit beatae.','Dolores consectetur officia perferendis quaerat voluptatum unde.',NULL,NULL,3,0,'Neque vel sequi velit voluptas.','Reiciendis et dolorem aut aut similique omnis necessitatibus voluptatem.','2015-09-30 14:27:52','2015-09-30 14:27:52'),(114,'Model','Shields-Gerlach','Small Steel Pants','420','Est incidunt ipsum sed labore repellendus.','Quidem ab minima quod vero.',NULL,NULL,0,0,'Molestiae dolorem natus quasi ipsa voluptas quo.','Sint exercitationem amet quia.','2015-09-30 14:27:52','2015-09-30 14:27:52'),(115,'Model','Doyle, Pacocha and Robel','Small Concrete Gloves','421','Harum aut atque soluta explicabo.','Corrupti illo sit adipisci facere quasi suscipit dolor expedita.',NULL,NULL,0,0,'Consectetur consequatur ipsum optio.','Consectetur quisquam recusandae eum quo iste quod accusamus.','2015-09-30 14:27:52','2015-09-30 14:27:52'),(116,'Model','Gutkowski Group','Kamera Set2','422','Aut non laudantium architecto beatae esse rem.','Laudantium id non inventore ut est est.',NULL,NULL,1,1,'Aut dolorem eos facilis ea enim est sequi tempora.','Illo quo aut eum deserunt quis laudantium.','2015-09-30 14:27:52','2015-09-30 14:27:52'),(117,'Model','Tromp Inc','Rustic Concrete Computer','423','A facere aut odit provident eligendi deleniti.','Alias possimus sunt expedita sed laudantium minima eligendi.',NULL,NULL,0,0,'Quisquam molestias veritatis itaque.','Dignissimos rerum impedit perferendis libero ea aliquam nemo.','2015-09-30 14:27:52','2015-09-30 14:27:52'),(118,'Model','Towne-Heaney','Gorgeous Granite Shoes','424','Omnis voluptas rem voluptatem ullam laudantium nisi.','Omnis ut inventore dolores ex dolor corrupti.',NULL,NULL,1,0,'Deserunt et veniam doloribus incidunt velit.','Iure et debitis reiciendis.','2015-09-30 14:27:52','2015-09-30 14:27:52'),(119,'Model','Walker and Sons','Fantastic Plastic Pants','425','Tenetur id voluptatem eum a at reprehenderit fuga eligendi.','Aut in sed ad.',NULL,NULL,1,0,'Asperiores aut quasi enim earum.','Iusto et deserunt ipsam totam recusandae saepe autem nobis.','2015-09-30 14:27:52','2015-09-30 14:27:52'),(120,'Model','Gerlach, Hilll and Thiel','Small Cotton Hat','426','Est mollitia praesentium maxime illum dignissimos omnis non.','Quo numquam at aut voluptas voluptatem odit.',NULL,NULL,1,0,'Error eum veritatis qui harum voluptatem dolorum unde.','Cum velit ullam quas voluptatum ex quis et et.','2015-09-30 14:27:52','2015-09-30 14:27:52'),(121,'Model','Ziemann-Graham','Practical Wooden Table','427','Beatae dolores atque reiciendis autem ipsam repellat.','Doloremque corporis aut quia nemo dolore sapiente autem.',NULL,NULL,3,0,'Dolore suscipit debitis rerum ipsam culpa.','Deleniti quasi fuga enim omnis nemo error.','2015-09-30 14:27:52','2015-09-30 14:27:52'),(122,'Model','Greenholt-Block','Intelligent Wooden Shirt','428','Laborum ex amet et ratione ut eum.','Vero dolor necessitatibus et fugit laborum id.',NULL,NULL,2,0,'Odio voluptas ipsum suscipit veritatis eum et at et.','Consectetur modi in quaerat adipisci qui.','2015-09-30 14:27:52','2015-09-30 14:27:52'),(123,'Model','Weissnat-Leuschke','Awesome Wooden Hat','429','Eos suscipit quae quis porro aut.','Placeat ullam aut aut temporibus.',NULL,NULL,0,0,'Quia at ea in voluptates porro vel ut ex.','Quibusdam vitae ut excepturi.','2015-09-30 14:27:52','2015-09-30 14:27:52'),(124,'Model','Murray-Hessel','Small Steel Hat','430','Eveniet ab ut sed.','Sint deserunt et laboriosam alias culpa et nemo.',NULL,NULL,2,0,'Est consequatur quia assumenda quibusdam.','Unde nisi dolor excepturi eaque qui veritatis dolorem earum.','2015-09-30 14:27:52','2015-09-30 14:27:52'),(125,'Model','Nolan, Wolf and Hegmann','Gorgeous Cotton Table','431','Eaque illo facere vel.','Blanditiis ad ut omnis voluptates.',NULL,NULL,3,0,'Doloribus dolorum ut qui quia rerum consequatur animi nemo.','Doloribus rerum sapiente voluptate aut nulla.','2015-09-30 14:27:52','2015-09-30 14:27:52'),(126,'Model','Moen-Kertzmann','Gorgeous Wooden Chair','432','Dolor aut explicabo nihil.','Est eos ut corporis.',NULL,NULL,2,0,'Voluptatem enim corrupti quia consequatur nemo aut exercitationem et.','Ratione voluptas illum nihil quis recusandae cum.','2015-09-30 14:27:52','2015-09-30 14:27:52'),(127,'Model','Kemmer, Klein and Lehner','Gorgeous Granite Gloves','433','Et quia eos nobis voluptatem distinctio sunt totam.','Molestiae aut est nobis earum eum tenetur.',NULL,NULL,2,0,'Explicabo voluptatem aut nihil.','Quo autem tempora cum.','2015-09-30 14:27:52','2015-09-30 14:27:52'),(128,'Model','Johns-Nikolaus','Awesome Cotton Gloves','434','Sed porro accusamus ex perferendis aut autem quas.','Quas voluptas doloribus placeat id repudiandae eaque dicta accusamus.',NULL,NULL,1,0,'Consequatur laboriosam officia esse aut perspiciatis optio similique expedita.','Hic fugit quo aperiam harum.','2015-09-30 14:27:52','2015-09-30 14:27:52'),(129,'Model','Canon','Kamera Canon D5','435','Ganz teure Kamera','Nesciunt eaque et hic provident autem sint.',NULL,NULL,0,0,'Esse non error eos.','Kamera brauch Akkus!','2015-09-30 14:27:52','2015-09-30 14:27:52'),(130,'Model','Apple','iMac','436','Apples alter iMac','Odio est voluptates dolor accusamus.',NULL,NULL,0,0,'Rerum sed est aliquam quia quo ullam consectetur nesciunt.','Iure quam id praesentium quod molestiae voluptatem.','2015-09-30 14:27:52','2015-09-30 14:27:52'),(131,'Model','Microsoft','Windows Laptop','437','Ein Laptop der Marke Microsoft','Alias unde ut quia sit recusandae culpa enim accusantium.',NULL,NULL,0,0,'Molestias eum omnis occaecati nobis soluta in ut voluptas.','Laptop mit Tasche ausgeben','2015-09-30 14:27:52','2015-09-30 14:27:52'),(132,'Model','Walkera','Walkera v120','1G','3D Helikopter','Eum ut sed voluptas dolores quos.',NULL,NULL,0,0,'Sapiente dolores eum repellat.','Quasi nobis error nihil voluptates consequatur assumenda voluptas aliquid.','2015-09-30 14:27:52','2015-09-30 14:27:52'),(133,'Model','Walkera','Walkera v120','2G','3D Helikopter','Aliquam voluptate doloribus et dolores harum.',NULL,NULL,0,0,'Et enim qui perferendis quo.','Cumque voluptatum quibusdam adipisci.','2015-09-30 14:27:52','2015-09-30 14:27:52'),(134,'Model','Walkera','Walkera v120','3G','3D Helikopter','Et consequatur accusamus possimus.',NULL,NULL,0,0,'Consectetur corporis beatae provident vel excepturi nisi.','Eum quos molestiae recusandae maiores nostrum dolores a repellendus.','2015-09-30 14:27:52','2015-09-30 14:27:52'),(135,'Software','Muller Group','Awesome Wooden Shoes','438',NULL,NULL,NULL,NULL,0,0,NULL,NULL,'2015-09-30 14:27:52','2015-09-30 14:27:52'),(136,'Software','Torphy, Weber and Quigley','Incredible Concrete Shirt','439',NULL,NULL,NULL,NULL,0,0,NULL,NULL,'2015-09-30 14:27:52','2015-09-30 14:27:52'),(137,'Software','Hauck-Rodriguez','Incredible Steel Computer','440',NULL,NULL,NULL,NULL,0,0,NULL,NULL,'2015-09-30 14:27:52','2015-09-30 14:27:52'),(138,'Software','Gislason-Hilpert','Awesome Cotton Table','441',NULL,NULL,NULL,NULL,0,0,NULL,NULL,'2015-09-30 14:27:52','2015-09-30 14:27:52'),(139,'Software','Waters-Purdy','Small Wooden Table','442',NULL,NULL,NULL,NULL,0,0,NULL,NULL,'2015-09-30 14:27:52','2015-09-30 14:27:52'),(140,'Software','Schaden, Kuphal and Kovacek','Ergonomic Cotton Hat','443',NULL,NULL,NULL,NULL,0,0,NULL,NULL,'2015-09-30 14:27:52','2015-09-30 14:27:52'),(141,'Software','Lesch Inc','Fantastic Concrete Shoes','444',NULL,NULL,NULL,NULL,0,0,NULL,NULL,'2015-09-30 14:27:52','2015-09-30 14:27:52'),(142,'Software','Gorczany-Thompson','Intelligent Steel Pants','445',NULL,NULL,NULL,NULL,0,0,'test http://test.ch\r\nwww.foo.ch\r\njust a text',NULL,'2015-09-30 14:27:52','2015-09-30 14:27:52'),(143,'Software','Nolan, Treutel and Pfannerstill','Intelligent Steel Gloves','446',NULL,NULL,NULL,NULL,0,0,NULL,NULL,'2015-09-30 14:27:52','2015-09-30 14:27:52'),(144,'Model','Bergnaum Group','Ergonomic Granite Table',NULL,'Quia facere distinctio quis.','Eaque sit sint tempore repudiandae enim.',NULL,NULL,3,0,'Deserunt qui corrupti odit error non quos.','Delectus dolor quo eos sint sapiente odit aliquid reiciendis.','2015-09-30 14:27:52','2015-09-30 14:27:52'),(145,'Model','Hackett, MacGyver and Beatty','Small Wooden Shoes','447','Necessitatibus distinctio reprehenderit eos.','Cupiditate quasi deserunt eos neque distinctio sed ducimus voluptatem.',NULL,NULL,1,0,'Aspernatur ullam aut ratione ipsum quasi.','Alias voluptas possimus atque mollitia quo.','2015-09-27 21:31:10','2015-09-27 21:31:10'),(146,'Model','Fahey-Borer','Incredible Granite Gloves','448','Dolore eveniet aliquam voluptatibus corporis deserunt aut.','Facere numquam ea dolor.',NULL,NULL,1,0,'Quam assumenda et eos ducimus ut.','Voluptatem corrupti quo quisquam non.','2015-09-27 21:31:10','2015-09-27 21:31:10'),(147,'Model','Boyle LLC','Small Concrete Shoes','449','Aut et iste quo eligendi numquam.','Dolor in voluptas suscipit ut autem qui maiores asperiores.',NULL,NULL,3,0,'Et quisquam iste nihil eveniet at.','Possimus eum consequatur est et.','2015-09-27 21:31:10','2015-09-27 21:31:10'),(148,'Model','Connelly, Altenwerth and Schultz','Ergonomic Steel Shirt','450','Est explicabo ad deserunt porro laboriosam ratione rem ullam.','Magni enim voluptas quisquam blanditiis natus aut consectetur.',NULL,NULL,2,0,'Voluptatem sed doloribus neque eligendi.','Facere a reprehenderit esse saepe repellendus officiis.','2015-09-27 21:31:10','2015-09-27 21:31:10'),(149,'Model','Johnston, McGlynn and Rutherford','Incredible Wooden Shirt','451','Nostrum nulla nesciunt placeat quo quaerat.','Iste ipsum consectetur in aut dolorem quibusdam quae.',NULL,NULL,2,0,'Sint alias sit ex et in.','Rem iure vel quibusdam ipsam cupiditate.','2015-09-27 21:31:10','2015-09-27 21:31:10'),(150,'Model','Schuster, Purdy and Keebler','Ergonomic Granite Hat','452','Vel temporibus mollitia corrupti nulla tenetur totam.','Ea officiis facilis magnam labore ut.',NULL,NULL,0,0,'Ex et sit iste nisi eius labore.','Alias corrupti qui perspiciatis.','2015-09-27 21:31:10','2015-09-27 21:31:10'),(151,'Model','Kub, Watsica and Crist','Sleek Rubber Shirt','453','Quas rem in delectus doloribus accusamus expedita.','Possimus omnis aliquid doloribus repellat.',NULL,NULL,3,0,'Dolores recusandae beatae molestias temporibus.','Et expedita nam fuga rem est eligendi non porro.','2015-09-27 21:31:10','2015-09-27 21:31:10'),(152,'Model','Schimmel, Gutmann and Oberbrunner','Intelligent Wooden Shoes','454','Aut officia tempora laudantium maxime dolores quibusdam quos.','Iure et tempore et sed sit.',NULL,NULL,0,0,'Veniam architecto dolor voluptas.','Qui eos in eos corrupti illo facere ad ipsa.','2015-09-27 21:31:10','2015-09-27 21:31:10'),(153,'Model','Medhurst-Halvorson','Practical Steel Hat','455','Eos ut saepe ad laboriosam et et.','Quae voluptas repudiandae illo.',NULL,NULL,0,0,'Animi corrupti quas ut saepe architecto amet.','Blanditiis esse magni quasi sunt quas enim atque.','2015-09-27 21:31:10','2015-09-27 21:31:10'),(154,'Model','Romaguera, Durgan and Feil','Small Rubber Table','456','Maiores veritatis sed quia voluptatem iste labore quia.','Laudantium et tenetur minima eum.',NULL,NULL,2,0,'Veritatis qui saepe quas ut qui molestiae sit dolore.','In non temporibus nobis nulla pariatur eos optio.','2015-09-27 21:31:10','2015-09-27 21:31:10'),(155,'Model','Leffler LLC','Gorgeous Cotton Car','457','Magni et dignissimos non fuga.','Placeat quasi dolorem nostrum aut quo accusamus.',NULL,NULL,0,0,'Repellendus aut dolorem ut fugit enim ut.','Iste voluptatibus eveniet sint porro et.','2015-09-27 21:31:10','2015-09-27 21:31:10'),(156,'Model','Wunsch Group','Rustic Wooden Shirt','458','Non sit officia occaecati harum debitis.','Ex maiores sint dolorem.',NULL,NULL,1,0,'Consequatur quaerat aliquid quis.','Voluptatum voluptatem aut et veniam.','2015-09-27 21:31:10','2015-09-27 21:31:10'),(157,'Model','Wisoky Inc','Ergonomic Rubber Shirt','459','Unde voluptates provident corrupti ducimus architecto eaque sed commodi.','Quia totam dolores itaque voluptas molestias.',NULL,NULL,2,0,'Voluptas temporibus placeat laudantium velit voluptatem quasi.','Assumenda reprehenderit id quia ut.','2015-09-27 21:31:11','2015-09-27 21:31:11'),(158,'Model','Roberts, Blick and MacGyver','Gorgeous Wooden Pants','460','Expedita et saepe ratione aut.','Et atque qui voluptas amet sunt reiciendis facilis itaque.',NULL,NULL,1,0,'Ipsa sunt quo blanditiis culpa optio qui necessitatibus eaque.','Ea perspiciatis nobis doloribus labore beatae iste.','2015-09-27 21:31:11','2015-09-27 21:31:11'),(159,'Model','Kutch, Legros and Schoen','Intelligent Steel Chair','461','Nulla reiciendis exercitationem quos.','Doloremque explicabo nihil qui eum ipsa a sint ea.',NULL,NULL,0,0,'Enim sint dicta repudiandae autem vel perferendis.','Voluptas libero tenetur molestiae tempora qui voluptas.','2015-09-27 21:31:11','2015-09-27 21:31:11'),(160,'Model','Leannon, Tillman and McDermott','Practical Wooden Shoes','462','Nemo laboriosam autem sed quibusdam id accusantium modi.','Quidem quod quibusdam sed assumenda velit.',NULL,NULL,3,0,'Nihil tenetur et veritatis exercitationem.','Quaerat dolore commodi accusamus amet aut.','2015-09-27 21:31:11','2015-09-27 21:31:11'),(161,'Model','Hammes, Gerlach and Blick','Sleek Wooden Shoes','463','Velit quisquam dolore adipisci natus dignissimos molestiae aut.','Perspiciatis qui quia facere qui sunt magni ratione quisquam.',NULL,NULL,2,0,'Voluptatem similique et laboriosam sit.','Perspiciatis sint sequi error aut qui et totam.','2015-09-27 21:31:11','2015-09-27 21:31:11'),(162,'Model','Prohaska LLC','Intelligent Steel Hat','464','Asperiores facere soluta ipsum.','Aperiam animi et sit rerum commodi saepe pariatur.',NULL,NULL,1,0,'Exercitationem vero sint recusandae.','Non ipsam perspiciatis recusandae ipsa voluptatum corrupti quaerat.','2015-09-27 21:31:11','2015-09-27 21:31:11'),(163,'Model','Smitham-Larkin','Rustic Plastic Computer','465','Dolor beatae laborum voluptatem.','Quo consequatur odio assumenda magni ipsum sed earum aut.',NULL,NULL,2,0,'Voluptatum enim deserunt temporibus.','Facilis enim reprehenderit rerum et enim totam voluptas.','2015-09-27 21:31:11','2015-09-27 21:31:11'),(164,'Model','Schneider and Sons','Small Concrete Shirt','466','Similique velit ipsa et voluptatem.','Eaque occaecati sed praesentium veritatis sit eum.',NULL,NULL,3,0,'Optio laudantium nulla aut.','Numquam a perferendis expedita accusantium.','2015-09-27 21:31:11','2015-09-27 21:31:11'),(165,'Model','Bailey, Cartwright and Wehner','Gorgeous Plastic Car','467','Dicta natus in facere.','In a consequatur laudantium.',NULL,NULL,3,0,'Repellat dolorem sit vel et.','Non sit modi aut placeat at qui.','2015-09-27 21:31:11','2015-09-27 21:31:11'),(166,'Model','Ferry, Ernser and Torp','Sleek Wooden Computer','468','Iure et eveniet qui qui saepe facere sint.','Vel nulla eligendi molestiae dolorum ut eos.',NULL,NULL,3,0,'Vel quam dolor iure blanditiis et aut.','Et blanditiis ut deleniti laudantium qui.','2015-09-27 21:31:11','2015-09-27 21:31:11'),(167,'Model','Lang LLC','Awesome Concrete Hat','469','In eos qui officiis.','Et quam et quis provident ratione fugit iure temporibus.',NULL,NULL,1,0,'Qui adipisci magni voluptatem in dolorem.','Omnis placeat nobis aut eius.','2015-09-27 21:31:11','2015-09-27 21:31:11'),(168,'Model','Harvey Group','Rustic Wooden Shoes','470','Voluptatem et qui et nam omnis sit exercitationem animi.','Rerum illo necessitatibus ut autem eligendi.',NULL,NULL,3,0,'Vel ullam similique sint.','Molestiae ut aut architecto et magnam.','2015-09-27 21:31:11','2015-09-27 21:31:11'),(169,'Model','Ankunding-Witting','Sleek Cotton Computer','471','Distinctio excepturi nihil possimus porro dolor autem quae odio.','Alias est et eum.',NULL,NULL,2,0,'Repellendus ut quia sunt voluptas quia.','Aut asperiores neque nihil quo reiciendis.','2015-09-27 21:31:11','2015-09-27 21:31:11'),(170,'Model','Nikolaus LLC','Incredible Concrete Hat','472','Velit in nam cupiditate quis.','Earum consequatur nemo non perferendis.',NULL,NULL,2,0,'Quia qui ut delectus voluptate autem optio fuga quia.','Quisquam beatae et corporis vel omnis non quis quia.','2015-09-26 23:55:43','2015-09-26 23:55:43'),(171,'Model','Walter-Treutel','Practical Concrete Pants','473','Ipsa ut unde doloremque quo.','Illo dolores corrupti eligendi sapiente error aliquid voluptatum reprehenderit.',NULL,NULL,0,0,'Nostrum nihil aut aperiam.','Ea odit dolor neque omnis voluptatem sapiente explicabo eligendi.','2015-09-26 23:55:43','2015-09-26 23:55:43'),(172,'Model','Boehm Inc','Gorgeous Rubber Table','474','Nemo maiores consequatur in alias culpa aliquid neque.','Aliquid voluptatum nihil non quis quasi.',NULL,NULL,2,0,'Et praesentium qui et.','Vel temporibus numquam aspernatur.','2015-09-26 23:55:43','2015-09-26 23:55:43'),(173,'Model','Hoeger Group','Sleek Concrete Gloves','475','Rerum veritatis dolor praesentium omnis molestiae.','Sed tenetur aut quasi cumque enim autem.',NULL,NULL,2,0,'Corporis minima quaerat aut voluptate et deleniti quos id.','Eius similique eum voluptas nisi.','2015-09-26 23:55:43','2015-09-26 23:55:43'),(174,'Model','Schaefer-Jast','Sleek Concrete Shoes','476','Molestiae vel omnis nihil quia repellendus qui non.','Incidunt et est corporis.',NULL,NULL,2,0,'Incidunt inventore eius natus ex.','Deleniti at laboriosam praesentium.','2015-09-26 23:55:43','2015-09-26 23:55:43'),(175,'Model','Haag, Windler and Strosin','Sleek Cotton Table','477','Et aut expedita provident est.','Quod ut autem quo rerum quia velit nulla nihil.',NULL,NULL,0,0,'Et esse qui ut voluptas.','Odio ea sunt tempore dolorum.','2015-09-23 18:10:04','2015-09-23 18:10:04'),(176,'Model','Auer, Hirthe and Nitzsche','Ergonomic Plastic Pants','478','Quis itaque cupiditate quod explicabo expedita.','Odio iusto laudantium velit omnis dolores sunt impedit.',NULL,NULL,2,0,'Et error consectetur enim tempora minima.','Accusamus et ipsam ut.','2015-09-23 18:10:04','2015-09-23 18:10:04'),(177,'Model','Wintheiser, Bartell and Morissette','Incredible Rubber Computer','479','Fugiat molestias earum dolorem dicta voluptas minima.','Corporis sit esse rem natus eius.',NULL,NULL,2,0,'Laborum quia blanditiis minus dolores dicta fuga.','Facere quod ipsa non amet.','2015-09-23 18:10:04','2015-09-23 18:10:04'),(178,'Model','Marvin and Sons','Sleek Wooden Gloves','480','At nulla ut aut necessitatibus.','Repellendus numquam tempore ullam atque expedita quibusdam rerum laboriosam.',NULL,NULL,3,0,'Et impedit rerum doloribus mollitia.','Possimus ratione cum ut qui recusandae.','2015-09-23 18:10:04','2015-09-23 18:10:04'),(179,'Model','Upton, Mueller and Schiller','Gorgeous Plastic Pants','481','Maxime harum blanditiis et voluptatem autem.','Iusto harum quod voluptatibus voluptates.',NULL,NULL,3,0,'Ipsum vel et placeat nemo consequatur.','Enim officia occaecati labore asperiores dolores modi error.','2015-09-23 18:10:04','2015-09-23 18:10:04'),(180,'Model','O\'Conner-Koss','Fantastic Cotton Shirt','482','Molestias provident quis sequi.','Et officiis excepturi magni nihil quaerat quod qui.',NULL,NULL,3,0,'Vero asperiores earum similique.','Doloribus ab quaerat incidunt in sit.','2015-09-23 18:10:04','2015-09-23 18:10:04'),(181,'Model','Zemlak-Stamm','Awesome Rubber Chair','483','Reprehenderit impedit quis enim cum cupiditate placeat similique.','Voluptatem natus voluptatem fugit ut ut sed rem aliquam.',NULL,NULL,3,0,'Porro vero dicta quia dolorum distinctio dolor.','Dolorem ad rerum beatae exercitationem enim.','2015-09-23 18:10:04','2015-09-23 18:10:04'),(182,'Model','McCullough-Hamill','Intelligent Granite Car','484','Molestias unde aut cum explicabo veritatis.','Quos autem odio ratione unde ut reiciendis.',NULL,NULL,1,0,'Debitis dolorum cupiditate ut.','Dicta velit dolorem molestias.','2015-09-23 18:10:04','2015-09-23 18:10:04'),(183,'Model','Hyatt, Hermiston and Mitchell','Gorgeous Steel Pants','485','Velit autem nemo architecto error doloribus enim.','Voluptas odio quidem adipisci aliquam beatae et vel.',NULL,NULL,0,0,'Unde dignissimos in ducimus et rerum exercitationem saepe et.','Vel accusantium eveniet aut.','2015-09-23 18:10:04','2015-09-23 18:10:04'),(184,'Model','Bogan Group','Sleek Concrete Chair','486','Velit maxime vel reiciendis.','Velit saepe ut quis ipsa nobis voluptatem iste alias.',NULL,NULL,0,0,'Dolorem velit vel iure.','Enim sequi quidem id omnis in repellat est.','2015-09-30 14:27:52','2015-09-30 14:27:52'),(185,'Model','Spinka, Boyer and Sporer','Practical Concrete Gloves','487','Rerum nam quo earum amet et.','Reiciendis rem quasi ipsam qui assumenda distinctio.',NULL,NULL,2,0,'Sed quidem quaerat id explicabo repellat cumque consequatur facere.','Et modi sint architecto quia accusantium magnam.','2015-09-30 14:27:52','2015-09-30 14:27:52'),(186,'Model','Mueller, Davis and Greenfelder','Small Rubber Computer','488','Veniam earum consequatur laborum.','Et sed nam consequatur et doloribus.',NULL,NULL,2,0,'Amet repellendus porro non nisi.','Porro rerum omnis ad sequi accusamus nulla quia et.','2015-09-30 14:27:52','2015-09-30 14:27:52'),(187,'Model','Swaniawski Group','Ergonomic Steel Gloves','489','Autem praesentium magni rerum id et.','Autem vitae veritatis quasi voluptatem.',NULL,NULL,1,0,'Quos sit qui fuga in.','Distinctio aut laborum eaque aliquam itaque consectetur et.','2015-09-30 14:27:52','2015-09-30 14:27:52'),(188,'Model','Mills, Rodriguez and Koch','Fantastic Wooden Shirt','490','Dolore repellendus accusantium et.','Est doloribus recusandae dolores et doloremque nihil.',NULL,NULL,3,0,'Repellat cumque perferendis dolores ea eaque.','Qui odio sequi numquam.','2015-09-30 14:27:52','2015-09-30 14:27:52'),(189,'Model','Bogan Group','Small Cotton Pants','491','Id est sunt dignissimos quo optio et.','Qui consequatur velit consequuntur deleniti fugiat.',NULL,NULL,3,0,'Ut vel illo in voluptas aut.','Dolorem dolore ipsam quae error necessitatibus.','2015-09-30 14:27:52','2015-09-30 14:27:52'),(190,'Model','Lind LLC','Sleek Plastic Car','492','Odit officiis consequuntur earum voluptatem consequatur itaque.','Quia veniam voluptatibus fugiat eos illo officia.',NULL,NULL,0,0,'Quibusdam sed ullam quo qui.','Est consectetur amet ea est.','2015-09-30 14:27:52','2015-09-30 14:27:52'),(191,'Model','Braun, Shields and O\'Connell','Sleek Cotton Gloves','493','Porro similique quis inventore unde consectetur qui.','Ab dolor aliquam et error doloribus aut.',NULL,NULL,2,0,'Hic ab earum natus nobis rerum dolor corrupti.','Porro non velit et dolores magnam.','2015-09-30 14:27:52','2015-09-30 14:27:52'),(192,'Model','Paucek, O\'Kon and Gusikowski','Practical Steel Shirt','494','Quasi quibusdam nemo ut consequatur perferendis praesentium.','Architecto rerum quo in atque rerum deleniti error.',NULL,NULL,3,0,'Numquam mollitia delectus sit libero vel.','Quo aliquam ea cum recusandae dolorem accusamus maiores saepe.','2015-09-30 14:27:52','2015-09-30 14:27:52'),(193,'Model','Jaskolski, Stark and Stokes','Incredible Steel Shirt','495','In maxime ea ad qui.','Repellat possimus dolor aliquam velit aut suscipit ipsa.',NULL,NULL,2,0,'Eum soluta alias eveniet aut quaerat et dolores aut.','Nostrum magnam dolorum est placeat facere.','2015-09-30 14:27:52','2015-09-30 14:27:52'),(194,'Model','Wilderman-Roberts','Rustic Cotton Shoes','496','Est fuga consequatur corporis corrupti sed enim.','Voluptate quod ut repudiandae harum ipsa aut.',NULL,NULL,3,0,'Ut soluta consectetur culpa dolore consequatur.','Voluptatem non odio quis nobis.','2015-09-30 14:27:52','2015-09-30 14:27:52'),(195,'Model','Kuhlman, Reichel and Willms','Awesome Granite Gloves','497','Ipsa exercitationem doloremque sit.','Quia quidem et animi eum et soluta saepe.',NULL,NULL,3,0,'Maxime reiciendis dolor aperiam aut unde dolores sed laudantium.','Asperiores velit dicta atque qui omnis exercitationem cupiditate dolorum.','2015-09-30 14:27:52','2015-09-30 14:27:52'),(196,'Model','Welch LLC','Incredible Wooden Gloves','498','Vitae deserunt neque rerum perspiciatis.','Rem est dignissimos recusandae nulla sint ad dicta ut.',NULL,NULL,2,0,'Occaecati iste rerum sunt saepe.','Fugit aspernatur molestias qui.','2015-09-30 14:27:52','2015-09-30 14:27:52'),(197,'Model','Morar, Pfeffer and Jerde','Practical Cotton Chair','499','Dolores beatae ut et ipsum molestiae expedita modi iure.','Sint error asperiores minima sapiente fuga.',NULL,NULL,2,0,'Qui reiciendis ut expedita.','Commodi nemo rerum praesentium ea aspernatur aliquid.','2015-09-30 14:27:52','2015-09-30 14:27:52'),(198,'Model','Tromp Group','Sleek Plastic Hat','500','Et nesciunt eos omnis nemo quasi.','Similique est reprehenderit dolores suscipit fugit.',NULL,NULL,2,0,'Animi eius sed iure.','Commodi reiciendis autem et.','2015-09-30 14:27:52','2015-09-30 14:27:52'),(199,'Model','Pfeffer, Ankunding and Pagac','Intelligent Cotton Chair','501','Nemo aperiam sint voluptatibus.','Aut tempora enim nihil consequatur qui.',NULL,NULL,1,0,'Asperiores facilis unde eos illo assumenda pariatur molestiae quo.','Totam quia labore omnis laboriosam sunt aspernatur a eligendi.','2015-09-30 14:27:52','2015-09-30 14:27:52'),(200,'Model','Dibbert-Schumm','Awesome Plastic Table','502','Ratione fuga voluptatum magnam.','Asperiores dolorum molestiae eveniet omnis qui.',NULL,NULL,3,0,'Magnam possimus omnis iure occaecati voluptas sint.','Molestiae quo vel excepturi.','2015-09-30 14:27:52','2015-09-30 14:27:52'),(201,'Model','Wunsch-Fay','Gorgeous Granite Table','503','Minima ullam deleniti eius veritatis dolorem magni.','Voluptatem sint perspiciatis omnis.',NULL,NULL,3,0,'Est ut rerum est blanditiis.','Dolorem quod non omnis dignissimos quia id sit ut.','2015-09-30 14:27:52','2015-09-30 14:27:52'),(202,'Model','Turcotte, Tromp and Ziemann','Small Wooden Pants','504','Magnam placeat excepturi nulla aut ut suscipit aut aperiam.','Quam explicabo non et.',NULL,NULL,3,0,'Error iure voluptas ut.','Ex libero quae in sint.','2015-09-30 14:27:52','2015-09-30 14:27:52'),(203,'Model','Brakus-Schultz','Rustic Rubber Hat','505','Rerum quis ea alias molestiae quia omnis est omnis.','Ipsum cumque qui deleniti accusamus voluptatem est amet laboriosam.',NULL,NULL,1,0,'Iusto qui et magni rerum ipsum fugiat illo deleniti.','Placeat ab est et debitis aut.','2015-09-30 14:27:52','2015-09-30 14:27:52'),(204,'Model','Larkin, Dibbert and Sanford','Gorgeous Steel Gloves','506','Rerum sed repellat enim libero est qui aut.','Dolor fugit tenetur aliquam sequi laudantium consequuntur.',NULL,NULL,2,0,'Nulla cum nam et quidem.','Placeat et ipsam eius doloribus odit eos.','2015-09-30 14:27:52','2015-09-30 14:27:52'),(205,'Model','Dietrich, Pollich and Schultz','Practical Plastic Pants','507','Fugiat modi quod autem.','Aut distinctio sapiente voluptas.',NULL,NULL,1,0,'Aspernatur odit id magnam beatae alias et provident et.','Aut aliquid dolorem id quae.','2015-09-30 14:27:52','2015-09-30 14:27:52'),(206,'Model','Wilderman Group','Incredible Plastic Pants','509','Esse quo ipsum nihil vel.','Ea consectetur ducimus quibusdam.',NULL,NULL,2,0,'Quibusdam facere rerum aut.','Pariatur unde qui laborum quibusdam harum velit atque fugiat.','2015-09-30 14:27:52','2015-09-30 14:27:52'),(207,'Software','Schuppe and Sons','Intelligent Plastic Shoes','511',NULL,NULL,NULL,NULL,0,0,NULL,NULL,'2015-09-30 14:27:52','2015-09-30 14:27:52'),(208,'Model','Swaniawski-Hegmann','Fantastic Granite Gloves','512','Reiciendis dolore excepturi quod quis culpa quos ea explicabo.','Voluptatibus impedit et eaque sequi culpa.',NULL,NULL,2,0,'Quis qui et id tempore culpa.','Ut omnis expedita qui.','2015-09-25 00:00:00','2015-09-25 00:00:00'),(209,'Model','Prohaska, Erdman and Russel','Sleek Plastic Computer','513','Aliquam at rerum laboriosam non.','Id voluptates illo rerum ut.',NULL,NULL,0,0,'Cum sint molestiae et consequatur.','Iste at aut quo consequuntur quis.','2015-09-25 00:00:00','2015-09-25 00:00:00'),(210,'Model','Runolfsson-Bruen','Practical Wooden Pants','514','Sapiente laudantium eum aut.','Provident ab sequi ad consequatur.',NULL,NULL,0,0,'Ea sit unde voluptatibus ad quam sint nulla.','Et quo quod ad magnam amet.','2015-09-25 00:00:00','2015-09-25 00:00:00'),(211,'Model','Grimes-Kassulke','Fantastic Plastic Gloves','515','Consectetur deserunt aliquam quos.','Possimus esse laborum dolorum quia ratione quo.',NULL,NULL,0,0,'Et esse deserunt libero cumque qui unde.','Aperiam amet culpa quidem sunt repellat porro quis suscipit.','2015-09-25 00:00:00','2015-09-25 00:00:00'),(212,'Model','Torp, Fay and Harris','Fantastic Rubber Table','517','Aut at porro perspiciatis neque.','Minus voluptatem deleniti ut ea omnis.',NULL,NULL,0,0,'Vero expedita autem architecto.','Eaque earum necessitatibus eos placeat harum est aut aliquam.','2015-09-30 14:27:52','2015-09-30 14:27:52'),(213,'Model','Hirthe-Goyette','Small Cotton Shirt','518','Commodi nam et vitae qui praesentium alias quia.','Voluptatem at voluptatem odit quo ipsam qui.',NULL,NULL,1,0,'Earum alias unde temporibus.','Consequatur sed iusto eligendi et rerum consectetur ut et.','2015-09-30 14:27:52','2015-09-30 14:27:52'),(214,'Model','Schaden Inc','Incredible Plastic Shirt','519','Praesentium facilis harum culpa earum neque autem.','Facere tempora perferendis qui aut qui voluptas est nesciunt.',NULL,NULL,1,0,'Nihil omnis minima occaecati maiores.','Porro distinctio quod fuga.','2015-09-30 14:27:52','2015-09-30 14:27:52'),(215,'Model','Koelpin Inc','Rustic Rubber Chair','520','Dolor quibusdam at reprehenderit ex ut occaecati.','Quo rerum qui enim quo necessitatibus ullam dolorum.',NULL,NULL,3,0,'Asperiores eius voluptas mollitia voluptates veritatis repellendus.','Maiores dignissimos delectus doloribus non.','2015-09-30 14:27:52','2015-09-30 14:27:52'),(216,'Model','Mueller-Schulist','Rustic Granite Computer','521','Id ea enim velit.','Ea nihil voluptatem assumenda deleniti labore harum voluptatum voluptatem.',NULL,NULL,2,0,'Facere minima et aliquid exercitationem iure soluta repellat tenetur.','Magnam voluptatem eius distinctio odit fugiat natus.','2015-09-30 14:27:52','2015-09-30 14:27:52'),(217,'Model','DuBuque and Sons','Fantastic Steel Computer','522','Sit a animi sed.','Voluptatem aperiam corporis rerum quaerat et voluptas.',NULL,NULL,1,0,'Laudantium et quisquam autem voluptatem voluptatem.','Laborum quam sint cumque non qui voluptatem.','2015-09-30 14:27:52','2015-09-30 14:27:52'),(218,'Model','Wiza and Sons','Intelligent Cotton Table','523','Culpa molestiae ducimus sint.','Necessitatibus voluptas sit eum officiis qui aut iste.',NULL,NULL,0,0,'Animi aut vel vero dolore at.','Id quam omnis totam et a quae deleniti omnis.','2015-09-30 14:27:52','2015-09-30 14:27:52'),(219,'Model','Auer-Kautzer','Intelligent Rubber Shirt','524','Soluta molestiae non officia debitis praesentium.','Eligendi officiis doloremque porro ut.',NULL,NULL,3,0,'Rem consequatur deleniti illo ad inventore in nulla iusto.','Et dolorem deserunt velit non sit.','2015-09-30 14:27:52','2015-09-30 14:27:52'),(220,'Model','Rodriguez, Bosco and McLaughlin','Fantastic Steel Gloves','525','Hic est harum at ad facilis aut.','Ut qui dolores commodi iste alias.',NULL,NULL,3,0,'Modi labore suscipit consequuntur et fuga ratione asperiores enim.','Voluptatibus tenetur nulla beatae ipsum est ut sed.','2015-09-30 14:27:52','2015-09-30 14:27:52'),(221,'Model','Halvorson Group','Intelligent Steel Table','526','Fugiat eos delectus quaerat.','Corrupti voluptas suscipit nobis repellat a.',NULL,NULL,0,0,'Soluta deleniti sed libero molestiae nihil.','Ut quis esse libero eveniet explicabo expedita ipsam.','2015-09-30 14:27:52','2015-09-30 14:27:52'),(222,'Model','Block, Ferry and Senger','Practical Granite Hat','527','Deserunt vero nobis commodi nam consequatur dolorem est.','Eligendi ut rerum sed quae omnis qui.',NULL,NULL,1,0,'Aut expedita non velit vitae.','Similique quasi velit corporis et earum est.','2015-09-30 14:27:52','2015-09-30 14:27:52'),(223,'Model','Friesen-Lynch','Awesome Wooden Chair','528','Ab aliquam reiciendis dignissimos eos molestiae quaerat saepe quasi.','Rem non maiores accusamus nulla quam incidunt velit.',NULL,NULL,1,0,'Dolore corrupti dicta ut.','Dolorem est modi blanditiis nam.','2015-09-30 14:27:52','2015-09-30 14:27:52'),(224,'Model','Will, Gottlieb and Cormier','Rustic Wooden Hat','529','Aliquam illum eligendi a dolores adipisci esse labore.','Harum tempore maxime ipsa sint architecto sed repudiandae ab.',NULL,NULL,0,0,'Enim aspernatur rerum molestias quod voluptatem totam perferendis harum.','Quisquam enim iure maiores odio reprehenderit officiis dolorem provident.','2015-09-30 14:27:52','2015-09-30 14:27:52'),(225,'Model','Kertzmann Group','Gorgeous Rubber Chair','530','Dolores voluptatibus est asperiores.','Et ratione explicabo expedita architecto nihil magnam.',NULL,NULL,0,0,'Quidem amet optio sint unde est.','Enim labore consequatur quas excepturi fuga at nihil et.','2015-09-25 00:00:00','2015-09-25 00:00:00'),(226,'Model','Pollich and Sons','Practical Rubber Table','531','Quibusdam sit natus tenetur eum alias.','Vel dolores hic quae error ipsa rerum ipsam odio.',NULL,NULL,3,0,'Provident non hic incidunt soluta.','Ea a voluptas ratione.','2015-09-25 00:00:00','2015-09-25 00:00:00'),(227,'Model','Goodwin, Gerlach and Fahey','Gorgeous Steel Table','532','A quis et consequatur.','Sed aut qui harum.',NULL,NULL,1,0,'Eaque aliquam tempora enim cum quia laborum accusamus.','Ut rerum quia expedita ratione placeat.','2015-09-25 00:00:00','2015-09-25 00:00:00'),(228,'Model','Kunde LLC','Incredible Concrete Gloves','533','In qui veritatis atque.','Rerum perspiciatis quam est dolorem aut enim tempore velit.',NULL,NULL,1,0,'Et tenetur praesentium officiis architecto esse.','A corrupti vitae qui reprehenderit at doloribus nesciunt.','2015-09-25 00:00:00','2015-09-25 00:00:00'),(229,'Model','Morissette LLC','Intelligent Concrete Car','534','Et aut non quo beatae expedita qui.','Repellat error minima inventore beatae eveniet.',NULL,NULL,3,0,'Quis odit laborum commodi et aliquid.','Autem esse id quia suscipit.','2015-09-30 14:27:52','2015-09-30 14:27:52'),(230,'Model','Daugherty Inc','Rustic Granite Shoes','535','Laboriosam similique suscipit eius optio necessitatibus.','Ea eaque labore veritatis fugit ut tempore.',NULL,NULL,3,0,'Inventore blanditiis tempore quia maiores consequatur sunt natus qui.','Nam quam excepturi iusto rem molestias et.','2015-09-30 14:27:52','2015-09-30 14:27:52'),(231,'Model','Schaefer Inc','Ergonomic Wooden Shoes','536','Et nihil magnam non.','Maiores sit tenetur ut et molestiae quidem nostrum.',NULL,NULL,1,0,'Maiores temporibus totam molestiae dolores ea esse autem.','Qui amet ut et adipisci id.','2015-09-30 14:27:52','2015-09-30 14:27:52'),(232,'Model','Ullrich, Sanford and Brakus','Gorgeous Wooden Gloves','537','Fugiat rerum quasi aut.','Quia id autem atque esse dolorem et.',NULL,NULL,0,0,'Nobis et fugit non corporis omnis.','Est non qui sit aperiam ex.','2015-09-30 14:27:52','2015-09-30 14:27:52'),(233,'Model','Johnson and Sons','Intelligent Cotton Car','538','Officiis facere qui sunt.','Deserunt magni ut ullam distinctio officia aut sit in.',NULL,NULL,1,0,'Fugiat expedita architecto explicabo quas aut.','Quibusdam natus similique cumque nesciunt eligendi dolorem.','2015-09-30 14:27:52','2015-09-30 14:27:52'),(234,'Model','Langworth Inc','Fantastic Plastic Shirt','539','Natus deserunt quis aliquid voluptatum quidem quo qui.','Et maxime omnis deleniti.',NULL,NULL,0,0,'Nesciunt ut et laudantium nam temporibus excepturi.','Consectetur eum assumenda cumque amet ad aut molestias.','2015-09-30 14:27:52','2015-09-30 14:27:52'),(235,'Model','Altenwerth, Lehner and Torphy','Awesome Rubber Hat','540','Iure natus voluptatum perspiciatis dolore autem doloremque quaerat.','Est qui ut alias quasi illum sequi ipsum.',NULL,NULL,0,0,'Reprehenderit expedita qui adipisci.','Est eum voluptatem voluptatibus saepe rem sit.','2015-09-30 14:27:52','2015-09-30 14:27:52'),(236,'Model','Crooks LLC','Ergonomic Wooden Gloves','541','Quam laborum illum nemo totam delectus excepturi.','Incidunt quisquam quae officia reprehenderit ipsam.',NULL,NULL,2,0,'Earum vel ea accusamus culpa alias optio et.','Est et consequatur omnis ea placeat at.','2015-09-30 14:27:52','2015-09-30 14:27:52'),(237,'Model','Murphy-Halvorson','Fantastic Plastic Hat','542','Quia error unde ipsam inventore odit libero iste.','Pariatur unde placeat quibusdam dolores modi quaerat autem magni.',NULL,NULL,1,0,'Saepe maxime blanditiis explicabo.','Nemo dolor rerum laboriosam animi error non.','2015-09-30 14:27:52','2015-09-30 14:27:52'),(238,'Model','Wehner, King and Schamberger','Awesome Cotton Shoes','543','Atque quas tenetur adipisci aspernatur ut qui odio.','Accusantium soluta in optio.',NULL,NULL,2,0,'Nihil incidunt debitis sapiente unde inventore quis id et.','Error quis vel atque et ut nemo.','2015-09-30 14:27:52','2015-09-30 14:27:52'),(239,'Model','Heathcote-Roberts','Ergonomic Wooden Car','544','Et est saepe autem quia rerum sit non.','Harum sit non esse excepturi id velit autem tenetur.',NULL,NULL,3,0,'Pariatur blanditiis et autem incidunt nisi doloremque excepturi.','Velit est vel sed sint adipisci.','2015-09-30 14:27:52','2015-09-30 14:27:52'),(240,'Model','Beahan-Kautzer','Rustic Steel Car','545','Similique voluptatem natus ut expedita hic facere officiis.','Aut ut nihil nobis sit id quia rem.',NULL,NULL,3,0,'Et odio expedita et quos.','Modi et inventore autem voluptate non.','2015-09-30 14:27:52','2015-09-30 14:27:52'),(241,'Model','Olson Group','Ergonomic Plastic Shirt','546','Minus ut quis totam quam odit omnis et repellendus.','Aliquam odit quia necessitatibus eum libero autem sint.',NULL,NULL,2,0,'Excepturi at voluptatibus et debitis distinctio accusantium eveniet ipsum.','Quasi suscipit laudantium qui nesciunt dolorem.','2015-09-30 14:27:52','2015-09-30 14:27:52'),(242,'Model','Dare-Von','Practical Granite Chair','547','Consectetur eum velit deserunt ex.','Deserunt earum adipisci aperiam molestias.',NULL,NULL,3,0,'Voluptatem explicabo aperiam nemo culpa.','Similique non est voluptatem delectus sunt cupiditate animi nesciunt.','2015-09-30 14:27:52','2015-09-30 14:27:52'),(243,'Model','Corwin-Mraz','Awesome Rubber Table','548','Error sit dolores impedit occaecati suscipit perspiciatis.','Esse corporis pariatur fugiat omnis dicta quia similique possimus.',NULL,NULL,2,0,'Odio quaerat earum ullam voluptas quasi commodi.','Deserunt animi commodi maiores.','2015-09-30 14:27:52','2015-09-30 14:27:52'),(244,'Model','Ward Inc','Fantastic Cotton Table','549','Adipisci accusantium perspiciatis eos enim cum et.','Delectus exercitationem eaque et dolorum voluptatum earum ut ipsa.',NULL,NULL,0,0,'Tenetur nihil ea maiores aut exercitationem.','Qui autem enim pariatur quaerat inventore quod.','2015-09-30 14:27:52','2015-09-30 14:27:52'),(245,'Model','Renner-Harber','Ergonomic Concrete Table','550','Aliquam fuga adipisci voluptate inventore ut sit.','Ut qui quia ut delectus animi sapiente molestiae nesciunt.',NULL,NULL,3,0,'Et explicabo eius ut rerum consequatur doloremque aut.','Saepe illum nihil neque eum voluptatum odit nesciunt eius.','2015-09-30 14:27:52','2015-09-30 14:27:52'),(246,'Model','Greenholt and Sons','Incredible Steel Pants','551','Quo illo veniam rerum.','Dicta quis ullam ad aliquid porro omnis id.',NULL,NULL,0,0,'At vitae ut qui.','Illo numquam vero alias consequuntur qui aliquid rem.','2015-09-30 14:27:52','2015-09-30 14:27:52'),(247,'Model','Kirlin, Greenfelder and Moore','Fantastic Plastic Car','552','Possimus eaque autem ab.','Veniam mollitia praesentium reprehenderit nulla distinctio quia sit nobis.',NULL,NULL,1,0,'Magnam unde ducimus possimus et facere sapiente dolorum aspernatur.','Dolores enim cum delectus suscipit et sunt impedit nesciunt.','2015-09-30 14:27:52','2015-09-30 14:27:52'),(248,'Model','Goldner-Koss','Intelligent Steel Car','553','Modi est et dolorum iure.','Aut nesciunt quasi dolor vitae.',NULL,NULL,2,0,'Eveniet architecto atque praesentium ut soluta magni omnis qui.','Alias dolorem minus culpa eos sed.','2015-09-30 14:27:52','2015-09-30 14:27:52'),(249,'Model','Cummerata-Stroman','Awesome Concrete Computer','554','Unde cumque qui reprehenderit quam voluptatem asperiores rerum praesentium.','Et facilis est soluta hic sed et iste quis.',NULL,NULL,3,0,'Incidunt maxime consectetur occaecati.','Eum cumque est repellat quidem ipsum.','2015-09-30 14:27:52','2015-09-30 14:27:52'),(250,'Model','Dietrich, Conn and Russel','Practical Concrete Table','555','Quia nostrum quidem delectus inventore quasi iusto.','Eum magnam sed ea corporis sunt in voluptatibus.',NULL,NULL,1,0,'Laudantium odit aliquam non ipsa laboriosam culpa ex dolorem.','Excepturi maxime a ut fugit dignissimos sit laborum asperiores.','2015-09-30 14:27:52','2015-09-30 14:27:52'),(251,'Model','Larson-Nitzsche','Sleek Plastic Shoes','556','Tempore soluta ullam aut velit.','Officia modi sit necessitatibus quos animi.',NULL,NULL,1,0,'Dignissimos culpa reiciendis quia cumque dicta tempore aliquid.','Quod aliquam velit dolorum voluptatibus qui.','2015-09-30 14:27:52','2015-09-30 14:27:52'),(252,'Model','Cartwright LLC','Sleek Cotton Shoes','557','Delectus et velit voluptatum.','Incidunt ducimus nihil dolorum dignissimos numquam perspiciatis quo et.',NULL,NULL,2,0,'Dolorem tenetur sit iste facilis optio nihil.','Neque aut harum assumenda nisi sequi quasi.','2015-09-30 14:27:52','2015-09-30 14:27:52'),(253,'Model','Hilll Group','Awesome Rubber Car','558','Laboriosam temporibus totam voluptatem facere nesciunt enim.','Ipsam ipsum animi quidem.',NULL,NULL,1,0,'Aut eos deleniti id veniam animi aspernatur.','Numquam qui facere dolorum tempore quia ea.','2015-09-30 14:27:52','2015-09-30 14:27:52'),(254,'Model','Johnston and Sons','Awesome Wooden Pants','559','Blanditiis sint velit dolor aspernatur laudantium.','Quo quis numquam in occaecati praesentium laudantium perspiciatis eum.',NULL,NULL,0,0,'Harum rerum labore velit ab dolorem.','Eligendi quaerat modi similique quia.','2015-09-30 14:27:52','2015-09-30 14:27:52'),(255,'Model','McLaughlin LLC','Practical Cotton Shirt','560','Atque et dolore quis neque eum quisquam.','Eligendi cum atque officiis magnam.',NULL,NULL,2,0,'Debitis corrupti accusamus optio est.','Fugiat non veritatis qui autem aliquam cupiditate.','2015-09-30 14:27:52','2015-09-30 14:27:52'),(256,'Model','Trantow-Gleason','Practical Wooden Chair','561','Quia occaecati nemo mollitia architecto praesentium repellendus et.','Magnam repellendus reiciendis officia quia tempore.',NULL,NULL,2,0,'Quod aut doloremque quasi.','Est vel consequuntur non fugit placeat.','2015-09-30 14:27:52','2015-09-30 14:27:52'),(257,'Model','Hintz-Grant','Awesome Granite Car','562','Aliquam officiis reprehenderit nobis omnis eveniet.','Id ducimus quo unde.',NULL,NULL,2,0,'Velit magni eligendi consequatur nobis.','Omnis voluptatem fugit sequi.','2015-09-30 14:27:52','2015-09-30 14:27:52'),(258,'Model','Herman and Sons','Ergonomic Plastic Computer','563','Quo adipisci omnis ut et id tempora sunt.','Amet tenetur velit officiis ipsam voluptatum quis.',NULL,NULL,2,0,'Quae vero rerum et sed qui.','Quos est rem suscipit ipsum quibusdam voluptatem quis placeat.','2015-09-30 14:27:52','2015-09-30 14:27:52'),(259,'Model','McClure-Mueller','Ergonomic Granite Gloves','564','Praesentium dignissimos doloribus illum ut aut distinctio quod.','Eum enim in saepe excepturi officia.',NULL,NULL,0,0,'Tempora natus voluptatibus consectetur consequatur aliquam modi quo.','Sed possimus esse enim consequatur.','2015-09-30 14:27:52','2015-09-30 14:27:52'),(260,'Model','Herzog-Pacocha','Incredible Plastic Shoes','565','Commodi vel voluptatem necessitatibus.','Blanditiis ut ab labore sapiente tenetur quo consequatur distinctio.',NULL,NULL,0,0,'Ab commodi corrupti voluptatem illum qui alias autem eligendi.','Aut cum molestiae molestias facere.','2015-09-30 14:27:52','2015-09-30 14:27:52'),(261,'Model','Mertz-Beer','Ergonomic Granite Car','566','Totam a pariatur rem amet consequatur ut.','Eaque ipsum rerum magni.',NULL,NULL,0,0,'Molestias perspiciatis iste blanditiis quis odit laborum omnis et.','Illo at iste eos voluptates veniam.','2015-09-30 14:27:52','2015-09-30 14:27:52'),(262,'Model','Carroll Group','Incredible Wooden Table','567','Perspiciatis nihil aut iusto odio dolor occaecati.','Accusantium dignissimos et explicabo eos ut velit ea.',NULL,NULL,1,0,'Possimus facilis est et inventore ut id aut.','Ducimus corporis qui dolor nostrum ex perferendis quis sed.','2015-09-30 14:27:52','2015-09-30 14:27:52'),(263,'Model','Wilderman, Ondricka and Brekke','Practical Plastic Gloves','568','Itaque in esse enim quis tempore minima molestias.','In perspiciatis sint amet.',NULL,NULL,1,0,'Magni magnam aliquid quo nemo laborum.','Id ea cupiditate architecto modi ut ullam.','2015-09-30 14:27:52','2015-09-30 14:27:52'),(264,'Model','Brekke, Fisher and Boyer','Practical Steel Shoes','569','Provident voluptatem neque voluptas excepturi eveniet exercitationem in unde.','Doloribus consequatur aut aut distinctio laudantium eum.',NULL,NULL,1,0,'Eveniet omnis enim adipisci vel.','Ullam est doloremque occaecati adipisci rerum dolorem sapiente.','2015-09-30 14:27:52','2015-09-30 14:27:52'),(265,'Model','Mitchell-Marks','Gorgeous Cotton Gloves','570','Corporis aut maxime sed.','Cum facere est maiores.',NULL,NULL,0,0,'Itaque et inventore vel dolores ea cum.','Sit rerum qui vitae distinctio sint enim magnam.','2015-09-30 14:27:52','2015-09-30 14:27:52'),(266,'Model','Konopelski Group','Practical Granite Gloves','571','Occaecati minima consequatur officiis.','Ut incidunt sit cupiditate nam earum ut accusamus.',NULL,NULL,0,0,'Deleniti repellat rerum perferendis voluptatem aut officia quo.','Optio et accusantium voluptas aut sint ut.','2015-09-30 14:27:52','2015-09-30 14:27:52'),(267,'Model','Treutel LLC','Intelligent Plastic Chair','572','Sapiente fugit optio reiciendis et.','Provident dolorum eligendi omnis distinctio dolorem.',NULL,NULL,3,0,'Iure eum itaque aut.','Vel harum et corporis qui officia.','2015-09-30 14:27:52','2015-09-30 14:27:52'),(268,'Model','Mraz-Tillman','Sleek Steel Gloves','573','Facere maxime fugit debitis fugiat dolore provident nihil impedit.','Maiores consequatur non excepturi officiis non sint.',NULL,NULL,3,0,'Voluptas voluptatem soluta rerum maiores.','Veritatis ex maxime quam.','2015-09-30 14:27:52','2015-09-30 14:27:52'),(269,'Model','Davis, Powlowski and Hagenes','Sleek Rubber Hat','574','Quae voluptatum qui est ut illo.','Dolore quas aut quia dignissimos eos expedita nihil ea.',NULL,NULL,2,0,'Et dolorum aspernatur voluptas quos temporibus.','Quia dolores aut voluptatem veniam atque doloribus.','2015-09-30 14:27:52','2015-09-30 14:27:52');
/*!40000 ALTER TABLE `models` ENABLE KEYS */;
UNLOCK TABLES;

--
-- Table structure for table `models_compatibles`
--

DROP TABLE IF EXISTS `models_compatibles`;
/*!40101 SET @saved_cs_client     = @@character_set_client */;
/*!40101 SET character_set_client = utf8 */;
CREATE TABLE `models_compatibles` (
  `model_id` int(11) DEFAULT NULL,
  `compatible_id` int(11) DEFAULT NULL,
  KEY `index_models_compatibles_on_compatible_id` (`compatible_id`),
  KEY `index_models_compatibles_on_model_id` (`model_id`)
) ENGINE=InnoDB DEFAULT CHARSET=utf8 COLLATE=utf8_unicode_ci;
/*!40101 SET character_set_client = @saved_cs_client */;

--
-- Dumping data for table `models_compatibles`
--

LOCK TABLES `models_compatibles` WRITE;
/*!40000 ALTER TABLE `models_compatibles` DISABLE KEYS */;
INSERT INTO `models_compatibles` VALUES (132,131),(133,131),(134,131);
/*!40000 ALTER TABLE `models_compatibles` ENABLE KEYS */;
UNLOCK TABLES;

--
-- Table structure for table `notifications`
--

DROP TABLE IF EXISTS `notifications`;
/*!40101 SET @saved_cs_client     = @@character_set_client */;
/*!40101 SET character_set_client = utf8 */;
CREATE TABLE `notifications` (
  `id` int(11) NOT NULL AUTO_INCREMENT,
  `user_id` int(11) DEFAULT NULL,
  `title` varchar(255) COLLATE utf8_unicode_ci DEFAULT '',
  `created_at` datetime NOT NULL,
  PRIMARY KEY (`id`),
  KEY `index_notifications_on_user_id` (`user_id`)
) ENGINE=InnoDB DEFAULT CHARSET=utf8 COLLATE=utf8_unicode_ci;
/*!40101 SET character_set_client = @saved_cs_client */;

--
-- Dumping data for table `notifications`
--

LOCK TABLES `notifications` WRITE;
/*!40000 ALTER TABLE `notifications` DISABLE KEYS */;
/*!40000 ALTER TABLE `notifications` ENABLE KEYS */;
UNLOCK TABLES;

--
-- Table structure for table `numerators`
--

DROP TABLE IF EXISTS `numerators`;
/*!40101 SET @saved_cs_client     = @@character_set_client */;
/*!40101 SET character_set_client = utf8 */;
CREATE TABLE `numerators` (
  `id` int(11) NOT NULL AUTO_INCREMENT,
  `item` int(11) DEFAULT NULL,
  PRIMARY KEY (`id`)
) ENGINE=InnoDB DEFAULT CHARSET=utf8 COLLATE=utf8_unicode_ci;
/*!40101 SET character_set_client = @saved_cs_client */;

--
-- Dumping data for table `numerators`
--

LOCK TABLES `numerators` WRITE;
/*!40000 ALTER TABLE `numerators` DISABLE KEYS */;
/*!40000 ALTER TABLE `numerators` ENABLE KEYS */;
UNLOCK TABLES;

--
-- Table structure for table `options`
--

DROP TABLE IF EXISTS `options`;
/*!40101 SET @saved_cs_client     = @@character_set_client */;
/*!40101 SET character_set_client = utf8 */;
CREATE TABLE `options` (
  `id` int(11) NOT NULL AUTO_INCREMENT,
  `inventory_pool_id` int(11) DEFAULT NULL,
  `inventory_code` varchar(255) COLLATE utf8_unicode_ci DEFAULT NULL,
  `manufacturer` varchar(255) COLLATE utf8_unicode_ci DEFAULT NULL,
  `product` varchar(255) COLLATE utf8_unicode_ci NOT NULL,
  `version` varchar(255) COLLATE utf8_unicode_ci DEFAULT NULL,
  `price` decimal(8,2) DEFAULT NULL,
  PRIMARY KEY (`id`),
  KEY `index_options_on_inventory_pool_id` (`inventory_pool_id`)
) ENGINE=InnoDB AUTO_INCREMENT=7 DEFAULT CHARSET=utf8 COLLATE=utf8_unicode_ci;
/*!40101 SET character_set_client = @saved_cs_client */;

--
-- Dumping data for table `options`
--

LOCK TABLES `options` WRITE;
/*!40000 ALTER TABLE `options` DISABLE KEYS */;
INSERT INTO `options` VALUES (1,1,'akku-aa',NULL,'Akku AA','406','811.00'),(2,1,'akku-aaa',NULL,'Akku AAA','407','378.00'),(3,1,'usb',NULL,'USB Kabel','408','1457.00'),(4,1,'dol5574',NULL,'Awesome Cotton Gloves','508','310.00'),(5,1,'lab2143',NULL,'Incredible Steel Pants','510','661.00'),(6,2,'deb7400',NULL,'Incredible Wooden Chair','516','1207.00');
/*!40000 ALTER TABLE `options` ENABLE KEYS */;
UNLOCK TABLES;

--
-- Table structure for table `partitions`
--

DROP TABLE IF EXISTS `partitions`;
/*!40101 SET @saved_cs_client     = @@character_set_client */;
/*!40101 SET character_set_client = utf8 */;
CREATE TABLE `partitions` (
  `id` int(11) NOT NULL AUTO_INCREMENT,
  `model_id` int(11) DEFAULT NULL,
  `inventory_pool_id` int(11) DEFAULT NULL,
  `group_id` int(11) DEFAULT NULL,
  `quantity` int(11) DEFAULT NULL,
  PRIMARY KEY (`id`),
  UNIQUE KEY `index_partitions_on_model_id_and_inventory_pool_id_and_group_id` (`model_id`,`inventory_pool_id`,`group_id`)
) ENGINE=InnoDB AUTO_INCREMENT=12 DEFAULT CHARSET=utf8 COLLATE=utf8_unicode_ci;
/*!40101 SET character_set_client = @saved_cs_client */;

--
-- Dumping data for table `partitions`
--

LOCK TABLES `partitions` WRITE;
/*!40000 ALTER TABLE `partitions` DISABLE KEYS */;
INSERT INTO `partitions` VALUES (1,99,1,4,1),(2,133,1,5,1),(3,134,1,6,5),(4,132,1,1,1),(5,68,1,1,1),(6,68,1,2,1),(7,148,1,7,1),(8,157,1,7,1),(9,166,1,7,1),(10,180,1,8,1),(11,189,1,7,1);
/*!40000 ALTER TABLE `partitions` ENABLE KEYS */;
UNLOCK TABLES;

--
-- Temporary table structure for view `partitions_with_generals`
--

DROP TABLE IF EXISTS `partitions_with_generals`;
/*!50001 DROP VIEW IF EXISTS `partitions_with_generals`*/;
SET @saved_cs_client     = @@character_set_client;
SET character_set_client = utf8;
/*!50001 CREATE TABLE `partitions_with_generals` (
  `model_id` int(11),
  `inventory_pool_id` int(11),
  `group_id` int(11),
  `quantity` decimal(33,0)
) ENGINE=MyISAM */;
SET character_set_client = @saved_cs_client;

--
-- Table structure for table `properties`
--

DROP TABLE IF EXISTS `properties`;
/*!40101 SET @saved_cs_client     = @@character_set_client */;
/*!40101 SET character_set_client = utf8 */;
CREATE TABLE `properties` (
  `id` int(11) NOT NULL AUTO_INCREMENT,
  `model_id` int(11) DEFAULT NULL,
  `key` varchar(255) COLLATE utf8_unicode_ci DEFAULT NULL,
  `value` varchar(255) COLLATE utf8_unicode_ci DEFAULT NULL,
  PRIMARY KEY (`id`),
  KEY `index_properties_on_model_id` (`model_id`)
) ENGINE=InnoDB AUTO_INCREMENT=13 DEFAULT CHARSET=utf8 COLLATE=utf8_unicode_ci;
/*!40101 SET character_set_client = @saved_cs_client */;

--
-- Dumping data for table `properties`
--

LOCK TABLES `properties` WRITE;
/*!40000 ALTER TABLE `properties` DISABLE KEYS */;
INSERT INTO `properties` VALUES (1,132,'Rotorduchmesser','120'),(2,132,'Akkus','2'),(3,132,'Farbe','Rot'),(4,133,'Rotorduchmesser','120'),(5,133,'Akkus','2'),(6,133,'Farbe','Rot'),(7,133,'max. Speed','80 kmh'),(8,133,'Gyro','Ja'),(9,133,'Achsen','3-Achsen'),(10,134,'Rotorduchmesser','120'),(11,134,'Akkus','2'),(12,134,'Farbe','Rot');
/*!40000 ALTER TABLE `properties` ENABLE KEYS */;
UNLOCK TABLES;

--
-- Table structure for table `purposes`
--

DROP TABLE IF EXISTS `purposes`;
/*!40101 SET @saved_cs_client     = @@character_set_client */;
/*!40101 SET character_set_client = utf8 */;
CREATE TABLE `purposes` (
  `id` int(11) NOT NULL AUTO_INCREMENT,
  `description` text COLLATE utf8_unicode_ci,
  PRIMARY KEY (`id`)
) ENGINE=InnoDB AUTO_INCREMENT=41 DEFAULT CHARSET=utf8 COLLATE=utf8_unicode_ci;
/*!40101 SET character_set_client = @saved_cs_client */;

--
-- Dumping data for table `purposes`
--

LOCK TABLES `purposes` WRITE;
/*!40000 ALTER TABLE `purposes` DISABLE KEYS */;
INSERT INTO `purposes` VALUES (1,'---\n- Est harum voluptatem aliquam animi.\n- Maiores sunt in nemo.\n'),(2,'---\n- Aut sunt odit error molestiae illum.\n- A debitis sit.\n'),(3,'Ersatzstativ fr die Ausstellung.'),(4,'Ersatzstativ fr die Ausstellung.'),(5,'Ersatzstativ fr die Ausstellung.'),(6,'Ersatzstativ fr die Ausstellung.'),(7,'Ersatzstativ fr die Ausstellung.'),(8,'Ersatzstativ fr die Ausstellung.'),(9,'Ersatzstativ fr die Ausstellung.'),(10,'Ersatzstativ fr die Ausstellung.'),(11,'Ersatzstativ fr die Ausstellung.'),(12,'Ersatzstativ fr die Ausstellung.'),(13,'Ersatzstativ fr die Ausstellung.'),(14,'Ersatzstativ fr die Ausstellung.'),(15,'Quo dolor aperiam quasi animi amet quis minima accusamus.'),(16,'Cum aliquam aut minus.'),(17,'Aut accusantium ex veritatis quos illo nulla praesentium asperiores.'),(18,'Voluptatem voluptate iste unde consequuntur itaque officia error ea.'),(19,'Et nulla vitae repellat veritatis exercitationem aspernatur dignissimos.'),(20,'Ut quisquam explicabo eum unde.'),(21,'Bentige ich fr die Aufnahmen meiner Abschlussarbeit.'),(22,'Eum laboriosam autem unde.'),(23,'Blanditiis laudantium aut sit distinctio laborum in et recusandae.'),(24,'Ersatzstativ fr die Ausstellung.'),(25,'Fr das zweite Austellungswochenende.'),(26,'Fr das dritte Austellungswochenende.'),(27,'Fr die Abschlussarbeit.'),(28,'Ersatzstativ fr die Ausstellung.'),(29,'Um meine Abschlussarbeit zu fotografieren.'),(30,'Eligendi facere dolores ut.'),(31,'Um meine Abschlussarbeit zu fotografieren.'),(32,'Um meine Abschlussarbeit zu fotografieren.'),(33,'Paketausgabe'),(34,'Fr meinen aktuellen Kurs.'),(35,'Ersatzstativ fr die Ausstellung.'),(36,'Um meine Abschlussarbeit zu fotografieren.'),(37,'Fotoshooting (Kurs Fotografie).'),(38,'Brauche ich zwingend fr meinen Kurs.'),(39,'Ganz dringend bentigt fr meine Abschlussarbeit.'),(40,'Als Ersatz.');
/*!40000 ALTER TABLE `purposes` ENABLE KEYS */;
UNLOCK TABLES;

--
-- Table structure for table `schema_migrations`
--

DROP TABLE IF EXISTS `schema_migrations`;
/*!40101 SET @saved_cs_client     = @@character_set_client */;
/*!40101 SET character_set_client = utf8 */;
CREATE TABLE `schema_migrations` (
  `version` varchar(255) COLLATE utf8_unicode_ci NOT NULL,
  UNIQUE KEY `unique_schema_migrations` (`version`)
) ENGINE=InnoDB DEFAULT CHARSET=utf8 COLLATE=utf8_unicode_ci;
/*!40101 SET character_set_client = @saved_cs_client */;

--
-- Dumping data for table `schema_migrations`
--

LOCK TABLES `schema_migrations` WRITE;
/*!40000 ALTER TABLE `schema_migrations` DISABLE KEYS */;
INSERT INTO `schema_migrations` VALUES ('20140410180000'),('20140414100000'),('20140415083535'),('20140417113831'),('20140428092844'),('20140515131025');
/*!40000 ALTER TABLE `schema_migrations` ENABLE KEYS */;
UNLOCK TABLES;

--
-- Table structure for table `settings`
--

DROP TABLE IF EXISTS `settings`;
/*!40101 SET @saved_cs_client     = @@character_set_client */;
/*!40101 SET character_set_client = utf8 */;
CREATE TABLE `settings` (
  `id` int(11) NOT NULL AUTO_INCREMENT,
  `smtp_address` varchar(255) COLLATE utf8_unicode_ci DEFAULT NULL,
  `smtp_port` int(11) DEFAULT NULL,
  `smtp_domain` varchar(255) COLLATE utf8_unicode_ci DEFAULT NULL,
  `local_currency_string` varchar(255) COLLATE utf8_unicode_ci DEFAULT NULL,
  `contract_terms` text COLLATE utf8_unicode_ci,
  `contract_lending_party_string` text COLLATE utf8_unicode_ci,
  `email_signature` varchar(255) COLLATE utf8_unicode_ci DEFAULT NULL,
  `default_email` varchar(255) COLLATE utf8_unicode_ci DEFAULT NULL,
  `deliver_order_notifications` tinyint(1) DEFAULT NULL,
  `user_image_url` varchar(255) COLLATE utf8_unicode_ci DEFAULT NULL,
  `ldap_config` varchar(255) COLLATE utf8_unicode_ci DEFAULT NULL,
  `logo_url` varchar(255) COLLATE utf8_unicode_ci DEFAULT NULL,
  `mail_delivery_method` varchar(255) COLLATE utf8_unicode_ci DEFAULT NULL,
  `smtp_username` varchar(255) COLLATE utf8_unicode_ci DEFAULT NULL,
  `smtp_password` varchar(255) COLLATE utf8_unicode_ci DEFAULT NULL,
  `smtp_enable_starttls_auto` tinyint(1) NOT NULL DEFAULT '0',
  `smtp_openssl_verify_mode` varchar(255) COLLATE utf8_unicode_ci NOT NULL DEFAULT 'none',
  `time_zone` varchar(255) COLLATE utf8_unicode_ci NOT NULL DEFAULT 'Bern',
  `disable_manage_section` tinyint(1) NOT NULL DEFAULT '0',
  `disable_manage_section_message` text COLLATE utf8_unicode_ci,
  `disable_borrow_section` tinyint(1) NOT NULL DEFAULT '0',
  `disable_borrow_section_message` text COLLATE utf8_unicode_ci,
  `text` text COLLATE utf8_unicode_ci,
  PRIMARY KEY (`id`)
) ENGINE=InnoDB AUTO_INCREMENT=2 DEFAULT CHARSET=utf8 COLLATE=utf8_unicode_ci;
/*!40101 SET character_set_client = @saved_cs_client */;

--
-- Dumping data for table `settings`
--

LOCK TABLES `settings` WRITE;
/*!40000 ALTER TABLE `settings` DISABLE KEYS */;
INSERT INTO `settings` VALUES (1,'smtp.zhdk.ch',25,'beta.ausleihe.zhdk.ch','CHF','Die Benutzerin/der Benutzer ist bei unsachgemsser Handhabung oder Verlust schadenersatzpflichtig. Sie/Er verpflichtet sich, das Material sorgfltig zu behandeln und gereinigt zu retournieren. Bei mangelbehafteter oder verspteter Rckgabe kann eine Ausleihsperre (bis zu 6 Monaten) verhngt werden. Das geliehene Material bleibt jederzeit uneingeschrnktes Eigentum der Zrcher Hochschule der Knste und darf ausschliesslich fr schulische Zwecke eingesetzt werden. Mit ihrer/seiner Unterschrift akzeptiert die Benutzerin/der Benutzer diese Bedingungen sowie die \'Richtlinie zur Ausleihe von Sachen\' der ZHdK und etwaige abteilungsspezifische Ausleih-Richtlinien.','Your\nAddress\nHere','Das PZ-leihs Team','sender@example.com',0,'http://www.zhdk.ch/?person/foto&width=100&compressionlevel=0&id={:id}',NULL,'/assets/image-logo-zhdk.png','test',NULL,NULL,0,'none','Bern',0,'',0,'',NULL);
/*!40000 ALTER TABLE `settings` ENABLE KEYS */;
UNLOCK TABLES;

--
-- Table structure for table `suppliers`
--

DROP TABLE IF EXISTS `suppliers`;
/*!40101 SET @saved_cs_client     = @@character_set_client */;
/*!40101 SET character_set_client = utf8 */;
CREATE TABLE `suppliers` (
  `id` int(11) NOT NULL AUTO_INCREMENT,
  `name` varchar(255) COLLATE utf8_unicode_ci DEFAULT NULL,
  `created_at` datetime DEFAULT NULL,
  `updated_at` datetime DEFAULT NULL,
  PRIMARY KEY (`id`)
) ENGINE=InnoDB AUTO_INCREMENT=247 DEFAULT CHARSET=utf8 COLLATE=utf8_unicode_ci;
/*!40101 SET character_set_client = @saved_cs_client */;

--
-- Dumping data for table `suppliers`
--

LOCK TABLES `suppliers` WRITE;
/*!40000 ALTER TABLE `suppliers` DISABLE KEYS */;
INSERT INTO `suppliers` VALUES (1,'modidoloresitaque','2015-09-30 14:27:52','2015-09-30 14:27:52'),(2,'sapienteutvoluptas','2015-09-30 14:27:52','2015-09-30 14:27:52'),(3,'ipsamautquasi','2015-09-30 14:27:52','2015-09-30 14:27:52'),(4,'beataeprovidentipsa','2015-09-30 14:27:52','2015-09-30 14:27:52'),(5,'natusaccusamusatque','2015-09-30 14:27:52','2015-09-30 14:27:52'),(6,'quiaquisaspernatur','2015-09-30 14:27:52','2015-09-30 14:27:52'),(7,'quashicaliquid','2015-09-30 14:27:52','2015-09-30 14:27:52'),(8,'quidemassumendaeum','2015-09-30 14:27:52','2015-09-30 14:27:52'),(9,'quasiautperspiciatis','2015-09-30 14:27:52','2015-09-30 14:27:52'),(10,'eaipsamlaborum','2015-09-30 14:27:52','2015-09-30 14:27:52'),(11,'molestiaeexcepturisuscipit','2015-09-30 14:27:52','2015-09-30 14:27:52'),(12,'suntetquos','2015-09-30 14:27:52','2015-09-30 14:27:52'),(13,'doloremperspiciatisaut','2015-09-30 14:27:52','2015-09-30 14:27:52'),(14,'adipisciquibusdamaut','2015-09-30 14:27:52','2015-09-30 14:27:52'),(15,'molestiaearchitectoqui','2015-09-30 14:27:52','2015-09-30 14:27:52'),(16,'porrodoloreatque','2015-09-30 14:27:52','2015-09-30 14:27:52'),(17,'velitinventorequod','2015-09-30 14:27:52','2015-09-30 14:27:52'),(18,'etsolutaearum','2015-09-30 14:27:52','2015-09-30 14:27:52'),(19,'utnobiset','2015-09-30 14:27:52','2015-09-30 14:27:52'),(20,'utestnesciunt','2015-09-30 14:27:52','2015-09-30 14:27:52'),(21,'etenimassumenda','2015-09-30 14:27:52','2015-09-30 14:27:52'),(22,'atquemolestiaeamet','2015-09-30 14:27:52','2015-09-30 14:27:52'),(23,'voluptatemmolestiaeconsequatur','2015-09-30 14:27:52','2015-09-30 14:27:52'),(24,'quasinostrumatque','2015-09-30 14:27:52','2015-09-30 14:27:52'),(25,'magnierrorexercitationem','2015-09-30 14:27:52','2015-09-30 14:27:52'),(26,'etsuntea','2015-09-30 14:27:52','2015-09-30 14:27:52'),(27,'aliasvoluptaset','2015-09-30 14:27:52','2015-09-30 14:27:52'),(28,'debitisnihilsuscipit','2015-09-30 14:27:52','2015-09-30 14:27:52'),(29,'commodiidnumquam','2015-09-30 14:27:52','2015-09-30 14:27:52'),(30,'quorepellatsit','2015-09-30 14:27:52','2015-09-30 14:27:52'),(31,'voluptatibusblanditiisdistinctio','2015-09-30 14:27:52','2015-09-30 14:27:52'),(32,'adfugainventore','2015-09-30 14:27:52','2015-09-30 14:27:52'),(33,'placeattotamnatus','2015-09-30 14:27:52','2015-09-30 14:27:52'),(34,'sintdolorumaccusantium','2015-09-30 14:27:52','2015-09-30 14:27:52'),(35,'corruptidictaminus','2015-09-30 14:27:52','2015-09-30 14:27:52'),(36,'doloremmollitiatemporibus','2015-09-30 14:27:52','2015-09-30 14:27:52'),(37,'fugiatipsumsit','2015-09-30 14:27:52','2015-09-30 14:27:52'),(38,'aperiamharumut','2015-09-30 14:27:52','2015-09-30 14:27:52'),(39,'idblanditiisvoluptas','2015-09-30 14:27:52','2015-09-30 14:27:52'),(40,'undererumexpedita','2015-09-30 14:27:52','2015-09-30 14:27:52'),(41,'doloribuscorrupticonsequatur','2015-09-30 14:27:52','2015-09-30 14:27:52'),(42,'recusandaeetipsum','2015-09-30 14:27:52','2015-09-30 14:27:52'),(43,'voluptatibusnonaccusantium','2015-09-30 14:27:52','2015-09-30 14:27:52'),(44,'dolorumrecusandaequi','2015-09-30 14:27:52','2015-09-30 14:27:52'),(45,'veladet','2015-09-30 14:27:52','2015-09-30 14:27:52'),(46,'iureethic','2015-09-30 14:27:52','2015-09-30 14:27:52'),(47,'quisquamautemculpa','2015-09-30 14:27:52','2015-09-30 14:27:52'),(48,'etsimiliqueneque','2015-09-30 14:27:52','2015-09-30 14:27:52'),(49,'eosundelaboriosam','2015-09-30 14:27:52','2015-09-30 14:27:52'),(50,'culpalaboriosamquasi','2015-09-30 14:27:52','2015-09-30 14:27:52'),(51,'quiavoluptatesint','2015-09-30 14:27:52','2015-09-30 14:27:52'),(52,'repellatofficiacorporis','2015-09-30 14:27:52','2015-09-30 14:27:52'),(53,'etconsequaturqui','2015-09-30 14:27:52','2015-09-30 14:27:52'),(54,'inmagnienim','2015-09-30 14:27:52','2015-09-30 14:27:52'),(55,'quisquamutnatus','2015-09-30 14:27:52','2015-09-30 14:27:52'),(56,'deseruntperferendisnulla','2015-09-30 14:27:52','2015-09-30 14:27:52'),(57,'inciduntdoloreamet','2015-09-30 14:27:52','2015-09-30 14:27:52'),(58,'numquamdelectusmolestiae','2015-09-30 14:27:52','2015-09-30 14:27:52'),(59,'debitiscorruptiut','2015-09-30 14:27:52','2015-09-30 14:27:52'),(60,'oditillumharum','2015-09-30 14:27:52','2015-09-30 14:27:52'),(61,'eosexpeditanon','2015-09-30 14:27:52','2015-09-30 14:27:52'),(62,'etreiciendisquia','2015-09-30 14:27:52','2015-09-30 14:27:52'),(63,'nostrumutvoluptates','2015-09-30 14:27:52','2015-09-30 14:27:52'),(64,'repudiandaeetrerum','2015-09-30 14:27:52','2015-09-30 14:27:52'),(65,'evenietoptiodoloribus','2015-09-30 14:27:52','2015-09-30 14:27:52'),(66,'itaquerationeeaque','2015-09-30 14:27:52','2015-09-30 14:27:52'),(67,'saepecumarchitecto','2015-09-30 14:27:52','2015-09-30 14:27:52'),(68,'laboriosamcumquepariatur','2015-09-30 14:27:52','2015-09-30 14:27:52'),(69,'numquamprovidentfugiat','2015-09-30 14:27:52','2015-09-30 14:27:52'),(70,'laboresintexplicabo','2015-09-30 14:27:52','2015-09-30 14:27:52'),(71,'utenimcumque','2015-09-30 14:27:52','2015-09-30 14:27:52'),(72,'ametaliquidmagnam','2015-09-30 14:27:52','2015-09-30 14:27:52'),(73,'laboriosamvoluptateaut','2015-09-30 14:27:52','2015-09-30 14:27:52'),(74,'optiodolorquisquam','2015-09-30 14:27:52','2015-09-30 14:27:52'),(75,'voluptatumdoloremoptio','2015-09-30 14:27:52','2015-09-30 14:27:52'),(76,'voluptatibusarchitectofuga','2015-09-30 14:27:52','2015-09-30 14:27:52'),(77,'eumprovidentsit','2015-09-30 14:27:52','2015-09-30 14:27:52'),(78,'omnisetmolestiae','2015-09-30 14:27:52','2015-09-30 14:27:52'),(79,'quasquitotam','2015-09-30 14:27:52','2015-09-30 14:27:52'),(80,'solutarepellendussit','2015-09-30 14:27:52','2015-09-30 14:27:52'),(81,'repellendusidvoluptatum','2015-09-30 14:27:52','2015-09-30 14:27:52'),(82,'velcorruptiitaque','2015-09-30 14:27:52','2015-09-30 14:27:52'),(83,'inipsumnatus','2015-09-30 14:27:52','2015-09-30 14:27:52'),(84,'cupiditatetemporequia','2015-09-30 14:27:52','2015-09-30 14:27:52'),(85,'autteneturreiciendis','2015-09-30 14:27:52','2015-09-30 14:27:52'),(86,'sapienteoccaecatipraesentium','2015-09-30 14:27:52','2015-09-30 14:27:52'),(87,'esteligendivoluptas','2015-09-30 14:27:52','2015-09-30 14:27:52'),(88,'dictanonveniam','2015-09-30 14:27:52','2015-09-30 14:27:52'),(89,'autemautest','2015-09-30 14:27:52','2015-09-30 14:27:52'),(90,'facilismolestiaeesse','2015-09-30 14:27:52','2015-09-30 14:27:52'),(91,'temporibusquiaullam','2015-09-30 14:27:52','2015-09-30 14:27:52'),(92,'consequaturofficiavoluptatem','2015-09-30 14:27:52','2015-09-30 14:27:52'),(93,'enimlaudantiumsit','2015-09-30 14:27:52','2015-09-30 14:27:52'),(94,'voluptashicvel','2015-09-30 14:27:52','2015-09-30 14:27:52'),(95,'ipsumofficiaqui','2015-09-30 14:27:52','2015-09-30 14:27:52'),(96,'estcorporisrem','2015-09-30 14:27:52','2015-09-30 14:27:52'),(97,'quicommodiautem','2015-09-30 14:27:52','2015-09-30 14:27:52'),(98,'solutaconsequaturomnis','2015-09-30 14:27:52','2015-09-30 14:27:52'),(99,'aliquididrepellendus','2015-09-30 14:27:52','2015-09-30 14:27:52'),(100,'isteinquasi','2015-09-30 14:27:52','2015-09-30 14:27:52'),(101,'quiasedautem','2015-09-30 14:27:52','2015-09-30 14:27:52'),(102,'nostrumdelectuset','2015-09-30 14:27:52','2015-09-30 14:27:52'),(103,'quisaccusantiumvoluptatibus','2015-09-30 14:27:52','2015-09-30 14:27:52'),(104,'blanditiispariaturiure','2015-09-30 14:27:52','2015-09-30 14:27:52'),(105,'atqueesttemporibus','2015-09-30 14:27:52','2015-09-30 14:27:52'),(106,'officiadolorumnemo','2015-09-30 14:27:52','2015-09-30 14:27:52'),(107,'quieosveniam','2015-09-30 14:27:52','2015-09-30 14:27:52'),(108,'eumutaut','2015-09-30 14:27:52','2015-09-30 14:27:52'),(109,'dignissimoseoserror','2015-09-30 14:27:52','2015-09-30 14:27:52'),(110,'molestiaeeumlibero','2015-09-30 14:27:52','2015-09-30 14:27:52'),(111,'suscipitsitunde','2015-09-30 14:27:52','2015-09-30 14:27:52'),(112,'estvelitquis','2015-09-30 14:27:52','2015-09-30 14:27:52'),(113,'doloresrecusandaesed','2015-09-30 14:27:52','2015-09-30 14:27:52'),(114,'liberoestnemo','2015-09-30 14:27:52','2015-09-30 14:27:52'),(115,'iustoexsed','2015-09-30 14:27:52','2015-09-30 14:27:52'),(116,'voluptasrerumquo','2015-09-30 14:27:52','2015-09-30 14:27:52'),(117,'culparationelibero','2015-09-30 14:27:52','2015-09-30 14:27:52'),(118,'quisquambeataecupiditate','2015-09-30 14:27:52','2015-09-30 14:27:52'),(119,'impeditminusanimi','2015-09-30 14:27:52','2015-09-30 14:27:52'),(120,'nemofugaquod','2015-09-30 14:27:52','2015-09-30 14:27:52'),(121,'doloresmolestiaeautem','2015-09-30 14:27:52','2015-09-30 14:27:52'),(122,'nisiestquidem','2015-09-30 14:27:52','2015-09-30 14:27:52'),(123,'ducimusquisquamest','2015-09-30 14:27:52','2015-09-30 14:27:52'),(124,'autaccusamusexercitationem','2015-09-30 14:27:52','2015-09-30 14:27:52'),(125,'beataesintrepellat','2015-09-30 14:27:52','2015-09-30 14:27:52'),(126,'aspernaturquibusdamest','2015-09-30 14:27:52','2015-09-30 14:27:52'),(127,'nisicorruptiet','2015-09-30 14:27:52','2015-09-30 14:27:52'),(128,'sintmaximeculpa','2015-09-30 14:27:52','2015-09-30 14:27:52'),(129,'optiovoluptasamet','2015-09-30 14:27:52','2015-09-30 14:27:52'),(130,'itaquesuntpariatur','2015-09-30 14:27:52','2015-09-30 14:27:52'),(131,'namquiarepellendus','2015-09-30 14:27:52','2015-09-30 14:27:52'),(132,'istequismolestias','2015-09-30 14:27:52','2015-09-30 14:27:52'),(133,'temporeteneturunde','2015-09-30 14:27:52','2015-09-30 14:27:52'),(134,'porrorerumlaborum','2015-09-30 14:27:52','2015-09-30 14:27:52'),(135,'eareiciendiset','2015-09-30 14:27:52','2015-09-30 14:27:52'),(136,'quianonrepudiandae','2015-09-30 14:27:52','2015-09-30 14:27:52'),(137,'nobisnecessitatibustempora','2015-09-30 14:27:52','2015-09-30 14:27:52'),(138,'recusandaenemoaut','2015-09-30 14:27:52','2015-09-30 14:27:52'),(139,'sitconsecteturest','2015-09-27 21:31:10','2015-09-27 21:31:10'),(140,'sitsuntquo','2015-09-27 21:31:10','2015-09-27 21:31:10'),(141,'isteetvoluptatem','2015-09-27 21:31:10','2015-09-27 21:31:10'),(142,'inciduntexplicaboeius','2015-09-27 21:31:10','2015-09-27 21:31:10'),(143,'veleligendiad','2015-09-27 21:31:10','2015-09-27 21:31:10'),(144,'numquamdoloribussint','2015-09-27 21:31:10','2015-09-27 21:31:10'),(145,'quitemporibusnam','2015-09-27 21:31:10','2015-09-27 21:31:10'),(146,'quisidnam','2015-09-27 21:31:10','2015-09-27 21:31:10'),(147,'velimpeditdolorem','2015-09-27 21:31:10','2015-09-27 21:31:10'),(148,'exercitationemdoloresquis','2015-09-27 21:31:10','2015-09-27 21:31:10'),(149,'perferendistemporibusdolore','2015-09-27 21:31:11','2015-09-27 21:31:11'),(150,'velanimidolor','2015-09-27 21:31:11','2015-09-27 21:31:11'),(151,'corporissuntoptio','2015-09-27 21:31:11','2015-09-27 21:31:11'),(152,'voluptatesquasimolestiae','2015-09-27 21:31:11','2015-09-27 21:31:11'),(153,'officiadebitistenetur','2015-09-27 21:31:11','2015-09-27 21:31:11'),(154,'suscipitaccusantiumomnis','2015-09-27 21:31:11','2015-09-27 21:31:11'),(155,'cumqueinut','2015-09-27 21:31:11','2015-09-27 21:31:11'),(156,'ullamerrorinventore','2015-09-27 21:31:11','2015-09-27 21:31:11'),(157,'quaeratidveritatis','2015-09-27 21:31:11','2015-09-27 21:31:11'),(158,'remsapientetotam','2015-09-27 21:31:11','2015-09-27 21:31:11'),(159,'ducimusautemab','2015-09-27 21:31:11','2015-09-27 21:31:11'),(160,'etvoluptatumconsequatur','2015-09-27 21:31:11','2015-09-27 21:31:11'),(161,'architectoeumcum','2015-09-26 23:55:43','2015-09-26 23:55:43'),(162,'illumtotamtempora','2015-09-26 23:55:43','2015-09-26 23:55:43'),(163,'pariaturutdolor','2015-09-26 23:55:43','2015-09-26 23:55:43'),(164,'dignissimosestpraesentium','2015-09-26 23:55:43','2015-09-26 23:55:43'),(165,'explicaboautemesse','2015-09-26 23:55:43','2015-09-26 23:55:43'),(166,'quaeratpraesentiumquia','2015-09-23 18:10:04','2015-09-23 18:10:04'),(167,'etmolestiasnobis','2015-09-23 18:10:04','2015-09-23 18:10:04'),(168,'eumminusquia','2015-09-23 18:10:04','2015-09-23 18:10:04'),(169,'autsuntpossimus','2015-09-23 18:10:04','2015-09-23 18:10:04'),(170,'sedundeconsequatur','2015-09-23 18:10:04','2015-09-23 18:10:04'),(171,'ineligendierror','2015-09-23 18:10:04','2015-09-23 18:10:04'),(172,'cumplaceatsed','2015-09-23 18:10:04','2015-09-23 18:10:04'),(173,'corruptianimiipsa','2015-09-23 18:10:04','2015-09-23 18:10:04'),(174,'exveritatiseius','2015-09-30 14:27:52','2015-09-30 14:27:52'),(175,'doloremqueipsafacilis','2015-09-30 14:27:52','2015-09-30 14:27:52'),(176,'laudantiumametlibero','2015-09-30 14:27:52','2015-09-30 14:27:52'),(177,'eumaspernaturquis','2015-09-30 14:27:52','2015-09-30 14:27:52'),(178,'velinautem','2015-09-30 14:27:52','2015-09-30 14:27:52'),(179,'rationemodiveniam','2015-09-30 14:27:52','2015-09-30 14:27:52'),(180,'rationeessemaxime','2015-09-30 14:27:52','2015-09-30 14:27:52'),(181,'etvoluptatemrerum','2015-09-30 14:27:52','2015-09-30 14:27:52'),(182,'quoatrerum','2015-09-30 14:27:52','2015-09-30 14:27:52'),(183,'utetrerum','2015-09-30 14:27:52','2015-09-30 14:27:52'),(184,'utconsequunturquibusdam','2015-09-30 14:27:52','2015-09-30 14:27:52'),(185,'harumevenieteius','2015-09-30 14:27:52','2015-09-30 14:27:52'),(186,'quaeetquibusdam','2015-09-30 14:27:52','2015-09-30 14:27:52'),(187,'asperioresetmaxime','2015-09-30 14:27:52','2015-09-30 14:27:52'),(188,'laboreutest','2015-09-30 14:27:52','2015-09-30 14:27:52'),(189,'nonitaqueomnis','2015-09-30 14:27:52','2015-09-30 14:27:52'),(190,'corruptiquiaet','2015-09-30 14:27:52','2015-09-30 14:27:52'),(191,'occaecatisolutalibero','2015-09-30 14:27:52','2015-09-30 14:27:52'),(192,'utquidoloremque','2015-09-30 14:27:52','2015-09-30 14:27:52'),(193,'adipisciofficiistempore','2015-09-30 14:27:52','2015-09-30 14:27:52'),(194,'quiadipiscirem','2015-09-30 14:27:52','2015-09-30 14:27:52'),(195,'voluptatumtotamea','2015-09-30 14:27:52','2015-09-30 14:27:52'),(196,'fugitestlaborum','2015-09-25 00:00:00','2015-09-25 00:00:00'),(197,'fuganameveniet','2015-09-25 00:00:00','2015-09-25 00:00:00'),(198,'aspernaturvoluptasquae','2015-09-25 00:00:00','2015-09-25 00:00:00'),(199,'errorcommodiqui','2015-09-30 14:27:52','2015-09-30 14:27:52'),(200,'recusandaequibusdammolestiae','2015-09-30 14:27:52','2015-09-30 14:27:52'),(201,'doloratsed','2015-09-30 14:27:52','2015-09-30 14:27:52'),(202,'isteametpossimus','2015-09-30 14:27:52','2015-09-30 14:27:52'),(203,'cupiditatesimiliqueillo','2015-09-30 14:27:52','2015-09-30 14:27:52'),(204,'aliquidblanditiisdeserunt','2015-09-30 14:27:52','2015-09-30 14:27:52'),(205,'liberolaboriosamexercitationem','2015-09-30 14:27:52','2015-09-30 14:27:52'),(206,'quodrepellendusnatus','2015-09-30 14:27:52','2015-09-30 14:27:52'),(207,'praesentiumvoluptatibusipsam','2015-09-30 14:27:52','2015-09-30 14:27:52'),(208,'exercitationemlaborumet','2015-09-30 14:27:52','2015-09-30 14:27:52'),(209,'beataequasaperiam','2015-09-30 14:27:52','2015-09-30 14:27:52'),(210,'dignissimosutanimi','2015-09-30 14:27:52','2015-09-30 14:27:52'),(211,'etodioeum','2015-09-30 14:27:52','2015-09-30 14:27:52'),(212,'eiusquiainventore','2015-09-25 00:00:00','2015-09-25 00:00:00'),(213,'explicaboveritatissit','2015-09-25 00:00:00','2015-09-25 00:00:00'),(214,'autperspiciatissit','2015-09-25 00:00:00','2015-09-25 00:00:00'),(215,'voluptateinventorepraesentium','2015-09-25 00:00:00','2015-09-25 00:00:00'),(216,'veritatisarchitectofacilis','2015-09-30 14:27:52','2015-09-30 14:27:52'),(217,'corporisharumqui','2015-09-30 14:27:52','2015-09-30 14:27:52'),(218,'rerumeaea','2015-09-30 14:27:52','2015-09-30 14:27:52'),(219,'fugitcumquia','2015-09-30 14:27:52','2015-09-30 14:27:52'),(220,'autquireprehenderit','2015-09-30 14:27:52','2015-09-30 14:27:52'),(221,'velitdolorvoluptate','2015-09-30 14:27:52','2015-09-30 14:27:52'),(222,'delectusdoloribuslabore','2015-09-30 14:27:52','2015-09-30 14:27:52'),(223,'doloremexplicaboillum','2015-09-30 14:27:52','2015-09-30 14:27:52'),(224,'enimeaarchitecto','2015-09-30 14:27:52','2015-09-30 14:27:52'),(225,'suntquiaeum','2015-09-30 14:27:52','2015-09-30 14:27:52'),(226,'perspiciatisquiid','2015-09-30 14:27:52','2015-09-30 14:27:52'),(227,'quaeratprovidentdicta','2015-09-30 14:27:52','2015-09-30 14:27:52'),(228,'etcummaxime','2015-09-30 14:27:52','2015-09-30 14:27:52'),(229,'suntfugiatquas','2015-09-30 14:27:52','2015-09-30 14:27:52'),(230,'aliquidnecessitatibusdolore','2015-09-30 14:27:52','2015-09-30 14:27:52'),(231,'quosuteos','2015-09-30 14:27:52','2015-09-30 14:27:52'),(232,'mollitianullaexplicabo','2015-09-30 14:27:52','2015-09-30 14:27:52'),(233,'sedharumdolorum','2015-09-30 14:27:52','2015-09-30 14:27:52'),(234,'abatdistinctio','2015-09-30 14:27:52','2015-09-30 14:27:52'),(235,'quisquiid','2015-09-30 14:27:52','2015-09-30 14:27:52'),(236,'consequunturvitaeullam','2015-09-30 14:27:52','2015-09-30 14:27:52'),(237,'laborumanimitotam','2015-09-30 14:27:52','2015-09-30 14:27:52'),(238,'teneturautemtemporibus','2015-09-30 14:27:52','2015-09-30 14:27:52'),(239,'rerumidunde','2015-09-30 14:27:52','2015-09-30 14:27:52'),(240,'enimundeipsum','2015-09-30 14:27:52','2015-09-30 14:27:52'),(241,'autsolutarepudiandae','2015-09-30 14:27:52','2015-09-30 14:27:52'),(242,'innobisquae','2015-09-30 14:27:52','2015-09-30 14:27:52'),(243,'voluptatedebitisdeserunt','2015-09-30 14:27:52','2015-09-30 14:27:52'),(244,'nesciuntsittenetur','2015-09-30 14:27:52','2015-09-30 14:27:52'),(245,'harumsaepemaxime','2015-09-30 14:27:52','2015-09-30 14:27:52'),(246,'adatquerepudiandae','2015-09-30 14:27:52','2015-09-30 14:27:52');
/*!40000 ALTER TABLE `suppliers` ENABLE KEYS */;
UNLOCK TABLES;

--
-- Table structure for table `users`
--

DROP TABLE IF EXISTS `users`;
/*!40101 SET @saved_cs_client     = @@character_set_client */;
/*!40101 SET character_set_client = utf8 */;
CREATE TABLE `users` (
  `id` int(11) NOT NULL AUTO_INCREMENT,
  `login` varchar(255) COLLATE utf8_unicode_ci DEFAULT NULL,
  `firstname` varchar(255) COLLATE utf8_unicode_ci DEFAULT NULL,
  `lastname` varchar(255) COLLATE utf8_unicode_ci DEFAULT NULL,
  `phone` varchar(255) COLLATE utf8_unicode_ci DEFAULT NULL,
  `authentication_system_id` int(11) DEFAULT '1',
  `unique_id` varchar(255) COLLATE utf8_unicode_ci DEFAULT NULL,
  `email` varchar(255) COLLATE utf8_unicode_ci DEFAULT NULL,
  `badge_id` varchar(255) COLLATE utf8_unicode_ci DEFAULT NULL,
  `address` varchar(255) COLLATE utf8_unicode_ci DEFAULT NULL,
  `city` varchar(255) COLLATE utf8_unicode_ci DEFAULT NULL,
  `zip` varchar(255) COLLATE utf8_unicode_ci DEFAULT NULL,
  `country` varchar(255) COLLATE utf8_unicode_ci DEFAULT NULL,
  `language_id` int(11) DEFAULT NULL,
  `extended_info` text COLLATE utf8_unicode_ci,
  `settings` varchar(1024) COLLATE utf8_unicode_ci DEFAULT NULL,
  `created_at` datetime DEFAULT NULL,
  `updated_at` datetime DEFAULT NULL,
  `delegator_user_id` int(11) DEFAULT NULL,
  PRIMARY KEY (`id`),
  KEY `index_users_on_authentication_system_id` (`authentication_system_id`)
) ENGINE=InnoDB AUTO_INCREMENT=35 DEFAULT CHARSET=utf8 COLLATE=utf8_unicode_ci;
/*!40101 SET character_set_client = @saved_cs_client */;

--
-- Dumping data for table `users`
--

LOCK TABLES `users` WRITE;
/*!40000 ALTER TABLE `users` DISABLE KEYS */;
INSERT INTO `users` VALUES (1,'ramon','Ramon','C.','01679631064',1,'nlto0gz47w1xbisx8c','ramon@zhdk.ch','4c5pv8s5qxfd897tgq','7589 Walter Corners','Kattieside','U-WA1 7BJ','Ukraine',2,NULL,'--- !ruby/hash:ActiveSupport::HashWithIndifferentAccess {}\n','2015-09-30 14:27:52','2015-09-30 14:27:52',NULL),(2,'lindsey_kuhic_8298','Natasha','Romaguera','05591640327',1,'8sehex8j1fw3y4nh4g','blair@luettgen.info','u8z3totpq929s7q9ty','3747 Corwin Expressway','Maxton','F-N1 9BW','Falkland Islands (Malvinas)',1,NULL,'--- !ruby/hash:ActiveSupport::HashWithIndifferentAccess {}\n','2015-09-30 14:27:52','2015-09-30 14:27:52',NULL),(3,'alfredo_8661','Mabelle','Kiehn','0500608682',1,'icyqkggpmsjj0odcrk','maxine_beahan@hansen.biz','bvav5e9psly1684wje','95850 Darby Point','Bayerport','T-ZG3 0EZ','Turkey',1,NULL,'--- !ruby/hash:ActiveSupport::HashWithIndifferentAccess {}\n','2015-09-30 14:27:52','2015-09-30 14:27:52',NULL),(4,'hanna.renner_728','Mckayla','Maggio','01151544168',1,'iiidvk3ftm0p6se9ef','catherine_morar@mannwindler.info','q1cbjvwkscn75vfhc7','113 Cremin Walks','Christopfort','S-WH0 1SL','Saint Lucia',1,NULL,'--- !ruby/hash:ActiveSupport::HashWithIndifferentAccess {}\n','2015-09-30 14:27:52','2015-09-30 14:27:52',NULL),(5,'justina_heaney_3136','Marc','Reichel','05654281866',1,'lbz27mka7czwr72f0f','ofelia@wolf.biz','mwh3p61r7g3iwt5nh6','1267 Huels Skyway','East Deionfort','C-W9X 1AA','Costa Rica',1,NULL,'--- !ruby/hash:ActiveSupport::HashWithIndifferentAccess {}\n','2015-09-30 14:27:52','2015-09-30 14:27:52',NULL),(6,'zaria.haag_7512','Shanelle','Emard','01193744676',1,'yetic5vz3bggy6jkbp','ora@trantow.biz','inj308c6feibzp3m3q','3072 Hegmann Trail','D\'Amoreborough','K-YD6 6TA','Kuwait',1,NULL,'--- !ruby/hash:ActiveSupport::HashWithIndifferentAccess {}\n','2015-09-30 14:27:52','2015-09-30 14:27:52',NULL),(7,'ephraim_3605','Vincent','Satterfield','01137386001',1,'ewym37s1vm3sqchkpv','mitchell@stehrabernathy.co.uk','nohwsq6n7814wtmlas','24131 Willis Circles','West Cathrine','A-CN5R 2NL','Antarctica (the territory South of 60 deg S)',1,NULL,'--- !ruby/hash:ActiveSupport::HashWithIndifferentAccess {}\n','2015-09-30 14:27:52','2015-09-30 14:27:52',NULL),(8,'matti','Matti','S.','0169772276',1,'jv568qpjclf2s0evdg','matti@zhdk.ch','m82agc0i5yogkl7zg6','288 Willa Row','North Merritt','U-C6 5EJ','Ukraine',2,NULL,'--- !ruby/hash:ActiveSupport::HashWithIndifferentAccess {}\n','2015-09-30 14:27:52','2015-09-30 14:27:52',NULL),(9,'mike','Mike','H.','03308204751',1,'umu5dxo5g34g3k3yry','mike@zhdk.ch','1cnn0hf0hpuzq7u15v','6174 Vince Vista','Agustinberg','G-Z8Y 7BZ','Greenland',2,NULL,'--- !ruby/hash:ActiveSupport::HashWithIndifferentAccess {}\n','2015-09-30 14:27:52','2015-09-30 14:27:52',NULL),(10,'andi','Andi','Schuppe','08008738282',1,'e42u22oh06qbxlq5y0','andi@zhdk.ch','27kho3o86j5kogoa68','84868 Schuppe Parks','South Delaney','N-Y4M 2BX','Norway',2,NULL,'--- !ruby/hash:ActiveSupport::HashWithIndifferentAccess {}\n','2015-09-30 14:27:52','2015-09-30 14:27:52',NULL),(11,'luisa_384','Russel','Gibson','01941781223',1,'zm1wou3a3sgshpmj1a','jaycee_vandervort@larkin.com','up1ch97xnvo3tqhwyj','23462 Ankunding Glens','Doristown','M-WE2W 6HG','Malta',2,NULL,'--- !ruby/hash:ActiveSupport::HashWithIndifferentAccess {}\n','2015-09-30 14:27:52','2015-09-30 14:27:52',NULL),(12,'nathaniel.cummerata_4903','Monica','Douglas','05689553293',1,'6sfb9obg3vy57twmyp','anibal_rau@sengermaggio.info','erqa552162w17jbpki','559 Nader Fork','Adamsfort','M-WE3R 7EA','Macao',1,NULL,'--- !ruby/hash:ActiveSupport::HashWithIndifferentAccess {}\n','2015-09-30 14:27:52','2015-09-30 14:27:52',NULL),(13,'graciela_hamill_4205','Bart','Hermiston','0800630683',1,'e8urfy9gmvx0vc1njh','makenzie_grimes@nicolas.co.uk','7crspyce955q3048m8','639 Jakubowski Mountain','Schummmouth','O-U2N 8LJ','Oman',1,NULL,'--- !ruby/hash:ActiveSupport::HashWithIndifferentAccess {}\n','2015-09-30 14:27:52','2015-09-30 14:27:52',NULL),(14,'jazmyne_kshlerin_7286','Addie','Howell','0160031456',1,'db4elk5k4bci3os1dp','skylar.monahan@pfannerstillchristiansen.biz','jiuvkonmyykymjgs41','415 Antone Mills','Durganland','F-Z3R 7AJ','French Southern Territories',1,NULL,'--- !ruby/hash:ActiveSupport::HashWithIndifferentAccess {}\n','2015-09-30 14:27:52','2015-09-30 14:27:52',NULL),(15,'nelson_8990','Annetta','Gerhold','01913681459',1,'kpx6e9uigo2lxe1via','chyna@yost.com','xbxt3m1n3tzcjxyv2h','82584 Brekke Ramp','Port Juliofurt','S-WU6 5LZ','Sri Lanka',1,NULL,'--- !ruby/hash:ActiveSupport::HashWithIndifferentAccess {}\n','2015-09-30 14:27:52','2015-09-30 14:27:52',NULL),(16,'lilyan_hegmann_6865','German','Ferry','08448397964',1,'s1vjq8jad7l5nbk2ns','peggie@bogisichwehner.info','tvs0qgcc8ny0h90m8n','17021 Weber Well','Hettingerhaven','D-W4P 2LJ','Djibouti',1,NULL,'--- !ruby/hash:ActiveSupport::HashWithIndifferentAccess {}\n','2015-09-30 14:27:52','2015-09-30 14:27:52',NULL),(17,'gino','Gino','F.','05584098743',1,'4nu03g59xpq36jn3fe','gino@zhdk.ch','yq7reg8lq62w2ixjr7','53292 Balistreri Neck','Mableborough','S-Y8W 5BJ','Sao Tome and Principe',2,NULL,'--- !ruby/hash:ActiveSupport::HashWithIndifferentAccess {}\n','2015-09-30 14:27:52','2015-09-30 14:27:52',NULL),(18,'pius','Pius','Quitzon','09701494448',1,'exp3kmgrqc66kuwtyt','pius@zhdk.ch','fj1pexa487tqszomsa','22169 O\'Reilly Locks','West Lionelview','A-E6P 8HL','Antigua and Barbuda',2,NULL,'--- !ruby/hash:ActiveSupport::HashWithIndifferentAccess {}\n','2015-09-30 14:27:52','2015-09-30 14:27:52',NULL),(19,'peter','Peter','Silie','05639936603',1,'h1cy7ryw7pzgsi11sg','peter@silie.com','dtqhfb7cnck2pdvkd3','54134 Christiansen Ford','Dareport','E-W4 3GR','El Salvador',2,NULL,'--- !ruby/hash:ActiveSupport::HashWithIndifferentAccess {}\n','2015-09-30 14:27:52','2015-09-30 14:27:52',NULL),(20,'kariane_5773','Benjamin','Cormier','0184508664',1,'69tmd965o3nsvkorl8','alfreda@medhurst.name','5bgcvm7fhepvxt166s','6006 Adrien Trail','Marcelinomouth','C-UN7 3JZ','Cuba',1,NULL,'--- !ruby/hash:ActiveSupport::HashWithIndifferentAccess {}\n','2015-09-30 14:27:52','2015-09-30 14:27:52',NULL),(21,'allie_7035','Name','Wiegand','01187040664',1,'kjmxr93yos1pfz1sqc','theodore@harveyrolfson.com','p9ewd4se7fiwuf6aka','30387 Towne Greens','Isaihaven','Y-W0 3AY','Yemen',1,NULL,'--- !ruby/hash:ActiveSupport::HashWithIndifferentAccess {}\n','2015-09-30 14:27:52','2015-09-30 14:27:52',NULL),(22,'emily_4668','Katelyn','Cruickshank','01119536079',1,'dpsxw4uswk7drh23d3','claudine@cummerata.info','tfmnblhbk0u3hdbu1l','674 Huel Flat','Destanychester','R-ZT3V 7JA','Republic of Korea',1,NULL,'--- !ruby/hash:ActiveSupport::HashWithIndifferentAccess {}\n','2015-09-30 14:27:52','2015-09-30 14:27:52',NULL),(23,'jeffrey_5613','Keshaun','Schumm','08005707779',1,'2yfe71a0w8hj0aiicu','augustine.gorczany@volkmanhyatt.biz','3g121ke265rqtqwdk3','10789 Gusikowski Stream','North Billiehaven','G-W0 6YY','Greece',1,NULL,'--- !ruby/hash:ActiveSupport::HashWithIndifferentAccess {}\n','2015-09-30 14:27:52','2015-09-30 14:27:52',NULL),(24,'luciano_6118','Delphia','Streich','05531948669',1,'pf2x0bm0brg84875pt','david@kogutkowski.com','aztu7ohy2ep56susex','319 Tillman Union','Darrenburgh','I-ZK1X 1FW','Isle of Man',1,NULL,'--- !ruby/hash:ActiveSupport::HashWithIndifferentAccess {}\n','2015-09-25 00:00:00','2015-09-25 00:00:00',NULL),(25,'joana.cole_7002','Nelda','Walker','02106849107',1,'g2nue421tx9u1z8c9p','rosetta@breitenberg.co.uk','nrqb1vowl208xuguso','38816 Tobin Way','East Sinceremouth','T-UC0 2AE','Tonga',1,NULL,'--- !ruby/hash:ActiveSupport::HashWithIndifferentAccess {}\n','2015-09-25 00:00:00','2015-09-25 00:00:00',NULL),(26,'mina','Mina','Hintz','09704720187',1,'plxmt9rytmkfxv8l0y','mina@zhdk.ch','jwme87fz8qzgas1fzw','635 Nikolaus Overpass','New Margarettahaven','C-ZS5P 6BJ','Cocos (Keeling) Islands',1,NULL,'--- !ruby/hash:ActiveSupport::HashWithIndifferentAccess {}\n','2015-09-30 14:27:52','2015-09-30 14:27:52',NULL),(27,'julie','Julie','Eichmann','01715529850',1,'ev59h2osdkudgmzhxb','julie@zhdk.ch','4c9a2tcr9ssv40epqy','1021 Predovic Cape','Braunbury','S-Y7W 5FJ','San Marino',1,NULL,'--- !ruby/hash:ActiveSupport::HashWithIndifferentAccess {}\n','2015-09-30 14:27:52','2015-09-30 14:27:52',NULL),(28,NULL,'Dicta est provident facilis aut veniam molestiae.',NULL,NULL,NULL,NULL,NULL,NULL,NULL,NULL,NULL,NULL,1,NULL,'--- !ruby/hash:ActiveSupport::HashWithIndifferentAccess {}\n','2015-09-30 14:27:52','2015-09-30 14:27:52',27),(29,NULL,'Mollitia molestiae tempora nam.',NULL,NULL,NULL,NULL,NULL,NULL,NULL,NULL,NULL,NULL,1,NULL,'--- !ruby/hash:ActiveSupport::HashWithIndifferentAccess {}\n','2015-09-30 14:27:52','2015-09-30 14:27:52',26),(30,NULL,'Optio repudiandae quidem consequatur sunt sit eveniet non et.',NULL,NULL,NULL,NULL,NULL,NULL,NULL,NULL,NULL,NULL,1,NULL,'--- !ruby/hash:ActiveSupport::HashWithIndifferentAccess {}\n','2015-09-30 14:27:52','2015-09-30 14:27:52',26),(31,NULL,'Explicabo doloribus sunt qui delectus cumque dolor quibusdam.',NULL,NULL,NULL,NULL,NULL,NULL,NULL,NULL,NULL,NULL,1,NULL,'--- !ruby/hash:ActiveSupport::HashWithIndifferentAccess {}\n','2015-09-30 14:27:52','2015-09-30 14:27:52',26),(32,'normin','Normin','N.','05556252759',1,'qsiy3mpq9c70yc4lg2','normin@zhdk.ch','us0qb8vtlexs8ke1kz','3983 Delaney Drives','Walkerstad','I-Y0W 4HZ','Indonesia',2,NULL,'--- !ruby/hash:ActiveSupport::HashWithIndifferentAccess {}\n','2015-09-30 14:27:52','2015-09-30 14:27:52',NULL),(33,'petra','Petra','K.','02314895645',1,'hhpwmabr0tumzrzpzu','petra@zhdk.ch','cks2k5rans8ziqa4h6','9218 Stoltenberg Oval, ','Gottliebstad','G-WV47 8JH','Grenada',2,NULL,'--- !ruby/hash:ActiveSupport::HashWithIndifferentAccess {}\n','2015-09-30 14:27:52','2015-09-30 14:27:52',NULL),(34,'lisa','Lisa','L.','01791002491',1,'rbi64v9d6o3icv5env','lisa@zhdk.ch','8k6a8ee1d4rzhtfw3z','5155 Lubowitz Mills','Hermistonmouth','K-Z0 3NS','Kiribati',2,NULL,'--- !ruby/hash:ActiveSupport::HashWithIndifferentAccess {}\n','2015-09-30 14:27:52','2015-09-30 14:27:52',NULL);
/*!40000 ALTER TABLE `users` ENABLE KEYS */;
UNLOCK TABLES;

--
-- Temporary table structure for view `visit_lines`
--

DROP TABLE IF EXISTS `visit_lines`;
/*!50001 DROP VIEW IF EXISTS `visit_lines`*/;
SET @saved_cs_client     = @@character_set_client;
SET character_set_client = utf8;
/*!50001 CREATE TABLE `visit_lines` (
  `visit_id` varchar(86),
  `inventory_pool_id` int(11),
  `user_id` int(11),
  `delegated_user_id` int(11),
  `status` enum('unsubmitted','submitted','rejected','approved','signed','closed'),
  `action` varchar(9),
  `date` date,
  `quantity` int(11),
  `contract_line_id` int(11)
) ENGINE=MyISAM */;
SET character_set_client = @saved_cs_client;

--
-- Temporary table structure for view `visits`
--

DROP TABLE IF EXISTS `visits`;
/*!50001 DROP VIEW IF EXISTS `visits`*/;
SET @saved_cs_client     = @@character_set_client;
SET character_set_client = utf8;
/*!50001 CREATE TABLE `visits` (
  `id` varchar(86),
  `inventory_pool_id` int(11),
  `user_id` int(11),
  `status` enum('unsubmitted','submitted','rejected','approved','signed','closed'),
  `action` varchar(9),
  `date` date,
  `quantity` decimal(32,0)
) ENGINE=MyISAM */;
SET character_set_client = @saved_cs_client;

--
-- Table structure for table `workdays`
--

DROP TABLE IF EXISTS `workdays`;
/*!40101 SET @saved_cs_client     = @@character_set_client */;
/*!40101 SET character_set_client = utf8 */;
CREATE TABLE `workdays` (
  `id` int(11) NOT NULL AUTO_INCREMENT,
  `inventory_pool_id` int(11) DEFAULT NULL,
  `monday` tinyint(1) DEFAULT '1',
  `tuesday` tinyint(1) DEFAULT '1',
  `wednesday` tinyint(1) DEFAULT '1',
  `thursday` tinyint(1) DEFAULT '1',
  `friday` tinyint(1) DEFAULT '1',
  `saturday` tinyint(1) DEFAULT '0',
  `sunday` tinyint(1) DEFAULT '0',
  PRIMARY KEY (`id`),
  KEY `index_workdays_on_inventory_pool_id` (`inventory_pool_id`)
) ENGINE=InnoDB AUTO_INCREMENT=14 DEFAULT CHARSET=utf8 COLLATE=utf8_unicode_ci;
/*!40101 SET character_set_client = @saved_cs_client */;

--
-- Dumping data for table `workdays`
--

LOCK TABLES `workdays` WRITE;
/*!40000 ALTER TABLE `workdays` DISABLE KEYS */;
INSERT INTO `workdays` VALUES (1,1,1,1,1,1,1,0,0),(2,2,1,1,1,1,1,0,0),(3,3,1,1,1,1,1,0,0),(4,4,1,1,1,1,1,0,0),(5,5,1,1,1,1,1,0,0),(6,6,1,1,1,1,1,0,0),(7,7,1,1,1,1,1,0,0),(8,8,1,1,1,1,1,0,0),(9,9,1,1,1,1,1,0,0),(10,10,1,1,1,1,1,0,0),(11,11,1,1,1,1,1,0,0),(12,12,1,1,1,1,1,0,0),(13,13,1,1,1,1,1,0,0);
/*!40000 ALTER TABLE `workdays` ENABLE KEYS */;
UNLOCK TABLES;

--
-- Final view structure for view `partitions_with_generals`
--

/*!50001 DROP TABLE IF EXISTS `partitions_with_generals`*/;
/*!50001 DROP VIEW IF EXISTS `partitions_with_generals`*/;
/*!50001 SET @saved_cs_client          = @@character_set_client */;
/*!50001 SET @saved_cs_results         = @@character_set_results */;
/*!50001 SET @saved_col_connection     = @@collation_connection */;
/*!50001 SET character_set_client      = utf8 */;
/*!50001 SET character_set_results     = utf8 */;
/*!50001 SET collation_connection      = utf8_general_ci */;
/*!50001 CREATE ALGORITHM=UNDEFINED */
/*!50001 VIEW `partitions_with_generals` AS select `partitions`.`model_id` AS `model_id`,`partitions`.`inventory_pool_id` AS `inventory_pool_id`,`partitions`.`group_id` AS `group_id`,`partitions`.`quantity` AS `quantity` from `partitions` union select `i`.`model_id` AS `model_id`,`i`.`inventory_pool_id` AS `inventory_pool_id`,NULL AS `group_id`,(count(`i`.`id`) - ifnull((select sum(`p`.`quantity`) from `partitions` `p` where ((`p`.`model_id` = `i`.`model_id`) and (`p`.`inventory_pool_id` = `i`.`inventory_pool_id`)) group by `p`.`inventory_pool_id`,`p`.`model_id`),0)) AS `quantity` from `items` `i` where (isnull(`i`.`retired`) and (`i`.`is_borrowable` = 1) and isnull(`i`.`parent_id`)) group by `i`.`inventory_pool_id`,`i`.`model_id` */;
/*!50001 SET character_set_client      = @saved_cs_client */;
/*!50001 SET character_set_results     = @saved_cs_results */;
/*!50001 SET collation_connection      = @saved_col_connection */;

--
-- Final view structure for view `visit_lines`
--

/*!50001 DROP TABLE IF EXISTS `visit_lines`*/;
/*!50001 DROP VIEW IF EXISTS `visit_lines`*/;
/*!50001 SET @saved_cs_client          = @@character_set_client */;
/*!50001 SET @saved_cs_results         = @@character_set_results */;
/*!50001 SET @saved_col_connection     = @@collation_connection */;
/*!50001 SET character_set_client      = utf8 */;
/*!50001 SET character_set_results     = utf8 */;
/*!50001 SET collation_connection      = utf8_general_ci */;
/*!50001 CREATE ALGORITHM=UNDEFINED */
/*!50001 VIEW `visit_lines` AS select hex(concat(if((`c`.`status` = 'approved'),`cl`.`start_date`,`cl`.`end_date`),`c`.`inventory_pool_id`,`c`.`user_id`,`c`.`status`)) AS `visit_id`,`c`.`inventory_pool_id` AS `inventory_pool_id`,`c`.`user_id` AS `user_id`,`c`.`delegated_user_id` AS `delegated_user_id`,`c`.`status` AS `status`,if((`c`.`status` = 'approved'),'hand_over','take_back') AS `action`,if((`c`.`status` = 'approved'),`cl`.`start_date`,`cl`.`end_date`) AS `date`,`cl`.`quantity` AS `quantity`,`cl`.`id` AS `contract_line_id` from (`contract_lines` `cl` join `contracts` `c` on((`cl`.`contract_id` = `c`.`id`))) where ((`c`.`status` in ('approved','signed')) and isnull(`cl`.`returned_date`)) order by if((`c`.`status` = 'approved'),`cl`.`start_date`,`cl`.`end_date`) */;
/*!50001 SET character_set_client      = @saved_cs_client */;
/*!50001 SET character_set_results     = @saved_cs_results */;
/*!50001 SET collation_connection      = @saved_col_connection */;

--
-- Final view structure for view `visits`
--

/*!50001 DROP TABLE IF EXISTS `visits`*/;
/*!50001 DROP VIEW IF EXISTS `visits`*/;
/*!50001 SET @saved_cs_client          = @@character_set_client */;
/*!50001 SET @saved_cs_results         = @@character_set_results */;
/*!50001 SET @saved_col_connection     = @@collation_connection */;
/*!50001 SET character_set_client      = utf8 */;
/*!50001 SET character_set_results     = utf8 */;
/*!50001 SET collation_connection      = utf8_general_ci */;
/*!50001 CREATE ALGORITHM=UNDEFINED */
/*!50001 VIEW `visits` AS select hex(concat(`visit_lines`.`date`,`visit_lines`.`inventory_pool_id`,`visit_lines`.`user_id`,`visit_lines`.`status`)) AS `id`,`visit_lines`.`inventory_pool_id` AS `inventory_pool_id`,`visit_lines`.`user_id` AS `user_id`,`visit_lines`.`status` AS `status`,`visit_lines`.`action` AS `action`,`visit_lines`.`date` AS `date`,sum(`visit_lines`.`quantity`) AS `quantity` from `visit_lines` group by `visit_lines`.`user_id`,`visit_lines`.`status`,`visit_lines`.`date`,`visit_lines`.`inventory_pool_id` */;
/*!50001 SET character_set_client      = @saved_cs_client */;
/*!50001 SET character_set_results     = @saved_cs_results */;
/*!50001 SET collation_connection      = @saved_col_connection */;
/*!40103 SET TIME_ZONE=@OLD_TIME_ZONE */;

/*!40101 SET SQL_MODE=@OLD_SQL_MODE */;
/*!40014 SET FOREIGN_KEY_CHECKS=@OLD_FOREIGN_KEY_CHECKS */;
/*!40014 SET UNIQUE_CHECKS=@OLD_UNIQUE_CHECKS */;
/*!40101 SET CHARACTER_SET_CLIENT=@OLD_CHARACTER_SET_CLIENT */;
/*!40101 SET CHARACTER_SET_RESULTS=@OLD_CHARACTER_SET_RESULTS */;
/*!40101 SET COLLATION_CONNECTION=@OLD_COLLATION_CONNECTION */;
/*!40111 SET SQL_NOTES=@OLD_SQL_NOTES */;

-- Dump completed on 2014-06-06 11:51:36
COMMIT;
