SET autocommit=0; SET unique_checks=0; SET foreign_key_checks=0;
-- MySQL dump 10.13  Distrib 5.1.48, for apple-darwin10.3.0 (i386)
--
-- Host: localhost    Database: leihs2_test
-- ------------------------------------------------------
-- Server version	5.1.48

/*!40101 SET @OLD_CHARACTER_SET_CLIENT=@@CHARACTER_SET_CLIENT */;
/*!40101 SET @OLD_CHARACTER_SET_RESULTS=@@CHARACTER_SET_RESULTS */;
/*!40101 SET @OLD_COLLATION_CONNECTION=@@COLLATION_CONNECTION */;
/*!40101 SET NAMES utf8 */;
/*!40103 SET @OLD_TIME_ZONE=@@TIME_ZONE */;
/*!40103 SET TIME_ZONE='+00:00' */;
/*!40014 SET @OLD_UNIQUE_CHECKS=@@UNIQUE_CHECKS, UNIQUE_CHECKS=0 */;
/*!40014 SET @OLD_FOREIGN_KEY_CHECKS=@@FOREIGN_KEY_CHECKS, FOREIGN_KEY_CHECKS=0 */;
/*!40101 SET @OLD_SQL_MODE=@@SQL_MODE, SQL_MODE='NO_AUTO_VALUE_ON_ZERO' */;
/*!40111 SET @OLD_SQL_NOTES=@@SQL_NOTES, SQL_NOTES=0 */;

--
-- Table structure for table `access_rights`
--

DROP TABLE IF EXISTS `access_rights`;
/*!40101 SET @saved_cs_client     = @@character_set_client */;
/*!40101 SET character_set_client = utf8 */;
CREATE TABLE `access_rights` (
  `id` int(11) NOT NULL AUTO_INCREMENT,
  `user_id` int(11) DEFAULT NULL,
  `inventory_pool_id` int(11) DEFAULT NULL,
  `suspended_until` date DEFAULT NULL,
  `suspended_reason` text COLLATE utf8_unicode_ci,
  `deleted_at` date DEFAULT NULL,
  `created_at` datetime DEFAULT NULL,
  `updated_at` datetime DEFAULT NULL,
  `role` enum('customer','group_manager','lending_manager','inventory_manager','admin') COLLATE utf8_unicode_ci NOT NULL,
  PRIMARY KEY (`id`),
  KEY `index_access_rights_on_suspended_until` (`suspended_until`),
  KEY `index_access_rights_on_deleted_at` (`deleted_at`),
  KEY `index_access_rights_on_inventory_pool_id` (`inventory_pool_id`),
  KEY `index_access_rights_on_role` (`role`),
  KEY `index_on_user_id_and_inventory_pool_id_and_deleted_at` (`user_id`,`inventory_pool_id`,`deleted_at`)
) ENGINE=InnoDB AUTO_INCREMENT=42 DEFAULT CHARSET=utf8 COLLATE=utf8_unicode_ci;
/*!40101 SET character_set_client = @saved_cs_client */;

--
-- Dumping data for table `access_rights`
--

LOCK TABLES `access_rights` WRITE;
/*!40000 ALTER TABLE `access_rights` DISABLE KEYS */;
INSERT INTO `access_rights` VALUES (1,1,NULL,NULL,NULL,NULL,'2014-12-23 02:51:57','2014-12-23 02:51:57','admin'),(2,3,3,NULL,NULL,NULL,'2014-12-23 02:51:57','2014-12-23 02:51:57','customer'),(3,4,1,NULL,NULL,NULL,'2014-12-23 02:51:57','2014-12-23 02:51:57','lending_manager'),(4,5,5,NULL,NULL,NULL,'2014-12-23 02:51:57','2014-12-23 02:51:57','customer'),(5,6,10,NULL,NULL,NULL,'2014-12-23 02:51:57','2014-12-23 02:51:57','customer'),(6,7,1,NULL,NULL,'2014-12-23','2014-12-23 02:51:57','2014-12-23 02:51:57','customer'),(7,1,1,NULL,NULL,NULL,'2014-12-23 02:51:57','2014-12-23 02:51:57','customer'),(8,8,2,NULL,NULL,NULL,'2014-12-23 02:51:57','2014-12-23 02:51:57','inventory_manager'),(9,9,1,NULL,NULL,NULL,'2014-12-23 02:51:57','2014-12-23 02:51:57','inventory_manager'),(10,9,11,NULL,NULL,NULL,'2014-12-23 02:51:57','2014-12-23 02:51:57','inventory_manager'),(11,10,1,NULL,NULL,NULL,'2014-12-23 02:51:57','2014-12-23 02:51:57','group_manager'),(12,10,2,NULL,NULL,NULL,'2014-12-23 02:51:57','2014-12-23 02:51:57','group_manager'),(13,10,3,NULL,NULL,NULL,'2014-12-23 02:51:57','2014-12-23 02:51:57','group_manager'),(14,11,1,NULL,NULL,NULL,'2014-12-23 02:51:57','2014-12-23 02:51:57','group_manager'),(15,12,1,NULL,NULL,NULL,'2014-12-23 02:51:57','2014-12-23 02:51:57','customer'),(16,13,1,'2014-12-23','suspreason',NULL,'2014-12-23 02:51:57','2014-12-23 02:51:57','customer'),(17,14,1,NULL,NULL,NULL,'2014-12-23 02:51:57','2014-12-23 02:51:57','customer'),(18,15,1,NULL,NULL,NULL,'2014-12-23 02:51:57','2014-12-23 02:51:57','customer'),(19,16,1,NULL,NULL,NULL,'2014-12-23 02:51:57','2014-12-23 02:51:57','customer'),(20,17,NULL,NULL,NULL,NULL,'2014-12-23 02:51:57','2014-12-23 02:51:57','admin'),(21,18,1,NULL,NULL,NULL,'2014-12-23 02:51:57','2014-12-23 02:51:57','lending_manager'),(22,18,2,NULL,NULL,NULL,'2014-12-23 02:51:57','2014-12-23 02:51:57','lending_manager'),(23,19,1,NULL,NULL,NULL,'2014-12-23 02:51:57','2014-12-23 02:51:57','customer'),(24,20,1,NULL,NULL,NULL,'2014-12-23 02:51:57','2014-12-23 02:51:57','customer'),(25,21,1,NULL,NULL,NULL,'2014-12-23 02:51:57','2014-12-23 02:51:57','customer'),(26,22,1,NULL,NULL,NULL,'2014-12-23 02:51:57','2014-12-23 02:51:57','customer'),(27,23,1,NULL,NULL,NULL,'2014-12-23 02:51:57','2014-12-23 02:51:57','customer'),(28,24,2,'2014-12-19','Sit amet debitis qui.',NULL,'2014-12-18 00:00:00','2014-12-18 00:00:00','customer'),(29,26,1,NULL,NULL,NULL,'2014-12-23 02:51:57','2014-12-23 02:51:57','customer'),(30,27,1,NULL,NULL,NULL,'2014-12-23 02:51:57','2014-12-23 02:51:57','customer'),(31,28,1,NULL,NULL,NULL,'2014-12-23 02:51:57','2014-12-23 02:51:57','customer'),(32,29,1,NULL,NULL,NULL,'2014-12-23 02:51:57','2014-12-23 02:51:57','customer'),(33,31,1,NULL,NULL,NULL,'2014-12-23 02:51:57','2014-12-23 02:51:57','customer'),(34,31,12,NULL,NULL,NULL,'2014-12-23 02:51:57','2014-12-23 02:51:57','customer'),(35,31,13,NULL,NULL,NULL,'2014-12-23 02:51:57','2014-12-23 02:51:57','customer'),(36,32,1,NULL,NULL,NULL,'2014-12-23 02:51:57','2014-12-23 02:51:57','customer'),(37,32,2,NULL,NULL,NULL,'2014-12-23 02:51:57','2014-12-23 02:51:57','customer'),(38,32,3,NULL,NULL,NULL,'2014-12-23 02:51:57','2014-12-23 02:51:57','customer'),(39,32,13,NULL,NULL,'2014-12-22','2014-12-23 02:51:57','2014-12-23 02:51:57','customer'),(40,33,1,NULL,NULL,NULL,'2014-12-23 02:51:57','2014-12-23 02:51:57','customer'),(41,34,1,NULL,NULL,NULL,'2014-12-23 02:51:57','2014-12-23 02:51:57','customer');
/*!40000 ALTER TABLE `access_rights` ENABLE KEYS */;
UNLOCK TABLES;

--
-- Table structure for table `accessories`
--

DROP TABLE IF EXISTS `accessories`;
/*!40101 SET @saved_cs_client     = @@character_set_client */;
/*!40101 SET character_set_client = utf8 */;
CREATE TABLE `accessories` (
  `id` int(11) NOT NULL AUTO_INCREMENT,
  `model_id` int(11) DEFAULT NULL,
  `name` varchar(255) COLLATE utf8_unicode_ci DEFAULT NULL,
  `quantity` int(11) DEFAULT NULL,
  PRIMARY KEY (`id`),
  KEY `index_accessories_on_model_id` (`model_id`)
) ENGINE=InnoDB AUTO_INCREMENT=504 DEFAULT CHARSET=utf8 COLLATE=utf8_unicode_ci;
/*!40101 SET character_set_client = @saved_cs_client */;

--
-- Dumping data for table `accessories`
--

LOCK TABLES `accessories` WRITE;
/*!40000 ALTER TABLE `accessories` DISABLE KEYS */;
INSERT INTO `accessories` VALUES (1,1,'Miss Sylvester Nolan',NULL),(2,1,'Eleanore Aufderhar',NULL),(3,1,'Mrs. Toy Simonis',NULL),(4,1,'Maggie Dach',NULL),(5,1,'Fatima Rohan III',NULL),(6,2,'Tyrese Thompson',NULL),(7,2,'Aida Hilll',NULL),(8,3,'Martin Renner II',NULL),(9,3,'Blake Kuhn',NULL),(10,3,'Magnus Wehner',NULL),(11,4,'Fritz Corwin',NULL),(12,4,'Maynard Langosh',NULL),(13,4,'Linnie Okuneva PhD',NULL),(14,4,'Richmond O\'Reilly',NULL),(15,5,'Ms. Ari Hauck',NULL),(16,5,'Griffin Hartmann',NULL),(17,6,'Eric Gutkowski',NULL),(18,7,'Miss Dovie Breitenberg',NULL),(19,7,'Tracy Barrows',NULL),(20,7,'Ms. Peter Mann',NULL),(21,8,'Ms. Clemmie Tillman',NULL),(22,8,'Ross D\'Amore',NULL),(23,8,'Annamae Morissette II',NULL),(24,9,'Lurline Kilback',NULL),(25,9,'Margret Schaefer',NULL),(26,9,'Ms. Quinton Gutmann',NULL),(27,9,'Loy Nienow',NULL),(28,9,'Mrs. Matilde Zieme',NULL),(29,10,'Otto Nader',NULL),(30,10,'Vaughn Connelly',NULL),(31,10,'Miss Mohamed Nicolas',NULL),(32,11,'Lenny Stoltenberg MD',NULL),(33,11,'Litzy Dietrich',NULL),(34,11,'Caroline Goyette',NULL),(35,12,'Titus Schaefer',NULL),(36,12,'Trenton Huels',NULL),(37,12,'Electa Adams',NULL),(38,12,'Mr. Skylar Kris',NULL),(39,13,'Kelvin Frami',NULL),(40,13,'Vivienne Schneider',NULL),(41,13,'Mrs. Spencer Collins',NULL),(42,13,'Rollin Rolfson PhD',NULL),(43,13,'Calista Hills',NULL),(44,14,'Delbert Goldner DVM',NULL),(45,14,'Jakayla Weissnat',NULL),(46,14,'Juwan Waelchi',NULL),(47,14,'Dr. Janet Will',NULL),(48,14,'Danyka Fritsch',NULL),(49,15,'Ms. Cloyd Hayes',NULL),(50,15,'Rhoda Harber',NULL),(51,16,'Loyal Lindgren Sr.',NULL),(52,16,'Mr. Reanna Bradtke',NULL),(53,16,'Herbert Brekke',NULL),(54,16,'Joyce Schowalter',NULL),(55,16,'Jonathon Heaney',NULL),(56,17,'Crawford Koss',NULL),(57,17,'Estella Baumbach',NULL),(58,18,'Okey Wunsch',NULL),(59,18,'Geraldine Beier',NULL),(60,18,'Lew Zulauf',NULL),(61,18,'Cindy Grimes',NULL),(62,19,'Taurean Abshire',NULL),(63,19,'Mrs. Prince Swaniawski',NULL),(64,19,'Nicholaus Feeney',NULL),(65,20,'Clay Boyle',NULL),(66,20,'Erling McLaughlin IV',NULL),(67,21,'Olen Strosin',NULL),(68,22,'Lauretta Parisian',NULL),(69,22,'Myrtle Ankunding',NULL),(70,22,'Clay Ward',NULL),(71,23,'Daren Bednar Jr.',NULL),(72,24,'Dr. Gonzalo Kunze',NULL),(73,24,'Letitia Fay DDS',NULL),(74,24,'Xzavier Stokes IV',NULL),(75,24,'Yasmine Mosciski',NULL),(76,24,'Brant Ward',NULL),(77,25,'Toy Orn',NULL),(78,25,'Madie Ledner',NULL),(79,25,'Rosie Rodriguez',NULL),(80,25,'Serenity Mayert',NULL),(81,26,'Yvonne Gerlach',NULL),(82,26,'Ms. Harvey Hamill',NULL),(83,27,'Raquel McKenzie',NULL),(84,27,'May Ruecker',NULL),(85,28,'Quinn Quitzon',NULL),(86,28,'Jade Kuvalis',NULL),(87,28,'Kailee Fay',NULL),(88,29,'Vergie Gutkowski',NULL),(89,29,'Charlotte Volkman',NULL),(90,29,'Ms. Alexie Kub',NULL),(91,29,'Gerson Crona',NULL),(92,30,'Bette Dietrich MD',NULL),(93,30,'Benton Gulgowski',NULL),(94,30,'Maya Mann',NULL),(95,31,'Ms. Leatha Bartoletti',NULL),(96,31,'Ethelyn Reichel',NULL),(97,32,'Dawn Bergnaum',NULL),(98,33,'Ada Schmeler II',NULL),(99,33,'Rose Aufderhar',NULL),(100,33,'Elizabeth Pfeffer',NULL),(101,33,'Mylene Marks',NULL),(102,33,'Mrs. Jackie Jacobs',NULL),(103,34,'Genesis Sauer',NULL),(104,35,'Winona Brakus',NULL),(105,36,'Mr. Colt Rowe',NULL),(106,36,'Leslie Torp',NULL),(107,37,'Orrin Hintz',NULL),(108,37,'Amparo Balistreri',NULL),(109,37,'Mrs. Arturo Pollich',NULL),(110,37,'Ariane Heaney',NULL),(111,37,'Jensen Wuckert',NULL),(112,38,'Jennifer Bradtke',NULL),(113,38,'Zackery Graham',NULL),(114,38,'Rebeca Kunde',NULL),(115,38,'Ezra Leuschke II',NULL),(116,38,'Marjory Abshire',NULL),(117,39,'Maxine Baumbach',NULL),(118,39,'Elijah Lowe',NULL),(119,39,'Roosevelt Mosciski',NULL),(120,39,'Ms. Trinity Schuppe',NULL),(121,39,'Eliane Doyle',NULL),(122,40,'Maude Schulist',NULL),(123,40,'Lamont MacGyver',NULL),(124,40,'Gerard Reilly',NULL),(125,41,'Doyle Heidenreich',NULL),(126,41,'Mr. Arden Schowalter',NULL),(127,42,'Griffin Romaguera',NULL),(128,43,'Lucienne Becker V',NULL),(129,43,'Demetrius Larson',NULL),(130,43,'Mrs. Luella Ziemann',NULL),(131,43,'Ms. Glenna Herzog',NULL),(132,43,'Anastacio Bins DVM',NULL),(133,44,'Miss Kamren Greenfelder',NULL),(134,44,'Emmie Conn',NULL),(135,44,'Jaclyn Hilpert',NULL),(136,44,'Tate Hilpert',NULL),(137,45,'Gillian Blanda',NULL),(138,45,'Ms. Angelo Collier',NULL),(139,46,'Mr. Russell Rohan',NULL),(140,46,'Karli Parker',NULL),(141,46,'Elisa Rutherford',NULL),(142,46,'Andres Zemlak DDS',NULL),(143,47,'Bret Bartell DVM',NULL),(144,47,'Nelle Lemke',NULL),(145,47,'Krystina Legros',NULL),(146,47,'Isidro Mayert MD',NULL),(147,47,'Johann Rath',NULL),(148,48,'Orval Kutch',NULL),(149,48,'Clemens Funk',NULL),(150,48,'Judge Fadel',NULL),(151,48,'Elvera Blick',NULL),(152,49,'Ms. Reese Miller',NULL),(153,50,'Nestor Marks',NULL),(154,50,'Alia Bode',NULL),(155,50,'Lamar Bergstrom',NULL),(156,50,'Jada Legros',NULL),(157,51,'Michael Hoeger I',NULL),(158,51,'Trinity Harvey',NULL),(159,51,'Izabella Heidenreich',NULL),(160,52,'Ms. Ernestine Kuhlman',NULL),(161,53,'Maxime Bogisich',NULL),(162,53,'Orpha Feest',NULL),(163,53,'Fermin Hahn PhD',NULL),(164,53,'Wellington Kautzer',NULL),(165,54,'Mikel Macejkovic I',NULL),(166,54,'Dustin Wolff',NULL),(167,54,'Jesse Labadie',NULL),(168,54,'Cordie Sawayn',NULL),(169,55,'Miss Polly Mante',NULL),(170,55,'Mr. Riley Corkery',NULL),(171,55,'Haylee Trantow',NULL),(172,55,'Ron Kub',NULL),(173,56,'Timmy Johnston II',NULL),(174,56,'Rodrick Huel III',NULL),(175,56,'Chauncey Pagac V',NULL),(176,56,'Ms. Paolo Maggio',NULL),(177,56,'Freddy Hauck Jr.',NULL),(178,57,'Blanca Schultz',NULL),(179,57,'Adolph Heidenreich',NULL),(180,58,'Kirk Conn',NULL),(181,58,'Lillie Beier',NULL),(182,59,'Jaylen Christiansen',NULL),(183,59,'Adrienne Kutch',NULL),(184,59,'Kathryne Wisoky Sr.',NULL),(185,59,'Yvette Fadel',NULL),(186,59,'Alessia Dare',NULL),(187,60,'Vicenta Terry',NULL),(188,61,'Ara Lubowitz',NULL),(189,61,'Katheryn Kiehn Sr.',NULL),(190,61,'Liana Auer MD',NULL),(191,61,'Mr. Max Leannon',NULL),(192,61,'Diana Breitenberg',NULL),(193,62,'Jaunita Torphy',NULL),(194,62,'Jordon Deckow',NULL),(195,62,'Roberta Lesch',NULL),(196,62,'Roxanne Brakus MD',NULL),(197,63,'Guiseppe Green',NULL),(198,64,'Bailey Prohaska',NULL),(199,65,'Bertram Mueller',NULL),(200,65,'Ms. Piper Reynolds',NULL),(201,65,'Dr. Jarrett Bins',NULL),(202,65,'Carmelo Weber',NULL),(203,66,'Otho Reilly',NULL),(204,66,'Tobin Macejkovic',NULL),(205,67,'Mrs. Virgie Dickens',NULL),(206,67,'Dallin Douglas PhD',NULL),(207,67,'Erling McClure',NULL),(208,67,'Golden Rogahn II',NULL),(209,67,'Jayde Pfeffer IV',NULL),(210,68,'Noel Feest',NULL),(211,69,'Dr. Gregg Schimmel',NULL),(212,69,'Jovanny Medhurst III',NULL),(213,70,'Amie Upton',NULL),(214,71,'August Grady',NULL),(215,71,'Mr. Rosie Romaguera',NULL),(216,71,'Turner Kling',NULL),(217,71,'Araceli Beahan',NULL),(218,71,'Ms. Darby Klocko',NULL),(219,72,'Newell Quitzon',NULL),(220,72,'Emie Barrows',NULL),(221,73,'Palma Raynor',NULL),(222,73,'Emma Marvin',NULL),(223,73,'Miss Aiyana Mraz',NULL),(224,73,'Glenna Emard',NULL),(225,74,'Lorenz Homenick MD',NULL),(226,74,'Jodie Kertzmann PhD',NULL),(227,74,'Quinton Balistreri',NULL),(228,75,'Elwin Reilly',NULL),(229,75,'Nella Wyman',NULL),(230,76,'Cielo Bruen',NULL),(231,76,'Donald Stamm',NULL),(232,76,'Arnoldo Wiza DDS',NULL),(233,77,'Alberto Franecki DDS',NULL),(234,77,'Golda Bartell',NULL),(235,77,'Ashleigh McGlynn',NULL),(236,78,'Durward Johns',NULL),(237,78,'Ms. Mauricio Kertzmann',NULL),(238,78,'Miss Amparo Hoeger',NULL),(239,78,'Aaron Renner',NULL),(240,78,'Benjamin Cartwright',NULL),(241,79,'Beaulah Zulauf V',NULL),(242,80,'Wilma Murray',NULL),(243,80,'Mrs. Josephine Quigley',NULL),(244,80,'Jalyn Stroman',NULL),(245,80,'Pascale Lowe',NULL),(246,81,'Antonina Waelchi',NULL),(247,81,'Mr. Howard Balistreri',NULL),(248,81,'Dr. Elda Toy',NULL),(249,81,'Darian Heidenreich',NULL),(250,82,'Randy Predovic',NULL),(251,82,'Hellen Willms II',NULL),(252,82,'Jedidiah Orn',NULL),(253,82,'Carson Senger DVM',NULL),(254,83,'Chanelle Wisozk',NULL),(255,83,'Tianna Effertz',NULL),(256,84,'Ms. Evans Schuppe',NULL),(257,84,'Nathanael Powlowski',NULL),(258,85,'Kristoffer Buckridge',NULL),(259,85,'Dovie Wilkinson DDS',NULL),(260,86,'Georgiana Morar IV',NULL),(261,86,'Cassie Pouros',NULL),(262,86,'Pierre Hansen',NULL),(263,87,'Maybell Blanda',NULL),(264,87,'Mina Abshire',NULL),(265,87,'Morris Reichert',NULL),(266,87,'Polly Schowalter',NULL),(267,88,'Antonia Beier II',NULL),(268,89,'Lilliana Pacocha',NULL),(269,89,'Mr. Lenny Halvorson',NULL),(270,89,'Emory Jenkins V',NULL),(271,90,'Ayden Hirthe IV',NULL),(272,91,'Savanah Fahey',NULL),(273,91,'Demario Parker',NULL),(274,92,'Lucy Morissette',NULL),(275,92,'Brain Morar',NULL),(276,92,'Gus Towne Sr.',NULL),(277,92,'Wellington Hane',NULL),(278,93,'Freddy Lehner',NULL),(279,93,'Ruthie Cormier PhD',NULL),(280,93,'Jaquelin Jacobs',NULL),(281,93,'Ms. Jeanette Barrows',NULL),(282,94,'Jayme Schuster',NULL),(283,94,'Shana Cassin',NULL),(284,94,'Genesis Bauch',NULL),(285,94,'Tod Skiles',NULL),(286,94,'Dr. Louisa Kuvalis',NULL),(287,95,'Mrs. Frida Schneider',NULL),(288,96,'Dr. Patrick Bins',NULL),(289,96,'Caesar Casper',NULL),(290,97,'Austin Williamson',NULL),(291,97,'Lucile Bergnaum',NULL),(292,97,'Viva Skiles',NULL),(293,97,'Theodora Rogahn',NULL),(294,98,'Amelia Pacocha',NULL),(295,98,'Kendrick Schuppe I',NULL),(296,98,'Manley Halvorson',NULL),(297,98,'Mr. Alexandria Larkin',NULL),(298,98,'Miss Darrel Von',NULL),(299,99,'Ariane Bernhard',NULL),(300,100,'Emmalee Pagac MD',NULL),(301,100,'Cullen Graham',NULL),(302,100,'Wade Barton I',NULL),(303,101,'Mrs. Orin Connelly',NULL),(304,101,'Ms. Cedrick Schimmel',NULL),(305,101,'Mrs. Patricia Schneider',NULL),(306,101,'Dillan Maggio',NULL),(307,102,'Leda Dickens',NULL),(308,102,'Madisen Skiles',NULL),(309,102,'Estella Beatty',NULL),(310,102,'Eleazar Ankunding',NULL),(311,102,'Karlie Denesik IV',NULL),(312,103,'Marjolaine Stracke',NULL),(313,103,'Patience King',NULL),(314,103,'Rosalinda Gottlieb',NULL),(315,104,'Asia Schultz',NULL),(316,104,'Meggie Sanford',NULL),(317,104,'Marcos Kessler DDS',NULL),(318,104,'Octavia Emmerich',NULL),(319,104,'Mr. Brandyn Rohan',NULL),(320,105,'Mr. Justyn Kuhic',NULL),(321,105,'Jordy Schultz',NULL),(322,105,'Lori Feeney I',NULL),(323,106,'Jettie Gorczany',NULL),(324,106,'Mrs. Eleanora Walsh',NULL),(325,106,'Maida Medhurst',NULL),(326,106,'Jett Abernathy',NULL),(327,106,'Dr. Emely Daniel',NULL),(328,107,'Brandy Simonis',NULL),(329,107,'Annabel Carter',NULL),(330,107,'Virgil Romaguera',NULL),(331,108,'Edmund Braun',NULL),(332,108,'Helene Legros Jr.',NULL),(333,108,'Dr. Francesca Altenwerth',NULL),(334,108,'Mr. Elza Lockman',NULL),(335,109,'Zoe Kassulke',NULL),(336,110,'Miss Guiseppe Crona',NULL),(337,110,'Kelley Hansen',NULL),(338,111,'Juliet Ryan',NULL),(339,111,'Alexandre Collins',NULL),(340,112,'Kathleen Blanda',NULL),(341,112,'Kathryn Koch',NULL),(342,112,'Deshawn Schinner',NULL),(343,113,'Vladimir Kunde',NULL),(344,114,'Carolyn Spencer',NULL),(345,114,'Arno Heathcote',NULL),(346,115,'Cruz Schimmel DVM',NULL),(347,115,'Keagan Schiller',NULL),(348,116,'Mr. Lavina Yundt',NULL),(349,116,'Linwood Hessel V',NULL),(350,116,'Dr. Rafaela Effertz',NULL),(351,116,'Odell Mraz Jr.',NULL),(352,117,'Orpha Bashirian',NULL),(353,117,'Lorenz Kris',NULL),(354,117,'Emil Spencer',NULL),(355,117,'Haylie Witting IV',NULL),(356,118,'Grady Reichert',NULL),(357,118,'Durward Larkin',NULL),(358,118,'Jayne Dooley',NULL),(359,118,'Dr. Jermaine Schultz',NULL),(360,118,'Susana Carter',NULL),(361,119,'Dr. Rebekah Koss',NULL),(362,120,'Hilda Roberts',NULL),(363,120,'Ms. Tate Simonis',NULL),(364,120,'Audra Hauck',NULL),(365,121,'Hilma Schulist',NULL),(366,121,'Ms. Amani Huels',NULL),(367,121,'Pansy Swaniawski',NULL),(368,122,'Jaden Padberg',NULL),(369,122,'Tillman Weissnat',NULL),(370,122,'Fannie Boehm',NULL),(371,122,'Luciano Franecki DVM',NULL),(372,123,'Oceane Adams Sr.',NULL),(373,124,'Hazel Berge',NULL),(374,124,'Rosalind Batz',NULL),(375,124,'Dr. Marisol Waters',NULL),(376,124,'Jaiden Thompson',NULL),(377,124,'Giovanna Kris',NULL),(378,125,'Vergie Feil',NULL),(379,125,'Christy Thompson',NULL),(380,125,'Shirley Kohler',NULL),(381,125,'Ms. Vidal Deckow',NULL),(382,126,'Osvaldo Hammes',NULL),(383,126,'Justyn Stroman',NULL),(384,126,'Mr. Madilyn Harris',NULL),(385,126,'Justyn Franecki',NULL),(386,127,'Jaeden O\'Hara IV',NULL),(387,127,'Dr. Vincenza Crist',NULL),(388,128,'Miss Abdul Batz',NULL),(389,128,'Oleta Lemke',NULL),(390,128,'Reuben Konopelski',NULL),(391,128,'Katarina Dickinson V',NULL),(392,129,'Tina Stamm',NULL),(393,129,'Joshua King I',NULL),(394,129,'Trey Sporer',NULL),(395,129,'Nicholaus O\'Keefe',NULL),(396,130,'Osvaldo Murray',NULL),(397,130,'Wyman Considine',NULL),(398,130,'Austen Haag',NULL),(399,130,'Kali Abernathy',NULL),(400,130,'Aditya Eichmann',NULL),(401,131,'Demetrius Hamill',NULL),(402,131,'Amelie Walsh',NULL),(403,131,'Kathryn Denesik PhD',NULL),(404,132,'Rasheed Weissnat',NULL),(405,132,'Lawson Nolan',NULL),(406,133,'Casper Doyle',NULL),(407,134,'Miss Olen Collier',NULL),(408,135,'Brain Hickle PhD',NULL),(409,135,'Craig Dickens',NULL),(410,136,'Ms. Maryam Romaguera',NULL),(411,136,'Rashawn Thiel',NULL),(412,136,'Soledad Quigley',NULL),(413,137,'Dana Spinka',NULL),(414,137,'Ally Wiegand',NULL),(415,137,'Carmel Brekke',NULL),(416,138,'Elna Gleason DVM',NULL),(417,138,'Marguerite Schultz',NULL),(418,138,'Arvilla Toy',NULL),(419,138,'Miss Antwon Walsh',NULL),(420,139,'Vesta Baumbach',NULL),(421,139,'Mrs. Clay Hoeger',NULL),(422,139,'Weldon Hilll',NULL),(423,139,'Carroll Greenfelder',NULL),(424,139,'Carleton Heaney',NULL),(425,140,'Hyman Stiedemann',NULL),(426,140,'Brooklyn Smith',NULL),(427,140,'Johathan Kub V',NULL),(428,141,'Coy Wolff',NULL),(429,141,'Dr. Nyah Cruickshank',NULL),(430,141,'Efrain Tromp',NULL),(431,141,'Brandt Ernser MD',NULL),(432,142,'Ms. Kennith Kuphal',NULL),(433,142,'Kaden Smitham',NULL),(434,142,'Candace Conn Jr.',NULL),(435,143,'Uriel Kihn DDS',NULL),(436,143,'Helmer Jerde',NULL),(437,143,'Aisha Kreiger',NULL),(438,143,'Brenda Huel',NULL),(439,144,'Rhianna Prosacco DDS',NULL),(440,144,'Lester Kuhn',NULL),(441,144,'Mr. Bobby Beer',NULL),(442,145,'Ms. Jalen Bartoletti',NULL),(443,145,'Otho Volkman',NULL),(444,146,'Ernie McKenzie',NULL),(445,147,'Henry Padberg',NULL),(446,148,'Nikita Pouros',NULL),(447,148,'Eugenia Walter',NULL),(448,148,'Ocie DuBuque Jr.',NULL),(449,148,'Gianni Ullrich',NULL),(450,149,'Crawford Powlowski',NULL),(451,150,'Agustina Senger',NULL),(452,150,'Maia Ledner',NULL),(453,150,'Miss Ewell Von',NULL),(454,150,'Brionna Bartoletti',NULL),(455,151,'Mercedes Wisozk Jr.',NULL),(456,151,'Johnson Botsford',NULL),(457,152,'Ezra Hegmann',NULL),(458,152,'Vicky Ernser DVM',NULL),(459,152,'Christian Kunze',NULL),(460,152,'Chelsey Kunde',NULL),(461,153,'Montana Ebert IV',NULL),(462,154,'Elnora Maggio',NULL),(463,154,'Molly Mann',NULL),(464,154,'Dorthy Nienow',NULL),(465,155,'Darren Dickens III',NULL),(466,155,'Amani Gulgowski V',NULL),(467,155,'Berenice Pacocha',NULL),(468,155,'Arlene Boehm',NULL),(469,156,'Eduardo Graham',NULL),(470,156,'Llewellyn Rowe',NULL),(471,156,'Dr. Enos Hirthe',NULL),(472,156,'Murl Dickinson',NULL),(473,156,'Cassie Welch',NULL),(474,157,'Mohammad Koch Jr.',NULL),(475,157,'Albert Zemlak',NULL),(476,157,'Rosalinda Haley',NULL),(477,158,'Estevan McDermott',NULL),(478,158,'Mrs. Sigmund Harber',NULL),(479,159,'Giovani Hodkiewicz',NULL),(480,159,'Trey Borer',NULL),(481,159,'Claude Bednar III',NULL),(482,160,'May Oberbrunner III',NULL),(483,160,'Andy Yundt',NULL),(484,161,'Nora Schmeler',NULL),(485,161,'Keyon Rowe',NULL),(486,162,'Kitty Upton',NULL),(487,162,'Mario Lindgren',NULL),(488,162,'Tito Kohler DDS',NULL),(489,162,'Jaquelin McGlynn',NULL),(490,162,'Dr. Madisyn Luettgen',NULL),(491,163,'Keenan Bartell',NULL),(492,163,'Zoie Connelly',NULL),(493,163,'Sterling Hessel',NULL),(494,163,'Favian Jaskolski',NULL),(495,164,'Uriel Fay',NULL),(496,165,'Nora Waelchi',NULL),(497,165,'Mr. Jo Muller',NULL),(498,165,'Cayla Schmidt',NULL),(499,165,'Felton Larkin',NULL),(500,165,'Saul Streich',NULL),(501,166,'Elliot McGlynn',NULL),(502,166,'Dr. Erwin Prohaska',NULL),(503,166,'Karson Willms DVM',NULL);
/*!40000 ALTER TABLE `accessories` ENABLE KEYS */;
UNLOCK TABLES;

--
-- Table structure for table `accessories_inventory_pools`
--

DROP TABLE IF EXISTS `accessories_inventory_pools`;
/*!40101 SET @saved_cs_client     = @@character_set_client */;
/*!40101 SET character_set_client = utf8 */;
CREATE TABLE `accessories_inventory_pools` (
  `accessory_id` int(11) DEFAULT NULL,
  `inventory_pool_id` int(11) DEFAULT NULL,
  UNIQUE KEY `index_accessories_inventory_pools` (`accessory_id`,`inventory_pool_id`),
  KEY `index_accessories_inventory_pools_on_inventory_pool_id` (`inventory_pool_id`)
) ENGINE=InnoDB DEFAULT CHARSET=utf8 COLLATE=utf8_unicode_ci;
/*!40101 SET character_set_client = @saved_cs_client */;

--
-- Dumping data for table `accessories_inventory_pools`
--

LOCK TABLES `accessories_inventory_pools` WRITE;
/*!40000 ALTER TABLE `accessories_inventory_pools` DISABLE KEYS */;
INSERT INTO `accessories_inventory_pools` VALUES (2,1),(3,1),(5,1),(6,1),(7,1),(8,1),(9,1),(14,1),(17,1),(19,1),(21,1),(22,1),(23,1),(24,1),(25,1),(30,1),(34,1),(38,1),(41,1),(42,1),(43,1),(44,1),(45,1),(47,1),(51,1),(52,1),(53,1),(54,1),(55,1),(57,1),(58,1),(59,1),(60,1),(62,1),(63,1),(64,1),(66,1),(68,1),(71,1),(72,1),(73,1),(74,1),(75,1),(76,1),(78,1),(79,1),(83,1),(90,1),(92,1),(93,1),(94,1),(95,1),(98,1),(99,1),(100,1),(101,1),(102,1),(103,1),(104,1),(106,1),(107,1),(108,1),(111,1),(112,1),(116,1),(120,1),(122,1),(123,1),(125,1),(126,1),(132,1),(135,1),(137,1),(138,1),(139,1),(140,1),(144,1),(146,1),(148,1),(150,1),(151,1),(154,1),(155,1),(157,1),(160,1),(161,1),(163,1),(165,1),(166,1),(167,1),(168,1),(169,1),(171,1),(172,1),(173,1),(175,1),(177,1),(183,1),(184,1),(185,1),(187,1),(188,1),(189,1),(190,1),(194,1),(195,1),(196,1),(198,1),(199,1),(202,1),(203,1),(204,1),(213,1),(215,1),(216,1),(222,1),(223,1),(224,1),(225,1),(230,1),(232,1),(235,1),(236,1),(238,1),(240,1),(241,1),(244,1),(245,1),(247,1),(249,1),(250,1),(254,1),(255,1),(257,1),(258,1),(260,1),(261,1),(263,1),(267,1),(268,1),(270,1),(272,1),(273,1),(276,1),(278,1),(280,1),(283,1),(285,1),(288,1),(289,1),(290,1),(291,1),(294,1),(295,1),(296,1),(298,1),(301,1),(302,1),(305,1),(306,1),(308,1),(309,1),(310,1),(311,1),(312,1),(314,1),(317,1),(318,1),(319,1),(320,1),(321,1),(322,1),(325,1),(326,1),(328,1),(332,1),(333,1),(334,1),(335,1),(337,1),(338,1),(343,1),(345,1),(346,1),(348,1),(352,1),(353,1),(354,1),(355,1),(357,1),(359,1),(362,1),(364,1),(367,1),(368,1),(370,1),(371,1),(372,1),(376,1),(379,1),(381,1),(382,1),(383,1),(387,1),(391,1),(393,1),(394,1),(396,1),(400,1),(402,1),(403,1),(404,1),(406,1),(407,1),(412,1),(413,1),(414,1),(415,1),(417,1),(418,1),(422,1),(423,1),(424,1),(426,1),(430,1),(431,1),(432,1),(433,1),(435,1),(437,1),(438,1),(440,1),(441,1),(442,1),(443,1),(450,1),(455,1),(456,1),(457,1),(460,1),(463,1),(466,1),(470,1),(471,1),(473,1),(475,1),(478,1),(479,1),(481,1),(485,1),(490,1),(491,1),(494,1),(496,1),(497,1),(499,1),(500,1),(501,1),(503,1);
/*!40000 ALTER TABLE `accessories_inventory_pools` ENABLE KEYS */;
UNLOCK TABLES;

--
-- Table structure for table `addresses`
--

DROP TABLE IF EXISTS `addresses`;
/*!40101 SET @saved_cs_client     = @@character_set_client */;
/*!40101 SET character_set_client = utf8 */;
CREATE TABLE `addresses` (
  `id` int(11) NOT NULL AUTO_INCREMENT,
  `street` varchar(255) COLLATE utf8_unicode_ci DEFAULT NULL,
  `zip_code` varchar(255) COLLATE utf8_unicode_ci DEFAULT NULL,
  `city` varchar(255) COLLATE utf8_unicode_ci DEFAULT NULL,
  `country_code` varchar(255) COLLATE utf8_unicode_ci DEFAULT NULL,
  `latitude` float DEFAULT NULL,
  `longitude` float DEFAULT NULL,
  PRIMARY KEY (`id`),
  UNIQUE KEY `index_addresses_on_street_and_zip_code_and_city_and_country_code` (`street`,`zip_code`,`city`,`country_code`)
) ENGINE=InnoDB DEFAULT CHARSET=utf8 COLLATE=utf8_unicode_ci;
/*!40101 SET character_set_client = @saved_cs_client */;

--
-- Dumping data for table `addresses`
--

LOCK TABLES `addresses` WRITE;
/*!40000 ALTER TABLE `addresses` DISABLE KEYS */;
/*!40000 ALTER TABLE `addresses` ENABLE KEYS */;
UNLOCK TABLES;

--
-- Table structure for table `attachments`
--

DROP TABLE IF EXISTS `attachments`;
/*!40101 SET @saved_cs_client     = @@character_set_client */;
/*!40101 SET character_set_client = utf8 */;
CREATE TABLE `attachments` (
  `id` int(11) NOT NULL AUTO_INCREMENT,
  `model_id` int(11) DEFAULT NULL,
  `is_main` tinyint(1) DEFAULT '0',
  `content_type` varchar(255) COLLATE utf8_unicode_ci DEFAULT NULL,
  `filename` varchar(255) COLLATE utf8_unicode_ci DEFAULT NULL,
  `size` int(11) DEFAULT NULL,
  PRIMARY KEY (`id`),
  KEY `index_attachments_on_model_id` (`model_id`)
) ENGINE=InnoDB AUTO_INCREMENT=6 DEFAULT CHARSET=utf8 COLLATE=utf8_unicode_ci;
/*!40101 SET character_set_client = @saved_cs_client */;

--
-- Dumping data for table `attachments`
--

LOCK TABLES `attachments` WRITE;
/*!40000 ALTER TABLE `attachments` DISABLE KEYS */;
INSERT INTO `attachments` VALUES (1,153,0,'image/jpeg','molestiae',NULL),(2,154,0,'image/jpeg','modi',NULL),(3,163,0,'image/jpeg','iusto',NULL),(4,164,0,'image/jpeg','sunt',NULL),(5,164,0,'image/jpeg','aut',NULL);
/*!40000 ALTER TABLE `attachments` ENABLE KEYS */;
UNLOCK TABLES;

--
-- Table structure for table `authentication_systems`
--

DROP TABLE IF EXISTS `authentication_systems`;
/*!40101 SET @saved_cs_client     = @@character_set_client */;
/*!40101 SET character_set_client = utf8 */;
CREATE TABLE `authentication_systems` (
  `id` int(11) NOT NULL AUTO_INCREMENT,
  `name` varchar(255) COLLATE utf8_unicode_ci DEFAULT NULL,
  `class_name` varchar(255) COLLATE utf8_unicode_ci DEFAULT NULL,
  `is_default` tinyint(1) DEFAULT '0',
  `is_active` tinyint(1) DEFAULT '0',
  PRIMARY KEY (`id`)
) ENGINE=InnoDB AUTO_INCREMENT=7 DEFAULT CHARSET=utf8 COLLATE=utf8_unicode_ci;
/*!40101 SET character_set_client = @saved_cs_client */;

--
-- Dumping data for table `authentication_systems`
--

LOCK TABLES `authentication_systems` WRITE;
/*!40000 ALTER TABLE `authentication_systems` DISABLE KEYS */;
INSERT INTO `authentication_systems` VALUES (1,'Database Authentication','DatabaseAuthentication',1,1),(2,'LDAP Authentication','LdapAuthentication',0,0),(3,'ZHDK Authentication','Zhdk',0,0),(4,'Database Authentication','DatabaseAuthentication',1,1),(5,'LDAP Authentication','LdapAuthentication',0,0),(6,'ZHDK Authentication','Zhdk',0,0);
/*!40000 ALTER TABLE `authentication_systems` ENABLE KEYS */;
UNLOCK TABLES;

--
-- Table structure for table `buildings`
--

DROP TABLE IF EXISTS `buildings`;
/*!40101 SET @saved_cs_client     = @@character_set_client */;
/*!40101 SET character_set_client = utf8 */;
CREATE TABLE `buildings` (
  `id` int(11) NOT NULL AUTO_INCREMENT,
  `name` varchar(255) COLLATE utf8_unicode_ci DEFAULT NULL,
  `code` varchar(255) COLLATE utf8_unicode_ci DEFAULT NULL,
  PRIMARY KEY (`id`)
) ENGINE=InnoDB AUTO_INCREMENT=200 DEFAULT CHARSET=utf8 COLLATE=utf8_unicode_ci;
/*!40101 SET character_set_client = @saved_cs_client */;

--
-- Dumping data for table `buildings`
--

LOCK TABLES `buildings` WRITE;
/*!40000 ALTER TABLE `buildings` DISABLE KEYS */;
INSERT INTO `buildings` VALUES (1,'Great Pyramid of Giza','ZZZ'),(2,'Eamaioresquo','ips'),(3,'Occaecatidoloresprovident','aut'),(4,'Abetnon','qui'),(5,'Dolorautofficia','etv'),(6,'Inciduntquiimpedit','bla'),(7,'Delenitifugitrerum','dol'),(8,'Aperiametadipisci','und'),(9,'Quaevoluptatesminima','err'),(10,'Expeditaquibusdamquo','non'),(11,'Perspiciatissitvel','aut'),(12,'Occaecatiestnostrum','asp'),(13,'Accusantiumipsumsint','lau'),(14,'Consequunturperspiciatissimilique','eni'),(15,'Consecteturquisquamqui','lau'),(16,'Doloresestprovident','etq'),(17,'Istequiaaliquid','ete'),(18,'Excepturiabquaerat','ett'),(19,'Magnammaioresut','odi'),(20,'Distinctiosuntquibusdam','cum'),(21,'Animidolorescum','vel'),(22,'Sedplaceatconsequatur','qui'),(23,'Velremexpedita','aqu'),(24,'Sunteaquedoloribus','deb'),(25,'Nihileossapiente','exe'),(26,'Autnullaaccusantium','opt'),(27,'Errorfacilissit','max'),(28,'Enimdeseruntvoluptas','qua'),(29,'Culpaeadignissimos','exe'),(30,'Veritatispariaturmaiores','ali'),(31,'Aspernaturmagniratione','mol'),(32,'Temporedistinctiofacilis','aut'),(33,'Quieaqueprovident','est'),(34,'Facilisbeataerepellendus','qui'),(35,'Porroquinatus','vol'),(36,'Enimessedolorem','nih'),(37,'Laborumdeseruntaut','eve'),(38,'Illumautea','eve'),(39,'Quiavoluptatemet','nob'),(40,'Corruptiquisquamsint','rer'),(41,'Atqueaccusantiumbeatae','lab'),(42,'Quisutvelit','tem'),(43,'Nesciuntenimminima','rem'),(44,'Quasmollitiaculpa','aut'),(45,'Placeatdoloresquod','dol'),(46,'Quiaautemquasi','qui'),(47,'Ausstellungsstrasse 60','AU60'),(48,'Ausstellungsstrasse 60','AU60'),(49,'Atquequised','nes'),(50,'Velatquevoluptatem','mol'),(51,'Eaquedelenitiunde','qui'),(52,'Suscipitomnisaperiam','omn'),(53,'Ducimusutqui','aut'),(54,'Temporavitaequis','com'),(55,'Quoexcepturimagni','par'),(56,'Quisuscipitcorrupti','ali'),(57,'Harumerroriure','etl'),(58,'Expeditacorruptiexcepturi','vol'),(59,'Laudantiumsuntesse','non'),(60,'Solutacupiditatedistinctio','aut'),(61,'Dolorecommodiet','vel'),(62,'Quisquametmaxime','qui'),(63,'Quodvoluptasvel','eaq'),(64,'Eaquevoluptatibusut','qui'),(65,'Rationevoluptasex','omn'),(66,'Excepturireiciendisquae','atr'),(67,'Molestiaedoloremqueexcepturi','pos'),(68,'Dolorumquonobis','etc'),(69,'Quireprehenderitsequi','dol'),(70,'Providentquodporro','quo'),(71,'Etetquam','arc'),(72,'Temporavoluptatesnecessitatibus','ani'),(73,'Eumaperiamut','qui'),(74,'Eligendietdicta','rer'),(75,'Autquisqui','rer'),(76,'Excepturisedexpedita','mag'),(77,'Voluptatemautdicta','eni'),(78,'Utvoluptatibusquos','aut'),(79,'Explicabodoloremquevoluptate','con'),(80,'Quisquamfugitperspiciatis','per'),(81,'Dictaautquia','rer'),(82,'Pariaturvoluptatesapiente','dic'),(83,'Eosaliquamdignissimos','par'),(84,'Accusamusquaset','inv'),(85,'Atquererumsimilique','ute'),(86,'Animinostrumplaceat','mai'),(87,'Omnisexsint','mai'),(88,'Aspernaturiurevoluptas','vol'),(89,'Impeditdoloribusenim','con'),(90,'Delectusvoluptasa','est'),(91,'Etomnisdeserunt','utc'),(92,'Fugitrecusandaesint','rec'),(93,'Voluptatemabaccusantium','ete'),(94,'Estveritatisconsequatur','vol'),(95,'Exercitationemetex','vol'),(96,'Corporisrerumvoluptatem','nes'),(97,'Nonquaedignissimos','sap'),(98,'Evenietvitaedolorem','etn'),(99,'Sinttemporaet','pos'),(100,'Eaquiaea','est'),(101,'Abipsamest','aut'),(102,'Etofficiiseos','qua'),(103,'Autvoluptasmodi','dic'),(104,'Voluptashicdolorum','per'),(105,'Voluptatequisquamest','deb'),(106,'Eteumquos','dol'),(107,'Voluptatumauteos','aut'),(108,'Quiaitaqueenim','ius'),(109,'Utquasipossimus','qui'),(110,'Quiaestsit','atq'),(111,'Aliasexplicabosit','min'),(112,'Officiareprehenderitquis','fug'),(113,'Etoccaecatinatus','eni'),(114,'Natusasperioresquos','ten'),(115,'Estidnatus','aut'),(116,'Voluptasmaioresofficia','bea'),(117,'Expeditacupiditatenesciunt','con'),(118,'Quiaautarchitecto','eli'),(119,'Nequeestlibero','mol'),(120,'Quoetquasi','lab'),(121,'Teneturnamexercitationem','vel'),(122,'Repudiandaeomnisrerum','adi'),(123,'Providentadipiscieum','ete'),(124,'Facereatquea','eum'),(125,'Essedoloresdeleniti','fug'),(126,'Great Pyramid of Giza','ZZZ'),(127,'Omnisquilibero','aut'),(128,'Excepturiarchitectosuscipit','vit'),(129,'Quiutbeatae','eum'),(130,'Quisquamprovidentexplicabo','sim'),(131,'Sitsintexcepturi','etv'),(132,'Autautsed','mol'),(133,'Officiavelautem','qua'),(134,'Officiadoloremrerum','odi'),(135,'Architectoaspernaturex','qui'),(136,'Temporeevenietratione','seq'),(137,'Deseruntnostrumomnis','qui'),(138,'Idetpossimus','qui'),(139,'Suntplaceatvoluptatum','rer'),(140,'Adipiscidoloremiusto','vol'),(141,'Omniseaqueaperiam','quo'),(142,'Eostemporibusmaiores','nih'),(143,'Voluptatemperspiciatisperferendis','vol'),(144,'Quiconsequunturdoloribus','vol'),(145,'Evenietveniamaut','quo'),(146,'Quasiintenetur','ali'),(147,'Sitaliasrerum','eos'),(148,'Laboriosamharumdeleniti','nob'),(149,'Quisilloveniam','odi'),(150,'Sintminimadistinctio','eth'),(151,'Nobisautid','sap'),(152,'Beataeprovidentoccaecati','est'),(153,'Evenietreiciendisveniam','nec'),(154,'Quidemestsunt','sit'),(155,'Sintdeleniticonsequatur','min'),(156,'Nihilettempora','del'),(157,'Dignissimosoditdelectus','acc'),(158,'Etconsequunturearum','vol'),(159,'Autsolutanemo','aut'),(160,'Nostrumsequiquibusdam','dol'),(161,'Natusrepellendusnemo','con'),(162,'Utdignissimosfugit','sin'),(163,'Delenitiminusrem','sin'),(164,'Nesciuntutcorrupti','inc'),(165,'Nostrumreprehenderitexplicabo','omn'),(166,'Iurenumquamenim','mag'),(167,'Aliquamquoseum','aut'),(168,'Blanditiisinciduntearum','del'),(169,'Doloribusametquae','non'),(170,'Molestiaevitaevoluptatum','off'),(171,'Delectusetet','eum'),(172,'Velexut','ear'),(173,'Expeditaremdistinctio','qui'),(174,'Cupiditatevoluptatumofficiis','asp'),(175,'Sintisterepellendus','non'),(176,'Liberoipsaet','rem'),(177,'Aliquidminimaut','qua'),(178,'Hicpossimusipsam','dic'),(179,'Estvoluptatequo','dol'),(180,'Autemquasiest','eti'),(181,'Eaqueetet','mol'),(182,'Rerumconsequaturipsam','vol'),(183,'Nihilliberototam','ete'),(184,'Voluptasquiut','dol'),(185,'Dictaexercitationemdoloribus','sus'),(186,'Etremet','tot'),(187,'Odiovelitporro','bea'),(188,'Sitlaboreatque','mod'),(189,'Voluptatesautemassumenda','dol'),(190,'Numquamsequivoluptas','sed'),(191,'Atqueenimnon','ven'),(192,'Dolorsintdolore','und'),(193,'Dictautqui','dol'),(194,'Oditexcepturivoluptatem','ips'),(195,'Atsititaque','qui'),(196,'Sedodiodolorem','del'),(197,'Sedquiavoluptatem','nih'),(198,'Autreiciendisexcepturi','ape'),(199,'Beataeanimisint','rer');
/*!40000 ALTER TABLE `buildings` ENABLE KEYS */;
UNLOCK TABLES;

--
-- Table structure for table `contract_lines`
--

DROP TABLE IF EXISTS `contract_lines`;
/*!40101 SET @saved_cs_client     = @@character_set_client */;
/*!40101 SET character_set_client = utf8 */;
CREATE TABLE `contract_lines` (
  `id` int(11) NOT NULL AUTO_INCREMENT,
  `contract_id` int(11) DEFAULT NULL,
  `type` varchar(255) COLLATE utf8_unicode_ci NOT NULL DEFAULT 'ItemLine',
  `item_id` int(11) DEFAULT NULL,
  `model_id` int(11) DEFAULT NULL,
  `quantity` int(11) DEFAULT '1',
  `start_date` date DEFAULT NULL,
  `end_date` date DEFAULT NULL,
  `returned_date` date DEFAULT NULL,
  `option_id` int(11) DEFAULT NULL,
  `purpose_id` int(11) DEFAULT NULL,
  `returned_to_user_id` int(11) DEFAULT NULL,
  `created_at` datetime DEFAULT NULL,
  `updated_at` datetime DEFAULT NULL,
  PRIMARY KEY (`id`),
  KEY `index_contract_lines_on_start_date` (`start_date`),
  KEY `index_contract_lines_on_end_date` (`end_date`),
  KEY `index_contract_lines_on_option_id` (`option_id`),
  KEY `index_contract_lines_on_contract_id` (`contract_id`),
  KEY `index_contract_lines_on_item_id` (`item_id`),
  KEY `index_contract_lines_on_model_id` (`model_id`),
  KEY `index_contract_lines_on_returned_date_and_contract_id` (`returned_date`,`contract_id`),
  KEY `index_contract_lines_on_type_and_contract_id` (`type`,`contract_id`)
) ENGINE=InnoDB AUTO_INCREMENT=175 DEFAULT CHARSET=utf8 COLLATE=utf8_unicode_ci;
/*!40101 SET character_set_client = @saved_cs_client */;

--
-- Dumping data for table `contract_lines`
--

LOCK TABLES `contract_lines` WRITE;
/*!40000 ALTER TABLE `contract_lines` DISABLE KEYS */;
INSERT INTO `contract_lines` VALUES (1,1,'ItemLine',NULL,1,1,'2014-12-23','2014-12-23',NULL,NULL,NULL,NULL,'2014-12-23 02:51:57','2014-12-23 02:51:57'),(2,1,'ItemLine',NULL,5,1,'2014-12-23','2014-12-23',NULL,NULL,NULL,NULL,'2014-12-23 02:51:57','2014-12-23 02:51:57'),(3,1,'ItemLine',NULL,9,1,'2014-12-23','2014-12-23',NULL,NULL,NULL,NULL,'2014-12-23 02:51:57','2014-12-23 02:51:57'),(4,1,'ItemLine',NULL,13,1,'2014-12-23','2014-12-23',NULL,NULL,NULL,NULL,'2014-12-23 02:51:57','2014-12-23 02:51:57'),(5,1,'ItemLine',NULL,17,1,'2014-12-23','2014-12-23',NULL,NULL,NULL,NULL,'2014-12-23 02:51:57','2014-12-23 02:51:57'),(6,2,'ItemLine',NULL,21,1,'2014-12-23','2014-12-23',NULL,NULL,1,NULL,'2014-12-23 02:51:57','2014-12-23 02:51:57'),(7,2,'ItemLine',NULL,25,1,'2014-12-23','2014-12-23',NULL,NULL,1,NULL,'2014-12-23 02:51:57','2014-12-23 02:51:57'),(8,2,'ItemLine',NULL,29,1,'2014-12-23','2014-12-23',NULL,NULL,1,NULL,'2014-12-23 02:51:57','2014-12-23 02:51:57'),(9,2,'ItemLine',NULL,33,1,'2014-12-23','2014-12-23',NULL,NULL,1,NULL,'2014-12-23 02:51:57','2014-12-23 02:51:57'),(10,3,'ItemLine',NULL,37,1,'2014-12-23','2014-12-23','2014-12-23',NULL,2,1,'2014-12-23 02:51:57','2014-12-23 02:51:57'),(11,3,'ItemLine',NULL,41,1,'2014-12-23','2014-12-23','2014-12-23',NULL,2,1,'2014-12-23 02:51:57','2014-12-23 02:51:57'),(12,3,'ItemLine',NULL,45,1,'2014-12-23','2014-12-23','2014-12-23',NULL,2,1,'2014-12-23 02:51:57','2014-12-23 02:51:57'),(13,3,'ItemLine',NULL,49,1,'2014-12-23','2014-12-23','2014-12-23',NULL,2,1,'2014-12-23 02:51:57','2014-12-23 02:51:57'),(14,3,'ItemLine',NULL,53,1,'2014-12-23','2014-12-23','2014-12-23',NULL,2,1,'2014-12-23 02:51:57','2014-12-23 02:51:57'),(15,3,'ItemLine',NULL,57,1,'2014-12-23','2014-12-23','2014-12-23',NULL,2,1,'2014-12-23 02:51:57','2014-12-23 02:51:57'),(16,4,'ItemLine',NULL,167,1,'2014-12-16','2014-12-16',NULL,NULL,3,NULL,'2014-12-16 17:20:53','2014-12-16 17:20:53'),(17,4,'ItemLine',NULL,168,1,'2014-12-16','2014-12-16',NULL,NULL,3,NULL,'2014-12-16 17:20:53','2014-12-16 17:20:53'),(18,4,'ItemLine',NULL,169,1,'2014-12-16','2014-12-16',NULL,NULL,3,NULL,'2014-12-16 17:20:53','2014-12-16 17:20:53'),(19,4,'ItemLine',NULL,170,1,'2014-12-16','2014-12-16',NULL,NULL,3,NULL,'2014-12-16 17:20:53','2014-12-16 17:20:53'),(20,4,'ItemLine',NULL,171,1,'2014-12-16','2014-12-16',NULL,NULL,3,NULL,'2014-12-16 17:20:53','2014-12-16 17:20:53'),(21,4,'ItemLine',NULL,172,1,'2014-12-16','2014-12-16',NULL,NULL,3,NULL,'2014-12-16 17:20:53','2014-12-16 17:20:53'),(22,5,'ItemLine',NULL,176,1,'2014-12-16','2014-12-16',NULL,NULL,4,NULL,'2014-12-16 17:20:53','2014-12-16 17:20:53'),(23,5,'ItemLine',NULL,177,1,'2014-12-16','2014-12-16',NULL,NULL,4,NULL,'2014-12-16 17:20:53','2014-12-16 17:20:53'),(24,5,'ItemLine',NULL,178,1,'2014-12-16','2014-12-16',NULL,NULL,4,NULL,'2014-12-16 17:20:53','2014-12-16 17:20:53'),(25,5,'ItemLine',NULL,179,1,'2014-12-16','2014-12-16',NULL,NULL,4,NULL,'2014-12-16 17:20:53','2014-12-16 17:20:53'),(26,5,'ItemLine',NULL,180,1,'2014-12-16','2014-12-16',NULL,NULL,4,NULL,'2014-12-16 17:20:53','2014-12-16 17:20:53'),(27,5,'ItemLine',NULL,181,1,'2014-12-16','2014-12-16',NULL,NULL,4,NULL,'2014-12-16 17:20:53','2014-12-16 17:20:53'),(28,6,'ItemLine',NULL,185,1,'2014-12-16','2014-12-16',NULL,NULL,5,NULL,'2014-12-16 17:20:53','2014-12-16 17:20:53'),(29,6,'ItemLine',NULL,186,1,'2014-12-16','2014-12-16',NULL,NULL,5,NULL,'2014-12-16 17:20:53','2014-12-16 17:20:53'),(30,6,'ItemLine',NULL,187,1,'2014-12-16','2014-12-16',NULL,NULL,5,NULL,'2014-12-16 17:20:53','2014-12-16 17:20:53'),(31,6,'ItemLine',NULL,188,1,'2014-12-16','2014-12-16',NULL,NULL,5,NULL,'2014-12-16 17:20:54','2014-12-16 17:20:54'),(32,6,'ItemLine',NULL,189,1,'2014-12-16','2014-12-16',NULL,NULL,5,NULL,'2014-12-16 17:20:54','2014-12-16 17:20:54'),(33,7,'ItemLine',NULL,193,1,'2014-12-19','2014-12-19',NULL,NULL,6,NULL,'2014-12-19 07:48:51','2014-12-19 07:48:51'),(34,7,'ItemLine',NULL,194,1,'2014-12-19','2014-12-19',NULL,NULL,6,NULL,'2014-12-19 07:48:51','2014-12-19 07:48:51'),(35,7,'ItemLine',NULL,195,1,'2014-12-19','2014-12-19',NULL,NULL,6,NULL,'2014-12-19 07:48:51','2014-12-19 07:48:51'),(36,8,'ItemLine',NULL,196,1,'2014-12-22','2014-12-22',NULL,NULL,7,NULL,'2014-12-21 05:12:53','2014-12-21 05:12:53'),(37,8,'ItemLine',NULL,197,1,'2014-12-22','2014-12-22',NULL,NULL,7,NULL,'2014-12-21 05:12:53','2014-12-21 05:12:53'),(38,8,'ItemLine',NULL,198,1,'2014-12-22','2014-12-22',NULL,NULL,7,NULL,'2014-12-21 05:12:53','2014-12-21 05:12:53'),(39,8,'ItemLine',NULL,199,1,'2014-12-22','2014-12-22',NULL,NULL,7,NULL,'2014-12-21 05:12:53','2014-12-21 05:12:53'),(40,8,'ItemLine',NULL,200,1,'2014-12-22','2014-12-22',NULL,NULL,7,NULL,'2014-12-21 05:12:53','2014-12-21 05:12:53'),(41,8,'ItemLine',NULL,201,1,'2014-12-22','2014-12-22',NULL,NULL,7,NULL,'2014-12-21 05:12:53','2014-12-21 05:12:53'),(42,8,'ItemLine',NULL,201,1,'2014-12-22','2014-12-22',NULL,NULL,7,NULL,'2014-12-21 05:12:53','2014-12-21 05:12:53'),(43,9,'ItemLine',NULL,205,1,'2014-12-23','2014-12-23',NULL,NULL,8,NULL,'2014-12-23 02:51:57','2014-12-23 02:51:57'),(44,9,'ItemLine',NULL,206,1,'2014-12-23','2014-12-23',NULL,NULL,8,NULL,'2014-12-23 02:51:57','2014-12-23 02:51:57'),(45,9,'ItemLine',NULL,207,1,'2014-12-23','2014-12-23',NULL,NULL,8,NULL,'2014-12-23 02:51:57','2014-12-23 02:51:57'),(46,9,'ItemLine',NULL,208,1,'2014-12-23','2014-12-23',NULL,NULL,8,NULL,'2014-12-23 02:51:57','2014-12-23 02:51:57'),(47,10,'ItemLine',NULL,212,1,'2014-12-23','2014-12-23',NULL,NULL,9,NULL,'2014-12-23 02:51:57','2014-12-23 02:51:57'),(48,10,'ItemLine',NULL,213,1,'2014-12-23','2014-12-23',NULL,NULL,9,NULL,'2014-12-23 02:51:57','2014-12-23 02:51:57'),(49,10,'ItemLine',NULL,214,1,'2014-12-23','2014-12-23',NULL,NULL,9,NULL,'2014-12-23 02:51:57','2014-12-23 02:51:57'),(50,10,'ItemLine',NULL,215,1,'2014-12-23','2014-12-23',NULL,NULL,9,NULL,'2014-12-23 02:51:57','2014-12-23 02:51:57'),(51,11,'ItemLine',NULL,216,1,'2014-12-23','2014-12-23',NULL,NULL,10,NULL,'2014-12-23 02:51:57','2014-12-23 02:51:57'),(52,11,'ItemLine',NULL,217,1,'2014-12-23','2014-12-23',NULL,NULL,10,NULL,'2014-12-23 02:51:57','2014-12-23 02:51:57'),(53,11,'ItemLine',NULL,218,1,'2014-12-23','2014-12-23',NULL,NULL,10,NULL,'2014-12-23 02:51:57','2014-12-23 02:51:57'),(54,11,'ItemLine',NULL,219,1,'2014-12-23','2014-12-23',NULL,NULL,10,NULL,'2014-12-23 02:51:57','2014-12-23 02:51:57'),(55,11,'ItemLine',NULL,220,1,'2014-12-23','2014-12-23',NULL,NULL,10,NULL,'2014-12-23 02:51:57','2014-12-23 02:51:57'),(56,12,'ItemLine',NULL,221,1,'2014-12-23','2014-12-23',NULL,NULL,11,NULL,'2014-12-23 02:51:57','2014-12-23 02:51:57'),(57,12,'ItemLine',NULL,222,1,'2014-12-23','2014-12-23',NULL,NULL,11,NULL,'2014-12-23 02:51:57','2014-12-23 02:51:57'),(58,12,'ItemLine',NULL,223,1,'2014-12-23','2014-12-23',NULL,NULL,11,NULL,'2014-12-23 02:51:57','2014-12-23 02:51:57'),(59,12,'ItemLine',NULL,224,1,'2014-12-23','2014-12-23',NULL,NULL,11,NULL,'2014-12-23 02:51:57','2014-12-23 02:51:57'),(60,13,'ItemLine',28,37,1,'2014-12-23','2014-12-23',NULL,NULL,12,NULL,'2014-12-23 02:51:57','2014-12-23 02:51:57'),(61,13,'ItemLine',29,37,1,'2014-12-23','2014-12-23',NULL,NULL,12,NULL,'2014-12-23 02:51:57','2014-12-23 02:51:57'),(62,13,'ItemLine',30,37,1,'2014-12-23','2014-12-23',NULL,NULL,12,NULL,'2014-12-23 02:51:57','2014-12-23 02:51:57'),(63,13,'ItemLine',31,41,1,'2014-12-23','2014-12-23',NULL,NULL,12,NULL,'2014-12-23 02:51:57','2014-12-23 02:51:57'),(64,13,'ItemLine',32,41,1,'2014-12-23','2014-12-23',NULL,NULL,12,NULL,'2014-12-23 02:51:57','2014-12-23 02:51:57'),(65,13,'ItemLine',33,41,1,'2014-12-23','2014-12-23',NULL,NULL,12,NULL,'2014-12-23 02:51:57','2014-12-23 02:51:57'),(66,13,'ItemLine',34,45,1,'2014-12-23','2014-12-23',NULL,NULL,12,NULL,'2014-12-23 02:51:57','2014-12-23 02:51:57'),(67,13,'ItemLine',35,45,1,'2014-12-23','2014-12-23',NULL,NULL,12,NULL,'2014-12-23 02:51:57','2014-12-23 02:51:57'),(68,13,'ItemLine',36,45,1,'2014-12-23','2014-12-23',NULL,NULL,12,NULL,'2014-12-23 02:51:57','2014-12-23 02:51:57'),(69,13,'ItemLine',37,49,1,'2014-12-23','2014-12-23',NULL,NULL,12,NULL,'2014-12-23 02:51:57','2014-12-23 02:51:57'),(70,13,'ItemLine',38,49,1,'2014-12-23','2014-12-23',NULL,NULL,12,NULL,'2014-12-23 02:51:57','2014-12-23 02:51:57'),(71,13,'ItemLine',39,49,1,'2014-12-23','2014-12-23',NULL,NULL,12,NULL,'2014-12-23 02:51:57','2014-12-23 02:51:57'),(72,13,'ItemLine',40,53,1,'2014-12-23','2014-12-23',NULL,NULL,12,NULL,'2014-12-23 02:51:57','2014-12-23 02:51:57'),(73,13,'ItemLine',41,53,1,'2014-12-23','2014-12-23',NULL,NULL,12,NULL,'2014-12-23 02:51:57','2014-12-23 02:51:57'),(74,13,'ItemLine',42,53,1,'2014-12-23','2014-12-23',NULL,NULL,12,NULL,'2014-12-23 02:51:57','2014-12-23 02:51:57'),(75,13,'ItemLine',43,57,1,'2014-12-23','2014-12-23',NULL,NULL,12,NULL,'2014-12-23 02:51:57','2014-12-23 02:51:57'),(76,13,'ItemLine',44,57,1,'2014-12-23','2014-12-23',NULL,NULL,12,NULL,'2014-12-23 02:51:57','2014-12-23 02:51:57'),(77,13,'ItemLine',45,57,1,'2014-12-23','2014-12-23',NULL,NULL,12,NULL,'2014-12-23 02:51:57','2014-12-23 02:51:57'),(78,13,'ItemLine',48,62,1,'2014-12-23','2014-12-23',NULL,NULL,12,NULL,'2014-12-23 02:51:57','2014-12-23 02:51:57'),(79,13,'ItemLine',49,62,1,'2014-12-23','2014-12-23',NULL,NULL,12,NULL,'2014-12-23 02:51:57','2014-12-23 02:51:57'),(80,13,'ItemLine',50,63,1,'2014-12-23','2014-12-23',NULL,NULL,12,NULL,'2014-12-23 02:51:57','2014-12-23 02:51:57'),(81,13,'ItemLine',52,65,1,'2014-12-23','2014-12-23',NULL,NULL,12,NULL,'2014-12-23 02:51:57','2014-12-23 02:51:57'),(82,13,'ItemLine',53,66,1,'2014-12-23','2014-12-23',NULL,NULL,12,NULL,'2014-12-23 02:51:57','2014-12-23 02:51:57'),(83,13,'ItemLine',54,67,1,'2014-12-23','2014-12-23',NULL,NULL,12,NULL,'2014-12-23 02:51:57','2014-12-23 02:51:57'),(84,13,'ItemLine',55,68,1,'2014-12-23','2014-12-23',NULL,NULL,12,NULL,'2014-12-23 02:51:57','2014-12-23 02:51:57'),(85,13,'ItemLine',56,69,1,'2014-12-23','2014-12-23',NULL,NULL,12,NULL,'2014-12-23 02:51:57','2014-12-23 02:51:57'),(86,13,'ItemLine',57,70,1,'2014-12-23','2014-12-23',NULL,NULL,12,NULL,'2014-12-23 02:51:57','2014-12-23 02:51:57'),(87,13,'ItemLine',58,71,1,'2014-12-23','2014-12-23',NULL,NULL,12,NULL,'2014-12-23 02:51:57','2014-12-23 02:51:57'),(88,13,'ItemLine',59,72,1,'2014-12-23','2014-12-23',NULL,NULL,12,NULL,'2014-12-23 02:51:57','2014-12-23 02:51:57'),(89,13,'ItemLine',60,73,1,'2014-12-23','2014-12-23',NULL,NULL,12,NULL,'2014-12-23 02:51:57','2014-12-23 02:51:57'),(90,14,'OptionLine',NULL,NULL,2,'2014-12-23','2014-12-23',NULL,4,13,NULL,'2014-12-23 02:51:57','2014-12-23 02:51:57'),(91,14,'ItemLine',217,225,1,'2014-12-23','2014-12-23',NULL,NULL,13,NULL,'2014-12-23 02:51:57','2014-12-23 02:51:57'),(92,15,'OptionLine',NULL,NULL,2,'2014-12-23','2014-12-23',NULL,5,14,NULL,'2014-12-23 02:51:57','2014-12-23 02:51:57'),(93,15,'OptionLine',NULL,NULL,1,'2014-12-23','2015-01-23',NULL,5,14,NULL,'2014-12-23 02:51:57','2014-12-23 02:51:57'),(94,16,'ItemLine',218,226,1,'2014-12-23','2014-12-23',NULL,NULL,15,NULL,'2014-12-23 02:51:57','2014-12-23 02:51:57'),(95,17,'ItemLine',219,227,1,'2014-12-18','2014-12-22',NULL,NULL,16,NULL,'2014-12-18 00:00:00','2014-12-18 00:00:00'),(96,17,'OptionLine',NULL,NULL,1,'2014-12-18','2014-12-22',NULL,6,16,NULL,'2014-12-18 00:00:00','2014-12-18 00:00:00'),(97,18,'ItemLine',NULL,233,1,'2014-12-23','2014-12-23',NULL,NULL,17,NULL,'2014-12-23 02:51:57','2014-12-23 02:51:57'),(98,18,'ItemLine',NULL,234,1,'2014-12-23','2014-12-23',NULL,NULL,17,NULL,'2014-12-23 02:51:57','2014-12-23 02:51:57'),(99,18,'ItemLine',NULL,235,1,'2014-12-23','2014-12-23',NULL,NULL,17,NULL,'2014-12-23 02:51:57','2014-12-23 02:51:57'),(100,18,'ItemLine',NULL,236,1,'2014-12-23','2014-12-23',NULL,NULL,17,NULL,'2014-12-23 02:51:57','2014-12-23 02:51:57'),(101,19,'ItemLine',228,237,1,'2014-12-23','2014-12-23',NULL,NULL,18,NULL,'2014-12-23 02:51:57','2014-12-23 02:51:57'),(102,19,'ItemLine',229,238,1,'2014-12-23','2014-12-23',NULL,NULL,18,NULL,'2014-12-23 02:51:57','2014-12-23 02:51:57'),(103,19,'ItemLine',230,239,1,'2014-12-23','2014-12-23',NULL,NULL,18,NULL,'2014-12-23 02:51:57','2014-12-23 02:51:57'),(104,20,'ItemLine',231,240,1,'2014-12-23','2014-12-23',NULL,NULL,19,NULL,'2014-12-23 02:51:57','2014-12-23 02:51:57'),(105,20,'ItemLine',232,241,1,'2014-12-23','2014-12-23',NULL,NULL,19,NULL,'2014-12-23 02:51:57','2014-12-23 02:51:57'),(106,20,'ItemLine',233,242,1,'2014-12-23','2014-12-23',NULL,NULL,19,NULL,'2014-12-23 02:51:57','2014-12-23 02:51:57'),(107,20,'ItemLine',234,243,1,'2014-12-23','2014-12-23',NULL,NULL,19,NULL,'2014-12-23 02:51:57','2014-12-23 02:51:57'),(108,21,'ItemLine',235,244,1,'2014-12-18','2014-12-18',NULL,NULL,20,NULL,'2014-12-18 00:00:00','2014-12-18 00:00:00'),(109,21,'ItemLine',236,245,1,'2014-12-18','2014-12-18',NULL,NULL,20,NULL,'2014-12-18 00:00:00','2014-12-18 00:00:00'),(110,21,'ItemLine',237,246,1,'2014-12-18','2014-12-18',NULL,NULL,20,NULL,'2014-12-18 00:00:00','2014-12-18 00:00:00'),(111,21,'ItemLine',238,247,1,'2014-12-18','2014-12-18',NULL,NULL,20,NULL,'2014-12-18 00:00:00','2014-12-18 00:00:00'),(112,22,'ItemLine',NULL,88,1,'2014-12-30','2015-01-02',NULL,NULL,21,NULL,'2014-12-23 02:51:57','2014-12-23 02:51:57'),(113,22,'ItemLine',NULL,88,1,'2014-12-30','2015-01-02',NULL,NULL,21,NULL,'2014-12-23 02:51:57','2014-12-23 02:51:57'),(114,22,'ItemLine',NULL,88,1,'2014-12-30','2015-01-02',NULL,NULL,21,NULL,'2014-12-23 02:51:57','2014-12-23 02:51:57'),(115,22,'ItemLine',NULL,120,1,'2014-12-30','2015-01-02',NULL,NULL,21,NULL,'2014-12-23 02:51:57','2014-12-23 02:51:57'),(116,22,'ItemLine',NULL,120,1,'2014-12-30','2015-01-02',NULL,NULL,21,NULL,'2014-12-23 02:51:57','2014-12-23 02:51:57'),(117,22,'ItemLine',NULL,120,1,'2014-12-30','2015-01-02',NULL,NULL,21,NULL,'2014-12-23 02:51:57','2014-12-23 02:51:57'),(118,22,'ItemLine',NULL,120,1,'2014-12-30','2015-01-02',NULL,NULL,21,NULL,'2014-12-23 02:51:57','2014-12-23 02:51:57'),(119,23,'ItemLine',NULL,248,1,'2014-12-23','2014-12-23',NULL,NULL,22,NULL,'2014-12-23 02:51:57','2014-12-23 02:51:57'),(120,23,'ItemLine',NULL,252,1,'2014-12-23','2014-12-23',NULL,NULL,22,NULL,'2014-12-23 02:51:57','2014-12-23 02:51:57'),(121,23,'ItemLine',NULL,256,1,'2014-12-23','2014-12-23',NULL,NULL,22,NULL,'2014-12-23 02:51:57','2014-12-23 02:51:57'),(122,24,'ItemLine',NULL,260,1,'2014-12-23','2014-12-23',NULL,NULL,23,NULL,'2014-12-23 02:51:57','2014-12-23 02:51:57'),(123,24,'ItemLine',NULL,264,1,'2014-12-23','2014-12-23',NULL,NULL,23,NULL,'2014-12-23 02:51:57','2014-12-23 02:51:57'),(124,24,'ItemLine',NULL,268,1,'2014-12-23','2014-12-23',NULL,NULL,23,NULL,'2014-12-23 02:51:57','2014-12-23 02:51:57'),(125,24,'ItemLine',NULL,272,1,'2014-12-23','2014-12-23',NULL,NULL,23,NULL,'2014-12-23 02:51:57','2014-12-23 02:51:57'),(126,24,'ItemLine',NULL,276,1,'2014-12-23','2014-12-23',NULL,NULL,23,NULL,'2014-12-23 02:51:57','2014-12-23 02:51:57'),(127,25,'ItemLine',NULL,280,1,'2014-12-23','2014-12-23',NULL,NULL,24,NULL,'2014-12-23 02:51:57','2014-12-23 02:51:57'),(128,25,'ItemLine',NULL,284,1,'2014-12-23','2014-12-23',NULL,NULL,24,NULL,'2014-12-23 02:51:57','2014-12-23 02:51:57'),(129,25,'ItemLine',NULL,288,1,'2014-12-23','2014-12-23',NULL,NULL,24,NULL,'2014-12-23 02:51:57','2014-12-23 02:51:57'),(130,25,'ItemLine',NULL,292,1,'2014-12-23','2014-12-23',NULL,NULL,24,NULL,'2014-12-23 02:51:57','2014-12-23 02:51:57'),(131,26,'ItemLine',NULL,296,1,'2014-12-23','2014-12-23',NULL,NULL,25,NULL,'2014-12-23 02:51:57','2014-12-23 02:51:57'),(132,26,'ItemLine',NULL,300,1,'2014-12-23','2014-12-23',NULL,NULL,25,NULL,'2014-12-23 02:51:57','2014-12-23 02:51:57'),(133,26,'ItemLine',NULL,304,1,'2014-12-23','2014-12-23',NULL,NULL,25,NULL,'2014-12-23 02:51:57','2014-12-23 02:51:57'),(134,26,'ItemLine',NULL,308,1,'2014-12-23','2014-12-23',NULL,NULL,25,NULL,'2014-12-23 02:51:57','2014-12-23 02:51:57'),(135,27,'ItemLine',NULL,120,1,'2014-12-23','2014-12-23',NULL,NULL,26,NULL,'2014-12-23 02:51:57','2014-12-23 02:51:57'),(136,28,'ItemLine',NULL,120,1,'2014-12-23','2014-12-23',NULL,NULL,27,NULL,'2014-12-23 02:51:57','2014-12-23 02:51:57'),(137,28,'ItemLine',NULL,88,1,'2014-12-23','2014-12-23',NULL,NULL,27,NULL,'2014-12-23 02:51:57','2014-12-23 02:51:57'),(138,29,'ItemLine',NULL,120,1,'2014-12-30','2014-12-31',NULL,NULL,28,NULL,'2014-12-23 02:51:57','2014-12-23 02:51:57'),(139,30,'ItemLine',NULL,62,1,'2014-12-23','2014-12-23',NULL,NULL,29,NULL,'2014-12-23 02:51:57','2014-12-23 02:51:57'),(140,30,'ItemLine',NULL,62,1,'2014-12-23','2014-12-23',NULL,NULL,29,NULL,'2014-12-23 02:51:57','2014-12-23 02:51:57'),(141,30,'ItemLine',NULL,62,1,'2014-12-23','2014-12-23',NULL,NULL,29,NULL,'2014-12-23 02:51:57','2014-12-23 02:51:57'),(142,31,'ItemLine',NULL,88,1,'2014-12-23','2014-12-23',NULL,NULL,30,NULL,'2014-12-23 02:51:57','2014-12-23 02:51:57'),(143,31,'ItemLine',NULL,120,1,'2014-12-23','2014-12-23',NULL,NULL,30,NULL,'2014-12-23 02:51:57','2014-12-23 02:51:57'),(144,31,'ItemLine',NULL,88,1,'2014-12-23','2014-12-23',NULL,NULL,30,NULL,'2014-12-23 02:51:57','2014-12-23 02:51:57'),(145,31,'ItemLine',NULL,120,1,'2014-12-23','2014-12-23',NULL,NULL,30,NULL,'2014-12-23 02:51:57','2014-12-23 02:51:57'),(146,31,'ItemLine',NULL,88,1,'2014-12-23','2014-12-23',NULL,NULL,30,NULL,'2014-12-23 02:51:57','2014-12-23 02:51:57'),(147,31,'ItemLine',NULL,120,1,'2014-12-23','2014-12-23',NULL,NULL,30,NULL,'2014-12-23 02:51:57','2014-12-23 02:51:57'),(148,31,'OptionLine',NULL,NULL,5,'2014-12-23','2014-12-23',NULL,1,30,NULL,'2014-12-23 02:51:57','2014-12-23 02:51:57'),(149,32,'ItemLine',NULL,155,1,'2014-12-23','2014-12-23',NULL,NULL,NULL,NULL,'2014-12-23 02:51:57','2014-12-23 02:51:57'),(150,33,'ItemLine',287,312,1,'2014-12-23','2014-12-23',NULL,NULL,NULL,NULL,'2014-12-23 02:51:57','2014-12-23 02:51:57'),(151,34,'ItemLine',75,88,1,'2014-12-23','2014-12-23',NULL,NULL,33,NULL,'2014-12-23 02:51:57','2014-12-23 02:51:57'),(152,35,'ItemLine',288,313,1,'2014-12-23','2014-12-23',NULL,NULL,34,NULL,'2014-12-23 02:51:57','2014-12-23 02:51:57'),(153,36,'ItemLine',46,61,1,'2014-12-23','2014-12-23',NULL,NULL,35,NULL,'2014-12-23 02:51:57','2014-12-23 02:51:57'),(154,36,'ItemLine',245,256,1,'2014-12-23','2014-12-23','2014-12-23',NULL,35,18,'2014-12-23 02:51:57','2014-12-23 02:51:57'),(155,37,'ItemLine',51,62,1,'2014-12-23','2014-12-23',NULL,NULL,36,NULL,'2014-12-23 02:51:57','2014-12-23 02:51:57'),(156,38,'ItemLine',289,314,1,'2014-12-23','2014-12-23',NULL,NULL,37,NULL,'2014-12-23 02:51:57','2014-12-23 02:51:57'),(157,39,'ItemLine',116,123,1,'2014-12-23','2014-12-24',NULL,NULL,38,NULL,'2014-12-23 02:51:57','2014-12-23 02:51:57'),(158,40,'ItemLine',NULL,88,1,'2014-12-30','2015-01-02',NULL,NULL,39,NULL,'2014-12-23 02:51:57','2014-12-23 02:51:57'),(159,40,'ItemLine',NULL,120,1,'2014-12-30','2015-01-02',NULL,NULL,39,NULL,'2014-12-23 02:51:57','2014-12-23 02:51:57'),(160,40,'ItemLine',NULL,120,1,'2014-12-31','2015-01-03',NULL,NULL,39,NULL,'2014-12-23 02:51:57','2014-12-23 02:51:57'),(161,41,'ItemLine',NULL,66,1,'2014-12-23','2014-12-24',NULL,NULL,39,NULL,'2014-12-23 02:51:57','2014-12-23 02:51:57'),(162,42,'ItemLine',NULL,62,1,'2014-12-21','2014-12-24',NULL,NULL,40,NULL,'2014-12-23 02:51:57','2014-12-23 02:51:57'),(163,42,'ItemLine',NULL,315,1,'2014-12-21','2014-12-24',NULL,NULL,40,NULL,'2014-12-23 02:51:57','2014-12-23 02:51:57'),(164,43,'ItemLine',141,62,1,'2014-12-23','2014-12-23',NULL,NULL,41,NULL,'2014-12-23 02:51:57','2014-12-23 02:51:57'),(165,43,'OptionLine',NULL,NULL,1,'2014-12-23','2014-12-23',NULL,1,41,NULL,'2014-12-23 02:51:57','2014-12-23 02:51:57'),(166,44,'ItemLine',NULL,88,1,'2015-01-29','2015-02-06',NULL,NULL,42,NULL,'2014-12-23 02:51:57','2014-12-23 02:51:57'),(167,45,'ItemLine',NULL,88,1,'2015-02-13','2015-02-16',NULL,NULL,43,NULL,'2014-12-23 02:51:57','2014-12-23 02:51:57'),(168,45,'ItemLine',NULL,88,1,'2015-02-13','2015-02-16',NULL,NULL,43,NULL,'2014-12-23 02:51:57','2014-12-23 02:51:57'),(169,45,'ItemLine',NULL,88,1,'2015-02-13','2015-02-16',NULL,NULL,43,NULL,'2014-12-23 02:51:57','2014-12-23 02:51:57'),(170,45,'ItemLine',NULL,88,1,'2015-02-13','2015-02-16',NULL,NULL,43,NULL,'2014-12-23 02:51:57','2014-12-23 02:51:57'),(171,45,'ItemLine',NULL,88,1,'2015-02-13','2015-02-16',NULL,NULL,43,NULL,'2014-12-23 02:51:57','2014-12-23 02:51:57'),(172,45,'ItemLine',NULL,88,1,'2015-02-13','2015-02-16',NULL,NULL,43,NULL,'2014-12-23 02:51:57','2014-12-23 02:51:57'),(173,46,'ItemLine',NULL,37,1,'2014-12-23','2014-12-23',NULL,NULL,44,NULL,'2014-12-23 02:51:57','2014-12-23 02:51:57'),(174,47,'ItemLine',111,120,1,'2014-12-18','2014-12-22',NULL,NULL,45,NULL,'2014-12-18 00:00:00','2014-12-18 00:00:00');
/*!40000 ALTER TABLE `contract_lines` ENABLE KEYS */;
UNLOCK TABLES;

--
-- Table structure for table `contracts`
--

DROP TABLE IF EXISTS `contracts`;
/*!40101 SET @saved_cs_client     = @@character_set_client */;
/*!40101 SET character_set_client = utf8 */;
CREATE TABLE `contracts` (
  `id` int(11) NOT NULL AUTO_INCREMENT,
  `user_id` int(11) DEFAULT NULL,
  `delegated_user_id` int(11) DEFAULT NULL,
  `inventory_pool_id` int(11) DEFAULT NULL,
  `note` text COLLATE utf8_unicode_ci,
  `handed_over_by_user_id` int(11) DEFAULT NULL,
  `created_at` datetime DEFAULT NULL,
  `updated_at` datetime DEFAULT NULL,
  `status` enum('unsubmitted','submitted','rejected','approved','signed','closed') COLLATE utf8_unicode_ci NOT NULL,
  PRIMARY KEY (`id`),
  KEY `index_contracts_on_inventory_pool_id` (`inventory_pool_id`),
  KEY `index_contracts_on_status` (`status`),
  KEY `index_contracts_on_user_id` (`user_id`)
) ENGINE=InnoDB AUTO_INCREMENT=48 DEFAULT CHARSET=utf8 COLLATE=utf8_unicode_ci;
/*!40101 SET character_set_client = @saved_cs_client */;

--
-- Dumping data for table `contracts`
--

LOCK TABLES `contracts` WRITE;
/*!40000 ALTER TABLE `contracts` DISABLE KEYS */;
INSERT INTO `contracts` VALUES (1,5,NULL,5,NULL,NULL,'2014-12-23 02:51:57','2014-12-23 02:51:57','unsubmitted'),(2,6,NULL,10,NULL,NULL,'2014-12-23 02:51:57','2014-12-23 02:51:57','approved'),(3,7,NULL,1,NULL,NULL,'2014-12-23 02:51:57','2014-12-23 02:51:57','closed'),(4,12,NULL,1,NULL,NULL,'2014-12-16 17:20:53','2014-12-16 17:20:53','submitted'),(5,12,NULL,1,NULL,NULL,'2014-12-16 17:20:53','2014-12-16 17:20:53','approved'),(6,12,NULL,1,NULL,NULL,'2014-12-16 17:20:53','2014-12-16 17:20:53','rejected'),(7,12,NULL,1,NULL,NULL,'2014-12-19 07:48:51','2014-12-19 07:48:51','submitted'),(8,12,NULL,1,NULL,NULL,'2014-12-21 05:12:53','2014-12-21 05:12:53','submitted'),(9,13,NULL,1,NULL,NULL,'2014-12-23 02:51:57','2014-12-23 02:51:57','submitted'),(10,14,NULL,1,NULL,NULL,'2014-12-23 02:51:57','2014-12-23 02:51:57','submitted'),(11,15,NULL,1,NULL,NULL,'2014-12-23 02:51:57','2014-12-23 02:51:57','submitted'),(12,16,NULL,1,NULL,NULL,'2014-12-23 02:51:57','2014-12-23 02:51:57','submitted'),(13,20,NULL,1,NULL,NULL,'2014-12-23 02:51:57','2014-12-23 02:51:57','approved'),(14,21,NULL,1,NULL,18,'2014-12-23 02:51:57','2014-12-23 02:51:57','signed'),(15,22,NULL,1,NULL,18,'2014-12-23 02:51:57','2014-12-23 02:51:57','signed'),(16,23,NULL,1,NULL,18,'2014-12-23 02:51:57','2014-12-23 02:51:57','signed'),(17,24,NULL,2,NULL,18,'2014-12-18 00:00:00','2014-12-18 00:00:00','signed'),(18,28,26,1,NULL,NULL,'2014-12-23 02:51:57','2014-12-23 02:51:57','submitted'),(19,28,27,1,NULL,NULL,'2014-12-23 02:51:57','2014-12-23 02:51:57','approved'),(20,28,26,1,NULL,18,'2014-12-23 02:51:57','2014-12-23 02:51:57','signed'),(21,28,26,1,NULL,18,'2014-12-18 00:00:00','2014-12-18 00:00:00','signed'),(22,32,NULL,1,NULL,NULL,'2014-12-23 02:51:57','2014-12-23 02:51:57','submitted'),(23,32,NULL,2,NULL,NULL,'2014-12-23 02:51:57','2014-12-23 02:51:57','submitted'),(24,32,NULL,1,NULL,NULL,'2014-12-23 02:51:57','2014-12-23 02:51:57','submitted'),(25,32,NULL,1,NULL,NULL,'2014-12-23 02:51:57','2014-12-23 02:51:57','submitted'),(26,32,NULL,3,NULL,NULL,'2014-12-23 02:51:57','2014-12-23 02:51:57','submitted'),(27,32,NULL,1,NULL,NULL,'2014-12-23 02:51:57','2014-12-23 02:51:57','approved'),(28,32,NULL,1,NULL,NULL,'2014-12-23 02:51:57','2014-12-23 02:51:57','approved'),(29,32,NULL,1,NULL,NULL,'2014-12-23 02:51:57','2014-12-23 02:51:57','approved'),(30,32,NULL,1,NULL,NULL,'2014-12-23 02:51:57','2014-12-23 02:51:57','approved'),(31,32,NULL,1,NULL,NULL,'2014-12-23 02:51:57','2014-12-23 02:51:57','approved'),(32,32,NULL,1,NULL,NULL,'2014-12-23 02:51:57','2014-12-23 02:51:57','approved'),(33,32,NULL,1,NULL,NULL,'2014-12-23 02:51:57','2014-12-23 02:51:57','approved'),(34,32,NULL,1,NULL,18,'2014-12-23 02:51:57','2014-12-23 02:51:57','signed'),(35,32,NULL,1,NULL,18,'2014-12-23 02:51:57','2014-12-23 02:51:57','signed'),(36,32,NULL,2,NULL,18,'2014-12-23 02:51:57','2014-12-23 02:51:57','signed'),(37,32,NULL,2,NULL,18,'2014-12-23 02:51:57','2014-12-23 02:51:57','signed'),(38,32,NULL,2,NULL,18,'2014-12-23 02:51:57','2014-12-23 02:51:57','signed'),(39,32,NULL,1,NULL,18,'2014-12-23 02:51:57','2014-12-23 02:51:57','signed'),(40,33,NULL,1,NULL,NULL,'2014-12-23 02:51:57','2014-12-23 02:51:57','submitted'),(41,33,NULL,1,NULL,NULL,'2014-12-23 02:51:57','2014-12-23 02:51:57','submitted'),(42,33,NULL,1,NULL,NULL,'2014-12-23 02:51:57','2014-12-23 02:51:57','approved'),(43,33,NULL,1,NULL,18,'2014-12-23 02:51:57','2014-12-23 02:51:57','signed'),(44,34,NULL,1,NULL,NULL,'2014-12-23 02:51:57','2014-12-23 02:51:57','submitted'),(45,34,NULL,1,NULL,NULL,'2014-12-23 02:51:57','2014-12-23 02:51:57','submitted'),(46,34,NULL,1,NULL,NULL,'2014-12-23 02:51:57','2014-12-23 02:51:57','approved'),(47,34,NULL,1,NULL,18,'2014-12-18 00:00:00','2014-12-18 00:00:00','signed');
/*!40000 ALTER TABLE `contracts` ENABLE KEYS */;
UNLOCK TABLES;

--
-- Table structure for table `database_authentications`
--

DROP TABLE IF EXISTS `database_authentications`;
/*!40101 SET @saved_cs_client     = @@character_set_client */;
/*!40101 SET character_set_client = utf8 */;
CREATE TABLE `database_authentications` (
  `id` int(11) NOT NULL AUTO_INCREMENT,
  `login` varchar(255) COLLATE utf8_unicode_ci DEFAULT NULL,
  `crypted_password` varchar(40) COLLATE utf8_unicode_ci DEFAULT NULL,
  `salt` varchar(40) COLLATE utf8_unicode_ci DEFAULT NULL,
  `user_id` int(11) DEFAULT NULL,
  `created_at` datetime DEFAULT NULL,
  `updated_at` datetime DEFAULT NULL,
  PRIMARY KEY (`id`)
) ENGINE=InnoDB AUTO_INCREMENT=31 DEFAULT CHARSET=utf8 COLLATE=utf8_unicode_ci;
/*!40101 SET character_set_client = @saved_cs_client */;

--
-- Dumping data for table `database_authentications`
--

LOCK TABLES `database_authentications` WRITE;
/*!40000 ALTER TABLE `database_authentications` DISABLE KEYS */;
INSERT INTO `database_authentications` VALUES (1,'ramon','b69b4ead59dde3f213fd094123f268a23035316a','85389ed1ed6639ec385acffdb6623fc6b645373f',1,'2014-12-23 02:51:57','2014-12-23 02:51:57'),(2,'granville_1177','81a21c2cfb73feac10466a65d9d996c8de860eb3','e51ec55ec3240ef1df5184155168186ef97ff2bc',2,'2014-12-23 02:51:57','2014-12-23 02:51:57'),(3,'aliza_romaguera_1643','4ab2506edc5d5dc20f45daba0e0eae352e2356da','5ce67fec59d3b820afce829bddb4420d55aacf47',3,'2014-12-23 02:51:57','2014-12-23 02:51:57'),(4,'winifred_9715','4dab63da12fe820213da6ec966a514d4ac12885c','47700db8b2ccd2e5b3b207d39a496a2d3faccad4',4,'2014-12-23 02:51:57','2014-12-23 02:51:57'),(5,'dejah.hills_7093','a64c05d23e414a5d35c8b25034aee209c258023b','d9f35d6f493704e9ce8a97b8933d0a6385e91d9e',5,'2014-12-23 02:51:57','2014-12-23 02:51:57'),(6,'melany_9596','ebd1846855b292b109e91f97a30d04d0b7521c38','6fe0bfa6a14af12a0636192b9299ddb961e8622e',6,'2014-12-23 02:51:57','2014-12-23 02:51:57'),(7,'jaida_2127','8fb2c16e26ee328ed7507a44971c2743422016d7','b5643ac3b0bd9e45927d73aa017035fe28c6f14f',7,'2014-12-23 02:51:57','2014-12-23 02:51:57'),(8,'matti','8510650af61b3298f723eee3bb506450ff2079a4','79617052aebfc499eefad87605b305f714edc6a9',8,'2014-12-23 02:51:57','2014-12-23 02:51:57'),(9,'mike','8c9646b8b0a17b14bd4e779e44110fe47a63eb32','3781d846e45fa7bbaefab6832fff0d51dbb8817e',9,'2014-12-23 02:51:57','2014-12-23 02:51:57'),(10,'andi','c441e193031d599c2eb15066a27bd22675d4cf42','c790de6aa0196d17b05c539fab193b206e876bad',10,'2014-12-23 02:51:57','2014-12-23 02:51:57'),(11,'buck_mills_4120','22e464e2143f4ee8ea912d20dd4312ae20a9ed75','2c9f018887c72252630c04cf29841f1dd612e96f',11,'2014-12-23 02:51:57','2014-12-23 02:51:57'),(12,'araceli.grant_9449','1a9fc6cd063ccfd76a43d63879a5279f83a9f1f2','deab998507774bfd3ef8c9700a1f978da8261ca3',12,'2014-12-23 02:51:57','2014-12-23 02:51:57'),(13,'emil_7539','33433cfcfd16a6391d9cd5ba884849001874fcec','15a10196f2d92d841b97231fd5426219a8fb8fea',13,'2014-12-23 02:51:57','2014-12-23 02:51:57'),(14,'clare_8609','13f43a41850e6632f583d53c896175bd9588a937','6bc37d4552dd16a3f379566f026497583f797de5',14,'2014-12-23 02:51:57','2014-12-23 02:51:57'),(15,'annamarie.kiehn_9430','80c84e82b09fcd7291f3edbea2625a1b4a057b1d','55712aa10229ac3e50bb15cc8d032aa3a88ab030',15,'2014-12-23 02:51:57','2014-12-23 02:51:57'),(16,'tina_5074','0093003d3fa4c73cb40ea1574356ec8303bf8707','1ca455aa42de278463900e317906f32608692191',16,'2014-12-23 02:51:57','2014-12-23 02:51:57'),(17,'gino','48a7e59555fa4c2587074b9ddce155f916d13c0e','014c909bf4d2bbbe65a5cec5eccb2fb71170a405',17,'2014-12-23 02:51:57','2014-12-23 02:51:57'),(18,'pius','8e56d0dfe14a5826482b1d336a6f85374da45d9f','eff09ff0b2278eb93130955ee2c00f45b2fcb015',18,'2014-12-23 02:51:57','2014-12-23 02:51:57'),(19,'peter','fbb301e9da4312f1427c09a2f9b31cf036150c70','563e7ec394eda58be5901a4ec1ee4528ed8c4fd5',19,'2014-12-23 02:51:57','2014-12-23 02:51:57'),(20,'lacy.waters_5623','25501a3668ee7c6e0f8b93d6ffb66ffeb983233b','46b993e7b2c2ec640f8d2f8b675fe4609b1c6c33',20,'2014-12-23 02:51:57','2014-12-23 02:51:57'),(21,'destiney_2188','3ff4c14c51ea36f810b35db95492768cd6e711f1','96ef14bbf69139414c084d8abbec9afbad7844a5',21,'2014-12-23 02:51:57','2014-12-23 02:51:57'),(22,'rosamond_anderson_2467','e2f7d39970f1899a4c1123b5f9fed298862d1eee','6f57245ef21ff4f79d618ca2d58c42ea64f66f3e',22,'2014-12-23 02:51:57','2014-12-23 02:51:57'),(23,'arnold_6984','b76ef5184bd5ad8a23a565f02bf6dff9c6777c36','42c44f130b9aa1f26dc53c54fd8471da0e986c9a',23,'2014-12-23 02:51:57','2014-12-23 02:51:57'),(24,'giuseppe_crooks_4899','90a313a36760e3c344a7e3b13bc5ac9030b33eda','0bd76505f25584ddf0cc372f549cd1d479758d4a',24,'2014-12-18 00:00:00','2014-12-18 00:00:00'),(25,'woodrow_block_3301','bf88830d3ce7cb51601001ce3f09a2f27a9dd096','71047f72b6fd70f9f6f26f9a290dd1b2131d0ef3',25,'2014-12-18 00:00:00','2014-12-18 00:00:00'),(26,'mina','a29dedf8a89db14cb8f99298cfe6a79a0d46fe6c','af8b3132ab84b18a24a88764f5de0aa2bde8b0b7',26,'2014-12-23 02:51:57','2014-12-23 02:51:57'),(27,'julie','917ffd2e7f631832f983a3998351d172a08bce01','a1e9cf720c98cbcf12e307fc77468c545d190d68',27,'2014-12-23 02:51:57','2014-12-23 02:51:57'),(28,'normin','0abda34af2f7b036898ac9dbd766f3a7178e3a52','8e174d312e7346fbef937ed1d531886b5ad65780',32,'2014-12-23 02:51:57','2014-12-23 02:51:57'),(29,'petra','d0e36909fe6960c197cc90e6ec168cfad5b4fc1f','f3760fa4125a056117229b8135873c1241856e14',33,'2014-12-23 02:51:57','2014-12-23 02:51:57'),(30,'lisa','d9f9c7b790c8f8f122ed61255289fc802f1d3566','e1fff94c593e352a8eca4e816f68388c3909d709',34,'2014-12-23 02:51:57','2014-12-23 02:51:57');
/*!40000 ALTER TABLE `database_authentications` ENABLE KEYS */;
UNLOCK TABLES;

--
-- Table structure for table `delegations_users`
--

DROP TABLE IF EXISTS `delegations_users`;
/*!40101 SET @saved_cs_client     = @@character_set_client */;
/*!40101 SET character_set_client = utf8 */;
CREATE TABLE `delegations_users` (
  `delegation_id` int(11) DEFAULT NULL,
  `user_id` int(11) DEFAULT NULL,
  UNIQUE KEY `index_delegations_users_on_user_id_and_delegation_id` (`user_id`,`delegation_id`),
  KEY `index_delegations_users_on_delegation_id` (`delegation_id`)
) ENGINE=InnoDB DEFAULT CHARSET=utf8 COLLATE=utf8_unicode_ci;
/*!40101 SET character_set_client = @saved_cs_client */;

--
-- Dumping data for table `delegations_users`
--

LOCK TABLES `delegations_users` WRITE;
/*!40000 ALTER TABLE `delegations_users` DISABLE KEYS */;
INSERT INTO `delegations_users` VALUES (28,26),(29,26),(30,26),(31,26),(28,27),(29,27),(30,27),(31,27);
/*!40000 ALTER TABLE `delegations_users` ENABLE KEYS */;
UNLOCK TABLES;

--
-- Table structure for table `groups`
--

DROP TABLE IF EXISTS `groups`;
/*!40101 SET @saved_cs_client     = @@character_set_client */;
/*!40101 SET character_set_client = utf8 */;
CREATE TABLE `groups` (
  `id` int(11) NOT NULL AUTO_INCREMENT,
  `name` varchar(255) COLLATE utf8_unicode_ci DEFAULT NULL,
  `inventory_pool_id` int(11) DEFAULT NULL,
  `is_verification_required` tinyint(1) DEFAULT '0',
  `created_at` datetime DEFAULT NULL,
  `updated_at` datetime DEFAULT NULL,
  PRIMARY KEY (`id`),
  KEY `index_groups_on_inventory_pool_id` (`inventory_pool_id`),
  KEY `index_groups_on_is_verification_required` (`is_verification_required`)
) ENGINE=InnoDB AUTO_INCREMENT=10 DEFAULT CHARSET=utf8 COLLATE=utf8_unicode_ci;
/*!40101 SET character_set_client = @saved_cs_client */;

--
-- Dumping data for table `groups`
--

LOCK TABLES `groups` WRITE;
/*!40000 ALTER TABLE `groups` DISABLE KEYS */;
INSERT INTO `groups` VALUES (1,'Cast',1,0,'2014-12-23 02:51:57','2014-12-23 02:51:57'),(2,'IAD',1,0,'2014-12-23 02:51:57','2014-12-23 02:51:57'),(3,'Wu',1,0,'2014-12-23 02:51:57','2014-12-23 02:51:57'),(4,'Group Hifi',1,0,'2014-12-23 02:51:57','2014-12-23 02:51:57'),(5,'Group A',1,0,'2014-12-23 02:51:57','2014-12-23 02:51:57'),(6,'Group B',1,0,'2014-12-23 02:51:57','2014-12-23 02:51:57'),(7,'FFI',1,1,'2014-12-23 02:51:57','2014-12-23 02:51:57'),(8,'VTO',1,1,'2014-12-23 02:51:57','2014-12-23 02:51:57'),(9,'1. Semester',2,1,'2014-12-23 02:51:57','2014-12-23 02:51:57');
/*!40000 ALTER TABLE `groups` ENABLE KEYS */;
UNLOCK TABLES;

--
-- Table structure for table `groups_users`
--

DROP TABLE IF EXISTS `groups_users`;
/*!40101 SET @saved_cs_client     = @@character_set_client */;
/*!40101 SET character_set_client = utf8 */;
CREATE TABLE `groups_users` (
  `user_id` int(11) DEFAULT NULL,
  `group_id` int(11) DEFAULT NULL,
  UNIQUE KEY `index_groups_users_on_user_id_and_group_id` (`user_id`,`group_id`),
  KEY `index_groups_users_on_group_id` (`group_id`)
) ENGINE=InnoDB DEFAULT CHARSET=utf8 COLLATE=utf8_unicode_ci;
/*!40101 SET character_set_client = @saved_cs_client */;

--
-- Dumping data for table `groups_users`
--

LOCK TABLES `groups_users` WRITE;
/*!40000 ALTER TABLE `groups_users` DISABLE KEYS */;
INSERT INTO `groups_users` VALUES (12,7),(12,8),(13,7),(14,7),(14,8),(15,7),(15,9),(16,7),(32,1),(34,1);
/*!40000 ALTER TABLE `groups_users` ENABLE KEYS */;
UNLOCK TABLES;

--
-- Table structure for table `histories`
--

DROP TABLE IF EXISTS `histories`;
/*!40101 SET @saved_cs_client     = @@character_set_client */;
/*!40101 SET character_set_client = utf8 */;
CREATE TABLE `histories` (
  `id` int(11) NOT NULL AUTO_INCREMENT,
  `text` varchar(255) COLLATE utf8_unicode_ci DEFAULT '',
  `type_const` int(11) DEFAULT NULL,
  `created_at` datetime NOT NULL,
  `target_id` int(11) NOT NULL,
  `target_type` varchar(255) COLLATE utf8_unicode_ci NOT NULL,
  `user_id` int(11) DEFAULT NULL,
  PRIMARY KEY (`id`),
  KEY `index_histories_on_target_type_and_target_id` (`target_type`,`target_id`),
  KEY `index_histories_on_type_const` (`type_const`),
  KEY `index_histories_on_user_id` (`user_id`)
) ENGINE=InnoDB AUTO_INCREMENT=15 DEFAULT CHARSET=utf8 COLLATE=utf8_unicode_ci;
/*!40101 SET character_set_client = @saved_cs_client */;

--
-- Dumping data for table `histories`
--

LOCK TABLES `histories` WRITE;
/*!40000 ALTER TABLE `histories` DISABLE KEYS */;
INSERT INTO `histories` VALUES (1,'Contract 14 has been signed by Beaulah Huels',1,'2014-12-23 02:51:57',14,'Contract',18),(2,'Contract 15 has been signed by Liam Mayer',1,'2014-12-23 02:51:57',15,'Contract',18),(3,'Contract 16 has been signed by Lonny Sporer',1,'2014-12-23 02:51:57',16,'Contract',18),(4,'Contract 17 has been signed by Liliane Purdy',1,'2014-12-18 00:00:00',17,'Contract',18),(5,'Contract 20 has been signed by Amet rem earum nemo saepe laborum odio.',1,'2014-12-23 02:51:57',20,'Contract',18),(6,'Contract 21 has been signed by Amet rem earum nemo saepe laborum odio.',1,'2014-12-18 00:00:00',21,'Contract',18),(7,'Contract 34 has been signed by Normin N.',1,'2014-12-23 02:51:57',34,'Contract',18),(8,'Contract 35 has been signed by Normin N.',1,'2014-12-23 02:51:57',35,'Contract',18),(9,'Contract 36 has been signed by Normin N.',1,'2014-12-23 02:51:57',36,'Contract',18),(10,'Contract 37 has been signed by Normin N.',1,'2014-12-23 02:51:57',37,'Contract',18),(11,'Contract 38 has been signed by Normin N.',1,'2014-12-23 02:51:57',38,'Contract',18),(12,'Contract 39 has been signed by Normin N.',1,'2014-12-23 02:51:57',39,'Contract',18),(13,'Contract 43 has been signed by Petra K.',1,'2014-12-23 02:51:57',43,'Contract',18),(14,'Contract 47 has been signed by Lisa L.',1,'2014-12-18 00:00:00',47,'Contract',18);
/*!40000 ALTER TABLE `histories` ENABLE KEYS */;
UNLOCK TABLES;

--
-- Table structure for table `holidays`
--

DROP TABLE IF EXISTS `holidays`;
/*!40101 SET @saved_cs_client     = @@character_set_client */;
/*!40101 SET character_set_client = utf8 */;
CREATE TABLE `holidays` (
  `id` int(11) NOT NULL AUTO_INCREMENT,
  `inventory_pool_id` int(11) DEFAULT NULL,
  `start_date` date DEFAULT NULL,
  `end_date` date DEFAULT NULL,
  `name` varchar(255) COLLATE utf8_unicode_ci DEFAULT NULL,
  PRIMARY KEY (`id`),
  KEY `index_holidays_on_inventory_pool_id` (`inventory_pool_id`),
  KEY `index_holidays_on_start_date_and_end_date` (`start_date`,`end_date`)
) ENGINE=InnoDB AUTO_INCREMENT=5 DEFAULT CHARSET=utf8 COLLATE=utf8_unicode_ci;
/*!40101 SET character_set_client = @saved_cs_client */;

--
-- Dumping data for table `holidays`
--

LOCK TABLES `holidays` WRITE;
/*!40000 ALTER TABLE `holidays` DISABLE KEYS */;
INSERT INTO `holidays` VALUES (1,1,'2014-12-24','2014-12-24','Christmas'),(2,2,'2014-12-24','2014-12-24','Christmas'),(3,3,'2014-12-24','2014-12-24','Christmas'),(4,1,'2014-12-24','2014-12-24','Christmas');
/*!40000 ALTER TABLE `holidays` ENABLE KEYS */;
UNLOCK TABLES;

--
-- Table structure for table `images`
--

DROP TABLE IF EXISTS `images`;
/*!40101 SET @saved_cs_client     = @@character_set_client */;
/*!40101 SET character_set_client = utf8 */;
CREATE TABLE `images` (
  `id` int(11) NOT NULL AUTO_INCREMENT,
  `model_id` int(11) DEFAULT NULL,
  `is_main` tinyint(1) DEFAULT '0',
  `content_type` varchar(255) COLLATE utf8_unicode_ci DEFAULT NULL,
  `filename` varchar(255) COLLATE utf8_unicode_ci DEFAULT NULL,
  `size` int(11) DEFAULT NULL,
  `height` int(11) DEFAULT NULL,
  `width` int(11) DEFAULT NULL,
  `parent_id` int(11) DEFAULT NULL,
  `thumbnail` varchar(255) COLLATE utf8_unicode_ci DEFAULT NULL,
  PRIMARY KEY (`id`),
  KEY `index_images_on_model_id` (`model_id`)
) ENGINE=InnoDB AUTO_INCREMENT=4 DEFAULT CHARSET=utf8 COLLATE=utf8_unicode_ci;
/*!40101 SET character_set_client = @saved_cs_client */;

--
-- Dumping data for table `images`
--

LOCK TABLES `images` WRITE;
/*!40000 ALTER TABLE `images` DISABLE KEYS */;
INSERT INTO `images` VALUES (1,153,0,'image/jpeg','qui',NULL,NULL,NULL,NULL,NULL),(2,153,0,'image/jpeg','est',NULL,NULL,NULL,NULL,NULL),(3,154,0,'image/jpeg','laboriosam',NULL,NULL,NULL,NULL,NULL);
/*!40000 ALTER TABLE `images` ENABLE KEYS */;
UNLOCK TABLES;

--
-- Table structure for table `inventory_pools`
--

DROP TABLE IF EXISTS `inventory_pools`;
/*!40101 SET @saved_cs_client     = @@character_set_client */;
/*!40101 SET character_set_client = utf8 */;
CREATE TABLE `inventory_pools` (
  `id` int(11) NOT NULL AUTO_INCREMENT,
  `name` varchar(255) COLLATE utf8_unicode_ci DEFAULT NULL,
  `description` text COLLATE utf8_unicode_ci,
  `contact_details` varchar(255) COLLATE utf8_unicode_ci DEFAULT NULL,
  `contract_description` varchar(255) COLLATE utf8_unicode_ci DEFAULT NULL,
  `contract_url` varchar(255) COLLATE utf8_unicode_ci DEFAULT NULL,
  `logo_url` varchar(255) COLLATE utf8_unicode_ci DEFAULT NULL,
  `default_contract_note` text COLLATE utf8_unicode_ci,
  `shortname` varchar(255) COLLATE utf8_unicode_ci DEFAULT NULL,
  `email` varchar(255) COLLATE utf8_unicode_ci DEFAULT NULL,
  `color` text COLLATE utf8_unicode_ci,
  `print_contracts` tinyint(1) DEFAULT '1',
  `opening_hours` text COLLATE utf8_unicode_ci,
  `address_id` int(11) DEFAULT NULL,
  `automatic_suspension` tinyint(1) NOT NULL DEFAULT '0',
  `automatic_suspension_reason` text COLLATE utf8_unicode_ci,
  `automatic_access` tinyint(1) DEFAULT NULL,
  PRIMARY KEY (`id`),
  UNIQUE KEY `index_inventory_pools_on_name` (`name`)
) ENGINE=InnoDB AUTO_INCREMENT=14 DEFAULT CHARSET=utf8 COLLATE=utf8_unicode_ci;
/*!40101 SET character_set_client = @saved_cs_client */;

--
-- Dumping data for table `inventory_pools`
--

LOCK TABLES `inventory_pools` WRITE;
/*!40000 ALTER TABLE `inventory_pools` DISABLE KEYS */;
INSERT INTO `inventory_pools` VALUES (1,'A-Ausleihe','Wichtige Hinweise...\n Bitte die Gegenstnde rechtzeitig zurckbringen','A Verleih  /  ZHdK\nav@zh-dk.ch\n+41 00 00 00 00','Gert erhalten','av@zhdk.ch',NULL,'Omnis nostrum est vel sit.','A','av@zhdk.ch',NULL,1,NULL,NULL,1,'Eaque magni quaerat cupiditate voluptatem repudiandae voluptas.',NULL),(2,'IT-Ausleihe','Bringt die Gerte bitte rechtzeitig zurck','IT Verleih  /  ZHdK\nav@zh-dk.ch\n+41 00 00 00 00','Gert erhalten','it@zhdk.ch',NULL,NULL,'IT','it@zhdk.ch',NULL,1,NULL,NULL,1,'Dolor libero iure asperiores totam maiores.',NULL),(3,'AV-Technik','Bringt die Gerte bitte rechtzeitig zurck','AV Verleih  /  ZHdK\nav@zh-dk.ch\n+41 00 00 00 00','Gert erhalten','it@zhdk.ch',NULL,NULL,'AV','it@zhdk.ch',NULL,1,NULL,NULL,0,NULL,NULL),(4,'DT deletable','Bringt die Gerte bitte rechtzeitig zurck','AV Verleih  /  ZHdK\nav@zh-dk.ch\n+41 00 00 00 00','Gert erhalten','it@zhdk.ch',NULL,NULL,'DT','it@zhdk.ch',NULL,1,NULL,NULL,0,NULL,NULL),(5,'Ipsapraesentiumvoluptatemofficiis','Recusandae corporis sed ex eos impedit.','Consequatur velit facere similique libero rem.','Ipsapraesentiumvoluptatemofficiis','sigmund@hoeger.com',NULL,NULL,'TR9RGO','sigmund@hoeger.com',NULL,1,NULL,NULL,0,NULL,NULL),(6,'Adipiscicupiditateeavoluptatem','Quos voluptas autem quisquam laudantium fugit illum officia saepe.','Eos velit consequatur non et mollitia veritatis maiores soluta.','Adipiscicupiditateeavoluptatem','hulda.torphy@denesik.info',NULL,NULL,'0FI6AF','hulda.torphy@denesik.info',NULL,1,NULL,NULL,0,NULL,NULL),(7,'Eosethicdicta','Molestiae et et sed sequi impedit molestias.','Vel unde et qui numquam nulla fuga ad.','Eosethicdicta','zena@klinglang.name',NULL,NULL,'H9AJV8','zena@klinglang.name',NULL,1,NULL,NULL,0,NULL,NULL),(8,'Quosminusevenietnatus','Odit iusto accusantium suscipit quis dolore modi.','Quia facere quod itaque nulla explicabo delectus voluptatem.','Quosminusevenietnatus','jade_mohr@mcclure.name',NULL,NULL,'FSLS3O','jade_mohr@mcclure.name',NULL,1,NULL,NULL,0,NULL,NULL),(9,'Quolaboriosamexplicabohic','Consequuntur et ducimus natus est earum.','Dolorum vero vel facere non.','Quolaboriosamexplicabohic','daphney.lindgren@cormier.com',NULL,NULL,'SKB7X0','daphney.lindgren@cormier.com',NULL,1,NULL,NULL,0,NULL,NULL),(10,'Velitnonvoluptasdolores','Inventore error sit omnis odit.','Aut minima quo est qui.','Velitnonvoluptasdolores','shakira.hudson@heathcote.com',NULL,NULL,'OWM95Q','shakira.hudson@heathcote.com',NULL,1,NULL,NULL,0,NULL,NULL),(11,'Nihilidquoscupiditate','Dolorem vel non consequatur distinctio sit.','Impedit nobis odio et saepe doloremque quasi.','Nihilidquoscupiditate','dalton_tillman@cartwrightschumm.com',NULL,NULL,'FX1555','dalton_tillman@cartwrightschumm.com',NULL,1,NULL,NULL,0,NULL,NULL),(12,'Dolorsuntessedolor','Aperiam sunt quos et ut pariatur ipsum unde.','Qui consequatur praesentium dicta neque architecto commodi vitae voluptas.','Dolorsuntessedolor','monserrat@kunde.co.uk',NULL,NULL,'FZ1E2X','monserrat@kunde.co.uk',NULL,1,NULL,NULL,0,NULL,NULL),(13,'Doloremqueexrerumad','Quod tempora necessitatibus facere.','Deserunt dolor aut nobis sint et.','Doloremqueexrerumad','tyra@johns.info',NULL,NULL,'SSHFBL','tyra@johns.info',NULL,1,NULL,NULL,0,NULL,NULL);
/*!40000 ALTER TABLE `inventory_pools` ENABLE KEYS */;
UNLOCK TABLES;

--
-- Table structure for table `inventory_pools_model_groups`
--

DROP TABLE IF EXISTS `inventory_pools_model_groups`;
/*!40101 SET @saved_cs_client     = @@character_set_client */;
/*!40101 SET character_set_client = utf8 */;
CREATE TABLE `inventory_pools_model_groups` (
  `inventory_pool_id` int(11) DEFAULT NULL,
  `model_group_id` int(11) DEFAULT NULL,
  KEY `index_inventory_pools_model_groups_on_inventory_pool_id` (`inventory_pool_id`),
  KEY `index_inventory_pools_model_groups_on_model_group_id` (`model_group_id`)
) ENGINE=InnoDB DEFAULT CHARSET=utf8 COLLATE=utf8_unicode_ci;
/*!40101 SET character_set_client = @saved_cs_client */;

--
-- Dumping data for table `inventory_pools_model_groups`
--

LOCK TABLES `inventory_pools_model_groups` WRITE;
/*!40000 ALTER TABLE `inventory_pools_model_groups` DISABLE KEYS */;
INSERT INTO `inventory_pools_model_groups` VALUES (1,12),(1,13),(1,14);
/*!40000 ALTER TABLE `inventory_pools_model_groups` ENABLE KEYS */;
UNLOCK TABLES;

--
-- Table structure for table `items`
--

DROP TABLE IF EXISTS `items`;
/*!40101 SET @saved_cs_client     = @@character_set_client */;
/*!40101 SET character_set_client = utf8 */;
CREATE TABLE `items` (
  `id` int(11) NOT NULL AUTO_INCREMENT,
  `inventory_code` varchar(255) COLLATE utf8_unicode_ci DEFAULT NULL,
  `serial_number` varchar(255) COLLATE utf8_unicode_ci DEFAULT NULL,
  `model_id` int(11) DEFAULT NULL,
  `location_id` int(11) DEFAULT NULL,
  `supplier_id` int(11) DEFAULT NULL,
  `owner_id` int(11) DEFAULT NULL,
  `parent_id` int(11) DEFAULT NULL,
  `invoice_number` varchar(255) COLLATE utf8_unicode_ci DEFAULT NULL,
  `invoice_date` date DEFAULT NULL,
  `last_check` date DEFAULT NULL,
  `retired` date DEFAULT NULL,
  `retired_reason` varchar(255) COLLATE utf8_unicode_ci DEFAULT NULL,
  `price` decimal(8,2) DEFAULT NULL,
  `is_broken` tinyint(1) DEFAULT '0',
  `is_incomplete` tinyint(1) DEFAULT '0',
  `is_borrowable` tinyint(1) DEFAULT '0',
  `needs_permission` tinyint(1) DEFAULT '0',
  `inventory_pool_id` int(11) DEFAULT NULL,
  `is_inventory_relevant` tinyint(1) DEFAULT '0',
  `responsible` varchar(255) COLLATE utf8_unicode_ci DEFAULT NULL,
  `insurance_number` varchar(255) COLLATE utf8_unicode_ci DEFAULT NULL,
  `note` text COLLATE utf8_unicode_ci,
  `name` text COLLATE utf8_unicode_ci,
  `user_name` varchar(255) COLLATE utf8_unicode_ci DEFAULT NULL,
  `properties` varchar(2048) COLLATE utf8_unicode_ci DEFAULT NULL,
  `created_at` datetime DEFAULT NULL,
  `updated_at` datetime DEFAULT NULL,
  PRIMARY KEY (`id`),
  UNIQUE KEY `index_items_on_inventory_code` (`inventory_code`),
  KEY `index_items_on_inventory_pool_id` (`inventory_pool_id`),
  KEY `index_items_on_retired` (`retired`),
  KEY `index_items_on_is_borrowable` (`is_borrowable`),
  KEY `index_items_on_is_broken` (`is_broken`),
  KEY `index_items_on_is_incomplete` (`is_incomplete`),
  KEY `index_items_on_location_id` (`location_id`),
  KEY `index_items_on_owner_id` (`owner_id`),
  KEY `index_items_on_parent_id_and_retired` (`parent_id`,`retired`),
  KEY `index_items_on_model_id_and_retired_and_inventory_pool_id` (`model_id`,`retired`,`inventory_pool_id`)
) ENGINE=InnoDB AUTO_INCREMENT=293 DEFAULT CHARSET=utf8 COLLATE=utf8_unicode_ci;
/*!40101 SET character_set_client = @saved_cs_client */;

--
-- Dumping data for table `items`
--

LOCK TABLES `items` WRITE;
/*!40000 ALTER TABLE `items` DISABLE KEYS */;
INSERT INTO `items` VALUES (1,'gy8qjp9s0sxyncnl56gv176','c8:79:91:66:0e:80-ef:a3:43:4c:f5:af-58:dd:f1:08:9e:8c',1,1,1,6,NULL,NULL,'2010-08-22','2014-12-23',NULL,NULL,'604.00',0,0,1,0,5,1,NULL,NULL,NULL,NULL,NULL,'--- !ruby/hash:ActiveSupport::HashWithIndifferentAccess\nanschaffungskategorie: AV-Technik\nreference: invoice\numzug: zgeln\nankunftszustand: intakt\n','2014-12-23 02:51:57','2014-12-23 02:51:57'),(2,'jjvhh3wvi0rmuqukv9i5177','10:bf:d1:56:20:b8-0a:36:ca:36:77:52-1d:db:99:86:7d:59',1,2,2,5,NULL,NULL,'2010-01-09','2014-12-23',NULL,NULL,'215.00',0,0,1,0,5,1,NULL,NULL,NULL,NULL,NULL,'--- !ruby/hash:ActiveSupport::HashWithIndifferentAccess\nanschaffungskategorie: AV-Technik\nreference: invoice\numzug: zgeln\nankunftszustand: intakt\n','2014-12-23 02:51:57','2014-12-23 02:51:57'),(3,'ad4grihnlfrx217nkuet178','e0:75:f1:bd:4f:8a-0f:a0:62:44:32:00-48:8c:1a:ce:fa:eb',1,3,3,3,NULL,NULL,'2011-07-30','2014-12-23',NULL,NULL,'630.00',0,0,1,0,5,1,NULL,NULL,NULL,NULL,NULL,'--- !ruby/hash:ActiveSupport::HashWithIndifferentAccess\nanschaffungskategorie: AV-Technik\nreference: invoice\numzug: zgeln\nankunftszustand: intakt\n','2014-12-23 02:51:57','2014-12-23 02:51:57'),(4,'tu695ht4cb6zejp6ok4t179','90:a4:c6:9f:32:37-9e:fd:ca:cc:79:86-34:dc:79:f9:72:04',5,4,4,7,NULL,NULL,'2011-09-17','2014-12-23',NULL,NULL,'244.00',0,0,1,0,5,1,NULL,NULL,NULL,NULL,NULL,'--- !ruby/hash:ActiveSupport::HashWithIndifferentAccess\nanschaffungskategorie: AV-Technik\nreference: invoice\numzug: zgeln\nankunftszustand: intakt\n','2014-12-23 02:51:57','2014-12-23 02:51:57'),(5,'aszvvfx6an31dz855n3l180','fa:f9:25:27:4a:00-f3:c2:16:53:29:ab-09:34:6d:e4:a1:cf',5,5,5,2,NULL,NULL,'2009-08-05','2014-12-23',NULL,NULL,'647.00',0,0,1,0,5,1,NULL,NULL,NULL,NULL,NULL,'--- !ruby/hash:ActiveSupport::HashWithIndifferentAccess\nanschaffungskategorie: AV-Technik\nreference: invoice\numzug: zgeln\nankunftszustand: intakt\n','2014-12-23 02:51:57','2014-12-23 02:51:57'),(6,'ndtlr4ogka00vxbdh3ra181','3a:a7:1d:84:15:2c-91:50:10:27:0f:54-07:f6:a5:3e:b8:df',5,6,6,8,NULL,NULL,'2009-01-28','2014-12-23',NULL,NULL,'561.00',0,0,1,0,5,1,NULL,NULL,NULL,NULL,NULL,'--- !ruby/hash:ActiveSupport::HashWithIndifferentAccess\nanschaffungskategorie: AV-Technik\nreference: invoice\numzug: zgeln\nankunftszustand: intakt\n','2014-12-23 02:51:57','2014-12-23 02:51:57'),(7,'jkfokuxsufoav3vuuoyt182','51:ab:2e:90:d4:62-72:60:87:bf:b0:c7-9c:40:3f:ae:fe:f4',9,7,7,8,NULL,NULL,'2011-09-11','2014-12-23',NULL,NULL,'1406.00',0,0,1,0,5,1,NULL,NULL,NULL,NULL,NULL,'--- !ruby/hash:ActiveSupport::HashWithIndifferentAccess\nanschaffungskategorie: AV-Technik\nreference: invoice\numzug: zgeln\nankunftszustand: intakt\n','2014-12-23 02:51:57','2014-12-23 02:51:57'),(8,'xbun8jnivrsu5hcbc71t183','b8:e1:a5:f5:59:88-d0:e6:58:44:0d:0e-f0:04:ac:38:b8:66',9,8,8,9,NULL,NULL,'2009-08-13','2014-12-23',NULL,NULL,'1095.00',0,0,1,0,5,1,NULL,NULL,NULL,NULL,NULL,'--- !ruby/hash:ActiveSupport::HashWithIndifferentAccess\nanschaffungskategorie: AV-Technik\nreference: invoice\numzug: zgeln\nankunftszustand: intakt\n','2014-12-23 02:51:57','2014-12-23 02:51:57'),(9,'jm7wo1qq4qi0lf51a3m4184','ba:25:3a:c1:84:28-c4:1f:d7:75:0e:ac-2c:cd:62:56:58:8d',9,9,9,5,NULL,NULL,'2013-06-05','2014-12-23',NULL,NULL,'121.00',0,0,1,0,5,1,NULL,NULL,NULL,NULL,NULL,'--- !ruby/hash:ActiveSupport::HashWithIndifferentAccess\nanschaffungskategorie: AV-Technik\nreference: invoice\numzug: zgeln\nankunftszustand: intakt\n','2014-12-23 02:51:57','2014-12-23 02:51:57'),(10,'3klhnj8qh5emzqjikz7p185','03:ea:59:a7:f1:7c-72:1e:6c:e3:f3:13-ca:11:85:98:1b:b5',13,10,10,5,NULL,NULL,'2013-03-16','2014-12-23',NULL,NULL,'38.00',0,0,1,0,5,1,NULL,NULL,NULL,NULL,NULL,'--- !ruby/hash:ActiveSupport::HashWithIndifferentAccess\nanschaffungskategorie: AV-Technik\nreference: invoice\numzug: zgeln\nankunftszustand: intakt\n','2014-12-23 02:51:57','2014-12-23 02:51:57'),(11,'4hvcvq3cotsivs0n882q186','bf:45:f9:3c:55:2f-fb:be:36:56:a0:9b-19:f2:0e:3f:73:ac',13,11,11,6,NULL,NULL,'2011-06-12','2014-12-23',NULL,NULL,'1476.00',0,0,1,0,5,1,NULL,NULL,NULL,NULL,NULL,'--- !ruby/hash:ActiveSupport::HashWithIndifferentAccess\nanschaffungskategorie: AV-Technik\nreference: invoice\numzug: zgeln\nankunftszustand: intakt\n','2014-12-23 02:51:57','2014-12-23 02:51:57'),(12,'hxn4vc916k23j2pfgihs187','65:a5:e8:78:64:a8-f0:6d:00:5c:e5:1d-49:33:28:4a:d2:7c',13,12,12,5,NULL,NULL,'2013-02-14','2014-12-23',NULL,NULL,'817.00',0,0,1,0,5,1,NULL,NULL,NULL,NULL,NULL,'--- !ruby/hash:ActiveSupport::HashWithIndifferentAccess\nanschaffungskategorie: AV-Technik\nreference: invoice\numzug: zgeln\nankunftszustand: intakt\n','2014-12-23 02:51:57','2014-12-23 02:51:57'),(13,'cp8sonibh5h9obmf9qkg188','13:f1:c7:b2:d6:25-b0:f2:86:a9:72:3d-ed:de:9c:6e:c6:fb',17,13,13,1,NULL,NULL,'2011-03-23','2014-12-23',NULL,NULL,'1096.00',0,0,1,0,5,1,NULL,NULL,NULL,NULL,NULL,'--- !ruby/hash:ActiveSupport::HashWithIndifferentAccess\nanschaffungskategorie: AV-Technik\nreference: invoice\numzug: zgeln\nankunftszustand: intakt\n','2014-12-23 02:51:57','2014-12-23 02:51:57'),(14,'xefvgimy57knki585a8e189','8f:95:71:fa:62:14-80:fa:bc:be:a4:ee-de:a0:df:6f:2d:d4',17,14,14,6,NULL,NULL,'2013-01-01','2014-12-23',NULL,NULL,'992.00',0,0,1,0,5,1,NULL,NULL,NULL,NULL,NULL,'--- !ruby/hash:ActiveSupport::HashWithIndifferentAccess\nanschaffungskategorie: AV-Technik\nreference: invoice\numzug: zgeln\nankunftszustand: intakt\n','2014-12-23 02:51:57','2014-12-23 02:51:57'),(15,'akw1gyjbqqj5knlvbjbp190','2a:e6:1d:d3:e0:e4-82:fc:a5:e4:9b:23-32:c6:d6:6e:4f:55',17,15,15,8,NULL,NULL,'2010-09-11','2014-12-23',NULL,NULL,'504.00',0,0,1,0,5,1,NULL,NULL,NULL,NULL,NULL,'--- !ruby/hash:ActiveSupport::HashWithIndifferentAccess\nanschaffungskategorie: AV-Technik\nreference: invoice\numzug: zgeln\nankunftszustand: intakt\n','2014-12-23 02:51:57','2014-12-23 02:51:57'),(16,'5buvnhqya6ww0mu32r1d191','77:9a:7c:13:87:08-08:46:ae:4b:62:bb-44:45:45:2c:75:a3',21,16,16,2,NULL,NULL,'2012-01-18','2014-12-23',NULL,NULL,'1196.00',0,0,1,0,10,1,NULL,NULL,NULL,NULL,NULL,'--- !ruby/hash:ActiveSupport::HashWithIndifferentAccess\nanschaffungskategorie: AV-Technik\nreference: invoice\numzug: zgeln\nankunftszustand: intakt\n','2014-12-23 02:51:57','2014-12-23 02:51:57'),(17,'k09e6gedtlnjg90evivb192','7e:fb:69:94:4e:dc-ad:fd:6a:be:cc:c2-7a:37:2e:df:78:f0',21,17,17,9,NULL,NULL,'2009-07-27','2014-12-23',NULL,NULL,'153.00',0,0,1,0,10,1,NULL,NULL,NULL,NULL,NULL,'--- !ruby/hash:ActiveSupport::HashWithIndifferentAccess\nanschaffungskategorie: AV-Technik\nreference: invoice\numzug: zgeln\nankunftszustand: intakt\n','2014-12-23 02:51:57','2014-12-23 02:51:57'),(18,'jiwkd4e2xj9wedq75016193','d3:45:85:6c:68:6e-52:61:3b:a8:00:48-37:9f:de:f2:35:e4',21,18,18,7,NULL,NULL,'2013-06-18','2014-12-23',NULL,NULL,'811.00',0,0,1,0,10,1,NULL,NULL,NULL,NULL,NULL,'--- !ruby/hash:ActiveSupport::HashWithIndifferentAccess\nanschaffungskategorie: AV-Technik\nreference: invoice\numzug: zgeln\nankunftszustand: intakt\n','2014-12-23 02:51:57','2014-12-23 02:51:57'),(19,'r1ljq6ohc992mgzd80jn194','a1:c2:fa:2f:13:f7-1d:79:8a:b6:e9:8a-db:ac:eb:6e:6f:14',25,19,19,10,NULL,NULL,'2011-02-18','2014-12-23',NULL,NULL,'312.00',0,0,1,0,10,1,NULL,NULL,NULL,NULL,NULL,'--- !ruby/hash:ActiveSupport::HashWithIndifferentAccess\nanschaffungskategorie: AV-Technik\nreference: invoice\numzug: zgeln\nankunftszustand: intakt\n','2014-12-23 02:51:57','2014-12-23 02:51:57'),(20,'aax3ecsrxx7qap6vdiwc195','27:d8:4c:48:b9:4c-95:0b:fe:84:5a:f4-1b:60:b8:df:49:78',25,20,20,4,NULL,NULL,'2012-05-14','2014-12-23',NULL,NULL,'122.00',0,0,1,0,10,1,NULL,NULL,NULL,NULL,NULL,'--- !ruby/hash:ActiveSupport::HashWithIndifferentAccess\nanschaffungskategorie: AV-Technik\nreference: invoice\numzug: zgeln\nankunftszustand: intakt\n','2014-12-23 02:51:57','2014-12-23 02:51:57'),(21,'35anebmt78ynmlm35t8s196','06:74:06:e7:8c:df-77:13:87:db:ec:9a-b2:de:6e:b2:39:d1',25,21,21,7,NULL,NULL,'2011-07-22','2014-12-23',NULL,NULL,'868.00',0,0,1,0,10,1,NULL,NULL,NULL,NULL,NULL,'--- !ruby/hash:ActiveSupport::HashWithIndifferentAccess\nanschaffungskategorie: AV-Technik\nreference: invoice\numzug: zgeln\nankunftszustand: intakt\n','2014-12-23 02:51:57','2014-12-23 02:51:57'),(22,'2ojaotguzwvlm3o2qqid197','45:02:99:3f:08:0e-fa:bb:92:82:d9:1e-69:12:2a:e4:10:63',29,22,22,8,NULL,NULL,'2009-07-24','2014-12-23',NULL,NULL,'143.00',0,0,1,0,10,1,NULL,NULL,NULL,NULL,NULL,'--- !ruby/hash:ActiveSupport::HashWithIndifferentAccess\nanschaffungskategorie: AV-Technik\nreference: invoice\numzug: zgeln\nankunftszustand: intakt\n','2014-12-23 02:51:57','2014-12-23 02:51:57'),(23,'dc8mdgeno7z2xh97jtqa198','cc:ec:85:f2:88:d2-d0:ba:4f:90:df:3d-b9:0b:0c:85:7b:44',29,23,23,5,NULL,NULL,'2011-04-17','2014-12-23',NULL,NULL,'1148.00',0,0,1,0,10,1,NULL,NULL,NULL,NULL,NULL,'--- !ruby/hash:ActiveSupport::HashWithIndifferentAccess\nanschaffungskategorie: AV-Technik\nreference: invoice\numzug: zgeln\nankunftszustand: intakt\n','2014-12-23 02:51:57','2014-12-23 02:51:57'),(24,'ad9gjb8zxfpsdu6fn3jx199','86:88:09:bd:c7:66-48:22:ce:45:cb:8f-89:92:79:d2:9e:2c',29,24,24,9,NULL,NULL,'2012-09-26','2014-12-23',NULL,NULL,'1208.00',0,0,1,0,10,1,NULL,NULL,NULL,NULL,NULL,'--- !ruby/hash:ActiveSupport::HashWithIndifferentAccess\nanschaffungskategorie: AV-Technik\nreference: invoice\numzug: zgeln\nankunftszustand: intakt\n','2014-12-23 02:51:57','2014-12-23 02:51:57'),(25,'zdmg13ybjp3o2rvmxywl200','ba:e8:ba:e1:bc:4d-14:aa:fc:24:ba:39-a2:46:20:7f:3c:a6',33,25,25,11,NULL,NULL,'2013-11-30','2014-12-23',NULL,NULL,'226.00',0,0,1,0,10,1,NULL,NULL,NULL,NULL,NULL,'--- !ruby/hash:ActiveSupport::HashWithIndifferentAccess\nanschaffungskategorie: AV-Technik\nreference: invoice\numzug: zgeln\nankunftszustand: intakt\n','2014-12-23 02:51:57','2014-12-23 02:51:57'),(26,'hc8grjrhvn5jsgfu2xdl201','24:71:94:0c:c6:e6-da:79:44:ce:59:4f-60:d0:0f:b4:99:4a',33,26,26,10,NULL,NULL,'2012-06-26','2014-12-23',NULL,NULL,'1156.00',0,0,1,0,10,1,NULL,NULL,NULL,NULL,NULL,'--- !ruby/hash:ActiveSupport::HashWithIndifferentAccess\nanschaffungskategorie: AV-Technik\nreference: invoice\numzug: zgeln\nankunftszustand: intakt\n','2014-12-23 02:51:57','2014-12-23 02:51:57'),(27,'9jb0yf8857q6mqb4hjr0202','1b:d8:8c:2a:f1:13-a7:3f:ab:b6:d1:67-a7:c3:dd:b8:d2:53',33,27,27,11,NULL,NULL,'2009-09-28','2014-12-23',NULL,NULL,'352.00',0,0,1,0,10,1,NULL,NULL,NULL,NULL,NULL,'--- !ruby/hash:ActiveSupport::HashWithIndifferentAccess\nanschaffungskategorie: AV-Technik\nreference: invoice\numzug: zgeln\nankunftszustand: intakt\n','2014-12-23 02:51:57','2014-12-23 02:51:57'),(28,'pv6v5z7ei1xdjcdnjkof203','ce:fc:03:a2:e9:57-2a:9e:78:79:fa:d2-70:a6:58:a9:80:cb',37,28,28,9,NULL,NULL,'2009-02-08','2014-12-23',NULL,NULL,'1039.00',0,0,1,0,1,1,NULL,NULL,NULL,NULL,NULL,'--- !ruby/hash:ActiveSupport::HashWithIndifferentAccess\nanschaffungskategorie: AV-Technik\nreference: invoice\numzug: zgeln\nankunftszustand: intakt\n','2014-12-23 02:51:57','2014-12-23 02:51:57'),(29,'4qb2bvd116olilpd8m2n204','c0:a4:2b:42:59:aa-2d:eb:89:2e:ab:30-77:a2:93:ee:b5:25',37,29,29,11,NULL,NULL,'2013-08-24','2014-12-23',NULL,NULL,'946.00',0,0,1,0,1,1,NULL,NULL,NULL,NULL,NULL,'--- !ruby/hash:ActiveSupport::HashWithIndifferentAccess\nanschaffungskategorie: AV-Technik\nreference: invoice\numzug: zgeln\nankunftszustand: intakt\n','2014-12-23 02:51:57','2014-12-23 02:51:57'),(30,'wktlkksq2t1z5rbpzcm0205','35:fe:a2:2d:6b:25-81:99:36:f5:b7:cb-b9:5a:b5:54:79:f9',37,30,30,6,NULL,NULL,'2010-08-29','2014-12-23',NULL,NULL,'1276.00',0,0,1,0,1,1,NULL,NULL,NULL,NULL,NULL,'--- !ruby/hash:ActiveSupport::HashWithIndifferentAccess\nanschaffungskategorie: AV-Technik\nreference: invoice\numzug: zgeln\nankunftszustand: intakt\n','2014-12-23 02:51:57','2014-12-23 02:51:57'),(31,'k4o0hom5jo6qns5rpm6o206','b5:99:1a:9d:b9:22-d0:33:93:65:e9:e5-18:a6:01:08:a3:53',41,31,31,11,NULL,NULL,'2013-10-01','2014-12-23',NULL,NULL,'1321.00',0,0,1,0,1,1,NULL,NULL,NULL,NULL,NULL,'--- !ruby/hash:ActiveSupport::HashWithIndifferentAccess\nanschaffungskategorie: AV-Technik\nreference: invoice\numzug: zgeln\nankunftszustand: intakt\n','2014-12-23 02:51:57','2014-12-23 02:51:57'),(32,'tjdl5utviz31bsjxr4c8207','6d:0f:4b:26:65:f9-1f:e6:53:ec:79:df-42:41:2a:11:ab:32',41,32,32,10,NULL,NULL,'2009-01-28','2014-12-23',NULL,NULL,'1194.00',0,0,1,0,1,1,NULL,NULL,NULL,NULL,NULL,'--- !ruby/hash:ActiveSupport::HashWithIndifferentAccess\nanschaffungskategorie: AV-Technik\nreference: invoice\numzug: zgeln\nankunftszustand: intakt\n','2014-12-23 02:51:57','2014-12-23 02:51:57'),(33,'qm65eilwu43nsxzjk4ck208','69:c4:9f:33:c7:19-84:63:3a:8b:a7:e0-f7:9d:ca:b8:ff:8c',41,33,33,9,NULL,NULL,'2013-12-06','2014-12-23',NULL,NULL,'284.00',0,0,1,0,1,1,NULL,NULL,NULL,NULL,NULL,'--- !ruby/hash:ActiveSupport::HashWithIndifferentAccess\nanschaffungskategorie: AV-Technik\nreference: invoice\numzug: zgeln\nankunftszustand: intakt\n','2014-12-23 02:51:57','2014-12-23 02:51:57'),(34,'h3wn5vkis3a2lugjb85u209','d3:bf:90:7b:db:9b-5e:a8:54:22:50:a9-79:ca:05:70:3b:7f',45,34,34,8,NULL,NULL,'2009-08-03','2014-12-23',NULL,NULL,'550.00',0,0,1,0,1,1,NULL,NULL,NULL,NULL,NULL,'--- !ruby/hash:ActiveSupport::HashWithIndifferentAccess\nanschaffungskategorie: AV-Technik\nreference: invoice\numzug: zgeln\nankunftszustand: intakt\n','2014-12-23 02:51:57','2014-12-23 02:51:57'),(35,'xfnnqjsalvwmqi1mztrb210','ae:6d:88:e8:17:6e-2b:22:a7:07:e8:1b-e3:a7:45:d1:96:35',45,35,35,4,NULL,NULL,'2009-08-18','2014-12-23',NULL,NULL,'1396.00',0,0,1,0,1,1,NULL,NULL,NULL,NULL,NULL,'--- !ruby/hash:ActiveSupport::HashWithIndifferentAccess\nanschaffungskategorie: AV-Technik\nreference: invoice\numzug: zgeln\nankunftszustand: intakt\n','2014-12-23 02:51:57','2014-12-23 02:51:57'),(36,'si6yk5xyquu3xa4rtstt211','d6:53:08:07:e8:cd-7b:be:45:0d:45:42-a2:6d:30:a7:e2:c4',45,36,36,2,NULL,NULL,'2011-11-07','2014-12-23',NULL,NULL,'804.00',0,0,1,0,1,1,NULL,NULL,NULL,NULL,NULL,'--- !ruby/hash:ActiveSupport::HashWithIndifferentAccess\nanschaffungskategorie: AV-Technik\nreference: invoice\numzug: zgeln\nankunftszustand: intakt\n','2014-12-23 02:51:57','2014-12-23 02:51:57'),(37,'gpe4klbl3x5dolowz8br212','46:b4:9e:cc:a7:ab-9d:4a:0b:94:03:01-d8:40:57:d4:fc:e9',49,37,37,7,NULL,NULL,'2013-03-03','2014-12-23',NULL,NULL,'636.00',0,0,1,0,1,1,NULL,NULL,NULL,NULL,NULL,'--- !ruby/hash:ActiveSupport::HashWithIndifferentAccess\nanschaffungskategorie: AV-Technik\nreference: invoice\numzug: zgeln\nankunftszustand: intakt\n','2014-12-23 02:51:57','2014-12-23 02:51:57'),(38,'otge07mvuvklsgnna8h3213','d1:aa:2e:ca:7b:50-b3:72:fc:69:7c:ca-78:1b:d2:bf:c0:bd',49,38,38,5,NULL,NULL,'2012-06-18','2014-12-23',NULL,NULL,'659.00',0,0,1,0,1,1,NULL,NULL,NULL,NULL,NULL,'--- !ruby/hash:ActiveSupport::HashWithIndifferentAccess\nanschaffungskategorie: AV-Technik\nreference: invoice\numzug: zgeln\nankunftszustand: intakt\n','2014-12-23 02:51:57','2014-12-23 02:51:57'),(39,'vf6rbolw7rri4qpbub8d214','f4:1f:36:6a:42:2f-e5:5b:7f:c4:5b:2f-61:e6:81:f4:d9:6f',49,39,39,8,NULL,NULL,'2012-04-04','2014-12-23',NULL,NULL,'448.00',0,0,1,0,1,1,NULL,NULL,NULL,NULL,NULL,'--- !ruby/hash:ActiveSupport::HashWithIndifferentAccess\nanschaffungskategorie: AV-Technik\nreference: invoice\numzug: zgeln\nankunftszustand: intakt\n','2014-12-23 02:51:57','2014-12-23 02:51:57'),(40,'3pbv2hgnhskll79swk3u215','78:b4:07:4e:8d:b7-43:02:cb:b6:f0:de-a9:a0:c3:89:a2:cc',53,40,40,2,NULL,NULL,'2013-05-21','2014-12-23',NULL,NULL,'77.00',0,0,1,0,1,1,NULL,NULL,NULL,NULL,NULL,'--- !ruby/hash:ActiveSupport::HashWithIndifferentAccess\nanschaffungskategorie: AV-Technik\nreference: invoice\numzug: zgeln\nankunftszustand: intakt\n','2014-12-23 02:51:57','2014-12-23 02:51:57'),(41,'8qisbsei6t0c17v5qwbf216','01:2a:14:d3:2a:74-b4:db:27:c7:1f:ba-03:d7:09:12:c1:a6',53,41,41,4,NULL,NULL,'2013-05-31','2014-12-23',NULL,NULL,'844.00',0,0,1,0,1,1,NULL,NULL,NULL,NULL,NULL,'--- !ruby/hash:ActiveSupport::HashWithIndifferentAccess\nanschaffungskategorie: AV-Technik\nreference: invoice\numzug: zgeln\nankunftszustand: intakt\n','2014-12-23 02:51:57','2014-12-23 02:51:57'),(42,'zysswnwizfccwh5faudk217','c7:70:06:92:39:bd-12:9a:d1:05:ed:a1-22:a0:55:fb:ab:4d',53,42,42,8,NULL,NULL,'2010-03-03','2014-12-23',NULL,NULL,'206.00',0,0,1,0,1,1,NULL,NULL,NULL,NULL,NULL,'--- !ruby/hash:ActiveSupport::HashWithIndifferentAccess\nanschaffungskategorie: AV-Technik\nreference: invoice\numzug: zgeln\nankunftszustand: intakt\n','2014-12-23 02:51:57','2014-12-23 02:51:57'),(43,'791j11sizlwkyepzty7b218','a5:c0:0c:b2:73:5f-16:3c:ab:7b:41:8c-d5:f3:4b:e2:4d:5b',57,43,43,8,NULL,NULL,'2011-05-17','2014-12-23',NULL,NULL,'1452.00',0,0,1,0,1,1,NULL,NULL,NULL,NULL,NULL,'--- !ruby/hash:ActiveSupport::HashWithIndifferentAccess\nanschaffungskategorie: AV-Technik\nreference: invoice\numzug: zgeln\nankunftszustand: intakt\n','2014-12-23 02:51:57','2014-12-23 02:51:57'),(44,'h4ta2l91x5oucujetbjv219','5c:b4:fe:7a:33:6d-a7:6d:d6:f1:51:7e-f2:03:20:77:23:8e',57,44,44,7,NULL,NULL,'2011-11-16','2014-12-23',NULL,NULL,'1232.00',0,0,1,0,1,1,NULL,NULL,NULL,NULL,NULL,'--- !ruby/hash:ActiveSupport::HashWithIndifferentAccess\nanschaffungskategorie: AV-Technik\nreference: invoice\numzug: zgeln\nankunftszustand: intakt\n','2014-12-23 02:51:57','2014-12-23 02:51:57'),(45,'z9sfce6osn9yj3kdz8pt220','b8:04:d5:c8:d6:40-b0:c8:b8:8b:a3:b9-20:eb:36:28:06:42',57,45,45,11,NULL,NULL,'2009-07-12','2014-12-23',NULL,NULL,'1211.00',0,0,1,0,1,1,NULL,NULL,NULL,NULL,NULL,'--- !ruby/hash:ActiveSupport::HashWithIndifferentAccess\nanschaffungskategorie: AV-Technik\nreference: invoice\numzug: zgeln\nankunftszustand: intakt\n','2014-12-23 02:51:57','2014-12-23 02:51:57'),(46,'book1','book1',61,46,46,2,NULL,NULL,'2013-03-15','2014-12-23',NULL,NULL,'96.00',0,0,1,0,2,1,NULL,NULL,NULL,NULL,NULL,'--- !ruby/hash:ActiveSupport::HashWithIndifferentAccess\nanschaffungskategorie: AV-Technik\nreference: invoice\numzug: zgeln\nankunftszustand: intakt\n','2014-12-23 02:51:57','2014-12-23 02:51:57'),(47,'book2','book2',61,46,47,2,NULL,NULL,'2013-03-24','2014-12-23',NULL,NULL,'888.00',0,0,1,0,2,1,NULL,NULL,NULL,NULL,NULL,'--- !ruby/hash:ActiveSupport::HashWithIndifferentAccess\nanschaffungskategorie: AV-Technik\nreference: invoice\numzug: zgeln\nankunftszustand: intakt\n','2014-12-23 02:51:57','2014-12-23 02:51:57'),(48,'beam123','xyz456',62,47,48,1,NULL,NULL,'2009-06-03','2014-12-23',NULL,NULL,'1474.00',0,0,1,0,1,1,NULL,NULL,NULL,'name123',NULL,'--- !ruby/hash:ActiveSupport::HashWithIndifferentAccess\nanschaffungskategorie: AV-Technik\nreference: invoice\numzug: zgeln\nankunftszustand: intakt\n','2014-12-23 02:51:57','2014-12-23 02:51:57'),(49,'beam345','xyz890',62,47,49,1,NULL,NULL,'2013-04-01','2014-12-23',NULL,NULL,'871.00',0,0,1,0,1,1,NULL,NULL,NULL,NULL,NULL,'--- !ruby/hash:ActiveSupport::HashWithIndifferentAccess\nanschaffungskategorie: AV-Technik\nreference: invoice\numzug: zgeln\nankunftszustand: intakt\n','2014-12-23 02:51:57','2014-12-23 02:51:57'),(50,'beam678','xyz678',63,47,50,1,NULL,NULL,'2011-11-29','2014-12-23',NULL,NULL,'88.00',0,0,1,0,1,1,NULL,NULL,NULL,NULL,NULL,'--- !ruby/hash:ActiveSupport::HashWithIndifferentAccess\nanschaffungskategorie: AV-Technik\nreference: invoice\numzug: zgeln\nankunftszustand: intakt\n','2014-12-23 02:51:57','2014-12-23 02:51:57'),(51,'beam749','xyz749',62,47,51,1,NULL,NULL,'2009-11-23','2014-12-23',NULL,NULL,'1297.00',0,0,1,0,2,1,NULL,NULL,NULL,NULL,NULL,'--- !ruby/hash:ActiveSupport::HashWithIndifferentAccess\nanschaffungskategorie: AV-Technik\nreference: invoice\numzug: zgeln\nankunftszustand: intakt\n','2014-12-23 02:51:57','2014-12-23 02:51:57'),(52,'beamTest123','xyz749',65,47,52,1,NULL,NULL,'2013-08-17','2014-12-23',NULL,NULL,'1321.00',0,0,1,0,1,1,NULL,NULL,NULL,NULL,NULL,'--- !ruby/hash:ActiveSupport::HashWithIndifferentAccess\nanschaffungskategorie: AV-Technik\nreference: invoice\numzug: zgeln\nankunftszustand: intakt\n','2014-12-23 02:51:57','2014-12-23 02:51:57'),(53,'ucbeam1','minbeam1',66,47,53,1,NULL,NULL,'2011-08-22','2014-12-23',NULL,NULL,'419.00',0,0,1,0,1,1,NULL,NULL,NULL,'ucbeam1',NULL,'--- !ruby/hash:ActiveSupport::HashWithIndifferentAccess\nanschaffungskategorie: AV-Technik\nreference: invoice\numzug: zgeln\nankunftszustand: intakt\n','2014-12-23 02:51:57','2014-12-23 02:51:57'),(54,'microbeam1','microbeam1',67,47,54,1,NULL,NULL,'2012-03-02','2014-12-23',NULL,NULL,'325.00',0,0,1,0,1,1,NULL,NULL,NULL,'microbeam1',NULL,'--- !ruby/hash:ActiveSupport::HashWithIndifferentAccess\nanschaffungskategorie: AV-Technik\nreference: invoice\numzug: zgeln\nankunftszustand: intakt\n','2014-12-23 02:51:57','2014-12-23 02:51:57'),(55,'mbeam1','mbeam1',68,47,55,1,NULL,NULL,'2012-04-06','2014-12-23',NULL,NULL,'1328.00',0,0,1,0,1,1,NULL,NULL,NULL,'mbeam1',NULL,'--- !ruby/hash:ActiveSupport::HashWithIndifferentAccess\nanschaffungskategorie: AV-Technik\nreference: invoice\numzug: zgeln\nankunftszustand: intakt\n','2014-12-23 02:51:57','2014-12-23 02:51:57'),(56,'mbeam2','mbeam2',69,47,56,1,NULL,NULL,'2011-03-26','2014-12-23',NULL,NULL,'563.00',0,0,1,0,1,1,NULL,NULL,NULL,'mbeam2',NULL,'--- !ruby/hash:ActiveSupport::HashWithIndifferentAccess\nanschaffungskategorie: AV-Technik\nreference: invoice\numzug: zgeln\nankunftszustand: intakt\n','2014-12-23 02:51:57','2014-12-23 02:51:57'),(57,'mbeam3','mbeam3',70,47,57,1,NULL,NULL,'2013-08-03','2014-12-23',NULL,NULL,'788.00',0,0,1,0,1,1,NULL,NULL,NULL,'mbeam3',NULL,'--- !ruby/hash:ActiveSupport::HashWithIndifferentAccess\nanschaffungskategorie: AV-Technik\nreference: invoice\numzug: zgeln\nankunftszustand: intakt\n','2014-12-23 02:51:57','2014-12-23 02:51:57'),(58,'mbeam4','mbeam4',71,47,58,1,NULL,NULL,'2012-12-23','2014-12-23',NULL,NULL,'1250.00',0,0,1,0,1,1,NULL,NULL,NULL,'mbeam4',NULL,'--- !ruby/hash:ActiveSupport::HashWithIndifferentAccess\nanschaffungskategorie: AV-Technik\nreference: invoice\numzug: zgeln\nankunftszustand: intakt\n','2014-12-23 02:51:57','2014-12-23 02:51:57'),(59,'mbeam5','mbeam5',72,47,59,1,NULL,NULL,'2009-02-16','2014-12-23',NULL,NULL,'1311.00',0,0,1,0,1,1,NULL,NULL,NULL,'mbeam5',NULL,'--- !ruby/hash:ActiveSupport::HashWithIndifferentAccess\nanschaffungskategorie: AV-Technik\nreference: invoice\numzug: zgeln\nankunftszustand: intakt\n','2014-12-23 02:51:57','2014-12-23 02:51:57'),(60,'mbeam6','mbeam6',73,47,60,1,NULL,NULL,'2011-02-15','2014-12-23',NULL,NULL,'1070.00',0,0,1,0,1,1,NULL,NULL,NULL,'mbeam6',NULL,'--- !ruby/hash:ActiveSupport::HashWithIndifferentAccess\nanschaffungskategorie: AV-Technik\nreference: invoice\numzug: zgeln\nankunftszustand: intakt\n','2014-12-23 02:51:57','2014-12-23 02:51:57'),(61,'mbeam7','mbeam7',74,47,61,1,NULL,NULL,'2012-07-28','2014-12-23',NULL,NULL,'767.00',0,0,1,0,1,1,NULL,NULL,NULL,'mbeam7',NULL,'--- !ruby/hash:ActiveSupport::HashWithIndifferentAccess\nanschaffungskategorie: AV-Technik\nreference: invoice\numzug: zgeln\nankunftszustand: intakt\n','2014-12-23 02:51:57','2014-12-23 02:51:57'),(62,'mbeam8','mbeam8',75,47,62,1,NULL,NULL,'2009-09-05','2014-12-23',NULL,NULL,'591.00',0,0,1,0,1,1,NULL,NULL,NULL,'mbeam8',NULL,'--- !ruby/hash:ActiveSupport::HashWithIndifferentAccess\nanschaffungskategorie: AV-Technik\nreference: invoice\numzug: zgeln\nankunftszustand: intakt\n','2014-12-23 02:51:57','2014-12-23 02:51:57'),(63,'mbeam9','mbeam9',76,47,63,1,NULL,NULL,'2013-04-21','2014-12-23',NULL,NULL,'1047.00',0,0,1,0,1,1,NULL,NULL,NULL,'mbeam9',NULL,'--- !ruby/hash:ActiveSupport::HashWithIndifferentAccess\nanschaffungskategorie: AV-Technik\nreference: invoice\numzug: zgeln\nankunftszustand: intakt\n','2014-12-23 02:51:57','2014-12-23 02:51:57'),(64,'mbeam10','mbeam10',77,47,64,1,NULL,NULL,'2009-06-23','2014-12-23',NULL,NULL,'581.00',0,0,1,0,1,1,NULL,NULL,NULL,'mbeam10',NULL,'--- !ruby/hash:ActiveSupport::HashWithIndifferentAccess\nanschaffungskategorie: AV-Technik\nreference: invoice\numzug: zgeln\nankunftszustand: intakt\n','2014-12-23 02:51:57','2014-12-23 02:51:57'),(65,'mbeam11','mbeam11',78,47,65,1,NULL,NULL,'2011-08-18','2014-12-23',NULL,NULL,'511.00',0,0,1,0,1,1,NULL,NULL,NULL,'mbeam11',NULL,'--- !ruby/hash:ActiveSupport::HashWithIndifferentAccess\nanschaffungskategorie: AV-Technik\nreference: invoice\numzug: zgeln\nankunftszustand: intakt\n','2014-12-23 02:51:57','2014-12-23 02:51:57'),(66,'mbeam12','mbeam12',79,47,66,1,NULL,NULL,'2010-04-04','2014-12-23',NULL,NULL,'933.00',0,0,1,0,1,1,NULL,NULL,NULL,'mbeam12',NULL,'--- !ruby/hash:ActiveSupport::HashWithIndifferentAccess\nanschaffungskategorie: AV-Technik\nreference: invoice\numzug: zgeln\nankunftszustand: intakt\n','2014-12-23 02:51:57','2014-12-23 02:51:57'),(67,'mbeam13','mbeam13',80,47,67,1,NULL,NULL,'2009-01-07','2014-12-23',NULL,NULL,'428.00',0,0,1,0,1,1,NULL,NULL,NULL,'mbeam13',NULL,'--- !ruby/hash:ActiveSupport::HashWithIndifferentAccess\nanschaffungskategorie: AV-Technik\nreference: invoice\numzug: zgeln\nankunftszustand: intakt\n','2014-12-23 02:51:57','2014-12-23 02:51:57'),(68,'mbeam14','mbeam14',81,47,68,1,NULL,NULL,'2012-01-05','2014-12-23',NULL,NULL,'1362.00',0,0,1,0,1,1,NULL,NULL,NULL,'mbeam14',NULL,'--- !ruby/hash:ActiveSupport::HashWithIndifferentAccess\nanschaffungskategorie: AV-Technik\nreference: invoice\numzug: zgeln\nankunftszustand: intakt\n','2014-12-23 02:51:57','2014-12-23 02:51:57'),(69,'mbeam15','mbeam15',82,47,69,1,NULL,NULL,'2013-06-05','2014-12-23',NULL,NULL,'1247.00',0,0,1,0,1,1,NULL,NULL,NULL,'mbeam15',NULL,'--- !ruby/hash:ActiveSupport::HashWithIndifferentAccess\nanschaffungskategorie: AV-Technik\nreference: invoice\numzug: zgeln\nankunftszustand: intakt\n','2014-12-23 02:51:57','2014-12-23 02:51:57'),(70,'mbeam16','mbeam16',83,47,70,1,NULL,NULL,'2011-06-07','2014-12-23',NULL,NULL,'266.00',0,0,1,0,1,1,NULL,NULL,NULL,'mbeam16',NULL,'--- !ruby/hash:ActiveSupport::HashWithIndifferentAccess\nanschaffungskategorie: AV-Technik\nreference: invoice\numzug: zgeln\nankunftszustand: intakt\n','2014-12-23 02:51:57','2014-12-23 02:51:57'),(71,'mbeam17','mbeam17',84,47,71,1,NULL,NULL,'2013-03-01','2014-12-23',NULL,NULL,'1087.00',0,0,1,0,1,1,NULL,NULL,NULL,'mbeam17',NULL,'--- !ruby/hash:ActiveSupport::HashWithIndifferentAccess\nanschaffungskategorie: AV-Technik\nreference: invoice\numzug: zgeln\nankunftszustand: intakt\n','2014-12-23 02:51:57','2014-12-23 02:51:57'),(72,'mbeam18','mbeam18',85,47,72,1,NULL,NULL,'2009-01-16','2014-12-23',NULL,NULL,'402.00',0,0,1,0,1,1,NULL,NULL,NULL,'mbeam18',NULL,'--- !ruby/hash:ActiveSupport::HashWithIndifferentAccess\nanschaffungskategorie: AV-Technik\nreference: invoice\numzug: zgeln\nankunftszustand: intakt\n','2014-12-23 02:51:57','2014-12-23 02:51:57'),(73,'mbeam19','mbeam19',86,47,73,1,NULL,NULL,'2012-03-25','2014-12-23',NULL,NULL,'391.00',0,0,1,0,1,1,NULL,NULL,NULL,'mbeam19',NULL,'--- !ruby/hash:ActiveSupport::HashWithIndifferentAccess\nanschaffungskategorie: AV-Technik\nreference: invoice\numzug: zgeln\nankunftszustand: intakt\n','2014-12-23 02:51:57','2014-12-23 02:51:57'),(74,'mbeam20','mbeam20',87,47,74,1,NULL,NULL,'2011-12-24','2014-12-23',NULL,NULL,'1482.00',0,0,1,0,1,1,NULL,NULL,NULL,'mbeam20',NULL,'--- !ruby/hash:ActiveSupport::HashWithIndifferentAccess\nanschaffungskategorie: AV-Technik\nreference: invoice\numzug: zgeln\nankunftszustand: intakt\n','2014-12-23 02:51:57','2014-12-23 02:51:57'),(75,'cam123','abc234',88,47,75,1,NULL,NULL,'2013-05-18','2014-12-23',NULL,NULL,'462.00',0,0,1,0,1,1,NULL,NULL,NULL,NULL,NULL,'--- !ruby/hash:ActiveSupport::HashWithIndifferentAccess\nanschaffungskategorie: AV-Technik\nreference: invoice\numzug: zgeln\nankunftszustand: intakt\n','2014-12-23 02:51:57','2014-12-23 02:51:57'),(76,'cam345','ab567',88,47,76,1,NULL,NULL,'2009-01-19','2014-12-23',NULL,NULL,'1358.00',0,0,1,0,1,1,NULL,NULL,NULL,NULL,NULL,'--- !ruby/hash:ActiveSupport::HashWithIndifferentAccess\nanschaffungskategorie: AV-Technik\nreference: invoice\numzug: zgeln\nankunftszustand: intakt\n','2014-12-23 02:51:57','2014-12-23 02:51:57'),(77,'cam567','ab789',88,47,77,1,NULL,NULL,'2010-08-02','2014-12-23',NULL,NULL,'1172.00',0,0,1,0,1,1,NULL,NULL,NULL,NULL,NULL,'--- !ruby/hash:ActiveSupport::HashWithIndifferentAccess\nanschaffungskategorie: AV-Technik\nreference: invoice\numzug: zgeln\nankunftszustand: intakt\n','2014-12-23 02:51:57','2014-12-23 02:51:57'),(78,'cam53267','ab782129',88,47,78,1,NULL,NULL,'2009-04-07','2014-12-23',NULL,NULL,'1490.00',0,0,1,0,1,1,NULL,NULL,NULL,NULL,NULL,'--- !ruby/hash:ActiveSupport::HashWithIndifferentAccess\nanschaffungskategorie: AV-Technik\nreference: invoice\numzug: zgeln\nankunftszustand: intakt\n','2014-12-23 02:51:57','2014-12-23 02:51:57'),(79,'cam532asd67','ab78as2129',88,47,79,1,NULL,NULL,'2012-05-25','2014-12-23',NULL,NULL,'572.00',0,0,1,0,1,1,NULL,NULL,NULL,NULL,NULL,'--- !ruby/hash:ActiveSupport::HashWithIndifferentAccess\nanschaffungskategorie: AV-Technik\nreference: invoice\numzug: zgeln\nankunftszustand: intakt\n','2014-12-23 02:51:57','2014-12-23 02:51:57'),(80,'mcam1','mcam1',89,47,80,1,NULL,NULL,'2013-10-21','2014-12-23',NULL,NULL,'289.00',0,0,1,0,1,1,NULL,NULL,NULL,'mcam1',NULL,'--- !ruby/hash:ActiveSupport::HashWithIndifferentAccess\nanschaffungskategorie: AV-Technik\nreference: invoice\numzug: zgeln\nankunftszustand: intakt\n','2014-12-23 02:51:57','2014-12-23 02:51:57'),(81,'mcam2','mcam2',90,47,81,1,NULL,NULL,'2010-07-03','2014-12-23',NULL,NULL,'1372.00',0,0,1,0,1,1,NULL,NULL,NULL,'mcam2',NULL,'--- !ruby/hash:ActiveSupport::HashWithIndifferentAccess\nanschaffungskategorie: AV-Technik\nreference: invoice\numzug: zgeln\nankunftszustand: intakt\n','2014-12-23 02:51:57','2014-12-23 02:51:57'),(82,'mcam3','mcam3',91,47,82,1,NULL,NULL,'2013-10-07','2014-12-23',NULL,NULL,'840.00',0,0,1,0,1,1,NULL,NULL,NULL,'mcam3',NULL,'--- !ruby/hash:ActiveSupport::HashWithIndifferentAccess\nanschaffungskategorie: AV-Technik\nreference: invoice\numzug: zgeln\nankunftszustand: intakt\n','2014-12-23 02:51:57','2014-12-23 02:51:57'),(83,'mcam4','mcam4',92,47,83,1,NULL,NULL,'2009-09-19','2014-12-23',NULL,NULL,'93.00',0,0,1,0,1,1,NULL,NULL,NULL,'mcam4',NULL,'--- !ruby/hash:ActiveSupport::HashWithIndifferentAccess\nanschaffungskategorie: AV-Technik\nreference: invoice\numzug: zgeln\nankunftszustand: intakt\n','2014-12-23 02:51:57','2014-12-23 02:51:57'),(84,'mcam5','mcam5',93,47,84,1,NULL,NULL,'2009-03-16','2014-12-23',NULL,NULL,'1293.00',0,0,1,0,1,1,NULL,NULL,NULL,'mcam5',NULL,'--- !ruby/hash:ActiveSupport::HashWithIndifferentAccess\nanschaffungskategorie: AV-Technik\nreference: invoice\numzug: zgeln\nankunftszustand: intakt\n','2014-12-23 02:51:57','2014-12-23 02:51:57'),(85,'mcam6','mcam6',94,47,85,1,NULL,NULL,'2012-06-19','2014-12-23',NULL,NULL,'274.00',0,0,1,0,1,1,NULL,NULL,NULL,'mcam6',NULL,'--- !ruby/hash:ActiveSupport::HashWithIndifferentAccess\nanschaffungskategorie: AV-Technik\nreference: invoice\numzug: zgeln\nankunftszustand: intakt\n','2014-12-23 02:51:57','2014-12-23 02:51:57'),(86,'mcam7','mcam7',95,47,86,1,NULL,NULL,'2011-04-12','2014-12-23',NULL,NULL,'1183.00',0,0,1,0,1,1,NULL,NULL,NULL,'mcam7',NULL,'--- !ruby/hash:ActiveSupport::HashWithIndifferentAccess\nanschaffungskategorie: AV-Technik\nreference: invoice\numzug: zgeln\nankunftszustand: intakt\n','2014-12-23 02:51:57','2014-12-23 02:51:57'),(87,'mcam8','mcam8',96,47,87,1,NULL,NULL,'2010-07-17','2014-12-23',NULL,NULL,'793.00',0,0,1,0,1,1,NULL,NULL,NULL,'mcam8',NULL,'--- !ruby/hash:ActiveSupport::HashWithIndifferentAccess\nanschaffungskategorie: AV-Technik\nreference: invoice\numzug: zgeln\nankunftszustand: intakt\n','2014-12-23 02:51:57','2014-12-23 02:51:57'),(88,'mcam9','mcam9',97,47,88,1,NULL,NULL,'2011-03-13','2014-12-23',NULL,NULL,'146.00',0,0,1,0,1,1,NULL,NULL,NULL,'mcam9',NULL,'--- !ruby/hash:ActiveSupport::HashWithIndifferentAccess\nanschaffungskategorie: AV-Technik\nreference: invoice\numzug: zgeln\nankunftszustand: intakt\n','2014-12-23 02:51:57','2014-12-23 02:51:57'),(89,'mcam10','mcam10',98,47,89,1,NULL,NULL,'2009-03-02','2014-12-23',NULL,NULL,'388.00',0,0,1,0,1,1,NULL,NULL,NULL,'mcam10',NULL,'--- !ruby/hash:ActiveSupport::HashWithIndifferentAccess\nanschaffungskategorie: AV-Technik\nreference: invoice\numzug: zgeln\nankunftszustand: intakt\n','2014-12-23 02:51:57','2014-12-23 02:51:57'),(90,'mcam11','mcam11',99,47,90,1,NULL,NULL,'2012-10-04','2014-12-23',NULL,NULL,'987.00',0,0,1,0,1,1,NULL,NULL,NULL,'mcam11',NULL,'--- !ruby/hash:ActiveSupport::HashWithIndifferentAccess\nanschaffungskategorie: AV-Technik\nreference: invoice\numzug: zgeln\nankunftszustand: intakt\n','2014-12-23 02:51:57','2014-12-23 02:51:57'),(91,'mcam12','mcam12',100,47,91,1,NULL,NULL,'2012-11-07','2014-12-23',NULL,NULL,'6.00',0,0,1,0,1,1,NULL,NULL,NULL,'mcam12',NULL,'--- !ruby/hash:ActiveSupport::HashWithIndifferentAccess\nanschaffungskategorie: AV-Technik\nreference: invoice\numzug: zgeln\nankunftszustand: intakt\n','2014-12-23 02:51:57','2014-12-23 02:51:57'),(92,'mcam13','mcam13',101,47,92,1,NULL,NULL,'2009-05-12','2014-12-23',NULL,NULL,'344.00',0,0,1,0,1,1,NULL,NULL,NULL,'mcam13',NULL,'--- !ruby/hash:ActiveSupport::HashWithIndifferentAccess\nanschaffungskategorie: AV-Technik\nreference: invoice\numzug: zgeln\nankunftszustand: intakt\n','2014-12-23 02:51:57','2014-12-23 02:51:57'),(93,'mcam14','mcam14',102,47,93,1,NULL,NULL,'2012-12-21','2014-12-23',NULL,NULL,'181.00',0,0,1,0,1,1,NULL,NULL,NULL,'mcam14',NULL,'--- !ruby/hash:ActiveSupport::HashWithIndifferentAccess\nanschaffungskategorie: AV-Technik\nreference: invoice\numzug: zgeln\nankunftszustand: intakt\n','2014-12-23 02:51:57','2014-12-23 02:51:57'),(94,'mcam15','mcam15',103,47,94,1,NULL,NULL,'2013-11-09','2014-12-23',NULL,NULL,'96.00',0,0,1,0,1,1,NULL,NULL,NULL,'mcam15',NULL,'--- !ruby/hash:ActiveSupport::HashWithIndifferentAccess\nanschaffungskategorie: AV-Technik\nreference: invoice\numzug: zgeln\nankunftszustand: intakt\n','2014-12-23 02:51:57','2014-12-23 02:51:57'),(95,'mcam16','mcam16',104,47,95,1,NULL,NULL,'2011-07-26','2014-12-23',NULL,NULL,'1085.00',0,0,1,0,1,1,NULL,NULL,NULL,'mcam16',NULL,'--- !ruby/hash:ActiveSupport::HashWithIndifferentAccess\nanschaffungskategorie: AV-Technik\nreference: invoice\numzug: zgeln\nankunftszustand: intakt\n','2014-12-23 02:51:57','2014-12-23 02:51:57'),(96,'mcam17','mcam17',105,47,96,1,NULL,NULL,'2013-07-04','2014-12-23',NULL,NULL,'1465.00',0,0,1,0,1,1,NULL,NULL,NULL,'mcam17',NULL,'--- !ruby/hash:ActiveSupport::HashWithIndifferentAccess\nanschaffungskategorie: AV-Technik\nreference: invoice\numzug: zgeln\nankunftszustand: intakt\n','2014-12-23 02:51:57','2014-12-23 02:51:57'),(97,'mcam18','mcam18',106,47,97,1,NULL,NULL,'2013-02-07','2014-12-23',NULL,NULL,'297.00',0,0,1,0,1,1,NULL,NULL,NULL,'mcam18',NULL,'--- !ruby/hash:ActiveSupport::HashWithIndifferentAccess\nanschaffungskategorie: AV-Technik\nreference: invoice\numzug: zgeln\nankunftszustand: intakt\n','2014-12-23 02:51:57','2014-12-23 02:51:57'),(98,'mcam19','mcam19',107,47,98,1,NULL,NULL,'2009-02-24','2014-12-23',NULL,NULL,'891.00',0,0,1,0,1,1,NULL,NULL,NULL,'mcam19',NULL,'--- !ruby/hash:ActiveSupport::HashWithIndifferentAccess\nanschaffungskategorie: AV-Technik\nreference: invoice\numzug: zgeln\nankunftszustand: intakt\n','2014-12-23 02:51:57','2014-12-23 02:51:57'),(99,'mcam20','mcam20',108,47,99,1,NULL,NULL,'2012-06-16','2014-12-23',NULL,NULL,'756.00',0,0,1,0,1,1,NULL,NULL,NULL,'mcam20',NULL,'--- !ruby/hash:ActiveSupport::HashWithIndifferentAccess\nanschaffungskategorie: AV-Technik\nreference: invoice\numzug: zgeln\nankunftszustand: intakt\n','2014-12-23 02:51:57','2014-12-23 02:51:57'),(100,'mcam21','mcam21',109,47,100,1,NULL,NULL,'2011-07-31','2014-12-23',NULL,NULL,'1171.00',0,0,1,0,1,1,NULL,NULL,NULL,'mcam21',NULL,'--- !ruby/hash:ActiveSupport::HashWithIndifferentAccess\nanschaffungskategorie: AV-Technik\nreference: invoice\numzug: zgeln\nankunftszustand: intakt\n','2014-12-23 02:51:57','2014-12-23 02:51:57'),(101,'mcam22','mcam22',110,47,101,1,NULL,NULL,'2012-09-29','2014-12-23',NULL,NULL,'33.00',0,0,1,0,1,1,NULL,NULL,NULL,'mcam22',NULL,'--- !ruby/hash:ActiveSupport::HashWithIndifferentAccess\nanschaffungskategorie: AV-Technik\nreference: invoice\numzug: zgeln\nankunftszustand: intakt\n','2014-12-23 02:51:57','2014-12-23 02:51:57'),(102,'mcam23','mcam23',111,47,102,1,NULL,NULL,'2010-08-12','2014-12-23',NULL,NULL,'788.00',0,0,1,0,1,1,NULL,NULL,NULL,'mcam23',NULL,'--- !ruby/hash:ActiveSupport::HashWithIndifferentAccess\nanschaffungskategorie: AV-Technik\nreference: invoice\numzug: zgeln\nankunftszustand: intakt\n','2014-12-23 02:51:57','2014-12-23 02:51:57'),(103,'mcam24','mcam24',112,47,103,1,NULL,NULL,'2010-10-04','2014-12-23',NULL,NULL,'959.00',0,0,1,0,1,1,NULL,NULL,NULL,'mcam24',NULL,'--- !ruby/hash:ActiveSupport::HashWithIndifferentAccess\nanschaffungskategorie: AV-Technik\nreference: invoice\numzug: zgeln\nankunftszustand: intakt\n','2014-12-23 02:51:57','2014-12-23 02:51:57'),(104,'mcam25','mcam25',113,47,104,1,NULL,NULL,'2010-05-12','2014-12-23',NULL,NULL,'1493.00',0,0,1,0,1,1,NULL,NULL,NULL,'mcam25',NULL,'--- !ruby/hash:ActiveSupport::HashWithIndifferentAccess\nanschaffungskategorie: AV-Technik\nreference: invoice\numzug: zgeln\nankunftszustand: intakt\n','2014-12-23 02:51:57','2014-12-23 02:51:57'),(105,'mcam26','mcam26',114,47,105,1,NULL,NULL,'2011-10-02','2014-12-23',NULL,NULL,'451.00',0,0,1,0,1,1,NULL,NULL,NULL,'mcam26',NULL,'--- !ruby/hash:ActiveSupport::HashWithIndifferentAccess\nanschaffungskategorie: AV-Technik\nreference: invoice\numzug: zgeln\nankunftszustand: intakt\n','2014-12-23 02:51:57','2014-12-23 02:51:57'),(106,'mcam27','mcam27',115,47,106,1,NULL,NULL,'2013-06-18','2014-12-23',NULL,NULL,'983.00',0,0,1,0,1,1,NULL,NULL,NULL,'mcam27',NULL,'--- !ruby/hash:ActiveSupport::HashWithIndifferentAccess\nanschaffungskategorie: AV-Technik\nreference: invoice\numzug: zgeln\nankunftszustand: intakt\n','2014-12-23 02:51:57','2014-12-23 02:51:57'),(107,'mcam28','mcam28',116,47,107,1,NULL,NULL,'2011-06-27','2014-12-23',NULL,NULL,'717.00',0,0,1,0,1,1,NULL,NULL,NULL,'mcam28',NULL,'--- !ruby/hash:ActiveSupport::HashWithIndifferentAccess\nanschaffungskategorie: AV-Technik\nreference: invoice\numzug: zgeln\nankunftszustand: intakt\n','2014-12-23 02:51:57','2014-12-23 02:51:57'),(108,'mcam29','mcam29',117,47,108,1,NULL,NULL,'2010-01-31','2014-12-23',NULL,NULL,'555.00',0,0,1,0,1,1,NULL,NULL,NULL,'mcam29',NULL,'--- !ruby/hash:ActiveSupport::HashWithIndifferentAccess\nanschaffungskategorie: AV-Technik\nreference: invoice\numzug: zgeln\nankunftszustand: intakt\n','2014-12-23 02:51:57','2014-12-23 02:51:57'),(109,'mcam30','mcam30',118,47,109,1,NULL,NULL,'2013-09-03','2014-12-23',NULL,NULL,'1342.00',0,0,1,0,1,1,NULL,NULL,NULL,'mcam30',NULL,'--- !ruby/hash:ActiveSupport::HashWithIndifferentAccess\nanschaffungskategorie: AV-Technik\nreference: invoice\numzug: zgeln\nankunftszustand: intakt\n','2014-12-23 02:51:57','2014-12-23 02:51:57'),(110,'hifi123','hifi123',119,47,110,1,NULL,NULL,'2010-10-20','2014-12-23',NULL,NULL,'495.00',0,0,1,0,1,1,NULL,NULL,NULL,NULL,NULL,'--- !ruby/hash:ActiveSupport::HashWithIndifferentAccess\nanschaffungskategorie: AV-Technik\nreference: invoice\numzug: zgeln\nankunftszustand: intakt\n','2014-12-23 02:51:57','2014-12-23 02:51:57'),(111,'tri789','fgh567',120,47,111,1,NULL,NULL,'2013-02-02','2014-12-23',NULL,NULL,'358.00',0,0,1,0,1,1,NULL,NULL,NULL,NULL,NULL,'--- !ruby/hash:ActiveSupport::HashWithIndifferentAccess\nanschaffungskategorie: AV-Technik\nreference: invoice\numzug: zgeln\nankunftszustand: intakt\n','2014-12-23 02:51:57','2014-12-23 02:51:57'),(112,'tri123','fgh987',120,47,112,1,NULL,NULL,'2011-03-13','2014-12-23',NULL,NULL,'995.00',0,0,1,0,1,1,NULL,NULL,NULL,NULL,NULL,'--- !ruby/hash:ActiveSupport::HashWithIndifferentAccess\nanschaffungskategorie: AV-Technik\nreference: invoice\numzug: zgeln\nankunftszustand: intakt\n','2014-12-23 02:51:57','2014-12-23 02:51:57'),(113,'tri923','asd213',120,47,113,1,NULL,NULL,'2009-05-16','2014-12-23',NULL,NULL,'826.00',0,0,1,0,1,1,NULL,NULL,NULL,NULL,NULL,'--- !ruby/hash:ActiveSupport::HashWithIndifferentAccess\nanschaffungskategorie: AV-Technik\nreference: invoice\numzug: zgeln\nankunftszustand: intakt\n','2014-12-23 02:51:57','2014-12-23 02:51:57'),(114,'tri212','tri212',120,47,114,1,NULL,NULL,'2011-04-09','2014-12-23',NULL,NULL,'64.00',0,0,1,0,1,1,NULL,NULL,NULL,NULL,NULL,'--- !ruby/hash:ActiveSupport::HashWithIndifferentAccess\nanschaffungskategorie: AV-Technik\nreference: invoice\numzug: zgeln\nankunftszustand: intakt\n','2014-12-23 02:51:57','2014-12-23 02:51:57'),(115,'exkg19','zheyhy',122,47,115,1,NULL,NULL,'2012-02-13','2014-12-23',NULL,NULL,'820.00',0,0,1,0,1,1,NULL,NULL,NULL,NULL,NULL,'--- !ruby/hash:ActiveSupport::HashWithIndifferentAccess\nanschaffungskategorie: AV-Technik\nreference: invoice\numzug: zgeln\nankunftszustand: intakt\n','2014-12-23 02:51:57','2014-12-23 02:51:57'),(116,'gotli9eyxn2hxmamuzzv221','02:66:34:be:e4:0a-10:0f:d8:7a:35:50-e3:81:6f:47:55:4c',123,48,116,1,NULL,NULL,'2013-03-29','2014-12-23',NULL,NULL,'431.00',0,0,1,0,1,1,NULL,NULL,NULL,NULL,NULL,'--- !ruby/hash:ActiveSupport::HashWithIndifferentAccess\nanschaffungskategorie: AV-Technik\nreference: invoice\numzug: zgeln\nankunftszustand: intakt\n','2014-12-23 02:51:57','2014-12-23 02:51:57'),(117,'wi472422upuxp84l4wn5222','2f:8e:93:05:0d:e9-29:ef:60:c3:0f:55-7f:57:12:0f:50:18',125,48,117,1,116,NULL,'2013-05-15','2014-12-23',NULL,NULL,'63.00',0,0,1,0,1,1,NULL,NULL,NULL,NULL,NULL,'--- !ruby/hash:ActiveSupport::HashWithIndifferentAccess\nanschaffungskategorie: AV-Technik\nreference: invoice\numzug: zgeln\nankunftszustand: intakt\n','2014-12-23 02:51:57','2014-12-23 02:51:57'),(118,'s539fp2vbc537la7pky3223','e4:ca:ea:57:78:3b-61:5e:15:e6:98:0d-7c:0a:f1:fc:50:14',126,48,118,1,116,NULL,'2012-08-16','2014-12-23',NULL,NULL,'826.00',0,0,1,0,1,1,NULL,NULL,NULL,NULL,NULL,'--- !ruby/hash:ActiveSupport::HashWithIndifferentAccess\nanschaffungskategorie: AV-Technik\nreference: invoice\numzug: zgeln\nankunftszustand: intakt\n','2014-12-23 02:51:57','2014-12-23 02:51:57'),(119,'65npwwba71vtydsfhapd224','d1:80:f8:82:28:75-a5:ca:29:15:d5:ee-62:78:b6:aa:a1:f1',127,48,119,1,116,NULL,'2012-01-31','2014-12-23',NULL,NULL,'26.00',0,0,1,0,1,1,NULL,NULL,NULL,NULL,NULL,'--- !ruby/hash:ActiveSupport::HashWithIndifferentAccess\nanschaffungskategorie: AV-Technik\nreference: invoice\numzug: zgeln\nankunftszustand: intakt\n','2014-12-23 02:51:57','2014-12-23 02:51:57'),(120,'1ydia5kcaxz3junhf1yl225','5d:78:9c:df:61:e1-68:60:6c:72:45:4c-5c:ca:14:cf:d9:ce',123,52,120,1,NULL,NULL,'2009-07-17','2014-12-23',NULL,NULL,'327.00',0,0,1,0,1,1,NULL,NULL,NULL,NULL,NULL,'--- !ruby/hash:ActiveSupport::HashWithIndifferentAccess\nanschaffungskategorie: AV-Technik\nreference: invoice\numzug: zgeln\nankunftszustand: intakt\n','2014-12-23 02:51:57','2014-12-23 02:51:57'),(121,'7h6uhnjk1aqvunb8746e226','e2:a2:65:c2:d7:2a-a9:e4:e6:5f:d3:7f-37:b9:df:9f:74:58',129,52,121,1,120,NULL,'2012-12-12','2014-12-23',NULL,NULL,'1495.00',0,0,1,0,1,1,NULL,NULL,NULL,NULL,NULL,'--- !ruby/hash:ActiveSupport::HashWithIndifferentAccess\nanschaffungskategorie: AV-Technik\nreference: invoice\numzug: zgeln\nankunftszustand: intakt\n','2014-12-23 02:51:57','2014-12-23 02:51:57'),(122,'v3etcmufwucu5fz9vxrg227','fe:99:d7:28:e1:80-f9:7e:ce:d2:9b:77-de:6d:76:55:05:f4',130,52,122,1,120,NULL,'2010-02-13','2014-12-23',NULL,NULL,'368.00',0,0,1,0,1,1,NULL,NULL,NULL,NULL,NULL,'--- !ruby/hash:ActiveSupport::HashWithIndifferentAccess\nanschaffungskategorie: AV-Technik\nreference: invoice\numzug: zgeln\nankunftszustand: intakt\n','2014-12-23 02:51:57','2014-12-23 02:51:57'),(123,'ttbyt34mcrnem6j8ahl5228','52:a4:3c:4f:d4:c8-41:54:7b:48:f4:e9-01:cb:e0:c0:86:c9',131,52,123,1,120,NULL,'2010-11-05','2014-12-23',NULL,NULL,'1230.00',0,0,1,0,1,1,NULL,NULL,NULL,NULL,NULL,'--- !ruby/hash:ActiveSupport::HashWithIndifferentAccess\nanschaffungskategorie: AV-Technik\nreference: invoice\numzug: zgeln\nankunftszustand: intakt\n','2014-12-23 02:51:57','2014-12-23 02:51:57'),(124,'oswhriik9b01avd2e6lj229','6a:90:a6:f2:a6:2d-f9:55:8b:cf:7d:20-b1:c6:c7:61:90:8c',123,56,124,1,NULL,NULL,'2009-01-23','2014-12-23',NULL,NULL,'602.00',0,0,1,0,1,1,NULL,NULL,NULL,NULL,NULL,'--- !ruby/hash:ActiveSupport::HashWithIndifferentAccess\nanschaffungskategorie: AV-Technik\nreference: invoice\numzug: zgeln\nankunftszustand: intakt\n','2014-12-23 02:51:57','2014-12-23 02:51:57'),(125,'o92pvxf7dl3qlh9l7t18230','bd:06:8a:22:06:fd-2d:ac:e4:10:7c:03-22:d2:d1:6f:d6:cf',133,56,125,1,124,NULL,'2009-03-01','2014-12-23',NULL,NULL,'1227.00',0,0,1,0,1,1,NULL,NULL,NULL,NULL,NULL,'--- !ruby/hash:ActiveSupport::HashWithIndifferentAccess\nanschaffungskategorie: AV-Technik\nreference: invoice\numzug: zgeln\nankunftszustand: intakt\n','2014-12-23 02:51:57','2014-12-23 02:51:57'),(126,'a6nlvpqxn0qqlpqj1ryq231','08:f2:d3:c2:a4:79-a2:fa:f0:43:9a:ee-e2:8c:8c:cf:5d:3d',134,56,126,1,124,NULL,'2013-02-04','2014-12-23',NULL,NULL,'817.00',0,0,1,0,1,1,NULL,NULL,NULL,NULL,NULL,'--- !ruby/hash:ActiveSupport::HashWithIndifferentAccess\nanschaffungskategorie: AV-Technik\nreference: invoice\numzug: zgeln\nankunftszustand: intakt\n','2014-12-23 02:51:57','2014-12-23 02:51:57'),(127,'mjp3qem67uijtpm9m53q232','e4:aa:20:d1:10:a6-77:a0:9b:7b:3e:10-90:f1:8e:bf:ea:13',135,56,127,1,124,NULL,'2013-08-25','2014-12-23',NULL,NULL,'1381.00',0,0,1,0,1,1,NULL,NULL,NULL,NULL,NULL,'--- !ruby/hash:ActiveSupport::HashWithIndifferentAccess\nanschaffungskategorie: AV-Technik\nreference: invoice\numzug: zgeln\nankunftszustand: intakt\n','2014-12-23 02:51:57','2014-12-23 02:51:57'),(128,'elnn3vdo9n4020em66ic233','fa:75:7b:a4:07:82-15:76:72:71:f6:a0-44:7d:d2:89:2d:c8',136,60,128,1,NULL,NULL,'2012-01-16','2014-12-23',NULL,NULL,'998.00',0,0,1,0,1,1,NULL,NULL,NULL,NULL,NULL,'--- !ruby/hash:ActiveSupport::HashWithIndifferentAccess\nanschaffungskategorie: AV-Technik\nreference: invoice\numzug: zgeln\nankunftszustand: intakt\n','2014-12-23 02:51:57','2014-12-23 02:51:57'),(129,'h3ssqcnhkrx3i6491xu5234','15:c9:00:52:f1:3b-0a:f3:26:88:29:59-ed:2a:ee:09:24:77',138,60,129,1,128,NULL,'2011-11-30','2014-12-23',NULL,NULL,'589.00',0,0,1,0,1,1,NULL,NULL,NULL,NULL,NULL,'--- !ruby/hash:ActiveSupport::HashWithIndifferentAccess\nanschaffungskategorie: AV-Technik\nreference: invoice\numzug: zgeln\nankunftszustand: intakt\n','2014-12-23 02:51:57','2014-12-23 02:51:57'),(130,'gr1t3v2ivkv6ff0698nf235','ea:34:4e:43:5d:e3-02:1b:dc:1a:96:61-d1:fa:96:9e:2e:50',139,60,130,1,128,NULL,'2011-01-03','2014-12-23',NULL,NULL,'1075.00',0,0,1,0,1,1,NULL,NULL,NULL,NULL,NULL,'--- !ruby/hash:ActiveSupport::HashWithIndifferentAccess\nanschaffungskategorie: AV-Technik\nreference: invoice\numzug: zgeln\nankunftszustand: intakt\n','2014-12-23 02:51:57','2014-12-23 02:51:57'),(131,'8qo4le2lzafd3g99jdbz236','ba:be:2e:51:02:90-4d:f8:ac:36:cc:a9-4b:1d:8d:1c:f8:82',140,60,131,1,128,NULL,'2013-06-26','2014-12-23',NULL,NULL,'961.00',0,0,1,0,1,1,NULL,NULL,NULL,NULL,NULL,'--- !ruby/hash:ActiveSupport::HashWithIndifferentAccess\nanschaffungskategorie: AV-Technik\nreference: invoice\numzug: zgeln\nankunftszustand: intakt\n','2014-12-23 02:51:57','2014-12-23 02:51:57'),(132,'b14u40dfhmjo7ppuexlh237','0d:ff:fe:8e:77:0d-6b:48:6f:de:74:64-be:3f:95:db:50:2a',136,64,132,1,NULL,NULL,'2012-01-27','2014-12-23',NULL,NULL,'476.00',0,0,1,0,1,1,NULL,NULL,NULL,NULL,NULL,'--- !ruby/hash:ActiveSupport::HashWithIndifferentAccess\nanschaffungskategorie: AV-Technik\nreference: invoice\numzug: zgeln\nankunftszustand: intakt\n','2014-12-23 02:51:57','2014-12-23 02:51:57'),(133,'fjjzo04pt4yfcf53n8x3238','85:df:40:12:53:a2-f6:71:a4:b9:97:a5-ed:a1:59:fe:e6:9b',142,64,133,1,132,NULL,'2012-02-14','2014-12-23',NULL,NULL,'448.00',0,0,1,0,1,1,NULL,NULL,NULL,NULL,NULL,'--- !ruby/hash:ActiveSupport::HashWithIndifferentAccess\nanschaffungskategorie: AV-Technik\nreference: invoice\numzug: zgeln\nankunftszustand: intakt\n','2014-12-23 02:51:57','2014-12-23 02:51:57'),(134,'vl29kmnkw52yg1d4cxkw239','81:ec:f2:7b:79:1d-da:b9:82:24:78:96-41:f7:50:ae:71:03',143,64,134,1,132,NULL,'2013-12-26','2014-12-23',NULL,NULL,'1133.00',0,0,1,0,1,1,NULL,NULL,NULL,NULL,NULL,'--- !ruby/hash:ActiveSupport::HashWithIndifferentAccess\nanschaffungskategorie: AV-Technik\nreference: invoice\numzug: zgeln\nankunftszustand: intakt\n','2014-12-23 02:51:57','2014-12-23 02:51:57'),(135,'subenql5hvj6e0ed36kt240','28:0c:08:4f:3f:ed-6a:9d:89:8f:41:5c-ca:a7:49:39:67:19',144,64,135,1,132,NULL,'2010-11-23','2014-12-23',NULL,NULL,'1204.00',0,0,1,0,1,1,NULL,NULL,NULL,NULL,NULL,'--- !ruby/hash:ActiveSupport::HashWithIndifferentAccess\nanschaffungskategorie: AV-Technik\nreference: invoice\numzug: zgeln\nankunftszustand: intakt\n','2014-12-23 02:51:57','2014-12-23 02:51:57'),(136,'g0lyd8z1oo3xuikdpy91241','4f:6b:84:8e:06:e7-6c:2c:51:6a:18:0f-47:e6:f7:45:e9:9d',136,68,136,1,NULL,NULL,'2009-08-23','2014-12-23',NULL,NULL,'135.00',0,0,1,0,1,1,NULL,NULL,NULL,NULL,NULL,'--- !ruby/hash:ActiveSupport::HashWithIndifferentAccess\nanschaffungskategorie: AV-Technik\nreference: invoice\numzug: zgeln\nankunftszustand: intakt\n','2014-12-23 02:51:57','2014-12-23 02:51:57'),(137,'0ogpyhd3w3xsd2mcmfh4242','52:48:eb:db:28:b1-b5:d2:0e:4f:27:5c-b6:de:6e:ee:fc:1c',146,68,137,1,136,NULL,'2009-07-03','2014-12-23',NULL,NULL,'1181.00',0,0,1,0,1,1,NULL,NULL,NULL,NULL,NULL,'--- !ruby/hash:ActiveSupport::HashWithIndifferentAccess\nanschaffungskategorie: AV-Technik\nreference: invoice\numzug: zgeln\nankunftszustand: intakt\n','2014-12-23 02:51:57','2014-12-23 02:51:57'),(138,'ki5hwd6ikxzaz47uh6ix243','37:78:64:b5:29:54-a5:ed:4d:8a:cb:cb-d9:6d:85:cd:6a:38',147,68,138,1,136,NULL,'2012-06-10','2014-12-23',NULL,NULL,'923.00',0,0,1,0,1,1,NULL,NULL,NULL,NULL,NULL,'--- !ruby/hash:ActiveSupport::HashWithIndifferentAccess\nanschaffungskategorie: AV-Technik\nreference: invoice\numzug: zgeln\nankunftszustand: intakt\n','2014-12-23 02:51:57','2014-12-23 02:51:57'),(139,'nkiwp02gy8yr6msgcz7x244','6e:89:ac:1d:89:ec-d7:e0:3b:7d:38:cc-9c:8d:09:63:b5:f1',148,68,139,1,136,NULL,'2013-11-21','2014-12-23',NULL,NULL,'1337.00',0,0,1,0,1,1,NULL,NULL,NULL,NULL,NULL,'--- !ruby/hash:ActiveSupport::HashWithIndifferentAccess\nanschaffungskategorie: AV-Technik\nreference: invoice\numzug: zgeln\nankunftszustand: intakt\n','2014-12-23 02:51:57','2014-12-23 02:51:57'),(140,'cand5','cand5',88,47,140,1,NULL,NULL,'2011-08-29','2014-12-23',NULL,NULL,'1031.00',0,0,0,0,1,1,NULL,NULL,NULL,NULL,NULL,'--- !ruby/hash:ActiveSupport::HashWithIndifferentAccess\nanschaffungskategorie: AV-Technik\nreference: invoice\numzug: zgeln\nankunftszustand: intakt\n','2014-12-23 02:51:57','2014-12-23 02:51:57'),(141,'beam21231','beamas12312',62,47,141,1,NULL,NULL,'2013-03-19','2014-12-23',NULL,NULL,'1060.00',0,0,0,0,1,1,NULL,NULL,NULL,NULL,NULL,'--- !ruby/hash:ActiveSupport::HashWithIndifferentAccess\nanschaffungskategorie: AV-Technik\nreference: invoice\numzug: zgeln\nankunftszustand: intakt\n','2014-12-23 02:51:57','2014-12-23 02:51:57'),(142,'hifi345','hifi345',119,47,142,1,NULL,NULL,'2009-07-19','2014-12-23',NULL,NULL,'590.00',0,0,0,0,1,1,NULL,NULL,NULL,NULL,NULL,'--- !ruby/hash:ActiveSupport::HashWithIndifferentAccess\nanschaffungskategorie: AV-Technik\nreference: invoice\numzug: zgeln\nankunftszustand: intakt\n','2014-12-23 02:51:57','2014-12-23 02:51:57'),(143,'iMac1','iMac5',150,47,143,1,NULL,NULL,'2010-05-16','2014-12-23','2014-12-23','This Item is gone','1227.00',0,0,1,0,1,1,NULL,NULL,NULL,NULL,NULL,'--- !ruby/hash:ActiveSupport::HashWithIndifferentAccess\nanschaffungskategorie: AV-Technik\nreference: invoice\numzug: zgeln\nankunftszustand: intakt\n','2014-12-23 02:51:57','2014-12-23 02:51:57'),(144,'iMac2','iMac6',150,47,144,3,NULL,NULL,'2009-03-12','2014-12-23','2014-12-23','This Item is gone','832.00',0,0,1,0,1,1,NULL,NULL,NULL,NULL,NULL,'--- !ruby/hash:ActiveSupport::HashWithIndifferentAccess\nanschaffungskategorie: AV-Technik\nreference: invoice\numzug: zgeln\nankunftszustand: intakt\n','2014-12-23 02:51:57','2014-12-23 02:51:57'),(145,'87xxck','e938mk',121,47,145,1,NULL,NULL,'2011-09-05','2014-12-23','2014-12-23','This Item is gone','165.00',0,0,1,0,1,1,NULL,NULL,NULL,NULL,NULL,'--- !ruby/hash:ActiveSupport::HashWithIndifferentAccess\nanschaffungskategorie: AV-Technik\nreference: invoice\numzug: zgeln\nankunftszustand: intakt\n','2014-12-23 02:51:57','2014-12-23 02:51:57'),(146,'wc9ahx','ia8nz3',121,47,146,1,NULL,NULL,'2011-04-21','2014-12-23',NULL,NULL,'328.00',0,0,1,0,1,1,NULL,NULL,NULL,NULL,NULL,'--- !ruby/hash:ActiveSupport::HashWithIndifferentAccess\nanschaffungskategorie: AV-Technik\nreference: invoice\numzug: zgeln\nankunftszustand: intakt\n','2014-12-23 02:51:57','2014-12-23 02:51:57'),(147,'wlaptop1','wlaptop1',151,47,147,1,NULL,NULL,'2010-07-03','2014-12-23',NULL,NULL,'723.00',1,0,1,0,1,1,NULL,NULL,NULL,NULL,NULL,'--- !ruby/hash:ActiveSupport::HashWithIndifferentAccess\nanschaffungskategorie: AV-Technik\nreference: invoice\numzug: zgeln\nankunftszustand: intakt\n','2014-12-23 02:51:57','2014-12-23 02:51:57'),(148,'v120d02','v120d02',152,47,148,1,NULL,NULL,'2013-06-01','2014-12-23',NULL,NULL,'994.00',0,1,1,0,1,1,NULL,NULL,NULL,NULL,NULL,'--- !ruby/hash:ActiveSupport::HashWithIndifferentAccess\nanschaffungskategorie: AV-Technik\nreference: invoice\numzug: zgeln\nankunftszustand: intakt\n','2014-12-23 02:51:57','2014-12-23 02:51:57'),(149,'v120d022g','v120d022g',153,47,149,1,NULL,NULL,'2009-05-05','2014-12-23',NULL,NULL,'899.00',0,0,1,0,1,1,NULL,NULL,NULL,NULL,NULL,'--- !ruby/hash:ActiveSupport::HashWithIndifferentAccess\nanschaffungskategorie: AV-Technik\nreference: invoice\numzug: zgeln\nankunftszustand: intakt\n','2014-12-23 02:51:57','2014-12-23 02:51:57'),(150,'v120d022g2','v120d022g2',153,47,150,1,NULL,NULL,'2013-04-12','2014-12-23',NULL,NULL,'739.00',0,0,1,0,1,1,NULL,NULL,NULL,NULL,NULL,'--- !ruby/hash:ActiveSupport::HashWithIndifferentAccess\nanschaffungskategorie: AV-Technik\nreference: invoice\numzug: zgeln\nankunftszustand: intakt\n','2014-12-23 02:51:57','2014-12-23 02:51:57'),(151,'beam897','xyz890',62,47,151,1,NULL,NULL,'2010-03-02','2014-12-23',NULL,NULL,'260.00',0,0,1,0,2,1,NULL,NULL,NULL,NULL,NULL,'--- !ruby/hash:ActiveSupport::HashWithIndifferentAccess\nanschaffungskategorie: AV-Technik\nreference: invoice\numzug: zgeln\nankunftszustand: intakt\n','2014-12-23 02:51:57','2014-12-23 02:51:57'),(152,'minibeam12','xyz890',64,47,152,1,NULL,NULL,'2013-06-17','2014-12-23',NULL,NULL,'978.00',0,0,1,0,2,1,NULL,NULL,NULL,NULL,NULL,'--- !ruby/hash:ActiveSupport::HashWithIndifferentAccess\nanschaffungskategorie: AV-Technik\nreference: invoice\numzug: zgeln\nankunftszustand: intakt\n','2014-12-23 02:51:57','2014-12-23 02:51:57'),(153,'minibeam34','xyz890',64,47,153,1,NULL,NULL,'2010-01-02','2014-12-23',NULL,NULL,'1171.00',0,0,1,0,3,1,NULL,NULL,NULL,NULL,NULL,'--- !ruby/hash:ActiveSupport::HashWithIndifferentAccess\nanschaffungskategorie: AV-Technik\nreference: invoice\numzug: zgeln\nankunftszustand: intakt\n','2014-12-23 02:51:57','2014-12-23 02:51:57'),(154,'oo6dn2cd8o1c8hz28lvk245','c5:94:99:97:74:28-60:02:6e:b7:73:4d-dc:b0:d8:ae:4e:d2',155,NULL,NULL,1,NULL,NULL,NULL,NULL,NULL,NULL,NULL,0,0,1,0,1,0,NULL,NULL,NULL,NULL,NULL,'--- !ruby/hash:ActiveSupport::HashWithIndifferentAccess\nlicense_type: single_workplace\nactivation_type: serial_number\noperating_system:\n- windows\n- linux\ninstallation:\n- citrix\n- web\nreference: invoice\nmaintenance_contract: \'false\'\n','2014-12-23 02:51:57','2014-12-23 02:51:57'),(155,'j9nmv98zgswtp2pg3yyv246','d0:db:f6:50:b7:63-c8:ee:d3:fa:bc:e2-1a:99:60:36:64:ae',156,NULL,NULL,1,NULL,NULL,NULL,NULL,NULL,NULL,NULL,0,0,1,0,1,0,NULL,NULL,NULL,NULL,NULL,'--- !ruby/hash:ActiveSupport::HashWithIndifferentAccess\nlicense_type: single_workplace\nactivation_type: serial_number\noperating_system:\n- windows\n- linux\ninstallation:\n- citrix\n- web\nreference: invoice\nmaintenance_contract: \'false\'\n','2014-12-23 02:51:57','2014-12-23 02:51:57'),(156,'p9sb45u8btk7z68m550b247','20:74:58:c4:91:44-6c:56:20:f2:0a:86-49:52:44:c3:6d:df',157,NULL,NULL,1,NULL,NULL,NULL,NULL,NULL,NULL,NULL,0,0,0,0,1,0,NULL,NULL,NULL,NULL,NULL,'--- !ruby/hash:ActiveSupport::HashWithIndifferentAccess\nlicense_type: single_workplace\nactivation_type: serial_number\noperating_system:\n- windows\n- linux\ninstallation:\n- citrix\n- web\nreference: invoice\nmaintenance_contract: \'false\'\n','2014-12-23 02:51:57','2014-12-23 02:51:57'),(157,'ep7kei1xxifeja5uaed4248','87:eb:b2:fc:13:1c-3d:12:9f:4f:a1:33-cf:2d:22:a8:2e:94',158,NULL,NULL,1,NULL,NULL,NULL,NULL,NULL,NULL,NULL,0,0,1,0,2,0,NULL,NULL,NULL,NULL,NULL,'--- !ruby/hash:ActiveSupport::HashWithIndifferentAccess\nlicense_type: single_workplace\nactivation_type: serial_number\noperating_system:\n- windows\n- linux\ninstallation:\n- citrix\n- web\nreference: invoice\nmaintenance_contract: \'false\'\n','2014-12-23 02:51:57','2014-12-23 02:51:57'),(158,'ox290k60xtjv47576w1c249','3b:34:e8:ce:fd:36-e7:ee:8f:6c:96:ed-a3:8d:60:8b:74:2c',159,NULL,NULL,1,NULL,NULL,NULL,NULL,'2014-12-23','Est non recusandae molestiae aut ut possimus.',NULL,0,0,1,0,1,0,NULL,NULL,NULL,NULL,NULL,'--- !ruby/hash:ActiveSupport::HashWithIndifferentAccess\nlicense_type: single_workplace\nactivation_type: serial_number\noperating_system:\n- windows\n- linux\ninstallation:\n- citrix\n- web\nreference: invoice\nmaintenance_contract: \'false\'\n','2014-12-23 02:51:57','2014-12-23 02:51:57'),(159,'5o21p2ibv3glsaxhnesy250','07:bc:20:a0:0e:cb-5a:70:2f:4d:63:6c-e2:29:ad:18:77:2f',160,NULL,NULL,2,NULL,NULL,NULL,NULL,'2014-12-23','Laudantium tenetur id excepturi illo ab nemo atque ratione.',NULL,0,0,1,0,1,0,NULL,NULL,NULL,NULL,NULL,'--- !ruby/hash:ActiveSupport::HashWithIndifferentAccess\nlicense_type: single_workplace\nactivation_type: serial_number\noperating_system:\n- windows\n- linux\ninstallation:\n- citrix\n- web\nreference: invoice\nmaintenance_contract: \'false\'\n','2014-12-23 02:51:57','2014-12-23 02:51:57'),(160,'r3bgqbfvko12wxbx9kpm251','73:46:0d:07:07:a3-bc:cb:98:9f:71:a1-98:87:cd:5b:75:05',161,NULL,NULL,2,NULL,NULL,NULL,NULL,NULL,NULL,NULL,0,0,1,0,2,0,NULL,NULL,NULL,NULL,NULL,'--- !ruby/hash:ActiveSupport::HashWithIndifferentAccess\nlicense_type: single_workplace\nactivation_type: serial_number\noperating_system:\n- windows\n- linux\ninstallation:\n- citrix\n- web\nreference: invoice\nmaintenance_contract: \'false\'\n','2014-12-23 02:51:57','2014-12-23 02:51:57'),(161,'o5c5u1of1ptbbm5yxenk252','63:0a:0b:25:8a:03-ee:5c:9d:96:f4:46-1d:aa:06:3c:03:18',162,NULL,NULL,1,NULL,NULL,'2014-12-23',NULL,NULL,NULL,NULL,0,0,0,0,1,0,NULL,NULL,NULL,NULL,NULL,'--- !ruby/hash:ActiveSupport::HashWithIndifferentAccess\nlicense_expiration: \'2014-12-23\'\nmaintenance_contract: \'true\'\nmaintenance_expiration: \'2014-12-23\'\nreference: invoice\nactivation_type: none\nlicense_type: free\n','2014-12-23 02:51:57','2014-12-23 02:51:57'),(162,'7nwqair1vss9a3q8gwxb253','ad:ca:77:cd:56:91-95:cf:32:f9:5a:8b-61:41:4c:b0:36:87',163,NULL,NULL,1,NULL,NULL,NULL,NULL,NULL,NULL,NULL,0,0,0,0,1,0,NULL,NULL,NULL,NULL,NULL,'--- !ruby/hash:ActiveSupport::HashWithIndifferentAccess\nquantity_allocations:\n- !ruby/hash:ActiveSupport::HashWithIndifferentAccess\n  room: esse\n  quantity: 36\n- !ruby/hash:ActiveSupport::HashWithIndifferentAccess\n  room: illum\n  quantity: 50\nreference: invoice\nactivation_type: none\nlicense_type: free\nmaintenance_contract: \'false\'\n','2014-12-23 02:51:57','2014-12-23 02:51:57'),(163,'482gnus7dig89fndz06z254','ee:da:3b:9f:6f:7d-e0:4a:b9:79:58:77-a0:40:71:ba:da:49',165,NULL,NULL,1,NULL,NULL,NULL,NULL,NULL,NULL,NULL,0,0,0,0,1,0,NULL,NULL,NULL,NULL,NULL,'--- !ruby/hash:ActiveSupport::HashWithIndifferentAccess\noperating_system:\n- windows\nlicense_type: site_license\ntotal_quantity: 203\nquantity_allocations:\n- !ruby/hash:ActiveSupport::HashWithIndifferentAccess\n  room: est\n  quantity: 22\n- !ruby/hash:ActiveSupport::HashWithIndifferentAccess\n  room: ipsam\n  quantity: 50\nreference: invoice\nactivation_type: none\nmaintenance_contract: \'false\'\n','2014-12-23 02:51:57','2014-12-23 02:51:57'),(164,'skivv4si8znctjdm5ryj255','cc:3b:b0:fc:99:93-b9:bd:14:ad:ca:35-17:f4:5b:f5:59:60',167,72,154,10,NULL,NULL,'2012-10-04','2014-12-16',NULL,NULL,'1389.00',0,0,1,0,1,1,NULL,NULL,NULL,NULL,NULL,'--- !ruby/hash:ActiveSupport::HashWithIndifferentAccess\nanschaffungskategorie: AV-Technik\nreference: invoice\numzug: zgeln\nankunftszustand: intakt\n','2014-12-16 17:20:53','2014-12-16 17:20:53'),(165,'7qa0unm30vi2girs7nhc256','31:eb:e7:fc:a1:60-b8:9c:1d:c4:e8:2a-9b:b0:c5:4e:c6:1b',168,73,155,10,NULL,NULL,'2012-07-28','2014-12-16',NULL,NULL,'378.00',0,0,1,0,1,1,NULL,NULL,NULL,NULL,NULL,'--- !ruby/hash:ActiveSupport::HashWithIndifferentAccess\nanschaffungskategorie: AV-Technik\nreference: invoice\numzug: zgeln\nankunftszustand: intakt\n','2014-12-16 17:20:53','2014-12-16 17:20:53'),(166,'03u9q9zv4gj41pwwa7cv257','3b:5d:28:27:61:4a-ab:fc:6b:9e:b6:24-c0:ff:26:95:7a:7a',169,74,156,8,NULL,NULL,'2010-10-25','2014-12-16',NULL,NULL,'1313.00',0,0,1,0,1,1,NULL,NULL,NULL,NULL,NULL,'--- !ruby/hash:ActiveSupport::HashWithIndifferentAccess\nanschaffungskategorie: AV-Technik\nreference: invoice\numzug: zgeln\nankunftszustand: intakt\n','2014-12-16 17:20:53','2014-12-16 17:20:53'),(167,'tvwygt3padplhu20a6yc258','ff:de:c5:da:ee:a6-2e:88:4e:49:62:3d-03:d1:3a:88:0b:cf',170,75,157,7,NULL,NULL,'2009-06-25','2014-12-16',NULL,NULL,'471.00',0,0,1,0,1,1,NULL,NULL,NULL,NULL,NULL,'--- !ruby/hash:ActiveSupport::HashWithIndifferentAccess\nanschaffungskategorie: AV-Technik\nreference: invoice\numzug: zgeln\nankunftszustand: intakt\n','2014-12-16 17:20:53','2014-12-16 17:20:53'),(168,'0au9mt126psl4ozxbs58259','82:3c:60:d1:b9:58-81:8c:8f:65:00:c5-50:00:df:7a:bc:0b',171,76,158,7,NULL,NULL,'2010-07-28','2014-12-16',NULL,NULL,'1219.00',0,0,1,0,1,1,NULL,NULL,NULL,NULL,NULL,'--- !ruby/hash:ActiveSupport::HashWithIndifferentAccess\nanschaffungskategorie: AV-Technik\nreference: invoice\numzug: zgeln\nankunftszustand: intakt\n','2014-12-16 17:20:53','2014-12-16 17:20:53'),(169,'96n3h2k9ewx2nwdh2kog260','f8:fb:f6:3b:79:cf-5d:5c:d4:6a:49:93-dc:17:16:40:9e:55',172,77,159,5,NULL,NULL,'2010-06-08','2014-12-16',NULL,NULL,'602.00',0,0,1,0,1,1,NULL,NULL,NULL,NULL,NULL,'--- !ruby/hash:ActiveSupport::HashWithIndifferentAccess\nanschaffungskategorie: AV-Technik\nreference: invoice\numzug: zgeln\nankunftszustand: intakt\n','2014-12-16 17:20:53','2014-12-16 17:20:53'),(170,'k6ul5fs85vma6z91sjj9261','6f:1b:b1:e5:27:57-b0:0a:39:f7:48:8e-35:3c:e8:1c:09:da',172,78,160,5,NULL,NULL,'2009-05-14','2014-12-16',NULL,NULL,'656.00',0,0,1,0,1,1,NULL,NULL,NULL,NULL,NULL,'--- !ruby/hash:ActiveSupport::HashWithIndifferentAccess\nanschaffungskategorie: AV-Technik\nreference: invoice\numzug: zgeln\nankunftszustand: intakt\n','2014-12-16 17:20:53','2014-12-16 17:20:53'),(171,'vm4rc5stnfpupa8de9u6262','ae:f3:22:2d:48:94-43:75:5b:1f:df:27-c5:a5:4b:ce:ca:23',172,79,161,5,NULL,NULL,'2010-05-01','2014-12-16',NULL,NULL,'1442.00',0,0,1,0,1,1,NULL,NULL,NULL,NULL,NULL,'--- !ruby/hash:ActiveSupport::HashWithIndifferentAccess\nanschaffungskategorie: AV-Technik\nreference: invoice\numzug: zgeln\nankunftszustand: intakt\n','2014-12-16 17:20:53','2014-12-16 17:20:53'),(172,'piidcgpk9zur57pqz33l263','6b:77:57:73:ac:99-54:30:88:19:53:8f-80:5e:d2:56:cf:2f',176,80,162,6,NULL,NULL,'2010-05-06','2014-12-16',NULL,NULL,'901.00',0,0,1,0,1,1,NULL,NULL,NULL,NULL,NULL,'--- !ruby/hash:ActiveSupport::HashWithIndifferentAccess\nanschaffungskategorie: AV-Technik\nreference: invoice\numzug: zgeln\nankunftszustand: intakt\n','2014-12-16 17:20:53','2014-12-16 17:20:53'),(173,'os6djhfpjm5br6b52wnr264','35:95:d4:d6:d1:85-84:67:2b:1b:8c:12-80:0d:f4:a5:58:5b',177,81,163,10,NULL,NULL,'2009-10-26','2014-12-16',NULL,NULL,'1087.00',0,0,1,0,1,1,NULL,NULL,NULL,NULL,NULL,'--- !ruby/hash:ActiveSupport::HashWithIndifferentAccess\nanschaffungskategorie: AV-Technik\nreference: invoice\numzug: zgeln\nankunftszustand: intakt\n','2014-12-16 17:20:53','2014-12-16 17:20:53'),(174,'eov9m5erpfjrls1vfb4g265','20:ef:d9:54:b2:3c-b6:90:5a:8e:ee:08-47:95:ae:25:a7:bf',178,82,164,6,NULL,NULL,'2012-12-25','2014-12-16',NULL,NULL,'917.00',0,0,1,0,1,1,NULL,NULL,NULL,NULL,NULL,'--- !ruby/hash:ActiveSupport::HashWithIndifferentAccess\nanschaffungskategorie: AV-Technik\nreference: invoice\numzug: zgeln\nankunftszustand: intakt\n','2014-12-16 17:20:53','2014-12-16 17:20:53'),(175,'jcct0bmwpwxzcz34ey9c266','30:3c:54:ee:28:e3-0e:8f:a6:4f:38:90-d5:52:c8:a6:8d:58',179,83,165,4,NULL,NULL,'2013-05-10','2014-12-16',NULL,NULL,'861.00',0,0,1,0,1,1,NULL,NULL,NULL,NULL,NULL,'--- !ruby/hash:ActiveSupport::HashWithIndifferentAccess\nanschaffungskategorie: AV-Technik\nreference: invoice\numzug: zgeln\nankunftszustand: intakt\n','2014-12-16 17:20:53','2014-12-16 17:20:53'),(176,'hlicql4zl7bh3ki7p183267','9e:ed:9e:54:c4:83-09:f1:fe:5c:ee:16-ae:7b:2c:e0:bd:d9',180,84,166,10,NULL,NULL,'2013-11-28','2014-12-16',NULL,NULL,'755.00',0,0,1,0,1,1,NULL,NULL,NULL,NULL,NULL,'--- !ruby/hash:ActiveSupport::HashWithIndifferentAccess\nanschaffungskategorie: AV-Technik\nreference: invoice\numzug: zgeln\nankunftszustand: intakt\n','2014-12-16 17:20:53','2014-12-16 17:20:53'),(177,'3vo1dwq9jtvota1t25vm268','85:c3:0f:db:e1:a8-55:62:90:33:fd:29-8d:6e:9b:e7:61:ac',181,85,167,8,NULL,NULL,'2009-10-13','2014-12-16',NULL,NULL,'229.00',0,0,1,0,1,1,NULL,NULL,NULL,NULL,NULL,'--- !ruby/hash:ActiveSupport::HashWithIndifferentAccess\nanschaffungskategorie: AV-Technik\nreference: invoice\numzug: zgeln\nankunftszustand: intakt\n','2014-12-16 17:20:53','2014-12-16 17:20:53'),(178,'nxooavoab9ojvnxpwk3q269','28:bf:b4:df:6b:69-e6:6a:8a:bc:77:1e-06:16:df:07:9b:c1',181,86,168,9,NULL,NULL,'2009-05-07','2014-12-16',NULL,NULL,'1113.00',0,0,1,0,1,1,NULL,NULL,NULL,NULL,NULL,'--- !ruby/hash:ActiveSupport::HashWithIndifferentAccess\nanschaffungskategorie: AV-Technik\nreference: invoice\numzug: zgeln\nankunftszustand: intakt\n','2014-12-16 17:20:53','2014-12-16 17:20:53'),(179,'7h11di3oioz4zzbik932270','e2:66:80:c1:cc:67-6d:b2:5c:1d:b0:08-f0:69:0a:f2:18:d5',181,87,169,7,NULL,NULL,'2010-11-24','2014-12-16',NULL,NULL,'1147.00',0,0,1,0,1,1,NULL,NULL,NULL,NULL,NULL,'--- !ruby/hash:ActiveSupport::HashWithIndifferentAccess\nanschaffungskategorie: AV-Technik\nreference: invoice\numzug: zgeln\nankunftszustand: intakt\n','2014-12-16 17:20:53','2014-12-16 17:20:53'),(180,'pqgex12unqmvoixgn2pm271','7a:72:8f:35:0f:36-c1:f1:a1:07:6b:53-4f:e1:55:fc:c2:56',185,88,170,2,NULL,NULL,'2011-03-24','2014-12-16',NULL,NULL,'995.00',0,0,1,0,1,1,NULL,NULL,NULL,NULL,NULL,'--- !ruby/hash:ActiveSupport::HashWithIndifferentAccess\nanschaffungskategorie: AV-Technik\nreference: invoice\numzug: zgeln\nankunftszustand: intakt\n','2014-12-16 17:20:53','2014-12-16 17:20:53'),(181,'vvfjzrpq7isjthhizmq3272','c2:d6:15:d6:08:91-55:37:31:1b:9f:c3-03:ee:74:bb:38:9c',186,89,171,6,NULL,NULL,'2012-06-05','2014-12-16',NULL,NULL,'775.00',0,0,1,0,1,1,NULL,NULL,NULL,NULL,NULL,'--- !ruby/hash:ActiveSupport::HashWithIndifferentAccess\nanschaffungskategorie: AV-Technik\nreference: invoice\numzug: zgeln\nankunftszustand: intakt\n','2014-12-16 17:20:53','2014-12-16 17:20:53'),(182,'5phglzykmh8bpg9hive5273','83:dc:58:91:61:ae-7b:f8:24:fa:3b:03-2d:98:7b:9b:98:e7',187,90,172,9,NULL,NULL,'2010-03-01','2014-12-16',NULL,NULL,'297.00',0,0,1,0,1,1,NULL,NULL,NULL,NULL,NULL,'--- !ruby/hash:ActiveSupport::HashWithIndifferentAccess\nanschaffungskategorie: AV-Technik\nreference: invoice\numzug: zgeln\nankunftszustand: intakt\n','2014-12-16 17:20:53','2014-12-16 17:20:53'),(183,'5eq9ze8zd5xvish481tw274','a9:3c:1c:64:a2:bd-4c:e4:6a:d8:e8:f9-18:a5:55:4b:1e:ef',188,91,173,2,NULL,NULL,'2012-10-09','2014-12-16',NULL,NULL,'329.00',0,0,1,0,1,1,NULL,NULL,NULL,NULL,NULL,'--- !ruby/hash:ActiveSupport::HashWithIndifferentAccess\nanschaffungskategorie: AV-Technik\nreference: invoice\numzug: zgeln\nankunftszustand: intakt\n','2014-12-16 17:20:54','2014-12-16 17:20:54'),(184,'mfcav2roi7jh0mfrsrli275','8f:25:73:3c:0f:6b-90:de:97:99:b6:8e-1a:84:d3:c4:79:bb',189,92,174,7,NULL,NULL,'2012-06-22','2014-12-16',NULL,NULL,'240.00',0,0,1,0,1,1,NULL,NULL,NULL,NULL,NULL,'--- !ruby/hash:ActiveSupport::HashWithIndifferentAccess\nanschaffungskategorie: AV-Technik\nreference: invoice\numzug: zgeln\nankunftszustand: intakt\n','2014-12-16 17:20:54','2014-12-16 17:20:54'),(185,'m2dan3zw172ergegrecr276','0e:53:a1:05:a8:73-4b:76:db:36:d8:77-3a:da:c7:64:a3:5f',189,93,175,11,NULL,NULL,'2009-05-18','2014-12-16',NULL,NULL,'695.00',0,0,1,0,1,1,NULL,NULL,NULL,NULL,NULL,'--- !ruby/hash:ActiveSupport::HashWithIndifferentAccess\nanschaffungskategorie: AV-Technik\nreference: invoice\numzug: zgeln\nankunftszustand: intakt\n','2014-12-16 17:20:54','2014-12-16 17:20:54'),(186,'6xdxe4x3prbn0bcx3tdd277','2a:97:e1:44:02:52-26:7a:b5:24:11:80-26:9b:3b:b7:42:72',189,94,176,5,NULL,NULL,'2012-10-05','2014-12-16',NULL,NULL,'401.00',0,0,1,0,1,1,NULL,NULL,NULL,NULL,NULL,'--- !ruby/hash:ActiveSupport::HashWithIndifferentAccess\nanschaffungskategorie: AV-Technik\nreference: invoice\numzug: zgeln\nankunftszustand: intakt\n','2014-12-16 17:20:54','2014-12-16 17:20:54'),(187,'cpz68nyrql84cqpklmtb278','70:9b:ca:d7:8d:d4-9d:77:68:e5:e6:e7-12:66:5f:84:f6:89',193,95,177,8,NULL,NULL,'2013-10-02','2014-12-19',NULL,NULL,'187.00',0,0,1,0,1,1,NULL,NULL,NULL,NULL,NULL,'--- !ruby/hash:ActiveSupport::HashWithIndifferentAccess\nanschaffungskategorie: AV-Technik\nreference: invoice\numzug: zgeln\nankunftszustand: intakt\n','2014-12-19 07:48:51','2014-12-19 07:48:51'),(188,'1vvkpjzcfadwp1zhw3o5279','a2:06:dd:9c:cf:1c-c5:31:4c:84:70:da-c9:6d:a7:1c:71:51',194,96,178,11,NULL,NULL,'2009-12-30','2014-12-19',NULL,NULL,'195.00',0,0,1,0,1,1,NULL,NULL,NULL,NULL,NULL,'--- !ruby/hash:ActiveSupport::HashWithIndifferentAccess\nanschaffungskategorie: AV-Technik\nreference: invoice\numzug: zgeln\nankunftszustand: intakt\n','2014-12-19 07:48:51','2014-12-19 07:48:51'),(189,'sxh11lq5y1vrezd098wy280','a7:18:7a:a9:11:dc-28:d5:a4:31:cc:e8-25:c0:90:fd:54:e9',195,97,179,7,NULL,NULL,'2012-08-26','2014-12-19',NULL,NULL,'1259.00',0,0,1,0,1,1,NULL,NULL,NULL,NULL,NULL,'--- !ruby/hash:ActiveSupport::HashWithIndifferentAccess\nanschaffungskategorie: AV-Technik\nreference: invoice\numzug: zgeln\nankunftszustand: intakt\n','2014-12-19 07:48:51','2014-12-19 07:48:51'),(190,'ghm9lh2184789m2hjyrf281','bb:fc:5a:38:62:bc-b5:fd:98:b4:39:85-c6:57:f2:26:fc:82',196,98,180,4,NULL,NULL,'2009-02-20','2014-12-21',NULL,NULL,'1381.00',0,0,1,0,1,1,NULL,NULL,NULL,NULL,NULL,'--- !ruby/hash:ActiveSupport::HashWithIndifferentAccess\nanschaffungskategorie: AV-Technik\nreference: invoice\numzug: zgeln\nankunftszustand: intakt\n','2014-12-21 05:12:53','2014-12-21 05:12:53'),(191,'dvup1ypby6j1rlymxhyq282','3c:47:59:71:b9:52-53:dd:c2:a8:6b:69-85:2f:fd:cc:a6:e7',197,99,181,5,NULL,NULL,'2013-10-14','2014-12-21',NULL,NULL,'1123.00',0,0,1,0,1,1,NULL,NULL,NULL,NULL,NULL,'--- !ruby/hash:ActiveSupport::HashWithIndifferentAccess\nanschaffungskategorie: AV-Technik\nreference: invoice\numzug: zgeln\nankunftszustand: intakt\n','2014-12-21 05:12:53','2014-12-21 05:12:53'),(192,'qkr1f5qvr11wsayucrtb283','1f:90:5b:c8:e1:ba-c6:f5:7a:5c:f7:be-5d:de:af:f5:9e:3a',198,100,182,4,NULL,NULL,'2010-03-25','2014-12-21',NULL,NULL,'576.00',0,0,1,0,1,1,NULL,NULL,NULL,NULL,NULL,'--- !ruby/hash:ActiveSupport::HashWithIndifferentAccess\nanschaffungskategorie: AV-Technik\nreference: invoice\numzug: zgeln\nankunftszustand: intakt\n','2014-12-21 05:12:53','2014-12-21 05:12:53'),(193,'hefpqmyn9xv9xp72szl8284','05:5a:03:1b:d9:60-dc:33:98:13:62:c0-a9:de:17:a3:04:65',199,101,183,3,NULL,NULL,'2012-09-07','2014-12-21',NULL,NULL,'1499.00',0,0,1,0,1,1,NULL,NULL,NULL,NULL,NULL,'--- !ruby/hash:ActiveSupport::HashWithIndifferentAccess\nanschaffungskategorie: AV-Technik\nreference: invoice\numzug: zgeln\nankunftszustand: intakt\n','2014-12-21 05:12:53','2014-12-21 05:12:53'),(194,'iqa91zwf7ykadwqhp1zv285','0d:e5:87:9c:ed:5d-23:0f:78:13:90:1a-04:5e:1b:2f:40:bc',200,102,184,10,NULL,NULL,'2010-11-01','2014-12-21',NULL,NULL,'536.00',0,0,1,0,1,1,NULL,NULL,NULL,NULL,NULL,'--- !ruby/hash:ActiveSupport::HashWithIndifferentAccess\nanschaffungskategorie: AV-Technik\nreference: invoice\numzug: zgeln\nankunftszustand: intakt\n','2014-12-21 05:12:53','2014-12-21 05:12:53'),(195,'jk9vc5rpujd8dk4jxfud286','65:c8:4f:22:15:94-f3:0a:7e:df:86:45-18:28:76:fa:a5:50',201,103,185,9,NULL,NULL,'2011-03-18','2014-12-21',NULL,NULL,'310.00',0,0,1,0,1,1,NULL,NULL,NULL,NULL,NULL,'--- !ruby/hash:ActiveSupport::HashWithIndifferentAccess\nanschaffungskategorie: AV-Technik\nreference: invoice\numzug: zgeln\nankunftszustand: intakt\n','2014-12-21 05:12:53','2014-12-21 05:12:53'),(196,'n1w1116m97vu548n8156287','51:ec:51:5f:32:a4-4f:f7:52:2a:d1:30-d9:c7:e9:3c:b6:8b',201,104,186,2,NULL,NULL,'2013-06-06','2014-12-21',NULL,NULL,'1187.00',0,0,1,0,1,1,NULL,NULL,NULL,NULL,NULL,'--- !ruby/hash:ActiveSupport::HashWithIndifferentAccess\nanschaffungskategorie: AV-Technik\nreference: invoice\numzug: zgeln\nankunftszustand: intakt\n','2014-12-21 05:12:53','2014-12-21 05:12:53'),(197,'xhx85w190axeokpjzdhd288','e5:8f:4a:c7:61:78-e6:b1:da:77:1f:d1-49:05:1d:2c:57:99',201,105,187,9,NULL,NULL,'2011-01-31','2014-12-21',NULL,NULL,'76.00',0,0,1,0,1,1,NULL,NULL,NULL,NULL,NULL,'--- !ruby/hash:ActiveSupport::HashWithIndifferentAccess\nanschaffungskategorie: AV-Technik\nreference: invoice\numzug: zgeln\nankunftszustand: intakt\n','2014-12-21 05:12:53','2014-12-21 05:12:53'),(198,'6p9lbgx6zyyq27srmr3c289','08:48:71:2a:45:4d-ef:b4:98:d1:6f:7b-8f:8a:61:7b:03:63',205,106,188,8,NULL,NULL,'2010-03-01','2014-12-23',NULL,NULL,'883.00',0,0,1,0,1,1,NULL,NULL,NULL,NULL,NULL,'--- !ruby/hash:ActiveSupport::HashWithIndifferentAccess\nanschaffungskategorie: AV-Technik\nreference: invoice\numzug: zgeln\nankunftszustand: intakt\n','2014-12-23 02:51:57','2014-12-23 02:51:57'),(199,'o6nbx6sojtr2s2ugfyiw290','c2:da:b6:cc:7b:8d-5d:3a:fa:5e:55:44-e5:a9:9b:16:ae:2d',206,107,189,6,NULL,NULL,'2013-04-25','2014-12-23',NULL,NULL,'670.00',0,0,1,0,1,1,NULL,NULL,NULL,NULL,NULL,'--- !ruby/hash:ActiveSupport::HashWithIndifferentAccess\nanschaffungskategorie: AV-Technik\nreference: invoice\numzug: zgeln\nankunftszustand: intakt\n','2014-12-23 02:51:57','2014-12-23 02:51:57'),(200,'bh3mnql5na52gjrwvqbh291','14:04:a5:cd:4b:34-62:ce:c3:80:d8:c4-ed:81:19:ce:a9:db',207,108,190,2,NULL,NULL,'2009-01-06','2014-12-23',NULL,NULL,'289.00',0,0,1,0,1,1,NULL,NULL,NULL,NULL,NULL,'--- !ruby/hash:ActiveSupport::HashWithIndifferentAccess\nanschaffungskategorie: AV-Technik\nreference: invoice\numzug: zgeln\nankunftszustand: intakt\n','2014-12-23 02:51:57','2014-12-23 02:51:57'),(201,'8k28imdid00de0766rdw292','c0:1b:cc:c1:a3:02-9c:f2:8b:3a:cb:90-7d:ab:2b:4b:5e:e8',208,109,191,8,NULL,NULL,'2013-07-25','2014-12-23',NULL,NULL,'666.00',0,0,1,0,1,1,NULL,NULL,NULL,NULL,NULL,'--- !ruby/hash:ActiveSupport::HashWithIndifferentAccess\nanschaffungskategorie: AV-Technik\nreference: invoice\numzug: zgeln\nankunftszustand: intakt\n','2014-12-23 02:51:57','2014-12-23 02:51:57'),(202,'0uttgvvd2r9izv8i9xgp293','e9:ba:ca:e4:0a:f6-0c:10:ad:42:53:f7-c2:1a:9f:84:c8:be',208,110,192,1,NULL,NULL,'2010-08-25','2014-12-23',NULL,NULL,'1437.00',0,0,1,0,1,1,NULL,NULL,NULL,NULL,NULL,'--- !ruby/hash:ActiveSupport::HashWithIndifferentAccess\nanschaffungskategorie: AV-Technik\nreference: invoice\numzug: zgeln\nankunftszustand: intakt\n','2014-12-23 02:51:57','2014-12-23 02:51:57'),(203,'6tpqgi74ptwutoawp31i294','d7:2e:ac:f6:92:b8-f5:04:87:27:03:08-cc:56:17:cf:9d:cf',208,111,193,5,NULL,NULL,'2010-11-03','2014-12-23',NULL,NULL,'564.00',0,0,1,0,1,1,NULL,NULL,NULL,NULL,NULL,'--- !ruby/hash:ActiveSupport::HashWithIndifferentAccess\nanschaffungskategorie: AV-Technik\nreference: invoice\numzug: zgeln\nankunftszustand: intakt\n','2014-12-23 02:51:57','2014-12-23 02:51:57'),(204,'p6wls9pbhxrac5f14vtt295','e6:6f:e6:aa:cf:67-7a:62:26:b3:6d:2b-45:28:0c:6a:7d:13',212,112,194,10,NULL,NULL,'2013-10-29','2014-12-23',NULL,NULL,'222.00',0,0,1,0,1,1,NULL,NULL,NULL,NULL,NULL,'--- !ruby/hash:ActiveSupport::HashWithIndifferentAccess\nanschaffungskategorie: AV-Technik\nreference: invoice\numzug: zgeln\nankunftszustand: intakt\n','2014-12-23 02:51:57','2014-12-23 02:51:57'),(205,'xvd3q7ak9i84nxmvop43296','69:26:ea:bb:81:f0-ff:fb:3b:21:8b:32-6b:8d:e6:1d:55:7c',213,113,195,3,NULL,NULL,'2012-05-01','2014-12-23',NULL,NULL,'804.00',0,0,1,0,1,1,NULL,NULL,NULL,NULL,NULL,'--- !ruby/hash:ActiveSupport::HashWithIndifferentAccess\nanschaffungskategorie: AV-Technik\nreference: invoice\numzug: zgeln\nankunftszustand: intakt\n','2014-12-23 02:51:57','2014-12-23 02:51:57'),(206,'mvut2lfku11n0zubkpnj297','10:f1:0a:18:0c:da-09:45:83:d1:82:83-48:3b:e0:9d:cd:26',214,114,196,4,NULL,NULL,'2013-07-05','2014-12-23',NULL,NULL,'369.00',0,0,1,0,1,1,NULL,NULL,NULL,NULL,NULL,'--- !ruby/hash:ActiveSupport::HashWithIndifferentAccess\nanschaffungskategorie: AV-Technik\nreference: invoice\numzug: zgeln\nankunftszustand: intakt\n','2014-12-23 02:51:57','2014-12-23 02:51:57'),(207,'b6ygzaz8icl0g7yd1t82298','07:7b:75:b3:24:90-94:db:d2:9a:8c:82-13:fa:ea:72:ad:2a',215,115,197,4,NULL,NULL,'2010-01-18','2014-12-23',NULL,NULL,'409.00',0,0,1,0,1,1,NULL,NULL,NULL,NULL,NULL,'--- !ruby/hash:ActiveSupport::HashWithIndifferentAccess\nanschaffungskategorie: AV-Technik\nreference: invoice\numzug: zgeln\nankunftszustand: intakt\n','2014-12-23 02:51:57','2014-12-23 02:51:57'),(208,'ywoyt1bcdbg8gk40bz6m299','b7:4a:bb:69:59:e9-d3:02:65:64:dd:58-9f:4f:5e:6c:6e:32',216,116,198,5,NULL,NULL,'2011-08-07','2014-12-23',NULL,NULL,'1062.00',0,0,1,0,1,1,NULL,NULL,NULL,NULL,NULL,'--- !ruby/hash:ActiveSupport::HashWithIndifferentAccess\nanschaffungskategorie: AV-Technik\nreference: invoice\numzug: zgeln\nankunftszustand: intakt\n','2014-12-23 02:51:57','2014-12-23 02:51:57'),(209,'sy53m35j1jwdkandcx4i300','1c:81:c7:ba:03:03-e0:ef:19:ce:98:ee-54:f4:64:ae:29:fe',217,117,199,5,NULL,NULL,'2009-07-10','2014-12-23',NULL,NULL,'901.00',0,0,1,0,1,1,NULL,NULL,NULL,NULL,NULL,'--- !ruby/hash:ActiveSupport::HashWithIndifferentAccess\nanschaffungskategorie: AV-Technik\nreference: invoice\numzug: zgeln\nankunftszustand: intakt\n','2014-12-23 02:51:57','2014-12-23 02:51:57'),(210,'yarski3pvezyckmgh1tc301','cb:ad:56:fe:39:61-4a:62:85:fc:dd:6e-6b:70:7a:07:e7:25',218,118,200,3,NULL,NULL,'2012-10-16','2014-12-23',NULL,NULL,'324.00',0,0,1,0,1,1,NULL,NULL,NULL,NULL,NULL,'--- !ruby/hash:ActiveSupport::HashWithIndifferentAccess\nanschaffungskategorie: AV-Technik\nreference: invoice\numzug: zgeln\nankunftszustand: intakt\n','2014-12-23 02:51:57','2014-12-23 02:51:57'),(211,'exkjlkaouvk89arm5o4j302','cc:0d:50:68:2f:2f-d0:9b:9c:8a:81:9f-50:8e:ae:d5:fe:9e',219,119,201,11,NULL,NULL,'2010-10-22','2014-12-23',NULL,NULL,'679.00',0,0,1,0,1,1,NULL,NULL,NULL,NULL,NULL,'--- !ruby/hash:ActiveSupport::HashWithIndifferentAccess\nanschaffungskategorie: AV-Technik\nreference: invoice\numzug: zgeln\nankunftszustand: intakt\n','2014-12-23 02:51:57','2014-12-23 02:51:57'),(212,'st7lln8zey0v1m98uvbs303','12:86:43:78:34:d5-c9:26:7b:ce:15:99-e7:5b:e9:6f:49:70',220,120,202,2,NULL,NULL,'2012-10-27','2014-12-23',NULL,NULL,'261.00',0,0,1,0,1,1,NULL,NULL,NULL,NULL,NULL,'--- !ruby/hash:ActiveSupport::HashWithIndifferentAccess\nanschaffungskategorie: AV-Technik\nreference: invoice\numzug: zgeln\nankunftszustand: intakt\n','2014-12-23 02:51:57','2014-12-23 02:51:57'),(213,'d7sgqxu1u8nfof5dk1uw304','4d:6e:70:f3:95:ce-93:fe:ce:ef:a3:23-22:78:9c:22:09:bd',221,121,203,2,NULL,NULL,'2010-05-15','2014-12-23',NULL,NULL,'953.00',0,0,1,0,1,1,NULL,NULL,NULL,NULL,NULL,'--- !ruby/hash:ActiveSupport::HashWithIndifferentAccess\nanschaffungskategorie: AV-Technik\nreference: invoice\numzug: zgeln\nankunftszustand: intakt\n','2014-12-23 02:51:57','2014-12-23 02:51:57'),(214,'6xvqpk0hs7my0nt61ew9305','2b:aa:f4:af:c9:71-3f:49:23:6e:f7:bf-d6:3c:ff:36:49:11',222,122,204,9,NULL,NULL,'2010-07-08','2014-12-23',NULL,NULL,'1313.00',0,0,1,0,1,1,NULL,NULL,NULL,NULL,NULL,'--- !ruby/hash:ActiveSupport::HashWithIndifferentAccess\nanschaffungskategorie: AV-Technik\nreference: invoice\numzug: zgeln\nankunftszustand: intakt\n','2014-12-23 02:51:57','2014-12-23 02:51:57'),(215,'0s6acxjnbs4yh7m0xshd306','b4:44:49:bd:fa:47-dd:38:9b:96:96:05-0e:cf:f8:e4:41:78',223,123,205,3,NULL,NULL,'2009-12-23','2014-12-23',NULL,NULL,'388.00',0,0,1,0,1,1,NULL,NULL,NULL,NULL,NULL,'--- !ruby/hash:ActiveSupport::HashWithIndifferentAccess\nanschaffungskategorie: AV-Technik\nreference: invoice\numzug: zgeln\nankunftszustand: intakt\n','2014-12-23 02:51:57','2014-12-23 02:51:57'),(216,'clhq5aozz7oemjtdplwy307','26:10:50:d1:21:e9-f1:f3:3f:2c:04:55-08:45:39:b2:0f:6f',224,124,206,11,NULL,NULL,'2011-10-15','2014-12-23',NULL,NULL,'880.00',0,0,1,0,1,1,NULL,NULL,NULL,NULL,NULL,'--- !ruby/hash:ActiveSupport::HashWithIndifferentAccess\nanschaffungskategorie: AV-Technik\nreference: invoice\numzug: zgeln\nankunftszustand: intakt\n','2014-12-23 02:51:57','2014-12-23 02:51:57'),(217,'owngifi37cybsi1uoo3c308','39:a3:78:27:83:74-12:81:24:7c:78:45-74:68:01:07:f7:cc',225,125,207,1,NULL,NULL,'2013-10-19','2014-12-23',NULL,NULL,'827.00',0,0,1,0,1,1,NULL,NULL,NULL,NULL,NULL,'--- !ruby/hash:ActiveSupport::HashWithIndifferentAccess\nanschaffungskategorie: AV-Technik\nreference: invoice\numzug: zgeln\nankunftszustand: intakt\n','2014-12-23 02:51:57','2014-12-23 02:51:57'),(218,'fxlymxxc3qprt0c0iesg309','84:23:29:f6:f9:8b-10:38:5a:a4:72:f1-47:56:2d:5e:5e:86',226,NULL,NULL,1,NULL,NULL,NULL,NULL,NULL,NULL,NULL,0,0,1,0,1,0,NULL,NULL,NULL,NULL,NULL,'--- !ruby/hash:ActiveSupport::HashWithIndifferentAccess\nlicense_type: single_workplace\nactivation_type: serial_number\noperating_system:\n- windows\n- linux\ninstallation:\n- citrix\n- web\nreference: invoice\nmaintenance_contract: \'false\'\n','2014-12-23 02:51:57','2014-12-23 02:51:57'),(219,'2kngf2898xcmdhr0kfla310','c2:7b:62:38:58:6a-09:c0:36:9a:0b:43-01:0c:40:f1:64:93',227,126,208,11,NULL,NULL,'2010-05-16','2014-12-18',NULL,NULL,'1208.00',0,0,1,0,2,1,NULL,NULL,NULL,NULL,NULL,'--- !ruby/hash:ActiveSupport::HashWithIndifferentAccess\nanschaffungskategorie: AV-Technik\nreference: invoice\numzug: zgeln\nankunftszustand: intakt\n','2014-12-18 00:00:00','2014-12-18 00:00:00'),(220,'88uxyagcrxvu4tiagdvd311','8d:50:7d:a5:7b:e3-e7:f1:2a:b3:b7:a6-a3:97:db:74:16:07',227,127,209,1,NULL,NULL,'2010-07-30','2014-12-18',NULL,NULL,'489.00',0,0,1,0,2,1,NULL,NULL,NULL,NULL,NULL,'--- !ruby/hash:ActiveSupport::HashWithIndifferentAccess\nanschaffungskategorie: AV-Technik\nreference: invoice\numzug: zgeln\nankunftszustand: intakt\n','2014-12-18 00:00:00','2014-12-18 00:00:00'),(221,'v32asxs4ygiew0s4fff0312','f1:d8:4e:c5:11:97-e0:b1:4c:b3:ef:61-3a:bf:df:d2:dd:49',227,128,210,9,NULL,NULL,'2013-08-31','2014-12-18',NULL,NULL,'348.00',0,0,1,0,2,1,NULL,NULL,NULL,NULL,NULL,'--- !ruby/hash:ActiveSupport::HashWithIndifferentAccess\nanschaffungskategorie: AV-Technik\nreference: invoice\numzug: zgeln\nankunftszustand: intakt\n','2014-12-18 00:00:00','2014-12-18 00:00:00'),(222,'l8r5at7hve20e11ay8k4313','d4:b3:2b:5b:25:8c-01:2e:98:14:e8:68-cd:f5:77:c4:39:7e',231,129,211,1,NULL,NULL,'2011-01-21','2014-12-23',NULL,NULL,'1007.00',0,0,1,0,12,1,NULL,NULL,NULL,NULL,NULL,'--- !ruby/hash:ActiveSupport::HashWithIndifferentAccess\nanschaffungskategorie: AV-Technik\nreference: invoice\numzug: zgeln\nankunftszustand: intakt\n','2014-12-23 02:51:57','2014-12-23 02:51:57'),(223,'k1hnv2x59t3e54wnmjgt314','30:94:ed:81:0f:4e-6d:42:bb:f1:89:1f-41:b1:91:65:f3:6c',232,130,212,7,NULL,NULL,'2013-01-08','2014-12-23',NULL,NULL,'520.00',0,0,1,0,13,1,NULL,NULL,NULL,NULL,NULL,'--- !ruby/hash:ActiveSupport::HashWithIndifferentAccess\nanschaffungskategorie: AV-Technik\nreference: invoice\numzug: zgeln\nankunftszustand: intakt\n','2014-12-23 02:51:57','2014-12-23 02:51:57'),(224,'kte9lianw5gvkjyntni6315','52:31:08:a8:e8:5c-5a:1e:a7:4f:40:06-c5:94:4a:6a:90:12',233,131,213,12,NULL,NULL,'2009-12-03','2014-12-23',NULL,NULL,'55.00',0,0,1,0,1,1,NULL,NULL,NULL,NULL,NULL,'--- !ruby/hash:ActiveSupport::HashWithIndifferentAccess\nanschaffungskategorie: AV-Technik\nreference: invoice\numzug: zgeln\nankunftszustand: intakt\n','2014-12-23 02:51:57','2014-12-23 02:51:57'),(225,'99vq0a8b7h9ton3py2cj316','13:3c:c2:20:27:54-41:bb:39:8b:ab:bc-51:fb:c0:10:b1:2d',234,132,214,4,NULL,NULL,'2013-02-03','2014-12-23',NULL,NULL,'425.00',0,0,1,0,1,1,NULL,NULL,NULL,NULL,NULL,'--- !ruby/hash:ActiveSupport::HashWithIndifferentAccess\nanschaffungskategorie: AV-Technik\nreference: invoice\numzug: zgeln\nankunftszustand: intakt\n','2014-12-23 02:51:57','2014-12-23 02:51:57'),(226,'gu3qkyokrda1vse3rng0317','55:a3:58:8d:5e:ec-31:ff:49:09:a6:09-ad:08:c1:1c:ef:6e',235,133,215,9,NULL,NULL,'2012-12-25','2014-12-23',NULL,NULL,'1322.00',0,0,1,0,1,1,NULL,NULL,NULL,NULL,NULL,'--- !ruby/hash:ActiveSupport::HashWithIndifferentAccess\nanschaffungskategorie: AV-Technik\nreference: invoice\numzug: zgeln\nankunftszustand: intakt\n','2014-12-23 02:51:57','2014-12-23 02:51:57'),(227,'dfwo1bzjecmsj0j9zj5o318','dd:74:d0:ee:22:85-e6:eb:c7:24:1d:dc-60:0f:68:16:ed:ac',236,134,216,6,NULL,NULL,'2009-03-17','2014-12-23',NULL,NULL,'332.00',0,0,1,0,1,1,NULL,NULL,NULL,NULL,NULL,'--- !ruby/hash:ActiveSupport::HashWithIndifferentAccess\nanschaffungskategorie: AV-Technik\nreference: invoice\numzug: zgeln\nankunftszustand: intakt\n','2014-12-23 02:51:57','2014-12-23 02:51:57'),(228,'9w34ppokeu4p0tf9iaxx319','1f:1f:53:4c:ab:04-b3:45:6f:6d:df:b0-55:4f:e4:03:1c:bb',237,135,217,3,NULL,NULL,'2011-12-27','2014-12-23',NULL,NULL,'153.00',0,0,1,0,1,1,NULL,NULL,NULL,NULL,NULL,'--- !ruby/hash:ActiveSupport::HashWithIndifferentAccess\nanschaffungskategorie: AV-Technik\nreference: invoice\numzug: zgeln\nankunftszustand: intakt\n','2014-12-23 02:51:57','2014-12-23 02:51:57'),(229,'6ce275fxjnfox5exi526320','75:cc:c0:1c:22:7d-a8:55:03:da:14:a8-41:23:64:ca:60:fc',238,136,218,5,NULL,NULL,'2012-01-16','2014-12-23',NULL,NULL,'1463.00',0,0,1,0,1,1,NULL,NULL,NULL,NULL,NULL,'--- !ruby/hash:ActiveSupport::HashWithIndifferentAccess\nanschaffungskategorie: AV-Technik\nreference: invoice\numzug: zgeln\nankunftszustand: intakt\n','2014-12-23 02:51:57','2014-12-23 02:51:57'),(230,'4xukxu3lz9d79y1bmdie321','e2:54:3f:c4:d6:9f-65:a0:b7:f1:52:a0-d5:a4:26:1f:dd:91',239,137,219,3,NULL,NULL,'2009-07-20','2014-12-23',NULL,NULL,'964.00',0,0,1,0,1,1,NULL,NULL,NULL,NULL,NULL,'--- !ruby/hash:ActiveSupport::HashWithIndifferentAccess\nanschaffungskategorie: AV-Technik\nreference: invoice\numzug: zgeln\nankunftszustand: intakt\n','2014-12-23 02:51:57','2014-12-23 02:51:57'),(231,'2yxn8jph7n517lecajdu322','e2:ab:54:b1:78:7f-c3:55:57:7b:b7:31-77:77:08:02:f5:5e',240,138,220,3,NULL,NULL,'2009-02-23','2014-12-23',NULL,NULL,'555.00',0,0,1,0,1,1,NULL,NULL,NULL,NULL,NULL,'--- !ruby/hash:ActiveSupport::HashWithIndifferentAccess\nanschaffungskategorie: AV-Technik\nreference: invoice\numzug: zgeln\nankunftszustand: intakt\n','2014-12-23 02:51:57','2014-12-23 02:51:57'),(232,'k7ny8bafmb5tos8q9wok323','d4:10:1e:42:3e:ef-7b:8f:5a:32:c1:6d-9f:37:3b:76:82:c3',241,139,221,13,NULL,NULL,'2011-02-09','2014-12-23',NULL,NULL,'52.00',0,0,1,0,1,1,NULL,NULL,NULL,NULL,NULL,'--- !ruby/hash:ActiveSupport::HashWithIndifferentAccess\nanschaffungskategorie: AV-Technik\nreference: invoice\numzug: zgeln\nankunftszustand: intakt\n','2014-12-23 02:51:57','2014-12-23 02:51:57'),(233,'wjcmxwxmvhedlp2cza5m324','b7:7a:f6:50:81:ac-08:bc:0a:88:f3:8f-64:97:0d:4f:2f:32',242,140,222,3,NULL,NULL,'2010-06-16','2014-12-23',NULL,NULL,'61.00',0,0,1,0,1,1,NULL,NULL,NULL,NULL,NULL,'--- !ruby/hash:ActiveSupport::HashWithIndifferentAccess\nanschaffungskategorie: AV-Technik\nreference: invoice\numzug: zgeln\nankunftszustand: intakt\n','2014-12-23 02:51:57','2014-12-23 02:51:57'),(234,'8432t8qozuh2fqmx1s7v325','8f:71:b8:71:98:0e-f9:10:f8:a4:93:cb-34:1a:05:f5:25:a2',243,141,223,13,NULL,NULL,'2013-09-21','2014-12-23',NULL,NULL,'597.00',0,0,1,0,1,1,NULL,NULL,NULL,NULL,NULL,'--- !ruby/hash:ActiveSupport::HashWithIndifferentAccess\nanschaffungskategorie: AV-Technik\nreference: invoice\numzug: zgeln\nankunftszustand: intakt\n','2014-12-23 02:51:57','2014-12-23 02:51:57'),(235,'666tgcwad0zo2n0do0zn326','1f:c3:e5:94:13:ea-94:dc:2c:8d:73:41-97:93:2d:54:b9:51',244,142,224,7,NULL,NULL,'2010-12-05','2014-12-18',NULL,NULL,'1456.00',0,0,1,0,1,1,NULL,NULL,NULL,NULL,NULL,'--- !ruby/hash:ActiveSupport::HashWithIndifferentAccess\nanschaffungskategorie: AV-Technik\nreference: invoice\numzug: zgeln\nankunftszustand: intakt\n','2014-12-18 00:00:00','2014-12-18 00:00:00'),(236,'c3a65nfdl8wtih6u8715327','11:43:9c:fc:f2:50-2d:f1:9d:2c:6a:49-1f:42:e6:88:c4:f3',245,143,225,1,NULL,NULL,'2012-03-15','2014-12-18',NULL,NULL,'1090.00',0,0,1,0,1,1,NULL,NULL,NULL,NULL,NULL,'--- !ruby/hash:ActiveSupport::HashWithIndifferentAccess\nanschaffungskategorie: AV-Technik\nreference: invoice\numzug: zgeln\nankunftszustand: intakt\n','2014-12-18 00:00:00','2014-12-18 00:00:00'),(237,'m5zh5tg3eqlle06zjstc328','87:34:a9:75:a5:91-2b:46:5c:98:df:2d-c1:15:fd:ae:22:ab',246,144,226,2,NULL,NULL,'2012-01-29','2014-12-18',NULL,NULL,'876.00',0,0,1,0,1,1,NULL,NULL,NULL,NULL,NULL,'--- !ruby/hash:ActiveSupport::HashWithIndifferentAccess\nanschaffungskategorie: AV-Technik\nreference: invoice\numzug: zgeln\nankunftszustand: intakt\n','2014-12-18 00:00:00','2014-12-18 00:00:00'),(238,'u6jw4p1rwyw77be1i0b6329','5d:30:69:09:4d:67-f4:3f:85:a9:3d:7e-59:24:45:f0:77:40',247,145,227,2,NULL,NULL,'2013-01-30','2014-12-18',NULL,NULL,'508.00',0,0,1,0,1,1,NULL,NULL,NULL,NULL,NULL,'--- !ruby/hash:ActiveSupport::HashWithIndifferentAccess\nanschaffungskategorie: AV-Technik\nreference: invoice\numzug: zgeln\nankunftszustand: intakt\n','2014-12-18 00:00:00','2014-12-18 00:00:00'),(239,'wgxohfoktu1ghtqhigmb330','19:b7:be:38:32:6a-4e:4f:ca:8d:05:2a-1f:63:74:27:c7:7f',248,146,228,6,NULL,NULL,'2011-10-26','2014-12-23',NULL,NULL,'802.00',0,0,1,0,2,1,NULL,NULL,NULL,NULL,NULL,'--- !ruby/hash:ActiveSupport::HashWithIndifferentAccess\nanschaffungskategorie: AV-Technik\nreference: invoice\numzug: zgeln\nankunftszustand: intakt\n','2014-12-23 02:51:57','2014-12-23 02:51:57'),(240,'2nzor8uxjsrfp9b4ryzq331','dc:65:54:b1:0f:02-9f:c2:ae:a9:04:04-39:65:a6:67:b5:db',248,147,229,11,NULL,NULL,'2009-07-09','2014-12-23',NULL,NULL,'208.00',0,0,1,0,2,1,NULL,NULL,NULL,NULL,NULL,'--- !ruby/hash:ActiveSupport::HashWithIndifferentAccess\nanschaffungskategorie: AV-Technik\nreference: invoice\numzug: zgeln\nankunftszustand: intakt\n','2014-12-23 02:51:57','2014-12-23 02:51:57'),(241,'zzfmaml3qpxalc4okka7332','1e:42:de:ae:3e:2e-b3:29:75:67:93:0b-f2:55:8e:34:b5:f5',248,148,230,13,NULL,NULL,'2010-06-02','2014-12-23',NULL,NULL,'968.00',0,0,1,0,2,1,NULL,NULL,NULL,NULL,NULL,'--- !ruby/hash:ActiveSupport::HashWithIndifferentAccess\nanschaffungskategorie: AV-Technik\nreference: invoice\numzug: zgeln\nankunftszustand: intakt\n','2014-12-23 02:51:57','2014-12-23 02:51:57'),(242,'ciwnfv2wmx6q0idt8m1c333','82:b8:8a:ec:72:43-63:0b:b2:f6:59:f3-5c:2f:53:f3:5a:e2',252,149,231,4,NULL,NULL,'2009-07-21','2014-12-23',NULL,NULL,'362.00',0,0,1,0,2,1,NULL,NULL,NULL,NULL,NULL,'--- !ruby/hash:ActiveSupport::HashWithIndifferentAccess\nanschaffungskategorie: AV-Technik\nreference: invoice\numzug: zgeln\nankunftszustand: intakt\n','2014-12-23 02:51:57','2014-12-23 02:51:57'),(243,'7o651cm0liuczukdqjok334','ac:39:fa:6c:fd:15-1b:37:4f:b6:8a:06-95:c3:d4:0c:07:b4',252,150,232,13,NULL,NULL,'2010-08-22','2014-12-23',NULL,NULL,'1096.00',0,0,1,0,2,1,NULL,NULL,NULL,NULL,NULL,'--- !ruby/hash:ActiveSupport::HashWithIndifferentAccess\nanschaffungskategorie: AV-Technik\nreference: invoice\numzug: zgeln\nankunftszustand: intakt\n','2014-12-23 02:51:57','2014-12-23 02:51:57'),(244,'npvmqutyjmesysbbz0t0335','1e:78:e9:5a:cc:cd-6d:29:99:8c:7d:be-34:ee:73:5d:4e:9b',252,151,233,6,NULL,NULL,'2011-07-18','2014-12-23',NULL,NULL,'951.00',0,0,1,0,2,1,NULL,NULL,NULL,NULL,NULL,'--- !ruby/hash:ActiveSupport::HashWithIndifferentAccess\nanschaffungskategorie: AV-Technik\nreference: invoice\numzug: zgeln\nankunftszustand: intakt\n','2014-12-23 02:51:57','2014-12-23 02:51:57'),(245,'h1legkrlkjn7setbf6ak336','9b:a0:6c:3c:d7:ae-f0:14:fb:5c:c5:30-08:4e:9a:e6:97:b1',256,152,234,5,NULL,NULL,'2010-03-16','2014-12-23',NULL,NULL,'445.00',0,0,1,0,2,1,NULL,NULL,NULL,NULL,NULL,'--- !ruby/hash:ActiveSupport::HashWithIndifferentAccess\nanschaffungskategorie: AV-Technik\nreference: invoice\numzug: zgeln\nankunftszustand: intakt\n','2014-12-23 02:51:57','2014-12-23 02:51:57'),(246,'veby3lq47dy2vwg1sml8337','3c:31:96:6a:95:f8-24:da:08:a9:b4:36-3e:35:32:16:ef:69',256,153,235,2,NULL,NULL,'2009-03-29','2014-12-23',NULL,NULL,'1132.00',0,0,1,0,2,1,NULL,NULL,NULL,NULL,NULL,'--- !ruby/hash:ActiveSupport::HashWithIndifferentAccess\nanschaffungskategorie: AV-Technik\nreference: invoice\numzug: zgeln\nankunftszustand: intakt\n','2014-12-23 02:51:57','2014-12-23 02:51:57'),(247,'jexdat2664gyvv0w51mg338','dc:05:43:d0:54:7c-fc:57:6e:26:65:4b-5f:6c:3a:07:99:93',256,154,236,11,NULL,NULL,'2011-09-25','2014-12-23',NULL,NULL,'274.00',0,0,1,0,2,1,NULL,NULL,NULL,NULL,NULL,'--- !ruby/hash:ActiveSupport::HashWithIndifferentAccess\nanschaffungskategorie: AV-Technik\nreference: invoice\numzug: zgeln\nankunftszustand: intakt\n','2014-12-23 02:51:57','2014-12-23 02:51:57'),(248,'ehajvzm76zkddd3cirdj339','63:0e:6a:72:97:dc-46:42:2d:fd:de:d7-a2:a5:52:d8:ff:86',260,155,237,4,NULL,NULL,'2010-08-13','2014-12-23',NULL,NULL,'1466.00',0,0,1,0,1,1,NULL,NULL,NULL,NULL,NULL,'--- !ruby/hash:ActiveSupport::HashWithIndifferentAccess\nanschaffungskategorie: AV-Technik\nreference: invoice\numzug: zgeln\nankunftszustand: intakt\n','2014-12-23 02:51:57','2014-12-23 02:51:57'),(249,'a1irrig6ertlwdwrfukc340','3a:67:e6:a8:fb:52-f8:4c:0e:ef:e6:10-cd:06:e3:a0:88:93',260,156,238,4,NULL,NULL,'2011-06-13','2014-12-23',NULL,NULL,'1114.00',0,0,1,0,1,1,NULL,NULL,NULL,NULL,NULL,'--- !ruby/hash:ActiveSupport::HashWithIndifferentAccess\nanschaffungskategorie: AV-Technik\nreference: invoice\numzug: zgeln\nankunftszustand: intakt\n','2014-12-23 02:51:57','2014-12-23 02:51:57'),(250,'pc2jvodj11utgp8jz7dl341','b4:2d:74:94:31:af-73:49:aa:2a:e5:37-e5:cc:1c:99:7c:e0',260,157,239,6,NULL,NULL,'2009-08-04','2014-12-23',NULL,NULL,'141.00',0,0,1,0,1,1,NULL,NULL,NULL,NULL,NULL,'--- !ruby/hash:ActiveSupport::HashWithIndifferentAccess\nanschaffungskategorie: AV-Technik\nreference: invoice\numzug: zgeln\nankunftszustand: intakt\n','2014-12-23 02:51:57','2014-12-23 02:51:57'),(251,'vpyy0rvyvq800t3kczds342','ce:0e:06:bf:f9:15-5b:76:ec:48:de:e8-0e:bd:a4:e8:c5:45',264,158,240,8,NULL,NULL,'2009-03-06','2014-12-23',NULL,NULL,'967.00',0,0,1,0,1,1,NULL,NULL,NULL,NULL,NULL,'--- !ruby/hash:ActiveSupport::HashWithIndifferentAccess\nanschaffungskategorie: AV-Technik\nreference: invoice\numzug: zgeln\nankunftszustand: intakt\n','2014-12-23 02:51:57','2014-12-23 02:51:57'),(252,'b13guyjvgp0sbr11hywh343','72:eb:08:fc:28:c3-13:05:19:3b:9b:0b-83:fa:c9:3e:85:fb',264,159,241,12,NULL,NULL,'2013-05-04','2014-12-23',NULL,NULL,'571.00',0,0,1,0,1,1,NULL,NULL,NULL,NULL,NULL,'--- !ruby/hash:ActiveSupport::HashWithIndifferentAccess\nanschaffungskategorie: AV-Technik\nreference: invoice\numzug: zgeln\nankunftszustand: intakt\n','2014-12-23 02:51:57','2014-12-23 02:51:57'),(253,'zmwto123r0itsz6p2kk8344','fc:e9:bc:d9:ea:70-58:c1:c3:69:f4:9c-4e:cb:9b:5e:2d:85',264,160,242,4,NULL,NULL,'2009-10-21','2014-12-23',NULL,NULL,'995.00',0,0,1,0,1,1,NULL,NULL,NULL,NULL,NULL,'--- !ruby/hash:ActiveSupport::HashWithIndifferentAccess\nanschaffungskategorie: AV-Technik\nreference: invoice\numzug: zgeln\nankunftszustand: intakt\n','2014-12-23 02:51:57','2014-12-23 02:51:57'),(254,'fiimiku0j4plb1xydqm4345','6e:d4:9b:0e:ba:29-fb:50:99:8d:78:93-23:11:67:f4:2f:b4',268,161,243,7,NULL,NULL,'2009-09-30','2014-12-23',NULL,NULL,'811.00',0,0,1,0,1,1,NULL,NULL,NULL,NULL,NULL,'--- !ruby/hash:ActiveSupport::HashWithIndifferentAccess\nanschaffungskategorie: AV-Technik\nreference: invoice\numzug: zgeln\nankunftszustand: intakt\n','2014-12-23 02:51:57','2014-12-23 02:51:57'),(255,'vqfl6g00fu8398jvvtpf346','2e:05:3c:cc:18:cb-03:93:50:b8:e4:c6-b3:42:a5:9b:79:fa',268,162,244,2,NULL,NULL,'2013-04-28','2014-12-23',NULL,NULL,'935.00',0,0,1,0,1,1,NULL,NULL,NULL,NULL,NULL,'--- !ruby/hash:ActiveSupport::HashWithIndifferentAccess\nanschaffungskategorie: AV-Technik\nreference: invoice\numzug: zgeln\nankunftszustand: intakt\n','2014-12-23 02:51:57','2014-12-23 02:51:57'),(256,'llgdypgn6hqjg6kfc4l0347','46:8e:f5:3c:27:c2-b4:e3:57:f1:e2:1f-30:01:71:c0:3f:fe',268,163,245,1,NULL,NULL,'2011-03-17','2014-12-23',NULL,NULL,'1230.00',0,0,1,0,1,1,NULL,NULL,NULL,NULL,NULL,'--- !ruby/hash:ActiveSupport::HashWithIndifferentAccess\nanschaffungskategorie: AV-Technik\nreference: invoice\numzug: zgeln\nankunftszustand: intakt\n','2014-12-23 02:51:57','2014-12-23 02:51:57'),(257,'uhsnl38rxifa3dy3g0wm348','74:6d:1f:00:6d:39-ca:d9:fe:45:36:34-8f:20:77:1b:3f:71',272,164,246,11,NULL,NULL,'2012-01-19','2014-12-23',NULL,NULL,'473.00',0,0,1,0,1,1,NULL,NULL,NULL,NULL,NULL,'--- !ruby/hash:ActiveSupport::HashWithIndifferentAccess\nanschaffungskategorie: AV-Technik\nreference: invoice\numzug: zgeln\nankunftszustand: intakt\n','2014-12-23 02:51:57','2014-12-23 02:51:57'),(258,'41znnqatyhirurqu8gn9349','75:1a:01:53:ad:bd-13:3f:19:29:43:49-2f:2b:ab:d4:d9:bd',272,165,247,1,NULL,NULL,'2011-09-13','2014-12-23',NULL,NULL,'431.00',0,0,1,0,1,1,NULL,NULL,NULL,NULL,NULL,'--- !ruby/hash:ActiveSupport::HashWithIndifferentAccess\nanschaffungskategorie: AV-Technik\nreference: invoice\numzug: zgeln\nankunftszustand: intakt\n','2014-12-23 02:51:57','2014-12-23 02:51:57'),(259,'xm7qkosy0cdn9gxzbt3t350','8d:49:d0:d8:b7:f4-06:8f:ba:54:05:bf-b7:b5:21:31:8c:d4',272,166,248,6,NULL,NULL,'2009-05-12','2014-12-23',NULL,NULL,'102.00',0,0,1,0,1,1,NULL,NULL,NULL,NULL,NULL,'--- !ruby/hash:ActiveSupport::HashWithIndifferentAccess\nanschaffungskategorie: AV-Technik\nreference: invoice\numzug: zgeln\nankunftszustand: intakt\n','2014-12-23 02:51:57','2014-12-23 02:51:57'),(260,'fnij94hhteuinxbqya5e351','f4:8c:de:c2:65:9a-63:38:40:8a:88:76-6f:fc:f8:03:bf:93',276,167,249,13,NULL,NULL,'2011-05-27','2014-12-23',NULL,NULL,'1363.00',0,0,1,0,1,1,NULL,NULL,NULL,NULL,NULL,'--- !ruby/hash:ActiveSupport::HashWithIndifferentAccess\nanschaffungskategorie: AV-Technik\nreference: invoice\numzug: zgeln\nankunftszustand: intakt\n','2014-12-23 02:51:57','2014-12-23 02:51:57'),(261,'owue764kzmkqvi5yonz1352','53:1c:ef:04:44:95-15:7f:9f:3a:0e:28-52:87:23:92:76:83',276,168,250,12,NULL,NULL,'2012-06-11','2014-12-23',NULL,NULL,'369.00',0,0,1,0,1,1,NULL,NULL,NULL,NULL,NULL,'--- !ruby/hash:ActiveSupport::HashWithIndifferentAccess\nanschaffungskategorie: AV-Technik\nreference: invoice\numzug: zgeln\nankunftszustand: intakt\n','2014-12-23 02:51:57','2014-12-23 02:51:57'),(262,'44fidgzqa7xhakocdnc4353','71:50:33:af:f0:7b-49:34:ef:2c:ba:c2-98:3d:4a:d5:3a:9a',276,169,251,13,NULL,NULL,'2013-09-04','2014-12-23',NULL,NULL,'383.00',0,0,1,0,1,1,NULL,NULL,NULL,NULL,NULL,'--- !ruby/hash:ActiveSupport::HashWithIndifferentAccess\nanschaffungskategorie: AV-Technik\nreference: invoice\numzug: zgeln\nankunftszustand: intakt\n','2014-12-23 02:51:57','2014-12-23 02:51:57'),(263,'y0yrkblwn7tgtkv3gwhj354','75:d1:ba:96:36:37-fc:15:11:3b:ce:a7-71:66:1e:f8:5e:e5',280,170,252,13,NULL,NULL,'2010-06-13','2014-12-23',NULL,NULL,'442.00',0,0,1,0,1,1,NULL,NULL,NULL,NULL,NULL,'--- !ruby/hash:ActiveSupport::HashWithIndifferentAccess\nanschaffungskategorie: AV-Technik\nreference: invoice\numzug: zgeln\nankunftszustand: intakt\n','2014-12-23 02:51:57','2014-12-23 02:51:57'),(264,'sjt3ednbozz50kca7b9h355','8c:79:88:06:41:ae-d1:9b:39:22:91:c1-6e:65:7b:69:70:52',280,171,253,10,NULL,NULL,'2010-06-14','2014-12-23',NULL,NULL,'890.00',0,0,1,0,1,1,NULL,NULL,NULL,NULL,NULL,'--- !ruby/hash:ActiveSupport::HashWithIndifferentAccess\nanschaffungskategorie: AV-Technik\nreference: invoice\numzug: zgeln\nankunftszustand: intakt\n','2014-12-23 02:51:57','2014-12-23 02:51:57'),(265,'3uul0921lvyg4vhsn5op356','4e:ae:39:ed:ec:3c-f5:eb:6a:2e:bb:e5-64:6e:91:0d:7c:94',280,172,254,1,NULL,NULL,'2009-09-02','2014-12-23',NULL,NULL,'171.00',0,0,1,0,1,1,NULL,NULL,NULL,NULL,NULL,'--- !ruby/hash:ActiveSupport::HashWithIndifferentAccess\nanschaffungskategorie: AV-Technik\nreference: invoice\numzug: zgeln\nankunftszustand: intakt\n','2014-12-23 02:51:57','2014-12-23 02:51:57'),(266,'ttybhxwj0dd6wplh60eg357','b6:d2:20:90:d4:9a-7f:9b:15:52:a1:89-88:37:11:d6:9e:10',284,173,255,7,NULL,NULL,'2010-01-02','2014-12-23',NULL,NULL,'1454.00',0,0,1,0,1,1,NULL,NULL,NULL,NULL,NULL,'--- !ruby/hash:ActiveSupport::HashWithIndifferentAccess\nanschaffungskategorie: AV-Technik\nreference: invoice\numzug: zgeln\nankunftszustand: intakt\n','2014-12-23 02:51:57','2014-12-23 02:51:57'),(267,'z9q5ci80vq5jfuowf8oa358','68:61:4d:f4:31:e7-09:27:6d:83:10:a4-10:54:d1:47:da:f6',284,174,256,7,NULL,NULL,'2010-08-28','2014-12-23',NULL,NULL,'877.00',0,0,1,0,1,1,NULL,NULL,NULL,NULL,NULL,'--- !ruby/hash:ActiveSupport::HashWithIndifferentAccess\nanschaffungskategorie: AV-Technik\nreference: invoice\numzug: zgeln\nankunftszustand: intakt\n','2014-12-23 02:51:57','2014-12-23 02:51:57'),(268,'jwqiamg5sqg8xzvw77w4359','05:87:2c:57:bf:3a-2d:35:65:66:85:d8-54:6f:f7:cf:85:fb',284,175,257,6,NULL,NULL,'2009-03-22','2014-12-23',NULL,NULL,'1012.00',0,0,1,0,1,1,NULL,NULL,NULL,NULL,NULL,'--- !ruby/hash:ActiveSupport::HashWithIndifferentAccess\nanschaffungskategorie: AV-Technik\nreference: invoice\numzug: zgeln\nankunftszustand: intakt\n','2014-12-23 02:51:57','2014-12-23 02:51:57'),(269,'3yopjrqpwzm2n2s2lwrp360','81:19:4c:32:ab:76-9c:10:2d:b7:58:41-60:95:6a:ff:d1:d1',288,176,258,7,NULL,NULL,'2012-02-16','2014-12-23',NULL,NULL,'1335.00',0,0,1,0,1,1,NULL,NULL,NULL,NULL,NULL,'--- !ruby/hash:ActiveSupport::HashWithIndifferentAccess\nanschaffungskategorie: AV-Technik\nreference: invoice\numzug: zgeln\nankunftszustand: intakt\n','2014-12-23 02:51:57','2014-12-23 02:51:57'),(270,'4tus9ch4ojjv2uxy8gug361','f9:dd:a0:ae:35:3c-b3:e2:0e:60:cb:84-84:9d:48:ed:00:2a',288,177,259,5,NULL,NULL,'2012-11-22','2014-12-23',NULL,NULL,'1334.00',0,0,1,0,1,1,NULL,NULL,NULL,NULL,NULL,'--- !ruby/hash:ActiveSupport::HashWithIndifferentAccess\nanschaffungskategorie: AV-Technik\nreference: invoice\numzug: zgeln\nankunftszustand: intakt\n','2014-12-23 02:51:57','2014-12-23 02:51:57'),(271,'yq41mix875w1jnnec76y362','a4:d3:6a:6f:f7:bf-3a:c3:4e:b2:2a:aa-f3:42:0a:81:aa:69',288,178,260,6,NULL,NULL,'2010-10-16','2014-12-23',NULL,NULL,'1081.00',0,0,1,0,1,1,NULL,NULL,NULL,NULL,NULL,'--- !ruby/hash:ActiveSupport::HashWithIndifferentAccess\nanschaffungskategorie: AV-Technik\nreference: invoice\numzug: zgeln\nankunftszustand: intakt\n','2014-12-23 02:51:57','2014-12-23 02:51:57'),(272,'bcu3ngpodmapksht9t8x363','64:e2:05:60:e4:c5-04:b8:56:36:98:5a-7b:6e:f9:b3:2d:1d',292,179,261,7,NULL,NULL,'2009-01-13','2014-12-23',NULL,NULL,'773.00',0,0,1,0,1,1,NULL,NULL,NULL,NULL,NULL,'--- !ruby/hash:ActiveSupport::HashWithIndifferentAccess\nanschaffungskategorie: AV-Technik\nreference: invoice\numzug: zgeln\nankunftszustand: intakt\n','2014-12-23 02:51:57','2014-12-23 02:51:57'),(273,'q4s8p7m9botcr0kwfve1364','9a:be:c2:7d:22:c1-d3:3e:ee:d7:d3:c7-7b:3b:55:4a:ce:c7',292,180,262,7,NULL,NULL,'2009-12-23','2014-12-23',NULL,NULL,'744.00',0,0,1,0,1,1,NULL,NULL,NULL,NULL,NULL,'--- !ruby/hash:ActiveSupport::HashWithIndifferentAccess\nanschaffungskategorie: AV-Technik\nreference: invoice\numzug: zgeln\nankunftszustand: intakt\n','2014-12-23 02:51:57','2014-12-23 02:51:57'),(274,'8sqpr7d2wzttwrvgj3zp365','bd:6d:ea:75:53:65-24:1b:24:d3:55:99-6c:ba:a7:75:5e:fc',292,181,263,2,NULL,NULL,'2012-06-06','2014-12-23',NULL,NULL,'470.00',0,0,1,0,1,1,NULL,NULL,NULL,NULL,NULL,'--- !ruby/hash:ActiveSupport::HashWithIndifferentAccess\nanschaffungskategorie: AV-Technik\nreference: invoice\numzug: zgeln\nankunftszustand: intakt\n','2014-12-23 02:51:57','2014-12-23 02:51:57'),(275,'75quuwtyrdh2c7af6a07366','f2:ab:1d:05:17:18-48:32:5a:9e:15:40-a8:de:19:29:8e:2b',296,182,264,7,NULL,NULL,'2009-07-16','2014-12-23',NULL,NULL,'670.00',0,0,1,0,3,1,NULL,NULL,NULL,NULL,NULL,'--- !ruby/hash:ActiveSupport::HashWithIndifferentAccess\nanschaffungskategorie: AV-Technik\nreference: invoice\numzug: zgeln\nankunftszustand: intakt\n','2014-12-23 02:51:57','2014-12-23 02:51:57'),(276,'q9idsgtpgx4t0ze2wu8a367','4c:53:ca:1b:ba:09-e2:be:7a:be:d9:97-9b:a7:0c:2b:f4:99',296,183,265,2,NULL,NULL,'2013-05-16','2014-12-23',NULL,NULL,'1364.00',0,0,1,0,3,1,NULL,NULL,NULL,NULL,NULL,'--- !ruby/hash:ActiveSupport::HashWithIndifferentAccess\nanschaffungskategorie: AV-Technik\nreference: invoice\numzug: zgeln\nankunftszustand: intakt\n','2014-12-23 02:51:57','2014-12-23 02:51:57'),(277,'k0tmmxr2rjj6fj6r255o368','ff:af:01:e4:bc:f0-2a:93:8a:f7:2d:c6-09:6c:89:a3:13:de',296,184,266,3,NULL,NULL,'2012-05-17','2014-12-23',NULL,NULL,'1132.00',0,0,1,0,3,1,NULL,NULL,NULL,NULL,NULL,'--- !ruby/hash:ActiveSupport::HashWithIndifferentAccess\nanschaffungskategorie: AV-Technik\nreference: invoice\numzug: zgeln\nankunftszustand: intakt\n','2014-12-23 02:51:57','2014-12-23 02:51:57'),(278,'j3lxyrc9n60ekqy1t2w0369','38:09:54:c5:52:ee-f8:3c:12:93:12:dd-62:bb:eb:d3:01:d5',300,185,267,11,NULL,NULL,'2013-01-19','2014-12-23',NULL,NULL,'1291.00',0,0,1,0,3,1,NULL,NULL,NULL,NULL,NULL,'--- !ruby/hash:ActiveSupport::HashWithIndifferentAccess\nanschaffungskategorie: AV-Technik\nreference: invoice\numzug: zgeln\nankunftszustand: intakt\n','2014-12-23 02:51:57','2014-12-23 02:51:57'),(279,'kkcqpiye6fnqz4hwus7u370','37:15:80:9b:4e:43-f0:0b:f4:ed:65:ea-20:aa:f0:31:d4:e6',300,186,268,9,NULL,NULL,'2011-03-11','2014-12-23',NULL,NULL,'215.00',0,0,1,0,3,1,NULL,NULL,NULL,NULL,NULL,'--- !ruby/hash:ActiveSupport::HashWithIndifferentAccess\nanschaffungskategorie: AV-Technik\nreference: invoice\numzug: zgeln\nankunftszustand: intakt\n','2014-12-23 02:51:57','2014-12-23 02:51:57'),(280,'j31esyrgpa4vz0goivne371','79:cd:61:63:b4:69-36:26:f0:50:41:ce-03:21:07:f6:94:a4',300,187,269,4,NULL,NULL,'2011-12-25','2014-12-23',NULL,NULL,'958.00',0,0,1,0,3,1,NULL,NULL,NULL,NULL,NULL,'--- !ruby/hash:ActiveSupport::HashWithIndifferentAccess\nanschaffungskategorie: AV-Technik\nreference: invoice\numzug: zgeln\nankunftszustand: intakt\n','2014-12-23 02:51:57','2014-12-23 02:51:57'),(281,'bf18vlxielmeb85xmdra372','69:2f:64:d4:7a:0a-ef:44:9d:fc:d3:fc-f9:eb:39:ab:29:23',304,188,270,6,NULL,NULL,'2013-12-23','2014-12-23',NULL,NULL,'978.00',0,0,1,0,3,1,NULL,NULL,NULL,NULL,NULL,'--- !ruby/hash:ActiveSupport::HashWithIndifferentAccess\nanschaffungskategorie: AV-Technik\nreference: invoice\numzug: zgeln\nankunftszustand: intakt\n','2014-12-23 02:51:57','2014-12-23 02:51:57'),(282,'x04062y1yx5ix2ejgzcy373','5f:b7:43:3d:ab:a9-08:d2:e0:12:59:69-3f:77:f6:7e:77:43',304,189,271,4,NULL,NULL,'2009-01-25','2014-12-23',NULL,NULL,'373.00',0,0,1,0,3,1,NULL,NULL,NULL,NULL,NULL,'--- !ruby/hash:ActiveSupport::HashWithIndifferentAccess\nanschaffungskategorie: AV-Technik\nreference: invoice\numzug: zgeln\nankunftszustand: intakt\n','2014-12-23 02:51:57','2014-12-23 02:51:57'),(283,'q3yfa695k8e6uhogbm9l374','c5:1a:7a:a3:aa:f2-35:aa:7a:4c:00:d2-96:45:90:91:86:24',304,190,272,9,NULL,NULL,'2012-01-28','2014-12-23',NULL,NULL,'1077.00',0,0,1,0,3,1,NULL,NULL,NULL,NULL,NULL,'--- !ruby/hash:ActiveSupport::HashWithIndifferentAccess\nanschaffungskategorie: AV-Technik\nreference: invoice\numzug: zgeln\nankunftszustand: intakt\n','2014-12-23 02:51:57','2014-12-23 02:51:57'),(284,'mm9g2ch3d2b3baxt8sku375','e9:38:c6:fc:b7:15-bd:61:55:9c:0c:a4-4b:cc:5c:f8:77:ac',308,191,273,4,NULL,NULL,'2009-05-31','2014-12-23',NULL,NULL,'1363.00',0,0,1,0,3,1,NULL,NULL,NULL,NULL,NULL,'--- !ruby/hash:ActiveSupport::HashWithIndifferentAccess\nanschaffungskategorie: AV-Technik\nreference: invoice\numzug: zgeln\nankunftszustand: intakt\n','2014-12-23 02:51:57','2014-12-23 02:51:57'),(285,'flr80qpr0jqtf3rn55nd376','18:1e:11:14:ad:23-72:7c:a0:52:4d:c7-52:2d:3c:e6:94:8d',308,192,274,13,NULL,NULL,'2013-06-27','2014-12-23',NULL,NULL,'1150.00',0,0,1,0,3,1,NULL,NULL,NULL,NULL,NULL,'--- !ruby/hash:ActiveSupport::HashWithIndifferentAccess\nanschaffungskategorie: AV-Technik\nreference: invoice\numzug: zgeln\nankunftszustand: intakt\n','2014-12-23 02:51:57','2014-12-23 02:51:57'),(286,'txunutnmfgnonnokctj7377','a5:f4:ef:11:3e:5b-46:d1:b7:25:dd:6e-07:04:95:41:b0:1f',308,193,275,11,NULL,NULL,'2010-05-24','2014-12-23',NULL,NULL,'1227.00',0,0,1,0,3,1,NULL,NULL,NULL,NULL,NULL,'--- !ruby/hash:ActiveSupport::HashWithIndifferentAccess\nanschaffungskategorie: AV-Technik\nreference: invoice\numzug: zgeln\nankunftszustand: intakt\n','2014-12-23 02:51:57','2014-12-23 02:51:57'),(287,'hzz7b7fhncwjk17czjh4378','5f:e1:5a:41:c2:25-cf:bb:8f:7b:ca:bd-28:89:f8:7b:f2:d8',312,NULL,276,1,NULL,NULL,'2011-10-16','2014-12-23',NULL,NULL,'92.00',0,0,1,0,1,1,NULL,NULL,NULL,NULL,NULL,'--- !ruby/hash:ActiveSupport::HashWithIndifferentAccess\nanschaffungskategorie: AV-Technik\nreference: invoice\numzug: zgeln\nankunftszustand: intakt\n','2014-12-23 02:51:57','2014-12-23 02:51:57'),(288,'k93mfia2je3vahc4935y379','db:e9:b9:3d:7f:19-6c:f5:57:bd:06:15-2c:1e:7e:0a:23:29',313,194,277,1,NULL,NULL,'2009-09-20','2014-12-23',NULL,NULL,'1205.00',0,0,1,0,1,1,NULL,NULL,NULL,NULL,NULL,'--- !ruby/hash:ActiveSupport::HashWithIndifferentAccess\nanschaffungskategorie: AV-Technik\nreference: invoice\numzug: zgeln\nankunftszustand: intakt\n','2014-12-23 02:51:57','2014-12-23 02:51:57'),(289,'yv1f5bbzrk8mj68crogm380','0a:f2:be:80:09:5c-19:28:c2:ce:7b:a9-13:11:a9:b6:e6:df',314,NULL,NULL,1,NULL,NULL,NULL,NULL,NULL,NULL,NULL,0,0,0,0,2,0,NULL,NULL,NULL,NULL,NULL,'--- !ruby/hash:ActiveSupport::HashWithIndifferentAccess\noperating_system:\n- windows\nlicense_type: concurrent\ntotal_quantity: 62\nreference: invoice\nactivation_type: none\nmaintenance_contract: \'false\'\n','2014-12-23 02:51:57','2014-12-23 02:51:57'),(290,'h4j0qi04s7591cprz0zk381','ee:aa:6e:2d:71:36-53:15:8f:4b:12:1e-86:c8:b2:70:a5:0e',315,195,278,3,NULL,NULL,'2012-08-28','2014-12-23',NULL,NULL,'210.00',0,0,1,0,1,1,NULL,NULL,NULL,NULL,NULL,'--- !ruby/hash:ActiveSupport::HashWithIndifferentAccess\nanschaffungskategorie: AV-Technik\nreference: invoice\numzug: zgeln\nankunftszustand: intakt\n','2014-12-23 02:51:57','2014-12-23 02:51:57'),(291,'b2i5s8cfcikn1atp82x4382','0f:47:da:c0:68:65-da:f9:c1:7a:b3:a6-38:d8:4f:ba:ea:25',315,196,279,9,NULL,NULL,'2010-01-15','2014-12-23',NULL,NULL,'654.00',0,0,1,0,1,1,NULL,NULL,NULL,NULL,NULL,'--- !ruby/hash:ActiveSupport::HashWithIndifferentAccess\nanschaffungskategorie: AV-Technik\nreference: invoice\numzug: zgeln\nankunftszustand: intakt\n','2014-12-23 02:51:57','2014-12-23 02:51:57'),(292,'3xcmpv4g8hbmlweyjdim383','84:90:0b:74:c3:b9-bf:31:d2:9c:68:fd-a0:dc:e3:26:5d:c8',315,197,280,9,NULL,NULL,'2009-11-03','2014-12-23',NULL,NULL,'108.00',0,0,1,0,1,1,NULL,NULL,NULL,NULL,NULL,'--- !ruby/hash:ActiveSupport::HashWithIndifferentAccess\nanschaffungskategorie: AV-Technik\nreference: invoice\numzug: zgeln\nankunftszustand: intakt\n','2014-12-23 02:51:57','2014-12-23 02:51:57');
/*!40000 ALTER TABLE `items` ENABLE KEYS */;
UNLOCK TABLES;

--
-- Table structure for table `languages`
--

DROP TABLE IF EXISTS `languages`;
/*!40101 SET @saved_cs_client     = @@character_set_client */;
/*!40101 SET character_set_client = utf8 */;
CREATE TABLE `languages` (
  `id` int(11) NOT NULL AUTO_INCREMENT,
  `name` varchar(255) COLLATE utf8_unicode_ci DEFAULT NULL,
  `locale_name` varchar(255) COLLATE utf8_unicode_ci DEFAULT NULL,
  `default` tinyint(1) DEFAULT NULL,
  `active` tinyint(1) DEFAULT NULL,
  PRIMARY KEY (`id`),
  UNIQUE KEY `index_languages_on_name` (`name`),
  KEY `index_languages_on_active_and_default` (`active`,`default`)
) ENGINE=InnoDB AUTO_INCREMENT=5 DEFAULT CHARSET=utf8 COLLATE=utf8_unicode_ci;
/*!40101 SET character_set_client = @saved_cs_client */;

--
-- Dumping data for table `languages`
--

LOCK TABLES `languages` WRITE;
/*!40000 ALTER TABLE `languages` DISABLE KEYS */;
INSERT INTO `languages` VALUES (1,'English','en-GB',1,1),(2,'Deutsch','de-CH',0,1),(3,'Castellano','es',0,1),(4,'Zrittsch','gsw-CH',0,1);
/*!40000 ALTER TABLE `languages` ENABLE KEYS */;
UNLOCK TABLES;

--
-- Table structure for table `locations`
--

DROP TABLE IF EXISTS `locations`;
/*!40101 SET @saved_cs_client     = @@character_set_client */;
/*!40101 SET character_set_client = utf8 */;
CREATE TABLE `locations` (
  `id` int(11) NOT NULL AUTO_INCREMENT,
  `room` varchar(255) COLLATE utf8_unicode_ci DEFAULT NULL,
  `shelf` varchar(255) COLLATE utf8_unicode_ci DEFAULT NULL,
  `building_id` int(11) DEFAULT NULL,
  PRIMARY KEY (`id`),
  KEY `index_locations_on_building_id` (`building_id`)
) ENGINE=InnoDB AUTO_INCREMENT=198 DEFAULT CHARSET=utf8 COLLATE=utf8_unicode_ci;
/*!40101 SET character_set_client = @saved_cs_client */;

--
-- Dumping data for table `locations`
--

LOCK TABLES `locations` WRITE;
/*!40000 ALTER TABLE `locations` DISABLE KEYS */;
INSERT INTO `locations` VALUES (1,'Iddolor','recusandaeminima',2),(2,'Corruptiautem','ipsaaspernatur',3),(3,'Ipsumipsa','abpraesentium',4),(4,'Estest','eumut',5),(5,'Etdicta','autest',6),(6,'Praesentiumtotam','ipsaqui',7),(7,'Namexcepturi','utquas',8),(8,'Autautem','hicsed',9),(9,'Doloribusasperiores','eteaque',10),(10,'Inomnis','illumvoluptatem',11),(11,'Nesciuntvoluptatem','inventoresed',12),(12,'Mollitiaaut','doloribusrerum',13),(13,'Ateos','quisquamqui',14),(14,'Quiinventore','quidolores',15),(15,'Veritatisautem','sitvoluptas',16),(16,'Doloreveritatis','earumconsectetur',17),(17,'Natusenim','nihiliusto',18),(18,'Autdolorum','doloremnobis',19),(19,'Autvoluptates','deleniticonsequatur',20),(20,'Quisquamveniam','aperiamvoluptatem',21),(21,'Voluptatemdolor','dictavelit',22),(22,'Etvoluptatum','laboriosamvitae',23),(23,'Dignissimosodit','ullamvelit',24),(24,'Autqui','temporamaiores',25),(25,'Impeditvitae','consequunturet',26),(26,'Ullamdolor','essedeserunt',27),(27,'Nostrumet','fugitcommodi',28),(28,'Enimalias','etconsequatur',29),(29,'Remmolestias','eligendiveritatis',30),(30,'Impeditsuscipit','impeditvel',31),(31,'Eaaut','istequia',32),(32,'Voluptateesse','doloribusaut',33),(33,'Nequeiste','natusquaerat',34),(34,'Autemmaxime','magnidebitis',35),(35,'Assumendadolorum','officiisvoluptatem',36),(36,'Optiorepudiandae','remvoluptatum',37),(37,'Quiaquasi','commodiiste',38),(38,'Laboriosamiste','harumnatus',39),(39,'Sedrepudiandae','eumdeserunt',40),(40,'Excepturilabore','ipsamut',41),(41,'Idin','velitest',42),(42,'Quassit','earumin',43),(43,'Cupiditatetempora','namsit',44),(44,'Inventoredolorem','iustoquia',45),(45,'Quieveniet','dolorvoluptas',46),(46,'SQ2','Desk',47),(47,'UG 13','Ausgabe',48),(48,'Assumendanumquam','autvoluptatem',49),(49,'Suntex','nisieius',50),(50,'Repellatpraesentium','asperioresdolor',51),(51,'Temporatenetur','quivel',52),(52,'Odiovoluptas','delenitiet',53),(53,'Etaccusamus','blanditiisconsequatur',54),(54,'Delectusatque','molestiaeest',55),(55,'Molestiasvoluptate','etin',56),(56,'Ipsumat','liberodolores',57),(57,'Velitconsequatur','utincidunt',58),(58,'Quiaaliquam','doloribusest',59),(59,'Autemdolore','quiaodio',60),(60,'Nostrumdeleniti','eaquecorrupti',61),(61,'Sedassumenda','voluptatemvel',62),(62,'Reprehenderitiste','nonminus',63),(63,'Autsint','doloreseius',64),(64,'Perferendissed','liberosoluta',65),(65,'Enimut','illovoluptatem',66),(66,'Etdolores','enimnesciunt',67),(67,'Autconsequatur','atmaiores',68),(68,'Autemsaepe','quiamodi',69),(69,'Temporibuset','voluptatemnon',70),(70,'Eaut','excepturiqui',71),(71,'Eosaspernatur','quibusdamoccaecati',72),(72,'Esteum','consequaturet',73),(73,'Hicqui','quasiipsum',74),(74,'Utet','temporibuset',75),(75,'Facilisquia','ametquasi',76),(76,'Temporeaperiam','nullaipsa',77),(77,'Quiexercitationem','sitlaudantium',78),(78,'Etqui','impeditqui',79),(79,'Molestiasillum','dolorest',80),(80,'Etdeleniti','facereconsequatur',81),(81,'Quissoluta','facilisiure',82),(82,'Undequi','etvoluptatem',83),(83,'Illumminima','nihilipsam',84),(84,'Consecteturdolore','deseruntnostrum',85),(85,'Aperiamcommodi','nesciuntnon',86),(86,'Utvitae','aperiamea',87),(87,'Sedsunt','expeditaratione',88),(88,'Sedqui','voluptatumimpedit',89),(89,'Impeditanimi','voluptatibusfuga',90),(90,'Doloremlibero','quiaperiam',91),(91,'Harumveniam','quasquae',92),(92,'Voluptatemquasi','estet',93),(93,'Rationesunt','optioofficiis',94),(94,'Modidolorum','rerumeius',95),(95,'Etdolores','idiure',96),(96,'Dolorest','molestiaeautem',97),(97,'Quibusdamvero','etdoloribus',98),(98,'Beataemollitia','dignissimosfugiat',99),(99,'Suntpariatur','fugiatconsequatur',100),(100,'Consequaturaliquam','temporesit',101),(101,'Doloressit','totamrerum',102),(102,'Providentsaepe','quibusdamdeserunt',103),(103,'Dictaeligendi','recusandaeeos',104),(104,'Laboriosamnam','quiaccusamus',105),(105,'Rationeoptio','ipsamiusto',106),(106,'Dolorperspiciatis','laudantiumvel',107),(107,'Impeditvoluptatem','facereplaceat',108),(108,'Temporeaut','praesentiumtemporibus',109),(109,'Nampraesentium','ullameligendi',110),(110,'Praesentiumexplicabo','omnisrem',111),(111,'Cupiditatedolores','sapientedolorem',112),(112,'Commodibeatae','officiisautem',113),(113,'Nisirepellat','commodinihil',114),(114,'Numquamquod','teneturmagnam',115),(115,'Etnisi','autnon',116),(116,'Accusantiummolestiae','cumquedelectus',117),(117,'Molestiaeadipisci','temporibusadipisci',118),(118,'Utipsum','maximedolorum',119),(119,'Iureeum','quisassumenda',120),(120,'Quiaexplicabo','utmaiores',121),(121,'Nonerror','istemollitia',122),(122,'Nesciuntratione','magnamdebitis',123),(123,'Consequaturneque','pariaturet',124),(124,'Aliquidmagni','minimasit',125),(125,'Sitdistinctio','eoseaque',127),(126,'Quisnam','corruptieos',128),(127,'Nisinihil','facilisdicta',129),(128,'Inventorevelit','hicplaceat',130),(129,'Quaepossimus','cumpraesentium',131),(130,'Dignissimosdolores','inciduntaut',132),(131,'Officiisquo','aspernaturquo',133),(132,'Excepturiaccusantium','quirerum',134),(133,'Molestiaein','quidemnulla',135),(134,'Temporibusqui','delectusdolorem',136),(135,'Iustofugit','quiarem',137),(136,'Etoptio','sintatque',138),(137,'Utodio','eumnon',139),(138,'Autquia','quasitemporibus',140),(139,'Accusamusnumquam','necessitatibusdolores',141),(140,'Aperiamea','occaecatiminima',142),(141,'Doloresvero','remtempore',143),(142,'Itaquedelectus','voluptatumratione',144),(143,'Quodicta','adipisciiusto',145),(144,'Totammolestiae','quodolorem',146),(145,'Evenietperspiciatis','hicexpedita',147),(146,'Nonincidunt','teneturillum',148),(147,'Isteminus','laboriosamsint',149),(148,'Occaecativitae','deseruntnostrum',150),(149,'Repellendusquam','sitearum',151),(150,'Etaut','nihilet',152),(151,'Explicabodelectus','voluptatemnulla',153),(152,'Consecteturid','utnam',154),(153,'Ipsamsaepe','sitiste',155),(154,'Autenim','cumquebeatae',156),(155,'Temporequia','quilaborum',157),(156,'Etqui','exercitationemesse',158),(157,'Consecteturtempora','nullaadipisci',159),(158,'Atquedoloribus','autid',160),(159,'Inciduntarchitecto','repellatdistinctio',161),(160,'Accusamusnobis','perspiciatisnisi',162),(161,'Modiillum','quaeaut',163),(162,'Teneturut','laboriosampossimus',164),(163,'Quiet','autquidem',165),(164,'Rerumnostrum','nonunde',166),(165,'Laboriosamneque','rationeaut',167),(166,'Quipraesentium','dignissimosab',168),(167,'Etfugit','ipsumculpa',169),(168,'Liberosapiente','perferendismagni',170),(169,'Molestiaequi','voluptatumut',171),(170,'Nequeiusto','nihilrerum',172),(171,'Totamid','doloremnam',173),(172,'Nemoexpedita','officiadicta',174),(173,'Doloribusconsequatur','velitautem',175),(174,'Illumunde','suntsunt',176),(175,'Officiaaperiam','quosperferendis',177),(176,'Quaeratvoluptatem','impeditad',178),(177,'Quiiste','impeditomnis',179),(178,'Officiiset','quiut',180),(179,'Idmaiores','quasaut',181),(180,'Accusantiumharum','perferendisat',182),(181,'Liberonihil','cumqueeos',183),(182,'Estitaque','architectoquae',184),(183,'Nesciuntconsequatur','sedvoluptatem',185),(184,'Etrepellat','aliasnisi',186),(185,'Reiciendiscommodi','repellendusadipisci',187),(186,'Suntut','utoccaecati',188),(187,'Velsunt','enimvoluptates',189),(188,'Nondolorem','consequaturaccusantium',190),(189,'Utid','sitcommodi',191),(190,'Assumendaanimi','officiaaliquid',192),(191,'Velvoluptates','sitdolorem',193),(192,'Dolorumasperiores','evenietin',194),(193,'Estminus','vitaeeligendi',195),(194,'Etut','quisquamesse',196),(195,'Commodieius','perferendisnam',197),(196,'Atquemolestiae','fugaeum',198),(197,'Enimporro','remesse',199);
/*!40000 ALTER TABLE `locations` ENABLE KEYS */;
UNLOCK TABLES;

--
-- Table structure for table `model_group_links`
--

DROP TABLE IF EXISTS `model_group_links`;
/*!40101 SET @saved_cs_client     = @@character_set_client */;
/*!40101 SET character_set_client = utf8 */;
CREATE TABLE `model_group_links` (
  `id` int(11) NOT NULL AUTO_INCREMENT,
  `ancestor_id` int(11) DEFAULT NULL,
  `descendant_id` int(11) DEFAULT NULL,
  `direct` tinyint(1) DEFAULT NULL,
  `count` int(11) DEFAULT NULL,
  `label` varchar(255) COLLATE utf8_unicode_ci DEFAULT NULL,
  PRIMARY KEY (`id`),
  KEY `index_model_group_links_on_ancestor_id` (`ancestor_id`),
  KEY `index_model_group_links_on_direct` (`direct`),
  KEY `index_on_descendant_id_and_ancestor_id_and_direct` (`descendant_id`,`ancestor_id`,`direct`)
) ENGINE=InnoDB AUTO_INCREMENT=9 DEFAULT CHARSET=utf8 COLLATE=utf8_unicode_ci;
/*!40101 SET character_set_client = @saved_cs_client */;

--
-- Dumping data for table `model_group_links`
--

LOCK TABLES `model_group_links` WRITE;
/*!40000 ALTER TABLE `model_group_links` DISABLE KEYS */;
INSERT INTO `model_group_links` VALUES (1,2,10,1,1,NULL),(2,2,8,1,1,NULL),(3,5,10,1,1,NULL),(4,5,9,1,1,NULL),(5,1,9,1,1,NULL),(6,1,11,0,1,NULL),(7,5,11,0,1,NULL),(8,9,11,1,1,NULL);
/*!40000 ALTER TABLE `model_group_links` ENABLE KEYS */;
UNLOCK TABLES;

--
-- Table structure for table `model_groups`
--

DROP TABLE IF EXISTS `model_groups`;
/*!40101 SET @saved_cs_client     = @@character_set_client */;
/*!40101 SET character_set_client = utf8 */;
CREATE TABLE `model_groups` (
  `id` int(11) NOT NULL AUTO_INCREMENT,
  `type` varchar(255) COLLATE utf8_unicode_ci DEFAULT NULL,
  `name` varchar(255) COLLATE utf8_unicode_ci DEFAULT NULL,
  `created_at` datetime DEFAULT NULL,
  `updated_at` datetime DEFAULT NULL,
  PRIMARY KEY (`id`),
  KEY `index_model_groups_on_type` (`type`)
) ENGINE=InnoDB AUTO_INCREMENT=15 DEFAULT CHARSET=utf8 COLLATE=utf8_unicode_ci;
/*!40101 SET character_set_client = @saved_cs_client */;

--
-- Dumping data for table `model_groups`
--

LOCK TABLES `model_groups` WRITE;
/*!40000 ALTER TABLE `model_groups` DISABLE KEYS */;
INSERT INTO `model_groups` VALUES (1,'Category','Beamer','2014-12-23 02:51:57','2014-12-23 02:51:57'),(2,'Category','Kameras','2014-12-23 02:51:57','2014-12-23 02:51:57'),(3,'Category','Stative','2014-12-23 02:51:57','2014-12-23 02:51:57'),(4,'Category','Hifi-Anlagen','2014-12-23 02:51:57','2014-12-23 02:51:57'),(5,'Category','Notebooks','2014-12-23 02:51:57','2014-12-23 02:51:57'),(6,'Category','RC Helikopter','2014-12-23 02:51:57','2014-12-23 02:51:57'),(7,'Category','Computer','2014-12-23 02:51:57','2014-12-23 02:51:57'),(8,'Category','Kurzdistanz','2014-12-23 02:51:57','2014-12-23 02:51:57'),(9,'Category','Portabel','2014-12-23 02:51:57','2014-12-23 02:51:57'),(10,'Category','Standard','2014-12-23 02:51:57','2014-12-23 02:51:57'),(11,'Category','Micro','2014-12-23 02:51:57','2014-12-23 02:51:57'),(12,'Template','Kamera & Stativ','2014-12-23 02:51:57','2014-12-23 02:51:57'),(13,'Template','Beamer & Hifi','2014-12-23 02:51:57','2014-12-23 02:51:57'),(14,'Template','Unaccomplishable template','2014-12-23 02:51:57','2014-12-23 02:51:57');
/*!40000 ALTER TABLE `model_groups` ENABLE KEYS */;
UNLOCK TABLES;

--
-- Table structure for table `model_links`
--

DROP TABLE IF EXISTS `model_links`;
/*!40101 SET @saved_cs_client     = @@character_set_client */;
/*!40101 SET character_set_client = utf8 */;
CREATE TABLE `model_links` (
  `id` int(11) NOT NULL AUTO_INCREMENT,
  `model_group_id` int(11) DEFAULT NULL,
  `model_id` int(11) DEFAULT NULL,
  `quantity` int(11) DEFAULT '1',
  PRIMARY KEY (`id`),
  KEY `index_model_links_on_model_id_and_model_group_id` (`model_id`,`model_group_id`),
  KEY `index_model_links_on_model_group_id_and_model_id` (`model_group_id`,`model_id`)
) ENGINE=InnoDB AUTO_INCREMENT=73 DEFAULT CHARSET=utf8 COLLATE=utf8_unicode_ci;
/*!40101 SET character_set_client = @saved_cs_client */;

--
-- Dumping data for table `model_links`
--

LOCK TABLES `model_links` WRITE;
/*!40000 ALTER TABLE `model_links` DISABLE KEYS */;
INSERT INTO `model_links` VALUES (1,1,62,1),(2,9,62,1),(3,1,63,1),(4,1,64,1),(5,1,66,1),(6,9,66,1),(7,11,67,1),(8,1,68,1),(9,1,69,1),(10,1,70,1),(11,1,71,1),(12,1,72,1),(13,1,73,1),(14,1,74,1),(15,1,75,1),(16,1,76,1),(17,1,77,1),(18,1,78,1),(19,1,79,1),(20,1,80,1),(21,1,81,1),(22,1,82,1),(23,1,83,1),(24,1,84,1),(25,1,85,1),(26,1,86,1),(27,1,87,1),(28,2,88,1),(29,2,89,1),(30,2,90,1),(31,2,91,1),(32,2,92,1),(33,2,93,1),(34,2,94,1),(35,2,95,1),(36,2,96,1),(37,2,97,1),(38,2,98,1),(39,2,99,1),(40,2,100,1),(41,2,101,1),(42,2,102,1),(43,2,103,1),(44,2,104,1),(45,2,105,1),(46,2,106,1),(47,2,107,1),(48,2,108,1),(49,2,109,1),(50,2,110,1),(51,2,111,1),(52,2,112,1),(53,2,113,1),(54,2,114,1),(55,2,115,1),(56,2,116,1),(57,2,117,1),(58,2,118,1),(59,4,119,1),(60,3,120,1),(61,12,88,1),(62,12,120,1),(63,13,62,1),(64,13,119,1),(65,14,88,999),(66,14,120,999),(67,2,149,1),(68,7,150,1),(69,5,151,1),(70,6,152,1),(71,6,153,1),(72,6,154,1);
/*!40000 ALTER TABLE `model_links` ENABLE KEYS */;
UNLOCK TABLES;

--
-- Table structure for table `models`
--

DROP TABLE IF EXISTS `models`;
/*!40101 SET @saved_cs_client     = @@character_set_client */;
/*!40101 SET character_set_client = utf8 */;
CREATE TABLE `models` (
  `id` int(11) NOT NULL AUTO_INCREMENT,
  `type` varchar(255) COLLATE utf8_unicode_ci NOT NULL DEFAULT 'Model',
  `manufacturer` varchar(255) COLLATE utf8_unicode_ci DEFAULT NULL,
  `product` varchar(255) COLLATE utf8_unicode_ci NOT NULL,
  `version` varchar(255) COLLATE utf8_unicode_ci DEFAULT NULL,
  `description` text COLLATE utf8_unicode_ci,
  `internal_description` text COLLATE utf8_unicode_ci,
  `info_url` varchar(255) COLLATE utf8_unicode_ci DEFAULT NULL,
  `rental_price` decimal(8,2) DEFAULT NULL,
  `maintenance_period` int(11) DEFAULT '0',
  `is_package` tinyint(1) DEFAULT '0',
  `technical_detail` text COLLATE utf8_unicode_ci,
  `hand_over_note` text COLLATE utf8_unicode_ci,
  `created_at` datetime DEFAULT NULL,
  `updated_at` datetime DEFAULT NULL,
  PRIMARY KEY (`id`),
  KEY `index_models_on_is_package` (`is_package`),
  KEY `index_models_on_type` (`type`)
) ENGINE=InnoDB AUTO_INCREMENT=319 DEFAULT CHARSET=utf8 COLLATE=utf8_unicode_ci;
/*!40101 SET character_set_client = @saved_cs_client */;

--
-- Dumping data for table `models`
--

LOCK TABLES `models` WRITE;
/*!40000 ALTER TABLE `models` DISABLE KEYS */;
INSERT INTO `models` VALUES (1,'Model','Abernathy-Terry','Awesome Plastic Computer','274','Quia qui aut voluptatibus doloribus illo laboriosam commodi.','Laboriosam ut occaecati rerum suscipit.',NULL,NULL,1,0,'Dolores adipisci nam inventore aliquid et.','Qui voluptates harum ea et impedit.','2014-12-23 02:51:57','2014-12-23 02:51:57'),(2,'Model','Sipes, Rowe and Toy','Gorgeous Granite Chair','275','Minus consequuntur aut quis ipsum eum repellat ut sed.','Officiis porro provident aut incidunt.',NULL,NULL,2,0,'Itaque ab non illo architecto nobis qui minus totam.','Mollitia aut atque laboriosam id eos reiciendis voluptatem non.','2014-12-23 02:51:57','2014-12-23 02:51:57'),(3,'Model','Bergstrom, Schulist and McKenzie','Awesome Concrete Pants','276','Nostrum eius possimus esse.','Est perferendis velit harum voluptatem et odio non.',NULL,NULL,1,0,'Est ratione quasi est.','Fugiat vel consequatur autem qui cumque ipsum voluptatum asperiores.','2014-12-23 02:51:57','2014-12-23 02:51:57'),(4,'Model','Dickens, Beahan and Padberg','Rustic Granite Shoes','277','Nihil unde molestiae cumque odio omnis natus accusantium dolor.','Consequuntur et ut exercitationem dolorem mollitia velit aut.',NULL,NULL,1,0,'Ut voluptatem eaque voluptas placeat laudantium.','Fugiat corrupti corporis explicabo quia voluptatum eius dolores sed.','2014-12-23 02:51:57','2014-12-23 02:51:57'),(5,'Model','Mills-Kreiger','Small Plastic Shirt','278','Aut aliquid qui omnis.','Maxime adipisci perferendis praesentium.',NULL,NULL,1,0,'Doloremque incidunt ipsam deleniti qui rerum.','Atque nostrum ut est officia nesciunt est magni.','2014-12-23 02:51:57','2014-12-23 02:51:57'),(6,'Model','Wiegand, Bauch and Bauch','Incredible Steel Car','279','Voluptatem ad quasi numquam qui et.','Delectus aliquam unde veniam qui dolorum aut eos nulla.',NULL,NULL,0,0,'Commodi sint aut enim autem.','Ut nam quae et odio deleniti eum officia et.','2014-12-23 02:51:57','2014-12-23 02:51:57'),(7,'Model','Cormier Inc','Intelligent Cotton Hat','280','Nihil aut dicta aliquid.','Consequatur vel vel quidem suscipit et.',NULL,NULL,3,0,'Ducimus atque cumque facere quis aut autem.','Ut non explicabo iure quod doloribus nemo vel dignissimos.','2014-12-23 02:51:57','2014-12-23 02:51:57'),(8,'Model','Lind LLC','Fantastic Plastic Gloves','281','Culpa dolorem modi qui laudantium.','Sequi voluptatem ratione necessitatibus inventore.',NULL,NULL,1,0,'Totam consequatur sunt id placeat in atque aut.','Qui et odio fugit nihil neque nulla.','2014-12-23 02:51:57','2014-12-23 02:51:57'),(9,'Model','Greenholt Group','Practical Granite Car','282','Similique eligendi in consequatur non nostrum beatae.','Ratione qui vel assumenda officiis eaque ullam nostrum architecto.',NULL,NULL,0,0,'Modi est quia autem et enim.','Mollitia velit est dolores aut nobis aut impedit tempore.','2014-12-23 02:51:57','2014-12-23 02:51:57'),(10,'Model','Kulas-Hoeger','Fantastic Cotton Pants','283','Dolor a minus nostrum quia maxime vel.','Exercitationem quibusdam enim maxime ducimus aut laborum quisquam in.',NULL,NULL,2,0,'Non repudiandae natus dolor necessitatibus eos.','Totam est error quia laboriosam dolores.','2014-12-23 02:51:57','2014-12-23 02:51:57'),(11,'Model','Dare, Stiedemann and Rice','Incredible Plastic Computer','284','Ea praesentium veniam dolorem dolores nihil voluptate.','Ducimus voluptatem vel hic.',NULL,NULL,0,0,'Doloremque expedita ut est voluptas sed consequatur quo.','Odio nesciunt omnis qui explicabo quas ut.','2014-12-23 02:51:57','2014-12-23 02:51:57'),(12,'Model','Gerhold LLC','Small Plastic Car','285','Totam maiores repellat voluptate accusamus quod.','Aut nostrum non quidem cumque dolor hic impedit.',NULL,NULL,1,0,'Quidem quibusdam id esse ullam.','Aut qui qui enim veniam ducimus omnis aut ad.','2014-12-23 02:51:57','2014-12-23 02:51:57'),(13,'Model','Wiza, Streich and Hintz','Small Rubber Shoes','286','Error nostrum corporis ut.','Vel deleniti eligendi voluptatem id architecto totam.',NULL,NULL,1,0,'Illo recusandae et est accusamus atque aliquam.','Eveniet et consectetur veniam ipsum rem nobis qui.','2014-12-23 02:51:57','2014-12-23 02:51:57'),(14,'Model','Hauck-Durgan','Rustic Steel Shirt','287','Dolore libero vel tempore nobis quo eum.','Natus consequatur eos aut similique libero quas.',NULL,NULL,3,0,'Laborum distinctio nihil magnam.','Sit nihil laboriosam id facilis culpa fuga facere id.','2014-12-23 02:51:57','2014-12-23 02:51:57'),(15,'Model','Wolf Group','Practical Steel Shoes','288','Aut quam et dolor velit modi ut dolore omnis.','Qui sed aut qui dolorem quidem sapiente eveniet.',NULL,NULL,1,0,'Doloremque veniam deserunt velit magni rerum voluptatem similique.','Animi voluptas laboriosam aut.','2014-12-23 02:51:57','2014-12-23 02:51:57'),(16,'Model','Huel, Medhurst and Fay','Intelligent Plastic Hat','289','Magni nulla laudantium voluptas.','Sit reprehenderit earum voluptas maxime accusamus dicta ab.',NULL,NULL,3,0,'Aut itaque delectus maxime omnis.','Officiis voluptatum fugiat reprehenderit doloremque dolorem voluptates velit.','2014-12-23 02:51:57','2014-12-23 02:51:57'),(17,'Model','Lakin-Anderson','Incredible Concrete Hat','290','Harum odit possimus eveniet.','Nulla aspernatur velit voluptatem sunt.',NULL,NULL,2,0,'Et debitis ut impedit sunt.','Voluptatum dolores et sit velit quod quam.','2014-12-23 02:51:57','2014-12-23 02:51:57'),(18,'Model','Rohan Group','Sleek Plastic Gloves','291','Quos voluptas et porro consequatur voluptatem est ut.','Veritatis in id perferendis necessitatibus voluptas.',NULL,NULL,1,0,'Ut saepe ipsam corrupti.','Animi qui doloremque ullam aut.','2014-12-23 02:51:57','2014-12-23 02:51:57'),(19,'Model','Ebert, Jaskolski and Strosin','Practical Cotton Hat','292','Corporis iste sed placeat odit dolores.','Qui aut sunt quaerat architecto eum dicta perferendis.',NULL,NULL,3,0,'Architecto vero est impedit quaerat accusantium.','Aut esse ipsum minima ex ea vel.','2014-12-23 02:51:57','2014-12-23 02:51:57'),(20,'Model','Rath, Steuber and Schoen','Small Concrete Pants','293','Consequatur beatae et nemo non dolor delectus recusandae.','Exercitationem est beatae atque natus voluptatibus sequi ipsa.',NULL,NULL,3,0,'Repudiandae excepturi ea nihil quia pariatur.','Quia similique repellendus blanditiis id placeat consequatur.','2014-12-23 02:51:57','2014-12-23 02:51:57'),(21,'Model','Wunsch-Schaden','Incredible Wooden Shoes','294','Provident ipsam accusamus eius error cumque ratione deleniti.','Est vitae ipsam neque.',NULL,NULL,3,0,'Nesciunt dolor esse eum.','Dolorem molestias fugiat in rerum temporibus qui aut.','2014-12-23 02:51:57','2014-12-23 02:51:57'),(22,'Model','Romaguera-Bailey','Awesome Granite Gloves','295','Et quibusdam itaque sit laudantium et tempora quam.','Non excepturi et doloribus id iste earum veniam.',NULL,NULL,2,0,'Eos recusandae maxime perspiciatis.','Esse mollitia quos est ut possimus adipisci nostrum maxime.','2014-12-23 02:51:57','2014-12-23 02:51:57'),(23,'Model','Friesen-Mante','Intelligent Wooden Hat','296','Fugit natus eos odit.','Culpa est dolore error.',NULL,NULL,3,0,'Ratione dolorem a dolor et.','Eveniet veritatis voluptas sint.','2014-12-23 02:51:57','2014-12-23 02:51:57'),(24,'Model','Witting, Von and Farrell','Practical Cotton Gloves','297','Asperiores cupiditate aut dolor dicta.','Minus maxime nisi magni autem necessitatibus.',NULL,NULL,3,0,'Praesentium aut dolores tempore recusandae eaque.','Quia enim dolore et aut quia.','2014-12-23 02:51:57','2014-12-23 02:51:57'),(25,'Model','Gutmann, O\'Keefe and Harber','Small Plastic Chair','298','Quas iure illo rem.','Quisquam quia doloribus cupiditate ab ipsa sint ut ducimus.',NULL,NULL,3,0,'Voluptatum dolores nihil voluptas veritatis adipisci animi eum quia.','Qui suscipit quasi optio dolorem harum dolor eum debitis.','2014-12-23 02:51:57','2014-12-23 02:51:57'),(26,'Model','Bogisich-Mertz','Fantastic Concrete Car','299','Corporis odio porro atque.','Repellat ullam id error.',NULL,NULL,2,0,'Et autem est deleniti.','Odit a sed repellat.','2014-12-23 02:51:57','2014-12-23 02:51:57'),(27,'Model','Hamill Inc','Awesome Plastic Shoes','300','Qui ut qui est quidem.','Corporis et pariatur quis magni voluptatibus eius harum illum.',NULL,NULL,3,0,'Similique et distinctio perspiciatis qui autem dolor ea.','Corrupti illo omnis nemo eum.','2014-12-23 02:51:57','2014-12-23 02:51:57'),(28,'Model','Turner, Bashirian and Conroy','Ergonomic Cotton Table','301','Qui assumenda laborum odit dignissimos repellendus quae voluptatem.','Impedit saepe ut aut quasi optio.',NULL,NULL,3,0,'Repellat qui corporis libero omnis odio perspiciatis error nam.','Officia itaque et quidem.','2014-12-23 02:51:57','2014-12-23 02:51:57'),(29,'Model','Feeney Group','Practical Cotton Computer','302','Impedit consequatur quaerat aliquam quisquam illo.','Velit dolorem sint et ut.',NULL,NULL,0,0,'Sunt commodi et quia excepturi.','Iusto voluptatem minus et molestiae recusandae sed incidunt.','2014-12-23 02:51:57','2014-12-23 02:51:57'),(30,'Model','Waters Inc','Fantastic Steel Shoes','303','Dignissimos sunt cupiditate voluptatem vitae aut libero.','Nostrum ut non optio ut rem occaecati.',NULL,NULL,2,0,'Veritatis qui nesciunt qui beatae rerum possimus omnis eos.','Velit magnam et atque et non dignissimos.','2014-12-23 02:51:57','2014-12-23 02:51:57'),(31,'Model','Ebert Inc','Intelligent Cotton Chair','304','Voluptate velit iusto voluptatem dolores dolor.','Tempora voluptates aperiam quis ea earum cupiditate non non.',NULL,NULL,2,0,'Nam ut voluptatem deserunt vitae alias.','Ut iusto id dolores quia est.','2014-12-23 02:51:57','2014-12-23 02:51:57'),(32,'Model','Hilll, Lindgren and Hermiston','Small Cotton Pants','305','Reprehenderit qui deleniti vero illum.','Quaerat ea ad similique aut exercitationem culpa.',NULL,NULL,3,0,'Quasi eligendi eum adipisci fugiat distinctio commodi.','Autem ullam nemo atque error.','2014-12-23 02:51:57','2014-12-23 02:51:57'),(33,'Model','Wilderman Inc','Practical Rubber Computer','306','Aliquid consectetur molestias deleniti cupiditate nobis.','Sapiente ipsa excepturi sunt minus quia rerum error.',NULL,NULL,3,0,'Rerum necessitatibus eum in.','Omnis voluptas minus molestiae impedit inventore qui et.','2014-12-23 02:51:57','2014-12-23 02:51:57'),(34,'Model','Effertz-Weissnat','Gorgeous Wooden Gloves','307','Culpa facilis dicta doloremque et laborum ducimus velit.','Placeat omnis voluptates et.',NULL,NULL,1,0,'Quis explicabo sit soluta veniam non doloribus delectus.','Id similique sapiente maxime vitae quasi qui quo.','2014-12-23 02:51:57','2014-12-23 02:51:57'),(35,'Model','Feest, Huels and Ernser','Fantastic Plastic Pants','308','Excepturi molestiae veniam itaque fuga atque deleniti aut.','Magni totam optio et.',NULL,NULL,2,0,'Ipsam consequuntur consectetur dolores eaque corrupti.','Ut commodi aut ratione ut aliquam alias.','2014-12-23 02:51:57','2014-12-23 02:51:57'),(36,'Model','Stokes-Jast','Ergonomic Concrete Pants','309','Dolore sapiente quisquam voluptate et laboriosam qui sequi.','Tempore pariatur et quibusdam omnis vel quod eligendi deleniti.',NULL,NULL,0,0,'Ipsa modi et voluptatem quisquam expedita iure at.','Sit ratione fugit ut dignissimos.','2014-12-23 02:51:57','2014-12-23 02:51:57'),(37,'Model','Beier-Powlowski','Intelligent Plastic Shirt','310','Molestiae est eaque eveniet ut quam laborum.','Aut tenetur officia molestias quasi inventore mollitia.',NULL,NULL,2,0,'Recusandae quia sed architecto.','Culpa voluptatibus asperiores voluptas fugiat nisi.','2014-12-23 02:51:57','2014-12-23 02:51:57'),(38,'Model','Schmeler and Sons','Intelligent Granite Gloves','311','Officia aut veritatis consequatur quibusdam autem modi.','Quaerat molestiae ut voluptatem quae adipisci.',NULL,NULL,1,0,'Error et atque et consequuntur quo sequi accusantium unde.','Asperiores beatae ducimus aperiam et est.','2014-12-23 02:51:57','2014-12-23 02:51:57'),(39,'Model','Bode-Purdy','Sleek Rubber Pants','312','Omnis fugit quia eum molestias voluptatem quia.','Rem atque rerum pariatur.',NULL,NULL,3,0,'Et accusamus veritatis eveniet ut rerum consequatur minus voluptate.','Inventore accusantium eum vero.','2014-12-23 02:51:57','2014-12-23 02:51:57'),(40,'Model','Lehner Inc','Sleek Concrete Gloves','313','Vitae et in quos omnis blanditiis.','Repellat illo nisi quasi magni quibusdam doloremque architecto voluptatem.',NULL,NULL,2,0,'Fugiat dolore velit labore nemo totam.','Culpa occaecati et est illo repellendus cumque.','2014-12-23 02:51:57','2014-12-23 02:51:57'),(41,'Model','Cartwright Group','Gorgeous Wooden Table','314','Natus commodi facilis repudiandae illum provident tenetur.','Ipsum quia rem perferendis.',NULL,NULL,2,0,'Rerum consequatur fugiat necessitatibus.','Consectetur deleniti quo et minus accusamus molestiae.','2014-12-23 02:51:57','2014-12-23 02:51:57'),(42,'Model','Donnelly and Sons','Incredible Cotton Shirt','315','Pariatur sit placeat iusto possimus minima animi.','Molestiae et et quia sit doloribus reprehenderit.',NULL,NULL,3,0,'Ut est deleniti maiores.','Veniam impedit labore et ea assumenda placeat.','2014-12-23 02:51:57','2014-12-23 02:51:57'),(43,'Model','Brakus-Effertz','Awesome Concrete Shoes','316','Ut expedita deserunt possimus quo.','Natus consequuntur in est.',NULL,NULL,0,0,'Laudantium enim perferendis dolores omnis perspiciatis consequatur.','Tenetur nobis et saepe maxime excepturi qui.','2014-12-23 02:51:57','2014-12-23 02:51:57'),(44,'Model','Boyle Inc','Small Rubber Hat','317','Quod soluta et maxime.','Totam est nisi qui voluptas fuga cumque tempore adipisci.',NULL,NULL,0,0,'In veritatis laborum cum error dolorem eligendi.','Eaque ut sed non aliquam.','2014-12-23 02:51:57','2014-12-23 02:51:57'),(45,'Model','Cronin, Gerhold and Feeney','Rustic Cotton Hat','318','Laborum eius nisi sed.','Autem earum animi qui ducimus iste aliquid.',NULL,NULL,1,0,'Sed sequi suscipit qui omnis atque ut perspiciatis.','Occaecati iusto velit esse commodi dolor.','2014-12-23 02:51:57','2014-12-23 02:51:57'),(46,'Model','Balistreri-Hintz','Awesome Wooden Chair','319','Animi autem aut tempora laudantium.','Pariatur et omnis quae officia molestias dolore qui.',NULL,NULL,3,0,'Voluptatem rerum aperiam ducimus id voluptas quis amet nobis.','Est inventore vel atque exercitationem minima qui quis.','2014-12-23 02:51:57','2014-12-23 02:51:57'),(47,'Model','Daniel-Ankunding','Fantastic Wooden Gloves','320','Reprehenderit consequatur nesciunt veniam.','Vel et aliquid vitae.',NULL,NULL,0,0,'Iste culpa officiis corporis commodi et.','Enim praesentium blanditiis et quia.','2014-12-23 02:51:57','2014-12-23 02:51:57'),(48,'Model','Schoen and Sons','Sleek Rubber Car','321','Voluptates quisquam velit eos omnis qui sit beatae.','Autem atque libero dolores culpa eum consequatur est reprehenderit.',NULL,NULL,1,0,'Corporis natus dolorem nam.','Omnis et adipisci in.','2014-12-23 02:51:57','2014-12-23 02:51:57'),(49,'Model','Cronin, Robel and Dickens','Fantastic Plastic Table','322','Vel debitis voluptates et accusantium aut quam.','Aperiam aut culpa impedit aut.',NULL,NULL,3,0,'Ab magni accusantium sit soluta.','Et tempora qui veritatis sed.','2014-12-23 02:51:57','2014-12-23 02:51:57'),(50,'Model','Ratke-MacGyver','Fantastic Steel Table','323','Dolore optio quas doloribus sequi ea in voluptatem ullam.','Quis deserunt corrupti optio natus enim harum id.',NULL,NULL,3,0,'Voluptatem autem assumenda nulla dolorum nisi et aut magni.','Nostrum id eos sunt sed accusantium ut et.','2014-12-23 02:51:57','2014-12-23 02:51:57'),(51,'Model','Dickinson, Murray and Thompson','Rustic Cotton Car','324','Ipsa ipsum aspernatur dignissimos illo.','Nostrum vitae quis eum deleniti necessitatibus.',NULL,NULL,3,0,'Ea et molestias eaque repellendus blanditiis minima qui magnam.','Vel sunt aliquam tempora impedit.','2014-12-23 02:51:57','2014-12-23 02:51:57'),(52,'Model','Watsica and Sons','Sleek Cotton Pants','325','Explicabo error eos assumenda voluptatibus corrupti ex est.','Corrupti iste accusantium amet quo commodi quis aut.',NULL,NULL,0,0,'Enim autem quas enim cumque.','Fugiat odit perferendis itaque non voluptatem aut eos.','2014-12-23 02:51:57','2014-12-23 02:51:57'),(53,'Model','Reinger, Heidenreich and D\'Amore','Fantastic Rubber Shirt','326','Perspiciatis nihil omnis voluptatum ullam placeat nobis et et.','Reiciendis sunt ullam modi corrupti exercitationem.',NULL,NULL,1,0,'Commodi fugit repellendus dolores ut ut sunt beatae.','Molestiae qui doloribus incidunt illo quo sit velit qui.','2014-12-23 02:51:57','2014-12-23 02:51:57'),(54,'Model','Krajcik Group','Rustic Concrete Gloves','327','Nihil accusamus quidem et voluptatem odio dolor.','Quam quis repellendus incidunt totam est dolor.',NULL,NULL,3,0,'Eius laboriosam perferendis exercitationem ab.','Aut ex qui architecto.','2014-12-23 02:51:57','2014-12-23 02:51:57'),(55,'Model','Fahey, White and Keeling','Incredible Rubber Computer','328','Dolores in excepturi saepe est ut qui fugiat.','Qui tenetur libero unde autem molestias sapiente sint enim.',NULL,NULL,1,0,'Praesentium velit saepe sequi.','Aut et necessitatibus iure.','2014-12-23 02:51:57','2014-12-23 02:51:57'),(56,'Model','Fay, Purdy and Hodkiewicz','Gorgeous Wooden Shirt','329','Optio ea amet temporibus in architecto dolorum voluptatum voluptatem.','Sit sed sint quam aut culpa et repellendus.',NULL,NULL,3,0,'Dicta voluptate ipsam blanditiis neque.','Omnis exercitationem amet quas ex debitis ut quia sit.','2014-12-23 02:51:57','2014-12-23 02:51:57'),(57,'Model','Ankunding, Nader and Lind','Incredible Steel Computer','330','Eveniet ut occaecati velit.','Eligendi ad vel porro quisquam eveniet.',NULL,NULL,0,0,'Sit adipisci molestias sunt sequi consequatur non nulla deserunt.','Vitae culpa quo adipisci delectus est.','2014-12-23 02:51:57','2014-12-23 02:51:57'),(58,'Model','Zieme and Sons','Sleek Concrete Shirt','331','Voluptatum in esse in eum.','Libero officia qui molestiae porro ipsum reprehenderit maxime.',NULL,NULL,2,0,'Quisquam odit id in totam debitis.','Aut inventore rerum voluptate consequuntur.','2014-12-23 02:51:57','2014-12-23 02:51:57'),(59,'Model','Bernier-Spencer','Awesome Concrete Gloves','332','Eos et facilis minus at voluptas occaecati odit.','Qui labore quas consequatur.',NULL,NULL,3,0,'Non minima occaecati unde aut voluptatem consequatur quaerat magni.','A et autem temporibus dolore ab.','2014-12-23 02:51:57','2014-12-23 02:51:57'),(60,'Model','Blick-Brakus','Gorgeous Steel Shirt','333','Impedit eum nihil dolorem nulla reprehenderit necessitatibus.','Aut et illo asperiores quaerat sequi ratione provident.',NULL,NULL,3,0,'Et praesentium itaque et.','Ut consequatur eum possimus reprehenderit quia qui veniam.','2014-12-23 02:51:57','2014-12-23 02:51:57'),(61,'Model','Apple','MacBookPro','334','Laptop fr Studis und Angestellte.','In sit iure culpa dolorum quisquam hic.',NULL,NULL,0,0,'Deserunt sequi minima et modi saepe.','Mit Verpackung aushndigen.','2014-12-23 02:51:57','2014-12-23 02:51:57'),(62,'Model','Sharp','Sharp Beamer','123','Beamer, geeignet fr alle Verwendungszwecke.','Quos voluptatem molestias quasi itaque saepe ad odit.',NULL,NULL,0,0,'Dolor porro consectetur asperiores reprehenderit.','Beamer brauch ein VGA Kabel!','2014-12-23 02:51:57','2014-12-23 02:51:57'),(63,'Model','Sharp','Sharp Beamer 2D','335','Beamer, geeignet fr alle Verwendungszwecke.','Dolor dolore rerum rerum odit repellendus quam.',NULL,NULL,0,0,'Tempora eum id quis.','Debitis neque eveniet nam tenetur consequatur et sunt.','2014-12-23 02:51:57','2014-12-23 02:51:57'),(64,'Model','Panasonic','Mini Beamer','336','Beamer, geeignet fr alle Verwendungszwecke.','Dolores qui aliquid nisi rerum.',NULL,NULL,0,0,'Eum veniam eaque est est repudiandae ipsam.','Sed aliquid laboriosam expedita dolor qui autem saepe ea.','2014-12-23 02:51:57','2014-12-23 02:51:57'),(65,'Model','Sharp','Sharp Beamer','456','Beamer, geeignet fr alle Verwendungszwecke.','Omnis est error sed facilis culpa.',NULL,NULL,0,0,'Mollitia consequatur quas aut totam ut facilis incidunt assumenda.','Beamer brauch ein VGA Kabel!','2014-12-23 02:51:57','2014-12-23 02:51:57'),(66,'Model','Sony','Ultra Compact Beamer','337','Besonders kleiner Beamer.','Cumque est exercitationem architecto.',NULL,NULL,0,0,'Libero qui delectus vel rerum.','Beamer brauch ein VGA Kabel!','2014-12-23 02:51:57','2014-12-23 02:51:57'),(67,'Model','Micro','Micro Beamer','338','Besonders mikro kleiner Beamer.','Sapiente voluptatem in iure.',NULL,NULL,0,0,'Esse temporibus ratione eum cumque sed labore.','Beamer brauch ein VGA Kabel!','2014-12-23 02:51:57','2014-12-23 02:51:57'),(68,'Model','Sony','Beamer 1 voluptatem','339','In nihil dolor necessitatibus.','Non aperiam totam et velit quia.',NULL,NULL,0,0,'Asperiores corrupti voluptates et fugiat error qui sequi.','Beamer brauch ein VGA Kabel!','2014-12-23 02:51:57','2014-12-23 02:51:57'),(69,'Model','Sony','Beamer 2 iure','340','Sed et in deleniti eum est temporibus.','Distinctio explicabo praesentium sunt quos sit numquam eum.',NULL,NULL,0,0,'Mollitia aut ipsa eaque sequi sunt necessitatibus.','Beamer brauch ein VGA Kabel!','2014-12-23 02:51:57','2014-12-23 02:51:57'),(70,'Model','Sony','Beamer 3 assumenda','341','Quo aut aperiam non nobis laudantium.','Incidunt vero doloremque qui iusto est numquam magnam velit.',NULL,NULL,0,0,'Consequatur cumque quis voluptatem.','Beamer brauch ein VGA Kabel!','2014-12-23 02:51:57','2014-12-23 02:51:57'),(71,'Model','Sony','Beamer 4 ut','342','Dolores et rerum dolorem officia aspernatur amet qui et.','Quos autem ipsum tempora.',NULL,NULL,0,0,'Asperiores eveniet voluptatum tempore ullam quibusdam sint praesentium.','Beamer brauch ein VGA Kabel!','2014-12-23 02:51:57','2014-12-23 02:51:57'),(72,'Model','Sony','Beamer 5 blanditiis','343','Temporibus dolor sint veritatis.','Porro quisquam repellat nemo voluptates.',NULL,NULL,0,0,'Suscipit vel mollitia saepe sit laborum.','Beamer brauch ein VGA Kabel!','2014-12-23 02:51:57','2014-12-23 02:51:57'),(73,'Model','Sony','Beamer 6 natus','344','Autem nemo ipsa sit illum ratione ullam similique sed.','Consectetur quos reiciendis nam eum eos.',NULL,NULL,0,0,'Cumque veniam at quaerat modi quia sit autem voluptatibus.','Beamer brauch ein VGA Kabel!','2014-12-23 02:51:57','2014-12-23 02:51:57'),(74,'Model','Sony','Beamer 7 nam','345','Optio dolorum nihil ut quisquam magnam doloribus laboriosam qui.','Incidunt nam possimus dicta ad quia quis sed laudantium.',NULL,NULL,0,0,'Consequatur rerum voluptatem ducimus maxime.','Beamer brauch ein VGA Kabel!','2014-12-23 02:51:57','2014-12-23 02:51:57'),(75,'Model','Sony','Beamer 8 placeat','346','Repudiandae debitis sit dolorem qui.','Placeat voluptas ut et provident sunt consequatur.',NULL,NULL,0,0,'Consequatur ad iusto vero accusantium similique.','Beamer brauch ein VGA Kabel!','2014-12-23 02:51:57','2014-12-23 02:51:57'),(76,'Model','Sony','Beamer 9 placeat','347','Maxime consequuntur enim sed quis.','Eveniet consequatur magnam nulla assumenda.',NULL,NULL,0,0,'Dolor exercitationem praesentium quo aliquam est.','Beamer brauch ein VGA Kabel!','2014-12-23 02:51:57','2014-12-23 02:51:57'),(77,'Model','Sony','Beamer 10 minima','348','Adipisci aperiam voluptatum eum odio aut.','Qui enim impedit praesentium est totam a.',NULL,NULL,0,0,'Laboriosam velit aliquam ab repellat non.','Beamer brauch ein VGA Kabel!','2014-12-23 02:51:57','2014-12-23 02:51:57'),(78,'Model','Sony','Beamer 11 nihil','349','Esse quaerat et voluptatem neque tenetur nesciunt.','Impedit optio quod ut doloribus in error earum.',NULL,NULL,0,0,'Eos est dolores quasi exercitationem.','Beamer brauch ein VGA Kabel!','2014-12-23 02:51:57','2014-12-23 02:51:57'),(79,'Model','Sony','Beamer 12 assumenda','350','Deserunt non fuga unde tempore ipsum.','Laboriosam porro voluptate nobis et.',NULL,NULL,0,0,'Possimus sit accusantium quo incidunt id vel laboriosam dolorum.','Beamer brauch ein VGA Kabel!','2014-12-23 02:51:57','2014-12-23 02:51:57'),(80,'Model','Sony','Beamer 13 aut','351','Ut minus maxime qui dignissimos praesentium.','Quaerat est qui nobis rerum necessitatibus esse accusamus.',NULL,NULL,0,0,'Et qui vitae dolore.','Beamer brauch ein VGA Kabel!','2014-12-23 02:51:57','2014-12-23 02:51:57'),(81,'Model','Sony','Beamer 14 qui','352','Aspernatur numquam aliquam a qui et doloribus magni sit.','Voluptas necessitatibus magnam nostrum et.',NULL,NULL,0,0,'Quis et beatae blanditiis ut laudantium tenetur.','Beamer brauch ein VGA Kabel!','2014-12-23 02:51:57','2014-12-23 02:51:57'),(82,'Model','Sony','Beamer 15 dolor','353','Tempora nihil maiores ut.','Sed facilis et aperiam aut.',NULL,NULL,0,0,'Consequatur et dicta delectus ad ut ipsam.','Beamer brauch ein VGA Kabel!','2014-12-23 02:51:57','2014-12-23 02:51:57'),(83,'Model','Sony','Beamer 16 omnis','354','Velit nam dolore ab nihil quasi molestias accusamus et.','Illum distinctio laborum temporibus.',NULL,NULL,0,0,'Et optio sed reiciendis eum nemo fugit eveniet.','Beamer brauch ein VGA Kabel!','2014-12-23 02:51:57','2014-12-23 02:51:57'),(84,'Model','Sony','Beamer 17 aut','355','Ducimus ea non molestiae suscipit eum assumenda et perspiciatis.','Ut incidunt eum quae at commodi iusto libero.',NULL,NULL,0,0,'Voluptate minima et modi voluptatem.','Beamer brauch ein VGA Kabel!','2014-12-23 02:51:57','2014-12-23 02:51:57'),(85,'Model','Sony','Beamer 18 corrupti','356','Rerum sint hic quae eveniet illo dicta alias voluptas.','Quidem incidunt earum omnis.',NULL,NULL,0,0,'Ab et molestiae dolore.','Beamer brauch ein VGA Kabel!','2014-12-23 02:51:57','2014-12-23 02:51:57'),(86,'Model','Sony','Beamer 19 at','357','Dolores eveniet aliquam quam suscipit.','Voluptates quisquam facere consequatur in.',NULL,NULL,0,0,'Voluptatibus nihil maxime doloremque ratione.','Beamer brauch ein VGA Kabel!','2014-12-23 02:51:57','2014-12-23 02:51:57'),(87,'Model','Sony','Beamer 20 hic','358','Debitis hic explicabo doloribus cum consequuntur.','Enim vel est sapiente similique eum est.',NULL,NULL,0,0,'Iure culpa aut voluptas quia qui nulla qui.','Beamer brauch ein VGA Kabel!','2014-12-23 02:51:57','2014-12-23 02:51:57'),(88,'Model','Nikon','Kamera Nikon','X12','Super Kamera.','Amet repellat sequi tempora accusantium quia.',NULL,NULL,0,0,'Voluptatum dignissimos dicta sit non veritatis.','Kamera brauch Akkus!','2014-12-23 02:51:57','2014-12-23 02:51:57'),(89,'Model','Nikon','Camera 1 blanditiis','359','Est numquam minus nostrum itaque dignissimos eum.','Eos est exercitationem alias aut fugiat odio aut maxime.',NULL,NULL,0,0,'Iusto ut sit sed nihil ea.','Et nostrum ut iste enim vero molestias.','2014-12-23 02:51:57','2014-12-23 02:51:57'),(90,'Model','Nikon','Camera 2 inventore','360','Quae voluptatem eum nam sapiente aut et eos.','Sequi ea exercitationem omnis nisi quo odio numquam et.',NULL,NULL,0,0,'Dicta dolorum sed ratione maxime tempora necessitatibus.','Magni quo autem nihil quidem.','2014-12-23 02:51:57','2014-12-23 02:51:57'),(91,'Model','Nikon','Camera 3 et','361','Sed qui quo nobis velit ex et voluptatibus optio.','Qui inventore sed voluptate maxime mollitia nihil quia ex.',NULL,NULL,0,0,'Aut quam eius quo aspernatur deleniti.','Quidem rerum laboriosam distinctio.','2014-12-23 02:51:57','2014-12-23 02:51:57'),(92,'Model','Nikon','Camera 4 perspiciatis','362','Qui voluptatem voluptatem hic non sit nihil fugiat reprehenderit.','Explicabo velit fuga id natus error in neque.',NULL,NULL,0,0,'Debitis eum facere alias delectus.','Qui id ducimus quidem occaecati voluptas dolores earum quia.','2014-12-23 02:51:57','2014-12-23 02:51:57'),(93,'Model','Nikon','Camera 5 illo','363','Veritatis accusamus laudantium quo non.','Non minima repudiandae quas optio.',NULL,NULL,0,0,'Officiis molestiae natus id iste aut et.','Asperiores omnis est dicta quo et repellendus.','2014-12-23 02:51:57','2014-12-23 02:51:57'),(94,'Model','Nikon','Camera 6 et','364','Neque blanditiis enim dolorum at dolore.','Natus cumque nostrum provident nihil dolore excepturi quae non.',NULL,NULL,0,0,'Ut modi beatae rem doloremque.','Vero et ut atque dolore.','2014-12-23 02:51:57','2014-12-23 02:51:57'),(95,'Model','Nikon','Camera 7 nesciunt','365','Quis enim reprehenderit amet iste praesentium.','Qui saepe perferendis qui dolore facilis praesentium.',NULL,NULL,0,0,'Et officia aut molestiae veniam facilis.','Id ut consequatur et est.','2014-12-23 02:51:57','2014-12-23 02:51:57'),(96,'Model','Nikon','Camera 8 possimus','366','Qui eveniet eum minima libero.','Dignissimos occaecati quidem harum est aspernatur eos quia voluptas.',NULL,NULL,0,0,'Autem necessitatibus qui voluptatem veritatis ut ea accusamus possimus.','Itaque dolor ex non dignissimos impedit reprehenderit aut.','2014-12-23 02:51:57','2014-12-23 02:51:57'),(97,'Model','Nikon','Camera 9 est','367','Alias totam adipisci aut eaque quis labore quas.','Ipsa voluptatem reprehenderit quis eligendi.',NULL,NULL,0,0,'Iure dolorum quam minus culpa quia.','Vitae cumque dolor corporis minima accusamus beatae fugiat incidunt.','2014-12-23 02:51:57','2014-12-23 02:51:57'),(98,'Model','Nikon','Camera 10 ut','368','Sint sed officiis maiores quo adipisci facere.','Est maxime deleniti quia eos quo ut a quia.',NULL,NULL,0,0,'Maiores odit quod possimus.','Ut vero voluptatem aut libero.','2014-12-23 02:51:57','2014-12-23 02:51:57'),(99,'Model','Nikon','Camera 11 amet','369','Aspernatur sint esse molestias.','Eligendi fugit aut dolorum voluptas repudiandae assumenda.',NULL,NULL,0,0,'Quia incidunt aperiam cupiditate eligendi itaque et.','Dolorem facilis vel rem minima.','2014-12-23 02:51:57','2014-12-23 02:51:57'),(100,'Model','Nikon','Camera 12 voluptatem','370','Pariatur ipsam dolores aut aperiam officiis earum quae.','Animi blanditiis et et consequatur amet et quia dolore.',NULL,NULL,0,0,'Ipsa molestias aliquam rerum animi.','Sunt voluptates officia fuga eos.','2014-12-23 02:51:57','2014-12-23 02:51:57'),(101,'Model','Nikon','Camera 13 suscipit','371','Est maiores repudiandae cum aliquam qui non veniam suscipit.','Sed qui nemo aut perferendis.',NULL,NULL,0,0,'Sit dolores delectus beatae.','Sapiente pariatur omnis soluta.','2014-12-23 02:51:57','2014-12-23 02:51:57'),(102,'Model','Nikon','Camera 14 eligendi','372','Ad natus amet voluptatem nesciunt sed ut.','Ab excepturi magnam deleniti molestiae eius in ut quia.',NULL,NULL,0,0,'Placeat sit ad quo.','Aut qui at odio eaque.','2014-12-23 02:51:57','2014-12-23 02:51:57'),(103,'Model','Nikon','Camera 15 voluptatem','373','Et quo quisquam maiores dolorem itaque eos et aut.','Quis voluptas nobis repellat est voluptatem quod.',NULL,NULL,0,0,'Facilis voluptas neque quibusdam quasi aut quas dolorum nisi.','Exercitationem consequatur at aut aut.','2014-12-23 02:51:57','2014-12-23 02:51:57'),(104,'Model','Nikon','Camera 16 sit','374','Numquam perspiciatis beatae et reiciendis natus aut.','Delectus rerum cumque odit.',NULL,NULL,0,0,'Minus ut aut aliquam.','Ut harum aut qui doloribus.','2014-12-23 02:51:57','2014-12-23 02:51:57'),(105,'Model','Nikon','Camera 17 tenetur','375','Rerum reprehenderit saepe sed doloribus esse.','Tempora libero alias excepturi at adipisci similique ab.',NULL,NULL,0,0,'Hic quibusdam autem ad tempora.','Eos voluptas saepe dicta et molestias omnis rem et.','2014-12-23 02:51:57','2014-12-23 02:51:57'),(106,'Model','Nikon','Camera 18 eveniet','376','Ipsum qui rem qui et laudantium.','Mollitia aperiam laboriosam non quibusdam enim ea sed id.',NULL,NULL,0,0,'Ex ut eligendi perferendis.','Et consequatur labore et error.','2014-12-23 02:51:57','2014-12-23 02:51:57'),(107,'Model','Nikon','Camera 19 perferendis','377','Saepe sint velit voluptatem.','Quaerat quasi animi asperiores reprehenderit repellat sit ipsum quis.',NULL,NULL,0,0,'Eos eveniet quo quia amet enim ipsam harum odit.','Quia commodi magnam dolor reprehenderit quod sed nihil.','2014-12-23 02:51:57','2014-12-23 02:51:57'),(108,'Model','Nikon','Camera 20 et','378','Fuga sed dolor rerum quibusdam provident.','Nisi aut deleniti dolores magni eos reiciendis ullam eum.',NULL,NULL,0,0,'Laudantium est sit suscipit illum laboriosam.','Aut sequi nam similique.','2014-12-23 02:51:57','2014-12-23 02:51:57'),(109,'Model','Nikon','Camera 21 et','379','Perspiciatis tempora quis suscipit provident corporis et corrupti.','Porro ad aut natus modi eius itaque.',NULL,NULL,0,0,'Tempora omnis quisquam ut et.','Velit nam officia cumque odio aspernatur.','2014-12-23 02:51:57','2014-12-23 02:51:57'),(110,'Model','Nikon','Camera 22 velit','380','Aut ut soluta cum sapiente suscipit earum iste.','Dolores qui ut et a.',NULL,NULL,0,0,'Aut sed pariatur dolores in ut.','Vero incidunt nihil deserunt eveniet quia doloremque non.','2014-12-23 02:51:57','2014-12-23 02:51:57'),(111,'Model','Nikon','Camera 23 ipsa','381','Et nemo qui sint fuga unde omnis iusto.','Repellendus et provident occaecati ab dolore velit modi.',NULL,NULL,0,0,'Voluptas voluptatem sit enim sequi explicabo.','Corporis harum atque et vel sit.','2014-12-23 02:51:57','2014-12-23 02:51:57'),(112,'Model','Nikon','Camera 24 dolorum','382','Modi commodi omnis ullam aspernatur dolorem non.','Beatae quia a sed maiores sequi dolor fugiat inventore.',NULL,NULL,0,0,'Corrupti magnam et autem dicta nisi temporibus.','Amet veritatis sapiente aut.','2014-12-23 02:51:57','2014-12-23 02:51:57'),(113,'Model','Nikon','Camera 25 ut','383','Eveniet tenetur nihil fugiat minima voluptatem quas aut nesciunt.','Minus inventore quaerat numquam optio dolorum saepe.',NULL,NULL,0,0,'Est sequi aliquid suscipit exercitationem.','Perspiciatis velit voluptatum quia sint earum.','2014-12-23 02:51:57','2014-12-23 02:51:57'),(114,'Model','Nikon','Camera 26 dicta','384','Officia nulla necessitatibus sint non voluptatem doloribus.','Officiis dolorum quo qui expedita earum.',NULL,NULL,0,0,'Earum aut ullam inventore.','Sed eveniet repellendus quo numquam earum.','2014-12-23 02:51:57','2014-12-23 02:51:57'),(115,'Model','Nikon','Camera 27 consequatur','385','Tenetur quia sunt sint maxime porro.','Unde accusantium in et id.',NULL,NULL,0,0,'Expedita non excepturi culpa dolores laboriosam ducimus et tenetur.','Ut optio cupiditate esse quisquam unde.','2014-12-23 02:51:57','2014-12-23 02:51:57'),(116,'Model','Nikon','Camera 28 corporis','386','Vel atque pariatur exercitationem est possimus deleniti quasi maxime.','Quos inventore doloremque accusantium.',NULL,NULL,0,0,'Reprehenderit quae facilis esse non porro.','Accusantium inventore quis qui earum.','2014-12-23 02:51:57','2014-12-23 02:51:57'),(117,'Model','Nikon','Camera 29 mollitia','387','Non illum doloribus corporis sint est et.','Eaque id cupiditate officiis illum.',NULL,NULL,0,0,'Reiciendis tempora culpa nihil est temporibus fugiat et esse.','Aut non sit ut itaque.','2014-12-23 02:51:57','2014-12-23 02:51:57'),(118,'Model','Nikon','Camera 30 aut','388','Doloribus provident perferendis nisi quam laudantium.','Repellendus saepe porro dolore similique aut ratione atque.',NULL,NULL,0,0,'Rem consequatur dolores assumenda veritatis tenetur delectus.','Quis vitae quia quia dignissimos.','2014-12-23 02:51:57','2014-12-23 02:51:57'),(119,'Model','Sony','Hifi Standard','389','Iste corporis saepe beatae soluta.','Eius corporis nesciunt necessitatibus reiciendis eum quod temporibus quia.',NULL,NULL,0,0,'Sed asperiores magnam quia sed id nesciunt voluptatibus odit.','Exercitationem nam iusto eos explicabo aut itaque repellendus.','2014-12-23 02:51:57','2014-12-23 02:51:57'),(120,'Model','Feli','Kamera Stativ','123','Stabiles Kamera Stativ','Ea sapiente sed neque enim in.',NULL,NULL,0,0,'Id illum quasi et.','Stativ muss mit Stativtasche ausgehndigt werden.','2014-12-23 02:51:57','2014-12-23 02:51:57'),(121,'Model','Bose','BosePractical Cotton Hat','390','Quo id harum sit est sed officiis. Voluptas corrupti repellendus sit. Neque labore et laboriosam tempora sed quis veniam.','Culpa provident autem nobis consequatur earum.',NULL,NULL,0,0,'Ut autem veritatis voluptatem quis accusantium aperiam.','Aut reiciendis unde laudantium.','2014-12-23 02:51:57','2014-12-23 02:51:57'),(122,'Model','Bose','BoseErgonomic Rubber Pants','391','Perferendis suscipit ratione. Ipsam aspernatur aut aliquam occaecati at. Quia est quasi fugit non facilis ut nihil. Quibusdam quaerat quod et ut sit. Ipsa eos dolorem quia totam a.','Dolores itaque inventore optio eaque quam reprehenderit aut quos.',NULL,NULL,0,0,'Magnam aut ad qui unde rem est.','Aliquid laboriosam distinctio error rerum nulla enim eum rem.','2014-12-23 02:51:57','2014-12-23 02:51:57'),(123,'Model','Runolfsdottir Inc','Kamera Set','395','Recusandae et et assumenda architecto.','Tempora asperiores dolorem deserunt.',NULL,NULL,3,1,'Voluptatem nobis in quibusdam corporis.','Nostrum consequuntur provident ea dolorum eius officia.','2014-12-23 02:51:57','2014-12-23 02:51:57'),(124,'Model','Wilderman-Lindgren','Fantastic Rubber Hat','396','Sint qui quo debitis dicta.','Praesentium maiores saepe doloribus quam tenetur alias quod.',NULL,NULL,1,0,'Voluptatem dolorum aliquam sed dolorem.','Dolorem labore qui modi quod eum.','2014-12-23 02:51:57','2014-12-23 02:51:57'),(125,'Model','Carroll, Nikolaus and Smitham','Fantastic Plastic Chair','397','Voluptas sed natus sit.','Qui illum libero est.',NULL,NULL,3,0,'Hic quis earum voluptas natus et.','Nemo fugit aut explicabo expedita animi similique facilis.','2014-12-23 02:51:57','2014-12-23 02:51:57'),(126,'Model','Harvey Inc','Awesome Granite Shirt','398','Id laborum esse tenetur quia repellat sint praesentium sed.','Ipsum quibusdam iusto molestias corporis itaque.',NULL,NULL,0,0,'Sit consequuntur magnam dolores molestiae similique et modi.','Sed ea non quia sed vero.','2014-12-23 02:51:57','2014-12-23 02:51:57'),(127,'Model','Lemke-Green','Practical Rubber Chair','399','Autem quis voluptas similique aut voluptates ipsa nesciunt.','Qui minus eligendi non et cupiditate.',NULL,NULL,1,0,'Optio perspiciatis possimus velit ratione adipisci laboriosam cumque mollitia.','Sint laudantium eaque voluptas ipsam odio velit repellat.','2014-12-23 02:51:57','2014-12-23 02:51:57'),(128,'Model','Krajcik LLC','Ergonomic Wooden Gloves','400','Quas consequatur totam natus voluptas reiciendis.','Quia voluptatibus tenetur ut blanditiis.',NULL,NULL,1,0,'Eum omnis rerum eos autem vel.','Magni dicta ullam aut.','2014-12-23 02:51:57','2014-12-23 02:51:57'),(129,'Model','Bailey Group','Rustic Steel Gloves','401','Consequuntur quo doloremque ea similique ut consectetur fugiat.','Molestias sed cum iusto quas nihil possimus libero.',NULL,NULL,0,0,'Nihil sed asperiores eos vel et.','Ipsa totam dolor sapiente ea qui.','2014-12-23 02:51:57','2014-12-23 02:51:57'),(130,'Model','Franecki-Reinger','Ergonomic Concrete Car','402','Id et accusamus quam est.','Ratione aut odit autem qui ipsum ipsa beatae aut.',NULL,NULL,3,0,'Sed necessitatibus harum incidunt.','At suscipit officia quo aut.','2014-12-23 02:51:57','2014-12-23 02:51:57'),(131,'Model','Considine, Beahan and Gislason','Gorgeous Wooden Computer','403','Labore numquam eius rem.','Laudantium qui ut sed corrupti.',NULL,NULL,0,0,'Quia suscipit et autem debitis rerum totam.','Aut vero pariatur esse iusto animi autem.','2014-12-23 02:51:57','2014-12-23 02:51:57'),(132,'Model','Hane Group','Incredible Granite Shoes','404','Soluta earum et natus deleniti qui.','Nisi facere rem vel quod occaecati.',NULL,NULL,1,0,'Dolor quam officia corporis.','Dolorem sit corrupti laudantium asperiores voluptates.','2014-12-23 02:51:57','2014-12-23 02:51:57'),(133,'Model','Hilpert-Balistreri','Practical Rubber Shoes','405','Deserunt magnam qui ducimus tenetur est.','Rem minus sed recusandae asperiores deserunt quibusdam sit.',NULL,NULL,0,0,'Laudantium exercitationem iusto pariatur consectetur ipsam.','Ab possimus vel aut.','2014-12-23 02:51:57','2014-12-23 02:51:57'),(134,'Model','Veum-Considine','Incredible Plastic Shirt','406','Non laborum ut nihil.','Quisquam est voluptatibus sunt quis et pariatur.',NULL,NULL,1,0,'Est ipsa fugiat tenetur qui sunt.','A labore optio sint numquam nobis qui soluta sit.','2014-12-23 02:51:57','2014-12-23 02:51:57'),(135,'Model','Kuhic-Jones','Sleek Cotton Shirt','407','Et quasi aut molestias dignissimos excepturi consequuntur et.','Tempora quam maxime nam.',NULL,NULL,2,0,'Ab saepe dolore distinctio debitis fuga aperiam.','Doloribus laborum dolor molestiae.','2014-12-23 02:51:57','2014-12-23 02:51:57'),(136,'Model','Morar-Herman','Kamera Set2','408','Officia sit enim ea.','Quis omnis mollitia reprehenderit sunt quis earum.',NULL,NULL,2,1,'Architecto magnam saepe maxime esse dignissimos similique ea.','Aliquam consequatur et eum.','2014-12-23 02:51:57','2014-12-23 02:51:57'),(137,'Model','Effertz Group','Intelligent Steel Computer','409','Ad exercitationem maiores neque aut.','Est id accusantium qui beatae quaerat qui alias ipsa.',NULL,NULL,1,0,'Nobis fugit fuga eveniet assumenda et voluptatem.','Eum velit fugit sunt corrupti repellat.','2014-12-23 02:51:57','2014-12-23 02:51:57'),(138,'Model','Ritchie and Sons','Awesome Plastic Shirt','410','Illum non distinctio assumenda dolor ea iste est qui.','Necessitatibus commodi nemo porro dolor est ex.',NULL,NULL,1,0,'Ea nemo odit maxime.','Aut non earum natus sint corporis reiciendis incidunt voluptate.','2014-12-23 02:51:57','2014-12-23 02:51:57'),(139,'Model','Purdy-Friesen','Ergonomic Steel Computer','411','Aut necessitatibus sapiente nobis velit amet totam est eveniet.','Cumque accusantium molestiae deleniti quibusdam eius est et repudiandae.',NULL,NULL,3,0,'Molestias dolor quibusdam iusto ea dolore.','Natus asperiores maiores dolor.','2014-12-23 02:51:57','2014-12-23 02:51:57'),(140,'Model','Dicki Inc','Ergonomic Plastic Shoes','412','Vel modi adipisci blanditiis.','Beatae omnis non eligendi quos ipsum quis.',NULL,NULL,0,0,'Sed aliquid repellat esse reiciendis voluptatem.','Optio qui qui ut veritatis.','2014-12-23 02:51:57','2014-12-23 02:51:57'),(141,'Model','Schaden, Gulgowski and Bashirian','Small Steel Chair','413','Esse quis minus dolorem vero sit.','Eaque sit voluptatum ab rerum autem sapiente nemo dolorem.',NULL,NULL,2,0,'Qui earum dolorum libero.','Optio aliquam voluptates quos consequatur illo neque quas.','2014-12-23 02:51:57','2014-12-23 02:51:57'),(142,'Model','Marks-Conn','Incredible Cotton Pants','414','Maxime qui quo vel sunt sed qui voluptatum omnis.','Consequatur consequatur inventore non nemo sit.',NULL,NULL,0,0,'Voluptatum error ratione quia.','Illo dolor autem ducimus tenetur veritatis accusamus.','2014-12-23 02:51:57','2014-12-23 02:51:57'),(143,'Model','Dicki LLC','Gorgeous Steel Shoes','415','Qui optio fuga sint dolores quas.','Architecto voluptates perspiciatis saepe consequatur a molestiae non.',NULL,NULL,3,0,'Cumque quae tenetur ratione id.','Animi quia blanditiis corporis vel sed id.','2014-12-23 02:51:57','2014-12-23 02:51:57'),(144,'Model','Trantow, Vandervort and Legros','Fantastic Rubber Table','416','Et voluptates quaerat ut.','Nesciunt itaque incidunt repellat architecto.',NULL,NULL,0,0,'Deleniti repellat voluptatibus laborum dignissimos corrupti quae suscipit sit.','Repellendus quia harum repudiandae exercitationem.','2014-12-23 02:51:57','2014-12-23 02:51:57'),(145,'Model','Homenick-Funk','Fantastic Granite Computer','417','Et sint fugit tempora explicabo et quam ea qui.','Occaecati aut quo dicta illo cum qui sit in.',NULL,NULL,2,0,'Doloremque veritatis molestiae delectus quam voluptatem.','Ab quam sunt non laborum dolore sit.','2014-12-23 02:51:57','2014-12-23 02:51:57'),(146,'Model','Turner and Sons','Small Cotton Table','418','Cumque culpa nihil saepe voluptatum soluta explicabo.','Nihil omnis non quos facilis molestiae ex omnis nulla.',NULL,NULL,3,0,'Et praesentium odio qui commodi a.','Molestiae ut qui voluptatem aperiam.','2014-12-23 02:51:57','2014-12-23 02:51:57'),(147,'Model','Pfannerstill Inc','Small Wooden Shirt','419','Consequatur nobis quia dignissimos fuga.','Est autem aut ipsa.',NULL,NULL,3,0,'Perspiciatis quisquam ut aperiam harum.','Qui quam totam quo quia rem ut voluptatem.','2014-12-23 02:51:57','2014-12-23 02:51:57'),(148,'Model','Smitham-Kulas','Fantastic Plastic Computer','420','Culpa nam quibusdam asperiores fugiat.','Aut nobis a error fugit natus.',NULL,NULL,2,0,'Eveniet error distinctio fugit sapiente dolores.','Molestias voluptate omnis et qui incidunt.','2014-12-23 02:51:57','2014-12-23 02:51:57'),(149,'Model','Canon','Kamera Canon D5','421','Ganz teure Kamera','Ratione minus maxime laboriosam dolore.',NULL,NULL,0,0,'Quos cupiditate necessitatibus vitae ut reiciendis inventore soluta fugiat.','Kamera brauch Akkus!','2014-12-23 02:51:57','2014-12-23 02:51:57'),(150,'Model','Apple','iMac','422','Apples alter iMac','Cumque impedit culpa voluptas quae.',NULL,NULL,0,0,'Laboriosam sapiente qui deleniti temporibus quae.','Labore itaque quasi beatae qui ad enim.','2014-12-23 02:51:57','2014-12-23 02:51:57'),(151,'Model','Microsoft','Windows Laptop','423','Ein Laptop der Marke Microsoft','Adipisci et nesciunt ut.',NULL,NULL,0,0,'Et quia quam sint quia.','Laptop mit Tasche ausgeben','2014-12-23 02:51:57','2014-12-23 02:51:57'),(152,'Model','Walkera','Walkera v120','1G','3D Helikopter','Est rerum optio fugit iure quo.',NULL,NULL,0,0,'Nesciunt veritatis omnis modi cupiditate quod.','Dolor et nam odit sed.','2014-12-23 02:51:57','2014-12-23 02:51:57'),(153,'Model','Walkera','Walkera v120','2G','3D Helikopter','Fugiat neque necessitatibus laboriosam.',NULL,NULL,0,0,'Et repellat itaque et.','Placeat commodi aliquam qui modi.','2014-12-23 02:51:57','2014-12-23 02:51:57'),(154,'Model','Walkera','Walkera v120','3G','3D Helikopter','Consectetur nulla consequatur laudantium.',NULL,NULL,0,0,'Voluptate facilis inventore illo et sed eum aperiam ad.','Nam tenetur occaecati necessitatibus aut ut saepe.','2014-12-23 02:51:57','2014-12-23 02:51:57'),(155,'Software','Braun-Yundt','Incredible Rubber Gloves','424',NULL,NULL,NULL,NULL,0,0,NULL,NULL,'2014-12-23 02:51:57','2014-12-23 02:51:57'),(156,'Software','Kshlerin-Kutch','Ergonomic Concrete Chair','425',NULL,NULL,NULL,NULL,0,0,NULL,NULL,'2014-12-23 02:51:57','2014-12-23 02:51:57'),(157,'Software','Rosenbaum and Sons','Ergonomic Granite Pants','426',NULL,NULL,NULL,NULL,0,0,NULL,NULL,'2014-12-23 02:51:57','2014-12-23 02:51:57'),(158,'Software','Pollich LLC','Gorgeous Plastic Shoes','427',NULL,NULL,NULL,NULL,0,0,NULL,NULL,'2014-12-23 02:51:57','2014-12-23 02:51:57'),(159,'Software','Christiansen Inc','Sleek Plastic Table','428',NULL,NULL,NULL,NULL,0,0,NULL,NULL,'2014-12-23 02:51:57','2014-12-23 02:51:57'),(160,'Software','Koepp-Treutel','Small Granite Shirt','429',NULL,NULL,NULL,NULL,0,0,NULL,NULL,'2014-12-23 02:51:57','2014-12-23 02:51:57'),(161,'Software','Koepp-Grant','Awesome Steel Shoes','430',NULL,NULL,NULL,NULL,0,0,NULL,NULL,'2014-12-23 02:51:57','2014-12-23 02:51:57'),(162,'Software','Funk LLC','Small Granite Hat','431',NULL,NULL,NULL,NULL,0,0,NULL,NULL,'2014-12-23 02:51:57','2014-12-23 02:51:57'),(163,'Software','Kassulke-Spinka','Awesome Cotton Hat','432',NULL,NULL,NULL,NULL,0,0,'test http://test.ch\r\nwww.foo.ch\r\njust a text',NULL,'2014-12-23 02:51:57','2014-12-23 02:51:57'),(164,'Software','Koss, Flatley and Dickens','Fantastic Plastic Hat','433',NULL,NULL,NULL,NULL,0,0,'test http://test.ch\r\nwww.foo.ch\r\njust a text',NULL,'2014-12-23 02:51:57','2014-12-23 02:51:57'),(165,'Software','Hahn-McCullough','Fantastic Concrete Shirt','434',NULL,NULL,NULL,NULL,0,0,NULL,NULL,'2014-12-23 02:51:57','2014-12-23 02:51:57'),(166,'Model','Tromp LLC','Practical Wooden Computer',NULL,'Quia expedita consectetur et.','Iure et quia provident quia porro minus.',NULL,NULL,2,0,'Eligendi cum omnis sit voluptatibus ad dolores debitis.','Aut ad harum molestiae.','2014-12-23 02:51:57','2014-12-23 02:51:57'),(167,'Model','Mann, Raynor and Dickinson','Fantastic Steel Hat','435','Voluptatem fugiat quibusdam et qui.','Ex soluta perspiciatis illo voluptates.',NULL,NULL,1,0,'Consequuntur in cum blanditiis adipisci.','Natus iusto sapiente impedit quo in non.','2014-12-16 17:20:53','2014-12-16 17:20:53'),(168,'Model','Pfannerstill, Graham and Franecki','Incredible Concrete Chair','436','Ratione neque dicta earum non ab impedit reiciendis.','Amet ut aut fugiat eveniet enim exercitationem qui qui.',NULL,NULL,0,0,'Laboriosam maxime debitis nihil et accusamus.','Molestiae sed molestias sed cupiditate id unde.','2014-12-16 17:20:53','2014-12-16 17:20:53'),(169,'Model','Johns-Kuphal','Sleek Rubber Hat','437','Soluta sunt in laboriosam.','Unde doloribus quasi ad et.',NULL,NULL,1,0,'Architecto est et quae tempora molestiae.','Quo aut sapiente sequi quia.','2014-12-16 17:20:53','2014-12-16 17:20:53'),(170,'Model','Mraz Group','Rustic Plastic Shirt','438','Dolor quo error vitae.','Amet ad impedit porro labore perspiciatis ut.',NULL,NULL,3,0,'Libero natus aut consectetur est.','Repellat earum consequuntur nulla explicabo aut eos.','2014-12-16 17:20:53','2014-12-16 17:20:53'),(171,'Model','Lubowitz Group','Ergonomic Cotton Chair','439','Optio eveniet et atque neque mollitia asperiores laudantium.','Asperiores veniam molestias dolor explicabo eligendi architecto.',NULL,NULL,2,0,'Omnis aut officia non soluta.','Facere aut voluptas ipsa sit possimus architecto excepturi delectus.','2014-12-16 17:20:53','2014-12-16 17:20:53'),(172,'Model','Runte Inc','Fantastic Concrete Pants','440','Dolorum cum non facere.','Sit et ad at quia.',NULL,NULL,3,0,'Dolorem aliquam dolores commodi dolorum nemo.','Nesciunt quis occaecati recusandae repudiandae quis quibusdam a.','2014-12-16 17:20:53','2014-12-16 17:20:53'),(173,'Model','Yost, Predovic and Conn','Rustic Plastic Hat','441','Vitae blanditiis doloribus rerum voluptatum.','Et tempore nihil sunt est officia sint sit rerum.',NULL,NULL,0,0,'Quam similique sapiente nam voluptatum omnis ipsum maiores.','Quia ut autem quia harum in sequi voluptas.','2014-12-16 17:20:53','2014-12-16 17:20:53'),(174,'Model','Welch-Hayes','Rustic Steel Computer','442','At omnis quis corporis.','Eaque aut vel aliquam.',NULL,NULL,1,0,'Magni qui enim quia omnis voluptates maxime.','Consequatur eos nihil molestiae rerum.','2014-12-16 17:20:53','2014-12-16 17:20:53'),(175,'Model','Baumbach, Heller and Runte','Intelligent Steel Shirt','443','Laboriosam rem dicta voluptate omnis.','Dolorum earum reprehenderit qui dolorem quia accusamus.',NULL,NULL,1,0,'Ullam distinctio harum consequatur magni qui blanditiis vel.','Praesentium quia neque accusamus consequuntur eligendi nisi.','2014-12-16 17:20:53','2014-12-16 17:20:53'),(176,'Model','Metz-Shields','Small Wooden Shoes','444','Libero rerum rerum rem nihil.','Eos dolores dicta at aut ipsa ut.',NULL,NULL,3,0,'Explicabo et totam molestiae recusandae et.','Reprehenderit voluptatem officia dolorum animi totam voluptatem.','2014-12-16 17:20:53','2014-12-16 17:20:53'),(177,'Model','Hartmann, Daniel and Hoppe','Practical Steel Shirt','445','Eius molestias aspernatur unde qui accusamus vero.','Iure repudiandae illum voluptatum qui consequatur quia dolorem.',NULL,NULL,1,0,'Saepe aut in aliquam et sunt sint delectus.','Magni odit quos aliquam consequatur.','2014-12-16 17:20:53','2014-12-16 17:20:53'),(178,'Model','O\'Hara-Kohler','Small Cotton Gloves','446','Commodi impedit minus iste sed laborum explicabo id.','In id aut tenetur aut repellendus.',NULL,NULL,2,0,'Est sunt iure error impedit.','Eos porro impedit nesciunt nemo velit.','2014-12-16 17:20:53','2014-12-16 17:20:53'),(179,'Model','Thiel, Bergstrom and Langworth','Ergonomic Steel Hat','447','Qui quae perspiciatis eum eos.','Assumenda asperiores et eos voluptates voluptas dolores dolorum quod.',NULL,NULL,3,0,'Praesentium ea reiciendis quia nobis iste est et maxime.','Autem qui voluptatibus doloribus mollitia.','2014-12-16 17:20:53','2014-12-16 17:20:53'),(180,'Model','Wolff-Abshire','Practical Granite Table','448','Veritatis quibusdam minus fugiat accusamus id.','Quo voluptas fuga facilis ab optio.',NULL,NULL,1,0,'Dolorem vero enim repudiandae ut vel provident optio aut.','Voluptatem sunt id tenetur illum dignissimos molestias.','2014-12-16 17:20:53','2014-12-16 17:20:53'),(181,'Model','Wuckert LLC','Ergonomic Granite Gloves','449','Dicta maxime et sed error dolorem harum perferendis.','Quibusdam rem et et voluptatum et amet omnis.',NULL,NULL,1,0,'Consequatur ut ex aliquam nesciunt eos.','Veniam tempora sit sit.','2014-12-16 17:20:53','2014-12-16 17:20:53'),(182,'Model','Mann-Corkery','Intelligent Wooden Gloves','450','Ea reiciendis assumenda deserunt.','Est nam deleniti quod.',NULL,NULL,1,0,'Aut sequi sed possimus nemo ut exercitationem non.','Quae voluptatem exercitationem voluptatem molestias qui.','2014-12-16 17:20:53','2014-12-16 17:20:53'),(183,'Model','Steuber-Heidenreich','Gorgeous Concrete Computer','451','Incidunt et necessitatibus autem minus.','Maxime ullam harum soluta.',NULL,NULL,1,0,'Consequatur quis est exercitationem.','Veritatis magnam adipisci aliquam doloremque.','2014-12-16 17:20:53','2014-12-16 17:20:53'),(184,'Model','Zulauf-Yundt','Intelligent Rubber Car','452','Ut animi eum eum omnis commodi dignissimos.','Delectus cumque voluptatem et quia ad laudantium facilis corporis.',NULL,NULL,1,0,'Reprehenderit qui porro voluptatum sunt voluptates.','Error voluptas ex vero dicta ea inventore voluptatem.','2014-12-16 17:20:53','2014-12-16 17:20:53'),(185,'Model','Kutch, Friesen and Satterfield','Gorgeous Granite Computer','453','Eligendi voluptatum temporibus consectetur atque iusto placeat.','Esse dolores ea at eos rerum ab nulla.',NULL,NULL,0,0,'Ducimus excepturi sed hic.','Omnis alias non dolorem non nihil aut et aspernatur.','2014-12-16 17:20:53','2014-12-16 17:20:53'),(186,'Model','McKenzie-O\'Conner','Sleek Steel Car','454','Eos ut provident aut libero et commodi.','Sunt soluta animi praesentium.',NULL,NULL,2,0,'Earum dolores exercitationem deserunt sapiente qui.','Ea qui amet perferendis.','2014-12-16 17:20:53','2014-12-16 17:20:53'),(187,'Model','Beatty, Hilpert and Ryan','Sleek Granite Table','455','Tempore alias repellendus omnis debitis totam nemo unde.','Quis est ad molestiae.',NULL,NULL,2,0,'Labore unde nesciunt aut nisi mollitia dolore temporibus.','Dolorum fugiat itaque delectus assumenda doloribus aut corrupti placeat.','2014-12-16 17:20:53','2014-12-16 17:20:53'),(188,'Model','McDermott LLC','Incredible Rubber Shirt','456','Velit itaque at ipsa atque voluptatem impedit.','Earum omnis saepe et voluptate harum.',NULL,NULL,0,0,'Est quam rerum molestiae quibusdam sit dicta.','Et quia est sit.','2014-12-16 17:20:54','2014-12-16 17:20:54'),(189,'Model','Abshire, Murazik and Goldner','Rustic Steel Hat','457','Beatae maxime eum minima.','Inventore similique sit tempore distinctio.',NULL,NULL,3,0,'Voluptatem qui voluptatem ut ad maiores dignissimos.','Rem voluptate et in et.','2014-12-16 17:20:54','2014-12-16 17:20:54'),(190,'Model','Deckow-Haag','Intelligent Rubber Shoes','458','Qui accusamus esse eos rerum consequatur enim dicta.','Qui impedit aspernatur sit velit est nostrum corporis inventore.',NULL,NULL,2,0,'Incidunt molestiae dolor aut sunt non omnis.','Quia occaecati exercitationem illo libero eos ut.','2014-12-16 17:20:54','2014-12-16 17:20:54'),(191,'Model','Stehr, Little and Runte','Gorgeous Rubber Shoes','459','Voluptates sapiente ullam nulla occaecati illum.','Et ipsam voluptas pariatur corporis commodi ab nesciunt.',NULL,NULL,0,0,'Sed neque eos est architecto nulla rem ipsam velit.','Aut doloribus velit quia hic sint.','2014-12-16 17:20:54','2014-12-16 17:20:54'),(192,'Model','Conn and Sons','Practical Granite Chair','460','A laborum enim in expedita.','Consequatur quia aliquid et officia quas et.',NULL,NULL,2,0,'Consequatur fugiat debitis quaerat voluptate blanditiis magni.','Beatae necessitatibus nemo quasi ex.','2014-12-16 17:20:54','2014-12-16 17:20:54'),(193,'Model','Collins, Mann and Pfannerstill','Gorgeous Steel Table','461','Voluptatem aut nam esse aperiam voluptatem odio.','Quas aperiam corporis minima ex consequuntur est et.',NULL,NULL,1,0,'Facilis quasi qui libero esse asperiores.','Harum non itaque consequuntur dolor voluptas neque.','2014-12-19 07:48:51','2014-12-19 07:48:51'),(194,'Model','Hettinger LLC','Practical Concrete Shirt','462','Quia omnis et est.','Dolores et sed rerum esse provident in et.',NULL,NULL,3,0,'Aspernatur possimus corporis ut labore esse.','Occaecati et tempore molestiae sint maiores blanditiis dolorem.','2014-12-19 07:48:51','2014-12-19 07:48:51'),(195,'Model','Pollich, Mills and Huels','Rustic Plastic Car','463','Debitis id aut amet tempore.','Labore voluptatum sunt cum eos ratione dicta officia.',NULL,NULL,3,0,'Vel et molestiae quia.','Libero vel dolorum tempore velit fugiat omnis consequuntur.','2014-12-19 07:48:51','2014-12-19 07:48:51'),(196,'Model','Dach and Sons','Ergonomic Steel Car','464','Sunt et quia a veritatis vero quod rem.','Sint magni molestiae dolores nulla adipisci sequi.',NULL,NULL,1,0,'Occaecati ad quia pariatur magni dolores ea.','Hic assumenda vel quia nihil rerum repellat officiis.','2014-12-21 05:12:53','2014-12-21 05:12:53'),(197,'Model','Hyatt-Tromp','Ergonomic Granite Table','465','Officia et unde atque dolor nobis distinctio voluptas.','Quos dolore autem perferendis quidem.',NULL,NULL,2,0,'Ut illo et amet sit dolorem earum.','Ex odio et excepturi delectus corporis ut.','2014-12-21 05:12:53','2014-12-21 05:12:53'),(198,'Model','Pollich, Beer and Streich','Fantastic Plastic Shirt','466','Temporibus provident similique qui omnis.','Nam eveniet explicabo nisi sit fuga expedita molestiae.',NULL,NULL,0,0,'Quas alias quos id.','Hic earum officia autem fuga.','2014-12-21 05:12:53','2014-12-21 05:12:53'),(199,'Model','Ratke, Howe and Barton','Ergonomic Rubber Shoes','467','Autem fugiat velit doloribus nam aut natus fugit.','Iure iste officia quidem facilis quo.',NULL,NULL,3,0,'Vel sed molestiae quasi alias doloremque minus.','Rerum dignissimos aspernatur harum.','2014-12-21 05:12:53','2014-12-21 05:12:53'),(200,'Model','Greenholt and Sons','Small Rubber Chair','468','Id rerum optio qui ipsum ipsa.','Ut debitis ipsam saepe possimus dolores ab.',NULL,NULL,1,0,'Hic eum quia accusamus.','Iste sequi velit est animi voluptas nobis rerum hic.','2014-12-21 05:12:53','2014-12-21 05:12:53'),(201,'Model','Osinski LLC','Gorgeous Cotton Table','469','Facilis et veniam cupiditate modi et culpa perferendis.','Hic distinctio ipsum dignissimos modi fugiat neque dolorum.',NULL,NULL,2,0,'Harum sequi sit vel.','Ut et recusandae cumque praesentium.','2014-12-21 05:12:53','2014-12-21 05:12:53'),(202,'Model','Heller Group','Sleek Steel Gloves','470','Possimus sint non neque.','Pariatur est enim vero et perspiciatis illum natus omnis.',NULL,NULL,0,0,'Laboriosam nisi nobis est praesentium.','Laboriosam aut fugiat excepturi vel cumque qui.','2014-12-21 05:12:53','2014-12-21 05:12:53'),(203,'Model','Mayer Group','Rustic Plastic Gloves','471','Non corrupti reprehenderit consequatur tempora.','Exercitationem dolor officia error.',NULL,NULL,0,0,'Dolorum eius eligendi dolor.','Eos et cupiditate vitae odit debitis alias.','2014-12-21 05:12:53','2014-12-21 05:12:53'),(204,'Model','Heller LLC','Intelligent Granite Shirt','472','Est minima quis suscipit vel accusantium et.','Adipisci dolore eum voluptas sapiente sit.',NULL,NULL,3,0,'Voluptates praesentium fugiat dignissimos inventore vitae ut.','Dolore nobis voluptatem mollitia sed.','2014-12-21 05:12:53','2014-12-21 05:12:53'),(205,'Model','Ebert Inc','Small Rubber Shirt','473','Qui pariatur tempora enim.','Et natus qui rerum quibusdam.',NULL,NULL,0,0,'Dolores dicta deserunt ea et sequi ea autem.','Quo alias rerum tempore aspernatur ullam officiis non qui.','2014-12-23 02:51:57','2014-12-23 02:51:57'),(206,'Model','Harvey-Murphy','Incredible Steel Gloves','474','Vel reprehenderit ut laudantium.','Suscipit voluptatem et quaerat molestias.',NULL,NULL,1,0,'Tenetur repellendus consectetur iure omnis.','Tempora alias exercitationem corrupti cum rerum tempore.','2014-12-23 02:51:57','2014-12-23 02:51:57'),(207,'Model','Yost, Williamson and Bradtke','Gorgeous Cotton Pants','475','Eos est inventore odio ut dolorum beatae.','Voluptatem ut molestiae quia porro et ullam.',NULL,NULL,0,0,'Alias praesentium voluptatum officiis maxime fugit voluptatem totam.','Laudantium dolorum explicabo nisi ut ipsum qui provident.','2014-12-23 02:51:57','2014-12-23 02:51:57'),(208,'Model','Dach, Gottlieb and Mayert','Practical Granite Computer','476','Voluptatibus deleniti beatae sunt ut.','Recusandae illum voluptas accusantium.',NULL,NULL,0,0,'Consequuntur aut quam est est nisi.','Exercitationem voluptates et dolores voluptas amet.','2014-12-23 02:51:57','2014-12-23 02:51:57'),(209,'Model','Douglas, Raynor and Bruen','Ergonomic Plastic Computer','477','Sint et voluptas odit est facere veritatis assumenda.','Quibusdam et voluptatum rem saepe vero.',NULL,NULL,0,0,'Animi ducimus cupiditate modi rerum omnis.','Reiciendis repellat nihil quia distinctio enim excepturi dignissimos assumenda.','2014-12-23 02:51:57','2014-12-23 02:51:57'),(210,'Model','Wolf, Schmidt and Veum','Sleek Cotton Table','478','Doloribus qui eveniet ut dolore atque et.','Optio voluptatibus amet voluptatem harum odio tempore voluptas quasi.',NULL,NULL,2,0,'Veniam eaque aut doloribus.','Et molestias nulla earum dolor vitae alias rerum.','2014-12-23 02:51:57','2014-12-23 02:51:57'),(211,'Model','Kuhic Inc','Rustic Wooden Chair','479','Hic inventore magni atque fugiat non velit.','Ex molestias quis eveniet.',NULL,NULL,0,0,'Inventore eligendi nulla non dicta alias beatae.','Qui porro magni consequatur aut blanditiis explicabo dolorem officia.','2014-12-23 02:51:57','2014-12-23 02:51:57'),(212,'Model','Muller and Sons','Incredible Granite Computer','480','Minus saepe commodi molestiae praesentium dignissimos iure quia.','Ullam porro soluta officia omnis ex laboriosam et.',NULL,NULL,1,0,'In repellendus cumque architecto.','Omnis voluptatem ratione mollitia aut sit.','2014-12-23 02:51:57','2014-12-23 02:51:57'),(213,'Model','Gibson Inc','Practical Plastic Gloves','481','In iure voluptatum ex cupiditate pariatur.','Recusandae sit error nostrum.',NULL,NULL,2,0,'Placeat optio accusamus sunt.','Beatae culpa quae minus ut libero.','2014-12-23 02:51:57','2014-12-23 02:51:57'),(214,'Model','Hauck and Sons','Sleek Wooden Gloves','482','Magnam aut assumenda modi corrupti non hic rem velit.','Nihil voluptates aliquid laborum facere ipsa quos.',NULL,NULL,1,0,'Quaerat sapiente accusamus aut doloremque molestiae ipsam blanditiis.','Minus voluptas doloremque aut ipsum laborum perspiciatis repellat eveniet.','2014-12-23 02:51:57','2014-12-23 02:51:57'),(215,'Model','Quigley and Sons','Sleek Wooden Computer','483','Dolore repellat ut sequi rerum.','Laborum repudiandae fugit nobis nam.',NULL,NULL,0,0,'Corporis cumque magnam suscipit hic omnis asperiores.','Id voluptatum dolores est quo.','2014-12-23 02:51:57','2014-12-23 02:51:57'),(216,'Model','Medhurst-Koelpin','Intelligent Concrete Chair','484','Eos explicabo dolorem vel pariatur omnis natus.','Omnis est possimus nemo voluptatem aut sunt.',NULL,NULL,0,0,'Consectetur error adipisci qui ut.','Mollitia sunt est omnis veritatis vel non cupiditate.','2014-12-23 02:51:57','2014-12-23 02:51:57'),(217,'Model','Feest-Dicki','Awesome Plastic Car','485','Incidunt aut ut eos et et rem impedit quisquam.','Est perspiciatis natus necessitatibus est voluptatem eum.',NULL,NULL,0,0,'Cupiditate aperiam explicabo hic vero voluptate.','Cum exercitationem sequi ad accusamus quidem rerum.','2014-12-23 02:51:57','2014-12-23 02:51:57'),(218,'Model','Rosenbaum LLC','Small Granite Shoes','486','Mollitia blanditiis vel laudantium impedit architecto quos.','Doloremque explicabo quo voluptatibus tenetur molestiae assumenda dicta.',NULL,NULL,1,0,'Eaque iure mollitia quia fuga rerum nihil quia.','Nulla est aut delectus incidunt beatae asperiores ducimus.','2014-12-23 02:51:57','2014-12-23 02:51:57'),(219,'Model','Friesen, Tillman and Schinner','Gorgeous Cotton Hat','487','Architecto vel necessitatibus enim occaecati quaerat eveniet.','Et quam blanditiis sunt.',NULL,NULL,0,0,'Aliquid et architecto quia eius velit asperiores quibusdam.','Eos nam velit laborum quibusdam est.','2014-12-23 02:51:57','2014-12-23 02:51:57'),(220,'Model','Mann-Muller','Ergonomic Steel Table','488','Aut est dicta voluptas.','Et voluptatum est quibusdam consequatur dolorem.',NULL,NULL,0,0,'Ipsa quis assumenda voluptatum soluta quae.','Nihil nostrum ipsum non rem quis atque natus officia.','2014-12-23 02:51:57','2014-12-23 02:51:57'),(221,'Model','Morissette and Sons','Fantastic Granite Shoes','489','Ratione dignissimos accusantium ullam ut.','Officia qui officiis perspiciatis optio.',NULL,NULL,2,0,'Est id saepe illum.','Est aut repudiandae et asperiores est impedit qui eum.','2014-12-23 02:51:57','2014-12-23 02:51:57'),(222,'Model','Cummings-Pfannerstill','Practical Cotton Table','490','Fuga quod sint consequatur.','Nisi consequatur non voluptatem et ipsam aliquid dolorem adipisci.',NULL,NULL,2,0,'Dolorem voluptatem atque aut odio sit.','Adipisci labore perferendis qui odio sit ipsa ut voluptatem.','2014-12-23 02:51:57','2014-12-23 02:51:57'),(223,'Model','Mayer, Wisozk and Brakus','Gorgeous Granite Shoes','491','Deserunt nobis dolores atque alias.','Praesentium expedita ipsum voluptatem voluptatem a.',NULL,NULL,0,0,'Sed iste libero ut cupiditate sequi sint.','In maxime et aut ut sit soluta qui.','2014-12-23 02:51:57','2014-12-23 02:51:57'),(224,'Model','Daniel-Wilkinson','Awesome Concrete Shirt','492','Iure deleniti occaecati et sit.','Tempore ut et ab id necessitatibus exercitationem sunt et.',NULL,NULL,0,0,'Incidunt sapiente magnam quisquam et qui aliquam.','Porro asperiores doloribus est et ut rerum.','2014-12-23 02:51:57','2014-12-23 02:51:57'),(225,'Model','O\'Conner, Hane and Koss','Small Cotton Chair','494','Sunt harum tempore accusamus eos veniam veritatis ab.','Illo vero sed consectetur similique fugiat rerum.',NULL,NULL,0,0,'Est dolore quae temporibus neque doloribus.','Perspiciatis illum autem alias ipsum aut sapiente aspernatur sed.','2014-12-23 02:51:57','2014-12-23 02:51:57'),(226,'Software','Legros, Spencer and Sipes','Practical Cotton Shoes','496',NULL,NULL,NULL,NULL,0,0,NULL,NULL,'2014-12-23 02:51:57','2014-12-23 02:51:57'),(227,'Model','Spencer Inc','Ergonomic Granite Chair','497','Vitae neque quis vero eligendi autem voluptatem.','Sint officiis quasi et accusamus voluptas molestiae.',NULL,NULL,0,0,'Iure dolores sequi repellat molestiae esse nostrum.','Aut deserunt occaecati atque sunt molestias neque dolores.','2014-12-18 00:00:00','2014-12-18 00:00:00'),(228,'Model','Bernhard LLC','Sleek Granite Pants','498','Eius repellendus qui tempora eaque.','Aut aspernatur qui placeat et omnis ea laborum ducimus.',NULL,NULL,0,0,'Aut explicabo aut ea quia.','Ut enim error accusantium architecto.','2014-12-18 00:00:00','2014-12-18 00:00:00'),(229,'Model','Goldner Group','Sleek Concrete Car','499','Corporis eligendi aspernatur est.','Ea incidunt aliquid ullam vero.',NULL,NULL,1,0,'Aut ad eos eius iure.','Eius voluptatem ea occaecati necessitatibus blanditiis.','2014-12-18 00:00:00','2014-12-18 00:00:00'),(230,'Model','Schoen Group','Small Plastic Pants','500','Id non quo repudiandae rerum voluptates similique est.','Deserunt consequuntur commodi quia omnis.',NULL,NULL,3,0,'Amet dolorem qui qui.','Rerum dolorem blanditiis quidem.','2014-12-18 00:00:00','2014-12-18 00:00:00'),(231,'Model','Wolff-Reinger','Awesome Wooden Table','502','Et et omnis provident illo rerum officiis laborum quia.','Rerum recusandae voluptate iste dolores quia sunt.',NULL,NULL,1,0,'Laudantium harum nostrum unde sit veniam.','Porro voluptas aliquid libero itaque.','2014-12-23 02:51:57','2014-12-23 02:51:57'),(232,'Model','Ebert, Cassin and White','Gorgeous Granite Gloves','503','Pariatur omnis deserunt distinctio aut ratione voluptatem totam.','Deleniti quia est voluptatum.',NULL,NULL,1,0,'Inventore non consequatur nobis quia quidem.','Laborum qui quas asperiores in eos illo.','2014-12-23 02:51:57','2014-12-23 02:51:57'),(233,'Model','Schmitt, Maggio and Von','Practical Rubber Table','504','Ut mollitia quis architecto natus qui atque tempore.','Qui mollitia voluptatum officia voluptas molestias sit velit enim.',NULL,NULL,3,0,'Sit reiciendis quos distinctio quia occaecati.','Maiores similique facere est cupiditate nostrum totam illo.','2014-12-23 02:51:57','2014-12-23 02:51:57'),(234,'Model','Miller Inc','Rustic Granite Car','505','Deserunt qui hic at quia ea ex qui.','Laboriosam neque pariatur molestiae enim.',NULL,NULL,0,0,'Rerum quibusdam itaque sunt.','Nihil enim atque dolorum ratione et qui quaerat molestias.','2014-12-23 02:51:57','2014-12-23 02:51:57'),(235,'Model','Runolfsdottir, Romaguera and Ledner','Rustic Steel Chair','506','Facere est tempore dicta minima laboriosam quo consequuntur in.','Distinctio ut animi aspernatur aperiam explicabo voluptatibus quia officiis.',NULL,NULL,3,0,'Occaecati possimus eaque beatae non illo.','Accusantium nemo sint necessitatibus illum voluptas quam porro aut.','2014-12-23 02:51:57','2014-12-23 02:51:57'),(236,'Model','Tillman, Padberg and Ebert','Incredible Plastic Hat','507','Nihil dolor quos beatae nemo omnis facere.','Reprehenderit iste totam deleniti.',NULL,NULL,0,0,'Aut odit expedita quia deserunt facere eum fuga.','Dolorem neque rerum ex voluptas incidunt unde et.','2014-12-23 02:51:57','2014-12-23 02:51:57'),(237,'Model','Schuppe, Schmidt and Fisher','Awesome Wooden Shirt','508','Voluptas qui asperiores ut eaque perferendis architecto exercitationem.','Rerum ex quisquam beatae numquam maiores in sequi sed.',NULL,NULL,0,0,'Mollitia recusandae rerum repellat veritatis fugiat voluptas.','Soluta et est saepe earum dignissimos.','2014-12-23 02:51:57','2014-12-23 02:51:57'),(238,'Model','Monahan and Sons','Incredible Concrete Computer','509','Quasi at ipsam ea aperiam qui.','Molestiae id asperiores distinctio porro quia perspiciatis voluptatem minima.',NULL,NULL,1,0,'Omnis ducimus et vitae accusamus.','Cumque et dolores accusantium modi voluptatem neque sed.','2014-12-23 02:51:57','2014-12-23 02:51:57'),(239,'Model','Gleason-Mosciski','Awesome Plastic Gloves','510','Et vel atque consequatur maxime enim ipsa dolores.','Blanditiis possimus dolorem et aut qui.',NULL,NULL,3,0,'Maiores ut quam reprehenderit occaecati sed in.','Quia rerum est recusandae dolores repudiandae dignissimos necessitatibus.','2014-12-23 02:51:57','2014-12-23 02:51:57'),(240,'Model','Howe, Jacobi and Stanton','Incredible Cotton Gloves','511','Doloremque est aut cupiditate sit recusandae perferendis repudiandae voluptas.','Tempore reiciendis voluptas recusandae in.',NULL,NULL,1,0,'Id soluta aut ducimus ut et in.','Repudiandae maiores id odit omnis cupiditate eos.','2014-12-23 02:51:57','2014-12-23 02:51:57'),(241,'Model','Bartoletti, Spencer and Ward','Awesome Cotton Car','512','Voluptatibus a rerum similique sequi odit asperiores.','Architecto vel libero ut optio et enim.',NULL,NULL,0,0,'Aut voluptas qui distinctio necessitatibus autem.','Autem enim soluta fugit.','2014-12-23 02:51:57','2014-12-23 02:51:57'),(242,'Model','Considine Inc','Awesome Rubber Pants','513','Quis delectus consequuntur blanditiis ratione voluptate voluptas molestiae.','Est delectus porro ea maiores.',NULL,NULL,2,0,'Qui dignissimos autem dolor iste molestiae alias exercitationem eum.','Est vero maiores modi consequatur odio.','2014-12-23 02:51:57','2014-12-23 02:51:57'),(243,'Model','Kshlerin, Reynolds and Emard','Awesome Steel Hat','514','Beatae architecto repellat blanditiis et praesentium itaque.','Non porro laudantium perspiciatis est est quas earum dolor.',NULL,NULL,0,0,'Nesciunt rerum assumenda consequatur natus libero dolores dolorum.','Fugit similique deserunt quis incidunt.','2014-12-23 02:51:57','2014-12-23 02:51:57'),(244,'Model','Emard, Maggio and Kris','Rustic Rubber Chair','515','Et ea ut quae.','Deserunt in ex eveniet reiciendis saepe ea mollitia quia.',NULL,NULL,2,0,'Unde temporibus et perferendis provident sit accusamus quis in.','Nulla corrupti maxime deleniti eum dicta fugiat eius aut.','2014-12-18 00:00:00','2014-12-18 00:00:00'),(245,'Model','Donnelly-Witting','Sleek Rubber Chair','516','Ab autem aut quis temporibus exercitationem natus non.','Veritatis ut ut sint at.',NULL,NULL,3,0,'Dolor labore id incidunt ut vel.','Ullam autem ipsam eos quis ut id.','2014-12-18 00:00:00','2014-12-18 00:00:00'),(246,'Model','Ferry, Gibson and Heller','Awesome Plastic Chair','517','Tempora voluptatem impedit consectetur cum placeat autem voluptas.','Sit rerum est laborum facilis mollitia sint.',NULL,NULL,2,0,'Reiciendis quas qui rem.','Deserunt enim dolorem nam quis.','2014-12-18 00:00:00','2014-12-18 00:00:00'),(247,'Model','McKenzie-Kovacek','Intelligent Cotton Table','518','Quos totam impedit laborum commodi.','Et nihil consequatur dolorem eos sunt.',NULL,NULL,3,0,'Voluptate sunt veritatis tenetur.','Qui numquam provident recusandae est.','2014-12-18 00:00:00','2014-12-18 00:00:00'),(248,'Model','Muller-Dickinson','Awesome Concrete Table','519','Deleniti facere velit incidunt adipisci enim.','Soluta officiis quis aliquid.',NULL,NULL,3,0,'Ad eum accusamus perspiciatis et et voluptatem neque.','Libero eveniet illum voluptatem sint sit quia eos.','2014-12-23 02:51:57','2014-12-23 02:51:57'),(249,'Model','Koelpin Group','Incredible Rubber Hat','520','Repudiandae explicabo quis ut.','Aliquam tenetur esse ipsum odio.',NULL,NULL,0,0,'Nobis facilis deserunt et est laudantium tempore placeat.','Aliquid possimus cum pariatur.','2014-12-23 02:51:57','2014-12-23 02:51:57'),(250,'Model','Denesik Group','Rustic Cotton Gloves','521','Consectetur libero enim soluta voluptas omnis ea excepturi.','Repellendus sint voluptas reprehenderit incidunt voluptatem sed natus.',NULL,NULL,3,0,'Non saepe ut repudiandae qui adipisci soluta.','Laboriosam perferendis non tenetur et aperiam.','2014-12-23 02:51:57','2014-12-23 02:51:57'),(251,'Model','Witting-Champlin','Gorgeous Steel Car','522','Quo quaerat rerum quia occaecati quidem voluptates.','Sunt iure ut quaerat numquam ducimus molestias nihil.',NULL,NULL,3,0,'Cupiditate aperiam placeat iure fugiat voluptatibus tempore.','Omnis aliquid odio iure repellendus aspernatur.','2014-12-23 02:51:57','2014-12-23 02:51:57'),(252,'Model','Bode and Sons','Fantastic Concrete Chair','523','Error numquam tempore autem.','Sed repellendus mollitia aut quod officia et.',NULL,NULL,1,0,'Quos tempora iusto in velit fugiat odit.','Et accusamus consequatur voluptas velit reprehenderit ut.','2014-12-23 02:51:57','2014-12-23 02:51:57'),(253,'Model','Prohaska-Dibbert','Ergonomic Granite Shoes','524','Sequi aut aspernatur eveniet dolor.','Doloremque et aut voluptates.',NULL,NULL,3,0,'Qui animi ut dolorem ut deleniti excepturi eum dolores.','Architecto natus nulla modi voluptatem ut nobis sunt nemo.','2014-12-23 02:51:57','2014-12-23 02:51:57'),(254,'Model','Kreiger, Roberts and Swaniawski','Gorgeous Granite Table','525','Atque ut voluptatum non excepturi voluptas.','Cupiditate minus aut temporibus et.',NULL,NULL,0,0,'Id cum sapiente qui hic aut sed perspiciatis quas.','Maxime est eligendi saepe eos iusto quae voluptates.','2014-12-23 02:51:57','2014-12-23 02:51:57'),(255,'Model','Crooks, Heathcote and Dibbert','Rustic Wooden Computer','526','Similique nesciunt id nobis itaque.','Non praesentium reprehenderit aspernatur unde ut facere dolores.',NULL,NULL,0,0,'Occaecati et inventore eveniet a ut.','Est nobis nihil eos itaque odit sunt earum.','2014-12-23 02:51:57','2014-12-23 02:51:57'),(256,'Model','Moore, Lockman and Fisher','Sleek Cotton Chair','527','Error iste et et id dolorem.','Hic vero ut expedita et.',NULL,NULL,0,0,'Consequatur aperiam quisquam similique.','Temporibus numquam ut ex non reiciendis.','2014-12-23 02:51:57','2014-12-23 02:51:57'),(257,'Model','Schumm-Cummings','Rustic Granite Pants','528','Praesentium voluptatem neque quisquam culpa similique.','Veniam aut ut distinctio qui neque molestiae.',NULL,NULL,3,0,'Eum incidunt ut architecto deserunt quo quia.','Cum iusto deserunt blanditiis esse.','2014-12-23 02:51:57','2014-12-23 02:51:57'),(258,'Model','Leannon LLC','Sleek Rubber Gloves','529','Delectus sint rem quis eum quia incidunt aliquid.','Quis reiciendis aut autem veniam quia quasi.',NULL,NULL,3,0,'Omnis vel incidunt reiciendis ipsam non vero.','Magni qui molestiae sed.','2014-12-23 02:51:57','2014-12-23 02:51:57'),(259,'Model','Wilkinson and Sons','Small Wooden Pants','530','Labore molestiae distinctio sequi error sunt reiciendis commodi.','Et cum quia enim blanditiis incidunt reiciendis fuga.',NULL,NULL,3,0,'Consequuntur odio eum nihil quis.','Consequatur sit repudiandae est reiciendis.','2014-12-23 02:51:57','2014-12-23 02:51:57'),(260,'Model','Altenwerth and Sons','Small Plastic Table','531','Temporibus vero voluptas id harum voluptatem.','Aut qui accusamus sunt ducimus ipsa eaque.',NULL,NULL,1,0,'Suscipit velit dolorum id voluptatibus magni quos.','Pariatur dolore blanditiis maiores.','2014-12-23 02:51:57','2014-12-23 02:51:57'),(261,'Model','Willms-Runte','Practical Plastic Pants','532','Facere atque laboriosam doloribus qui.','Voluptatibus qui tempore illum iste fugit.',NULL,NULL,0,0,'Vel ratione voluptas quo commodi rem cumque cupiditate.','Porro odit sit perferendis ut aperiam qui id sit.','2014-12-23 02:51:57','2014-12-23 02:51:57'),(262,'Model','Casper-Bartoletti','Small Plastic Hat','533','Saepe distinctio autem dolores vitae.','Inventore dolorum velit provident omnis vero quas.',NULL,NULL,2,0,'Mollitia nisi accusantium quia voluptates omnis ratione.','Numquam impedit quia enim ratione architecto deleniti.','2014-12-23 02:51:57','2014-12-23 02:51:57'),(263,'Model','Carter-Lockman','Gorgeous Granite Pants','534','Amet laudantium et dolores.','Delectus suscipit sunt necessitatibus officia non.',NULL,NULL,0,0,'Quia et tempora ut hic soluta temporibus quo non.','Ex mollitia iure odio qui porro magni aspernatur.','2014-12-23 02:51:57','2014-12-23 02:51:57'),(264,'Model','McKenzie-Durgan','Practical Rubber Gloves','535','Voluptatem occaecati sit omnis.','Eos sapiente ipsum nemo deleniti in.',NULL,NULL,0,0,'Repellat magni voluptatibus blanditiis in illum nihil eum.','Eaque iusto voluptatem quisquam est iure.','2014-12-23 02:51:57','2014-12-23 02:51:57'),(265,'Model','Blanda, Farrell and Mayert','Fantastic Rubber Car','536','Expedita voluptatum sed sapiente magni aut.','Adipisci tenetur dolorem voluptate facilis aut.',NULL,NULL,0,0,'Nemo deserunt vitae rerum aut minus nobis.','Rerum et voluptas ex est.','2014-12-23 02:51:57','2014-12-23 02:51:57'),(266,'Model','Cummings, Harber and Green','Rustic Cotton Pants','537','Consequuntur quam dicta exercitationem quis.','Minus voluptas eos voluptates.',NULL,NULL,1,0,'Qui natus ut magnam corrupti atque minima laudantium.','Voluptas placeat necessitatibus omnis a eos quaerat doloribus.','2014-12-23 02:51:57','2014-12-23 02:51:57'),(267,'Model','Welch, Quigley and Jerde','Sleek Concrete Pants','538','Facere et cumque voluptatem sed cum.','Culpa maiores distinctio et consequatur qui quo et consectetur.',NULL,NULL,1,0,'Omnis nobis eum enim.','Tempore velit mollitia ut.','2014-12-23 02:51:57','2014-12-23 02:51:57'),(268,'Model','Schneider and Sons','Small Cotton Shirt','539','Optio qui cumque veritatis consequatur qui doloremque sed.','Iusto deserunt facilis minima est sunt.',NULL,NULL,2,0,'Saepe aut nulla sit repellendus autem molestiae.','Modi amet voluptates sed quas sit ut placeat.','2014-12-23 02:51:57','2014-12-23 02:51:57'),(269,'Model','Runolfsson-Gibson','Ergonomic Plastic Pants','540','Reiciendis pariatur qui quod occaecati.','Est velit dolores voluptatem distinctio.',NULL,NULL,3,0,'Deserunt sint veniam occaecati at.','Quaerat magnam eligendi tenetur.','2014-12-23 02:51:57','2014-12-23 02:51:57'),(270,'Model','Feeney, Hodkiewicz and Lang','Sleek Concrete Hat','541','Provident corporis neque ipsum sint placeat tempore.','Eaque perspiciatis sunt deleniti quod commodi.',NULL,NULL,3,0,'Aut officia hic aut consequatur nisi error nobis corrupti.','Quia ut iure exercitationem blanditiis qui.','2014-12-23 02:51:57','2014-12-23 02:51:57'),(271,'Model','Effertz-Boyer','Small Granite Chair','542','Reprehenderit earum eius necessitatibus voluptates dolores alias fugiat distinctio.','Rerum inventore soluta corporis minus eveniet architecto molestiae aliquam.',NULL,NULL,2,0,'Tempore ipsa fugiat doloremque aperiam aut rerum vero.','Sint fugit molestias amet qui culpa aut beatae.','2014-12-23 02:51:57','2014-12-23 02:51:57'),(272,'Model','Wehner-Maggio','Awesome Plastic Hat','543','Hic repellat ea voluptas rerum.','Facere veniam dolor cum.',NULL,NULL,1,0,'Exercitationem consectetur nobis hic neque.','Consectetur omnis sunt quisquam recusandae sed adipisci.','2014-12-23 02:51:57','2014-12-23 02:51:57'),(273,'Model','Smitham and Sons','Ergonomic Granite Shirt','544','Quisquam sapiente sit sed ipsum harum et quis repellat.','Molestias dolore quia ab voluptatum ratione explicabo pariatur laborum.',NULL,NULL,3,0,'Modi odio quis occaecati.','Pariatur error odit libero dolor quia.','2014-12-23 02:51:57','2014-12-23 02:51:57'),(274,'Model','Haley, Hauck and Moen','Gorgeous Wooden Shoes','545','Necessitatibus omnis vel quo delectus est provident odio.','Omnis perspiciatis necessitatibus officia.',NULL,NULL,2,0,'Dolor explicabo rerum minima dolore repudiandae.','Qui numquam ea itaque ut nihil.','2014-12-23 02:51:57','2014-12-23 02:51:57'),(275,'Model','Mosciski Inc','Incredible Wooden Gloves','546','Aspernatur dicta eum reprehenderit et veritatis et ex.','Unde beatae eos quia iste nulla praesentium quis.',NULL,NULL,2,0,'Alias et similique eum qui.','Voluptatem quas aut nemo veritatis ut esse ea inventore.','2014-12-23 02:51:57','2014-12-23 02:51:57'),(276,'Model','Bechtelar-Schaefer','Practical Steel Table','547','Maiores deserunt cupiditate et quam est.','Tempore aperiam ipsam ut omnis possimus velit.',NULL,NULL,0,0,'Inventore libero ab animi voluptatem et eius dolorum earum.','Corrupti nihil dolorem et eum distinctio.','2014-12-23 02:51:57','2014-12-23 02:51:57'),(277,'Model','Kuhn LLC','Awesome Cotton Table','548','Consequatur minus aliquid tempore et.','Tenetur laborum vero impedit adipisci.',NULL,NULL,3,0,'Dolorum et iure consequatur aut unde corrupti voluptatem.','Tempore totam qui consequatur doloremque dignissimos nihil fuga.','2014-12-23 02:51:57','2014-12-23 02:51:57'),(278,'Model','Hilpert Group','Incredible Rubber Chair','549','Quaerat voluptas et consequuntur.','Soluta et id voluptate.',NULL,NULL,3,0,'Doloribus occaecati exercitationem ad.','Quia id laboriosam voluptatum labore sed eaque.','2014-12-23 02:51:57','2014-12-23 02:51:57'),(279,'Model','VonRueden, Ullrich and Braun','Ergonomic Cotton Gloves','550','Dolor optio perferendis qui necessitatibus quia dignissimos deserunt et.','Excepturi quasi accusantium corporis iusto.',NULL,NULL,3,0,'Quo ut blanditiis voluptatem atque natus aliquam laborum fuga.','Voluptas ad minima dolores sint animi corrupti.','2014-12-23 02:51:57','2014-12-23 02:51:57'),(280,'Model','Cummings, Yundt and Abernathy','Intelligent Concrete Car','551','Iste quidem omnis cupiditate delectus sapiente voluptatum eveniet quia.','Minima at eos in rerum similique.',NULL,NULL,2,0,'Sint similique excepturi eos.','Animi impedit est dolorem qui.','2014-12-23 02:51:57','2014-12-23 02:51:57'),(281,'Model','McKenzie and Sons','Sleek Plastic Hat','552','Quibusdam quia assumenda voluptas sit.','Illo quisquam et similique quam molestiae.',NULL,NULL,3,0,'Nihil vel eos qui molestiae.','Omnis voluptas eius ducimus tempore.','2014-12-23 02:51:57','2014-12-23 02:51:57'),(282,'Model','Fadel and Sons','Ergonomic Granite Car','553','Officia excepturi omnis tempore.','Sequi ut dolores saepe quibusdam porro.',NULL,NULL,1,0,'Pariatur velit ratione quisquam magnam rerum est.','A quo dolor velit iusto.','2014-12-23 02:51:57','2014-12-23 02:51:57'),(283,'Model','Kshlerin Group','Sleek Concrete Shoes','554','Perspiciatis et sit deserunt enim distinctio modi.','Fugit aliquam magnam ipsam nemo qui labore voluptas deleniti.',NULL,NULL,1,0,'Enim corrupti quasi repellat assumenda reiciendis iusto libero sit.','Quas eos officiis beatae.','2014-12-23 02:51:57','2014-12-23 02:51:57'),(284,'Model','Bailey, Wisoky and Leuschke','Ergonomic Wooden Shoes','555','Qui error corrupti nulla quibusdam veritatis.','Et sunt ipsa voluptatum qui qui eos id ullam.',NULL,NULL,0,0,'Non et neque et odio laboriosam natus maiores voluptatem.','Animi dolor itaque aperiam occaecati.','2014-12-23 02:51:57','2014-12-23 02:51:57'),(285,'Model','Bauch-Mueller','Incredible Plastic Car','556','Praesentium aut quibusdam dolor.','Molestiae a illo in quas.',NULL,NULL,3,0,'Facere et omnis enim dolore voluptatem.','Consequatur iusto quia omnis animi nesciunt laboriosam.','2014-12-23 02:51:57','2014-12-23 02:51:57'),(286,'Model','Ullrich-Connelly','Fantastic Concrete Computer','557','Ut sunt perferendis cumque voluptates.','Totam quas sed saepe et eos molestiae veniam voluptate.',NULL,NULL,2,0,'Facilis molestiae est praesentium molestias id voluptatibus consequatur quidem.','Et quibusdam accusantium nesciunt aut rem.','2014-12-23 02:51:57','2014-12-23 02:51:57'),(287,'Model','Ruecker, Ondricka and Beahan','Incredible Wooden Computer','558','Illo atque qui labore aut provident veniam necessitatibus voluptatem.','Eos unde non consequuntur.',NULL,NULL,2,0,'Et cum iusto voluptatem.','Ab optio repellat voluptatem et quasi natus error.','2014-12-23 02:51:57','2014-12-23 02:51:57'),(288,'Model','Brown-Rolfson','Ergonomic Cotton Car','559','Et aspernatur inventore dolorum quidem deleniti delectus aut.','Dolorum ea neque dolor ut et consequuntur.',NULL,NULL,2,0,'Et reprehenderit rerum qui et repellendus ut esse itaque.','Et dolorum ullam sint velit explicabo.','2014-12-23 02:51:57','2014-12-23 02:51:57'),(289,'Model','Daugherty and Sons','Awesome Wooden Car','560','Est aliquid voluptatibus non nam aperiam autem quo.','Laudantium consequuntur et sed atque enim sed.',NULL,NULL,3,0,'Id eveniet excepturi voluptas quia ut non non.','Hic ut odio sed repellat dolor aliquam libero atque.','2014-12-23 02:51:57','2014-12-23 02:51:57'),(290,'Model','King-Bernier','Incredible Wooden Chair','561','Deleniti debitis atque ut voluptatem expedita illum sit ratione.','Dolorem aut nulla doloribus labore omnis numquam saepe.',NULL,NULL,2,0,'Vel officia rerum omnis deleniti aut vitae.','Cum vero occaecati odio magni provident doloribus sequi nobis.','2014-12-23 02:51:57','2014-12-23 02:51:57'),(291,'Model','Rath-Kautzer','Intelligent Cotton Shirt','562','At aperiam et tempora dolorem et inventore quas.','Quia ut sed inventore.',NULL,NULL,1,0,'Necessitatibus ipsam ipsa et molestias.','Voluptate tempore accusantium accusamus velit fugit itaque et.','2014-12-23 02:51:57','2014-12-23 02:51:57'),(292,'Model','Kunze Group','Fantastic Cotton Table','563','Accusantium qui nulla atque distinctio deserunt.','Sequi tempora ut quasi rerum est et est dolorem.',NULL,NULL,3,0,'Asperiores possimus et blanditiis quia.','Tenetur a veritatis in minus.','2014-12-23 02:51:57','2014-12-23 02:51:57'),(293,'Model','Herman-Abshire','Awesome Wooden Hat','564','Officia sed voluptas provident architecto voluptas qui.','Sint suscipit quisquam est nemo consequatur non cupiditate.',NULL,NULL,2,0,'Iste quia enim hic odit temporibus.','Optio et aut sed nihil.','2014-12-23 02:51:57','2014-12-23 02:51:57'),(294,'Model','Kozey, Casper and Ritchie','Awesome Steel Table','565','Quasi et iure aut sed voluptas maxime placeat.','Eos veritatis dolor et ad dicta ipsa asperiores deserunt.',NULL,NULL,2,0,'Aut omnis dolor magni dolorem est libero.','Aperiam mollitia odio quas.','2014-12-23 02:51:57','2014-12-23 02:51:57'),(295,'Model','Schaden, Bergnaum and Greenholt','Small Steel Pants','566','Repellendus reprehenderit ut quia ea incidunt est quia expedita.','Dolorem inventore nemo qui.',NULL,NULL,0,0,'Sit quaerat perspiciatis ipsam.','Quos recusandae nemo qui consequatur sequi odio eos doloremque.','2014-12-23 02:51:57','2014-12-23 02:51:57'),(296,'Model','Stracke-Harvey','Intelligent Wooden Table','567','Omnis vel fuga commodi non qui.','Iusto sit consequatur quia harum sunt vel deleniti totam.',NULL,NULL,0,0,'Earum distinctio voluptatem iure.','Animi optio voluptatibus nobis non in id.','2014-12-23 02:51:57','2014-12-23 02:51:57'),(297,'Model','Hane, Gusikowski and Harris','Sleek Rubber Shoes','568','Quidem sed repellat illum voluptatum inventore veritatis totam.','Blanditiis animi aut placeat autem repudiandae fugiat quas quam.',NULL,NULL,1,0,'Eos eius qui doloremque vel.','Delectus culpa sapiente aut non sequi ut quia sit.','2014-12-23 02:51:57','2014-12-23 02:51:57'),(298,'Model','Goldner-Sauer','Incredible Rubber Table','569','Porro eius omnis aut suscipit ut.','Ab laudantium aut nihil ea dignissimos.',NULL,NULL,0,0,'Omnis facere molestiae earum laboriosam commodi aspernatur ut ullam.','Quas tempore iure maxime fugiat.','2014-12-23 02:51:57','2014-12-23 02:51:57'),(299,'Model','Sawayn, Volkman and Lowe','Rustic Wooden Shoes','570','Saepe cum aut dolore sit expedita quo fugiat.','Quam sit molestiae rerum sint.',NULL,NULL,1,0,'Possimus sit officiis provident dignissimos architecto.','Ut deserunt incidunt optio nobis provident dolore harum.','2014-12-23 02:51:57','2014-12-23 02:51:57'),(300,'Model','Thiel, Witting and Grimes','Ergonomic Concrete Table','571','Necessitatibus et quae impedit provident dolor velit adipisci.','Qui aliquam ex esse vel placeat ad nesciunt.',NULL,NULL,3,0,'Qui blanditiis facilis fuga ut eius.','Et accusantium praesentium consequuntur quis libero.','2014-12-23 02:51:57','2014-12-23 02:51:57'),(301,'Model','Will-Flatley','Intelligent Granite Chair','572','Dignissimos rerum temporibus tempora.','Eos earum atque qui animi eum magnam in nesciunt.',NULL,NULL,1,0,'Nostrum consequatur aut provident aut tempora et dolorum.','Fugit explicabo sed minima est illum consequuntur quia.','2014-12-23 02:51:57','2014-12-23 02:51:57'),(302,'Model','Mraz LLC','Incredible Steel Shirt','573','Molestiae sit animi ipsam in voluptas amet est.','Omnis corrupti quisquam doloribus accusamus mollitia sit provident voluptates.',NULL,NULL,3,0,'Ea laboriosam dolores aut accusamus sunt illo.','Odio vel quisquam enim natus quas provident eos nam.','2014-12-23 02:51:57','2014-12-23 02:51:57'),(303,'Model','Glover-Schneider','Sleek Plastic Car','574','Omnis molestiae et unde est laudantium totam tempore.','Architecto earum in harum.',NULL,NULL,1,0,'Et voluptas pariatur culpa cupiditate illum vero.','Qui fuga ut et ad.','2014-12-23 02:51:57','2014-12-23 02:51:57'),(304,'Model','Raynor-Kshlerin','Fantastic Wooden Pants','575','Molestiae temporibus et ut voluptatum cum.','Sint autem quo consequatur voluptatem non voluptatem velit rerum.',NULL,NULL,2,0,'Cupiditate et placeat laborum consequatur rem.','Nemo atque necessitatibus error dolorem temporibus nihil consequuntur.','2014-12-23 02:51:57','2014-12-23 02:51:57'),(305,'Model','Batz-Medhurst','Incredible Steel Pants','576','Natus asperiores vero nemo eaque et.','Soluta dolorem magnam exercitationem sapiente.',NULL,NULL,0,0,'Mollitia tempora quia explicabo quidem officia nemo iure.','Commodi tempora perspiciatis ipsam unde.','2014-12-23 02:51:57','2014-12-23 02:51:57'),(306,'Model','Turcotte Group','Incredible Wooden Car','577','Nisi est corrupti qui et minima ut.','Et at reprehenderit cumque ex quae eveniet.',NULL,NULL,3,0,'Dolores voluptas voluptatum maxime.','Non non quia id dolorum.','2014-12-23 02:51:57','2014-12-23 02:51:57'),(307,'Model','Collier-Dietrich','Rustic Granite Chair','578','Ratione voluptates possimus incidunt repellat aperiam nulla necessitatibus.','Eum harum animi laudantium sit.',NULL,NULL,0,0,'Aliquid minus repellat architecto nam quia quos.','Quidem quisquam veniam doloremque dolore ipsum aliquid eligendi.','2014-12-23 02:51:57','2014-12-23 02:51:57'),(308,'Model','Heathcote, McLaughlin and Kling','Gorgeous Concrete Table','579','Eum officiis quaerat voluptatem commodi.','Assumenda fuga voluptates aspernatur.',NULL,NULL,0,0,'Voluptatem officiis iste laudantium in ratione.','Doloribus voluptatibus amet ea enim aut labore nihil.','2014-12-23 02:51:57','2014-12-23 02:51:57'),(309,'Model','Altenwerth Inc','Sleek Wooden Hat','580','Autem rerum quia illo provident quo sunt.','In voluptatem et rerum non ullam sint natus.',NULL,NULL,1,0,'Omnis numquam doloremque consequatur deserunt molestias dolorem consectetur.','Nobis beatae quae et eveniet.','2014-12-23 02:51:57','2014-12-23 02:51:57'),(310,'Model','Reichel Inc','Intelligent Wooden Chair','581','Adipisci omnis voluptatem exercitationem vero.','Harum hic aut autem esse.',NULL,NULL,2,0,'Eius in est id iusto aut.','Dolorem praesentium perferendis veniam voluptates rerum.','2014-12-23 02:51:57','2014-12-23 02:51:57'),(311,'Model','Raynor, Kertzmann and Trantow','Gorgeous Concrete Chair','582','Odit aut nihil repellat.','Quia et sed rerum id quia odio iusto.',NULL,NULL,2,0,'Repellendus accusantium omnis delectus voluptatem sit nobis ut eveniet.','Et repellat provident dolor maiores optio rem.','2014-12-23 02:51:57','2014-12-23 02:51:57'),(312,'Model','Satterfield-Vandervort','Gorgeous Granite Car','583','Natus vitae aut animi dolores.','Neque ducimus exercitationem molestiae dolorem quod sit possimus nemo.',NULL,NULL,2,0,'Voluptas exercitationem sit veritatis.','Et repellendus dolorum atque quos dolorem incidunt sunt.','2014-12-23 02:51:57','2014-12-23 02:51:57'),(313,'Model','Jakubowski-Heathcote','Ergonomic Concrete Hat','584','Laboriosam suscipit architecto ratione quo veniam officiis.','Quia provident aut labore modi.',NULL,NULL,3,0,'Et esse nostrum hic nam ut facilis consequatur consequatur.','Repudiandae voluptas reprehenderit et expedita blanditiis.','2014-12-23 02:51:57','2014-12-23 02:51:57'),(314,'Software','Hauck-Mosciski','Practical Wooden Shoes','585',NULL,NULL,NULL,NULL,0,0,NULL,NULL,'2014-12-23 02:51:57','2014-12-23 02:51:57'),(315,'Model','Zulauf LLC','Incredible Plastic Shoes','586','Et voluptatem ut fuga dolore commodi possimus expedita totam.','Expedita voluptatem id maxime asperiores.',NULL,NULL,1,0,'Deserunt pariatur expedita sed autem aut consequatur optio quidem.','Perspiciatis aliquid doloribus sit enim.','2014-12-23 02:51:57','2014-12-23 02:51:57'),(316,'Model','Friesen Inc','Fantastic Wooden Computer','587','Rerum alias in aliquid omnis.','Fugiat non atque minus quasi officia quaerat et velit.',NULL,NULL,3,0,'Temporibus eum assumenda atque consectetur perferendis.','Ratione voluptatem eum nam nobis eos blanditiis aut perspiciatis.','2014-12-23 02:51:57','2014-12-23 02:51:57'),(317,'Model','Homenick Group','Ergonomic Rubber Computer','588','Labore quia numquam quisquam optio.','Dolore at et necessitatibus ab.',NULL,NULL,0,0,'Aut aut sed aut ipsa ullam.','Aspernatur excepturi nemo aut et eum.','2014-12-23 02:51:57','2014-12-23 02:51:57'),(318,'Model','Jast Group','Awesome Concrete Hat','589','Eos numquam qui ex non voluptas unde.','Cumque asperiores enim autem et et.',NULL,NULL,2,0,'Explicabo nulla ab repellendus illum omnis rerum.','Voluptas et et pariatur earum quo.','2014-12-23 02:51:57','2014-12-23 02:51:57');
/*!40000 ALTER TABLE `models` ENABLE KEYS */;
UNLOCK TABLES;

--
-- Table structure for table `models_compatibles`
--

DROP TABLE IF EXISTS `models_compatibles`;
/*!40101 SET @saved_cs_client     = @@character_set_client */;
/*!40101 SET character_set_client = utf8 */;
CREATE TABLE `models_compatibles` (
  `model_id` int(11) DEFAULT NULL,
  `compatible_id` int(11) DEFAULT NULL,
  KEY `index_models_compatibles_on_compatible_id` (`compatible_id`),
  KEY `index_models_compatibles_on_model_id` (`model_id`)
) ENGINE=InnoDB DEFAULT CHARSET=utf8 COLLATE=utf8_unicode_ci;
/*!40101 SET character_set_client = @saved_cs_client */;

--
-- Dumping data for table `models_compatibles`
--

LOCK TABLES `models_compatibles` WRITE;
/*!40000 ALTER TABLE `models_compatibles` DISABLE KEYS */;
INSERT INTO `models_compatibles` VALUES (152,151),(153,151),(154,151);
/*!40000 ALTER TABLE `models_compatibles` ENABLE KEYS */;
UNLOCK TABLES;

--
-- Table structure for table `notifications`
--

DROP TABLE IF EXISTS `notifications`;
/*!40101 SET @saved_cs_client     = @@character_set_client */;
/*!40101 SET character_set_client = utf8 */;
CREATE TABLE `notifications` (
  `id` int(11) NOT NULL AUTO_INCREMENT,
  `user_id` int(11) DEFAULT NULL,
  `title` varchar(255) COLLATE utf8_unicode_ci DEFAULT '',
  `created_at` datetime NOT NULL,
  PRIMARY KEY (`id`),
  KEY `index_notifications_on_user_id` (`user_id`)
) ENGINE=InnoDB DEFAULT CHARSET=utf8 COLLATE=utf8_unicode_ci;
/*!40101 SET character_set_client = @saved_cs_client */;

--
-- Dumping data for table `notifications`
--

LOCK TABLES `notifications` WRITE;
/*!40000 ALTER TABLE `notifications` DISABLE KEYS */;
/*!40000 ALTER TABLE `notifications` ENABLE KEYS */;
UNLOCK TABLES;

--
-- Table structure for table `numerators`
--

DROP TABLE IF EXISTS `numerators`;
/*!40101 SET @saved_cs_client     = @@character_set_client */;
/*!40101 SET character_set_client = utf8 */;
CREATE TABLE `numerators` (
  `id` int(11) NOT NULL AUTO_INCREMENT,
  `item` int(11) DEFAULT NULL,
  PRIMARY KEY (`id`)
) ENGINE=InnoDB DEFAULT CHARSET=utf8 COLLATE=utf8_unicode_ci;
/*!40101 SET character_set_client = @saved_cs_client */;

--
-- Dumping data for table `numerators`
--

LOCK TABLES `numerators` WRITE;
/*!40000 ALTER TABLE `numerators` DISABLE KEYS */;
/*!40000 ALTER TABLE `numerators` ENABLE KEYS */;
UNLOCK TABLES;

--
-- Table structure for table `options`
--

DROP TABLE IF EXISTS `options`;
/*!40101 SET @saved_cs_client     = @@character_set_client */;
/*!40101 SET character_set_client = utf8 */;
CREATE TABLE `options` (
  `id` int(11) NOT NULL AUTO_INCREMENT,
  `inventory_pool_id` int(11) DEFAULT NULL,
  `inventory_code` varchar(255) COLLATE utf8_unicode_ci DEFAULT NULL,
  `manufacturer` varchar(255) COLLATE utf8_unicode_ci DEFAULT NULL,
  `product` varchar(255) COLLATE utf8_unicode_ci NOT NULL,
  `version` varchar(255) COLLATE utf8_unicode_ci DEFAULT NULL,
  `price` decimal(8,2) DEFAULT NULL,
  PRIMARY KEY (`id`),
  KEY `index_options_on_inventory_pool_id` (`inventory_pool_id`)
) ENGINE=InnoDB AUTO_INCREMENT=7 DEFAULT CHARSET=utf8 COLLATE=utf8_unicode_ci;
/*!40101 SET character_set_client = @saved_cs_client */;

--
-- Dumping data for table `options`
--

LOCK TABLES `options` WRITE;
/*!40000 ALTER TABLE `options` DISABLE KEYS */;
INSERT INTO `options` VALUES (1,1,'akku-aa',NULL,'Akku AA','392','1209.00'),(2,1,'akku-aaa',NULL,'Akku AAA','393','474.00'),(3,1,'usb',NULL,'USB Kabel','394','884.00'),(4,1,'bla8618',NULL,'Practical Cotton Shirt','493','260.00'),(5,1,'est2929',NULL,'Gorgeous Rubber Chair','495','268.00'),(6,2,'vol6273',NULL,'Awesome Wooden Hat','501','1221.00');
/*!40000 ALTER TABLE `options` ENABLE KEYS */;
UNLOCK TABLES;

--
-- Table structure for table `partitions`
--

DROP TABLE IF EXISTS `partitions`;
/*!40101 SET @saved_cs_client     = @@character_set_client */;
/*!40101 SET character_set_client = utf8 */;
CREATE TABLE `partitions` (
  `id` int(11) NOT NULL AUTO_INCREMENT,
  `model_id` int(11) DEFAULT NULL,
  `inventory_pool_id` int(11) DEFAULT NULL,
  `group_id` int(11) DEFAULT NULL,
  `quantity` int(11) DEFAULT NULL,
  PRIMARY KEY (`id`),
  UNIQUE KEY `index_partitions_on_model_id_and_inventory_pool_id_and_group_id` (`model_id`,`inventory_pool_id`,`group_id`)
) ENGINE=InnoDB AUTO_INCREMENT=12 DEFAULT CHARSET=utf8 COLLATE=utf8_unicode_ci;
/*!40101 SET character_set_client = @saved_cs_client */;

--
-- Dumping data for table `partitions`
--

LOCK TABLES `partitions` WRITE;
/*!40000 ALTER TABLE `partitions` DISABLE KEYS */;
INSERT INTO `partitions` VALUES (1,119,1,4,1),(2,153,1,5,1),(3,154,1,6,5),(4,152,1,1,1),(5,88,1,1,1),(6,88,1,2,1),(7,172,1,7,1),(8,181,1,7,1),(9,189,1,7,1),(10,201,1,8,1),(11,208,1,7,1);
/*!40000 ALTER TABLE `partitions` ENABLE KEYS */;
UNLOCK TABLES;

--
-- Temporary table structure for view `partitions_with_generals`
--

DROP TABLE IF EXISTS `partitions_with_generals`;
/*!50001 DROP VIEW IF EXISTS `partitions_with_generals`*/;
SET @saved_cs_client     = @@character_set_client;
SET character_set_client = utf8;
/*!50001 CREATE TABLE `partitions_with_generals` (
  `model_id` int(11),
  `inventory_pool_id` int(11),
  `group_id` int(11),
  `quantity` decimal(33,0)
) ENGINE=MyISAM */;
SET character_set_client = @saved_cs_client;

--
-- Table structure for table `properties`
--

DROP TABLE IF EXISTS `properties`;
/*!40101 SET @saved_cs_client     = @@character_set_client */;
/*!40101 SET character_set_client = utf8 */;
CREATE TABLE `properties` (
  `id` int(11) NOT NULL AUTO_INCREMENT,
  `model_id` int(11) DEFAULT NULL,
  `key` varchar(255) COLLATE utf8_unicode_ci DEFAULT NULL,
  `value` varchar(255) COLLATE utf8_unicode_ci DEFAULT NULL,
  PRIMARY KEY (`id`),
  KEY `index_properties_on_model_id` (`model_id`)
) ENGINE=InnoDB AUTO_INCREMENT=13 DEFAULT CHARSET=utf8 COLLATE=utf8_unicode_ci;
/*!40101 SET character_set_client = @saved_cs_client */;

--
-- Dumping data for table `properties`
--

LOCK TABLES `properties` WRITE;
/*!40000 ALTER TABLE `properties` DISABLE KEYS */;
INSERT INTO `properties` VALUES (1,152,'Rotorduchmesser','120'),(2,152,'Akkus','2'),(3,152,'Farbe','Rot'),(4,153,'Rotorduchmesser','120'),(5,153,'Akkus','2'),(6,153,'Farbe','Rot'),(7,153,'max. Speed','80 kmh'),(8,153,'Gyro','Ja'),(9,153,'Achsen','3-Achsen'),(10,154,'Rotorduchmesser','120'),(11,154,'Akkus','2'),(12,154,'Farbe','Rot');
/*!40000 ALTER TABLE `properties` ENABLE KEYS */;
UNLOCK TABLES;

--
-- Table structure for table `purposes`
--

DROP TABLE IF EXISTS `purposes`;
/*!40101 SET @saved_cs_client     = @@character_set_client */;
/*!40101 SET character_set_client = utf8 */;
CREATE TABLE `purposes` (
  `id` int(11) NOT NULL AUTO_INCREMENT,
  `description` text COLLATE utf8_unicode_ci,
  PRIMARY KEY (`id`)
) ENGINE=InnoDB AUTO_INCREMENT=46 DEFAULT CHARSET=utf8 COLLATE=utf8_unicode_ci;
/*!40101 SET character_set_client = @saved_cs_client */;

--
-- Dumping data for table `purposes`
--

LOCK TABLES `purposes` WRITE;
/*!40000 ALTER TABLE `purposes` DISABLE KEYS */;
INSERT INTO `purposes` VALUES (1,'---\n- Nemo tenetur rerum molestiae.\n- Consequatur non laboriosam sapiente beatae rerum.\n'),(2,'---\n- Soluta cumque voluptas officiis facilis similique unde labore.\n- Autem dolorum quas voluptatem ratione ut minus perspiciatis.\n'),(3,'Ersatzstativ fr die Ausstellung.'),(4,'Ersatzstativ fr die Ausstellung.'),(5,'Ersatzstativ fr die Ausstellung.'),(6,'Ersatzstativ fr die Ausstellung.'),(7,'Ersatzstativ fr die Ausstellung.'),(8,'Ersatzstativ fr die Ausstellung.'),(9,'Ersatzstativ fr die Ausstellung.'),(10,'Ersatzstativ fr die Ausstellung.'),(11,'Ersatzstativ fr die Ausstellung.'),(12,'Ersatzstativ fr die Ausstellung.'),(13,'Ersatzstativ fr die Ausstellung.'),(14,'Ersatzstativ fr die Ausstellung.'),(15,'Atque aperiam quisquam fuga modi unde harum rerum quo.'),(16,'Qui accusamus dolorem eius est et quia nostrum dolores.'),(17,'Consectetur aliquid vel nihil dicta aut.'),(18,'Saepe veniam aut qui iure.'),(19,'Ipsum quia quos nihil id maxime molestiae.'),(20,'Animi quibusdam alias sequi ipsam possimus.'),(21,'Bentige ich fr die Aufnahmen meiner Abschlussarbeit.'),(22,'Est illum aut amet veritatis totam enim et.'),(23,'Iure quia expedita commodi.'),(24,'Excepturi vero quae possimus quibusdam quo.'),(25,'Et quasi vel aliquid quibusdam.'),(26,'Ersatzstativ fr die Ausstellung.'),(27,'Fr das zweite Austellungswochenende.'),(28,'Fr das dritte Austellungswochenende.'),(29,'Fr die Abschlussarbeit.'),(30,'Ersatzstativ fr die Ausstellung.'),(31,'Bestellung mit Software'),(32,'Bestellung mit Gegenstand ohne Ort'),(33,'Um meine Abschlussarbeit zu fotografieren.'),(34,'Delectus consequuntur quia quis.'),(35,'Um meine Abschlussarbeit zu fotografieren.'),(36,'Um meine Abschlussarbeit zu fotografieren.'),(37,'Enim autem perspiciatis dolor.'),(38,'Paketausgabe'),(39,'Fr meinen aktuellen Kurs.'),(40,'Ersatzstativ fr die Ausstellung.'),(41,'Um meine Abschlussarbeit zu fotografieren.'),(42,'Fotoshooting (Kurs Fotografie).'),(43,'Brauche ich zwingend fr meinen Kurs.'),(44,'Ganz dringend bentigt fr meine Abschlussarbeit.'),(45,'Als Ersatz.');
/*!40000 ALTER TABLE `purposes` ENABLE KEYS */;
UNLOCK TABLES;

--
-- Table structure for table `schema_migrations`
--

DROP TABLE IF EXISTS `schema_migrations`;
/*!40101 SET @saved_cs_client     = @@character_set_client */;
/*!40101 SET character_set_client = utf8 */;
CREATE TABLE `schema_migrations` (
  `version` varchar(255) COLLATE utf8_unicode_ci NOT NULL,
  UNIQUE KEY `unique_schema_migrations` (`version`)
) ENGINE=InnoDB DEFAULT CHARSET=utf8 COLLATE=utf8_unicode_ci;
/*!40101 SET character_set_client = @saved_cs_client */;

--
-- Dumping data for table `schema_migrations`
--

LOCK TABLES `schema_migrations` WRITE;
/*!40000 ALTER TABLE `schema_migrations` DISABLE KEYS */;
INSERT INTO `schema_migrations` VALUES ('20140410180000'),('20140414100000'),('20140415083535'),('20140417113831'),('20140428092844'),('20140515131025');
/*!40000 ALTER TABLE `schema_migrations` ENABLE KEYS */;
UNLOCK TABLES;

--
-- Table structure for table `settings`
--

DROP TABLE IF EXISTS `settings`;
/*!40101 SET @saved_cs_client     = @@character_set_client */;
/*!40101 SET character_set_client = utf8 */;
CREATE TABLE `settings` (
  `id` int(11) NOT NULL AUTO_INCREMENT,
  `smtp_address` varchar(255) COLLATE utf8_unicode_ci DEFAULT NULL,
  `smtp_port` int(11) DEFAULT NULL,
  `smtp_domain` varchar(255) COLLATE utf8_unicode_ci DEFAULT NULL,
  `local_currency_string` varchar(255) COLLATE utf8_unicode_ci DEFAULT NULL,
  `contract_terms` text COLLATE utf8_unicode_ci,
  `contract_lending_party_string` text COLLATE utf8_unicode_ci,
  `email_signature` varchar(255) COLLATE utf8_unicode_ci DEFAULT NULL,
  `default_email` varchar(255) COLLATE utf8_unicode_ci DEFAULT NULL,
  `deliver_order_notifications` tinyint(1) DEFAULT NULL,
  `user_image_url` varchar(255) COLLATE utf8_unicode_ci DEFAULT NULL,
  `ldap_config` varchar(255) COLLATE utf8_unicode_ci DEFAULT NULL,
  `logo_url` varchar(255) COLLATE utf8_unicode_ci DEFAULT NULL,
  `mail_delivery_method` varchar(255) COLLATE utf8_unicode_ci DEFAULT NULL,
  `smtp_username` varchar(255) COLLATE utf8_unicode_ci DEFAULT NULL,
  `smtp_password` varchar(255) COLLATE utf8_unicode_ci DEFAULT NULL,
  `smtp_enable_starttls_auto` tinyint(1) NOT NULL DEFAULT '0',
  `smtp_openssl_verify_mode` varchar(255) COLLATE utf8_unicode_ci NOT NULL DEFAULT 'none',
  `time_zone` varchar(255) COLLATE utf8_unicode_ci NOT NULL DEFAULT 'Bern',
  `disable_manage_section` tinyint(1) NOT NULL DEFAULT '0',
  `disable_manage_section_message` text COLLATE utf8_unicode_ci,
  `disable_borrow_section` tinyint(1) NOT NULL DEFAULT '0',
  `disable_borrow_section_message` text COLLATE utf8_unicode_ci,
  `text` text COLLATE utf8_unicode_ci,
  PRIMARY KEY (`id`)
) ENGINE=InnoDB AUTO_INCREMENT=2 DEFAULT CHARSET=utf8 COLLATE=utf8_unicode_ci;
/*!40101 SET character_set_client = @saved_cs_client */;

--
-- Dumping data for table `settings`
--

LOCK TABLES `settings` WRITE;
/*!40000 ALTER TABLE `settings` DISABLE KEYS */;
INSERT INTO `settings` VALUES (1,'smtp.zhdk.ch',25,'beta.ausleihe.zhdk.ch','CHF','Die Benutzerin/der Benutzer ist bei unsachgemsser Handhabung oder Verlust schadenersatzpflichtig. Sie/Er verpflichtet sich, das Material sorgfltig zu behandeln und gereinigt zu retournieren. Bei mangelbehafteter oder verspteter Rckgabe kann eine Ausleihsperre (bis zu 6 Monaten) verhngt werden. Das geliehene Material bleibt jederzeit uneingeschrnktes Eigentum der Zrcher Hochschule der Knste und darf ausschliesslich fr schulische Zwecke eingesetzt werden. Mit ihrer/seiner Unterschrift akzeptiert die Benutzerin/der Benutzer diese Bedingungen sowie die \'Richtlinie zur Ausleihe von Sachen\' der ZHdK und etwaige abteilungsspezifische Ausleih-Richtlinien.','Your\nAddress\nHere','Das PZ-leihs Team','sender@example.com',0,'http://www.zhdk.ch/?person/foto&width=100&compressionlevel=0&id={:id}',NULL,'/assets/image-logo-zhdk.png','test',NULL,NULL,0,'none','Bern',0,NULL,0,NULL,NULL);
/*!40000 ALTER TABLE `settings` ENABLE KEYS */;
UNLOCK TABLES;

--
-- Table structure for table `suppliers`
--

DROP TABLE IF EXISTS `suppliers`;
/*!40101 SET @saved_cs_client     = @@character_set_client */;
/*!40101 SET character_set_client = utf8 */;
CREATE TABLE `suppliers` (
  `id` int(11) NOT NULL AUTO_INCREMENT,
  `name` varchar(255) COLLATE utf8_unicode_ci DEFAULT NULL,
  `created_at` datetime DEFAULT NULL,
  `updated_at` datetime DEFAULT NULL,
  PRIMARY KEY (`id`)
) ENGINE=InnoDB AUTO_INCREMENT=281 DEFAULT CHARSET=utf8 COLLATE=utf8_unicode_ci;
/*!40101 SET character_set_client = @saved_cs_client */;

--
-- Dumping data for table `suppliers`
--

LOCK TABLES `suppliers` WRITE;
/*!40000 ALTER TABLE `suppliers` DISABLE KEYS */;
INSERT INTO `suppliers` VALUES (1,'autvoluptatenumquam','2014-12-23 02:51:57','2014-12-23 02:51:57'),(2,'remsintaut','2014-12-23 02:51:57','2014-12-23 02:51:57'),(3,'laudantiumquaeratmolestias','2014-12-23 02:51:57','2014-12-23 02:51:57'),(4,'commodienimut','2014-12-23 02:51:57','2014-12-23 02:51:57'),(5,'dictacorporismaiores','2014-12-23 02:51:57','2014-12-23 02:51:57'),(6,'laborequiexplicabo','2014-12-23 02:51:57','2014-12-23 02:51:57'),(7,'quiadoloremdolores','2014-12-23 02:51:57','2014-12-23 02:51:57'),(8,'suntestatque','2014-12-23 02:51:57','2014-12-23 02:51:57'),(9,'quaeratquieligendi','2014-12-23 02:51:57','2014-12-23 02:51:57'),(10,'veniamvelitsimilique','2014-12-23 02:51:57','2014-12-23 02:51:57'),(11,'quoillumesse','2014-12-23 02:51:57','2014-12-23 02:51:57'),(12,'quimodianimi','2014-12-23 02:51:57','2014-12-23 02:51:57'),(13,'iurererumrerum','2014-12-23 02:51:57','2014-12-23 02:51:57'),(14,'eiusdolordolorem','2014-12-23 02:51:57','2014-12-23 02:51:57'),(15,'etfugaoptio','2014-12-23 02:51:57','2014-12-23 02:51:57'),(16,'illumsintvel','2014-12-23 02:51:57','2014-12-23 02:51:57'),(17,'laborumquaeratut','2014-12-23 02:51:57','2014-12-23 02:51:57'),(18,'voluptatemomnisalias','2014-12-23 02:51:57','2014-12-23 02:51:57'),(19,'dolornecessitatibussed','2014-12-23 02:51:57','2014-12-23 02:51:57'),(20,'reiciendisdictaiure','2014-12-23 02:51:57','2014-12-23 02:51:57'),(21,'nesciuntmaioreshic','2014-12-23 02:51:57','2014-12-23 02:51:57'),(22,'beataeducimuset','2014-12-23 02:51:57','2014-12-23 02:51:57'),(23,'inquaeratillum','2014-12-23 02:51:57','2014-12-23 02:51:57'),(24,'recusandaesintdolor','2014-12-23 02:51:57','2014-12-23 02:51:57'),(25,'aperiamsitullam','2014-12-23 02:51:57','2014-12-23 02:51:57'),(26,'illumvelfugiat','2014-12-23 02:51:57','2014-12-23 02:51:57'),(27,'etdelectusratione','2014-12-23 02:51:57','2014-12-23 02:51:57'),(28,'ateosquibusdam','2014-12-23 02:51:57','2014-12-23 02:51:57'),(29,'rerumautin','2014-12-23 02:51:57','2014-12-23 02:51:57'),(30,'doloribusinea','2014-12-23 02:51:57','2014-12-23 02:51:57'),(31,'laborumreprehenderitreiciendis','2014-12-23 02:51:57','2014-12-23 02:51:57'),(32,'molestiaequiasit','2014-12-23 02:51:57','2014-12-23 02:51:57'),(33,'possimussitquidem','2014-12-23 02:51:57','2014-12-23 02:51:57'),(34,'oditaliasnesciunt','2014-12-23 02:51:57','2014-12-23 02:51:57'),(35,'nonetreiciendis','2014-12-23 02:51:57','2014-12-23 02:51:57'),(36,'officiavoluptatemprovident','2014-12-23 02:51:57','2014-12-23 02:51:57'),(37,'dignissimosnostrumconsequatur','2014-12-23 02:51:57','2014-12-23 02:51:57'),(38,'quiaautea','2014-12-23 02:51:57','2014-12-23 02:51:57'),(39,'doloremqueofficiisoccaecati','2014-12-23 02:51:57','2014-12-23 02:51:57'),(40,'quaecupiditatedignissimos','2014-12-23 02:51:57','2014-12-23 02:51:57'),(41,'etinenim','2014-12-23 02:51:57','2014-12-23 02:51:57'),(42,'possimusatsit','2014-12-23 02:51:57','2014-12-23 02:51:57'),(43,'quiaharumut','2014-12-23 02:51:57','2014-12-23 02:51:57'),(44,'quoeveniettempora','2014-12-23 02:51:57','2014-12-23 02:51:57'),(45,'estautquisquam','2014-12-23 02:51:57','2014-12-23 02:51:57'),(46,'minimaprovidentid','2014-12-23 02:51:57','2014-12-23 02:51:57'),(47,'accusantiumdeseruntet','2014-12-23 02:51:57','2014-12-23 02:51:57'),(48,'necessitatibusetex','2014-12-23 02:51:57','2014-12-23 02:51:57'),(49,'repudiandaecommodiut','2014-12-23 02:51:57','2014-12-23 02:51:57'),(50,'voluptasestab','2014-12-23 02:51:57','2014-12-23 02:51:57'),(51,'doloreostenetur','2014-12-23 02:51:57','2014-12-23 02:51:57'),(52,'quisquamsitvoluptas','2014-12-23 02:51:57','2014-12-23 02:51:57'),(53,'quisquamoccaecatiaccusamus','2014-12-23 02:51:57','2014-12-23 02:51:57'),(54,'autautemadipisci','2014-12-23 02:51:57','2014-12-23 02:51:57'),(55,'velquisquammaiores','2014-12-23 02:51:57','2014-12-23 02:51:57'),(56,'excommodinisi','2014-12-23 02:51:57','2014-12-23 02:51:57'),(57,'similiquedelectusaut','2014-12-23 02:51:57','2014-12-23 02:51:57'),(58,'nisisuntaccusantium','2014-12-23 02:51:57','2014-12-23 02:51:57'),(59,'hicnequequidem','2014-12-23 02:51:57','2014-12-23 02:51:57'),(60,'ipsamquisfacilis','2014-12-23 02:51:57','2014-12-23 02:51:57'),(61,'solutasuntreiciendis','2014-12-23 02:51:57','2014-12-23 02:51:57'),(62,'consequaturquoillum','2014-12-23 02:51:57','2014-12-23 02:51:57'),(63,'perferendisillumimpedit','2014-12-23 02:51:57','2014-12-23 02:51:57'),(64,'nobisvoluptasomnis','2014-12-23 02:51:57','2014-12-23 02:51:57'),(65,'enimcommodinisi','2014-12-23 02:51:57','2014-12-23 02:51:57'),(66,'eiussimiliquenobis','2014-12-23 02:51:57','2014-12-23 02:51:57'),(67,'pariaturvelitblanditiis','2014-12-23 02:51:57','2014-12-23 02:51:57'),(68,'etquissimilique','2014-12-23 02:51:57','2014-12-23 02:51:57'),(69,'eumquiin','2014-12-23 02:51:57','2014-12-23 02:51:57'),(70,'sapientearchitectorem','2014-12-23 02:51:57','2014-12-23 02:51:57'),(71,'eterrorplaceat','2014-12-23 02:51:57','2014-12-23 02:51:57'),(72,'etdictasunt','2014-12-23 02:51:57','2014-12-23 02:51:57'),(73,'minusestquaerat','2014-12-23 02:51:57','2014-12-23 02:51:57'),(74,'utessemollitia','2014-12-23 02:51:57','2014-12-23 02:51:57'),(75,'illorerumest','2014-12-23 02:51:57','2014-12-23 02:51:57'),(76,'idsinttempora','2014-12-23 02:51:57','2014-12-23 02:51:57'),(77,'nesciuntsuntearum','2014-12-23 02:51:57','2014-12-23 02:51:57'),(78,'quisveritatisreiciendis','2014-12-23 02:51:57','2014-12-23 02:51:57'),(79,'fugiatquibusdammaxime','2014-12-23 02:51:57','2014-12-23 02:51:57'),(80,'omnisdictafugit','2014-12-23 02:51:57','2014-12-23 02:51:57'),(81,'accusantiumetaut','2014-12-23 02:51:57','2014-12-23 02:51:57'),(82,'esserepellendusreiciendis','2014-12-23 02:51:57','2014-12-23 02:51:57'),(83,'reiciendisvoluptatumipsam','2014-12-23 02:51:57','2014-12-23 02:51:57'),(84,'utiustonam','2014-12-23 02:51:57','2014-12-23 02:51:57'),(85,'providentvoluptatumiusto','2014-12-23 02:51:57','2014-12-23 02:51:57'),(86,'eumvoluptatumut','2014-12-23 02:51:57','2014-12-23 02:51:57'),(87,'eaqueeamodi','2014-12-23 02:51:57','2014-12-23 02:51:57'),(88,'temporibusharumlaborum','2014-12-23 02:51:57','2014-12-23 02:51:57'),(89,'voluptaseumest','2014-12-23 02:51:57','2014-12-23 02:51:57'),(90,'eummagniet','2014-12-23 02:51:57','2014-12-23 02:51:57'),(91,'repellatetperferendis','2014-12-23 02:51:57','2014-12-23 02:51:57'),(92,'beataesequidolorum','2014-12-23 02:51:57','2014-12-23 02:51:57'),(93,'inventoreipsamharum','2014-12-23 02:51:57','2014-12-23 02:51:57'),(94,'modiveniamquaerat','2014-12-23 02:51:57','2014-12-23 02:51:57'),(95,'sequinamdeserunt','2014-12-23 02:51:57','2014-12-23 02:51:57'),(96,'enimexcepturiquibusdam','2014-12-23 02:51:57','2014-12-23 02:51:57'),(97,'temporibusetblanditiis','2014-12-23 02:51:57','2014-12-23 02:51:57'),(98,'utoptioeius','2014-12-23 02:51:57','2014-12-23 02:51:57'),(99,'nihilidquae','2014-12-23 02:51:57','2014-12-23 02:51:57'),(100,'voluptasametdolor','2014-12-23 02:51:57','2014-12-23 02:51:57'),(101,'dolorbeataenon','2014-12-23 02:51:57','2014-12-23 02:51:57'),(102,'quiquisearum','2014-12-23 02:51:57','2014-12-23 02:51:57'),(103,'doloribusquiaaut','2014-12-23 02:51:57','2014-12-23 02:51:57'),(104,'odiotemporedeserunt','2014-12-23 02:51:57','2014-12-23 02:51:57'),(105,'veroearumomnis','2014-12-23 02:51:57','2014-12-23 02:51:57'),(106,'eligendietdolores','2014-12-23 02:51:57','2014-12-23 02:51:57'),(107,'corporisrepudiandaedelectus','2014-12-23 02:51:57','2014-12-23 02:51:57'),(108,'odiovoluptatemitaque','2014-12-23 02:51:57','2014-12-23 02:51:57'),(109,'autquodeum','2014-12-23 02:51:57','2014-12-23 02:51:57'),(110,'corporisvoluptatibusconsequatur','2014-12-23 02:51:57','2014-12-23 02:51:57'),(111,'consequaturquibusdamvoluptates','2014-12-23 02:51:57','2014-12-23 02:51:57'),(112,'nihilsedullam','2014-12-23 02:51:57','2014-12-23 02:51:57'),(113,'quiaautenim','2014-12-23 02:51:57','2014-12-23 02:51:57'),(114,'sintrerumneque','2014-12-23 02:51:57','2014-12-23 02:51:57'),(115,'deseruntsolutaqui','2014-12-23 02:51:57','2014-12-23 02:51:57'),(116,'vitaevoluptatespossimus','2014-12-23 02:51:57','2014-12-23 02:51:57'),(117,'impeditperferendiseveniet','2014-12-23 02:51:57','2014-12-23 02:51:57'),(118,'officiisenimfacilis','2014-12-23 02:51:57','2014-12-23 02:51:57'),(119,'adipiscimolestiasaut','2014-12-23 02:51:57','2014-12-23 02:51:57'),(120,'evenieteaquecupiditate','2014-12-23 02:51:57','2014-12-23 02:51:57'),(121,'odioestinventore','2014-12-23 02:51:57','2014-12-23 02:51:57'),(122,'nobisblanditiiscorrupti','2014-12-23 02:51:57','2014-12-23 02:51:57'),(123,'temporaillumvel','2014-12-23 02:51:57','2014-12-23 02:51:57'),(124,'nonametcorrupti','2014-12-23 02:51:57','2014-12-23 02:51:57'),(125,'voluptasnonut','2014-12-23 02:51:57','2014-12-23 02:51:57'),(126,'hicnihilsequi','2014-12-23 02:51:57','2014-12-23 02:51:57'),(127,'etquisqui','2014-12-23 02:51:57','2014-12-23 02:51:57'),(128,'recusandaevoluptatumquae','2014-12-23 02:51:57','2014-12-23 02:51:57'),(129,'enimdistinctioaperiam','2014-12-23 02:51:57','2014-12-23 02:51:57'),(130,'quaeratverocorrupti','2014-12-23 02:51:57','2014-12-23 02:51:57'),(131,'doloresdelenitiaut','2014-12-23 02:51:57','2014-12-23 02:51:57'),(132,'etautsaepe','2014-12-23 02:51:57','2014-12-23 02:51:57'),(133,'voluptaslaborequi','2014-12-23 02:51:57','2014-12-23 02:51:57'),(134,'etoditsequi','2014-12-23 02:51:57','2014-12-23 02:51:57'),(135,'commodinammolestiae','2014-12-23 02:51:57','2014-12-23 02:51:57'),(136,'consecteturdolorequis','2014-12-23 02:51:57','2014-12-23 02:51:57'),(137,'autinventoreut','2014-12-23 02:51:57','2014-12-23 02:51:57'),(138,'sitnonat','2014-12-23 02:51:57','2014-12-23 02:51:57'),(139,'inventoredoloremquevoluptatibus','2014-12-23 02:51:57','2014-12-23 02:51:57'),(140,'temporepariaturimpedit','2014-12-23 02:51:57','2014-12-23 02:51:57'),(141,'aliquidlaboriosamvoluptatem','2014-12-23 02:51:57','2014-12-23 02:51:57'),(142,'enimfugaid','2014-12-23 02:51:57','2014-12-23 02:51:57'),(143,'quitotammaiores','2014-12-23 02:51:57','2014-12-23 02:51:57'),(144,'eteaomnis','2014-12-23 02:51:57','2014-12-23 02:51:57'),(145,'quoimpeditaut','2014-12-23 02:51:57','2014-12-23 02:51:57'),(146,'laboriosamnecessitatibusquis','2014-12-23 02:51:57','2014-12-23 02:51:57'),(147,'numquamdignissimosut','2014-12-23 02:51:57','2014-12-23 02:51:57'),(148,'inciduntquasrem','2014-12-23 02:51:57','2014-12-23 02:51:57'),(149,'temporasapienteenim','2014-12-23 02:51:57','2014-12-23 02:51:57'),(150,'mollitianobisconsequuntur','2014-12-23 02:51:57','2014-12-23 02:51:57'),(151,'molestiaenatuseum','2014-12-23 02:51:57','2014-12-23 02:51:57'),(152,'omnisetreprehenderit','2014-12-23 02:51:57','2014-12-23 02:51:57'),(153,'animiametnon','2014-12-23 02:51:57','2014-12-23 02:51:57'),(154,'distinctioipsumvoluptatem','2014-12-16 17:20:53','2014-12-16 17:20:53'),(155,'ducimusilloculpa','2014-12-16 17:20:53','2014-12-16 17:20:53'),(156,'estmolestiaeet','2014-12-16 17:20:53','2014-12-16 17:20:53'),(157,'asperioresrerumvelit','2014-12-16 17:20:53','2014-12-16 17:20:53'),(158,'laborumaspernaturculpa','2014-12-16 17:20:53','2014-12-16 17:20:53'),(159,'suntcumqueeum','2014-12-16 17:20:53','2014-12-16 17:20:53'),(160,'pariaturipsaconsequatur','2014-12-16 17:20:53','2014-12-16 17:20:53'),(161,'teneturaspernaturin','2014-12-16 17:20:53','2014-12-16 17:20:53'),(162,'aliquamvoluptatemipsa','2014-12-16 17:20:53','2014-12-16 17:20:53'),(163,'solutaestmaiores','2014-12-16 17:20:53','2014-12-16 17:20:53'),(164,'accusantiumconsequuntursed','2014-12-16 17:20:53','2014-12-16 17:20:53'),(165,'voluptasdelenitivel','2014-12-16 17:20:53','2014-12-16 17:20:53'),(166,'sintetasperiores','2014-12-16 17:20:53','2014-12-16 17:20:53'),(167,'maioresnequeconsequatur','2014-12-16 17:20:53','2014-12-16 17:20:53'),(168,'iureexercitationemomnis','2014-12-16 17:20:53','2014-12-16 17:20:53'),(169,'erroretsimilique','2014-12-16 17:20:53','2014-12-16 17:20:53'),(170,'nihilutpossimus','2014-12-16 17:20:53','2014-12-16 17:20:53'),(171,'doloribusminimaconsequatur','2014-12-16 17:20:53','2014-12-16 17:20:53'),(172,'delectusperspiciatisporro','2014-12-16 17:20:53','2014-12-16 17:20:53'),(173,'reprehenderitutsed','2014-12-16 17:20:54','2014-12-16 17:20:54'),(174,'temporeperferendisvel','2014-12-16 17:20:54','2014-12-16 17:20:54'),(175,'sapientequiaqui','2014-12-16 17:20:54','2014-12-16 17:20:54'),(176,'possimustemporereprehenderit','2014-12-16 17:20:54','2014-12-16 17:20:54'),(177,'nihiletaut','2014-12-19 07:48:51','2014-12-19 07:48:51'),(178,'repudiandaesimiliquealiquid','2014-12-19 07:48:51','2014-12-19 07:48:51'),(179,'doloremsitcumque','2014-12-19 07:48:51','2014-12-19 07:48:51'),(180,'dignissimosvelitvitae','2014-12-21 05:12:53','2014-12-21 05:12:53'),(181,'essesitmolestiae','2014-12-21 05:12:53','2014-12-21 05:12:53'),(182,'corporisomnisdignissimos','2014-12-21 05:12:53','2014-12-21 05:12:53'),(183,'nemocorruptiquisquam','2014-12-21 05:12:53','2014-12-21 05:12:53'),(184,'repudiandaemaximeofficiis','2014-12-21 05:12:53','2014-12-21 05:12:53'),(185,'consequaturestesse','2014-12-21 05:12:53','2014-12-21 05:12:53'),(186,'suntametvoluptatum','2014-12-21 05:12:53','2014-12-21 05:12:53'),(187,'quiavitaeporro','2014-12-21 05:12:53','2014-12-21 05:12:53'),(188,'abtemporelaboriosam','2014-12-23 02:51:57','2014-12-23 02:51:57'),(189,'veniamlaboresint','2014-12-23 02:51:57','2014-12-23 02:51:57'),(190,'temporaexplicabosoluta','2014-12-23 02:51:57','2014-12-23 02:51:57'),(191,'dignissimosadquam','2014-12-23 02:51:57','2014-12-23 02:51:57'),(192,'etducimussed','2014-12-23 02:51:57','2014-12-23 02:51:57'),(193,'odioessequia','2014-12-23 02:51:57','2014-12-23 02:51:57'),(194,'aliquidevenietad','2014-12-23 02:51:57','2014-12-23 02:51:57'),(195,'suscipitnonpraesentium','2014-12-23 02:51:57','2014-12-23 02:51:57'),(196,'exinciduntautem','2014-12-23 02:51:57','2014-12-23 02:51:57'),(197,'omnisofficiarecusandae','2014-12-23 02:51:57','2014-12-23 02:51:57'),(198,'autmodilaudantium','2014-12-23 02:51:57','2014-12-23 02:51:57'),(199,'utsuscipitdeserunt','2014-12-23 02:51:57','2014-12-23 02:51:57'),(200,'eosmolestiaequaerat','2014-12-23 02:51:57','2014-12-23 02:51:57'),(201,'magnamculpavoluptatibus','2014-12-23 02:51:57','2014-12-23 02:51:57'),(202,'essenesciuntdistinctio','2014-12-23 02:51:57','2014-12-23 02:51:57'),(203,'quisvoluptatemaiores','2014-12-23 02:51:57','2014-12-23 02:51:57'),(204,'sitconsequuntursunt','2014-12-23 02:51:57','2014-12-23 02:51:57'),(205,'accusamusrerumpraesentium','2014-12-23 02:51:57','2014-12-23 02:51:57'),(206,'adquasquasi','2014-12-23 02:51:57','2014-12-23 02:51:57'),(207,'iddoloremvoluptas','2014-12-23 02:51:57','2014-12-23 02:51:57'),(208,'delenitiestnemo','2014-12-18 00:00:00','2014-12-18 00:00:00'),(209,'ametvoluptatemvel','2014-12-18 00:00:00','2014-12-18 00:00:00'),(210,'idaet','2014-12-18 00:00:00','2014-12-18 00:00:00'),(211,'istevelaccusamus','2014-12-23 02:51:57','2014-12-23 02:51:57'),(212,'minusiureet','2014-12-23 02:51:57','2014-12-23 02:51:57'),(213,'idenimoccaecati','2014-12-23 02:51:57','2014-12-23 02:51:57'),(214,'sintaliquidexpedita','2014-12-23 02:51:57','2014-12-23 02:51:57'),(215,'voluptatemesteos','2014-12-23 02:51:57','2014-12-23 02:51:57'),(216,'dolorveniamdebitis','2014-12-23 02:51:57','2014-12-23 02:51:57'),(217,'voluptatemomnisassumenda','2014-12-23 02:51:57','2014-12-23 02:51:57'),(218,'utharumillo','2014-12-23 02:51:57','2014-12-23 02:51:57'),(219,'veroutautem','2014-12-23 02:51:57','2014-12-23 02:51:57'),(220,'minimaetiure','2014-12-23 02:51:57','2014-12-23 02:51:57'),(221,'perferendisconsecteturut','2014-12-23 02:51:57','2014-12-23 02:51:57'),(222,'perspiciatisvoluptatesdelectus','2014-12-23 02:51:57','2014-12-23 02:51:57'),(223,'consequunturestexcepturi','2014-12-23 02:51:57','2014-12-23 02:51:57'),(224,'voluptatemdoloremqueitaque','2014-12-18 00:00:00','2014-12-18 00:00:00'),(225,'autemetporro','2014-12-18 00:00:00','2014-12-18 00:00:00'),(226,'eiusnonaut','2014-12-18 00:00:00','2014-12-18 00:00:00'),(227,'commodiducimusdistinctio','2014-12-18 00:00:00','2014-12-18 00:00:00'),(228,'dolorumquiaaut','2014-12-23 02:51:57','2014-12-23 02:51:57'),(229,'itaquesaepemodi','2014-12-23 02:51:57','2014-12-23 02:51:57'),(230,'magnivelaliquam','2014-12-23 02:51:57','2014-12-23 02:51:57'),(231,'eumsuntet','2014-12-23 02:51:57','2014-12-23 02:51:57'),(232,'aliquamoccaecatiut','2014-12-23 02:51:57','2014-12-23 02:51:57'),(233,'nihilofficiaprovident','2014-12-23 02:51:57','2014-12-23 02:51:57'),(234,'esseeiusnihil','2014-12-23 02:51:57','2014-12-23 02:51:57'),(235,'eiusutamet','2014-12-23 02:51:57','2014-12-23 02:51:57'),(236,'quisquamadcorrupti','2014-12-23 02:51:57','2014-12-23 02:51:57'),(237,'abeosprovident','2014-12-23 02:51:57','2014-12-23 02:51:57'),(238,'cumarchitectoasperiores','2014-12-23 02:51:57','2014-12-23 02:51:57'),(239,'estconsequaturet','2014-12-23 02:51:57','2014-12-23 02:51:57'),(240,'necessitatibussuscipiteius','2014-12-23 02:51:57','2014-12-23 02:51:57'),(241,'fugiatitaqueatque','2014-12-23 02:51:57','2014-12-23 02:51:57'),(242,'doloremqueetnon','2014-12-23 02:51:57','2014-12-23 02:51:57'),(243,'etutesse','2014-12-23 02:51:57','2014-12-23 02:51:57'),(244,'asperioresporrofuga','2014-12-23 02:51:57','2014-12-23 02:51:57'),(245,'sitsaepequia','2014-12-23 02:51:57','2014-12-23 02:51:57'),(246,'idplaceatdoloremque','2014-12-23 02:51:57','2014-12-23 02:51:57'),(247,'illodoloressit','2014-12-23 02:51:57','2014-12-23 02:51:57'),(248,'providentenimexcepturi','2014-12-23 02:51:57','2014-12-23 02:51:57'),(249,'laudantiumquilibero','2014-12-23 02:51:57','2014-12-23 02:51:57'),(250,'voluptasperspiciatisest','2014-12-23 02:51:57','2014-12-23 02:51:57'),(251,'blanditiiscorporisipsam','2014-12-23 02:51:57','2014-12-23 02:51:57'),(252,'utaliquamvoluptatem','2014-12-23 02:51:57','2014-12-23 02:51:57'),(253,'extemporeest','2014-12-23 02:51:57','2014-12-23 02:51:57'),(254,'magnidoloribusquaerat','2014-12-23 02:51:57','2014-12-23 02:51:57'),(255,'sitperspiciatisnemo','2014-12-23 02:51:57','2014-12-23 02:51:57'),(256,'utquibusdamdistinctio','2014-12-23 02:51:57','2014-12-23 02:51:57'),(257,'estquidemamet','2014-12-23 02:51:57','2014-12-23 02:51:57'),(258,'laboriosamvoluptasvoluptate','2014-12-23 02:51:57','2014-12-23 02:51:57'),(259,'eaillumautem','2014-12-23 02:51:57','2014-12-23 02:51:57'),(260,'consequaturomnisodit','2014-12-23 02:51:57','2014-12-23 02:51:57'),(261,'voluptatumearatione','2014-12-23 02:51:57','2014-12-23 02:51:57'),(262,'delenitilaudantiumeos','2014-12-23 02:51:57','2014-12-23 02:51:57'),(263,'sedvelomnis','2014-12-23 02:51:57','2014-12-23 02:51:57'),(264,'velanimitenetur','2014-12-23 02:51:57','2014-12-23 02:51:57'),(265,'autemconsequunturmolestias','2014-12-23 02:51:57','2014-12-23 02:51:57'),(266,'utvelitdeleniti','2014-12-23 02:51:57','2014-12-23 02:51:57'),(267,'etsolutanihil','2014-12-23 02:51:57','2014-12-23 02:51:57'),(268,'illobeataesed','2014-12-23 02:51:57','2014-12-23 02:51:57'),(269,'doloresearumdeleniti','2014-12-23 02:51:57','2014-12-23 02:51:57'),(270,'illumsapientequi','2014-12-23 02:51:57','2014-12-23 02:51:57'),(271,'etvelmolestias','2014-12-23 02:51:57','2014-12-23 02:51:57'),(272,'quiacumexcepturi','2014-12-23 02:51:57','2014-12-23 02:51:57'),(273,'autquoaut','2014-12-23 02:51:57','2014-12-23 02:51:57'),(274,'rerumrepellenduscumque','2014-12-23 02:51:57','2014-12-23 02:51:57'),(275,'essenostrumin','2014-12-23 02:51:57','2014-12-23 02:51:57'),(276,'eummolestiaeperspiciatis','2014-12-23 02:51:57','2014-12-23 02:51:57'),(277,'quidemconsequaturautem','2014-12-23 02:51:57','2014-12-23 02:51:57'),(278,'etutbeatae','2014-12-23 02:51:57','2014-12-23 02:51:57'),(279,'sitdolorcorporis','2014-12-23 02:51:57','2014-12-23 02:51:57'),(280,'vitaeinciduntsimilique','2014-12-23 02:51:57','2014-12-23 02:51:57');
/*!40000 ALTER TABLE `suppliers` ENABLE KEYS */;
UNLOCK TABLES;

--
-- Table structure for table `users`
--

DROP TABLE IF EXISTS `users`;
/*!40101 SET @saved_cs_client     = @@character_set_client */;
/*!40101 SET character_set_client = utf8 */;
CREATE TABLE `users` (
  `id` int(11) NOT NULL AUTO_INCREMENT,
  `login` varchar(255) COLLATE utf8_unicode_ci DEFAULT NULL,
  `firstname` varchar(255) COLLATE utf8_unicode_ci DEFAULT NULL,
  `lastname` varchar(255) COLLATE utf8_unicode_ci DEFAULT NULL,
  `phone` varchar(255) COLLATE utf8_unicode_ci DEFAULT NULL,
  `authentication_system_id` int(11) DEFAULT '1',
  `unique_id` varchar(255) COLLATE utf8_unicode_ci DEFAULT NULL,
  `email` varchar(255) COLLATE utf8_unicode_ci DEFAULT NULL,
  `badge_id` varchar(255) COLLATE utf8_unicode_ci DEFAULT NULL,
  `address` varchar(255) COLLATE utf8_unicode_ci DEFAULT NULL,
  `city` varchar(255) COLLATE utf8_unicode_ci DEFAULT NULL,
  `zip` varchar(255) COLLATE utf8_unicode_ci DEFAULT NULL,
  `country` varchar(255) COLLATE utf8_unicode_ci DEFAULT NULL,
  `language_id` int(11) DEFAULT NULL,
  `extended_info` text COLLATE utf8_unicode_ci,
  `settings` varchar(1024) COLLATE utf8_unicode_ci DEFAULT NULL,
  `created_at` datetime DEFAULT NULL,
  `updated_at` datetime DEFAULT NULL,
  `delegator_user_id` int(11) DEFAULT NULL,
  PRIMARY KEY (`id`),
  KEY `index_users_on_authentication_system_id` (`authentication_system_id`)
) ENGINE=InnoDB AUTO_INCREMENT=35 DEFAULT CHARSET=utf8 COLLATE=utf8_unicode_ci;
/*!40101 SET character_set_client = @saved_cs_client */;

--
-- Dumping data for table `users`
--

LOCK TABLES `users` WRITE;
/*!40000 ALTER TABLE `users` DISABLE KEYS */;
INSERT INTO `users` VALUES (1,'ramon','Ramon','C.','01787758128',1,'07wuh2j4thtjnxsix3','ramon@zhdk.ch','z65xl7xmmod77lla4q','85786 Murphy Ports','East Freddy','I-WG3A 9NP','Iran',2,NULL,'--- !ruby/hash:ActiveSupport::HashWithIndifferentAccess {}\n','2014-12-23 02:51:57','2014-12-23 02:51:57',NULL),(2,'granville_1177','Elinore','Hauck','01206559946',1,'wpkhuzz58axleiyrbq','samantha_schaden@yosthauck.co.uk','hnnkh2ak8zgugkr7jm','8853 Annamarie Mill','North Winnifredland','K-W7V 1BL','Kiribati',1,NULL,'--- !ruby/hash:ActiveSupport::HashWithIndifferentAccess {}\n','2014-12-23 02:51:57','2014-12-23 02:51:57',NULL),(3,'aliza_romaguera_1643','Pablo','Daniel','03608283068',1,'xu8iseiobrai6pf2kf','jaycee@bailey.co.uk','llqonuc1owex58j2mg','4033 Baumbach Road','Dessiefurt','M-UE2 5TA','Montserrat',1,NULL,'--- !ruby/hash:ActiveSupport::HashWithIndifferentAccess {}\n','2014-12-23 02:51:57','2014-12-23 02:51:57',NULL),(4,'winifred_9715','Emory','Miller','0500148745',1,'ap62q6aiocq8y4fbhd','jaquan_bogisich@jaskolskiconsidine.com','btuszf85f176dpz8wb','59555 Borer Trafficway','East Christinachester','T-EL2X 4LL','Tunisia',1,NULL,'--- !ruby/hash:ActiveSupport::HashWithIndifferentAccess {}\n','2014-12-23 02:51:57','2014-12-23 02:51:57',NULL),(5,'dejah.hills_7093','Sylvan','Schumm','08375257305',1,'v1vjhs6sbcq2or7itu','sidney.larson@kemmer.co.uk','6y52k9i36gz3hg1ozh','60964 Austen Wall','Wisokyfurt','G-Y1R 2AL','Gabon',1,NULL,'--- !ruby/hash:ActiveSupport::HashWithIndifferentAccess {}\n','2014-12-23 02:51:57','2014-12-23 02:51:57',NULL),(6,'melany_9596','Josh','Keebler','03524827409',1,'egifxjh90hh3xtjkfs','alex@blick.name','21n0lvi96p7yjxouzl','553 Kohler Freeway','East Gavin','B-IV2P 3AB','Belarus',1,NULL,'--- !ruby/hash:ActiveSupport::HashWithIndifferentAccess {}\n','2014-12-23 02:51:57','2014-12-23 02:51:57',NULL),(7,'jaida_2127','Camilla','Effertz','0169777802',1,'u6leojzfxbwblu4txd','aniya.cummerata@blickoberbrunner.biz','zujoi5gmmd76rhx9e8','251 Precious Key','Kundeberg','B-D8 8NA','Bhutan',1,NULL,'--- !ruby/hash:ActiveSupport::HashWithIndifferentAccess {}\n','2014-12-23 02:51:57','2014-12-23 02:51:57',NULL),(8,'matti','Matti','S.','0114424813',1,'ooc25pdzsb5z72bstc','matti@zhdk.ch','utlwsjidolnv1c1sot','7569 Altenwerth Roads','Ferminland','S-YF6X 2AX','Swaziland',2,NULL,'--- !ruby/hash:ActiveSupport::HashWithIndifferentAccess {}\n','2014-12-23 02:51:57','2014-12-23 02:51:57',NULL),(9,'mike','Mike','H.','01166968582',1,'jb7twjvugfvr05ha1y','mike@zhdk.ch','6tqretn5c89kqh032t','4518 Christiansen Passage','Joyberg','P-Z9 2JE','Puerto Rico',2,NULL,'--- !ruby/hash:ActiveSupport::HashWithIndifferentAccess {}\n','2014-12-23 02:51:57','2014-12-23 02:51:57',NULL),(10,'andi','Andi','Prosacco','05664424633',1,'2xb8lgx0nsfuvwtl91','andi@zhdk.ch','vl4jqchy20hbr57nog','6364 Kilback Pass','DuBuqueberg','V-R4 6DJ','Venezuela',2,NULL,'--- !ruby/hash:ActiveSupport::HashWithIndifferentAccess {}\n','2014-12-23 02:51:57','2014-12-23 02:51:57',NULL),(11,'buck_mills_4120','General','Tillman','02886499912',1,'8ebqotoz799pkfngl1','jared_predovic@botsford.biz','7v2vpc0uu9xy4x726s','3077 Bahringer Knolls','North Abbieberg','N-Z3Y 2XH','Norfolk Island',2,NULL,'--- !ruby/hash:ActiveSupport::HashWithIndifferentAccess {}\n','2014-12-23 02:51:57','2014-12-23 02:51:57',NULL),(12,'araceli.grant_9449','Ryley','Oberbrunner','05694610359',1,'0ahdd66lo77fi84sl2','aliza.purdy@murazikkihn.info','4xwkbhzgb9nglvqzyg','18860 Carson Plain','Domenickview','H-Z7A 2BX','Honduras',1,NULL,'--- !ruby/hash:ActiveSupport::HashWithIndifferentAccess {}\n','2014-12-23 02:51:57','2014-12-23 02:51:57',NULL),(13,'emil_7539','Jarod','Spinka','01512774336',1,'2vmrrmq805m4clw5vt','madelyn_wintheiser@hauck.co.uk','yk2nrlvg4zsb97j7vr','500 Koepp Squares','Bodeside','G-T7 8JJ','Georgia',1,NULL,'--- !ruby/hash:ActiveSupport::HashWithIndifferentAccess {}\n','2014-12-23 02:51:57','2014-12-23 02:51:57',NULL),(14,'clare_8609','Eleanore','Weber','0157766932',1,'yhjkrz4lhn9t12gt7o','hollie@reichertbayer.biz','cnq2iqqib9sf1jsljq','3249 Zion Well','East Jeraldborough','S-IE3 6LL','Spain',1,NULL,'--- !ruby/hash:ActiveSupport::HashWithIndifferentAccess {}\n','2014-12-23 02:51:57','2014-12-23 02:51:57',NULL),(15,'annamarie.kiehn_9430','Ruth','Kutch','02502866491',1,'wrlneq2j91tvgpc5i5','evan.veum@weberchristiansen.co.uk','h5luo61m8t8pbrnmnp','90849 Vergie Mills','Aniyahshire','I-ZV5E 9AS','Israel',1,NULL,'--- !ruby/hash:ActiveSupport::HashWithIndifferentAccess {}\n','2014-12-23 02:51:57','2014-12-23 02:51:57',NULL),(16,'tina_5074','Linnea','Padberg','05517786045',1,'lc3qap2aij4bmz2je0','betty.gerhold@ko.biz','6fe66bol45bjhdbqhd','306 Estevan Knolls','West Darlene','S-WN1W 6HX','Sierra Leone',1,NULL,'--- !ruby/hash:ActiveSupport::HashWithIndifferentAccess {}\n','2014-12-23 02:51:57','2014-12-23 02:51:57',NULL),(17,'gino','Gino','F.','0169772395',1,'tugdvtfmo2bkj2du1a','gino@zhdk.ch','cpvuuhnjxtkxrd5uky','6244 Tom Oval','Sengertown','S-TL2 4JY','South Georgia and the South Sandwich Islands',2,NULL,'--- !ruby/hash:ActiveSupport::HashWithIndifferentAccess {}\n','2014-12-23 02:51:57','2014-12-23 02:51:57',NULL),(18,'pius','Pius','Cruickshank','0122649743',1,'0cd54bu7opq91k38qr','pius@zhdk.ch','54dqxvpqlf9ufpwbyn','99224 Gerhold Hills','Botsfordborough','F-L7H 4AB','Finland',2,NULL,'--- !ruby/hash:ActiveSupport::HashWithIndifferentAccess {}\n','2014-12-23 02:51:57','2014-12-23 02:51:57',NULL),(19,'peter','Peter','Silie','03868419416',1,'ka0jsds78a3m6juxbk','peter@silie.com','jqx268bgar66bnujp4','1486 Abbott Route','Strosinfort','O-SH3W 0TY','Oman',2,NULL,'--- !ruby/hash:ActiveSupport::HashWithIndifferentAccess {}\n','2014-12-23 02:51:57','2014-12-23 02:51:57',NULL),(20,'lacy.waters_5623','Penelope','Von','05674396968',1,'fzqoulsrbaq6wex2cq','gudrun.bayer@quitzon.co.uk','xntkw5olxy8a34bj6s','708 Kihn Plain','Justonshire','A-YB5E 3GH','Anguilla',1,NULL,'--- !ruby/hash:ActiveSupport::HashWithIndifferentAccess {}\n','2014-12-23 02:51:57','2014-12-23 02:51:57',NULL),(21,'destiney_2188','Beaulah','Huels','05568483986',1,'ulw8z3ixqokh23jfsf','erik@colegaylord.name','aupesy9tu1382o4mr3','715 Hortense Key','West Wilford','S-R1Y 9JL','Slovenia',1,NULL,'--- !ruby/hash:ActiveSupport::HashWithIndifferentAccess {}\n','2014-12-23 02:51:57','2014-12-23 02:51:57',NULL),(22,'rosamond_anderson_2467','Liam','Mayer','08950266698',1,'z24q7b28ypfbjce7x6','sarah.adams@handdubuque.name','txmjenf6a47phjs0jy','2937 Wyatt Street','Mollyton','C-RR2 5NO','Colombia',1,NULL,'--- !ruby/hash:ActiveSupport::HashWithIndifferentAccess {}\n','2014-12-23 02:51:57','2014-12-23 02:51:57',NULL),(23,'arnold_6984','Lonny','Sporer','0162280279',1,'dm58r14a9c3b0zgock','dejon.leuschke@windler.name','ekrg8oi8a6gbjaq8xl','69750 German Light','Port Hudsonburgh','J-Z1 1LB','Japan',1,NULL,'--- !ruby/hash:ActiveSupport::HashWithIndifferentAccess {}\n','2014-12-23 02:51:57','2014-12-23 02:51:57',NULL),(24,'giuseppe_crooks_4899','Liliane','Purdy','0500449158',1,'y1g41g7tzp6emkfocq','edgardo.donnelly@carter.com','erq07klmo48e70hdsu','650 Michele Alley','Boganville','M-B6 9FW','Mayotte',1,NULL,'--- !ruby/hash:ActiveSupport::HashWithIndifferentAccess {}\n','2014-12-18 00:00:00','2014-12-18 00:00:00',NULL),(25,'woodrow_block_3301','Krista','Bednar','0800621652',1,'fueqpv7tdn0suvos7f','shirley@sauer.biz','2aui3hwplmf0czfj3x','79696 Eleanore Lights','Schillerview','S-U9R 7HX','Sri Lanka',1,NULL,'--- !ruby/hash:ActiveSupport::HashWithIndifferentAccess {}\n','2014-12-18 00:00:00','2014-12-18 00:00:00',NULL),(26,'mina','Mina','Braun','0800358427',1,'86qbzjdodjwlqesk1o','mina@zhdk.ch','90xtplgp3sm56n7y1n','902 Bernard Cliff','Sarinaburgh','W-Z6 6LY','Western Sahara',1,NULL,'--- !ruby/hash:ActiveSupport::HashWithIndifferentAccess {}\n','2014-12-23 02:51:57','2014-12-23 02:51:57',NULL),(27,'julie','Julie','Dickinson','08009992708',1,'nl1iu7q1j2lqoqp49t','julie@zhdk.ch','s8q9zvav0l4gmrye4d','5723 Joelle Prairie','Giovannafort','C-Z5 0BG','Croatia',1,NULL,'--- !ruby/hash:ActiveSupport::HashWithIndifferentAccess {}\n','2014-12-23 02:51:57','2014-12-23 02:51:57',NULL),(28,NULL,'Amet rem earum nemo saepe laborum odio.',NULL,NULL,NULL,NULL,NULL,NULL,NULL,NULL,NULL,NULL,1,NULL,'--- !ruby/hash:ActiveSupport::HashWithIndifferentAccess {}\n','2014-12-23 02:51:57','2014-12-23 02:51:57',27),(29,NULL,'Qui tenetur sequi quisquam molestiae.',NULL,NULL,NULL,NULL,NULL,NULL,NULL,NULL,NULL,NULL,1,NULL,'--- !ruby/hash:ActiveSupport::HashWithIndifferentAccess {}\n','2014-12-23 02:51:57','2014-12-23 02:51:57',26),(30,NULL,'Delectus doloribus voluptatem omnis facilis.',NULL,NULL,NULL,NULL,NULL,NULL,NULL,NULL,NULL,NULL,1,NULL,'--- !ruby/hash:ActiveSupport::HashWithIndifferentAccess {}\n','2014-12-23 02:51:57','2014-12-23 02:51:57',26),(31,NULL,'Facere similique beatae vel laudantium.',NULL,NULL,NULL,NULL,NULL,NULL,NULL,NULL,NULL,NULL,1,NULL,'--- !ruby/hash:ActiveSupport::HashWithIndifferentAccess {}\n','2014-12-23 02:51:57','2014-12-23 02:51:57',26),(32,'normin','Normin','N.','0800874351',1,'lbz8fz9aywevtq0xw5','normin@zhdk.ch','1d9xyzkpc09pxr06jw','9334 Jarrett Spurs','Lake Rosaliafort','P-Z6 2JA','Peru',2,NULL,'--- !ruby/hash:ActiveSupport::HashWithIndifferentAccess {}\n','2014-12-23 02:51:57','2014-12-23 02:51:57',NULL),(33,'petra','Petra','K.','05610608204',1,'8gzz39253iws5kma0e','petra@zhdk.ch','l2ubji8n8mpkb8eqsl','23055 Jayne Loop, ','South Percival','F-SC3 8JT','Finland',2,NULL,'--- !ruby/hash:ActiveSupport::HashWithIndifferentAccess {}\n','2014-12-23 02:51:57','2014-12-23 02:51:57',NULL),(34,'lisa','Lisa','L.','0500944686',1,'j4eatuy3je5tm4h5rq','lisa@zhdk.ch','hsvd8s2fqg35w5wj6o','43188 Lina Meadow','Treutelton','V-N2 1HY','Vanuatu',2,NULL,'--- !ruby/hash:ActiveSupport::HashWithIndifferentAccess {}\n','2014-12-23 02:51:57','2014-12-23 02:51:57',NULL);
/*!40000 ALTER TABLE `users` ENABLE KEYS */;
UNLOCK TABLES;

--
-- Temporary table structure for view `visit_lines`
--

DROP TABLE IF EXISTS `visit_lines`;
/*!50001 DROP VIEW IF EXISTS `visit_lines`*/;
SET @saved_cs_client     = @@character_set_client;
SET character_set_client = utf8;
/*!50001 CREATE TABLE `visit_lines` (
  `visit_id` varchar(86),
  `inventory_pool_id` int(11),
  `user_id` int(11),
  `delegated_user_id` int(11),
  `status` enum('unsubmitted','submitted','rejected','approved','signed','closed'),
  `action` varchar(9),
  `date` date,
  `quantity` int(11),
  `contract_line_id` int(11)
) ENGINE=MyISAM */;
SET character_set_client = @saved_cs_client;

--
-- Temporary table structure for view `visits`
--

DROP TABLE IF EXISTS `visits`;
/*!50001 DROP VIEW IF EXISTS `visits`*/;
SET @saved_cs_client     = @@character_set_client;
SET character_set_client = utf8;
/*!50001 CREATE TABLE `visits` (
  `id` varchar(86),
  `inventory_pool_id` int(11),
  `user_id` int(11),
  `status` enum('unsubmitted','submitted','rejected','approved','signed','closed'),
  `action` varchar(9),
  `date` date,
  `quantity` decimal(32,0)
) ENGINE=MyISAM */;
SET character_set_client = @saved_cs_client;

--
-- Table structure for table `workdays`
--

DROP TABLE IF EXISTS `workdays`;
/*!40101 SET @saved_cs_client     = @@character_set_client */;
/*!40101 SET character_set_client = utf8 */;
CREATE TABLE `workdays` (
  `id` int(11) NOT NULL AUTO_INCREMENT,
  `inventory_pool_id` int(11) DEFAULT NULL,
  `monday` tinyint(1) DEFAULT '1',
  `tuesday` tinyint(1) DEFAULT '1',
  `wednesday` tinyint(1) DEFAULT '1',
  `thursday` tinyint(1) DEFAULT '1',
  `friday` tinyint(1) DEFAULT '1',
  `saturday` tinyint(1) DEFAULT '0',
  `sunday` tinyint(1) DEFAULT '0',
  PRIMARY KEY (`id`),
  KEY `index_workdays_on_inventory_pool_id` (`inventory_pool_id`)
) ENGINE=InnoDB AUTO_INCREMENT=14 DEFAULT CHARSET=utf8 COLLATE=utf8_unicode_ci;
/*!40101 SET character_set_client = @saved_cs_client */;

--
-- Dumping data for table `workdays`
--

LOCK TABLES `workdays` WRITE;
/*!40000 ALTER TABLE `workdays` DISABLE KEYS */;
INSERT INTO `workdays` VALUES (1,1,1,1,1,1,1,0,0),(2,2,1,1,1,1,1,0,0),(3,3,1,1,1,1,1,0,0),(4,4,1,1,1,1,1,0,0),(5,5,1,1,1,1,1,0,0),(6,6,1,1,1,1,1,0,0),(7,7,1,1,1,1,1,0,0),(8,8,1,1,1,1,1,0,0),(9,9,1,1,1,1,1,0,0),(10,10,1,1,1,1,1,0,0),(11,11,1,1,1,1,1,0,0),(12,12,1,1,1,1,1,0,0),(13,13,1,1,1,1,1,0,0);
/*!40000 ALTER TABLE `workdays` ENABLE KEYS */;
UNLOCK TABLES;

--
-- Final view structure for view `partitions_with_generals`
--

/*!50001 DROP TABLE IF EXISTS `partitions_with_generals`*/;
/*!50001 DROP VIEW IF EXISTS `partitions_with_generals`*/;
/*!50001 SET @saved_cs_client          = @@character_set_client */;
/*!50001 SET @saved_cs_results         = @@character_set_results */;
/*!50001 SET @saved_col_connection     = @@collation_connection */;
/*!50001 SET character_set_client      = utf8 */;
/*!50001 SET character_set_results     = utf8 */;
/*!50001 SET collation_connection      = utf8_general_ci */;
/*!50001 CREATE ALGORITHM=UNDEFINED */
/*!50001 VIEW `partitions_with_generals` AS select `partitions`.`model_id` AS `model_id`,`partitions`.`inventory_pool_id` AS `inventory_pool_id`,`partitions`.`group_id` AS `group_id`,`partitions`.`quantity` AS `quantity` from `partitions` union select `i`.`model_id` AS `model_id`,`i`.`inventory_pool_id` AS `inventory_pool_id`,NULL AS `group_id`,(count(`i`.`id`) - ifnull((select sum(`p`.`quantity`) from `partitions` `p` where ((`p`.`model_id` = `i`.`model_id`) and (`p`.`inventory_pool_id` = `i`.`inventory_pool_id`)) group by `p`.`inventory_pool_id`,`p`.`model_id`),0)) AS `quantity` from `items` `i` where (isnull(`i`.`retired`) and (`i`.`is_borrowable` = 1) and isnull(`i`.`parent_id`)) group by `i`.`inventory_pool_id`,`i`.`model_id` */;
/*!50001 SET character_set_client      = @saved_cs_client */;
/*!50001 SET character_set_results     = @saved_cs_results */;
/*!50001 SET collation_connection      = @saved_col_connection */;

--
-- Final view structure for view `visit_lines`
--

/*!50001 DROP TABLE IF EXISTS `visit_lines`*/;
/*!50001 DROP VIEW IF EXISTS `visit_lines`*/;
/*!50001 SET @saved_cs_client          = @@character_set_client */;
/*!50001 SET @saved_cs_results         = @@character_set_results */;
/*!50001 SET @saved_col_connection     = @@collation_connection */;
/*!50001 SET character_set_client      = utf8 */;
/*!50001 SET character_set_results     = utf8 */;
/*!50001 SET collation_connection      = utf8_general_ci */;
/*!50001 CREATE ALGORITHM=UNDEFINED */
/*!50001 VIEW `visit_lines` AS select hex(concat(if((`c`.`status` = 'approved'),`cl`.`start_date`,`cl`.`end_date`),`c`.`inventory_pool_id`,`c`.`user_id`,`c`.`status`)) AS `visit_id`,`c`.`inventory_pool_id` AS `inventory_pool_id`,`c`.`user_id` AS `user_id`,`c`.`delegated_user_id` AS `delegated_user_id`,`c`.`status` AS `status`,if((`c`.`status` = 'approved'),'hand_over','take_back') AS `action`,if((`c`.`status` = 'approved'),`cl`.`start_date`,`cl`.`end_date`) AS `date`,`cl`.`quantity` AS `quantity`,`cl`.`id` AS `contract_line_id` from (`contract_lines` `cl` join `contracts` `c` on((`cl`.`contract_id` = `c`.`id`))) where ((`c`.`status` in ('approved','signed')) and isnull(`cl`.`returned_date`)) order by if((`c`.`status` = 'approved'),`cl`.`start_date`,`cl`.`end_date`) */;
/*!50001 SET character_set_client      = @saved_cs_client */;
/*!50001 SET character_set_results     = @saved_cs_results */;
/*!50001 SET collation_connection      = @saved_col_connection */;

--
-- Final view structure for view `visits`
--

/*!50001 DROP TABLE IF EXISTS `visits`*/;
/*!50001 DROP VIEW IF EXISTS `visits`*/;
/*!50001 SET @saved_cs_client          = @@character_set_client */;
/*!50001 SET @saved_cs_results         = @@character_set_results */;
/*!50001 SET @saved_col_connection     = @@collation_connection */;
/*!50001 SET character_set_client      = utf8 */;
/*!50001 SET character_set_results     = utf8 */;
/*!50001 SET collation_connection      = utf8_general_ci */;
/*!50001 CREATE ALGORITHM=UNDEFINED */
/*!50001 VIEW `visits` AS select hex(concat(`visit_lines`.`date`,`visit_lines`.`inventory_pool_id`,`visit_lines`.`user_id`,`visit_lines`.`status`)) AS `id`,`visit_lines`.`inventory_pool_id` AS `inventory_pool_id`,`visit_lines`.`user_id` AS `user_id`,`visit_lines`.`status` AS `status`,`visit_lines`.`action` AS `action`,`visit_lines`.`date` AS `date`,sum(`visit_lines`.`quantity`) AS `quantity` from `visit_lines` group by `visit_lines`.`user_id`,`visit_lines`.`status`,`visit_lines`.`date`,`visit_lines`.`inventory_pool_id` */;
/*!50001 SET character_set_client      = @saved_cs_client */;
/*!50001 SET character_set_results     = @saved_cs_results */;
/*!50001 SET collation_connection      = @saved_col_connection */;
/*!40103 SET TIME_ZONE=@OLD_TIME_ZONE */;

/*!40101 SET SQL_MODE=@OLD_SQL_MODE */;
/*!40014 SET FOREIGN_KEY_CHECKS=@OLD_FOREIGN_KEY_CHECKS */;
/*!40014 SET UNIQUE_CHECKS=@OLD_UNIQUE_CHECKS */;
/*!40101 SET CHARACTER_SET_CLIENT=@OLD_CHARACTER_SET_CLIENT */;
/*!40101 SET CHARACTER_SET_RESULTS=@OLD_CHARACTER_SET_RESULTS */;
/*!40101 SET COLLATION_CONNECTION=@OLD_COLLATION_CONNECTION */;
/*!40111 SET SQL_NOTES=@OLD_SQL_NOTES */;

-- Dump completed on 2014-08-13 12:22:05
COMMIT;
