SET autocommit=0; SET unique_checks=0; SET foreign_key_checks=0;
-- MySQL dump 10.13  Distrib 5.5.37, for debian-linux-gnu (i686)
--
-- Host: localhost    Database: leihs2_test
-- ------------------------------------------------------
-- Server version	5.5.37-0+wheezy1

/*!40101 SET @OLD_CHARACTER_SET_CLIENT=@@CHARACTER_SET_CLIENT */;
/*!40101 SET @OLD_CHARACTER_SET_RESULTS=@@CHARACTER_SET_RESULTS */;
/*!40101 SET @OLD_COLLATION_CONNECTION=@@COLLATION_CONNECTION */;
/*!40101 SET NAMES utf8 */;
/*!40103 SET @OLD_TIME_ZONE=@@TIME_ZONE */;
/*!40103 SET TIME_ZONE='+00:00' */;
/*!40014 SET @OLD_UNIQUE_CHECKS=@@UNIQUE_CHECKS, UNIQUE_CHECKS=0 */;
/*!40014 SET @OLD_FOREIGN_KEY_CHECKS=@@FOREIGN_KEY_CHECKS, FOREIGN_KEY_CHECKS=0 */;
/*!40101 SET @OLD_SQL_MODE=@@SQL_MODE, SQL_MODE='NO_AUTO_VALUE_ON_ZERO' */;
/*!40111 SET @OLD_SQL_NOTES=@@SQL_NOTES, SQL_NOTES=0 */;

--
-- Table structure for table `access_rights`
--

DROP TABLE IF EXISTS `access_rights`;
/*!40101 SET @saved_cs_client     = @@character_set_client */;
/*!40101 SET character_set_client = utf8 */;
CREATE TABLE `access_rights` (
  `id` int(11) NOT NULL AUTO_INCREMENT,
  `user_id` int(11) DEFAULT NULL,
  `inventory_pool_id` int(11) DEFAULT NULL,
  `suspended_until` date DEFAULT NULL,
  `suspended_reason` text COLLATE utf8_unicode_ci,
  `deleted_at` date DEFAULT NULL,
  `created_at` datetime DEFAULT NULL,
  `updated_at` datetime DEFAULT NULL,
  `role` enum('customer','group_manager','lending_manager','inventory_manager','admin') COLLATE utf8_unicode_ci NOT NULL,
  PRIMARY KEY (`id`),
  KEY `index_access_rights_on_suspended_until` (`suspended_until`),
  KEY `index_access_rights_on_deleted_at` (`deleted_at`),
  KEY `index_access_rights_on_inventory_pool_id` (`inventory_pool_id`),
  KEY `index_access_rights_on_role` (`role`),
  KEY `index_on_user_id_and_inventory_pool_id_and_deleted_at` (`user_id`,`inventory_pool_id`,`deleted_at`)
) ENGINE=InnoDB AUTO_INCREMENT=41 DEFAULT CHARSET=utf8 COLLATE=utf8_unicode_ci;
/*!40101 SET character_set_client = @saved_cs_client */;

--
-- Dumping data for table `access_rights`
--

LOCK TABLES `access_rights` WRITE;
/*!40000 ALTER TABLE `access_rights` DISABLE KEYS */;
INSERT INTO `access_rights` VALUES (1,1,NULL,NULL,NULL,NULL,'2011-09-09 19:30:50','2011-09-09 19:30:50','admin'),(2,2,NULL,NULL,NULL,NULL,'2011-09-09 19:30:50','2011-09-09 19:30:50','admin'),(3,4,3,NULL,NULL,NULL,'2011-09-09 19:30:50','2011-09-09 19:30:50','customer'),(4,5,1,NULL,NULL,NULL,'2011-09-09 19:30:50','2011-09-09 19:30:50','lending_manager'),(5,6,5,NULL,NULL,NULL,'2011-09-09 19:30:50','2011-09-09 19:30:50','customer'),(6,7,11,NULL,NULL,NULL,'2011-09-09 19:30:50','2011-09-09 19:30:50','customer'),(7,8,1,NULL,NULL,'2011-09-09','2011-09-09 19:30:50','2011-09-09 19:30:50','customer'),(8,2,1,NULL,NULL,NULL,'2011-09-09 19:30:50','2011-09-09 19:30:50','customer'),(9,9,2,NULL,NULL,NULL,'2011-09-09 19:30:50','2011-09-09 19:30:50','inventory_manager'),(10,10,1,NULL,NULL,NULL,'2011-09-09 19:30:50','2011-09-09 19:30:50','inventory_manager'),(11,10,11,NULL,NULL,NULL,'2011-09-09 19:30:50','2011-09-09 19:30:50','inventory_manager'),(12,11,1,NULL,NULL,NULL,'2011-09-09 19:30:50','2011-09-09 19:30:50','lending_manager'),(13,11,2,NULL,NULL,NULL,'2011-09-09 19:30:50','2011-09-09 19:30:50','lending_manager'),(14,12,1,NULL,NULL,NULL,'2011-09-09 19:30:50','2011-09-09 19:30:50','customer'),(15,13,1,NULL,NULL,NULL,'2011-09-09 19:30:50','2011-09-09 19:30:50','customer'),(16,14,1,NULL,NULL,NULL,'2011-09-09 19:30:50','2011-09-09 19:30:50','customer'),(17,15,1,NULL,NULL,NULL,'2011-09-09 19:30:50','2011-09-09 19:30:50','customer'),(18,16,1,NULL,NULL,NULL,'2011-09-09 19:30:50','2011-09-09 19:30:50','customer'),(19,17,2,'2011-09-05','Iste vel quidem quis necessitatibus reprehenderit.',NULL,'2011-09-04 00:00:00','2011-09-04 00:00:00','customer'),(20,19,1,NULL,NULL,NULL,'2011-09-09 19:30:50','2011-09-09 19:30:50','customer'),(21,20,1,NULL,NULL,NULL,'2011-09-09 19:30:50','2011-09-09 19:30:50','customer'),(22,21,1,NULL,NULL,NULL,'2011-09-09 19:30:50','2011-09-09 19:30:50','customer'),(23,22,1,NULL,NULL,NULL,'2011-09-09 19:30:50','2011-09-09 19:30:50','customer'),(24,24,1,NULL,NULL,NULL,'2011-09-09 19:30:50','2011-09-09 19:30:50','customer'),(25,24,12,NULL,NULL,NULL,'2011-09-09 19:30:50','2011-09-09 19:30:50','customer'),(26,25,1,NULL,NULL,NULL,'2011-09-09 19:30:50','2011-09-09 19:30:50','customer'),(27,25,2,NULL,NULL,NULL,'2011-09-09 19:30:50','2011-09-09 19:30:50','customer'),(28,25,3,NULL,NULL,NULL,'2011-09-09 19:30:50','2011-09-09 19:30:50','customer'),(29,25,12,NULL,NULL,'2011-09-08','2011-09-09 19:30:50','2011-09-09 19:30:50','customer'),(30,26,1,NULL,NULL,NULL,'2011-09-09 19:30:50','2011-09-09 19:30:50','customer'),(31,27,1,NULL,NULL,NULL,'2011-09-09 19:30:50','2011-09-09 19:30:50','group_manager'),(32,27,2,NULL,NULL,NULL,'2011-09-09 19:30:50','2011-09-09 19:30:50','group_manager'),(33,27,3,NULL,NULL,NULL,'2011-09-09 19:30:50','2011-09-09 19:30:50','group_manager'),(34,28,1,NULL,NULL,NULL,'2011-09-09 19:30:50','2011-09-09 19:30:50','group_manager'),(35,29,1,NULL,NULL,NULL,'2011-09-09 19:30:50','2011-09-09 19:30:50','customer'),(36,30,1,'2011-09-09','suspreason',NULL,'2011-09-09 19:30:50','2011-09-09 19:30:50','customer'),(37,31,1,NULL,NULL,NULL,'2011-09-09 19:30:50','2011-09-09 19:30:50','customer'),(38,32,1,NULL,NULL,NULL,'2011-09-09 19:30:50','2011-09-09 19:30:50','customer'),(39,33,1,NULL,NULL,NULL,'2011-09-09 19:30:50','2011-09-09 19:30:50','customer'),(40,34,1,NULL,NULL,NULL,'2011-09-09 19:30:50','2011-09-09 19:30:50','customer');
/*!40000 ALTER TABLE `access_rights` ENABLE KEYS */;
UNLOCK TABLES;

--
-- Table structure for table `accessories`
--

DROP TABLE IF EXISTS `accessories`;
/*!40101 SET @saved_cs_client     = @@character_set_client */;
/*!40101 SET character_set_client = utf8 */;
CREATE TABLE `accessories` (
  `id` int(11) NOT NULL AUTO_INCREMENT,
  `model_id` int(11) DEFAULT NULL,
  `name` varchar(255) COLLATE utf8_unicode_ci DEFAULT NULL,
  `quantity` int(11) DEFAULT NULL,
  PRIMARY KEY (`id`),
  KEY `index_accessories_on_model_id` (`model_id`)
) ENGINE=InnoDB AUTO_INCREMENT=545 DEFAULT CHARSET=utf8 COLLATE=utf8_unicode_ci;
/*!40101 SET character_set_client = @saved_cs_client */;

--
-- Dumping data for table `accessories`
--

LOCK TABLES `accessories` WRITE;
/*!40000 ALTER TABLE `accessories` DISABLE KEYS */;
INSERT INTO `accessories` VALUES (1,1,'Ashton Luettgen',NULL),(2,1,'Deontae Jacobson',NULL),(3,1,'Rachelle Wehner',NULL),(4,1,'Maryjane Roberts',NULL),(5,1,'Mrs. Titus Waelchi',NULL),(6,2,'Dr. Rocky Pouros',NULL),(7,2,'Mrs. Pierce Torp',NULL),(8,2,'Ray Hickle',NULL),(9,2,'Shyanne Waelchi',NULL),(10,3,'Greg Jerde',NULL),(11,3,'Clarissa Reichel',NULL),(12,3,'Dr. Frederique Hammes',NULL),(13,4,'Beryl Gibson V',NULL),(14,4,'Alexander Pouros V',NULL),(15,4,'Kade Pouros',NULL),(16,5,'Arnaldo Kub',NULL),(17,5,'Mohamed Gerlach',NULL),(18,5,'Salma Price',NULL),(19,5,'Mr. Maida Goodwin',NULL),(20,6,'Maximus Champlin',NULL),(21,6,'Viviane Heaney',NULL),(22,6,'Zackary Stiedemann',NULL),(23,6,'Kyla Collier',NULL),(24,6,'Andreane Roberts',NULL),(25,7,'Mr. Reginald Sporer',NULL),(26,7,'Sonia Kovacek',NULL),(27,7,'Sibyl Cremin',NULL),(28,7,'Isabell Ledner',NULL),(29,7,'Eva Pfannerstill',NULL),(30,8,'Lowell Huels',NULL),(31,8,'Marjolaine Gulgowski',NULL),(32,8,'Myah Walter',NULL),(33,9,'Humberto Jacobs IV',NULL),(34,9,'Mazie Schroeder',NULL),(35,9,'Connor Abshire DDS',NULL),(36,9,'Carmelo Rau',NULL),(37,9,'Maritza O\'Kon',NULL),(38,10,'Gertrude Hessel',NULL),(39,10,'Max Koelpin IV',NULL),(40,10,'Norwood Schaden',NULL),(41,10,'Jovany Conn',NULL),(42,10,'Mrs. Pamela Altenwerth',NULL),(43,11,'Miss Winifred Klein',NULL),(44,11,'Mr. Benton Mann',NULL),(45,11,'Alexandre Brown',NULL),(46,12,'Vida Jacobson',NULL),(47,12,'Carlotta D\'Amore',NULL),(48,12,'Willis Legros',NULL),(49,12,'Fannie Mraz',NULL),(50,12,'Agustin Wisoky',NULL),(51,13,'Bernadine Kirlin',NULL),(52,13,'Amy Kassulke',NULL),(53,13,'Viola Casper',NULL),(54,13,'Dominic Stracke',NULL),(55,13,'Kody Miller',NULL),(56,14,'Valentina Altenwerth MD',NULL),(57,14,'Astrid Swaniawski',NULL),(58,14,'Kaelyn Grant',NULL),(59,14,'Anika Lebsack',NULL),(60,15,'Mrs. Merle Wisozk',NULL),(61,15,'Anastacio Runolfsson',NULL),(62,15,'Cale Johnston',NULL),(63,15,'Ms. Jonatan Hamill',NULL),(64,15,'Evangeline Wilderman',NULL),(65,16,'Austyn Dietrich',NULL),(66,16,'Horace Wolff Jr.',NULL),(67,17,'Merl Miller',NULL),(68,17,'Cassidy Kub',NULL),(69,17,'Karlie Spinka',NULL),(70,18,'Tristian Runte',NULL),(71,18,'Rossie Roberts',NULL),(72,18,'Ms. Zack Kovacek',NULL),(73,18,'Alek Yost IV',NULL),(74,18,'Haley Runolfsdottir',NULL),(75,19,'Jannie Kerluke',NULL),(76,19,'Barton Harris',NULL),(77,19,'Pierce Bartell PhD',NULL),(78,19,'Miss Grace Wisozk',NULL),(79,19,'Heidi Romaguera',NULL),(80,20,'Casimir Lueilwitz',NULL),(81,20,'Vivian Gleason',NULL),(82,20,'Justice Walker',NULL),(83,21,'Laisha Trantow III',NULL),(84,21,'Karelle VonRueden',NULL),(85,21,'Antwon Macejkovic',NULL),(86,22,'Alec Hyatt',NULL),(87,22,'Rasheed Langworth',NULL),(88,22,'Miss Delbert Jones',NULL),(89,23,'Alejandrin Bergnaum III',NULL),(90,23,'Therese Kshlerin',NULL),(91,23,'Mrs. Braulio Cummerata',NULL),(92,23,'Leila Toy',NULL),(93,23,'Miss Dessie Marquardt',NULL),(94,24,'Freeman Barton',NULL),(95,24,'Myron Rice V',NULL),(96,24,'Keegan Greenholt',NULL),(97,24,'Joan Bruen',NULL),(98,24,'Whitney Braun II',NULL),(99,25,'Derek Armstrong',NULL),(100,25,'Emmet Streich',NULL),(101,26,'Mr. Delbert Spinka',NULL),(102,26,'Ian Wisozk',NULL),(103,26,'Adela Cummings',NULL),(104,26,'Casper Bruen',NULL),(105,26,'Raleigh Corwin',NULL),(106,27,'Orrin Mraz',NULL),(107,27,'Fannie Wintheiser',NULL),(108,27,'Dr. Neoma Kuhn',NULL),(109,27,'Dylan Simonis',NULL),(110,27,'Ms. Andreane Kuphal',NULL),(111,28,'Ova Jacobi',NULL),(112,28,'Fleta Schneider',NULL),(113,28,'Mr. Hoyt Satterfield',NULL),(114,28,'Mr. Billy Brown',NULL),(115,28,'Eduardo Cronin',NULL),(116,29,'Tyra Conn',NULL),(117,30,'Mrs. Waino Boyer',NULL),(118,31,'Fidel Macejkovic',NULL),(119,31,'Dominic West',NULL),(120,31,'Dell Larson',NULL),(121,32,'Mr. Alexandrine Heaney',NULL),(122,32,'Hyman Daniel',NULL),(123,32,'Ms. Alda Gorczany',NULL),(124,32,'Will Kessler',NULL),(125,32,'Emilia Hane',NULL),(126,33,'Maud Gusikowski',NULL),(127,33,'Karen Bednar',NULL),(128,33,'Miss Hiram Daugherty',NULL),(129,34,'Mark Orn',NULL),(130,34,'Maurine O\'Reilly',NULL),(131,34,'Mercedes Howe',NULL),(132,34,'Rafael Cormier',NULL),(133,35,'Jace Halvorson',NULL),(134,35,'Ayana Schneider',NULL),(135,35,'Rickey Powlowski',NULL),(136,35,'Ruben Ledner',NULL),(137,36,'Darrick Schiller',NULL),(138,37,'Armand Kshlerin',NULL),(139,38,'Mr. Greg Will',NULL),(140,38,'Mrs. Lyric Hoppe',NULL),(141,38,'Ms. Linnea Abshire',NULL),(142,38,'Ole DuBuque',NULL),(143,39,'Drew Spencer',NULL),(144,39,'Mr. Maximo Gorczany',NULL),(145,39,'Myron Simonis',NULL),(146,40,'Alia Spencer',NULL),(147,40,'Dr. Lavern Nienow',NULL),(148,41,'Lavon Halvorson MD',NULL),(149,41,'Miss Joshua Turcotte',NULL),(150,41,'Cordie Hoeger',NULL),(151,41,'Reese Yundt',NULL),(152,42,'Antonia Sanford',NULL),(153,43,'Roosevelt Larson',NULL),(154,43,'Roscoe Ryan',NULL),(155,43,'Mrs. Maye Bernhard',NULL),(156,43,'Ms. Talia Emmerich',NULL),(157,43,'Jace Collins',NULL),(158,44,'Katheryn Jerde',NULL),(159,44,'Ms. Buster Streich',NULL),(160,44,'Novella Koch',NULL),(161,44,'Tyshawn Borer',NULL),(162,45,'Zachary Harvey',NULL),(163,45,'Salvador Braun V',NULL),(164,46,'Miss Bethel Gorczany',NULL),(165,46,'Denis Corwin',NULL),(166,47,'Mrs. Sabryna Ratke',NULL),(167,47,'Gracie Funk',NULL),(168,47,'Monique Larson Jr.',NULL),(169,47,'Cyrus Bayer',NULL),(170,48,'Reggie Daugherty',NULL),(171,48,'Kade Collier',NULL),(172,48,'Leopoldo Bauch',NULL),(173,48,'Toney Kreiger',NULL),(174,48,'Miss Camylle Hirthe',NULL),(175,49,'Lonie Kertzmann',NULL),(176,49,'Zachery Schiller',NULL),(177,49,'Earnestine Koepp',NULL),(178,50,'Opal Bosco',NULL),(179,50,'Quincy Kirlin',NULL),(180,50,'Ayden Runte',NULL),(181,50,'Celestine Schaden',NULL),(182,50,'Horacio Sporer',NULL),(183,51,'Miss Earline Block',NULL),(184,51,'Earnestine Kilback PhD',NULL),(185,51,'Diego Rath',NULL),(186,52,'Elna Bogan',NULL),(187,52,'Mr. Brent Koch',NULL),(188,53,'Reid Hilll',NULL),(189,53,'Joey Morissette',NULL),(190,53,'Willie Kessler',NULL),(191,54,'Felipa Stanton',NULL),(192,54,'Davonte Rempel I',NULL),(193,55,'Deshaun Wyman',NULL),(194,55,'Jo Thiel',NULL),(195,55,'Barton Bashirian',NULL),(196,55,'Travon Goldner',NULL),(197,56,'Kim Swift',NULL),(198,56,'Sydney Pfeffer',NULL),(199,56,'Viva Mraz Jr.',NULL),(200,56,'Dr. Jasen Littel',NULL),(201,57,'Rickie Kemmer',NULL),(202,57,'Miss Lyric Price',NULL),(203,57,'Abbigail Denesik',NULL),(204,58,'Colten Koch MD',NULL),(205,58,'Lela Bogan Jr.',NULL),(206,58,'Andy Simonis',NULL),(207,58,'Ms. Cara Wuckert',NULL),(208,59,'Kade Littel',NULL),(209,60,'Haley O\'Kon',NULL),(210,60,'Karli Zieme',NULL),(211,60,'Sydney Spencer',NULL),(212,61,'Nova Fadel',NULL),(213,61,'Carolyn Balistreri',NULL),(214,62,'Kris McGlynn',NULL),(215,62,'Elissa Gaylord',NULL),(216,62,'Kylee Fisher',NULL),(217,62,'Bradford Stark IV',NULL),(218,63,'Lily Schmitt',NULL),(219,63,'Ayla Labadie',NULL),(220,63,'Irving Hettinger Jr.',NULL),(221,64,'Maritza Lakin IV',NULL),(222,64,'Ms. Garnet Reynolds',NULL),(223,64,'Jamaal Nienow',NULL),(224,64,'Clementina Skiles',NULL),(225,65,'Kenneth Schneider',NULL),(226,66,'Amalia Abbott',NULL),(227,66,'Virgie Hoeger',NULL),(228,66,'Maud O\'Connell',NULL),(229,67,'Alvis Tillman',NULL),(230,67,'Alexys Zboncak',NULL),(231,67,'Veronica Paucek',NULL),(232,67,'Columbus Cronin',NULL),(233,68,'Saige Casper',NULL),(234,68,'Miss Edwina Okuneva',NULL),(235,68,'Kennedi Boehm DVM',NULL),(236,69,'Lavonne Kerluke',NULL),(237,69,'Dr. Vesta Bernier',NULL),(238,69,'Bret Murray',NULL),(239,69,'Dr. Martine Roberts',NULL),(240,70,'Christine Abshire',NULL),(241,70,'Royce Schowalter',NULL),(242,70,'Larissa Stanton',NULL),(243,71,'Lee Kessler',NULL),(244,71,'Camila Powlowski',NULL),(245,71,'Austen Goldner',NULL),(246,72,'Joshua Volkman',NULL),(247,72,'Ibrahim Lockman',NULL),(248,72,'Antonio Kerluke',NULL),(249,72,'Casey Kozey',NULL),(250,72,'Hal Kiehn Sr.',NULL),(251,73,'Olin Ortiz DVM',NULL),(252,73,'Jared Lang',NULL),(253,73,'Rhea Stokes IV',NULL),(254,73,'Ericka Crona',NULL),(255,73,'Mr. Maxie Raynor',NULL),(256,74,'Conor Runolfsdottir Jr.',NULL),(257,74,'Ms. Al Hirthe',NULL),(258,74,'Omer Gulgowski',NULL),(259,75,'Twila Huels',NULL),(260,75,'Bud Lehner',NULL),(261,75,'Sandrine Schinner',NULL),(262,75,'Nathaniel Hettinger',NULL),(263,75,'Estefania O\'Hara',NULL),(264,76,'Marina Zieme',NULL),(265,76,'Heber Veum',NULL),(266,76,'Matteo Christiansen PhD',NULL),(267,76,'Mckenzie Bosco',NULL),(268,77,'Hiram Tillman',NULL),(269,77,'Khalil Effertz',NULL),(270,77,'Ms. Kaycee Kihn',NULL),(271,77,'Adrain Mosciski',NULL),(272,77,'Alec Rice',NULL),(273,78,'Alfred Romaguera II',NULL),(274,78,'Kailyn Leffler',NULL),(275,79,'Mr. Violet Kihn',NULL),(276,79,'Bernie Kuvalis',NULL),(277,80,'Antone Bartell',NULL),(278,81,'Hershel Konopelski',NULL),(279,82,'Brooke Haag',NULL),(280,82,'Jaiden Hamill',NULL),(281,83,'Hillary Rolfson',NULL),(282,84,'Dallas Wiza DDS',NULL),(283,84,'Kristian Rosenbaum',NULL),(284,84,'Malika Brakus IV',NULL),(285,84,'Mr. Eldred Hessel',NULL),(286,85,'Larue Monahan',NULL),(287,85,'Miss Cordell Reichel',NULL),(288,85,'Murray Gaylord',NULL),(289,85,'Ross Cassin I',NULL),(290,86,'Meredith Tremblay II',NULL),(291,87,'Adrianna Howe',NULL),(292,87,'Jeremie Shields',NULL),(293,87,'Dr. Carole Daniel',NULL),(294,88,'Crystal Shanahan DDS',NULL),(295,88,'Dawn Casper',NULL),(296,89,'Dr. Nyasia Boehm',NULL),(297,90,'Dr. Deshaun Legros',NULL),(298,91,'Graciela Fisher',NULL),(299,91,'Linnea Fahey II',NULL),(300,91,'Taylor Raynor',NULL),(301,92,'Mavis Will II',NULL),(302,92,'Rebeka Windler',NULL),(303,93,'Elinor Greenholt',NULL),(304,93,'Shakira O\'Connell',NULL),(305,93,'Halie Marvin',NULL),(306,93,'Hector Lindgren',NULL),(307,93,'Leon Roob',NULL),(308,94,'Antonietta Wintheiser',NULL),(309,94,'Mohammad Ankunding',NULL),(310,95,'Crystal Pollich',NULL),(311,95,'Violet Schulist',NULL),(312,95,'Eliane Torp',NULL),(313,96,'Lea Howell Sr.',NULL),(314,96,'Miss Madelynn Wisozk',NULL),(315,97,'Savannah Larson DDS',NULL),(316,98,'Blake Morar',NULL),(317,98,'Alexandrine Gulgowski',NULL),(318,98,'Mr. Marisol Leannon',NULL),(319,98,'Fleta Hoppe',NULL),(320,99,'Miguel Witting',NULL),(321,99,'Cornell Abshire',NULL),(322,99,'Althea Eichmann PhD',NULL),(323,100,'Angela Cummings',NULL),(324,100,'Carmelo Kuhic',NULL),(325,100,'Alyson Mann Jr.',NULL),(326,100,'Scarlett Waters',NULL),(327,100,'Gerda O\'Conner Sr.',NULL),(328,101,'Emil Hirthe',NULL),(329,102,'Bethel Nader',NULL),(330,102,'Mrs. King Prosacco',NULL),(331,103,'Jaron Durgan',NULL),(332,104,'Miss Bret Wisoky',NULL),(333,104,'Marco Kris',NULL),(334,104,'Marta Wilderman',NULL),(335,104,'Jerry Jakubowski',NULL),(336,104,'Kacie Grant',NULL),(337,105,'Willis Buckridge DDS',NULL),(338,105,'Mr. Jamarcus Beatty',NULL),(339,105,'Reynold O\'Reilly PhD',NULL),(340,105,'Nya Hettinger',NULL),(341,105,'Gaetano Frami',NULL),(342,106,'Otto Wolff',NULL),(343,106,'Flossie O\'Reilly',NULL),(344,106,'Rodrigo Nitzsche',NULL),(345,106,'Casper Beahan',NULL),(346,106,'Amani Hayes',NULL),(347,107,'Grant Hammes Jr.',NULL),(348,108,'Maximillia Tremblay',NULL),(349,108,'Mikayla Schiller MD',NULL),(350,108,'Hayley Kuhn III',NULL),(351,108,'Dr. Monica Gleichner',NULL),(352,109,'Christophe Kihn',NULL),(353,109,'Kyleigh Kutch',NULL),(354,109,'Percy Schultz',NULL),(355,109,'Lorenzo Tillman',NULL),(356,110,'Carlee Gleichner',NULL),(357,110,'Zora Schimmel',NULL),(358,110,'Arianna Kuvalis',NULL),(359,110,'Alba Howell MD',NULL),(360,110,'Miss Sandra Weimann',NULL),(361,111,'Kayley Adams',NULL),(362,111,'Ottis Hermann',NULL),(363,111,'Miss Jadyn Rempel',NULL),(364,112,'Easton Dach II',NULL),(365,112,'Anne Simonis',NULL),(366,113,'Justen Moore DDS',NULL),(367,113,'Kameron Rolfson II',NULL),(368,113,'Tobin Kuhn',NULL),(369,114,'Sonny Bradtke',NULL),(370,114,'Loyce Kozey',NULL),(371,114,'Mr. Christop Mueller',NULL),(372,114,'Emanuel Stroman',NULL),(373,115,'Mrs. Delta Jones',NULL),(374,115,'Casandra Dickinson',NULL),(375,115,'Payton Windler',NULL),(376,116,'Mr. Jessica Witting',NULL),(377,116,'Danielle West',NULL),(378,117,'Roman Schinner',NULL),(379,117,'Devonte Hintz V',NULL),(380,117,'Clinton Koch',NULL),(381,118,'Mose Morissette Jr.',NULL),(382,118,'Margarita Nikolaus DVM',NULL),(383,118,'Bria Ward',NULL),(384,118,'Jennyfer Terry',NULL),(385,119,'Pearline Olson',NULL),(386,120,'Jadyn Deckow',NULL),(387,120,'Austin Koch',NULL),(388,120,'Destinee Kozey',NULL),(389,120,'Mrs. Claud West',NULL),(390,120,'Maxie Goodwin',NULL),(391,121,'Abner Olson',NULL),(392,122,'Kaia Gottlieb',NULL),(393,122,'Sierra Wolff',NULL),(394,122,'Alta Quitzon',NULL),(395,122,'Dakota Leffler',NULL),(396,123,'Garry Pfeffer',NULL),(397,124,'Breanna Bartell',NULL),(398,124,'Mrs. Ronny Flatley',NULL),(399,125,'Maci Funk',NULL),(400,125,'Ariel Wiza',NULL),(401,126,'Jaylon Zulauf',NULL),(402,126,'Abel Beatty',NULL),(403,126,'Richard Wintheiser',NULL),(404,126,'Ceasar Raynor',NULL),(405,127,'Emerson Kris',NULL),(406,127,'Henri Pfeffer',NULL),(407,127,'Lysanne Heaney I',NULL),(408,127,'Halle Carter',NULL),(409,127,'Paul Beer',NULL),(410,128,'Drew Casper',NULL),(411,128,'Miss Maude Kessler',NULL),(412,128,'Sydney Shields',NULL),(413,128,'Ms. Clara Jaskolski',NULL),(414,129,'Benton Torphy',NULL),(415,130,'Garth Daugherty',NULL),(416,131,'Virgie Roberts III',NULL),(417,131,'Mr. Hayley Cummings',NULL),(418,131,'Noel Ernser',NULL),(419,131,'Miss Noble Willms',NULL),(420,131,'Emmitt Johnson II',NULL),(421,132,'Ora Lehner',NULL),(422,132,'Ryley Kreiger DVM',NULL),(423,132,'Porter Jenkins',NULL),(424,132,'Alfreda Barton',NULL),(425,133,'Jo Kunze',NULL),(426,133,'Salma Johnson',NULL),(427,133,'Tiana Bergnaum',NULL),(428,133,'Justina Upton',NULL),(429,133,'Grady Konopelski',NULL),(430,134,'Kara Durgan',NULL),(431,134,'Norris Toy',NULL),(432,134,'Abel Corwin',NULL),(433,134,'Benjamin Greenholt DDS',NULL),(434,134,'Aletha Zulauf IV',NULL),(435,135,'Jaeden Kreiger',NULL),(436,135,'Lindsey Koss',NULL),(437,135,'Kaylie Stracke',NULL),(438,135,'Frances Gerhold',NULL),(439,135,'Kurtis Johnson',NULL),(440,136,'Casper Towne DDS',NULL),(441,137,'Dr. Hellen Price',NULL),(442,137,'Dannie Sanford',NULL),(443,137,'Donnie Jenkins',NULL),(444,137,'Garret Wilderman',NULL),(445,137,'Tamia Huel',NULL),(446,138,'Dustin Cummerata IV',NULL),(447,138,'Coleman Herman',NULL),(448,138,'Nicklaus Moen',NULL),(449,138,'Britney Kuhn',NULL),(450,139,'Deborah Daniel',NULL),(451,139,'Savannah Raynor',NULL),(452,139,'Kari Larkin',NULL),(453,140,'Chelsea O\'Hara',NULL),(454,140,'Lucinda Littel V',NULL),(455,140,'Dr. Kennedy Stracke',NULL),(456,140,'Trevor Wisozk',NULL),(457,140,'Crystal O\'Connell',NULL),(458,141,'Mrs. Fannie Hahn',NULL),(459,141,'Jeanie Waters',NULL),(460,141,'Jett Volkman',NULL),(461,141,'Price Gusikowski',NULL),(462,141,'Mr. Darion Farrell',NULL),(463,142,'Jayme Kautzer',NULL),(464,143,'Bertrand Yundt II',NULL),(465,143,'Mallie Johns',NULL),(466,143,'Quentin Reichert',NULL),(467,143,'Gayle Batz',NULL),(468,143,'Ms. April Price',NULL),(469,144,'Ms. Haskell Jones',NULL),(470,144,'Carolanne Runolfsdottir',NULL),(471,144,'Raymundo Rohan',NULL),(472,145,'Gustave Adams',NULL),(473,145,'Oswald Kunde',NULL),(474,145,'Lane Goodwin',NULL),(475,145,'Obie Heidenreich',NULL),(476,145,'Brad Cassin Jr.',NULL),(477,146,'Ernestine Bruen III',NULL),(478,147,'Mrs. Lorenzo Feeney',NULL),(479,147,'Jaclyn Collier',NULL),(480,147,'Alexandra Carroll',NULL),(481,147,'Tianna Pagac DVM',NULL),(482,147,'Judy Mante Jr.',NULL),(483,148,'Gunnar Gleason',NULL),(484,148,'Ms. Nicklaus Lueilwitz',NULL),(485,148,'Jedidiah Eichmann',NULL),(486,149,'Roosevelt Balistreri',NULL),(487,149,'Shaylee Schiller',NULL),(488,149,'Era Reichert',NULL),(489,149,'Emmy Legros IV',NULL),(490,149,'Dr. Korey Torphy',NULL),(491,150,'Miss Keyshawn Tillman',NULL),(492,150,'Laura Bogisich',NULL),(493,150,'Donald Bayer',NULL),(494,150,'Rico Schoen',NULL),(495,151,'Willie Hand',NULL),(496,152,'Kamron Hilll',NULL),(497,152,'Art Davis',NULL),(498,152,'Genevieve Okuneva DVM',NULL),(499,152,'Natasha Langosh',NULL),(500,153,'Bertha Gottlieb',NULL),(501,153,'Gabe Eichmann',NULL),(502,153,'Raphael Green',NULL),(503,154,'Ms. Alden Huels',NULL),(504,154,'Alden Bashirian',NULL),(505,155,'Lenore Marquardt IV',NULL),(506,155,'Katherine Murray',NULL),(507,155,'Gillian Weissnat',NULL),(508,156,'Helmer White',NULL),(509,156,'Ian Langworth',NULL),(510,157,'Lurline Reichert',NULL),(511,158,'Garrick Cole',NULL),(512,158,'Dr. Nathaniel Pouros',NULL),(513,158,'Jefferey Durgan PhD',NULL),(514,158,'Izabella Haley',NULL),(515,159,'Ms. Justus Morar',NULL),(516,159,'Lyric Hoeger',NULL),(517,159,'Mrs. Mitchel Walsh',NULL),(518,159,'Abigayle Fisher',NULL),(519,159,'Armando Daniel',NULL),(520,160,'Missouri Bergstrom',NULL),(521,160,'Heath Cartwright II',NULL),(522,160,'Finn Gusikowski I',NULL),(523,161,'Donavon Wolff',NULL),(524,161,'Ayden Welch V',NULL),(525,161,'Price Friesen',NULL),(526,162,'Mrs. Macie Borer',NULL),(527,162,'Devon Wehner',NULL),(528,162,'Luigi Wisozk Jr.',NULL),(529,162,'Emilie Wisozk',NULL),(530,162,'Mrs. Fausto Skiles',NULL),(531,163,'Javon Marks',NULL),(532,163,'Hubert Terry',NULL),(533,163,'Maybell Bailey',NULL),(534,163,'Desmond Schulist V',NULL),(535,164,'Dino Osinski',NULL),(536,164,'Fernando Wiza',NULL),(537,164,'Humberto Stokes',NULL),(538,164,'Maude Stanton',NULL),(539,164,'Mrs. Winnifred O\'Keefe',NULL),(540,165,'Miss Estell Towne',NULL),(541,165,'Glenna O\'Conner DVM',NULL),(542,165,'Ed Howe',NULL),(543,165,'Wilhelmine Smith',NULL),(544,165,'Ryleigh Murphy',NULL);
/*!40000 ALTER TABLE `accessories` ENABLE KEYS */;
UNLOCK TABLES;

--
-- Table structure for table `accessories_inventory_pools`
--

DROP TABLE IF EXISTS `accessories_inventory_pools`;
/*!40101 SET @saved_cs_client     = @@character_set_client */;
/*!40101 SET character_set_client = utf8 */;
CREATE TABLE `accessories_inventory_pools` (
  `accessory_id` int(11) DEFAULT NULL,
  `inventory_pool_id` int(11) DEFAULT NULL,
  UNIQUE KEY `index_accessories_inventory_pools` (`accessory_id`,`inventory_pool_id`),
  KEY `index_accessories_inventory_pools_on_inventory_pool_id` (`inventory_pool_id`)
) ENGINE=InnoDB DEFAULT CHARSET=utf8 COLLATE=utf8_unicode_ci;
/*!40101 SET character_set_client = @saved_cs_client */;

--
-- Dumping data for table `accessories_inventory_pools`
--

LOCK TABLES `accessories_inventory_pools` WRITE;
/*!40000 ALTER TABLE `accessories_inventory_pools` DISABLE KEYS */;
INSERT INTO `accessories_inventory_pools` VALUES (2,1),(3,1),(4,1),(9,1),(12,1),(14,1),(16,1),(17,1),(18,1),(20,1),(21,1),(26,1),(27,1),(29,1),(30,1),(31,1),(32,1),(37,1),(41,1),(42,1),(43,1),(44,1),(45,1),(46,1),(47,1),(50,1),(51,1),(52,1),(54,1),(57,1),(58,1),(61,1),(65,1),(67,1),(68,1),(69,1),(70,1),(71,1),(74,1),(75,1),(76,1),(77,1),(78,1),(83,1),(85,1),(87,1),(88,1),(92,1),(98,1),(100,1),(101,1),(102,1),(103,1),(105,1),(106,1),(107,1),(108,1),(109,1),(111,1),(115,1),(117,1),(118,1),(119,1),(128,1),(129,1),(132,1),(133,1),(134,1),(135,1),(136,1),(137,1),(139,1),(140,1),(141,1),(145,1),(146,1),(147,1),(148,1),(150,1),(153,1),(154,1),(155,1),(156,1),(158,1),(160,1),(161,1),(164,1),(165,1),(167,1),(178,1),(184,1),(186,1),(187,1),(188,1),(192,1),(195,1),(198,1),(199,1),(204,1),(207,1),(208,1),(210,1),(213,1),(214,1),(215,1),(218,1),(219,1),(222,1),(224,1),(225,1),(226,1),(227,1),(231,1),(232,1),(233,1),(234,1),(235,1),(236,1),(247,1),(252,1),(253,1),(256,1),(258,1),(259,1),(260,1),(261,1),(265,1),(266,1),(271,1),(274,1),(275,1),(276,1),(277,1),(278,1),(279,1),(281,1),(285,1),(290,1),(291,1),(293,1),(295,1),(296,1),(301,1),(303,1),(304,1),(305,1),(307,1),(309,1),(311,1),(312,1),(314,1),(315,1),(318,1),(319,1),(320,1),(321,1),(325,1),(326,1),(328,1),(331,1),(333,1),(334,1),(336,1),(343,1),(346,1),(347,1),(348,1),(350,1),(353,1),(354,1),(355,1),(356,1),(358,1),(359,1),(361,1),(362,1),(363,1),(364,1),(365,1),(368,1),(371,1),(372,1),(375,1),(376,1),(377,1),(379,1),(380,1),(382,1),(383,1),(384,1),(385,1),(387,1),(390,1),(391,1),(393,1),(394,1),(395,1),(396,1),(397,1),(399,1),(402,1),(404,1),(407,1),(408,1),(411,1),(414,1),(415,1),(418,1),(420,1),(421,1),(422,1),(425,1),(428,1),(429,1),(431,1),(432,1),(434,1),(435,1),(437,1),(441,1),(443,1),(446,1),(448,1),(454,1),(456,1),(457,1),(458,1),(462,1),(467,1),(468,1),(469,1),(470,1),(471,1),(473,1),(475,1),(476,1),(477,1),(481,1),(482,1),(486,1),(487,1),(490,1),(494,1),(495,1),(498,1),(502,1),(509,1),(512,1),(516,1),(517,1),(519,1),(520,1),(521,1),(522,1),(523,1),(525,1),(529,1),(531,1),(532,1),(533,1),(534,1),(539,1),(540,1),(544,1);
/*!40000 ALTER TABLE `accessories_inventory_pools` ENABLE KEYS */;
UNLOCK TABLES;

--
-- Table structure for table `addresses`
--

DROP TABLE IF EXISTS `addresses`;
/*!40101 SET @saved_cs_client     = @@character_set_client */;
/*!40101 SET character_set_client = utf8 */;
CREATE TABLE `addresses` (
  `id` int(11) NOT NULL AUTO_INCREMENT,
  `street` varchar(255) COLLATE utf8_unicode_ci DEFAULT NULL,
  `zip_code` varchar(255) COLLATE utf8_unicode_ci DEFAULT NULL,
  `city` varchar(255) COLLATE utf8_unicode_ci DEFAULT NULL,
  `country_code` varchar(255) COLLATE utf8_unicode_ci DEFAULT NULL,
  `latitude` float DEFAULT NULL,
  `longitude` float DEFAULT NULL,
  PRIMARY KEY (`id`),
  UNIQUE KEY `index_addresses_on_street_and_zip_code_and_city_and_country_code` (`street`,`zip_code`,`city`,`country_code`)
) ENGINE=InnoDB DEFAULT CHARSET=utf8 COLLATE=utf8_unicode_ci;
/*!40101 SET character_set_client = @saved_cs_client */;

--
-- Dumping data for table `addresses`
--

LOCK TABLES `addresses` WRITE;
/*!40000 ALTER TABLE `addresses` DISABLE KEYS */;
/*!40000 ALTER TABLE `addresses` ENABLE KEYS */;
UNLOCK TABLES;

--
-- Table structure for table `attachments`
--

DROP TABLE IF EXISTS `attachments`;
/*!40101 SET @saved_cs_client     = @@character_set_client */;
/*!40101 SET character_set_client = utf8 */;
CREATE TABLE `attachments` (
  `id` int(11) NOT NULL AUTO_INCREMENT,
  `model_id` int(11) DEFAULT NULL,
  `is_main` tinyint(1) DEFAULT '0',
  `content_type` varchar(255) COLLATE utf8_unicode_ci DEFAULT NULL,
  `filename` varchar(255) COLLATE utf8_unicode_ci DEFAULT NULL,
  `size` int(11) DEFAULT NULL,
  PRIMARY KEY (`id`),
  KEY `index_attachments_on_model_id` (`model_id`)
) ENGINE=InnoDB AUTO_INCREMENT=6 DEFAULT CHARSET=utf8 COLLATE=utf8_unicode_ci;
/*!40101 SET character_set_client = @saved_cs_client */;

--
-- Dumping data for table `attachments`
--

LOCK TABLES `attachments` WRITE;
/*!40000 ALTER TABLE `attachments` DISABLE KEYS */;
INSERT INTO `attachments` VALUES (1,149,0,'image/jpeg','alias',NULL),(2,150,0,'image/jpeg','cum',NULL),(3,162,0,'image/jpeg','fugit',NULL),(4,162,0,'image/jpeg','tenetur',NULL),(5,163,0,'image/jpeg','autem',NULL);
/*!40000 ALTER TABLE `attachments` ENABLE KEYS */;
UNLOCK TABLES;

--
-- Table structure for table `authentication_systems`
--

DROP TABLE IF EXISTS `authentication_systems`;
/*!40101 SET @saved_cs_client     = @@character_set_client */;
/*!40101 SET character_set_client = utf8 */;
CREATE TABLE `authentication_systems` (
  `id` int(11) NOT NULL AUTO_INCREMENT,
  `name` varchar(255) COLLATE utf8_unicode_ci DEFAULT NULL,
  `class_name` varchar(255) COLLATE utf8_unicode_ci DEFAULT NULL,
  `is_default` tinyint(1) DEFAULT '0',
  `is_active` tinyint(1) DEFAULT '0',
  PRIMARY KEY (`id`)
) ENGINE=InnoDB AUTO_INCREMENT=7 DEFAULT CHARSET=utf8 COLLATE=utf8_unicode_ci;
/*!40101 SET character_set_client = @saved_cs_client */;

--
-- Dumping data for table `authentication_systems`
--

LOCK TABLES `authentication_systems` WRITE;
/*!40000 ALTER TABLE `authentication_systems` DISABLE KEYS */;
INSERT INTO `authentication_systems` VALUES (1,'Database Authentication','DatabaseAuthentication',1,1),(2,'LDAP Authentication','LdapAuthentication',0,0),(3,'ZHDK Authentication','Zhdk',0,0),(4,'Database Authentication','DatabaseAuthentication',1,1),(5,'LDAP Authentication','LdapAuthentication',0,0),(6,'ZHDK Authentication','Zhdk',0,0);
/*!40000 ALTER TABLE `authentication_systems` ENABLE KEYS */;
UNLOCK TABLES;

--
-- Table structure for table `buildings`
--

DROP TABLE IF EXISTS `buildings`;
/*!40101 SET @saved_cs_client     = @@character_set_client */;
/*!40101 SET character_set_client = utf8 */;
CREATE TABLE `buildings` (
  `id` int(11) NOT NULL AUTO_INCREMENT,
  `name` varchar(255) COLLATE utf8_unicode_ci DEFAULT NULL,
  `code` varchar(255) COLLATE utf8_unicode_ci DEFAULT NULL,
  PRIMARY KEY (`id`)
) ENGINE=InnoDB AUTO_INCREMENT=188 DEFAULT CHARSET=utf8 COLLATE=utf8_unicode_ci;
/*!40101 SET character_set_client = @saved_cs_client */;

--
-- Dumping data for table `buildings`
--

LOCK TABLES `buildings` WRITE;
/*!40000 ALTER TABLE `buildings` DISABLE KEYS */;
INSERT INTO `buildings` VALUES (1,'Great Pyramid of Giza','ZZZ'),(2,'Great Pyramid of Giza','ZZZ'),(3,'Voluptatemessererum','etq'),(4,'Rerumliberoat','etn'),(5,'Voluptatenihilpariatur','eos'),(6,'Doloremetautem','cor'),(7,'Nobisenimut','aut'),(8,'Estteneturveniam','ute'),(9,'Utnemorem','sed'),(10,'Undeautemrem','aut'),(11,'Quiofficiisiusto','imp'),(12,'Molestiaeestoptio','ete'),(13,'Velitimpeditcorrupti','seq'),(14,'Auteminventoreut','mol'),(15,'Nemorepudiandaeet','pla'),(16,'Temporacupiditatevoluptatem','sae'),(17,'Consecteturquaerecusandae','pra'),(18,'Evenietexplicaboconsequatur','ala'),(19,'Suntatsimilique','des'),(20,'Sunteosincidunt','rep'),(21,'Officiavoluptaseius','inv'),(22,'Deseruntmagnialias','ear'),(23,'Estsuntut','dol'),(24,'Debitisiurein','har'),(25,'Doloresetsit','por'),(26,'Officiavoluptatibusdicta','aut'),(27,'Facerererumquo','vol'),(28,'Rationeasperioresreiciendis','nes'),(29,'Autsequieos','rem'),(30,'Estminuslibero','fug'),(31,'Etfacereut','ape'),(32,'Nonquaerecusandae','rer'),(33,'Ullamaliquamqui','und'),(34,'Ipsumnisisaepe','rer'),(35,'Molestiasanimierror','odi'),(36,'Estofficiapariatur','ven'),(37,'Sedautvoluptatem','vel'),(38,'Doloremsitarchitecto','exc'),(39,'Quamcorporisdolorem','ull'),(40,'Automnisut','nec'),(41,'Porrovoluptatemlaborum','vol'),(42,'Delectusofficiiseum','cul'),(43,'Quiaasperioresoccaecati','bla'),(44,'Cumquehicrerum','utf'),(45,'Ausstellungsstrasse 60','AU60'),(46,'Ausstellungsstrasse 60','AU60'),(47,'Estetnam','eni'),(48,'Fugiatnihilnatus','eve'),(49,'Etbeataeipsam','aut'),(50,'Nullavoluptatemrerum','eos'),(51,'Etinipsa','uta'),(52,'Earumautquisquam','ips'),(53,'Enimipsumab','dig'),(54,'Estseddicta','con'),(55,'Voluptateetrerum','nih'),(56,'Sintnonvelit','asp'),(57,'Nonidqui','sin'),(58,'Ullamautmaxime','ill'),(59,'Delenitiexoccaecati','pla'),(60,'Itaquequiet','sim'),(61,'Odiorepudiandaesuscipit','ips'),(62,'Voluptatemquiex','seq'),(63,'Facilisperspiciatisin','fug'),(64,'Pariaturetvoluptatem','ete'),(65,'Nostrumquoeius','duc'),(66,'Dolorquiaarchitecto','vel'),(67,'Essealiasunde','bla'),(68,'Quietperspiciatis','qua'),(69,'Utvelexplicabo','adm'),(70,'Fugitdolordeleniti','non'),(71,'Atsapientesit','eta'),(72,'Fugaculpaconsequatur','qui'),(73,'Quiquirecusandae','vol'),(74,'Facilisautemeum','eni'),(75,'Minimabeataequo','fac'),(76,'Laborumautdoloribus','ill'),(77,'Dolorexplicabosunt','sol'),(78,'Enimquodsit','nes'),(79,'Possimusestvel','ull'),(80,'Inciduntculparepellendus','sit'),(81,'Voluptateslaborefacilis','rep'),(82,'Eligendidolornesciunt','dol'),(83,'Culpaetomnis','sun'),(84,'Velitquoreiciendis','ver'),(85,'Explicaboincidunterror','exv'),(86,'Architectoquiet','dol'),(87,'Consequatursequiut','dol'),(88,'Autnemotenetur','dol'),(89,'Vitaequiasint','bea'),(90,'Atrepudiandaedolor','max'),(91,'Eosminusatque','qui'),(92,'Praesentiumsequiut','aau'),(93,'Blanditiisperferendisut','quo'),(94,'Corruptietsimilique','vit'),(95,'Veniamatut','cum'),(96,'Etculpatotam','dol'),(97,'Autperferendisipsum','con'),(98,'Etsapientedebitis','quo'),(99,'Etrepudiandaemolestias','arc'),(100,'Fugaasperioresquod','ete'),(101,'Officiautmolestiae','vol'),(102,'Iddebitisaut','aut'),(103,'Voluptatempossimussed','qui'),(104,'Quoddistinctiodeserunt','quo'),(105,'Sedipsumblanditiis','vol'),(106,'Doloribusfaciliserror','lau'),(107,'Idfacilistotam','ass'),(108,'Autquolaboriosam','aut'),(109,'Aspernaturquosquidem','vel'),(110,'Odioeaperferendis','lab'),(111,'Estetharum','mod'),(112,'Facilisetaperiam','del'),(113,'Eaautid','con'),(114,'Etexpeditaodio','qui'),(115,'Quosdebitisassumenda','pos'),(116,'Sequiquiain','rem'),(117,'Cumquequodad','imp'),(118,'Repellendusquiquod','dol'),(119,'Inventorearchitectolibero','fac'),(120,'Dictaplaceatqui','nul'),(121,'Eligendiblanditiisdignissimos','est'),(122,'Molestiassintmolestiae','cum'),(123,'Architectoatquequi','exp'),(124,'Pariaturautexplicabo','vol'),(125,'Sapienteaspernaturfacilis','atq'),(126,'Solutaautculpa','odi'),(127,'Quinostrumporro','con'),(128,'Nonnequequi','vel'),(129,'Fugavoluptasaspernatur','omn'),(130,'Eaanihil','mag'),(131,'Suntvoluptatemrepellat','dol'),(132,'Etquaerattenetur','cor'),(133,'Repellatetaspernatur','ato'),(134,'Cupiditatererumiure','qui'),(135,'Natusenimlaboriosam','cor'),(136,'Utassumendadolor','mol'),(137,'Idremmolestias','vol'),(138,'Utquibeatae','asp'),(139,'Quopraesentiumomnis','rem'),(140,'Facilisfugitquia','ett'),(141,'Nisiomnissed','lib'),(142,'Quosutest','max'),(143,'Assumendadignissimosperferendis','sim'),(144,'Impeditreiciendiset','inv'),(145,'Nonutat','aut'),(146,'Liberoimpeditqui','sae'),(147,'Providentiustoid','fug'),(148,'Exercitationemrerumassumenda','con'),(149,'Quiquaeeos','fug'),(150,'Ullamperspiciatisodit','asp'),(151,'Istetemporenam','ali'),(152,'Excepturireiciendisnecessitatibus','inv'),(153,'Voluptatempariaturreprehenderit','vol'),(154,'Totamveniamfuga','err'),(155,'Molestiaedolorumeius','duc'),(156,'Modicumtemporibus','lab'),(157,'Suntrepellendusut','per'),(158,'Laborumvoluptatempariatur','est'),(159,'Nemorerumqui','qui'),(160,'Voluptatemculpaet','qui'),(161,'Quaerataliquamomnis','rer'),(162,'Asperioresbeataeet','etm'),(163,'Teneturoccaecatiqui','vol'),(164,'Eumveroexcepturi','ips'),(165,'Quirerumlabore','aut'),(166,'Nemoutanimi','qui'),(167,'Aliquamlaboriosamquasi','des'),(168,'Enimquaeaspernatur','vol'),(169,'Assumendareiciendisdoloremque','vol'),(170,'Repudiandaecorruptiullam','sun'),(171,'Iustoexpeditarerum','vol'),(172,'Accusamusetsit','sit'),(173,'Quidoloreminventore','est'),(174,'Etidincidunt','ass'),(175,'Autodionostrum','inu'),(176,'Etetvoluptatem','qui'),(177,'Etaliquidquidem','ins'),(178,'Quiconsequaturesse','qua'),(179,'Repellatvoluptatemnostrum','sun'),(180,'Eiusvoluptateset','com'),(181,'Odioautet','nam'),(182,'Remveniammagnam','asp'),(183,'Illovoluptatibusnon','ape'),(184,'Laudantiumdelenitirecusandae','asp'),(185,'Suntquiaullam','idf'),(186,'Sequiiustoeos','rer'),(187,'Suscipitvoluptatenon','qui');
/*!40000 ALTER TABLE `buildings` ENABLE KEYS */;
UNLOCK TABLES;

--
-- Table structure for table `contract_lines`
--

DROP TABLE IF EXISTS `contract_lines`;
/*!40101 SET @saved_cs_client     = @@character_set_client */;
/*!40101 SET character_set_client = utf8 */;
CREATE TABLE `contract_lines` (
  `id` int(11) NOT NULL AUTO_INCREMENT,
  `contract_id` int(11) DEFAULT NULL,
  `type` varchar(255) COLLATE utf8_unicode_ci NOT NULL DEFAULT 'ItemLine',
  `item_id` int(11) DEFAULT NULL,
  `model_id` int(11) DEFAULT NULL,
  `quantity` int(11) DEFAULT '1',
  `start_date` date DEFAULT NULL,
  `end_date` date DEFAULT NULL,
  `returned_date` date DEFAULT NULL,
  `option_id` int(11) DEFAULT NULL,
  `purpose_id` int(11) DEFAULT NULL,
  `returned_to_user_id` int(11) DEFAULT NULL,
  `created_at` datetime DEFAULT NULL,
  `updated_at` datetime DEFAULT NULL,
  PRIMARY KEY (`id`),
  KEY `index_contract_lines_on_start_date` (`start_date`),
  KEY `index_contract_lines_on_end_date` (`end_date`),
  KEY `index_contract_lines_on_option_id` (`option_id`),
  KEY `index_contract_lines_on_contract_id` (`contract_id`),
  KEY `index_contract_lines_on_item_id` (`item_id`),
  KEY `index_contract_lines_on_model_id` (`model_id`),
  KEY `index_contract_lines_on_returned_date_and_contract_id` (`returned_date`,`contract_id`),
  KEY `index_contract_lines_on_type_and_contract_id` (`type`,`contract_id`)
) ENGINE=InnoDB AUTO_INCREMENT=171 DEFAULT CHARSET=utf8 COLLATE=utf8_unicode_ci;
/*!40101 SET character_set_client = @saved_cs_client */;

--
-- Dumping data for table `contract_lines`
--

LOCK TABLES `contract_lines` WRITE;
/*!40000 ALTER TABLE `contract_lines` DISABLE KEYS */;
INSERT INTO `contract_lines` VALUES (1,1,'ItemLine',NULL,1,1,'2011-09-09','2011-09-09',NULL,NULL,NULL,NULL,'2011-09-09 19:30:50','2011-09-09 19:30:50'),(2,1,'ItemLine',NULL,5,1,'2011-09-09','2011-09-09',NULL,NULL,NULL,NULL,'2011-09-09 19:30:50','2011-09-09 19:30:50'),(3,1,'ItemLine',NULL,9,1,'2011-09-09','2011-09-09',NULL,NULL,NULL,NULL,'2011-09-09 19:30:50','2011-09-09 19:30:50'),(4,1,'ItemLine',NULL,13,1,'2011-09-09','2011-09-09',NULL,NULL,NULL,NULL,'2011-09-09 19:30:50','2011-09-09 19:30:50'),(5,2,'ItemLine',NULL,17,1,'2011-09-09','2011-09-09',NULL,NULL,1,NULL,'2011-09-09 19:30:50','2011-09-09 19:30:50'),(6,2,'ItemLine',NULL,21,1,'2011-09-09','2011-09-09',NULL,NULL,1,NULL,'2011-09-09 19:30:50','2011-09-09 19:30:50'),(7,2,'ItemLine',NULL,25,1,'2011-09-09','2011-09-09',NULL,NULL,1,NULL,'2011-09-09 19:30:50','2011-09-09 19:30:50'),(8,2,'ItemLine',NULL,29,1,'2011-09-09','2011-09-09',NULL,NULL,1,NULL,'2011-09-09 19:30:50','2011-09-09 19:30:50'),(9,2,'ItemLine',NULL,33,1,'2011-09-09','2011-09-09',NULL,NULL,1,NULL,'2011-09-09 19:30:50','2011-09-09 19:30:50'),(10,3,'ItemLine',NULL,37,1,'2011-09-09','2011-09-09','2011-09-09',NULL,2,2,'2011-09-09 19:30:50','2011-09-09 19:30:50'),(11,3,'ItemLine',NULL,41,1,'2011-09-09','2011-09-09','2011-09-09',NULL,2,2,'2011-09-09 19:30:50','2011-09-09 19:30:50'),(12,3,'ItemLine',NULL,45,1,'2011-09-09','2011-09-09','2011-09-09',NULL,2,2,'2011-09-09 19:30:50','2011-09-09 19:30:50'),(13,3,'ItemLine',NULL,49,1,'2011-09-09','2011-09-09','2011-09-09',NULL,2,2,'2011-09-09 19:30:50','2011-09-09 19:30:50'),(14,3,'ItemLine',NULL,53,1,'2011-09-09','2011-09-09','2011-09-09',NULL,2,2,'2011-09-09 19:30:50','2011-09-09 19:30:50'),(15,4,'ItemLine',28,37,1,'2011-09-09','2011-09-09',NULL,NULL,3,NULL,'2011-09-09 19:30:50','2011-09-09 19:30:50'),(16,4,'ItemLine',29,37,1,'2011-09-09','2011-09-09',NULL,NULL,3,NULL,'2011-09-09 19:30:50','2011-09-09 19:30:50'),(17,4,'ItemLine',30,37,1,'2011-09-09','2011-09-09',NULL,NULL,3,NULL,'2011-09-09 19:30:50','2011-09-09 19:30:50'),(18,4,'ItemLine',31,41,1,'2011-09-09','2011-09-09',NULL,NULL,3,NULL,'2011-09-09 19:30:50','2011-09-09 19:30:50'),(19,4,'ItemLine',32,41,1,'2011-09-09','2011-09-09',NULL,NULL,3,NULL,'2011-09-09 19:30:50','2011-09-09 19:30:50'),(20,4,'ItemLine',33,41,1,'2011-09-09','2011-09-09',NULL,NULL,3,NULL,'2011-09-09 19:30:50','2011-09-09 19:30:50'),(21,4,'ItemLine',34,45,1,'2011-09-09','2011-09-09',NULL,NULL,3,NULL,'2011-09-09 19:30:50','2011-09-09 19:30:50'),(22,4,'ItemLine',35,45,1,'2011-09-09','2011-09-09',NULL,NULL,3,NULL,'2011-09-09 19:30:50','2011-09-09 19:30:50'),(23,4,'ItemLine',36,45,1,'2011-09-09','2011-09-09',NULL,NULL,3,NULL,'2011-09-09 19:30:50','2011-09-09 19:30:50'),(24,4,'ItemLine',37,49,1,'2011-09-09','2011-09-09',NULL,NULL,3,NULL,'2011-09-09 19:30:50','2011-09-09 19:30:50'),(25,4,'ItemLine',38,49,1,'2011-09-09','2011-09-09',NULL,NULL,3,NULL,'2011-09-09 19:30:50','2011-09-09 19:30:50'),(26,4,'ItemLine',39,49,1,'2011-09-09','2011-09-09',NULL,NULL,3,NULL,'2011-09-09 19:30:50','2011-09-09 19:30:50'),(27,4,'ItemLine',40,53,1,'2011-09-09','2011-09-09',NULL,NULL,3,NULL,'2011-09-09 19:30:50','2011-09-09 19:30:50'),(28,4,'ItemLine',41,53,1,'2011-09-09','2011-09-09',NULL,NULL,3,NULL,'2011-09-09 19:30:50','2011-09-09 19:30:50'),(29,4,'ItemLine',42,53,1,'2011-09-09','2011-09-09',NULL,NULL,3,NULL,'2011-09-09 19:30:50','2011-09-09 19:30:50'),(30,4,'ItemLine',45,58,1,'2011-09-09','2011-09-09',NULL,NULL,3,NULL,'2011-09-09 19:30:50','2011-09-09 19:30:50'),(31,4,'ItemLine',46,58,1,'2011-09-09','2011-09-09',NULL,NULL,3,NULL,'2011-09-09 19:30:50','2011-09-09 19:30:50'),(32,4,'ItemLine',47,59,1,'2011-09-09','2011-09-09',NULL,NULL,3,NULL,'2011-09-09 19:30:50','2011-09-09 19:30:50'),(33,4,'ItemLine',49,61,1,'2011-09-09','2011-09-09',NULL,NULL,3,NULL,'2011-09-09 19:30:50','2011-09-09 19:30:50'),(34,4,'ItemLine',50,62,1,'2011-09-09','2011-09-09',NULL,NULL,3,NULL,'2011-09-09 19:30:50','2011-09-09 19:30:50'),(35,4,'ItemLine',51,63,1,'2011-09-09','2011-09-09',NULL,NULL,3,NULL,'2011-09-09 19:30:50','2011-09-09 19:30:50'),(36,4,'ItemLine',52,64,1,'2011-09-09','2011-09-09',NULL,NULL,3,NULL,'2011-09-09 19:30:50','2011-09-09 19:30:50'),(37,4,'ItemLine',53,65,1,'2011-09-09','2011-09-09',NULL,NULL,3,NULL,'2011-09-09 19:30:50','2011-09-09 19:30:50'),(38,4,'ItemLine',54,66,1,'2011-09-09','2011-09-09',NULL,NULL,3,NULL,'2011-09-09 19:30:50','2011-09-09 19:30:50'),(39,4,'ItemLine',55,67,1,'2011-09-09','2011-09-09',NULL,NULL,3,NULL,'2011-09-09 19:30:50','2011-09-09 19:30:50'),(40,4,'ItemLine',56,68,1,'2011-09-09','2011-09-09',NULL,NULL,3,NULL,'2011-09-09 19:30:50','2011-09-09 19:30:50'),(41,4,'ItemLine',57,69,1,'2011-09-09','2011-09-09',NULL,NULL,3,NULL,'2011-09-09 19:30:50','2011-09-09 19:30:50'),(42,4,'ItemLine',58,70,1,'2011-09-09','2011-09-09',NULL,NULL,3,NULL,'2011-09-09 19:30:50','2011-09-09 19:30:50'),(43,4,'ItemLine',59,71,1,'2011-09-09','2011-09-09',NULL,NULL,3,NULL,'2011-09-09 19:30:50','2011-09-09 19:30:50'),(44,4,'ItemLine',60,72,1,'2011-09-09','2011-09-09',NULL,NULL,3,NULL,'2011-09-09 19:30:50','2011-09-09 19:30:50'),(45,5,'OptionLine',NULL,NULL,2,'2011-09-09','2011-09-10',NULL,4,4,NULL,'2011-09-09 19:30:50','2011-09-09 19:30:50'),(46,5,'ItemLine',164,166,1,'2011-09-09','2011-09-09',NULL,NULL,4,NULL,'2011-09-09 19:30:50','2011-09-09 19:30:50'),(47,6,'OptionLine',NULL,NULL,2,'2011-09-09','2011-09-09',NULL,5,5,NULL,'2011-09-09 19:30:50','2011-09-09 19:30:50'),(48,6,'OptionLine',NULL,NULL,1,'2011-09-09','2011-09-10',NULL,5,5,NULL,'2011-09-09 19:30:50','2011-09-09 19:30:50'),(49,7,'ItemLine',165,167,1,'2011-09-09','2011-09-09',NULL,NULL,6,NULL,'2011-09-09 19:30:50','2011-09-09 19:30:50'),(50,8,'ItemLine',166,168,1,'2011-09-04','2011-09-08',NULL,NULL,7,NULL,'2011-09-04 00:00:00','2011-09-04 00:00:00'),(51,8,'OptionLine',NULL,NULL,1,'2011-09-04','2011-09-08',NULL,6,7,NULL,'2011-09-04 00:00:00','2011-09-04 00:00:00'),(52,9,'ItemLine',NULL,173,1,'2011-09-09','2011-09-09',NULL,NULL,8,NULL,'2011-09-09 19:30:50','2011-09-09 19:30:50'),(53,9,'ItemLine',NULL,174,1,'2011-09-09','2011-09-09',NULL,NULL,8,NULL,'2011-09-09 19:30:50','2011-09-09 19:30:50'),(54,9,'ItemLine',NULL,175,1,'2011-09-09','2011-09-09',NULL,NULL,8,NULL,'2011-09-09 19:30:50','2011-09-09 19:30:50'),(55,9,'ItemLine',NULL,176,1,'2011-09-09','2011-09-09',NULL,NULL,8,NULL,'2011-09-09 19:30:50','2011-09-09 19:30:50'),(56,10,'ItemLine',174,177,1,'2011-09-09','2011-09-09',NULL,NULL,9,NULL,'2011-09-09 19:30:50','2011-09-09 19:30:50'),(57,10,'ItemLine',175,178,1,'2011-09-09','2011-09-09',NULL,NULL,9,NULL,'2011-09-09 19:30:50','2011-09-09 19:30:50'),(58,10,'ItemLine',176,179,1,'2011-09-09','2011-09-09',NULL,NULL,9,NULL,'2011-09-09 19:30:50','2011-09-09 19:30:50'),(59,10,'ItemLine',177,180,1,'2011-09-09','2011-09-09',NULL,NULL,9,NULL,'2011-09-09 19:30:50','2011-09-09 19:30:50'),(60,10,'ItemLine',178,181,1,'2011-09-09','2011-09-09',NULL,NULL,9,NULL,'2011-09-09 19:30:50','2011-09-09 19:30:50'),(61,11,'ItemLine',179,182,1,'2011-09-09','2011-09-09',NULL,NULL,10,NULL,'2011-09-09 19:30:50','2011-09-09 19:30:50'),(62,11,'ItemLine',180,183,1,'2011-09-09','2011-09-09',NULL,NULL,10,NULL,'2011-09-09 19:30:50','2011-09-09 19:30:50'),(63,11,'ItemLine',181,184,1,'2011-09-09','2011-09-09',NULL,NULL,10,NULL,'2011-09-09 19:30:50','2011-09-09 19:30:50'),(64,12,'ItemLine',182,185,1,'2011-09-04','2011-09-05',NULL,NULL,11,NULL,'2011-09-04 00:00:00','2011-09-04 00:00:00'),(65,12,'ItemLine',183,186,1,'2011-09-04','2011-09-05',NULL,NULL,11,NULL,'2011-09-04 00:00:00','2011-09-04 00:00:00'),(66,12,'ItemLine',184,187,1,'2011-09-04','2011-09-05',NULL,NULL,11,NULL,'2011-09-04 00:00:00','2011-09-04 00:00:00'),(67,12,'ItemLine',185,188,1,'2011-09-04','2011-09-05',NULL,NULL,11,NULL,'2011-09-04 00:00:00','2011-09-04 00:00:00'),(68,12,'ItemLine',186,189,1,'2011-09-04','2011-09-05',NULL,NULL,11,NULL,'2011-09-04 00:00:00','2011-09-04 00:00:00'),(69,13,'ItemLine',NULL,84,1,'2011-09-16','2011-09-19',NULL,NULL,12,NULL,'2011-09-09 19:30:50','2011-09-09 19:30:50'),(70,13,'ItemLine',NULL,84,1,'2011-09-16','2011-09-19',NULL,NULL,12,NULL,'2011-09-09 19:30:50','2011-09-09 19:30:50'),(71,13,'ItemLine',NULL,84,1,'2011-09-16','2011-09-19',NULL,NULL,12,NULL,'2011-09-09 19:30:50','2011-09-09 19:30:50'),(72,13,'ItemLine',NULL,84,1,'2011-09-16','2011-09-19',NULL,NULL,12,NULL,'2011-09-09 19:30:50','2011-09-09 19:30:50'),(73,13,'ItemLine',NULL,116,1,'2011-09-16','2011-09-19',NULL,NULL,12,NULL,'2011-09-09 19:30:50','2011-09-09 19:30:50'),(74,13,'ItemLine',NULL,116,1,'2011-09-16','2011-09-19',NULL,NULL,12,NULL,'2011-09-09 19:30:50','2011-09-09 19:30:50'),(75,13,'ItemLine',NULL,116,1,'2011-09-16','2011-09-19',NULL,NULL,12,NULL,'2011-09-09 19:30:50','2011-09-09 19:30:50'),(76,14,'ItemLine',NULL,190,1,'2011-09-09','2011-09-09',NULL,NULL,13,NULL,'2011-09-09 19:30:50','2011-09-09 19:30:50'),(77,14,'ItemLine',NULL,194,1,'2011-09-09','2011-09-09',NULL,NULL,13,NULL,'2011-09-09 19:30:50','2011-09-09 19:30:50'),(78,14,'ItemLine',NULL,198,1,'2011-09-09','2011-09-09',NULL,NULL,13,NULL,'2011-09-09 19:30:50','2011-09-09 19:30:50'),(79,14,'ItemLine',NULL,202,1,'2011-09-09','2011-09-09',NULL,NULL,13,NULL,'2011-09-09 19:30:50','2011-09-09 19:30:50'),(80,15,'ItemLine',NULL,206,1,'2011-09-09','2011-09-09',NULL,NULL,14,NULL,'2011-09-09 19:30:50','2011-09-09 19:30:50'),(81,15,'ItemLine',NULL,210,1,'2011-09-09','2011-09-09',NULL,NULL,14,NULL,'2011-09-09 19:30:50','2011-09-09 19:30:50'),(82,15,'ItemLine',NULL,214,1,'2011-09-09','2011-09-09',NULL,NULL,14,NULL,'2011-09-09 19:30:50','2011-09-09 19:30:50'),(83,15,'ItemLine',NULL,218,1,'2011-09-09','2011-09-09',NULL,NULL,14,NULL,'2011-09-09 19:30:50','2011-09-09 19:30:50'),(84,15,'ItemLine',NULL,222,1,'2011-09-09','2011-09-09',NULL,NULL,14,NULL,'2011-09-09 19:30:50','2011-09-09 19:30:50'),(85,16,'ItemLine',NULL,226,1,'2011-09-09','2011-09-09',NULL,NULL,15,NULL,'2011-09-09 19:30:50','2011-09-09 19:30:50'),(86,16,'ItemLine',NULL,230,1,'2011-09-09','2011-09-09',NULL,NULL,15,NULL,'2011-09-09 19:30:50','2011-09-09 19:30:50'),(87,16,'ItemLine',NULL,234,1,'2011-09-09','2011-09-09',NULL,NULL,15,NULL,'2011-09-09 19:30:50','2011-09-09 19:30:50'),(88,16,'ItemLine',NULL,238,1,'2011-09-09','2011-09-09',NULL,NULL,15,NULL,'2011-09-09 19:30:50','2011-09-09 19:30:50'),(89,17,'ItemLine',NULL,116,1,'2011-09-09','2011-09-09',NULL,NULL,16,NULL,'2011-09-09 19:30:50','2011-09-09 19:30:50'),(90,18,'ItemLine',NULL,116,1,'2011-09-09','2011-09-09',NULL,NULL,17,NULL,'2011-09-09 19:30:50','2011-09-09 19:30:50'),(91,18,'ItemLine',NULL,84,1,'2011-09-09','2011-09-09',NULL,NULL,17,NULL,'2011-09-09 19:30:50','2011-09-09 19:30:50'),(92,19,'ItemLine',NULL,116,1,'2011-09-16','2011-09-17',NULL,NULL,18,NULL,'2011-09-09 19:30:50','2011-09-09 19:30:50'),(93,20,'ItemLine',NULL,58,1,'2011-09-09','2011-09-09',NULL,NULL,19,NULL,'2011-09-09 19:30:50','2011-09-09 19:30:50'),(94,20,'ItemLine',NULL,58,1,'2011-09-09','2011-09-09',NULL,NULL,19,NULL,'2011-09-09 19:30:50','2011-09-09 19:30:50'),(95,20,'ItemLine',NULL,58,1,'2011-09-09','2011-09-09',NULL,NULL,19,NULL,'2011-09-09 19:30:50','2011-09-09 19:30:50'),(96,21,'ItemLine',NULL,84,1,'2011-09-09','2011-09-09',NULL,NULL,20,NULL,'2011-09-09 19:30:50','2011-09-09 19:30:50'),(97,21,'ItemLine',NULL,116,1,'2011-09-09','2011-09-09',NULL,NULL,20,NULL,'2011-09-09 19:30:50','2011-09-09 19:30:50'),(98,21,'ItemLine',NULL,84,1,'2011-09-09','2011-09-09',NULL,NULL,20,NULL,'2011-09-09 19:30:50','2011-09-09 19:30:50'),(99,21,'ItemLine',NULL,116,1,'2011-09-09','2011-09-09',NULL,NULL,20,NULL,'2011-09-09 19:30:50','2011-09-09 19:30:50'),(100,21,'ItemLine',NULL,84,1,'2011-09-09','2011-09-09',NULL,NULL,20,NULL,'2011-09-09 19:30:50','2011-09-09 19:30:50'),(101,21,'ItemLine',NULL,116,1,'2011-09-09','2011-09-09',NULL,NULL,20,NULL,'2011-09-09 19:30:50','2011-09-09 19:30:50'),(102,21,'OptionLine',NULL,NULL,5,'2011-09-09','2011-09-10',NULL,1,20,NULL,'2011-09-09 19:30:50','2011-09-09 19:30:50'),(103,22,'ItemLine',NULL,151,1,'2011-09-09','2011-09-09',NULL,NULL,NULL,NULL,'2011-09-09 19:30:50','2011-09-09 19:30:50'),(104,23,'ItemLine',72,84,1,'2011-09-09','2011-09-09',NULL,NULL,22,NULL,'2011-09-09 19:30:50','2011-09-09 19:30:50'),(105,24,'ItemLine',226,242,1,'2011-09-09','2011-09-09',NULL,NULL,23,NULL,'2011-09-09 19:30:50','2011-09-09 19:30:50'),(106,25,'ItemLine',43,57,1,'2011-09-09','2011-09-09',NULL,NULL,24,NULL,'2011-09-09 19:30:50','2011-09-09 19:30:50'),(107,25,'ItemLine',167,168,1,'2011-09-09','2011-09-09','2011-09-09',NULL,24,11,'2011-09-09 19:30:50','2011-09-09 19:30:50'),(108,26,'ItemLine',48,58,1,'2011-09-09','2011-09-09',NULL,NULL,25,NULL,'2011-09-09 19:30:50','2011-09-09 19:30:50'),(109,27,'ItemLine',227,243,1,'2011-09-09','2011-09-09',NULL,NULL,26,NULL,'2011-09-09 19:30:50','2011-09-09 19:30:50'),(110,28,'ItemLine',113,119,1,'2011-09-09','2011-09-10',NULL,NULL,27,NULL,'2011-09-09 19:30:50','2011-09-09 19:30:50'),(111,29,'ItemLine',NULL,84,1,'2011-09-16','2011-09-19',NULL,NULL,28,NULL,'2011-09-09 19:30:50','2011-09-09 19:30:50'),(112,29,'ItemLine',NULL,116,1,'2011-09-16','2011-09-19',NULL,NULL,28,NULL,'2011-09-09 19:30:50','2011-09-09 19:30:50'),(113,29,'ItemLine',NULL,116,1,'2011-09-17','2011-09-20',NULL,NULL,28,NULL,'2011-09-09 19:30:50','2011-09-09 19:30:50'),(114,30,'ItemLine',NULL,NULL,1,'2011-09-09','2011-09-10',NULL,NULL,28,NULL,'2011-09-09 19:30:50','2011-09-09 19:30:50'),(115,31,'ItemLine',NULL,58,1,'2011-09-07','2011-09-10',NULL,NULL,29,NULL,'2011-09-09 19:30:50','2011-09-09 19:30:50'),(116,31,'ItemLine',NULL,244,1,'2011-09-07','2011-09-10',NULL,NULL,29,NULL,'2011-09-09 19:30:50','2011-09-09 19:30:50'),(117,32,'ItemLine',138,58,1,'2011-09-09','2011-09-09',NULL,NULL,30,NULL,'2011-09-09 19:30:50','2011-09-09 19:30:50'),(118,32,'OptionLine',NULL,NULL,1,'2011-09-09','2011-09-09',NULL,1,30,NULL,'2011-09-09 19:30:50','2011-09-09 19:30:50'),(119,33,'ItemLine',NULL,248,1,'2011-09-08','2011-09-08',NULL,NULL,31,NULL,'2011-09-08 19:47:36','2011-09-08 19:47:36'),(120,33,'ItemLine',NULL,249,1,'2011-09-08','2011-09-08',NULL,NULL,31,NULL,'2011-09-08 19:47:36','2011-09-08 19:47:36'),(121,33,'ItemLine',NULL,250,1,'2011-09-08','2011-09-08',NULL,NULL,31,NULL,'2011-09-08 19:47:37','2011-09-08 19:47:37'),(122,33,'ItemLine',NULL,251,1,'2011-09-08','2011-09-08',NULL,NULL,31,NULL,'2011-09-08 19:47:37','2011-09-08 19:47:37'),(123,34,'ItemLine',NULL,255,1,'2011-09-08','2011-09-08',NULL,NULL,32,NULL,'2011-09-08 19:47:37','2011-09-08 19:47:37'),(124,34,'ItemLine',NULL,256,1,'2011-09-08','2011-09-08',NULL,NULL,32,NULL,'2011-09-08 19:47:37','2011-09-08 19:47:37'),(125,34,'ItemLine',NULL,257,1,'2011-09-08','2011-09-08',NULL,NULL,32,NULL,'2011-09-08 19:47:37','2011-09-08 19:47:37'),(126,34,'ItemLine',NULL,258,1,'2011-09-08','2011-09-08',NULL,NULL,32,NULL,'2011-09-08 19:47:37','2011-09-08 19:47:37'),(127,34,'ItemLine',NULL,259,1,'2011-09-08','2011-09-08',NULL,NULL,32,NULL,'2011-09-08 19:47:37','2011-09-08 19:47:37'),(128,34,'ItemLine',NULL,260,1,'2011-09-08','2011-09-08',NULL,NULL,32,NULL,'2011-09-08 19:47:37','2011-09-08 19:47:37'),(129,35,'ItemLine',NULL,264,1,'2011-09-08','2011-09-08',NULL,NULL,33,NULL,'2011-09-08 19:47:37','2011-09-08 19:47:37'),(130,35,'ItemLine',NULL,265,1,'2011-09-08','2011-09-08',NULL,NULL,33,NULL,'2011-09-08 19:47:37','2011-09-08 19:47:37'),(131,35,'ItemLine',NULL,266,1,'2011-09-08','2011-09-08',NULL,NULL,33,NULL,'2011-09-08 19:47:37','2011-09-08 19:47:37'),(132,35,'ItemLine',NULL,267,1,'2011-09-08','2011-09-08',NULL,NULL,33,NULL,'2011-09-08 19:47:37','2011-09-08 19:47:37'),(133,35,'ItemLine',NULL,268,1,'2011-09-08','2011-09-08',NULL,NULL,33,NULL,'2011-09-08 19:47:37','2011-09-08 19:47:37'),(134,36,'ItemLine',NULL,272,1,'2011-09-09','2011-09-09',NULL,NULL,34,NULL,'2011-09-09 02:01:13','2011-09-09 02:01:13'),(135,36,'ItemLine',NULL,273,1,'2011-09-09','2011-09-09',NULL,NULL,34,NULL,'2011-09-09 02:01:13','2011-09-09 02:01:13'),(136,36,'ItemLine',NULL,274,1,'2011-09-09','2011-09-09',NULL,NULL,34,NULL,'2011-09-09 02:01:13','2011-09-09 02:01:13'),(137,37,'ItemLine',NULL,275,1,'2011-09-05','2011-09-05',NULL,NULL,35,NULL,'2011-09-04 01:41:07','2011-09-04 01:41:07'),(138,37,'ItemLine',NULL,276,1,'2011-09-05','2011-09-05',NULL,NULL,35,NULL,'2011-09-04 01:41:07','2011-09-04 01:41:07'),(139,37,'ItemLine',NULL,277,1,'2011-09-05','2011-09-05',NULL,NULL,35,NULL,'2011-09-04 01:41:07','2011-09-04 01:41:07'),(140,37,'ItemLine',NULL,278,1,'2011-09-05','2011-09-05',NULL,NULL,35,NULL,'2011-09-04 01:41:07','2011-09-04 01:41:07'),(141,37,'ItemLine',NULL,279,1,'2011-09-05','2011-09-05',NULL,NULL,35,NULL,'2011-09-04 01:41:07','2011-09-04 01:41:07'),(142,37,'ItemLine',NULL,280,1,'2011-09-05','2011-09-05',NULL,NULL,35,NULL,'2011-09-04 01:41:07','2011-09-04 01:41:07'),(143,37,'ItemLine',NULL,280,1,'2011-09-05','2011-09-05',NULL,NULL,35,NULL,'2011-09-04 01:41:07','2011-09-04 01:41:07'),(144,38,'ItemLine',NULL,284,1,'2011-09-09','2011-09-09',NULL,NULL,36,NULL,'2011-09-09 19:30:50','2011-09-09 19:30:50'),(145,38,'ItemLine',NULL,285,1,'2011-09-09','2011-09-09',NULL,NULL,36,NULL,'2011-09-09 19:30:50','2011-09-09 19:30:50'),(146,38,'ItemLine',NULL,286,1,'2011-09-09','2011-09-09',NULL,NULL,36,NULL,'2011-09-09 19:30:50','2011-09-09 19:30:50'),(147,38,'ItemLine',NULL,287,1,'2011-09-09','2011-09-09',NULL,NULL,36,NULL,'2011-09-09 19:30:50','2011-09-09 19:30:50'),(148,38,'ItemLine',NULL,288,1,'2011-09-09','2011-09-09',NULL,NULL,36,NULL,'2011-09-09 19:30:50','2011-09-09 19:30:50'),(149,38,'ItemLine',NULL,289,1,'2011-09-09','2011-09-09',NULL,NULL,36,NULL,'2011-09-09 19:30:50','2011-09-09 19:30:50'),(150,39,'ItemLine',NULL,293,1,'2011-09-09','2011-09-09',NULL,NULL,37,NULL,'2011-09-09 19:30:50','2011-09-09 19:30:50'),(151,39,'ItemLine',NULL,294,1,'2011-09-09','2011-09-09',NULL,NULL,37,NULL,'2011-09-09 19:30:50','2011-09-09 19:30:50'),(152,39,'ItemLine',NULL,295,1,'2011-09-09','2011-09-09',NULL,NULL,37,NULL,'2011-09-09 19:30:50','2011-09-09 19:30:50'),(153,39,'ItemLine',NULL,296,1,'2011-09-09','2011-09-09',NULL,NULL,37,NULL,'2011-09-09 19:30:50','2011-09-09 19:30:50'),(154,40,'ItemLine',NULL,297,1,'2011-09-09','2011-09-09',NULL,NULL,38,NULL,'2011-09-09 19:30:50','2011-09-09 19:30:50'),(155,40,'ItemLine',NULL,298,1,'2011-09-09','2011-09-09',NULL,NULL,38,NULL,'2011-09-09 19:30:50','2011-09-09 19:30:50'),(156,40,'ItemLine',NULL,299,1,'2011-09-09','2011-09-09',NULL,NULL,38,NULL,'2011-09-09 19:30:50','2011-09-09 19:30:50'),(157,40,'ItemLine',NULL,300,1,'2011-09-09','2011-09-09',NULL,NULL,38,NULL,'2011-09-09 19:30:50','2011-09-09 19:30:50'),(158,40,'ItemLine',NULL,301,1,'2011-09-09','2011-09-09',NULL,NULL,38,NULL,'2011-09-09 19:30:50','2011-09-09 19:30:50'),(159,41,'ItemLine',NULL,302,1,'2011-09-09','2011-09-09',NULL,NULL,39,NULL,'2011-09-09 19:30:50','2011-09-09 19:30:50'),(160,41,'ItemLine',NULL,303,1,'2011-09-09','2011-09-09',NULL,NULL,39,NULL,'2011-09-09 19:30:50','2011-09-09 19:30:50'),(161,41,'ItemLine',NULL,304,1,'2011-09-09','2011-09-09',NULL,NULL,39,NULL,'2011-09-09 19:30:50','2011-09-09 19:30:50'),(162,42,'ItemLine',NULL,84,1,'2011-10-16','2011-10-24',NULL,NULL,40,NULL,'2011-09-09 19:30:50','2011-09-09 19:30:50'),(163,43,'ItemLine',NULL,84,1,'2011-10-31','2011-11-03',NULL,NULL,41,NULL,'2011-09-09 19:30:50','2011-09-09 19:30:50'),(164,43,'ItemLine',NULL,84,1,'2011-10-31','2011-11-03',NULL,NULL,41,NULL,'2011-09-09 19:30:50','2011-09-09 19:30:50'),(165,43,'ItemLine',NULL,84,1,'2011-10-31','2011-11-03',NULL,NULL,41,NULL,'2011-09-09 19:30:50','2011-09-09 19:30:50'),(166,43,'ItemLine',NULL,84,1,'2011-10-31','2011-11-03',NULL,NULL,41,NULL,'2011-09-09 19:30:50','2011-09-09 19:30:50'),(167,43,'ItemLine',NULL,84,1,'2011-10-31','2011-11-03',NULL,NULL,41,NULL,'2011-09-09 19:30:50','2011-09-09 19:30:50'),(168,43,'ItemLine',NULL,84,1,'2011-10-31','2011-11-03',NULL,NULL,41,NULL,'2011-09-09 19:30:50','2011-09-09 19:30:50'),(169,44,'ItemLine',NULL,37,1,'2011-09-09','2011-09-09',NULL,NULL,42,NULL,'2011-09-09 19:30:50','2011-09-09 19:30:50'),(170,45,'ItemLine',108,116,1,'2011-09-04','2011-09-08',NULL,NULL,43,NULL,'2011-09-04 00:00:00','2011-09-04 00:00:00');
/*!40000 ALTER TABLE `contract_lines` ENABLE KEYS */;
UNLOCK TABLES;

--
-- Table structure for table `contracts`
--

DROP TABLE IF EXISTS `contracts`;
/*!40101 SET @saved_cs_client     = @@character_set_client */;
/*!40101 SET character_set_client = utf8 */;
CREATE TABLE `contracts` (
  `id` int(11) NOT NULL AUTO_INCREMENT,
  `user_id` int(11) DEFAULT NULL,
  `delegated_user_id` int(11) DEFAULT NULL,
  `inventory_pool_id` int(11) DEFAULT NULL,
  `note` text COLLATE utf8_unicode_ci,
  `handed_over_by_user_id` int(11) DEFAULT NULL,
  `created_at` datetime DEFAULT NULL,
  `updated_at` datetime DEFAULT NULL,
  `status` enum('unsubmitted','submitted','rejected','approved','signed','closed') COLLATE utf8_unicode_ci NOT NULL,
  PRIMARY KEY (`id`),
  KEY `index_contracts_on_inventory_pool_id` (`inventory_pool_id`),
  KEY `index_contracts_on_status` (`status`),
  KEY `index_contracts_on_user_id` (`user_id`)
) ENGINE=InnoDB AUTO_INCREMENT=46 DEFAULT CHARSET=utf8 COLLATE=utf8_unicode_ci;
/*!40101 SET character_set_client = @saved_cs_client */;

--
-- Dumping data for table `contracts`
--

LOCK TABLES `contracts` WRITE;
/*!40000 ALTER TABLE `contracts` DISABLE KEYS */;
INSERT INTO `contracts` VALUES (1,6,NULL,5,NULL,NULL,'2011-09-09 19:30:50','2011-09-09 19:30:50','unsubmitted'),(2,7,NULL,11,NULL,NULL,'2011-09-09 19:30:50','2011-09-09 19:30:50','approved'),(3,8,NULL,1,NULL,NULL,'2011-09-09 19:30:50','2011-09-09 19:30:50','closed'),(4,13,NULL,1,NULL,NULL,'2011-09-09 19:30:50','2011-09-09 19:30:50','approved'),(5,14,NULL,1,NULL,11,'2011-09-09 19:30:50','2011-09-09 19:30:50','signed'),(6,15,NULL,1,NULL,11,'2011-09-09 19:30:50','2011-09-09 19:30:50','signed'),(7,16,NULL,1,NULL,11,'2011-09-09 19:30:50','2011-09-09 19:30:50','signed'),(8,17,NULL,2,NULL,11,'2011-09-04 00:00:00','2011-09-04 00:00:00','signed'),(9,21,19,1,NULL,NULL,'2011-09-09 19:30:50','2011-09-09 19:30:50','submitted'),(10,21,20,1,NULL,NULL,'2011-09-09 19:30:50','2011-09-09 19:30:50','approved'),(11,21,19,1,NULL,11,'2011-09-09 19:30:50','2011-09-09 19:30:50','signed'),(12,21,19,1,NULL,11,'2011-09-04 00:00:00','2011-09-04 00:00:00','signed'),(13,25,NULL,1,NULL,NULL,'2011-09-09 19:30:50','2011-09-09 19:30:50','submitted'),(14,25,NULL,3,NULL,NULL,'2011-09-09 19:30:50','2011-09-09 19:30:50','submitted'),(15,25,NULL,3,NULL,NULL,'2011-09-09 19:30:50','2011-09-09 19:30:50','submitted'),(16,25,NULL,1,NULL,NULL,'2011-09-09 19:30:50','2011-09-09 19:30:50','submitted'),(17,25,NULL,1,NULL,NULL,'2011-09-09 19:30:50','2011-09-09 19:30:50','approved'),(18,25,NULL,1,NULL,NULL,'2011-09-09 19:30:50','2011-09-09 19:30:50','approved'),(19,25,NULL,1,NULL,NULL,'2011-09-09 19:30:50','2011-09-09 19:30:50','approved'),(20,25,NULL,1,NULL,NULL,'2011-09-09 19:30:50','2011-09-09 19:30:50','approved'),(21,25,NULL,1,NULL,NULL,'2011-09-09 19:30:50','2011-09-09 19:30:50','approved'),(22,25,NULL,1,NULL,NULL,'2011-09-09 19:30:50','2011-09-09 19:30:50','approved'),(23,25,NULL,1,NULL,11,'2011-09-09 19:30:50','2011-09-09 19:30:50','signed'),(24,25,NULL,1,NULL,11,'2011-09-09 19:30:50','2011-09-09 19:30:50','signed'),(25,25,NULL,2,NULL,11,'2011-09-09 19:30:50','2011-09-09 19:30:50','signed'),(26,25,NULL,2,NULL,11,'2011-09-09 19:30:50','2011-09-09 19:30:50','signed'),(27,25,NULL,2,NULL,11,'2011-09-09 19:30:50','2011-09-09 19:30:50','signed'),(28,25,NULL,1,NULL,11,'2011-09-09 19:30:50','2011-09-09 19:30:50','signed'),(29,26,NULL,1,NULL,NULL,'2011-09-09 19:30:50','2011-09-09 19:30:50','submitted'),(30,26,NULL,1,NULL,NULL,'2011-09-09 19:30:50','2011-09-09 19:30:50','submitted'),(31,26,NULL,1,NULL,NULL,'2011-09-09 19:30:50','2011-09-09 19:30:50','approved'),(32,26,NULL,1,NULL,11,'2011-09-09 19:30:50','2011-09-09 19:30:50','signed'),(33,29,NULL,1,NULL,NULL,'2011-09-08 19:47:36','2011-09-08 19:47:36','submitted'),(34,29,NULL,1,NULL,NULL,'2011-09-08 19:47:37','2011-09-08 19:47:37','approved'),(35,29,NULL,1,NULL,NULL,'2011-09-08 19:47:37','2011-09-08 19:47:37','rejected'),(36,29,NULL,1,NULL,NULL,'2011-09-09 02:01:13','2011-09-09 02:01:13','submitted'),(37,29,NULL,1,NULL,NULL,'2011-09-04 01:41:07','2011-09-04 01:41:07','submitted'),(38,30,NULL,1,NULL,NULL,'2011-09-09 19:30:50','2011-09-09 19:30:50','submitted'),(39,31,NULL,1,NULL,NULL,'2011-09-09 19:30:50','2011-09-09 19:30:50','submitted'),(40,32,NULL,1,NULL,NULL,'2011-09-09 19:30:50','2011-09-09 19:30:50','submitted'),(41,33,NULL,1,NULL,NULL,'2011-09-09 19:30:50','2011-09-09 19:30:50','submitted'),(42,34,NULL,1,NULL,NULL,'2011-09-09 19:30:50','2011-09-09 19:30:50','submitted'),(43,34,NULL,1,NULL,NULL,'2011-09-09 19:30:50','2011-09-09 19:30:50','submitted'),(44,34,NULL,1,NULL,NULL,'2011-09-09 19:30:50','2011-09-09 19:30:50','approved'),(45,34,NULL,1,NULL,11,'2011-09-04 00:00:00','2011-09-04 00:00:00','signed');
/*!40000 ALTER TABLE `contracts` ENABLE KEYS */;
UNLOCK TABLES;

--
-- Table structure for table `database_authentications`
--

DROP TABLE IF EXISTS `database_authentications`;
/*!40101 SET @saved_cs_client     = @@character_set_client */;
/*!40101 SET character_set_client = utf8 */;
CREATE TABLE `database_authentications` (
  `id` int(11) NOT NULL AUTO_INCREMENT,
  `login` varchar(255) COLLATE utf8_unicode_ci DEFAULT NULL,
  `crypted_password` varchar(40) COLLATE utf8_unicode_ci DEFAULT NULL,
  `salt` varchar(40) COLLATE utf8_unicode_ci DEFAULT NULL,
  `user_id` int(11) DEFAULT NULL,
  `created_at` datetime DEFAULT NULL,
  `updated_at` datetime DEFAULT NULL,
  PRIMARY KEY (`id`)
) ENGINE=InnoDB AUTO_INCREMENT=31 DEFAULT CHARSET=utf8 COLLATE=utf8_unicode_ci;
/*!40101 SET character_set_client = @saved_cs_client */;

--
-- Dumping data for table `database_authentications`
--

LOCK TABLES `database_authentications` WRITE;
/*!40000 ALTER TABLE `database_authentications` DISABLE KEYS */;
INSERT INTO `database_authentications` VALUES (1,'gino','677379bddf53b096d17606598cbf1eddc20ce22a','718658d4cbdfeaa1149270cad446cf06c7187067',1,'2011-09-09 19:30:50','2011-09-09 19:30:50'),(2,'ramon','5fc111b05c76226706894e91ab5d74ffe04f9772','6225c934105cb36c6f98604e5df1ad685c794081',2,'2011-09-09 19:30:50','2011-09-09 19:30:50'),(3,'devon_waters_9579','4abbb08f9e17477796951710cde06c99f3829f6b','194a2ead66304c44ecbf560bf7361839ec448c08',3,'2011-09-09 19:30:50','2011-09-09 19:30:50'),(4,'christiana_5568','bb288e3e1c9a5a2ab0dae646c18b859740b188e4','762d304d85f2491848da9b105e47b57965cc3df8',4,'2011-09-09 19:30:50','2011-09-09 19:30:50'),(5,'alfonso_2047','714e832693dd46c5055888d48590caa123526ef4','59b679bbf974ee2ac6bd70e51aa7761ad3526a93',5,'2011-09-09 19:30:50','2011-09-09 19:30:50'),(6,'jadon_spencer_5674','198543276e09c3612744de4d2cd61ec91aa7e92e','a31d446677526daf76291c64f6e765e0ec13fb22',6,'2011-09-09 19:30:50','2011-09-09 19:30:50'),(7,'colleen.mante_6537','b8bda75f1c5fd1faeaad139ea404572402325cd7','cea799878f3e6ef0bd8333019e4bf925075b7dcf',7,'2011-09-09 19:30:50','2011-09-09 19:30:50'),(8,'rebeca_haley_1583','790025ddcc4954b7865cb93cb31a57bb355e8679','2a0cb3395bf6a6688f5b59c2dad7d3acdbbb47ae',8,'2011-09-09 19:30:50','2011-09-09 19:30:50'),(9,'matti','a2f0bfc292f35294f9bfc12923c13b16ec67f52d','26dcb47586f515c27db049b737d2017e870de904',9,'2011-09-09 19:30:50','2011-09-09 19:30:50'),(10,'mike','1a542cacd09d0eb14120da77dcd9eb22675af83b','8763d44028c1e494c9ab6764629fd97f5bfe93ca',10,'2011-09-09 19:30:50','2011-09-09 19:30:50'),(11,'pius','ed949a62cbe6f3b53e886a3eba309c05fabfeb4a','6c3228f69aba7cf06a0d1d4a41a61f2c89b0a3d7',11,'2011-09-09 19:30:50','2011-09-09 19:30:50'),(12,'peter','bc7d914d47c84e4332805bd17ee89c0ffc5c5603','433487ff0508cafd3ef1b17c36c499fc4bb2fa73',12,'2011-09-09 19:30:50','2011-09-09 19:30:50'),(13,'kaleigh_7499','32ef6014f102eb9437bccb0ef07caef44203ebc9','32ed53e5175170fc66a89d23cf68de10f417d149',13,'2011-09-09 19:30:50','2011-09-09 19:30:50'),(14,'janie_6828','27db15f47ee698b5584df3741003f70103c1ce49','eb56acc860747889e74e1abd692b87d79bbeff72',14,'2011-09-09 19:30:50','2011-09-09 19:30:50'),(15,'libby.sauer_6256','58d1b66417d57a935fe4671540999849e7617767','cc3cdfebbd9db1ab4efe11f6adda0d006a55b822',15,'2011-09-09 19:30:50','2011-09-09 19:30:50'),(16,'flavie.wehner_5559','fde2e329e3ea980bbb97862bb9043c5fdf3440e4','03b14425c3836108494d1e626b559ccefb12cc54',16,'2011-09-09 19:30:50','2011-09-09 19:30:50'),(17,'liliane_6506','858e85069b999e497c6a806530b407b42bb326da','18646e4b9f9ba2b1fdbcc1c36d1e0356647addd0',17,'2011-09-04 00:00:00','2011-09-04 00:00:00'),(18,'rosie.daniel_2858','317c1fff98449895e1faf501ea581d55f9946225','7896f711f5fc823a75af71eb13fe9f62d0e90be1',18,'2011-09-04 00:00:00','2011-09-04 00:00:00'),(19,'mina','c340e00810b7db4b13b024ae79b560aa27a52e09','766e52ff96800fa32043f0bc68dea4a2deff5c7b',19,'2011-09-09 19:30:50','2011-09-09 19:30:50'),(20,'julie','18a5c30e48c10f3cfe56bd853689596cf8861560','3082e8f4e20382ff1f35374af77e4fa1ebe56c7f',20,'2011-09-09 19:30:50','2011-09-09 19:30:50'),(21,'normin','17bc50f6e65c6f393958842a37d10750810c749c','369fe2fa17baeb0ccb804c414ef67ff49f675ade',25,'2011-09-09 19:30:50','2011-09-09 19:30:50'),(22,'petra','3dd4764ce7e831dcbd9fc9b4ea0bd617a278e6ab','0892d54340a47f310c814fe5c435cf6aadca7987',26,'2011-09-09 19:30:50','2011-09-09 19:30:50'),(23,'andi','6c1a891fb29c508881618c6af1ecbd8ecd641944','2b9d466d4d4d2b79b5a17d757668064c3ba4834f',27,'2011-09-09 19:30:50','2011-09-09 19:30:50'),(24,'alyson_8483','f632bc0228159fb52e413e1b7bdbe523fd519ffc','bd5c9ea79176861390d18d2326f7425f20d2263d',28,'2011-09-09 19:30:50','2011-09-09 19:30:50'),(25,'annetta_brown_1199','534bde505acb663091e29a05fbfabfa1737a1237','61027ff150b35e744163912656c655415029f4a6',29,'2011-09-09 19:30:50','2011-09-09 19:30:50'),(26,'cayla_3223','5f8a3f5cf64c13ce4ab0f6e2140406b658a4883b','8b6d3a1b425364ff052a18c90b5553aada632e55',30,'2011-09-09 19:30:50','2011-09-09 19:30:50'),(27,'demetrius_1771','ff13c1708245cdc7663235588743c92f9092f309','8fd9201d2b773e1a5656073a330b10038f71dddd',31,'2011-09-09 19:30:50','2011-09-09 19:30:50'),(28,'layne.brown_1269','1d8104788d5054ad540b3a3fd70503d82297c624','0c8d4a5bd561c604ed14c6be66ad4404c95048a3',32,'2011-09-09 19:30:50','2011-09-09 19:30:50'),(29,'bethany_prosacco_7524','8d684e93a7750c9923ade011bc751d246eb843ea','39ff8af7e445472500b7229521a7a25da8301fa8',33,'2011-09-09 19:30:50','2011-09-09 19:30:50'),(30,'lisa','52140bfdc710d44db0a4cdad19bfe362e4f600c9','c3cd8014356a84548ae4a30372ee669e6b9377c3',34,'2011-09-09 19:30:50','2011-09-09 19:30:50');
/*!40000 ALTER TABLE `database_authentications` ENABLE KEYS */;
UNLOCK TABLES;

--
-- Table structure for table `delegations_users`
--

DROP TABLE IF EXISTS `delegations_users`;
/*!40101 SET @saved_cs_client     = @@character_set_client */;
/*!40101 SET character_set_client = utf8 */;
CREATE TABLE `delegations_users` (
  `delegation_id` int(11) DEFAULT NULL,
  `user_id` int(11) DEFAULT NULL,
  UNIQUE KEY `index_delegations_users_on_user_id_and_delegation_id` (`user_id`,`delegation_id`),
  KEY `index_delegations_users_on_delegation_id` (`delegation_id`)
) ENGINE=InnoDB DEFAULT CHARSET=utf8 COLLATE=utf8_unicode_ci;
/*!40101 SET character_set_client = @saved_cs_client */;

--
-- Dumping data for table `delegations_users`
--

LOCK TABLES `delegations_users` WRITE;
/*!40000 ALTER TABLE `delegations_users` DISABLE KEYS */;
INSERT INTO `delegations_users` VALUES (21,19),(22,19),(23,19),(24,19),(21,20),(22,20),(23,20),(24,20);
/*!40000 ALTER TABLE `delegations_users` ENABLE KEYS */;
UNLOCK TABLES;

--
-- Table structure for table `groups`
--

DROP TABLE IF EXISTS `groups`;
/*!40101 SET @saved_cs_client     = @@character_set_client */;
/*!40101 SET character_set_client = utf8 */;
CREATE TABLE `groups` (
  `id` int(11) NOT NULL AUTO_INCREMENT,
  `name` varchar(255) COLLATE utf8_unicode_ci DEFAULT NULL,
  `inventory_pool_id` int(11) DEFAULT NULL,
  `is_verification_required` tinyint(1) DEFAULT '0',
  `created_at` datetime DEFAULT NULL,
  `updated_at` datetime DEFAULT NULL,
  PRIMARY KEY (`id`),
  KEY `index_groups_on_inventory_pool_id` (`inventory_pool_id`),
  KEY `index_groups_on_is_verification_required` (`is_verification_required`)
) ENGINE=InnoDB AUTO_INCREMENT=10 DEFAULT CHARSET=utf8 COLLATE=utf8_unicode_ci;
/*!40101 SET character_set_client = @saved_cs_client */;

--
-- Dumping data for table `groups`
--

LOCK TABLES `groups` WRITE;
/*!40000 ALTER TABLE `groups` DISABLE KEYS */;
INSERT INTO `groups` VALUES (1,'Cast',1,0,'2011-09-09 19:30:50','2011-09-09 19:30:50'),(2,'IAD',1,0,'2011-09-09 19:30:50','2011-09-09 19:30:50'),(3,'Wu',1,0,'2011-09-09 19:30:50','2011-09-09 19:30:50'),(4,'Group Hifi',1,0,'2011-09-09 19:30:50','2011-09-09 19:30:50'),(5,'Group A',1,0,'2011-09-09 19:30:50','2011-09-09 19:30:50'),(6,'Group B',1,0,'2011-09-09 19:30:50','2011-09-09 19:30:50'),(7,'FFI',1,1,'2011-09-09 19:30:50','2011-09-09 19:30:50'),(8,'VTO',1,1,'2011-09-09 19:30:50','2011-09-09 19:30:50'),(9,'1. Semester',2,1,'2011-09-09 19:30:50','2011-09-09 19:30:50');
/*!40000 ALTER TABLE `groups` ENABLE KEYS */;
UNLOCK TABLES;

--
-- Table structure for table `groups_users`
--

DROP TABLE IF EXISTS `groups_users`;
/*!40101 SET @saved_cs_client     = @@character_set_client */;
/*!40101 SET character_set_client = utf8 */;
CREATE TABLE `groups_users` (
  `user_id` int(11) DEFAULT NULL,
  `group_id` int(11) DEFAULT NULL,
  UNIQUE KEY `index_groups_users_on_user_id_and_group_id` (`user_id`,`group_id`),
  KEY `index_groups_users_on_group_id` (`group_id`)
) ENGINE=InnoDB DEFAULT CHARSET=utf8 COLLATE=utf8_unicode_ci;
/*!40101 SET character_set_client = @saved_cs_client */;

--
-- Dumping data for table `groups_users`
--

LOCK TABLES `groups_users` WRITE;
/*!40000 ALTER TABLE `groups_users` DISABLE KEYS */;
INSERT INTO `groups_users` VALUES (25,1),(29,7),(29,8),(30,7),(31,7),(31,8),(32,7),(32,9),(33,7),(34,1);
/*!40000 ALTER TABLE `groups_users` ENABLE KEYS */;
UNLOCK TABLES;

--
-- Table structure for table `histories`
--

DROP TABLE IF EXISTS `histories`;
/*!40101 SET @saved_cs_client     = @@character_set_client */;
/*!40101 SET character_set_client = utf8 */;
CREATE TABLE `histories` (
  `id` int(11) NOT NULL AUTO_INCREMENT,
  `text` varchar(255) COLLATE utf8_unicode_ci DEFAULT '',
  `type_const` int(11) DEFAULT NULL,
  `created_at` datetime NOT NULL,
  `target_id` int(11) NOT NULL,
  `target_type` varchar(255) COLLATE utf8_unicode_ci NOT NULL,
  `user_id` int(11) DEFAULT NULL,
  PRIMARY KEY (`id`),
  KEY `index_histories_on_target_type_and_target_id` (`target_type`,`target_id`),
  KEY `index_histories_on_type_const` (`type_const`),
  KEY `index_histories_on_user_id` (`user_id`)
) ENGINE=InnoDB AUTO_INCREMENT=15 DEFAULT CHARSET=utf8 COLLATE=utf8_unicode_ci;
/*!40101 SET character_set_client = @saved_cs_client */;

--
-- Dumping data for table `histories`
--

LOCK TABLES `histories` WRITE;
/*!40000 ALTER TABLE `histories` DISABLE KEYS */;
INSERT INTO `histories` VALUES (1,'Contract 5 has been signed by Parker Gislason',1,'2011-09-09 19:30:50',5,'Contract',11),(2,'Contract 6 has been signed by Allison Stamm',1,'2011-09-09 19:30:50',6,'Contract',11),(3,'Contract 7 has been signed by Antonette Gulgowski',1,'2011-09-09 19:30:50',7,'Contract',11),(4,'Contract 8 has been signed by Cierra Parisian',1,'2011-09-04 00:00:00',8,'Contract',11),(5,'Contract 11 has been signed by Magnam dolore modi consequatur eius placeat asperiores voluptatem.',1,'2011-09-09 19:30:50',11,'Contract',11),(6,'Contract 12 has been signed by Magnam dolore modi consequatur eius placeat asperiores voluptatem.',1,'2011-09-04 00:00:00',12,'Contract',11),(7,'Contract 23 has been signed by Normin N.',1,'2011-09-09 19:30:50',23,'Contract',11),(8,'Contract 24 has been signed by Normin N.',1,'2011-09-09 19:30:50',24,'Contract',11),(9,'Contract 25 has been signed by Normin N.',1,'2011-09-09 19:30:50',25,'Contract',11),(10,'Contract 26 has been signed by Normin N.',1,'2011-09-09 19:30:50',26,'Contract',11),(11,'Contract 27 has been signed by Normin N.',1,'2011-09-09 19:30:50',27,'Contract',11),(12,'Contract 28 has been signed by Normin N.',1,'2011-09-09 19:30:50',28,'Contract',11),(13,'Contract 32 has been signed by Petra K.',1,'2011-09-09 19:30:50',32,'Contract',11),(14,'Contract 45 has been signed by Lisa L.',1,'2011-09-04 00:00:00',45,'Contract',11);
/*!40000 ALTER TABLE `histories` ENABLE KEYS */;
UNLOCK TABLES;

--
-- Table structure for table `holidays`
--

DROP TABLE IF EXISTS `holidays`;
/*!40101 SET @saved_cs_client     = @@character_set_client */;
/*!40101 SET character_set_client = utf8 */;
CREATE TABLE `holidays` (
  `id` int(11) NOT NULL AUTO_INCREMENT,
  `inventory_pool_id` int(11) DEFAULT NULL,
  `start_date` date DEFAULT NULL,
  `end_date` date DEFAULT NULL,
  `name` varchar(255) COLLATE utf8_unicode_ci DEFAULT NULL,
  PRIMARY KEY (`id`),
  KEY `index_holidays_on_inventory_pool_id` (`inventory_pool_id`),
  KEY `index_holidays_on_start_date_and_end_date` (`start_date`,`end_date`)
) ENGINE=InnoDB AUTO_INCREMENT=5 DEFAULT CHARSET=utf8 COLLATE=utf8_unicode_ci;
/*!40101 SET character_set_client = @saved_cs_client */;

--
-- Dumping data for table `holidays`
--

LOCK TABLES `holidays` WRITE;
/*!40000 ALTER TABLE `holidays` DISABLE KEYS */;
INSERT INTO `holidays` VALUES (1,1,'2011-12-24','2011-12-24','Christmas'),(2,2,'2011-12-24','2011-12-24','Christmas'),(3,3,'2011-12-24','2011-12-24','Christmas'),(4,1,'2011-12-24','2011-12-24','Christmas');
/*!40000 ALTER TABLE `holidays` ENABLE KEYS */;
UNLOCK TABLES;

--
-- Table structure for table `images`
--

DROP TABLE IF EXISTS `images`;
/*!40101 SET @saved_cs_client     = @@character_set_client */;
/*!40101 SET character_set_client = utf8 */;
CREATE TABLE `images` (
  `id` int(11) NOT NULL AUTO_INCREMENT,
  `model_id` int(11) DEFAULT NULL,
  `is_main` tinyint(1) DEFAULT '0',
  `content_type` varchar(255) COLLATE utf8_unicode_ci DEFAULT NULL,
  `filename` varchar(255) COLLATE utf8_unicode_ci DEFAULT NULL,
  `size` int(11) DEFAULT NULL,
  `height` int(11) DEFAULT NULL,
  `width` int(11) DEFAULT NULL,
  `parent_id` int(11) DEFAULT NULL,
  `thumbnail` varchar(255) COLLATE utf8_unicode_ci DEFAULT NULL,
  PRIMARY KEY (`id`),
  KEY `index_images_on_model_id` (`model_id`)
) ENGINE=InnoDB AUTO_INCREMENT=4 DEFAULT CHARSET=utf8 COLLATE=utf8_unicode_ci;
/*!40101 SET character_set_client = @saved_cs_client */;

--
-- Dumping data for table `images`
--

LOCK TABLES `images` WRITE;
/*!40000 ALTER TABLE `images` DISABLE KEYS */;
INSERT INTO `images` VALUES (1,149,0,'image/jpeg','Miss Clemmie Hansen',NULL,NULL,NULL,NULL,NULL),(2,149,0,'image/jpeg','Raymundo Torphy',NULL,NULL,NULL,NULL,NULL),(3,150,0,'image/jpeg','Miss Alfreda Reynolds',NULL,NULL,NULL,NULL,NULL);
/*!40000 ALTER TABLE `images` ENABLE KEYS */;
UNLOCK TABLES;

--
-- Table structure for table `inventory_pools`
--

DROP TABLE IF EXISTS `inventory_pools`;
/*!40101 SET @saved_cs_client     = @@character_set_client */;
/*!40101 SET character_set_client = utf8 */;
CREATE TABLE `inventory_pools` (
  `id` int(11) NOT NULL AUTO_INCREMENT,
  `name` varchar(255) COLLATE utf8_unicode_ci DEFAULT NULL,
  `description` text COLLATE utf8_unicode_ci,
  `contact_details` varchar(255) COLLATE utf8_unicode_ci DEFAULT NULL,
  `contract_description` varchar(255) COLLATE utf8_unicode_ci DEFAULT NULL,
  `contract_url` varchar(255) COLLATE utf8_unicode_ci DEFAULT NULL,
  `logo_url` varchar(255) COLLATE utf8_unicode_ci DEFAULT NULL,
  `default_contract_note` text COLLATE utf8_unicode_ci,
  `shortname` varchar(255) COLLATE utf8_unicode_ci DEFAULT NULL,
  `email` varchar(255) COLLATE utf8_unicode_ci DEFAULT NULL,
  `color` text COLLATE utf8_unicode_ci,
  `print_contracts` tinyint(1) DEFAULT '1',
  `opening_hours` text COLLATE utf8_unicode_ci,
  `address_id` int(11) DEFAULT NULL,
  `automatic_suspension` tinyint(1) NOT NULL DEFAULT '0',
  `automatic_suspension_reason` text COLLATE utf8_unicode_ci,
  `automatic_access` tinyint(1) DEFAULT NULL,
  PRIMARY KEY (`id`),
  UNIQUE KEY `index_inventory_pools_on_name` (`name`)
) ENGINE=InnoDB AUTO_INCREMENT=13 DEFAULT CHARSET=utf8 COLLATE=utf8_unicode_ci;
/*!40101 SET character_set_client = @saved_cs_client */;

--
-- Dumping data for table `inventory_pools`
--

LOCK TABLES `inventory_pools` WRITE;
/*!40000 ALTER TABLE `inventory_pools` DISABLE KEYS */;
INSERT INTO `inventory_pools` VALUES (1,'A-Ausleihe','Wichtige Hinweise...\n Bitte die Gegenstnde rechtzeitig zurckbringen','A Verleih  /  ZHdK\nav@zh-dk.ch\n+41 00 00 00 00','Gert erhalten','av@zhdk.ch',NULL,'Voluptas occaecati expedita nobis vel.','A','av@zhdk.ch',NULL,1,NULL,NULL,1,'Blanditiis ut in voluptas autem aut.',NULL),(2,'IT-Ausleihe','Bringt die Gerte bitte rechtzeitig zurck','IT Verleih  /  ZHdK\nav@zh-dk.ch\n+41 00 00 00 00','Gert erhalten','it@zhdk.ch',NULL,NULL,'IT','it@zhdk.ch',NULL,1,NULL,NULL,1,'Est natus voluptas non nesciunt mollitia quaerat molestiae ut.',NULL),(3,'AV-Technik','Bringt die Gerte bitte rechtzeitig zurck','AV Verleih  /  ZHdK\nav@zh-dk.ch\n+41 00 00 00 00','Gert erhalten','it@zhdk.ch',NULL,NULL,'AV','it@zhdk.ch',NULL,1,NULL,NULL,0,NULL,NULL),(4,'DT deletable','Bringt die Gerte bitte rechtzeitig zurck','AV Verleih  /  ZHdK\nav@zh-dk.ch\n+41 00 00 00 00','Gert erhalten','it@zhdk.ch',NULL,NULL,'DT','it@zhdk.ch',NULL,1,NULL,NULL,0,NULL,NULL),(5,'Idaperiamminimadeleniti','Ut totam id occaecati voluptas soluta nemo minus dignissimos.','Ipsa odit quos fugiat minima vitae possimus unde.','Idaperiamminimadeleniti','beaulah.kunde@rutherford.com',NULL,NULL,'QD678U','beaulah.kunde@rutherford.com',NULL,1,NULL,NULL,0,NULL,NULL),(6,'Quiquidemrerumlaudantium','Placeat id et rem magni pariatur autem.','Rem velit eos dolorum dicta nihil similique repudiandae tempore.','Quiquidemrerumlaudantium','kaylah@kuphalkshlerin.biz',NULL,NULL,'YDLGR3','kaylah@kuphalkshlerin.biz',NULL,1,NULL,NULL,0,NULL,NULL),(7,'Eaaliquammolestiaenobis','Qui autem culpa ad velit reiciendis.','Adipisci numquam aut enim vero hic assumenda enim.','Eaaliquammolestiaenobis','lera@moriette.info',NULL,NULL,'6UHZQZ','lera@moriette.info',NULL,1,NULL,NULL,0,NULL,NULL),(8,'Nonveleumodio','Et explicabo ratione quasi dolores.','Voluptatem dolores nulla quia ut.','Nonveleumodio','josephine@langosh.co.uk',NULL,NULL,'XA9MU8','josephine@langosh.co.uk',NULL,1,NULL,NULL,0,NULL,NULL),(9,'Utautfacereest','Sequi aut ut ullam.','Qui laudantium ut rem neque quis dolore voluptatibus corrupti.','Utautfacereest','domingo.mraz@jenkins.name',NULL,NULL,'B8B9D8','domingo.mraz@jenkins.name',NULL,1,NULL,NULL,0,NULL,NULL),(10,'Laudantiumremsedomnis','Rem doloremque ratione hic voluptatem mollitia molestiae et.','Labore ab tempore nulla consequatur rerum minus.','Laudantiumremsedomnis','enrique@weberhomenick.name',NULL,NULL,'W0PXDG','enrique@weberhomenick.name',NULL,1,NULL,NULL,0,NULL,NULL),(11,'Eumattemporaducimus','Odio libero dolor rem consequatur in sunt voluptas.','Quia repellat qui deserunt maxime voluptatem.','Eumattemporaducimus','billie@strosin.com',NULL,NULL,'DO3J1Y','billie@strosin.com',NULL,1,NULL,NULL,0,NULL,NULL),(12,'Etvoluptasseddignissimos','Et magnam fugiat aliquid aspernatur dignissimos.','Adipisci molestias unde aut et aut voluptatem cum.','Etvoluptasseddignissimos','tad@lang.com',NULL,NULL,'WSNZ61','tad@lang.com',NULL,1,NULL,NULL,0,NULL,NULL);
/*!40000 ALTER TABLE `inventory_pools` ENABLE KEYS */;
UNLOCK TABLES;

--
-- Table structure for table `inventory_pools_model_groups`
--

DROP TABLE IF EXISTS `inventory_pools_model_groups`;
/*!40101 SET @saved_cs_client     = @@character_set_client */;
/*!40101 SET character_set_client = utf8 */;
CREATE TABLE `inventory_pools_model_groups` (
  `inventory_pool_id` int(11) DEFAULT NULL,
  `model_group_id` int(11) DEFAULT NULL,
  KEY `index_inventory_pools_model_groups_on_inventory_pool_id` (`inventory_pool_id`),
  KEY `index_inventory_pools_model_groups_on_model_group_id` (`model_group_id`)
) ENGINE=InnoDB DEFAULT CHARSET=utf8 COLLATE=utf8_unicode_ci;
/*!40101 SET character_set_client = @saved_cs_client */;

--
-- Dumping data for table `inventory_pools_model_groups`
--

LOCK TABLES `inventory_pools_model_groups` WRITE;
/*!40000 ALTER TABLE `inventory_pools_model_groups` DISABLE KEYS */;
INSERT INTO `inventory_pools_model_groups` VALUES (1,12),(1,13),(1,14);
/*!40000 ALTER TABLE `inventory_pools_model_groups` ENABLE KEYS */;
UNLOCK TABLES;

--
-- Table structure for table `items`
--

DROP TABLE IF EXISTS `items`;
/*!40101 SET @saved_cs_client     = @@character_set_client */;
/*!40101 SET character_set_client = utf8 */;
CREATE TABLE `items` (
  `id` int(11) NOT NULL AUTO_INCREMENT,
  `inventory_code` varchar(255) COLLATE utf8_unicode_ci DEFAULT NULL,
  `serial_number` varchar(255) COLLATE utf8_unicode_ci DEFAULT NULL,
  `model_id` int(11) DEFAULT NULL,
  `location_id` int(11) DEFAULT NULL,
  `supplier_id` int(11) DEFAULT NULL,
  `owner_id` int(11) DEFAULT NULL,
  `parent_id` int(11) DEFAULT NULL,
  `invoice_number` varchar(255) COLLATE utf8_unicode_ci DEFAULT NULL,
  `invoice_date` date DEFAULT NULL,
  `last_check` date DEFAULT NULL,
  `retired` date DEFAULT NULL,
  `retired_reason` varchar(255) COLLATE utf8_unicode_ci DEFAULT NULL,
  `price` decimal(8,2) DEFAULT NULL,
  `is_broken` tinyint(1) DEFAULT '0',
  `is_incomplete` tinyint(1) DEFAULT '0',
  `is_borrowable` tinyint(1) DEFAULT '0',
  `needs_permission` tinyint(1) DEFAULT '0',
  `inventory_pool_id` int(11) DEFAULT NULL,
  `is_inventory_relevant` tinyint(1) DEFAULT '0',
  `responsible` varchar(255) COLLATE utf8_unicode_ci DEFAULT NULL,
  `insurance_number` varchar(255) COLLATE utf8_unicode_ci DEFAULT NULL,
  `note` text COLLATE utf8_unicode_ci,
  `name` text COLLATE utf8_unicode_ci,
  `user_name` varchar(255) COLLATE utf8_unicode_ci DEFAULT NULL,
  `properties` varchar(2048) COLLATE utf8_unicode_ci DEFAULT NULL,
  `created_at` datetime DEFAULT NULL,
  `updated_at` datetime DEFAULT NULL,
  PRIMARY KEY (`id`),
  UNIQUE KEY `index_items_on_inventory_code` (`inventory_code`),
  KEY `index_items_on_inventory_pool_id` (`inventory_pool_id`),
  KEY `index_items_on_retired` (`retired`),
  KEY `index_items_on_is_borrowable` (`is_borrowable`),
  KEY `index_items_on_is_broken` (`is_broken`),
  KEY `index_items_on_is_incomplete` (`is_incomplete`),
  KEY `index_items_on_location_id` (`location_id`),
  KEY `index_items_on_owner_id` (`owner_id`),
  KEY `index_items_on_parent_id_and_retired` (`parent_id`,`retired`),
  KEY `index_items_on_model_id_and_retired_and_inventory_pool_id` (`model_id`,`retired`,`inventory_pool_id`)
) ENGINE=InnoDB AUTO_INCREMENT=283 DEFAULT CHARSET=utf8 COLLATE=utf8_unicode_ci;
/*!40101 SET character_set_client = @saved_cs_client */;

--
-- Dumping data for table `items`
--

LOCK TABLES `items` WRITE;
/*!40000 ALTER TABLE `items` DISABLE KEYS */;
INSERT INTO `items` VALUES (1,'mhhvfkl38eym681c00zn373','42:92:38:73:7b:9f-f9:e2:7c:62:32:ba-00:d7:2c:ad:c6:96',1,1,1,6,NULL,NULL,'2006-03-03',NULL,NULL,NULL,471.00,0,0,1,0,5,1,NULL,NULL,NULL,NULL,NULL,'--- !ruby/hash:ActiveSupport::HashWithIndifferentAccess\nanschaffungskategorie: AV-Technik\n','2011-09-09 19:30:50','2011-09-09 19:30:50'),(2,'6x4ngilmqdw38nmc7f65374','98:68:79:d5:d1:f2-85:27:e4:4b:68:91-c2:67:c3:a6:9e:33',1,2,2,7,NULL,NULL,'2007-09-30',NULL,NULL,NULL,334.00,0,0,1,0,5,1,NULL,NULL,NULL,NULL,NULL,'--- !ruby/hash:ActiveSupport::HashWithIndifferentAccess\nanschaffungskategorie: AV-Technik\n','2011-09-09 19:30:50','2011-09-09 19:30:50'),(3,'7fbkzeppno5dg9jy7g08375','27:86:a0:8e:38:89-1e:f6:08:63:df:d7-76:7e:1d:44:c5:fc',1,3,3,7,NULL,NULL,'2009-03-22',NULL,NULL,NULL,943.00,0,0,1,0,5,1,NULL,NULL,NULL,NULL,NULL,'--- !ruby/hash:ActiveSupport::HashWithIndifferentAccess\nanschaffungskategorie: AV-Technik\n','2011-09-09 19:30:50','2011-09-09 19:30:50'),(4,'5tnkr85e576gijxybold376','67:d2:78:d3:af:4c-55:d5:73:1a:d2:65-2f:53:bf:22:31:56',5,4,4,8,NULL,NULL,'2009-08-01',NULL,NULL,NULL,1409.00,0,0,1,0,5,1,NULL,NULL,NULL,NULL,NULL,'--- !ruby/hash:ActiveSupport::HashWithIndifferentAccess\nanschaffungskategorie: AV-Technik\n','2011-09-09 19:30:50','2011-09-09 19:30:50'),(5,'oofkt63ok7mzkmg0sq6q377','59:39:21:94:d8:d0-11:f4:ea:88:48:a4-04:2d:64:79:5e:8e',5,5,5,9,NULL,NULL,'2008-08-08',NULL,NULL,NULL,984.00,0,0,1,0,5,1,NULL,NULL,NULL,NULL,NULL,'--- !ruby/hash:ActiveSupport::HashWithIndifferentAccess\nanschaffungskategorie: AV-Technik\n','2011-09-09 19:30:50','2011-09-09 19:30:50'),(6,'08arkq1lqkru5i857rm7378','3f:e2:b7:37:bf:02-85:68:a0:a2:0b:80-1c:d4:ce:c8:05:56',5,6,6,6,NULL,NULL,'2007-05-21',NULL,NULL,NULL,1058.00,0,0,1,0,5,1,NULL,NULL,NULL,NULL,NULL,'--- !ruby/hash:ActiveSupport::HashWithIndifferentAccess\nanschaffungskategorie: AV-Technik\n','2011-09-09 19:30:50','2011-09-09 19:30:50'),(7,'k6m1lfsi1uhp46uy94j0379','e1:8d:84:49:16:6f-65:35:50:85:59:54-aa:62:37:bb:c4:ac',9,7,7,10,NULL,NULL,'2010-03-13',NULL,NULL,NULL,1452.00,0,0,1,0,5,1,NULL,NULL,NULL,NULL,NULL,'--- !ruby/hash:ActiveSupport::HashWithIndifferentAccess\nanschaffungskategorie: AV-Technik\n','2011-09-09 19:30:50','2011-09-09 19:30:50'),(8,'rn0cr1ycp21prqa69f01380','c2:02:39:87:11:ac-13:77:f2:63:f9:80-80:a4:64:d5:80:4c',9,8,8,2,NULL,NULL,'2007-04-08',NULL,NULL,NULL,1490.00,0,0,1,0,5,1,NULL,NULL,NULL,NULL,NULL,'--- !ruby/hash:ActiveSupport::HashWithIndifferentAccess\nanschaffungskategorie: AV-Technik\n','2011-09-09 19:30:50','2011-09-09 19:30:50'),(9,'fucvjjbt101zpfn8ay84381','29:91:4b:0c:d9:7b-8a:b1:bf:26:8d:c0-97:bc:a0:78:b4:d7',9,9,9,5,NULL,NULL,'2007-03-22',NULL,NULL,NULL,479.00,0,0,1,0,5,1,NULL,NULL,NULL,NULL,NULL,'--- !ruby/hash:ActiveSupport::HashWithIndifferentAccess\nanschaffungskategorie: AV-Technik\n','2011-09-09 19:30:50','2011-09-09 19:30:50'),(10,'6kbpgo9nxeiws3b1khwb382','93:13:62:8e:42:1f-99:9f:79:39:23:d1-e9:6a:39:be:1e:84',13,10,10,3,NULL,NULL,'2007-03-31',NULL,NULL,NULL,235.00,0,0,1,0,5,1,NULL,NULL,NULL,NULL,NULL,'--- !ruby/hash:ActiveSupport::HashWithIndifferentAccess\nanschaffungskategorie: AV-Technik\n','2011-09-09 19:30:50','2011-09-09 19:30:50'),(11,'28u3ewmhvgivgg464mwm383','3c:68:a1:a7:af:37-af:d3:f1:e1:b6:f3-3d:c1:9f:0b:94:04',13,11,11,4,NULL,NULL,'2009-07-31',NULL,NULL,NULL,955.00,0,0,1,0,5,1,NULL,NULL,NULL,NULL,NULL,'--- !ruby/hash:ActiveSupport::HashWithIndifferentAccess\nanschaffungskategorie: AV-Technik\n','2011-09-09 19:30:50','2011-09-09 19:30:50'),(12,'ewiwvlp4ghj1xnebzbsv384','1e:81:04:d9:a0:7d-8f:aa:72:78:44:95-9e:76:82:ca:21:95',13,12,12,6,NULL,NULL,'2009-05-07',NULL,NULL,NULL,623.00,0,0,1,0,5,1,NULL,NULL,NULL,NULL,NULL,'--- !ruby/hash:ActiveSupport::HashWithIndifferentAccess\nanschaffungskategorie: AV-Technik\n','2011-09-09 19:30:50','2011-09-09 19:30:50'),(13,'71owdzwr0g8rbrc22cm1385','0a:39:6c:5c:35:18-62:10:28:2c:77:31-d6:bb:6e:b9:fd:f4',17,13,13,5,NULL,NULL,'2007-12-15',NULL,NULL,NULL,1308.00,0,0,1,0,11,1,NULL,NULL,NULL,NULL,NULL,'--- !ruby/hash:ActiveSupport::HashWithIndifferentAccess\nanschaffungskategorie: AV-Technik\n','2011-09-09 19:30:50','2011-09-09 19:30:50'),(14,'35c9inufj816xbpspyyb386','18:cb:2d:10:50:1a-c2:f8:5f:93:95:7d-d4:17:8f:94:07:63',17,14,14,8,NULL,NULL,'2006-06-18',NULL,NULL,NULL,1406.00,0,0,1,0,11,1,NULL,NULL,NULL,NULL,NULL,'--- !ruby/hash:ActiveSupport::HashWithIndifferentAccess\nanschaffungskategorie: AV-Technik\n','2011-09-09 19:30:50','2011-09-09 19:30:50'),(15,'5750q8pvwvk39adjpx79387','6d:6f:cf:f4:ae:57-10:75:b7:98:b0:c1-ca:0d:e8:b4:1e:32',17,15,15,6,NULL,NULL,'2006-11-20',NULL,NULL,NULL,1148.00,0,0,1,0,11,1,NULL,NULL,NULL,NULL,NULL,'--- !ruby/hash:ActiveSupport::HashWithIndifferentAccess\nanschaffungskategorie: AV-Technik\n','2011-09-09 19:30:50','2011-09-09 19:30:50'),(16,'xs525pp2k76tvxss6d0a388','a9:1d:50:a5:01:8c-91:fe:b5:b1:da:6d-7e:e3:07:e0:6e:b1',21,16,16,7,NULL,NULL,'2008-08-19',NULL,NULL,NULL,48.00,0,0,1,0,11,1,NULL,NULL,NULL,NULL,NULL,'--- !ruby/hash:ActiveSupport::HashWithIndifferentAccess\nanschaffungskategorie: AV-Technik\n','2011-09-09 19:30:50','2011-09-09 19:30:50'),(17,'fpj4sqv42y1upgr5wm8w389','da:a2:87:6a:79:88-64:6e:86:f5:3c:6f-b9:21:92:fe:73:a5',21,17,17,4,NULL,NULL,'2009-04-13',NULL,NULL,NULL,85.00,0,0,1,0,11,1,NULL,NULL,NULL,NULL,NULL,'--- !ruby/hash:ActiveSupport::HashWithIndifferentAccess\nanschaffungskategorie: AV-Technik\n','2011-09-09 19:30:50','2011-09-09 19:30:50'),(18,'cdbdnnsu5wivmcwr45i8390','2d:6e:41:b5:67:c9-c7:e5:f1:dd:44:69-c2:ee:98:17:5a:2f',21,18,18,7,NULL,NULL,'2008-07-21',NULL,NULL,NULL,845.00,0,0,1,0,11,1,NULL,NULL,NULL,NULL,NULL,'--- !ruby/hash:ActiveSupport::HashWithIndifferentAccess\nanschaffungskategorie: AV-Technik\n','2011-09-09 19:30:50','2011-09-09 19:30:50'),(19,'bn3tdyxh35ng6tugw5xu391','1a:6b:e0:49:7d:5d-ce:fa:b9:af:40:70-69:93:97:ca:1a:10',25,19,19,2,NULL,NULL,'2009-02-24',NULL,NULL,NULL,117.00,0,0,1,0,11,1,NULL,NULL,NULL,NULL,NULL,'--- !ruby/hash:ActiveSupport::HashWithIndifferentAccess\nanschaffungskategorie: AV-Technik\n','2011-09-09 19:30:50','2011-09-09 19:30:50'),(20,'olbe07ai0josa9drtysr392','fd:16:90:d0:82:fc-10:d1:00:c6:fb:bd-69:b2:fa:19:87:65',25,20,20,3,NULL,NULL,'2008-03-08',NULL,NULL,NULL,579.00,0,0,1,0,11,1,NULL,NULL,NULL,NULL,NULL,'--- !ruby/hash:ActiveSupport::HashWithIndifferentAccess\nanschaffungskategorie: AV-Technik\n','2011-09-09 19:30:50','2011-09-09 19:30:50'),(21,'vtawizve3m732y2w95ss393','1f:a1:aa:90:43:de-5c:be:c9:d6:58:5c-1a:89:83:b8:f3:1e',25,21,21,1,NULL,NULL,'2009-04-02',NULL,NULL,NULL,242.00,0,0,1,0,11,1,NULL,NULL,NULL,NULL,NULL,'--- !ruby/hash:ActiveSupport::HashWithIndifferentAccess\nanschaffungskategorie: AV-Technik\n','2011-09-09 19:30:50','2011-09-09 19:30:50'),(22,'lbyzfspzxuf1ved3y9n2394','b5:37:06:9c:66:ab-2a:ca:4d:4a:f2:10-ef:41:26:6a:3f:60',29,22,22,11,NULL,NULL,'2006-06-16',NULL,NULL,NULL,217.00,0,0,1,0,11,1,NULL,NULL,NULL,NULL,NULL,'--- !ruby/hash:ActiveSupport::HashWithIndifferentAccess\nanschaffungskategorie: AV-Technik\n','2011-09-09 19:30:50','2011-09-09 19:30:50'),(23,'yk0sog0y489zj3w1iqcj395','eb:9c:8f:b8:29:af-aa:12:cf:6f:42:2b-37:c4:7a:ff:2d:1f',29,23,23,4,NULL,NULL,'2010-08-14',NULL,NULL,NULL,432.00,0,0,1,0,11,1,NULL,NULL,NULL,NULL,NULL,'--- !ruby/hash:ActiveSupport::HashWithIndifferentAccess\nanschaffungskategorie: AV-Technik\n','2011-09-09 19:30:50','2011-09-09 19:30:50'),(24,'wigsflvki17ozwtty70o396','09:b6:59:f6:82:7e-c9:ce:48:66:e7:cc-d6:bd:a1:93:5f:ca',29,24,24,2,NULL,NULL,'2006-08-27',NULL,NULL,NULL,99.00,0,0,1,0,11,1,NULL,NULL,NULL,NULL,NULL,'--- !ruby/hash:ActiveSupport::HashWithIndifferentAccess\nanschaffungskategorie: AV-Technik\n','2011-09-09 19:30:50','2011-09-09 19:30:50'),(25,'qflu5i3opnb66207l68r397','53:31:68:00:4c:af-28:c3:4f:92:72:ee-1d:10:06:ed:1c:43',33,25,25,10,NULL,NULL,'2007-09-26',NULL,NULL,NULL,1044.00,0,0,1,0,11,1,NULL,NULL,NULL,NULL,NULL,'--- !ruby/hash:ActiveSupport::HashWithIndifferentAccess\nanschaffungskategorie: AV-Technik\n','2011-09-09 19:30:50','2011-09-09 19:30:50'),(26,'kgh6uoukpow3lag8nesd398','d8:8a:b8:b3:f5:04-33:32:79:c2:45:2d-d0:85:0b:f4:99:c7',33,26,26,4,NULL,NULL,'2007-02-07',NULL,NULL,NULL,1043.00,0,0,1,0,11,1,NULL,NULL,NULL,NULL,NULL,'--- !ruby/hash:ActiveSupport::HashWithIndifferentAccess\nanschaffungskategorie: AV-Technik\n','2011-09-09 19:30:50','2011-09-09 19:30:50'),(27,'li1cx3e0ujhljqbznh9g399','d4:07:48:b2:12:54-d1:41:15:17:e9:ca-7f:eb:03:2f:c9:d6',33,27,27,6,NULL,NULL,'2006-01-28',NULL,NULL,NULL,212.00,0,0,1,0,11,1,NULL,NULL,NULL,NULL,NULL,'--- !ruby/hash:ActiveSupport::HashWithIndifferentAccess\nanschaffungskategorie: AV-Technik\n','2011-09-09 19:30:50','2011-09-09 19:30:50'),(28,'xuaxz18v3iuilz6ph27f400','3f:be:51:98:d8:f5-33:7e:a8:b8:1d:ea-d0:a0:67:81:1e:36',37,28,28,2,NULL,NULL,'2010-06-27',NULL,NULL,NULL,428.00,0,0,1,0,1,1,NULL,NULL,NULL,NULL,NULL,'--- !ruby/hash:ActiveSupport::HashWithIndifferentAccess\nanschaffungskategorie: AV-Technik\n','2011-09-09 19:30:50','2011-09-09 19:30:50'),(29,'2vqwff7n9azhttepfjfy401','70:b2:70:d5:22:bd-b3:ff:00:18:9b:24-26:c2:cc:d9:4b:dd',37,29,29,9,NULL,NULL,'2007-05-31',NULL,NULL,NULL,425.00,0,0,1,0,1,1,NULL,NULL,NULL,NULL,NULL,'--- !ruby/hash:ActiveSupport::HashWithIndifferentAccess\nanschaffungskategorie: AV-Technik\n','2011-09-09 19:30:50','2011-09-09 19:30:50'),(30,'9h2fbapo5n61xzuzrpha402','d3:20:4f:ab:ce:88-9b:38:d7:0c:01:3c-4c:f0:53:aa:ee:11',37,30,30,6,NULL,NULL,'2010-11-15',NULL,NULL,NULL,219.00,0,0,1,0,1,1,NULL,NULL,NULL,NULL,NULL,'--- !ruby/hash:ActiveSupport::HashWithIndifferentAccess\nanschaffungskategorie: AV-Technik\n','2011-09-09 19:30:50','2011-09-09 19:30:50'),(31,'dradlu6r4wsmlg39in5f403','08:03:3a:0b:4a:4b-de:6e:95:07:bc:78-e3:1c:38:51:d5:a7',41,31,31,7,NULL,NULL,'2010-07-19',NULL,NULL,NULL,733.00,0,0,1,0,1,1,NULL,NULL,NULL,NULL,NULL,'--- !ruby/hash:ActiveSupport::HashWithIndifferentAccess\nanschaffungskategorie: AV-Technik\n','2011-09-09 19:30:50','2011-09-09 19:30:50'),(32,'kc3wns1uy4qom66wpjtb404','c3:41:cc:71:66:98-05:82:80:f3:66:f3-a2:43:e6:52:fb:9b',41,32,32,9,NULL,NULL,'2006-07-09',NULL,NULL,NULL,581.00,0,0,1,0,1,1,NULL,NULL,NULL,NULL,NULL,'--- !ruby/hash:ActiveSupport::HashWithIndifferentAccess\nanschaffungskategorie: AV-Technik\n','2011-09-09 19:30:50','2011-09-09 19:30:50'),(33,'x459hbk2c2yabhwpmz3g405','9e:39:90:c9:2e:a8-4f:97:f3:1f:cd:5b-75:38:08:97:f3:91',41,33,33,8,NULL,NULL,'2008-05-17',NULL,NULL,NULL,1312.00,0,0,1,0,1,1,NULL,NULL,NULL,NULL,NULL,'--- !ruby/hash:ActiveSupport::HashWithIndifferentAccess\nanschaffungskategorie: AV-Technik\n','2011-09-09 19:30:50','2011-09-09 19:30:50'),(34,'dtle6s90pxd807bgxf7x406','e0:e4:19:7a:fa:56-01:83:42:d5:27:a5-7f:84:18:38:31:18',45,34,34,4,NULL,NULL,'2008-08-10',NULL,NULL,NULL,1157.00,0,0,1,0,1,1,NULL,NULL,NULL,NULL,NULL,'--- !ruby/hash:ActiveSupport::HashWithIndifferentAccess\nanschaffungskategorie: AV-Technik\n','2011-09-09 19:30:50','2011-09-09 19:30:50'),(35,'dfsrvko0paiqkyfovkgk407','ea:62:6d:07:a3:bf-ea:3b:1e:6f:e3:a5-d0:a9:66:54:d8:2e',45,35,35,2,NULL,NULL,'2009-06-28',NULL,NULL,NULL,740.00,0,0,1,0,1,1,NULL,NULL,NULL,NULL,NULL,'--- !ruby/hash:ActiveSupport::HashWithIndifferentAccess\nanschaffungskategorie: AV-Technik\n','2011-09-09 19:30:50','2011-09-09 19:30:50'),(36,'7vkcfijm6cvdopz1sd4l408','96:3c:46:94:a2:71-6e:86:0d:ea:44:46-e0:91:ba:90:8a:f7',45,36,36,3,NULL,NULL,'2006-01-02',NULL,NULL,NULL,407.00,0,0,1,0,1,1,NULL,NULL,NULL,NULL,NULL,'--- !ruby/hash:ActiveSupport::HashWithIndifferentAccess\nanschaffungskategorie: AV-Technik\n','2011-09-09 19:30:50','2011-09-09 19:30:50'),(37,'zrb04cbgv3z470avx0i6409','28:cf:de:50:65:00-37:db:2e:4d:0d:0b-f2:d7:68:51:48:0e',49,37,37,11,NULL,NULL,'2009-05-14',NULL,NULL,NULL,746.00,0,0,1,0,1,1,NULL,NULL,NULL,NULL,NULL,'--- !ruby/hash:ActiveSupport::HashWithIndifferentAccess\nanschaffungskategorie: AV-Technik\n','2011-09-09 19:30:50','2011-09-09 19:30:50'),(38,'t8ovawvxkxrrpu7lxd6a410','19:d3:c0:fc:03:21-53:16:72:bf:e5:b8-6e:1e:18:99:07:91',49,38,38,6,NULL,NULL,'2008-08-21',NULL,NULL,NULL,320.00,0,0,1,0,1,1,NULL,NULL,NULL,NULL,NULL,'--- !ruby/hash:ActiveSupport::HashWithIndifferentAccess\nanschaffungskategorie: AV-Technik\n','2011-09-09 19:30:50','2011-09-09 19:30:50'),(39,'65d0rrjy1l8h076g0wx1411','46:93:44:1a:8a:2c-63:50:b3:56:d2:c2-08:4c:f4:00:f2:82',49,39,39,1,NULL,NULL,'2008-09-05',NULL,NULL,NULL,280.00,0,0,1,0,1,1,NULL,NULL,NULL,NULL,NULL,'--- !ruby/hash:ActiveSupport::HashWithIndifferentAccess\nanschaffungskategorie: AV-Technik\n','2011-09-09 19:30:50','2011-09-09 19:30:50'),(40,'fvlup1ra8ysj6oyl5gg0412','88:c2:97:d7:6e:19-c2:58:df:de:5b:53-72:82:24:bf:2e:28',53,40,40,5,NULL,NULL,'2009-03-13',NULL,NULL,NULL,138.00,0,0,1,0,1,1,NULL,NULL,NULL,NULL,NULL,'--- !ruby/hash:ActiveSupport::HashWithIndifferentAccess\nanschaffungskategorie: AV-Technik\n','2011-09-09 19:30:50','2011-09-09 19:30:50'),(41,'e67sw1zpaw3geqzni7k4413','9e:27:f2:ce:15:ff-6a:51:02:08:3b:2f-bf:33:29:28:11:c1',53,41,41,4,NULL,NULL,'2007-07-12',NULL,NULL,NULL,1045.00,0,0,1,0,1,1,NULL,NULL,NULL,NULL,NULL,'--- !ruby/hash:ActiveSupport::HashWithIndifferentAccess\nanschaffungskategorie: AV-Technik\n','2011-09-09 19:30:50','2011-09-09 19:30:50'),(42,'xzrl3pt2fc7mf22cvu6n414','5f:8f:ec:4f:0e:cd-b1:1c:fd:49:59:33-54:9e:c7:06:b4:87',53,42,42,11,NULL,NULL,'2010-08-09',NULL,NULL,NULL,1373.00,0,0,1,0,1,1,NULL,NULL,NULL,NULL,NULL,'--- !ruby/hash:ActiveSupport::HashWithIndifferentAccess\nanschaffungskategorie: AV-Technik\n','2011-09-09 19:30:50','2011-09-09 19:30:50'),(43,'book1','book1',57,43,43,2,NULL,NULL,'2009-04-13',NULL,NULL,NULL,868.00,0,0,1,0,2,1,NULL,NULL,NULL,NULL,NULL,'--- !ruby/hash:ActiveSupport::HashWithIndifferentAccess\nanschaffungskategorie: AV-Technik\n','2011-09-09 19:30:50','2011-09-09 19:30:50'),(44,'book2','book2',57,43,44,2,NULL,NULL,'2006-01-02',NULL,NULL,NULL,1478.00,0,0,1,0,2,1,NULL,NULL,NULL,NULL,NULL,'--- !ruby/hash:ActiveSupport::HashWithIndifferentAccess\nanschaffungskategorie: AV-Technik\n','2011-09-09 19:30:50','2011-09-09 19:30:50'),(45,'beam123','xyz456',58,44,45,1,NULL,NULL,'2009-11-30',NULL,NULL,NULL,1079.00,0,0,1,0,1,1,NULL,NULL,NULL,'name123',NULL,'--- !ruby/hash:ActiveSupport::HashWithIndifferentAccess\nanschaffungskategorie: AV-Technik\n','2011-09-09 19:30:50','2011-09-09 19:30:50'),(46,'beam345','xyz890',58,44,46,1,NULL,NULL,'2006-01-03',NULL,NULL,NULL,1306.00,0,0,1,0,1,1,NULL,NULL,NULL,NULL,NULL,'--- !ruby/hash:ActiveSupport::HashWithIndifferentAccess\nanschaffungskategorie: AV-Technik\n','2011-09-09 19:30:50','2011-09-09 19:30:50'),(47,'beam678','xyz678',59,44,47,1,NULL,NULL,'2008-11-10',NULL,NULL,NULL,1309.00,0,0,1,0,1,1,NULL,NULL,NULL,NULL,NULL,'--- !ruby/hash:ActiveSupport::HashWithIndifferentAccess\nanschaffungskategorie: AV-Technik\n','2011-09-09 19:30:50','2011-09-09 19:30:50'),(48,'beam749','xyz749',58,44,48,1,NULL,NULL,'2007-12-29',NULL,NULL,NULL,560.00,0,0,1,0,2,1,NULL,NULL,NULL,NULL,NULL,'--- !ruby/hash:ActiveSupport::HashWithIndifferentAccess\nanschaffungskategorie: AV-Technik\n','2011-09-09 19:30:50','2011-09-09 19:30:50'),(49,'beamTest123','xyz749',61,44,49,1,NULL,NULL,'2006-10-13',NULL,NULL,NULL,443.00,0,0,1,0,1,1,NULL,NULL,NULL,NULL,NULL,'--- !ruby/hash:ActiveSupport::HashWithIndifferentAccess\nanschaffungskategorie: AV-Technik\n','2011-09-09 19:30:50','2011-09-09 19:30:50'),(50,'ucbeam1','minbeam1',62,44,50,1,NULL,NULL,'2008-06-27',NULL,NULL,NULL,23.00,0,0,1,0,1,1,NULL,NULL,NULL,'ucbeam1',NULL,'--- !ruby/hash:ActiveSupport::HashWithIndifferentAccess\nanschaffungskategorie: AV-Technik\n','2011-09-09 19:30:50','2011-09-09 19:30:50'),(51,'microbeam1','microbeam1',63,44,51,1,NULL,NULL,'2009-11-28',NULL,NULL,NULL,379.00,0,0,1,0,1,1,NULL,NULL,NULL,'microbeam1',NULL,'--- !ruby/hash:ActiveSupport::HashWithIndifferentAccess\nanschaffungskategorie: AV-Technik\n','2011-09-09 19:30:50','2011-09-09 19:30:50'),(52,'mbeam1','mbeam1',64,44,52,1,NULL,NULL,'2009-01-12',NULL,NULL,NULL,50.00,0,0,1,0,1,1,NULL,NULL,NULL,'mbeam1',NULL,'--- !ruby/hash:ActiveSupport::HashWithIndifferentAccess\nanschaffungskategorie: AV-Technik\n','2011-09-09 19:30:50','2011-09-09 19:30:50'),(53,'mbeam2','mbeam2',65,44,53,1,NULL,NULL,'2009-10-31',NULL,NULL,NULL,893.00,0,0,1,0,1,1,NULL,NULL,NULL,'mbeam2',NULL,'--- !ruby/hash:ActiveSupport::HashWithIndifferentAccess\nanschaffungskategorie: AV-Technik\n','2011-09-09 19:30:50','2011-09-09 19:30:50'),(54,'mbeam3','mbeam3',66,44,54,1,NULL,NULL,'2009-05-11',NULL,NULL,NULL,360.00,0,0,1,0,1,1,NULL,NULL,NULL,'mbeam3',NULL,'--- !ruby/hash:ActiveSupport::HashWithIndifferentAccess\nanschaffungskategorie: AV-Technik\n','2011-09-09 19:30:50','2011-09-09 19:30:50'),(55,'mbeam4','mbeam4',67,44,55,1,NULL,NULL,'2010-11-06',NULL,NULL,NULL,273.00,0,0,1,0,1,1,NULL,NULL,NULL,'mbeam4',NULL,'--- !ruby/hash:ActiveSupport::HashWithIndifferentAccess\nanschaffungskategorie: AV-Technik\n','2011-09-09 19:30:50','2011-09-09 19:30:50'),(56,'mbeam5','mbeam5',68,44,56,1,NULL,NULL,'2006-04-14',NULL,NULL,NULL,270.00,0,0,1,0,1,1,NULL,NULL,NULL,'mbeam5',NULL,'--- !ruby/hash:ActiveSupport::HashWithIndifferentAccess\nanschaffungskategorie: AV-Technik\n','2011-09-09 19:30:50','2011-09-09 19:30:50'),(57,'mbeam6','mbeam6',69,44,57,1,NULL,NULL,'2008-03-23',NULL,NULL,NULL,376.00,0,0,1,0,1,1,NULL,NULL,NULL,'mbeam6',NULL,'--- !ruby/hash:ActiveSupport::HashWithIndifferentAccess\nanschaffungskategorie: AV-Technik\n','2011-09-09 19:30:50','2011-09-09 19:30:50'),(58,'mbeam7','mbeam7',70,44,58,1,NULL,NULL,'2010-06-13',NULL,NULL,NULL,1339.00,0,0,1,0,1,1,NULL,NULL,NULL,'mbeam7',NULL,'--- !ruby/hash:ActiveSupport::HashWithIndifferentAccess\nanschaffungskategorie: AV-Technik\n','2011-09-09 19:30:50','2011-09-09 19:30:50'),(59,'mbeam8','mbeam8',71,44,59,1,NULL,NULL,'2009-01-03',NULL,NULL,NULL,909.00,0,0,1,0,1,1,NULL,NULL,NULL,'mbeam8',NULL,'--- !ruby/hash:ActiveSupport::HashWithIndifferentAccess\nanschaffungskategorie: AV-Technik\n','2011-09-09 19:30:50','2011-09-09 19:30:50'),(60,'mbeam9','mbeam9',72,44,60,1,NULL,NULL,'2006-01-19',NULL,NULL,NULL,452.00,0,0,1,0,1,1,NULL,NULL,NULL,'mbeam9',NULL,'--- !ruby/hash:ActiveSupport::HashWithIndifferentAccess\nanschaffungskategorie: AV-Technik\n','2011-09-09 19:30:50','2011-09-09 19:30:50'),(61,'mbeam10','mbeam10',73,44,61,1,NULL,NULL,'2010-11-24',NULL,NULL,NULL,218.00,0,0,1,0,1,1,NULL,NULL,NULL,'mbeam10',NULL,'--- !ruby/hash:ActiveSupport::HashWithIndifferentAccess\nanschaffungskategorie: AV-Technik\n','2011-09-09 19:30:50','2011-09-09 19:30:50'),(62,'mbeam11','mbeam11',74,44,62,1,NULL,NULL,'2006-08-26',NULL,NULL,NULL,1075.00,0,0,1,0,1,1,NULL,NULL,NULL,'mbeam11',NULL,'--- !ruby/hash:ActiveSupport::HashWithIndifferentAccess\nanschaffungskategorie: AV-Technik\n','2011-09-09 19:30:50','2011-09-09 19:30:50'),(63,'mbeam12','mbeam12',75,44,63,1,NULL,NULL,'2008-11-13',NULL,NULL,NULL,173.00,0,0,1,0,1,1,NULL,NULL,NULL,'mbeam12',NULL,'--- !ruby/hash:ActiveSupport::HashWithIndifferentAccess\nanschaffungskategorie: AV-Technik\n','2011-09-09 19:30:50','2011-09-09 19:30:50'),(64,'mbeam13','mbeam13',76,44,64,1,NULL,NULL,'2007-08-26',NULL,NULL,NULL,43.00,0,0,1,0,1,1,NULL,NULL,NULL,'mbeam13',NULL,'--- !ruby/hash:ActiveSupport::HashWithIndifferentAccess\nanschaffungskategorie: AV-Technik\n','2011-09-09 19:30:50','2011-09-09 19:30:50'),(65,'mbeam14','mbeam14',77,44,65,1,NULL,NULL,'2006-07-01',NULL,NULL,NULL,1234.00,0,0,1,0,1,1,NULL,NULL,NULL,'mbeam14',NULL,'--- !ruby/hash:ActiveSupport::HashWithIndifferentAccess\nanschaffungskategorie: AV-Technik\n','2011-09-09 19:30:50','2011-09-09 19:30:50'),(66,'mbeam15','mbeam15',78,44,66,1,NULL,NULL,'2008-03-02',NULL,NULL,NULL,1155.00,0,0,1,0,1,1,NULL,NULL,NULL,'mbeam15',NULL,'--- !ruby/hash:ActiveSupport::HashWithIndifferentAccess\nanschaffungskategorie: AV-Technik\n','2011-09-09 19:30:50','2011-09-09 19:30:50'),(67,'mbeam16','mbeam16',79,44,67,1,NULL,NULL,'2008-03-01',NULL,NULL,NULL,1295.00,0,0,1,0,1,1,NULL,NULL,NULL,'mbeam16',NULL,'--- !ruby/hash:ActiveSupport::HashWithIndifferentAccess\nanschaffungskategorie: AV-Technik\n','2011-09-09 19:30:50','2011-09-09 19:30:50'),(68,'mbeam17','mbeam17',80,44,68,1,NULL,NULL,'2006-06-17',NULL,NULL,NULL,1.00,0,0,1,0,1,1,NULL,NULL,NULL,'mbeam17',NULL,'--- !ruby/hash:ActiveSupport::HashWithIndifferentAccess\nanschaffungskategorie: AV-Technik\n','2011-09-09 19:30:50','2011-09-09 19:30:50'),(69,'mbeam18','mbeam18',81,44,69,1,NULL,NULL,'2010-02-01',NULL,NULL,NULL,1045.00,0,0,1,0,1,1,NULL,NULL,NULL,'mbeam18',NULL,'--- !ruby/hash:ActiveSupport::HashWithIndifferentAccess\nanschaffungskategorie: AV-Technik\n','2011-09-09 19:30:50','2011-09-09 19:30:50'),(70,'mbeam19','mbeam19',82,44,70,1,NULL,NULL,'2010-10-01',NULL,NULL,NULL,859.00,0,0,1,0,1,1,NULL,NULL,NULL,'mbeam19',NULL,'--- !ruby/hash:ActiveSupport::HashWithIndifferentAccess\nanschaffungskategorie: AV-Technik\n','2011-09-09 19:30:50','2011-09-09 19:30:50'),(71,'mbeam20','mbeam20',83,44,71,1,NULL,NULL,'2008-01-09',NULL,NULL,NULL,409.00,0,0,1,0,1,1,NULL,NULL,NULL,'mbeam20',NULL,'--- !ruby/hash:ActiveSupport::HashWithIndifferentAccess\nanschaffungskategorie: AV-Technik\n','2011-09-09 19:30:50','2011-09-09 19:30:50'),(72,'cam123','abc234',84,44,72,1,NULL,NULL,'2010-09-06',NULL,NULL,NULL,649.00,0,0,1,0,1,1,NULL,NULL,NULL,NULL,NULL,'--- !ruby/hash:ActiveSupport::HashWithIndifferentAccess\nanschaffungskategorie: AV-Technik\n','2011-09-09 19:30:50','2011-09-09 19:30:50'),(73,'cam345','ab567',84,44,73,1,NULL,NULL,'2008-08-30',NULL,NULL,NULL,13.00,0,0,1,0,1,1,NULL,NULL,NULL,NULL,NULL,'--- !ruby/hash:ActiveSupport::HashWithIndifferentAccess\nanschaffungskategorie: AV-Technik\n','2011-09-09 19:30:50','2011-09-09 19:30:50'),(74,'cam567','ab789',84,44,74,1,NULL,NULL,'2009-10-19',NULL,NULL,NULL,802.00,0,0,1,0,1,1,NULL,NULL,NULL,NULL,NULL,'--- !ruby/hash:ActiveSupport::HashWithIndifferentAccess\nanschaffungskategorie: AV-Technik\n','2011-09-09 19:30:50','2011-09-09 19:30:50'),(75,'cam53267','ab782129',84,44,75,1,NULL,NULL,'2006-01-04',NULL,NULL,NULL,147.00,0,0,1,0,1,1,NULL,NULL,NULL,NULL,NULL,'--- !ruby/hash:ActiveSupport::HashWithIndifferentAccess\nanschaffungskategorie: AV-Technik\n','2011-09-09 19:30:50','2011-09-09 19:30:50'),(76,'cam532asd67','ab78as2129',84,44,76,1,NULL,NULL,'2006-02-26',NULL,NULL,NULL,1121.00,0,0,1,0,1,1,NULL,NULL,NULL,NULL,NULL,'--- !ruby/hash:ActiveSupport::HashWithIndifferentAccess\nanschaffungskategorie: AV-Technik\n','2011-09-09 19:30:50','2011-09-09 19:30:50'),(77,'mcam1','mcam1',85,44,77,1,NULL,NULL,'2006-04-30',NULL,NULL,NULL,1064.00,0,0,1,0,1,1,NULL,NULL,NULL,'mcam1',NULL,'--- !ruby/hash:ActiveSupport::HashWithIndifferentAccess\nanschaffungskategorie: AV-Technik\n','2011-09-09 19:30:50','2011-09-09 19:30:50'),(78,'mcam2','mcam2',86,44,78,1,NULL,NULL,'2010-11-02',NULL,NULL,NULL,473.00,0,0,1,0,1,1,NULL,NULL,NULL,'mcam2',NULL,'--- !ruby/hash:ActiveSupport::HashWithIndifferentAccess\nanschaffungskategorie: AV-Technik\n','2011-09-09 19:30:50','2011-09-09 19:30:50'),(79,'mcam3','mcam3',87,44,79,1,NULL,NULL,'2010-08-30',NULL,NULL,NULL,1105.00,0,0,1,0,1,1,NULL,NULL,NULL,'mcam3',NULL,'--- !ruby/hash:ActiveSupport::HashWithIndifferentAccess\nanschaffungskategorie: AV-Technik\n','2011-09-09 19:30:50','2011-09-09 19:30:50'),(80,'mcam4','mcam4',88,44,80,1,NULL,NULL,'2006-07-29',NULL,NULL,NULL,364.00,0,0,1,0,1,1,NULL,NULL,NULL,'mcam4',NULL,'--- !ruby/hash:ActiveSupport::HashWithIndifferentAccess\nanschaffungskategorie: AV-Technik\n','2011-09-09 19:30:50','2011-09-09 19:30:50'),(81,'mcam5','mcam5',89,44,81,1,NULL,NULL,'2007-07-27',NULL,NULL,NULL,129.00,0,0,1,0,1,1,NULL,NULL,NULL,'mcam5',NULL,'--- !ruby/hash:ActiveSupport::HashWithIndifferentAccess\nanschaffungskategorie: AV-Technik\n','2011-09-09 19:30:50','2011-09-09 19:30:50'),(82,'mcam6','mcam6',90,44,82,1,NULL,NULL,'2009-09-14',NULL,NULL,NULL,215.00,0,0,1,0,1,1,NULL,NULL,NULL,'mcam6',NULL,'--- !ruby/hash:ActiveSupport::HashWithIndifferentAccess\nanschaffungskategorie: AV-Technik\n','2011-09-09 19:30:50','2011-09-09 19:30:50'),(83,'mcam7','mcam7',91,44,83,1,NULL,NULL,'2009-01-22',NULL,NULL,NULL,370.00,0,0,1,0,1,1,NULL,NULL,NULL,'mcam7',NULL,'--- !ruby/hash:ActiveSupport::HashWithIndifferentAccess\nanschaffungskategorie: AV-Technik\n','2011-09-09 19:30:50','2011-09-09 19:30:50'),(84,'mcam8','mcam8',92,44,84,1,NULL,NULL,'2010-03-23',NULL,NULL,NULL,473.00,0,0,1,0,1,1,NULL,NULL,NULL,'mcam8',NULL,'--- !ruby/hash:ActiveSupport::HashWithIndifferentAccess\nanschaffungskategorie: AV-Technik\n','2011-09-09 19:30:50','2011-09-09 19:30:50'),(85,'mcam9','mcam9',93,44,85,1,NULL,NULL,'2006-11-07',NULL,NULL,NULL,264.00,0,0,1,0,1,1,NULL,NULL,NULL,'mcam9',NULL,'--- !ruby/hash:ActiveSupport::HashWithIndifferentAccess\nanschaffungskategorie: AV-Technik\n','2011-09-09 19:30:50','2011-09-09 19:30:50'),(86,'mcam10','mcam10',94,44,86,1,NULL,NULL,'2007-12-01',NULL,NULL,NULL,128.00,0,0,1,0,1,1,NULL,NULL,NULL,'mcam10',NULL,'--- !ruby/hash:ActiveSupport::HashWithIndifferentAccess\nanschaffungskategorie: AV-Technik\n','2011-09-09 19:30:50','2011-09-09 19:30:50'),(87,'mcam11','mcam11',95,44,87,1,NULL,NULL,'2009-02-28',NULL,NULL,NULL,158.00,0,0,1,0,1,1,NULL,NULL,NULL,'mcam11',NULL,'--- !ruby/hash:ActiveSupport::HashWithIndifferentAccess\nanschaffungskategorie: AV-Technik\n','2011-09-09 19:30:50','2011-09-09 19:30:50'),(88,'mcam12','mcam12',96,44,88,1,NULL,NULL,'2009-09-03',NULL,NULL,NULL,720.00,0,0,1,0,1,1,NULL,NULL,NULL,'mcam12',NULL,'--- !ruby/hash:ActiveSupport::HashWithIndifferentAccess\nanschaffungskategorie: AV-Technik\n','2011-09-09 19:30:50','2011-09-09 19:30:50'),(89,'mcam13','mcam13',97,44,89,1,NULL,NULL,'2006-09-12',NULL,NULL,NULL,1281.00,0,0,1,0,1,1,NULL,NULL,NULL,'mcam13',NULL,'--- !ruby/hash:ActiveSupport::HashWithIndifferentAccess\nanschaffungskategorie: AV-Technik\n','2011-09-09 19:30:50','2011-09-09 19:30:50'),(90,'mcam14','mcam14',98,44,90,1,NULL,NULL,'2008-03-04',NULL,NULL,NULL,141.00,0,0,1,0,1,1,NULL,NULL,NULL,'mcam14',NULL,'--- !ruby/hash:ActiveSupport::HashWithIndifferentAccess\nanschaffungskategorie: AV-Technik\n','2011-09-09 19:30:50','2011-09-09 19:30:50'),(91,'mcam15','mcam15',99,44,91,1,NULL,NULL,'2007-11-12',NULL,NULL,NULL,1436.00,0,0,1,0,1,1,NULL,NULL,NULL,'mcam15',NULL,'--- !ruby/hash:ActiveSupport::HashWithIndifferentAccess\nanschaffungskategorie: AV-Technik\n','2011-09-09 19:30:50','2011-09-09 19:30:50'),(92,'mcam16','mcam16',100,44,92,1,NULL,NULL,'2009-02-09',NULL,NULL,NULL,1464.00,0,0,1,0,1,1,NULL,NULL,NULL,'mcam16',NULL,'--- !ruby/hash:ActiveSupport::HashWithIndifferentAccess\nanschaffungskategorie: AV-Technik\n','2011-09-09 19:30:50','2011-09-09 19:30:50'),(93,'mcam17','mcam17',101,44,93,1,NULL,NULL,'2007-06-24',NULL,NULL,NULL,697.00,0,0,1,0,1,1,NULL,NULL,NULL,'mcam17',NULL,'--- !ruby/hash:ActiveSupport::HashWithIndifferentAccess\nanschaffungskategorie: AV-Technik\n','2011-09-09 19:30:50','2011-09-09 19:30:50'),(94,'mcam18','mcam18',102,44,94,1,NULL,NULL,'2007-07-01',NULL,NULL,NULL,810.00,0,0,1,0,1,1,NULL,NULL,NULL,'mcam18',NULL,'--- !ruby/hash:ActiveSupport::HashWithIndifferentAccess\nanschaffungskategorie: AV-Technik\n','2011-09-09 19:30:50','2011-09-09 19:30:50'),(95,'mcam19','mcam19',103,44,95,1,NULL,NULL,'2008-11-27',NULL,NULL,NULL,330.00,0,0,1,0,1,1,NULL,NULL,NULL,'mcam19',NULL,'--- !ruby/hash:ActiveSupport::HashWithIndifferentAccess\nanschaffungskategorie: AV-Technik\n','2011-09-09 19:30:50','2011-09-09 19:30:50'),(96,'mcam20','mcam20',104,44,96,1,NULL,NULL,'2007-04-19',NULL,NULL,NULL,6.00,0,0,1,0,1,1,NULL,NULL,NULL,'mcam20',NULL,'--- !ruby/hash:ActiveSupport::HashWithIndifferentAccess\nanschaffungskategorie: AV-Technik\n','2011-09-09 19:30:50','2011-09-09 19:30:50'),(97,'mcam21','mcam21',105,44,97,1,NULL,NULL,'2007-04-03',NULL,NULL,NULL,1320.00,0,0,1,0,1,1,NULL,NULL,NULL,'mcam21',NULL,'--- !ruby/hash:ActiveSupport::HashWithIndifferentAccess\nanschaffungskategorie: AV-Technik\n','2011-09-09 19:30:50','2011-09-09 19:30:50'),(98,'mcam22','mcam22',106,44,98,1,NULL,NULL,'2009-07-26',NULL,NULL,NULL,883.00,0,0,1,0,1,1,NULL,NULL,NULL,'mcam22',NULL,'--- !ruby/hash:ActiveSupport::HashWithIndifferentAccess\nanschaffungskategorie: AV-Technik\n','2011-09-09 19:30:50','2011-09-09 19:30:50'),(99,'mcam23','mcam23',107,44,99,1,NULL,NULL,'2009-10-29',NULL,NULL,NULL,207.00,0,0,1,0,1,1,NULL,NULL,NULL,'mcam23',NULL,'--- !ruby/hash:ActiveSupport::HashWithIndifferentAccess\nanschaffungskategorie: AV-Technik\n','2011-09-09 19:30:50','2011-09-09 19:30:50'),(100,'mcam24','mcam24',108,44,100,1,NULL,NULL,'2008-02-14',NULL,NULL,NULL,99.00,0,0,1,0,1,1,NULL,NULL,NULL,'mcam24',NULL,'--- !ruby/hash:ActiveSupport::HashWithIndifferentAccess\nanschaffungskategorie: AV-Technik\n','2011-09-09 19:30:50','2011-09-09 19:30:50'),(101,'mcam25','mcam25',109,44,101,1,NULL,NULL,'2009-03-26',NULL,NULL,NULL,424.00,0,0,1,0,1,1,NULL,NULL,NULL,'mcam25',NULL,'--- !ruby/hash:ActiveSupport::HashWithIndifferentAccess\nanschaffungskategorie: AV-Technik\n','2011-09-09 19:30:50','2011-09-09 19:30:50'),(102,'mcam26','mcam26',110,44,102,1,NULL,NULL,'2008-07-10',NULL,NULL,NULL,35.00,0,0,1,0,1,1,NULL,NULL,NULL,'mcam26',NULL,'--- !ruby/hash:ActiveSupport::HashWithIndifferentAccess\nanschaffungskategorie: AV-Technik\n','2011-09-09 19:30:50','2011-09-09 19:30:50'),(103,'mcam27','mcam27',111,44,103,1,NULL,NULL,'2007-12-18',NULL,NULL,NULL,306.00,0,0,1,0,1,1,NULL,NULL,NULL,'mcam27',NULL,'--- !ruby/hash:ActiveSupport::HashWithIndifferentAccess\nanschaffungskategorie: AV-Technik\n','2011-09-09 19:30:50','2011-09-09 19:30:50'),(104,'mcam28','mcam28',112,44,104,1,NULL,NULL,'2009-04-05',NULL,NULL,NULL,784.00,0,0,1,0,1,1,NULL,NULL,NULL,'mcam28',NULL,'--- !ruby/hash:ActiveSupport::HashWithIndifferentAccess\nanschaffungskategorie: AV-Technik\n','2011-09-09 19:30:50','2011-09-09 19:30:50'),(105,'mcam29','mcam29',113,44,105,1,NULL,NULL,'2009-11-25',NULL,NULL,NULL,624.00,0,0,1,0,1,1,NULL,NULL,NULL,'mcam29',NULL,'--- !ruby/hash:ActiveSupport::HashWithIndifferentAccess\nanschaffungskategorie: AV-Technik\n','2011-09-09 19:30:50','2011-09-09 19:30:50'),(106,'mcam30','mcam30',114,44,106,1,NULL,NULL,'2007-03-15',NULL,NULL,NULL,263.00,0,0,1,0,1,1,NULL,NULL,NULL,'mcam30',NULL,'--- !ruby/hash:ActiveSupport::HashWithIndifferentAccess\nanschaffungskategorie: AV-Technik\n','2011-09-09 19:30:50','2011-09-09 19:30:50'),(107,'hifi123','hifi123',115,44,107,1,NULL,NULL,'2010-02-02',NULL,NULL,NULL,223.00,0,0,1,0,1,1,NULL,NULL,NULL,NULL,NULL,'--- !ruby/hash:ActiveSupport::HashWithIndifferentAccess\nanschaffungskategorie: AV-Technik\n','2011-09-09 19:30:50','2011-09-09 19:30:50'),(108,'tri789','fgh567',116,44,108,1,NULL,NULL,'2009-08-26',NULL,NULL,NULL,910.00,0,0,1,0,1,1,NULL,NULL,NULL,NULL,NULL,'--- !ruby/hash:ActiveSupport::HashWithIndifferentAccess\nanschaffungskategorie: AV-Technik\n','2011-09-09 19:30:50','2011-09-09 19:30:50'),(109,'tri123','fgh987',116,44,109,1,NULL,NULL,'2007-11-07',NULL,NULL,NULL,1201.00,0,0,1,0,1,1,NULL,NULL,NULL,NULL,NULL,'--- !ruby/hash:ActiveSupport::HashWithIndifferentAccess\nanschaffungskategorie: AV-Technik\n','2011-09-09 19:30:50','2011-09-09 19:30:50'),(110,'tri923','asd213',116,44,110,1,NULL,NULL,'2008-08-26',NULL,NULL,NULL,1220.00,0,0,1,0,1,1,NULL,NULL,NULL,NULL,NULL,'--- !ruby/hash:ActiveSupport::HashWithIndifferentAccess\nanschaffungskategorie: AV-Technik\n','2011-09-09 19:30:50','2011-09-09 19:30:50'),(111,'tri212','tri212',116,44,111,1,NULL,NULL,'2009-03-07',NULL,NULL,NULL,1048.00,0,0,1,0,1,1,NULL,NULL,NULL,NULL,NULL,'--- !ruby/hash:ActiveSupport::HashWithIndifferentAccess\nanschaffungskategorie: AV-Technik\n','2011-09-09 19:30:50','2011-09-09 19:30:50'),(112,'cxvc5z','u722rb',118,44,112,1,NULL,NULL,'2007-10-24',NULL,NULL,NULL,184.00,0,0,1,0,1,1,NULL,NULL,NULL,NULL,NULL,'--- !ruby/hash:ActiveSupport::HashWithIndifferentAccess\nanschaffungskategorie: AV-Technik\n','2011-09-09 19:30:50','2011-09-09 19:30:50'),(113,'icrpj9oaid7njm1v36cy415','4c:05:08:0b:05:df-3c:e3:a8:54:cd:d1-c8:ea:82:41:4c:5a',119,45,113,1,NULL,NULL,'2008-03-11',NULL,NULL,NULL,992.00,0,0,1,0,1,1,NULL,NULL,NULL,NULL,NULL,'--- !ruby/hash:ActiveSupport::HashWithIndifferentAccess\nanschaffungskategorie: AV-Technik\n','2011-09-09 19:30:50','2011-09-09 19:30:50'),(114,'h1ff4d0jkhy89au4e5bn416','bb:1a:91:1f:8e:98-0a:e2:c5:06:48:32-9a:3b:5d:77:d2:9c',121,45,114,1,113,NULL,'2010-11-01',NULL,NULL,NULL,1262.00,0,0,1,0,1,1,NULL,NULL,NULL,NULL,NULL,'--- !ruby/hash:ActiveSupport::HashWithIndifferentAccess\nanschaffungskategorie: AV-Technik\n','2011-09-09 19:30:50','2011-09-09 19:30:50'),(115,'q5jm5sckl51euoa0fadk417','b7:0d:00:d1:ef:53-43:3a:ed:13:3f:6a-5f:fb:c1:88:21:99',122,45,115,1,113,NULL,'2008-04-14',NULL,NULL,NULL,505.00,0,0,1,0,1,1,NULL,NULL,NULL,NULL,NULL,'--- !ruby/hash:ActiveSupport::HashWithIndifferentAccess\nanschaffungskategorie: AV-Technik\n','2011-09-09 19:30:50','2011-09-09 19:30:50'),(116,'x2kwf44gd2nxegq9octm418','9d:ea:95:9e:5b:23-9e:1f:90:be:77:e3-f0:b5:e7:0c:10:72',123,45,116,1,113,NULL,'2010-10-10',NULL,NULL,NULL,720.00,0,0,1,0,1,1,NULL,NULL,NULL,NULL,NULL,'--- !ruby/hash:ActiveSupport::HashWithIndifferentAccess\nanschaffungskategorie: AV-Technik\n','2011-09-09 19:30:50','2011-09-09 19:30:50'),(117,'1d4uuvydzwr0169kkvlm419','cc:78:0a:ee:94:d1-cf:9f:a7:ac:e5:77-3b:c2:d8:9a:de:38',119,49,117,1,NULL,NULL,'2008-03-01',NULL,NULL,NULL,203.00,0,0,1,0,1,1,NULL,NULL,NULL,NULL,NULL,'--- !ruby/hash:ActiveSupport::HashWithIndifferentAccess\nanschaffungskategorie: AV-Technik\n','2011-09-09 19:30:50','2011-09-09 19:30:50'),(118,'e0b7lq9g8576k74r0osn420','e1:ca:b7:6f:1b:f4-48:c9:79:15:4e:0d-e6:1c:bf:f5:0a:45',125,49,118,1,117,NULL,'2006-03-18',NULL,NULL,NULL,350.00,0,0,1,0,1,1,NULL,NULL,NULL,NULL,NULL,'--- !ruby/hash:ActiveSupport::HashWithIndifferentAccess\nanschaffungskategorie: AV-Technik\n','2011-09-09 19:30:50','2011-09-09 19:30:50'),(119,'vihil1zw6id1re1ou1gy421','a0:63:d0:0b:7e:ba-64:7a:1f:77:09:ee-af:7e:c9:46:69:f8',126,49,119,1,117,NULL,'2010-02-24',NULL,NULL,NULL,1057.00,0,0,1,0,1,1,NULL,NULL,NULL,NULL,NULL,'--- !ruby/hash:ActiveSupport::HashWithIndifferentAccess\nanschaffungskategorie: AV-Technik\n','2011-09-09 19:30:50','2011-09-09 19:30:50'),(120,'m7fu10cwq15rovjzk0py422','5f:8e:9e:00:87:07-fb:42:87:0a:b1:39-39:bb:a0:14:ee:df',127,49,120,1,117,NULL,'2006-03-16',NULL,NULL,NULL,473.00,0,0,1,0,1,1,NULL,NULL,NULL,NULL,NULL,'--- !ruby/hash:ActiveSupport::HashWithIndifferentAccess\nanschaffungskategorie: AV-Technik\n','2011-09-09 19:30:50','2011-09-09 19:30:50'),(121,'xbvh2kzwyqi6umyvxi1e423','21:0b:99:7f:5e:5f-cd:b4:91:de:6c:8a-0f:58:be:7b:13:18',119,53,121,1,NULL,NULL,'2006-07-01',NULL,NULL,NULL,1286.00,0,0,1,0,1,1,NULL,NULL,NULL,NULL,NULL,'--- !ruby/hash:ActiveSupport::HashWithIndifferentAccess\nanschaffungskategorie: AV-Technik\n','2011-09-09 19:30:50','2011-09-09 19:30:50'),(122,'9wpfpujw4j9hrf4p8aol424','66:7a:7d:17:02:e5-36:44:3f:99:71:b0-88:d3:fe:9c:16:d6',129,53,122,1,121,NULL,'2008-08-20',NULL,NULL,NULL,1244.00,0,0,1,0,1,1,NULL,NULL,NULL,NULL,NULL,'--- !ruby/hash:ActiveSupport::HashWithIndifferentAccess\nanschaffungskategorie: AV-Technik\n','2011-09-09 19:30:50','2011-09-09 19:30:50'),(123,'5vfpzjvdbdp9rdibbkk9425','69:a3:f8:ba:de:76-9c:ff:93:cd:f3:4e-bb:ff:9e:41:9d:61',130,53,123,1,121,NULL,'2010-06-04',NULL,NULL,NULL,149.00,0,0,1,0,1,1,NULL,NULL,NULL,NULL,NULL,'--- !ruby/hash:ActiveSupport::HashWithIndifferentAccess\nanschaffungskategorie: AV-Technik\n','2011-09-09 19:30:50','2011-09-09 19:30:50'),(124,'t6ktnu2xsh8f0emut2m5426','47:89:02:3a:65:97-08:c8:f0:9d:c6:5c-d3:2a:a4:78:02:19',131,53,124,1,121,NULL,'2009-03-21',NULL,NULL,NULL,920.00,0,0,1,0,1,1,NULL,NULL,NULL,NULL,NULL,'--- !ruby/hash:ActiveSupport::HashWithIndifferentAccess\nanschaffungskategorie: AV-Technik\n','2011-09-09 19:30:50','2011-09-09 19:30:50'),(125,'o0vbzbxfitv19oz1vk9h427','45:13:6c:ee:32:17-f0:6a:7a:fd:a5:d5-77:d4:ae:58:e9:34',132,57,125,1,NULL,NULL,'2007-02-21',NULL,NULL,NULL,512.00,0,0,1,0,1,1,NULL,NULL,NULL,NULL,NULL,'--- !ruby/hash:ActiveSupport::HashWithIndifferentAccess\nanschaffungskategorie: AV-Technik\n','2011-09-09 19:30:50','2011-09-09 19:30:50'),(126,'a9ec2latz3o60kl6o06n428','b0:b0:2f:a9:86:9b-db:66:e0:77:4d:2c-94:3e:b8:e8:c8:1d',134,57,126,1,125,NULL,'2007-08-14',NULL,NULL,NULL,575.00,0,0,1,0,1,1,NULL,NULL,NULL,NULL,NULL,'--- !ruby/hash:ActiveSupport::HashWithIndifferentAccess\nanschaffungskategorie: AV-Technik\n','2011-09-09 19:30:50','2011-09-09 19:30:50'),(127,'wh4ucnuvv0578leeeblu429','bc:d8:67:15:ef:30-9d:d3:13:36:d9:d7-4a:3f:df:28:fc:3b',135,57,127,1,125,NULL,'2008-08-23',NULL,NULL,NULL,1267.00,0,0,1,0,1,1,NULL,NULL,NULL,NULL,NULL,'--- !ruby/hash:ActiveSupport::HashWithIndifferentAccess\nanschaffungskategorie: AV-Technik\n','2011-09-09 19:30:50','2011-09-09 19:30:50'),(128,'210r9swi87h7bzuagulh430','bb:c5:fd:e1:32:ee-4b:e8:ab:a6:23:4b-3a:e9:6a:4e:ea:0e',136,57,128,1,125,NULL,'2009-10-15',NULL,NULL,NULL,324.00,0,0,1,0,1,1,NULL,NULL,NULL,NULL,NULL,'--- !ruby/hash:ActiveSupport::HashWithIndifferentAccess\nanschaffungskategorie: AV-Technik\n','2011-09-09 19:30:50','2011-09-09 19:30:50'),(129,'6i9b7xkagxvvchwxvdmq431','ca:75:37:5a:c5:dd-e6:af:0b:03:62:e8-c6:93:63:ea:f9:5a',132,61,129,1,NULL,NULL,'2007-01-02',NULL,NULL,NULL,516.00,0,0,1,0,1,1,NULL,NULL,NULL,NULL,NULL,'--- !ruby/hash:ActiveSupport::HashWithIndifferentAccess\nanschaffungskategorie: AV-Technik\n','2011-09-09 19:30:50','2011-09-09 19:30:50'),(130,'9pq21705ajvt90grxzqp432','ee:0e:95:34:ef:ac-d4:65:cf:6e:86:e1-44:8d:7c:10:2e:ce',138,61,130,1,129,NULL,'2006-02-16',NULL,NULL,NULL,820.00,0,0,1,0,1,1,NULL,NULL,NULL,NULL,NULL,'--- !ruby/hash:ActiveSupport::HashWithIndifferentAccess\nanschaffungskategorie: AV-Technik\n','2011-09-09 19:30:50','2011-09-09 19:30:50'),(131,'0qic4mos5rmw1xq9n1m3433','6a:7e:6d:0c:91:76-5a:cb:5b:47:28:e3-de:14:84:79:b0:38',139,61,131,1,129,NULL,'2010-06-02',NULL,NULL,NULL,557.00,0,0,1,0,1,1,NULL,NULL,NULL,NULL,NULL,'--- !ruby/hash:ActiveSupport::HashWithIndifferentAccess\nanschaffungskategorie: AV-Technik\n','2011-09-09 19:30:50','2011-09-09 19:30:50'),(132,'05lldu7xw838prjhapq6434','de:48:45:da:69:d9-6c:95:2c:e4:82:50-19:37:c2:f3:dc:ae',140,61,132,1,129,NULL,'2009-07-19',NULL,NULL,NULL,392.00,0,0,1,0,1,1,NULL,NULL,NULL,NULL,NULL,'--- !ruby/hash:ActiveSupport::HashWithIndifferentAccess\nanschaffungskategorie: AV-Technik\n','2011-09-09 19:30:50','2011-09-09 19:30:50'),(133,'734e7etxyp1m8lpmbts7435','9f:94:dc:f7:aa:c8-72:75:93:7b:04:bb-a1:a5:c9:f8:06:8d',132,65,133,1,NULL,NULL,'2010-08-08',NULL,NULL,NULL,1021.00,0,0,1,0,1,1,NULL,NULL,NULL,NULL,NULL,'--- !ruby/hash:ActiveSupport::HashWithIndifferentAccess\nanschaffungskategorie: AV-Technik\n','2011-09-09 19:30:50','2011-09-09 19:30:50'),(134,'r0efg4xhx9l7vfn6ei8k436','77:db:fe:af:f2:f0-7c:7c:c6:e7:d5:a1-38:67:4b:53:86:1b',142,65,134,1,133,NULL,'2006-05-15',NULL,NULL,NULL,662.00,0,0,1,0,1,1,NULL,NULL,NULL,NULL,NULL,'--- !ruby/hash:ActiveSupport::HashWithIndifferentAccess\nanschaffungskategorie: AV-Technik\n','2011-09-09 19:30:50','2011-09-09 19:30:50'),(135,'ul30qkum1rxg30cbjg2k437','6d:5e:7b:ec:3d:bb-3b:0b:c7:dc:f0:3d-29:e4:f4:75:9a:dc',143,65,135,1,133,NULL,'2006-04-19',NULL,NULL,NULL,1413.00,0,0,1,0,1,1,NULL,NULL,NULL,NULL,NULL,'--- !ruby/hash:ActiveSupport::HashWithIndifferentAccess\nanschaffungskategorie: AV-Technik\n','2011-09-09 19:30:50','2011-09-09 19:30:50'),(136,'sx3jarlwy1rym2yk1tkg438','fc:a8:71:b9:86:e4-ab:38:2e:ec:7a:67-c2:70:e9:77:54:75',144,65,136,1,133,NULL,'2006-07-14',NULL,NULL,NULL,76.00,0,0,1,0,1,1,NULL,NULL,NULL,NULL,NULL,'--- !ruby/hash:ActiveSupport::HashWithIndifferentAccess\nanschaffungskategorie: AV-Technik\n','2011-09-09 19:30:50','2011-09-09 19:30:50'),(137,'cand5','cand5',84,44,137,1,NULL,NULL,'2010-08-24',NULL,NULL,NULL,568.00,0,0,0,0,1,1,NULL,NULL,NULL,NULL,NULL,'--- !ruby/hash:ActiveSupport::HashWithIndifferentAccess\nanschaffungskategorie: AV-Technik\n','2011-09-09 19:30:50','2011-09-09 19:30:50'),(138,'beam21231','beamas12312',58,44,138,1,NULL,NULL,'2009-05-17',NULL,NULL,NULL,1355.00,0,0,0,0,1,1,NULL,NULL,NULL,NULL,NULL,'--- !ruby/hash:ActiveSupport::HashWithIndifferentAccess\nanschaffungskategorie: AV-Technik\n','2011-09-09 19:30:50','2011-09-09 19:30:50'),(139,'hifi345','hifi345',115,44,139,1,NULL,NULL,'2010-05-22',NULL,NULL,NULL,619.00,0,0,0,0,1,1,NULL,NULL,NULL,NULL,NULL,'--- !ruby/hash:ActiveSupport::HashWithIndifferentAccess\nanschaffungskategorie: AV-Technik\n','2011-09-09 19:30:50','2011-09-09 19:30:50'),(140,'iMac1','iMac5',146,44,140,1,NULL,NULL,'2008-01-25',NULL,'2011-09-09','This Item is gone',1144.00,0,0,1,0,1,1,NULL,NULL,NULL,NULL,NULL,'--- !ruby/hash:ActiveSupport::HashWithIndifferentAccess\nanschaffungskategorie: AV-Technik\n','2011-09-09 19:30:50','2011-09-09 19:30:50'),(141,'iMac2','iMac6',146,44,141,3,NULL,NULL,'2006-09-11',NULL,'2011-09-09','This Item is gone',35.00,0,0,1,0,1,1,NULL,NULL,NULL,NULL,NULL,'--- !ruby/hash:ActiveSupport::HashWithIndifferentAccess\nanschaffungskategorie: AV-Technik\n','2011-09-09 19:30:50','2011-09-09 19:30:50'),(142,'glr5yg','z709w9',117,44,142,1,NULL,NULL,'2006-04-28',NULL,'2011-09-09','This Item is gone',414.00,0,0,1,0,1,1,NULL,NULL,NULL,NULL,NULL,'--- !ruby/hash:ActiveSupport::HashWithIndifferentAccess\nanschaffungskategorie: AV-Technik\n','2011-09-09 19:30:50','2011-09-09 19:30:50'),(143,'d2j7zv','e3b3cg',117,44,143,1,NULL,NULL,'2006-10-21',NULL,NULL,NULL,106.00,0,0,1,0,1,1,NULL,NULL,NULL,NULL,NULL,'--- !ruby/hash:ActiveSupport::HashWithIndifferentAccess\nanschaffungskategorie: AV-Technik\n','2011-09-09 19:30:50','2011-09-09 19:30:50'),(144,'wlaptop1','wlaptop1',147,44,144,1,NULL,NULL,'2007-07-28',NULL,NULL,NULL,1130.00,1,0,1,0,1,1,NULL,NULL,NULL,NULL,NULL,'--- !ruby/hash:ActiveSupport::HashWithIndifferentAccess\nanschaffungskategorie: AV-Technik\n','2011-09-09 19:30:50','2011-09-09 19:30:50'),(145,'v120d02','v120d02',148,44,145,1,NULL,NULL,'2006-04-10',NULL,NULL,NULL,743.00,0,1,1,0,1,1,NULL,NULL,NULL,NULL,NULL,'--- !ruby/hash:ActiveSupport::HashWithIndifferentAccess\nanschaffungskategorie: AV-Technik\n','2011-09-09 19:30:50','2011-09-09 19:30:50'),(146,'v120d022g','v120d022g',149,44,146,1,NULL,NULL,'2010-01-26',NULL,NULL,NULL,329.00,0,0,1,0,1,1,NULL,NULL,NULL,NULL,NULL,'--- !ruby/hash:ActiveSupport::HashWithIndifferentAccess\nanschaffungskategorie: AV-Technik\n','2011-09-09 19:30:50','2011-09-09 19:30:50'),(147,'v120d022g2','v120d022g2',149,44,147,1,NULL,NULL,'2007-05-22',NULL,NULL,NULL,452.00,0,0,1,0,1,1,NULL,NULL,NULL,NULL,NULL,'--- !ruby/hash:ActiveSupport::HashWithIndifferentAccess\nanschaffungskategorie: AV-Technik\n','2011-09-09 19:30:50','2011-09-09 19:30:50'),(148,'beam897','xyz890',58,44,148,1,NULL,NULL,'2009-10-30',NULL,NULL,NULL,65.00,0,0,1,0,2,1,NULL,NULL,NULL,NULL,NULL,'--- !ruby/hash:ActiveSupport::HashWithIndifferentAccess\nanschaffungskategorie: AV-Technik\n','2011-09-09 19:30:50','2011-09-09 19:30:50'),(149,'minibeam12','xyz890',60,44,149,1,NULL,NULL,'2007-03-21',NULL,NULL,NULL,1233.00,0,0,1,0,2,1,NULL,NULL,NULL,NULL,NULL,'--- !ruby/hash:ActiveSupport::HashWithIndifferentAccess\nanschaffungskategorie: AV-Technik\n','2011-09-09 19:30:50','2011-09-09 19:30:50'),(150,'minibeam34','xyz890',60,44,150,1,NULL,NULL,'2010-09-26',NULL,NULL,NULL,1321.00,0,0,1,0,3,1,NULL,NULL,NULL,NULL,NULL,'--- !ruby/hash:ActiveSupport::HashWithIndifferentAccess\nanschaffungskategorie: AV-Technik\n','2011-09-09 19:30:50','2011-09-09 19:30:50'),(151,'y1cx6hmm3iqofy3ee83e439','67:cc:5c:12:52:ad-e8:8d:a2:19:9f:68-de:e0:6e:96:60:c2',151,NULL,NULL,1,NULL,NULL,NULL,NULL,NULL,NULL,NULL,0,0,0,0,1,0,NULL,NULL,NULL,NULL,NULL,'--- !ruby/hash:ActiveSupport::HashWithIndifferentAccess\nlicense_type: single_workplace\nactivation_type: serial_number\noperating_system:\n- windows\n- linux\ninstallation:\n- citrix\n- web\n','2011-09-09 19:30:50','2011-09-09 19:30:50'),(152,'mps6znbd5bxl7qklxgym440','21:51:2a:2f:c9:1c-60:68:ff:f7:d2:15-96:23:29:31:ea:94',152,NULL,NULL,1,NULL,NULL,NULL,NULL,NULL,NULL,NULL,0,0,1,0,1,0,NULL,NULL,NULL,NULL,NULL,'--- !ruby/hash:ActiveSupport::HashWithIndifferentAccess\nlicense_type: single_workplace\nactivation_type: serial_number\noperating_system:\n- windows\n- linux\ninstallation:\n- citrix\n- web\n','2011-09-09 19:30:50','2011-09-09 19:30:50'),(153,'eutfx3b720qmnqqmjzk7441','5a:f5:b7:da:a8:40-19:52:ea:7a:22:ee-f2:de:df:78:d8:29',153,NULL,NULL,1,NULL,NULL,NULL,NULL,NULL,NULL,NULL,0,0,1,0,1,0,NULL,NULL,NULL,NULL,NULL,'--- !ruby/hash:ActiveSupport::HashWithIndifferentAccess\nlicense_type: single_workplace\nactivation_type: serial_number\noperating_system:\n- windows\n- linux\ninstallation:\n- citrix\n- web\n','2011-09-09 19:30:50','2011-09-09 19:30:50'),(154,'1tnl5bwees5w6ipncnuo442','7f:4e:2d:bb:78:36-52:1d:46:2d:ce:a7-54:a4:e8:a7:e6:8b',154,NULL,NULL,1,NULL,NULL,NULL,NULL,NULL,NULL,NULL,0,0,1,0,1,0,NULL,NULL,NULL,NULL,NULL,'--- !ruby/hash:ActiveSupport::HashWithIndifferentAccess\nlicense_type: single_workplace\nactivation_type: serial_number\noperating_system:\n- windows\n- linux\ninstallation:\n- citrix\n- web\n','2011-09-09 19:30:50','2011-09-09 19:30:50'),(155,'30rdfmk1xltehg2vnqky443','9e:5a:75:01:ea:b6-f8:c4:3a:9c:6c:ac-80:4a:41:26:b4:85',155,NULL,NULL,1,NULL,NULL,NULL,NULL,NULL,NULL,NULL,0,0,0,0,1,0,NULL,NULL,NULL,NULL,NULL,'--- !ruby/hash:ActiveSupport::HashWithIndifferentAccess\nlicense_type: single_workplace\nactivation_type: serial_number\noperating_system:\n- windows\n- linux\ninstallation:\n- citrix\n- web\n','2011-09-09 19:30:50','2011-09-09 19:30:50'),(156,'qtunlvls9u4lrfsldxol444','38:2d:fe:d6:19:42-ea:32:26:fa:70:30-d1:a7:3c:a6:a3:37',156,NULL,NULL,1,NULL,NULL,NULL,NULL,NULL,NULL,NULL,0,0,0,0,1,0,NULL,NULL,NULL,NULL,NULL,'--- !ruby/hash:ActiveSupport::HashWithIndifferentAccess\nlicense_type: single_workplace\nactivation_type: serial_number\noperating_system:\n- windows\n- linux\ninstallation:\n- citrix\n- web\n','2011-09-09 19:30:50','2011-09-09 19:30:50'),(157,'lq46uus0k2uej45sr2ih445','a7:10:b5:b3:51:70-f3:b5:35:16:2e:e4-f6:79:09:0d:f5:60',157,NULL,NULL,1,NULL,NULL,NULL,NULL,NULL,NULL,NULL,0,0,0,0,2,0,NULL,NULL,NULL,NULL,NULL,'--- !ruby/hash:ActiveSupport::HashWithIndifferentAccess\nlicense_type: single_workplace\nactivation_type: serial_number\noperating_system:\n- windows\n- linux\ninstallation:\n- citrix\n- web\n','2011-09-09 19:30:50','2011-09-09 19:30:50'),(158,'4wgxy9ahho2ljlypl93e446','25:24:20:a8:25:a8-81:6b:07:9b:dc:df-fd:d2:b9:13:13:ee',158,NULL,NULL,1,NULL,NULL,NULL,NULL,'2011-09-09','Error inventore voluptas in ea incidunt nulla eius et.',NULL,0,0,0,0,1,0,NULL,NULL,NULL,NULL,NULL,'--- !ruby/hash:ActiveSupport::HashWithIndifferentAccess\nlicense_type: single_workplace\nactivation_type: serial_number\noperating_system:\n- windows\n- linux\ninstallation:\n- citrix\n- web\n','2011-09-09 19:30:50','2011-09-09 19:30:50'),(159,'70hisdaj5m7dqzw4ccf0447','f9:8a:be:5a:b2:a6-8e:80:75:51:2e:ee-dc:c3:79:73:04:03',159,NULL,NULL,2,NULL,NULL,NULL,NULL,'2011-09-09','Ipsa ex ut necessitatibus consequuntur.',NULL,0,0,1,0,1,0,NULL,NULL,NULL,NULL,NULL,'--- !ruby/hash:ActiveSupport::HashWithIndifferentAccess\nlicense_type: single_workplace\nactivation_type: serial_number\noperating_system:\n- windows\n- linux\ninstallation:\n- citrix\n- web\n','2011-09-09 19:30:50','2011-09-09 19:30:50'),(160,'fgpajog2caubawiaqg2g448','d0:d3:bb:1c:e7:22-64:d2:be:de:98:7e-b5:b8:87:b9:e9:43',160,NULL,NULL,2,NULL,NULL,NULL,NULL,NULL,NULL,NULL,0,0,1,0,2,0,NULL,NULL,NULL,NULL,NULL,'--- !ruby/hash:ActiveSupport::HashWithIndifferentAccess\nlicense_type: single_workplace\nactivation_type: serial_number\noperating_system:\n- windows\n- linux\ninstallation:\n- citrix\n- web\n','2011-09-09 19:30:50','2011-09-09 19:30:50'),(161,'qzvjdhuernl3v7pej7g6449','f6:b1:b1:c2:67:32-97:c7:e8:1e:23:33-34:5e:a2:72:c9:fc',161,NULL,NULL,1,NULL,NULL,'2011-09-09',NULL,NULL,NULL,NULL,0,0,0,0,1,0,NULL,NULL,NULL,NULL,NULL,'--- !ruby/hash:ActiveSupport::HashWithIndifferentAccess\nlicense_expiration: \'2011-09-09\'\nmaintenance_contract: \'true\'\nmaintenance_expiration: \'2011-09-09\'\n','2011-09-09 19:30:50','2011-09-09 19:30:50'),(162,'0sxv3c8oy9u46pcpm5ul450','d4:60:17:47:ed:79-fb:8e:b1:8a:30:c3-40:47:b4:08:a9:06',162,NULL,NULL,1,NULL,NULL,NULL,NULL,NULL,NULL,NULL,0,0,0,0,1,0,NULL,NULL,NULL,NULL,NULL,'--- !ruby/hash:ActiveSupport::HashWithIndifferentAccess\nlicense_type: single_workplace\nactivation_type: serial_number\noperating_system:\n- windows\n- linux\ninstallation:\n- citrix\n- web\n','2011-09-09 19:30:50','2011-09-09 19:30:50'),(163,'rdrwzjy7ewqy4wdoun8q451','66:45:66:74:cf:5d-e2:5d:66:86:41:a4-e3:fa:df:da:73:71',164,NULL,NULL,1,NULL,NULL,NULL,NULL,NULL,NULL,NULL,0,0,0,0,1,0,NULL,NULL,NULL,NULL,NULL,'--- !ruby/hash:ActiveSupport::HashWithIndifferentAccess\noperating_system:\n- windows\n- linux\nlicense_type: site_license\nquantity: 13\n','2011-09-09 19:30:50','2011-09-09 19:30:50'),(164,'c5qq8pvsa9oeor8d96zw452','bf:c0:a4:2f:c6:3d-b1:c5:e7:06:7e:71-c7:7e:be:9f:e7:d7',166,69,151,1,NULL,NULL,'2006-09-06',NULL,NULL,NULL,910.00,0,0,1,0,1,1,NULL,NULL,NULL,NULL,NULL,'--- !ruby/hash:ActiveSupport::HashWithIndifferentAccess\nanschaffungskategorie: AV-Technik\n','2011-09-09 19:30:50','2011-09-09 19:30:50'),(165,'94vx70asksh5l0h3au2l453','4f:83:97:e7:23:9d-84:3a:5d:88:34:b8-cc:be:1d:88:3e:18',167,NULL,NULL,1,NULL,NULL,NULL,NULL,NULL,NULL,NULL,0,0,1,0,1,0,NULL,NULL,NULL,NULL,NULL,'--- !ruby/hash:ActiveSupport::HashWithIndifferentAccess\nlicense_type: single_workplace\nactivation_type: serial_number\noperating_system:\n- windows\n- linux\ninstallation:\n- citrix\n- web\n','2011-09-09 19:30:50','2011-09-09 19:30:50'),(166,'n9mgb036alvbxq6w3dql454','47:d1:6a:21:b7:4d-d2:7c:be:ab:e1:cf-83:27:f0:c8:72:3d',168,70,152,11,NULL,NULL,'2010-06-17',NULL,NULL,NULL,362.00,0,0,1,0,2,1,NULL,NULL,NULL,NULL,NULL,'--- !ruby/hash:ActiveSupport::HashWithIndifferentAccess\nanschaffungskategorie: AV-Technik\n','2011-09-04 00:00:00','2011-09-04 00:00:00'),(167,'kgwz6g27nu0og8q77suf455','b3:c5:8d:91:c5:16-66:02:0a:17:6f:a8-c0:b9:98:e7:92:a2',168,71,153,1,NULL,NULL,'2009-09-28',NULL,NULL,NULL,64.00,0,0,1,0,2,1,NULL,NULL,NULL,NULL,NULL,'--- !ruby/hash:ActiveSupport::HashWithIndifferentAccess\nanschaffungskategorie: AV-Technik\n','2011-09-04 00:00:00','2011-09-04 00:00:00'),(168,'cq29p7pyevejtloj92kr456','f6:a5:db:76:bc:2d-b2:9a:3b:e9:06:ff-d2:4a:0d:f8:f1:3e',168,72,154,8,NULL,NULL,'2006-08-22',NULL,NULL,NULL,679.00,0,0,1,0,2,1,NULL,NULL,NULL,NULL,NULL,'--- !ruby/hash:ActiveSupport::HashWithIndifferentAccess\nanschaffungskategorie: AV-Technik\n','2011-09-04 00:00:00','2011-09-04 00:00:00'),(169,'bdshyp57wq4ry2lr4mln457','a9:dd:65:61:ad:ca-9c:8e:3e:38:14:ad-06:38:35:62:09:bb',172,73,155,9,NULL,NULL,'2009-06-02',NULL,NULL,NULL,50.00,0,0,1,0,12,1,NULL,NULL,NULL,NULL,NULL,'--- !ruby/hash:ActiveSupport::HashWithIndifferentAccess\nanschaffungskategorie: AV-Technik\n','2011-09-09 19:30:50','2011-09-09 19:30:50'),(170,'qw606sko94g4ob8fae54458','47:61:0a:5c:8c:db-18:c8:58:80:3c:8f-0d:df:9c:d0:16:6e',173,74,156,2,NULL,NULL,'2008-06-07',NULL,NULL,NULL,915.00,0,0,1,0,1,1,NULL,NULL,NULL,NULL,NULL,'--- !ruby/hash:ActiveSupport::HashWithIndifferentAccess\nanschaffungskategorie: AV-Technik\n','2011-09-09 19:30:50','2011-09-09 19:30:50'),(171,'f83lbdcdtj6byl5p8bxz459','ab:36:67:7b:b9:22-b3:72:da:3d:7a:26-dd:c0:bf:c8:56:dc',174,75,157,11,NULL,NULL,'2007-08-23',NULL,NULL,NULL,1474.00,0,0,1,0,1,1,NULL,NULL,NULL,NULL,NULL,'--- !ruby/hash:ActiveSupport::HashWithIndifferentAccess\nanschaffungskategorie: AV-Technik\n','2011-09-09 19:30:50','2011-09-09 19:30:50'),(172,'mdb2k05z0j6895r96wyi460','46:1e:d7:43:1d:d5-5e:db:96:32:b1:53-66:7c:90:46:5c:7c',175,76,158,12,NULL,NULL,'2006-07-20',NULL,NULL,NULL,936.00,0,0,1,0,1,1,NULL,NULL,NULL,NULL,NULL,'--- !ruby/hash:ActiveSupport::HashWithIndifferentAccess\nanschaffungskategorie: AV-Technik\n','2011-09-09 19:30:50','2011-09-09 19:30:50'),(173,'kzdju3ejld3hthqahp8z461','29:d5:6d:57:f8:65-b4:58:92:f6:5e:33-7b:9f:2f:8d:bb:2c',176,77,159,10,NULL,NULL,'2010-05-01',NULL,NULL,NULL,846.00,0,0,1,0,1,1,NULL,NULL,NULL,NULL,NULL,'--- !ruby/hash:ActiveSupport::HashWithIndifferentAccess\nanschaffungskategorie: AV-Technik\n','2011-09-09 19:30:50','2011-09-09 19:30:50'),(174,'3a1v57uxhuz09dde9u52462','0c:bc:53:c6:6b:e5-4b:6c:01:12:1a:b9-e0:ab:e9:ee:4a:be',177,78,160,11,NULL,NULL,'2006-04-10',NULL,NULL,NULL,479.00,0,0,1,0,1,1,NULL,NULL,NULL,NULL,NULL,'--- !ruby/hash:ActiveSupport::HashWithIndifferentAccess\nanschaffungskategorie: AV-Technik\n','2011-09-09 19:30:50','2011-09-09 19:30:50'),(175,'910pdolxdsafw3wv6tv0463','4e:0e:e8:06:39:9b-5f:26:34:de:ca:2d-92:9e:78:a7:52:ba',178,79,161,2,NULL,NULL,'2010-05-22',NULL,NULL,NULL,62.00,0,0,1,0,1,1,NULL,NULL,NULL,NULL,NULL,'--- !ruby/hash:ActiveSupport::HashWithIndifferentAccess\nanschaffungskategorie: AV-Technik\n','2011-09-09 19:30:50','2011-09-09 19:30:50'),(176,'o0oozke23x5guri7ux8i464','0b:f4:1b:d6:05:18-f8:22:88:e5:14:37-87:d1:b8:d1:3a:ca',179,80,162,5,NULL,NULL,'2008-11-25',NULL,NULL,NULL,833.00,0,0,1,0,1,1,NULL,NULL,NULL,NULL,NULL,'--- !ruby/hash:ActiveSupport::HashWithIndifferentAccess\nanschaffungskategorie: AV-Technik\n','2011-09-09 19:30:50','2011-09-09 19:30:50'),(177,'k9ww4rdnzpj72glynx6p465','8b:7d:39:53:0c:e3-3e:ff:ee:d3:f3:f1-c8:36:df:a3:ce:b0',180,81,163,11,NULL,NULL,'2007-01-29',NULL,NULL,NULL,1465.00,0,0,1,0,1,1,NULL,NULL,NULL,NULL,NULL,'--- !ruby/hash:ActiveSupport::HashWithIndifferentAccess\nanschaffungskategorie: AV-Technik\n','2011-09-09 19:30:50','2011-09-09 19:30:50'),(178,'c6bzrz1f2kbsjqzqchy2466','53:df:c4:fe:13:01-45:06:19:b3:1f:7f-cd:9f:21:b9:f6:1f',181,82,164,9,NULL,NULL,'2006-04-20',NULL,NULL,NULL,522.00,0,0,1,0,1,1,NULL,NULL,NULL,NULL,NULL,'--- !ruby/hash:ActiveSupport::HashWithIndifferentAccess\nanschaffungskategorie: AV-Technik\n','2011-09-09 19:30:50','2011-09-09 19:30:50'),(179,'8saxxplwmc7ho0hs804g467','21:7b:95:0c:6b:d9-c2:86:71:64:51:3a-18:16:23:3d:a7:75',182,83,165,6,NULL,NULL,'2008-12-02',NULL,NULL,NULL,11.00,0,0,1,0,1,1,NULL,NULL,NULL,NULL,NULL,'--- !ruby/hash:ActiveSupport::HashWithIndifferentAccess\nanschaffungskategorie: AV-Technik\n','2011-09-09 19:30:50','2011-09-09 19:30:50'),(180,'sn5zwv6bdxp77b3k0on1468','5a:ec:ef:5e:b8:ef-1d:a7:32:d5:4e:f5-c6:01:6e:26:c0:bd',183,84,166,6,NULL,NULL,'2006-06-27',NULL,NULL,NULL,217.00,0,0,1,0,1,1,NULL,NULL,NULL,NULL,NULL,'--- !ruby/hash:ActiveSupport::HashWithIndifferentAccess\nanschaffungskategorie: AV-Technik\n','2011-09-09 19:30:50','2011-09-09 19:30:50'),(181,'cqi7wlmxwndys6nbgxje469','24:17:dd:75:24:38-bb:61:ad:3d:7c:5c-e9:d9:34:85:d9:0f',184,85,167,6,NULL,NULL,'2007-01-08',NULL,NULL,NULL,651.00,0,0,1,0,1,1,NULL,NULL,NULL,NULL,NULL,'--- !ruby/hash:ActiveSupport::HashWithIndifferentAccess\nanschaffungskategorie: AV-Technik\n','2011-09-09 19:30:50','2011-09-09 19:30:50'),(182,'n5korvhx3edsnkv0as1r470','39:37:f5:bf:c8:26-8e:36:0f:e0:c0:c3-cb:94:49:88:14:3e',185,86,168,5,NULL,NULL,'2009-11-29',NULL,NULL,NULL,743.00,0,0,1,0,1,1,NULL,NULL,NULL,NULL,NULL,'--- !ruby/hash:ActiveSupport::HashWithIndifferentAccess\nanschaffungskategorie: AV-Technik\n','2011-09-04 00:00:00','2011-09-04 00:00:00'),(183,'j9779tg7l0fq4e8frk0z471','7d:c4:38:07:48:ce-5c:91:b2:3a:ec:35-b0:d4:3d:7b:2e:40',186,87,169,6,NULL,NULL,'2008-04-25',NULL,NULL,NULL,141.00,0,0,1,0,1,1,NULL,NULL,NULL,NULL,NULL,'--- !ruby/hash:ActiveSupport::HashWithIndifferentAccess\nanschaffungskategorie: AV-Technik\n','2011-09-04 00:00:00','2011-09-04 00:00:00'),(184,'y1nnqpfaj08cqk7zjs3q472','16:08:ea:16:6f:af-36:8f:1b:4c:ad:39-0a:32:1f:d9:93:ce',187,88,170,3,NULL,NULL,'2007-09-11',NULL,NULL,NULL,615.00,0,0,1,0,1,1,NULL,NULL,NULL,NULL,NULL,'--- !ruby/hash:ActiveSupport::HashWithIndifferentAccess\nanschaffungskategorie: AV-Technik\n','2011-09-04 00:00:00','2011-09-04 00:00:00'),(185,'0s433nlp4mvh9n1pq57g473','07:69:b5:d8:fa:59-ac:68:b2:ef:26:84-c5:05:85:cf:9c:ed',188,89,171,8,NULL,NULL,'2010-10-04',NULL,NULL,NULL,1442.00,0,0,1,0,1,1,NULL,NULL,NULL,NULL,NULL,'--- !ruby/hash:ActiveSupport::HashWithIndifferentAccess\nanschaffungskategorie: AV-Technik\n','2011-09-04 00:00:00','2011-09-04 00:00:00'),(186,'eqz0ldpkfpbgwr590ksu474','16:ab:c3:ec:48:b2-1f:14:71:ab:3a:53-aa:30:24:be:de:d0',189,90,172,3,NULL,NULL,'2006-03-29',NULL,NULL,NULL,1071.00,0,0,1,0,1,1,NULL,NULL,NULL,NULL,NULL,'--- !ruby/hash:ActiveSupport::HashWithIndifferentAccess\nanschaffungskategorie: AV-Technik\n','2011-09-04 00:00:00','2011-09-04 00:00:00'),(187,'7h34gk3foqxpf5w8260i475','b8:f6:ba:6b:da:fb-1b:0e:27:3e:76:32-b9:84:4c:85:33:9f',190,91,173,12,NULL,NULL,'2009-07-03',NULL,NULL,NULL,578.00,0,0,1,0,3,1,NULL,NULL,NULL,NULL,NULL,'--- !ruby/hash:ActiveSupport::HashWithIndifferentAccess\nanschaffungskategorie: AV-Technik\n','2011-09-09 19:30:50','2011-09-09 19:30:50'),(188,'8w0felilrfwjs0ow87v9476','c3:e9:aa:42:9d:9a-a5:50:27:54:ac:d5-c4:6c:69:ee:34:e1',190,92,174,6,NULL,NULL,'2007-03-27',NULL,NULL,NULL,779.00,0,0,1,0,3,1,NULL,NULL,NULL,NULL,NULL,'--- !ruby/hash:ActiveSupport::HashWithIndifferentAccess\nanschaffungskategorie: AV-Technik\n','2011-09-09 19:30:50','2011-09-09 19:30:50'),(189,'314b9cu1bksevv0r0rid477','51:17:7b:c8:f0:3e-e8:72:fb:90:fa:66-21:02:80:32:99:17',190,93,175,10,NULL,NULL,'2009-05-19',NULL,NULL,NULL,536.00,0,0,1,0,3,1,NULL,NULL,NULL,NULL,NULL,'--- !ruby/hash:ActiveSupport::HashWithIndifferentAccess\nanschaffungskategorie: AV-Technik\n','2011-09-09 19:30:50','2011-09-09 19:30:50'),(190,'ah5db5z28d6kd3tqeokk478','7d:dc:f5:fa:bf:e2-65:f7:99:db:c6:e4-f1:a3:ff:e2:44:cf',194,94,176,2,NULL,NULL,'2006-05-13',NULL,NULL,NULL,349.00,0,0,1,0,3,1,NULL,NULL,NULL,NULL,NULL,'--- !ruby/hash:ActiveSupport::HashWithIndifferentAccess\nanschaffungskategorie: AV-Technik\n','2011-09-09 19:30:50','2011-09-09 19:30:50'),(191,'uc4wixkthk0zj33fmec3479','35:52:92:4c:51:c7-b0:c5:cc:57:94:4c-bf:15:57:5b:c3:11',194,95,177,6,NULL,NULL,'2006-01-21',NULL,NULL,NULL,566.00,0,0,1,0,3,1,NULL,NULL,NULL,NULL,NULL,'--- !ruby/hash:ActiveSupport::HashWithIndifferentAccess\nanschaffungskategorie: AV-Technik\n','2011-09-09 19:30:50','2011-09-09 19:30:50'),(192,'vexlqayf4t3959l40d6o480','6d:6f:8c:84:32:a3-47:18:78:bb:b6:76-76:05:ba:9a:5c:68',194,96,178,10,NULL,NULL,'2010-12-25',NULL,NULL,NULL,205.00,0,0,1,0,3,1,NULL,NULL,NULL,NULL,NULL,'--- !ruby/hash:ActiveSupport::HashWithIndifferentAccess\nanschaffungskategorie: AV-Technik\n','2011-09-09 19:30:50','2011-09-09 19:30:50'),(193,'8hjel79linwhan9vjtfp481','62:96:7b:2d:79:4b-43:86:10:79:5e:24-5d:d4:24:2f:b5:55',198,97,179,9,NULL,NULL,'2008-12-21',NULL,NULL,NULL,1197.00,0,0,1,0,3,1,NULL,NULL,NULL,NULL,NULL,'--- !ruby/hash:ActiveSupport::HashWithIndifferentAccess\nanschaffungskategorie: AV-Technik\n','2011-09-09 19:30:50','2011-09-09 19:30:50'),(194,'rpzu8bwibxj68ywnsghn482','34:1d:94:11:40:03-90:5e:52:2f:3e:b0-d4:20:8e:f9:76:71',198,98,180,6,NULL,NULL,'2010-06-09',NULL,NULL,NULL,918.00,0,0,1,0,3,1,NULL,NULL,NULL,NULL,NULL,'--- !ruby/hash:ActiveSupport::HashWithIndifferentAccess\nanschaffungskategorie: AV-Technik\n','2011-09-09 19:30:50','2011-09-09 19:30:50'),(195,'cyupbgx4fk0aurgoxv13483','40:a5:6f:ca:0c:d1-88:c0:cf:41:e1:e9-03:c9:24:cb:1a:a2',198,99,181,2,NULL,NULL,'2010-01-25',NULL,NULL,NULL,1206.00,0,0,1,0,3,1,NULL,NULL,NULL,NULL,NULL,'--- !ruby/hash:ActiveSupport::HashWithIndifferentAccess\nanschaffungskategorie: AV-Technik\n','2011-09-09 19:30:50','2011-09-09 19:30:50'),(196,'es8w201j9nm0kn993a3i484','6e:2b:54:cc:9e:7b-4b:ac:ca:08:38:13-60:b4:7e:ce:76:a1',202,100,182,6,NULL,NULL,'2007-02-05',NULL,NULL,NULL,895.00,0,0,1,0,3,1,NULL,NULL,NULL,NULL,NULL,'--- !ruby/hash:ActiveSupport::HashWithIndifferentAccess\nanschaffungskategorie: AV-Technik\n','2011-09-09 19:30:50','2011-09-09 19:30:50'),(197,'705wwjrqv7wyxbi7iy3b485','34:40:59:fb:20:d8-28:05:a7:24:15:e3-f9:3c:f9:9f:4d:d0',202,101,183,1,NULL,NULL,'2007-08-10',NULL,NULL,NULL,1152.00,0,0,1,0,3,1,NULL,NULL,NULL,NULL,NULL,'--- !ruby/hash:ActiveSupport::HashWithIndifferentAccess\nanschaffungskategorie: AV-Technik\n','2011-09-09 19:30:50','2011-09-09 19:30:50'),(198,'73leo5qqglrg0d3ez3wt486','c4:f8:3a:b8:42:5a-84:54:70:ac:32:0e-30:52:15:95:e4:62',202,102,184,8,NULL,NULL,'2007-04-03',NULL,NULL,NULL,812.00,0,0,1,0,3,1,NULL,NULL,NULL,NULL,NULL,'--- !ruby/hash:ActiveSupport::HashWithIndifferentAccess\nanschaffungskategorie: AV-Technik\n','2011-09-09 19:30:50','2011-09-09 19:30:50'),(199,'vh7jvqrrkig3gn81y83v487','8e:17:ec:ec:72:66-bb:73:de:a8:22:3e-c4:61:f5:4e:50:fe',206,103,185,8,NULL,NULL,'2010-08-15',NULL,NULL,NULL,139.00,0,0,1,0,3,1,NULL,NULL,NULL,NULL,NULL,'--- !ruby/hash:ActiveSupport::HashWithIndifferentAccess\nanschaffungskategorie: AV-Technik\n','2011-09-09 19:30:50','2011-09-09 19:30:50'),(200,'ackg1lwfx7qsngvvbq01488','a7:74:5f:18:f0:81-a9:65:f7:8a:fa:85-4b:91:f7:29:a2:e8',206,104,186,9,NULL,NULL,'2007-03-01',NULL,NULL,NULL,579.00,0,0,1,0,3,1,NULL,NULL,NULL,NULL,NULL,'--- !ruby/hash:ActiveSupport::HashWithIndifferentAccess\nanschaffungskategorie: AV-Technik\n','2011-09-09 19:30:50','2011-09-09 19:30:50'),(201,'vrbbzsow3m91n5uk2k8p489','63:54:b7:9a:7a:58-2c:83:71:1a:47:1e-aa:04:9d:cb:eb:58',206,105,187,7,NULL,NULL,'2009-02-01',NULL,NULL,NULL,1096.00,0,0,1,0,3,1,NULL,NULL,NULL,NULL,NULL,'--- !ruby/hash:ActiveSupport::HashWithIndifferentAccess\nanschaffungskategorie: AV-Technik\n','2011-09-09 19:30:50','2011-09-09 19:30:50'),(202,'osvoobh876r15t7ajn6f490','3c:f7:38:f3:3d:c1-d1:22:0f:2b:25:a1-0d:05:44:cc:71:8b',210,106,188,1,NULL,NULL,'2006-08-05',NULL,NULL,NULL,1091.00,0,0,1,0,3,1,NULL,NULL,NULL,NULL,NULL,'--- !ruby/hash:ActiveSupport::HashWithIndifferentAccess\nanschaffungskategorie: AV-Technik\n','2011-09-09 19:30:50','2011-09-09 19:30:50'),(203,'ho17bsa8ktq3cnr9n89p491','bf:0e:ac:fa:40:a1-0e:28:95:3f:2f:45-1d:88:d3:7e:9a:31',210,107,189,2,NULL,NULL,'2006-02-23',NULL,NULL,NULL,149.00,0,0,1,0,3,1,NULL,NULL,NULL,NULL,NULL,'--- !ruby/hash:ActiveSupport::HashWithIndifferentAccess\nanschaffungskategorie: AV-Technik\n','2011-09-09 19:30:50','2011-09-09 19:30:50'),(204,'hpabh8q3v41p3kcx7inj492','bb:11:d7:8f:f8:43-b8:6f:79:02:36:72-66:79:ce:84:6d:62',210,108,190,9,NULL,NULL,'2007-07-25',NULL,NULL,NULL,799.00,0,0,1,0,3,1,NULL,NULL,NULL,NULL,NULL,'--- !ruby/hash:ActiveSupport::HashWithIndifferentAccess\nanschaffungskategorie: AV-Technik\n','2011-09-09 19:30:50','2011-09-09 19:30:50'),(205,'gcbm1ef5pq3ucyws3fr5493','a8:fe:f0:78:b9:28-2b:1b:ca:f8:b2:40-36:5b:72:e4:9e:7c',214,109,191,2,NULL,NULL,'2007-09-10',NULL,NULL,NULL,290.00,0,0,1,0,3,1,NULL,NULL,NULL,NULL,NULL,'--- !ruby/hash:ActiveSupport::HashWithIndifferentAccess\nanschaffungskategorie: AV-Technik\n','2011-09-09 19:30:50','2011-09-09 19:30:50'),(206,'yez9q768zjbhdg5mvpnf494','09:c6:3a:c9:05:d6-1f:96:5d:19:15:44-02:b3:46:28:17:55',214,110,192,10,NULL,NULL,'2010-01-14',NULL,NULL,NULL,204.00,0,0,1,0,3,1,NULL,NULL,NULL,NULL,NULL,'--- !ruby/hash:ActiveSupport::HashWithIndifferentAccess\nanschaffungskategorie: AV-Technik\n','2011-09-09 19:30:50','2011-09-09 19:30:50'),(207,'1ceama58q694xwz6dfk3495','c8:85:7d:0c:2b:a5-5f:24:b5:d0:db:45-0c:fc:2a:de:bf:8a',214,111,193,6,NULL,NULL,'2006-01-01',NULL,NULL,NULL,1075.00,0,0,1,0,3,1,NULL,NULL,NULL,NULL,NULL,'--- !ruby/hash:ActiveSupport::HashWithIndifferentAccess\nanschaffungskategorie: AV-Technik\n','2011-09-09 19:30:50','2011-09-09 19:30:50'),(208,'gloz0k0vasqdml39fgyn496','37:08:7e:30:7d:94-98:fa:0e:10:33:9e-f1:e5:20:29:cc:a9',218,112,194,10,NULL,NULL,'2010-05-01',NULL,NULL,NULL,1080.00,0,0,1,0,3,1,NULL,NULL,NULL,NULL,NULL,'--- !ruby/hash:ActiveSupport::HashWithIndifferentAccess\nanschaffungskategorie: AV-Technik\n','2011-09-09 19:30:50','2011-09-09 19:30:50'),(209,'79w90lak93ao26rna1zs497','3c:81:f4:fa:8d:2c-62:b9:ba:37:9c:60-f3:98:4b:eb:f9:36',218,113,195,1,NULL,NULL,'2010-08-24',NULL,NULL,NULL,380.00,0,0,1,0,3,1,NULL,NULL,NULL,NULL,NULL,'--- !ruby/hash:ActiveSupport::HashWithIndifferentAccess\nanschaffungskategorie: AV-Technik\n','2011-09-09 19:30:50','2011-09-09 19:30:50'),(210,'bixndyueip7394zsleoy498','24:e2:53:94:d1:d5-c3:1d:eb:bc:42:68-7d:ec:33:eb:3f:d0',218,114,196,9,NULL,NULL,'2008-07-07',NULL,NULL,NULL,1205.00,0,0,1,0,3,1,NULL,NULL,NULL,NULL,NULL,'--- !ruby/hash:ActiveSupport::HashWithIndifferentAccess\nanschaffungskategorie: AV-Technik\n','2011-09-09 19:30:50','2011-09-09 19:30:50'),(211,'2bms1kpq3yc4zbrwurps499','56:47:4b:19:ee:01-ce:d0:ca:6e:d1:9b-f2:1c:cd:29:a3:9c',222,115,197,10,NULL,NULL,'2009-02-23',NULL,NULL,NULL,682.00,0,0,1,0,3,1,NULL,NULL,NULL,NULL,NULL,'--- !ruby/hash:ActiveSupport::HashWithIndifferentAccess\nanschaffungskategorie: AV-Technik\n','2011-09-09 19:30:50','2011-09-09 19:30:50'),(212,'q4q91rfssvg8fmyzmg7m500','2c:05:b0:05:65:c4-84:aa:1e:fc:d0:ab-e7:d1:d3:9c:e4:be',222,116,198,12,NULL,NULL,'2007-06-28',NULL,NULL,NULL,95.00,0,0,1,0,3,1,NULL,NULL,NULL,NULL,NULL,'--- !ruby/hash:ActiveSupport::HashWithIndifferentAccess\nanschaffungskategorie: AV-Technik\n','2011-09-09 19:30:50','2011-09-09 19:30:50'),(213,'xjawrylvryum2gqebp4c501','cb:4b:81:27:b7:71-5e:78:82:ed:a8:dd-19:e2:c0:67:67:87',222,117,199,8,NULL,NULL,'2006-09-29',NULL,NULL,NULL,430.00,0,0,1,0,3,1,NULL,NULL,NULL,NULL,NULL,'--- !ruby/hash:ActiveSupport::HashWithIndifferentAccess\nanschaffungskategorie: AV-Technik\n','2011-09-09 19:30:50','2011-09-09 19:30:50'),(214,'turpto2z6457kmwtpmyl502','fe:1c:36:8e:ab:1f-70:cc:bf:0c:c4:48-86:a5:11:7c:55:5b',226,118,200,7,NULL,NULL,'2009-05-04',NULL,NULL,NULL,1258.00,0,0,1,0,1,1,NULL,NULL,NULL,NULL,NULL,'--- !ruby/hash:ActiveSupport::HashWithIndifferentAccess\nanschaffungskategorie: AV-Technik\n','2011-09-09 19:30:50','2011-09-09 19:30:50'),(215,'94p3g3vvfr2vi900lfpr503','70:7c:a8:6f:ab:19-e9:17:b9:f0:b4:db-2b:9d:ca:fa:cb:a5',226,119,201,7,NULL,NULL,'2008-07-14',NULL,NULL,NULL,613.00,0,0,1,0,1,1,NULL,NULL,NULL,NULL,NULL,'--- !ruby/hash:ActiveSupport::HashWithIndifferentAccess\nanschaffungskategorie: AV-Technik\n','2011-09-09 19:30:50','2011-09-09 19:30:50'),(216,'b5ohqsaicnq9fbssuipy504','e6:16:e5:a9:e5:49-0a:bb:37:bc:12:9b-3a:ad:ff:b6:8d:28',226,120,202,7,NULL,NULL,'2006-02-11',NULL,NULL,NULL,1242.00,0,0,1,0,1,1,NULL,NULL,NULL,NULL,NULL,'--- !ruby/hash:ActiveSupport::HashWithIndifferentAccess\nanschaffungskategorie: AV-Technik\n','2011-09-09 19:30:50','2011-09-09 19:30:50'),(217,'2lq9km298mcgnq927rhy505','33:e8:96:d4:c3:a3-a4:44:0f:b5:f3:7b-60:f0:1a:09:ec:f3',230,121,203,6,NULL,NULL,'2006-12-28',NULL,NULL,NULL,751.00,0,0,1,0,1,1,NULL,NULL,NULL,NULL,NULL,'--- !ruby/hash:ActiveSupport::HashWithIndifferentAccess\nanschaffungskategorie: AV-Technik\n','2011-09-09 19:30:50','2011-09-09 19:30:50'),(218,'qs4gdycjpmfmnmot0m3t506','fc:ab:06:79:04:a6-fa:be:24:32:9c:11-64:28:e1:a3:27:ad',230,122,204,10,NULL,NULL,'2006-12-17',NULL,NULL,NULL,1305.00,0,0,1,0,1,1,NULL,NULL,NULL,NULL,NULL,'--- !ruby/hash:ActiveSupport::HashWithIndifferentAccess\nanschaffungskategorie: AV-Technik\n','2011-09-09 19:30:50','2011-09-09 19:30:50'),(219,'yeuftj93nmssft980cab507','d0:dd:1a:4f:0f:48-5e:fd:8a:58:8e:50-b4:dc:2a:e8:7b:8b',230,123,205,12,NULL,NULL,'2008-04-16',NULL,NULL,NULL,345.00,0,0,1,0,1,1,NULL,NULL,NULL,NULL,NULL,'--- !ruby/hash:ActiveSupport::HashWithIndifferentAccess\nanschaffungskategorie: AV-Technik\n','2011-09-09 19:30:50','2011-09-09 19:30:50'),(220,'2k7pgn6mu94lntfq3ica508','eb:57:0c:df:80:9f-91:e6:78:3f:d0:a6-a5:17:c1:4b:0a:f0',234,124,206,7,NULL,NULL,'2009-10-28',NULL,NULL,NULL,474.00,0,0,1,0,1,1,NULL,NULL,NULL,NULL,NULL,'--- !ruby/hash:ActiveSupport::HashWithIndifferentAccess\nanschaffungskategorie: AV-Technik\n','2011-09-09 19:30:50','2011-09-09 19:30:50'),(221,'9senu1wr1lxnbpw9tae0509','be:88:c4:ac:c1:52-42:8e:71:bc:75:c4-0c:c5:5f:48:45:16',234,125,207,10,NULL,NULL,'2007-07-14',NULL,NULL,NULL,680.00,0,0,1,0,1,1,NULL,NULL,NULL,NULL,NULL,'--- !ruby/hash:ActiveSupport::HashWithIndifferentAccess\nanschaffungskategorie: AV-Technik\n','2011-09-09 19:30:50','2011-09-09 19:30:50'),(222,'t5w49f56v07w4pedicde510','9e:7d:b2:5c:82:60-7f:a7:39:9e:59:35-a0:22:90:fd:51:71',234,126,208,11,NULL,NULL,'2009-12-28',NULL,NULL,NULL,2.00,0,0,1,0,1,1,NULL,NULL,NULL,NULL,NULL,'--- !ruby/hash:ActiveSupport::HashWithIndifferentAccess\nanschaffungskategorie: AV-Technik\n','2011-09-09 19:30:50','2011-09-09 19:30:50'),(223,'e6fg1ucaq0wacjfelnkk511','22:46:0b:25:85:63-cf:cb:24:98:87:66-e1:e8:ee:17:46:85',238,127,209,1,NULL,NULL,'2006-02-25',NULL,NULL,NULL,1197.00,0,0,1,0,1,1,NULL,NULL,NULL,NULL,NULL,'--- !ruby/hash:ActiveSupport::HashWithIndifferentAccess\nanschaffungskategorie: AV-Technik\n','2011-09-09 19:30:50','2011-09-09 19:30:50'),(224,'zt1u3tr3qkve1mdamixl512','3a:eb:1e:73:20:9b-3c:11:3a:f5:66:7d-74:6b:2c:0a:5c:c5',238,128,210,4,NULL,NULL,'2007-03-05',NULL,NULL,NULL,927.00,0,0,1,0,1,1,NULL,NULL,NULL,NULL,NULL,'--- !ruby/hash:ActiveSupport::HashWithIndifferentAccess\nanschaffungskategorie: AV-Technik\n','2011-09-09 19:30:50','2011-09-09 19:30:50'),(225,'sgdawxi9s9vube45p9t8513','bf:b3:43:6d:d0:10-58:0a:80:fc:ca:b5-ba:ec:cc:10:9d:88',238,129,211,8,NULL,NULL,'2008-01-12',NULL,NULL,NULL,1477.00,0,0,1,0,1,1,NULL,NULL,NULL,NULL,NULL,'--- !ruby/hash:ActiveSupport::HashWithIndifferentAccess\nanschaffungskategorie: AV-Technik\n','2011-09-09 19:30:50','2011-09-09 19:30:50'),(226,'ld2aww409uar2kz0p58f514','b8:a3:e8:c8:81:9e-13:d0:1e:6b:c8:af-d6:98:96:ea:2e:ac',242,130,212,1,NULL,NULL,'2008-04-29',NULL,NULL,NULL,1197.00,0,0,1,0,1,1,NULL,NULL,NULL,NULL,NULL,'--- !ruby/hash:ActiveSupport::HashWithIndifferentAccess\nanschaffungskategorie: AV-Technik\n','2011-09-09 19:30:50','2011-09-09 19:30:50'),(227,'kgnrgwgu7ivoq851p8yd515','1b:d8:15:33:27:7c-91:ae:a0:21:2a:43-59:d3:20:66:33:db',243,NULL,NULL,1,NULL,NULL,NULL,NULL,NULL,NULL,NULL,0,0,0,0,2,0,NULL,NULL,NULL,NULL,NULL,'--- !ruby/hash:ActiveSupport::HashWithIndifferentAccess\noperating_system:\n- windows\nlicense_type: site_license\nquantity: 36\n','2011-09-09 19:30:50','2011-09-09 19:30:50'),(228,'erv5llmiacotkl3szzea516','68:9e:64:78:80:76-8b:07:d3:ea:55:33-b6:c1:8f:de:e7:4e',244,131,213,2,NULL,NULL,'2008-06-10',NULL,NULL,NULL,137.00,0,0,1,0,1,1,NULL,NULL,NULL,NULL,NULL,'--- !ruby/hash:ActiveSupport::HashWithIndifferentAccess\nanschaffungskategorie: AV-Technik\n','2011-09-09 19:30:50','2011-09-09 19:30:50'),(229,'h5gssnq0mkdasqbe31ba517','d8:68:a4:ab:be:e8-2b:8e:35:9b:f4:8f-cd:a2:c3:c5:13:94',244,132,214,10,NULL,NULL,'2007-07-31',NULL,NULL,NULL,728.00,0,0,1,0,1,1,NULL,NULL,NULL,NULL,NULL,'--- !ruby/hash:ActiveSupport::HashWithIndifferentAccess\nanschaffungskategorie: AV-Technik\n','2011-09-09 19:30:50','2011-09-09 19:30:50'),(230,'f6x09609nwpd319i8g0i518','82:fd:1c:06:90:04-cc:f7:f4:20:ac:df-13:c2:e8:8b:6f:57',244,133,215,11,NULL,NULL,'2009-02-21',NULL,NULL,NULL,139.00,0,0,1,0,1,1,NULL,NULL,NULL,NULL,NULL,'--- !ruby/hash:ActiveSupport::HashWithIndifferentAccess\nanschaffungskategorie: AV-Technik\n','2011-09-09 19:30:50','2011-09-09 19:30:50'),(231,'en7a0k0w2orei8tgc0xx519','bb:49:27:62:52:31-74:0d:f4:07:2e:b5-b9:22:89:30:62:cd',248,134,216,9,NULL,NULL,'2006-10-09',NULL,NULL,NULL,644.00,0,0,1,0,1,1,NULL,NULL,NULL,NULL,NULL,'--- !ruby/hash:ActiveSupport::HashWithIndifferentAccess\nanschaffungskategorie: AV-Technik\n','2011-09-08 19:47:36','2011-09-08 19:47:36'),(232,'d3ed57p7pmt6c10i9tm5520','13:29:d5:2a:43:b6-9a:c6:bd:b0:e7:12-59:74:c8:fd:d1:af',249,135,217,8,NULL,NULL,'2007-07-20',NULL,NULL,NULL,26.00,0,0,1,0,1,1,NULL,NULL,NULL,NULL,NULL,'--- !ruby/hash:ActiveSupport::HashWithIndifferentAccess\nanschaffungskategorie: AV-Technik\n','2011-09-08 19:47:36','2011-09-08 19:47:36'),(233,'xarew81v3kvzvb4d8cw6521','94:89:e7:e8:e5:ed-05:60:f7:e7:51:0c-49:61:0a:c6:4c:30',250,136,218,10,NULL,NULL,'2008-10-19',NULL,NULL,NULL,578.00,0,0,1,0,1,1,NULL,NULL,NULL,NULL,NULL,'--- !ruby/hash:ActiveSupport::HashWithIndifferentAccess\nanschaffungskategorie: AV-Technik\n','2011-09-08 19:47:36','2011-09-08 19:47:36'),(234,'uiaqm72ipsovij7o1znw522','0a:02:dc:af:19:d2-ed:a1:3b:2f:97:57-b8:3f:57:8c:02:7f',251,137,219,1,NULL,NULL,'2006-04-27',NULL,NULL,NULL,591.00,0,0,1,0,1,1,NULL,NULL,NULL,NULL,NULL,'--- !ruby/hash:ActiveSupport::HashWithIndifferentAccess\nanschaffungskategorie: AV-Technik\n','2011-09-08 19:47:37','2011-09-08 19:47:37'),(235,'p92dqf5v0r2zwq28yboe523','af:5f:d8:9a:1b:88-b8:91:33:8c:b1:aa-20:af:fe:48:2f:dd',251,138,220,11,NULL,NULL,'2009-12-14',NULL,NULL,NULL,755.00,0,0,1,0,1,1,NULL,NULL,NULL,NULL,NULL,'--- !ruby/hash:ActiveSupport::HashWithIndifferentAccess\nanschaffungskategorie: AV-Technik\n','2011-09-08 19:47:37','2011-09-08 19:47:37'),(236,'kiohv2ht9ig4s3had1r7524','86:00:62:35:d5:74-c6:0a:aa:c7:45:97-c9:26:8c:d5:f6:ff',251,139,221,1,NULL,NULL,'2008-12-28',NULL,NULL,NULL,762.00,0,0,1,0,1,1,NULL,NULL,NULL,NULL,NULL,'--- !ruby/hash:ActiveSupport::HashWithIndifferentAccess\nanschaffungskategorie: AV-Technik\n','2011-09-08 19:47:37','2011-09-08 19:47:37'),(237,'ivfkytdkk8v9hq9k3wfo525','2b:95:88:e9:b4:3b-d7:0f:d6:bc:b3:6e-5f:96:18:39:f2:83',255,140,222,11,NULL,NULL,'2006-03-24',NULL,NULL,NULL,897.00,0,0,1,0,1,1,NULL,NULL,NULL,NULL,NULL,'--- !ruby/hash:ActiveSupport::HashWithIndifferentAccess\nanschaffungskategorie: AV-Technik\n','2011-09-08 19:47:37','2011-09-08 19:47:37'),(238,'t486mf31ls2ifheh72fi526','c5:e0:29:43:6f:89-84:cb:83:ba:15:0f-70:06:72:b8:ae:4f',256,141,223,9,NULL,NULL,'2006-02-02',NULL,NULL,NULL,950.00,0,0,1,0,1,1,NULL,NULL,NULL,NULL,NULL,'--- !ruby/hash:ActiveSupport::HashWithIndifferentAccess\nanschaffungskategorie: AV-Technik\n','2011-09-08 19:47:37','2011-09-08 19:47:37'),(239,'gbvd3r8kyn6tr26leadv527','b1:f5:68:04:aa:2c-6f:5d:b6:f3:95:13-ba:fe:97:14:ba:70',257,142,224,4,NULL,NULL,'2008-03-02',NULL,NULL,NULL,916.00,0,0,1,0,1,1,NULL,NULL,NULL,NULL,NULL,'--- !ruby/hash:ActiveSupport::HashWithIndifferentAccess\nanschaffungskategorie: AV-Technik\n','2011-09-08 19:47:37','2011-09-08 19:47:37'),(240,'t5j52nb5j35ljy3ojmcf528','0b:75:ea:7a:35:93-11:05:04:53:01:ab-4b:7c:29:70:31:a5',258,143,225,12,NULL,NULL,'2008-12-02',NULL,NULL,NULL,609.00,0,0,1,0,1,1,NULL,NULL,NULL,NULL,NULL,'--- !ruby/hash:ActiveSupport::HashWithIndifferentAccess\nanschaffungskategorie: AV-Technik\n','2011-09-08 19:47:37','2011-09-08 19:47:37'),(241,'b2wx5lofhhrgkrnagmeo529','7f:bd:84:ea:9e:bc-4f:3e:db:df:ca:b5-7f:a5:9d:1b:d0:04',259,144,226,10,NULL,NULL,'2008-02-10',NULL,NULL,NULL,702.00,0,0,1,0,1,1,NULL,NULL,NULL,NULL,NULL,'--- !ruby/hash:ActiveSupport::HashWithIndifferentAccess\nanschaffungskategorie: AV-Technik\n','2011-09-08 19:47:37','2011-09-08 19:47:37'),(242,'9fmsbyskyo95h1adwhox530','88:ef:12:e9:ba:4c-b6:d0:b9:10:01:10-41:9f:9f:aa:68:4a',260,145,227,9,NULL,NULL,'2008-04-29',NULL,NULL,NULL,1348.00,0,0,1,0,1,1,NULL,NULL,NULL,NULL,NULL,'--- !ruby/hash:ActiveSupport::HashWithIndifferentAccess\nanschaffungskategorie: AV-Technik\n','2011-09-08 19:47:37','2011-09-08 19:47:37'),(243,'dg8o2tyco5pp8ie74r8k531','4b:b9:ce:2d:85:42-d9:83:46:90:b9:96-2f:9f:94:c5:8b:63',260,146,228,9,NULL,NULL,'2006-08-09',NULL,NULL,NULL,882.00,0,0,1,0,1,1,NULL,NULL,NULL,NULL,NULL,'--- !ruby/hash:ActiveSupport::HashWithIndifferentAccess\nanschaffungskategorie: AV-Technik\n','2011-09-08 19:47:37','2011-09-08 19:47:37'),(244,'enbexe2gqstibv2ae09m532','37:52:d7:ee:11:14-88:ae:8b:1a:70:4c-f6:df:73:e8:c2:53',260,147,229,12,NULL,NULL,'2009-08-07',NULL,NULL,NULL,452.00,0,0,1,0,1,1,NULL,NULL,NULL,NULL,NULL,'--- !ruby/hash:ActiveSupport::HashWithIndifferentAccess\nanschaffungskategorie: AV-Technik\n','2011-09-08 19:47:37','2011-09-08 19:47:37'),(245,'ptozxqf5gwrupql94921533','51:37:15:01:c6:8a-a9:7e:69:26:bc:f5-47:7f:32:6a:40:72',264,148,230,7,NULL,NULL,'2010-11-20',NULL,NULL,NULL,112.00,0,0,1,0,1,1,NULL,NULL,NULL,NULL,NULL,'--- !ruby/hash:ActiveSupport::HashWithIndifferentAccess\nanschaffungskategorie: AV-Technik\n','2011-09-08 19:47:37','2011-09-08 19:47:37'),(246,'5iils66pvair2rh8qv2k534','a0:52:0c:86:ef:1a-e4:ca:fe:c7:04:a2-8e:5f:0e:fb:09:f5',265,149,231,12,NULL,NULL,'2010-04-15',NULL,NULL,NULL,124.00,0,0,1,0,1,1,NULL,NULL,NULL,NULL,NULL,'--- !ruby/hash:ActiveSupport::HashWithIndifferentAccess\nanschaffungskategorie: AV-Technik\n','2011-09-08 19:47:37','2011-09-08 19:47:37'),(247,'pc4bjhb7qlnly9t0h2if535','7d:67:a6:e1:4b:b7-1c:b6:e2:80:6f:7d-cb:7c:b0:cc:a3:4a',266,150,232,10,NULL,NULL,'2006-03-21',NULL,NULL,NULL,425.00,0,0,1,0,1,1,NULL,NULL,NULL,NULL,NULL,'--- !ruby/hash:ActiveSupport::HashWithIndifferentAccess\nanschaffungskategorie: AV-Technik\n','2011-09-08 19:47:37','2011-09-08 19:47:37'),(248,'nrnnwudgqbfujngo6u7c536','de:4c:67:3e:3f:80-c1:cb:7b:02:68:b5-d9:46:01:b9:93:d3',267,151,233,11,NULL,NULL,'2006-07-26',NULL,NULL,NULL,1031.00,0,0,1,0,1,1,NULL,NULL,NULL,NULL,NULL,'--- !ruby/hash:ActiveSupport::HashWithIndifferentAccess\nanschaffungskategorie: AV-Technik\n','2011-09-08 19:47:37','2011-09-08 19:47:37'),(249,'w4zu44jjysu9eepcobh8537','ce:50:ef:15:16:d4-5d:41:09:33:3c:3e-6a:da:43:77:f2:4a',268,152,234,4,NULL,NULL,'2009-06-15',NULL,NULL,NULL,871.00,0,0,1,0,1,1,NULL,NULL,NULL,NULL,NULL,'--- !ruby/hash:ActiveSupport::HashWithIndifferentAccess\nanschaffungskategorie: AV-Technik\n','2011-09-08 19:47:37','2011-09-08 19:47:37'),(250,'r4fb403ldrpicven3qob538','b4:be:b2:38:8f:d3-a9:3f:a2:0b:27:25-ae:f5:63:e8:7d:45',268,153,235,4,NULL,NULL,'2009-11-01',NULL,NULL,NULL,1368.00,0,0,1,0,1,1,NULL,NULL,NULL,NULL,NULL,'--- !ruby/hash:ActiveSupport::HashWithIndifferentAccess\nanschaffungskategorie: AV-Technik\n','2011-09-08 19:47:37','2011-09-08 19:47:37'),(251,'6ygocwo8j9cpqf4s61ce539','4a:6a:00:ed:fa:d5-8e:f3:df:29:ea:45-ee:22:fe:e4:5b:47',268,154,236,5,NULL,NULL,'2006-12-29',NULL,NULL,NULL,704.00,0,0,1,0,1,1,NULL,NULL,NULL,NULL,NULL,'--- !ruby/hash:ActiveSupport::HashWithIndifferentAccess\nanschaffungskategorie: AV-Technik\n','2011-09-08 19:47:37','2011-09-08 19:47:37'),(252,'q0zr7w8f0v0otd4jzblk540','49:49:68:c7:fc:a9-a1:ef:9a:4e:14:4d-27:12:4e:60:8c:89',272,155,237,11,NULL,NULL,'2009-08-05',NULL,NULL,NULL,1155.00,0,0,1,0,1,1,NULL,NULL,NULL,NULL,NULL,'--- !ruby/hash:ActiveSupport::HashWithIndifferentAccess\nanschaffungskategorie: AV-Technik\n','2011-09-09 02:01:13','2011-09-09 02:01:13'),(253,'zqpqzymzukffw55kz2iz541','5e:76:f2:49:c0:7a-95:0b:83:06:3b:c9-6e:9c:af:3a:49:24',273,156,238,9,NULL,NULL,'2007-10-09',NULL,NULL,NULL,1142.00,0,0,1,0,1,1,NULL,NULL,NULL,NULL,NULL,'--- !ruby/hash:ActiveSupport::HashWithIndifferentAccess\nanschaffungskategorie: AV-Technik\n','2011-09-09 02:01:13','2011-09-09 02:01:13'),(254,'0pw5m0l2ud7l90b0ybix542','2c:3f:17:c8:a6:3d-ae:65:47:43:55:59-fa:e7:1e:0f:35:d7',274,157,239,7,NULL,NULL,'2006-07-13',NULL,NULL,NULL,501.00,0,0,1,0,1,1,NULL,NULL,NULL,NULL,NULL,'--- !ruby/hash:ActiveSupport::HashWithIndifferentAccess\nanschaffungskategorie: AV-Technik\n','2011-09-09 02:01:13','2011-09-09 02:01:13'),(255,'9ats74m01xvfo61qfedl543','6c:11:66:24:f2:e6-a3:fa:97:86:df:03-cb:26:b1:1a:94:78',275,158,240,6,NULL,NULL,'2010-05-30',NULL,NULL,NULL,1325.00,0,0,1,0,1,1,NULL,NULL,NULL,NULL,NULL,'--- !ruby/hash:ActiveSupport::HashWithIndifferentAccess\nanschaffungskategorie: AV-Technik\n','2011-09-04 01:41:07','2011-09-04 01:41:07'),(256,'jwpd8ka4fqpduvfcabln544','0e:94:a0:37:a4:fc-c2:f8:c5:bc:66:c3-36:0c:1e:fa:a0:26',276,159,241,11,NULL,NULL,'2009-01-05',NULL,NULL,NULL,1163.00,0,0,1,0,1,1,NULL,NULL,NULL,NULL,NULL,'--- !ruby/hash:ActiveSupport::HashWithIndifferentAccess\nanschaffungskategorie: AV-Technik\n','2011-09-04 01:41:07','2011-09-04 01:41:07'),(257,'bbfe5xfkn7d2ferazfcz545','8d:55:81:2f:0a:c0-50:ad:ca:4a:36:34-8d:36:e2:07:0e:6c',277,160,242,2,NULL,NULL,'2007-10-23',NULL,NULL,NULL,1208.00,0,0,1,0,1,1,NULL,NULL,NULL,NULL,NULL,'--- !ruby/hash:ActiveSupport::HashWithIndifferentAccess\nanschaffungskategorie: AV-Technik\n','2011-09-04 01:41:07','2011-09-04 01:41:07'),(258,'8khdcldv98xdgfccf18y546','6f:ab:af:26:ef:03-03:20:d7:4e:16:d8-f7:fc:0a:c3:fa:a3',278,161,243,7,NULL,NULL,'2009-11-26',NULL,NULL,NULL,65.00,0,0,1,0,1,1,NULL,NULL,NULL,NULL,NULL,'--- !ruby/hash:ActiveSupport::HashWithIndifferentAccess\nanschaffungskategorie: AV-Technik\n','2011-09-04 01:41:07','2011-09-04 01:41:07'),(259,'31t3fqxvwcmgk9lo5smb547','9d:f1:45:0a:13:79-c3:51:59:eb:87:31-90:5c:67:30:4f:86',279,162,244,4,NULL,NULL,'2010-03-31',NULL,NULL,NULL,427.00,0,0,1,0,1,1,NULL,NULL,NULL,NULL,NULL,'--- !ruby/hash:ActiveSupport::HashWithIndifferentAccess\nanschaffungskategorie: AV-Technik\n','2011-09-04 01:41:07','2011-09-04 01:41:07'),(260,'667km2yvn8q5vnc17ell548','2d:81:0c:b8:f8:f0-8c:4b:9c:97:41:7e-6f:09:9b:f7:9d:30',280,163,245,10,NULL,NULL,'2010-07-22',NULL,NULL,NULL,558.00,0,0,1,0,1,1,NULL,NULL,NULL,NULL,NULL,'--- !ruby/hash:ActiveSupport::HashWithIndifferentAccess\nanschaffungskategorie: AV-Technik\n','2011-09-04 01:41:07','2011-09-04 01:41:07'),(261,'p289dfsejzy81nb8d209549','73:a6:b1:7e:4c:bd-e0:98:c5:6e:ff:e9-2a:68:49:e3:32:e4',280,164,246,6,NULL,NULL,'2007-12-18',NULL,NULL,NULL,1342.00,0,0,1,0,1,1,NULL,NULL,NULL,NULL,NULL,'--- !ruby/hash:ActiveSupport::HashWithIndifferentAccess\nanschaffungskategorie: AV-Technik\n','2011-09-04 01:41:07','2011-09-04 01:41:07'),(262,'j59of71edb3vgbh8cczn550','cc:af:d9:06:a4:72-c9:79:c0:3f:28:5f-ca:b0:28:83:cd:b0',280,165,247,5,NULL,NULL,'2007-01-20',NULL,NULL,NULL,1442.00,0,0,1,0,1,1,NULL,NULL,NULL,NULL,NULL,'--- !ruby/hash:ActiveSupport::HashWithIndifferentAccess\nanschaffungskategorie: AV-Technik\n','2011-09-04 01:41:07','2011-09-04 01:41:07'),(263,'2yljbz9mvqobixcx28v1551','0a:06:f7:e0:14:f6-13:e6:93:91:f0:1d-21:80:15:34:e7:2a',284,166,248,5,NULL,NULL,'2010-03-09',NULL,NULL,NULL,760.00,0,0,1,0,1,1,NULL,NULL,NULL,NULL,NULL,'--- !ruby/hash:ActiveSupport::HashWithIndifferentAccess\nanschaffungskategorie: AV-Technik\n','2011-09-09 19:30:50','2011-09-09 19:30:50'),(264,'0z2qgfu0qlxzsp0rru4r552','60:41:49:de:23:95-90:f6:a9:e9:1c:13-4d:d0:4e:d6:03:5e',285,167,249,6,NULL,NULL,'2006-03-17',NULL,NULL,NULL,1490.00,0,0,1,0,1,1,NULL,NULL,NULL,NULL,NULL,'--- !ruby/hash:ActiveSupport::HashWithIndifferentAccess\nanschaffungskategorie: AV-Technik\n','2011-09-09 19:30:50','2011-09-09 19:30:50'),(265,'li63rwhoptpt2xmco26l553','61:1f:8e:e8:5d:75-3f:4e:96:1d:f6:ed-ea:8f:ce:6e:27:1f',286,168,250,3,NULL,NULL,'2009-04-25',NULL,NULL,NULL,91.00,0,0,1,0,1,1,NULL,NULL,NULL,NULL,NULL,'--- !ruby/hash:ActiveSupport::HashWithIndifferentAccess\nanschaffungskategorie: AV-Technik\n','2011-09-09 19:30:50','2011-09-09 19:30:50'),(266,'y5h8nybaa1mbwkjma8uv554','a3:03:57:20:24:9a-8f:93:81:6d:19:81-36:95:1d:fa:92:7a',287,169,251,11,NULL,NULL,'2008-04-03',NULL,NULL,NULL,1128.00,0,0,1,0,1,1,NULL,NULL,NULL,NULL,NULL,'--- !ruby/hash:ActiveSupport::HashWithIndifferentAccess\nanschaffungskategorie: AV-Technik\n','2011-09-09 19:30:50','2011-09-09 19:30:50'),(267,'jblxc7oixodmoh9vha89555','49:63:a1:86:bd:aa-af:a7:86:5e:3b:cc-85:9d:1e:00:9f:c5',288,170,252,8,NULL,NULL,'2008-07-21',NULL,NULL,NULL,1200.00,0,0,1,0,1,1,NULL,NULL,NULL,NULL,NULL,'--- !ruby/hash:ActiveSupport::HashWithIndifferentAccess\nanschaffungskategorie: AV-Technik\n','2011-09-09 19:30:50','2011-09-09 19:30:50'),(268,'pigt3iybdxcbp8wajia8556','62:3e:8b:1a:13:ee-bd:98:c5:b8:c2:25-8c:33:cb:46:23:28',289,171,253,5,NULL,NULL,'2006-12-15',NULL,NULL,NULL,1002.00,0,0,1,0,1,1,NULL,NULL,NULL,NULL,NULL,'--- !ruby/hash:ActiveSupport::HashWithIndifferentAccess\nanschaffungskategorie: AV-Technik\n','2011-09-09 19:30:50','2011-09-09 19:30:50'),(269,'z7rs28w6gmxp7v3bmtue557','b3:67:7c:03:0d:7e-57:d6:98:ae:53:55-7e:d7:c0:29:21:70',289,172,254,3,NULL,NULL,'2006-06-30',NULL,NULL,NULL,1438.00,0,0,1,0,1,1,NULL,NULL,NULL,NULL,NULL,'--- !ruby/hash:ActiveSupport::HashWithIndifferentAccess\nanschaffungskategorie: AV-Technik\n','2011-09-09 19:30:50','2011-09-09 19:30:50'),(270,'k9zex8ecjkf5sdj3rtc5558','b2:a9:46:80:7c:a6-91:c9:5e:0e:d3:34-e1:c4:f3:93:86:07',289,173,255,6,NULL,NULL,'2009-02-26',NULL,NULL,NULL,1185.00,0,0,1,0,1,1,NULL,NULL,NULL,NULL,NULL,'--- !ruby/hash:ActiveSupport::HashWithIndifferentAccess\nanschaffungskategorie: AV-Technik\n','2011-09-09 19:30:50','2011-09-09 19:30:50'),(271,'o76oe0bduegplq80bhva559','07:63:07:7f:4b:25-6c:17:25:d8:78:b1-57:c7:29:9d:98:66',293,174,256,5,NULL,NULL,'2006-06-08',NULL,NULL,NULL,202.00,0,0,1,0,1,1,NULL,NULL,NULL,NULL,NULL,'--- !ruby/hash:ActiveSupport::HashWithIndifferentAccess\nanschaffungskategorie: AV-Technik\n','2011-09-09 19:30:50','2011-09-09 19:30:50'),(272,'4eztqp3m1cp1twygine0560','de:64:53:ac:f0:6e-dc:eb:18:fe:15:41-04:04:1c:f9:b4:91',294,175,257,3,NULL,NULL,'2010-05-13',NULL,NULL,NULL,1197.00,0,0,1,0,1,1,NULL,NULL,NULL,NULL,NULL,'--- !ruby/hash:ActiveSupport::HashWithIndifferentAccess\nanschaffungskategorie: AV-Technik\n','2011-09-09 19:30:50','2011-09-09 19:30:50'),(273,'hbhd0a72574t1km69mb1561','4c:ef:6d:46:a7:c0-f6:8f:7f:94:e1:cd-b7:94:e3:b1:1a:60',295,176,258,3,NULL,NULL,'2009-11-24',NULL,NULL,NULL,1035.00,0,0,1,0,1,1,NULL,NULL,NULL,NULL,NULL,'--- !ruby/hash:ActiveSupport::HashWithIndifferentAccess\nanschaffungskategorie: AV-Technik\n','2011-09-09 19:30:50','2011-09-09 19:30:50'),(274,'gv3vvmiocvzhe43xj6ig562','02:8d:4a:e6:95:09-6b:bc:e0:1b:a2:ec-59:fd:0a:37:10:cc',296,177,259,6,NULL,NULL,'2008-05-14',NULL,NULL,NULL,297.00,0,0,1,0,1,1,NULL,NULL,NULL,NULL,NULL,'--- !ruby/hash:ActiveSupport::HashWithIndifferentAccess\nanschaffungskategorie: AV-Technik\n','2011-09-09 19:30:50','2011-09-09 19:30:50'),(275,'zedtg56b10jaucbscmyn563','d5:a2:96:51:9d:65-3a:e4:8e:8d:33:4e-26:ca:8c:fc:53:46',297,178,260,10,NULL,NULL,'2007-09-18',NULL,NULL,NULL,14.00,0,0,1,0,1,1,NULL,NULL,NULL,NULL,NULL,'--- !ruby/hash:ActiveSupport::HashWithIndifferentAccess\nanschaffungskategorie: AV-Technik\n','2011-09-09 19:30:50','2011-09-09 19:30:50'),(276,'8lzy61jp3iv2ikhqy1d6564','d8:3b:07:5d:0f:51-b0:cb:5a:6c:e9:5f-57:65:25:31:27:52',298,179,261,11,NULL,NULL,'2007-06-24',NULL,NULL,NULL,1008.00,0,0,1,0,1,1,NULL,NULL,NULL,NULL,NULL,'--- !ruby/hash:ActiveSupport::HashWithIndifferentAccess\nanschaffungskategorie: AV-Technik\n','2011-09-09 19:30:50','2011-09-09 19:30:50'),(277,'8vjw8awc12h5skz5hu5p565','e1:35:bb:49:d4:95-44:d5:5f:ce:ef:da-3c:b3:d6:cd:c0:eb',299,180,262,11,NULL,NULL,'2008-02-14',NULL,NULL,NULL,289.00,0,0,1,0,1,1,NULL,NULL,NULL,NULL,NULL,'--- !ruby/hash:ActiveSupport::HashWithIndifferentAccess\nanschaffungskategorie: AV-Technik\n','2011-09-09 19:30:50','2011-09-09 19:30:50'),(278,'5pj87vc0r3jup0zshkfe566','67:08:41:58:1e:1f-c3:04:95:bc:3d:e1-43:9c:bf:0e:06:6a',300,181,263,7,NULL,NULL,'2010-12-01',NULL,NULL,NULL,157.00,0,0,1,0,1,1,NULL,NULL,NULL,NULL,NULL,'--- !ruby/hash:ActiveSupport::HashWithIndifferentAccess\nanschaffungskategorie: AV-Technik\n','2011-09-09 19:30:50','2011-09-09 19:30:50'),(279,'bb7nkyhl3x7vh9xm5kas567','5a:8f:dd:5b:86:98-3a:fe:dc:fe:9b:0e-38:c9:0e:56:e3:1c',301,182,264,1,NULL,NULL,'2006-05-03',NULL,NULL,NULL,224.00,0,0,1,0,1,1,NULL,NULL,NULL,NULL,NULL,'--- !ruby/hash:ActiveSupport::HashWithIndifferentAccess\nanschaffungskategorie: AV-Technik\n','2011-09-09 19:30:50','2011-09-09 19:30:50'),(280,'5qgsngybmmmuz7rzcaps568','64:f7:fd:c0:49:3f-9c:f7:ef:f7:5f:b5-c8:e4:1e:2e:29:8c',302,183,265,2,NULL,NULL,'2009-01-27',NULL,NULL,NULL,174.00,0,0,1,0,1,1,NULL,NULL,NULL,NULL,NULL,'--- !ruby/hash:ActiveSupport::HashWithIndifferentAccess\nanschaffungskategorie: AV-Technik\n','2011-09-09 19:30:50','2011-09-09 19:30:50'),(281,'7w5dueic2cqmwgjv6hkc569','2d:94:3f:31:84:00-c4:cc:71:fc:ae:a2-3f:9a:6e:55:65:e1',303,184,266,9,NULL,NULL,'2009-06-21',NULL,NULL,NULL,753.00,0,0,1,0,1,1,NULL,NULL,NULL,NULL,NULL,'--- !ruby/hash:ActiveSupport::HashWithIndifferentAccess\nanschaffungskategorie: AV-Technik\n','2011-09-09 19:30:50','2011-09-09 19:30:50'),(282,'r9795yi968bd5kku94d7570','8f:0b:89:9a:67:b5-37:ac:8a:41:c5:0c-3c:6f:1b:0d:34:81',304,185,267,8,NULL,NULL,'2010-07-13',NULL,NULL,NULL,248.00,0,0,1,0,1,1,NULL,NULL,NULL,NULL,NULL,'--- !ruby/hash:ActiveSupport::HashWithIndifferentAccess\nanschaffungskategorie: AV-Technik\n','2011-09-09 19:30:50','2011-09-09 19:30:50');
/*!40000 ALTER TABLE `items` ENABLE KEYS */;
UNLOCK TABLES;

--
-- Table structure for table `languages`
--

DROP TABLE IF EXISTS `languages`;
/*!40101 SET @saved_cs_client     = @@character_set_client */;
/*!40101 SET character_set_client = utf8 */;
CREATE TABLE `languages` (
  `id` int(11) NOT NULL AUTO_INCREMENT,
  `name` varchar(255) COLLATE utf8_unicode_ci DEFAULT NULL,
  `locale_name` varchar(255) COLLATE utf8_unicode_ci DEFAULT NULL,
  `default` tinyint(1) DEFAULT NULL,
  `active` tinyint(1) DEFAULT NULL,
  PRIMARY KEY (`id`),
  UNIQUE KEY `index_languages_on_name` (`name`),
  KEY `index_languages_on_active_and_default` (`active`,`default`)
) ENGINE=InnoDB AUTO_INCREMENT=5 DEFAULT CHARSET=utf8 COLLATE=utf8_unicode_ci;
/*!40101 SET character_set_client = @saved_cs_client */;

--
-- Dumping data for table `languages`
--

LOCK TABLES `languages` WRITE;
/*!40000 ALTER TABLE `languages` DISABLE KEYS */;
INSERT INTO `languages` VALUES (1,'English','en-GB',1,1),(2,'Deutsch','de-CH',0,1),(3,'Castellano','es',0,1),(4,'Zrittsch','gsw-CH',0,1);
/*!40000 ALTER TABLE `languages` ENABLE KEYS */;
UNLOCK TABLES;

--
-- Table structure for table `locations`
--

DROP TABLE IF EXISTS `locations`;
/*!40101 SET @saved_cs_client     = @@character_set_client */;
/*!40101 SET character_set_client = utf8 */;
CREATE TABLE `locations` (
  `id` int(11) NOT NULL AUTO_INCREMENT,
  `room` varchar(255) COLLATE utf8_unicode_ci DEFAULT NULL,
  `shelf` varchar(255) COLLATE utf8_unicode_ci DEFAULT NULL,
  `building_id` int(11) DEFAULT NULL,
  PRIMARY KEY (`id`),
  KEY `index_locations_on_building_id` (`building_id`)
) ENGINE=InnoDB AUTO_INCREMENT=186 DEFAULT CHARSET=utf8 COLLATE=utf8_unicode_ci;
/*!40101 SET character_set_client = @saved_cs_client */;

--
-- Dumping data for table `locations`
--

LOCK TABLES `locations` WRITE;
/*!40000 ALTER TABLE `locations` DISABLE KEYS */;
INSERT INTO `locations` VALUES (1,'Atexpedita','voluptatemautem',3),(2,'Corporisquaerat','voluptatemdoloremque',4),(3,'Quisquammolestias','nondistinctio',5),(4,'Teneturquia','autaut',6),(5,'Alaborum','rerumfugiat',7),(6,'Aliasrepellendus','veniamrepellat',8),(7,'Velitlaudantium','voluptatemdignissimos',9),(8,'Dictaimpedit','doloremplaceat',10),(9,'Etdolorem','perferendisquod',11),(10,'Harumdolore','quamplaceat',12),(11,'Solutavoluptatem','quamconsequatur',13),(12,'Atqueducimus','numquamdeleniti',14),(13,'Consequaturquam','voluptatecupiditate',15),(14,'Enimunde','undeesse',16),(15,'Beataequod','magnamadipisci',17),(16,'Temporareiciendis','doloremmolestias',18),(17,'Quiaest','eoset',19),(18,'Maximeea','corporisdignissimos',20),(19,'Quiillo','odittotam',21),(20,'Consecteturaut','praesentiumblanditiis',22),(21,'Distinctioin','laudantiumfugiat',23),(22,'Doloresin','erroret',24),(23,'Uta','harumvelit',25),(24,'Autquia','aperiamexcepturi',26),(25,'Sedminima','istequidem',27),(26,'Delenitiaut','eumfacere',28),(27,'Fugaplaceat','distinctioquas',29),(28,'Ipsamdeserunt','accusantiumasperiores',30),(29,'Cupiditatequisquam','voluptassimilique',31),(30,'Sapienteid','laudantiumdistinctio',32),(31,'Evenietquaerat','quibusdamnostrum',33),(32,'Ipsumenim','eospossimus',34),(33,'Nihilqui','dolorhic',35),(34,'Earumratione','sitquam',36),(35,'Aliassed','istemodi',37),(36,'Impediteos','modiimpedit',38),(37,'Exaut','nullaipsam',39),(38,'Cumquenecessitatibus','quasofficiis',40),(39,'Quodqui','temporibuset',41),(40,'Suntearum','rerumdolorem',42),(41,'Perferendisratione','architectoaspernatur',43),(42,'Laboriosamvoluptatibus','voluptatuminventore',44),(43,'SQ2','Desk',45),(44,'UG 13','Ausgabe',46),(45,'Eumdolores','ipsanam',47),(46,'Suscipitomnis','euminventore',48),(47,'Aliquammollitia','saepenihil',49),(48,'Doloribusperspiciatis','voluptateoccaecati',50),(49,'Autblanditiis','asperioresfacilis',51),(50,'Etenim','laboriosamest',52),(51,'Iureest','eligendiillo',53),(52,'Autemvoluptates','solutaconsequatur',54),(53,'Eanon','estsit',55),(54,'Blanditiisharum','eanon',56),(55,'Suntsed','quaesequi',57),(56,'Laboriosamtempore','debitisvel',58),(57,'Utdolores','repudiandaevoluptatem',59),(58,'Dolorqui','autempossimus',60),(59,'Oditadipisci','rerumcorporis',61),(60,'Quoest','quiaut',62),(61,'Quisdistinctio','consequunturofficia',63),(62,'Eaquepraesentium','quoesse',64),(63,'Estconsequuntur','atqueconsequuntur',65),(64,'Itaquequisquam','eligendivoluptatibus',66),(65,'Aperiamaliquam','hicea',67),(66,'Etquaerat','fugiatvitae',68),(67,'Quoseum','idut',69),(68,'Doloreofficiis','earumid',70),(69,'Sintet','quoest',71),(70,'Consequaturullam','quosin',72),(71,'Quisconsequatur','doloreab',73),(72,'Voluptatemvoluptatum','nequeducimus',74),(73,'Nihillaborum','autsaepe',75),(74,'Reiciendisnecessitatibus','totamlaborum',76),(75,'Veliterror','magniest',77),(76,'Consequunturest','similiquenemo',78),(77,'Oditconsequatur','quasmolestiae',79),(78,'Voluptatesit','odittempore',80),(79,'Enimofficia','impeditvel',81),(80,'Idofficiis','nesciuntrepellendus',82),(81,'Quiodio','idquam',83),(82,'Doloribuseligendi','harumut',84),(83,'Avoluptas','atex',85),(84,'Natuset','sedquam',86),(85,'Doloremminus','suscipitsit',87),(86,'Utrepudiandae','quiaid',88),(87,'Doloribusaut','utvel',89),(88,'Estsoluta','iureest',90),(89,'Molestiasdistinctio','estet',91),(90,'Quiaaut','temporeest',92),(91,'Eavoluptas','eoset',93),(92,'Suntquasi','occaecaticum',94),(93,'Inciduntfacere','etculpa',95),(94,'Dictarecusandae','accusantiumesse',96),(95,'Quosvero','insequi',97),(96,'Ullamtotam','nonenim',98),(97,'Etatque','voluptatesdolore',99),(98,'Etdolore','sitvelit',100),(99,'Omnislaboriosam','suntaspernatur',101),(100,'Vitaeest','temporaeaque',102),(101,'Estharum','seddeserunt',103),(102,'Officiisqui','eaet',104),(103,'Involuptates','esseitaque',105),(104,'Impeditaperiam','nesciuntquibusdam',106),(105,'Accusamusmolestiae','culpanisi',107),(106,'Placeatquas','corruptiest',108),(107,'Suntaccusantium','voluptatema',109),(108,'Consequaturlabore','voluptatumquod',110),(109,'Laborumdolor','magnamaperiam',111),(110,'Accusamusdolore','veniamperspiciatis',112),(111,'Etid','dolorsit',113),(112,'Numquamiure','commodivelit',114),(113,'Utipsum','officiisomnis',115),(114,'Etfugit','utea',116),(115,'Delectusnemo','culpacupiditate',117),(116,'Consequaturneque','sitofficiis',118),(117,'Enimplaceat','numquamquo',119),(118,'Hicfugit','sintsit',120),(119,'Atquelaboriosam','accusantiumdolor',121),(120,'Velitdelectus','idvoluptatibus',122),(121,'Aliquidvoluptatem','utratione',123),(122,'Dolorerem','dolorquisquam',124),(123,'Adfuga','optiorerum',125),(124,'Officiaquasi','officiarepellendus',126),(125,'Nisiexcepturi','rationequis',127),(126,'Etnihil','teneturcupiditate',128),(127,'Omnisaccusamus','earecusandae',129),(128,'Placeatab','sintvoluptatem',130),(129,'Reiciendislaborum','dignissimosminima',131),(130,'Rationemodi','quiaet',132),(131,'Aliquamtemporibus','vitaeodit',133),(132,'Situnde','hicinventore',134),(133,'Veromolestiae','nisiillum',135),(134,'Quiiste','magnamnon',136),(135,'Essevoluptatum','laudantiumin',137),(136,'Doloribuset','facereid',138),(137,'Inciduntut','sedrerum',139),(138,'Solutaea','aliquamtenetur',140),(139,'Eligendiipsam','laborumprovident',141),(140,'Eaquequia','quamdolor',142),(141,'Eosex','inventoreomnis',143),(142,'Dignissimoscorrupti','voluptatesmagnam',144),(143,'Etautem','consecteturaliquam',145),(144,'Asperioresvitae','acupiditate',146),(145,'Etcommodi','estquibusdam',147),(146,'Ipsumpossimus','distinctiovoluptate',148),(147,'Commodieius','estet',149),(148,'Veritatiset','quosquidem',150),(149,'Oditquas','repudiandaealiquam',151),(150,'Esteveniet','accusantiumalias',152),(151,'Vitaequia','quisnon',153),(152,'Omnissapiente','adipiscialiquid',154),(153,'Sedqui','solutaid',155),(154,'Inet','dolorsaepe',156),(155,'Commodiiusto','veritatisesse',157),(156,'Abqui','inventoredoloribus',158),(157,'Voluptatein','praesentiumin',159),(158,'Etquia','vitaeet',160),(159,'Veniamdolor','totamrerum',161),(160,'Evenietut','omnisfugiat',162),(161,'Quiaea','doloresillum',163),(162,'Repellatenim','quamipsa',164),(163,'Repellendusullam','perferendisipsum',165),(164,'Vitaeat','undequi',166),(165,'Veleum','delenitireprehenderit',167),(166,'Etneque','etsimilique',168),(167,'Doloremid','voluptasex',169),(168,'Liberodeleniti','estitaque',170),(169,'Iustoreprehenderit','doloremquefugit',171),(170,'Quaset','dolorestemporibus',172),(171,'Aconsectetur','quiaaut',173),(172,'Doloremautem','evenietquidem',174),(173,'Ametconsequatur','sapientenecessitatibus',175),(174,'Exomnis','accusamussed',176),(175,'Cumearum','doloresarchitecto',177),(176,'Ethic','maiorestempora',178),(177,'Animiitaque','vitaeut',179),(178,'Abquo','quiest',180),(179,'Quidemest','remaut',181),(180,'Veritatisesse','doloret',182),(181,'Voluptatemquis','dictaofficia',183),(182,'Temporarerum','commodiperspiciatis',184),(183,'Estsimilique','earumest',185),(184,'Sapientequidem','consequunturtotam',186),(185,'Sinteveniet','nequeet',187);
/*!40000 ALTER TABLE `locations` ENABLE KEYS */;
UNLOCK TABLES;

--
-- Table structure for table `model_group_links`
--

DROP TABLE IF EXISTS `model_group_links`;
/*!40101 SET @saved_cs_client     = @@character_set_client */;
/*!40101 SET character_set_client = utf8 */;
CREATE TABLE `model_group_links` (
  `id` int(11) NOT NULL AUTO_INCREMENT,
  `ancestor_id` int(11) DEFAULT NULL,
  `descendant_id` int(11) DEFAULT NULL,
  `direct` tinyint(1) DEFAULT NULL,
  `count` int(11) DEFAULT NULL,
  `label` varchar(255) COLLATE utf8_unicode_ci DEFAULT NULL,
  PRIMARY KEY (`id`),
  KEY `index_model_group_links_on_ancestor_id` (`ancestor_id`),
  KEY `index_model_group_links_on_direct` (`direct`),
  KEY `index_on_descendant_id_and_ancestor_id_and_direct` (`descendant_id`,`ancestor_id`,`direct`)
) ENGINE=InnoDB AUTO_INCREMENT=9 DEFAULT CHARSET=utf8 COLLATE=utf8_unicode_ci;
/*!40101 SET character_set_client = @saved_cs_client */;

--
-- Dumping data for table `model_group_links`
--

LOCK TABLES `model_group_links` WRITE;
/*!40000 ALTER TABLE `model_group_links` DISABLE KEYS */;
INSERT INTO `model_group_links` VALUES (1,2,10,1,1,NULL),(2,2,8,1,1,NULL),(3,5,10,1,1,NULL),(4,5,9,1,1,NULL),(5,1,9,1,1,NULL),(6,1,11,0,1,NULL),(7,5,11,0,1,NULL),(8,9,11,1,1,NULL);
/*!40000 ALTER TABLE `model_group_links` ENABLE KEYS */;
UNLOCK TABLES;

--
-- Table structure for table `model_groups`
--

DROP TABLE IF EXISTS `model_groups`;
/*!40101 SET @saved_cs_client     = @@character_set_client */;
/*!40101 SET character_set_client = utf8 */;
CREATE TABLE `model_groups` (
  `id` int(11) NOT NULL AUTO_INCREMENT,
  `type` varchar(255) COLLATE utf8_unicode_ci DEFAULT NULL,
  `name` varchar(255) COLLATE utf8_unicode_ci DEFAULT NULL,
  `created_at` datetime DEFAULT NULL,
  `updated_at` datetime DEFAULT NULL,
  PRIMARY KEY (`id`),
  KEY `index_model_groups_on_type` (`type`)
) ENGINE=InnoDB AUTO_INCREMENT=15 DEFAULT CHARSET=utf8 COLLATE=utf8_unicode_ci;
/*!40101 SET character_set_client = @saved_cs_client */;

--
-- Dumping data for table `model_groups`
--

LOCK TABLES `model_groups` WRITE;
/*!40000 ALTER TABLE `model_groups` DISABLE KEYS */;
INSERT INTO `model_groups` VALUES (1,'Category','Beamer','2011-09-09 19:30:50','2011-09-09 19:30:50'),(2,'Category','Kameras','2011-09-09 19:30:50','2011-09-09 19:30:50'),(3,'Category','Stative','2011-09-09 19:30:50','2011-09-09 19:30:50'),(4,'Category','Hifi-Anlagen','2011-09-09 19:30:50','2011-09-09 19:30:50'),(5,'Category','Notebooks','2011-09-09 19:30:50','2011-09-09 19:30:50'),(6,'Category','RC Helikopter','2011-09-09 19:30:50','2011-09-09 19:30:50'),(7,'Category','Computer','2011-09-09 19:30:50','2011-09-09 19:30:50'),(8,'Category','Kurzdistanz','2011-09-09 19:30:50','2011-09-09 19:30:50'),(9,'Category','Portabel','2011-09-09 19:30:50','2011-09-09 19:30:50'),(10,'Category','Standard','2011-09-09 19:30:50','2011-09-09 19:30:50'),(11,'Category','Micro','2011-09-09 19:30:50','2011-09-09 19:30:50'),(12,'Template','Kamera & Stativ','2011-09-09 19:30:50','2011-09-09 19:30:50'),(13,'Template','Beamer & Hifi','2011-09-09 19:30:50','2011-09-09 19:30:50'),(14,'Template','Unaccomplishable template','2011-09-09 19:30:50','2011-09-09 19:30:50');
/*!40000 ALTER TABLE `model_groups` ENABLE KEYS */;
UNLOCK TABLES;

--
-- Table structure for table `model_links`
--

DROP TABLE IF EXISTS `model_links`;
/*!40101 SET @saved_cs_client     = @@character_set_client */;
/*!40101 SET character_set_client = utf8 */;
CREATE TABLE `model_links` (
  `id` int(11) NOT NULL AUTO_INCREMENT,
  `model_group_id` int(11) DEFAULT NULL,
  `model_id` int(11) DEFAULT NULL,
  `quantity` int(11) DEFAULT '1',
  PRIMARY KEY (`id`),
  KEY `index_model_links_on_model_id_and_model_group_id` (`model_id`,`model_group_id`),
  KEY `index_model_links_on_model_group_id_and_model_id` (`model_group_id`,`model_id`)
) ENGINE=InnoDB AUTO_INCREMENT=73 DEFAULT CHARSET=utf8 COLLATE=utf8_unicode_ci;
/*!40101 SET character_set_client = @saved_cs_client */;

--
-- Dumping data for table `model_links`
--

LOCK TABLES `model_links` WRITE;
/*!40000 ALTER TABLE `model_links` DISABLE KEYS */;
INSERT INTO `model_links` VALUES (1,1,58,1),(2,9,58,1),(3,1,59,1),(4,1,60,1),(5,1,62,1),(6,9,62,1),(7,11,63,1),(8,1,64,1),(9,1,65,1),(10,1,66,1),(11,1,67,1),(12,1,68,1),(13,1,69,1),(14,1,70,1),(15,1,71,1),(16,1,72,1),(17,1,73,1),(18,1,74,1),(19,1,75,1),(20,1,76,1),(21,1,77,1),(22,1,78,1),(23,1,79,1),(24,1,80,1),(25,1,81,1),(26,1,82,1),(27,1,83,1),(28,2,84,1),(29,2,85,1),(30,2,86,1),(31,2,87,1),(32,2,88,1),(33,2,89,1),(34,2,90,1),(35,2,91,1),(36,2,92,1),(37,2,93,1),(38,2,94,1),(39,2,95,1),(40,2,96,1),(41,2,97,1),(42,2,98,1),(43,2,99,1),(44,2,100,1),(45,2,101,1),(46,2,102,1),(47,2,103,1),(48,2,104,1),(49,2,105,1),(50,2,106,1),(51,2,107,1),(52,2,108,1),(53,2,109,1),(54,2,110,1),(55,2,111,1),(56,2,112,1),(57,2,113,1),(58,2,114,1),(59,4,115,1),(60,3,116,1),(61,12,84,1),(62,12,116,1),(63,13,58,1),(64,13,115,1),(65,14,84,999),(66,14,116,999),(67,2,145,1),(68,7,146,1),(69,5,147,1),(70,6,148,1),(71,6,149,1),(72,6,150,1);
/*!40000 ALTER TABLE `model_links` ENABLE KEYS */;
UNLOCK TABLES;

--
-- Table structure for table `models`
--

DROP TABLE IF EXISTS `models`;
/*!40101 SET @saved_cs_client     = @@character_set_client */;
/*!40101 SET character_set_client = utf8 */;
CREATE TABLE `models` (
  `id` int(11) NOT NULL AUTO_INCREMENT,
  `type` varchar(255) COLLATE utf8_unicode_ci NOT NULL DEFAULT 'Model',
  `manufacturer` varchar(255) COLLATE utf8_unicode_ci DEFAULT NULL,
  `product` varchar(255) COLLATE utf8_unicode_ci NOT NULL,
  `version` varchar(255) COLLATE utf8_unicode_ci DEFAULT NULL,
  `description` text COLLATE utf8_unicode_ci,
  `internal_description` text COLLATE utf8_unicode_ci,
  `info_url` varchar(255) COLLATE utf8_unicode_ci DEFAULT NULL,
  `rental_price` decimal(8,2) DEFAULT NULL,
  `maintenance_period` int(11) DEFAULT '0',
  `is_package` tinyint(1) DEFAULT '0',
  `technical_detail` text COLLATE utf8_unicode_ci,
  `hand_over_note` text COLLATE utf8_unicode_ci,
  `created_at` datetime DEFAULT NULL,
  `updated_at` datetime DEFAULT NULL,
  PRIMARY KEY (`id`),
  KEY `index_models_on_is_package` (`is_package`),
  KEY `index_models_on_type` (`type`)
) ENGINE=InnoDB AUTO_INCREMENT=305 DEFAULT CHARSET=utf8 COLLATE=utf8_unicode_ci;
/*!40101 SET character_set_client = @saved_cs_client */;

--
-- Dumping data for table `models`
--

LOCK TABLES `models` WRITE;
/*!40000 ALTER TABLE `models` DISABLE KEYS */;
INSERT INTO `models` VALUES (1,'Model','Funk-Koepp','Gorgeous Steel Car','574','Quas quia possimus voluptatem.','Dolorum et alias natus voluptas eaque eveniet.',NULL,NULL,1,0,'Nesciunt quia blanditiis minima eos.','Est aut amet quo voluptates iusto.','2011-09-09 19:30:50','2011-09-09 19:30:50'),(2,'Model','Zboncak-Kuhn','Awesome Steel Pants','575','Non ullam minus quia qui.','Est saepe provident ex tenetur.',NULL,NULL,1,0,'Fugiat ut laudantium placeat iure ut ipsum.','Illo cupiditate asperiores blanditiis et expedita numquam et.','2011-09-09 19:30:50','2011-09-09 19:30:50'),(3,'Model','Leuschke, Bednar and Kuvalis','Incredible Wooden Car','576','Voluptas nemo ad quasi quia.','Nemo ut velit tenetur.',NULL,NULL,0,0,'Et quis accusantium sint ea quisquam sapiente quia odio.','Adipisci dicta doloremque quas voluptatem eos voluptas.','2011-09-09 19:30:50','2011-09-09 19:30:50'),(4,'Model','Kling-Dicki','Awesome Wooden Shirt','577','Labore ipsa excepturi saepe qui quam tenetur.','Voluptatem quia reprehenderit rerum omnis.',NULL,NULL,1,0,'Ut aut nihil sint.','Aut id omnis nulla perferendis eveniet.','2011-09-09 19:30:50','2011-09-09 19:30:50'),(5,'Model','Casper and Sons','Sleek Concrete Computer','578','Sit ut maiores est dolor et voluptatibus molestias.','Fugiat molestiae iure consequatur qui.',NULL,NULL,2,0,'Sit quod commodi est eligendi.','Autem voluptas sed non soluta.','2011-09-09 19:30:50','2011-09-09 19:30:50'),(6,'Model','Harris-Reichert','Sleek Wooden Hat','579','Voluptatibus a voluptas soluta nihil consequuntur.','Voluptatem ut repellat qui.',NULL,NULL,2,0,'Porro quibusdam incidunt totam minus vero voluptas.','Accusantium iste qui non est assumenda consequuntur nobis.','2011-09-09 19:30:50','2011-09-09 19:30:50'),(7,'Model','Cormier, Oberbrunner and Adams','Sleek Cotton Chair','580','Aut animi ratione aliquid.','Eveniet repellendus deserunt quidem non nisi delectus asperiores voluptatibus.',NULL,NULL,0,0,'Dolorum fugit excepturi praesentium labore.','Harum sint blanditiis aut consectetur.','2011-09-09 19:30:50','2011-09-09 19:30:50'),(8,'Model','Boehm-Harvey','Rustic Plastic Pants','581','In id et aut iure veniam sed.','Neque officia commodi tempora maxime deleniti optio.',NULL,NULL,0,0,'Velit et rerum vel.','Optio autem est quaerat.','2011-09-09 19:30:50','2011-09-09 19:30:50'),(9,'Model','Cummerata, Predovic and Heaney','Incredible Wooden Chair','582','Enim voluptatem qui autem incidunt sapiente illum.','Sed velit dignissimos nostrum autem nihil maxime.',NULL,NULL,2,0,'Pariatur et autem exercitationem veniam rerum hic asperiores alias.','Ab ut iusto porro eos nisi quos qui.','2011-09-09 19:30:50','2011-09-09 19:30:50'),(10,'Model','Rosenbaum-Bosco','Fantastic Cotton Chair','583','Est beatae aut aut iusto ut.','Ut doloribus aut tempore voluptatem.',NULL,NULL,1,0,'Ea temporibus numquam exercitationem et dolorem.','Sunt temporibus dolore laboriosam mollitia soluta perspiciatis neque aliquam.','2011-09-09 19:30:50','2011-09-09 19:30:50'),(11,'Model','Goyette Group','Practical Rubber Shirt','584','A tempore non fuga voluptatem.','Ad illum perspiciatis ducimus aut at.',NULL,NULL,1,0,'Voluptates voluptas unde temporibus earum.','Aut et aut est molestiae rerum.','2011-09-09 19:30:50','2011-09-09 19:30:50'),(12,'Model','Grady LLC','Sleek Plastic Gloves','585','Beatae magni veritatis similique cupiditate.','Voluptatem vero recusandae nobis sit nostrum nihil necessitatibus.',NULL,NULL,3,0,'Similique eius pariatur commodi quis qui.','Aliquam inventore fugit mollitia sit.','2011-09-09 19:30:50','2011-09-09 19:30:50'),(13,'Model','Moen and Sons','Intelligent Wooden Shoes','586','Maiores voluptatem excepturi dolorum vero distinctio sit nam vel.','Facere harum unde eligendi quisquam.',NULL,NULL,1,0,'Modi molestias labore omnis.','Voluptatum sit fuga nisi.','2011-09-09 19:30:50','2011-09-09 19:30:50'),(14,'Model','Steuber-Russel','Ergonomic Wooden Chair','587','Laborum dicta enim ea ut omnis.','Porro facere velit pariatur.',NULL,NULL,1,0,'Ut ratione voluptas praesentium.','Aut sunt voluptates quo sint.','2011-09-09 19:30:50','2011-09-09 19:30:50'),(15,'Model','Tillman LLC','Small Granite Pants','588','Dolorem sed omnis deserunt aspernatur corrupti qui culpa et.','Voluptatibus et rerum sed earum doloribus sit.',NULL,NULL,0,0,'Atque voluptate omnis minima similique saepe.','Repudiandae ab non minus dolores et est.','2011-09-09 19:30:50','2011-09-09 19:30:50'),(16,'Model','Reichel, Pollich and Rodriguez','Small Steel Chair','589','Est dignissimos et ut eaque odio ea.','Explicabo fuga animi deserunt numquam.',NULL,NULL,2,0,'Odio provident laboriosam est.','Blanditiis qui quia at quasi quibusdam omnis tempore.','2011-09-09 19:30:50','2011-09-09 19:30:50'),(17,'Model','Reilly Inc','Fantastic Granite Hat','590','Commodi ut in quis veritatis labore sed earum.','Id quia aperiam at quam et laborum occaecati dolores.',NULL,NULL,2,0,'Voluptas sed voluptate officia sit.','Cupiditate sed quidem ratione rerum est numquam facilis dolores.','2011-09-09 19:30:50','2011-09-09 19:30:50'),(18,'Model','Schaden LLC','Ergonomic Plastic Shoes','591','Corporis harum voluptate reprehenderit iste.','Ipsam tenetur est eos qui alias dolore nulla.',NULL,NULL,2,0,'Inventore voluptate deserunt ut non quisquam.','Soluta iure in eos ab voluptatum dicta non.','2011-09-09 19:30:50','2011-09-09 19:30:50'),(19,'Model','Greenholt, Osinski and Abshire','Sleek Cotton Shoes','592','Iusto voluptatem dolorem animi.','Dolores fuga aut placeat modi accusamus voluptates harum.',NULL,NULL,0,0,'Magni unde molestiae et eos.','Itaque dignissimos iste aliquam assumenda dolor maxime non cupiditate.','2011-09-09 19:30:50','2011-09-09 19:30:50'),(20,'Model','Homenick-Shanahan','Intelligent Wooden Car','593','Est porro saepe fugit explicabo sint delectus voluptatem facere.','Quasi odio est qui iste quam sit.',NULL,NULL,3,0,'Ducimus odit velit non.','Iste quod itaque inventore non ex aspernatur adipisci assumenda.','2011-09-09 19:30:50','2011-09-09 19:30:50'),(21,'Model','Hackett Inc','Small Wooden Pants','594','Mollitia autem minus repellendus ipsa ea quidem.','Dolorum ducimus similique repellendus.',NULL,NULL,1,0,'Quas eum cupiditate veritatis soluta numquam praesentium qui.','Eaque expedita rerum aut vitae eveniet dignissimos rerum.','2011-09-09 19:30:50','2011-09-09 19:30:50'),(22,'Model','Terry Group','Ergonomic Plastic Shirt','595','Voluptate ea ut aut rerum possimus non velit corporis.','Minima qui omnis quidem sit sit odio eos.',NULL,NULL,0,0,'Aperiam consequatur cupiditate beatae.','Officiis tenetur recusandae ad distinctio et.','2011-09-09 19:30:50','2011-09-09 19:30:50'),(23,'Model','Graham-Wintheiser','Practical Concrete Chair','596','Similique autem voluptatem quaerat provident cum.','Unde repudiandae blanditiis error nihil.',NULL,NULL,2,0,'Possimus dicta numquam et dolore.','Cum ut ut ut nihil quia nobis eum.','2011-09-09 19:30:50','2011-09-09 19:30:50'),(24,'Model','O\'Kon-Predovic','Intelligent Plastic Shirt','597','Voluptatibus quaerat ea et.','Quia ut natus in repellat molestiae.',NULL,NULL,0,0,'Maxime aut reiciendis nulla cumque dolore.','Eveniet perferendis in ad expedita voluptatum aperiam dolor.','2011-09-09 19:30:50','2011-09-09 19:30:50'),(25,'Model','Haag, Armstrong and Parisian','Gorgeous Granite Hat','598','Cupiditate beatae ipsam sit.','Sunt repellendus asperiores voluptate quidem soluta.',NULL,NULL,0,0,'Quis id voluptas maxime non.','Saepe quisquam eius sapiente reiciendis labore hic voluptatem.','2011-09-09 19:30:50','2011-09-09 19:30:50'),(26,'Model','Ankunding-Roob','Fantastic Granite Shirt','599','Nihil et laudantium facere ea omnis dicta facilis.','Rerum ducimus rerum aut natus quibusdam autem alias doloribus.',NULL,NULL,1,0,'Et laboriosam occaecati error dolor totam exercitationem eveniet.','Ut non aut quis incidunt eveniet est maxime.','2011-09-09 19:30:50','2011-09-09 19:30:50'),(27,'Model','Konopelski LLC','Rustic Steel Shoes','600','Beatae non quo autem.','Natus voluptatum enim qui quisquam magni eos maxime.',NULL,NULL,0,0,'Voluptas voluptates omnis natus aut temporibus quasi et eos.','Est saepe voluptates voluptatem.','2011-09-09 19:30:50','2011-09-09 19:30:50'),(28,'Model','Bode-Bashirian','Awesome Concrete Computer','601','Quia culpa fuga aliquid et aut qui qui nam.','Sed alias eos beatae earum.',NULL,NULL,0,0,'Voluptatem mollitia corrupti ipsa possimus quaerat molestiae.','Repudiandae quia similique iste temporibus reprehenderit laudantium perspiciatis.','2011-09-09 19:30:50','2011-09-09 19:30:50'),(29,'Model','Langosh, Padberg and Reilly','Gorgeous Granite Computer','602','Voluptatem nostrum vel dolorem quas quae.','Enim maxime corrupti et sit hic nulla.',NULL,NULL,1,0,'Quos quia accusamus quo cupiditate in.','Ipsam et et distinctio optio.','2011-09-09 19:30:50','2011-09-09 19:30:50'),(30,'Model','Schneider-Osinski','Ergonomic Granite Computer','603','Blanditiis sit quos accusamus voluptatem omnis amet esse et.','Maiores voluptatum vel est eum illum.',NULL,NULL,0,0,'Sequi vel impedit itaque id non.','Ut ratione quidem quia illum voluptatem.','2011-09-09 19:30:50','2011-09-09 19:30:50'),(31,'Model','Mueller, Boyer and Friesen','Small Wooden Gloves','604','Vel dignissimos unde cum id.','Sit sed omnis quo natus.',NULL,NULL,3,0,'Rerum commodi ut quaerat est doloribus.','Dicta culpa reprehenderit ut nobis qui impedit.','2011-09-09 19:30:50','2011-09-09 19:30:50'),(32,'Model','Runolfsson, Thiel and Wolf','Intelligent Concrete Shoes','605','Est quis quo quidem minus sit.','Alias enim consequatur mollitia.',NULL,NULL,2,0,'Harum autem quo culpa non.','Ipsum dolorum pariatur velit non nemo qui aliquam omnis.','2011-09-09 19:30:50','2011-09-09 19:30:50'),(33,'Model','Schimmel LLC','Small Steel Hat','606','Aut ipsam qui ut.','Expedita doloribus quam repellendus.',NULL,NULL,1,0,'Fugiat nisi consectetur est unde ducimus dolore quis qui.','Nisi corrupti commodi enim.','2011-09-09 19:30:50','2011-09-09 19:30:50'),(34,'Model','Langosh-Russel','Sleek Wooden Shoes','607','Non repellendus pariatur quos itaque ab eaque veritatis magni.','Quas rerum est assumenda illum commodi.',NULL,NULL,2,0,'Quas ut aliquam quia sunt.','Occaecati excepturi ipsum omnis quisquam explicabo quaerat.','2011-09-09 19:30:50','2011-09-09 19:30:50'),(35,'Model','Lynch, Runolfsson and Zieme','Gorgeous Wooden Computer','608','Et amet incidunt aut est eveniet.','Porro aut modi unde.',NULL,NULL,1,0,'Nisi alias fugit rerum error.','Animi recusandae consequatur quo tempore dignissimos voluptas voluptates rem.','2011-09-09 19:30:50','2011-09-09 19:30:50'),(36,'Model','Champlin, Hane and Becker','Awesome Concrete Pants','609','Harum voluptatibus error et in et quo rem voluptatem.','Corrupti error earum nostrum quis qui.',NULL,NULL,2,0,'Ducimus laboriosam soluta odio sunt.','Possimus dolorum dignissimos veniam sit qui autem temporibus.','2011-09-09 19:30:50','2011-09-09 19:30:50'),(37,'Model','Streich-Witting','Rustic Concrete Computer','610','Earum culpa et quasi reprehenderit quis tenetur dolorem quae.','Qui expedita voluptatem nam commodi inventore.',NULL,NULL,3,0,'Sapiente sunt qui aut autem sunt dicta asperiores.','Et velit explicabo facere inventore quisquam alias aut.','2011-09-09 19:30:50','2011-09-09 19:30:50'),(38,'Model','O\'Reilly-Hammes','Incredible Cotton Pants','611','Consequuntur nam temporibus quibusdam ut.','Distinctio quod ad qui quos et voluptatem.',NULL,NULL,2,0,'Dolor molestiae reprehenderit doloribus aliquam natus dignissimos non iure.','Consectetur ullam labore voluptas.','2011-09-09 19:30:50','2011-09-09 19:30:50'),(39,'Model','Treutel-Davis','Intelligent Rubber Shirt','612','Id sint deleniti ipsum rerum tempora magnam.','Dignissimos ut voluptatem qui sit.',NULL,NULL,0,0,'Tempore rerum recusandae repudiandae neque labore natus necessitatibus.','Aperiam voluptas nesciunt et aut sequi laboriosam voluptatem.','2011-09-09 19:30:50','2011-09-09 19:30:50'),(40,'Model','Raynor, Abernathy and Schuster','Practical Plastic Car','613','Quasi ea iusto recusandae.','Est aut aut corrupti quo necessitatibus.',NULL,NULL,2,0,'Reiciendis expedita iure et sequi nisi.','Tenetur consectetur iure quia harum.','2011-09-09 19:30:50','2011-09-09 19:30:50'),(41,'Model','Stracke and Sons','Awesome Cotton Computer','614','Porro molestias occaecati vel quibusdam ex ea alias.','Alias doloremque est necessitatibus et laudantium ipsam error doloribus.',NULL,NULL,1,0,'Enim provident architecto recusandae quis.','Odio sit totam est quis harum.','2011-09-09 19:30:50','2011-09-09 19:30:50'),(42,'Model','Purdy-Farrell','Rustic Plastic Table','615','Ipsum nemo blanditiis et tempora officia laboriosam suscipit occaecati.','Delectus saepe tempore quae.',NULL,NULL,2,0,'Minus fuga aut aspernatur libero ab quo.','Blanditiis dolor assumenda eum.','2011-09-09 19:30:50','2011-09-09 19:30:50'),(43,'Model','Wisozk-Luettgen','Awesome Rubber Gloves','616','Ducimus explicabo est corrupti ipsum et quibusdam placeat.','Et labore ut dignissimos quia sunt.',NULL,NULL,2,0,'Amet id et a rem.','Molestias sunt est enim fugit ut blanditiis debitis explicabo.','2011-09-09 19:30:50','2011-09-09 19:30:50'),(44,'Model','Reichel and Sons','Ergonomic Plastic Car','617','Eum et nihil dicta eos cumque et laborum facere.','Necessitatibus facilis at natus in exercitationem.',NULL,NULL,1,0,'Voluptas voluptates sint est.','Illum nostrum explicabo ad.','2011-09-09 19:30:50','2011-09-09 19:30:50'),(45,'Model','Kuphal LLC','Ergonomic Steel Pants','618','Assumenda vero nostrum sed laborum mollitia quos.','Beatae delectus eos dolore qui sint voluptas.',NULL,NULL,0,0,'Hic voluptatem incidunt praesentium officia veniam ut minus sit.','Doloribus deserunt aliquid dolore iste consequatur sunt.','2011-09-09 19:30:50','2011-09-09 19:30:50'),(46,'Model','Cronin-King','Fantastic Wooden Gloves','619','Quidem et quisquam provident optio eligendi est.','Quam voluptate aut nisi voluptas et aliquid repellat aut.',NULL,NULL,1,0,'Placeat et impedit perferendis ducimus.','Enim voluptatum at iusto voluptas error nam.','2011-09-09 19:30:50','2011-09-09 19:30:50'),(47,'Model','Balistreri-Thiel','Awesome Concrete Gloves','620','Illum reprehenderit doloribus cumque dolore voluptatem a sed ut.','Est nobis assumenda dolores harum quia.',NULL,NULL,2,0,'Sunt porro odio qui molestiae sunt provident voluptate non.','Atque quia dolorem consequatur rerum quibusdam voluptatem.','2011-09-09 19:30:50','2011-09-09 19:30:50'),(48,'Model','Kuhic, Cassin and Weissnat','Small Granite Shirt','621','Eos quo ullam eum voluptatem ratione a ut illum.','Totam fuga nesciunt assumenda et et voluptatem.',NULL,NULL,1,0,'Ut praesentium sint mollitia esse saepe nisi.','Error et dolores accusamus explicabo.','2011-09-09 19:30:50','2011-09-09 19:30:50'),(49,'Model','O\'Hara-Ziemann','Intelligent Cotton Shirt','622','Quibusdam ut quidem officia omnis et labore.','Dignissimos dolore et accusamus eligendi impedit.',NULL,NULL,2,0,'Similique vero beatae sapiente dolores culpa odio.','Animi voluptatem vel ut id similique qui pariatur.','2011-09-09 19:30:50','2011-09-09 19:30:50'),(50,'Model','Farrell LLC','Practical Steel Car','623','Quis consequatur enim corporis eum et eveniet et quo.','Quae veniam occaecati qui rerum.',NULL,NULL,1,0,'Nihil illo ipsam commodi.','Et est autem numquam.','2011-09-09 19:30:50','2011-09-09 19:30:50'),(51,'Model','Gusikowski-Kuhic','Practical Steel Chair','624','Error quidem ab sed.','Quibusdam est et doloribus laborum aspernatur tempore ipsum quia.',NULL,NULL,0,0,'Ipsum incidunt possimus rerum.','Ducimus doloremque voluptas similique laudantium necessitatibus.','2011-09-09 19:30:50','2011-09-09 19:30:50'),(52,'Model','Shields-Bogisich','Awesome Plastic Computer','625','Aperiam corporis vel dolor ea illum.','Minima blanditiis magnam veritatis.',NULL,NULL,3,0,'Quia qui est tempora qui optio placeat.','Perspiciatis dolores consequatur voluptatem reiciendis.','2011-09-09 19:30:50','2011-09-09 19:30:50'),(53,'Model','Tremblay Inc','Awesome Concrete Hat','626','Porro consequatur nihil sed voluptas totam.','Est et voluptate qui dolor consequatur sapiente.',NULL,NULL,3,0,'Quis cum et natus pariatur corporis.','Voluptatem sit in ullam pariatur doloribus ut nisi odio.','2011-09-09 19:30:50','2011-09-09 19:30:50'),(54,'Model','Schmeler, Adams and Rogahn','Sleek Concrete Table','627','Facilis deserunt quis rerum dolore aut eligendi facere et.','Omnis qui explicabo magni ducimus laboriosam nisi.',NULL,NULL,2,0,'A eum quia est.','Unde temporibus id consequatur deleniti numquam voluptates nihil aspernatur.','2011-09-09 19:30:50','2011-09-09 19:30:50'),(55,'Model','Barrows Group','Ergonomic Rubber Chair','628','Qui commodi expedita quia excepturi sed nam rerum.','Aut et ipsam nulla necessitatibus.',NULL,NULL,2,0,'Non quia iusto consequatur nobis dolor soluta perspiciatis laudantium.','Incidunt nihil facilis iure numquam est molestiae nisi.','2011-09-09 19:30:50','2011-09-09 19:30:50'),(56,'Model','Stanton and Sons','Intelligent Plastic Gloves','629','Tenetur et qui temporibus commodi provident culpa nesciunt error.','Labore qui minus fugiat illo optio.',NULL,NULL,1,0,'Beatae odit sed dolore eos nihil mollitia.','Sunt eligendi est sapiente voluptatem est reiciendis laborum.','2011-09-09 19:30:50','2011-09-09 19:30:50'),(57,'Model','Apple','MacBookPro','630','Laptop fr Studis und Angestellte.','Id iste et neque.',NULL,NULL,0,0,'Delectus aut necessitatibus possimus et facere dolorum consequatur.','Mit Verpackung aushndigen.','2011-09-09 19:30:50','2011-09-09 19:30:50'),(58,'Model','Sharp','Sharp Beamer','123','Beamer, geeignet fr alle Verwendungszwecke.','Ut nemo est tempore quo qui sit omnis.',NULL,NULL,0,0,'Omnis quos ab porro sunt numquam.','Beamer brauch ein VGA Kabel!','2011-09-09 19:30:50','2011-09-09 19:30:50'),(59,'Model','Sharp','Sharp Beamer 2D','631','Beamer, geeignet fr alle Verwendungszwecke.','Aspernatur ut sed nemo.',NULL,NULL,0,0,'Corrupti et eum modi.','Aut debitis non eaque ut voluptate voluptatem sed.','2011-09-09 19:30:50','2011-09-09 19:30:50'),(60,'Model','Panasonic','Mini Beamer','632','Beamer, geeignet fr alle Verwendungszwecke.','Est qui odio porro.',NULL,NULL,0,0,'Qui et officia nisi repudiandae et omnis.','Beatae corporis qui in aut et eius quibusdam.','2011-09-09 19:30:50','2011-09-09 19:30:50'),(61,'Model','Sharp','Sharp Beamer','456','Beamer, geeignet fr alle Verwendungszwecke.','Et maiores aut sed qui dolor dolor eveniet animi.',NULL,NULL,0,0,'Officia officiis laudantium ea sunt.','Beamer brauch ein VGA Kabel!','2011-09-09 19:30:50','2011-09-09 19:30:50'),(62,'Model','Sony','Ultra Compact Beamer','633','Besonders kleiner Beamer.','Rerum voluptatem accusamus laborum ea similique facere minus exercitationem.',NULL,NULL,0,0,'Aut aperiam corrupti veritatis fuga aut.','Beamer brauch ein VGA Kabel!','2011-09-09 19:30:50','2011-09-09 19:30:50'),(63,'Model','Micro','Micro Beamer','634','Besonders mikro kleiner Beamer.','Magni dolores libero laudantium doloribus sed est rerum.',NULL,NULL,0,0,'Consequatur ipsum officia atque cum id quisquam.','Beamer brauch ein VGA Kabel!','2011-09-09 19:30:50','2011-09-09 19:30:50'),(64,'Model','Sony','Beamer 1 suscipit','635','Fugit voluptas accusantium ducimus eligendi itaque consequatur autem commodi.','In repudiandae neque corrupti debitis voluptates sapiente eaque ipsam.',NULL,NULL,0,0,'Rerum perferendis beatae minus accusamus in sed in cumque.','Beamer brauch ein VGA Kabel!','2011-09-09 19:30:50','2011-09-09 19:30:50'),(65,'Model','Sony','Beamer 2 omnis','636','Sed sapiente sunt ratione nisi.','Praesentium consequuntur voluptatem delectus quas mollitia.',NULL,NULL,0,0,'Enim necessitatibus deserunt dolorem rerum mollitia excepturi quo maiores.','Beamer brauch ein VGA Kabel!','2011-09-09 19:30:50','2011-09-09 19:30:50'),(66,'Model','Sony','Beamer 3 qui','637','Amet incidunt porro repellat sunt aut quia voluptatibus.','Illo eos cumque deleniti aliquid ratione.',NULL,NULL,0,0,'Ex nostrum similique sint.','Beamer brauch ein VGA Kabel!','2011-09-09 19:30:50','2011-09-09 19:30:50'),(67,'Model','Sony','Beamer 4 dolorum','638','Optio et nostrum quis ut dolores repellendus.','Ex earum aspernatur nobis et cumque ut et voluptas.',NULL,NULL,0,0,'Debitis qui voluptatibus officiis.','Beamer brauch ein VGA Kabel!','2011-09-09 19:30:50','2011-09-09 19:30:50'),(68,'Model','Sony','Beamer 5 quia','639','Ipsam porro voluptatem dolor sunt nisi.','Consequatur dolorum voluptas eum odio facilis non a quam.',NULL,NULL,0,0,'Optio voluptas ea nesciunt tenetur quod eos.','Beamer brauch ein VGA Kabel!','2011-09-09 19:30:50','2011-09-09 19:30:50'),(69,'Model','Sony','Beamer 6 laboriosam','640','Magnam similique corporis distinctio accusamus numquam modi qui.','Reiciendis omnis eos aut doloribus neque culpa rerum ut.',NULL,NULL,0,0,'Occaecati molestias et dolores eum maxime voluptas cum.','Beamer brauch ein VGA Kabel!','2011-09-09 19:30:50','2011-09-09 19:30:50'),(70,'Model','Sony','Beamer 7 maiores','641','Rerum officia magnam aut.','Quaerat natus facilis et molestiae maxime qui totam.',NULL,NULL,0,0,'Amet esse veritatis ipsa neque eos doloribus.','Beamer brauch ein VGA Kabel!','2011-09-09 19:30:50','2011-09-09 19:30:50'),(71,'Model','Sony','Beamer 8 qui','642','Eum sequi suscipit alias unde id voluptatem.','Sit voluptatem sint harum dicta.',NULL,NULL,0,0,'Beatae voluptatum officiis ut cum.','Beamer brauch ein VGA Kabel!','2011-09-09 19:30:50','2011-09-09 19:30:50'),(72,'Model','Sony','Beamer 9 qui','643','Et blanditiis consequatur mollitia fugiat velit sapiente.','Saepe rem dolores voluptas quos natus fuga.',NULL,NULL,0,0,'Aut adipisci iste et sapiente fugit temporibus illo.','Beamer brauch ein VGA Kabel!','2011-09-09 19:30:50','2011-09-09 19:30:50'),(73,'Model','Sony','Beamer 10 autem','644','Ducimus quia nobis maxime.','Necessitatibus laborum dicta qui harum quod.',NULL,NULL,0,0,'Odio et et voluptatum impedit.','Beamer brauch ein VGA Kabel!','2011-09-09 19:30:50','2011-09-09 19:30:50'),(74,'Model','Sony','Beamer 11 iure','645','Sit quod nam aut harum occaecati ea explicabo.','Dicta eius libero voluptatem cupiditate temporibus.',NULL,NULL,0,0,'Velit nisi quidem natus.','Beamer brauch ein VGA Kabel!','2011-09-09 19:30:50','2011-09-09 19:30:50'),(75,'Model','Sony','Beamer 12 aut','646','Et ex repellendus ea sed molestiae.','Est maiores velit consequuntur.',NULL,NULL,0,0,'Iste a incidunt enim mollitia in qui sequi placeat.','Beamer brauch ein VGA Kabel!','2011-09-09 19:30:50','2011-09-09 19:30:50'),(76,'Model','Sony','Beamer 13 blanditiis','647','Error sunt qui beatae doloribus at quas eius illo.','Et tenetur natus repudiandae voluptatem necessitatibus.',NULL,NULL,0,0,'Odio in explicabo occaecati error recusandae.','Beamer brauch ein VGA Kabel!','2011-09-09 19:30:50','2011-09-09 19:30:50'),(77,'Model','Sony','Beamer 14 voluptas','648','Aut sed possimus quod sed.','Accusantium omnis tempore sit.',NULL,NULL,0,0,'Molestias nostrum facere ut accusamus est rerum.','Beamer brauch ein VGA Kabel!','2011-09-09 19:30:50','2011-09-09 19:30:50'),(78,'Model','Sony','Beamer 15 consectetur','649','Quasi exercitationem qui adipisci.','Quas eligendi fuga facilis.',NULL,NULL,0,0,'Autem voluptatem vel nemo sit.','Beamer brauch ein VGA Kabel!','2011-09-09 19:30:50','2011-09-09 19:30:50'),(79,'Model','Sony','Beamer 16 officia','650','Aut pariatur odit cupiditate doloremque perspiciatis sed rerum.','Nihil expedita eos corporis aliquid vel quia et.',NULL,NULL,0,0,'Quidem quas consectetur provident placeat.','Beamer brauch ein VGA Kabel!','2011-09-09 19:30:50','2011-09-09 19:30:50'),(80,'Model','Sony','Beamer 17 odio','651','Beatae itaque voluptas ducimus cupiditate ipsum.','In cupiditate eum neque provident quia dolor.',NULL,NULL,0,0,'Nostrum minus culpa aliquam et quis blanditiis repudiandae.','Beamer brauch ein VGA Kabel!','2011-09-09 19:30:50','2011-09-09 19:30:50'),(81,'Model','Sony','Beamer 18 neque','652','Sed eum molestias nemo tenetur cupiditate aperiam voluptatum corrupti.','Laborum natus ut voluptatem accusantium ea tempore rerum.',NULL,NULL,0,0,'Necessitatibus ea quis qui.','Beamer brauch ein VGA Kabel!','2011-09-09 19:30:50','2011-09-09 19:30:50'),(82,'Model','Sony','Beamer 19 mollitia','653','Tenetur quis ut soluta deserunt.','Et quia quis enim quae hic ut qui repellendus.',NULL,NULL,0,0,'Exercitationem eligendi at delectus.','Beamer brauch ein VGA Kabel!','2011-09-09 19:30:50','2011-09-09 19:30:50'),(83,'Model','Sony','Beamer 20 corporis','654','In aut molestiae blanditiis voluptatem aut.','Et eveniet voluptatem ab quasi in.',NULL,NULL,0,0,'Quod repudiandae rem quia alias aliquid.','Beamer brauch ein VGA Kabel!','2011-09-09 19:30:50','2011-09-09 19:30:50'),(84,'Model','Nikon','Kamera Nikon','X12','Super Kamera.','Omnis et velit non corporis officia quaerat ratione.',NULL,NULL,0,0,'Odit amet perferendis voluptatem sunt iusto.','Kamera brauch Akkus!','2011-09-09 19:30:50','2011-09-09 19:30:50'),(85,'Model','Nikon','Camera 1 facilis','655','Ducimus dolores incidunt nulla suscipit ea doloremque.','Dolore dolores sapiente est quaerat expedita vel harum.',NULL,NULL,0,0,'Culpa suscipit facilis id qui iure occaecati dignissimos.','Debitis possimus expedita aperiam ipsa repudiandae omnis illum.','2011-09-09 19:30:50','2011-09-09 19:30:50'),(86,'Model','Nikon','Camera 2 praesentium','656','Neque est architecto perspiciatis exercitationem sequi.','Eum voluptatem ut aliquam optio.',NULL,NULL,0,0,'Ad explicabo eos delectus.','Rerum est est ut fuga.','2011-09-09 19:30:50','2011-09-09 19:30:50'),(87,'Model','Nikon','Camera 3 expedita','657','Sed officia consectetur ullam atque omnis.','Ab hic nisi et.',NULL,NULL,0,0,'Deserunt qui voluptatem odit omnis est ut.','Laboriosam soluta accusantium expedita illum quos ab inventore alias.','2011-09-09 19:30:50','2011-09-09 19:30:50'),(88,'Model','Nikon','Camera 4 aperiam','658','Qui at veniam id tempora.','Reiciendis asperiores et veniam impedit perspiciatis qui quo.',NULL,NULL,0,0,'Similique deleniti et est eveniet molestiae.','Vel iusto molestiae et ab temporibus.','2011-09-09 19:30:50','2011-09-09 19:30:50'),(89,'Model','Nikon','Camera 5 non','659','Ipsum dicta quis officia dolore saepe qui et.','Non aut nulla aliquid sequi dolore.',NULL,NULL,0,0,'Nesciunt numquam non amet sit quidem et veniam.','Odio tenetur quam unde sit placeat dolores voluptate cupiditate.','2011-09-09 19:30:50','2011-09-09 19:30:50'),(90,'Model','Nikon','Camera 6 quae','660','Eius at porro aut.','Illum maiores rem et architecto.',NULL,NULL,0,0,'Autem eaque nisi aut voluptates accusantium nobis.','Ipsa aut voluptate exercitationem qui voluptatibus aut.','2011-09-09 19:30:50','2011-09-09 19:30:50'),(91,'Model','Nikon','Camera 7 explicabo','661','In iste quidem excepturi.','Possimus autem modi sint aperiam quia est nesciunt molestias.',NULL,NULL,0,0,'Quia rerum officia aut atque.','Sapiente omnis nobis fugit qui repellat magni aut velit.','2011-09-09 19:30:50','2011-09-09 19:30:50'),(92,'Model','Nikon','Camera 8 aspernatur','662','Ab voluptatibus qui sed rerum aut architecto.','Ut enim ipsum quisquam.',NULL,NULL,0,0,'Aut quae debitis dicta atque in qui.','Ipsum est assumenda vel consequatur.','2011-09-09 19:30:50','2011-09-09 19:30:50'),(93,'Model','Nikon','Camera 9 consequatur','663','Molestias magnam dignissimos nihil tempore illo alias aut.','Et tempora suscipit rerum vitae consequatur neque dolor beatae.',NULL,NULL,0,0,'Maxime doloribus soluta repellendus et.','Quas alias voluptatum aut aperiam laborum ipsum eius voluptatem.','2011-09-09 19:30:50','2011-09-09 19:30:50'),(94,'Model','Nikon','Camera 10 sit','664','Ut quos ut blanditiis quas earum aut quae rem.','Sed voluptatem beatae molestiae.',NULL,NULL,0,0,'Et rerum quidem praesentium soluta eum.','Ut deleniti voluptates assumenda ut accusantium aut.','2011-09-09 19:30:50','2011-09-09 19:30:50'),(95,'Model','Nikon','Camera 11 eaque','665','Consequatur occaecati adipisci debitis qui molestiae alias.','Earum enim et velit non veniam nam aut.',NULL,NULL,0,0,'Fugit est aut occaecati culpa.','Reprehenderit est voluptatibus saepe aut perferendis.','2011-09-09 19:30:50','2011-09-09 19:30:50'),(96,'Model','Nikon','Camera 12 sunt','666','Amet quia non ipsa voluptatem quo excepturi.','Illum est quod aliquam nulla quam veniam magnam.',NULL,NULL,0,0,'Ut quo et ut vitae.','Officiis aut aperiam in optio consequatur ab fugiat ducimus.','2011-09-09 19:30:50','2011-09-09 19:30:50'),(97,'Model','Nikon','Camera 13 autem','667','Quod odit esse dolor.','Illo eum quam ullam eveniet.',NULL,NULL,0,0,'Deserunt sit modi facere maiores nemo iure voluptatem.','Accusantium sint vel voluptatem doloremque iure enim soluta velit.','2011-09-09 19:30:50','2011-09-09 19:30:50'),(98,'Model','Nikon','Camera 14 dolorem','668','Dicta odio est officia rem quia velit rerum.','Voluptatem incidunt sit consequuntur tenetur.',NULL,NULL,0,0,'Sed velit consequatur veniam quia commodi molestias aut quis.','Alias ut et ea est eligendi.','2011-09-09 19:30:50','2011-09-09 19:30:50'),(99,'Model','Nikon','Camera 15 pariatur','669','Magnam labore est sunt.','Atque cumque et asperiores qui quaerat dolorem perferendis suscipit.',NULL,NULL,0,0,'Nam corrupti asperiores veniam.','Eos voluptas et ea corrupti distinctio sint asperiores in.','2011-09-09 19:30:50','2011-09-09 19:30:50'),(100,'Model','Nikon','Camera 16 consequatur','670','Numquam aut sed non voluptas enim.','Ipsam ab eum voluptatem quidem consequatur.',NULL,NULL,0,0,'Iure accusantium blanditiis occaecati facilis minima numquam.','Est sed ullam est tenetur placeat suscipit.','2011-09-09 19:30:50','2011-09-09 19:30:50'),(101,'Model','Nikon','Camera 17 numquam','671','Est error at corporis esse soluta.','Animi vitae sapiente laudantium.',NULL,NULL,0,0,'Non aut enim quis quia cupiditate ut deleniti molestiae.','Ducimus nisi voluptatem et.','2011-09-09 19:30:50','2011-09-09 19:30:50'),(102,'Model','Nikon','Camera 18 ducimus','672','Rerum accusantium aut corrupti autem voluptatibus consequuntur ex.','Quam ut expedita vel optio dolorem.',NULL,NULL,0,0,'Et occaecati totam consequuntur cum tempore facilis sint perspiciatis.','Aut necessitatibus numquam est quod qui molestiae.','2011-09-09 19:30:50','2011-09-09 19:30:50'),(103,'Model','Nikon','Camera 19 autem','673','Expedita iusto placeat qui qui consequatur molestiae delectus ad.','Nam alias illo iste rerum harum nisi voluptatibus qui.',NULL,NULL,0,0,'Culpa commodi nam impedit earum quo non dignissimos.','Sed in nesciunt numquam aut consectetur qui eveniet ut.','2011-09-09 19:30:50','2011-09-09 19:30:50'),(104,'Model','Nikon','Camera 20 numquam','674','Quidem et quam et aut vel.','Magni suscipit harum consequatur velit.',NULL,NULL,0,0,'Nostrum amet et maiores suscipit similique voluptate vitae.','Facere nihil deleniti harum et aut.','2011-09-09 19:30:50','2011-09-09 19:30:50'),(105,'Model','Nikon','Camera 21 officiis','675','Laboriosam debitis corporis impedit et eveniet.','Nihil magnam et maiores velit eos facilis.',NULL,NULL,0,0,'Quis in ut voluptate alias aut.','Cupiditate et inventore qui beatae.','2011-09-09 19:30:50','2011-09-09 19:30:50'),(106,'Model','Nikon','Camera 22 libero','676','Magni earum omnis excepturi ea et.','Quo est molestiae itaque provident corrupti ipsam commodi ipsa.',NULL,NULL,0,0,'Eveniet dignissimos sit reiciendis perferendis officia.','Eum est consequatur dolor iusto.','2011-09-09 19:30:50','2011-09-09 19:30:50'),(107,'Model','Nikon','Camera 23 quidem','677','Corporis aliquid consequatur vitae temporibus.','Inventore animi dolores molestiae voluptatem.',NULL,NULL,0,0,'Occaecati debitis voluptatibus ipsa ratione.','Sunt a optio maxime numquam.','2011-09-09 19:30:50','2011-09-09 19:30:50'),(108,'Model','Nikon','Camera 24 nostrum','678','Dolore velit quisquam aut sequi ut.','Fuga et hic et possimus totam ab impedit et.',NULL,NULL,0,0,'Vel voluptatem dicta sint nobis officia culpa quaerat eum.','Quam quisquam aut voluptatum.','2011-09-09 19:30:50','2011-09-09 19:30:50'),(109,'Model','Nikon','Camera 25 dolorum','679','Quia id neque asperiores autem maiores blanditiis sed aut.','Ut officiis velit modi quia beatae.',NULL,NULL,0,0,'Repellendus voluptatem corrupti culpa delectus cumque.','Illo quas non voluptas.','2011-09-09 19:30:50','2011-09-09 19:30:50'),(110,'Model','Nikon','Camera 26 et','680','Iusto labore adipisci dolores voluptatum.','Aut temporibus inventore sed et consectetur est at ea.',NULL,NULL,0,0,'Quia est quis labore modi qui sunt hic.','Illum laudantium facilis mollitia est sunt eos ea possimus.','2011-09-09 19:30:50','2011-09-09 19:30:50'),(111,'Model','Nikon','Camera 27 ab','681','Dicta est vero repellat iusto consequatur aperiam omnis accusantium.','Autem ullam est cum voluptate minima maxime aut perspiciatis.',NULL,NULL,0,0,'Dolores laudantium quibusdam inventore ea ut quis.','Eaque qui odit vel iure in explicabo soluta.','2011-09-09 19:30:50','2011-09-09 19:30:50'),(112,'Model','Nikon','Camera 28 ullam','682','Voluptatem est molestiae et quis.','Aspernatur et eos repudiandae est.',NULL,NULL,0,0,'Aut minima fugiat sunt est labore.','Illum nihil sed temporibus quidem veniam.','2011-09-09 19:30:50','2011-09-09 19:30:50'),(113,'Model','Nikon','Camera 29 dicta','683','Quisquam nesciunt velit voluptates.','Ipsam nulla fugit amet pariatur rerum quisquam.',NULL,NULL,0,0,'Facilis provident assumenda vero amet nihil aut.','Ut molestiae dolores autem vitae.','2011-09-09 19:30:50','2011-09-09 19:30:50'),(114,'Model','Nikon','Camera 30 amet','684','Ea et perferendis dolor quidem voluptatem.','Ullam itaque deleniti dolorem est.',NULL,NULL,0,0,'Deserunt ab sed tempore.','Voluptatem quod sed exercitationem libero.','2011-09-09 19:30:50','2011-09-09 19:30:50'),(115,'Model','Sony','Hifi Standard','685','Velit nulla voluptatem quia enim.','Error quia non accusamus corporis.',NULL,NULL,2,0,'Voluptatum beatae odit voluptatem aperiam nostrum similique.','Eveniet accusantium voluptatem quidem aliquid consectetur.','2011-09-09 19:30:50','2011-09-09 19:30:50'),(116,'Model','Feli','Kamera Stativ','123','Stabiles Kamera Stativ','Placeat autem beatae vitae.',NULL,NULL,0,0,'Occaecati voluptatibus qui eos.','Stativ muss mit Stativtasche ausgehndigt werden.','2011-09-09 19:30:50','2011-09-09 19:30:50'),(117,'Model','Bose','BoseFantastic Rubber Car','686','Nostrum saepe nulla. Esse qui earum. Quod dolores sit dolorem sint ex perferendis. Qui nihil sunt cupiditate dolores.','Qui nesciunt sint velit architecto necessitatibus id optio ad.',NULL,NULL,0,0,'Ab esse aut repellendus et dolor voluptatibus modi.','Sit repellendus ut ipsum distinctio culpa consequatur.','2011-09-09 19:30:50','2011-09-09 19:30:50'),(118,'Model','Bose','BosePractical Steel Hat','687','Illum ut minima dolorum hic quis esse. Velit aliquam sint. Omnis qui natus molestiae. In necessitatibus assumenda optio ullam incidunt exercitationem nostrum.','Reprehenderit ut ut consectetur dolorem corporis quia.',NULL,NULL,0,0,'Neque ea sit delectus.','Consequuntur ut explicabo quia unde nobis sed.','2011-09-09 19:30:50','2011-09-09 19:30:50'),(119,'Model','Schmidt, Dibbert and Ritchie','Kamera Set','691','Consectetur blanditiis ut vitae et.','Voluptas repellendus ab reprehenderit non in.',NULL,NULL,2,1,'Nisi aperiam itaque repellendus.','Esse suscipit corporis et.','2011-09-09 19:30:50','2011-09-09 19:30:50'),(120,'Model','Rippin, Schneider and Hettinger','Rustic Granite Shoes','692','Facere at et reiciendis enim.','Qui fuga rerum deserunt at.',NULL,NULL,2,0,'Eos ut sunt omnis qui.','Quas nostrum voluptas molestiae rerum minima et ut.','2011-09-09 19:30:50','2011-09-09 19:30:50'),(121,'Model','Kris, Wisozk and Satterfield','Fantastic Rubber Gloves','693','Autem omnis ipsum consectetur.','Deserunt voluptas est neque et temporibus eligendi dolore voluptatem.',NULL,NULL,1,0,'Ut sunt omnis nam molestiae iure et.','Sapiente at sint qui ipsa.','2011-09-09 19:30:50','2011-09-09 19:30:50'),(122,'Model','Hyatt, Heaney and Pfeffer','Incredible Wooden Pants','694','Quam excepturi in enim omnis.','Vero quae provident qui voluptatem.',NULL,NULL,3,0,'Nihil natus optio minima rem voluptatem ducimus.','Voluptatibus ab nihil modi id quod nemo officia optio.','2011-09-09 19:30:50','2011-09-09 19:30:50'),(123,'Model','Pagac, Kihn and Morar','Practical Steel Hat','695','Consequatur consectetur ut sed corrupti maiores expedita.','Aut est ad eius iste sed.',NULL,NULL,2,0,'Perferendis unde dolores quaerat modi commodi facilis impedit ipsam.','Cumque ut aliquid dolores deserunt dolorem praesentium assumenda.','2011-09-09 19:30:50','2011-09-09 19:30:50'),(124,'Model','Howell-Smith','Incredible Concrete Shoes','696','Est incidunt dolore excepturi optio.','In a et at perferendis dolores est consequatur mollitia.',NULL,NULL,1,0,'Beatae saepe temporibus architecto qui deserunt tempore quidem perspiciatis.','Quaerat quod hic eos sapiente tempore illum ducimus minus.','2011-09-09 19:30:50','2011-09-09 19:30:50'),(125,'Model','Lakin-Collier','Sleek Plastic Shirt','697','Necessitatibus rerum quisquam et.','Reiciendis et a dolore in sunt rerum est.',NULL,NULL,0,0,'Non pariatur ea et.','Quos aspernatur quibusdam consequatur animi aliquam.','2011-09-09 19:30:50','2011-09-09 19:30:50'),(126,'Model','Schoen, Funk and Kutch','Practical Rubber Hat','698','Ratione deleniti debitis non autem non accusantium explicabo.','Et exercitationem deserunt quod esse nesciunt.',NULL,NULL,2,0,'Commodi et saepe in neque ad repudiandae iste.','Tempore qui illum dolor ut cupiditate rerum non.','2011-09-09 19:30:50','2011-09-09 19:30:50'),(127,'Model','Hyatt-Watsica','Incredible Steel Chair','699','Provident eius tenetur quasi similique quo.','Perferendis voluptatem porro et iste.',NULL,NULL,1,0,'Quidem ducimus sint ea sunt modi harum.','Qui sunt est sapiente voluptatem quae a nobis.','2011-09-09 19:30:50','2011-09-09 19:30:50'),(128,'Model','Nader-Kihn','Sleek Concrete Shoes','700','Praesentium et nisi laboriosam eos excepturi cum et sapiente.','Ipsam officia voluptates suscipit quaerat beatae.',NULL,NULL,3,0,'Sequi facere voluptas iure.','Vel deleniti velit maxime ut quia facilis nobis nemo.','2011-09-09 19:30:50','2011-09-09 19:30:50'),(129,'Model','Terry, Kautzer and Sporer','Intelligent Cotton Pants','701','Deleniti voluptatum qui qui.','Amet aut autem quia.',NULL,NULL,3,0,'Aperiam aut nihil et maxime officia molestiae quia.','Et sit exercitationem animi itaque enim aut a impedit.','2011-09-09 19:30:50','2011-09-09 19:30:50'),(130,'Model','Bechtelar LLC','Sleek Granite Gloves','702','Soluta cum eius nisi commodi cupiditate ipsum.','Animi aut totam enim eos aut.',NULL,NULL,2,0,'Ex perspiciatis vero repudiandae commodi voluptas quod.','Dolores voluptas consequatur qui deleniti natus distinctio veniam.','2011-09-09 19:30:50','2011-09-09 19:30:50'),(131,'Model','Purdy and Sons','Practical Cotton Shoes','703','Tenetur praesentium eum facere eum hic a corrupti.','Voluptas eius quia sit.',NULL,NULL,3,0,'Neque incidunt aut fuga est.','Quaerat harum a repellat rerum quia enim.','2011-09-09 19:30:50','2011-09-09 19:30:50'),(132,'Model','Hamill, Bruen and Feest','Kamera Set2','704','Ullam voluptatem laudantium quo quis consequatur.','Quia ex quam doloribus facere perspiciatis laudantium aut nihil.',NULL,NULL,3,1,'Fugit voluptatem ipsam voluptates.','Quod quia eos sint aliquam ad sit.','2011-09-09 19:30:50','2011-09-09 19:30:50'),(133,'Model','Swift-Bartell','Small Steel Computer','705','Repellat voluptatem reprehenderit eligendi nihil occaecati recusandae.','Et temporibus corrupti rerum labore et.',NULL,NULL,1,0,'Enim sit eum libero ut.','Unde consequuntur eveniet molestias quia pariatur.','2011-09-09 19:30:50','2011-09-09 19:30:50'),(134,'Model','King-Herman','Gorgeous Concrete Computer','706','Itaque eos placeat et ea qui fugit quas.','Et nemo sunt magni assumenda et consequuntur.',NULL,NULL,2,0,'Nostrum quod vel doloribus earum.','Dolor similique nostrum optio tenetur ut repellendus iste dolorem.','2011-09-09 19:30:50','2011-09-09 19:30:50'),(135,'Model','Quitzon Inc','Incredible Rubber Table','707','Rerum qui quos qui expedita sed.','Qui vitae aut aut eos officiis aut.',NULL,NULL,0,0,'Ut perspiciatis ducimus rerum voluptatem odit omnis numquam et.','Est ad ut quo commodi dolorem alias.','2011-09-09 19:30:50','2011-09-09 19:30:50'),(136,'Model','Witting, Lockman and Kilback','Ergonomic Granite Shirt','708','Error rerum quidem tenetur qui ut.','Tenetur nesciunt voluptas harum.',NULL,NULL,1,0,'Sequi aut sint ipsa laudantium.','Dignissimos enim necessitatibus quaerat.','2011-09-09 19:30:50','2011-09-09 19:30:50'),(137,'Model','Goodwin Group','Practical Cotton Car','709','Fugit est est nihil esse autem.','Dolore enim amet non est.',NULL,NULL,2,0,'Quasi fuga et quidem.','Ea tempora iure reiciendis.','2011-09-09 19:30:50','2011-09-09 19:30:50'),(138,'Model','Kutch, Aufderhar and Trantow','Practical Granite Pants','710','Maxime quo nam qui dolores.','Qui explicabo autem aut iusto.',NULL,NULL,1,0,'Necessitatibus magnam deserunt minus animi sunt impedit est.','Sunt magni molestiae dolores deleniti.','2011-09-09 19:30:50','2011-09-09 19:30:50'),(139,'Model','Williamson-Stroman','Small Steel Shirt','711','Animi et pariatur ut quo dolore minima ratione.','Nobis voluptatem eos asperiores in nulla explicabo qui.',NULL,NULL,3,0,'Ullam ducimus illum nam eius in.','Eos pariatur quos sint rem.','2011-09-09 19:30:50','2011-09-09 19:30:50'),(140,'Model','Nader-Bogan','Sleek Cotton Car','712','Ut corporis sunt impedit aut voluptatum repellendus.','Ut est velit vero aspernatur dolorem in ipsa.',NULL,NULL,3,0,'Et qui saepe sed debitis fugit.','Qui aut autem dolorem rem.','2011-09-09 19:30:50','2011-09-09 19:30:50'),(141,'Model','Legros Group','Ergonomic Concrete Shoes','713','In ea quisquam occaecati iusto non ipsa aut quia.','Sit cum deleniti nobis ipsa sit.',NULL,NULL,1,0,'Reiciendis minus molestias vel incidunt impedit.','Officia quia inventore sit.','2011-09-09 19:30:50','2011-09-09 19:30:50'),(142,'Model','Barrows, Schuppe and Runolfsson','Incredible Concrete Chair','714','Ipsam eos dolore quo saepe ut deleniti minima eum.','Accusamus quia incidunt alias molestiae quaerat porro.',NULL,NULL,1,0,'Eveniet dicta corrupti saepe odio repudiandae quisquam voluptates.','Autem omnis odio numquam.','2011-09-09 19:30:50','2011-09-09 19:30:50'),(143,'Model','Mills LLC','Rustic Rubber Gloves','715','Consequatur autem corporis sint.','Dolorem ullam magnam ipsa reiciendis et nulla.',NULL,NULL,1,0,'Eaque et aliquam tenetur dolorem.','Eius repellendus non necessitatibus sunt cumque inventore qui debitis.','2011-09-09 19:30:50','2011-09-09 19:30:50'),(144,'Model','Volkman-Wilkinson','Small Cotton Pants','716','Non quam iure voluptas.','Doloremque repellendus incidunt illo ducimus.',NULL,NULL,2,0,'Quaerat ut reiciendis et id eum modi qui.','Placeat velit ut corporis qui qui voluptatibus cupiditate.','2011-09-09 19:30:50','2011-09-09 19:30:50'),(145,'Model','Canon','Kamera Canon D5','717','Ganz teure Kamera','Est assumenda architecto qui.',NULL,NULL,0,0,'Voluptates consequatur sit magni.','Kamera brauch Akkus!','2011-09-09 19:30:50','2011-09-09 19:30:50'),(146,'Model','Apple','iMac','718','Apples alter iMac','Ea magnam officiis quaerat dolores.',NULL,NULL,0,0,'Qui et impedit voluptas et maiores repellat at.','Maiores voluptatem autem eius.','2011-09-09 19:30:50','2011-09-09 19:30:50'),(147,'Model','Microsoft','Windows Laptop','719','Ein Laptop der Marke Microsoft','Expedita consequatur et ut quasi illo nisi ut eaque.',NULL,NULL,0,0,'Voluptas vel quia rerum mollitia sint ut est.','Laptop mit Tasche ausgeben','2011-09-09 19:30:50','2011-09-09 19:30:50'),(148,'Model','Walkera','Walkera v120','1G','3D Helikopter','Animi non veniam voluptatem ea ad excepturi.',NULL,NULL,0,0,'Eligendi dicta quia dolores.','Ratione nihil eveniet error.','2011-09-09 19:30:50','2011-09-09 19:30:50'),(149,'Model','Walkera','Walkera v120','2G','3D Helikopter','Architecto vel eos a aut saepe.',NULL,NULL,0,0,'Quaerat maxime accusamus quasi.','Voluptatem dolorem omnis qui ea eos.','2011-09-09 19:30:50','2011-09-09 19:30:50'),(150,'Model','Walkera','Walkera v120','3G','3D Helikopter','Eligendi voluptatem a rerum laboriosam repellat.',NULL,NULL,0,0,'Exercitationem autem asperiores delectus qui saepe architecto.','Tenetur tempora et occaecati eius ab et assumenda earum.','2011-09-09 19:30:50','2011-09-09 19:30:50'),(151,'Software','Beahan LLC','Incredible Granite Table','720',NULL,NULL,NULL,NULL,0,0,NULL,NULL,'2011-09-09 19:30:50','2011-09-09 19:30:50'),(152,'Software','Toy Inc','Small Rubber Gloves','721',NULL,NULL,NULL,NULL,0,0,NULL,NULL,'2011-09-09 19:30:50','2011-09-09 19:30:50'),(153,'Software','Wunsch LLC','Rustic Steel Gloves','722',NULL,NULL,NULL,NULL,0,0,NULL,NULL,'2011-09-09 19:30:50','2011-09-09 19:30:50'),(154,'Software','Ortiz-Ortiz','Fantastic Plastic Hat','723',NULL,NULL,NULL,NULL,0,0,NULL,NULL,'2011-09-09 19:30:50','2011-09-09 19:30:50'),(155,'Software','Langworth LLC','Incredible Concrete Hat','724',NULL,NULL,NULL,NULL,0,0,NULL,NULL,'2011-09-09 19:30:50','2011-09-09 19:30:50'),(156,'Software','Gorczany-Mosciski','Fantastic Granite Chair','725',NULL,NULL,NULL,NULL,0,0,NULL,NULL,'2011-09-09 19:30:50','2011-09-09 19:30:50'),(157,'Software','Kshlerin, Sauer and Kunde','Ergonomic Rubber Computer','726',NULL,NULL,NULL,NULL,0,0,NULL,NULL,'2011-09-09 19:30:50','2011-09-09 19:30:50'),(158,'Software','Ledner Inc','Gorgeous Cotton Pants','727',NULL,NULL,NULL,NULL,0,0,NULL,NULL,'2011-09-09 19:30:50','2011-09-09 19:30:50'),(159,'Software','Pouros and Sons','Fantastic Plastic Car','728',NULL,NULL,NULL,NULL,0,0,NULL,NULL,'2011-09-09 19:30:50','2011-09-09 19:30:50'),(160,'Software','Senger-Nolan','Sleek Rubber Pants','729',NULL,NULL,NULL,NULL,0,0,NULL,NULL,'2011-09-09 19:30:50','2011-09-09 19:30:50'),(161,'Software','King and Sons','Gorgeous Plastic Shoes','730',NULL,NULL,NULL,NULL,0,0,NULL,NULL,'2011-09-09 19:30:50','2011-09-09 19:30:50'),(162,'Software','Hartmann-Collier','Intelligent Rubber Table','731',NULL,NULL,NULL,NULL,0,0,'test http://test.ch\r\nwww.foo.ch\r\njust a text',NULL,'2011-09-09 19:30:50','2011-09-09 19:30:50'),(163,'Software','Satterfield LLC','Rustic Granite Shirt','732',NULL,NULL,NULL,NULL,0,0,'test http://test.ch\r\nwww.foo.ch\r\njust a text',NULL,'2011-09-09 19:30:50','2011-09-09 19:30:50'),(164,'Software','Ebert Group','Small Concrete Car','733',NULL,NULL,NULL,NULL,0,0,NULL,NULL,'2011-09-09 19:30:50','2011-09-09 19:30:50'),(165,'Model','Kulas-Jerde','Small Steel Car',NULL,'Asperiores tempore nulla adipisci id.','Officia earum at sequi esse.',NULL,NULL,3,0,'Neque unde sed sit ut optio est quia et.','Rerum quos ea dignissimos.','2011-09-09 19:30:50','2011-09-09 19:30:50'),(166,'Model','Monahan, Mraz and Fadel','Ergonomic Wooden Pants','735','Eius aut molestias sunt rerum excepturi iusto doloribus ut.','Itaque quod possimus ut.',NULL,NULL,3,0,'Fuga tempore voluptas natus.','Sunt ipsam voluptas et perferendis id tempora.','2011-09-09 19:30:50','2011-09-09 19:30:50'),(167,'Software','Ward-Anderson','Rustic Granite Pants','737',NULL,NULL,NULL,NULL,0,0,NULL,NULL,'2011-09-09 19:30:50','2011-09-09 19:30:50'),(168,'Model','D\'Amore Inc','Intelligent Steel Table','738','Laboriosam sint rerum eos cupiditate est.','Architecto minima dolorum et autem et.',NULL,NULL,2,0,'Ipsum iusto porro omnis.','Modi sed ut ut hic tempore atque libero.','2011-09-04 00:00:00','2011-09-04 00:00:00'),(169,'Model','Wehner-Rolfson','Intelligent Concrete Computer','739','Consequatur ut voluptatum quo.','Dolorem sequi et a.',NULL,NULL,1,0,'Amet cum fugit dolorum molestias.','Sunt ut possimus sit quo ratione doloribus earum tempora.','2011-09-04 00:00:00','2011-09-04 00:00:00'),(170,'Model','Cremin, Hayes and Bahringer','Awesome Plastic Table','740','Repellat perspiciatis nihil sunt sed deserunt tenetur.','Autem autem ut quis aliquid est ab.',NULL,NULL,0,0,'Nemo minima at nesciunt est veritatis aperiam voluptatem.','Ut quae alias quo repellendus deserunt.','2011-09-04 00:00:00','2011-09-04 00:00:00'),(171,'Model','Hane Group','Practical Granite Computer','741','Dolore eveniet expedita fuga incidunt possimus illo.','Aliquam et maxime corrupti ea quos qui in architecto.',NULL,NULL,3,0,'Et doloremque nisi et quis maxime aut.','Esse optio eos corrupti distinctio.','2011-09-04 00:00:00','2011-09-04 00:00:00'),(172,'Model','Lowe-Mante','Incredible Cotton Table','743','Consectetur ducimus temporibus est in voluptatem sed cumque nisi.','Debitis quia dignissimos possimus facere ducimus cumque nihil.',NULL,NULL,0,0,'Officia quod id at laborum nulla fuga quisquam.','Porro sequi placeat minus suscipit dolor recusandae voluptates.','2011-09-09 19:30:50','2011-09-09 19:30:50'),(173,'Model','Predovic LLC','Fantastic Cotton Pants','744','Consequatur nihil quae ipsum quasi sunt fuga.','Cumque facere ut sapiente corporis dolores ea delectus consequatur.',NULL,NULL,2,0,'A minima temporibus sed debitis aliquam at voluptates iste.','Facilis veniam sapiente quod vel enim rerum.','2011-09-09 19:30:50','2011-09-09 19:30:50'),(174,'Model','Terry, Metz and Block','Rustic Concrete Car','745','Voluptate similique consequatur commodi magni voluptatibus et minima placeat.','Consequatur voluptatem ut quasi enim nesciunt perferendis quas.',NULL,NULL,2,0,'At dolores magnam ullam fuga vero.','Vel delectus eaque consequatur sunt.','2011-09-09 19:30:50','2011-09-09 19:30:50'),(175,'Model','Williamson Inc','Fantastic Steel Computer','746','Consequatur in praesentium doloribus eum tempora ut incidunt amet.','Autem laudantium neque eos.',NULL,NULL,1,0,'Sit eum suscipit deserunt dolorem porro.','Odio sunt praesentium aut.','2011-09-09 19:30:50','2011-09-09 19:30:50'),(176,'Model','Koepp-Conroy','Rustic Steel Table','747','Cumque doloremque mollitia ea rerum.','Ea est perferendis non ipsum eligendi ducimus harum sit.',NULL,NULL,3,0,'Ut nam veritatis repudiandae labore nesciunt repellendus sunt corrupti.','Ratione maiores est repellat rerum molestiae cupiditate.','2011-09-09 19:30:50','2011-09-09 19:30:50'),(177,'Model','Carroll-Schinner','Incredible Plastic Chair','748','Nihil voluptatum sint aut et officia eaque facere.','Incidunt vel aut quam et.',NULL,NULL,3,0,'A nihil aut ipsam.','Ducimus aut eius aliquid tenetur nemo consequatur.','2011-09-09 19:30:50','2011-09-09 19:30:50'),(178,'Model','Baumbach-Nader','Practical Wooden Hat','749','Adipisci saepe quaerat qui.','Tenetur saepe ratione iure.',NULL,NULL,3,0,'Earum harum deleniti architecto.','Corporis qui sint quibusdam ab sit debitis eveniet molestiae.','2011-09-09 19:30:50','2011-09-09 19:30:50'),(179,'Model','Cremin Inc','Gorgeous Wooden Pants','750','Temporibus sit autem accusamus ea aut cumque consectetur.','Qui ad voluptatem dolorum.',NULL,NULL,2,0,'Eius cum commodi ipsum facere et et harum.','Eos natus laboriosam qui dolore non molestiae est similique.','2011-09-09 19:30:50','2011-09-09 19:30:50'),(180,'Model','Cronin and Sons','Intelligent Concrete Pants','751','Sint porro minus qui quo vero.','Et accusantium molestias et perferendis laudantium.',NULL,NULL,1,0,'Tenetur totam et molestiae ex.','Dolores nobis aut eaque quo.','2011-09-09 19:30:50','2011-09-09 19:30:50'),(181,'Model','Mante LLC','Rustic Rubber Pants','752','Provident consequuntur error blanditiis cupiditate corporis.','Consectetur nam eos qui reiciendis illum voluptate itaque.',NULL,NULL,3,0,'Minima consequatur unde fugiat quia.','Sit ut mollitia voluptatem omnis voluptates molestiae.','2011-09-09 19:30:50','2011-09-09 19:30:50'),(182,'Model','Bechtelar Group','Rustic Rubber Shirt','753','Labore autem in repellendus qui.','Harum recusandae qui voluptatem consequatur et eius tempore.',NULL,NULL,1,0,'Reiciendis omnis ea odio eligendi est corporis enim molestias.','Quo voluptatibus at eum sint.','2011-09-09 19:30:50','2011-09-09 19:30:50'),(183,'Model','Koepp and Sons','Small Cotton Gloves','754','Et sequi soluta ut quia optio culpa dolorem.','Recusandae dolores provident qui.',NULL,NULL,0,0,'Sed iste nam fuga officia sit.','Voluptas maxime repudiandae fugit optio reprehenderit.','2011-09-09 19:30:50','2011-09-09 19:30:50'),(184,'Model','Wiza, Vandervort and Mertz','Practical Plastic Gloves','755','Illo ullam sint explicabo cumque.','Repellendus totam sunt soluta nostrum.',NULL,NULL,1,0,'Quis impedit distinctio ad quo inventore vel.','Excepturi est mollitia rerum officiis sit quo laboriosam.','2011-09-09 19:30:50','2011-09-09 19:30:50'),(185,'Model','Wilkinson, Beahan and Ziemann','Fantastic Concrete Shirt','756','Sed sed quis ab odio et harum omnis dolore.','Consequuntur officiis autem qui dolor voluptatem voluptate.',NULL,NULL,3,0,'Autem eveniet ullam eius cumque est molestiae sunt.','Voluptatem rerum excepturi minus incidunt.','2011-09-04 00:00:00','2011-09-04 00:00:00'),(186,'Model','Sporer, West and VonRueden','Incredible Rubber Car','757','Libero et et culpa vitae voluptatum odit eius.','Ad hic dolore voluptas.',NULL,NULL,1,0,'Hic qui sunt aut.','Quidem neque minima voluptates aut consectetur veritatis.','2011-09-04 00:00:00','2011-09-04 00:00:00'),(187,'Model','Little Inc','Fantastic Cotton Table','758','Minus illo eum et et repellat.','Sequi est delectus amet.',NULL,NULL,3,0,'Magnam reiciendis aut velit possimus ullam aliquam.','Quibusdam corrupti sed et.','2011-09-04 00:00:00','2011-09-04 00:00:00'),(188,'Model','Raynor LLC','Gorgeous Rubber Table','759','Sapiente officia voluptate cum exercitationem quia quos.','Est quia magnam itaque soluta voluptas fugiat sed natus.',NULL,NULL,1,0,'Vel optio et culpa est.','Odio quia optio eius veniam voluptatem dolor.','2011-09-04 00:00:00','2011-09-04 00:00:00'),(189,'Model','Huel, Nienow and Smitham','Sleek Wooden Car','760','Quia velit quos corporis similique.','Nisi velit autem ullam dolorem ipsum voluptatem.',NULL,NULL,2,0,'Praesentium aut possimus voluptatem voluptatem.','Qui delectus veritatis quod distinctio quam.','2011-09-04 00:00:00','2011-09-04 00:00:00'),(190,'Model','Thompson-Marvin','Rustic Plastic Computer','761','Officia et sed aliquam aut libero id.','Quo dicta voluptate alias.',NULL,NULL,1,0,'Magnam a aut qui dolores totam maxime ut.','Qui voluptas vero laudantium.','2011-09-09 19:30:50','2011-09-09 19:30:50'),(191,'Model','Schmidt LLC','Awesome Steel Gloves','762','Amet tempore nihil quae.','Aliquid laboriosam laudantium a placeat dolor minus.',NULL,NULL,3,0,'Sint ex repudiandae illo.','Velit dolorem et quam rerum nobis.','2011-09-09 19:30:50','2011-09-09 19:30:50'),(192,'Model','Lang-Hermann','Intelligent Wooden Computer','763','Nam ex quas consequuntur enim cupiditate.','Fuga sit ut nesciunt commodi.',NULL,NULL,2,0,'Soluta quia esse et.','Quaerat nostrum error optio beatae quis a quisquam tenetur.','2011-09-09 19:30:50','2011-09-09 19:30:50'),(193,'Model','Abernathy and Sons','Ergonomic Rubber Car','764','Labore alias recusandae voluptatum id ea maxime aut adipisci.','Deserunt debitis sunt officia.',NULL,NULL,3,0,'Officia at qui aliquam autem voluptatum placeat.','Rerum voluptatum ipsam repellat.','2011-09-09 19:30:50','2011-09-09 19:30:50'),(194,'Model','King Group','Incredible Steel Pants','765','Tempora et minus omnis eum nemo earum.','Quidem eligendi doloribus perferendis iure aut et enim.',NULL,NULL,0,0,'Libero sequi voluptatibus reprehenderit et repudiandae amet suscipit.','Modi qui totam magnam et sed incidunt perspiciatis.','2011-09-09 19:30:50','2011-09-09 19:30:50'),(195,'Model','Gorczany, Cummerata and Shanahan','Awesome Cotton Shoes','766','Et assumenda culpa est quaerat numquam et.','Vel aut voluptate molestiae consectetur in occaecati hic explicabo.',NULL,NULL,3,0,'Consequuntur quia dolorem enim.','Voluptatem ratione libero accusantium voluptatem illo.','2011-09-09 19:30:50','2011-09-09 19:30:50'),(196,'Model','Baumbach-McGlynn','Sleek Rubber Computer','767','Magni possimus magnam in quas voluptas ut.','Ex non ut ad eos.',NULL,NULL,0,0,'Neque molestias eos quam sit optio nemo quis.','Aut sit voluptatibus animi a sunt.','2011-09-09 19:30:50','2011-09-09 19:30:50'),(197,'Model','Dickinson-Kris','Ergonomic Granite Hat','768','Provident amet consectetur quaerat eum itaque impedit quia.','Recusandae et aspernatur qui nesciunt labore nobis.',NULL,NULL,0,0,'Et ab numquam id consequatur quod est accusamus laboriosam.','Cupiditate rerum eos accusamus cumque ut fugit laudantium.','2011-09-09 19:30:50','2011-09-09 19:30:50'),(198,'Model','Trantow LLC','Ergonomic Steel Table','769','Aut similique voluptatem blanditiis.','Quia perspiciatis quisquam optio quos tempore hic quasi quidem.',NULL,NULL,1,0,'Ea aliquid dolores error doloremque qui nihil voluptas quaerat.','Atque similique et fugit sint.','2011-09-09 19:30:50','2011-09-09 19:30:50'),(199,'Model','Hilpert-Hansen','Awesome Granite Hat','770','Et aut provident voluptatem omnis ad exercitationem voluptatem.','Et sint laborum aliquid.',NULL,NULL,0,0,'Placeat vel voluptatibus eum sit.','Qui ipsam nulla quia molestiae aut architecto ut quis.','2011-09-09 19:30:50','2011-09-09 19:30:50'),(200,'Model','Lang-Deckow','Sleek Granite Pants','771','Labore et possimus minima nesciunt iste.','Impedit omnis soluta optio.',NULL,NULL,0,0,'Explicabo perferendis harum eum.','Excepturi repellat mollitia quod velit tempore et.','2011-09-09 19:30:50','2011-09-09 19:30:50'),(201,'Model','Bergstrom LLC','Gorgeous Rubber Shirt','772','Laboriosam et aut expedita velit quis sint.','Eligendi necessitatibus quis molestiae.',NULL,NULL,1,0,'Asperiores non molestiae et et ut facere consequuntur.','Quia esse id voluptatem sit voluptas voluptas.','2011-09-09 19:30:50','2011-09-09 19:30:50'),(202,'Model','Denesik Inc','Sleek Wooden Shirt','773','Qui aliquam sed omnis rerum quibusdam laudantium similique.','Ea provident molestiae sint vel consectetur cumque doloremque corrupti.',NULL,NULL,3,0,'Voluptatum veniam sint rerum.','Occaecati explicabo perspiciatis quis reprehenderit voluptas soluta et.','2011-09-09 19:30:50','2011-09-09 19:30:50'),(203,'Model','Hoppe Inc','Ergonomic Concrete Computer','774','Veritatis odio ratione corrupti tenetur consectetur.','Nemo possimus est facere sit.',NULL,NULL,3,0,'Incidunt et voluptatem voluptas in ullam provident.','Vero nihil doloribus sit suscipit quisquam quo rerum quis.','2011-09-09 19:30:50','2011-09-09 19:30:50'),(204,'Model','Goyette Group','Fantastic Wooden Computer','775','Porro est ab rerum exercitationem ut aperiam tempore.','Beatae praesentium quis laboriosam doloribus.',NULL,NULL,0,0,'Error quo impedit omnis quia porro illo recusandae distinctio.','Vitae totam ab id sed ut.','2011-09-09 19:30:50','2011-09-09 19:30:50'),(205,'Model','Crist, Mayer and Towne','Small Plastic Shoes','776','Rem eligendi eveniet aut quam suscipit est.','Sequi ut aut fuga.',NULL,NULL,0,0,'Voluptatem maiores nesciunt unde eius nihil.','Nihil aut perferendis commodi in minima consequuntur.','2011-09-09 19:30:50','2011-09-09 19:30:50'),(206,'Model','Ward-MacGyver','Sleek Steel Shoes','777','Exercitationem facere illo ut laudantium repudiandae fuga ea ullam.','Qui aut perferendis nemo occaecati.',NULL,NULL,3,0,'Est sit non at facilis vero sapiente.','Amet aperiam et at corrupti et natus similique fugit.','2011-09-09 19:30:50','2011-09-09 19:30:50'),(207,'Model','Cartwright, Gulgowski and Runolfsdottir','Ergonomic Plastic Chair','778','Tenetur similique quia quisquam esse id voluptatem nesciunt.','Rem et nesciunt dolore sint.',NULL,NULL,3,0,'Officiis maiores placeat unde quo molestiae ea.','Velit voluptate eos et.','2011-09-09 19:30:50','2011-09-09 19:30:50'),(208,'Model','Mayer Group','Fantastic Wooden Shirt','779','Necessitatibus accusantium voluptatem illo consequuntur incidunt asperiores.','Veniam esse doloribus corrupti voluptas nulla voluptate dolores.',NULL,NULL,2,0,'Voluptatem error ab at quo autem iste aut vero.','Omnis ut nemo hic delectus aut inventore ratione alias.','2011-09-09 19:30:50','2011-09-09 19:30:50'),(209,'Model','Roberts, McLaughlin and Collier','Awesome Cotton Gloves','780','Aliquam voluptatem id consequatur nihil itaque maxime velit.','Culpa ut inventore voluptas exercitationem aliquam sunt non hic.',NULL,NULL,3,0,'Officia autem veritatis excepturi perspiciatis.','Eligendi sunt qui hic fugit quod voluptas.','2011-09-09 19:30:50','2011-09-09 19:30:50'),(210,'Model','Bogisich, Bayer and Hagenes','Rustic Rubber Shoes','781','Odit quaerat eaque doloremque quo alias non.','Sit iure voluptate reiciendis numquam eos nulla.',NULL,NULL,1,0,'Sint nemo omnis ut tempora porro.','Eaque recusandae ab illo odit et nulla.','2011-09-09 19:30:50','2011-09-09 19:30:50'),(211,'Model','Conn-Vandervort','Fantastic Cotton Shoes','782','Quis pariatur aut qui deleniti cum veniam eius aliquid.','Sit temporibus quia magnam ut distinctio autem earum consequatur.',NULL,NULL,2,0,'Nobis quis dolor temporibus nisi non at sunt.','Eligendi et ab sit eum officia occaecati.','2011-09-09 19:30:50','2011-09-09 19:30:50'),(212,'Model','Lueilwitz and Sons','Incredible Cotton Computer','783','Ratione et alias quod.','Cumque excepturi qui deserunt autem.',NULL,NULL,3,0,'Mollitia vitae laborum aperiam.','Quas temporibus fugiat ipsum aut consequuntur sequi et.','2011-09-09 19:30:50','2011-09-09 19:30:50'),(213,'Model','Mayert Group','Sleek Wooden Table','784','Ea voluptatem aut maiores quia tempora suscipit.','Et qui consequatur debitis et consequatur et officiis.',NULL,NULL,1,0,'Consequuntur cupiditate temporibus omnis nesciunt.','Voluptas repellat officia delectus voluptates.','2011-09-09 19:30:50','2011-09-09 19:30:50'),(214,'Model','Marquardt-Hamill','Practical Wooden Table','785','Quo quas impedit quis ipsa tempore tempora aut accusantium.','Aut officia et non omnis dolore.',NULL,NULL,3,0,'Quae officiis laudantium culpa explicabo delectus optio provident eius.','Eius distinctio dicta repellendus.','2011-09-09 19:30:50','2011-09-09 19:30:50'),(215,'Model','Lehner-Considine','Incredible Plastic Gloves','786','Similique veritatis consequatur sint sit vel autem omnis doloribus.','Quis magni iste soluta voluptatibus amet.',NULL,NULL,0,0,'Enim consequatur eligendi at quia sapiente.','Numquam cumque rerum est est animi et dolor et.','2011-09-09 19:30:50','2011-09-09 19:30:50'),(216,'Model','Kirlin-Corwin','Ergonomic Wooden Shirt','787','Id corporis ipsum perspiciatis minima.','Dignissimos soluta culpa ullam eligendi fuga et velit.',NULL,NULL,0,0,'Et quia et similique doloribus a modi autem.','In ratione ut nihil ut.','2011-09-09 19:30:50','2011-09-09 19:30:50'),(217,'Model','Runte-Treutel','Sleek Granite Computer','788','Eos consectetur eum reprehenderit non cupiditate adipisci similique nemo.','Voluptate eligendi fuga fugiat quidem.',NULL,NULL,1,0,'Occaecati aut explicabo inventore architecto corporis in et.','Tenetur error doloribus at.','2011-09-09 19:30:50','2011-09-09 19:30:50'),(218,'Model','Treutel, Roberts and Vandervort','Ergonomic Rubber Shoes','789','Optio minus accusamus possimus.','Id aut occaecati aliquam ipsam et optio reiciendis fugiat.',NULL,NULL,1,0,'Enim animi rerum est qui.','Iusto consequatur quisquam dolore quis cupiditate.','2011-09-09 19:30:50','2011-09-09 19:30:50'),(219,'Model','Hand LLC','Incredible Concrete Shirt','790','Sint totam eius accusamus soluta accusantium autem.','Molestiae natus aut similique dolorum enim.',NULL,NULL,3,0,'Dolor consequuntur veritatis illum praesentium ipsa.','Velit et recusandae amet ducimus unde.','2011-09-09 19:30:50','2011-09-09 19:30:50'),(220,'Model','Kuvalis and Sons','Rustic Wooden Chair','791','Porro corporis alias perspiciatis voluptates et et atque laboriosam.','Et sequi voluptatibus numquam.',NULL,NULL,1,0,'Architecto possimus quisquam non ut exercitationem inventore maxime quia.','Eos saepe id quibusdam temporibus.','2011-09-09 19:30:50','2011-09-09 19:30:50'),(221,'Model','O\'Keefe, Eichmann and Roob','Ergonomic Granite Chair','792','Enim nesciunt vitae veritatis.','Occaecati aut non modi laborum nesciunt pariatur quo.',NULL,NULL,2,0,'Ab beatae expedita culpa et explicabo sed alias.','Quia eius aut dolorem hic quas.','2011-09-09 19:30:50','2011-09-09 19:30:50'),(222,'Model','Toy, Gorczany and VonRueden','Fantastic Concrete Shoes','793','Est ducimus sit quae quibusdam nulla.','Tempore quidem rerum voluptatem aperiam explicabo quisquam qui.',NULL,NULL,0,0,'Quos et quidem porro quibusdam natus dolorem quisquam aliquam.','Et et et est eos ut ab sequi.','2011-09-09 19:30:50','2011-09-09 19:30:50'),(223,'Model','Kuvalis Group','Intelligent Concrete Shirt','794','Reiciendis eum a consequatur dignissimos praesentium dolores.','Dolor error enim autem est et ut dolorem.',NULL,NULL,2,0,'Aut cum officia aliquid dolores sed et pariatur.','Sit ipsa aut unde voluptatibus dolor velit.','2011-09-09 19:30:50','2011-09-09 19:30:50'),(224,'Model','Doyle Group','Incredible Granite Computer','795','Sit alias et ut et facilis.','Quam nesciunt et aut molestiae id occaecati beatae.',NULL,NULL,1,0,'Error vel voluptatem expedita rem sunt recusandae reiciendis et.','Doloremque aut qui assumenda eaque facere.','2011-09-09 19:30:50','2011-09-09 19:30:50'),(225,'Model','Schiller-Davis','Gorgeous Granite Pants','796','Illum voluptatem molestias in cumque enim molestiae magni nulla.','Qui unde incidunt illo.',NULL,NULL,2,0,'Non consequuntur beatae natus dolor quia sed ea.','Ut sit voluptas vero.','2011-09-09 19:30:50','2011-09-09 19:30:50'),(226,'Model','Bauch, Bartoletti and Rohan','Incredible Granite Shirt','797','Deleniti adipisci dolorum deserunt.','Eius officiis nobis quas.',NULL,NULL,2,0,'Aperiam natus ut labore fuga eaque aut perspiciatis.','Odio ut dolores commodi quia labore cum tempore.','2011-09-09 19:30:50','2011-09-09 19:30:50'),(227,'Model','Heathcote, Kris and Aufderhar','Awesome Granite Chair','798','Tempore ut eligendi error eius repudiandae qui in enim.','Voluptatem repellendus deserunt aut pariatur neque aut.',NULL,NULL,1,0,'Labore dolorem et sint.','Distinctio neque consectetur inventore at tempore quod recusandae.','2011-09-09 19:30:50','2011-09-09 19:30:50'),(228,'Model','Schuppe LLC','Incredible Cotton Shoes','799','Quibusdam sunt assumenda iusto ipsum optio.','Ut facere facilis expedita eius debitis.',NULL,NULL,0,0,'Voluptatem qui rerum perspiciatis distinctio.','Asperiores quo fuga excepturi libero dolor voluptatem.','2011-09-09 19:30:50','2011-09-09 19:30:50'),(229,'Model','Von-Nader','Rustic Cotton Chair','800','Sequi non soluta nesciunt illo dolor.','Nemo eveniet odit cum et eligendi et.',NULL,NULL,2,0,'Voluptas expedita sit fugiat cumque.','Deserunt est non perferendis.','2011-09-09 19:30:50','2011-09-09 19:30:50'),(230,'Model','Schmidt-Paucek','Ergonomic Rubber Gloves','801','Nobis vero perferendis recusandae facilis dolorum saepe voluptatem.','Enim voluptas suscipit tenetur sed sunt quia.',NULL,NULL,2,0,'Inventore sunt labore consectetur error deserunt tenetur tempore.','Occaecati non laboriosam qui molestiae qui nihil deserunt.','2011-09-09 19:30:50','2011-09-09 19:30:50'),(231,'Model','Reichert, Willms and DuBuque','Incredible Concrete Table','802','Blanditiis suscipit soluta totam consequatur in eum ratione rerum.','Neque eos aspernatur optio.',NULL,NULL,3,0,'Omnis quidem enim saepe quibusdam pariatur velit.','Perferendis molestiae eligendi in.','2011-09-09 19:30:50','2011-09-09 19:30:50'),(232,'Model','Vandervort, Rowe and Turner','Incredible Rubber Chair','803','Tenetur qui possimus molestiae nisi.','Enim sequi provident laudantium.',NULL,NULL,3,0,'Aperiam non est voluptatibus.','Velit voluptas fugit corrupti quia earum numquam dolor.','2011-09-09 19:30:50','2011-09-09 19:30:50'),(233,'Model','Hand Group','Ergonomic Wooden Gloves','804','Possimus temporibus aut corporis doloribus alias dolor voluptatibus id.','Omnis sunt beatae ex nulla consequatur cumque.',NULL,NULL,3,0,'Qui pariatur molestiae ut et.','Animi commodi enim ut accusantium voluptates.','2011-09-09 19:30:50','2011-09-09 19:30:50'),(234,'Model','Emard-Yost','Practical Granite Hat','805','Nihil libero et quis voluptates ad consequuntur quidem.','Neque dolores incidunt voluptas sint quidem.',NULL,NULL,1,0,'Ab eos dolores eius vitae sit.','Sit sit atque vel blanditiis aliquid.','2011-09-09 19:30:50','2011-09-09 19:30:50'),(235,'Model','Blick-Becker','Small Wooden Shoes','806','Molestiae vel id reiciendis sunt alias itaque ut.','Ipsam vel saepe voluptas ad dolorem est.',NULL,NULL,0,0,'Earum et qui dolores.','Ut nihil reiciendis asperiores sed.','2011-09-09 19:30:50','2011-09-09 19:30:50'),(236,'Model','Zieme-McDermott','Gorgeous Steel Hat','807','Molestias odit voluptatem incidunt sit voluptas est nam.','Recusandae excepturi voluptas quia omnis.',NULL,NULL,0,0,'Non similique eaque labore dolor dolorem esse modi rem.','Necessitatibus sit repellendus et consequuntur quo ea.','2011-09-09 19:30:50','2011-09-09 19:30:50'),(237,'Model','Dooley-Cronin','Gorgeous Plastic Pants','808','Cupiditate nesciunt distinctio recusandae et quibusdam saepe.','Et ullam laudantium tempora accusamus.',NULL,NULL,3,0,'Sit totam ad voluptatem rem mollitia voluptatibus architecto sed.','Autem saepe inventore non.','2011-09-09 19:30:50','2011-09-09 19:30:50'),(238,'Model','Williamson Inc','Ergonomic Concrete Shirt','809','Expedita doloribus quos quis non.','Est maxime quia reiciendis ab et.',NULL,NULL,0,0,'Sit delectus rerum qui recusandae rem sit nobis.','Dicta omnis et non.','2011-09-09 19:30:50','2011-09-09 19:30:50'),(239,'Model','Dickinson-Breitenberg','Intelligent Concrete Table','810','Consequatur minima voluptas laborum molestiae hic beatae delectus.','Ab error autem qui sapiente veniam delectus quae.',NULL,NULL,1,0,'Ducimus quia quidem dicta eveniet ipsa id velit.','Harum voluptatem vitae quos hic earum.','2011-09-09 19:30:50','2011-09-09 19:30:50'),(240,'Model','Rogahn, Kuhn and Bosco','Sleek Rubber Hat','811','Autem error doloribus sunt dolores voluptate.','Sint magni qui dicta deleniti nemo tempore.',NULL,NULL,0,0,'Voluptas quo voluptatem asperiores sed quia.','Dicta alias molestiae quia deserunt rerum officiis molestias.','2011-09-09 19:30:50','2011-09-09 19:30:50'),(241,'Model','Kling-Conroy','Awesome Rubber Hat','812','Reiciendis est quae sed asperiores aliquam.','Voluptates aut facere possimus et alias et.',NULL,NULL,3,0,'Repellat asperiores sunt aliquam deserunt animi maiores.','Perferendis odit ratione reprehenderit et temporibus voluptate.','2011-09-09 19:30:50','2011-09-09 19:30:50'),(242,'Model','Cartwright Inc','Sleek Granite Shirt','813','Sit molestiae maxime non.','Expedita veniam sed esse voluptatibus.',NULL,NULL,2,0,'Eum officiis autem corporis magni soluta ab dolores totam.','Cumque quas quo tenetur delectus.','2011-09-09 19:30:50','2011-09-09 19:30:50'),(243,'Software','Dare-Metz','Gorgeous Steel Computer','814',NULL,NULL,NULL,NULL,0,0,NULL,NULL,'2011-09-09 19:30:50','2011-09-09 19:30:50'),(244,'Model','Kerluke LLC','Ergonomic Steel Chair','815','Illo quaerat incidunt qui corporis eos rerum et.','Eligendi occaecati nam eos autem.',NULL,NULL,3,0,'Nulla dolores sint quo quisquam vero repellat sit.','Aliquid laborum dolore neque aut autem sed doloremque.','2011-09-09 19:30:50','2011-09-09 19:30:50'),(245,'Model','Parker, Rempel and Ruecker','Sleek Cotton Table','816','Sint sit maxime architecto temporibus.','Pariatur ad delectus dolor ullam in laboriosam.',NULL,NULL,3,0,'Voluptatem sit et eum qui.','Molestiae aspernatur libero iusto sunt et et.','2011-09-09 19:30:50','2011-09-09 19:30:50'),(246,'Model','Zulauf-Kertzmann','Ergonomic Plastic Pants','817','Quo dolorem in quidem placeat.','Neque voluptatem quod repellendus.',NULL,NULL,3,0,'Rerum necessitatibus iure cum aliquam saepe veniam ea officia.','Quae atque expedita ut dolores consequatur est.','2011-09-09 19:30:50','2011-09-09 19:30:50'),(247,'Model','Champlin, Gusikowski and Jones','Awesome Plastic Pants','818','Iste et dolor facere.','Tempore deleniti reiciendis illo eveniet.',NULL,NULL,3,0,'Ad nam laboriosam minima et magnam.','Sint illum amet vitae sit.','2011-09-09 19:30:50','2011-09-09 19:30:50'),(248,'Model','Dickinson-Hyatt','Incredible Plastic Computer','819','Assumenda eveniet fugiat animi dolorum eaque.','Veniam minus a qui ab dicta.',NULL,NULL,0,0,'Veniam aut eligendi nostrum et provident.','Ut architecto amet quod ut omnis eum.','2011-09-08 19:47:36','2011-09-08 19:47:36'),(249,'Model','O\'Hara LLC','Small Concrete Pants','820','Sit et ut ad et facilis cupiditate cum officia.','Asperiores corrupti rerum ad ullam nihil commodi dolore nesciunt.',NULL,NULL,1,0,'Eum dignissimos ut rerum quia temporibus hic.','Voluptatem dignissimos reiciendis animi.','2011-09-08 19:47:36','2011-09-08 19:47:36'),(250,'Model','Volkman, Robel and Terry','Incredible Steel Shoes','821','Occaecati quidem distinctio fugit temporibus pariatur.','Eos aut quibusdam sit.',NULL,NULL,1,0,'Ut natus eveniet dolor saepe quia.','Officiis voluptatem officia eveniet.','2011-09-08 19:47:36','2011-09-08 19:47:36'),(251,'Model','Legros-Gutkowski','Incredible Granite Hat','822','Suscipit error minima ab vero in.','Et similique iure voluptas rerum deserunt.',NULL,NULL,1,0,'Fugiat fugit voluptatem ratione animi vero corporis mollitia saepe.','Voluptas praesentium dolor iusto similique qui ad.','2011-09-08 19:47:37','2011-09-08 19:47:37'),(252,'Model','Rosenbaum, Kovacek and Hyatt','Small Cotton Chair','823','Tempore quaerat repellendus et repudiandae aut.','Soluta dolorem omnis voluptatem incidunt dolore accusamus aliquam praesentium.',NULL,NULL,1,0,'Quia omnis totam asperiores omnis porro voluptate in eaque.','Ullam quo praesentium et ut provident veritatis qui.','2011-09-08 19:47:37','2011-09-08 19:47:37'),(253,'Model','Bosco, Prohaska and Rosenbaum','Fantastic Cotton Shirt','824','Ut quia vel nisi eum.','Ut ab dignissimos autem et neque facilis.',NULL,NULL,0,0,'Quia id dignissimos aut voluptate.','Pariatur qui eum sint laudantium quos et voluptas.','2011-09-08 19:47:37','2011-09-08 19:47:37'),(254,'Model','Kihn, Okuneva and Hirthe','Gorgeous Cotton Hat','825','Sunt laboriosam et sed quia aut perferendis est accusamus.','Veniam occaecati nemo deleniti nulla qui ducimus rerum.',NULL,NULL,0,0,'Et laborum nobis eaque.','Numquam qui et et dolorem illo.','2011-09-08 19:47:37','2011-09-08 19:47:37'),(255,'Model','Rohan, Haley and Glover','Ergonomic Granite Table','826','Voluptatibus fugit vitae sunt earum.','Quibusdam et illo voluptas nesciunt illum autem rerum quae.',NULL,NULL,2,0,'Et quia dolore qui est quas nostrum unde deleniti.','Suscipit quasi error minima et quo alias et eos.','2011-09-08 19:47:37','2011-09-08 19:47:37'),(256,'Model','Goyette-Schinner','Sleek Wooden Chair','827','Magnam facere et architecto molestias occaecati est.','Doloremque modi hic eius ullam sapiente consequatur earum.',NULL,NULL,3,0,'Et facere nihil cupiditate atque.','Cumque quo labore aut.','2011-09-08 19:47:37','2011-09-08 19:47:37'),(257,'Model','Beier-Kassulke','Rustic Wooden Table','828','Consequatur voluptates ipsa nesciunt.','Qui tenetur enim repellat earum molestias.',NULL,NULL,2,0,'Consectetur ipsam repudiandae voluptas ut rerum.','Dolor voluptas in qui sed autem consectetur mollitia.','2011-09-08 19:47:37','2011-09-08 19:47:37'),(258,'Model','O\'Connell-MacGyver','Small Wooden Table','829','Nostrum et blanditiis et suscipit at rerum.','Qui sit et quis.',NULL,NULL,2,0,'Vitae placeat et reprehenderit.','Quia tempora labore eaque numquam nulla maxime odio.','2011-09-08 19:47:37','2011-09-08 19:47:37'),(259,'Model','Olson Group','Practical Wooden Computer','830','Et est distinctio iure dolorem id doloremque enim quis.','In laboriosam fuga qui aliquid saepe quam.',NULL,NULL,0,0,'Dolorem est iste officia aliquam omnis nemo eaque enim.','Quasi dolores odio quia voluptatem possimus et.','2011-09-08 19:47:37','2011-09-08 19:47:37'),(260,'Model','Steuber-Botsford','Sleek Plastic Pants','831','Ipsam voluptatum tenetur qui voluptatem consequatur in ad.','Labore aut perspiciatis veritatis nesciunt voluptatem vel voluptatibus rerum.',NULL,NULL,3,0,'Dolorum in corrupti cumque.','Sit quia modi expedita rerum doloribus minima.','2011-09-08 19:47:37','2011-09-08 19:47:37'),(261,'Model','Hyatt, Bartoletti and Graham','Incredible Plastic Table','832','Nemo consequuntur omnis reiciendis est incidunt iusto.','Ducimus tempore fugit ut velit eius ex porro.',NULL,NULL,0,0,'Laudantium expedita nobis odit voluptate enim nemo doloribus.','Voluptatem officia saepe labore ea inventore maiores quia dolor.','2011-09-08 19:47:37','2011-09-08 19:47:37'),(262,'Model','Hirthe-Jacobson','Incredible Rubber Computer','833','Non nostrum maiores tempora totam facere qui molestias est.','Est ipsam eaque dignissimos.',NULL,NULL,3,0,'Tempore deleniti ut ut ut aliquam labore cumque molestias.','Sit et fugit est possimus est odit.','2011-09-08 19:47:37','2011-09-08 19:47:37'),(263,'Model','Runte-Schaefer','Practical Plastic Hat','834','Est est sunt possimus aperiam.','Eos illum sunt debitis inventore velit voluptatum.',NULL,NULL,2,0,'Facere qui magnam quia non fuga cum temporibus.','Magnam beatae eligendi ducimus aut omnis unde.','2011-09-08 19:47:37','2011-09-08 19:47:37'),(264,'Model','McCullough, Senger and Collins','Incredible Wooden Table','835','Esse dicta consequatur tempore sit illo natus.','Enim unde est maiores nobis qui.',NULL,NULL,3,0,'A dolorum expedita esse tempore.','Laudantium quidem ut et quam aperiam ab voluptatem.','2011-09-08 19:47:37','2011-09-08 19:47:37'),(265,'Model','Robel, Zulauf and Anderson','Sleek Granite Table','836','Eos laudantium sequi ea quod explicabo facilis sit ipsum.','Aut officia voluptas perspiciatis optio quas magnam non.',NULL,NULL,2,0,'Commodi est rem eligendi dolores est molestias distinctio dolor.','Omnis consequatur placeat dolorum praesentium doloremque.','2011-09-08 19:47:37','2011-09-08 19:47:37'),(266,'Model','Hilll-Cartwright','Intelligent Rubber Pants','837','Vitae minima ut commodi consectetur quia sed.','Eum temporibus veniam ex.',NULL,NULL,2,0,'Recusandae tenetur et nobis enim.','Laudantium animi cupiditate vitae ut eum.','2011-09-08 19:47:37','2011-09-08 19:47:37'),(267,'Model','Dicki-Marvin','Gorgeous Plastic Hat','838','Eos itaque provident voluptatem aut saepe.','Eius molestias ut deserunt perferendis dolores.',NULL,NULL,0,0,'Et beatae nemo dolor nihil.','Itaque aut qui aut.','2011-09-08 19:47:37','2011-09-08 19:47:37'),(268,'Model','Runte-Hirthe','Rustic Steel Computer','839','Expedita aut quos et.','Enim suscipit sed voluptatum laboriosam non provident aliquam.',NULL,NULL,1,0,'Dolores vero consequuntur sint neque ipsam similique.','Possimus blanditiis soluta laudantium quasi porro enim veniam odit.','2011-09-08 19:47:37','2011-09-08 19:47:37'),(269,'Model','Langworth Group','Small Rubber Pants','840','Unde provident animi ex quia.','Molestiae accusamus voluptatem omnis.',NULL,NULL,3,0,'Consequatur sunt soluta consequuntur ipsum.','Excepturi esse maiores quibusdam totam repudiandae atque.','2011-09-08 19:47:37','2011-09-08 19:47:37'),(270,'Model','Lueilwitz-Doyle','Awesome Plastic Hat','841','Culpa illum quis eum voluptate id veritatis maiores.','Enim eligendi facere fuga quo alias quia.',NULL,NULL,1,0,'Ea id voluptatibus praesentium rerum explicabo.','Ipsam velit expedita officia natus libero et quisquam.','2011-09-08 19:47:37','2011-09-08 19:47:37'),(271,'Model','Smith-Armstrong','Practical Granite Table','842','Odit praesentium inventore natus saepe enim cumque animi voluptatum.','Excepturi repellat aut doloribus dolorem architecto sapiente non animi.',NULL,NULL,2,0,'Omnis maiores qui totam velit.','Minus fugit porro vitae velit laudantium rem aut.','2011-09-08 19:47:37','2011-09-08 19:47:37'),(272,'Model','Stehr, Dach and McGlynn','Small Concrete Shirt','843','Quae nobis labore aliquid omnis vero.','Id eos totam impedit iste eum voluptatibus.',NULL,NULL,2,0,'Sit voluptate tempore enim ex nesciunt.','Quidem tempora quia beatae aspernatur molestiae harum quia.','2011-09-09 02:01:13','2011-09-09 02:01:13'),(273,'Model','Hickle Group','Intelligent Wooden Shirt','844','Atque iusto at aspernatur adipisci asperiores.','Sed assumenda consequuntur rem atque sunt sunt dolore.',NULL,NULL,0,0,'Tempore similique officia sit deserunt atque eaque.','Dolores debitis et commodi molestiae voluptas animi deserunt assumenda.','2011-09-09 02:01:13','2011-09-09 02:01:13'),(274,'Model','Prosacco-Hand','Awesome Plastic Shirt','845','Minima sed labore tempora magni sapiente sit.','Perspiciatis et iure nisi.',NULL,NULL,3,0,'Ut itaque aspernatur delectus voluptas deserunt.','Sed voluptatem quo non eveniet reprehenderit consequatur iusto.','2011-09-09 02:01:13','2011-09-09 02:01:13'),(275,'Model','Marks Group','Intelligent Concrete Hat','846','Aut unde consequatur autem.','Nemo voluptatum quas voluptates at accusantium sed soluta quasi.',NULL,NULL,3,0,'Omnis et voluptatem a placeat iste dignissimos et.','Ducimus maxime sed necessitatibus rerum eum illum.','2011-09-04 01:41:07','2011-09-04 01:41:07'),(276,'Model','Schinner and Sons','Fantastic Wooden Shoes','847','Aut aut sunt perspiciatis quidem sit fugit et incidunt.','Officia sequi eum a temporibus et ducimus est.',NULL,NULL,3,0,'Animi doloremque illo numquam facilis aspernatur dolore incidunt et.','Aperiam animi minima dolor dignissimos et est nihil.','2011-09-04 01:41:07','2011-09-04 01:41:07'),(277,'Model','Rodriguez-Brakus','Incredible Cotton Shirt','848','Veniam voluptatibus vero quae aliquam aut at.','Nam saepe molestiae veniam ipsam nihil nesciunt autem at.',NULL,NULL,2,0,'Enim quam laboriosam in iure aliquid consequatur similique voluptatem.','Aliquid ea eos accusamus voluptatem omnis impedit ut et.','2011-09-04 01:41:07','2011-09-04 01:41:07'),(278,'Model','Willms, Stiedemann and Welch','Awesome Steel Shoes','849','Eos ut id consequatur eius accusamus reiciendis dolores.','Facilis quia quas labore qui nulla.',NULL,NULL,1,0,'Omnis praesentium unde quae.','Aut est non voluptas voluptatem vel praesentium aut libero.','2011-09-04 01:41:07','2011-09-04 01:41:07'),(279,'Model','Herzog-Rath','Fantastic Steel Pants','850','Aut perspiciatis vel qui placeat voluptatem.','Repellat unde sapiente culpa.',NULL,NULL,2,0,'Odio dolorem alias velit.','Et explicabo adipisci ea dolores magni eos.','2011-09-04 01:41:07','2011-09-04 01:41:07'),(280,'Model','Dibbert Inc','Ergonomic Plastic Table','851','Et impedit nisi est vitae facilis odit modi.','Sint labore soluta quam recusandae.',NULL,NULL,0,0,'Totam officia saepe qui rem nemo.','Dolorem asperiores et eos tempora consequatur autem eligendi est.','2011-09-04 01:41:07','2011-09-04 01:41:07'),(281,'Model','Considine-Olson','Fantastic Granite Pants','852','Veniam repellat ab dolores similique et at nulla est.','Dignissimos quisquam labore modi et.',NULL,NULL,0,0,'Rem quidem id minima et.','Distinctio et dolores qui vel vel aut dolorum.','2011-09-04 01:41:07','2011-09-04 01:41:07'),(282,'Model','Harris Inc','Fantastic Rubber Shirt','853','Fugit consequatur consectetur eum voluptate aperiam cumque.','Ducimus voluptas ut officiis amet.',NULL,NULL,1,0,'Omnis similique error voluptas reiciendis et voluptatibus.','Officiis et incidunt omnis.','2011-09-04 01:41:07','2011-09-04 01:41:07'),(283,'Model','Monahan Inc','Gorgeous Cotton Shirt','854','Commodi molestiae labore sapiente et quas iure aspernatur.','Asperiores aut beatae impedit ut veritatis qui optio aut.',NULL,NULL,1,0,'Voluptate et distinctio ea.','Aut dolores et aliquam saepe.','2011-09-04 01:41:07','2011-09-04 01:41:07'),(284,'Model','Fay, Little and Dickinson','Practical Rubber Computer','855','Esse adipisci natus sint amet et id distinctio dolorum.','Mollitia non modi aut et pariatur.',NULL,NULL,3,0,'Perspiciatis vitae iusto minus voluptatem et.','Culpa omnis nam sunt.','2011-09-09 19:30:50','2011-09-09 19:30:50'),(285,'Model','Howell-Anderson','Practical Steel Computer','856','Ea temporibus eos aliquam dicta qui amet.','Quo inventore impedit beatae sapiente suscipit nihil.',NULL,NULL,1,0,'Tenetur est sint et nisi nesciunt quia.','Et exercitationem sit nesciunt error vel.','2011-09-09 19:30:50','2011-09-09 19:30:50'),(286,'Model','Kunze, Moore and Greenholt','Practical Steel Pants','857','Quisquam laudantium reiciendis nihil rerum perferendis eligendi aut dignissimos.','Quia ex quo dolore temporibus et.',NULL,NULL,3,0,'Et est nemo est dolore.','Aut fuga est adipisci asperiores.','2011-09-09 19:30:50','2011-09-09 19:30:50'),(287,'Model','Rice LLC','Ergonomic Concrete Car','858','Necessitatibus qui non et fugit quia voluptas.','Dolorem sit consequatur est dolores laborum facere.',NULL,NULL,1,0,'Omnis tenetur quisquam ullam.','Hic et quaerat est reprehenderit exercitationem.','2011-09-09 19:30:50','2011-09-09 19:30:50'),(288,'Model','Renner and Sons','Awesome Wooden Hat','859','Expedita voluptatem quasi odio adipisci.','Laboriosam aut sit iure explicabo praesentium omnis voluptatum rem.',NULL,NULL,2,0,'Quis sunt labore officia cupiditate expedita aut ducimus.','Nulla unde deleniti magnam nemo provident sint veniam iusto.','2011-09-09 19:30:50','2011-09-09 19:30:50'),(289,'Model','Pfannerstill LLC','Intelligent Rubber Gloves','860','Totam dolor distinctio in velit in.','Quis voluptatem repudiandae maxime.',NULL,NULL,0,0,'Unde omnis eligendi perspiciatis omnis.','Consequuntur maxime quisquam molestiae qui consectetur ipsam odit eligendi.','2011-09-09 19:30:50','2011-09-09 19:30:50'),(290,'Model','Zieme, Cremin and Kuhn','Awesome Steel Shirt','861','Debitis voluptatem totam aperiam.','Nemo dolores porro veritatis ut repudiandae eaque ad a.',NULL,NULL,1,0,'Magnam rem iure velit quos.','Autem corporis id iste eaque consectetur tenetur neque.','2011-09-09 19:30:50','2011-09-09 19:30:50'),(291,'Model','Lind and Sons','Incredible Steel Car','862','Velit illo et dolor cum voluptatum minima.','Sit est pariatur nostrum molestiae architecto neque ducimus.',NULL,NULL,1,0,'Autem atque inventore est sed consequatur pariatur.','Neque dolorem fugit aperiam omnis et corrupti delectus.','2011-09-09 19:30:50','2011-09-09 19:30:50'),(292,'Model','Steuber-Waelchi','Practical Wooden Pants','863','Qui ipsa rerum est et aut aut.','Tempora ut et quo.',NULL,NULL,1,0,'Tempora id officiis occaecati ut dolores esse.','Eos enim omnis id voluptas voluptatem voluptatem recusandae quidem.','2011-09-09 19:30:50','2011-09-09 19:30:50'),(293,'Model','Hamill, Luettgen and Moore','Awesome Steel Hat','864','Harum voluptatem itaque distinctio enim aperiam rerum eum.','Aut ut consectetur sunt nihil at omnis.',NULL,NULL,3,0,'Alias tempora est inventore omnis doloremque rerum debitis.','Omnis necessitatibus sit quod iste eos.','2011-09-09 19:30:50','2011-09-09 19:30:50'),(294,'Model','Jacobs, Mraz and Rogahn','Ergonomic Plastic Computer','865','Aut sit dolore delectus debitis velit dolor.','Consequatur eos qui placeat omnis doloribus fugiat facilis.',NULL,NULL,2,0,'Necessitatibus qui ipsum inventore sunt consectetur odio.','Vitae ipsum deleniti adipisci dolore recusandae eligendi magni nesciunt.','2011-09-09 19:30:50','2011-09-09 19:30:50'),(295,'Model','Feest-Dach','Fantastic Concrete Chair','866','Ex et doloremque ipsa.','Nihil quae doloremque odit animi.',NULL,NULL,0,0,'Saepe numquam dolor cum est ea reiciendis aut.','Ipsum consequatur ut blanditiis magnam quam soluta corrupti.','2011-09-09 19:30:50','2011-09-09 19:30:50'),(296,'Model','Nikolaus-O\'Connell','Sleek Granite Car','867','Minima voluptatem repellat pariatur sint ullam.','Ut corporis itaque officia adipisci quo.',NULL,NULL,2,0,'Itaque ratione voluptatibus doloribus.','Quia repudiandae aut eaque repellendus temporibus ut.','2011-09-09 19:30:50','2011-09-09 19:30:50'),(297,'Model','Hintz LLC','Fantastic Rubber Computer','868','Rem eum debitis molestiae excepturi culpa.','Iusto non voluptatibus excepturi odio nisi.',NULL,NULL,2,0,'Velit perferendis aspernatur impedit sequi quibusdam minima nemo fugit.','Quo deserunt rerum nulla corrupti accusantium officiis temporibus.','2011-09-09 19:30:50','2011-09-09 19:30:50'),(298,'Model','Johnston-Boehm','Gorgeous Plastic Chair','869','Labore modi corporis ducimus velit quam quae.','Iste sunt ipsam temporibus tempore dolorem.',NULL,NULL,2,0,'Et voluptatem eligendi labore placeat omnis ea.','Nihil culpa praesentium non.','2011-09-09 19:30:50','2011-09-09 19:30:50'),(299,'Model','Maggio-Strosin','Sleek Granite Shoes','870','Porro et rerum omnis.','Similique quas eius iste quod voluptas occaecati fugit.',NULL,NULL,2,0,'Velit optio accusantium qui ea.','Voluptas quos modi velit aut est eligendi nihil.','2011-09-09 19:30:50','2011-09-09 19:30:50'),(300,'Model','McGlynn, Wisozk and Romaguera','Incredible Rubber Shirt','871','Provident sed itaque exercitationem debitis.','Autem voluptas quisquam et vero.',NULL,NULL,0,0,'Temporibus sunt aut tenetur ad ab fuga blanditiis explicabo.','Sint est autem et sit ut omnis sed.','2011-09-09 19:30:50','2011-09-09 19:30:50'),(301,'Model','Schmidt Inc','Rustic Plastic Shoes','872','Consequatur dignissimos ullam placeat debitis molestiae.','Labore temporibus quibusdam quas.',NULL,NULL,2,0,'Sed expedita voluptatem aut incidunt adipisci minus ex.','Exercitationem cumque aperiam dolores.','2011-09-09 19:30:50','2011-09-09 19:30:50'),(302,'Model','Schuppe Group','Ergonomic Cotton Shirt','873','Rerum voluptatem nemo nulla facilis sint dignissimos odit.','In nemo praesentium doloribus neque quibusdam molestiae.',NULL,NULL,1,0,'Neque laborum assumenda eaque facilis sed nobis.','Est atque voluptatem vero.','2011-09-09 19:30:50','2011-09-09 19:30:50'),(303,'Model','Anderson Group','Incredible Plastic Hat','874','Molestiae praesentium nihil dolorem explicabo optio voluptatem.','Et quas quasi quo delectus.',NULL,NULL,1,0,'Tempore est molestiae voluptatem nemo accusamus esse fugit.','Et non aut provident commodi occaecati.','2011-09-09 19:30:50','2011-09-09 19:30:50'),(304,'Model','Parisian-Pfannerstill','Fantastic Steel Car','875','Harum sapiente vero animi ea aut possimus enim.','Fuga facere impedit non dolorum earum.',NULL,NULL,3,0,'Blanditiis aut qui porro sunt incidunt veniam nihil.','Rem occaecati alias dolores assumenda veritatis officia.','2011-09-09 19:30:50','2011-09-09 19:30:50');
/*!40000 ALTER TABLE `models` ENABLE KEYS */;
UNLOCK TABLES;

--
-- Table structure for table `models_compatibles`
--

DROP TABLE IF EXISTS `models_compatibles`;
/*!40101 SET @saved_cs_client     = @@character_set_client */;
/*!40101 SET character_set_client = utf8 */;
CREATE TABLE `models_compatibles` (
  `model_id` int(11) DEFAULT NULL,
  `compatible_id` int(11) DEFAULT NULL,
  KEY `index_models_compatibles_on_compatible_id` (`compatible_id`),
  KEY `index_models_compatibles_on_model_id` (`model_id`)
) ENGINE=InnoDB DEFAULT CHARSET=utf8 COLLATE=utf8_unicode_ci;
/*!40101 SET character_set_client = @saved_cs_client */;

--
-- Dumping data for table `models_compatibles`
--

LOCK TABLES `models_compatibles` WRITE;
/*!40000 ALTER TABLE `models_compatibles` DISABLE KEYS */;
INSERT INTO `models_compatibles` VALUES (148,147),(149,147),(150,147);
/*!40000 ALTER TABLE `models_compatibles` ENABLE KEYS */;
UNLOCK TABLES;

--
-- Table structure for table `notifications`
--

DROP TABLE IF EXISTS `notifications`;
/*!40101 SET @saved_cs_client     = @@character_set_client */;
/*!40101 SET character_set_client = utf8 */;
CREATE TABLE `notifications` (
  `id` int(11) NOT NULL AUTO_INCREMENT,
  `user_id` int(11) DEFAULT NULL,
  `title` varchar(255) COLLATE utf8_unicode_ci DEFAULT '',
  `created_at` datetime NOT NULL,
  PRIMARY KEY (`id`),
  KEY `index_notifications_on_user_id` (`user_id`)
) ENGINE=InnoDB DEFAULT CHARSET=utf8 COLLATE=utf8_unicode_ci;
/*!40101 SET character_set_client = @saved_cs_client */;

--
-- Dumping data for table `notifications`
--

LOCK TABLES `notifications` WRITE;
/*!40000 ALTER TABLE `notifications` DISABLE KEYS */;
/*!40000 ALTER TABLE `notifications` ENABLE KEYS */;
UNLOCK TABLES;

--
-- Table structure for table `numerators`
--

DROP TABLE IF EXISTS `numerators`;
/*!40101 SET @saved_cs_client     = @@character_set_client */;
/*!40101 SET character_set_client = utf8 */;
CREATE TABLE `numerators` (
  `id` int(11) NOT NULL AUTO_INCREMENT,
  `item` int(11) DEFAULT NULL,
  PRIMARY KEY (`id`)
) ENGINE=InnoDB DEFAULT CHARSET=utf8 COLLATE=utf8_unicode_ci;
/*!40101 SET character_set_client = @saved_cs_client */;

--
-- Dumping data for table `numerators`
--

LOCK TABLES `numerators` WRITE;
/*!40000 ALTER TABLE `numerators` DISABLE KEYS */;
/*!40000 ALTER TABLE `numerators` ENABLE KEYS */;
UNLOCK TABLES;

--
-- Table structure for table `options`
--

DROP TABLE IF EXISTS `options`;
/*!40101 SET @saved_cs_client     = @@character_set_client */;
/*!40101 SET character_set_client = utf8 */;
CREATE TABLE `options` (
  `id` int(11) NOT NULL AUTO_INCREMENT,
  `inventory_pool_id` int(11) DEFAULT NULL,
  `inventory_code` varchar(255) COLLATE utf8_unicode_ci DEFAULT NULL,
  `manufacturer` varchar(255) COLLATE utf8_unicode_ci DEFAULT NULL,
  `product` varchar(255) COLLATE utf8_unicode_ci NOT NULL,
  `version` varchar(255) COLLATE utf8_unicode_ci DEFAULT NULL,
  `price` decimal(8,2) DEFAULT NULL,
  PRIMARY KEY (`id`),
  KEY `index_options_on_inventory_pool_id` (`inventory_pool_id`)
) ENGINE=InnoDB AUTO_INCREMENT=7 DEFAULT CHARSET=utf8 COLLATE=utf8_unicode_ci;
/*!40101 SET character_set_client = @saved_cs_client */;

--
-- Dumping data for table `options`
--

LOCK TABLES `options` WRITE;
/*!40000 ALTER TABLE `options` DISABLE KEYS */;
INSERT INTO `options` VALUES (1,1,'akku-aa',NULL,'Akku AA','688',398.00),(2,1,'akku-aaa',NULL,'Akku AAA','689',1173.00),(3,1,'usb',NULL,'USB Kabel','690',124.00),(4,1,'eni6667',NULL,'Rustic Steel Car','734',1265.00),(5,1,'qui3311',NULL,'Sleek Steel Pants','736',1228.00),(6,2,'omn7543',NULL,'Fantastic Concrete Computer','742',136.00);
/*!40000 ALTER TABLE `options` ENABLE KEYS */;
UNLOCK TABLES;

--
-- Table structure for table `partitions`
--

DROP TABLE IF EXISTS `partitions`;
/*!40101 SET @saved_cs_client     = @@character_set_client */;
/*!40101 SET character_set_client = utf8 */;
CREATE TABLE `partitions` (
  `id` int(11) NOT NULL AUTO_INCREMENT,
  `model_id` int(11) DEFAULT NULL,
  `inventory_pool_id` int(11) DEFAULT NULL,
  `group_id` int(11) DEFAULT NULL,
  `quantity` int(11) DEFAULT NULL,
  PRIMARY KEY (`id`),
  UNIQUE KEY `index_partitions_on_model_id_and_inventory_pool_id_and_group_id` (`model_id`,`inventory_pool_id`,`group_id`)
) ENGINE=InnoDB AUTO_INCREMENT=12 DEFAULT CHARSET=utf8 COLLATE=utf8_unicode_ci;
/*!40101 SET character_set_client = @saved_cs_client */;

--
-- Dumping data for table `partitions`
--

LOCK TABLES `partitions` WRITE;
/*!40000 ALTER TABLE `partitions` DISABLE KEYS */;
INSERT INTO `partitions` VALUES (1,115,1,4,1),(2,149,1,5,1),(3,150,1,6,5),(4,148,1,1,1),(5,84,1,1,1),(6,84,1,2,1),(7,251,1,7,1),(8,260,1,7,1),(9,268,1,7,1),(10,280,1,8,1),(11,289,1,7,1);
/*!40000 ALTER TABLE `partitions` ENABLE KEYS */;
UNLOCK TABLES;

--
-- Temporary table structure for view `partitions_with_generals`
--

DROP TABLE IF EXISTS `partitions_with_generals`;
/*!50001 DROP VIEW IF EXISTS `partitions_with_generals`*/;
SET @saved_cs_client     = @@character_set_client;
SET character_set_client = utf8;
/*!50001 CREATE TABLE `partitions_with_generals` (
  `model_id` tinyint NOT NULL,
  `inventory_pool_id` tinyint NOT NULL,
  `group_id` tinyint NOT NULL,
  `quantity` tinyint NOT NULL
) ENGINE=MyISAM */;
SET character_set_client = @saved_cs_client;

--
-- Table structure for table `properties`
--

DROP TABLE IF EXISTS `properties`;
/*!40101 SET @saved_cs_client     = @@character_set_client */;
/*!40101 SET character_set_client = utf8 */;
CREATE TABLE `properties` (
  `id` int(11) NOT NULL AUTO_INCREMENT,
  `model_id` int(11) DEFAULT NULL,
  `key` varchar(255) COLLATE utf8_unicode_ci DEFAULT NULL,
  `value` varchar(255) COLLATE utf8_unicode_ci DEFAULT NULL,
  PRIMARY KEY (`id`),
  KEY `index_properties_on_model_id` (`model_id`)
) ENGINE=InnoDB AUTO_INCREMENT=13 DEFAULT CHARSET=utf8 COLLATE=utf8_unicode_ci;
/*!40101 SET character_set_client = @saved_cs_client */;

--
-- Dumping data for table `properties`
--

LOCK TABLES `properties` WRITE;
/*!40000 ALTER TABLE `properties` DISABLE KEYS */;
INSERT INTO `properties` VALUES (1,148,'Rotorduchmesser','120'),(2,148,'Akkus','2'),(3,148,'Farbe','Rot'),(4,149,'Rotorduchmesser','120'),(5,149,'Akkus','2'),(6,149,'Farbe','Rot'),(7,149,'max. Speed','80 kmh'),(8,149,'Gyro','Ja'),(9,149,'Achsen','3-Achsen'),(10,150,'Rotorduchmesser','120'),(11,150,'Akkus','2'),(12,150,'Farbe','Rot');
/*!40000 ALTER TABLE `properties` ENABLE KEYS */;
UNLOCK TABLES;

--
-- Table structure for table `purposes`
--

DROP TABLE IF EXISTS `purposes`;
/*!40101 SET @saved_cs_client     = @@character_set_client */;
/*!40101 SET character_set_client = utf8 */;
CREATE TABLE `purposes` (
  `id` int(11) NOT NULL AUTO_INCREMENT,
  `description` text COLLATE utf8_unicode_ci,
  PRIMARY KEY (`id`)
) ENGINE=InnoDB AUTO_INCREMENT=44 DEFAULT CHARSET=utf8 COLLATE=utf8_unicode_ci;
/*!40101 SET character_set_client = @saved_cs_client */;

--
-- Dumping data for table `purposes`
--

LOCK TABLES `purposes` WRITE;
/*!40000 ALTER TABLE `purposes` DISABLE KEYS */;
INSERT INTO `purposes` VALUES (1,'---\n- Tenetur sed qui.\n- Exercitationem cumque est inventore doloribus.\n'),(2,'---\n- Id asperiores consequatur labore.\n- Hic ullam cumque non commodi.\n'),(3,'Ersatzstativ fr die Ausstellung.'),(4,'Ersatzstativ fr die Ausstellung.'),(5,'Ersatzstativ fr die Ausstellung.'),(6,'Eligendi veniam laboriosam molestias illo qui.'),(7,'Non cupiditate quia blanditiis consequuntur est neque et praesentium.'),(8,'Nostrum est officiis eos dolorem earum fuga.'),(9,'Similique dolor voluptas quasi sequi qui animi rerum.'),(10,'Qui quibusdam illum necessitatibus aut et ea ipsum.'),(11,'Possimus fuga animi et eveniet quia inventore ex soluta.'),(12,'Bentige ich fr die Aufnahmen meiner Abschlussarbeit.'),(13,'Ex officia qui illo repellat enim sit.'),(14,'Dolorum quis excepturi aliquid porro consequatur et sunt.'),(15,'Praesentium nemo quis beatae placeat totam recusandae.'),(16,'Ersatzstativ fr die Ausstellung.'),(17,'Fr das zweite Austellungswochenende.'),(18,'Fr das dritte Austellungswochenende.'),(19,'Fr die Abschlussarbeit.'),(20,'Ersatzstativ fr die Ausstellung.'),(21,'Bestellung mit Software'),(22,'Um meine Abschlussarbeit zu fotografieren.'),(23,'Voluptate corporis est id dolore et.'),(24,'Um meine Abschlussarbeit zu fotografieren.'),(25,'Um meine Abschlussarbeit zu fotografieren.'),(26,'Nihil explicabo aut eveniet at molestias quas iste.'),(27,'Paketausgabe'),(28,'Fr meinen aktuellen Kurs.'),(29,'Ersatzstativ fr die Ausstellung.'),(30,'Um meine Abschlussarbeit zu fotografieren.'),(31,'Ersatzstativ fr die Ausstellung.'),(32,'Ersatzstativ fr die Ausstellung.'),(33,'Ersatzstativ fr die Ausstellung.'),(34,'Ersatzstativ fr die Ausstellung.'),(35,'Ersatzstativ fr die Ausstellung.'),(36,'Ersatzstativ fr die Ausstellung.'),(37,'Ersatzstativ fr die Ausstellung.'),(38,'Ersatzstativ fr die Ausstellung.'),(39,'Ersatzstativ fr die Ausstellung.'),(40,'Fotoshooting (Kurs Fotografie).'),(41,'Brauche ich zwingend fr meinen Kurs.'),(42,'Ganz dringend bentigt fr meine Abschlussarbeit.'),(43,'Als Ersatz.');
/*!40000 ALTER TABLE `purposes` ENABLE KEYS */;
UNLOCK TABLES;

--
-- Table structure for table `schema_migrations`
--

DROP TABLE IF EXISTS `schema_migrations`;
/*!40101 SET @saved_cs_client     = @@character_set_client */;
/*!40101 SET character_set_client = utf8 */;
CREATE TABLE `schema_migrations` (
  `version` varchar(255) COLLATE utf8_unicode_ci NOT NULL,
  UNIQUE KEY `unique_schema_migrations` (`version`)
) ENGINE=InnoDB DEFAULT CHARSET=utf8 COLLATE=utf8_unicode_ci;
/*!40101 SET character_set_client = @saved_cs_client */;

--
-- Dumping data for table `schema_migrations`
--

LOCK TABLES `schema_migrations` WRITE;
/*!40000 ALTER TABLE `schema_migrations` DISABLE KEYS */;
INSERT INTO `schema_migrations` VALUES ('20140410180000'),('20140414100000'),('20140415083535'),('20140417113831'),('20140428092844'),('20140515131025');
/*!40000 ALTER TABLE `schema_migrations` ENABLE KEYS */;
UNLOCK TABLES;

--
-- Table structure for table `settings`
--

DROP TABLE IF EXISTS `settings`;
/*!40101 SET @saved_cs_client     = @@character_set_client */;
/*!40101 SET character_set_client = utf8 */;
CREATE TABLE `settings` (
  `id` int(11) NOT NULL AUTO_INCREMENT,
  `smtp_address` varchar(255) COLLATE utf8_unicode_ci DEFAULT NULL,
  `smtp_port` int(11) DEFAULT NULL,
  `smtp_domain` varchar(255) COLLATE utf8_unicode_ci DEFAULT NULL,
  `local_currency_string` varchar(255) COLLATE utf8_unicode_ci DEFAULT NULL,
  `contract_terms` text COLLATE utf8_unicode_ci,
  `contract_lending_party_string` text COLLATE utf8_unicode_ci,
  `email_signature` varchar(255) COLLATE utf8_unicode_ci DEFAULT NULL,
  `default_email` varchar(255) COLLATE utf8_unicode_ci DEFAULT NULL,
  `deliver_order_notifications` tinyint(1) DEFAULT NULL,
  `user_image_url` varchar(255) COLLATE utf8_unicode_ci DEFAULT NULL,
  `ldap_config` varchar(255) COLLATE utf8_unicode_ci DEFAULT NULL,
  `logo_url` varchar(255) COLLATE utf8_unicode_ci DEFAULT NULL,
  `mail_delivery_method` varchar(255) COLLATE utf8_unicode_ci DEFAULT NULL,
  `smtp_username` varchar(255) COLLATE utf8_unicode_ci DEFAULT NULL,
  `smtp_password` varchar(255) COLLATE utf8_unicode_ci DEFAULT NULL,
  `smtp_enable_starttls_auto` tinyint(1) NOT NULL DEFAULT '0',
  `smtp_openssl_verify_mode` varchar(255) COLLATE utf8_unicode_ci NOT NULL DEFAULT 'none',
  `time_zone` varchar(255) COLLATE utf8_unicode_ci NOT NULL DEFAULT 'Bern',
  `disable_manage_section` tinyint(1) NOT NULL DEFAULT '0',
  `disable_manage_section_message` text COLLATE utf8_unicode_ci,
  `disable_borrow_section` tinyint(1) NOT NULL DEFAULT '0',
  `disable_borrow_section_message` text COLLATE utf8_unicode_ci,
  `text` text COLLATE utf8_unicode_ci,
  PRIMARY KEY (`id`)
) ENGINE=InnoDB AUTO_INCREMENT=2 DEFAULT CHARSET=utf8 COLLATE=utf8_unicode_ci;
/*!40101 SET character_set_client = @saved_cs_client */;

--
-- Dumping data for table `settings`
--

LOCK TABLES `settings` WRITE;
/*!40000 ALTER TABLE `settings` DISABLE KEYS */;
INSERT INTO `settings` VALUES (1,'smtp.zhdk.ch',25,'beta.ausleihe.zhdk.ch','CHF','Die Benutzerin/der Benutzer ist bei unsachgemsser Handhabung oder Verlust schadenersatzpflichtig. Sie/Er verpflichtet sich, das Material sorgfltig zu behandeln und gereinigt zu retournieren. Bei mangelbehafteter oder verspteter Rckgabe kann eine Ausleihsperre (bis zu 6 Monaten) verhngt werden. Das geliehene Material bleibt jederzeit uneingeschrnktes Eigentum der Zrcher Hochschule der Knste und darf ausschliesslich fr schulische Zwecke eingesetzt werden. Mit ihrer/seiner Unterschrift akzeptiert die Benutzerin/der Benutzer diese Bedingungen sowie die \'Richtlinie zur Ausleihe von Sachen\' der ZHdK und etwaige abteilungsspezifische Ausleih-Richtlinien.','Your\nAddress\nHere','Das PZ-leihs Team','sender@example.com',0,'http://www.zhdk.ch/?person/foto&width=100&compressionlevel=0&id={:id}',NULL,'/assets/image-logo-zhdk.png','test',NULL,NULL,0,'none','Bern',0,'',0,'',NULL);
/*!40000 ALTER TABLE `settings` ENABLE KEYS */;
UNLOCK TABLES;

--
-- Table structure for table `suppliers`
--

DROP TABLE IF EXISTS `suppliers`;
/*!40101 SET @saved_cs_client     = @@character_set_client */;
/*!40101 SET character_set_client = utf8 */;
CREATE TABLE `suppliers` (
  `id` int(11) NOT NULL AUTO_INCREMENT,
  `name` varchar(255) COLLATE utf8_unicode_ci DEFAULT NULL,
  `created_at` datetime DEFAULT NULL,
  `updated_at` datetime DEFAULT NULL,
  PRIMARY KEY (`id`)
) ENGINE=InnoDB AUTO_INCREMENT=268 DEFAULT CHARSET=utf8 COLLATE=utf8_unicode_ci;
/*!40101 SET character_set_client = @saved_cs_client */;

--
-- Dumping data for table `suppliers`
--

LOCK TABLES `suppliers` WRITE;
/*!40000 ALTER TABLE `suppliers` DISABLE KEYS */;
INSERT INTO `suppliers` VALUES (1,'nesciuntdelectusconsectetur','2011-09-09 19:30:50','2011-09-09 19:30:50'),(2,'mollitiaquaeratex','2011-09-09 19:30:50','2011-09-09 19:30:50'),(3,'quoquiasit','2011-09-09 19:30:50','2011-09-09 19:30:50'),(4,'remexplicaboet','2011-09-09 19:30:50','2011-09-09 19:30:50'),(5,'velquidemporro','2011-09-09 19:30:50','2011-09-09 19:30:50'),(6,'dolorconsequatursequi','2011-09-09 19:30:50','2011-09-09 19:30:50'),(7,'omnissedcorrupti','2011-09-09 19:30:50','2011-09-09 19:30:50'),(8,'esseconsequaturiure','2011-09-09 19:30:50','2011-09-09 19:30:50'),(9,'iustomolestiaset','2011-09-09 19:30:50','2011-09-09 19:30:50'),(10,'doloribusconsequaturquis','2011-09-09 19:30:50','2011-09-09 19:30:50'),(11,'etvoluptatemest','2011-09-09 19:30:50','2011-09-09 19:30:50'),(12,'atestvelit','2011-09-09 19:30:50','2011-09-09 19:30:50'),(13,'sitiustoet','2011-09-09 19:30:50','2011-09-09 19:30:50'),(14,'repudiandaemagnamreprehenderit','2011-09-09 19:30:50','2011-09-09 19:30:50'),(15,'ducimusvoluptasfacere','2011-09-09 19:30:50','2011-09-09 19:30:50'),(16,'eligendiquisquamdeserunt','2011-09-09 19:30:50','2011-09-09 19:30:50'),(17,'etrepudiandaevoluptatem','2011-09-09 19:30:50','2011-09-09 19:30:50'),(18,'placeatconsequaturcorrupti','2011-09-09 19:30:50','2011-09-09 19:30:50'),(19,'automniset','2011-09-09 19:30:50','2011-09-09 19:30:50'),(20,'cupiditatesedfacilis','2011-09-09 19:30:50','2011-09-09 19:30:50'),(21,'undehicat','2011-09-09 19:30:50','2011-09-09 19:30:50'),(22,'minusdoloreeius','2011-09-09 19:30:50','2011-09-09 19:30:50'),(23,'corporisblanditiisat','2011-09-09 19:30:50','2011-09-09 19:30:50'),(24,'doloretearum','2011-09-09 19:30:50','2011-09-09 19:30:50'),(25,'mollitiaimpedithic','2011-09-09 19:30:50','2011-09-09 19:30:50'),(26,'voluptasreprehenderitvelit','2011-09-09 19:30:50','2011-09-09 19:30:50'),(27,'repellendustemporibusvero','2011-09-09 19:30:50','2011-09-09 19:30:50'),(28,'iureodioblanditiis','2011-09-09 19:30:50','2011-09-09 19:30:50'),(29,'laboriosamblanditiisreprehenderit','2011-09-09 19:30:50','2011-09-09 19:30:50'),(30,'quamfugacum','2011-09-09 19:30:50','2011-09-09 19:30:50'),(31,'molestiaeestsequi','2011-09-09 19:30:50','2011-09-09 19:30:50'),(32,'nobisetesse','2011-09-09 19:30:50','2011-09-09 19:30:50'),(33,'etcumquevelit','2011-09-09 19:30:50','2011-09-09 19:30:50'),(34,'utvoluptasillo','2011-09-09 19:30:50','2011-09-09 19:30:50'),(35,'aliasreruma','2011-09-09 19:30:50','2011-09-09 19:30:50'),(36,'explicaborerumautem','2011-09-09 19:30:50','2011-09-09 19:30:50'),(37,'quianecessitatibusiure','2011-09-09 19:30:50','2011-09-09 19:30:50'),(38,'utquiaut','2011-09-09 19:30:50','2011-09-09 19:30:50'),(39,'repudiandaeestmolestias','2011-09-09 19:30:50','2011-09-09 19:30:50'),(40,'nihilmagnamipsam','2011-09-09 19:30:50','2011-09-09 19:30:50'),(41,'velsequiut','2011-09-09 19:30:50','2011-09-09 19:30:50'),(42,'natusdoloraccusantium','2011-09-09 19:30:50','2011-09-09 19:30:50'),(43,'illumquasut','2011-09-09 19:30:50','2011-09-09 19:30:50'),(44,'molestiaemolestiaspossimus','2011-09-09 19:30:50','2011-09-09 19:30:50'),(45,'autemutdebitis','2011-09-09 19:30:50','2011-09-09 19:30:50'),(46,'velitiurecum','2011-09-09 19:30:50','2011-09-09 19:30:50'),(47,'aperiammaximeodio','2011-09-09 19:30:50','2011-09-09 19:30:50'),(48,'eanesciuntharum','2011-09-09 19:30:50','2011-09-09 19:30:50'),(49,'utabsint','2011-09-09 19:30:50','2011-09-09 19:30:50'),(50,'doloribuseosquae','2011-09-09 19:30:50','2011-09-09 19:30:50'),(51,'maximequasiperferendis','2011-09-09 19:30:50','2011-09-09 19:30:50'),(52,'etcumest','2011-09-09 19:30:50','2011-09-09 19:30:50'),(53,'undeculpaet','2011-09-09 19:30:50','2011-09-09 19:30:50'),(54,'voluptatemexplicabopariatur','2011-09-09 19:30:50','2011-09-09 19:30:50'),(55,'etmagnicumque','2011-09-09 19:30:50','2011-09-09 19:30:50'),(56,'rerumetmagni','2011-09-09 19:30:50','2011-09-09 19:30:50'),(57,'dictanumquamnon','2011-09-09 19:30:50','2011-09-09 19:30:50'),(58,'veniamrepudiandaelibero','2011-09-09 19:30:50','2011-09-09 19:30:50'),(59,'consequaturipsamnisi','2011-09-09 19:30:50','2011-09-09 19:30:50'),(60,'consequaturutin','2011-09-09 19:30:50','2011-09-09 19:30:50'),(61,'praesentiumconsequaturfugiat','2011-09-09 19:30:50','2011-09-09 19:30:50'),(62,'laborumutaut','2011-09-09 19:30:50','2011-09-09 19:30:50'),(63,'inoptioeaque','2011-09-09 19:30:50','2011-09-09 19:30:50'),(64,'quirationesed','2011-09-09 19:30:50','2011-09-09 19:30:50'),(65,'repellatillumdolor','2011-09-09 19:30:50','2011-09-09 19:30:50'),(66,'architectoestnemo','2011-09-09 19:30:50','2011-09-09 19:30:50'),(67,'saepemolestiassit','2011-09-09 19:30:50','2011-09-09 19:30:50'),(68,'maximereiciendisaccusamus','2011-09-09 19:30:50','2011-09-09 19:30:50'),(69,'iustoquisquamaut','2011-09-09 19:30:50','2011-09-09 19:30:50'),(70,'sequiaperiamqui','2011-09-09 19:30:50','2011-09-09 19:30:50'),(71,'nostrumnisiearum','2011-09-09 19:30:50','2011-09-09 19:30:50'),(72,'etperspiciatiseum','2011-09-09 19:30:50','2011-09-09 19:30:50'),(73,'laboriosamautrem','2011-09-09 19:30:50','2011-09-09 19:30:50'),(74,'fugiatvoluptatemerror','2011-09-09 19:30:50','2011-09-09 19:30:50'),(75,'consequunturquiqui','2011-09-09 19:30:50','2011-09-09 19:30:50'),(76,'voluptasmolestiaeadipisci','2011-09-09 19:30:50','2011-09-09 19:30:50'),(77,'cumaperiamtempora','2011-09-09 19:30:50','2011-09-09 19:30:50'),(78,'harumaliquidsit','2011-09-09 19:30:50','2011-09-09 19:30:50'),(79,'esttotammagnam','2011-09-09 19:30:50','2011-09-09 19:30:50'),(80,'quibusdamcommoditenetur','2011-09-09 19:30:50','2011-09-09 19:30:50'),(81,'ipsareprehenderitvoluptatem','2011-09-09 19:30:50','2011-09-09 19:30:50'),(82,'essefugitrecusandae','2011-09-09 19:30:50','2011-09-09 19:30:50'),(83,'reiciendisdoloremexercitationem','2011-09-09 19:30:50','2011-09-09 19:30:50'),(84,'laboriosamverosuscipit','2011-09-09 19:30:50','2011-09-09 19:30:50'),(85,'magnivelitnam','2011-09-09 19:30:50','2011-09-09 19:30:50'),(86,'consequunturadenim','2011-09-09 19:30:50','2011-09-09 19:30:50'),(87,'estsedodio','2011-09-09 19:30:50','2011-09-09 19:30:50'),(88,'quinobisneque','2011-09-09 19:30:50','2011-09-09 19:30:50'),(89,'delectusexpeditaconsequatur','2011-09-09 19:30:50','2011-09-09 19:30:50'),(90,'fugasuscipitfacere','2011-09-09 19:30:50','2011-09-09 19:30:50'),(91,'numquamculpaunde','2011-09-09 19:30:50','2011-09-09 19:30:50'),(92,'inciduntquidemvoluptatem','2011-09-09 19:30:50','2011-09-09 19:30:50'),(93,'reiciendissedut','2011-09-09 19:30:50','2011-09-09 19:30:50'),(94,'eosearepudiandae','2011-09-09 19:30:50','2011-09-09 19:30:50'),(95,'saepesapientealiquam','2011-09-09 19:30:50','2011-09-09 19:30:50'),(96,'voluptasveloptio','2011-09-09 19:30:50','2011-09-09 19:30:50'),(97,'illumquidemnatus','2011-09-09 19:30:50','2011-09-09 19:30:50'),(98,'mollitiatemporibusvoluptas','2011-09-09 19:30:50','2011-09-09 19:30:50'),(99,'rerumquinihil','2011-09-09 19:30:50','2011-09-09 19:30:50'),(100,'inventorevelitnon','2011-09-09 19:30:50','2011-09-09 19:30:50'),(101,'odiomagnamlaborum','2011-09-09 19:30:50','2011-09-09 19:30:50'),(102,'velexercitationemvoluptas','2011-09-09 19:30:50','2011-09-09 19:30:50'),(103,'officiainventoreprovident','2011-09-09 19:30:50','2011-09-09 19:30:50'),(104,'doloremautfugiat','2011-09-09 19:30:50','2011-09-09 19:30:50'),(105,'isteetalias','2011-09-09 19:30:50','2011-09-09 19:30:50'),(106,'omniscommodimaxime','2011-09-09 19:30:50','2011-09-09 19:30:50'),(107,'voluptasquiaquod','2011-09-09 19:30:50','2011-09-09 19:30:50'),(108,'reiciendisexcepturiexpedita','2011-09-09 19:30:50','2011-09-09 19:30:50'),(109,'reprehenderitodiosapiente','2011-09-09 19:30:50','2011-09-09 19:30:50'),(110,'facilisenimrepudiandae','2011-09-09 19:30:50','2011-09-09 19:30:50'),(111,'deseruntsedperspiciatis','2011-09-09 19:30:50','2011-09-09 19:30:50'),(112,'quaeratsedeligendi','2011-09-09 19:30:50','2011-09-09 19:30:50'),(113,'sedvoluptatemad','2011-09-09 19:30:50','2011-09-09 19:30:50'),(114,'sintnatusexercitationem','2011-09-09 19:30:50','2011-09-09 19:30:50'),(115,'ducimusipsamrerum','2011-09-09 19:30:50','2011-09-09 19:30:50'),(116,'cumquedignissimosab','2011-09-09 19:30:50','2011-09-09 19:30:50'),(117,'quiaperiamanimi','2011-09-09 19:30:50','2011-09-09 19:30:50'),(118,'liberoessesint','2011-09-09 19:30:50','2011-09-09 19:30:50'),(119,'modioditminima','2011-09-09 19:30:50','2011-09-09 19:30:50'),(120,'maioresutmodi','2011-09-09 19:30:50','2011-09-09 19:30:50'),(121,'remvelitanimi','2011-09-09 19:30:50','2011-09-09 19:30:50'),(122,'voluptatumautaperiam','2011-09-09 19:30:50','2011-09-09 19:30:50'),(123,'etmolestiaevoluptate','2011-09-09 19:30:50','2011-09-09 19:30:50'),(124,'iureetconsectetur','2011-09-09 19:30:50','2011-09-09 19:30:50'),(125,'nihiladipiscisequi','2011-09-09 19:30:50','2011-09-09 19:30:50'),(126,'aliquameiustotam','2011-09-09 19:30:50','2011-09-09 19:30:50'),(127,'quilaudantiummolestiae','2011-09-09 19:30:50','2011-09-09 19:30:50'),(128,'dolorequovelit','2011-09-09 19:30:50','2011-09-09 19:30:50'),(129,'modiautillo','2011-09-09 19:30:50','2011-09-09 19:30:50'),(130,'nihilrepudiandaequibusdam','2011-09-09 19:30:50','2011-09-09 19:30:50'),(131,'quidemlaudantiumquam','2011-09-09 19:30:50','2011-09-09 19:30:50'),(132,'officiaharumillum','2011-09-09 19:30:50','2011-09-09 19:30:50'),(133,'nobiseaitaque','2011-09-09 19:30:50','2011-09-09 19:30:50'),(134,'utsita','2011-09-09 19:30:50','2011-09-09 19:30:50'),(135,'suntullamut','2011-09-09 19:30:50','2011-09-09 19:30:50'),(136,'sedautdistinctio','2011-09-09 19:30:50','2011-09-09 19:30:50'),(137,'utcupiditateblanditiis','2011-09-09 19:30:50','2011-09-09 19:30:50'),(138,'illumquirepudiandae','2011-09-09 19:30:50','2011-09-09 19:30:50'),(139,'voluptatemautconsequatur','2011-09-09 19:30:50','2011-09-09 19:30:50'),(140,'quiaametquaerat','2011-09-09 19:30:50','2011-09-09 19:30:50'),(141,'estetdoloribus','2011-09-09 19:30:50','2011-09-09 19:30:50'),(142,'inciduntoditillo','2011-09-09 19:30:50','2011-09-09 19:30:50'),(143,'aliquamevenietexercitationem','2011-09-09 19:30:50','2011-09-09 19:30:50'),(144,'estquirepellendus','2011-09-09 19:30:50','2011-09-09 19:30:50'),(145,'maioresvoluptassuscipit','2011-09-09 19:30:50','2011-09-09 19:30:50'),(146,'repudiandaequodmodi','2011-09-09 19:30:50','2011-09-09 19:30:50'),(147,'facilisnulladolor','2011-09-09 19:30:50','2011-09-09 19:30:50'),(148,'nisiearumsunt','2011-09-09 19:30:50','2011-09-09 19:30:50'),(149,'veniamnihilenim','2011-09-09 19:30:50','2011-09-09 19:30:50'),(150,'quiacumquerepellat','2011-09-09 19:30:50','2011-09-09 19:30:50'),(151,'inquiofficia','2011-09-09 19:30:50','2011-09-09 19:30:50'),(152,'cupiditateteneturenim','2011-09-04 00:00:00','2011-09-04 00:00:00'),(153,'reiciendisnumquamducimus','2011-09-04 00:00:00','2011-09-04 00:00:00'),(154,'optiosuscipittemporibus','2011-09-04 00:00:00','2011-09-04 00:00:00'),(155,'etquaeratconsectetur','2011-09-09 19:30:50','2011-09-09 19:30:50'),(156,'quoconsequaturest','2011-09-09 19:30:50','2011-09-09 19:30:50'),(157,'maioresbeataenon','2011-09-09 19:30:50','2011-09-09 19:30:50'),(158,'invelnam','2011-09-09 19:30:50','2011-09-09 19:30:50'),(159,'etdolorearchitecto','2011-09-09 19:30:50','2011-09-09 19:30:50'),(160,'istedistinctioullam','2011-09-09 19:30:50','2011-09-09 19:30:50'),(161,'quiaaliquamnisi','2011-09-09 19:30:50','2011-09-09 19:30:50'),(162,'veritatisharumiure','2011-09-09 19:30:50','2011-09-09 19:30:50'),(163,'pariaturarchitectoquisquam','2011-09-09 19:30:50','2011-09-09 19:30:50'),(164,'estsaepequi','2011-09-09 19:30:50','2011-09-09 19:30:50'),(165,'enimdictasint','2011-09-09 19:30:50','2011-09-09 19:30:50'),(166,'laboriosamquosiure','2011-09-09 19:30:50','2011-09-09 19:30:50'),(167,'perferendisquidemqui','2011-09-09 19:30:50','2011-09-09 19:30:50'),(168,'autdolorillum','2011-09-04 00:00:00','2011-09-04 00:00:00'),(169,'undetemporibussint','2011-09-04 00:00:00','2011-09-04 00:00:00'),(170,'utatquerepellendus','2011-09-04 00:00:00','2011-09-04 00:00:00'),(171,'liberoculpaeum','2011-09-04 00:00:00','2011-09-04 00:00:00'),(172,'sapienteetet','2011-09-04 00:00:00','2011-09-04 00:00:00'),(173,'nameaet','2011-09-09 19:30:50','2011-09-09 19:30:50'),(174,'itaquedistinctiodelectus','2011-09-09 19:30:50','2011-09-09 19:30:50'),(175,'consequaturestea','2011-09-09 19:30:50','2011-09-09 19:30:50'),(176,'cumenimvoluptatem','2011-09-09 19:30:50','2011-09-09 19:30:50'),(177,'omnistemporavero','2011-09-09 19:30:50','2011-09-09 19:30:50'),(178,'eumetvoluptatum','2011-09-09 19:30:50','2011-09-09 19:30:50'),(179,'veleavoluptatibus','2011-09-09 19:30:50','2011-09-09 19:30:50'),(180,'assumendasintqui','2011-09-09 19:30:50','2011-09-09 19:30:50'),(181,'ipsamveroqui','2011-09-09 19:30:50','2011-09-09 19:30:50'),(182,'architectofaciliserror','2011-09-09 19:30:50','2011-09-09 19:30:50'),(183,'repudiandaereiciendisdolorem','2011-09-09 19:30:50','2011-09-09 19:30:50'),(184,'omnisetat','2011-09-09 19:30:50','2011-09-09 19:30:50'),(185,'repellaterroromnis','2011-09-09 19:30:50','2011-09-09 19:30:50'),(186,'sedrepellatenim','2011-09-09 19:30:50','2011-09-09 19:30:50'),(187,'delectusvoluptatemaut','2011-09-09 19:30:50','2011-09-09 19:30:50'),(188,'sedofficiaaliquid','2011-09-09 19:30:50','2011-09-09 19:30:50'),(189,'utharumfuga','2011-09-09 19:30:50','2011-09-09 19:30:50'),(190,'eumremanimi','2011-09-09 19:30:50','2011-09-09 19:30:50'),(191,'recusandaemodiut','2011-09-09 19:30:50','2011-09-09 19:30:50'),(192,'quiaspernaturet','2011-09-09 19:30:50','2011-09-09 19:30:50'),(193,'easintqui','2011-09-09 19:30:50','2011-09-09 19:30:50'),(194,'officiavoluptasaccusamus','2011-09-09 19:30:50','2011-09-09 19:30:50'),(195,'sitdictaquis','2011-09-09 19:30:50','2011-09-09 19:30:50'),(196,'explicaboomnisaspernatur','2011-09-09 19:30:50','2011-09-09 19:30:50'),(197,'minimarationequia','2011-09-09 19:30:50','2011-09-09 19:30:50'),(198,'ipsumnumquamlaborum','2011-09-09 19:30:50','2011-09-09 19:30:50'),(199,'velitexpeditatempore','2011-09-09 19:30:50','2011-09-09 19:30:50'),(200,'nobisautcumque','2011-09-09 19:30:50','2011-09-09 19:30:50'),(201,'quiadquam','2011-09-09 19:30:50','2011-09-09 19:30:50'),(202,'blanditiiscorporisnulla','2011-09-09 19:30:50','2011-09-09 19:30:50'),(203,'corporisautsunt','2011-09-09 19:30:50','2011-09-09 19:30:50'),(204,'quiaestmolestiae','2011-09-09 19:30:50','2011-09-09 19:30:50'),(205,'etquisquam','2011-09-09 19:30:50','2011-09-09 19:30:50'),(206,'iustoomnisnostrum','2011-09-09 19:30:50','2011-09-09 19:30:50'),(207,'aspernaturnecessitatibustempore','2011-09-09 19:30:50','2011-09-09 19:30:50'),(208,'nostrumnullaesse','2011-09-09 19:30:50','2011-09-09 19:30:50'),(209,'voluptasminimadolor','2011-09-09 19:30:50','2011-09-09 19:30:50'),(210,'occaecatidignissimosconsequatur','2011-09-09 19:30:50','2011-09-09 19:30:50'),(211,'nostrumquiadolores','2011-09-09 19:30:50','2011-09-09 19:30:50'),(212,'pariaturdelenitiiusto','2011-09-09 19:30:50','2011-09-09 19:30:50'),(213,'rerumnequeplaceat','2011-09-09 19:30:50','2011-09-09 19:30:50'),(214,'laudantiumquisdoloribus','2011-09-09 19:30:50','2011-09-09 19:30:50'),(215,'quipraesentiumvero','2011-09-09 19:30:50','2011-09-09 19:30:50'),(216,'vitaedignissimoseos','2011-09-08 19:47:36','2011-09-08 19:47:36'),(217,'nesciuntautvoluptatibus','2011-09-08 19:47:36','2011-09-08 19:47:36'),(218,'doloremqueplaceatmaiores','2011-09-08 19:47:36','2011-09-08 19:47:36'),(219,'etasperioressint','2011-09-08 19:47:37','2011-09-08 19:47:37'),(220,'minimadolorenon','2011-09-08 19:47:37','2011-09-08 19:47:37'),(221,'animieiusquis','2011-09-08 19:47:37','2011-09-08 19:47:37'),(222,'praesentiumquiminima','2011-09-08 19:47:37','2011-09-08 19:47:37'),(223,'mollitiaculpaconsequatur','2011-09-08 19:47:37','2011-09-08 19:47:37'),(224,'sitnihilfacilis','2011-09-08 19:47:37','2011-09-08 19:47:37'),(225,'etrerumquo','2011-09-08 19:47:37','2011-09-08 19:47:37'),(226,'voluptasrerumfuga','2011-09-08 19:47:37','2011-09-08 19:47:37'),(227,'utabqui','2011-09-08 19:47:37','2011-09-08 19:47:37'),(228,'estdebitisdelectus','2011-09-08 19:47:37','2011-09-08 19:47:37'),(229,'oditmolestiaelaboriosam','2011-09-08 19:47:37','2011-09-08 19:47:37'),(230,'utblanditiiseum','2011-09-08 19:47:37','2011-09-08 19:47:37'),(231,'isteutsint','2011-09-08 19:47:37','2011-09-08 19:47:37'),(232,'doloremquemagnamnecessitatibus','2011-09-08 19:47:37','2011-09-08 19:47:37'),(233,'consequatureaqueaut','2011-09-08 19:47:37','2011-09-08 19:47:37'),(234,'modidoloremet','2011-09-08 19:47:37','2011-09-08 19:47:37'),(235,'earumteneturmaxime','2011-09-08 19:47:37','2011-09-08 19:47:37'),(236,'nobislaudantiumet','2011-09-08 19:47:37','2011-09-08 19:47:37'),(237,'siteanon','2011-09-09 02:01:13','2011-09-09 02:01:13'),(238,'occaecativeritatisquam','2011-09-09 02:01:13','2011-09-09 02:01:13'),(239,'laboreimpedittemporibus','2011-09-09 02:01:13','2011-09-09 02:01:13'),(240,'sitcupiditateaut','2011-09-04 01:41:07','2011-09-04 01:41:07'),(241,'quienimimpedit','2011-09-04 01:41:07','2011-09-04 01:41:07'),(242,'quiquaerataccusamus','2011-09-04 01:41:07','2011-09-04 01:41:07'),(243,'occaecativoluptatemquisquam','2011-09-04 01:41:07','2011-09-04 01:41:07'),(244,'quasdoloremquebeatae','2011-09-04 01:41:07','2011-09-04 01:41:07'),(245,'quisconsequaturvoluptas','2011-09-04 01:41:07','2011-09-04 01:41:07'),(246,'illocorporissimilique','2011-09-04 01:41:07','2011-09-04 01:41:07'),(247,'consequaturpossimusautem','2011-09-04 01:41:07','2011-09-04 01:41:07'),(248,'mollitianisivelit','2011-09-09 19:30:50','2011-09-09 19:30:50'),(249,'omniseosnostrum','2011-09-09 19:30:50','2011-09-09 19:30:50'),(250,'estutquis','2011-09-09 19:30:50','2011-09-09 19:30:50'),(251,'nihilsapientevoluptatem','2011-09-09 19:30:50','2011-09-09 19:30:50'),(252,'consequuntursuntlaudantium','2011-09-09 19:30:50','2011-09-09 19:30:50'),(253,'aliquidvoluptatemsint','2011-09-09 19:30:50','2011-09-09 19:30:50'),(254,'teneturrecusandaeincidunt','2011-09-09 19:30:50','2011-09-09 19:30:50'),(255,'rerumreiciendisqui','2011-09-09 19:30:50','2011-09-09 19:30:50'),(256,'explicaboundeneque','2011-09-09 19:30:50','2011-09-09 19:30:50'),(257,'dolorvoluptasvero','2011-09-09 19:30:50','2011-09-09 19:30:50'),(258,'harumnamaut','2011-09-09 19:30:50','2011-09-09 19:30:50'),(259,'architectooccaecatifugiat','2011-09-09 19:30:50','2011-09-09 19:30:50'),(260,'undeeumomnis','2011-09-09 19:30:50','2011-09-09 19:30:50'),(261,'architectoadesse','2011-09-09 19:30:50','2011-09-09 19:30:50'),(262,'abquiet','2011-09-09 19:30:50','2011-09-09 19:30:50'),(263,'quodestquas','2011-09-09 19:30:50','2011-09-09 19:30:50'),(264,'modiquiaspernatur','2011-09-09 19:30:50','2011-09-09 19:30:50'),(265,'quaeducimusaut','2011-09-09 19:30:50','2011-09-09 19:30:50'),(266,'sedconsequaturconsequatur','2011-09-09 19:30:50','2011-09-09 19:30:50'),(267,'voluptatesnesciuntalias','2011-09-09 19:30:50','2011-09-09 19:30:50');
/*!40000 ALTER TABLE `suppliers` ENABLE KEYS */;
UNLOCK TABLES;

--
-- Table structure for table `users`
--

DROP TABLE IF EXISTS `users`;
/*!40101 SET @saved_cs_client     = @@character_set_client */;
/*!40101 SET character_set_client = utf8 */;
CREATE TABLE `users` (
  `id` int(11) NOT NULL AUTO_INCREMENT,
  `login` varchar(255) COLLATE utf8_unicode_ci DEFAULT NULL,
  `firstname` varchar(255) COLLATE utf8_unicode_ci DEFAULT NULL,
  `lastname` varchar(255) COLLATE utf8_unicode_ci DEFAULT NULL,
  `phone` varchar(255) COLLATE utf8_unicode_ci DEFAULT NULL,
  `authentication_system_id` int(11) DEFAULT '1',
  `unique_id` varchar(255) COLLATE utf8_unicode_ci DEFAULT NULL,
  `email` varchar(255) COLLATE utf8_unicode_ci DEFAULT NULL,
  `badge_id` varchar(255) COLLATE utf8_unicode_ci DEFAULT NULL,
  `address` varchar(255) COLLATE utf8_unicode_ci DEFAULT NULL,
  `city` varchar(255) COLLATE utf8_unicode_ci DEFAULT NULL,
  `zip` varchar(255) COLLATE utf8_unicode_ci DEFAULT NULL,
  `country` varchar(255) COLLATE utf8_unicode_ci DEFAULT NULL,
  `language_id` int(11) DEFAULT NULL,
  `extended_info` text COLLATE utf8_unicode_ci,
  `settings` varchar(1024) COLLATE utf8_unicode_ci DEFAULT NULL,
  `created_at` datetime DEFAULT NULL,
  `updated_at` datetime DEFAULT NULL,
  `delegator_user_id` int(11) DEFAULT NULL,
  PRIMARY KEY (`id`),
  KEY `index_users_on_authentication_system_id` (`authentication_system_id`)
) ENGINE=InnoDB AUTO_INCREMENT=35 DEFAULT CHARSET=utf8 COLLATE=utf8_unicode_ci;
/*!40101 SET character_set_client = @saved_cs_client */;

--
-- Dumping data for table `users`
--

LOCK TABLES `users` WRITE;
/*!40000 ALTER TABLE `users` DISABLE KEYS */;
INSERT INTO `users` VALUES (1,'gino','Gino','F.','01834853619',1,'ckzncogkpeafmupno8','gino@zhdk.ch','261fyr623a91sdaxnc','283 Abernathy Course','West Jamal','H-Y8 3JB','Heard Island and McDonald Islands',2,NULL,'--- !ruby/hash:ActiveSupport::HashWithIndifferentAccess {}\n','2011-09-09 19:30:50','2011-09-09 19:30:50',NULL),(2,'ramon','Ramon','C.','02538406771',1,'rxk3451nqa9avgxdt7','ramon@zhdk.ch','f2fkvz6x3lcf2mc0ry','5905 Berge Squares','O\'Reillychester','P-TB2 0DT','Pitcairn Islands',2,NULL,'--- !ruby/hash:ActiveSupport::HashWithIndifferentAccess {}\n','2011-09-09 19:30:50','2011-09-09 19:30:50',NULL),(3,'devon_waters_9579','Hilton','Monahan','02495400532',1,'254d49vmrz7oopegne','sid.shields@oberbrunnerhayes.name','mkojohojfa7ma2nta2','56786 Walsh Centers','Izaiahbury','E-WU7P 2AZ','Estonia',1,NULL,'--- !ruby/hash:ActiveSupport::HashWithIndifferentAccess {}\n','2011-09-09 19:30:50','2011-09-09 19:30:50',NULL),(4,'christiana_5568','Gaylord','Koepp','02447350598',1,'vyjnrobjfau9w0mejp','micheal@mclaughlin.name','f98vvbjass93h0e9oo','67390 Spencer Summit','Americatown','A-WA8E 9NB','Andorra',1,NULL,'--- !ruby/hash:ActiveSupport::HashWithIndifferentAccess {}\n','2011-09-09 19:30:50','2011-09-09 19:30:50',NULL),(5,'alfonso_2047','Javier','Maggio','0800476425',1,'6mi916doue250mb2zr','laurianne.gaylord@greenholt.name','chpq5o11s5uswime7v','767 Kshlerin Lake','West Taya','S-WB4 4WO','Saint Barthelemy',1,NULL,'--- !ruby/hash:ActiveSupport::HashWithIndifferentAccess {}\n','2011-09-09 19:30:50','2011-09-09 19:30:50',NULL),(6,'jadon_spencer_5674','Irving','Willms','05624002604',1,'81sni9qxqrcj68nqzc','daija_hintz@hauckbarrows.co.uk','rdap28w4vwi4f5tdpo','87720 Jay Overpass','Dillonbury','F-W6 5BW','Finland',1,NULL,'--- !ruby/hash:ActiveSupport::HashWithIndifferentAccess {}\n','2011-09-09 19:30:50','2011-09-09 19:30:50',NULL),(7,'colleen.mante_6537','Sebastian','Kiehn','08004519282',1,'8l7dch0d3x5alago7w','rollin.wisoky@mitchell.info','o46seenjo8jfrhn9rf','460 Danielle Lock','Rileybury','R-YV8 8LQ','Russian Federation',1,NULL,'--- !ruby/hash:ActiveSupport::HashWithIndifferentAccess {}\n','2011-09-09 19:30:50','2011-09-09 19:30:50',NULL),(8,'rebeca_haley_1583','Ramon','Will','01187855966',1,'9of4azrh21l4prprzn','fidel.dibbert@weinatharber.info','7ka3383ns5ff4z3zsd','9996 Champlin Vista','South Reneport','P-ZW1 0ED','Pakistan',1,NULL,'--- !ruby/hash:ActiveSupport::HashWithIndifferentAccess {}\n','2011-09-09 19:30:50','2011-09-09 19:30:50',NULL),(9,'matti','Matti','S.','01161565148',1,'55v9xtz97jh6w035vb','matti@zhdk.ch','66k0bznopg1vi6vg9b','72570 Margarette Mission','Uniquetown','K-SP0 0BF','Kazakhstan',2,NULL,'--- !ruby/hash:ActiveSupport::HashWithIndifferentAccess {}\n','2011-09-09 19:30:50','2011-09-09 19:30:50',NULL),(10,'mike','Mike','H.','0119381158',1,'h5dep2wp22wj4gf3fz','mike@zhdk.ch','yc0xildugdzvurdoq8','33694 Jannie Flats','Port Arnehaven','D-UA8 4LJ','Djibouti',2,NULL,'--- !ruby/hash:ActiveSupport::HashWithIndifferentAccess {}\n','2011-09-09 19:30:50','2011-09-09 19:30:50',NULL),(11,'pius','Pius','Miller','0800184996',1,'367xd1jvif1xd9uubv','pius@zhdk.ch','s41db184tl142iohty','4294 Buckridge Island','Krisview','G-ZC5 4LT','Guernsey',2,NULL,'--- !ruby/hash:ActiveSupport::HashWithIndifferentAccess {}\n','2011-09-09 19:30:50','2011-09-09 19:30:50',NULL),(12,'peter','Peter','Silie','03149648786',1,'ftiw8hq2czcf9qwpfa','peter@silie.com','kz1l3xqi1oow4vftx2','56921 Rohan Pines','Beckerport','M-G5Y 2AJ','Malaysia',2,NULL,'--- !ruby/hash:ActiveSupport::HashWithIndifferentAccess {}\n','2011-09-09 19:30:50','2011-09-09 19:30:50',NULL),(13,'kaleigh_7499','Rosamond','Wehner','05615836542',1,'v2ioj2oaltosi7uvjc','brown.spencer@jones.com','ft294u286vdzv7wy7z','8522 Kiera Passage','Port Lester','T-ZT4E 3JX','Taiwan',1,NULL,'--- !ruby/hash:ActiveSupport::HashWithIndifferentAccess {}\n','2011-09-09 19:30:50','2011-09-09 19:30:50',NULL),(14,'janie_6828','Parker','Gislason','01319087703',1,'31lbpm69ai4yihqf7o','theo@jacobs.com','ozzzeanapqpu6z5u7l','1239 Quinn Run','Labadiehaven','F-N3 1QA','French Southern Territories',1,NULL,'--- !ruby/hash:ActiveSupport::HashWithIndifferentAccess {}\n','2011-09-09 19:30:50','2011-09-09 19:30:50',NULL),(15,'libby.sauer_6256','Allison','Stamm','01419265010',1,'rqgzzqgyz44nn3fyea','cory@abbottcummerata.biz','858ebjaxjfj8c8axqo','46135 Douglas Port','Port Maxime','G-YQ2 7FL','Gambia',1,NULL,'--- !ruby/hash:ActiveSupport::HashWithIndifferentAccess {}\n','2011-09-09 19:30:50','2011-09-09 19:30:50',NULL),(16,'flavie.wehner_5559','Antonette','Gulgowski','03548408571',1,'x9fl4b1s5vs9thyw5j','gail@becker.co.uk','3iqppntit9fj7pnhnv','49822 Crona Rapid','Port Hilma','Q-ZF2B 6LO','Qatar',1,NULL,'--- !ruby/hash:ActiveSupport::HashWithIndifferentAccess {}\n','2011-09-09 19:30:50','2011-09-09 19:30:50',NULL),(17,'liliane_6506','Cierra','Parisian','05589649267',1,'jm1uv0866f6rkvi82z','toney@beahan.co.uk','vnn7r8g5xk3mjsbfch','54466 Vernon Throughway','Cortneyberg','G-YM6 3BL','Guinea-Bissau',1,NULL,'--- !ruby/hash:ActiveSupport::HashWithIndifferentAccess {}\n','2011-09-04 00:00:00','2011-09-04 00:00:00',NULL),(18,'rosie.daniel_2858','Benedict','Schumm','08325429254',1,'px85tu8d7ptpg4oscb','laila@conn.name','spd585u6sp5aoznnhj','323 Bryce Forks','Kennethville','D-WV5 7LB','Dominican Republic',1,NULL,'--- !ruby/hash:ActiveSupport::HashWithIndifferentAccess {}\n','2011-09-04 00:00:00','2011-09-04 00:00:00',NULL),(19,'mina','Mina','McCullough','05629797260',1,'dn6mqpnzxsyy8vjcek','mina@zhdk.ch','q47l5dtc2ymofbkymh','6009 Dante Mount','Kraigberg','S-K0 5XJ','Seychelles',1,NULL,'--- !ruby/hash:ActiveSupport::HashWithIndifferentAccess {}\n','2011-09-09 19:30:50','2011-09-09 19:30:50',NULL),(20,'julie','Julie','Davis','01514124610',1,'w73i1tg9xhmwuvk1qd','julie@zhdk.ch','gkdom9igqk2cki6kbt','70564 Hilll Track','New Murphystad','A-WR5 9YA','Afghanistan',1,NULL,'--- !ruby/hash:ActiveSupport::HashWithIndifferentAccess {}\n','2011-09-09 19:30:50','2011-09-09 19:30:50',NULL),(21,NULL,'Magnam dolore modi consequatur eius placeat asperiores voluptatem.',NULL,NULL,NULL,NULL,NULL,NULL,NULL,NULL,NULL,NULL,1,NULL,'--- !ruby/hash:ActiveSupport::HashWithIndifferentAccess {}\n','2011-09-09 19:30:50','2011-09-09 19:30:50',20),(22,NULL,'Quam exercitationem incidunt expedita ipsam sapiente aperiam sint commodi.',NULL,NULL,NULL,NULL,NULL,NULL,NULL,NULL,NULL,NULL,1,NULL,'--- !ruby/hash:ActiveSupport::HashWithIndifferentAccess {}\n','2011-09-09 19:30:50','2011-09-09 19:30:50',19),(23,NULL,'Rem quia architecto accusamus atque laborum debitis nam.',NULL,NULL,NULL,NULL,NULL,NULL,NULL,NULL,NULL,NULL,1,NULL,'--- !ruby/hash:ActiveSupport::HashWithIndifferentAccess {}\n','2011-09-09 19:30:50','2011-09-09 19:30:50',19),(24,NULL,'Repellendus velit eaque dolor ut neque autem.',NULL,NULL,NULL,NULL,NULL,NULL,NULL,NULL,NULL,NULL,1,NULL,'--- !ruby/hash:ActiveSupport::HashWithIndifferentAccess {}\n','2011-09-09 19:30:50','2011-09-09 19:30:50',19),(25,'normin','Normin','N.','0169776383',1,'36s4jrnoto6caj54vo','normin@zhdk.ch','005i63qeo80gt29h5f','5401 Hamill Hills','Lake Sidborough','G-WE3 8LW','Greece',2,NULL,'--- !ruby/hash:ActiveSupport::HashWithIndifferentAccess {}\n','2011-09-09 19:30:50','2011-09-09 19:30:50',NULL),(26,'petra','Petra','K.','08464310104',1,'a7tdqlijnqvrg6pw7p','petra@zhdk.ch','okbder7d1hfsfgl9eh','48107 Alexandrine Ridges, ','New Andresview','N-YD3B 1WA','New Zealand',2,NULL,'--- !ruby/hash:ActiveSupport::HashWithIndifferentAccess {}\n','2011-09-09 19:30:50','2011-09-09 19:30:50',NULL),(27,'andi','Andi','Hermiston','02511133271',1,'u7qfnyevyoglyza22o','andi@zhdk.ch','39mkjkrmgfdxgsoyag','4364 Alford Key','Lake Jarrellville','D-Z5 6DA','Djibouti',2,NULL,'--- !ruby/hash:ActiveSupport::HashWithIndifferentAccess {}\n','2011-09-09 19:30:50','2011-09-09 19:30:50',NULL),(28,'alyson_8483','Russell','Miller','08913624290',1,'f72r0ydot2eeebdjcp','brant_boyer@andersonsauer.biz','f0t80bz2j6znc5xntw','90210 Candida Isle','South Stanmouth','U-WC0 5BA','United States Minor Outlying Islands',2,NULL,'--- !ruby/hash:ActiveSupport::HashWithIndifferentAccess {}\n','2011-09-09 19:30:50','2011-09-09 19:30:50',NULL),(29,'annetta_brown_1199','Luella','Feil','01358045631',1,'3c0yr3alku30j09qfw','ericka.rolfson@strackerogahn.biz','f8c9dcwa3ge7iz2df9','9478 Rodger Lights','Corenebury','N-DL4 5FS','Norfolk Island',1,NULL,'--- !ruby/hash:ActiveSupport::HashWithIndifferentAccess {}\n','2011-09-09 19:30:50','2011-09-09 19:30:50',NULL),(30,'cayla_3223','Lennie','Strosin','08003557913',1,'oky7cwjmez3fbyi0by','cristina.hackett@brakus.name','x3wdppa3c1638leaoe','74531 Charles Avenue','Port Jordyn','C-Z2N 0AG','Cameroon',1,NULL,'--- !ruby/hash:ActiveSupport::HashWithIndifferentAccess {}\n','2011-09-09 19:30:50','2011-09-09 19:30:50',NULL),(31,'demetrius_1771','Guido','Upton','01794572386',1,'1l9eazre3fxhl7mb6a','kameron.wunsch@hermannrohan.com','ptgwcvmt69f3kzmfq2','96187 Grady Tunnel','South Patsyberg','E-UT5V 7LS','Equatorial Guinea',1,NULL,'--- !ruby/hash:ActiveSupport::HashWithIndifferentAccess {}\n','2011-09-09 19:30:50','2011-09-09 19:30:50',NULL),(32,'layne.brown_1269','Andy','Mills','0500753323',1,'qhfyqqtvkwlymz5aoo','madyson@zemlak.info','0i7zjwhamkk5i5iog6','322 Sonia Club','New Maymie','A-S8 8LE','Anguilla',1,NULL,'--- !ruby/hash:ActiveSupport::HashWithIndifferentAccess {}\n','2011-09-09 19:30:50','2011-09-09 19:30:50',NULL),(33,'bethany_prosacco_7524','Easter','Runolfsdottir','01713148387',1,'382encnebaqh8djm1j','noelia.emard@oconnell.biz','8zneurit03e5aumhl5','25621 Brandt Freeway','Lake Isobel','S-ZC3 1BL','South Georgia and the South Sandwich Islands',1,NULL,'--- !ruby/hash:ActiveSupport::HashWithIndifferentAccess {}\n','2011-09-09 19:30:50','2011-09-09 19:30:50',NULL),(34,'lisa','Lisa','L.','01189334011',1,'hhwl6xc61ec37wewpb','lisa@zhdk.ch','5xyx7zh0zmy3kvxmtl','6269 Raynor Cape','West Fredahaven','I-WK9 1EB','Ireland',2,NULL,'--- !ruby/hash:ActiveSupport::HashWithIndifferentAccess {}\n','2011-09-09 19:30:50','2011-09-09 19:30:50',NULL);
/*!40000 ALTER TABLE `users` ENABLE KEYS */;
UNLOCK TABLES;

--
-- Temporary table structure for view `visit_lines`
--

DROP TABLE IF EXISTS `visit_lines`;
/*!50001 DROP VIEW IF EXISTS `visit_lines`*/;
SET @saved_cs_client     = @@character_set_client;
SET character_set_client = utf8;
/*!50001 CREATE TABLE `visit_lines` (
  `visit_id` tinyint NOT NULL,
  `inventory_pool_id` tinyint NOT NULL,
  `user_id` tinyint NOT NULL,
  `delegated_user_id` tinyint NOT NULL,
  `status` tinyint NOT NULL,
  `action` tinyint NOT NULL,
  `date` tinyint NOT NULL,
  `quantity` tinyint NOT NULL,
  `contract_line_id` tinyint NOT NULL
) ENGINE=MyISAM */;
SET character_set_client = @saved_cs_client;

--
-- Temporary table structure for view `visits`
--

DROP TABLE IF EXISTS `visits`;
/*!50001 DROP VIEW IF EXISTS `visits`*/;
SET @saved_cs_client     = @@character_set_client;
SET character_set_client = utf8;
/*!50001 CREATE TABLE `visits` (
  `id` tinyint NOT NULL,
  `inventory_pool_id` tinyint NOT NULL,
  `user_id` tinyint NOT NULL,
  `status` tinyint NOT NULL,
  `action` tinyint NOT NULL,
  `date` tinyint NOT NULL,
  `quantity` tinyint NOT NULL
) ENGINE=MyISAM */;
SET character_set_client = @saved_cs_client;

--
-- Table structure for table `workdays`
--

DROP TABLE IF EXISTS `workdays`;
/*!40101 SET @saved_cs_client     = @@character_set_client */;
/*!40101 SET character_set_client = utf8 */;
CREATE TABLE `workdays` (
  `id` int(11) NOT NULL AUTO_INCREMENT,
  `inventory_pool_id` int(11) DEFAULT NULL,
  `monday` tinyint(1) DEFAULT '1',
  `tuesday` tinyint(1) DEFAULT '1',
  `wednesday` tinyint(1) DEFAULT '1',
  `thursday` tinyint(1) DEFAULT '1',
  `friday` tinyint(1) DEFAULT '1',
  `saturday` tinyint(1) DEFAULT '0',
  `sunday` tinyint(1) DEFAULT '0',
  PRIMARY KEY (`id`),
  KEY `index_workdays_on_inventory_pool_id` (`inventory_pool_id`)
) ENGINE=InnoDB AUTO_INCREMENT=13 DEFAULT CHARSET=utf8 COLLATE=utf8_unicode_ci;
/*!40101 SET character_set_client = @saved_cs_client */;

--
-- Dumping data for table `workdays`
--

LOCK TABLES `workdays` WRITE;
/*!40000 ALTER TABLE `workdays` DISABLE KEYS */;
INSERT INTO `workdays` VALUES (1,1,1,1,1,1,1,0,0),(2,2,1,1,1,1,1,0,0),(3,3,1,1,1,1,1,0,0),(4,4,1,1,1,1,1,0,0),(5,5,1,1,1,1,1,0,0),(6,6,1,1,1,1,1,0,0),(7,7,1,1,1,1,1,0,0),(8,8,1,1,1,1,1,0,0),(9,9,1,1,1,1,1,0,0),(10,10,1,1,1,1,1,0,0),(11,11,1,1,1,1,1,0,0),(12,12,1,1,1,1,1,0,0);
/*!40000 ALTER TABLE `workdays` ENABLE KEYS */;
UNLOCK TABLES;

--
-- Final view structure for view `partitions_with_generals`
--

/*!50001 DROP TABLE IF EXISTS `partitions_with_generals`*/;
/*!50001 DROP VIEW IF EXISTS `partitions_with_generals`*/;
/*!50001 SET @saved_cs_client          = @@character_set_client */;
/*!50001 SET @saved_cs_results         = @@character_set_results */;
/*!50001 SET @saved_col_connection     = @@collation_connection */;
/*!50001 SET character_set_client      = utf8 */;
/*!50001 SET character_set_results     = utf8 */;
/*!50001 SET collation_connection      = utf8_general_ci */;
/*!50001 CREATE ALGORITHM=UNDEFINED */
/*!50001 VIEW `partitions_with_generals` AS select `partitions`.`model_id` AS `model_id`,`partitions`.`inventory_pool_id` AS `inventory_pool_id`,`partitions`.`group_id` AS `group_id`,`partitions`.`quantity` AS `quantity` from `partitions` union select `i`.`model_id` AS `model_id`,`i`.`inventory_pool_id` AS `inventory_pool_id`,NULL AS `group_id`,(count(`i`.`id`) - ifnull((select sum(`p`.`quantity`) from `partitions` `p` where ((`p`.`model_id` = `i`.`model_id`) and (`p`.`inventory_pool_id` = `i`.`inventory_pool_id`)) group by `p`.`inventory_pool_id`,`p`.`model_id`),0)) AS `quantity` from `items` `i` where (isnull(`i`.`retired`) and (`i`.`is_borrowable` = 1) and isnull(`i`.`parent_id`)) group by `i`.`inventory_pool_id`,`i`.`model_id` */;
/*!50001 SET character_set_client      = @saved_cs_client */;
/*!50001 SET character_set_results     = @saved_cs_results */;
/*!50001 SET collation_connection      = @saved_col_connection */;

--
-- Final view structure for view `visit_lines`
--

/*!50001 DROP TABLE IF EXISTS `visit_lines`*/;
/*!50001 DROP VIEW IF EXISTS `visit_lines`*/;
/*!50001 SET @saved_cs_client          = @@character_set_client */;
/*!50001 SET @saved_cs_results         = @@character_set_results */;
/*!50001 SET @saved_col_connection     = @@collation_connection */;
/*!50001 SET character_set_client      = utf8 */;
/*!50001 SET character_set_results     = utf8 */;
/*!50001 SET collation_connection      = utf8_general_ci */;
/*!50001 CREATE ALGORITHM=UNDEFINED */
/*!50001 VIEW `visit_lines` AS select hex(concat(if((`c`.`status` = 'approved'),`cl`.`start_date`,`cl`.`end_date`),`c`.`inventory_pool_id`,`c`.`user_id`,`c`.`status`)) AS `visit_id`,`c`.`inventory_pool_id` AS `inventory_pool_id`,`c`.`user_id` AS `user_id`,`c`.`delegated_user_id` AS `delegated_user_id`,`c`.`status` AS `status`,if((`c`.`status` = 'approved'),'hand_over','take_back') AS `action`,if((`c`.`status` = 'approved'),`cl`.`start_date`,`cl`.`end_date`) AS `date`,`cl`.`quantity` AS `quantity`,`cl`.`id` AS `contract_line_id` from (`contract_lines` `cl` join `contracts` `c` on((`cl`.`contract_id` = `c`.`id`))) where ((`c`.`status` in ('approved','signed')) and isnull(`cl`.`returned_date`)) order by if((`c`.`status` = 'approved'),`cl`.`start_date`,`cl`.`end_date`) */;
/*!50001 SET character_set_client      = @saved_cs_client */;
/*!50001 SET character_set_results     = @saved_cs_results */;
/*!50001 SET collation_connection      = @saved_col_connection */;

--
-- Final view structure for view `visits`
--

/*!50001 DROP TABLE IF EXISTS `visits`*/;
/*!50001 DROP VIEW IF EXISTS `visits`*/;
/*!50001 SET @saved_cs_client          = @@character_set_client */;
/*!50001 SET @saved_cs_results         = @@character_set_results */;
/*!50001 SET @saved_col_connection     = @@collation_connection */;
/*!50001 SET character_set_client      = utf8 */;
/*!50001 SET character_set_results     = utf8 */;
/*!50001 SET collation_connection      = utf8_general_ci */;
/*!50001 CREATE ALGORITHM=UNDEFINED */
/*!50001 VIEW `visits` AS select hex(concat(`visit_lines`.`date`,`visit_lines`.`inventory_pool_id`,`visit_lines`.`user_id`,`visit_lines`.`status`)) AS `id`,`visit_lines`.`inventory_pool_id` AS `inventory_pool_id`,`visit_lines`.`user_id` AS `user_id`,`visit_lines`.`status` AS `status`,`visit_lines`.`action` AS `action`,`visit_lines`.`date` AS `date`,sum(`visit_lines`.`quantity`) AS `quantity` from `visit_lines` group by `visit_lines`.`user_id`,`visit_lines`.`status`,`visit_lines`.`date`,`visit_lines`.`inventory_pool_id` */;
/*!50001 SET character_set_client      = @saved_cs_client */;
/*!50001 SET character_set_results     = @saved_cs_results */;
/*!50001 SET collation_connection      = @saved_col_connection */;
/*!40103 SET TIME_ZONE=@OLD_TIME_ZONE */;

/*!40101 SET SQL_MODE=@OLD_SQL_MODE */;
/*!40014 SET FOREIGN_KEY_CHECKS=@OLD_FOREIGN_KEY_CHECKS */;
/*!40014 SET UNIQUE_CHECKS=@OLD_UNIQUE_CHECKS */;
/*!40101 SET CHARACTER_SET_CLIENT=@OLD_CHARACTER_SET_CLIENT */;
/*!40101 SET CHARACTER_SET_RESULTS=@OLD_CHARACTER_SET_RESULTS */;
/*!40101 SET COLLATION_CONNECTION=@OLD_COLLATION_CONNECTION */;
/*!40111 SET SQL_NOTES=@OLD_SQL_NOTES */;

-- Dump completed on 2014-06-24 14:09:04
COMMIT;
