SET autocommit=0; SET unique_checks=0; SET foreign_key_checks=0;
-- MySQL dump 10.13  Distrib 5.5.37, for debian-linux-gnu (i686)
--
-- Host: localhost    Database: leihs2_test
-- ------------------------------------------------------
-- Server version	5.5.37-0+wheezy1

/*!40101 SET @OLD_CHARACTER_SET_CLIENT=@@CHARACTER_SET_CLIENT */;
/*!40101 SET @OLD_CHARACTER_SET_RESULTS=@@CHARACTER_SET_RESULTS */;
/*!40101 SET @OLD_COLLATION_CONNECTION=@@COLLATION_CONNECTION */;
/*!40101 SET NAMES utf8 */;
/*!40103 SET @OLD_TIME_ZONE=@@TIME_ZONE */;
/*!40103 SET TIME_ZONE='+00:00' */;
/*!40014 SET @OLD_UNIQUE_CHECKS=@@UNIQUE_CHECKS, UNIQUE_CHECKS=0 */;
/*!40014 SET @OLD_FOREIGN_KEY_CHECKS=@@FOREIGN_KEY_CHECKS, FOREIGN_KEY_CHECKS=0 */;
/*!40101 SET @OLD_SQL_MODE=@@SQL_MODE, SQL_MODE='NO_AUTO_VALUE_ON_ZERO' */;
/*!40111 SET @OLD_SQL_NOTES=@@SQL_NOTES, SQL_NOTES=0 */;

--
-- Table structure for table `access_rights`
--

DROP TABLE IF EXISTS `access_rights`;
/*!40101 SET @saved_cs_client     = @@character_set_client */;
/*!40101 SET character_set_client = utf8 */;
CREATE TABLE `access_rights` (
  `id` int(11) NOT NULL AUTO_INCREMENT,
  `user_id` int(11) DEFAULT NULL,
  `inventory_pool_id` int(11) DEFAULT NULL,
  `suspended_until` date DEFAULT NULL,
  `suspended_reason` text COLLATE utf8_unicode_ci,
  `deleted_at` date DEFAULT NULL,
  `created_at` datetime DEFAULT NULL,
  `updated_at` datetime DEFAULT NULL,
  `role` enum('customer','group_manager','lending_manager','inventory_manager','admin') COLLATE utf8_unicode_ci NOT NULL,
  PRIMARY KEY (`id`),
  KEY `index_access_rights_on_suspended_until` (`suspended_until`),
  KEY `index_access_rights_on_deleted_at` (`deleted_at`),
  KEY `index_access_rights_on_inventory_pool_id` (`inventory_pool_id`),
  KEY `index_access_rights_on_role` (`role`),
  KEY `index_on_user_id_and_inventory_pool_id_and_deleted_at` (`user_id`,`inventory_pool_id`,`deleted_at`)
) ENGINE=InnoDB AUTO_INCREMENT=41 DEFAULT CHARSET=utf8 COLLATE=utf8_unicode_ci;
/*!40101 SET character_set_client = @saved_cs_client */;

--
-- Dumping data for table `access_rights`
--

LOCK TABLES `access_rights` WRITE;
/*!40000 ALTER TABLE `access_rights` DISABLE KEYS */;
INSERT INTO `access_rights` VALUES (1,1,NULL,NULL,NULL,NULL,'2013-10-02 10:50:23','2013-10-02 10:50:23','admin'),(2,2,NULL,NULL,NULL,NULL,'2013-10-02 10:50:23','2013-10-02 10:50:23','admin'),(3,4,3,NULL,NULL,NULL,'2013-10-02 10:50:23','2013-10-02 10:50:23','customer'),(4,5,1,NULL,NULL,NULL,'2013-10-02 10:50:23','2013-10-02 10:50:23','lending_manager'),(5,6,5,NULL,NULL,NULL,'2013-10-02 10:50:23','2013-10-02 10:50:23','customer'),(6,7,10,NULL,NULL,NULL,'2013-10-02 10:50:23','2013-10-02 10:50:23','customer'),(7,8,1,NULL,NULL,'2013-10-02','2013-10-02 10:50:23','2013-10-02 10:50:23','customer'),(8,2,1,NULL,NULL,NULL,'2013-10-02 10:50:23','2013-10-02 10:50:23','customer'),(9,9,2,NULL,NULL,NULL,'2013-10-02 10:50:23','2013-10-02 10:50:23','inventory_manager'),(10,10,1,NULL,NULL,NULL,'2013-10-02 10:50:23','2013-10-02 10:50:23','inventory_manager'),(11,10,11,NULL,NULL,NULL,'2013-10-02 10:50:23','2013-10-02 10:50:23','inventory_manager'),(12,11,1,NULL,NULL,NULL,'2013-10-02 10:50:23','2013-10-02 10:50:23','lending_manager'),(13,11,2,NULL,NULL,NULL,'2013-10-02 10:50:23','2013-10-02 10:50:23','lending_manager'),(14,12,1,NULL,NULL,NULL,'2013-10-02 10:50:23','2013-10-02 10:50:23','customer'),(15,13,1,NULL,NULL,NULL,'2013-10-02 10:50:23','2013-10-02 10:50:23','customer'),(16,14,1,NULL,NULL,NULL,'2013-10-02 10:50:23','2013-10-02 10:50:23','customer'),(17,15,1,NULL,NULL,NULL,'2013-10-02 10:50:23','2013-10-02 10:50:23','customer'),(18,16,1,NULL,NULL,NULL,'2013-10-02 10:50:23','2013-10-02 10:50:23','customer'),(19,17,2,'2013-09-28','Autem nisi enim distinctio dolores.',NULL,'2013-09-27 00:00:00','2013-09-27 00:00:00','customer'),(20,19,1,NULL,NULL,NULL,'2013-10-02 10:50:23','2013-10-02 10:50:23','customer'),(21,20,1,NULL,NULL,NULL,'2013-10-02 10:50:23','2013-10-02 10:50:23','customer'),(22,21,1,NULL,NULL,NULL,'2013-10-02 10:50:23','2013-10-02 10:50:23','customer'),(23,22,1,NULL,NULL,NULL,'2013-10-02 10:50:23','2013-10-02 10:50:23','customer'),(24,24,1,NULL,NULL,NULL,'2013-10-02 10:50:23','2013-10-02 10:50:23','customer'),(25,24,12,NULL,NULL,NULL,'2013-10-02 10:50:23','2013-10-02 10:50:23','customer'),(26,25,1,NULL,NULL,NULL,'2013-10-02 10:50:23','2013-10-02 10:50:23','customer'),(27,25,2,NULL,NULL,NULL,'2013-10-02 10:50:23','2013-10-02 10:50:23','customer'),(28,25,3,NULL,NULL,NULL,'2013-10-02 10:50:23','2013-10-02 10:50:23','customer'),(29,25,12,NULL,NULL,'2013-10-01','2013-10-02 10:50:23','2013-10-02 10:50:23','customer'),(30,26,1,NULL,NULL,NULL,'2013-10-02 10:50:23','2013-10-02 10:50:23','customer'),(31,27,1,NULL,NULL,NULL,'2013-10-02 10:50:23','2013-10-02 10:50:23','group_manager'),(32,27,2,NULL,NULL,NULL,'2013-10-02 10:50:23','2013-10-02 10:50:23','group_manager'),(33,27,3,NULL,NULL,NULL,'2013-10-02 10:50:23','2013-10-02 10:50:23','group_manager'),(34,28,1,NULL,NULL,NULL,'2013-10-02 10:50:23','2013-10-02 10:50:23','group_manager'),(35,29,1,NULL,NULL,NULL,'2013-10-02 10:50:23','2013-10-02 10:50:23','customer'),(36,30,1,'2013-10-02','suspreason',NULL,'2013-10-02 10:50:23','2013-10-02 10:50:23','customer'),(37,31,1,NULL,NULL,NULL,'2013-10-02 10:50:23','2013-10-02 10:50:23','customer'),(38,32,1,NULL,NULL,NULL,'2013-10-02 10:50:23','2013-10-02 10:50:23','customer'),(39,33,1,NULL,NULL,NULL,'2013-10-02 10:50:23','2013-10-02 10:50:23','customer'),(40,34,1,NULL,NULL,NULL,'2013-10-02 10:50:23','2013-10-02 10:50:23','customer');
/*!40000 ALTER TABLE `access_rights` ENABLE KEYS */;
UNLOCK TABLES;

--
-- Table structure for table `accessories`
--

DROP TABLE IF EXISTS `accessories`;
/*!40101 SET @saved_cs_client     = @@character_set_client */;
/*!40101 SET character_set_client = utf8 */;
CREATE TABLE `accessories` (
  `id` int(11) NOT NULL AUTO_INCREMENT,
  `model_id` int(11) DEFAULT NULL,
  `name` varchar(255) COLLATE utf8_unicode_ci DEFAULT NULL,
  `quantity` int(11) DEFAULT NULL,
  PRIMARY KEY (`id`),
  KEY `index_accessories_on_model_id` (`model_id`)
) ENGINE=InnoDB AUTO_INCREMENT=434 DEFAULT CHARSET=utf8 COLLATE=utf8_unicode_ci;
/*!40101 SET character_set_client = @saved_cs_client */;

--
-- Dumping data for table `accessories`
--

LOCK TABLES `accessories` WRITE;
/*!40000 ALTER TABLE `accessories` DISABLE KEYS */;
INSERT INTO `accessories` VALUES (1,1,'Judd Gerlach',NULL),(2,2,'Savannah Spinka II',NULL),(3,2,'Thomas Bogisich',NULL),(4,2,'Desmond Olson',NULL),(5,3,'Soledad Schulist',NULL),(6,3,'Jevon Donnelly',NULL),(7,4,'Devyn Watsica',NULL),(8,5,'Ms. Mazie Parker',NULL),(9,5,'Loy Zemlak',NULL),(10,5,'Ms. Austyn Jenkins',NULL),(11,6,'Allen Beahan',NULL),(12,6,'Sally Mueller',NULL),(13,6,'Daniella Jacobi',NULL),(14,7,'Wilhelmine Grimes',NULL),(15,7,'Kendall Zulauf',NULL),(16,7,'Colton Osinski III',NULL),(17,8,'Dale Considine',NULL),(18,8,'Rosendo Denesik PhD',NULL),(19,8,'Frankie McDermott',NULL),(20,8,'Jaron Beer',NULL),(21,9,'Kristofer Farrell',NULL),(22,9,'Samanta Koepp',NULL),(23,9,'Arden Murphy I',NULL),(24,10,'Geo Rolfson DVM',NULL),(25,10,'Keara Hilpert',NULL),(26,11,'Emerson Mayert MD',NULL),(27,12,'Erwin Lueilwitz Jr.',NULL),(28,12,'Brooklyn Medhurst',NULL),(29,12,'Alyson Frami',NULL),(30,13,'Miss Cyril Herman',NULL),(31,13,'Zella Kris',NULL),(32,13,'Jamarcus DuBuque',NULL),(33,14,'Astrid Tromp',NULL),(34,15,'Tianna Dooley III',NULL),(35,16,'Jasen Kunde',NULL),(36,17,'Shawna Tromp',NULL),(37,18,'Otha Schaden',NULL),(38,19,'Benton Lemke',NULL),(39,19,'Mose Satterfield',NULL),(40,19,'Justus Krajcik',NULL),(41,20,'Mollie Pfeffer',NULL),(42,20,'Howell Thiel',NULL),(43,21,'Else Romaguera',NULL),(44,21,'Pat Renner DDS',NULL),(45,22,'Mr. Christop Borer',NULL),(46,23,'Ms. Derrick Wunsch',NULL),(47,23,'Anderson O\'Kon',NULL),(48,23,'Jasen Heaney',NULL),(49,24,'Dr. Odessa Erdman',NULL),(50,24,'Kendall Bergnaum I',NULL),(51,25,'Rubye Lockman',NULL),(52,26,'Enrico Kling',NULL),(53,26,'Nathen Veum',NULL),(54,27,'Rebeka Dare',NULL),(55,27,'Fermin Mertz',NULL),(56,28,'Ian Lesch',NULL),(57,28,'Verdie Koepp III',NULL),(58,28,'Mrs. Kara Hilpert',NULL),(59,29,'Ryan Carroll',NULL),(60,29,'Porter Becker DDS',NULL),(61,30,'Brandt Cummerata MD',NULL),(62,30,'Kristopher Upton PhD',NULL),(63,31,'Kale Gaylord',NULL),(64,31,'Sienna Mitchell',NULL),(65,32,'Lenny McKenzie',NULL),(66,32,'Vincent White',NULL),(67,32,'Maida Casper',NULL),(68,32,'Sonya Metz',NULL),(69,33,'Jamey Waters',NULL),(70,33,'Wilfrid Bauch',NULL),(71,33,'Elyse Lowe',NULL),(72,33,'Linnie Wuckert',NULL),(73,34,'Macy Schiller',NULL),(74,34,'Lavonne Kuvalis DVM',NULL),(75,35,'Sonny Strosin Sr.',NULL),(76,35,'Felipa Stanton',NULL),(77,35,'Demarcus Abshire MD',NULL),(78,35,'Mrs. Oscar Conroy',NULL),(79,35,'Odie Watsica DVM',NULL),(80,36,'Robbie Grant',NULL),(81,36,'Jordyn Maggio',NULL),(82,37,'Mrs. Dannie Simonis',NULL),(83,38,'Yazmin Schuster',NULL),(84,38,'Norval Little',NULL),(85,38,'Kennedy Boehm',NULL),(86,38,'Mr. Roger Kovacek',NULL),(87,38,'Darian Schinner',NULL),(88,39,'Greta Rowe',NULL),(89,39,'Breana Veum',NULL),(90,39,'Kariane Tromp MD',NULL),(91,39,'Mr. Clark Beatty',NULL),(92,39,'Genesis McClure',NULL),(93,40,'Yasmin Mraz',NULL),(94,40,'Marjorie Schmeler',NULL),(95,40,'Silas Hand',NULL),(96,41,'Walter Stark',NULL),(97,41,'Daija McCullough',NULL),(98,41,'Mallie Fahey',NULL),(99,42,'Kasandra Runte',NULL),(100,42,'Mrs. Marie Heidenreich',NULL),(101,42,'Mrs. Lela Marvin',NULL),(102,42,'Bria Schmeler',NULL),(103,42,'Linda Raynor',NULL),(104,43,'Brennan Donnelly',NULL),(105,43,'Otis Mayert',NULL),(106,43,'Dave Quitzon',NULL),(107,43,'Cory Parker',NULL),(108,44,'Ofelia Daugherty PhD',NULL),(109,44,'Emmet Kreiger',NULL),(110,44,'Camren Feil',NULL),(111,44,'Yasmin Windler',NULL),(112,45,'Tre Feeney Jr.',NULL),(113,45,'Bart Brekke',NULL),(114,45,'Miss Joanne Kreiger',NULL),(115,46,'Trent Lowe DVM',NULL),(116,47,'Miss Loren Cummerata',NULL),(117,47,'Miss Keeley Sporer',NULL),(118,47,'Sunny Koepp Sr.',NULL),(119,48,'Justine Bins',NULL),(120,48,'Stephany Eichmann',NULL),(121,48,'Joe Satterfield',NULL),(122,48,'Mr. Elliott Mertz',NULL),(123,48,'Kay Bogan',NULL),(124,49,'Victoria Upton I',NULL),(125,49,'Johanna Lynch',NULL),(126,49,'Elouise Hayes',NULL),(127,49,'Joanie Ruecker',NULL),(128,50,'Dr. Kyleigh Batz',NULL),(129,50,'Lia Miller',NULL),(130,50,'Nella Conroy',NULL),(131,50,'Sadye Brakus',NULL),(132,51,'Holly Bernhard',NULL),(133,52,'Clark Kertzmann',NULL),(134,53,'Julio Walter',NULL),(135,53,'Aniyah Mueller',NULL),(136,53,'Kenyatta Orn',NULL),(137,53,'Mathilde Hoeger V',NULL),(138,53,'Micaela Watsica DVM',NULL),(139,54,'Ms. Orville Lemke',NULL),(140,54,'Santos DuBuque MD',NULL),(141,54,'Trey Toy',NULL),(142,54,'Dessie Langworth',NULL),(143,54,'Bette Blanda I',NULL),(144,55,'Leonard Balistreri',NULL),(145,56,'Doris Rippin',NULL),(146,56,'Tanner Ratke',NULL),(147,56,'Eveline Barrows',NULL),(148,56,'Daryl Crooks',NULL),(149,56,'Dr. Corrine Paucek',NULL),(150,57,'Dr. Nikko Morissette',NULL),(151,58,'Miss Frederique Sipes',NULL),(152,58,'Shyanne Abernathy',NULL),(153,58,'Lewis Murray',NULL),(154,59,'Anissa Cartwright',NULL),(155,59,'Agnes Wunsch',NULL),(156,59,'Hilbert Huel',NULL),(157,59,'Roosevelt Runolfsson II',NULL),(158,60,'Antonina Tromp',NULL),(159,60,'Nora Stracke',NULL),(160,60,'Hardy Hintz DVM',NULL),(161,60,'Maria West',NULL),(162,61,'Lucius Corwin',NULL),(163,61,'Miss Dangelo Prosacco',NULL),(164,62,'Lacey Koss Jr.',NULL),(165,63,'Elmer Mertz PhD',NULL),(166,63,'Hardy Schinner',NULL),(167,63,'Sofia Reichel',NULL),(168,63,'Tyrell Cartwright',NULL),(169,63,'Oran Wyman',NULL),(170,64,'Miss Ciara Gusikowski',NULL),(171,65,'Randall Stehr',NULL),(172,65,'Peggie Sporer',NULL),(173,66,'Adelle Quigley II',NULL),(174,66,'Craig Altenwerth',NULL),(175,66,'Osborne Reynolds',NULL),(176,66,'Arely Breitenberg',NULL),(177,66,'Darrell Dickinson',NULL),(178,67,'Abbie Pollich',NULL),(179,67,'Merle Cole',NULL),(180,68,'Benton Mante',NULL),(181,68,'Damian Cruickshank II',NULL),(182,68,'Riley Moore',NULL),(183,69,'Federico Streich',NULL),(184,69,'Oceane Orn',NULL),(185,69,'Ward Schiller',NULL),(186,70,'Arvel Zieme',NULL),(187,70,'Henderson Smith',NULL),(188,71,'Ms. Ressie Predovic',NULL),(189,71,'Karlee Hilll',NULL),(190,71,'Rowland Koch',NULL),(191,72,'Guillermo Crist',NULL),(192,72,'Dr. Barry Kuvalis',NULL),(193,72,'Norma Hills',NULL),(194,73,'Ms. Hardy Hessel',NULL),(195,73,'Desmond Vandervort',NULL),(196,73,'Wilford Stroman',NULL),(197,74,'Gino Turcotte',NULL),(198,75,'Mathilde Thompson',NULL),(199,75,'Alex Ward',NULL),(200,76,'Ignatius Schmidt',NULL),(201,76,'Ursula Simonis',NULL),(202,76,'Dalton Cartwright I',NULL),(203,76,'Jacinthe Kuphal',NULL),(204,77,'Miss Amya Funk',NULL),(205,77,'Beaulah Kunde',NULL),(206,78,'Elise Fahey',NULL),(207,78,'Arnulfo Rice',NULL),(208,78,'Garett Braun',NULL),(209,78,'Rocio Block',NULL),(210,79,'Mrs. Cale Davis',NULL),(211,79,'Alexie Mayer PhD',NULL),(212,79,'Mr. Lenore Reynolds',NULL),(213,79,'Millie Doyle',NULL),(214,79,'Jadyn Nitzsche',NULL),(215,80,'Carmela Goodwin',NULL),(216,80,'Micaela Mraz',NULL),(217,80,'Valentin Mayert II',NULL),(218,80,'Jordon Harris I',NULL),(219,81,'Yazmin Crist',NULL),(220,82,'Adelia McClure',NULL),(221,82,'Elouise Braun',NULL),(222,83,'Kelley Pouros V',NULL),(223,84,'Dr. Cielo Nienow',NULL),(224,85,'Kendra Friesen DDS',NULL),(225,85,'Johnathon Larkin',NULL),(226,85,'Niko Ullrich',NULL),(227,85,'Jerome Kulas',NULL),(228,86,'Paige Gutkowski',NULL),(229,86,'Geraldine Koepp MD',NULL),(230,86,'Andreane Hansen',NULL),(231,86,'Freeman Robel',NULL),(232,87,'Miss Deanna Hegmann',NULL),(233,87,'Bianka Jakubowski',NULL),(234,87,'Janae Nolan',NULL),(235,87,'Cedrick Schoen',NULL),(236,88,'Tiffany Cummings',NULL),(237,88,'Chelsie Schaefer',NULL),(238,89,'Miss Shad Hyatt',NULL),(239,90,'Trevion Schoen',NULL),(240,90,'Rosendo Connelly',NULL),(241,90,'Ulices Leuschke',NULL),(242,90,'Mrs. Audie Breitenberg',NULL),(243,90,'Judy Herman',NULL),(244,91,'Grant Balistreri',NULL),(245,91,'Henry Gaylord',NULL),(246,92,'Clifford Hintz',NULL),(247,92,'Dr. Mariana Rempel',NULL),(248,92,'Wilson Kirlin',NULL),(249,93,'Kristy Pfeffer',NULL),(250,93,'Philip Abshire',NULL),(251,94,'Dr. Craig Fay',NULL),(252,94,'Peter Stamm',NULL),(253,95,'Stewart Kulas PhD',NULL),(254,95,'Giuseppe Stroman II',NULL),(255,96,'Maci Lubowitz I',NULL),(256,96,'Lemuel Kulas',NULL),(257,96,'Arnaldo Stroman',NULL),(258,96,'Dr. Jennifer Breitenberg',NULL),(259,96,'Theodore Bosco',NULL),(260,97,'Zachary Corkery II',NULL),(261,97,'Rickie Kemmer',NULL),(262,97,'Rosella Kreiger',NULL),(263,98,'Mr. Luigi Turner',NULL),(264,98,'Dr. Maryjane Wolf',NULL),(265,98,'Dr. Jolie Hermann',NULL),(266,98,'Johnpaul Marks',NULL),(267,99,'Marty Feeney',NULL),(268,99,'Abby Stehr',NULL),(269,100,'Dr. Abel Hamill',NULL),(270,101,'Ansley Hammes',NULL),(271,101,'Gilberto Stiedemann',NULL),(272,101,'Keith Williamson',NULL),(273,101,'Hassie Hills II',NULL),(274,101,'Angie Schimmel',NULL),(275,102,'Jordyn Murazik',NULL),(276,102,'Ms. Laurel Mills',NULL),(277,102,'Erich Jacobson',NULL),(278,102,'Jamel Christiansen',NULL),(279,102,'Khalid Reilly II',NULL),(280,103,'Jaylan Weissnat MD',NULL),(281,104,'Brady Jacobs',NULL),(282,104,'Mrs. Ida Franecki',NULL),(283,104,'Burnice Sporer',NULL),(284,105,'Leonardo Legros MD',NULL),(285,105,'Jannie Simonis',NULL),(286,105,'Woodrow Miller',NULL),(287,105,'Tristian Williamson',NULL),(288,105,'Keaton Doyle',NULL),(289,106,'Berneice Renner PhD',NULL),(290,106,'Ryder Crona',NULL),(291,106,'Mariela Watsica',NULL),(292,106,'Clemmie O\'Keefe',NULL),(293,107,'Miss Litzy Beatty',NULL),(294,108,'Katlynn Abernathy',NULL),(295,108,'Abdiel Boyer Sr.',NULL),(296,108,'Destini Zulauf',NULL),(297,108,'Doris Carter II',NULL),(298,108,'Nola Skiles',NULL),(299,109,'Geraldine Bayer DVM',NULL),(300,109,'Allie Schiller',NULL),(301,109,'Oren Carroll II',NULL),(302,109,'Gerda Kutch',NULL),(303,109,'Jovani Medhurst DVM',NULL),(304,110,'Citlalli Tremblay',NULL),(305,111,'Miss Malvina West',NULL),(306,112,'Madisen Mayer PhD',NULL),(307,112,'Crystel Dooley',NULL),(308,112,'Kelli Reynolds',NULL),(309,112,'Idell Metz',NULL),(310,113,'Alexandra Gaylord',NULL),(311,113,'Bridie Davis',NULL),(312,113,'Garnet Beier MD',NULL),(313,114,'Beatrice Terry',NULL),(314,114,'Novella Olson MD',NULL),(315,114,'Leola Kuhn',NULL),(316,115,'Nicklaus Wolf III',NULL),(317,115,'Izabella Hagenes',NULL),(318,115,'Elian Stamm',NULL),(319,115,'Luna Kshlerin',NULL),(320,116,'Aurore Parisian Sr.',NULL),(321,116,'Marilie Macejkovic',NULL),(322,116,'Elsa Friesen DVM',NULL),(323,116,'Dr. Elouise Dibbert',NULL),(324,116,'Garett Wiegand',NULL),(325,117,'Kiara Leannon',NULL),(326,117,'Myron Sanford',NULL),(327,117,'Palma Macejkovic',NULL),(328,118,'Okey Purdy',NULL),(329,119,'Carleton Herzog',NULL),(330,120,'Mrs. Vinnie Nolan',NULL),(331,120,'Jarvis Bergnaum',NULL),(332,120,'Mrs. Reinhold Kunde',NULL),(333,120,'Casper Maggio MD',NULL),(334,120,'Rachelle Carter',NULL),(335,121,'Ellen Lowe',NULL),(336,121,'Else Jakubowski',NULL),(337,121,'Blaise Kautzer I',NULL),(338,121,'Salvatore Gaylord Sr.',NULL),(339,121,'Karson Moen',NULL),(340,122,'Kobe Robel I',NULL),(341,122,'Hertha Dach',NULL),(342,122,'Mr. Annamae Hayes',NULL),(343,122,'Aurelie Barrows PhD',NULL),(344,122,'Norbert Waters',NULL),(345,123,'Kaelyn Kling',NULL),(346,123,'Libby Pfeffer',NULL),(347,123,'Kenyon Veum',NULL),(348,124,'Jennings Cole',NULL),(349,124,'Luisa Johns IV',NULL),(350,124,'Judson Morissette IV',NULL),(351,124,'Hermann McDermott',NULL),(352,125,'Alessandra Welch',NULL),(353,125,'Jorge Nitzsche',NULL),(354,125,'Albertha O\'Kon',NULL),(355,125,'Ricardo Thompson',NULL),(356,125,'Tyrell Sanford',NULL),(357,126,'Tony Turcotte',NULL),(358,127,'Leda Stiedemann',NULL),(359,127,'Colby Erdman',NULL),(360,127,'Cristina Wolff',NULL),(361,127,'Ford Runte',NULL),(362,127,'Lionel Grady',NULL),(363,128,'Hollie Langosh',NULL),(364,128,'Mr. Aniya Cummerata',NULL),(365,128,'Laury Hoeger',NULL),(366,128,'Mr. Gussie Blanda',NULL),(367,129,'Carmen Collier',NULL),(368,129,'Dr. Brandyn Schmeler',NULL),(369,129,'Buddy Flatley',NULL),(370,130,'Kolby Kozey III',NULL),(371,130,'Wendell Goldner',NULL),(372,130,'Dangelo Stroman',NULL),(373,130,'Ms. Nasir Vandervort',NULL),(374,130,'Arden Ryan',NULL),(375,131,'Scottie MacGyver',NULL),(376,131,'Madilyn Rippin',NULL),(377,131,'Payton Kuvalis',NULL),(378,131,'Miss Estell Feest',NULL),(379,131,'Augustine Hartmann',NULL),(380,132,'Daren Botsford',NULL),(381,132,'Grayce Gleason',NULL),(382,133,'Jacklyn Hahn',NULL),(383,133,'Pansy Mann',NULL),(384,133,'Cristian Breitenberg',NULL),(385,134,'Gertrude Moore',NULL),(386,134,'Mr. Athena Davis',NULL),(387,135,'Sylvan Auer',NULL),(388,135,'Dianna Kuhn',NULL),(389,136,'Alphonso Gislason',NULL),(390,136,'Jeff Willms',NULL),(391,136,'Allison Denesik',NULL),(392,137,'Omer Ratke',NULL),(393,137,'Ms. Agustin Johnson',NULL),(394,138,'Brant Zulauf',NULL),(395,138,'Coleman Fisher I',NULL),(396,138,'Mariana Olson',NULL),(397,138,'Retta Kuhn',NULL),(398,138,'Gordon Walsh',NULL),(399,139,'Keith Walker',NULL),(400,139,'Merritt Olson Jr.',NULL),(401,139,'Kattie Tremblay',NULL),(402,139,'Velda Upton Jr.',NULL),(403,139,'Queenie Bashirian Sr.',NULL),(404,140,'Eulalia Dicki',NULL),(405,140,'Rod Wunsch',NULL),(406,140,'Sven Mraz',NULL),(407,140,'Theodore Morar MD',NULL),(408,141,'Gunner Cremin',NULL),(409,141,'Miss Junior Pacocha',NULL),(410,141,'Dr. Mose Boyle',NULL),(411,141,'Virginie Berge DDS',NULL),(412,141,'Rosalinda Kihn',NULL),(413,142,'German Rowe',NULL),(414,142,'Tyson Roob',NULL),(415,142,'Catherine Quigley',NULL),(416,142,'Rodrick Ondricka DDS',NULL),(417,142,'Aubree Stracke IV',NULL),(418,143,'Mr. Annabelle Mohr',NULL),(419,143,'Ms. Juston O\'Kon',NULL),(420,144,'Pierce Swift',NULL),(421,144,'Cleo Howell',NULL),(422,145,'Royce Mraz',NULL),(423,145,'Emerald Crona',NULL),(424,146,'Serena Lakin',NULL),(425,146,'Brandy Daugherty',NULL),(426,146,'Marisol Mann',NULL),(427,147,'Paolo Hansen III',NULL),(428,148,'Rhoda Dicki',NULL),(429,149,'Alexzander Boyer DDS',NULL),(430,149,'Caden Harris',NULL),(431,149,'Pearline Pfannerstill',NULL),(432,149,'Verlie Simonis II',NULL),(433,149,'Oswald Kihn',NULL);
/*!40000 ALTER TABLE `accessories` ENABLE KEYS */;
UNLOCK TABLES;

--
-- Table structure for table `accessories_inventory_pools`
--

DROP TABLE IF EXISTS `accessories_inventory_pools`;
/*!40101 SET @saved_cs_client     = @@character_set_client */;
/*!40101 SET character_set_client = utf8 */;
CREATE TABLE `accessories_inventory_pools` (
  `accessory_id` int(11) DEFAULT NULL,
  `inventory_pool_id` int(11) DEFAULT NULL,
  UNIQUE KEY `index_accessories_inventory_pools` (`accessory_id`,`inventory_pool_id`),
  KEY `index_accessories_inventory_pools_on_inventory_pool_id` (`inventory_pool_id`)
) ENGINE=InnoDB DEFAULT CHARSET=utf8 COLLATE=utf8_unicode_ci;
/*!40101 SET character_set_client = @saved_cs_client */;

--
-- Dumping data for table `accessories_inventory_pools`
--

LOCK TABLES `accessories_inventory_pools` WRITE;
/*!40000 ALTER TABLE `accessories_inventory_pools` DISABLE KEYS */;
INSERT INTO `accessories_inventory_pools` VALUES (3,1),(4,1),(5,1),(11,1),(12,1),(14,1),(18,1),(21,1),(23,1),(24,1),(25,1),(31,1),(32,1),(33,1),(35,1),(36,1),(38,1),(39,1),(40,1),(42,1),(43,1),(44,1),(45,1),(46,1),(47,1),(49,1),(51,1),(52,1),(55,1),(57,1),(58,1),(60,1),(62,1),(67,1),(69,1),(71,1),(73,1),(80,1),(82,1),(85,1),(92,1),(104,1),(110,1),(114,1),(117,1),(119,1),(124,1),(125,1),(126,1),(127,1),(128,1),(129,1),(130,1),(131,1),(132,1),(133,1),(135,1),(137,1),(140,1),(143,1),(148,1),(149,1),(153,1),(154,1),(155,1),(156,1),(157,1),(159,1),(160,1),(162,1),(174,1),(175,1),(176,1),(180,1),(181,1),(182,1),(185,1),(189,1),(190,1),(191,1),(192,1),(194,1),(199,1),(200,1),(201,1),(203,1),(207,1),(209,1),(211,1),(213,1),(218,1),(220,1),(221,1),(222,1),(223,1),(224,1),(226,1),(227,1),(231,1),(232,1),(233,1),(234,1),(240,1),(241,1),(244,1),(245,1),(247,1),(250,1),(251,1),(258,1),(259,1),(260,1),(261,1),(264,1),(266,1),(267,1),(268,1),(269,1),(270,1),(271,1),(273,1),(274,1),(275,1),(276,1),(277,1),(278,1),(280,1),(281,1),(282,1),(287,1),(289,1),(291,1),(293,1),(294,1),(296,1),(297,1),(298,1),(299,1),(302,1),(306,1),(309,1),(310,1),(311,1),(313,1),(314,1),(315,1),(316,1),(319,1),(320,1),(322,1),(325,1),(326,1),(327,1),(329,1),(333,1),(334,1),(335,1),(336,1),(339,1),(342,1),(343,1),(344,1),(345,1),(348,1),(350,1),(352,1),(353,1),(354,1),(355,1),(356,1),(357,1),(358,1),(359,1),(360,1),(363,1),(366,1),(367,1),(368,1),(369,1),(371,1),(372,1),(373,1),(374,1),(376,1),(377,1),(378,1),(379,1),(380,1),(382,1),(386,1),(387,1),(388,1),(390,1),(393,1),(395,1),(397,1),(403,1),(404,1),(406,1),(407,1),(412,1),(413,1),(414,1),(415,1),(416,1),(420,1),(424,1),(426,1),(427,1),(428,1),(429,1),(431,1);
/*!40000 ALTER TABLE `accessories_inventory_pools` ENABLE KEYS */;
UNLOCK TABLES;

--
-- Table structure for table `addresses`
--

DROP TABLE IF EXISTS `addresses`;
/*!40101 SET @saved_cs_client     = @@character_set_client */;
/*!40101 SET character_set_client = utf8 */;
CREATE TABLE `addresses` (
  `id` int(11) NOT NULL AUTO_INCREMENT,
  `street` varchar(255) COLLATE utf8_unicode_ci DEFAULT NULL,
  `zip_code` varchar(255) COLLATE utf8_unicode_ci DEFAULT NULL,
  `city` varchar(255) COLLATE utf8_unicode_ci DEFAULT NULL,
  `country_code` varchar(255) COLLATE utf8_unicode_ci DEFAULT NULL,
  `latitude` float DEFAULT NULL,
  `longitude` float DEFAULT NULL,
  PRIMARY KEY (`id`),
  UNIQUE KEY `index_addresses_on_street_and_zip_code_and_city_and_country_code` (`street`,`zip_code`,`city`,`country_code`)
) ENGINE=InnoDB DEFAULT CHARSET=utf8 COLLATE=utf8_unicode_ci;
/*!40101 SET character_set_client = @saved_cs_client */;

--
-- Dumping data for table `addresses`
--

LOCK TABLES `addresses` WRITE;
/*!40000 ALTER TABLE `addresses` DISABLE KEYS */;
/*!40000 ALTER TABLE `addresses` ENABLE KEYS */;
UNLOCK TABLES;

--
-- Table structure for table `attachments`
--

DROP TABLE IF EXISTS `attachments`;
/*!40101 SET @saved_cs_client     = @@character_set_client */;
/*!40101 SET character_set_client = utf8 */;
CREATE TABLE `attachments` (
  `id` int(11) NOT NULL AUTO_INCREMENT,
  `model_id` int(11) DEFAULT NULL,
  `is_main` tinyint(1) DEFAULT '0',
  `content_type` varchar(255) COLLATE utf8_unicode_ci DEFAULT NULL,
  `filename` varchar(255) COLLATE utf8_unicode_ci DEFAULT NULL,
  `size` int(11) DEFAULT NULL,
  PRIMARY KEY (`id`),
  KEY `index_attachments_on_model_id` (`model_id`)
) ENGINE=InnoDB AUTO_INCREMENT=9 DEFAULT CHARSET=utf8 COLLATE=utf8_unicode_ci;
/*!40101 SET character_set_client = @saved_cs_client */;

--
-- Dumping data for table `attachments`
--

LOCK TABLES `attachments` WRITE;
/*!40000 ALTER TABLE `attachments` DISABLE KEYS */;
INSERT INTO `attachments` VALUES (1,133,0,'image/jpeg','delectus',NULL),(2,134,0,'image/jpeg','ut',NULL),(3,146,0,'image/jpeg','ut',NULL),(4,146,0,'image/jpeg','quae',NULL),(5,146,0,'image/jpeg','iste',NULL),(6,147,0,'image/jpeg','voluptas',NULL),(7,147,0,'image/jpeg','sint',NULL),(8,147,0,'image/jpeg','velit',NULL);
/*!40000 ALTER TABLE `attachments` ENABLE KEYS */;
UNLOCK TABLES;

--
-- Table structure for table `authentication_systems`
--

DROP TABLE IF EXISTS `authentication_systems`;
/*!40101 SET @saved_cs_client     = @@character_set_client */;
/*!40101 SET character_set_client = utf8 */;
CREATE TABLE `authentication_systems` (
  `id` int(11) NOT NULL AUTO_INCREMENT,
  `name` varchar(255) COLLATE utf8_unicode_ci DEFAULT NULL,
  `class_name` varchar(255) COLLATE utf8_unicode_ci DEFAULT NULL,
  `is_default` tinyint(1) DEFAULT '0',
  `is_active` tinyint(1) DEFAULT '0',
  PRIMARY KEY (`id`)
) ENGINE=InnoDB AUTO_INCREMENT=7 DEFAULT CHARSET=utf8 COLLATE=utf8_unicode_ci;
/*!40101 SET character_set_client = @saved_cs_client */;

--
-- Dumping data for table `authentication_systems`
--

LOCK TABLES `authentication_systems` WRITE;
/*!40000 ALTER TABLE `authentication_systems` DISABLE KEYS */;
INSERT INTO `authentication_systems` VALUES (1,'Database Authentication','DatabaseAuthentication',1,1),(2,'LDAP Authentication','LdapAuthentication',0,0),(3,'ZHDK Authentication','Zhdk',0,0),(4,'Database Authentication','DatabaseAuthentication',1,1),(5,'LDAP Authentication','LdapAuthentication',0,0),(6,'ZHDK Authentication','Zhdk',0,0);
/*!40000 ALTER TABLE `authentication_systems` ENABLE KEYS */;
UNLOCK TABLES;

--
-- Table structure for table `buildings`
--

DROP TABLE IF EXISTS `buildings`;
/*!40101 SET @saved_cs_client     = @@character_set_client */;
/*!40101 SET character_set_client = utf8 */;
CREATE TABLE `buildings` (
  `id` int(11) NOT NULL AUTO_INCREMENT,
  `name` varchar(255) COLLATE utf8_unicode_ci DEFAULT NULL,
  `code` varchar(255) COLLATE utf8_unicode_ci DEFAULT NULL,
  PRIMARY KEY (`id`)
) ENGINE=InnoDB AUTO_INCREMENT=186 DEFAULT CHARSET=utf8 COLLATE=utf8_unicode_ci;
/*!40101 SET character_set_client = @saved_cs_client */;

--
-- Dumping data for table `buildings`
--

LOCK TABLES `buildings` WRITE;
/*!40000 ALTER TABLE `buildings` DISABLE KEYS */;
INSERT INTO `buildings` VALUES (1,'Great Pyramid of Giza','ZZZ'),(2,'Great Pyramid of Giza','ZZZ'),(3,'Sedatqueconsequatur','sit'),(4,'Rerumautemest','fug'),(5,'Autnonet','per'),(6,'Porroeumqui','sun'),(7,'Nesciuntquibusdameaque','off'),(8,'Aliasdoloresvoluptatem','ver'),(9,'Voluptatemestquis','est'),(10,'Repudiandaenumquamsit','fug'),(11,'Distinctioaliquidrepellat','vol'),(12,'Autvoluptasqui','dol'),(13,'Voluptatibusvoluptateenim','qua'),(14,'Molestiaeomnisplaceat','exe'),(15,'Omnisautemvel','ita'),(16,'Perspiciatisquibusdamest','est'),(17,'Quosperferendisipsum','abv'),(18,'Oditveniammolestias','ver'),(19,'Enimlaboriosamvoluptatem','exq'),(20,'Facilisrerumut','quo'),(21,'Quisquamnecessitatibusadipisci','opt'),(22,'Voluptatemconsecteturnumquam','nos'),(23,'Optiositofficiis','inc'),(24,'Etsapienteveniam','ull'),(25,'Fugaharumsit','eos'),(26,'Adipisciquodad','fac'),(27,'Etconsequatursapiente','dol'),(28,'Similiqueestet','inv'),(29,'Eaquerepudiandaeerror','ape'),(30,'Voluptatedolorumqui','quo'),(31,'Delenitiatquelaboriosam','eaa'),(32,'Numquamperferendisodit','eaq'),(33,'Ausstellungsstrasse 60','AU60'),(34,'Ausstellungsstrasse 60','AU60'),(35,'Laboriosamdoloremqueullam','lib'),(36,'Voluptasteneturnon','qua'),(37,'Illoaccusantiumcumque','rer'),(38,'Delectusetnobis','ani'),(39,'Quiadignissimosnemo','fug'),(40,'Doloremcorporisquisquam','rer'),(41,'Estsintsequi','acc'),(42,'Doloremquamdelectus','aut'),(43,'Adprovidentenim','est'),(44,'Magnamconsequaturut','vol'),(45,'Eumfugaquas','mag'),(46,'Eossedea','ita'),(47,'Nostrumiustoalias','eos'),(48,'Reprehenderitquoalias','rei'),(49,'Distinctioettemporibus','dol'),(50,'Autvoluptateex','ani'),(51,'Oditrationemollitia','qui'),(52,'Utiustoqui','aut'),(53,'Velitenimvoluptatem','par'),(54,'Laboreaccusamuseos','qua'),(55,'Liberonecessitatibusenim','aut'),(56,'Maioresrepudiandaecorporis','quo'),(57,'Enimillumatque','est'),(58,'Deseruntquiassumenda','mai'),(59,'Officiaquoaut','eli'),(60,'Reiciendisetquo','vel'),(61,'Consequaturhicconsequatur','rep'),(62,'Eumnihilest','cor'),(63,'Voluptasquinemo','mol'),(64,'Blanditiisestratione','exp'),(65,'Aliascommodinisi','rec'),(66,'Itaqueidrerum','har'),(67,'Nullavitaequi','des'),(68,'Cupiditateblanditiissint','odi'),(69,'Itaqueoccaecaticommodi','eaa'),(70,'Sintdolorsit','quo'),(71,'Itaquedoloribusa','tem'),(72,'Accusamusaliquidmaiores','des'),(73,'Remquivoluptate','ani'),(74,'Teneturautamet','lab'),(75,'Providentrerumhic','vol'),(76,'Quiasperiorestempore','aut'),(77,'Rationemodisit','qui'),(78,'Quiconsequaturut','dol'),(79,'Autenimdoloremque','opt'),(80,'Autasperioresrepellat','inc'),(81,'Quasiremporro','ess'),(82,'Voluptateslaborumexcepturi','del'),(83,'Etquosaccusantium','omn'),(84,'Nontemporibusvoluptatibus','eau'),(85,'Repellatiustomaxime','tot'),(86,'Fugaetlibero','dol'),(87,'Teneturcorruptivel','occ'),(88,'Estsunttemporibus','iur'),(89,'Sintrerumrepudiandae','vel'),(90,'Dolorumomniset','rat'),(91,'Sintnatusfuga','ill'),(92,'Quiatanimi','ame'),(93,'Delenitinihillabore','non'),(94,'Etaccusamusconsectetur','exp'),(95,'Dignissimosconsequaturomnis','ato'),(96,'Adutofficiis','fug'),(97,'Molestiaerepellatqui','nes'),(98,'Atvelitodio','mol'),(99,'Istesitofficia','dol'),(100,'Vitaeeosmodi','pla'),(101,'Sapienteharumrepellendus','sol'),(102,'Quodmolestiaequis','vol'),(103,'Accusantiumetea','est'),(104,'Deserunteosveniam','eaq'),(105,'Maximevoluptatumprovident','qui'),(106,'Undesedrepellat','vel'),(107,'Animiaccusamustemporibus','fug'),(108,'Magnamreprehenderitvoluptas','quo'),(109,'Autemfacereveritatis','vol'),(110,'Dictaetexplicabo','vol'),(111,'Etdoloresquas','sae'),(112,'Doloremquenonvel','ips'),(113,'Quidemdictaex','har'),(114,'Autempariaturad','rer'),(115,'Etmolestiaeeveniet','arc'),(116,'Praesentiumdelectusdoloribus','uts'),(117,'Omnissuntvelit','qui'),(118,'Ipsumvelitquo','cul'),(119,'Sunteumodio','dol'),(120,'Omniseosid','qui'),(121,'Velitlaudantiumperspiciatis','qui'),(122,'Cumqueharumodio','nam'),(123,'Temporaquidistinctio','quo'),(124,'Laborumsolutamagni','dol'),(125,'Repellatnumquamvel','nes'),(126,'Dolorcorruptiveniam','ind'),(127,'Voluptatemquiadolorem','quo'),(128,'Reprehenderitevenietaut','sim'),(129,'Suscipitdoloreperspiciatis','eos'),(130,'Quiassumendavoluptatem','fug'),(131,'Teneturetrem','tem'),(132,'Quaeratenimvoluptas','min'),(133,'Ututsunt','pro'),(134,'Voluptasquiaat','tot'),(135,'Idcommodideleniti','qui'),(136,'Officiaseddoloremque','pra'),(137,'Officiaetnihil','non'),(138,'Etquidolorem','dol'),(139,'Inventoreeiusab','qui'),(140,'Velitvoluptatemconsectetur','rep'),(141,'Etteneturquis','eto'),(142,'Quicupiditateut','vol'),(143,'Enimdolordelectus','cum'),(144,'Doloressuntrerum','dol'),(145,'Utbeataeest','nam'),(146,'Quivoluptateaut','con'),(147,'Vitaeinventorequisquam','vol'),(148,'Repellenduscorruptiet','cum'),(149,'Velitrepellendusiusto','ius'),(150,'Ipsamquiasoluta','idq'),(151,'Velitdelectusut','dol'),(152,'Seddoloremnam','sit'),(153,'Idetlaborum','min'),(154,'Ipsumeosnesciunt','nos'),(155,'Vitaeveroet','ute'),(156,'Noneavelit','idi'),(157,'Enimexomnis','vol'),(158,'Namautincidunt','mol'),(159,'Inciduntestipsam','min'),(160,'Inculpaminus','ess'),(161,'Etnonhic','nec'),(162,'Quovoluptassit','rep'),(163,'Ipsaevenietet','sae'),(164,'Harumlaboriosamplaceat','qui'),(165,'Etcommodised','atq'),(166,'Repellendusmolestiasqui','min'),(167,'Cumaliquidodit','asp'),(168,'Doloribusasperioresnon','eum'),(169,'Nobisdignissimosconsequatur','eni'),(170,'Accusantiumsapienteperferendis','omn'),(171,'Expeditaporrodignissimos','deb'),(172,'Nihilautemofficia','quo'),(173,'Quiinventoreeum','mol'),(174,'Atvoluptatemvoluptatem','ver'),(175,'Beataealiquamet','off'),(176,'Inventoresequivitae','qua'),(177,'Veloditdicta','sin'),(178,'Estenimrem','nec'),(179,'Minimadoloremdolores','sol'),(180,'Temporavoluptatemqui','etq'),(181,'Doloresnemosed','dol'),(182,'Voluptatemculpareiciendis','qui'),(183,'Delenitiblanditiisquod','fug'),(184,'Quodaliaset','sed'),(185,'Quaeratnumquamplaceat','mol');
/*!40000 ALTER TABLE `buildings` ENABLE KEYS */;
UNLOCK TABLES;

--
-- Table structure for table `contract_lines`
--

DROP TABLE IF EXISTS `contract_lines`;
/*!40101 SET @saved_cs_client     = @@character_set_client */;
/*!40101 SET character_set_client = utf8 */;
CREATE TABLE `contract_lines` (
  `id` int(11) NOT NULL AUTO_INCREMENT,
  `contract_id` int(11) DEFAULT NULL,
  `type` varchar(255) COLLATE utf8_unicode_ci NOT NULL DEFAULT 'ItemLine',
  `item_id` int(11) DEFAULT NULL,
  `model_id` int(11) DEFAULT NULL,
  `quantity` int(11) DEFAULT '1',
  `start_date` date DEFAULT NULL,
  `end_date` date DEFAULT NULL,
  `returned_date` date DEFAULT NULL,
  `option_id` int(11) DEFAULT NULL,
  `purpose_id` int(11) DEFAULT NULL,
  `returned_to_user_id` int(11) DEFAULT NULL,
  `created_at` datetime DEFAULT NULL,
  `updated_at` datetime DEFAULT NULL,
  PRIMARY KEY (`id`),
  KEY `index_contract_lines_on_start_date` (`start_date`),
  KEY `index_contract_lines_on_end_date` (`end_date`),
  KEY `index_contract_lines_on_option_id` (`option_id`),
  KEY `index_contract_lines_on_contract_id` (`contract_id`),
  KEY `index_contract_lines_on_item_id` (`item_id`),
  KEY `index_contract_lines_on_model_id` (`model_id`),
  KEY `index_contract_lines_on_returned_date_and_contract_id` (`returned_date`,`contract_id`),
  KEY `index_contract_lines_on_type_and_contract_id` (`type`,`contract_id`)
) ENGINE=InnoDB AUTO_INCREMENT=168 DEFAULT CHARSET=utf8 COLLATE=utf8_unicode_ci;
/*!40101 SET character_set_client = @saved_cs_client */;

--
-- Dumping data for table `contract_lines`
--

LOCK TABLES `contract_lines` WRITE;
/*!40000 ALTER TABLE `contract_lines` DISABLE KEYS */;
INSERT INTO `contract_lines` VALUES (1,1,'ItemLine',NULL,1,1,'2013-10-02','2013-10-02',NULL,NULL,NULL,NULL,'2013-10-02 10:50:23','2013-10-02 10:50:23'),(2,1,'ItemLine',NULL,5,1,'2013-10-02','2013-10-02',NULL,NULL,NULL,NULL,'2013-10-02 10:50:23','2013-10-02 10:50:23'),(3,1,'ItemLine',NULL,9,1,'2013-10-02','2013-10-02',NULL,NULL,NULL,NULL,'2013-10-02 10:50:23','2013-10-02 10:50:23'),(4,1,'ItemLine',NULL,13,1,'2013-10-02','2013-10-02',NULL,NULL,NULL,NULL,'2013-10-02 10:50:23','2013-10-02 10:50:23'),(5,2,'ItemLine',NULL,17,1,'2013-10-02','2013-10-02',NULL,NULL,1,NULL,'2013-10-02 10:50:23','2013-10-02 10:50:23'),(6,2,'ItemLine',NULL,21,1,'2013-10-02','2013-10-02',NULL,NULL,1,NULL,'2013-10-02 10:50:23','2013-10-02 10:50:23'),(7,2,'ItemLine',NULL,25,1,'2013-10-02','2013-10-02',NULL,NULL,1,NULL,'2013-10-02 10:50:23','2013-10-02 10:50:23'),(8,3,'ItemLine',NULL,29,1,'2013-10-02','2013-10-02','2013-10-02',NULL,2,2,'2013-10-02 10:50:23','2013-10-02 10:50:23'),(9,3,'ItemLine',NULL,33,1,'2013-10-02','2013-10-02','2013-10-02',NULL,2,2,'2013-10-02 10:50:23','2013-10-02 10:50:23'),(10,3,'ItemLine',NULL,37,1,'2013-10-02','2013-10-02','2013-10-02',NULL,2,2,'2013-10-02 10:50:23','2013-10-02 10:50:23'),(11,4,'ItemLine',22,29,1,'2013-10-02','2013-10-02',NULL,NULL,3,NULL,'2013-10-02 10:50:23','2013-10-02 10:50:23'),(12,4,'ItemLine',23,29,1,'2013-10-02','2013-10-02',NULL,NULL,3,NULL,'2013-10-02 10:50:23','2013-10-02 10:50:23'),(13,4,'ItemLine',24,29,1,'2013-10-02','2013-10-02',NULL,NULL,3,NULL,'2013-10-02 10:50:23','2013-10-02 10:50:23'),(14,4,'ItemLine',25,33,1,'2013-10-02','2013-10-02',NULL,NULL,3,NULL,'2013-10-02 10:50:23','2013-10-02 10:50:23'),(15,4,'ItemLine',26,33,1,'2013-10-02','2013-10-02',NULL,NULL,3,NULL,'2013-10-02 10:50:23','2013-10-02 10:50:23'),(16,4,'ItemLine',27,33,1,'2013-10-02','2013-10-02',NULL,NULL,3,NULL,'2013-10-02 10:50:23','2013-10-02 10:50:23'),(17,4,'ItemLine',28,37,1,'2013-10-02','2013-10-02',NULL,NULL,3,NULL,'2013-10-02 10:50:23','2013-10-02 10:50:23'),(18,4,'ItemLine',29,37,1,'2013-10-02','2013-10-02',NULL,NULL,3,NULL,'2013-10-02 10:50:23','2013-10-02 10:50:23'),(19,4,'ItemLine',30,37,1,'2013-10-02','2013-10-02',NULL,NULL,3,NULL,'2013-10-02 10:50:23','2013-10-02 10:50:23'),(20,4,'ItemLine',33,42,1,'2013-10-02','2013-10-02',NULL,NULL,3,NULL,'2013-10-02 10:50:23','2013-10-02 10:50:23'),(21,4,'ItemLine',34,42,1,'2013-10-02','2013-10-02',NULL,NULL,3,NULL,'2013-10-02 10:50:23','2013-10-02 10:50:23'),(22,4,'ItemLine',35,43,1,'2013-10-02','2013-10-02',NULL,NULL,3,NULL,'2013-10-02 10:50:23','2013-10-02 10:50:23'),(23,4,'ItemLine',37,45,1,'2013-10-02','2013-10-02',NULL,NULL,3,NULL,'2013-10-02 10:50:23','2013-10-02 10:50:23'),(24,4,'ItemLine',38,46,1,'2013-10-02','2013-10-02',NULL,NULL,3,NULL,'2013-10-02 10:50:23','2013-10-02 10:50:23'),(25,4,'ItemLine',39,47,1,'2013-10-02','2013-10-02',NULL,NULL,3,NULL,'2013-10-02 10:50:23','2013-10-02 10:50:23'),(26,4,'ItemLine',40,48,1,'2013-10-02','2013-10-02',NULL,NULL,3,NULL,'2013-10-02 10:50:23','2013-10-02 10:50:23'),(27,4,'ItemLine',41,49,1,'2013-10-02','2013-10-02',NULL,NULL,3,NULL,'2013-10-02 10:50:23','2013-10-02 10:50:23'),(28,4,'ItemLine',42,50,1,'2013-10-02','2013-10-02',NULL,NULL,3,NULL,'2013-10-02 10:50:23','2013-10-02 10:50:23'),(29,4,'ItemLine',43,51,1,'2013-10-02','2013-10-02',NULL,NULL,3,NULL,'2013-10-02 10:50:23','2013-10-02 10:50:23'),(30,4,'ItemLine',44,52,1,'2013-10-02','2013-10-02',NULL,NULL,3,NULL,'2013-10-02 10:50:23','2013-10-02 10:50:23'),(31,4,'ItemLine',45,53,1,'2013-10-02','2013-10-02',NULL,NULL,3,NULL,'2013-10-02 10:50:23','2013-10-02 10:50:23'),(32,4,'ItemLine',46,54,1,'2013-10-02','2013-10-02',NULL,NULL,3,NULL,'2013-10-02 10:50:23','2013-10-02 10:50:23'),(33,4,'ItemLine',47,55,1,'2013-10-02','2013-10-02',NULL,NULL,3,NULL,'2013-10-02 10:50:23','2013-10-02 10:50:23'),(34,4,'ItemLine',48,56,1,'2013-10-02','2013-10-02',NULL,NULL,3,NULL,'2013-10-02 10:50:23','2013-10-02 10:50:23'),(35,4,'ItemLine',49,57,1,'2013-10-02','2013-10-02',NULL,NULL,3,NULL,'2013-10-02 10:50:23','2013-10-02 10:50:23'),(36,4,'ItemLine',50,58,1,'2013-10-02','2013-10-02',NULL,NULL,3,NULL,'2013-10-02 10:50:23','2013-10-02 10:50:23'),(37,4,'ItemLine',51,59,1,'2013-10-02','2013-10-02',NULL,NULL,3,NULL,'2013-10-02 10:50:23','2013-10-02 10:50:23'),(38,4,'ItemLine',52,60,1,'2013-10-02','2013-10-02',NULL,NULL,3,NULL,'2013-10-02 10:50:23','2013-10-02 10:50:23'),(39,4,'ItemLine',53,61,1,'2013-10-02','2013-10-02',NULL,NULL,3,NULL,'2013-10-02 10:50:23','2013-10-02 10:50:23'),(40,4,'ItemLine',54,62,1,'2013-10-02','2013-10-02',NULL,NULL,3,NULL,'2013-10-02 10:50:23','2013-10-02 10:50:23'),(41,5,'OptionLine',NULL,NULL,2,'2013-10-02','2013-10-03',NULL,4,4,NULL,'2013-10-02 10:50:23','2013-10-02 10:50:23'),(42,5,'ItemLine',152,150,1,'2013-10-02','2013-10-02',NULL,NULL,4,NULL,'2013-10-02 10:50:23','2013-10-02 10:50:23'),(43,6,'OptionLine',NULL,NULL,2,'2013-10-02','2013-10-02',NULL,5,5,NULL,'2013-10-02 10:50:23','2013-10-02 10:50:23'),(44,6,'OptionLine',NULL,NULL,1,'2013-10-02','2013-10-03',NULL,5,5,NULL,'2013-10-02 10:50:23','2013-10-02 10:50:23'),(45,7,'ItemLine',153,151,1,'2013-10-02','2013-10-02',NULL,NULL,6,NULL,'2013-10-02 10:50:23','2013-10-02 10:50:23'),(46,8,'ItemLine',154,152,1,'2013-09-27','2013-10-01',NULL,NULL,7,NULL,'2013-09-27 00:00:00','2013-09-27 00:00:00'),(47,8,'OptionLine',NULL,NULL,1,'2013-09-27','2013-10-01',NULL,6,7,NULL,'2013-09-27 00:00:00','2013-09-27 00:00:00'),(48,9,'ItemLine',NULL,157,1,'2013-10-02','2013-10-02',NULL,NULL,8,NULL,'2013-10-02 10:50:23','2013-10-02 10:50:23'),(49,9,'ItemLine',NULL,158,1,'2013-10-02','2013-10-02',NULL,NULL,8,NULL,'2013-10-02 10:50:23','2013-10-02 10:50:23'),(50,9,'ItemLine',NULL,159,1,'2013-10-02','2013-10-02',NULL,NULL,8,NULL,'2013-10-02 10:50:23','2013-10-02 10:50:23'),(51,10,'ItemLine',161,160,1,'2013-10-02','2013-10-02',NULL,NULL,9,NULL,'2013-10-02 10:50:23','2013-10-02 10:50:23'),(52,10,'ItemLine',162,161,1,'2013-10-02','2013-10-02',NULL,NULL,9,NULL,'2013-10-02 10:50:23','2013-10-02 10:50:23'),(53,10,'ItemLine',163,162,1,'2013-10-02','2013-10-02',NULL,NULL,9,NULL,'2013-10-02 10:50:23','2013-10-02 10:50:23'),(54,11,'ItemLine',164,163,1,'2013-10-02','2013-10-02',NULL,NULL,10,NULL,'2013-10-02 10:50:23','2013-10-02 10:50:23'),(55,11,'ItemLine',165,164,1,'2013-10-02','2013-10-02',NULL,NULL,10,NULL,'2013-10-02 10:50:23','2013-10-02 10:50:23'),(56,11,'ItemLine',166,165,1,'2013-10-02','2013-10-02',NULL,NULL,10,NULL,'2013-10-02 10:50:23','2013-10-02 10:50:23'),(57,11,'ItemLine',167,166,1,'2013-10-02','2013-10-02',NULL,NULL,10,NULL,'2013-10-02 10:50:23','2013-10-02 10:50:23'),(58,11,'ItemLine',168,167,1,'2013-10-02','2013-10-02',NULL,NULL,10,NULL,'2013-10-02 10:50:23','2013-10-02 10:50:23'),(59,12,'ItemLine',169,168,1,'2013-09-27','2013-09-27',NULL,NULL,11,NULL,'2013-09-27 00:00:00','2013-09-27 00:00:00'),(60,12,'ItemLine',170,169,1,'2013-09-27','2013-09-27',NULL,NULL,11,NULL,'2013-09-27 00:00:00','2013-09-27 00:00:00'),(61,12,'ItemLine',171,170,1,'2013-09-27','2013-09-27',NULL,NULL,11,NULL,'2013-09-27 00:00:00','2013-09-27 00:00:00'),(62,12,'ItemLine',172,171,1,'2013-09-27','2013-09-27',NULL,NULL,11,NULL,'2013-09-27 00:00:00','2013-09-27 00:00:00'),(63,13,'ItemLine',NULL,68,1,'2013-10-09','2013-10-12',NULL,NULL,12,NULL,'2013-10-02 10:50:23','2013-10-02 10:50:23'),(64,13,'ItemLine',NULL,68,1,'2013-10-09','2013-10-12',NULL,NULL,12,NULL,'2013-10-02 10:50:23','2013-10-02 10:50:23'),(65,13,'ItemLine',NULL,68,1,'2013-10-09','2013-10-12',NULL,NULL,12,NULL,'2013-10-02 10:50:23','2013-10-02 10:50:23'),(66,13,'ItemLine',NULL,100,1,'2013-10-09','2013-10-12',NULL,NULL,12,NULL,'2013-10-02 10:50:23','2013-10-02 10:50:23'),(67,13,'ItemLine',NULL,100,1,'2013-10-09','2013-10-12',NULL,NULL,12,NULL,'2013-10-02 10:50:23','2013-10-02 10:50:23'),(68,13,'ItemLine',NULL,100,1,'2013-10-09','2013-10-12',NULL,NULL,12,NULL,'2013-10-02 10:50:23','2013-10-02 10:50:23'),(69,14,'ItemLine',NULL,172,1,'2013-10-02','2013-10-02',NULL,NULL,13,NULL,'2013-10-02 10:50:23','2013-10-02 10:50:23'),(70,14,'ItemLine',NULL,176,1,'2013-10-02','2013-10-02',NULL,NULL,13,NULL,'2013-10-02 10:50:23','2013-10-02 10:50:23'),(71,14,'ItemLine',NULL,180,1,'2013-10-02','2013-10-02',NULL,NULL,13,NULL,'2013-10-02 10:50:23','2013-10-02 10:50:23'),(72,15,'ItemLine',NULL,184,1,'2013-10-02','2013-10-02',NULL,NULL,14,NULL,'2013-10-02 10:50:23','2013-10-02 10:50:23'),(73,15,'ItemLine',NULL,188,1,'2013-10-02','2013-10-02',NULL,NULL,14,NULL,'2013-10-02 10:50:23','2013-10-02 10:50:23'),(74,15,'ItemLine',NULL,192,1,'2013-10-02','2013-10-02',NULL,NULL,14,NULL,'2013-10-02 10:50:23','2013-10-02 10:50:23'),(75,15,'ItemLine',NULL,196,1,'2013-10-02','2013-10-02',NULL,NULL,14,NULL,'2013-10-02 10:50:23','2013-10-02 10:50:23'),(76,15,'ItemLine',NULL,200,1,'2013-10-02','2013-10-02',NULL,NULL,14,NULL,'2013-10-02 10:50:23','2013-10-02 10:50:23'),(77,16,'ItemLine',NULL,204,1,'2013-10-02','2013-10-02',NULL,NULL,15,NULL,'2013-10-02 10:50:23','2013-10-02 10:50:23'),(78,16,'ItemLine',NULL,208,1,'2013-10-02','2013-10-02',NULL,NULL,15,NULL,'2013-10-02 10:50:23','2013-10-02 10:50:23'),(79,16,'ItemLine',NULL,212,1,'2013-10-02','2013-10-02',NULL,NULL,15,NULL,'2013-10-02 10:50:23','2013-10-02 10:50:23'),(80,16,'ItemLine',NULL,216,1,'2013-10-02','2013-10-02',NULL,NULL,15,NULL,'2013-10-02 10:50:23','2013-10-02 10:50:23'),(81,17,'ItemLine',NULL,220,1,'2013-10-02','2013-10-02',NULL,NULL,16,NULL,'2013-10-02 10:50:23','2013-10-02 10:50:23'),(82,17,'ItemLine',NULL,224,1,'2013-10-02','2013-10-02',NULL,NULL,16,NULL,'2013-10-02 10:50:23','2013-10-02 10:50:23'),(83,17,'ItemLine',NULL,228,1,'2013-10-02','2013-10-02',NULL,NULL,16,NULL,'2013-10-02 10:50:23','2013-10-02 10:50:23'),(84,17,'ItemLine',NULL,232,1,'2013-10-02','2013-10-02',NULL,NULL,16,NULL,'2013-10-02 10:50:23','2013-10-02 10:50:23'),(85,17,'ItemLine',NULL,236,1,'2013-10-02','2013-10-02',NULL,NULL,16,NULL,'2013-10-02 10:50:23','2013-10-02 10:50:23'),(86,18,'ItemLine',NULL,100,1,'2013-10-02','2013-10-02',NULL,NULL,17,NULL,'2013-10-02 10:50:23','2013-10-02 10:50:23'),(87,19,'ItemLine',NULL,100,1,'2013-10-02','2013-10-02',NULL,NULL,18,NULL,'2013-10-02 10:50:23','2013-10-02 10:50:23'),(88,19,'ItemLine',NULL,68,1,'2013-10-02','2013-10-02',NULL,NULL,18,NULL,'2013-10-02 10:50:23','2013-10-02 10:50:23'),(89,20,'ItemLine',NULL,100,1,'2013-10-09','2013-10-10',NULL,NULL,19,NULL,'2013-10-02 10:50:23','2013-10-02 10:50:23'),(90,21,'ItemLine',NULL,42,1,'2013-10-02','2013-10-02',NULL,NULL,20,NULL,'2013-10-02 10:50:23','2013-10-02 10:50:23'),(91,21,'ItemLine',NULL,42,1,'2013-10-02','2013-10-02',NULL,NULL,20,NULL,'2013-10-02 10:50:23','2013-10-02 10:50:23'),(92,21,'ItemLine',NULL,42,1,'2013-10-02','2013-10-02',NULL,NULL,20,NULL,'2013-10-02 10:50:23','2013-10-02 10:50:23'),(93,22,'ItemLine',NULL,68,1,'2013-10-02','2013-10-02',NULL,NULL,21,NULL,'2013-10-02 10:50:23','2013-10-02 10:50:23'),(94,22,'ItemLine',NULL,100,1,'2013-10-02','2013-10-02',NULL,NULL,21,NULL,'2013-10-02 10:50:23','2013-10-02 10:50:23'),(95,22,'ItemLine',NULL,68,1,'2013-10-02','2013-10-02',NULL,NULL,21,NULL,'2013-10-02 10:50:23','2013-10-02 10:50:23'),(96,22,'ItemLine',NULL,100,1,'2013-10-02','2013-10-02',NULL,NULL,21,NULL,'2013-10-02 10:50:23','2013-10-02 10:50:23'),(97,22,'ItemLine',NULL,68,1,'2013-10-02','2013-10-02',NULL,NULL,21,NULL,'2013-10-02 10:50:23','2013-10-02 10:50:23'),(98,22,'ItemLine',NULL,100,1,'2013-10-02','2013-10-02',NULL,NULL,21,NULL,'2013-10-02 10:50:23','2013-10-02 10:50:23'),(99,22,'OptionLine',NULL,NULL,5,'2013-10-02','2013-10-03',NULL,1,21,NULL,'2013-10-02 10:50:23','2013-10-02 10:50:23'),(100,23,'ItemLine',NULL,135,1,'2013-10-02','2013-10-02',NULL,NULL,NULL,NULL,'2013-10-02 10:50:23','2013-10-02 10:50:23'),(101,24,'ItemLine',60,68,1,'2013-10-02','2013-10-02',NULL,NULL,23,NULL,'2013-10-02 10:50:23','2013-10-02 10:50:23'),(102,25,'ItemLine',224,240,1,'2013-10-02','2013-10-02',NULL,NULL,24,NULL,'2013-10-02 10:50:23','2013-10-02 10:50:23'),(103,26,'ItemLine',31,41,1,'2013-10-02','2013-10-02',NULL,NULL,25,NULL,'2013-10-02 10:50:23','2013-10-02 10:50:23'),(104,26,'ItemLine',194,200,1,'2013-10-02','2013-10-02','2013-10-02',NULL,25,11,'2013-10-02 10:50:23','2013-10-02 10:50:23'),(105,27,'ItemLine',36,42,1,'2013-10-02','2013-10-02',NULL,NULL,26,NULL,'2013-10-02 10:50:23','2013-10-02 10:50:23'),(106,28,'ItemLine',225,241,1,'2013-10-02','2013-10-02',NULL,NULL,27,NULL,'2013-10-02 10:50:23','2013-10-02 10:50:23'),(107,29,'ItemLine',101,103,1,'2013-10-02','2013-10-03',NULL,NULL,28,NULL,'2013-10-02 10:50:23','2013-10-02 10:50:23'),(108,30,'ItemLine',NULL,68,1,'2013-10-09','2013-10-12',NULL,NULL,29,NULL,'2013-10-02 10:50:23','2013-10-02 10:50:23'),(109,30,'ItemLine',NULL,100,1,'2013-10-09','2013-10-12',NULL,NULL,29,NULL,'2013-10-02 10:50:23','2013-10-02 10:50:23'),(110,30,'ItemLine',NULL,100,1,'2013-10-10','2013-10-13',NULL,NULL,29,NULL,'2013-10-02 10:50:23','2013-10-02 10:50:23'),(111,31,'ItemLine',NULL,NULL,1,'2013-10-02','2013-10-03',NULL,NULL,29,NULL,'2013-10-02 10:50:23','2013-10-02 10:50:23'),(112,32,'ItemLine',NULL,42,1,'2013-09-30','2013-10-03',NULL,NULL,30,NULL,'2013-10-02 10:50:23','2013-10-02 10:50:23'),(113,32,'ItemLine',NULL,242,1,'2013-09-30','2013-10-03',NULL,NULL,30,NULL,'2013-10-02 10:50:23','2013-10-02 10:50:23'),(114,33,'ItemLine',126,42,1,'2013-10-02','2013-10-02',NULL,NULL,31,NULL,'2013-10-02 10:50:23','2013-10-02 10:50:23'),(115,33,'OptionLine',NULL,NULL,1,'2013-10-02','2013-10-02',NULL,1,31,NULL,'2013-10-02 10:50:23','2013-10-02 10:50:23'),(116,34,'ItemLine',NULL,246,1,'2013-09-26','2013-09-26',NULL,NULL,32,NULL,'2013-09-26 06:28:55','2013-09-26 06:28:55'),(117,34,'ItemLine',NULL,247,1,'2013-09-26','2013-09-26',NULL,NULL,32,NULL,'2013-09-26 06:28:56','2013-09-26 06:28:56'),(118,34,'ItemLine',NULL,248,1,'2013-09-26','2013-09-26',NULL,NULL,32,NULL,'2013-09-26 06:28:56','2013-09-26 06:28:56'),(119,34,'ItemLine',NULL,249,1,'2013-09-26','2013-09-26',NULL,NULL,32,NULL,'2013-09-26 06:28:56','2013-09-26 06:28:56'),(120,34,'ItemLine',NULL,250,1,'2013-09-26','2013-09-26',NULL,NULL,32,NULL,'2013-09-26 06:28:56','2013-09-26 06:28:56'),(121,35,'ItemLine',NULL,254,1,'2013-09-26','2013-09-26',NULL,NULL,33,NULL,'2013-09-26 06:28:56','2013-09-26 06:28:56'),(122,35,'ItemLine',NULL,255,1,'2013-09-26','2013-09-26',NULL,NULL,33,NULL,'2013-09-26 06:28:56','2013-09-26 06:28:56'),(123,35,'ItemLine',NULL,256,1,'2013-09-26','2013-09-26',NULL,NULL,33,NULL,'2013-09-26 06:28:56','2013-09-26 06:28:56'),(124,35,'ItemLine',NULL,257,1,'2013-09-26','2013-09-26',NULL,NULL,33,NULL,'2013-09-26 06:28:56','2013-09-26 06:28:56'),(125,35,'ItemLine',NULL,258,1,'2013-09-26','2013-09-26',NULL,NULL,33,NULL,'2013-09-26 06:28:56','2013-09-26 06:28:56'),(126,35,'ItemLine',NULL,259,1,'2013-09-26','2013-09-26',NULL,NULL,33,NULL,'2013-09-26 06:28:56','2013-09-26 06:28:56'),(127,36,'ItemLine',NULL,263,1,'2013-09-26','2013-09-26',NULL,NULL,34,NULL,'2013-09-26 06:28:56','2013-09-26 06:28:56'),(128,36,'ItemLine',NULL,264,1,'2013-09-26','2013-09-26',NULL,NULL,34,NULL,'2013-09-26 06:28:56','2013-09-26 06:28:56'),(129,36,'ItemLine',NULL,265,1,'2013-09-26','2013-09-26',NULL,NULL,34,NULL,'2013-09-26 06:28:56','2013-09-26 06:28:56'),(130,36,'ItemLine',NULL,266,1,'2013-09-26','2013-09-26',NULL,NULL,34,NULL,'2013-09-26 06:28:56','2013-09-26 06:28:56'),(131,36,'ItemLine',NULL,267,1,'2013-09-26','2013-09-26',NULL,NULL,34,NULL,'2013-09-26 06:28:56','2013-09-26 06:28:56'),(132,36,'ItemLine',NULL,268,1,'2013-09-26','2013-09-26',NULL,NULL,34,NULL,'2013-09-26 06:28:56','2013-09-26 06:28:56'),(133,37,'ItemLine',NULL,272,1,'2013-10-01','2013-10-01',NULL,NULL,35,NULL,'2013-09-30 22:49:57','2013-09-30 22:49:57'),(134,37,'ItemLine',NULL,273,1,'2013-10-01','2013-10-01',NULL,NULL,35,NULL,'2013-09-30 22:49:57','2013-09-30 22:49:57'),(135,37,'ItemLine',NULL,274,1,'2013-10-01','2013-10-01',NULL,NULL,35,NULL,'2013-09-30 22:49:57','2013-09-30 22:49:57'),(136,38,'ItemLine',NULL,275,1,'2013-09-30','2013-09-30',NULL,NULL,36,NULL,'2013-09-28 08:16:20','2013-09-28 08:16:20'),(137,38,'ItemLine',NULL,276,1,'2013-09-30','2013-09-30',NULL,NULL,36,NULL,'2013-09-28 08:16:20','2013-09-28 08:16:20'),(138,38,'ItemLine',NULL,277,1,'2013-09-30','2013-09-30',NULL,NULL,36,NULL,'2013-09-28 08:16:20','2013-09-28 08:16:20'),(139,38,'ItemLine',NULL,278,1,'2013-09-30','2013-09-30',NULL,NULL,36,NULL,'2013-09-28 08:16:20','2013-09-28 08:16:20'),(140,38,'ItemLine',NULL,279,1,'2013-09-30','2013-09-30',NULL,NULL,36,NULL,'2013-09-28 08:16:20','2013-09-28 08:16:20'),(141,38,'ItemLine',NULL,279,1,'2013-09-30','2013-09-30',NULL,NULL,36,NULL,'2013-09-28 08:16:20','2013-09-28 08:16:20'),(142,39,'ItemLine',NULL,283,1,'2013-10-02','2013-10-02',NULL,NULL,37,NULL,'2013-10-02 10:50:23','2013-10-02 10:50:23'),(143,39,'ItemLine',NULL,284,1,'2013-10-02','2013-10-02',NULL,NULL,37,NULL,'2013-10-02 10:50:23','2013-10-02 10:50:23'),(144,39,'ItemLine',NULL,285,1,'2013-10-02','2013-10-02',NULL,NULL,37,NULL,'2013-10-02 10:50:23','2013-10-02 10:50:23'),(145,39,'ItemLine',NULL,286,1,'2013-10-02','2013-10-02',NULL,NULL,37,NULL,'2013-10-02 10:50:23','2013-10-02 10:50:23'),(146,39,'ItemLine',NULL,287,1,'2013-10-02','2013-10-02',NULL,NULL,37,NULL,'2013-10-02 10:50:23','2013-10-02 10:50:23'),(147,40,'ItemLine',NULL,291,1,'2013-10-02','2013-10-02',NULL,NULL,38,NULL,'2013-10-02 10:50:23','2013-10-02 10:50:23'),(148,40,'ItemLine',NULL,292,1,'2013-10-02','2013-10-02',NULL,NULL,38,NULL,'2013-10-02 10:50:23','2013-10-02 10:50:23'),(149,40,'ItemLine',NULL,293,1,'2013-10-02','2013-10-02',NULL,NULL,38,NULL,'2013-10-02 10:50:23','2013-10-02 10:50:23'),(150,40,'ItemLine',NULL,294,1,'2013-10-02','2013-10-02',NULL,NULL,38,NULL,'2013-10-02 10:50:23','2013-10-02 10:50:23'),(151,41,'ItemLine',NULL,295,1,'2013-10-02','2013-10-02',NULL,NULL,39,NULL,'2013-10-02 10:50:23','2013-10-02 10:50:23'),(152,41,'ItemLine',NULL,296,1,'2013-10-02','2013-10-02',NULL,NULL,39,NULL,'2013-10-02 10:50:23','2013-10-02 10:50:23'),(153,41,'ItemLine',NULL,297,1,'2013-10-02','2013-10-02',NULL,NULL,39,NULL,'2013-10-02 10:50:23','2013-10-02 10:50:23'),(154,41,'ItemLine',NULL,298,1,'2013-10-02','2013-10-02',NULL,NULL,39,NULL,'2013-10-02 10:50:23','2013-10-02 10:50:23'),(155,41,'ItemLine',NULL,299,1,'2013-10-02','2013-10-02',NULL,NULL,39,NULL,'2013-10-02 10:50:23','2013-10-02 10:50:23'),(156,42,'ItemLine',NULL,300,1,'2013-10-02','2013-10-02',NULL,NULL,40,NULL,'2013-10-02 10:50:23','2013-10-02 10:50:23'),(157,42,'ItemLine',NULL,301,1,'2013-10-02','2013-10-02',NULL,NULL,40,NULL,'2013-10-02 10:50:23','2013-10-02 10:50:23'),(158,42,'ItemLine',NULL,302,1,'2013-10-02','2013-10-02',NULL,NULL,40,NULL,'2013-10-02 10:50:23','2013-10-02 10:50:23'),(159,43,'ItemLine',NULL,68,1,'2013-11-08','2013-11-16',NULL,NULL,41,NULL,'2013-10-02 10:50:23','2013-10-02 10:50:23'),(160,44,'ItemLine',NULL,68,1,'2013-11-23','2013-11-26',NULL,NULL,42,NULL,'2013-10-02 10:50:23','2013-10-02 10:50:23'),(161,44,'ItemLine',NULL,68,1,'2013-11-23','2013-11-26',NULL,NULL,42,NULL,'2013-10-02 10:50:23','2013-10-02 10:50:23'),(162,44,'ItemLine',NULL,68,1,'2013-11-23','2013-11-26',NULL,NULL,42,NULL,'2013-10-02 10:50:23','2013-10-02 10:50:23'),(163,44,'ItemLine',NULL,68,1,'2013-11-23','2013-11-26',NULL,NULL,42,NULL,'2013-10-02 10:50:23','2013-10-02 10:50:23'),(164,44,'ItemLine',NULL,68,1,'2013-11-23','2013-11-26',NULL,NULL,42,NULL,'2013-10-02 10:50:23','2013-10-02 10:50:23'),(165,44,'ItemLine',NULL,68,1,'2013-11-23','2013-11-26',NULL,NULL,42,NULL,'2013-10-02 10:50:23','2013-10-02 10:50:23'),(166,45,'ItemLine',NULL,29,1,'2013-10-02','2013-10-02',NULL,NULL,43,NULL,'2013-10-02 10:50:23','2013-10-02 10:50:23'),(167,46,'ItemLine',96,100,1,'2013-09-27','2013-10-01',NULL,NULL,44,NULL,'2013-09-27 00:00:00','2013-09-27 00:00:00');
/*!40000 ALTER TABLE `contract_lines` ENABLE KEYS */;
UNLOCK TABLES;

--
-- Table structure for table `contracts`
--

DROP TABLE IF EXISTS `contracts`;
/*!40101 SET @saved_cs_client     = @@character_set_client */;
/*!40101 SET character_set_client = utf8 */;
CREATE TABLE `contracts` (
  `id` int(11) NOT NULL AUTO_INCREMENT,
  `user_id` int(11) DEFAULT NULL,
  `delegated_user_id` int(11) DEFAULT NULL,
  `inventory_pool_id` int(11) DEFAULT NULL,
  `note` text COLLATE utf8_unicode_ci,
  `handed_over_by_user_id` int(11) DEFAULT NULL,
  `created_at` datetime DEFAULT NULL,
  `updated_at` datetime DEFAULT NULL,
  `status` enum('unsubmitted','submitted','rejected','approved','signed','closed') COLLATE utf8_unicode_ci NOT NULL,
  PRIMARY KEY (`id`),
  KEY `index_contracts_on_inventory_pool_id` (`inventory_pool_id`),
  KEY `index_contracts_on_status` (`status`),
  KEY `index_contracts_on_user_id` (`user_id`)
) ENGINE=InnoDB AUTO_INCREMENT=47 DEFAULT CHARSET=utf8 COLLATE=utf8_unicode_ci;
/*!40101 SET character_set_client = @saved_cs_client */;

--
-- Dumping data for table `contracts`
--

LOCK TABLES `contracts` WRITE;
/*!40000 ALTER TABLE `contracts` DISABLE KEYS */;
INSERT INTO `contracts` VALUES (1,6,NULL,5,NULL,NULL,'2013-10-02 10:50:23','2013-10-02 10:50:23','unsubmitted'),(2,7,NULL,10,NULL,NULL,'2013-10-02 10:50:23','2013-10-02 10:50:23','approved'),(3,8,NULL,1,NULL,NULL,'2013-10-02 10:50:23','2013-10-02 10:50:23','closed'),(4,13,NULL,1,NULL,NULL,'2013-10-02 10:50:23','2013-10-02 10:50:23','approved'),(5,14,NULL,1,NULL,11,'2013-10-02 10:50:23','2013-10-02 10:50:23','signed'),(6,15,NULL,1,NULL,11,'2013-10-02 10:50:23','2013-10-02 10:50:23','signed'),(7,16,NULL,1,NULL,11,'2013-10-02 10:50:23','2013-10-02 10:50:23','signed'),(8,17,NULL,2,NULL,11,'2013-09-27 00:00:00','2013-09-27 00:00:00','signed'),(9,21,19,1,NULL,NULL,'2013-10-02 10:50:23','2013-10-02 10:50:23','submitted'),(10,21,20,1,NULL,NULL,'2013-10-02 10:50:23','2013-10-02 10:50:23','approved'),(11,21,19,1,NULL,11,'2013-10-02 10:50:23','2013-10-02 10:50:23','signed'),(12,21,19,1,NULL,11,'2013-09-27 00:00:00','2013-09-27 00:00:00','signed'),(13,25,NULL,1,NULL,NULL,'2013-10-02 10:50:23','2013-10-02 10:50:23','submitted'),(14,25,NULL,3,NULL,NULL,'2013-10-02 10:50:23','2013-10-02 10:50:23','submitted'),(15,25,NULL,2,NULL,NULL,'2013-10-02 10:50:23','2013-10-02 10:50:23','submitted'),(16,25,NULL,1,NULL,NULL,'2013-10-02 10:50:23','2013-10-02 10:50:23','submitted'),(17,25,NULL,1,NULL,NULL,'2013-10-02 10:50:23','2013-10-02 10:50:23','submitted'),(18,25,NULL,1,NULL,NULL,'2013-10-02 10:50:23','2013-10-02 10:50:23','approved'),(19,25,NULL,1,NULL,NULL,'2013-10-02 10:50:23','2013-10-02 10:50:23','approved'),(20,25,NULL,1,NULL,NULL,'2013-10-02 10:50:23','2013-10-02 10:50:23','approved'),(21,25,NULL,1,NULL,NULL,'2013-10-02 10:50:23','2013-10-02 10:50:23','approved'),(22,25,NULL,1,NULL,NULL,'2013-10-02 10:50:23','2013-10-02 10:50:23','approved'),(23,25,NULL,1,NULL,NULL,'2013-10-02 10:50:23','2013-10-02 10:50:23','approved'),(24,25,NULL,1,NULL,11,'2013-10-02 10:50:23','2013-10-02 10:50:23','signed'),(25,25,NULL,1,NULL,11,'2013-10-02 10:50:23','2013-10-02 10:50:23','signed'),(26,25,NULL,2,NULL,11,'2013-10-02 10:50:23','2013-10-02 10:50:23','signed'),(27,25,NULL,2,NULL,11,'2013-10-02 10:50:23','2013-10-02 10:50:23','signed'),(28,25,NULL,2,NULL,11,'2013-10-02 10:50:23','2013-10-02 10:50:23','signed'),(29,25,NULL,1,NULL,11,'2013-10-02 10:50:23','2013-10-02 10:50:23','signed'),(30,26,NULL,1,NULL,NULL,'2013-10-02 10:50:23','2013-10-02 10:50:23','submitted'),(31,26,NULL,1,NULL,NULL,'2013-10-02 10:50:23','2013-10-02 10:50:23','submitted'),(32,26,NULL,1,NULL,NULL,'2013-10-02 10:50:23','2013-10-02 10:50:23','approved'),(33,26,NULL,1,NULL,11,'2013-10-02 10:50:23','2013-10-02 10:50:23','signed'),(34,29,NULL,1,NULL,NULL,'2013-09-26 06:28:55','2013-09-26 06:28:55','submitted'),(35,29,NULL,1,NULL,NULL,'2013-09-26 06:28:56','2013-09-26 06:28:56','approved'),(36,29,NULL,1,NULL,NULL,'2013-09-26 06:28:56','2013-09-26 06:28:56','rejected'),(37,29,NULL,1,NULL,NULL,'2013-09-30 22:49:57','2013-09-30 22:49:57','submitted'),(38,29,NULL,1,NULL,NULL,'2013-09-28 08:16:20','2013-09-28 08:16:20','submitted'),(39,30,NULL,1,NULL,NULL,'2013-10-02 10:50:23','2013-10-02 10:50:23','submitted'),(40,31,NULL,1,NULL,NULL,'2013-10-02 10:50:23','2013-10-02 10:50:23','submitted'),(41,32,NULL,1,NULL,NULL,'2013-10-02 10:50:23','2013-10-02 10:50:23','submitted'),(42,33,NULL,1,NULL,NULL,'2013-10-02 10:50:23','2013-10-02 10:50:23','submitted'),(43,34,NULL,1,NULL,NULL,'2013-10-02 10:50:23','2013-10-02 10:50:23','submitted'),(44,34,NULL,1,NULL,NULL,'2013-10-02 10:50:23','2013-10-02 10:50:23','submitted'),(45,34,NULL,1,NULL,NULL,'2013-10-02 10:50:23','2013-10-02 10:50:23','approved'),(46,34,NULL,1,NULL,11,'2013-09-27 00:00:00','2013-09-27 00:00:00','signed');
/*!40000 ALTER TABLE `contracts` ENABLE KEYS */;
UNLOCK TABLES;

--
-- Table structure for table `database_authentications`
--

DROP TABLE IF EXISTS `database_authentications`;
/*!40101 SET @saved_cs_client     = @@character_set_client */;
/*!40101 SET character_set_client = utf8 */;
CREATE TABLE `database_authentications` (
  `id` int(11) NOT NULL AUTO_INCREMENT,
  `login` varchar(255) COLLATE utf8_unicode_ci DEFAULT NULL,
  `crypted_password` varchar(40) COLLATE utf8_unicode_ci DEFAULT NULL,
  `salt` varchar(40) COLLATE utf8_unicode_ci DEFAULT NULL,
  `user_id` int(11) DEFAULT NULL,
  `created_at` datetime DEFAULT NULL,
  `updated_at` datetime DEFAULT NULL,
  PRIMARY KEY (`id`)
) ENGINE=InnoDB AUTO_INCREMENT=31 DEFAULT CHARSET=utf8 COLLATE=utf8_unicode_ci;
/*!40101 SET character_set_client = @saved_cs_client */;

--
-- Dumping data for table `database_authentications`
--

LOCK TABLES `database_authentications` WRITE;
/*!40000 ALTER TABLE `database_authentications` DISABLE KEYS */;
INSERT INTO `database_authentications` VALUES (1,'gino','c0b9e64c7a00f87ef690e3678338320b6e43d9ae','bce4f2a362e3e7e91f9a9894d496a350526fb7eb',1,'2013-10-02 10:50:23','2013-10-02 10:50:23'),(2,'ramon','fe66c5c7403917c50a0b0b1147c00e1aa346c000','6d9749ab60c36a63b044ac576ddd745ea9431fe4',2,'2013-10-02 10:50:23','2013-10-02 10:50:23'),(3,'urban_hilll_209','0ef8071c805939697c9d8738f11de02b0688fcb6','208bdaf390a7166cf541d86f5b67fda518ab041f',3,'2013-10-02 10:50:23','2013-10-02 10:50:23'),(4,'sharon_5349','6138cea7c08873560626e2d1d6776a16753068b2','49431f23e1aa7a7395b24cfd49c9401f4dedd1c8',4,'2013-10-02 10:50:23','2013-10-02 10:50:23'),(5,'hoyt_jaskolski_2051','59cc10d0b881cdf6ea07c7ced6e760f0031bcda7','593bc9a258d989f8121e3eafcfbbdcd9d2dbb8e2',5,'2013-10-02 10:50:23','2013-10-02 10:50:23'),(6,'piper.bode_8550','5bb85d1e5b8e01bd69b57cf65cc9abf515146db7','a3b3d08a6f8c3dd20d72b7379c1e9a608f8db9e7',6,'2013-10-02 10:50:23','2013-10-02 10:50:23'),(7,'mazie_conroy_6060','9f8452f5a9d16d1067181f48f95c39b1f58207cc','2c79bdd2381de54016ef119ad88bf04f3ef79691',7,'2013-10-02 10:50:23','2013-10-02 10:50:23'),(8,'antonietta_treutel_7045','a47ddf1194336f01bdcb45499aee397b7ecc82bd','2fc101c5a639c419e88c2e86730b071051cd979b',8,'2013-10-02 10:50:23','2013-10-02 10:50:23'),(9,'matti','1e04d0ece70b09961ff07c9add835637b068f9a4','383e8013187c723418bc5d08b5b753a4d024dde4',9,'2013-10-02 10:50:23','2013-10-02 10:50:23'),(10,'mike','c553f34a302b3bcaac96cad1dc927a5b012492da','8f7971671ff8bca128c024c44095e83d9fb9a4b6',10,'2013-10-02 10:50:23','2013-10-02 10:50:23'),(11,'pius','0c1c47f0e2c42c2dd6a16bcf650121557e880704','3c03d6d2286a7745dccdf030269d613cc7297faf',11,'2013-10-02 10:50:23','2013-10-02 10:50:23'),(12,'peter','334b3769815af67a70a85f766a491f1b11ea0907','55baa9bc57c7968e5df5033cf5dc09e8ad6c7e4b',12,'2013-10-02 10:50:23','2013-10-02 10:50:23'),(13,'rosina.lang_3049','596789953f54f06021b9ee7ca6953a6fb19fb563','73299cde0e46a93c2a797126815e457fcb5e33f6',13,'2013-10-02 10:50:23','2013-10-02 10:50:23'),(14,'greyson_waters_255','bd30ff297e806ac2cb0361b49db2950e29ce4205','24e5b68dd835ed46752b312a6c47e96f50bc95a2',14,'2013-10-02 10:50:23','2013-10-02 10:50:23'),(15,'leif.reichel_1046','0d74a4250a1ecb8d0f578619faaabac022fba114','aeb119718c5ce44220c3029551aa02dae0fa12ad',15,'2013-10-02 10:50:23','2013-10-02 10:50:23'),(16,'trisha_4395','78fe8a26d543c35b9b263fc7ded31e920e4df810','e2860a8016afea4a5c690fe7a11fa429ab24c2e4',16,'2013-10-02 10:50:23','2013-10-02 10:50:23'),(17,'meagan.lueilwitz_1268','4dc628f74db01fc900391e3544058ff69153a725','8ecaeead0d8763ce0305794b844c2acdfc33825d',17,'2013-09-27 00:00:00','2013-09-27 00:00:00'),(18,'jazmin_292','386f949fef2ecc0827acdbe3b42c92cb7e8b7fae','1d18f2998a6260b3ad2c29c943419c9b42c520c1',18,'2013-09-27 00:00:00','2013-09-27 00:00:00'),(19,'mina','e625fdbc98221b5f592f0f5e519f44b6eb651333','89c24613495c613c2095f7e6d0a4188f17d624db',19,'2013-10-02 10:50:23','2013-10-02 10:50:23'),(20,'julie','63a96fecf2dc1fbec3132424dafb668643480472','0157e6e2e3054d219014211ed9021e0c86ce939c',20,'2013-10-02 10:50:23','2013-10-02 10:50:23'),(21,'normin','e07838d228d9bf3e136db1cc62d7dc1c90b5c0b5','f2e71067d77dcda9e4c50676d06398c4d7837001',25,'2013-10-02 10:50:23','2013-10-02 10:50:23'),(22,'petra','28cc6bac56a0bd24aa499d3352b759e5c5a1d591','b819f34b5aa98a06c322cf075b5786cfdecf994b',26,'2013-10-02 10:50:23','2013-10-02 10:50:23'),(23,'andi','eb6c81e3de985f1c92feef34c2af154b06a99ae6','7cf5c90483a2079e9c6a6df732c7e552c8aeab6a',27,'2013-10-02 10:50:23','2013-10-02 10:50:23'),(24,'arlie.schuppe_6575','7b22977c45bffb39406b9c9e8087a59cc6d7893a','9db6dbd36b004922a08243c200c9d1827f6d2c04',28,'2013-10-02 10:50:23','2013-10-02 10:50:23'),(25,'pat_3692','2727258a0b3b0c21833db05506f1e7e60ed7252e','a64531469852e09efa68a996095b7d9300eef8a7',29,'2013-10-02 10:50:23','2013-10-02 10:50:23'),(26,'max_9176','13b4bdec412f823a452a60ea80617f95441283ad','e6b7e80d9587089ca676da6b681d96f9d15b4e61',30,'2013-10-02 10:50:23','2013-10-02 10:50:23'),(27,'wava_497','53f5d3883e9f11731413701645a005d15080d7d8','dea8e71c419d3814ae4ffa2405ae504d806c560f',31,'2013-10-02 10:50:23','2013-10-02 10:50:23'),(28,'braeden_3060','3a785b3d00c36d380a250586eead195f95a383d6','554b73466e68855a2eab77895e5705a684d97ce1',32,'2013-10-02 10:50:23','2013-10-02 10:50:23'),(29,'scot_5997','23396add9bfb6b5c55df4e0a7c76061513057717','cd3101573269df007c079a53341cb1335f756504',33,'2013-10-02 10:50:23','2013-10-02 10:50:23'),(30,'lisa','8e481456fbae868e801489da37ddafe5534d5039','bcce5352c15573621d6091968623d995c2b101ad',34,'2013-10-02 10:50:23','2013-10-02 10:50:23');
/*!40000 ALTER TABLE `database_authentications` ENABLE KEYS */;
UNLOCK TABLES;

--
-- Table structure for table `delegations_users`
--

DROP TABLE IF EXISTS `delegations_users`;
/*!40101 SET @saved_cs_client     = @@character_set_client */;
/*!40101 SET character_set_client = utf8 */;
CREATE TABLE `delegations_users` (
  `delegation_id` int(11) DEFAULT NULL,
  `user_id` int(11) DEFAULT NULL,
  UNIQUE KEY `index_delegations_users_on_user_id_and_delegation_id` (`user_id`,`delegation_id`),
  KEY `index_delegations_users_on_delegation_id` (`delegation_id`)
) ENGINE=InnoDB DEFAULT CHARSET=utf8 COLLATE=utf8_unicode_ci;
/*!40101 SET character_set_client = @saved_cs_client */;

--
-- Dumping data for table `delegations_users`
--

LOCK TABLES `delegations_users` WRITE;
/*!40000 ALTER TABLE `delegations_users` DISABLE KEYS */;
INSERT INTO `delegations_users` VALUES (21,19),(22,19),(23,19),(24,19),(21,20),(22,20),(23,20),(24,20);
/*!40000 ALTER TABLE `delegations_users` ENABLE KEYS */;
UNLOCK TABLES;

--
-- Table structure for table `groups`
--

DROP TABLE IF EXISTS `groups`;
/*!40101 SET @saved_cs_client     = @@character_set_client */;
/*!40101 SET character_set_client = utf8 */;
CREATE TABLE `groups` (
  `id` int(11) NOT NULL AUTO_INCREMENT,
  `name` varchar(255) COLLATE utf8_unicode_ci DEFAULT NULL,
  `inventory_pool_id` int(11) DEFAULT NULL,
  `is_verification_required` tinyint(1) DEFAULT '0',
  `created_at` datetime DEFAULT NULL,
  `updated_at` datetime DEFAULT NULL,
  PRIMARY KEY (`id`),
  KEY `index_groups_on_inventory_pool_id` (`inventory_pool_id`),
  KEY `index_groups_on_is_verification_required` (`is_verification_required`)
) ENGINE=InnoDB AUTO_INCREMENT=10 DEFAULT CHARSET=utf8 COLLATE=utf8_unicode_ci;
/*!40101 SET character_set_client = @saved_cs_client */;

--
-- Dumping data for table `groups`
--

LOCK TABLES `groups` WRITE;
/*!40000 ALTER TABLE `groups` DISABLE KEYS */;
INSERT INTO `groups` VALUES (1,'Cast',1,0,'2013-10-02 10:50:23','2013-10-02 10:50:23'),(2,'IAD',1,0,'2013-10-02 10:50:23','2013-10-02 10:50:23'),(3,'Wu',1,0,'2013-10-02 10:50:23','2013-10-02 10:50:23'),(4,'Group Hifi',1,0,'2013-10-02 10:50:23','2013-10-02 10:50:23'),(5,'Group A',1,0,'2013-10-02 10:50:23','2013-10-02 10:50:23'),(6,'Group B',1,0,'2013-10-02 10:50:23','2013-10-02 10:50:23'),(7,'FFI',1,1,'2013-10-02 10:50:23','2013-10-02 10:50:23'),(8,'VTO',1,1,'2013-10-02 10:50:23','2013-10-02 10:50:23'),(9,'1. Semester',2,1,'2013-10-02 10:50:23','2013-10-02 10:50:23');
/*!40000 ALTER TABLE `groups` ENABLE KEYS */;
UNLOCK TABLES;

--
-- Table structure for table `groups_users`
--

DROP TABLE IF EXISTS `groups_users`;
/*!40101 SET @saved_cs_client     = @@character_set_client */;
/*!40101 SET character_set_client = utf8 */;
CREATE TABLE `groups_users` (
  `user_id` int(11) DEFAULT NULL,
  `group_id` int(11) DEFAULT NULL,
  UNIQUE KEY `index_groups_users_on_user_id_and_group_id` (`user_id`,`group_id`),
  KEY `index_groups_users_on_group_id` (`group_id`)
) ENGINE=InnoDB DEFAULT CHARSET=utf8 COLLATE=utf8_unicode_ci;
/*!40101 SET character_set_client = @saved_cs_client */;

--
-- Dumping data for table `groups_users`
--

LOCK TABLES `groups_users` WRITE;
/*!40000 ALTER TABLE `groups_users` DISABLE KEYS */;
INSERT INTO `groups_users` VALUES (25,1),(29,7),(29,8),(30,7),(31,7),(31,8),(32,7),(32,9),(33,7),(34,1);
/*!40000 ALTER TABLE `groups_users` ENABLE KEYS */;
UNLOCK TABLES;

--
-- Table structure for table `histories`
--

DROP TABLE IF EXISTS `histories`;
/*!40101 SET @saved_cs_client     = @@character_set_client */;
/*!40101 SET character_set_client = utf8 */;
CREATE TABLE `histories` (
  `id` int(11) NOT NULL AUTO_INCREMENT,
  `text` varchar(255) COLLATE utf8_unicode_ci DEFAULT '',
  `type_const` int(11) DEFAULT NULL,
  `created_at` datetime NOT NULL,
  `target_id` int(11) NOT NULL,
  `target_type` varchar(255) COLLATE utf8_unicode_ci NOT NULL,
  `user_id` int(11) DEFAULT NULL,
  PRIMARY KEY (`id`),
  KEY `index_histories_on_target_type_and_target_id` (`target_type`,`target_id`),
  KEY `index_histories_on_type_const` (`type_const`),
  KEY `index_histories_on_user_id` (`user_id`)
) ENGINE=InnoDB AUTO_INCREMENT=15 DEFAULT CHARSET=utf8 COLLATE=utf8_unicode_ci;
/*!40101 SET character_set_client = @saved_cs_client */;

--
-- Dumping data for table `histories`
--

LOCK TABLES `histories` WRITE;
/*!40000 ALTER TABLE `histories` DISABLE KEYS */;
INSERT INTO `histories` VALUES (1,'Contract 5 has been signed by Vella Morar',1,'2013-10-02 10:50:23',5,'Contract',11),(2,'Contract 6 has been signed by Albertha Walsh',1,'2013-10-02 10:50:23',6,'Contract',11),(3,'Contract 7 has been signed by Emma Pfeffer',1,'2013-10-02 10:50:23',7,'Contract',11),(4,'Contract 8 has been signed by Cydney Daugherty',1,'2013-09-27 00:00:00',8,'Contract',11),(5,'Contract 11 has been signed by Et odio impedit tenetur quis qui illo alias sint.',1,'2013-10-02 10:50:23',11,'Contract',11),(6,'Contract 12 has been signed by Et odio impedit tenetur quis qui illo alias sint.',1,'2013-09-27 00:00:00',12,'Contract',11),(7,'Contract 24 has been signed by Normin N.',1,'2013-10-02 10:50:23',24,'Contract',11),(8,'Contract 25 has been signed by Normin N.',1,'2013-10-02 10:50:23',25,'Contract',11),(9,'Contract 26 has been signed by Normin N.',1,'2013-10-02 10:50:23',26,'Contract',11),(10,'Contract 27 has been signed by Normin N.',1,'2013-10-02 10:50:23',27,'Contract',11),(11,'Contract 28 has been signed by Normin N.',1,'2013-10-02 10:50:23',28,'Contract',11),(12,'Contract 29 has been signed by Normin N.',1,'2013-10-02 10:50:23',29,'Contract',11),(13,'Contract 33 has been signed by Petra K.',1,'2013-10-02 10:50:23',33,'Contract',11),(14,'Contract 46 has been signed by Lisa L.',1,'2013-09-27 00:00:00',46,'Contract',11);
/*!40000 ALTER TABLE `histories` ENABLE KEYS */;
UNLOCK TABLES;

--
-- Table structure for table `holidays`
--

DROP TABLE IF EXISTS `holidays`;
/*!40101 SET @saved_cs_client     = @@character_set_client */;
/*!40101 SET character_set_client = utf8 */;
CREATE TABLE `holidays` (
  `id` int(11) NOT NULL AUTO_INCREMENT,
  `inventory_pool_id` int(11) DEFAULT NULL,
  `start_date` date DEFAULT NULL,
  `end_date` date DEFAULT NULL,
  `name` varchar(255) COLLATE utf8_unicode_ci DEFAULT NULL,
  PRIMARY KEY (`id`),
  KEY `index_holidays_on_inventory_pool_id` (`inventory_pool_id`),
  KEY `index_holidays_on_start_date_and_end_date` (`start_date`,`end_date`)
) ENGINE=InnoDB AUTO_INCREMENT=5 DEFAULT CHARSET=utf8 COLLATE=utf8_unicode_ci;
/*!40101 SET character_set_client = @saved_cs_client */;

--
-- Dumping data for table `holidays`
--

LOCK TABLES `holidays` WRITE;
/*!40000 ALTER TABLE `holidays` DISABLE KEYS */;
INSERT INTO `holidays` VALUES (1,1,'2013-12-24','2013-12-24','Christmas'),(2,2,'2013-12-24','2013-12-24','Christmas'),(3,3,'2013-12-24','2013-12-24','Christmas'),(4,1,'2013-12-24','2013-12-24','Christmas');
/*!40000 ALTER TABLE `holidays` ENABLE KEYS */;
UNLOCK TABLES;

--
-- Table structure for table `images`
--

DROP TABLE IF EXISTS `images`;
/*!40101 SET @saved_cs_client     = @@character_set_client */;
/*!40101 SET character_set_client = utf8 */;
CREATE TABLE `images` (
  `id` int(11) NOT NULL AUTO_INCREMENT,
  `model_id` int(11) DEFAULT NULL,
  `is_main` tinyint(1) DEFAULT '0',
  `content_type` varchar(255) COLLATE utf8_unicode_ci DEFAULT NULL,
  `filename` varchar(255) COLLATE utf8_unicode_ci DEFAULT NULL,
  `size` int(11) DEFAULT NULL,
  `height` int(11) DEFAULT NULL,
  `width` int(11) DEFAULT NULL,
  `parent_id` int(11) DEFAULT NULL,
  `thumbnail` varchar(255) COLLATE utf8_unicode_ci DEFAULT NULL,
  PRIMARY KEY (`id`),
  KEY `index_images_on_model_id` (`model_id`)
) ENGINE=InnoDB AUTO_INCREMENT=4 DEFAULT CHARSET=utf8 COLLATE=utf8_unicode_ci;
/*!40101 SET character_set_client = @saved_cs_client */;

--
-- Dumping data for table `images`
--

LOCK TABLES `images` WRITE;
/*!40000 ALTER TABLE `images` DISABLE KEYS */;
INSERT INTO `images` VALUES (1,133,0,'image/jpeg','Merle Kunze',NULL,NULL,NULL,NULL,NULL),(2,133,0,'image/jpeg','Laverna Barton',NULL,NULL,NULL,NULL,NULL),(3,134,0,'image/jpeg','Hailee White',NULL,NULL,NULL,NULL,NULL);
/*!40000 ALTER TABLE `images` ENABLE KEYS */;
UNLOCK TABLES;

--
-- Table structure for table `inventory_pools`
--

DROP TABLE IF EXISTS `inventory_pools`;
/*!40101 SET @saved_cs_client     = @@character_set_client */;
/*!40101 SET character_set_client = utf8 */;
CREATE TABLE `inventory_pools` (
  `id` int(11) NOT NULL AUTO_INCREMENT,
  `name` varchar(255) COLLATE utf8_unicode_ci DEFAULT NULL,
  `description` text COLLATE utf8_unicode_ci,
  `contact_details` varchar(255) COLLATE utf8_unicode_ci DEFAULT NULL,
  `contract_description` varchar(255) COLLATE utf8_unicode_ci DEFAULT NULL,
  `contract_url` varchar(255) COLLATE utf8_unicode_ci DEFAULT NULL,
  `logo_url` varchar(255) COLLATE utf8_unicode_ci DEFAULT NULL,
  `default_contract_note` text COLLATE utf8_unicode_ci,
  `shortname` varchar(255) COLLATE utf8_unicode_ci DEFAULT NULL,
  `email` varchar(255) COLLATE utf8_unicode_ci DEFAULT NULL,
  `color` text COLLATE utf8_unicode_ci,
  `print_contracts` tinyint(1) DEFAULT '1',
  `opening_hours` text COLLATE utf8_unicode_ci,
  `address_id` int(11) DEFAULT NULL,
  `automatic_suspension` tinyint(1) NOT NULL DEFAULT '0',
  `automatic_suspension_reason` text COLLATE utf8_unicode_ci,
  `automatic_access` tinyint(1) DEFAULT NULL,
  PRIMARY KEY (`id`),
  UNIQUE KEY `index_inventory_pools_on_name` (`name`)
) ENGINE=InnoDB AUTO_INCREMENT=13 DEFAULT CHARSET=utf8 COLLATE=utf8_unicode_ci;
/*!40101 SET character_set_client = @saved_cs_client */;

--
-- Dumping data for table `inventory_pools`
--

LOCK TABLES `inventory_pools` WRITE;
/*!40000 ALTER TABLE `inventory_pools` DISABLE KEYS */;
INSERT INTO `inventory_pools` VALUES (1,'A-Ausleihe','Wichtige Hinweise...\n Bitte die Gegenstnde rechtzeitig zurckbringen','A Verleih  /  ZHdK\nav@zh-dk.ch\n+41 00 00 00 00','Gert erhalten','av@zhdk.ch',NULL,'Est facilis veritatis quidem itaque ipsum.','A','av@zhdk.ch',NULL,1,NULL,NULL,1,'Voluptate voluptates voluptas earum sed error ut.',NULL),(2,'IT-Ausleihe','Bringt die Gerte bitte rechtzeitig zurck','IT Verleih  /  ZHdK\nav@zh-dk.ch\n+41 00 00 00 00','Gert erhalten','it@zhdk.ch',NULL,NULL,'IT','it@zhdk.ch',NULL,1,NULL,NULL,1,'Omnis doloribus eos esse.',NULL),(3,'AV-Technik','Bringt die Gerte bitte rechtzeitig zurck','AV Verleih  /  ZHdK\nav@zh-dk.ch\n+41 00 00 00 00','Gert erhalten','it@zhdk.ch',NULL,NULL,'AV','it@zhdk.ch',NULL,1,NULL,NULL,0,NULL,NULL),(4,'DT deletable','Bringt die Gerte bitte rechtzeitig zurck','AV Verleih  /  ZHdK\nav@zh-dk.ch\n+41 00 00 00 00','Gert erhalten','it@zhdk.ch',NULL,NULL,'DT','it@zhdk.ch',NULL,1,NULL,NULL,0,NULL,NULL),(5,'Nequenihilsequiquis','Cum saepe quos tempore ipsam.','Maxime in nemo molestiae.','Nequenihilsequiquis','zetta@wisozk.info',NULL,NULL,'M3HRH6','zetta@wisozk.info',NULL,1,NULL,NULL,0,NULL,NULL),(6,'Ininplaceatet','Qui suscipit ex nam sed inventore.','Debitis illo qui veritatis mollitia iure ut velit.','Ininplaceatet','kiarra_simonis@streichnikolaus.co.uk',NULL,NULL,'AM3ODI','kiarra_simonis@streichnikolaus.co.uk',NULL,1,NULL,NULL,0,NULL,NULL),(7,'Autassumendaodittemporibus','Iste dignissimos laborum in.','Excepturi dolor neque similique mollitia.','Autassumendaodittemporibus','santina_will@stroman.info',NULL,NULL,'XG03P0','santina_will@stroman.info',NULL,1,NULL,NULL,0,NULL,NULL),(8,'Eumoccaecaticommodiaspernatur','Ipsa velit consequuntur debitis harum molestias tempore libero sunt.','Eius et ducimus exercitationem molestiae error sit ullam.','Eumoccaecaticommodiaspernatur','eileen.stehr@murazik.co.uk',NULL,NULL,'0K0QC9','eileen.stehr@murazik.co.uk',NULL,1,NULL,NULL,0,NULL,NULL),(9,'Totammaioresvoluptatemautem','Sit quia et laboriosam ipsam sequi.','Dignissimos assumenda magnam consequatur ut explicabo saepe.','Totammaioresvoluptatemautem','howell_tromp@balistreri.com',NULL,NULL,'WTZ1YI','howell_tromp@balistreri.com',NULL,1,NULL,NULL,0,NULL,NULL),(10,'Sitmaioreserrorut','Aut quisquam ut inventore mollitia cum voluptatem.','Culpa debitis tempora saepe ad sunt similique eius dolorem.','Sitmaioreserrorut','emmie@collins.com',NULL,NULL,'8M91VQ','emmie@collins.com',NULL,1,NULL,NULL,0,NULL,NULL),(11,'Beataefugaistequia','Et est ea et.','Qui et et velit et voluptas sequi consequatur.','Beataefugaistequia','furman.gerhold@armstrong.com',NULL,NULL,'E2TWED','furman.gerhold@armstrong.com',NULL,1,NULL,NULL,0,NULL,NULL),(12,'Distinctiodolorumlaboriosamnihil','Dolor alias et saepe molestiae fugit dolorem ad suscipit.','Iusto a et voluptatum ipsa molestias nesciunt.','Distinctiodolorumlaboriosamnihil','elta@medhurstemmerich.co.uk',NULL,NULL,'S98QF9','elta@medhurstemmerich.co.uk',NULL,1,NULL,NULL,0,NULL,NULL);
/*!40000 ALTER TABLE `inventory_pools` ENABLE KEYS */;
UNLOCK TABLES;

--
-- Table structure for table `inventory_pools_model_groups`
--

DROP TABLE IF EXISTS `inventory_pools_model_groups`;
/*!40101 SET @saved_cs_client     = @@character_set_client */;
/*!40101 SET character_set_client = utf8 */;
CREATE TABLE `inventory_pools_model_groups` (
  `inventory_pool_id` int(11) DEFAULT NULL,
  `model_group_id` int(11) DEFAULT NULL,
  KEY `index_inventory_pools_model_groups_on_inventory_pool_id` (`inventory_pool_id`),
  KEY `index_inventory_pools_model_groups_on_model_group_id` (`model_group_id`)
) ENGINE=InnoDB DEFAULT CHARSET=utf8 COLLATE=utf8_unicode_ci;
/*!40101 SET character_set_client = @saved_cs_client */;

--
-- Dumping data for table `inventory_pools_model_groups`
--

LOCK TABLES `inventory_pools_model_groups` WRITE;
/*!40000 ALTER TABLE `inventory_pools_model_groups` DISABLE KEYS */;
INSERT INTO `inventory_pools_model_groups` VALUES (1,12),(1,13),(1,14);
/*!40000 ALTER TABLE `inventory_pools_model_groups` ENABLE KEYS */;
UNLOCK TABLES;

--
-- Table structure for table `items`
--

DROP TABLE IF EXISTS `items`;
/*!40101 SET @saved_cs_client     = @@character_set_client */;
/*!40101 SET character_set_client = utf8 */;
CREATE TABLE `items` (
  `id` int(11) NOT NULL AUTO_INCREMENT,
  `inventory_code` varchar(255) COLLATE utf8_unicode_ci DEFAULT NULL,
  `serial_number` varchar(255) COLLATE utf8_unicode_ci DEFAULT NULL,
  `model_id` int(11) DEFAULT NULL,
  `location_id` int(11) DEFAULT NULL,
  `supplier_id` int(11) DEFAULT NULL,
  `owner_id` int(11) DEFAULT NULL,
  `parent_id` int(11) DEFAULT NULL,
  `invoice_number` varchar(255) COLLATE utf8_unicode_ci DEFAULT NULL,
  `invoice_date` date DEFAULT NULL,
  `last_check` date DEFAULT NULL,
  `retired` date DEFAULT NULL,
  `retired_reason` varchar(255) COLLATE utf8_unicode_ci DEFAULT NULL,
  `price` decimal(8,2) DEFAULT NULL,
  `is_broken` tinyint(1) DEFAULT '0',
  `is_incomplete` tinyint(1) DEFAULT '0',
  `is_borrowable` tinyint(1) DEFAULT '0',
  `needs_permission` tinyint(1) DEFAULT '0',
  `inventory_pool_id` int(11) DEFAULT NULL,
  `is_inventory_relevant` tinyint(1) DEFAULT '0',
  `responsible` varchar(255) COLLATE utf8_unicode_ci DEFAULT NULL,
  `insurance_number` varchar(255) COLLATE utf8_unicode_ci DEFAULT NULL,
  `note` text COLLATE utf8_unicode_ci,
  `name` text COLLATE utf8_unicode_ci,
  `user_name` varchar(255) COLLATE utf8_unicode_ci DEFAULT NULL,
  `properties` varchar(2048) COLLATE utf8_unicode_ci DEFAULT NULL,
  `created_at` datetime DEFAULT NULL,
  `updated_at` datetime DEFAULT NULL,
  PRIMARY KEY (`id`),
  UNIQUE KEY `index_items_on_inventory_code` (`inventory_code`),
  KEY `index_items_on_inventory_pool_id` (`inventory_pool_id`),
  KEY `index_items_on_retired` (`retired`),
  KEY `index_items_on_is_borrowable` (`is_borrowable`),
  KEY `index_items_on_is_broken` (`is_broken`),
  KEY `index_items_on_is_incomplete` (`is_incomplete`),
  KEY `index_items_on_location_id` (`location_id`),
  KEY `index_items_on_owner_id` (`owner_id`),
  KEY `index_items_on_parent_id_and_retired` (`parent_id`,`retired`),
  KEY `index_items_on_model_id_and_retired_and_inventory_pool_id` (`model_id`,`retired`,`inventory_pool_id`)
) ENGINE=InnoDB AUTO_INCREMENT=281 DEFAULT CHARSET=utf8 COLLATE=utf8_unicode_ci;
/*!40101 SET character_set_client = @saved_cs_client */;

--
-- Dumping data for table `items`
--

LOCK TABLES `items` WRITE;
/*!40000 ALTER TABLE `items` DISABLE KEYS */;
INSERT INTO `items` VALUES (1,'euv08nixgsg34x6ae5s4177','c6:c8:2a:20:c6:f8-0d:dc:f5:29:9d:00-92:0d:d1:ef:19:28',1,1,1,4,NULL,NULL,'2009-03-20',NULL,NULL,NULL,689.00,0,0,1,0,5,1,NULL,NULL,NULL,NULL,NULL,'--- !ruby/hash:ActiveSupport::HashWithIndifferentAccess\nanschaffungskategorie: AV-Technik\n','2013-10-02 10:50:23','2013-10-02 10:50:23'),(2,'knqsji9aj7pizpdv6exb178','7e:18:2f:98:51:9a-9e:53:7b:b0:c6:6a-2a:9d:49:bf:bb:19',1,2,2,6,NULL,NULL,'2012-08-07',NULL,NULL,NULL,822.00,0,0,1,0,5,1,NULL,NULL,NULL,NULL,NULL,'--- !ruby/hash:ActiveSupport::HashWithIndifferentAccess\nanschaffungskategorie: AV-Technik\n','2013-10-02 10:50:23','2013-10-02 10:50:23'),(3,'0j33rednm0ewqsj9zwt8179','00:59:9a:7c:3a:4f-fa:ec:90:93:b2:9a-8a:b5:c1:fe:04:90',1,3,3,1,NULL,NULL,'2010-12-09',NULL,NULL,NULL,999.00,0,0,1,0,5,1,NULL,NULL,NULL,NULL,NULL,'--- !ruby/hash:ActiveSupport::HashWithIndifferentAccess\nanschaffungskategorie: AV-Technik\n','2013-10-02 10:50:23','2013-10-02 10:50:23'),(4,'rfv47d01iep8irpmazaw180','fd:8e:e7:8a:b7:4e-75:1f:a0:f1:3d:cc-c1:31:85:c1:0f:66',5,4,4,7,NULL,NULL,'2009-06-24',NULL,NULL,NULL,813.00,0,0,1,0,5,1,NULL,NULL,NULL,NULL,NULL,'--- !ruby/hash:ActiveSupport::HashWithIndifferentAccess\nanschaffungskategorie: AV-Technik\n','2013-10-02 10:50:23','2013-10-02 10:50:23'),(5,'xqyfsspw8dru7yc6qsuq181','73:4b:35:db:df:97-4b:b1:a9:09:e5:a0-f6:bd:75:f8:37:dd',5,5,5,8,NULL,NULL,'2008-09-16',NULL,NULL,NULL,376.00,0,0,1,0,5,1,NULL,NULL,NULL,NULL,NULL,'--- !ruby/hash:ActiveSupport::HashWithIndifferentAccess\nanschaffungskategorie: AV-Technik\n','2013-10-02 10:50:23','2013-10-02 10:50:23'),(6,'f06g0bosyi3lg8xk65fr182','fa:f6:a1:92:63:81-37:bc:ab:e5:91:3c-26:74:3d:7f:d9:d6',5,6,6,4,NULL,NULL,'2010-04-16',NULL,NULL,NULL,846.00,0,0,1,0,5,1,NULL,NULL,NULL,NULL,NULL,'--- !ruby/hash:ActiveSupport::HashWithIndifferentAccess\nanschaffungskategorie: AV-Technik\n','2013-10-02 10:50:23','2013-10-02 10:50:23'),(7,'bxmqeky5pgz9a4p600bz183','1f:0f:a5:e4:36:f0-a6:57:b7:cf:9c:f8-0b:b3:ac:36:da:7d',9,7,7,9,NULL,NULL,'2008-11-10',NULL,NULL,NULL,1039.00,0,0,1,0,5,1,NULL,NULL,NULL,NULL,NULL,'--- !ruby/hash:ActiveSupport::HashWithIndifferentAccess\nanschaffungskategorie: AV-Technik\n','2013-10-02 10:50:23','2013-10-02 10:50:23'),(8,'pl981kasfslelon0vc45184','c5:0f:32:05:e2:10-69:7e:98:cf:b5:80-64:0f:b4:e5:56:e7',9,8,8,9,NULL,NULL,'2012-04-06',NULL,NULL,NULL,1043.00,0,0,1,0,5,1,NULL,NULL,NULL,NULL,NULL,'--- !ruby/hash:ActiveSupport::HashWithIndifferentAccess\nanschaffungskategorie: AV-Technik\n','2013-10-02 10:50:23','2013-10-02 10:50:23'),(9,'cb80kr19vkiuoqywt0mr185','66:bb:a7:77:5d:8c-69:aa:63:be:06:c3-61:77:4a:03:01:d2',9,9,9,4,NULL,NULL,'2009-04-06',NULL,NULL,NULL,662.00,0,0,1,0,5,1,NULL,NULL,NULL,NULL,NULL,'--- !ruby/hash:ActiveSupport::HashWithIndifferentAccess\nanschaffungskategorie: AV-Technik\n','2013-10-02 10:50:23','2013-10-02 10:50:23'),(10,'9q2n38dl20o1utnb781e186','96:08:6c:91:6f:93-21:77:2e:9c:bb:ac-29:2a:1c:ec:ed:7e',13,10,10,5,NULL,NULL,'2011-09-22',NULL,NULL,NULL,1281.00,0,0,1,0,5,1,NULL,NULL,NULL,NULL,NULL,'--- !ruby/hash:ActiveSupport::HashWithIndifferentAccess\nanschaffungskategorie: AV-Technik\n','2013-10-02 10:50:23','2013-10-02 10:50:23'),(11,'a18a3ktph40rio72fncj187','d4:11:27:93:92:ac-c6:75:39:79:cd:95-55:c4:e0:5e:a8:27',13,11,11,6,NULL,NULL,'2010-11-26',NULL,NULL,NULL,1134.00,0,0,1,0,5,1,NULL,NULL,NULL,NULL,NULL,'--- !ruby/hash:ActiveSupport::HashWithIndifferentAccess\nanschaffungskategorie: AV-Technik\n','2013-10-02 10:50:23','2013-10-02 10:50:23'),(12,'lbc0sq3qj8luvsdsn7tz188','80:db:d5:62:71:45-5e:b7:ac:dd:e3:ff-d0:cb:65:b5:8d:d8',13,12,12,6,NULL,NULL,'2009-02-01',NULL,NULL,NULL,1140.00,0,0,1,0,5,1,NULL,NULL,NULL,NULL,NULL,'--- !ruby/hash:ActiveSupport::HashWithIndifferentAccess\nanschaffungskategorie: AV-Technik\n','2013-10-02 10:50:23','2013-10-02 10:50:23'),(13,'9eprd88tzabxmdpecd0o189','80:1a:ff:bb:da:f5-cf:a1:d0:3a:c0:06-6f:ea:81:4f:86:94',17,13,13,11,NULL,NULL,'2010-05-03',NULL,NULL,NULL,129.00,0,0,1,0,10,1,NULL,NULL,NULL,NULL,NULL,'--- !ruby/hash:ActiveSupport::HashWithIndifferentAccess\nanschaffungskategorie: AV-Technik\n','2013-10-02 10:50:23','2013-10-02 10:50:23'),(14,'jebog7whkc0w67gsqv6r190','2f:67:bf:ec:02:90-ba:fd:01:f4:42:82-f7:5b:01:0b:ef:68',17,14,14,9,NULL,NULL,'2012-11-06',NULL,NULL,NULL,320.00,0,0,1,0,10,1,NULL,NULL,NULL,NULL,NULL,'--- !ruby/hash:ActiveSupport::HashWithIndifferentAccess\nanschaffungskategorie: AV-Technik\n','2013-10-02 10:50:23','2013-10-02 10:50:23'),(15,'xarzvqecpj4y9f12bkda191','6e:89:a2:0b:8d:dd-7c:7f:7e:f7:f9:c2-d3:52:ed:e8:c8:23',17,15,15,9,NULL,NULL,'2008-12-16',NULL,NULL,NULL,353.00,0,0,1,0,10,1,NULL,NULL,NULL,NULL,NULL,'--- !ruby/hash:ActiveSupport::HashWithIndifferentAccess\nanschaffungskategorie: AV-Technik\n','2013-10-02 10:50:23','2013-10-02 10:50:23'),(16,'17sihwz1hvejdfs70e0t192','4d:04:9b:0d:29:79-d2:a8:b9:f2:d8:55-03:26:08:d2:8c:0b',21,16,16,7,NULL,NULL,'2008-12-17',NULL,NULL,NULL,1337.00,0,0,1,0,10,1,NULL,NULL,NULL,NULL,NULL,'--- !ruby/hash:ActiveSupport::HashWithIndifferentAccess\nanschaffungskategorie: AV-Technik\n','2013-10-02 10:50:23','2013-10-02 10:50:23'),(17,'89bvehv24ryeodp0r30g193','c9:ff:d4:2a:9e:42-ef:ca:2e:35:0b:48-f4:83:ca:5c:a5:6f',21,17,17,10,NULL,NULL,'2008-11-24',NULL,NULL,NULL,602.00,0,0,1,0,10,1,NULL,NULL,NULL,NULL,NULL,'--- !ruby/hash:ActiveSupport::HashWithIndifferentAccess\nanschaffungskategorie: AV-Technik\n','2013-10-02 10:50:23','2013-10-02 10:50:23'),(18,'bb5g3v8hkb0vpwd32s42194','98:44:b3:34:2a:e4-77:b9:cd:77:39:e6-25:95:a5:52:6d:35',21,18,18,5,NULL,NULL,'2012-12-12',NULL,NULL,NULL,1022.00,0,0,1,0,10,1,NULL,NULL,NULL,NULL,NULL,'--- !ruby/hash:ActiveSupport::HashWithIndifferentAccess\nanschaffungskategorie: AV-Technik\n','2013-10-02 10:50:23','2013-10-02 10:50:23'),(19,'ed5j3j91qphq2t8gn4s9195','72:a1:7c:00:dd:cc-14:22:aa:25:ed:b8-06:5d:2e:18:aa:c3',25,19,19,11,NULL,NULL,'2012-03-20',NULL,NULL,NULL,1479.00,0,0,1,0,10,1,NULL,NULL,NULL,NULL,NULL,'--- !ruby/hash:ActiveSupport::HashWithIndifferentAccess\nanschaffungskategorie: AV-Technik\n','2013-10-02 10:50:23','2013-10-02 10:50:23'),(20,'wl27xrwbvew1rsos3lha196','cf:f5:64:53:11:06-31:e7:e2:0f:65:70-c7:91:6b:a8:69:a8',25,20,20,8,NULL,NULL,'2008-06-12',NULL,NULL,NULL,97.00,0,0,1,0,10,1,NULL,NULL,NULL,NULL,NULL,'--- !ruby/hash:ActiveSupport::HashWithIndifferentAccess\nanschaffungskategorie: AV-Technik\n','2013-10-02 10:50:23','2013-10-02 10:50:23'),(21,'3tjfh0zjiznkbh051k2i197','b1:eb:47:18:9f:c3-9f:01:d0:32:d9:a6-8e:39:dd:82:15:c7',25,21,21,3,NULL,NULL,'2012-07-03',NULL,NULL,NULL,210.00,0,0,1,0,10,1,NULL,NULL,NULL,NULL,NULL,'--- !ruby/hash:ActiveSupport::HashWithIndifferentAccess\nanschaffungskategorie: AV-Technik\n','2013-10-02 10:50:23','2013-10-02 10:50:23'),(22,'x60ej4bba8qmpanbz8kd198','5e:ec:3a:37:b0:74-78:7c:97:d7:65:f2-86:f1:dc:3d:86:4a',29,22,22,9,NULL,NULL,'2012-05-09',NULL,NULL,NULL,591.00,0,0,1,0,1,1,NULL,NULL,NULL,NULL,NULL,'--- !ruby/hash:ActiveSupport::HashWithIndifferentAccess\nanschaffungskategorie: AV-Technik\n','2013-10-02 10:50:23','2013-10-02 10:50:23'),(23,'g9jxkr8zmm10u91knb88199','a5:77:8e:3c:be:51-34:8a:50:17:a6:b9-1d:be:ee:f2:ce:da',29,23,23,2,NULL,NULL,'2009-10-04',NULL,NULL,NULL,1020.00,0,0,1,0,1,1,NULL,NULL,NULL,NULL,NULL,'--- !ruby/hash:ActiveSupport::HashWithIndifferentAccess\nanschaffungskategorie: AV-Technik\n','2013-10-02 10:50:23','2013-10-02 10:50:23'),(24,'iri9pldz6h1xtkh2j6gu200','51:2a:66:e4:ec:69-40:31:da:10:76:f4-7b:bf:ba:ac:28:4a',29,24,24,9,NULL,NULL,'2010-12-25',NULL,NULL,NULL,542.00,0,0,1,0,1,1,NULL,NULL,NULL,NULL,NULL,'--- !ruby/hash:ActiveSupport::HashWithIndifferentAccess\nanschaffungskategorie: AV-Technik\n','2013-10-02 10:50:23','2013-10-02 10:50:23'),(25,'wut7mqez3ixflehftum1201','0a:22:8a:66:b0:08-57:c1:d3:e6:ab:85-27:26:16:1e:29:06',33,25,25,7,NULL,NULL,'2010-11-09',NULL,NULL,NULL,796.00,0,0,1,0,1,1,NULL,NULL,NULL,NULL,NULL,'--- !ruby/hash:ActiveSupport::HashWithIndifferentAccess\nanschaffungskategorie: AV-Technik\n','2013-10-02 10:50:23','2013-10-02 10:50:23'),(26,'jwvtbhijlc594xye6jtm202','6d:9a:29:f5:3e:80-20:ff:e2:70:50:86-d1:5e:be:82:f4:0b',33,26,26,7,NULL,NULL,'2012-02-22',NULL,NULL,NULL,1143.00,0,0,1,0,1,1,NULL,NULL,NULL,NULL,NULL,'--- !ruby/hash:ActiveSupport::HashWithIndifferentAccess\nanschaffungskategorie: AV-Technik\n','2013-10-02 10:50:23','2013-10-02 10:50:23'),(27,'7fc11p87gqm2cjxyoewi203','25:10:b2:e0:16:e4-d4:33:3c:c6:ce:34-70:87:ae:74:38:7b',33,27,27,1,NULL,NULL,'2008-05-10',NULL,NULL,NULL,1255.00,0,0,1,0,1,1,NULL,NULL,NULL,NULL,NULL,'--- !ruby/hash:ActiveSupport::HashWithIndifferentAccess\nanschaffungskategorie: AV-Technik\n','2013-10-02 10:50:23','2013-10-02 10:50:23'),(28,'8q3rumn1pcnu2y6n62ci204','d2:39:fd:e8:3d:de-1f:59:fb:e9:ca:d4-30:4a:57:98:e5:4e',37,28,28,3,NULL,NULL,'2012-08-15',NULL,NULL,NULL,897.00,0,0,1,0,1,1,NULL,NULL,NULL,NULL,NULL,'--- !ruby/hash:ActiveSupport::HashWithIndifferentAccess\nanschaffungskategorie: AV-Technik\n','2013-10-02 10:50:23','2013-10-02 10:50:23'),(29,'qoi4705fzvkl4lslc981205','03:9f:ca:f5:c7:08-cf:7f:bf:2d:46:91-da:24:f6:85:5f:83',37,29,29,5,NULL,NULL,'2009-05-18',NULL,NULL,NULL,721.00,0,0,1,0,1,1,NULL,NULL,NULL,NULL,NULL,'--- !ruby/hash:ActiveSupport::HashWithIndifferentAccess\nanschaffungskategorie: AV-Technik\n','2013-10-02 10:50:23','2013-10-02 10:50:23'),(30,'ctk85mugd21obvr2pdwn206','50:20:d3:e2:73:03-4a:84:0d:36:c4:43-05:ce:0c:82:52:d3',37,30,30,2,NULL,NULL,'2011-03-14',NULL,NULL,NULL,108.00,0,0,1,0,1,1,NULL,NULL,NULL,NULL,NULL,'--- !ruby/hash:ActiveSupport::HashWithIndifferentAccess\nanschaffungskategorie: AV-Technik\n','2013-10-02 10:50:23','2013-10-02 10:50:23'),(31,'book1','book1',41,31,31,2,NULL,NULL,'2010-07-29',NULL,NULL,NULL,644.00,0,0,1,0,2,1,NULL,NULL,NULL,NULL,NULL,'--- !ruby/hash:ActiveSupport::HashWithIndifferentAccess\nanschaffungskategorie: AV-Technik\n','2013-10-02 10:50:23','2013-10-02 10:50:23'),(32,'book2','book2',41,31,32,2,NULL,NULL,'2010-12-10',NULL,NULL,NULL,1216.00,0,0,1,0,2,1,NULL,NULL,NULL,NULL,NULL,'--- !ruby/hash:ActiveSupport::HashWithIndifferentAccess\nanschaffungskategorie: AV-Technik\n','2013-10-02 10:50:23','2013-10-02 10:50:23'),(33,'beam123','xyz456',42,32,33,1,NULL,NULL,'2008-04-16',NULL,NULL,NULL,657.00,0,0,1,0,1,1,NULL,NULL,NULL,'name123',NULL,'--- !ruby/hash:ActiveSupport::HashWithIndifferentAccess\nanschaffungskategorie: AV-Technik\n','2013-10-02 10:50:23','2013-10-02 10:50:23'),(34,'beam345','xyz890',42,32,34,1,NULL,NULL,'2012-04-19',NULL,NULL,NULL,217.00,0,0,1,0,1,1,NULL,NULL,NULL,NULL,NULL,'--- !ruby/hash:ActiveSupport::HashWithIndifferentAccess\nanschaffungskategorie: AV-Technik\n','2013-10-02 10:50:23','2013-10-02 10:50:23'),(35,'beam678','xyz678',43,32,35,1,NULL,NULL,'2012-03-12',NULL,NULL,NULL,1393.00,0,0,1,0,1,1,NULL,NULL,NULL,NULL,NULL,'--- !ruby/hash:ActiveSupport::HashWithIndifferentAccess\nanschaffungskategorie: AV-Technik\n','2013-10-02 10:50:23','2013-10-02 10:50:23'),(36,'beam749','xyz749',42,32,36,1,NULL,NULL,'2010-12-22',NULL,NULL,NULL,1429.00,0,0,1,0,2,1,NULL,NULL,NULL,NULL,NULL,'--- !ruby/hash:ActiveSupport::HashWithIndifferentAccess\nanschaffungskategorie: AV-Technik\n','2013-10-02 10:50:23','2013-10-02 10:50:23'),(37,'beamTest123','xyz749',45,32,37,1,NULL,NULL,'2012-04-14',NULL,NULL,NULL,31.00,0,0,1,0,1,1,NULL,NULL,NULL,NULL,NULL,'--- !ruby/hash:ActiveSupport::HashWithIndifferentAccess\nanschaffungskategorie: AV-Technik\n','2013-10-02 10:50:23','2013-10-02 10:50:23'),(38,'ucbeam1','minbeam1',46,32,38,1,NULL,NULL,'2012-11-29',NULL,NULL,NULL,1022.00,0,0,1,0,1,1,NULL,NULL,NULL,'ucbeam1',NULL,'--- !ruby/hash:ActiveSupport::HashWithIndifferentAccess\nanschaffungskategorie: AV-Technik\n','2013-10-02 10:50:23','2013-10-02 10:50:23'),(39,'microbeam1','microbeam1',47,32,39,1,NULL,NULL,'2012-08-18',NULL,NULL,NULL,408.00,0,0,1,0,1,1,NULL,NULL,NULL,'microbeam1',NULL,'--- !ruby/hash:ActiveSupport::HashWithIndifferentAccess\nanschaffungskategorie: AV-Technik\n','2013-10-02 10:50:23','2013-10-02 10:50:23'),(40,'mbeam1','mbeam1',48,32,40,1,NULL,NULL,'2010-07-10',NULL,NULL,NULL,555.00,0,0,1,0,1,1,NULL,NULL,NULL,'mbeam1',NULL,'--- !ruby/hash:ActiveSupport::HashWithIndifferentAccess\nanschaffungskategorie: AV-Technik\n','2013-10-02 10:50:23','2013-10-02 10:50:23'),(41,'mbeam2','mbeam2',49,32,41,1,NULL,NULL,'2012-07-27',NULL,NULL,NULL,1336.00,0,0,1,0,1,1,NULL,NULL,NULL,'mbeam2',NULL,'--- !ruby/hash:ActiveSupport::HashWithIndifferentAccess\nanschaffungskategorie: AV-Technik\n','2013-10-02 10:50:23','2013-10-02 10:50:23'),(42,'mbeam3','mbeam3',50,32,42,1,NULL,NULL,'2008-05-22',NULL,NULL,NULL,190.00,0,0,1,0,1,1,NULL,NULL,NULL,'mbeam3',NULL,'--- !ruby/hash:ActiveSupport::HashWithIndifferentAccess\nanschaffungskategorie: AV-Technik\n','2013-10-02 10:50:23','2013-10-02 10:50:23'),(43,'mbeam4','mbeam4',51,32,43,1,NULL,NULL,'2011-12-22',NULL,NULL,NULL,517.00,0,0,1,0,1,1,NULL,NULL,NULL,'mbeam4',NULL,'--- !ruby/hash:ActiveSupport::HashWithIndifferentAccess\nanschaffungskategorie: AV-Technik\n','2013-10-02 10:50:23','2013-10-02 10:50:23'),(44,'mbeam5','mbeam5',52,32,44,1,NULL,NULL,'2008-09-22',NULL,NULL,NULL,709.00,0,0,1,0,1,1,NULL,NULL,NULL,'mbeam5',NULL,'--- !ruby/hash:ActiveSupport::HashWithIndifferentAccess\nanschaffungskategorie: AV-Technik\n','2013-10-02 10:50:23','2013-10-02 10:50:23'),(45,'mbeam6','mbeam6',53,32,45,1,NULL,NULL,'2011-02-20',NULL,NULL,NULL,895.00,0,0,1,0,1,1,NULL,NULL,NULL,'mbeam6',NULL,'--- !ruby/hash:ActiveSupport::HashWithIndifferentAccess\nanschaffungskategorie: AV-Technik\n','2013-10-02 10:50:23','2013-10-02 10:50:23'),(46,'mbeam7','mbeam7',54,32,46,1,NULL,NULL,'2012-06-24',NULL,NULL,NULL,1173.00,0,0,1,0,1,1,NULL,NULL,NULL,'mbeam7',NULL,'--- !ruby/hash:ActiveSupport::HashWithIndifferentAccess\nanschaffungskategorie: AV-Technik\n','2013-10-02 10:50:23','2013-10-02 10:50:23'),(47,'mbeam8','mbeam8',55,32,47,1,NULL,NULL,'2008-10-07',NULL,NULL,NULL,218.00,0,0,1,0,1,1,NULL,NULL,NULL,'mbeam8',NULL,'--- !ruby/hash:ActiveSupport::HashWithIndifferentAccess\nanschaffungskategorie: AV-Technik\n','2013-10-02 10:50:23','2013-10-02 10:50:23'),(48,'mbeam9','mbeam9',56,32,48,1,NULL,NULL,'2011-08-24',NULL,NULL,NULL,206.00,0,0,1,0,1,1,NULL,NULL,NULL,'mbeam9',NULL,'--- !ruby/hash:ActiveSupport::HashWithIndifferentAccess\nanschaffungskategorie: AV-Technik\n','2013-10-02 10:50:23','2013-10-02 10:50:23'),(49,'mbeam10','mbeam10',57,32,49,1,NULL,NULL,'2011-08-30',NULL,NULL,NULL,1135.00,0,0,1,0,1,1,NULL,NULL,NULL,'mbeam10',NULL,'--- !ruby/hash:ActiveSupport::HashWithIndifferentAccess\nanschaffungskategorie: AV-Technik\n','2013-10-02 10:50:23','2013-10-02 10:50:23'),(50,'mbeam11','mbeam11',58,32,50,1,NULL,NULL,'2010-03-13',NULL,NULL,NULL,528.00,0,0,1,0,1,1,NULL,NULL,NULL,'mbeam11',NULL,'--- !ruby/hash:ActiveSupport::HashWithIndifferentAccess\nanschaffungskategorie: AV-Technik\n','2013-10-02 10:50:23','2013-10-02 10:50:23'),(51,'mbeam12','mbeam12',59,32,51,1,NULL,NULL,'2010-02-11',NULL,NULL,NULL,728.00,0,0,1,0,1,1,NULL,NULL,NULL,'mbeam12',NULL,'--- !ruby/hash:ActiveSupport::HashWithIndifferentAccess\nanschaffungskategorie: AV-Technik\n','2013-10-02 10:50:23','2013-10-02 10:50:23'),(52,'mbeam13','mbeam13',60,32,52,1,NULL,NULL,'2008-05-23',NULL,NULL,NULL,1493.00,0,0,1,0,1,1,NULL,NULL,NULL,'mbeam13',NULL,'--- !ruby/hash:ActiveSupport::HashWithIndifferentAccess\nanschaffungskategorie: AV-Technik\n','2013-10-02 10:50:23','2013-10-02 10:50:23'),(53,'mbeam14','mbeam14',61,32,53,1,NULL,NULL,'2008-09-18',NULL,NULL,NULL,1004.00,0,0,1,0,1,1,NULL,NULL,NULL,'mbeam14',NULL,'--- !ruby/hash:ActiveSupport::HashWithIndifferentAccess\nanschaffungskategorie: AV-Technik\n','2013-10-02 10:50:23','2013-10-02 10:50:23'),(54,'mbeam15','mbeam15',62,32,54,1,NULL,NULL,'2009-05-19',NULL,NULL,NULL,973.00,0,0,1,0,1,1,NULL,NULL,NULL,'mbeam15',NULL,'--- !ruby/hash:ActiveSupport::HashWithIndifferentAccess\nanschaffungskategorie: AV-Technik\n','2013-10-02 10:50:23','2013-10-02 10:50:23'),(55,'mbeam16','mbeam16',63,32,55,1,NULL,NULL,'2010-10-07',NULL,NULL,NULL,737.00,0,0,1,0,1,1,NULL,NULL,NULL,'mbeam16',NULL,'--- !ruby/hash:ActiveSupport::HashWithIndifferentAccess\nanschaffungskategorie: AV-Technik\n','2013-10-02 10:50:23','2013-10-02 10:50:23'),(56,'mbeam17','mbeam17',64,32,56,1,NULL,NULL,'2011-05-17',NULL,NULL,NULL,1318.00,0,0,1,0,1,1,NULL,NULL,NULL,'mbeam17',NULL,'--- !ruby/hash:ActiveSupport::HashWithIndifferentAccess\nanschaffungskategorie: AV-Technik\n','2013-10-02 10:50:23','2013-10-02 10:50:23'),(57,'mbeam18','mbeam18',65,32,57,1,NULL,NULL,'2011-09-06',NULL,NULL,NULL,228.00,0,0,1,0,1,1,NULL,NULL,NULL,'mbeam18',NULL,'--- !ruby/hash:ActiveSupport::HashWithIndifferentAccess\nanschaffungskategorie: AV-Technik\n','2013-10-02 10:50:23','2013-10-02 10:50:23'),(58,'mbeam19','mbeam19',66,32,58,1,NULL,NULL,'2011-11-30',NULL,NULL,NULL,47.00,0,0,1,0,1,1,NULL,NULL,NULL,'mbeam19',NULL,'--- !ruby/hash:ActiveSupport::HashWithIndifferentAccess\nanschaffungskategorie: AV-Technik\n','2013-10-02 10:50:23','2013-10-02 10:50:23'),(59,'mbeam20','mbeam20',67,32,59,1,NULL,NULL,'2008-06-29',NULL,NULL,NULL,1271.00,0,0,1,0,1,1,NULL,NULL,NULL,'mbeam20',NULL,'--- !ruby/hash:ActiveSupport::HashWithIndifferentAccess\nanschaffungskategorie: AV-Technik\n','2013-10-02 10:50:23','2013-10-02 10:50:23'),(60,'cam123','abc234',68,32,60,1,NULL,NULL,'2012-06-29',NULL,NULL,NULL,191.00,0,0,1,0,1,1,NULL,NULL,NULL,NULL,NULL,'--- !ruby/hash:ActiveSupport::HashWithIndifferentAccess\nanschaffungskategorie: AV-Technik\n','2013-10-02 10:50:23','2013-10-02 10:50:23'),(61,'cam345','ab567',68,32,61,1,NULL,NULL,'2008-12-20',NULL,NULL,NULL,392.00,0,0,1,0,1,1,NULL,NULL,NULL,NULL,NULL,'--- !ruby/hash:ActiveSupport::HashWithIndifferentAccess\nanschaffungskategorie: AV-Technik\n','2013-10-02 10:50:23','2013-10-02 10:50:23'),(62,'cam567','ab789',68,32,62,1,NULL,NULL,'2010-02-02',NULL,NULL,NULL,1139.00,0,0,1,0,1,1,NULL,NULL,NULL,NULL,NULL,'--- !ruby/hash:ActiveSupport::HashWithIndifferentAccess\nanschaffungskategorie: AV-Technik\n','2013-10-02 10:50:23','2013-10-02 10:50:23'),(63,'cam53267','ab782129',68,32,63,1,NULL,NULL,'2008-10-15',NULL,NULL,NULL,1160.00,0,0,1,0,1,1,NULL,NULL,NULL,NULL,NULL,'--- !ruby/hash:ActiveSupport::HashWithIndifferentAccess\nanschaffungskategorie: AV-Technik\n','2013-10-02 10:50:23','2013-10-02 10:50:23'),(64,'cam532asd67','ab78as2129',68,32,64,1,NULL,NULL,'2009-06-18',NULL,NULL,NULL,327.00,0,0,1,0,1,1,NULL,NULL,NULL,NULL,NULL,'--- !ruby/hash:ActiveSupport::HashWithIndifferentAccess\nanschaffungskategorie: AV-Technik\n','2013-10-02 10:50:23','2013-10-02 10:50:23'),(65,'mcam1','mcam1',69,32,65,1,NULL,NULL,'2011-02-04',NULL,NULL,NULL,802.00,0,0,1,0,1,1,NULL,NULL,NULL,'mcam1',NULL,'--- !ruby/hash:ActiveSupport::HashWithIndifferentAccess\nanschaffungskategorie: AV-Technik\n','2013-10-02 10:50:23','2013-10-02 10:50:23'),(66,'mcam2','mcam2',70,32,66,1,NULL,NULL,'2008-08-29',NULL,NULL,NULL,811.00,0,0,1,0,1,1,NULL,NULL,NULL,'mcam2',NULL,'--- !ruby/hash:ActiveSupport::HashWithIndifferentAccess\nanschaffungskategorie: AV-Technik\n','2013-10-02 10:50:23','2013-10-02 10:50:23'),(67,'mcam3','mcam3',71,32,67,1,NULL,NULL,'2010-06-20',NULL,NULL,NULL,378.00,0,0,1,0,1,1,NULL,NULL,NULL,'mcam3',NULL,'--- !ruby/hash:ActiveSupport::HashWithIndifferentAccess\nanschaffungskategorie: AV-Technik\n','2013-10-02 10:50:23','2013-10-02 10:50:23'),(68,'mcam4','mcam4',72,32,68,1,NULL,NULL,'2011-04-22',NULL,NULL,NULL,1453.00,0,0,1,0,1,1,NULL,NULL,NULL,'mcam4',NULL,'--- !ruby/hash:ActiveSupport::HashWithIndifferentAccess\nanschaffungskategorie: AV-Technik\n','2013-10-02 10:50:23','2013-10-02 10:50:23'),(69,'mcam5','mcam5',73,32,69,1,NULL,NULL,'2008-05-20',NULL,NULL,NULL,885.00,0,0,1,0,1,1,NULL,NULL,NULL,'mcam5',NULL,'--- !ruby/hash:ActiveSupport::HashWithIndifferentAccess\nanschaffungskategorie: AV-Technik\n','2013-10-02 10:50:23','2013-10-02 10:50:23'),(70,'mcam6','mcam6',74,32,70,1,NULL,NULL,'2011-11-02',NULL,NULL,NULL,65.00,0,0,1,0,1,1,NULL,NULL,NULL,'mcam6',NULL,'--- !ruby/hash:ActiveSupport::HashWithIndifferentAccess\nanschaffungskategorie: AV-Technik\n','2013-10-02 10:50:23','2013-10-02 10:50:23'),(71,'mcam7','mcam7',75,32,71,1,NULL,NULL,'2009-10-30',NULL,NULL,NULL,909.00,0,0,1,0,1,1,NULL,NULL,NULL,'mcam7',NULL,'--- !ruby/hash:ActiveSupport::HashWithIndifferentAccess\nanschaffungskategorie: AV-Technik\n','2013-10-02 10:50:23','2013-10-02 10:50:23'),(72,'mcam8','mcam8',76,32,72,1,NULL,NULL,'2008-05-18',NULL,NULL,NULL,1072.00,0,0,1,0,1,1,NULL,NULL,NULL,'mcam8',NULL,'--- !ruby/hash:ActiveSupport::HashWithIndifferentAccess\nanschaffungskategorie: AV-Technik\n','2013-10-02 10:50:23','2013-10-02 10:50:23'),(73,'mcam9','mcam9',77,32,73,1,NULL,NULL,'2009-01-22',NULL,NULL,NULL,1494.00,0,0,1,0,1,1,NULL,NULL,NULL,'mcam9',NULL,'--- !ruby/hash:ActiveSupport::HashWithIndifferentAccess\nanschaffungskategorie: AV-Technik\n','2013-10-02 10:50:23','2013-10-02 10:50:23'),(74,'mcam10','mcam10',78,32,74,1,NULL,NULL,'2009-09-03',NULL,NULL,NULL,1202.00,0,0,1,0,1,1,NULL,NULL,NULL,'mcam10',NULL,'--- !ruby/hash:ActiveSupport::HashWithIndifferentAccess\nanschaffungskategorie: AV-Technik\n','2013-10-02 10:50:23','2013-10-02 10:50:23'),(75,'mcam11','mcam11',79,32,75,1,NULL,NULL,'2011-01-13',NULL,NULL,NULL,433.00,0,0,1,0,1,1,NULL,NULL,NULL,'mcam11',NULL,'--- !ruby/hash:ActiveSupport::HashWithIndifferentAccess\nanschaffungskategorie: AV-Technik\n','2013-10-02 10:50:23','2013-10-02 10:50:23'),(76,'mcam12','mcam12',80,32,76,1,NULL,NULL,'2009-10-19',NULL,NULL,NULL,734.00,0,0,1,0,1,1,NULL,NULL,NULL,'mcam12',NULL,'--- !ruby/hash:ActiveSupport::HashWithIndifferentAccess\nanschaffungskategorie: AV-Technik\n','2013-10-02 10:50:23','2013-10-02 10:50:23'),(77,'mcam13','mcam13',81,32,77,1,NULL,NULL,'2012-07-20',NULL,NULL,NULL,1204.00,0,0,1,0,1,1,NULL,NULL,NULL,'mcam13',NULL,'--- !ruby/hash:ActiveSupport::HashWithIndifferentAccess\nanschaffungskategorie: AV-Technik\n','2013-10-02 10:50:23','2013-10-02 10:50:23'),(78,'mcam14','mcam14',82,32,78,1,NULL,NULL,'2011-05-10',NULL,NULL,NULL,22.00,0,0,1,0,1,1,NULL,NULL,NULL,'mcam14',NULL,'--- !ruby/hash:ActiveSupport::HashWithIndifferentAccess\nanschaffungskategorie: AV-Technik\n','2013-10-02 10:50:23','2013-10-02 10:50:23'),(79,'mcam15','mcam15',83,32,79,1,NULL,NULL,'2008-02-17',NULL,NULL,NULL,1466.00,0,0,1,0,1,1,NULL,NULL,NULL,'mcam15',NULL,'--- !ruby/hash:ActiveSupport::HashWithIndifferentAccess\nanschaffungskategorie: AV-Technik\n','2013-10-02 10:50:23','2013-10-02 10:50:23'),(80,'mcam16','mcam16',84,32,80,1,NULL,NULL,'2009-03-04',NULL,NULL,NULL,711.00,0,0,1,0,1,1,NULL,NULL,NULL,'mcam16',NULL,'--- !ruby/hash:ActiveSupport::HashWithIndifferentAccess\nanschaffungskategorie: AV-Technik\n','2013-10-02 10:50:23','2013-10-02 10:50:23'),(81,'mcam17','mcam17',85,32,81,1,NULL,NULL,'2009-03-30',NULL,NULL,NULL,1116.00,0,0,1,0,1,1,NULL,NULL,NULL,'mcam17',NULL,'--- !ruby/hash:ActiveSupport::HashWithIndifferentAccess\nanschaffungskategorie: AV-Technik\n','2013-10-02 10:50:23','2013-10-02 10:50:23'),(82,'mcam18','mcam18',86,32,82,1,NULL,NULL,'2010-04-06',NULL,NULL,NULL,1112.00,0,0,1,0,1,1,NULL,NULL,NULL,'mcam18',NULL,'--- !ruby/hash:ActiveSupport::HashWithIndifferentAccess\nanschaffungskategorie: AV-Technik\n','2013-10-02 10:50:23','2013-10-02 10:50:23'),(83,'mcam19','mcam19',87,32,83,1,NULL,NULL,'2008-09-18',NULL,NULL,NULL,594.00,0,0,1,0,1,1,NULL,NULL,NULL,'mcam19',NULL,'--- !ruby/hash:ActiveSupport::HashWithIndifferentAccess\nanschaffungskategorie: AV-Technik\n','2013-10-02 10:50:23','2013-10-02 10:50:23'),(84,'mcam20','mcam20',88,32,84,1,NULL,NULL,'2012-03-25',NULL,NULL,NULL,495.00,0,0,1,0,1,1,NULL,NULL,NULL,'mcam20',NULL,'--- !ruby/hash:ActiveSupport::HashWithIndifferentAccess\nanschaffungskategorie: AV-Technik\n','2013-10-02 10:50:23','2013-10-02 10:50:23'),(85,'mcam21','mcam21',89,32,85,1,NULL,NULL,'2012-05-12',NULL,NULL,NULL,273.00,0,0,1,0,1,1,NULL,NULL,NULL,'mcam21',NULL,'--- !ruby/hash:ActiveSupport::HashWithIndifferentAccess\nanschaffungskategorie: AV-Technik\n','2013-10-02 10:50:23','2013-10-02 10:50:23'),(86,'mcam22','mcam22',90,32,86,1,NULL,NULL,'2011-11-24',NULL,NULL,NULL,1067.00,0,0,1,0,1,1,NULL,NULL,NULL,'mcam22',NULL,'--- !ruby/hash:ActiveSupport::HashWithIndifferentAccess\nanschaffungskategorie: AV-Technik\n','2013-10-02 10:50:23','2013-10-02 10:50:23'),(87,'mcam23','mcam23',91,32,87,1,NULL,NULL,'2008-09-22',NULL,NULL,NULL,1124.00,0,0,1,0,1,1,NULL,NULL,NULL,'mcam23',NULL,'--- !ruby/hash:ActiveSupport::HashWithIndifferentAccess\nanschaffungskategorie: AV-Technik\n','2013-10-02 10:50:23','2013-10-02 10:50:23'),(88,'mcam24','mcam24',92,32,88,1,NULL,NULL,'2009-12-12',NULL,NULL,NULL,162.00,0,0,1,0,1,1,NULL,NULL,NULL,'mcam24',NULL,'--- !ruby/hash:ActiveSupport::HashWithIndifferentAccess\nanschaffungskategorie: AV-Technik\n','2013-10-02 10:50:23','2013-10-02 10:50:23'),(89,'mcam25','mcam25',93,32,89,1,NULL,NULL,'2008-06-04',NULL,NULL,NULL,737.00,0,0,1,0,1,1,NULL,NULL,NULL,'mcam25',NULL,'--- !ruby/hash:ActiveSupport::HashWithIndifferentAccess\nanschaffungskategorie: AV-Technik\n','2013-10-02 10:50:23','2013-10-02 10:50:23'),(90,'mcam26','mcam26',94,32,90,1,NULL,NULL,'2010-02-28',NULL,NULL,NULL,1135.00,0,0,1,0,1,1,NULL,NULL,NULL,'mcam26',NULL,'--- !ruby/hash:ActiveSupport::HashWithIndifferentAccess\nanschaffungskategorie: AV-Technik\n','2013-10-02 10:50:23','2013-10-02 10:50:23'),(91,'mcam27','mcam27',95,32,91,1,NULL,NULL,'2012-06-01',NULL,NULL,NULL,868.00,0,0,1,0,1,1,NULL,NULL,NULL,'mcam27',NULL,'--- !ruby/hash:ActiveSupport::HashWithIndifferentAccess\nanschaffungskategorie: AV-Technik\n','2013-10-02 10:50:23','2013-10-02 10:50:23'),(92,'mcam28','mcam28',96,32,92,1,NULL,NULL,'2010-01-04',NULL,NULL,NULL,470.00,0,0,1,0,1,1,NULL,NULL,NULL,'mcam28',NULL,'--- !ruby/hash:ActiveSupport::HashWithIndifferentAccess\nanschaffungskategorie: AV-Technik\n','2013-10-02 10:50:23','2013-10-02 10:50:23'),(93,'mcam29','mcam29',97,32,93,1,NULL,NULL,'2009-01-20',NULL,NULL,NULL,1246.00,0,0,1,0,1,1,NULL,NULL,NULL,'mcam29',NULL,'--- !ruby/hash:ActiveSupport::HashWithIndifferentAccess\nanschaffungskategorie: AV-Technik\n','2013-10-02 10:50:23','2013-10-02 10:50:23'),(94,'mcam30','mcam30',98,32,94,1,NULL,NULL,'2008-10-26',NULL,NULL,NULL,603.00,0,0,1,0,1,1,NULL,NULL,NULL,'mcam30',NULL,'--- !ruby/hash:ActiveSupport::HashWithIndifferentAccess\nanschaffungskategorie: AV-Technik\n','2013-10-02 10:50:23','2013-10-02 10:50:23'),(95,'hifi123','hifi123',99,32,95,1,NULL,NULL,'2011-03-14',NULL,NULL,NULL,962.00,0,0,1,0,1,1,NULL,NULL,NULL,NULL,NULL,'--- !ruby/hash:ActiveSupport::HashWithIndifferentAccess\nanschaffungskategorie: AV-Technik\n','2013-10-02 10:50:23','2013-10-02 10:50:23'),(96,'tri789','fgh567',100,32,96,1,NULL,NULL,'2009-08-24',NULL,NULL,NULL,393.00,0,0,1,0,1,1,NULL,NULL,NULL,NULL,NULL,'--- !ruby/hash:ActiveSupport::HashWithIndifferentAccess\nanschaffungskategorie: AV-Technik\n','2013-10-02 10:50:23','2013-10-02 10:50:23'),(97,'tri123','fgh987',100,32,97,1,NULL,NULL,'2012-06-17',NULL,NULL,NULL,1322.00,0,0,1,0,1,1,NULL,NULL,NULL,NULL,NULL,'--- !ruby/hash:ActiveSupport::HashWithIndifferentAccess\nanschaffungskategorie: AV-Technik\n','2013-10-02 10:50:23','2013-10-02 10:50:23'),(98,'tri923','asd213',100,32,98,1,NULL,NULL,'2011-02-09',NULL,NULL,NULL,1317.00,0,0,1,0,1,1,NULL,NULL,NULL,NULL,NULL,'--- !ruby/hash:ActiveSupport::HashWithIndifferentAccess\nanschaffungskategorie: AV-Technik\n','2013-10-02 10:50:23','2013-10-02 10:50:23'),(99,'tri212','tri212',100,32,99,1,NULL,NULL,'2010-12-08',NULL,NULL,NULL,811.00,0,0,1,0,1,1,NULL,NULL,NULL,NULL,NULL,'--- !ruby/hash:ActiveSupport::HashWithIndifferentAccess\nanschaffungskategorie: AV-Technik\n','2013-10-02 10:50:23','2013-10-02 10:50:23'),(100,'jgbl2b','yhadpo',102,32,100,1,NULL,NULL,'2009-12-16',NULL,NULL,NULL,319.00,0,0,1,0,1,1,NULL,NULL,NULL,NULL,NULL,'--- !ruby/hash:ActiveSupport::HashWithIndifferentAccess\nanschaffungskategorie: AV-Technik\n','2013-10-02 10:50:23','2013-10-02 10:50:23'),(101,'2jddjr3c94asf8gxns4k207','e2:72:aa:03:b5:8b-f7:f6:a1:1a:8e:e0-b5:ea:de:fb:c8:ba',103,33,101,1,NULL,NULL,'2009-09-20',NULL,NULL,NULL,112.00,0,0,1,0,1,1,NULL,NULL,NULL,NULL,NULL,'--- !ruby/hash:ActiveSupport::HashWithIndifferentAccess\nanschaffungskategorie: AV-Technik\n','2013-10-02 10:50:23','2013-10-02 10:50:23'),(102,'0tdvdoo7pvxz8x4nni26208','c8:3c:87:3a:93:de-f4:8b:23:77:5e:2b-71:1a:8b:af:56:14',105,33,102,1,101,NULL,'2012-10-15',NULL,NULL,NULL,1428.00,0,0,1,0,1,1,NULL,NULL,NULL,NULL,NULL,'--- !ruby/hash:ActiveSupport::HashWithIndifferentAccess\nanschaffungskategorie: AV-Technik\n','2013-10-02 10:50:23','2013-10-02 10:50:23'),(103,'lxhp8y32maczta43tstc209','0e:91:f2:28:d3:3a-d4:c4:cc:7c:12:ff-90:46:21:4b:b8:7a',106,33,103,1,101,NULL,'2010-11-11',NULL,NULL,NULL,1085.00,0,0,1,0,1,1,NULL,NULL,NULL,NULL,NULL,'--- !ruby/hash:ActiveSupport::HashWithIndifferentAccess\nanschaffungskategorie: AV-Technik\n','2013-10-02 10:50:23','2013-10-02 10:50:23'),(104,'u6x2t5rh4ictenw3dlcg210','e1:1d:32:23:57:ba-b6:fa:0e:fe:44:19-df:96:0c:26:46:f2',107,33,104,1,101,NULL,'2011-08-25',NULL,NULL,NULL,846.00,0,0,1,0,1,1,NULL,NULL,NULL,NULL,NULL,'--- !ruby/hash:ActiveSupport::HashWithIndifferentAccess\nanschaffungskategorie: AV-Technik\n','2013-10-02 10:50:23','2013-10-02 10:50:23'),(105,'kvq2jmtdiw2e79pmdj9f211','65:b3:3a:5a:a1:ae-83:0e:66:dd:c3:3b-d4:72:cf:1f:41:c5',103,37,105,1,NULL,NULL,'2012-04-03',NULL,NULL,NULL,1362.00,0,0,1,0,1,1,NULL,NULL,NULL,NULL,NULL,'--- !ruby/hash:ActiveSupport::HashWithIndifferentAccess\nanschaffungskategorie: AV-Technik\n','2013-10-02 10:50:23','2013-10-02 10:50:23'),(106,'4k1zkrpglk9pw1v9jebl212','cf:0b:6a:76:2c:08-59:18:1c:21:05:93-a7:bd:cd:20:6a:e1',109,37,106,1,105,NULL,'2009-09-23',NULL,NULL,NULL,798.00,0,0,1,0,1,1,NULL,NULL,NULL,NULL,NULL,'--- !ruby/hash:ActiveSupport::HashWithIndifferentAccess\nanschaffungskategorie: AV-Technik\n','2013-10-02 10:50:23','2013-10-02 10:50:23'),(107,'qo0vfmkkvvu0n8u3feva213','d3:8e:56:98:c9:cd-84:e9:e9:b0:26:be-8c:1a:c0:4f:7a:bc',110,37,107,1,105,NULL,'2012-08-20',NULL,NULL,NULL,875.00,0,0,1,0,1,1,NULL,NULL,NULL,NULL,NULL,'--- !ruby/hash:ActiveSupport::HashWithIndifferentAccess\nanschaffungskategorie: AV-Technik\n','2013-10-02 10:50:23','2013-10-02 10:50:23'),(108,'nemalwr0mxcgdd9jora7214','40:cb:0a:4b:4f:50-f5:68:51:c0:7d:e2-86:62:1d:3d:f7:97',111,37,108,1,105,NULL,'2010-04-25',NULL,NULL,NULL,361.00,0,0,1,0,1,1,NULL,NULL,NULL,NULL,NULL,'--- !ruby/hash:ActiveSupport::HashWithIndifferentAccess\nanschaffungskategorie: AV-Technik\n','2013-10-02 10:50:23','2013-10-02 10:50:23'),(109,'d8xwdtsl59xyu7ooze3k215','49:c6:22:39:a7:77-b3:69:28:ac:ff:26-a0:87:dc:a2:f0:d7',103,41,109,1,NULL,NULL,'2012-05-22',NULL,NULL,NULL,637.00,0,0,1,0,1,1,NULL,NULL,NULL,NULL,NULL,'--- !ruby/hash:ActiveSupport::HashWithIndifferentAccess\nanschaffungskategorie: AV-Technik\n','2013-10-02 10:50:23','2013-10-02 10:50:23'),(110,'ncobrcwri2v2z8jgpqxt216','15:26:25:2c:be:4c-14:95:21:74:eb:b4-cd:be:77:d7:ec:6b',113,41,110,1,109,NULL,'2009-11-27',NULL,NULL,NULL,1462.00,0,0,1,0,1,1,NULL,NULL,NULL,NULL,NULL,'--- !ruby/hash:ActiveSupport::HashWithIndifferentAccess\nanschaffungskategorie: AV-Technik\n','2013-10-02 10:50:23','2013-10-02 10:50:23'),(111,'lgmbbfqu45fpc5wun3wf217','ec:0a:20:e0:1b:c9-ba:17:78:ba:ef:ad-cf:8e:7b:e2:47:d0',114,41,111,1,109,NULL,'2012-03-02',NULL,NULL,NULL,890.00,0,0,1,0,1,1,NULL,NULL,NULL,NULL,NULL,'--- !ruby/hash:ActiveSupport::HashWithIndifferentAccess\nanschaffungskategorie: AV-Technik\n','2013-10-02 10:50:23','2013-10-02 10:50:23'),(112,'t3ts08qxfpopi36ktedw218','ae:e3:0e:64:63:73-9c:58:bb:85:2b:2c-e9:ee:c3:bf:b9:b8',115,41,112,1,109,NULL,'2010-01-26',NULL,NULL,NULL,1299.00,0,0,1,0,1,1,NULL,NULL,NULL,NULL,NULL,'--- !ruby/hash:ActiveSupport::HashWithIndifferentAccess\nanschaffungskategorie: AV-Technik\n','2013-10-02 10:50:23','2013-10-02 10:50:23'),(113,'p65v8jhmvgh6vfydruee219','78:22:fc:71:1f:90-c4:01:fb:4f:21:8d-ed:7a:46:0a:bc:9c',116,45,113,1,NULL,NULL,'2011-04-15',NULL,NULL,NULL,740.00,0,0,1,0,1,1,NULL,NULL,NULL,NULL,NULL,'--- !ruby/hash:ActiveSupport::HashWithIndifferentAccess\nanschaffungskategorie: AV-Technik\n','2013-10-02 10:50:23','2013-10-02 10:50:23'),(114,'gb7ucn5e0rrtdwodrcy6220','50:b6:3e:5d:e9:b4-37:02:20:26:b8:fd-d3:cd:19:5d:49:12',118,45,114,1,113,NULL,'2010-05-15',NULL,NULL,NULL,1230.00,0,0,1,0,1,1,NULL,NULL,NULL,NULL,NULL,'--- !ruby/hash:ActiveSupport::HashWithIndifferentAccess\nanschaffungskategorie: AV-Technik\n','2013-10-02 10:50:23','2013-10-02 10:50:23'),(115,'iyhti4xh0lgyy6t38a62221','eb:48:27:af:f6:bb-d2:77:b3:94:d0:ef-53:40:37:44:46:88',119,45,115,1,113,NULL,'2012-04-03',NULL,NULL,NULL,798.00,0,0,1,0,1,1,NULL,NULL,NULL,NULL,NULL,'--- !ruby/hash:ActiveSupport::HashWithIndifferentAccess\nanschaffungskategorie: AV-Technik\n','2013-10-02 10:50:23','2013-10-02 10:50:23'),(116,'m8to8mwkabutz5vq7pdn222','1d:d5:1d:87:45:37-19:a0:e9:05:ee:c3-0a:7f:eb:c8:db:1c',120,45,116,1,113,NULL,'2011-02-05',NULL,NULL,NULL,623.00,0,0,1,0,1,1,NULL,NULL,NULL,NULL,NULL,'--- !ruby/hash:ActiveSupport::HashWithIndifferentAccess\nanschaffungskategorie: AV-Technik\n','2013-10-02 10:50:23','2013-10-02 10:50:23'),(117,'u0dimkylgnfxdukwl0jx223','07:c8:73:a7:5a:08-6a:54:96:d4:d6:7b-9a:ee:0a:a4:3a:c0',116,49,117,1,NULL,NULL,'2011-05-02',NULL,NULL,NULL,136.00,0,0,1,0,1,1,NULL,NULL,NULL,NULL,NULL,'--- !ruby/hash:ActiveSupport::HashWithIndifferentAccess\nanschaffungskategorie: AV-Technik\n','2013-10-02 10:50:23','2013-10-02 10:50:23'),(118,'ueeyadhp4vibz8fejm3l224','34:fd:91:24:4f:02-73:22:0f:d6:1f:b6-ed:23:48:91:e3:f1',122,49,118,1,117,NULL,'2011-06-24',NULL,NULL,NULL,1369.00,0,0,1,0,1,1,NULL,NULL,NULL,NULL,NULL,'--- !ruby/hash:ActiveSupport::HashWithIndifferentAccess\nanschaffungskategorie: AV-Technik\n','2013-10-02 10:50:23','2013-10-02 10:50:23'),(119,'oaykvgc796div4yz3hz3225','16:c9:7e:ab:d8:55-83:48:6b:51:51:98-83:ec:b6:57:fd:ea',123,49,119,1,117,NULL,'2010-07-25',NULL,NULL,NULL,1340.00,0,0,1,0,1,1,NULL,NULL,NULL,NULL,NULL,'--- !ruby/hash:ActiveSupport::HashWithIndifferentAccess\nanschaffungskategorie: AV-Technik\n','2013-10-02 10:50:23','2013-10-02 10:50:23'),(120,'zejx0lt2ll3jxfo64tcv226','a9:16:17:76:c8:7a-8b:3a:de:07:14:7c-9e:0a:4b:36:5d:88',124,49,120,1,117,NULL,'2008-01-17',NULL,NULL,NULL,560.00,0,0,1,0,1,1,NULL,NULL,NULL,NULL,NULL,'--- !ruby/hash:ActiveSupport::HashWithIndifferentAccess\nanschaffungskategorie: AV-Technik\n','2013-10-02 10:50:23','2013-10-02 10:50:23'),(121,'vm0jc9ivyep7o8xxpp14227','dc:b1:1d:9f:98:86-b6:1b:a7:16:03:eb-6c:46:8a:b5:91:00',116,53,121,1,NULL,NULL,'2009-08-27',NULL,NULL,NULL,856.00,0,0,1,0,1,1,NULL,NULL,NULL,NULL,NULL,'--- !ruby/hash:ActiveSupport::HashWithIndifferentAccess\nanschaffungskategorie: AV-Technik\n','2013-10-02 10:50:23','2013-10-02 10:50:23'),(122,'upz6zj0yxhjrm64x11us228','24:21:14:78:27:46-a4:e9:93:58:bc:b0-42:21:38:50:02:78',126,53,122,1,121,NULL,'2012-01-14',NULL,NULL,NULL,576.00,0,0,1,0,1,1,NULL,NULL,NULL,NULL,NULL,'--- !ruby/hash:ActiveSupport::HashWithIndifferentAccess\nanschaffungskategorie: AV-Technik\n','2013-10-02 10:50:23','2013-10-02 10:50:23'),(123,'ekkfqvcphgkg9wuqc054229','7c:33:5d:8d:59:25-f8:d0:e0:50:44:6b-5b:a8:23:da:23:32',127,53,123,1,121,NULL,'2012-02-16',NULL,NULL,NULL,1370.00,0,0,1,0,1,1,NULL,NULL,NULL,NULL,NULL,'--- !ruby/hash:ActiveSupport::HashWithIndifferentAccess\nanschaffungskategorie: AV-Technik\n','2013-10-02 10:50:23','2013-10-02 10:50:23'),(124,'b2j63uzg6ksva6othiaj230','cc:5e:32:72:c5:27-b7:a7:7b:7f:a2:22-de:62:35:f5:c3:06',128,53,124,1,121,NULL,'2011-05-31',NULL,NULL,NULL,975.00,0,0,1,0,1,1,NULL,NULL,NULL,NULL,NULL,'--- !ruby/hash:ActiveSupport::HashWithIndifferentAccess\nanschaffungskategorie: AV-Technik\n','2013-10-02 10:50:23','2013-10-02 10:50:23'),(125,'cand5','cand5',68,32,125,1,NULL,NULL,'2012-06-19',NULL,NULL,NULL,682.00,0,0,0,0,1,1,NULL,NULL,NULL,NULL,NULL,'--- !ruby/hash:ActiveSupport::HashWithIndifferentAccess\nanschaffungskategorie: AV-Technik\n','2013-10-02 10:50:23','2013-10-02 10:50:23'),(126,'beam21231','beamas12312',42,32,126,1,NULL,NULL,'2009-07-03',NULL,NULL,NULL,1294.00,0,0,0,0,1,1,NULL,NULL,NULL,NULL,NULL,'--- !ruby/hash:ActiveSupport::HashWithIndifferentAccess\nanschaffungskategorie: AV-Technik\n','2013-10-02 10:50:23','2013-10-02 10:50:23'),(127,'hifi345','hifi345',99,32,127,1,NULL,NULL,'2009-03-16',NULL,NULL,NULL,210.00,0,0,0,0,1,1,NULL,NULL,NULL,NULL,NULL,'--- !ruby/hash:ActiveSupport::HashWithIndifferentAccess\nanschaffungskategorie: AV-Technik\n','2013-10-02 10:50:23','2013-10-02 10:50:23'),(128,'iMac1','iMac5',130,32,128,1,NULL,NULL,'2010-10-24',NULL,'2013-10-02','This Item is gone',1410.00,0,0,1,0,1,1,NULL,NULL,NULL,NULL,NULL,'--- !ruby/hash:ActiveSupport::HashWithIndifferentAccess\nanschaffungskategorie: AV-Technik\n','2013-10-02 10:50:23','2013-10-02 10:50:23'),(129,'iMac2','iMac6',130,32,129,3,NULL,NULL,'2011-03-25',NULL,'2013-10-02','This Item is gone',341.00,0,0,1,0,1,1,NULL,NULL,NULL,NULL,NULL,'--- !ruby/hash:ActiveSupport::HashWithIndifferentAccess\nanschaffungskategorie: AV-Technik\n','2013-10-02 10:50:23','2013-10-02 10:50:23'),(130,'morlnk','akl52b',101,32,130,1,NULL,NULL,'2010-03-01',NULL,'2013-10-02','This Item is gone',335.00,0,0,1,0,1,1,NULL,NULL,NULL,NULL,NULL,'--- !ruby/hash:ActiveSupport::HashWithIndifferentAccess\nanschaffungskategorie: AV-Technik\n','2013-10-02 10:50:23','2013-10-02 10:50:23'),(131,'qgarwd','ekvrxr',101,32,131,1,NULL,NULL,'2008-03-30',NULL,NULL,NULL,501.00,0,0,1,0,1,1,NULL,NULL,NULL,NULL,NULL,'--- !ruby/hash:ActiveSupport::HashWithIndifferentAccess\nanschaffungskategorie: AV-Technik\n','2013-10-02 10:50:23','2013-10-02 10:50:23'),(132,'wlaptop1','wlaptop1',131,32,132,1,NULL,NULL,'2011-10-11',NULL,NULL,NULL,25.00,1,0,1,0,1,1,NULL,NULL,NULL,NULL,NULL,'--- !ruby/hash:ActiveSupport::HashWithIndifferentAccess\nanschaffungskategorie: AV-Technik\n','2013-10-02 10:50:23','2013-10-02 10:50:23'),(133,'v120d02','v120d02',132,32,133,1,NULL,NULL,'2011-09-05',NULL,NULL,NULL,1308.00,0,1,1,0,1,1,NULL,NULL,NULL,NULL,NULL,'--- !ruby/hash:ActiveSupport::HashWithIndifferentAccess\nanschaffungskategorie: AV-Technik\n','2013-10-02 10:50:23','2013-10-02 10:50:23'),(134,'v120d022g','v120d022g',133,32,134,1,NULL,NULL,'2012-12-31',NULL,NULL,NULL,1380.00,0,0,1,0,1,1,NULL,NULL,NULL,NULL,NULL,'--- !ruby/hash:ActiveSupport::HashWithIndifferentAccess\nanschaffungskategorie: AV-Technik\n','2013-10-02 10:50:23','2013-10-02 10:50:23'),(135,'v120d022g2','v120d022g2',133,32,135,1,NULL,NULL,'2008-09-01',NULL,NULL,NULL,928.00,0,0,1,0,1,1,NULL,NULL,NULL,NULL,NULL,'--- !ruby/hash:ActiveSupport::HashWithIndifferentAccess\nanschaffungskategorie: AV-Technik\n','2013-10-02 10:50:23','2013-10-02 10:50:23'),(136,'beam897','xyz890',42,32,136,1,NULL,NULL,'2009-04-21',NULL,NULL,NULL,1151.00,0,0,1,0,2,1,NULL,NULL,NULL,NULL,NULL,'--- !ruby/hash:ActiveSupport::HashWithIndifferentAccess\nanschaffungskategorie: AV-Technik\n','2013-10-02 10:50:23','2013-10-02 10:50:23'),(137,'minibeam12','xyz890',44,32,137,1,NULL,NULL,'2010-07-07',NULL,NULL,NULL,1127.00,0,0,1,0,2,1,NULL,NULL,NULL,NULL,NULL,'--- !ruby/hash:ActiveSupport::HashWithIndifferentAccess\nanschaffungskategorie: AV-Technik\n','2013-10-02 10:50:23','2013-10-02 10:50:23'),(138,'minibeam34','xyz890',44,32,138,1,NULL,NULL,'2010-05-23',NULL,NULL,NULL,1220.00,0,0,1,0,3,1,NULL,NULL,NULL,NULL,NULL,'--- !ruby/hash:ActiveSupport::HashWithIndifferentAccess\nanschaffungskategorie: AV-Technik\n','2013-10-02 10:50:23','2013-10-02 10:50:23'),(139,'dklg6lh95fv7ake44y8e231','94:9c:fb:ca:9f:56-35:9a:25:3a:4d:12-28:60:0a:e4:ea:f5',135,NULL,NULL,1,NULL,NULL,NULL,NULL,NULL,NULL,NULL,0,0,1,0,1,0,NULL,NULL,NULL,NULL,NULL,'--- !ruby/hash:ActiveSupport::HashWithIndifferentAccess\nlicense_type: single_workplace\nactivation_type: serial_number\noperating_system:\n- windows\n- linux\ninstallation:\n- citrix\n- web\n','2013-10-02 10:50:23','2013-10-02 10:50:23'),(140,'2rhkx4f2hj9l038iyizz232','5b:87:a5:9b:53:d7-4d:9b:d5:be:fe:ef-94:23:9e:ee:81:25',136,NULL,NULL,1,NULL,NULL,NULL,NULL,NULL,NULL,NULL,0,0,0,0,1,0,NULL,NULL,NULL,NULL,NULL,'--- !ruby/hash:ActiveSupport::HashWithIndifferentAccess\nlicense_type: single_workplace\nactivation_type: serial_number\noperating_system:\n- windows\n- linux\ninstallation:\n- citrix\n- web\n','2013-10-02 10:50:23','2013-10-02 10:50:23'),(141,'4mzvnslwgomhof7qg3g7233','3a:93:24:90:08:10-74:0f:aa:88:1b:d1-ef:1a:aa:7b:e1:9e',137,NULL,NULL,1,NULL,NULL,NULL,NULL,NULL,NULL,NULL,0,0,0,0,1,0,NULL,NULL,NULL,NULL,NULL,'--- !ruby/hash:ActiveSupport::HashWithIndifferentAccess\nlicense_type: single_workplace\nactivation_type: serial_number\noperating_system:\n- windows\n- linux\ninstallation:\n- citrix\n- web\n','2013-10-02 10:50:23','2013-10-02 10:50:23'),(142,'xb0gwq6mq4ea2qbdcspb234','78:00:42:e5:27:5f-6f:4f:eb:17:a5:18-a0:05:d7:ab:f6:4e',138,NULL,NULL,1,NULL,NULL,NULL,NULL,NULL,NULL,NULL,0,0,1,0,1,0,NULL,NULL,NULL,NULL,NULL,'--- !ruby/hash:ActiveSupport::HashWithIndifferentAccess\nlicense_type: single_workplace\nactivation_type: serial_number\noperating_system:\n- windows\n- linux\ninstallation:\n- citrix\n- web\n','2013-10-02 10:50:23','2013-10-02 10:50:23'),(143,'40lhglfvl50xpjp3si3n235','ad:7a:ff:a7:79:16-60:b5:c2:c7:c5:e0-1d:d2:4f:fa:76:75',139,NULL,NULL,1,NULL,NULL,NULL,NULL,NULL,NULL,NULL,0,0,0,0,1,0,NULL,NULL,NULL,NULL,NULL,'--- !ruby/hash:ActiveSupport::HashWithIndifferentAccess\nlicense_type: single_workplace\nactivation_type: serial_number\noperating_system:\n- windows\n- linux\ninstallation:\n- citrix\n- web\n','2013-10-02 10:50:23','2013-10-02 10:50:23'),(144,'9xwefv12aulc5qij86f2236','f1:58:e9:9f:9d:6e-cd:36:02:b6:43:88-91:e0:20:20:c2:10',140,NULL,NULL,1,NULL,NULL,NULL,NULL,NULL,NULL,NULL,0,0,1,0,1,0,NULL,NULL,NULL,NULL,NULL,'--- !ruby/hash:ActiveSupport::HashWithIndifferentAccess\nlicense_type: single_workplace\nactivation_type: serial_number\noperating_system:\n- windows\n- linux\ninstallation:\n- citrix\n- web\n','2013-10-02 10:50:23','2013-10-02 10:50:23'),(145,'2jcervgllmqjsaze7l9c237','f0:61:e2:46:6f:d9-ad:b2:4d:71:8a:8a-34:fd:b7:b0:ac:8d',141,NULL,NULL,1,NULL,NULL,NULL,NULL,NULL,NULL,NULL,0,0,0,0,2,0,NULL,NULL,NULL,NULL,NULL,'--- !ruby/hash:ActiveSupport::HashWithIndifferentAccess\nlicense_type: single_workplace\nactivation_type: serial_number\noperating_system:\n- windows\n- linux\ninstallation:\n- citrix\n- web\n','2013-10-02 10:50:23','2013-10-02 10:50:23'),(146,'dobudf5057vovsdk12bf238','cc:ec:49:07:db:06-7c:b5:a0:d5:60:9a-3a:42:bc:15:25:ad',142,NULL,NULL,1,NULL,NULL,NULL,NULL,'2013-10-02','Commodi ut ratione porro saepe.',NULL,0,0,0,0,1,0,NULL,NULL,NULL,NULL,NULL,'--- !ruby/hash:ActiveSupport::HashWithIndifferentAccess\nlicense_type: single_workplace\nactivation_type: serial_number\noperating_system:\n- windows\n- linux\ninstallation:\n- citrix\n- web\n','2013-10-02 10:50:23','2013-10-02 10:50:23'),(147,'qqk1colsldoo8exeii2s239','f8:fd:31:fb:e4:a6-cd:f7:41:c4:2f:8a-15:39:18:2a:20:bc',143,NULL,NULL,2,NULL,NULL,NULL,NULL,'2013-10-02','Sit et nobis non et nam repellendus possimus et.',NULL,0,0,1,0,1,0,NULL,NULL,NULL,NULL,NULL,'--- !ruby/hash:ActiveSupport::HashWithIndifferentAccess\nlicense_type: single_workplace\nactivation_type: serial_number\noperating_system:\n- windows\n- linux\ninstallation:\n- citrix\n- web\n','2013-10-02 10:50:23','2013-10-02 10:50:23'),(148,'gfz6lswezvfcgqzfxgzg240','29:b5:dc:17:cc:c8-ba:4a:80:db:f3:83-38:39:42:1c:64:70',144,NULL,NULL,2,NULL,NULL,NULL,NULL,NULL,NULL,NULL,0,0,1,0,2,0,NULL,NULL,NULL,NULL,NULL,'--- !ruby/hash:ActiveSupport::HashWithIndifferentAccess\nlicense_type: single_workplace\nactivation_type: serial_number\noperating_system:\n- windows\n- linux\ninstallation:\n- citrix\n- web\n','2013-10-02 10:50:23','2013-10-02 10:50:23'),(149,'b2b4mwgfid9fx8vdzoda241','b3:2e:39:c6:62:2d-af:6d:14:54:68:c8-ef:1f:0d:1d:cf:eb',145,NULL,NULL,1,NULL,NULL,'2013-10-02',NULL,NULL,NULL,NULL,0,0,0,0,1,0,NULL,NULL,NULL,NULL,NULL,'--- !ruby/hash:ActiveSupport::HashWithIndifferentAccess\nlicense_expiration: \'2013-10-02\'\nmaintenance_contract: \'true\'\nmaintenance_expiration: \'2013-10-02\'\n','2013-10-02 10:50:23','2013-10-02 10:50:23'),(150,'zyyo1hi7c5l7ivb36xk1242','87:5c:6d:3c:b4:2a-c3:66:cd:36:a2:48-ff:9d:28:f7:05:cf',146,NULL,NULL,1,NULL,NULL,NULL,NULL,NULL,NULL,NULL,0,0,0,0,1,0,NULL,NULL,NULL,NULL,NULL,'--- !ruby/hash:ActiveSupport::HashWithIndifferentAccess\nlicense_type: single_workplace\nactivation_type: serial_number\noperating_system:\n- windows\n- linux\ninstallation:\n- citrix\n- web\n','2013-10-02 10:50:23','2013-10-02 10:50:23'),(151,'7tdz5ni876rlz8nkq76n243','fb:9c:3a:78:11:79-c2:a9:ef:06:90:68-82:c5:b5:9d:f5:cb',148,NULL,NULL,1,NULL,NULL,NULL,NULL,NULL,NULL,NULL,0,0,0,0,1,0,NULL,NULL,NULL,NULL,NULL,'--- !ruby/hash:ActiveSupport::HashWithIndifferentAccess\noperating_system:\n- windows\n- linux\nlicense_type: site_license\nquantity: 226\n','2013-10-02 10:50:23','2013-10-02 10:50:23'),(152,'4u3k7ldjp0aow6y9nj1x244','fa:f4:aa:d1:56:67-16:e1:88:19:ae:e4-d0:90:99:cc:f2:72',150,57,139,1,NULL,NULL,'2011-12-21',NULL,NULL,NULL,317.00,0,0,1,0,1,1,NULL,NULL,NULL,NULL,NULL,'--- !ruby/hash:ActiveSupport::HashWithIndifferentAccess\nanschaffungskategorie: AV-Technik\n','2013-10-02 10:50:23','2013-10-02 10:50:23'),(153,'p9r4v3imbhpyrnn4y9sj245','69:4c:86:99:55:4c-89:d6:6d:db:9e:77-85:80:26:22:67:4d',151,NULL,NULL,1,NULL,NULL,NULL,NULL,NULL,NULL,NULL,0,0,1,0,1,0,NULL,NULL,NULL,NULL,NULL,'--- !ruby/hash:ActiveSupport::HashWithIndifferentAccess\nlicense_type: single_workplace\nactivation_type: serial_number\noperating_system:\n- windows\n- linux\ninstallation:\n- citrix\n- web\n','2013-10-02 10:50:23','2013-10-02 10:50:23'),(154,'w3e5xx3xnw90c2ss5gqo246','b6:05:b4:26:77:d9-64:b0:3d:d1:1a:39-e9:d4:4b:70:d0:35',152,58,140,7,NULL,NULL,'2010-10-12',NULL,NULL,NULL,1193.00,0,0,1,0,2,1,NULL,NULL,NULL,NULL,NULL,'--- !ruby/hash:ActiveSupport::HashWithIndifferentAccess\nanschaffungskategorie: AV-Technik\n','2013-09-27 00:00:00','2013-09-27 00:00:00'),(155,'8dlu6sjpyw2b0p8naf8c247','70:a3:71:a3:83:c7-7f:d7:a9:37:18:b4-3c:1a:e2:d2:49:72',152,59,141,1,NULL,NULL,'2008-02-08',NULL,NULL,NULL,409.00,0,0,1,0,2,1,NULL,NULL,NULL,NULL,NULL,'--- !ruby/hash:ActiveSupport::HashWithIndifferentAccess\nanschaffungskategorie: AV-Technik\n','2013-09-27 00:00:00','2013-09-27 00:00:00'),(156,'xnx8sres5o36qtnnqiop248','e7:dd:71:ee:a7:04-22:b7:8b:76:d7:24-4d:eb:0b:8f:8b:21',152,60,142,6,NULL,NULL,'2012-12-15',NULL,NULL,NULL,1463.00,0,0,1,0,2,1,NULL,NULL,NULL,NULL,NULL,'--- !ruby/hash:ActiveSupport::HashWithIndifferentAccess\nanschaffungskategorie: AV-Technik\n','2013-09-27 00:00:00','2013-09-27 00:00:00'),(157,'h06mk1qd7of8aenxneai249','90:ec:39:a9:c5:b4-08:55:99:f7:7b:c8-4b:86:e1:65:ad:f7',156,61,143,5,NULL,NULL,'2008-08-28',NULL,NULL,NULL,586.00,0,0,1,0,12,1,NULL,NULL,NULL,NULL,NULL,'--- !ruby/hash:ActiveSupport::HashWithIndifferentAccess\nanschaffungskategorie: AV-Technik\n','2013-10-02 10:50:23','2013-10-02 10:50:23'),(158,'cv1rhtsqibsevmbfnqf8250','45:92:ba:7e:54:14-27:ee:c7:fe:75:6e-bf:6a:ec:a4:98:0f',157,62,144,3,NULL,NULL,'2011-05-16',NULL,NULL,NULL,983.00,0,0,1,0,1,1,NULL,NULL,NULL,NULL,NULL,'--- !ruby/hash:ActiveSupport::HashWithIndifferentAccess\nanschaffungskategorie: AV-Technik\n','2013-10-02 10:50:23','2013-10-02 10:50:23'),(159,'uyve55awzfd3djvjviir251','dd:b8:b2:60:38:bb-82:f7:52:97:bc:51-d6:a7:ca:52:e9:8e',158,63,145,6,NULL,NULL,'2011-01-02',NULL,NULL,NULL,1052.00,0,0,1,0,1,1,NULL,NULL,NULL,NULL,NULL,'--- !ruby/hash:ActiveSupport::HashWithIndifferentAccess\nanschaffungskategorie: AV-Technik\n','2013-10-02 10:50:23','2013-10-02 10:50:23'),(160,'nko4vfk7v35rwrb24mn3252','80:9e:01:d0:01:ba-06:da:5f:44:c1:5e-ce:f3:44:68:19:54',159,64,146,6,NULL,NULL,'2011-07-12',NULL,NULL,NULL,794.00,0,0,1,0,1,1,NULL,NULL,NULL,NULL,NULL,'--- !ruby/hash:ActiveSupport::HashWithIndifferentAccess\nanschaffungskategorie: AV-Technik\n','2013-10-02 10:50:23','2013-10-02 10:50:23'),(161,'21mu69owqfm96qk313rh253','dd:1a:00:93:fe:89-7f:30:d6:d0:e4:7f-a1:86:56:e2:0a:ac',160,65,147,3,NULL,NULL,'2012-01-08',NULL,NULL,NULL,85.00,0,0,1,0,1,1,NULL,NULL,NULL,NULL,NULL,'--- !ruby/hash:ActiveSupport::HashWithIndifferentAccess\nanschaffungskategorie: AV-Technik\n','2013-10-02 10:50:23','2013-10-02 10:50:23'),(162,'6y6lcpsl774weld1wnm3254','a0:bf:eb:60:fe:bb-68:cb:2f:b0:03:c5-64:7f:e6:e5:a2:3d',161,66,148,11,NULL,NULL,'2008-07-18',NULL,NULL,NULL,413.00,0,0,1,0,1,1,NULL,NULL,NULL,NULL,NULL,'--- !ruby/hash:ActiveSupport::HashWithIndifferentAccess\nanschaffungskategorie: AV-Technik\n','2013-10-02 10:50:23','2013-10-02 10:50:23'),(163,'r1qlu2wzc3dmnn9fb00u255','3f:fb:bb:26:49:b3-d5:56:08:3a:99:95-fe:c9:f6:db:66:93',162,67,149,10,NULL,NULL,'2012-05-02',NULL,NULL,NULL,756.00,0,0,1,0,1,1,NULL,NULL,NULL,NULL,NULL,'--- !ruby/hash:ActiveSupport::HashWithIndifferentAccess\nanschaffungskategorie: AV-Technik\n','2013-10-02 10:50:23','2013-10-02 10:50:23'),(164,'3v7n1mwef9t9jcwes7la256','c0:3a:51:ac:80:60-35:59:74:d4:9d:e3-0b:ac:f6:f8:f1:55',163,68,150,5,NULL,NULL,'2012-10-19',NULL,NULL,NULL,189.00,0,0,1,0,1,1,NULL,NULL,NULL,NULL,NULL,'--- !ruby/hash:ActiveSupport::HashWithIndifferentAccess\nanschaffungskategorie: AV-Technik\n','2013-10-02 10:50:23','2013-10-02 10:50:23'),(165,'4bnpgnrvzcx0dvdrmiwb257','c8:95:66:0b:74:ac-1b:e0:cc:2a:53:3c-67:92:96:6d:3e:4b',164,69,151,7,NULL,NULL,'2010-09-03',NULL,NULL,NULL,1437.00,0,0,1,0,1,1,NULL,NULL,NULL,NULL,NULL,'--- !ruby/hash:ActiveSupport::HashWithIndifferentAccess\nanschaffungskategorie: AV-Technik\n','2013-10-02 10:50:23','2013-10-02 10:50:23'),(166,'p3rz4v9lh9922pek7y8x258','e0:71:aa:7f:91:b8-0b:60:46:fb:c4:5d-00:2c:ec:a1:8d:a1',165,70,152,4,NULL,NULL,'2012-12-30',NULL,NULL,NULL,1206.00,0,0,1,0,1,1,NULL,NULL,NULL,NULL,NULL,'--- !ruby/hash:ActiveSupport::HashWithIndifferentAccess\nanschaffungskategorie: AV-Technik\n','2013-10-02 10:50:23','2013-10-02 10:50:23'),(167,'hmkqvzx151bf1z5bqho9259','96:7d:d4:12:5b:b8-cd:4f:0a:03:fc:13-ab:c3:73:40:30:27',166,71,153,12,NULL,NULL,'2008-05-19',NULL,NULL,NULL,288.00,0,0,1,0,1,1,NULL,NULL,NULL,NULL,NULL,'--- !ruby/hash:ActiveSupport::HashWithIndifferentAccess\nanschaffungskategorie: AV-Technik\n','2013-10-02 10:50:23','2013-10-02 10:50:23'),(168,'znmelo186zkqqkresp0w260','ce:a0:93:69:04:08-7e:07:c4:79:16:27-a9:fc:c9:22:b1:52',167,72,154,12,NULL,NULL,'2008-07-16',NULL,NULL,NULL,680.00,0,0,1,0,1,1,NULL,NULL,NULL,NULL,NULL,'--- !ruby/hash:ActiveSupport::HashWithIndifferentAccess\nanschaffungskategorie: AV-Technik\n','2013-10-02 10:50:23','2013-10-02 10:50:23'),(169,'ap7a5krs32q6a8fgl3f0261','b3:94:bd:da:04:c7-4a:e0:c8:61:6f:b8-4c:75:9e:57:5f:75',168,73,155,5,NULL,NULL,'2009-11-11',NULL,NULL,NULL,1434.00,0,0,1,0,1,1,NULL,NULL,NULL,NULL,NULL,'--- !ruby/hash:ActiveSupport::HashWithIndifferentAccess\nanschaffungskategorie: AV-Technik\n','2013-09-27 00:00:00','2013-09-27 00:00:00'),(170,'zbh9s8ns5wcnv3txcn12262','c9:81:50:c0:65:89-89:91:bb:ae:00:df-e1:5f:ba:04:c3:2d',169,74,156,5,NULL,NULL,'2008-03-06',NULL,NULL,NULL,479.00,0,0,1,0,1,1,NULL,NULL,NULL,NULL,NULL,'--- !ruby/hash:ActiveSupport::HashWithIndifferentAccess\nanschaffungskategorie: AV-Technik\n','2013-09-27 00:00:00','2013-09-27 00:00:00'),(171,'fyy7o2h172cs9ep53stz263','a1:60:45:ce:48:16-aa:73:b8:66:be:35-5d:74:95:d5:ba:92',170,75,157,11,NULL,NULL,'2010-08-16',NULL,NULL,NULL,397.00,0,0,1,0,1,1,NULL,NULL,NULL,NULL,NULL,'--- !ruby/hash:ActiveSupport::HashWithIndifferentAccess\nanschaffungskategorie: AV-Technik\n','2013-09-27 00:00:00','2013-09-27 00:00:00'),(172,'5dijhohhhhsau457ds63264','ae:ca:99:b5:0b:34-db:93:b5:61:45:e1-6f:e1:b5:9d:4b:30',171,76,158,3,NULL,NULL,'2011-05-19',NULL,NULL,NULL,756.00,0,0,1,0,1,1,NULL,NULL,NULL,NULL,NULL,'--- !ruby/hash:ActiveSupport::HashWithIndifferentAccess\nanschaffungskategorie: AV-Technik\n','2013-09-27 00:00:00','2013-09-27 00:00:00'),(173,'tbzt6micnqqpsq841i7r265','7a:a8:2a:43:74:b7-49:c7:9a:76:fe:df-b6:7e:23:b4:05:38',172,77,159,12,NULL,NULL,'2012-07-27',NULL,NULL,NULL,411.00,0,0,1,0,3,1,NULL,NULL,NULL,NULL,NULL,'--- !ruby/hash:ActiveSupport::HashWithIndifferentAccess\nanschaffungskategorie: AV-Technik\n','2013-10-02 10:50:23','2013-10-02 10:50:23'),(174,'goujy6s4lpluvd0bd3ki266','fd:a1:70:31:1a:5c-d4:80:aa:bb:52:92-35:ac:88:1a:ea:46',172,78,160,8,NULL,NULL,'2012-12-26',NULL,NULL,NULL,369.00,0,0,1,0,3,1,NULL,NULL,NULL,NULL,NULL,'--- !ruby/hash:ActiveSupport::HashWithIndifferentAccess\nanschaffungskategorie: AV-Technik\n','2013-10-02 10:50:23','2013-10-02 10:50:23'),(175,'vqxckbkql5ykwew6to97267','de:1b:92:58:05:b5-db:29:b0:cc:db:2e-6b:4e:ca:2a:61:84',172,79,161,2,NULL,NULL,'2011-09-27',NULL,NULL,NULL,740.00,0,0,1,0,3,1,NULL,NULL,NULL,NULL,NULL,'--- !ruby/hash:ActiveSupport::HashWithIndifferentAccess\nanschaffungskategorie: AV-Technik\n','2013-10-02 10:50:23','2013-10-02 10:50:23'),(176,'r5uki7bj721atqj8kl1w268','19:a6:aa:4c:e2:2c-d3:72:b4:64:4a:6f-2d:5b:06:bb:5d:fd',176,80,162,8,NULL,NULL,'2008-04-01',NULL,NULL,NULL,1435.00,0,0,1,0,3,1,NULL,NULL,NULL,NULL,NULL,'--- !ruby/hash:ActiveSupport::HashWithIndifferentAccess\nanschaffungskategorie: AV-Technik\n','2013-10-02 10:50:23','2013-10-02 10:50:23'),(177,'iqvwt31jw42giy16avne269','a6:d7:0d:47:18:c7-da:27:e0:b0:c8:0f-d7:5e:44:a0:63:12',176,81,163,4,NULL,NULL,'2008-12-02',NULL,NULL,NULL,173.00,0,0,1,0,3,1,NULL,NULL,NULL,NULL,NULL,'--- !ruby/hash:ActiveSupport::HashWithIndifferentAccess\nanschaffungskategorie: AV-Technik\n','2013-10-02 10:50:23','2013-10-02 10:50:23'),(178,'zbfy4tojv2xoz33ump66270','72:7d:21:01:7b:0e-1f:ce:2e:b0:c8:95-87:be:2b:e3:59:3d',176,82,164,4,NULL,NULL,'2011-10-27',NULL,NULL,NULL,213.00,0,0,1,0,3,1,NULL,NULL,NULL,NULL,NULL,'--- !ruby/hash:ActiveSupport::HashWithIndifferentAccess\nanschaffungskategorie: AV-Technik\n','2013-10-02 10:50:23','2013-10-02 10:50:23'),(179,'cfw2x2fedwb1pp28zt2w271','a6:0b:3a:da:e5:b1-15:52:ed:b0:6d:d9-08:6f:0c:57:65:0d',180,83,165,7,NULL,NULL,'2012-08-02',NULL,NULL,NULL,720.00,0,0,1,0,3,1,NULL,NULL,NULL,NULL,NULL,'--- !ruby/hash:ActiveSupport::HashWithIndifferentAccess\nanschaffungskategorie: AV-Technik\n','2013-10-02 10:50:23','2013-10-02 10:50:23'),(180,'pvug1f76tyhvb6w7sy44272','d2:f4:55:ed:59:72-74:fa:05:08:f2:66-2a:05:5b:cf:7a:26',180,84,166,6,NULL,NULL,'2011-06-24',NULL,NULL,NULL,223.00,0,0,1,0,3,1,NULL,NULL,NULL,NULL,NULL,'--- !ruby/hash:ActiveSupport::HashWithIndifferentAccess\nanschaffungskategorie: AV-Technik\n','2013-10-02 10:50:23','2013-10-02 10:50:23'),(181,'7f7vr4hpkyiz52h452dj273','e4:8b:54:c3:9f:87-79:b4:83:8d:df:76-bb:bd:14:21:ac:9d',180,85,167,12,NULL,NULL,'2010-04-02',NULL,NULL,NULL,267.00,0,0,1,0,3,1,NULL,NULL,NULL,NULL,NULL,'--- !ruby/hash:ActiveSupport::HashWithIndifferentAccess\nanschaffungskategorie: AV-Technik\n','2013-10-02 10:50:23','2013-10-02 10:50:23'),(182,'1o9n9ryg3djkszhx4tjg274','ff:f0:71:0b:f6:64-c4:12:fa:c5:c5:de-89:be:99:bb:ca:77',184,86,168,3,NULL,NULL,'2010-10-18',NULL,NULL,NULL,601.00,0,0,1,0,2,1,NULL,NULL,NULL,NULL,NULL,'--- !ruby/hash:ActiveSupport::HashWithIndifferentAccess\nanschaffungskategorie: AV-Technik\n','2013-10-02 10:50:23','2013-10-02 10:50:23'),(183,'bbjg8numys1qnmb42pqz275','f1:d8:4d:41:9a:03-22:0f:89:18:f2:53-17:3c:73:d9:49:b6',184,87,169,5,NULL,NULL,'2010-12-01',NULL,NULL,NULL,746.00,0,0,1,0,2,1,NULL,NULL,NULL,NULL,NULL,'--- !ruby/hash:ActiveSupport::HashWithIndifferentAccess\nanschaffungskategorie: AV-Technik\n','2013-10-02 10:50:23','2013-10-02 10:50:23'),(184,'6d04msm5orgpmm6puo2s276','67:8e:e7:7c:81:f7-8b:17:a6:24:eb:a8-63:05:b1:1a:25:d6',184,88,170,10,NULL,NULL,'2012-08-22',NULL,NULL,NULL,1221.00,0,0,1,0,2,1,NULL,NULL,NULL,NULL,NULL,'--- !ruby/hash:ActiveSupport::HashWithIndifferentAccess\nanschaffungskategorie: AV-Technik\n','2013-10-02 10:50:23','2013-10-02 10:50:23'),(185,'0qlzl30yord53537lgwv277','df:29:53:e3:f4:1f-b4:51:b0:a8:dd:9e-94:31:04:07:65:9a',188,89,171,8,NULL,NULL,'2010-10-23',NULL,NULL,NULL,1245.00,0,0,1,0,2,1,NULL,NULL,NULL,NULL,NULL,'--- !ruby/hash:ActiveSupport::HashWithIndifferentAccess\nanschaffungskategorie: AV-Technik\n','2013-10-02 10:50:23','2013-10-02 10:50:23'),(186,'6cx0lv283tj4dsqcxxsl278','c3:77:b3:3b:98:0c-09:d2:10:d2:be:4c-0b:6d:f3:77:2a:f8',188,90,172,3,NULL,NULL,'2010-02-20',NULL,NULL,NULL,838.00,0,0,1,0,2,1,NULL,NULL,NULL,NULL,NULL,'--- !ruby/hash:ActiveSupport::HashWithIndifferentAccess\nanschaffungskategorie: AV-Technik\n','2013-10-02 10:50:23','2013-10-02 10:50:23'),(187,'kojcp77nytb3yt571iuk279','35:d0:c7:86:e7:42-55:a4:aa:92:e7:68-f6:3f:d0:9b:13:37',188,91,173,7,NULL,NULL,'2008-10-26',NULL,NULL,NULL,1098.00,0,0,1,0,2,1,NULL,NULL,NULL,NULL,NULL,'--- !ruby/hash:ActiveSupport::HashWithIndifferentAccess\nanschaffungskategorie: AV-Technik\n','2013-10-02 10:50:23','2013-10-02 10:50:23'),(188,'4ojehbxk97pvngf3yn50280','89:af:7d:eb:1b:b1-96:aa:de:4d:05:20-5c:7f:5a:e2:cf:25',192,92,174,3,NULL,NULL,'2012-06-29',NULL,NULL,NULL,1312.00,0,0,1,0,2,1,NULL,NULL,NULL,NULL,NULL,'--- !ruby/hash:ActiveSupport::HashWithIndifferentAccess\nanschaffungskategorie: AV-Technik\n','2013-10-02 10:50:23','2013-10-02 10:50:23'),(189,'65pccbfz0ud0ythh608k281','f2:d6:3d:01:60:f5-7f:17:7a:38:5f:c6-8c:90:a5:da:a2:38',192,93,175,11,NULL,NULL,'2009-04-04',NULL,NULL,NULL,1072.00,0,0,1,0,2,1,NULL,NULL,NULL,NULL,NULL,'--- !ruby/hash:ActiveSupport::HashWithIndifferentAccess\nanschaffungskategorie: AV-Technik\n','2013-10-02 10:50:23','2013-10-02 10:50:23'),(190,'9turfl9m5k0gzs2dzcgs282','7e:81:17:9f:1a:4e-f6:7d:66:5f:23:62-18:69:cf:4a:84:ab',192,94,176,7,NULL,NULL,'2008-06-20',NULL,NULL,NULL,85.00,0,0,1,0,2,1,NULL,NULL,NULL,NULL,NULL,'--- !ruby/hash:ActiveSupport::HashWithIndifferentAccess\nanschaffungskategorie: AV-Technik\n','2013-10-02 10:50:23','2013-10-02 10:50:23'),(191,'paq8rvhevi8ljrza5xly283','7f:98:03:7a:25:41-26:07:ef:80:75:7c-0f:38:56:e1:89:1f',196,95,177,4,NULL,NULL,'2012-10-02',NULL,NULL,NULL,175.00,0,0,1,0,2,1,NULL,NULL,NULL,NULL,NULL,'--- !ruby/hash:ActiveSupport::HashWithIndifferentAccess\nanschaffungskategorie: AV-Technik\n','2013-10-02 10:50:23','2013-10-02 10:50:23'),(192,'0c12vgjgvlfvv797vmg2284','a8:f1:73:b5:91:03-91:ba:b7:0e:5e:62-54:d5:a9:b2:51:92',196,96,178,10,NULL,NULL,'2010-11-29',NULL,NULL,NULL,1289.00,0,0,1,0,2,1,NULL,NULL,NULL,NULL,NULL,'--- !ruby/hash:ActiveSupport::HashWithIndifferentAccess\nanschaffungskategorie: AV-Technik\n','2013-10-02 10:50:23','2013-10-02 10:50:23'),(193,'2mr87zv5jowlwao2ddc1285','93:fe:f0:f3:b0:b6-d1:72:e2:59:db:65-15:a0:f7:1b:e2:d7',196,97,179,4,NULL,NULL,'2009-11-23',NULL,NULL,NULL,366.00,0,0,1,0,2,1,NULL,NULL,NULL,NULL,NULL,'--- !ruby/hash:ActiveSupport::HashWithIndifferentAccess\nanschaffungskategorie: AV-Technik\n','2013-10-02 10:50:23','2013-10-02 10:50:23'),(194,'gka5rpc9j6slgr8ril2b286','e5:8f:1b:ba:2b:6c-2d:8c:cf:09:1b:d2-fa:58:1c:01:e3:13',200,98,180,9,NULL,NULL,'2012-10-13',NULL,NULL,NULL,432.00,0,0,1,0,2,1,NULL,NULL,NULL,NULL,NULL,'--- !ruby/hash:ActiveSupport::HashWithIndifferentAccess\nanschaffungskategorie: AV-Technik\n','2013-10-02 10:50:23','2013-10-02 10:50:23'),(195,'de8ill5qb5cptcfrhq6s287','da:a0:f4:3a:fa:ed-9c:b8:d7:2c:71:2a-d9:15:d9:a5:0a:fa',200,99,181,5,NULL,NULL,'2012-11-15',NULL,NULL,NULL,341.00,0,0,1,0,2,1,NULL,NULL,NULL,NULL,NULL,'--- !ruby/hash:ActiveSupport::HashWithIndifferentAccess\nanschaffungskategorie: AV-Technik\n','2013-10-02 10:50:23','2013-10-02 10:50:23'),(196,'htti7ozw7kx8grzby72v288','2d:ee:0f:2f:eb:1d-87:0f:8e:b7:24:84-ca:fc:ea:e9:35:77',200,100,182,4,NULL,NULL,'2011-01-13',NULL,NULL,NULL,300.00,0,0,1,0,2,1,NULL,NULL,NULL,NULL,NULL,'--- !ruby/hash:ActiveSupport::HashWithIndifferentAccess\nanschaffungskategorie: AV-Technik\n','2013-10-02 10:50:23','2013-10-02 10:50:23'),(197,'hqgmeyql9srlgrf6zvgx289','0c:45:21:ad:e8:7c-00:fd:a0:c6:9f:85-19:f4:5c:d0:a2:0d',204,101,183,11,NULL,NULL,'2011-11-14',NULL,NULL,NULL,316.00,0,0,1,0,1,1,NULL,NULL,NULL,NULL,NULL,'--- !ruby/hash:ActiveSupport::HashWithIndifferentAccess\nanschaffungskategorie: AV-Technik\n','2013-10-02 10:50:23','2013-10-02 10:50:23'),(198,'j5yhpntkxr2zxq0c9o9y290','d3:c0:a6:4e:f8:e5-57:cd:cf:8e:64:60-c1:b4:45:2c:3b:06',204,102,184,11,NULL,NULL,'2011-05-23',NULL,NULL,NULL,105.00,0,0,1,0,1,1,NULL,NULL,NULL,NULL,NULL,'--- !ruby/hash:ActiveSupport::HashWithIndifferentAccess\nanschaffungskategorie: AV-Technik\n','2013-10-02 10:50:23','2013-10-02 10:50:23'),(199,'lqx4y3av7x2j0mj98f7p291','31:b5:5c:7d:1e:2f-cd:b7:cc:35:39:df-1e:a2:84:5d:8d:c0',204,103,185,11,NULL,NULL,'2012-09-23',NULL,NULL,NULL,1346.00,0,0,1,0,1,1,NULL,NULL,NULL,NULL,NULL,'--- !ruby/hash:ActiveSupport::HashWithIndifferentAccess\nanschaffungskategorie: AV-Technik\n','2013-10-02 10:50:23','2013-10-02 10:50:23'),(200,'6elfjiag8hmh55unbqt0292','ab:d4:5b:f0:b9:a9-27:27:99:41:e4:6b-1c:f3:b1:19:83:75',208,104,186,3,NULL,NULL,'2008-07-22',NULL,NULL,NULL,55.00,0,0,1,0,1,1,NULL,NULL,NULL,NULL,NULL,'--- !ruby/hash:ActiveSupport::HashWithIndifferentAccess\nanschaffungskategorie: AV-Technik\n','2013-10-02 10:50:23','2013-10-02 10:50:23'),(201,'qis7k9vw5om3hdzcuwmx293','5c:43:21:7a:b4:93-07:1e:e3:87:38:45-18:e0:68:10:49:94',208,105,187,2,NULL,NULL,'2009-09-16',NULL,NULL,NULL,1339.00,0,0,1,0,1,1,NULL,NULL,NULL,NULL,NULL,'--- !ruby/hash:ActiveSupport::HashWithIndifferentAccess\nanschaffungskategorie: AV-Technik\n','2013-10-02 10:50:23','2013-10-02 10:50:23'),(202,'c0s92ysge93q8qlha1dk294','71:b6:ab:ce:6e:a0-36:0b:a2:52:75:6b-3b:fa:b2:a5:36:b1',208,106,188,2,NULL,NULL,'2010-04-25',NULL,NULL,NULL,381.00,0,0,1,0,1,1,NULL,NULL,NULL,NULL,NULL,'--- !ruby/hash:ActiveSupport::HashWithIndifferentAccess\nanschaffungskategorie: AV-Technik\n','2013-10-02 10:50:23','2013-10-02 10:50:23'),(203,'luzyt5hfv4u5r7bqjnqq295','66:87:c3:f3:8b:14-95:20:ef:09:6f:c9-a0:5d:ad:b2:0d:6f',212,107,189,5,NULL,NULL,'2010-03-11',NULL,NULL,NULL,280.00,0,0,1,0,1,1,NULL,NULL,NULL,NULL,NULL,'--- !ruby/hash:ActiveSupport::HashWithIndifferentAccess\nanschaffungskategorie: AV-Technik\n','2013-10-02 10:50:23','2013-10-02 10:50:23'),(204,'v2eu5q13838zyu3jk7qj296','f9:c2:d2:58:d5:6f-87:2c:4e:26:3d:c5-d0:fb:02:73:bc:39',212,108,190,5,NULL,NULL,'2011-04-16',NULL,NULL,NULL,1043.00,0,0,1,0,1,1,NULL,NULL,NULL,NULL,NULL,'--- !ruby/hash:ActiveSupport::HashWithIndifferentAccess\nanschaffungskategorie: AV-Technik\n','2013-10-02 10:50:23','2013-10-02 10:50:23'),(205,'hfbag0ibb6d8kfkxsdwi297','cb:50:a1:6e:1f:b7-ed:6a:ff:e1:d9:28-27:91:27:a8:9d:5a',212,109,191,10,NULL,NULL,'2011-07-27',NULL,NULL,NULL,966.00,0,0,1,0,1,1,NULL,NULL,NULL,NULL,NULL,'--- !ruby/hash:ActiveSupport::HashWithIndifferentAccess\nanschaffungskategorie: AV-Technik\n','2013-10-02 10:50:23','2013-10-02 10:50:23'),(206,'bd56weuk95q1um5vnflm298','f7:3f:d9:97:66:ab-d4:92:c0:74:48:d9-43:a4:5a:c6:64:df',216,110,192,1,NULL,NULL,'2011-02-13',NULL,NULL,NULL,629.00,0,0,1,0,1,1,NULL,NULL,NULL,NULL,NULL,'--- !ruby/hash:ActiveSupport::HashWithIndifferentAccess\nanschaffungskategorie: AV-Technik\n','2013-10-02 10:50:23','2013-10-02 10:50:23'),(207,'x8b0wcqgtti1iyqwovxl299','65:37:06:93:23:6a-bd:76:89:06:97:93-6e:88:df:25:18:87',216,111,193,2,NULL,NULL,'2009-02-07',NULL,NULL,NULL,36.00,0,0,1,0,1,1,NULL,NULL,NULL,NULL,NULL,'--- !ruby/hash:ActiveSupport::HashWithIndifferentAccess\nanschaffungskategorie: AV-Technik\n','2013-10-02 10:50:23','2013-10-02 10:50:23'),(208,'yi1l2nghy7pyjwiwod9e300','cc:ce:66:ef:49:2d-8a:90:76:48:43:c6-e8:c8:e3:86:41:58',216,112,194,5,NULL,NULL,'2009-02-26',NULL,NULL,NULL,273.00,0,0,1,0,1,1,NULL,NULL,NULL,NULL,NULL,'--- !ruby/hash:ActiveSupport::HashWithIndifferentAccess\nanschaffungskategorie: AV-Technik\n','2013-10-02 10:50:23','2013-10-02 10:50:23'),(209,'4981vhz2likguzmq1dkg301','71:bc:da:f6:ca:7d-77:4e:e2:31:67:d2-a7:c8:99:c3:41:03',220,113,195,3,NULL,NULL,'2012-04-05',NULL,NULL,NULL,1133.00,0,0,1,0,1,1,NULL,NULL,NULL,NULL,NULL,'--- !ruby/hash:ActiveSupport::HashWithIndifferentAccess\nanschaffungskategorie: AV-Technik\n','2013-10-02 10:50:23','2013-10-02 10:50:23'),(210,'sb6qhz27nllhm0thcgw0302','25:ab:04:94:2c:4c-e1:21:8a:6e:cd:3e-8b:72:24:44:cf:4c',220,114,196,10,NULL,NULL,'2011-09-02',NULL,NULL,NULL,226.00,0,0,1,0,1,1,NULL,NULL,NULL,NULL,NULL,'--- !ruby/hash:ActiveSupport::HashWithIndifferentAccess\nanschaffungskategorie: AV-Technik\n','2013-10-02 10:50:23','2013-10-02 10:50:23'),(211,'ddbircvbsbzg60yevnv3303','82:92:71:80:3c:72-c7:ad:bd:e6:4f:e3-e0:ef:82:87:27:1c',220,115,197,6,NULL,NULL,'2011-02-04',NULL,NULL,NULL,1401.00,0,0,1,0,1,1,NULL,NULL,NULL,NULL,NULL,'--- !ruby/hash:ActiveSupport::HashWithIndifferentAccess\nanschaffungskategorie: AV-Technik\n','2013-10-02 10:50:23','2013-10-02 10:50:23'),(212,'acgyh3fasaxab2346mkl304','bd:56:7f:49:83:fa-10:75:85:45:97:ac-11:97:c8:f1:69:38',224,116,198,9,NULL,NULL,'2012-08-17',NULL,NULL,NULL,465.00,0,0,1,0,1,1,NULL,NULL,NULL,NULL,NULL,'--- !ruby/hash:ActiveSupport::HashWithIndifferentAccess\nanschaffungskategorie: AV-Technik\n','2013-10-02 10:50:23','2013-10-02 10:50:23'),(213,'22xm7adc8eoyzx6u9gh6305','3e:40:cd:d4:9b:2c-6e:1c:10:cb:7e:8c-df:e4:23:4f:59:1a',224,117,199,10,NULL,NULL,'2011-12-15',NULL,NULL,NULL,1202.00,0,0,1,0,1,1,NULL,NULL,NULL,NULL,NULL,'--- !ruby/hash:ActiveSupport::HashWithIndifferentAccess\nanschaffungskategorie: AV-Technik\n','2013-10-02 10:50:23','2013-10-02 10:50:23'),(214,'usif8xbmmu1r2ch7c64t306','c3:9a:4d:5f:2f:ac-2d:2e:76:c2:ee:29-9d:2f:48:97:d9:ea',224,118,200,11,NULL,NULL,'2012-02-24',NULL,NULL,NULL,795.00,0,0,1,0,1,1,NULL,NULL,NULL,NULL,NULL,'--- !ruby/hash:ActiveSupport::HashWithIndifferentAccess\nanschaffungskategorie: AV-Technik\n','2013-10-02 10:50:23','2013-10-02 10:50:23'),(215,'wlcitwviu1sr4j4ypkrt307','83:5d:b8:9a:8e:f7-01:62:00:2c:db:28-2c:24:a9:07:ac:6d',228,119,201,12,NULL,NULL,'2009-12-16',NULL,NULL,NULL,992.00,0,0,1,0,1,1,NULL,NULL,NULL,NULL,NULL,'--- !ruby/hash:ActiveSupport::HashWithIndifferentAccess\nanschaffungskategorie: AV-Technik\n','2013-10-02 10:50:23','2013-10-02 10:50:23'),(216,'v2r4ewf8eqdf7y62je6x308','2b:b5:4f:47:45:5f-3c:c5:8f:15:b3:0b-2a:09:4f:08:04:47',228,120,202,6,NULL,NULL,'2010-01-11',NULL,NULL,NULL,689.00,0,0,1,0,1,1,NULL,NULL,NULL,NULL,NULL,'--- !ruby/hash:ActiveSupport::HashWithIndifferentAccess\nanschaffungskategorie: AV-Technik\n','2013-10-02 10:50:23','2013-10-02 10:50:23'),(217,'h5tswntau2wh1x0xqaxf309','e5:25:eb:79:51:41-69:fe:41:22:67:02-ef:c2:f6:a2:53:dc',228,121,203,2,NULL,NULL,'2010-08-16',NULL,NULL,NULL,87.00,0,0,1,0,1,1,NULL,NULL,NULL,NULL,NULL,'--- !ruby/hash:ActiveSupport::HashWithIndifferentAccess\nanschaffungskategorie: AV-Technik\n','2013-10-02 10:50:23','2013-10-02 10:50:23'),(218,'tku9ks3ol44xrg8ziki7310','94:33:c2:37:ca:1b-54:46:5c:a0:cf:94-01:22:8c:f1:92:48',232,122,204,11,NULL,NULL,'2008-12-01',NULL,NULL,NULL,1039.00,0,0,1,0,1,1,NULL,NULL,NULL,NULL,NULL,'--- !ruby/hash:ActiveSupport::HashWithIndifferentAccess\nanschaffungskategorie: AV-Technik\n','2013-10-02 10:50:23','2013-10-02 10:50:23'),(219,'ymcydtq17qhl2gwu9tes311','08:d9:45:e8:2c:d3-ca:d3:97:c1:67:33-47:65:d7:1a:08:d6',232,123,205,1,NULL,NULL,'2011-06-04',NULL,NULL,NULL,1369.00,0,0,1,0,1,1,NULL,NULL,NULL,NULL,NULL,'--- !ruby/hash:ActiveSupport::HashWithIndifferentAccess\nanschaffungskategorie: AV-Technik\n','2013-10-02 10:50:23','2013-10-02 10:50:23'),(220,'wh8lcpt9d9hal79qwv6x312','72:e7:52:14:01:f5-61:93:0a:ca:c5:7c-e2:98:ad:91:27:5a',232,124,206,8,NULL,NULL,'2009-03-13',NULL,NULL,NULL,1194.00,0,0,1,0,1,1,NULL,NULL,NULL,NULL,NULL,'--- !ruby/hash:ActiveSupport::HashWithIndifferentAccess\nanschaffungskategorie: AV-Technik\n','2013-10-02 10:50:23','2013-10-02 10:50:23'),(221,'lssa8vucp0rv3h7c87ch313','01:65:cc:18:b6:ce-46:af:e6:24:a1:1e-d5:b3:49:2e:30:6e',236,125,207,1,NULL,NULL,'2009-02-23',NULL,NULL,NULL,819.00,0,0,1,0,1,1,NULL,NULL,NULL,NULL,NULL,'--- !ruby/hash:ActiveSupport::HashWithIndifferentAccess\nanschaffungskategorie: AV-Technik\n','2013-10-02 10:50:23','2013-10-02 10:50:23'),(222,'04xwl7e05mpuw7bfkksb314','75:8b:d9:ac:d1:a7-dd:0b:ad:f6:43:c7-25:e4:9d:51:58:39',236,126,208,5,NULL,NULL,'2009-09-04',NULL,NULL,NULL,1286.00,0,0,1,0,1,1,NULL,NULL,NULL,NULL,NULL,'--- !ruby/hash:ActiveSupport::HashWithIndifferentAccess\nanschaffungskategorie: AV-Technik\n','2013-10-02 10:50:23','2013-10-02 10:50:23'),(223,'5t8i2pl74c970m5gs4sa315','0e:d3:91:c2:5d:3e-ce:37:8e:9a:04:f2-2a:55:65:92:fb:62',236,127,209,12,NULL,NULL,'2008-03-06',NULL,NULL,NULL,1302.00,0,0,1,0,1,1,NULL,NULL,NULL,NULL,NULL,'--- !ruby/hash:ActiveSupport::HashWithIndifferentAccess\nanschaffungskategorie: AV-Technik\n','2013-10-02 10:50:23','2013-10-02 10:50:23'),(224,'4xx5lkrhgexy6mnhzifm316','16:67:38:77:8a:d4-7b:eb:9e:26:1c:72-70:ae:d8:84:ec:84',240,128,210,1,NULL,NULL,'2011-09-20',NULL,NULL,NULL,355.00,0,0,1,0,1,1,NULL,NULL,NULL,NULL,NULL,'--- !ruby/hash:ActiveSupport::HashWithIndifferentAccess\nanschaffungskategorie: AV-Technik\n','2013-10-02 10:50:23','2013-10-02 10:50:23'),(225,'0d60ool66srfjy3yg9lw317','c6:2b:5f:7f:3e:a5-d7:eb:6b:0f:2b:91-09:a3:d0:6f:be:51',241,NULL,NULL,1,NULL,NULL,NULL,NULL,NULL,NULL,NULL,0,0,0,0,2,0,NULL,NULL,NULL,NULL,NULL,'--- !ruby/hash:ActiveSupport::HashWithIndifferentAccess\noperating_system:\n- windows\nlicense_type: concurrent\nquantity: 36\n','2013-10-02 10:50:23','2013-10-02 10:50:23'),(226,'29uhwchgph92h5x6mig8318','39:64:91:f9:ef:02-c8:90:35:03:c4:b3-a3:ea:5d:94:84:fe',242,129,211,8,NULL,NULL,'2008-06-30',NULL,NULL,NULL,339.00,0,0,1,0,1,1,NULL,NULL,NULL,NULL,NULL,'--- !ruby/hash:ActiveSupport::HashWithIndifferentAccess\nanschaffungskategorie: AV-Technik\n','2013-10-02 10:50:23','2013-10-02 10:50:23'),(227,'x8b6k3j6pax855ev544f319','d9:e2:33:b3:41:8f-9a:91:47:14:2c:57-f2:d1:40:32:05:49',242,130,212,8,NULL,NULL,'2012-08-28',NULL,NULL,NULL,1383.00,0,0,1,0,1,1,NULL,NULL,NULL,NULL,NULL,'--- !ruby/hash:ActiveSupport::HashWithIndifferentAccess\nanschaffungskategorie: AV-Technik\n','2013-10-02 10:50:23','2013-10-02 10:50:23'),(228,'6mpdu85qe7qkfkl9s0xl320','50:80:e2:05:b9:2b-cd:2c:20:9c:b4:96-81:c9:75:b2:14:a0',242,131,213,2,NULL,NULL,'2009-04-05',NULL,NULL,NULL,810.00,0,0,1,0,1,1,NULL,NULL,NULL,NULL,NULL,'--- !ruby/hash:ActiveSupport::HashWithIndifferentAccess\nanschaffungskategorie: AV-Technik\n','2013-10-02 10:50:23','2013-10-02 10:50:23'),(229,'ps8n1wq99qvk0kvax7v2321','f2:f8:e0:4c:93:8e-0c:2c:9d:57:f3:9e-41:50:c8:18:9e:67',246,132,214,11,NULL,NULL,'2010-03-31',NULL,NULL,NULL,883.00,0,0,1,0,1,1,NULL,NULL,NULL,NULL,NULL,'--- !ruby/hash:ActiveSupport::HashWithIndifferentAccess\nanschaffungskategorie: AV-Technik\n','2013-09-26 06:28:55','2013-09-26 06:28:55'),(230,'mo5387etyas4ngme4odf322','67:40:d3:1e:7f:ce-38:3a:b8:09:a7:2b-5e:86:e5:98:aa:7a',247,133,215,11,NULL,NULL,'2010-01-03',NULL,NULL,NULL,120.00,0,0,1,0,1,1,NULL,NULL,NULL,NULL,NULL,'--- !ruby/hash:ActiveSupport::HashWithIndifferentAccess\nanschaffungskategorie: AV-Technik\n','2013-09-26 06:28:55','2013-09-26 06:28:55'),(231,'tuvkosi07n0poc0ounf9323','99:6b:5a:f0:82:1b-40:1e:2d:02:6f:65-4f:a0:6e:8e:61:43',248,134,216,7,NULL,NULL,'2009-12-09',NULL,NULL,NULL,45.00,0,0,1,0,1,1,NULL,NULL,NULL,NULL,NULL,'--- !ruby/hash:ActiveSupport::HashWithIndifferentAccess\nanschaffungskategorie: AV-Technik\n','2013-09-26 06:28:56','2013-09-26 06:28:56'),(232,'cnzj7x50o2miouuks7gd324','91:80:57:b6:7c:fa-de:7a:fa:82:fc:6d-9c:f5:fc:25:9d:cf',249,135,217,3,NULL,NULL,'2008-02-04',NULL,NULL,NULL,1171.00,0,0,1,0,1,1,NULL,NULL,NULL,NULL,NULL,'--- !ruby/hash:ActiveSupport::HashWithIndifferentAccess\nanschaffungskategorie: AV-Technik\n','2013-09-26 06:28:56','2013-09-26 06:28:56'),(233,'1avte6bke2vsg4nbdgar325','16:22:e4:19:33:db-ba:b8:ff:19:17:9f-25:0b:4b:5a:4f:31',250,136,218,11,NULL,NULL,'2010-04-09',NULL,NULL,NULL,1462.00,0,0,1,0,1,1,NULL,NULL,NULL,NULL,NULL,'--- !ruby/hash:ActiveSupport::HashWithIndifferentAccess\nanschaffungskategorie: AV-Technik\n','2013-09-26 06:28:56','2013-09-26 06:28:56'),(234,'4df3t99o3bjp78ieenum326','33:23:ee:dd:c3:63-50:86:1d:b8:62:b4-56:3f:ab:10:4f:51',250,137,219,6,NULL,NULL,'2011-10-22',NULL,NULL,NULL,1153.00,0,0,1,0,1,1,NULL,NULL,NULL,NULL,NULL,'--- !ruby/hash:ActiveSupport::HashWithIndifferentAccess\nanschaffungskategorie: AV-Technik\n','2013-09-26 06:28:56','2013-09-26 06:28:56'),(235,'dem4opf3nv6w9ds032d6327','cd:25:58:34:75:2d-3c:ce:6d:a8:3f:cc-a1:d7:04:61:1d:8a',250,138,220,7,NULL,NULL,'2009-05-30',NULL,NULL,NULL,179.00,0,0,1,0,1,1,NULL,NULL,NULL,NULL,NULL,'--- !ruby/hash:ActiveSupport::HashWithIndifferentAccess\nanschaffungskategorie: AV-Technik\n','2013-09-26 06:28:56','2013-09-26 06:28:56'),(236,'a8b1ygq59rpqelxsk3nj328','a0:bd:39:0c:49:ce-89:8b:cc:3f:5f:81-11:41:2b:00:b1:b4',254,139,221,3,NULL,NULL,'2011-11-24',NULL,NULL,NULL,775.00,0,0,1,0,1,1,NULL,NULL,NULL,NULL,NULL,'--- !ruby/hash:ActiveSupport::HashWithIndifferentAccess\nanschaffungskategorie: AV-Technik\n','2013-09-26 06:28:56','2013-09-26 06:28:56'),(237,'faghvnzw336ze6a5wgrq329','73:64:89:46:f7:db-90:1b:60:f8:33:2f-91:63:ea:2a:bf:3f',255,140,222,9,NULL,NULL,'2011-07-30',NULL,NULL,NULL,1220.00,0,0,1,0,1,1,NULL,NULL,NULL,NULL,NULL,'--- !ruby/hash:ActiveSupport::HashWithIndifferentAccess\nanschaffungskategorie: AV-Technik\n','2013-09-26 06:28:56','2013-09-26 06:28:56'),(238,'5y4nc7apmknchx106ws3330','8f:15:b4:d6:cf:69-e4:cc:19:17:52:7e-1c:c8:7d:1a:17:d3',256,141,223,7,NULL,NULL,'2008-07-20',NULL,NULL,NULL,478.00,0,0,1,0,1,1,NULL,NULL,NULL,NULL,NULL,'--- !ruby/hash:ActiveSupport::HashWithIndifferentAccess\nanschaffungskategorie: AV-Technik\n','2013-09-26 06:28:56','2013-09-26 06:28:56'),(239,'hj82hasi0ioh77242htp331','89:5a:6a:c8:25:6b-17:ac:de:98:f8:a6-87:91:96:c1:c3:38',257,142,224,1,NULL,NULL,'2010-05-08',NULL,NULL,NULL,426.00,0,0,1,0,1,1,NULL,NULL,NULL,NULL,NULL,'--- !ruby/hash:ActiveSupport::HashWithIndifferentAccess\nanschaffungskategorie: AV-Technik\n','2013-09-26 06:28:56','2013-09-26 06:28:56'),(240,'eml0ii2lc5lfr1vamhc8332','3a:a6:d7:a9:6c:0e-21:90:8f:97:18:3e-87:7f:d3:69:95:44',258,143,225,9,NULL,NULL,'2011-08-21',NULL,NULL,NULL,45.00,0,0,1,0,1,1,NULL,NULL,NULL,NULL,NULL,'--- !ruby/hash:ActiveSupport::HashWithIndifferentAccess\nanschaffungskategorie: AV-Technik\n','2013-09-26 06:28:56','2013-09-26 06:28:56'),(241,'m04ev2jbledrpg5gf6en333','b6:36:c8:69:e5:8e-6f:f0:44:fc:ee:69-c1:85:8f:1a:c8:3c',259,144,226,8,NULL,NULL,'2012-12-15',NULL,NULL,NULL,647.00,0,0,1,0,1,1,NULL,NULL,NULL,NULL,NULL,'--- !ruby/hash:ActiveSupport::HashWithIndifferentAccess\nanschaffungskategorie: AV-Technik\n','2013-09-26 06:28:56','2013-09-26 06:28:56'),(242,'tf9xdb7mwfcclce1wylb334','83:7c:42:fb:fa:0b-b8:41:c7:c6:79:39-36:ed:d2:a1:b4:e6',259,145,227,12,NULL,NULL,'2010-09-10',NULL,NULL,NULL,1499.00,0,0,1,0,1,1,NULL,NULL,NULL,NULL,NULL,'--- !ruby/hash:ActiveSupport::HashWithIndifferentAccess\nanschaffungskategorie: AV-Technik\n','2013-09-26 06:28:56','2013-09-26 06:28:56'),(243,'vut5wi5t3dzv8lgx93az335','f7:59:c7:b1:01:25-01:fb:5c:49:5f:a9-50:55:ee:09:ce:03',259,146,228,1,NULL,NULL,'2008-08-10',NULL,NULL,NULL,726.00,0,0,1,0,1,1,NULL,NULL,NULL,NULL,NULL,'--- !ruby/hash:ActiveSupport::HashWithIndifferentAccess\nanschaffungskategorie: AV-Technik\n','2013-09-26 06:28:56','2013-09-26 06:28:56'),(244,'sqvgajxw5ag8zmc896uf336','6d:8d:2a:32:66:12-13:3e:4f:3e:e7:d0-5b:c0:70:9a:31:19',263,147,229,10,NULL,NULL,'2012-07-03',NULL,NULL,NULL,1392.00,0,0,1,0,1,1,NULL,NULL,NULL,NULL,NULL,'--- !ruby/hash:ActiveSupport::HashWithIndifferentAccess\nanschaffungskategorie: AV-Technik\n','2013-09-26 06:28:56','2013-09-26 06:28:56'),(245,'6bhweo1uivyyfpzhvbie337','08:84:e8:06:09:19-0c:fc:21:d1:44:42-fc:e6:29:a1:02:d7',264,148,230,10,NULL,NULL,'2010-05-29',NULL,NULL,NULL,1081.00,0,0,1,0,1,1,NULL,NULL,NULL,NULL,NULL,'--- !ruby/hash:ActiveSupport::HashWithIndifferentAccess\nanschaffungskategorie: AV-Technik\n','2013-09-26 06:28:56','2013-09-26 06:28:56'),(246,'0zvp2f228n1nd8fhl95b338','a2:65:6a:97:12:46-76:fb:ea:63:15:ad-40:d8:81:c2:3b:fd',265,149,231,5,NULL,NULL,'2009-07-17',NULL,NULL,NULL,583.00,0,0,1,0,1,1,NULL,NULL,NULL,NULL,NULL,'--- !ruby/hash:ActiveSupport::HashWithIndifferentAccess\nanschaffungskategorie: AV-Technik\n','2013-09-26 06:28:56','2013-09-26 06:28:56'),(247,'9ki2l1s97p5r4blyh4sr339','18:75:2a:98:36:db-ee:8e:68:d4:6b:2c-43:8d:af:51:99:66',266,150,232,5,NULL,NULL,'2008-08-25',NULL,NULL,NULL,214.00,0,0,1,0,1,1,NULL,NULL,NULL,NULL,NULL,'--- !ruby/hash:ActiveSupport::HashWithIndifferentAccess\nanschaffungskategorie: AV-Technik\n','2013-09-26 06:28:56','2013-09-26 06:28:56'),(248,'ii311prhn2oia486bod6340','b6:bf:d7:5e:30:a1-1b:f8:e1:2f:09:44-80:a4:e3:9e:27:19',267,151,233,12,NULL,NULL,'2012-03-31',NULL,NULL,NULL,1228.00,0,0,1,0,1,1,NULL,NULL,NULL,NULL,NULL,'--- !ruby/hash:ActiveSupport::HashWithIndifferentAccess\nanschaffungskategorie: AV-Technik\n','2013-09-26 06:28:56','2013-09-26 06:28:56'),(249,'8urtz44ei2s62t9x8iej341','cd:00:7e:26:a7:90-68:94:22:11:87:78-34:99:b9:f5:95:7b',268,152,234,1,NULL,NULL,'2010-03-03',NULL,NULL,NULL,1359.00,0,0,1,0,1,1,NULL,NULL,NULL,NULL,NULL,'--- !ruby/hash:ActiveSupport::HashWithIndifferentAccess\nanschaffungskategorie: AV-Technik\n','2013-09-26 06:28:56','2013-09-26 06:28:56'),(250,'rpqrvyrepzv94uxsvbxv342','cd:41:1f:17:9e:86-fe:2e:7c:84:82:80-7e:6d:71:a8:87:4b',268,153,235,8,NULL,NULL,'2012-11-05',NULL,NULL,NULL,449.00,0,0,1,0,1,1,NULL,NULL,NULL,NULL,NULL,'--- !ruby/hash:ActiveSupport::HashWithIndifferentAccess\nanschaffungskategorie: AV-Technik\n','2013-09-26 06:28:56','2013-09-26 06:28:56'),(251,'5umw6b2h9qo3o6fbr7q9343','54:46:18:d2:e4:9e-18:9c:73:e3:b2:87-52:7a:7d:56:a3:7e',268,154,236,1,NULL,NULL,'2011-03-09',NULL,NULL,NULL,610.00,0,0,1,0,1,1,NULL,NULL,NULL,NULL,NULL,'--- !ruby/hash:ActiveSupport::HashWithIndifferentAccess\nanschaffungskategorie: AV-Technik\n','2013-09-26 06:28:56','2013-09-26 06:28:56'),(252,'iqz19dndg5x6pxh0qbmm344','aa:f7:e6:41:96:83-60:6f:ca:0d:a1:15-95:b1:e9:28:3e:3a',272,155,237,9,NULL,NULL,'2010-05-28',NULL,NULL,NULL,322.00,0,0,1,0,1,1,NULL,NULL,NULL,NULL,NULL,'--- !ruby/hash:ActiveSupport::HashWithIndifferentAccess\nanschaffungskategorie: AV-Technik\n','2013-09-30 22:49:57','2013-09-30 22:49:57'),(253,'4ar076bnikddywvd6bbz345','c8:cf:42:ab:14:f8-0b:ec:6e:4e:63:68-83:9f:64:bb:21:c3',273,156,238,7,NULL,NULL,'2008-12-25',NULL,NULL,NULL,1388.00,0,0,1,0,1,1,NULL,NULL,NULL,NULL,NULL,'--- !ruby/hash:ActiveSupport::HashWithIndifferentAccess\nanschaffungskategorie: AV-Technik\n','2013-09-30 22:49:57','2013-09-30 22:49:57'),(254,'h7u0noijn4ydvj2h7g6c346','ce:b1:8b:dc:4c:cd-9d:04:ea:8d:fe:9c-57:7a:41:c4:55:a8',274,157,239,7,NULL,NULL,'2008-04-08',NULL,NULL,NULL,357.00,0,0,1,0,1,1,NULL,NULL,NULL,NULL,NULL,'--- !ruby/hash:ActiveSupport::HashWithIndifferentAccess\nanschaffungskategorie: AV-Technik\n','2013-09-30 22:49:57','2013-09-30 22:49:57'),(255,'5omume1jal9susrnjseq347','34:32:d4:ea:9e:aa-d5:3d:84:a5:9a:a7-25:5e:0e:ad:97:ea',275,158,240,3,NULL,NULL,'2008-07-23',NULL,NULL,NULL,706.00,0,0,1,0,1,1,NULL,NULL,NULL,NULL,NULL,'--- !ruby/hash:ActiveSupport::HashWithIndifferentAccess\nanschaffungskategorie: AV-Technik\n','2013-09-28 08:16:20','2013-09-28 08:16:20'),(256,'2c3pnga4ibkn4sp3jigw348','2d:7d:f5:fe:59:8e-62:31:02:a0:22:6f-95:ee:15:05:5b:db',276,159,241,7,NULL,NULL,'2010-01-08',NULL,NULL,NULL,904.00,0,0,1,0,1,1,NULL,NULL,NULL,NULL,NULL,'--- !ruby/hash:ActiveSupport::HashWithIndifferentAccess\nanschaffungskategorie: AV-Technik\n','2013-09-28 08:16:20','2013-09-28 08:16:20'),(257,'g2ltp4ishe8fdwztliuo349','7f:e4:41:aa:a5:21-55:50:13:87:d4:2c-b0:36:5e:1a:ea:3f',277,160,242,8,NULL,NULL,'2008-12-10',NULL,NULL,NULL,121.00,0,0,1,0,1,1,NULL,NULL,NULL,NULL,NULL,'--- !ruby/hash:ActiveSupport::HashWithIndifferentAccess\nanschaffungskategorie: AV-Technik\n','2013-09-28 08:16:20','2013-09-28 08:16:20'),(258,'wcwzgaooqbsplms47wyv350','cf:06:e9:db:0a:49-bd:44:a7:1e:92:07-0e:df:90:79:05:a9',278,161,243,9,NULL,NULL,'2010-09-04',NULL,NULL,NULL,915.00,0,0,1,0,1,1,NULL,NULL,NULL,NULL,NULL,'--- !ruby/hash:ActiveSupport::HashWithIndifferentAccess\nanschaffungskategorie: AV-Technik\n','2013-09-28 08:16:20','2013-09-28 08:16:20'),(259,'dqdn3ezat6204pt80p6p351','f2:80:fd:9f:96:3e-e3:55:84:47:84:4e-76:75:b6:40:cb:b4',279,162,244,10,NULL,NULL,'2012-06-23',NULL,NULL,NULL,1483.00,0,0,1,0,1,1,NULL,NULL,NULL,NULL,NULL,'--- !ruby/hash:ActiveSupport::HashWithIndifferentAccess\nanschaffungskategorie: AV-Technik\n','2013-09-28 08:16:20','2013-09-28 08:16:20'),(260,'jwsh5i8ar67jnssjux6m352','29:03:a0:cb:d7:23-a2:31:11:17:e9:23-3e:68:ed:65:62:cf',279,163,245,7,NULL,NULL,'2009-08-03',NULL,NULL,NULL,1227.00,0,0,1,0,1,1,NULL,NULL,NULL,NULL,NULL,'--- !ruby/hash:ActiveSupport::HashWithIndifferentAccess\nanschaffungskategorie: AV-Technik\n','2013-09-28 08:16:20','2013-09-28 08:16:20'),(261,'emgi5ljcpw0gphbn0xcu353','7a:60:54:53:25:43-5d:19:0d:3d:cc:81-4e:fd:fa:50:54:57',279,164,246,1,NULL,NULL,'2012-12-03',NULL,NULL,NULL,786.00,0,0,1,0,1,1,NULL,NULL,NULL,NULL,NULL,'--- !ruby/hash:ActiveSupport::HashWithIndifferentAccess\nanschaffungskategorie: AV-Technik\n','2013-09-28 08:16:20','2013-09-28 08:16:20'),(262,'ysgex6lf3tmtc7wl9vh2354','54:93:71:85:df:14-c0:dc:de:f3:09:a0-9b:5d:db:e6:57:d9',283,165,247,8,NULL,NULL,'2011-05-05',NULL,NULL,NULL,720.00,0,0,1,0,1,1,NULL,NULL,NULL,NULL,NULL,'--- !ruby/hash:ActiveSupport::HashWithIndifferentAccess\nanschaffungskategorie: AV-Technik\n','2013-10-02 10:50:23','2013-10-02 10:50:23'),(263,'mb4mm7fao1t8zabe2jy0355','79:47:9a:b3:c2:57-62:d1:a6:8d:57:b4-20:fc:5f:a3:eb:9c',284,166,248,12,NULL,NULL,'2012-06-13',NULL,NULL,NULL,336.00,0,0,1,0,1,1,NULL,NULL,NULL,NULL,NULL,'--- !ruby/hash:ActiveSupport::HashWithIndifferentAccess\nanschaffungskategorie: AV-Technik\n','2013-10-02 10:50:23','2013-10-02 10:50:23'),(264,'zhob0dovk95mz9helk8c356','56:fd:5e:f0:f3:d8-fe:aa:f9:dd:ca:74-2a:11:d9:01:9b:05',285,167,249,8,NULL,NULL,'2010-06-09',NULL,NULL,NULL,473.00,0,0,1,0,1,1,NULL,NULL,NULL,NULL,NULL,'--- !ruby/hash:ActiveSupport::HashWithIndifferentAccess\nanschaffungskategorie: AV-Technik\n','2013-10-02 10:50:23','2013-10-02 10:50:23'),(265,'qpn4yezc99jo1k80ojtj357','f4:c4:be:57:35:5d-da:9f:bf:23:7d:d2-09:ef:48:51:c5:97',286,168,250,5,NULL,NULL,'2011-10-27',NULL,NULL,NULL,874.00,0,0,1,0,1,1,NULL,NULL,NULL,NULL,NULL,'--- !ruby/hash:ActiveSupport::HashWithIndifferentAccess\nanschaffungskategorie: AV-Technik\n','2013-10-02 10:50:23','2013-10-02 10:50:23'),(266,'3r3euw9puk1kq2otis1t358','56:9a:98:b6:9e:1d-30:8a:83:c7:8a:4d-19:df:99:13:5e:f5',287,169,251,4,NULL,NULL,'2010-09-27',NULL,NULL,NULL,522.00,0,0,1,0,1,1,NULL,NULL,NULL,NULL,NULL,'--- !ruby/hash:ActiveSupport::HashWithIndifferentAccess\nanschaffungskategorie: AV-Technik\n','2013-10-02 10:50:23','2013-10-02 10:50:23'),(267,'dlj4wrbiytnqvoq3k2xt359','b6:11:e0:3e:f5:85-e5:76:f7:e6:cc:c4-8c:cb:d0:cd:d0:f3',287,170,252,3,NULL,NULL,'2010-05-11',NULL,NULL,NULL,1356.00,0,0,1,0,1,1,NULL,NULL,NULL,NULL,NULL,'--- !ruby/hash:ActiveSupport::HashWithIndifferentAccess\nanschaffungskategorie: AV-Technik\n','2013-10-02 10:50:23','2013-10-02 10:50:23'),(268,'qfgjhomcaxca8t2zvltw360','4a:0c:84:bf:9a:f8-02:9c:fa:dd:ae:9e-4e:08:99:96:ed:52',287,171,253,4,NULL,NULL,'2010-12-06',NULL,NULL,NULL,205.00,0,0,1,0,1,1,NULL,NULL,NULL,NULL,NULL,'--- !ruby/hash:ActiveSupport::HashWithIndifferentAccess\nanschaffungskategorie: AV-Technik\n','2013-10-02 10:50:23','2013-10-02 10:50:23'),(269,'031qy25w5qkdhbn39v0x361','d9:07:5a:ba:a1:ef-0c:f5:cc:a5:be:99-c8:f6:a5:8d:08:e5',291,172,254,5,NULL,NULL,'2012-07-09',NULL,NULL,NULL,1135.00,0,0,1,0,1,1,NULL,NULL,NULL,NULL,NULL,'--- !ruby/hash:ActiveSupport::HashWithIndifferentAccess\nanschaffungskategorie: AV-Technik\n','2013-10-02 10:50:23','2013-10-02 10:50:23'),(270,'moc5dyfxec450edt5te7362','66:e8:07:68:7e:8b-3f:8f:91:c5:68:1e-49:e5:dc:c5:ac:99',292,173,255,7,NULL,NULL,'2011-04-16',NULL,NULL,NULL,947.00,0,0,1,0,1,1,NULL,NULL,NULL,NULL,NULL,'--- !ruby/hash:ActiveSupport::HashWithIndifferentAccess\nanschaffungskategorie: AV-Technik\n','2013-10-02 10:50:23','2013-10-02 10:50:23'),(271,'vl4feqsijpjh5eb2f345363','8c:dd:5f:7a:fb:03-b7:ab:75:84:e6:ce-51:7d:1a:15:5f:ea',293,174,256,4,NULL,NULL,'2010-02-09',NULL,NULL,NULL,380.00,0,0,1,0,1,1,NULL,NULL,NULL,NULL,NULL,'--- !ruby/hash:ActiveSupport::HashWithIndifferentAccess\nanschaffungskategorie: AV-Technik\n','2013-10-02 10:50:23','2013-10-02 10:50:23'),(272,'wgpv18d7meehdnde9hmj364','e3:0e:d9:66:92:c5-8b:cc:ca:8a:5d:30-a0:b4:cb:ff:12:9d',294,175,257,8,NULL,NULL,'2009-05-01',NULL,NULL,NULL,1211.00,0,0,1,0,1,1,NULL,NULL,NULL,NULL,NULL,'--- !ruby/hash:ActiveSupport::HashWithIndifferentAccess\nanschaffungskategorie: AV-Technik\n','2013-10-02 10:50:23','2013-10-02 10:50:23'),(273,'8nr06c0jk1sov2t87aru365','d5:2c:ca:2d:f2:69-13:76:98:0d:ac:5d-5f:0e:f1:fc:79:bc',295,176,258,1,NULL,NULL,'2012-12-05',NULL,NULL,NULL,1229.00,0,0,1,0,1,1,NULL,NULL,NULL,NULL,NULL,'--- !ruby/hash:ActiveSupport::HashWithIndifferentAccess\nanschaffungskategorie: AV-Technik\n','2013-10-02 10:50:23','2013-10-02 10:50:23'),(274,'k5s4yv1lvwf3mkaq9vh2366','eb:87:30:64:d6:b7-8c:d8:b8:95:ce:aa-4d:2c:f4:8e:cd:49',296,177,259,1,NULL,NULL,'2010-10-20',NULL,NULL,NULL,481.00,0,0,1,0,1,1,NULL,NULL,NULL,NULL,NULL,'--- !ruby/hash:ActiveSupport::HashWithIndifferentAccess\nanschaffungskategorie: AV-Technik\n','2013-10-02 10:50:23','2013-10-02 10:50:23'),(275,'s9z1ezxubzz7s4pginlg367','aa:ba:d3:85:db:60-d7:03:1a:21:65:94-17:8d:34:50:03:26',297,178,260,9,NULL,NULL,'2012-12-29',NULL,NULL,NULL,1270.00,0,0,1,0,1,1,NULL,NULL,NULL,NULL,NULL,'--- !ruby/hash:ActiveSupport::HashWithIndifferentAccess\nanschaffungskategorie: AV-Technik\n','2013-10-02 10:50:23','2013-10-02 10:50:23'),(276,'ifpce6wvi10yg98jilw8368','e4:f1:bf:be:4a:52-64:c4:ea:83:92:21-68:3f:e5:13:a4:df',298,179,261,3,NULL,NULL,'2010-05-12',NULL,NULL,NULL,253.00,0,0,1,0,1,1,NULL,NULL,NULL,NULL,NULL,'--- !ruby/hash:ActiveSupport::HashWithIndifferentAccess\nanschaffungskategorie: AV-Technik\n','2013-10-02 10:50:23','2013-10-02 10:50:23'),(277,'immmf2zpsr7xdwjrv09f369','17:59:b7:0a:b8:0a-92:ab:46:e7:16:7f-3b:9b:1c:21:cf:c0',299,180,262,4,NULL,NULL,'2010-03-11',NULL,NULL,NULL,819.00,0,0,1,0,1,1,NULL,NULL,NULL,NULL,NULL,'--- !ruby/hash:ActiveSupport::HashWithIndifferentAccess\nanschaffungskategorie: AV-Technik\n','2013-10-02 10:50:23','2013-10-02 10:50:23'),(278,'ap9176e71tjtygftyqml370','89:68:76:44:bc:8f-f9:4c:39:e3:ab:05-1e:a7:a0:23:23:e5',300,181,263,11,NULL,NULL,'2010-12-04',NULL,NULL,NULL,1058.00,0,0,1,0,1,1,NULL,NULL,NULL,NULL,NULL,'--- !ruby/hash:ActiveSupport::HashWithIndifferentAccess\nanschaffungskategorie: AV-Technik\n','2013-10-02 10:50:23','2013-10-02 10:50:23'),(279,'dc4ti8144o5q2kuuhkzt371','81:0d:71:e4:f5:81-dc:10:71:d7:62:65-f3:cb:6f:64:8a:37',301,182,264,2,NULL,NULL,'2010-12-08',NULL,NULL,NULL,628.00,0,0,1,0,1,1,NULL,NULL,NULL,NULL,NULL,'--- !ruby/hash:ActiveSupport::HashWithIndifferentAccess\nanschaffungskategorie: AV-Technik\n','2013-10-02 10:50:23','2013-10-02 10:50:23'),(280,'oy5pi1pzmejvn5idy469372','92:df:2a:75:50:44-31:00:4a:f2:c9:41-89:eb:8b:48:53:c0',302,183,265,1,NULL,NULL,'2010-01-16',NULL,NULL,NULL,996.00,0,0,1,0,1,1,NULL,NULL,NULL,NULL,NULL,'--- !ruby/hash:ActiveSupport::HashWithIndifferentAccess\nanschaffungskategorie: AV-Technik\n','2013-10-02 10:50:23','2013-10-02 10:50:23');
/*!40000 ALTER TABLE `items` ENABLE KEYS */;
UNLOCK TABLES;

--
-- Table structure for table `languages`
--

DROP TABLE IF EXISTS `languages`;
/*!40101 SET @saved_cs_client     = @@character_set_client */;
/*!40101 SET character_set_client = utf8 */;
CREATE TABLE `languages` (
  `id` int(11) NOT NULL AUTO_INCREMENT,
  `name` varchar(255) COLLATE utf8_unicode_ci DEFAULT NULL,
  `locale_name` varchar(255) COLLATE utf8_unicode_ci DEFAULT NULL,
  `default` tinyint(1) DEFAULT NULL,
  `active` tinyint(1) DEFAULT NULL,
  PRIMARY KEY (`id`),
  UNIQUE KEY `index_languages_on_name` (`name`),
  KEY `index_languages_on_active_and_default` (`active`,`default`)
) ENGINE=InnoDB AUTO_INCREMENT=5 DEFAULT CHARSET=utf8 COLLATE=utf8_unicode_ci;
/*!40101 SET character_set_client = @saved_cs_client */;

--
-- Dumping data for table `languages`
--

LOCK TABLES `languages` WRITE;
/*!40000 ALTER TABLE `languages` DISABLE KEYS */;
INSERT INTO `languages` VALUES (1,'English','en-GB',1,1),(2,'Deutsch','de-CH',0,1),(3,'Castellano','es',0,1),(4,'Zrittsch','gsw-CH',0,1);
/*!40000 ALTER TABLE `languages` ENABLE KEYS */;
UNLOCK TABLES;

--
-- Table structure for table `locations`
--

DROP TABLE IF EXISTS `locations`;
/*!40101 SET @saved_cs_client     = @@character_set_client */;
/*!40101 SET character_set_client = utf8 */;
CREATE TABLE `locations` (
  `id` int(11) NOT NULL AUTO_INCREMENT,
  `room` varchar(255) COLLATE utf8_unicode_ci DEFAULT NULL,
  `shelf` varchar(255) COLLATE utf8_unicode_ci DEFAULT NULL,
  `building_id` int(11) DEFAULT NULL,
  PRIMARY KEY (`id`),
  KEY `index_locations_on_building_id` (`building_id`)
) ENGINE=InnoDB AUTO_INCREMENT=184 DEFAULT CHARSET=utf8 COLLATE=utf8_unicode_ci;
/*!40101 SET character_set_client = @saved_cs_client */;

--
-- Dumping data for table `locations`
--

LOCK TABLES `locations` WRITE;
/*!40000 ALTER TABLE `locations` DISABLE KEYS */;
INSERT INTO `locations` VALUES (1,'Adanimi','natusrem',3),(2,'Cupiditatealias','repellatnumquam',4),(3,'Istetempore','isterepellat',5),(4,'Maximemolestiae','undeea',6),(5,'Aaliquam','nemoincidunt',7),(6,'Rerumin','rationemaxime',8),(7,'Estad','rerumconsectetur',9),(8,'Sitinventore','quisaut',10),(9,'Consequaturminima','omnisdoloribus',11),(10,'Officiaet','quiut',12),(11,'Optioet','minimaquo',13),(12,'Ducimusrecusandae','quisaut',14),(13,'Quaecorporis','autemdignissimos',15),(14,'Officiain','cupiditateaut',16),(15,'Consequaturin','auteligendi',17),(16,'Nonin','dolorenatus',18),(17,'Sedaut','temporavoluptatem',19),(18,'Voluptatumplaceat','animiqui',20),(19,'Quiaut','dolorvoluptatem',21),(20,'Possimusfuga','consequaturut',22),(21,'Quaequas','magnitenetur',23),(22,'Etqui','necessitatibusmollitia',24),(23,'Mollitiaitaque','doloremid',25),(24,'Quirecusandae','eumtempore',26),(25,'Eosplaceat','quirem',27),(26,'Exercitationemquia','quisquamexpedita',28),(27,'Totamvoluptas','velodit',29),(28,'Beataequasi','maximevoluptas',30),(29,'Voluptatemquos','illumin',31),(30,'Idfugit','molestiaeillum',32),(31,'SQ2','Desk',33),(32,'UG 13','Ausgabe',34),(33,'Occaecatiiure','perferendisvoluptatem',35),(34,'Quidemexplicabo','quosesse',36),(35,'Laboriosama','quibusdamnam',37),(36,'Sitnecessitatibus','voluptatesdolor',38),(37,'Commodiut','facilistenetur',39),(38,'Voluptasatque','perspiciatisducimus',40),(39,'Reiciendisinventore','optiotempore',41),(40,'Officiareprehenderit','blanditiisut',42),(41,'Adipiscipraesentium','saepelaboriosam',43),(42,'Etquo','modiipsum',44),(43,'Accusamussoluta','porrovoluptates',45),(44,'Sedmollitia','necessitatibusmolestiae',46),(45,'Omnisab','perspiciatiscorrupti',47),(46,'Nequererum','rerumdolorum',48),(47,'Oditmolestiae','nonculpa',49),(48,'Enimsimilique','quosaut',50),(49,'Eligendisimilique','omnisducimus',51),(50,'Aliasipsum','quamdoloremque',52),(51,'Velitquia','nemoest',53),(52,'Quasiexercitationem','aliquidbeatae',54),(53,'Maioreseveniet','delectuset',55),(54,'Voluptasmagni','utconsequatur',56),(55,'Autrepellat','oditsed',57),(56,'Quiaut','voluptatummolestiae',58),(57,'Delenitimolestiae','dolorharum',59),(58,'Doloremet','nobisfugit',60),(59,'Earumet','cumquefacere',61),(60,'Sitperspiciatis','illumtempora',62),(61,'Nullacupiditate','similiquequi',63),(62,'Doloreveritatis','culpanumquam',64),(63,'Ipsaenim','athic',65),(64,'Autblanditiis','cumquemagnam',66),(65,'Similiquefacere','excepturiplaceat',67),(66,'Doloremqueratione','harumrerum',68),(67,'Corporismolestias','maioreset',69),(68,'Autpariatur','uttempora',70),(69,'Adaut','adexpedita',71),(70,'Numquamtotam','undeullam',72),(71,'Nemolaboriosam','veritatisquam',73),(72,'Voluptatemdolorem','autemitaque',74),(73,'Autminus','atconsectetur',75),(74,'Doloremquequis','quasinemo',76),(75,'Adtempora','eiusadipisci',77),(76,'Omnismolestiae','distinctiotemporibus',78),(77,'Aliquamconsequatur','voluptaseius',79),(78,'Eumdolorum','nemoitaque',80),(79,'Essedebitis','eumearum',81),(80,'Veritatissit','eteum',82),(81,'Sedeligendi','suscipitesse',83),(82,'Velitut','doloremquenon',84),(83,'Errorest','dolorumexplicabo',85),(84,'Quiaccusantium','noneos',86),(85,'Eafacere','culpapossimus',87),(86,'Suntconsequatur','nobisfacilis',88),(87,'Utsed','molestiaeillo',89),(88,'Quidemreprehenderit','impeditfugit',90),(89,'Aea','cupiditatequis',91),(90,'Suntautem','assumendacommodi',92),(91,'Undeveritatis','exercitationemquasi',93),(92,'Quodveniam','nihilillo',94),(93,'Nihilsint','velitquisquam',95),(94,'Autemqui','sedad',96),(95,'Delectusanimi','assumendadolorum',97),(96,'Quisiste','placeatrepellat',98),(97,'Reiciendislabore','fugaea',99),(98,'Doloresautem','idperspiciatis',100),(99,'Explicabonesciunt','inullam',101),(100,'Delenitiexpedita','illodeleniti',102),(101,'Explicaboratione','possimusnihil',103),(102,'Doloresest','eosmaxime',104),(103,'Aperiamab','vitaeeos',105),(104,'Debitisfugit','suscipitlaboriosam',106),(105,'Velnesciunt','ducimusmollitia',107),(106,'Idofficiis','saepesunt',108),(107,'Adipiscipariatur','inipsum',109),(108,'Providentvoluptas','ethic',110),(109,'Doloremquenon','fugitperferendis',111),(110,'Eiusfacere','inratione',112),(111,'Laboreex','quinon',113),(112,'Sedprovident','quisquamipsam',114),(113,'Consequaturipsam','sintblanditiis',115),(114,'Hicimpedit','remdeleniti',116),(115,'Facilisaccusamus','molestiaeet',117),(116,'Etpariatur','consequunturtempora',118),(117,'Etrecusandae','commodiporro',119),(118,'Ateligendi','beataeaut',120),(119,'Velitveritatis','quasiad',121),(120,'Facilisaccusamus','consecteturquibusdam',122),(121,'Quounde','temporaet',123),(122,'Nobisimpedit','cumrerum',124),(123,'Quaereiciendis','consecteturet',125),(124,'Inqui','blanditiisenim',126),(125,'Sitquisquam','rerumsaepe',127),(126,'Debitissed','architectonumquam',128),(127,'Suntadipisci','doloremquis',129),(128,'Voluptatibusid','animiaut',130),(129,'Ullamrerum','repellendusprovident',131),(130,'Teneturalias','commodiautem',132),(131,'Eaest','adarchitecto',133),(132,'Quodelectus','quiaipsa',134),(133,'Quismolestiae','quamab',135),(134,'Etet','quisinventore',136),(135,'Solutanisi','quisratione',137),(136,'Quaedelectus','atperferendis',138),(137,'Quasiet','quiconsequatur',139),(138,'Inexplicabo','ineum',140),(139,'Autsapiente','dignissimosharum',141),(140,'Pariaturdistinctio','accusantiumnostrum',142),(141,'Fugiatquam','reprehenderitin',143),(142,'Etnobis','aliasnam',144),(143,'Estin','veritatissoluta',145),(144,'Etveritatis','esthic',146),(145,'Enimlaborum','laborumoptio',147),(146,'Temporibusmollitia','voluptatessoluta',148),(147,'Asperioresquaerat','magnisunt',149),(148,'Quasiconsequuntur','quomagnam',150),(149,'Officiisnostrum','etsapiente',151),(150,'Eosdolorem','utquae',152),(151,'Autvel','cupiditatemollitia',153),(152,'Earumvel','eummodi',154),(153,'Quasaccusamus','magnamquibusdam',155),(154,'Sintsequi','aliasut',156),(155,'Idsed','autrecusandae',157),(156,'Iureautem','commodireiciendis',158),(157,'Sedet','namdolorem',159),(158,'Adaliquam','omnisest',160),(159,'Optioaut','voluptasvoluptatem',161),(160,'Repellendusdistinctio','sintvoluptate',162),(161,'Quiaaccusamus','voluptasrecusandae',163),(162,'Similiqueeos','voluptateest',164),(163,'Voluptatumquaerat','fugitaperiam',165),(164,'Explicaboeligendi','cumqueet',166),(165,'Culpaoptio','maioresaspernatur',167),(166,'Culpaaut','voluptatemipsum',168),(167,'Etnon','inventoreatque',169),(168,'Etdoloremque','repellendusdolores',170),(169,'Veritatisnemo','velvoluptatem',171),(170,'Errorlaudantium','etquasi',172),(171,'Distinctioqui','adnemo',173),(172,'Nemoharum','magnidelectus',174),(173,'Sedlaudantium','etrerum',175),(174,'Minimanon','etmolestiae',176),(175,'Cumquereprehenderit','enimut',177),(176,'Aliasatque','isteest',178),(177,'Beataesunt','enimeligendi',179),(178,'Placeattempora','doloribusut',180),(179,'Vitaenam','repellatalias',181),(180,'Saepeharum','utillum',182),(181,'Cumsit','nonid',183),(182,'Delectusqui','laudantiumaccusamus',184),(183,'Omnisaut','aliquidet',185);
/*!40000 ALTER TABLE `locations` ENABLE KEYS */;
UNLOCK TABLES;

--
-- Table structure for table `model_group_links`
--

DROP TABLE IF EXISTS `model_group_links`;
/*!40101 SET @saved_cs_client     = @@character_set_client */;
/*!40101 SET character_set_client = utf8 */;
CREATE TABLE `model_group_links` (
  `id` int(11) NOT NULL AUTO_INCREMENT,
  `ancestor_id` int(11) DEFAULT NULL,
  `descendant_id` int(11) DEFAULT NULL,
  `direct` tinyint(1) DEFAULT NULL,
  `count` int(11) DEFAULT NULL,
  `label` varchar(255) COLLATE utf8_unicode_ci DEFAULT NULL,
  PRIMARY KEY (`id`),
  KEY `index_model_group_links_on_ancestor_id` (`ancestor_id`),
  KEY `index_model_group_links_on_direct` (`direct`),
  KEY `index_on_descendant_id_and_ancestor_id_and_direct` (`descendant_id`,`ancestor_id`,`direct`)
) ENGINE=InnoDB AUTO_INCREMENT=9 DEFAULT CHARSET=utf8 COLLATE=utf8_unicode_ci;
/*!40101 SET character_set_client = @saved_cs_client */;

--
-- Dumping data for table `model_group_links`
--

LOCK TABLES `model_group_links` WRITE;
/*!40000 ALTER TABLE `model_group_links` DISABLE KEYS */;
INSERT INTO `model_group_links` VALUES (1,2,10,1,1,NULL),(2,2,8,1,1,NULL),(3,5,10,1,1,NULL),(4,5,9,1,1,NULL),(5,1,9,1,1,NULL),(6,1,11,0,1,NULL),(7,5,11,0,1,NULL),(8,9,11,1,1,NULL);
/*!40000 ALTER TABLE `model_group_links` ENABLE KEYS */;
UNLOCK TABLES;

--
-- Table structure for table `model_groups`
--

DROP TABLE IF EXISTS `model_groups`;
/*!40101 SET @saved_cs_client     = @@character_set_client */;
/*!40101 SET character_set_client = utf8 */;
CREATE TABLE `model_groups` (
  `id` int(11) NOT NULL AUTO_INCREMENT,
  `type` varchar(255) COLLATE utf8_unicode_ci DEFAULT NULL,
  `name` varchar(255) COLLATE utf8_unicode_ci DEFAULT NULL,
  `created_at` datetime DEFAULT NULL,
  `updated_at` datetime DEFAULT NULL,
  PRIMARY KEY (`id`),
  KEY `index_model_groups_on_type` (`type`)
) ENGINE=InnoDB AUTO_INCREMENT=15 DEFAULT CHARSET=utf8 COLLATE=utf8_unicode_ci;
/*!40101 SET character_set_client = @saved_cs_client */;

--
-- Dumping data for table `model_groups`
--

LOCK TABLES `model_groups` WRITE;
/*!40000 ALTER TABLE `model_groups` DISABLE KEYS */;
INSERT INTO `model_groups` VALUES (1,'Category','Beamer','2013-10-02 10:50:23','2013-10-02 10:50:23'),(2,'Category','Kameras','2013-10-02 10:50:23','2013-10-02 10:50:23'),(3,'Category','Stative','2013-10-02 10:50:23','2013-10-02 10:50:23'),(4,'Category','Hifi-Anlagen','2013-10-02 10:50:23','2013-10-02 10:50:23'),(5,'Category','Notebooks','2013-10-02 10:50:23','2013-10-02 10:50:23'),(6,'Category','RC Helikopter','2013-10-02 10:50:23','2013-10-02 10:50:23'),(7,'Category','Computer','2013-10-02 10:50:23','2013-10-02 10:50:23'),(8,'Category','Kurzdistanz','2013-10-02 10:50:23','2013-10-02 10:50:23'),(9,'Category','Portabel','2013-10-02 10:50:23','2013-10-02 10:50:23'),(10,'Category','Standard','2013-10-02 10:50:23','2013-10-02 10:50:23'),(11,'Category','Micro','2013-10-02 10:50:23','2013-10-02 10:50:23'),(12,'Template','Kamera & Stativ','2013-10-02 10:50:23','2013-10-02 10:50:23'),(13,'Template','Beamer & Hifi','2013-10-02 10:50:23','2013-10-02 10:50:23'),(14,'Template','Unaccomplishable template','2013-10-02 10:50:23','2013-10-02 10:50:23');
/*!40000 ALTER TABLE `model_groups` ENABLE KEYS */;
UNLOCK TABLES;

--
-- Table structure for table `model_links`
--

DROP TABLE IF EXISTS `model_links`;
/*!40101 SET @saved_cs_client     = @@character_set_client */;
/*!40101 SET character_set_client = utf8 */;
CREATE TABLE `model_links` (
  `id` int(11) NOT NULL AUTO_INCREMENT,
  `model_group_id` int(11) DEFAULT NULL,
  `model_id` int(11) DEFAULT NULL,
  `quantity` int(11) DEFAULT '1',
  PRIMARY KEY (`id`),
  KEY `index_model_links_on_model_id_and_model_group_id` (`model_id`,`model_group_id`),
  KEY `index_model_links_on_model_group_id_and_model_id` (`model_group_id`,`model_id`)
) ENGINE=InnoDB AUTO_INCREMENT=73 DEFAULT CHARSET=utf8 COLLATE=utf8_unicode_ci;
/*!40101 SET character_set_client = @saved_cs_client */;

--
-- Dumping data for table `model_links`
--

LOCK TABLES `model_links` WRITE;
/*!40000 ALTER TABLE `model_links` DISABLE KEYS */;
INSERT INTO `model_links` VALUES (1,1,42,1),(2,9,42,1),(3,1,43,1),(4,1,44,1),(5,1,46,1),(6,9,46,1),(7,11,47,1),(8,1,48,1),(9,1,49,1),(10,1,50,1),(11,1,51,1),(12,1,52,1),(13,1,53,1),(14,1,54,1),(15,1,55,1),(16,1,56,1),(17,1,57,1),(18,1,58,1),(19,1,59,1),(20,1,60,1),(21,1,61,1),(22,1,62,1),(23,1,63,1),(24,1,64,1),(25,1,65,1),(26,1,66,1),(27,1,67,1),(28,2,68,1),(29,2,69,1),(30,2,70,1),(31,2,71,1),(32,2,72,1),(33,2,73,1),(34,2,74,1),(35,2,75,1),(36,2,76,1),(37,2,77,1),(38,2,78,1),(39,2,79,1),(40,2,80,1),(41,2,81,1),(42,2,82,1),(43,2,83,1),(44,2,84,1),(45,2,85,1),(46,2,86,1),(47,2,87,1),(48,2,88,1),(49,2,89,1),(50,2,90,1),(51,2,91,1),(52,2,92,1),(53,2,93,1),(54,2,94,1),(55,2,95,1),(56,2,96,1),(57,2,97,1),(58,2,98,1),(59,4,99,1),(60,3,100,1),(61,12,68,1),(62,12,100,1),(63,13,42,1),(64,13,99,1),(65,14,68,999),(66,14,100,999),(67,2,129,1),(68,7,130,1),(69,5,131,1),(70,6,132,1),(71,6,133,1),(72,6,134,1);
/*!40000 ALTER TABLE `model_links` ENABLE KEYS */;
UNLOCK TABLES;

--
-- Table structure for table `models`
--

DROP TABLE IF EXISTS `models`;
/*!40101 SET @saved_cs_client     = @@character_set_client */;
/*!40101 SET character_set_client = utf8 */;
CREATE TABLE `models` (
  `id` int(11) NOT NULL AUTO_INCREMENT,
  `type` varchar(255) COLLATE utf8_unicode_ci NOT NULL DEFAULT 'Model',
  `manufacturer` varchar(255) COLLATE utf8_unicode_ci DEFAULT NULL,
  `product` varchar(255) COLLATE utf8_unicode_ci NOT NULL,
  `version` varchar(255) COLLATE utf8_unicode_ci DEFAULT NULL,
  `description` text COLLATE utf8_unicode_ci,
  `internal_description` text COLLATE utf8_unicode_ci,
  `info_url` varchar(255) COLLATE utf8_unicode_ci DEFAULT NULL,
  `rental_price` decimal(8,2) DEFAULT NULL,
  `maintenance_period` int(11) DEFAULT '0',
  `is_package` tinyint(1) DEFAULT '0',
  `technical_detail` text COLLATE utf8_unicode_ci,
  `hand_over_note` text COLLATE utf8_unicode_ci,
  `created_at` datetime DEFAULT NULL,
  `updated_at` datetime DEFAULT NULL,
  PRIMARY KEY (`id`),
  KEY `index_models_on_is_package` (`is_package`),
  KEY `index_models_on_type` (`type`)
) ENGINE=InnoDB AUTO_INCREMENT=303 DEFAULT CHARSET=utf8 COLLATE=utf8_unicode_ci;
/*!40101 SET character_set_client = @saved_cs_client */;

--
-- Dumping data for table `models`
--

LOCK TABLES `models` WRITE;
/*!40000 ALTER TABLE `models` DISABLE KEYS */;
INSERT INTO `models` VALUES (1,'Model','Stark Group','Awesome Plastic Chair','274','Non soluta atque doloribus animi quo beatae perspiciatis neque.','Necessitatibus voluptatem quia cumque facilis.',NULL,NULL,1,0,'Quaerat sit adipisci voluptas et repellat.','Iure temporibus accusantium deleniti.','2013-10-02 10:50:23','2013-10-02 10:50:23'),(2,'Model','Franecki Inc','Ergonomic Concrete Car','275','Vel laborum eum ea beatae voluptatem dolorem.','Necessitatibus blanditiis et qui dolor voluptas enim cum.',NULL,NULL,3,0,'Nemo et aliquam et.','Omnis distinctio sit totam hic eum.','2013-10-02 10:50:23','2013-10-02 10:50:23'),(3,'Model','Predovic and Sons','Gorgeous Wooden Car','276','Architecto quia magnam illo quia inventore in ipsum.','Non rerum quisquam a.',NULL,NULL,1,0,'Repudiandae aut consequuntur nemo voluptas quos eos sint distinctio.','Quia numquam quo qui sed cumque dolores commodi rerum.','2013-10-02 10:50:23','2013-10-02 10:50:23'),(4,'Model','O\'Kon LLC','Incredible Concrete Car','277','Harum exercitationem dolor est ullam aut.','Possimus dolor repellat sit deleniti aut ullam.',NULL,NULL,0,0,'Enim ut commodi illo autem.','Quo quos qui dolorem vel beatae suscipit ut necessitatibus.','2013-10-02 10:50:23','2013-10-02 10:50:23'),(5,'Model','Gulgowski-Keebler','Practical Plastic Gloves','278','Eveniet asperiores fuga esse sint.','Quasi aut eaque voluptatibus.',NULL,NULL,3,0,'Accusamus et et repudiandae.','Illo necessitatibus nesciunt fuga deleniti.','2013-10-02 10:50:23','2013-10-02 10:50:23'),(6,'Model','Johnson Group','Sleek Granite Chair','279','Et laudantium eligendi cumque fugiat exercitationem similique et quis.','Animi sit et rerum magni tempore hic repellat.',NULL,NULL,2,0,'Commodi est unde et sint fuga est dolores consequatur.','Molestiae error tenetur quis molestias tempore alias.','2013-10-02 10:50:23','2013-10-02 10:50:23'),(7,'Model','Osinski, Greenfelder and Gutkowski','Practical Steel Car','280','Beatae error illum quis.','Ut provident magnam dolorum.',NULL,NULL,2,0,'Impedit tempora quia non.','Aut ad in maiores omnis corporis.','2013-10-02 10:50:23','2013-10-02 10:50:23'),(8,'Model','Considine Inc','Incredible Granite Computer','281','Quibusdam repudiandae in incidunt nulla rerum illo delectus.','Ut blanditiis possimus ab harum sed vero eaque.',NULL,NULL,0,0,'Eligendi molestiae nulla voluptate quia voluptas quod.','Odit sunt fugit aliquid.','2013-10-02 10:50:23','2013-10-02 10:50:23'),(9,'Model','Barton Group','Small Granite Hat','282','Illo nihil adipisci qui fuga doloribus minima.','Facere architecto et provident minus impedit consequatur.',NULL,NULL,3,0,'Nisi suscipit facere laboriosam autem rerum et officiis.','Explicabo nam neque odit in quo eius vel.','2013-10-02 10:50:23','2013-10-02 10:50:23'),(10,'Model','Berge LLC','Intelligent Plastic Chair','283','Quia earum odio ducimus ipsum ratione quo fugit nesciunt.','Enim architecto autem hic illum sint assumenda sint iste.',NULL,NULL,1,0,'Accusamus et voluptatum distinctio quod ducimus animi placeat.','Sit rerum architecto quidem unde molestiae.','2013-10-02 10:50:23','2013-10-02 10:50:23'),(11,'Model','Littel, Rodriguez and Weimann','Practical Wooden Car','284','Corrupti aliquam provident voluptatem nam quisquam consequatur.','Laboriosam iure asperiores nemo.',NULL,NULL,1,0,'Dolor dolor voluptatem temporibus inventore.','Commodi necessitatibus nihil et.','2013-10-02 10:50:23','2013-10-02 10:50:23'),(12,'Model','Friesen, Beier and Breitenberg','Fantastic Rubber Chair','285','Perferendis voluptatum nam aut fuga a aut facilis consequatur.','Aspernatur dolore aut vitae illum vel soluta blanditiis occaecati.',NULL,NULL,3,0,'Error aspernatur in veritatis.','Dolores repellendus illum est tenetur asperiores consequatur.','2013-10-02 10:50:23','2013-10-02 10:50:23'),(13,'Model','Hegmann, Keebler and Leannon','Intelligent Cotton Gloves','286','Qui hic eum cum.','Nemo itaque error saepe dolor blanditiis.',NULL,NULL,2,0,'Non sed accusantium voluptas praesentium qui.','Velit voluptates cupiditate rerum ratione.','2013-10-02 10:50:23','2013-10-02 10:50:23'),(14,'Model','Rogahn, Botsford and Jones','Gorgeous Cotton Computer','287','Eum tempora quisquam nihil.','Et voluptas ab temporibus praesentium quia omnis.',NULL,NULL,2,0,'Mollitia rerum qui ex et sit quis corrupti et.','Placeat dicta ipsam voluptatibus fugiat ipsum quam molestias.','2013-10-02 10:50:23','2013-10-02 10:50:23'),(15,'Model','Okuneva LLC','Rustic Plastic Hat','288','Eum quia et numquam est nesciunt.','Enim tenetur voluptate nobis autem sunt reiciendis velit.',NULL,NULL,0,0,'Alias ea deserunt omnis totam optio aut.','Non blanditiis voluptas occaecati.','2013-10-02 10:50:23','2013-10-02 10:50:23'),(16,'Model','Kling-Predovic','Ergonomic Granite Shoes','289','Officia inventore tempore quidem voluptatibus iure blanditiis.','Sunt sed et labore ipsa.',NULL,NULL,1,0,'Sed incidunt molestiae facilis est provident quos sed maiores.','Dolorem rerum ea sed quibusdam.','2013-10-02 10:50:23','2013-10-02 10:50:23'),(17,'Model','Yundt Inc','Fantastic Plastic Chair','290','Molestiae est ut non veniam earum doloremque.','Vitae qui repudiandae quis dicta accusantium neque.',NULL,NULL,0,0,'Repudiandae molestias quam et ut sunt dolorem laborum.','Sunt excepturi dicta cum earum.','2013-10-02 10:50:23','2013-10-02 10:50:23'),(18,'Model','Strosin LLC','Sleek Granite Car','291','Omnis soluta optio iusto dignissimos ab quibusdam.','Odit accusantium ea dolores est doloribus officia.',NULL,NULL,3,0,'Ipsam recusandae voluptatibus non eos molestiae aperiam quae deleniti.','Et amet assumenda voluptas sit tempore.','2013-10-02 10:50:23','2013-10-02 10:50:23'),(19,'Model','Heller and Sons','Gorgeous Concrete Gloves','292','Vel velit sed tempore voluptates animi fugit sunt id.','Perspiciatis voluptates quasi architecto vero accusamus corrupti doloribus.',NULL,NULL,0,0,'Est velit iusto non saepe sit molestiae quod.','Dolorem ab excepturi veritatis adipisci dolorum.','2013-10-02 10:50:23','2013-10-02 10:50:23'),(20,'Model','Abernathy Inc','Fantastic Granite Computer','293','Est optio illum ut dignissimos sed sed eos.','Voluptatum veniam similique cum dolorem consequatur.',NULL,NULL,0,0,'Iusto consequatur ducimus et sit.','Non sit vel eligendi numquam facere architecto alias.','2013-10-02 10:50:23','2013-10-02 10:50:23'),(21,'Model','King and Sons','Incredible Plastic Chair','294','Sed ab natus doloribus adipisci tempora.','Est consequuntur mollitia repellendus.',NULL,NULL,1,0,'Corporis accusantium vero aspernatur doloribus cum.','Odio qui quas possimus et iure sed exercitationem.','2013-10-02 10:50:23','2013-10-02 10:50:23'),(22,'Model','Feest Inc','Sleek Steel Table','295','Qui cupiditate labore libero atque a odio veritatis numquam.','Ipsam sequi minus animi.',NULL,NULL,0,0,'Soluta doloribus vel rerum in.','Explicabo rerum harum voluptatibus iure sit modi.','2013-10-02 10:50:23','2013-10-02 10:50:23'),(23,'Model','Bashirian-Armstrong','Sleek Cotton Table','296','Aliquid quia minima beatae deleniti id cupiditate est sit.','Rerum aut fuga quidem et.',NULL,NULL,2,0,'Qui in fugit dolor eos.','Nisi a ipsum nobis sit.','2013-10-02 10:50:23','2013-10-02 10:50:23'),(24,'Model','Ferry, Turner and Leuschke','Rustic Concrete Chair','297','Molestiae et neque repudiandae voluptatem porro.','Magni eum quia voluptas necessitatibus molestiae.',NULL,NULL,2,0,'In ipsa et perferendis.','Rerum aperiam voluptatem fugiat maiores ea perspiciatis eaque corrupti.','2013-10-02 10:50:23','2013-10-02 10:50:23'),(25,'Model','Larkin, Ullrich and Mraz','Awesome Concrete Shoes','298','Et et fuga aliquam ea optio illum nemo nulla.','Quis ex id ipsa.',NULL,NULL,2,0,'Rem et cumque dolorum reiciendis enim unde ut aut.','Aut enim et aliquam alias optio neque est dolorum.','2013-10-02 10:50:23','2013-10-02 10:50:23'),(26,'Model','Eichmann Inc','Practical Cotton Pants','299','Et quaerat architecto aut repellat consequatur molestiae.','Quo sequi repellat officia.',NULL,NULL,1,0,'Cupiditate dignissimos perferendis et unde.','Enim praesentium doloremque consectetur nihil dolores voluptas maiores dolores.','2013-10-02 10:50:23','2013-10-02 10:50:23'),(27,'Model','Ward, Littel and O\'Connell','Gorgeous Granite Pants','300','Facilis et voluptas molestias quibusdam.','Cumque eos eaque nostrum.',NULL,NULL,1,0,'Ut fuga dolores exercitationem aut est ut minima.','Quis eos aspernatur sapiente minus autem error.','2013-10-02 10:50:23','2013-10-02 10:50:23'),(28,'Model','Pagac-Keeling','Intelligent Rubber Pants','301','Quaerat qui exercitationem modi in recusandae id fuga.','Iusto quia non veritatis hic amet.',NULL,NULL,1,0,'Officia eius doloremque ducimus temporibus reiciendis fugit autem autem.','Ea nemo rerum alias dolor temporibus quidem.','2013-10-02 10:50:23','2013-10-02 10:50:23'),(29,'Model','Walter-Kessler','Fantastic Wooden Table','302','Sunt aspernatur in deleniti.','Neque est qui voluptatem.',NULL,NULL,2,0,'Illum ratione nisi placeat totam consequatur facere.','Blanditiis asperiores a modi alias dicta aperiam.','2013-10-02 10:50:23','2013-10-02 10:50:23'),(30,'Model','Wiza-Batz','Gorgeous Steel Shoes','303','Praesentium voluptatem animi beatae quo sed odit.','Quia qui aut velit.',NULL,NULL,3,0,'Ea enim illo dolor est sed.','Qui voluptatem iure ut rerum voluptatum autem.','2013-10-02 10:50:23','2013-10-02 10:50:23'),(31,'Model','Wiza-Becker','Sleek Granite Hat','304','Et earum qui vitae voluptate.','Tenetur dolores est maxime voluptatem voluptatibus recusandae.',NULL,NULL,0,0,'Nemo sed delectus ad qui hic.','Velit incidunt corporis id dolorum cumque.','2013-10-02 10:50:23','2013-10-02 10:50:23'),(32,'Model','Bernier, Roob and Pfannerstill','Rustic Granite Gloves','305','Non distinctio adipisci delectus.','Impedit ducimus voluptas aut minus labore.',NULL,NULL,2,0,'Sint libero nulla expedita.','Ad ut aliquid facilis consectetur quod ipsa numquam.','2013-10-02 10:50:23','2013-10-02 10:50:23'),(33,'Model','Streich-Thiel','Practical Concrete Table','306','Unde ad error itaque sunt illo quidem.','Sunt est sed odit vel numquam ut.',NULL,NULL,1,0,'Minus nostrum ullam asperiores nisi sapiente a.','Aliquid aut fugiat repellat quia est.','2013-10-02 10:50:23','2013-10-02 10:50:23'),(34,'Model','Dickinson and Sons','Incredible Steel Car','307','Omnis ea inventore architecto quasi maiores commodi labore cum.','Ipsum illo itaque aut eveniet vel esse.',NULL,NULL,3,0,'Ipsa officia quae aliquam incidunt.','Aut dolores quia et consequatur distinctio voluptas.','2013-10-02 10:50:23','2013-10-02 10:50:23'),(35,'Model','Stehr-Homenick','Fantastic Plastic Computer','308','Exercitationem minus occaecati dolore voluptatem.','Dolorem quasi ipsa nisi aliquid provident qui.',NULL,NULL,0,0,'Ducimus accusantium quia enim perferendis.','Non et labore quisquam qui.','2013-10-02 10:50:23','2013-10-02 10:50:23'),(36,'Model','Mraz, Kuhic and Russel','Incredible Rubber Car','309','Omnis suscipit veniam aliquid saepe.','Perferendis nobis aliquid rem quis est ipsa.',NULL,NULL,3,0,'Sint quos provident suscipit alias iste.','Delectus ut rerum consequatur nobis impedit tempora.','2013-10-02 10:50:23','2013-10-02 10:50:23'),(37,'Model','Marvin, Runolfsson and Renner','Practical Cotton Shirt','310','Incidunt voluptatem omnis provident.','Molestias nihil eaque qui voluptas.',NULL,NULL,3,0,'Sit aut ab recusandae atque molestias nobis est eveniet.','Tempora ullam sint numquam.','2013-10-02 10:50:23','2013-10-02 10:50:23'),(38,'Model','Torphy-Wuckert','Small Cotton Shirt','311','Soluta non sit voluptates et perferendis deserunt.','Sequi ut minus eius numquam nesciunt.',NULL,NULL,0,0,'Vel tempore consequatur facere.','Totam veniam officiis molestiae doloremque sint est porro voluptates.','2013-10-02 10:50:23','2013-10-02 10:50:23'),(39,'Model','Wisozk, Schiller and Berge','Gorgeous Concrete Hat','312','Quia error placeat nihil.','Non et at ab optio enim ut non rerum.',NULL,NULL,3,0,'Labore soluta ipsa assumenda voluptatem sed.','Magni nam occaecati placeat repellat maiores debitis vero.','2013-10-02 10:50:23','2013-10-02 10:50:23'),(40,'Model','Fay, Thompson and Walter','Awesome Steel Chair','313','Libero laborum earum sapiente atque omnis facere sit.','Quas non voluptatem inventore necessitatibus recusandae ut.',NULL,NULL,3,0,'Consequatur non atque rem quam sed est accusamus.','Eius assumenda laboriosam rerum alias quo.','2013-10-02 10:50:23','2013-10-02 10:50:23'),(41,'Model','Apple','MacBookPro','314','Laptop fr Studis und Angestellte.','Amet autem labore rerum.',NULL,NULL,0,0,'Vel quas ut minus ab libero et.','Mit Verpackung aushndigen.','2013-10-02 10:50:23','2013-10-02 10:50:23'),(42,'Model','Sharp','Sharp Beamer','123','Beamer, geeignet fr alle Verwendungszwecke.','Expedita et inventore aut.',NULL,NULL,0,0,'Aliquam laudantium earum ea eum magni dolores.','Beamer brauch ein VGA Kabel!','2013-10-02 10:50:23','2013-10-02 10:50:23'),(43,'Model','Sharp','Sharp Beamer 2D','315','Beamer, geeignet fr alle Verwendungszwecke.','Voluptatem sit hic id.',NULL,NULL,0,0,'Accusantium dolor fugiat unde aut architecto.','Tempore quis praesentium officiis et expedita est placeat aut.','2013-10-02 10:50:23','2013-10-02 10:50:23'),(44,'Model','Panasonic','Mini Beamer','316','Beamer, geeignet fr alle Verwendungszwecke.','Laudantium eos perferendis aperiam non.',NULL,NULL,0,0,'Aut dolor sapiente qui.','Dolores ipsum suscipit totam sint sapiente maiores.','2013-10-02 10:50:23','2013-10-02 10:50:23'),(45,'Model','Sharp','Sharp Beamer','456','Beamer, geeignet fr alle Verwendungszwecke.','Repellat officia mollitia inventore aspernatur.',NULL,NULL,0,0,'Facilis nisi temporibus aliquam autem laboriosam possimus.','Beamer brauch ein VGA Kabel!','2013-10-02 10:50:23','2013-10-02 10:50:23'),(46,'Model','Sony','Ultra Compact Beamer','317','Besonders kleiner Beamer.','Corrupti ipsam iure libero cumque esse consequuntur et dolorem.',NULL,NULL,0,0,'Consequuntur at ut eveniet.','Beamer brauch ein VGA Kabel!','2013-10-02 10:50:23','2013-10-02 10:50:23'),(47,'Model','Micro','Micro Beamer','318','Besonders mikro kleiner Beamer.','Animi magnam suscipit rerum.',NULL,NULL,0,0,'Enim qui at aut.','Beamer brauch ein VGA Kabel!','2013-10-02 10:50:23','2013-10-02 10:50:23'),(48,'Model','Sony','Beamer 1 soluta','319','Et animi qui non sit ut suscipit vel.','Nobis nesciunt dolorem et recusandae in deserunt.',NULL,NULL,0,0,'Autem excepturi aut voluptas provident aut.','Beamer brauch ein VGA Kabel!','2013-10-02 10:50:23','2013-10-02 10:50:23'),(49,'Model','Sony','Beamer 2 optio','320','Quos dolores nulla vel magnam alias id aut.','Sit sunt quis ab quisquam.',NULL,NULL,0,0,'Eos voluptatum et veritatis omnis saepe placeat.','Beamer brauch ein VGA Kabel!','2013-10-02 10:50:23','2013-10-02 10:50:23'),(50,'Model','Sony','Beamer 3 labore','321','Dolor odit maiores nihil nostrum quidem dolore.','Quidem sed praesentium quia sapiente aliquam impedit.',NULL,NULL,0,0,'Laudantium eius maxime aspernatur consectetur nisi vero.','Beamer brauch ein VGA Kabel!','2013-10-02 10:50:23','2013-10-02 10:50:23'),(51,'Model','Sony','Beamer 4 ad','322','Consequatur quis voluptatum voluptatem ducimus.','Unde aliquid sed vero.',NULL,NULL,0,0,'Aut est quas tenetur voluptas.','Beamer brauch ein VGA Kabel!','2013-10-02 10:50:23','2013-10-02 10:50:23'),(52,'Model','Sony','Beamer 5 provident','323','Repellendus quam deserunt natus cum in.','Mollitia autem qui amet.',NULL,NULL,0,0,'Eum aut dolore minus quos quia.','Beamer brauch ein VGA Kabel!','2013-10-02 10:50:23','2013-10-02 10:50:23'),(53,'Model','Sony','Beamer 6 optio','324','Consequuntur vitae ut molestias est ut quo quisquam.','Amet et velit nihil qui cumque minus earum.',NULL,NULL,0,0,'Ducimus voluptates deserunt in voluptatem repudiandae aut itaque provident.','Beamer brauch ein VGA Kabel!','2013-10-02 10:50:23','2013-10-02 10:50:23'),(54,'Model','Sony','Beamer 7 non','325','Totam aut consequatur veritatis doloribus dolorem qui minima.','Harum totam voluptas ea perspiciatis quam neque nobis dolorem.',NULL,NULL,0,0,'Optio ab rerum molestias unde ut magnam laudantium.','Beamer brauch ein VGA Kabel!','2013-10-02 10:50:23','2013-10-02 10:50:23'),(55,'Model','Sony','Beamer 8 impedit','326','Delectus voluptate quae voluptatem numquam dolorum debitis aliquid necessitatibus.','Ad debitis excepturi culpa quas architecto.',NULL,NULL,0,0,'Deserunt soluta consectetur amet.','Beamer brauch ein VGA Kabel!','2013-10-02 10:50:23','2013-10-02 10:50:23'),(56,'Model','Sony','Beamer 9 esse','327','Ut debitis inventore blanditiis dicta nobis magni recusandae officia.','Et voluptate eligendi maiores repudiandae sint.',NULL,NULL,0,0,'Consequatur quasi vel labore deserunt eos laudantium.','Beamer brauch ein VGA Kabel!','2013-10-02 10:50:23','2013-10-02 10:50:23'),(57,'Model','Sony','Beamer 10 aliquid','328','Non qui quia nihil aliquid qui sit accusamus a.','Fuga et aut aut ut tempore eveniet quia fugiat.',NULL,NULL,0,0,'Omnis ipsam quod et fugiat sed eius ut est.','Beamer brauch ein VGA Kabel!','2013-10-02 10:50:23','2013-10-02 10:50:23'),(58,'Model','Sony','Beamer 11 error','329','Consequatur odit nesciunt itaque rem autem fuga est et.','Qui eveniet necessitatibus non.',NULL,NULL,0,0,'Eos praesentium quam quis.','Beamer brauch ein VGA Kabel!','2013-10-02 10:50:23','2013-10-02 10:50:23'),(59,'Model','Sony','Beamer 12 tempora','330','Voluptatem et recusandae debitis fugiat voluptas harum ex occaecati.','Harum temporibus mollitia est maiores accusantium veritatis voluptatem error.',NULL,NULL,0,0,'Quam et iure est architecto omnis alias aut.','Beamer brauch ein VGA Kabel!','2013-10-02 10:50:23','2013-10-02 10:50:23'),(60,'Model','Sony','Beamer 13 odit','331','Qui delectus cumque consequatur fugiat facere quam.','Perspiciatis hic et necessitatibus provident et ipsa.',NULL,NULL,0,0,'Cum soluta quasi iure consequuntur.','Beamer brauch ein VGA Kabel!','2013-10-02 10:50:23','2013-10-02 10:50:23'),(61,'Model','Sony','Beamer 14 natus','332','Aperiam sint repellendus at ad illo quia.','Vero dolor perspiciatis velit magni laborum.',NULL,NULL,0,0,'Nisi non accusantium sit voluptatem.','Beamer brauch ein VGA Kabel!','2013-10-02 10:50:23','2013-10-02 10:50:23'),(62,'Model','Sony','Beamer 15 reprehenderit','333','Dolores et voluptate harum et vitae voluptatem sit.','Ex dolorem et nesciunt.',NULL,NULL,0,0,'Voluptatem quo consectetur maxime qui repellendus minus recusandae hic.','Beamer brauch ein VGA Kabel!','2013-10-02 10:50:23','2013-10-02 10:50:23'),(63,'Model','Sony','Beamer 16 placeat','334','Placeat ducimus maxime repudiandae aspernatur debitis voluptatem qui velit.','Accusamus aut voluptatem laborum cupiditate consequatur possimus non ipsum.',NULL,NULL,0,0,'Incidunt adipisci dolores minus non eveniet debitis asperiores.','Beamer brauch ein VGA Kabel!','2013-10-02 10:50:23','2013-10-02 10:50:23'),(64,'Model','Sony','Beamer 17 totam','335','Aliquid doloremque sequi quasi omnis error quis voluptas.','Perferendis quis saepe architecto autem ut accusantium libero.',NULL,NULL,0,0,'Inventore ut cumque id laboriosam dolores beatae ut.','Beamer brauch ein VGA Kabel!','2013-10-02 10:50:23','2013-10-02 10:50:23'),(65,'Model','Sony','Beamer 18 et','336','Ducimus dolore vel est et maiores qui qui voluptates.','Inventore nesciunt maxime sint.',NULL,NULL,0,0,'Facere et doloremque accusamus facilis.','Beamer brauch ein VGA Kabel!','2013-10-02 10:50:23','2013-10-02 10:50:23'),(66,'Model','Sony','Beamer 19 expedita','337','Cupiditate aut perspiciatis rerum est incidunt.','In architecto tempore fugit iste sed animi.',NULL,NULL,0,0,'Dicta est doloremque ad.','Beamer brauch ein VGA Kabel!','2013-10-02 10:50:23','2013-10-02 10:50:23'),(67,'Model','Sony','Beamer 20 nisi','338','Est fuga aut nobis.','Est voluptatem nobis nostrum quae amet aut dolor.',NULL,NULL,0,0,'Quae labore ex neque rerum ullam.','Beamer brauch ein VGA Kabel!','2013-10-02 10:50:23','2013-10-02 10:50:23'),(68,'Model','Nikon','Kamera Nikon','X12','Super Kamera.','Debitis illum voluptatum itaque ea est perspiciatis.',NULL,NULL,0,0,'Sed ut atque aut.','Kamera brauch Akkus!','2013-10-02 10:50:23','2013-10-02 10:50:23'),(69,'Model','Nikon','Camera 1 dolores','339','Architecto minima est in.','Non enim expedita distinctio nobis odio nisi asperiores.',NULL,NULL,0,0,'Eos animi laborum quia.','Officiis vero perferendis debitis sed aliquid voluptatem.','2013-10-02 10:50:23','2013-10-02 10:50:23'),(70,'Model','Nikon','Camera 2 nostrum','340','Consequatur nemo quia dolorem eum.','Omnis quo veniam quis.',NULL,NULL,0,0,'Consectetur quae nam consequatur quod maxime suscipit ipsum.','Sit quis maiores sunt.','2013-10-02 10:50:23','2013-10-02 10:50:23'),(71,'Model','Nikon','Camera 3 tempora','341','Sit qui facere impedit dolorum a quis rerum quod.','Aut quo recusandae voluptatem repellendus architecto officia quo corporis.',NULL,NULL,0,0,'Eveniet deleniti et rerum vel fuga.','Fugit voluptates aut vel.','2013-10-02 10:50:23','2013-10-02 10:50:23'),(72,'Model','Nikon','Camera 4 beatae','342','Laudantium non alias numquam.','Numquam odio dolore non molestiae est aut in.',NULL,NULL,0,0,'Omnis magnam mollitia provident sequi quis animi deleniti.','Itaque tempora voluptatem laborum eos vero corrupti sapiente.','2013-10-02 10:50:23','2013-10-02 10:50:23'),(73,'Model','Nikon','Camera 5 exercitationem','343','Officiis eum voluptatum sunt provident reiciendis.','Enim velit quisquam quasi mollitia.',NULL,NULL,0,0,'Est nisi voluptate placeat rerum qui incidunt accusamus.','Quae illum consequatur minima dolores eum.','2013-10-02 10:50:23','2013-10-02 10:50:23'),(74,'Model','Nikon','Camera 6 natus','344','Quo iusto dolorem odit.','Est cumque nesciunt ducimus labore occaecati voluptates aut est.',NULL,NULL,0,0,'Deleniti qui labore quaerat error quasi nemo asperiores cupiditate.','Ullam sit dolore quo.','2013-10-02 10:50:23','2013-10-02 10:50:23'),(75,'Model','Nikon','Camera 7 sunt','345','Nostrum incidunt dolores laudantium.','Enim consequuntur maxime voluptatem illum quia labore.',NULL,NULL,0,0,'Officia sapiente rerum iusto omnis neque aperiam in eligendi.','Ratione fugit consequatur sunt ad quia.','2013-10-02 10:50:23','2013-10-02 10:50:23'),(76,'Model','Nikon','Camera 8 aliquam','346','Sed corrupti reiciendis facere quia.','Eos in tempora iusto aut illo.',NULL,NULL,0,0,'Et qui distinctio vero amet suscipit voluptatum officia.','Ullam hic aperiam autem sunt necessitatibus assumenda ad.','2013-10-02 10:50:23','2013-10-02 10:50:23'),(77,'Model','Nikon','Camera 9 odit','347','Omnis quia voluptatibus magni eius sunt rerum omnis reprehenderit.','Repellendus ad veritatis voluptate optio quia aut quo.',NULL,NULL,0,0,'Ut asperiores aspernatur qui.','Harum nulla ratione aut incidunt aut voluptate qui perferendis.','2013-10-02 10:50:23','2013-10-02 10:50:23'),(78,'Model','Nikon','Camera 10 quo','348','Magnam minima culpa consequuntur rerum sit sit unde et.','Velit unde labore suscipit alias veniam ducimus eaque amet.',NULL,NULL,0,0,'Maiores voluptatem vero pariatur quis deserunt.','Voluptatibus voluptas qui dolorem qui.','2013-10-02 10:50:23','2013-10-02 10:50:23'),(79,'Model','Nikon','Camera 11 qui','349','Quos dignissimos repellat quis omnis rerum sunt earum.','Eum consequatur voluptatem esse pariatur eum.',NULL,NULL,0,0,'Quisquam voluptatibus quia repudiandae.','Magni unde ullam blanditiis quaerat quia quo eos.','2013-10-02 10:50:23','2013-10-02 10:50:23'),(80,'Model','Nikon','Camera 12 necessitatibus','350','Qui doloremque ipsa quasi molestiae ratione.','Dolores voluptatem quo cupiditate.',NULL,NULL,0,0,'Qui et harum nesciunt et eveniet laboriosam dolorum ad.','Ipsa qui hic officiis ipsam.','2013-10-02 10:50:23','2013-10-02 10:50:23'),(81,'Model','Nikon','Camera 13 perferendis','351','Voluptate optio id similique error.','Reprehenderit officia numquam recusandae earum dolorem quam.',NULL,NULL,0,0,'Non sapiente illum alias quia fugiat.','Dolorem sit cupiditate suscipit optio nemo blanditiis.','2013-10-02 10:50:23','2013-10-02 10:50:23'),(82,'Model','Nikon','Camera 14 sit','352','Beatae soluta esse a necessitatibus laborum ratione quam minus.','Est minima labore quae perferendis molestiae quas.',NULL,NULL,0,0,'Molestias consequuntur dolorem quia iure error minus est aperiam.','Optio ea pariatur hic.','2013-10-02 10:50:23','2013-10-02 10:50:23'),(83,'Model','Nikon','Camera 15 nostrum','353','Asperiores beatae nesciunt et in non unde inventore architecto.','Necessitatibus impedit nihil autem laboriosam possimus inventore.',NULL,NULL,0,0,'Quae a ratione dolorum aspernatur quisquam dicta non.','Autem voluptatibus ut provident ex officia.','2013-10-02 10:50:23','2013-10-02 10:50:23'),(84,'Model','Nikon','Camera 16 et','354','Aliquam aspernatur et expedita et laboriosam placeat exercitationem.','Possimus voluptatem dolorem est nobis.',NULL,NULL,0,0,'Neque vero quia voluptas pariatur numquam facere aut laudantium.','Eveniet laborum sed rerum adipisci magni.','2013-10-02 10:50:23','2013-10-02 10:50:23'),(85,'Model','Nikon','Camera 17 voluptates','355','Eaque dolores dolorem optio.','Non molestiae culpa eum ut molestiae magnam quos.',NULL,NULL,0,0,'Molestiae libero nihil sed earum molestias ex nihil.','Eum dolorum molestiae dolores quis.','2013-10-02 10:50:23','2013-10-02 10:50:23'),(86,'Model','Nikon','Camera 18 totam','356','Similique quis molestias eius quos dolor suscipit enim eligendi.','Dolores facilis quia labore.',NULL,NULL,0,0,'Fuga dignissimos veniam magnam aperiam qui voluptas accusamus et.','Voluptatem ad doloribus ut ut necessitatibus.','2013-10-02 10:50:23','2013-10-02 10:50:23'),(87,'Model','Nikon','Camera 19 recusandae','357','Repellendus veniam qui minus et ipsum molestiae est.','Hic expedita sequi et tempore consequatur voluptatem.',NULL,NULL,0,0,'Fuga omnis earum consectetur aperiam eligendi mollitia id molestiae.','Vero dolorum et quam rerum aut et.','2013-10-02 10:50:23','2013-10-02 10:50:23'),(88,'Model','Nikon','Camera 20 totam','358','Nihil numquam enim inventore sapiente aut dignissimos.','Expedita rerum qui architecto perspiciatis explicabo maxime.',NULL,NULL,0,0,'Modi ducimus nisi et optio aliquid eligendi.','Et nisi sequi modi eaque nam.','2013-10-02 10:50:23','2013-10-02 10:50:23'),(89,'Model','Nikon','Camera 21 inventore','359','Ut aut aut impedit.','Et delectus qui cupiditate voluptas unde consequuntur qui et.',NULL,NULL,0,0,'Placeat consequatur rerum modi quibusdam quia blanditiis quasi eius.','Aliquam quis eum incidunt nihil natus voluptas at.','2013-10-02 10:50:23','2013-10-02 10:50:23'),(90,'Model','Nikon','Camera 22 eum','360','Nulla saepe dolorem quisquam et alias consectetur hic.','Quis dolores aliquam fugiat aut ad et.',NULL,NULL,0,0,'Molestiae ut adipisci quas odio eos ut porro quaerat.','Animi natus eius numquam.','2013-10-02 10:50:23','2013-10-02 10:50:23'),(91,'Model','Nikon','Camera 23 harum','361','Quia laborum nisi fuga possimus.','Laboriosam quia facere quibusdam quis omnis.',NULL,NULL,0,0,'Non reiciendis labore incidunt ad eveniet.','Quaerat ut soluta ipsa voluptatem similique molestiae reprehenderit ut.','2013-10-02 10:50:23','2013-10-02 10:50:23'),(92,'Model','Nikon','Camera 24 quaerat','362','Rerum aut et mollitia.','Soluta eius fuga voluptas.',NULL,NULL,0,0,'Sint est porro possimus.','Laboriosam qui rerum odit.','2013-10-02 10:50:23','2013-10-02 10:50:23'),(93,'Model','Nikon','Camera 25 vel','363','Sit veritatis molestiae nihil magnam rerum est.','Quia rerum et nam.',NULL,NULL,0,0,'Inventore ut ea minus voluptatem quam et consequatur accusamus.','Quas consequatur quis tempora.','2013-10-02 10:50:23','2013-10-02 10:50:23'),(94,'Model','Nikon','Camera 26 eaque','364','Asperiores numquam qui optio quia ut eveniet.','Ut tempore modi placeat quod facilis.',NULL,NULL,0,0,'Esse perferendis quibusdam qui temporibus.','Qui laborum voluptatem omnis recusandae assumenda provident accusantium exercitationem.','2013-10-02 10:50:23','2013-10-02 10:50:23'),(95,'Model','Nikon','Camera 27 et','365','Quia nemo culpa officia.','Provident possimus voluptas quaerat et.',NULL,NULL,0,0,'Laudantium et veritatis maxime.','Quidem enim esse asperiores.','2013-10-02 10:50:23','2013-10-02 10:50:23'),(96,'Model','Nikon','Camera 28 adipisci','366','Molestiae sed voluptatem qui qui.','Aut sequi sapiente numquam error fuga et.',NULL,NULL,0,0,'Facilis sunt occaecati provident magnam saepe recusandae dolor eaque.','Et eum deserunt atque.','2013-10-02 10:50:23','2013-10-02 10:50:23'),(97,'Model','Nikon','Camera 29 voluptatem','367','Dolores cumque voluptates doloribus.','Aut pariatur sint maiores quisquam officiis.',NULL,NULL,0,0,'Quaerat ut aut omnis unde nam.','Cupiditate ullam accusantium eius et impedit voluptates rerum qui.','2013-10-02 10:50:23','2013-10-02 10:50:23'),(98,'Model','Nikon','Camera 30 quo','368','Aut et dicta autem asperiores deleniti dolores at.','Eligendi expedita placeat minima magni aliquam fugit.',NULL,NULL,0,0,'Provident optio expedita ut.','Omnis dolorum nesciunt quis reiciendis.','2013-10-02 10:50:23','2013-10-02 10:50:23'),(99,'Model','Sony','Hifi Standard','369','Earum ut vero rem.','Doloremque rerum ad quasi.',NULL,NULL,2,0,'Deserunt non et voluptates autem rem ducimus quaerat sint.','Repellendus vero atque tenetur odit eius voluptas vitae ut.','2013-10-02 10:50:23','2013-10-02 10:50:23'),(100,'Model','Feli','Kamera Stativ','123','Stabiles Kamera Stativ','Consequuntur cum facere cumque sit explicabo et repudiandae.',NULL,NULL,0,0,'Quas eaque dolor aut placeat.','Stativ muss mit Stativtasche ausgehndigt werden.','2013-10-02 10:50:23','2013-10-02 10:50:23'),(101,'Model','Bose','BoseRustic Plastic Hat','370','Aperiam asperiores mollitia eum. Quo qui pariatur cupiditate voluptates. Totam magni quia numquam qui exercitationem aliquam est. Assumenda fugit nihil qui mollitia non quia. Libero laborum fuga sit eum qui ipsa voluptatibus.','Facere id in quis ducimus repellat.',NULL,NULL,0,0,'Architecto sit ut totam ea quam consectetur quis in.','Temporibus omnis nobis ex quos asperiores accusantium id.','2013-10-02 10:50:23','2013-10-02 10:50:23'),(102,'Model','Bose','BoseAwesome Cotton Hat','371','Sunt aliquam placeat. Est iusto at nobis voluptatem. Dolores voluptas porro sunt soluta sit cupiditate. Est est repellat impedit tempora.','Nihil eum aperiam molestiae consequatur fuga ab velit.',NULL,NULL,0,0,'Et quis cum vero.','Exercitationem aspernatur nemo inventore error sunt sequi et voluptas.','2013-10-02 10:50:23','2013-10-02 10:50:23'),(103,'Model','Hilll, Kreiger and Mayert','Kamera Set','375','Est sit fugit tempore magni magnam vero.','Et natus magnam vel.',NULL,NULL,1,1,'Vero ratione velit debitis voluptatem corporis.','Facilis similique cumque vitae nostrum et et.','2013-10-02 10:50:23','2013-10-02 10:50:23'),(104,'Model','Hodkiewicz, Wolff and Barton','Fantastic Concrete Table','376','Est odio illo aspernatur autem consequatur dolorem blanditiis.','Assumenda aut enim tempora ex vero quis est aut.',NULL,NULL,0,0,'Exercitationem vel est iusto nihil eaque molestiae.','Est doloremque cum dolor ullam accusantium nihil.','2013-10-02 10:50:23','2013-10-02 10:50:23'),(105,'Model','Jaskolski Inc','Awesome Cotton Gloves','377','At id deserunt vitae eveniet nihil.','Quibusdam rerum quo quia nam in numquam praesentium.',NULL,NULL,2,0,'Ex enim porro deleniti laudantium.','Quisquam consequatur et vero.','2013-10-02 10:50:23','2013-10-02 10:50:23'),(106,'Model','Rodriguez-Lakin','Incredible Cotton Shirt','378','Ut cumque quia ad delectus.','Minima autem impedit ad ut est rerum deserunt perferendis.',NULL,NULL,3,0,'Et repellendus dolor non.','Rerum eum occaecati ipsa.','2013-10-02 10:50:23','2013-10-02 10:50:23'),(107,'Model','Jones-King','Rustic Steel Car','379','Quas ea eligendi cumque enim eveniet.','Tempora in libero accusamus doloremque itaque.',NULL,NULL,3,0,'Incidunt numquam rerum recusandae occaecati quia.','Nulla a cumque ab officiis consectetur quibusdam ea.','2013-10-02 10:50:23','2013-10-02 10:50:23'),(108,'Model','Boyle Inc','Incredible Cotton Shoes','380','Excepturi ipsa reiciendis hic iure.','Enim ab qui nulla et.',NULL,NULL,2,0,'Repellat sunt exercitationem aut cumque ex quaerat.','Optio nesciunt enim doloremque beatae non.','2013-10-02 10:50:23','2013-10-02 10:50:23'),(109,'Model','Stark, Schuster and Abernathy','Rustic Plastic Chair','381','Sit quo deleniti consequuntur tempore quasi.','Suscipit eos rem consequatur laboriosam fuga ut.',NULL,NULL,2,0,'Molestiae ipsa quae fugit quia laudantium rerum sit et.','Error consequatur dolor sed consequuntur aperiam iste veniam accusantium.','2013-10-02 10:50:23','2013-10-02 10:50:23'),(110,'Model','Stark, Willms and Botsford','Gorgeous Plastic Shirt','382','Quos qui reprehenderit velit delectus cupiditate voluptatem vel.','Dolorem magnam enim aut aspernatur recusandae vero.',NULL,NULL,0,0,'Quis porro qui quo dolor necessitatibus ut.','Cumque aut ea ab aut distinctio minima quia.','2013-10-02 10:50:23','2013-10-02 10:50:23'),(111,'Model','Heidenreich-Shanahan','Practical Wooden Pants','383','Libero et natus eos repellendus quis rerum quia et.','Architecto vero quo atque repellendus quia nostrum laboriosam molestias.',NULL,NULL,2,0,'Explicabo eum voluptatibus sed molestias ducimus libero neque voluptas.','Quis tempore sed ratione minima et.','2013-10-02 10:50:23','2013-10-02 10:50:23'),(112,'Model','Beier-Robel','Fantastic Plastic Shirt','384','Sint fugit veritatis sed dolore.','Suscipit quod totam nulla vitae quis rem autem.',NULL,NULL,2,0,'Dolores sit quis in et voluptatum.','Dolorum optio amet ea ad dolores.','2013-10-02 10:50:23','2013-10-02 10:50:23'),(113,'Model','Emard, Stoltenberg and Hagenes','Ergonomic Rubber Gloves','385','Aspernatur ea quae maiores reiciendis.','Consequatur provident et sit qui.',NULL,NULL,3,0,'Aut non dolor ipsam reprehenderit in nihil et sed.','Inventore sint aut et perspiciatis laudantium ipsa earum.','2013-10-02 10:50:23','2013-10-02 10:50:23'),(114,'Model','Yundt-Hermiston','Intelligent Wooden Shirt','386','Inventore cumque soluta dolorem eum tenetur deleniti.','Repudiandae et beatae ut illo qui non ipsam exercitationem.',NULL,NULL,0,0,'Esse sint laborum itaque sed corrupti.','Minima eius fugiat praesentium in harum voluptatem.','2013-10-02 10:50:23','2013-10-02 10:50:23'),(115,'Model','Ratke-Cartwright','Sleek Concrete Computer','387','Iste iusto quas hic ut facere doloribus sapiente.','Totam et accusantium nesciunt laboriosam eum vel pariatur nam.',NULL,NULL,1,0,'Facilis voluptates et asperiores eligendi aliquid.','Accusamus deserunt et nulla consequatur.','2013-10-02 10:50:23','2013-10-02 10:50:23'),(116,'Model','Auer-O\'Kon','Kamera Set2','388','Reprehenderit voluptates nulla aut eum quasi.','Illum laborum voluptas eligendi suscipit consequatur et sint.',NULL,NULL,3,1,'Quia quia facilis necessitatibus aut.','Dolorum deserunt quaerat est eveniet.','2013-10-02 10:50:23','2013-10-02 10:50:23'),(117,'Model','Lehner-Rogahn','Incredible Plastic Shoes','389','Sed maxime ipsam eius repellat alias.','Corrupti quia eum minima repellat aliquid voluptas.',NULL,NULL,2,0,'Quia sit aut praesentium.','Consectetur ducimus voluptatem autem voluptatum.','2013-10-02 10:50:23','2013-10-02 10:50:23'),(118,'Model','Jakubowski and Sons','Intelligent Concrete Table','390','Quas vel nesciunt sequi autem odio.','Modi id amet nisi quam aliquam dignissimos.',NULL,NULL,1,0,'Fugit et voluptatem enim accusantium sit consequatur.','Similique qui animi nam eius temporibus quia.','2013-10-02 10:50:23','2013-10-02 10:50:23'),(119,'Model','Okuneva LLC','Sleek Steel Computer','391','Sit deleniti recusandae sunt dolorem nesciunt odio explicabo.','Saepe ipsum ullam quas illum ut accusantium est hic.',NULL,NULL,2,0,'Assumenda magnam minima reiciendis qui ipsum molestiae incidunt voluptas.','Aut tempora voluptas consequatur.','2013-10-02 10:50:23','2013-10-02 10:50:23'),(120,'Model','Herzog, Hilpert and Bins','Fantastic Concrete Shirt','392','Rerum eos et ex asperiores aliquid culpa consequatur laborum.','Aut velit non ipsa corporis exercitationem earum.',NULL,NULL,3,0,'Repellendus quo quos et nobis.','Fugiat amet ut et perspiciatis quis dolores vero voluptatibus.','2013-10-02 10:50:23','2013-10-02 10:50:23'),(121,'Model','Deckow Inc','Small Cotton Car','393','Ipsa reiciendis et nihil.','Nobis earum molestiae similique rem recusandae.',NULL,NULL,0,0,'Maiores nobis non debitis sint dolorem omnis accusamus.','Delectus hic omnis neque quia reprehenderit et voluptatum qui.','2013-10-02 10:50:23','2013-10-02 10:50:23'),(122,'Model','Emard, Hessel and Moen','Fantastic Concrete Hat','394','Autem itaque tempora quae voluptatum.','Beatae architecto est impedit veniam sed et id praesentium.',NULL,NULL,1,0,'Aut dolores quod ut inventore.','Consequuntur nesciunt perferendis a ipsam.','2013-10-02 10:50:23','2013-10-02 10:50:23'),(123,'Model','Hermiston-Erdman','Awesome Wooden Pants','395','Facere minima voluptatem qui quod ex beatae.','Eveniet ut ad quam.',NULL,NULL,2,0,'Dicta sint quam odit reiciendis.','Ea nesciunt rem tempora quia sit aperiam deleniti.','2013-10-02 10:50:23','2013-10-02 10:50:23'),(124,'Model','Pfannerstill Group','Sleek Plastic Car','396','Dignissimos vel natus voluptas vel fuga.','Magnam soluta porro qui ut aut nam cupiditate veniam.',NULL,NULL,2,0,'Veritatis dolorum sit dolorem quas quia ut.','Sit quaerat reiciendis laboriosam sunt optio.','2013-10-02 10:50:23','2013-10-02 10:50:23'),(125,'Model','Gusikowski-Cartwright','Small Wooden Hat','397','Aut sit autem est non dolorem.','Ducimus mollitia eaque placeat quibusdam officiis suscipit.',NULL,NULL,2,0,'Illo quos nulla eaque.','Eum autem molestiae temporibus nemo laborum repudiandae laboriosam.','2013-10-02 10:50:23','2013-10-02 10:50:23'),(126,'Model','Hettinger, Von and Reilly','Gorgeous Granite Shirt','398','Est atque aspernatur voluptate.','Earum adipisci voluptatum mollitia est.',NULL,NULL,3,0,'Esse hic nihil exercitationem ad tempore.','Repellat est at iusto voluptatem vitae neque.','2013-10-02 10:50:23','2013-10-02 10:50:23'),(127,'Model','Bartell-Kshlerin','Small Plastic Shirt','399','Temporibus cumque vel beatae voluptas quaerat est.','Cumque ipsa ut voluptas.',NULL,NULL,2,0,'Velit ducimus eaque ad.','Labore et est dignissimos distinctio.','2013-10-02 10:50:23','2013-10-02 10:50:23'),(128,'Model','Weissnat-Gusikowski','Ergonomic Steel Car','400','Sed sit saepe sint dignissimos natus sapiente.','Magni quo voluptatem quia.',NULL,NULL,2,0,'Delectus est consequatur non ratione quam nihil.','Debitis recusandae totam dolor voluptatem.','2013-10-02 10:50:23','2013-10-02 10:50:23'),(129,'Model','Canon','Kamera Canon D5','401','Ganz teure Kamera','Ullam et sequi aut molestias natus a.',NULL,NULL,0,0,'Error quod dolores doloribus repellendus ex alias.','Kamera brauch Akkus!','2013-10-02 10:50:23','2013-10-02 10:50:23'),(130,'Model','Apple','iMac','402','Apples alter iMac','Ipsam hic et eos.',NULL,NULL,0,0,'Perspiciatis consequatur quo et modi alias.','Sed veritatis adipisci nam accusamus.','2013-10-02 10:50:23','2013-10-02 10:50:23'),(131,'Model','Microsoft','Windows Laptop','403','Ein Laptop der Marke Microsoft','Sed molestias et ratione voluptas dolor voluptatum nobis.',NULL,NULL,0,0,'Ea et voluptas officia deleniti consequatur quaerat nisi.','Laptop mit Tasche ausgeben','2013-10-02 10:50:23','2013-10-02 10:50:23'),(132,'Model','Walkera','Walkera v120','1G','3D Helikopter','Et recusandae rerum mollitia sapiente.',NULL,NULL,0,0,'Quam amet nisi rem.','Culpa velit dolorem voluptas.','2013-10-02 10:50:23','2013-10-02 10:50:23'),(133,'Model','Walkera','Walkera v120','2G','3D Helikopter','Qui dolores qui aut.',NULL,NULL,0,0,'Ut rerum itaque laudantium.','Vero sint et ipsam dignissimos est iste quidem officia.','2013-10-02 10:50:23','2013-10-02 10:50:23'),(134,'Model','Walkera','Walkera v120','3G','3D Helikopter','Soluta harum ad odio temporibus maiores labore saepe laudantium.',NULL,NULL,0,0,'Sit fugit architecto id deleniti unde omnis.','Et dolorem dolorem in eligendi et iure maxime corporis.','2013-10-02 10:50:23','2013-10-02 10:50:23'),(135,'Software','Tremblay, Huel and Windler','Intelligent Concrete Hat','404',NULL,NULL,NULL,NULL,0,0,NULL,NULL,'2013-10-02 10:50:23','2013-10-02 10:50:23'),(136,'Software','Nicolas-Rippin','Incredible Wooden Shoes','405',NULL,NULL,NULL,NULL,0,0,NULL,NULL,'2013-10-02 10:50:23','2013-10-02 10:50:23'),(137,'Software','Kreiger-Emmerich','Fantastic Wooden Chair','406',NULL,NULL,NULL,NULL,0,0,NULL,NULL,'2013-10-02 10:50:23','2013-10-02 10:50:23'),(138,'Software','Bashirian and Sons','Small Cotton Pants','407',NULL,NULL,NULL,NULL,0,0,NULL,NULL,'2013-10-02 10:50:23','2013-10-02 10:50:23'),(139,'Software','Barton-Kuphal','Fantastic Cotton Gloves','408',NULL,NULL,NULL,NULL,0,0,NULL,NULL,'2013-10-02 10:50:23','2013-10-02 10:50:23'),(140,'Software','Kassulke, Sipes and Eichmann','Sleek Concrete Shirt','409',NULL,NULL,NULL,NULL,0,0,NULL,NULL,'2013-10-02 10:50:23','2013-10-02 10:50:23'),(141,'Software','Nikolaus, Jenkins and Schmitt','Awesome Cotton Chair','410',NULL,NULL,NULL,NULL,0,0,NULL,NULL,'2013-10-02 10:50:23','2013-10-02 10:50:23'),(142,'Software','Torp-Ondricka','Rustic Plastic Pants','411',NULL,NULL,NULL,NULL,0,0,NULL,NULL,'2013-10-02 10:50:23','2013-10-02 10:50:23'),(143,'Software','Homenick-Beier','Sleek Wooden Hat','412',NULL,NULL,NULL,NULL,0,0,NULL,NULL,'2013-10-02 10:50:23','2013-10-02 10:50:23'),(144,'Software','Dooley, Hammes and Deckow','Sleek Cotton Pants','413',NULL,NULL,NULL,NULL,0,0,NULL,NULL,'2013-10-02 10:50:23','2013-10-02 10:50:23'),(145,'Software','Bergnaum-Kautzer','Ergonomic Rubber Table','414',NULL,NULL,NULL,NULL,0,0,NULL,NULL,'2013-10-02 10:50:23','2013-10-02 10:50:23'),(146,'Software','Lindgren, Kessler and Koelpin','Practical Concrete Shoes','415',NULL,NULL,NULL,NULL,0,0,'test http://test.ch\r\nwww.foo.ch\r\njust a text',NULL,'2013-10-02 10:50:23','2013-10-02 10:50:23'),(147,'Software','Thiel LLC','Ergonomic Concrete Shoes','416',NULL,NULL,NULL,NULL,0,0,'test http://test.ch\r\nwww.foo.ch\r\njust a text',NULL,'2013-10-02 10:50:23','2013-10-02 10:50:23'),(148,'Software','Skiles and Sons','Rustic Plastic Shoes','417',NULL,NULL,NULL,NULL,0,0,NULL,NULL,'2013-10-02 10:50:23','2013-10-02 10:50:23'),(149,'Model','Krajcik-Kshlerin','Incredible Concrete Table',NULL,'Beatae omnis exercitationem qui ipsa non.','Repellendus quod enim commodi deleniti consequatur.',NULL,NULL,2,0,'Praesentium recusandae dolorum fugit voluptatum adipisci officiis.','Nemo porro quia ut inventore et reiciendis aspernatur quasi.','2013-10-02 10:50:23','2013-10-02 10:50:23'),(150,'Model','Hessel, Schultz and Frami','Small Concrete Chair','419','Aliquid aut libero ducimus sapiente.','Ad voluptates ipsum et nisi.',NULL,NULL,3,0,'In vitae expedita sunt.','Doloribus iste consectetur tempore.','2013-10-02 10:50:23','2013-10-02 10:50:23'),(151,'Software','Bernhard-Muller','Small Concrete Table','421',NULL,NULL,NULL,NULL,0,0,NULL,NULL,'2013-10-02 10:50:23','2013-10-02 10:50:23'),(152,'Model','Walker-Balistreri','Small Granite Gloves','422','Aperiam et quo voluptatem voluptas.','Unde quis ut ea eaque dolore dolor.',NULL,NULL,3,0,'Doloribus qui fugiat sunt eaque.','Numquam ipsum accusantium eum id.','2013-09-27 00:00:00','2013-09-27 00:00:00'),(153,'Model','Effertz LLC','Intelligent Cotton Shirt','423','Assumenda consequatur omnis dolorem quisquam cumque aliquid repellendus molestiae.','Facere quo hic qui.',NULL,NULL,3,0,'Iste ut dolorem veritatis.','Libero corporis corrupti quo tempora.','2013-09-27 00:00:00','2013-09-27 00:00:00'),(154,'Model','Willms-Macejkovic','Rustic Wooden Car','424','Sint inventore fugiat quo voluptatem.','Consequatur ipsum tenetur officia.',NULL,NULL,2,0,'In nesciunt quisquam ipsam rem.','Autem ut quia rerum dolores dolorem quos.','2013-09-27 00:00:00','2013-09-27 00:00:00'),(155,'Model','Miller Inc','Gorgeous Cotton Table','425','Est ex similique dolores provident consectetur.','Voluptatem temporibus eum voluptatum ipsam dolor molestias dolores porro.',NULL,NULL,1,0,'Eaque veniam corrupti velit eius.','Omnis quaerat ea iusto magni ullam dolor.','2013-09-27 00:00:00','2013-09-27 00:00:00'),(156,'Model','Johnston and Sons','Ergonomic Granite Shirt','427','Illo exercitationem totam et dolore.','Voluptatibus enim ut maiores fugit aliquid est.',NULL,NULL,2,0,'Molestias ut quo voluptatem.','Est quaerat sequi laborum deserunt natus ipsum.','2013-10-02 10:50:23','2013-10-02 10:50:23'),(157,'Model','Lowe Inc','Small Plastic Hat','428','Accusamus maiores cupiditate ut aperiam.','Beatae qui sequi fugit exercitationem repellat.',NULL,NULL,3,0,'Qui qui veritatis alias cumque facilis fugit.','Eum expedita qui deserunt maiores aperiam ut repellendus.','2013-10-02 10:50:23','2013-10-02 10:50:23'),(158,'Model','Beer Inc','Sleek Plastic Shoes','429','Modi distinctio qui temporibus adipisci occaecati.','Possimus et aut et excepturi explicabo.',NULL,NULL,1,0,'Quo facilis sed distinctio sed in id.','Tenetur beatae reprehenderit rerum distinctio in a consectetur nulla.','2013-10-02 10:50:23','2013-10-02 10:50:23'),(159,'Model','Maggio-Konopelski','Gorgeous Rubber Shirt','430','Vel fuga odit recusandae accusamus ut vitae similique.','Voluptate laborum est deserunt natus quo.',NULL,NULL,1,0,'Ducimus iste consequatur magnam voluptates eum ullam quae sed.','Quam sit est quo aspernatur repudiandae consectetur autem neque.','2013-10-02 10:50:23','2013-10-02 10:50:23'),(160,'Model','Pagac-Weimann','Gorgeous Granite Car','431','Sit incidunt officiis voluptatibus tempore distinctio quam doloremque inventore.','Animi accusantium repellendus dolorem rem quam.',NULL,NULL,1,0,'Eligendi temporibus assumenda porro perspiciatis praesentium sit necessitatibus.','Odio nam eos culpa molestias labore omnis maiores saepe.','2013-10-02 10:50:23','2013-10-02 10:50:23'),(161,'Model','Eichmann-Walter','Awesome Rubber Shirt','432','Exercitationem aut soluta ea repudiandae facilis.','Inventore fuga exercitationem mollitia dicta nihil autem.',NULL,NULL,3,0,'Perspiciatis at voluptatibus explicabo enim sed.','Sed minima aliquam accusantium eius id.','2013-10-02 10:50:23','2013-10-02 10:50:23'),(162,'Model','Robel-Kihn','Sleek Rubber Hat','433','Nostrum omnis quam quod quis omnis doloremque necessitatibus.','Et repellat ea qui pariatur ut dignissimos enim ratione.',NULL,NULL,1,0,'Sequi mollitia et ducimus rem.','Id deleniti fugiat voluptas dolorum ab.','2013-10-02 10:50:23','2013-10-02 10:50:23'),(163,'Model','Bernhard Group','Practical Granite Shoes','434','Et aspernatur rerum id sit et nostrum.','Aut quia eum fuga.',NULL,NULL,0,0,'Et sit labore aut praesentium ratione.','Itaque assumenda praesentium nihil at quae sit magni.','2013-10-02 10:50:23','2013-10-02 10:50:23'),(164,'Model','Marvin, Torp and Swift','Intelligent Cotton Pants','435','Est itaque eveniet recusandae repellendus sit temporibus nemo animi.','Voluptas corrupti dolorum atque.',NULL,NULL,0,0,'Molestias iusto vel eos est numquam ipsum quidem dolorem.','Ipsum tempore officia commodi qui et.','2013-10-02 10:50:23','2013-10-02 10:50:23'),(165,'Model','Buckridge, Sawayn and Mann','Practical Granite Computer','436','Incidunt possimus qui molestiae.','Magni nostrum facere beatae.',NULL,NULL,0,0,'Optio id rerum autem quam nulla ut quidem et.','Dolorem ut quae et qui magnam dolor aspernatur.','2013-10-02 10:50:23','2013-10-02 10:50:23'),(166,'Model','Mitchell-Von','Incredible Wooden Shirt','437','Maiores exercitationem et ipsam voluptas doloremque inventore.','Incidunt cumque temporibus esse fuga ipsa delectus.',NULL,NULL,0,0,'Consectetur ducimus incidunt accusamus natus nesciunt quae nihil dignissimos.','Soluta et porro aut at.','2013-10-02 10:50:23','2013-10-02 10:50:23'),(167,'Model','Block and Sons','Practical Rubber Chair','438','Nostrum nam voluptatem explicabo qui unde vel hic.','Et rerum qui hic quae quos.',NULL,NULL,3,0,'Voluptatem molestias rem placeat.','Esse rerum ut dolore adipisci perspiciatis alias.','2013-10-02 10:50:23','2013-10-02 10:50:23'),(168,'Model','Cole, Feil and Bartoletti','Awesome Wooden Table','439','Inventore voluptates illo sit quibusdam.','Quasi neque nobis aperiam libero explicabo cum illum nisi.',NULL,NULL,2,0,'Corporis id tempore voluptates occaecati magni nihil.','Reprehenderit aperiam aliquam repellat libero itaque alias dolore.','2013-09-27 00:00:00','2013-09-27 00:00:00'),(169,'Model','Bergnaum-Shields','Awesome Granite Chair','440','Sed quia in odio assumenda autem aut est.','Voluptatem nesciunt dolor aperiam adipisci.',NULL,NULL,2,0,'Eius dolor molestias iure enim.','Cupiditate ipsa amet sit nam.','2013-09-27 00:00:00','2013-09-27 00:00:00'),(170,'Model','Ritchie, Kunze and Gottlieb','Small Rubber Table','441','Repudiandae architecto dolorem nihil cupiditate enim.','Sed exercitationem consectetur eos excepturi quidem.',NULL,NULL,3,0,'Ea minima neque sit ipsum.','Est hic vel aliquid qui id quod unde beatae.','2013-09-27 00:00:00','2013-09-27 00:00:00'),(171,'Model','Hettinger-Wunsch','Small Concrete Hat','442','Laborum pariatur sit doloribus asperiores hic magnam dicta ullam.','Excepturi nihil autem iure id.',NULL,NULL,0,0,'Veniam quo vel est error laborum facere.','Non hic eos officia consequatur ut voluptatem.','2013-09-27 00:00:00','2013-09-27 00:00:00'),(172,'Model','Beahan-O\'Keefe','Rustic Rubber Chair','443','Consequatur fuga corrupti dolor nam est iste.','Nesciunt sunt incidunt recusandae quia architecto.',NULL,NULL,3,0,'Quis qui suscipit ea neque ipsam.','A repudiandae similique ipsum sit quo minima provident quidem.','2013-10-02 10:50:23','2013-10-02 10:50:23'),(173,'Model','Huels, Kling and Reilly','Ergonomic Concrete Table','444','Et reiciendis delectus nesciunt odit cupiditate neque ut.','Pariatur molestias molestiae sint ut ut vel vero.',NULL,NULL,2,0,'Quasi qui illo eveniet.','Et enim sit sit.','2013-10-02 10:50:23','2013-10-02 10:50:23'),(174,'Model','Ebert-Zieme','Awesome Wooden Shirt','445','Sunt delectus sed ratione.','Ut est dolorem qui.',NULL,NULL,1,0,'Perferendis ullam quam eos voluptas quod sapiente voluptates.','Et inventore iste qui.','2013-10-02 10:50:23','2013-10-02 10:50:23'),(175,'Model','Schiller-Brown','Gorgeous Cotton Hat','446','Error et provident et ipsa voluptatem.','Ad odit quis exercitationem non quia.',NULL,NULL,3,0,'Cumque molestias consequatur inventore et placeat reprehenderit.','Qui amet odit molestiae hic assumenda in blanditiis.','2013-10-02 10:50:23','2013-10-02 10:50:23'),(176,'Model','Luettgen and Sons','Incredible Concrete Shirt','447','Voluptatem molestiae tempora inventore illum sed reiciendis a dolorem.','Quia error non fuga consequatur labore.',NULL,NULL,0,0,'Cupiditate exercitationem sunt rem quia delectus voluptates quod.','Eos sit dolores temporibus rerum blanditiis.','2013-10-02 10:50:23','2013-10-02 10:50:23'),(177,'Model','Wiegand and Sons','Fantastic Steel Pants','448','Nostrum consequatur quos repellendus.','Qui vero dolores quo aut odit natus sequi.',NULL,NULL,0,0,'Et velit debitis accusamus in quia quasi blanditiis aut.','Vitae aut maxime accusantium adipisci voluptatibus.','2013-10-02 10:50:23','2013-10-02 10:50:23'),(178,'Model','Heaney, Leuschke and Huel','Intelligent Plastic Shoes','449','Dignissimos tenetur rerum a aliquam.','Qui quis quasi et illum ipsum.',NULL,NULL,3,0,'Dolores et deserunt quis et quae nobis.','Soluta iusto hic modi.','2013-10-02 10:50:23','2013-10-02 10:50:23'),(179,'Model','Tromp Group','Ergonomic Wooden Hat','450','Assumenda sit distinctio deserunt.','Alias doloribus et voluptatem quas sit.',NULL,NULL,0,0,'Qui aut expedita facilis.','Autem quia et omnis.','2013-10-02 10:50:23','2013-10-02 10:50:23'),(180,'Model','Corwin-O\'Reilly','Sleek Rubber Car','451','Veritatis consequatur aliquid inventore voluptatem accusantium dolorem.','Repudiandae similique libero labore animi est et.',NULL,NULL,2,0,'Rerum consectetur nisi eos doloremque.','Quia qui in voluptas vel voluptatem consequuntur.','2013-10-02 10:50:23','2013-10-02 10:50:23'),(181,'Model','McClure, Predovic and Tromp','Practical Steel Chair','452','Non debitis sit repellat eum qui.','Omnis alias ipsa quasi.',NULL,NULL,2,0,'Nulla qui laboriosam distinctio rerum eum esse ipsa cum.','Ducimus quisquam inventore quas impedit.','2013-10-02 10:50:23','2013-10-02 10:50:23'),(182,'Model','Reichert Inc','Intelligent Rubber Computer','453','Molestiae esse enim aut sit ut.','Maiores possimus incidunt ut perspiciatis qui.',NULL,NULL,1,0,'Est neque ut ea quos consequatur quia.','Atque officia assumenda labore.','2013-10-02 10:50:23','2013-10-02 10:50:23'),(183,'Model','Franecki, Koch and Hamill','Intelligent Cotton Computer','454','Libero vitae neque molestias enim nihil quis.','Error incidunt a aut.',NULL,NULL,2,0,'Illum esse quo enim nihil repellendus.','Vitae rerum rem expedita.','2013-10-02 10:50:23','2013-10-02 10:50:23'),(184,'Model','Ferry LLC','Rustic Rubber Car','455','Aut aut delectus et illum quia.','Recusandae sit blanditiis consectetur.',NULL,NULL,0,0,'Sunt molestias et dolores praesentium.','Voluptatem veritatis distinctio et doloremque exercitationem tempore neque.','2013-10-02 10:50:23','2013-10-02 10:50:23'),(185,'Model','Johnston Inc','Rustic Rubber Hat','456','Rerum velit delectus consectetur laborum sed nulla fugiat atque.','Molestiae quae ea non saepe est.',NULL,NULL,1,0,'Aliquam quia aut similique.','Aut aut eveniet dolorem sed eius explicabo dolor.','2013-10-02 10:50:23','2013-10-02 10:50:23'),(186,'Model','Feeney-Ankunding','Sleek Granite Shirt','457','Cumque temporibus consequatur atque totam molestiae amet asperiores veritatis.','Voluptas similique et laborum ut pariatur.',NULL,NULL,3,0,'Perferendis qui laudantium possimus sequi dolor et maxime rerum.','Consectetur quasi quia tempore nesciunt harum dolor.','2013-10-02 10:50:23','2013-10-02 10:50:23'),(187,'Model','Hoeger, Langosh and Wilderman','Incredible Wooden Gloves','458','At suscipit quo enim ut aut consequatur.','Laudantium ullam sint quam.',NULL,NULL,2,0,'Veniam quas eum deserunt fugiat sunt odio est.','Deserunt aspernatur doloremque qui voluptatem temporibus tempora non.','2013-10-02 10:50:23','2013-10-02 10:50:23'),(188,'Model','Weber and Sons','Practical Concrete Chair','459','Libero incidunt doloribus dolor qui qui ipsum.','Aspernatur ut saepe ut ut.',NULL,NULL,1,0,'Assumenda in repellendus sint eos sit sit.','Beatae aliquid debitis voluptatem.','2013-10-02 10:50:23','2013-10-02 10:50:23'),(189,'Model','Wilderman-Kerluke','Awesome Concrete Pants','460','Velit aliquam maxime ut accusamus perferendis odit optio nam.','Aliquam quas est illum nisi quibusdam.',NULL,NULL,0,0,'Omnis autem ut perferendis in impedit consequatur.','Nulla ea deserunt ea et molestias officiis porro.','2013-10-02 10:50:23','2013-10-02 10:50:23'),(190,'Model','Hane, Beier and Lemke','Awesome Wooden Shoes','461','Dolore provident commodi dolorem quia.','Beatae est vitae modi laboriosam accusamus adipisci.',NULL,NULL,2,0,'Excepturi est architecto qui necessitatibus nostrum.','Expedita facilis sapiente adipisci esse impedit et dolorum.','2013-10-02 10:50:23','2013-10-02 10:50:23'),(191,'Model','Ferry Group','Incredible Wooden Table','462','Quia ut sit totam.','Dolores omnis ut et est in porro rem impedit.',NULL,NULL,3,0,'Dicta repellendus quos quae quia rerum facilis.','Enim alias fugiat consectetur ea ullam.','2013-10-02 10:50:23','2013-10-02 10:50:23'),(192,'Model','Ebert-Goyette','Intelligent Steel Gloves','463','Ut quibusdam ut eum iusto repellat et.','Sunt est veritatis inventore error officia ut.',NULL,NULL,1,0,'Quisquam enim ut accusamus fuga nihil necessitatibus nihil facere.','Quia eligendi adipisci deleniti sequi optio et distinctio.','2013-10-02 10:50:23','2013-10-02 10:50:23'),(193,'Model','Berge, Corwin and Harvey','Practical Steel Gloves','464','Voluptatem laborum excepturi et vero ea nihil.','Vitae quam cum molestiae veritatis labore.',NULL,NULL,1,0,'Eum voluptatem ullam officia reprehenderit omnis.','Quia error temporibus enim minus officia.','2013-10-02 10:50:23','2013-10-02 10:50:23'),(194,'Model','Hoeger LLC','Fantastic Rubber Car','465','Ipsum soluta possimus reiciendis similique et iusto perferendis excepturi.','Rerum ratione eos nemo qui qui dolores.',NULL,NULL,3,0,'Doloribus vel est rerum magni quae quia officia.','Occaecati ut explicabo nam minus vero.','2013-10-02 10:50:23','2013-10-02 10:50:23'),(195,'Model','Mayer-Shanahan','Rustic Steel Hat','466','Quis voluptates voluptatem hic.','Fuga accusamus aut at.',NULL,NULL,3,0,'Et sunt et sit quidem recusandae.','Earum quia ut distinctio eligendi.','2013-10-02 10:50:23','2013-10-02 10:50:23'),(196,'Model','Hermann and Sons','Sleek Rubber Chair','467','Modi vitae voluptatum sapiente tenetur officiis sed.','Neque quia qui omnis veritatis quia.',NULL,NULL,2,0,'Labore aliquid rerum inventore earum pariatur et et ut.','Quod ut officia ratione.','2013-10-02 10:50:23','2013-10-02 10:50:23'),(197,'Model','D\'Amore Group','Awesome Granite Shirt','468','Sed omnis facilis fugiat deleniti velit amet quos labore.','Assumenda est est quam facere.',NULL,NULL,0,0,'Magni eum nihil officia quidem quibusdam.','Sint adipisci sequi ad dolorem nisi commodi et.','2013-10-02 10:50:23','2013-10-02 10:50:23'),(198,'Model','Becker Group','Ergonomic Plastic Pants','469','Animi sit cumque nihil sunt.','Rerum perferendis accusamus et non dolorem deleniti et.',NULL,NULL,0,0,'Reiciendis aut possimus doloribus.','Quia est consequuntur inventore velit.','2013-10-02 10:50:23','2013-10-02 10:50:23'),(199,'Model','Rowe, Torphy and Rohan','Awesome Wooden Hat','470','Quo voluptas dolores architecto.','Ipsa doloremque non dolores itaque fugiat.',NULL,NULL,0,0,'Et officia eligendi voluptatem qui eos.','Facere sapiente consequatur nulla et dignissimos amet.','2013-10-02 10:50:23','2013-10-02 10:50:23'),(200,'Model','Cassin-Effertz','Incredible Cotton Pants','471','Voluptas incidunt delectus facilis est perferendis nulla sed dignissimos.','Dolorem aliquam quaerat blanditiis fugit occaecati.',NULL,NULL,1,0,'Deserunt dolor in omnis tempora autem reprehenderit atque.','Adipisci beatae fuga animi aspernatur.','2013-10-02 10:50:23','2013-10-02 10:50:23'),(201,'Model','Rowe, Smith and Hintz','Gorgeous Cotton Chair','472','Rerum enim molestiae voluptatem et consequatur rerum dolore.','Ut et ad quod repellendus tenetur ratione repudiandae.',NULL,NULL,2,0,'Suscipit quia doloribus dolores adipisci ullam aut sed consequatur.','Voluptatem et voluptatem in.','2013-10-02 10:50:23','2013-10-02 10:50:23'),(202,'Model','Abbott, MacGyver and Gerhold','Small Granite Pants','473','Nulla veniam et optio distinctio id vero atque.','Soluta explicabo ex voluptate illum quod dolores.',NULL,NULL,0,0,'Amet earum ea cumque architecto aliquid est.','Ut dignissimos est sed quisquam perspiciatis aut.','2013-10-02 10:50:23','2013-10-02 10:50:23'),(203,'Model','Little Inc','Gorgeous Plastic Hat','474','Aliquam omnis ratione voluptas nemo aut tempora.','Reprehenderit itaque et in pariatur.',NULL,NULL,3,0,'Ut quod autem vero.','Eaque aperiam dolor exercitationem.','2013-10-02 10:50:23','2013-10-02 10:50:23'),(204,'Model','Schmitt, Senger and Hayes','Incredible Concrete Computer','475','Et est est facilis quas autem nostrum debitis commodi.','Nesciunt beatae dolores qui vel reiciendis facere voluptas voluptatum.',NULL,NULL,1,0,'Excepturi dolorem maiores earum.','Ipsa necessitatibus atque consectetur dolores ut ducimus.','2013-10-02 10:50:23','2013-10-02 10:50:23'),(205,'Model','Stoltenberg, Klocko and Koepp','Fantastic Steel Shirt','476','Aperiam ut facilis sint veritatis quidem.','Dicta non quasi non natus qui est.',NULL,NULL,0,0,'Voluptatum occaecati rem doloremque ducimus cumque est soluta.','Dolore impedit soluta adipisci totam.','2013-10-02 10:50:23','2013-10-02 10:50:23'),(206,'Model','Emmerich, Thiel and Kuhlman','Fantastic Granite Pants','477','Maiores qui error saepe dolor.','Qui libero cupiditate eos nihil et aut.',NULL,NULL,1,0,'Accusantium cumque officia repellendus.','Eum aut incidunt consequatur.','2013-10-02 10:50:23','2013-10-02 10:50:23'),(207,'Model','Sawayn Inc','Rustic Rubber Shoes','478','Eos repellat natus voluptate facere quod velit sunt quisquam.','Voluptas optio aliquam maxime magnam iste tenetur ducimus non.',NULL,NULL,0,0,'Vel ut et perspiciatis aperiam sed.','Quia dolore cumque vitae.','2013-10-02 10:50:23','2013-10-02 10:50:23'),(208,'Model','Bradtke Inc','Intelligent Steel Computer','479','Rerum quo dolor tenetur sapiente.','Dicta voluptatum commodi exercitationem impedit eveniet.',NULL,NULL,1,0,'Molestias assumenda iusto suscipit dolore itaque voluptatem.','Rerum aut doloremque quia nostrum omnis dolorem.','2013-10-02 10:50:23','2013-10-02 10:50:23'),(209,'Model','Harris, Considine and Schmitt','Rustic Plastic Car','480','Aut consequuntur in et reiciendis placeat sed adipisci dolores.','Commodi enim voluptas quia omnis reiciendis iste numquam.',NULL,NULL,2,0,'Saepe porro expedita unde repellat ut.','Ducimus dolorem ab fuga.','2013-10-02 10:50:23','2013-10-02 10:50:23'),(210,'Model','Terry, Borer and Roberts','Incredible Rubber Shoes','481','Perspiciatis debitis non placeat dolorum rerum.','Maxime nostrum magni tempore.',NULL,NULL,2,0,'Eaque ab ut assumenda magni repellat animi atque minima.','Sit id cupiditate perferendis.','2013-10-02 10:50:23','2013-10-02 10:50:23'),(211,'Model','Watsica-Kautzer','Small Concrete Computer','482','Eum occaecati tempora nobis id.','Ipsum omnis minima non eos.',NULL,NULL,0,0,'Non dolor sit fuga ab est soluta harum.','Repellat voluptatem ratione dolor enim ut.','2013-10-02 10:50:23','2013-10-02 10:50:23'),(212,'Model','Abernathy, Dietrich and Dibbert','Gorgeous Concrete Table','483','Cum dolores eveniet aut sit.','Est dolorem quia eveniet necessitatibus quasi.',NULL,NULL,0,0,'Et et ipsam nobis voluptas.','Nulla dolorem asperiores animi corporis aut dolor.','2013-10-02 10:50:23','2013-10-02 10:50:23'),(213,'Model','Jones LLC','Intelligent Steel Shoes','484','Natus harum expedita amet hic.','Velit facilis cum sit nostrum.',NULL,NULL,2,0,'Dolorum molestiae perspiciatis laboriosam dolorem.','Id consequatur sed atque cum in.','2013-10-02 10:50:23','2013-10-02 10:50:23'),(214,'Model','Keebler-Hartmann','Gorgeous Cotton Car','485','Minus asperiores aliquid omnis qui et officia autem.','Quia commodi numquam quia quidem unde ut libero.',NULL,NULL,0,0,'In error consequatur velit pariatur.','Assumenda error quis ea.','2013-10-02 10:50:23','2013-10-02 10:50:23'),(215,'Model','Ortiz-Conn','Fantastic Concrete Computer','486','Excepturi perferendis illo corporis nulla quo enim ea.','Ipsum alias et id dolores.',NULL,NULL,3,0,'Nulla totam suscipit laboriosam voluptas vero.','Ex optio ullam magnam consectetur facere.','2013-10-02 10:50:23','2013-10-02 10:50:23'),(216,'Model','Schmeler Inc','Rustic Wooden Gloves','487','Dolorum nobis qui voluptatem rem velit.','Ipsum saepe laboriosam et rem dolores.',NULL,NULL,3,0,'Et fuga voluptas nesciunt sit veniam et.','Vitae saepe accusantium eos voluptatem et rerum.','2013-10-02 10:50:23','2013-10-02 10:50:23'),(217,'Model','Shanahan, Ondricka and Dare','Practical Rubber Shirt','488','Ratione occaecati quibusdam placeat qui ullam omnis.','Et est animi deserunt quis sed et veritatis amet.',NULL,NULL,2,0,'Voluptas eius aut et blanditiis.','Eius voluptas nulla labore.','2013-10-02 10:50:23','2013-10-02 10:50:23'),(218,'Model','Bogan, Hayes and Will','Sleek Rubber Table','489','Illum eius et qui ut suscipit quia aliquid animi.','Rem fugit nostrum omnis esse est.',NULL,NULL,3,0,'Aut blanditiis dolorem suscipit alias.','Et est officia ut quia ut ad nostrum.','2013-10-02 10:50:23','2013-10-02 10:50:23'),(219,'Model','Grady, Goyette and Gerlach','Gorgeous Steel Gloves','490','Optio dolores laborum quibusdam iste et tempora.','Est ea occaecati laboriosam accusamus saepe qui natus.',NULL,NULL,2,0,'Ex quae rerum magni numquam iusto molestias.','Explicabo inventore delectus non porro.','2013-10-02 10:50:23','2013-10-02 10:50:23'),(220,'Model','Carter, Kiehn and Nicolas','Ergonomic Wooden Computer','491','Est quis illum eligendi explicabo ipsum omnis fuga magnam.','Esse occaecati dolorum numquam.',NULL,NULL,3,0,'Aut voluptas laudantium ex minima doloribus magnam quia quo.','Nulla pariatur dolores et.','2013-10-02 10:50:23','2013-10-02 10:50:23'),(221,'Model','Tromp and Sons','Incredible Steel Chair','492','Eveniet et deserunt et similique fuga et facilis ex.','Deserunt vel vel facere iure minus quibusdam.',NULL,NULL,2,0,'Dolorem fugit et dolor nemo voluptatibus ipsum.','At quibusdam aut aperiam minus blanditiis sit quaerat.','2013-10-02 10:50:23','2013-10-02 10:50:23'),(222,'Model','Connelly-Bernhard','Practical Concrete Pants','493','Odit accusantium ratione sit molestiae nihil at aliquid.','Libero totam quam quidem.',NULL,NULL,2,0,'Laboriosam perferendis placeat similique assumenda.','Labore dolores deleniti omnis aut rerum quia expedita.','2013-10-02 10:50:23','2013-10-02 10:50:23'),(223,'Model','Weimann, Wisoky and Lubowitz','Sleek Steel Chair','494','Voluptatem rerum consequatur sed rerum at.','Qui velit quaerat ea quidem.',NULL,NULL,3,0,'Sit nostrum voluptatem eveniet expedita vel provident et quibusdam.','Molestias vero modi praesentium sunt.','2013-10-02 10:50:23','2013-10-02 10:50:23'),(224,'Model','Considine, Kreiger and Konopelski','Incredible Concrete Pants','495','Doloremque omnis non veritatis sit commodi sit perferendis distinctio.','Mollitia molestiae optio ut eum.',NULL,NULL,0,0,'Tempora adipisci vero consequuntur.','Sed amet fuga beatae repellat non.','2013-10-02 10:50:23','2013-10-02 10:50:23'),(225,'Model','Renner-Smith','Intelligent Granite Hat','496','Doloremque quia illo fugiat dolorem.','Voluptas necessitatibus alias ut.',NULL,NULL,0,0,'Itaque est minus qui eum quas ut.','Tempora temporibus fugiat in dolorum voluptatem voluptatibus.','2013-10-02 10:50:23','2013-10-02 10:50:23'),(226,'Model','Durgan-Pfeffer','Fantastic Steel Shoes','497','Dolorum eligendi est unde ut aut sint eveniet nostrum.','Quia enim veniam aspernatur error tempora ut.',NULL,NULL,2,0,'Voluptatem quia aliquid eum in.','Ex et accusantium ipsam atque ut.','2013-10-02 10:50:23','2013-10-02 10:50:23'),(227,'Model','Greenholt and Sons','Intelligent Rubber Chair','498','Enim nihil impedit ratione iusto repellat quis mollitia rerum.','Explicabo id ratione vel voluptas saepe.',NULL,NULL,2,0,'Delectus veritatis et et vitae.','Animi dicta et vel.','2013-10-02 10:50:23','2013-10-02 10:50:23'),(228,'Model','Lubowitz-Effertz','Rustic Concrete Car','499','Qui ut sit ad et architecto ipsam tempora enim.','Cum accusamus harum et sed architecto dolorem velit.',NULL,NULL,2,0,'Et quia sunt laborum eos.','Adipisci ratione repellendus ut quod veritatis rerum et.','2013-10-02 10:50:23','2013-10-02 10:50:23'),(229,'Model','Hettinger, Reichel and Feeney','Sleek Granite Gloves','500','Cumque dolore consequatur est.','Vero in porro quia.',NULL,NULL,3,0,'Velit voluptatem exercitationem perferendis voluptas ullam voluptatibus.','Ut accusamus hic cumque.','2013-10-02 10:50:23','2013-10-02 10:50:23'),(230,'Model','Okuneva-Boyer','Ergonomic Steel Chair','501','Sed eum quia dolorum illum qui.','Dolor adipisci beatae aut nam quia ducimus.',NULL,NULL,0,0,'Dolore natus a ducimus quaerat ratione omnis.','Ut reiciendis quos molestiae delectus reprehenderit fugit laboriosam.','2013-10-02 10:50:23','2013-10-02 10:50:23'),(231,'Model','Mertz, Turner and Gutkowski','Sleek Wooden Gloves','502','Est consectetur velit aspernatur velit.','Non dolor et commodi deleniti nemo et.',NULL,NULL,0,0,'Tenetur dignissimos deleniti vel.','Voluptatem illum ipsum architecto sunt quae ut eum et.','2013-10-02 10:50:23','2013-10-02 10:50:23'),(232,'Model','Schultz-Kub','Small Rubber Pants','503','Modi aliquid aut quia aut aut voluptatum non fugiat.','Qui autem impedit debitis et.',NULL,NULL,0,0,'Tempore accusamus esse quia repellendus.','Non voluptatem quis et quos.','2013-10-02 10:50:23','2013-10-02 10:50:23'),(233,'Model','Reichel-Baumbach','Incredible Rubber Pants','504','Dolore inventore excepturi non vitae repudiandae harum dignissimos omnis.','Et fugit veniam maxime rem id.',NULL,NULL,0,0,'Officia assumenda quae sunt hic.','Veritatis ducimus ea porro quaerat.','2013-10-02 10:50:23','2013-10-02 10:50:23'),(234,'Model','Dach, Murray and Williamson','Sleek Rubber Shirt','505','Non tenetur ducimus quasi voluptatem est iure.','Dicta labore velit ut ratione est dolorem sed enim.',NULL,NULL,2,0,'Dolore et voluptas id ex et debitis dolorem.','Impedit minus tempore est ut et aut.','2013-10-02 10:50:23','2013-10-02 10:50:23'),(235,'Model','Dicki, Maggio and Feeney','Fantastic Granite Table','506','Facilis laborum asperiores necessitatibus sint.','Ut officia nam rerum tempore sit minus.',NULL,NULL,1,0,'Quo odit accusantium cum numquam ipsum.','Quis perspiciatis facilis itaque eum velit ducimus et molestias.','2013-10-02 10:50:23','2013-10-02 10:50:23'),(236,'Model','Hoppe, Waelchi and Auer','Gorgeous Concrete Pants','507','Deleniti maiores ut voluptas corrupti vero ut.','Minima sed illo fuga voluptatem qui eos.',NULL,NULL,2,0,'Nam quibusdam et dolor commodi.','Debitis voluptatibus et dolores placeat recusandae eum eligendi ut.','2013-10-02 10:50:23','2013-10-02 10:50:23'),(237,'Model','Bergnaum-Dicki','Small Rubber Shoes','508','Unde omnis eos illo inventore sit enim delectus.','Vel mollitia enim alias dolor.',NULL,NULL,3,0,'Qui consequuntur molestias voluptas a ullam aliquam temporibus quae.','Nobis aperiam qui voluptate asperiores aut.','2013-10-02 10:50:23','2013-10-02 10:50:23'),(238,'Model','Predovic LLC','Intelligent Plastic Car','509','Maxime dolor excepturi libero omnis natus quis.','Est aut et at soluta explicabo.',NULL,NULL,0,0,'Qui voluptatem in doloremque aut.','Sit nostrum necessitatibus placeat dolor perferendis tempore.','2013-10-02 10:50:23','2013-10-02 10:50:23'),(239,'Model','Daugherty-Mraz','Fantastic Steel Table','510','Voluptates animi dignissimos optio exercitationem itaque vel aut ut.','Nostrum eius et modi consequatur et ut.',NULL,NULL,3,0,'Consectetur esse expedita et alias vel officiis.','Voluptate fuga sit voluptas.','2013-10-02 10:50:23','2013-10-02 10:50:23'),(240,'Model','Heidenreich LLC','Ergonomic Cotton Table','511','Error illum ipsa at.','Ratione exercitationem recusandae non maiores.',NULL,NULL,1,0,'Quo ut nihil est omnis praesentium.','Deserunt possimus omnis rerum perspiciatis sit consectetur.','2013-10-02 10:50:23','2013-10-02 10:50:23'),(241,'Software','Kiehn, Will and Rippin','Practical Rubber Pants','512',NULL,NULL,NULL,NULL,0,0,NULL,NULL,'2013-10-02 10:50:23','2013-10-02 10:50:23'),(242,'Model','Pfeffer, Reinger and Gutkowski','Ergonomic Plastic Table','513','Aliquam molestiae quia rerum qui unde voluptatibus itaque.','At quos nihil eligendi est eum.',NULL,NULL,2,0,'Sunt aut et neque cumque et.','Laborum magni nemo consequatur quasi eaque.','2013-10-02 10:50:23','2013-10-02 10:50:23'),(243,'Model','Kiehn and Sons','Ergonomic Steel Table','514','Ut nihil praesentium et sit iste saepe molestiae.','Id explicabo unde quia aut cum.',NULL,NULL,3,0,'Animi nisi natus magni ab.','Tempora accusantium eos dolorum enim consequatur.','2013-10-02 10:50:23','2013-10-02 10:50:23'),(244,'Model','Larkin, Jacobi and Goyette','Intelligent Concrete Shirt','515','Corrupti beatae sit enim excepturi fugiat tempore accusamus qui.','Nobis officiis et optio incidunt.',NULL,NULL,1,0,'Beatae dolor veritatis aliquid.','Dolor inventore optio laborum illum tempora illo.','2013-10-02 10:50:23','2013-10-02 10:50:23'),(245,'Model','Dicki, Berge and Wuckert','Ergonomic Wooden Shoes','516','Repudiandae alias placeat illo.','Nemo quidem suscipit quis similique est.',NULL,NULL,2,0,'Repudiandae et consectetur qui officia ut voluptas.','Et aut aut nobis facilis.','2013-10-02 10:50:23','2013-10-02 10:50:23'),(246,'Model','Schulist-Hegmann','Intelligent Steel Chair','517','Corrupti dicta qui rerum velit facere.','Sint voluptatum veniam dolor omnis maiores.',NULL,NULL,0,0,'Amet minima itaque explicabo eveniet.','Harum earum occaecati libero quis aliquid.','2013-09-26 06:28:55','2013-09-26 06:28:55'),(247,'Model','Beatty, Hodkiewicz and Wilkinson','Sleek Granite Computer','518','Natus deleniti illum dolore et sit animi.','Odio in cumque at omnis rerum.',NULL,NULL,1,0,'Et distinctio officiis earum itaque qui harum.','Facilis ut cupiditate ea dolore consequatur et sed nihil.','2013-09-26 06:28:55','2013-09-26 06:28:55'),(248,'Model','Smitham, Kassulke and Hermiston','Intelligent Plastic Hat','519','Quos corrupti earum vel.','Placeat velit officia facere occaecati laboriosam.',NULL,NULL,1,0,'Et aut similique dolor dolores.','Ut dolorem qui doloribus rerum id.','2013-09-26 06:28:56','2013-09-26 06:28:56'),(249,'Model','Jones and Sons','Rustic Granite Pants','520','Vero enim inventore rerum veniam.','Rerum aliquid ipsa aliquam quisquam.',NULL,NULL,0,0,'Et iusto officiis sint ut.','Et hic odio quas.','2013-09-26 06:28:56','2013-09-26 06:28:56'),(250,'Model','Dicki Inc','Intelligent Steel Car','521','Est reiciendis molestias aperiam.','Vero perspiciatis consectetur velit laudantium quos quia et.',NULL,NULL,3,0,'Aut nesciunt eos esse repudiandae iusto minima.','Quibusdam quis ea qui.','2013-09-26 06:28:56','2013-09-26 06:28:56'),(251,'Model','McDermott-Heller','Intelligent Rubber Shoes','522','Tempora reiciendis eligendi reprehenderit odio optio dolorum.','Maxime expedita itaque nemo ducimus.',NULL,NULL,1,0,'Perferendis harum labore natus optio non.','Nostrum omnis ipsam sint beatae harum fuga et.','2013-09-26 06:28:56','2013-09-26 06:28:56'),(252,'Model','Ryan and Sons','Sleek Concrete Pants','523','Maxime necessitatibus error est quis rem quas et.','Eum et sit aut.',NULL,NULL,2,0,'Perspiciatis quo consectetur aut tempora.','Sint delectus unde excepturi atque.','2013-09-26 06:28:56','2013-09-26 06:28:56'),(253,'Model','Fisher, Kling and Spinka','Ergonomic Granite Hat','524','Reiciendis ut voluptatem consequatur et nihil aspernatur laborum sequi.','Quia ut hic fugit veniam est.',NULL,NULL,1,0,'Atque soluta eligendi et numquam corrupti id nemo.','Earum blanditiis rerum sint enim quaerat vitae quidem.','2013-09-26 06:28:56','2013-09-26 06:28:56'),(254,'Model','Collier, Funk and Gleason','Practical Concrete Gloves','525','Et non corporis omnis quo non consequatur quia cupiditate.','Atque omnis ipsum possimus voluptas inventore id doloribus.',NULL,NULL,0,0,'Occaecati omnis labore libero est dolorem eum.','Natus dolorem quia tenetur alias.','2013-09-26 06:28:56','2013-09-26 06:28:56'),(255,'Model','Watsica and Sons','Gorgeous Cotton Pants','526','Repudiandae et reprehenderit aut beatae labore eius.','Reprehenderit tenetur voluptatem eos quae.',NULL,NULL,2,0,'Dolorem fugit quaerat ea.','Unde et sit quis velit dolores ut.','2013-09-26 06:28:56','2013-09-26 06:28:56'),(256,'Model','Bayer, Schmitt and Homenick','Fantastic Cotton Hat','527','Nihil dignissimos provident delectus.','Debitis illo sit dolor sed.',NULL,NULL,3,0,'Sed suscipit nemo quia ut eveniet ea consequatur molestias.','Voluptatem cum maiores consequatur nostrum cumque amet et.','2013-09-26 06:28:56','2013-09-26 06:28:56'),(257,'Model','Bayer, Volkman and Beahan','Incredible Cotton Table','528','Deserunt blanditiis ab animi porro voluptatem laboriosam vel.','Reiciendis praesentium doloremque quam.',NULL,NULL,2,0,'Voluptas est rerum qui quam aut omnis qui possimus.','Aut impedit eos excepturi consequatur dolorem facilis et.','2013-09-26 06:28:56','2013-09-26 06:28:56'),(258,'Model','Schmeler-Monahan','Fantastic Plastic Pants','529','Dolores in cumque rerum qui dolorem.','Sapiente quia pariatur aut repudiandae alias.',NULL,NULL,0,0,'Quia similique eum ratione exercitationem recusandae minima adipisci.','Eligendi officiis vel doloribus culpa a aut voluptas.','2013-09-26 06:28:56','2013-09-26 06:28:56'),(259,'Model','Kuhlman Inc','Rustic Rubber Table','530','Voluptate nulla aut adipisci quidem ipsa.','Quasi totam rerum et.',NULL,NULL,1,0,'Voluptatem omnis enim sit odio harum quis reiciendis.','Rem quod nihil quae id.','2013-09-26 06:28:56','2013-09-26 06:28:56'),(260,'Model','Smitham-Graham','Gorgeous Steel Chair','531','Unde eaque voluptates rerum id error.','Sequi exercitationem error facere repellat.',NULL,NULL,1,0,'Aut sit dolorem debitis.','Qui suscipit voluptatem eos voluptatem vero quia numquam qui.','2013-09-26 06:28:56','2013-09-26 06:28:56'),(261,'Model','Deckow, Rippin and Dare','Small Cotton Gloves','532','Eveniet ipsum deleniti delectus recusandae sint explicabo quia.','Repellendus nobis qui illum maiores error sed atque.',NULL,NULL,2,0,'Nulla consectetur qui tenetur blanditiis ullam odio autem.','Aut ut ex modi minus non.','2013-09-26 06:28:56','2013-09-26 06:28:56'),(262,'Model','Heidenreich-Kshlerin','Sleek Wooden Shoes','533','Non ullam fugiat sunt.','Vero molestiae distinctio voluptatem officia nihil at aut placeat.',NULL,NULL,1,0,'Ea consequatur exercitationem distinctio libero labore fugit praesentium.','Molestiae nesciunt architecto corporis id.','2013-09-26 06:28:56','2013-09-26 06:28:56'),(263,'Model','Effertz-Satterfield','Awesome Steel Computer','534','Magnam voluptatem quam possimus.','Consequuntur aspernatur qui dolorum nisi nesciunt velit vitae quia.',NULL,NULL,3,0,'Ad quia et id praesentium voluptatem.','Vel quia sint qui rerum cupiditate.','2013-09-26 06:28:56','2013-09-26 06:28:56'),(264,'Model','Johnston-Steuber','Rustic Cotton Chair','535','Sunt et dicta quia et voluptas.','Quia est velit aliquid iure harum ullam quia.',NULL,NULL,3,0,'Saepe cumque nihil corrupti excepturi tempora quidem non.','Repellendus saepe veniam ea dolor molestias consequuntur.','2013-09-26 06:28:56','2013-09-26 06:28:56'),(265,'Model','Hettinger-Renner','Rustic Steel Table','536','Qui fugit officiis expedita sint.','Facere eius aliquid ratione nemo vel.',NULL,NULL,0,0,'Repudiandae quos id unde reiciendis.','Iure ut quaerat aut ullam voluptatem.','2013-09-26 06:28:56','2013-09-26 06:28:56'),(266,'Model','Pagac and Sons','Sleek Cotton Chair','537','Eum accusantium tempora assumenda necessitatibus.','Ad qui in odio.',NULL,NULL,3,0,'Omnis rerum blanditiis eos ea fugit accusantium optio.','Rerum repellendus sit eos enim.','2013-09-26 06:28:56','2013-09-26 06:28:56'),(267,'Model','West, Schinner and Hoeger','Fantastic Cotton Table','538','Quo non doloribus veritatis aut.','Autem earum officia libero natus ut beatae nihil.',NULL,NULL,2,0,'Non vel consequuntur quo est.','Vitae quas maiores sunt id et delectus sit non.','2013-09-26 06:28:56','2013-09-26 06:28:56'),(268,'Model','MacGyver-Hamill','Sleek Concrete Chair','539','Ab est mollitia facilis est dolorum.','Qui totam possimus accusantium.',NULL,NULL,2,0,'Tenetur omnis consequatur sed voluptas voluptates rerum animi.','Cupiditate aut voluptatibus sunt in ducimus quidem quia ut.','2013-09-26 06:28:56','2013-09-26 06:28:56'),(269,'Model','Kirlin, Hilpert and Hauck','Practical Plastic Table','540','Consequatur quidem aperiam nostrum est quasi iste.','Qui alias et dolore.',NULL,NULL,0,0,'In accusamus ut fugiat rerum animi a est.','Tempore aspernatur odit autem et qui non voluptate ad.','2013-09-26 06:28:56','2013-09-26 06:28:56'),(270,'Model','Dibbert Group','Practical Granite Chair','541','Placeat ea et odit deserunt dolorum nihil ducimus.','Repellat odio ut fugiat est exercitationem distinctio.',NULL,NULL,2,0,'Nihil molestiae doloremque quos.','Dicta voluptas et nihil temporibus et est.','2013-09-26 06:28:56','2013-09-26 06:28:56'),(271,'Model','Towne-Bednar','Rustic Cotton Car','542','Animi quod nam molestiae et quidem.','Ullam perspiciatis velit sit laboriosam maiores maxime rerum sit.',NULL,NULL,2,0,'Est nisi iusto quaerat corrupti.','Atque error sed quis natus nobis harum est.','2013-09-26 06:28:56','2013-09-26 06:28:56'),(272,'Model','Wuckert-Rau','Gorgeous Rubber Pants','543','Inventore odio quia quis deserunt.','Alias reprehenderit ducimus id ipsam sit dolor libero.',NULL,NULL,3,0,'Repellat ea ut nam provident sunt enim.','Exercitationem molestias et qui omnis.','2013-09-30 22:49:57','2013-09-30 22:49:57'),(273,'Model','Simonis Group','Rustic Concrete Computer','544','Harum iste nemo qui occaecati rerum eligendi eveniet.','Possimus aut ad quidem.',NULL,NULL,0,0,'A quos laudantium saepe animi occaecati.','Et et inventore reprehenderit.','2013-09-30 22:49:57','2013-09-30 22:49:57'),(274,'Model','Terry LLC','Rustic Rubber Computer','545','Omnis exercitationem placeat voluptatem tempore aspernatur quo.','Et aut in placeat officia facere voluptates eaque.',NULL,NULL,0,0,'Animi rerum mollitia magni voluptas.','Facilis suscipit libero eligendi voluptatibus et praesentium culpa error.','2013-09-30 22:49:57','2013-09-30 22:49:57'),(275,'Model','Blick-Lehner','Fantastic Wooden Shoes','546','Officia aut quisquam consequatur quia doloremque earum distinctio quo.','Provident placeat qui nihil.',NULL,NULL,2,0,'Dolor temporibus sit vitae.','Sapiente aut quo qui eum possimus omnis tenetur.','2013-09-28 08:16:20','2013-09-28 08:16:20'),(276,'Model','Johns and Sons','Incredible Steel Gloves','547','Aut ex aliquid ullam.','Voluptatem animi voluptas dolor blanditiis ullam.',NULL,NULL,1,0,'Quia consequatur quasi ab excepturi dolorem cupiditate.','Nemo sapiente cupiditate ad tempora.','2013-09-28 08:16:20','2013-09-28 08:16:20'),(277,'Model','Leannon-Kessler','Rustic Cotton Gloves','548','Id ut exercitationem quas est labore eos.','Quis molestiae aut et incidunt accusamus culpa.',NULL,NULL,0,0,'Non assumenda omnis molestiae dicta pariatur nobis ea eveniet.','Qui provident quibusdam rerum debitis.','2013-09-28 08:16:20','2013-09-28 08:16:20'),(278,'Model','Runolfsdottir Inc','Small Wooden Shirt','549','Occaecati non voluptas veniam optio aut illo.','Fugiat accusantium officia autem magnam est.',NULL,NULL,1,0,'Aut deleniti est in doloribus.','Earum provident architecto sit.','2013-09-28 08:16:20','2013-09-28 08:16:20'),(279,'Model','Padberg, West and Harvey','Sleek Plastic Gloves','550','Rem impedit distinctio nihil modi omnis.','Iure enim et suscipit soluta ratione.',NULL,NULL,2,0,'Quaerat ut cum exercitationem repellendus quasi.','Architecto inventore vel nam aliquam suscipit.','2013-09-28 08:16:20','2013-09-28 08:16:20'),(280,'Model','Stroman Group','Fantastic Concrete Chair','551','Sunt minus dolore rem aliquid iusto nesciunt vitae doloremque.','Omnis aut animi vero sint reiciendis aut vel autem.',NULL,NULL,3,0,'Reprehenderit iusto omnis fugiat id quia animi.','Et non deserunt libero eius officiis aut hic.','2013-09-28 08:16:20','2013-09-28 08:16:20'),(281,'Model','O\'Hara and Sons','Intelligent Cotton Hat','552','Sed est quia est iusto deserunt ea.','Culpa et itaque recusandae quam.',NULL,NULL,2,0,'Omnis quisquam commodi aliquid rerum a consequatur.','Ut rerum quaerat eos doloribus non.','2013-09-28 08:16:20','2013-09-28 08:16:20'),(282,'Model','Schmeler Group','Gorgeous Plastic Gloves','553','Perspiciatis voluptatem id ipsam odit reiciendis est.','Repellendus cupiditate molestias voluptates.',NULL,NULL,1,0,'Modi ut quia corporis.','Perferendis nihil nihil delectus dolorem consequatur quaerat voluptatem iure.','2013-09-28 08:16:20','2013-09-28 08:16:20'),(283,'Model','Hane and Sons','Fantastic Rubber Hat','554','Quas quae et assumenda ea eligendi.','Velit possimus praesentium eum.',NULL,NULL,1,0,'Quas est ipsam eos tenetur velit.','Vitae enim quia dolor voluptas repellat in voluptatem aut.','2013-10-02 10:50:23','2013-10-02 10:50:23'),(284,'Model','Hilpert-Shanahan','Awesome Plastic Shoes','555','Sunt facilis aut in est quos.','Sit velit debitis omnis.',NULL,NULL,0,0,'Rerum expedita eaque aut laudantium quia mollitia quos.','Consequatur quia vero rerum.','2013-10-02 10:50:23','2013-10-02 10:50:23'),(285,'Model','Kihn-Legros','Sleek Concrete Car','556','Molestiae possimus ut nam commodi debitis fuga quis.','A error ducimus et.',NULL,NULL,1,0,'Perferendis sed consequatur et asperiores quaerat.','Cum occaecati quas sequi laboriosam repellendus et.','2013-10-02 10:50:23','2013-10-02 10:50:23'),(286,'Model','Goodwin, Pfannerstill and Pacocha','Intelligent Steel Shirt','557','Nesciunt quia aspernatur autem ullam odit laborum sunt aut.','Repellendus expedita tempora at aut vero.',NULL,NULL,0,0,'At aut architecto a quia nesciunt eius.','Et temporibus velit illo vitae ut nulla et dolores.','2013-10-02 10:50:23','2013-10-02 10:50:23'),(287,'Model','Abbott LLC','Sleek Plastic Chair','558','Beatae voluptas velit inventore est ut eos.','Et minus dolor sed sit odit.',NULL,NULL,1,0,'Enim sapiente vero fugiat consequatur aut reprehenderit.','Velit dolorem deserunt numquam in.','2013-10-02 10:50:23','2013-10-02 10:50:23'),(288,'Model','Hand, Herzog and Kub','Practical Wooden Computer','559','Deserunt rerum eum nihil atque sunt iusto soluta.','Enim molestias neque unde porro quaerat quae quas.',NULL,NULL,3,0,'Dignissimos corrupti non ea et sed at velit neque.','Eum omnis unde accusamus adipisci accusantium.','2013-10-02 10:50:23','2013-10-02 10:50:23'),(289,'Model','Beier LLC','Gorgeous Rubber Car','560','Dignissimos hic alias rerum et laudantium qui exercitationem quasi.','Molestiae magni aperiam quis enim.',NULL,NULL,1,0,'Aut id nobis at occaecati autem nulla rerum et.','Unde eum quia alias aliquid amet eaque deserunt.','2013-10-02 10:50:23','2013-10-02 10:50:23'),(290,'Model','Grady, Stroman and Rippin','Sleek Concrete Hat','561','Corrupti quae non vel omnis velit hic at.','Et modi provident minus ratione.',NULL,NULL,1,0,'Enim fugit quia corrupti.','Accusamus et sed quia est deleniti sit dolorum.','2013-10-02 10:50:23','2013-10-02 10:50:23'),(291,'Model','Pfeffer-Corkery','Small Steel Car','562','Facilis ut adipisci dolorem.','Eaque aut ut officia laboriosam id voluptas fuga.',NULL,NULL,2,0,'Est neque ipsam dolorem ullam.','Consequatur aspernatur deserunt ea aut odit.','2013-10-02 10:50:23','2013-10-02 10:50:23'),(292,'Model','Ullrich LLC','Ergonomic Rubber Shirt','563','Dolores sequi nam sint ipsum.','Voluptates temporibus praesentium ullam necessitatibus placeat ipsa minus dolorem.',NULL,NULL,1,0,'Quod aperiam et et.','Dignissimos consequatur velit quisquam.','2013-10-02 10:50:23','2013-10-02 10:50:23'),(293,'Model','Stamm-Hackett','Sleek Wooden Table','564','Placeat impedit ad dolores amet et.','Voluptatem harum enim ut quo quod quasi dolore saepe.',NULL,NULL,0,0,'Consequatur quas aperiam qui maiores inventore quos.','Asperiores ipsam vel et ab nam sed quod.','2013-10-02 10:50:23','2013-10-02 10:50:23'),(294,'Model','Welch LLC','Practical Plastic Computer','565','Quia quas non ut pariatur expedita quis.','Qui mollitia possimus fugit fugiat ea nobis temporibus iusto.',NULL,NULL,1,0,'Ut ea tempore consequatur.','Assumenda porro facere molestias accusantium error.','2013-10-02 10:50:23','2013-10-02 10:50:23'),(295,'Model','Schoen LLC','Incredible Concrete Gloves','566','Repellat voluptate ad numquam quia consequatur ipsum et.','Vero ipsum natus temporibus laboriosam nisi eum.',NULL,NULL,0,0,'Eligendi facere aut perferendis quod tempora reiciendis nisi quam.','Sunt non provident at possimus et optio ut.','2013-10-02 10:50:23','2013-10-02 10:50:23'),(296,'Model','Jones-Balistreri','Practical Cotton Shoes','567','Cupiditate sequi minus corporis iure molestiae modi.','Provident voluptate enim non modi ut doloribus est ducimus.',NULL,NULL,1,0,'Rem quos quia eveniet velit omnis velit facere.','Ut est et dolor vero.','2013-10-02 10:50:23','2013-10-02 10:50:23'),(297,'Model','Bogan-Wunsch','Small Rubber Gloves','568','Excepturi nobis maiores totam qui.','Libero recusandae repudiandae ut rerum laudantium provident.',NULL,NULL,2,0,'Blanditiis corporis quam minima aperiam.','Expedita odio dolore cumque labore sed error et.','2013-10-02 10:50:23','2013-10-02 10:50:23'),(298,'Model','Donnelly, Toy and Wiza','Awesome Rubber Shoes','569','Dolore corporis libero et.','Labore ut facere sit iure.',NULL,NULL,3,0,'Ea et ex maxime eaque.','Harum non nobis culpa blanditiis.','2013-10-02 10:50:23','2013-10-02 10:50:23'),(299,'Model','Sauer, Rath and Durgan','Ergonomic Concrete Computer','570','Excepturi quia voluptatum consequatur consequatur nobis quod vel consequuntur.','Eos vel at possimus voluptas aut ipsum dolores.',NULL,NULL,1,0,'Libero expedita quia ducimus id.','Provident sint itaque dignissimos corporis qui voluptatem fuga.','2013-10-02 10:50:23','2013-10-02 10:50:23'),(300,'Model','Gaylord, Lang and Dare','Ergonomic Cotton Hat','571','Velit assumenda quisquam suscipit quo.','Ut beatae id nam omnis.',NULL,NULL,2,0,'Quaerat adipisci provident reiciendis temporibus voluptate tempore sapiente molestias.','Illo voluptatem aut et delectus minima quia ea.','2013-10-02 10:50:23','2013-10-02 10:50:23'),(301,'Model','Sauer-Jacobson','Fantastic Rubber Gloves','572','Delectus ut velit omnis impedit.','Error alias cumque non quod veritatis sed.',NULL,NULL,2,0,'Culpa et atque et dolorum consequatur.','Nesciunt alias numquam et et quisquam deleniti.','2013-10-02 10:50:23','2013-10-02 10:50:23'),(302,'Model','Gerlach-Hyatt','Gorgeous Concrete Computer','573','Quod sit reiciendis labore enim.','Esse quia enim sint maxime tempore.',NULL,NULL,2,0,'Dignissimos cum quae a tenetur.','Neque excepturi earum nemo.','2013-10-02 10:50:23','2013-10-02 10:50:23');
/*!40000 ALTER TABLE `models` ENABLE KEYS */;
UNLOCK TABLES;

--
-- Table structure for table `models_compatibles`
--

DROP TABLE IF EXISTS `models_compatibles`;
/*!40101 SET @saved_cs_client     = @@character_set_client */;
/*!40101 SET character_set_client = utf8 */;
CREATE TABLE `models_compatibles` (
  `model_id` int(11) DEFAULT NULL,
  `compatible_id` int(11) DEFAULT NULL,
  KEY `index_models_compatibles_on_compatible_id` (`compatible_id`),
  KEY `index_models_compatibles_on_model_id` (`model_id`)
) ENGINE=InnoDB DEFAULT CHARSET=utf8 COLLATE=utf8_unicode_ci;
/*!40101 SET character_set_client = @saved_cs_client */;

--
-- Dumping data for table `models_compatibles`
--

LOCK TABLES `models_compatibles` WRITE;
/*!40000 ALTER TABLE `models_compatibles` DISABLE KEYS */;
INSERT INTO `models_compatibles` VALUES (132,131),(133,131),(134,131);
/*!40000 ALTER TABLE `models_compatibles` ENABLE KEYS */;
UNLOCK TABLES;

--
-- Table structure for table `notifications`
--

DROP TABLE IF EXISTS `notifications`;
/*!40101 SET @saved_cs_client     = @@character_set_client */;
/*!40101 SET character_set_client = utf8 */;
CREATE TABLE `notifications` (
  `id` int(11) NOT NULL AUTO_INCREMENT,
  `user_id` int(11) DEFAULT NULL,
  `title` varchar(255) COLLATE utf8_unicode_ci DEFAULT '',
  `created_at` datetime NOT NULL,
  PRIMARY KEY (`id`),
  KEY `index_notifications_on_user_id` (`user_id`)
) ENGINE=InnoDB DEFAULT CHARSET=utf8 COLLATE=utf8_unicode_ci;
/*!40101 SET character_set_client = @saved_cs_client */;

--
-- Dumping data for table `notifications`
--

LOCK TABLES `notifications` WRITE;
/*!40000 ALTER TABLE `notifications` DISABLE KEYS */;
/*!40000 ALTER TABLE `notifications` ENABLE KEYS */;
UNLOCK TABLES;

--
-- Table structure for table `numerators`
--

DROP TABLE IF EXISTS `numerators`;
/*!40101 SET @saved_cs_client     = @@character_set_client */;
/*!40101 SET character_set_client = utf8 */;
CREATE TABLE `numerators` (
  `id` int(11) NOT NULL AUTO_INCREMENT,
  `item` int(11) DEFAULT NULL,
  PRIMARY KEY (`id`)
) ENGINE=InnoDB DEFAULT CHARSET=utf8 COLLATE=utf8_unicode_ci;
/*!40101 SET character_set_client = @saved_cs_client */;

--
-- Dumping data for table `numerators`
--

LOCK TABLES `numerators` WRITE;
/*!40000 ALTER TABLE `numerators` DISABLE KEYS */;
/*!40000 ALTER TABLE `numerators` ENABLE KEYS */;
UNLOCK TABLES;

--
-- Table structure for table `options`
--

DROP TABLE IF EXISTS `options`;
/*!40101 SET @saved_cs_client     = @@character_set_client */;
/*!40101 SET character_set_client = utf8 */;
CREATE TABLE `options` (
  `id` int(11) NOT NULL AUTO_INCREMENT,
  `inventory_pool_id` int(11) DEFAULT NULL,
  `inventory_code` varchar(255) COLLATE utf8_unicode_ci DEFAULT NULL,
  `manufacturer` varchar(255) COLLATE utf8_unicode_ci DEFAULT NULL,
  `product` varchar(255) COLLATE utf8_unicode_ci NOT NULL,
  `version` varchar(255) COLLATE utf8_unicode_ci DEFAULT NULL,
  `price` decimal(8,2) DEFAULT NULL,
  PRIMARY KEY (`id`),
  KEY `index_options_on_inventory_pool_id` (`inventory_pool_id`)
) ENGINE=InnoDB AUTO_INCREMENT=7 DEFAULT CHARSET=utf8 COLLATE=utf8_unicode_ci;
/*!40101 SET character_set_client = @saved_cs_client */;

--
-- Dumping data for table `options`
--

LOCK TABLES `options` WRITE;
/*!40000 ALTER TABLE `options` DISABLE KEYS */;
INSERT INTO `options` VALUES (1,1,'akku-aa',NULL,'Akku AA','372',935.00),(2,1,'akku-aaa',NULL,'Akku AAA','373',307.00),(3,1,'usb',NULL,'USB Kabel','374',22.00),(4,1,'lab1456',NULL,'Intelligent Plastic Car','418',598.00),(5,1,'ete6130',NULL,'Sleek Cotton Shirt','420',702.00),(6,2,'ute4461',NULL,'Gorgeous Steel Gloves','426',707.00);
/*!40000 ALTER TABLE `options` ENABLE KEYS */;
UNLOCK TABLES;

--
-- Table structure for table `partitions`
--

DROP TABLE IF EXISTS `partitions`;
/*!40101 SET @saved_cs_client     = @@character_set_client */;
/*!40101 SET character_set_client = utf8 */;
CREATE TABLE `partitions` (
  `id` int(11) NOT NULL AUTO_INCREMENT,
  `model_id` int(11) DEFAULT NULL,
  `inventory_pool_id` int(11) DEFAULT NULL,
  `group_id` int(11) DEFAULT NULL,
  `quantity` int(11) DEFAULT NULL,
  PRIMARY KEY (`id`),
  UNIQUE KEY `index_partitions_on_model_id_and_inventory_pool_id_and_group_id` (`model_id`,`inventory_pool_id`,`group_id`)
) ENGINE=InnoDB AUTO_INCREMENT=12 DEFAULT CHARSET=utf8 COLLATE=utf8_unicode_ci;
/*!40101 SET character_set_client = @saved_cs_client */;

--
-- Dumping data for table `partitions`
--

LOCK TABLES `partitions` WRITE;
/*!40000 ALTER TABLE `partitions` DISABLE KEYS */;
INSERT INTO `partitions` VALUES (1,99,1,4,1),(2,133,1,5,1),(3,134,1,6,5),(4,132,1,1,1),(5,68,1,1,1),(6,68,1,2,1),(7,250,1,7,1),(8,259,1,7,1),(9,268,1,7,1),(10,279,1,8,1),(11,287,1,7,1);
/*!40000 ALTER TABLE `partitions` ENABLE KEYS */;
UNLOCK TABLES;

--
-- Temporary table structure for view `partitions_with_generals`
--

DROP TABLE IF EXISTS `partitions_with_generals`;
/*!50001 DROP VIEW IF EXISTS `partitions_with_generals`*/;
SET @saved_cs_client     = @@character_set_client;
SET character_set_client = utf8;
/*!50001 CREATE TABLE `partitions_with_generals` (
  `model_id` tinyint NOT NULL,
  `inventory_pool_id` tinyint NOT NULL,
  `group_id` tinyint NOT NULL,
  `quantity` tinyint NOT NULL
) ENGINE=MyISAM */;
SET character_set_client = @saved_cs_client;

--
-- Table structure for table `properties`
--

DROP TABLE IF EXISTS `properties`;
/*!40101 SET @saved_cs_client     = @@character_set_client */;
/*!40101 SET character_set_client = utf8 */;
CREATE TABLE `properties` (
  `id` int(11) NOT NULL AUTO_INCREMENT,
  `model_id` int(11) DEFAULT NULL,
  `key` varchar(255) COLLATE utf8_unicode_ci DEFAULT NULL,
  `value` varchar(255) COLLATE utf8_unicode_ci DEFAULT NULL,
  PRIMARY KEY (`id`),
  KEY `index_properties_on_model_id` (`model_id`)
) ENGINE=InnoDB AUTO_INCREMENT=13 DEFAULT CHARSET=utf8 COLLATE=utf8_unicode_ci;
/*!40101 SET character_set_client = @saved_cs_client */;

--
-- Dumping data for table `properties`
--

LOCK TABLES `properties` WRITE;
/*!40000 ALTER TABLE `properties` DISABLE KEYS */;
INSERT INTO `properties` VALUES (1,132,'Rotorduchmesser','120'),(2,132,'Akkus','2'),(3,132,'Farbe','Rot'),(4,133,'Rotorduchmesser','120'),(5,133,'Akkus','2'),(6,133,'Farbe','Rot'),(7,133,'max. Speed','80 kmh'),(8,133,'Gyro','Ja'),(9,133,'Achsen','3-Achsen'),(10,134,'Rotorduchmesser','120'),(11,134,'Akkus','2'),(12,134,'Farbe','Rot');
/*!40000 ALTER TABLE `properties` ENABLE KEYS */;
UNLOCK TABLES;

--
-- Table structure for table `purposes`
--

DROP TABLE IF EXISTS `purposes`;
/*!40101 SET @saved_cs_client     = @@character_set_client */;
/*!40101 SET character_set_client = utf8 */;
CREATE TABLE `purposes` (
  `id` int(11) NOT NULL AUTO_INCREMENT,
  `description` text COLLATE utf8_unicode_ci,
  PRIMARY KEY (`id`)
) ENGINE=InnoDB AUTO_INCREMENT=45 DEFAULT CHARSET=utf8 COLLATE=utf8_unicode_ci;
/*!40101 SET character_set_client = @saved_cs_client */;

--
-- Dumping data for table `purposes`
--

LOCK TABLES `purposes` WRITE;
/*!40000 ALTER TABLE `purposes` DISABLE KEYS */;
INSERT INTO `purposes` VALUES (1,'---\n- Ea optio at neque et veniam.\n- Aut rerum voluptas dolorem ut quae.\n'),(2,'---\n- Vero dolore pariatur.\n- Sit amet qui et et non.\n'),(3,'Ersatzstativ fr die Ausstellung.'),(4,'Ersatzstativ fr die Ausstellung.'),(5,'Ersatzstativ fr die Ausstellung.'),(6,'Quibusdam porro corporis et sit quia suscipit voluptatum laboriosam.'),(7,'Esse ad magni sed et.'),(8,'Nobis sint reprehenderit pariatur ratione totam quas.'),(9,'Possimus molestiae minus voluptate.'),(10,'Consequatur incidunt et hic culpa enim omnis sint.'),(11,'Recusandae aut placeat et alias velit et.'),(12,'Bentige ich fr die Aufnahmen meiner Abschlussarbeit.'),(13,'Porro voluptates et nisi voluptas numquam quae doloremque.'),(14,'Reiciendis omnis voluptatem numquam sed.'),(15,'Laudantium nesciunt rem doloremque cumque enim repellat non eius.'),(16,'Culpa tempora nam distinctio non similique inventore.'),(17,'Ersatzstativ fr die Ausstellung.'),(18,'Fr das zweite Austellungswochenende.'),(19,'Fr das dritte Austellungswochenende.'),(20,'Fr die Abschlussarbeit.'),(21,'Ersatzstativ fr die Ausstellung.'),(22,'Bestellung mit Software'),(23,'Um meine Abschlussarbeit zu fotografieren.'),(24,'Ad eligendi sunt et.'),(25,'Um meine Abschlussarbeit zu fotografieren.'),(26,'Um meine Abschlussarbeit zu fotografieren.'),(27,'Voluptatem maiores quod voluptate.'),(28,'Paketausgabe'),(29,'Fr meinen aktuellen Kurs.'),(30,'Ersatzstativ fr die Ausstellung.'),(31,'Um meine Abschlussarbeit zu fotografieren.'),(32,'Ersatzstativ fr die Ausstellung.'),(33,'Ersatzstativ fr die Ausstellung.'),(34,'Ersatzstativ fr die Ausstellung.'),(35,'Ersatzstativ fr die Ausstellung.'),(36,'Ersatzstativ fr die Ausstellung.'),(37,'Ersatzstativ fr die Ausstellung.'),(38,'Ersatzstativ fr die Ausstellung.'),(39,'Ersatzstativ fr die Ausstellung.'),(40,'Ersatzstativ fr die Ausstellung.'),(41,'Fotoshooting (Kurs Fotografie).'),(42,'Brauche ich zwingend fr meinen Kurs.'),(43,'Ganz dringend bentigt fr meine Abschlussarbeit.'),(44,'Als Ersatz.');
/*!40000 ALTER TABLE `purposes` ENABLE KEYS */;
UNLOCK TABLES;

--
-- Table structure for table `schema_migrations`
--

DROP TABLE IF EXISTS `schema_migrations`;
/*!40101 SET @saved_cs_client     = @@character_set_client */;
/*!40101 SET character_set_client = utf8 */;
CREATE TABLE `schema_migrations` (
  `version` varchar(255) COLLATE utf8_unicode_ci NOT NULL,
  UNIQUE KEY `unique_schema_migrations` (`version`)
) ENGINE=InnoDB DEFAULT CHARSET=utf8 COLLATE=utf8_unicode_ci;
/*!40101 SET character_set_client = @saved_cs_client */;

--
-- Dumping data for table `schema_migrations`
--

LOCK TABLES `schema_migrations` WRITE;
/*!40000 ALTER TABLE `schema_migrations` DISABLE KEYS */;
INSERT INTO `schema_migrations` VALUES ('20140410180000'),('20140414100000'),('20140415083535'),('20140417113831'),('20140428092844'),('20140515131025');
/*!40000 ALTER TABLE `schema_migrations` ENABLE KEYS */;
UNLOCK TABLES;

--
-- Table structure for table `settings`
--

DROP TABLE IF EXISTS `settings`;
/*!40101 SET @saved_cs_client     = @@character_set_client */;
/*!40101 SET character_set_client = utf8 */;
CREATE TABLE `settings` (
  `id` int(11) NOT NULL AUTO_INCREMENT,
  `smtp_address` varchar(255) COLLATE utf8_unicode_ci DEFAULT NULL,
  `smtp_port` int(11) DEFAULT NULL,
  `smtp_domain` varchar(255) COLLATE utf8_unicode_ci DEFAULT NULL,
  `local_currency_string` varchar(255) COLLATE utf8_unicode_ci DEFAULT NULL,
  `contract_terms` text COLLATE utf8_unicode_ci,
  `contract_lending_party_string` text COLLATE utf8_unicode_ci,
  `email_signature` varchar(255) COLLATE utf8_unicode_ci DEFAULT NULL,
  `default_email` varchar(255) COLLATE utf8_unicode_ci DEFAULT NULL,
  `deliver_order_notifications` tinyint(1) DEFAULT NULL,
  `user_image_url` varchar(255) COLLATE utf8_unicode_ci DEFAULT NULL,
  `ldap_config` varchar(255) COLLATE utf8_unicode_ci DEFAULT NULL,
  `logo_url` varchar(255) COLLATE utf8_unicode_ci DEFAULT NULL,
  `mail_delivery_method` varchar(255) COLLATE utf8_unicode_ci DEFAULT NULL,
  `smtp_username` varchar(255) COLLATE utf8_unicode_ci DEFAULT NULL,
  `smtp_password` varchar(255) COLLATE utf8_unicode_ci DEFAULT NULL,
  `smtp_enable_starttls_auto` tinyint(1) NOT NULL DEFAULT '0',
  `smtp_openssl_verify_mode` varchar(255) COLLATE utf8_unicode_ci NOT NULL DEFAULT 'none',
  `time_zone` varchar(255) COLLATE utf8_unicode_ci NOT NULL DEFAULT 'Bern',
  `disable_manage_section` tinyint(1) NOT NULL DEFAULT '0',
  `disable_manage_section_message` text COLLATE utf8_unicode_ci,
  `disable_borrow_section` tinyint(1) NOT NULL DEFAULT '0',
  `disable_borrow_section_message` text COLLATE utf8_unicode_ci,
  `text` text COLLATE utf8_unicode_ci,
  PRIMARY KEY (`id`)
) ENGINE=InnoDB AUTO_INCREMENT=2 DEFAULT CHARSET=utf8 COLLATE=utf8_unicode_ci;
/*!40101 SET character_set_client = @saved_cs_client */;

--
-- Dumping data for table `settings`
--

LOCK TABLES `settings` WRITE;
/*!40000 ALTER TABLE `settings` DISABLE KEYS */;
INSERT INTO `settings` VALUES (1,'smtp.zhdk.ch',25,'beta.ausleihe.zhdk.ch','CHF','Die Benutzerin/der Benutzer ist bei unsachgemsser Handhabung oder Verlust schadenersatzpflichtig. Sie/Er verpflichtet sich, das Material sorgfltig zu behandeln und gereinigt zu retournieren. Bei mangelbehafteter oder verspteter Rckgabe kann eine Ausleihsperre (bis zu 6 Monaten) verhngt werden. Das geliehene Material bleibt jederzeit uneingeschrnktes Eigentum der Zrcher Hochschule der Knste und darf ausschliesslich fr schulische Zwecke eingesetzt werden. Mit ihrer/seiner Unterschrift akzeptiert die Benutzerin/der Benutzer diese Bedingungen sowie die \'Richtlinie zur Ausleihe von Sachen\' der ZHdK und etwaige abteilungsspezifische Ausleih-Richtlinien.','Your\nAddress\nHere','Das PZ-leihs Team','sender@example.com',0,'http://www.zhdk.ch/?person/foto&width=100&compressionlevel=0&id={:id}',NULL,'/assets/image-logo-zhdk.png','test',NULL,NULL,0,'none','Bern',0,'',0,'',NULL);
/*!40000 ALTER TABLE `settings` ENABLE KEYS */;
UNLOCK TABLES;

--
-- Table structure for table `suppliers`
--

DROP TABLE IF EXISTS `suppliers`;
/*!40101 SET @saved_cs_client     = @@character_set_client */;
/*!40101 SET character_set_client = utf8 */;
CREATE TABLE `suppliers` (
  `id` int(11) NOT NULL AUTO_INCREMENT,
  `name` varchar(255) COLLATE utf8_unicode_ci DEFAULT NULL,
  `created_at` datetime DEFAULT NULL,
  `updated_at` datetime DEFAULT NULL,
  PRIMARY KEY (`id`)
) ENGINE=InnoDB AUTO_INCREMENT=266 DEFAULT CHARSET=utf8 COLLATE=utf8_unicode_ci;
/*!40101 SET character_set_client = @saved_cs_client */;

--
-- Dumping data for table `suppliers`
--

LOCK TABLES `suppliers` WRITE;
/*!40000 ALTER TABLE `suppliers` DISABLE KEYS */;
INSERT INTO `suppliers` VALUES (1,'rerumnonut','2013-10-02 10:50:23','2013-10-02 10:50:23'),(2,'voluptatesbeataeoccaecati','2013-10-02 10:50:23','2013-10-02 10:50:23'),(3,'sapientequiaeveniet','2013-10-02 10:50:23','2013-10-02 10:50:23'),(4,'quodaperiamvoluptatum','2013-10-02 10:50:23','2013-10-02 10:50:23'),(5,'iurefacerelabore','2013-10-02 10:50:23','2013-10-02 10:50:23'),(6,'omnisimpeditvel','2013-10-02 10:50:23','2013-10-02 10:50:23'),(7,'vitaenatussed','2013-10-02 10:50:23','2013-10-02 10:50:23'),(8,'omnislaboreexercitationem','2013-10-02 10:50:23','2013-10-02 10:50:23'),(9,'culpadoloremquesed','2013-10-02 10:50:23','2013-10-02 10:50:23'),(10,'etquamest','2013-10-02 10:50:23','2013-10-02 10:50:23'),(11,'utdolortotam','2013-10-02 10:50:23','2013-10-02 10:50:23'),(12,'mollitiaipsumdolorem','2013-10-02 10:50:23','2013-10-02 10:50:23'),(13,'officiiseosqui','2013-10-02 10:50:23','2013-10-02 10:50:23'),(14,'ducimusconsecteturquia','2013-10-02 10:50:23','2013-10-02 10:50:23'),(15,'evenietperspiciatisoptio','2013-10-02 10:50:23','2013-10-02 10:50:23'),(16,'voluptatemeaqueullam','2013-10-02 10:50:23','2013-10-02 10:50:23'),(17,'architectoconsectetureum','2013-10-02 10:50:23','2013-10-02 10:50:23'),(18,'nonestvoluptas','2013-10-02 10:50:23','2013-10-02 10:50:23'),(19,'minimaofficiaperferendis','2013-10-02 10:50:23','2013-10-02 10:50:23'),(20,'etautsuscipit','2013-10-02 10:50:23','2013-10-02 10:50:23'),(21,'quitotamaut','2013-10-02 10:50:23','2013-10-02 10:50:23'),(22,'officiisconsequaturvelit','2013-10-02 10:50:23','2013-10-02 10:50:23'),(23,'voluptatumrecusandaedolorem','2013-10-02 10:50:23','2013-10-02 10:50:23'),(24,'etnamdeserunt','2013-10-02 10:50:23','2013-10-02 10:50:23'),(25,'etprovidentut','2013-10-02 10:50:23','2013-10-02 10:50:23'),(26,'fugitoptioaut','2013-10-02 10:50:23','2013-10-02 10:50:23'),(27,'autquicorporis','2013-10-02 10:50:23','2013-10-02 10:50:23'),(28,'quivelquos','2013-10-02 10:50:23','2013-10-02 10:50:23'),(29,'fugiatautblanditiis','2013-10-02 10:50:23','2013-10-02 10:50:23'),(30,'dolorcommodirepellat','2013-10-02 10:50:23','2013-10-02 10:50:23'),(31,'quibusdampraesentiumomnis','2013-10-02 10:50:23','2013-10-02 10:50:23'),(32,'dolorblanditiisunde','2013-10-02 10:50:23','2013-10-02 10:50:23'),(33,'quinostrumofficia','2013-10-02 10:50:23','2013-10-02 10:50:23'),(34,'etdoloresperspiciatis','2013-10-02 10:50:23','2013-10-02 10:50:23'),(35,'doloremetnecessitatibus','2013-10-02 10:50:23','2013-10-02 10:50:23'),(36,'inventoreautperferendis','2013-10-02 10:50:23','2013-10-02 10:50:23'),(37,'nonadipisciofficia','2013-10-02 10:50:23','2013-10-02 10:50:23'),(38,'sedexplicabout','2013-10-02 10:50:23','2013-10-02 10:50:23'),(39,'modiimpeditet','2013-10-02 10:50:23','2013-10-02 10:50:23'),(40,'similiquedolorumconsequatur','2013-10-02 10:50:23','2013-10-02 10:50:23'),(41,'velexercitationemquisquam','2013-10-02 10:50:23','2013-10-02 10:50:23'),(42,'commodiipsumsed','2013-10-02 10:50:23','2013-10-02 10:50:23'),(43,'nobisidipsam','2013-10-02 10:50:23','2013-10-02 10:50:23'),(44,'corporisametquisquam','2013-10-02 10:50:23','2013-10-02 10:50:23'),(45,'etrepudiandaesunt','2013-10-02 10:50:23','2013-10-02 10:50:23'),(46,'estnamnisi','2013-10-02 10:50:23','2013-10-02 10:50:23'),(47,'veniameumet','2013-10-02 10:50:23','2013-10-02 10:50:23'),(48,'accusantiumnihilducimus','2013-10-02 10:50:23','2013-10-02 10:50:23'),(49,'placeateligendiofficia','2013-10-02 10:50:23','2013-10-02 10:50:23'),(50,'repudiandaesediure','2013-10-02 10:50:23','2013-10-02 10:50:23'),(51,'nostrumremullam','2013-10-02 10:50:23','2013-10-02 10:50:23'),(52,'eummolestiaeest','2013-10-02 10:50:23','2013-10-02 10:50:23'),(53,'nequeetasperiores','2013-10-02 10:50:23','2013-10-02 10:50:23'),(54,'undesuscipitoptio','2013-10-02 10:50:23','2013-10-02 10:50:23'),(55,'etrationeet','2013-10-02 10:50:23','2013-10-02 10:50:23'),(56,'evenietprovidentdolor','2013-10-02 10:50:23','2013-10-02 10:50:23'),(57,'itaqueullamnecessitatibus','2013-10-02 10:50:23','2013-10-02 10:50:23'),(58,'repellatofficiaet','2013-10-02 10:50:23','2013-10-02 10:50:23'),(59,'asperioresquiased','2013-10-02 10:50:23','2013-10-02 10:50:23'),(60,'nequeiustoblanditiis','2013-10-02 10:50:23','2013-10-02 10:50:23'),(61,'quodestplaceat','2013-10-02 10:50:23','2013-10-02 10:50:23'),(62,'nihiletmagnam','2013-10-02 10:50:23','2013-10-02 10:50:23'),(63,'repudiandaemagnamminus','2013-10-02 10:50:23','2013-10-02 10:50:23'),(64,'perspiciatisatqueet','2013-10-02 10:50:23','2013-10-02 10:50:23'),(65,'inrecusandaealiquam','2013-10-02 10:50:23','2013-10-02 10:50:23'),(66,'istereprehenderitut','2013-10-02 10:50:23','2013-10-02 10:50:23'),(67,'quisquiut','2013-10-02 10:50:23','2013-10-02 10:50:23'),(68,'voluptasblanditiisrerum','2013-10-02 10:50:23','2013-10-02 10:50:23'),(69,'itaquetotamoptio','2013-10-02 10:50:23','2013-10-02 10:50:23'),(70,'eosmaximevoluptatibus','2013-10-02 10:50:23','2013-10-02 10:50:23'),(71,'voluptatemenimincidunt','2013-10-02 10:50:23','2013-10-02 10:50:23'),(72,'eaquepraesentiumofficia','2013-10-02 10:50:23','2013-10-02 10:50:23'),(73,'autodioofficia','2013-10-02 10:50:23','2013-10-02 10:50:23'),(74,'debitisadconsequatur','2013-10-02 10:50:23','2013-10-02 10:50:23'),(75,'voluptassedquia','2013-10-02 10:50:23','2013-10-02 10:50:23'),(76,'natustemporaest','2013-10-02 10:50:23','2013-10-02 10:50:23'),(77,'voluptatemdolorid','2013-10-02 10:50:23','2013-10-02 10:50:23'),(78,'delenitivoluptatibusfacere','2013-10-02 10:50:23','2013-10-02 10:50:23'),(79,'necessitatibusreprehenderitet','2013-10-02 10:50:23','2013-10-02 10:50:23'),(80,'autemnihilet','2013-10-02 10:50:23','2013-10-02 10:50:23'),(81,'estomnisvoluptatem','2013-10-02 10:50:23','2013-10-02 10:50:23'),(82,'placeatabsapiente','2013-10-02 10:50:23','2013-10-02 10:50:23'),(83,'quoinventoreiste','2013-10-02 10:50:23','2013-10-02 10:50:23'),(84,'quinihilsequi','2013-10-02 10:50:23','2013-10-02 10:50:23'),(85,'etvelitaut','2013-10-02 10:50:23','2013-10-02 10:50:23'),(86,'officiiseiuseum','2013-10-02 10:50:23','2013-10-02 10:50:23'),(87,'totamquiavero','2013-10-02 10:50:23','2013-10-02 10:50:23'),(88,'facilismolestiasmodi','2013-10-02 10:50:23','2013-10-02 10:50:23'),(89,'animiconsecteturquo','2013-10-02 10:50:23','2013-10-02 10:50:23'),(90,'fugitquisquammaiores','2013-10-02 10:50:23','2013-10-02 10:50:23'),(91,'omnisautcum','2013-10-02 10:50:23','2013-10-02 10:50:23'),(92,'aperiamimpeditdolores','2013-10-02 10:50:23','2013-10-02 10:50:23'),(93,'illumnullarepudiandae','2013-10-02 10:50:23','2013-10-02 10:50:23'),(94,'velitsapienteexplicabo','2013-10-02 10:50:23','2013-10-02 10:50:23'),(95,'suscipitrerumdicta','2013-10-02 10:50:23','2013-10-02 10:50:23'),(96,'rerumcorruptidolores','2013-10-02 10:50:23','2013-10-02 10:50:23'),(97,'liberosedtemporibus','2013-10-02 10:50:23','2013-10-02 10:50:23'),(98,'quamutlaudantium','2013-10-02 10:50:23','2013-10-02 10:50:23'),(99,'voluptatemullamquibusdam','2013-10-02 10:50:23','2013-10-02 10:50:23'),(100,'quiainautem','2013-10-02 10:50:23','2013-10-02 10:50:23'),(101,'nonipsamquia','2013-10-02 10:50:23','2013-10-02 10:50:23'),(102,'aliasquiaut','2013-10-02 10:50:23','2013-10-02 10:50:23'),(103,'repellatofficiisdebitis','2013-10-02 10:50:23','2013-10-02 10:50:23'),(104,'laudantiumsaepeunde','2013-10-02 10:50:23','2013-10-02 10:50:23'),(105,'autquisqui','2013-10-02 10:50:23','2013-10-02 10:50:23'),(106,'quieaut','2013-10-02 10:50:23','2013-10-02 10:50:23'),(107,'corporisrerumquidem','2013-10-02 10:50:23','2013-10-02 10:50:23'),(108,'veniamreiciendisiste','2013-10-02 10:50:23','2013-10-02 10:50:23'),(109,'doloresconsequaturexercitationem','2013-10-02 10:50:23','2013-10-02 10:50:23'),(110,'minustemporaautem','2013-10-02 10:50:23','2013-10-02 10:50:23'),(111,'solutaaccusamuseum','2013-10-02 10:50:23','2013-10-02 10:50:23'),(112,'possimusestlibero','2013-10-02 10:50:23','2013-10-02 10:50:23'),(113,'recusandaevelitut','2013-10-02 10:50:23','2013-10-02 10:50:23'),(114,'estculpavoluptatum','2013-10-02 10:50:23','2013-10-02 10:50:23'),(115,'magniconsecteturharum','2013-10-02 10:50:23','2013-10-02 10:50:23'),(116,'etisterem','2013-10-02 10:50:23','2013-10-02 10:50:23'),(117,'magnamidsunt','2013-10-02 10:50:23','2013-10-02 10:50:23'),(118,'autmolestiasducimus','2013-10-02 10:50:23','2013-10-02 10:50:23'),(119,'explicaboquodolores','2013-10-02 10:50:23','2013-10-02 10:50:23'),(120,'idenimerror','2013-10-02 10:50:23','2013-10-02 10:50:23'),(121,'atqueexpeditanulla','2013-10-02 10:50:23','2013-10-02 10:50:23'),(122,'dignissimosquiaperiam','2013-10-02 10:50:23','2013-10-02 10:50:23'),(123,'perspiciatisatpossimus','2013-10-02 10:50:23','2013-10-02 10:50:23'),(124,'inventoreundeblanditiis','2013-10-02 10:50:23','2013-10-02 10:50:23'),(125,'veritatisnisiconsequatur','2013-10-02 10:50:23','2013-10-02 10:50:23'),(126,'sitaperiameveniet','2013-10-02 10:50:23','2013-10-02 10:50:23'),(127,'doloremquequaeratione','2013-10-02 10:50:23','2013-10-02 10:50:23'),(128,'reiciendisaperiamamet','2013-10-02 10:50:23','2013-10-02 10:50:23'),(129,'pariaturvoluptatemnesciunt','2013-10-02 10:50:23','2013-10-02 10:50:23'),(130,'doloressapientequi','2013-10-02 10:50:23','2013-10-02 10:50:23'),(131,'temporedelenitiprovident','2013-10-02 10:50:23','2013-10-02 10:50:23'),(132,'pariaturquasea','2013-10-02 10:50:23','2013-10-02 10:50:23'),(133,'velitdolorumofficia','2013-10-02 10:50:23','2013-10-02 10:50:23'),(134,'atquenatusasperiores','2013-10-02 10:50:23','2013-10-02 10:50:23'),(135,'eosexercitationemaccusamus','2013-10-02 10:50:23','2013-10-02 10:50:23'),(136,'temporibusnihilenim','2013-10-02 10:50:23','2013-10-02 10:50:23'),(137,'cumquequised','2013-10-02 10:50:23','2013-10-02 10:50:23'),(138,'quodsaepedicta','2013-10-02 10:50:23','2013-10-02 10:50:23'),(139,'distinctioilloquis','2013-10-02 10:50:23','2013-10-02 10:50:23'),(140,'architectorepellataut','2013-09-27 00:00:00','2013-09-27 00:00:00'),(141,'reiciendisvelofficia','2013-09-27 00:00:00','2013-09-27 00:00:00'),(142,'exetfacere','2013-09-27 00:00:00','2013-09-27 00:00:00'),(143,'quiaducimuseum','2013-10-02 10:50:23','2013-10-02 10:50:23'),(144,'quodeumquas','2013-10-02 10:50:23','2013-10-02 10:50:23'),(145,'similiqueanimiesse','2013-10-02 10:50:23','2013-10-02 10:50:23'),(146,'natusnecessitatibussed','2013-10-02 10:50:23','2013-10-02 10:50:23'),(147,'sedasperioresrem','2013-10-02 10:50:23','2013-10-02 10:50:23'),(148,'oditautemiure','2013-10-02 10:50:23','2013-10-02 10:50:23'),(149,'etvoluptatemqui','2013-10-02 10:50:23','2013-10-02 10:50:23'),(150,'quiinciduntdoloribus','2013-10-02 10:50:23','2013-10-02 10:50:23'),(151,'minusprovidentesse','2013-10-02 10:50:23','2013-10-02 10:50:23'),(152,'velitconsequaturmagnam','2013-10-02 10:50:23','2013-10-02 10:50:23'),(153,'quiahicet','2013-10-02 10:50:23','2013-10-02 10:50:23'),(154,'hicatexercitationem','2013-10-02 10:50:23','2013-10-02 10:50:23'),(155,'dignissimosvoluptatumab','2013-09-27 00:00:00','2013-09-27 00:00:00'),(156,'sedeiusanimi','2013-09-27 00:00:00','2013-09-27 00:00:00'),(157,'autundeassumenda','2013-09-27 00:00:00','2013-09-27 00:00:00'),(158,'exercitationemodioatque','2013-09-27 00:00:00','2013-09-27 00:00:00'),(159,'enimconsequaturquidem','2013-10-02 10:50:23','2013-10-02 10:50:23'),(160,'estquisquamexercitationem','2013-10-02 10:50:23','2013-10-02 10:50:23'),(161,'numquamiustoconsectetur','2013-10-02 10:50:23','2013-10-02 10:50:23'),(162,'perspiciatisoccaecatinulla','2013-10-02 10:50:23','2013-10-02 10:50:23'),(163,'oditeaunde','2013-10-02 10:50:23','2013-10-02 10:50:23'),(164,'adeaquea','2013-10-02 10:50:23','2013-10-02 10:50:23'),(165,'modivoluptatumsint','2013-10-02 10:50:23','2013-10-02 10:50:23'),(166,'blanditiispariaturdelectus','2013-10-02 10:50:23','2013-10-02 10:50:23'),(167,'atquetotamnam','2013-10-02 10:50:23','2013-10-02 10:50:23'),(168,'illoperferendiseligendi','2013-10-02 10:50:23','2013-10-02 10:50:23'),(169,'modiinnon','2013-10-02 10:50:23','2013-10-02 10:50:23'),(170,'ametvoluptasdolorem','2013-10-02 10:50:23','2013-10-02 10:50:23'),(171,'quifacilisblanditiis','2013-10-02 10:50:23','2013-10-02 10:50:23'),(172,'estexrerum','2013-10-02 10:50:23','2013-10-02 10:50:23'),(173,'abvelitsaepe','2013-10-02 10:50:23','2013-10-02 10:50:23'),(174,'quasiquiest','2013-10-02 10:50:23','2013-10-02 10:50:23'),(175,'etquamipsa','2013-10-02 10:50:23','2013-10-02 10:50:23'),(176,'aliquampariaturdolores','2013-10-02 10:50:23','2013-10-02 10:50:23'),(177,'velpraesentiumet','2013-10-02 10:50:23','2013-10-02 10:50:23'),(178,'beataeomnisquia','2013-10-02 10:50:23','2013-10-02 10:50:23'),(179,'utenimfugit','2013-10-02 10:50:23','2013-10-02 10:50:23'),(180,'possimussitfugiat','2013-10-02 10:50:23','2013-10-02 10:50:23'),(181,'animidictalabore','2013-10-02 10:50:23','2013-10-02 10:50:23'),(182,'eiussednecessitatibus','2013-10-02 10:50:23','2013-10-02 10:50:23'),(183,'voluptatemoditofficia','2013-10-02 10:50:23','2013-10-02 10:50:23'),(184,'sapienteessequibusdam','2013-10-02 10:50:23','2013-10-02 10:50:23'),(185,'utreiciendisofficiis','2013-10-02 10:50:23','2013-10-02 10:50:23'),(186,'deseruntconsequaturaperiam','2013-10-02 10:50:23','2013-10-02 10:50:23'),(187,'dolorumcorrupticonsequuntur','2013-10-02 10:50:23','2013-10-02 10:50:23'),(188,'autnobismollitia','2013-10-02 10:50:23','2013-10-02 10:50:23'),(189,'molestiasmaximeautem','2013-10-02 10:50:23','2013-10-02 10:50:23'),(190,'aspernaturfugiatquia','2013-10-02 10:50:23','2013-10-02 10:50:23'),(191,'perspiciatisaccusamusut','2013-10-02 10:50:23','2013-10-02 10:50:23'),(192,'molestiaefacilisconsequatur','2013-10-02 10:50:23','2013-10-02 10:50:23'),(193,'distinctiodoloresenim','2013-10-02 10:50:23','2013-10-02 10:50:23'),(194,'namnihilplaceat','2013-10-02 10:50:23','2013-10-02 10:50:23'),(195,'undemagnamipsa','2013-10-02 10:50:23','2013-10-02 10:50:23'),(196,'remoditid','2013-10-02 10:50:23','2013-10-02 10:50:23'),(197,'voluptasauttempore','2013-10-02 10:50:23','2013-10-02 10:50:23'),(198,'nonillumeum','2013-10-02 10:50:23','2013-10-02 10:50:23'),(199,'ipsamquasiconsequatur','2013-10-02 10:50:23','2013-10-02 10:50:23'),(200,'nisideseruntquidem','2013-10-02 10:50:23','2013-10-02 10:50:23'),(201,'quinatusautem','2013-10-02 10:50:23','2013-10-02 10:50:23'),(202,'animiquialiquam','2013-10-02 10:50:23','2013-10-02 10:50:23'),(203,'animivelitsed','2013-10-02 10:50:23','2013-10-02 10:50:23'),(204,'consequaturdebitisnobis','2013-10-02 10:50:23','2013-10-02 10:50:23'),(205,'nisifacereest','2013-10-02 10:50:23','2013-10-02 10:50:23'),(206,'nihilvoluptatibusest','2013-10-02 10:50:23','2013-10-02 10:50:23'),(207,'quisadaliquid','2013-10-02 10:50:23','2013-10-02 10:50:23'),(208,'sitetest','2013-10-02 10:50:23','2013-10-02 10:50:23'),(209,'quisinsaepe','2013-10-02 10:50:23','2013-10-02 10:50:23'),(210,'laboriosamofficiavoluptates','2013-10-02 10:50:23','2013-10-02 10:50:23'),(211,'teneturveritatiseligendi','2013-10-02 10:50:23','2013-10-02 10:50:23'),(212,'sedadipisciqui','2013-10-02 10:50:23','2013-10-02 10:50:23'),(213,'quaesuscipitquo','2013-10-02 10:50:23','2013-10-02 10:50:23'),(214,'facilisutquos','2013-09-26 06:28:55','2013-09-26 06:28:55'),(215,'facilisutquo','2013-09-26 06:28:55','2013-09-26 06:28:55'),(216,'utdolorsunt','2013-09-26 06:28:56','2013-09-26 06:28:56'),(217,'etsedneque','2013-09-26 06:28:56','2013-09-26 06:28:56'),(218,'esttemporanostrum','2013-09-26 06:28:56','2013-09-26 06:28:56'),(219,'sapienteisteet','2013-09-26 06:28:56','2013-09-26 06:28:56'),(220,'autemeosnam','2013-09-26 06:28:56','2013-09-26 06:28:56'),(221,'eummolestiaeminima','2013-09-26 06:28:56','2013-09-26 06:28:56'),(222,'estsitdeserunt','2013-09-26 06:28:56','2013-09-26 06:28:56'),(223,'accusamuseaqueprovident','2013-09-26 06:28:56','2013-09-26 06:28:56'),(224,'quoquosvoluptate','2013-09-26 06:28:56','2013-09-26 06:28:56'),(225,'quirerumest','2013-09-26 06:28:56','2013-09-26 06:28:56'),(226,'eteaunde','2013-09-26 06:28:56','2013-09-26 06:28:56'),(227,'maximesuntin','2013-09-26 06:28:56','2013-09-26 06:28:56'),(228,'pariaturveritatisquis','2013-09-26 06:28:56','2013-09-26 06:28:56'),(229,'esseseddolore','2013-09-26 06:28:56','2013-09-26 06:28:56'),(230,'deseruntquisquamfacere','2013-09-26 06:28:56','2013-09-26 06:28:56'),(231,'doloridiure','2013-09-26 06:28:56','2013-09-26 06:28:56'),(232,'aspernaturminusalias','2013-09-26 06:28:56','2013-09-26 06:28:56'),(233,'quaearchitectoquasi','2013-09-26 06:28:56','2013-09-26 06:28:56'),(234,'quisdolormaiores','2013-09-26 06:28:56','2013-09-26 06:28:56'),(235,'utitaqueet','2013-09-26 06:28:56','2013-09-26 06:28:56'),(236,'numquamdelenitinon','2013-09-26 06:28:56','2013-09-26 06:28:56'),(237,'asperioresexdolorem','2013-09-30 22:49:57','2013-09-30 22:49:57'),(238,'eiusquoset','2013-09-30 22:49:57','2013-09-30 22:49:57'),(239,'cumquequirepudiandae','2013-09-30 22:49:57','2013-09-30 22:49:57'),(240,'maximeatqueeos','2013-09-28 08:16:20','2013-09-28 08:16:20'),(241,'atquedebitiseius','2013-09-28 08:16:20','2013-09-28 08:16:20'),(242,'dolorumdolorsunt','2013-09-28 08:16:20','2013-09-28 08:16:20'),(243,'debitisquodlibero','2013-09-28 08:16:20','2013-09-28 08:16:20'),(244,'consecteturdistinctioet','2013-09-28 08:16:20','2013-09-28 08:16:20'),(245,'voluptateserrordoloribus','2013-09-28 08:16:20','2013-09-28 08:16:20'),(246,'recusandaedelectussunt','2013-09-28 08:16:20','2013-09-28 08:16:20'),(247,'repudiandaehicalias','2013-10-02 10:50:23','2013-10-02 10:50:23'),(248,'beataeeaquea','2013-10-02 10:50:23','2013-10-02 10:50:23'),(249,'autemlaudantiumpossimus','2013-10-02 10:50:23','2013-10-02 10:50:23'),(250,'sapienteoccaecaticumque','2013-10-02 10:50:23','2013-10-02 10:50:23'),(251,'ututvelit','2013-10-02 10:50:23','2013-10-02 10:50:23'),(252,'omnisliberoodio','2013-10-02 10:50:23','2013-10-02 10:50:23'),(253,'utconsequaturarchitecto','2013-10-02 10:50:23','2013-10-02 10:50:23'),(254,'eumtemporevelit','2013-10-02 10:50:23','2013-10-02 10:50:23'),(255,'doloripsanatus','2013-10-02 10:50:23','2013-10-02 10:50:23'),(256,'etidearum','2013-10-02 10:50:23','2013-10-02 10:50:23'),(257,'illodoloresdignissimos','2013-10-02 10:50:23','2013-10-02 10:50:23'),(258,'dolorescorporisnostrum','2013-10-02 10:50:23','2013-10-02 10:50:23'),(259,'nisiestin','2013-10-02 10:50:23','2013-10-02 10:50:23'),(260,'similiqueerrorquidem','2013-10-02 10:50:23','2013-10-02 10:50:23'),(261,'ipsumaoptio','2013-10-02 10:50:23','2013-10-02 10:50:23'),(262,'asperiorestemporafacilis','2013-10-02 10:50:23','2013-10-02 10:50:23'),(263,'hicetperspiciatis','2013-10-02 10:50:23','2013-10-02 10:50:23'),(264,'quiavoluptasnihil','2013-10-02 10:50:23','2013-10-02 10:50:23'),(265,'ametdeseruntin','2013-10-02 10:50:23','2013-10-02 10:50:23');
/*!40000 ALTER TABLE `suppliers` ENABLE KEYS */;
UNLOCK TABLES;

--
-- Table structure for table `users`
--

DROP TABLE IF EXISTS `users`;
/*!40101 SET @saved_cs_client     = @@character_set_client */;
/*!40101 SET character_set_client = utf8 */;
CREATE TABLE `users` (
  `id` int(11) NOT NULL AUTO_INCREMENT,
  `login` varchar(255) COLLATE utf8_unicode_ci DEFAULT NULL,
  `firstname` varchar(255) COLLATE utf8_unicode_ci DEFAULT NULL,
  `lastname` varchar(255) COLLATE utf8_unicode_ci DEFAULT NULL,
  `phone` varchar(255) COLLATE utf8_unicode_ci DEFAULT NULL,
  `authentication_system_id` int(11) DEFAULT '1',
  `unique_id` varchar(255) COLLATE utf8_unicode_ci DEFAULT NULL,
  `email` varchar(255) COLLATE utf8_unicode_ci DEFAULT NULL,
  `badge_id` varchar(255) COLLATE utf8_unicode_ci DEFAULT NULL,
  `address` varchar(255) COLLATE utf8_unicode_ci DEFAULT NULL,
  `city` varchar(255) COLLATE utf8_unicode_ci DEFAULT NULL,
  `zip` varchar(255) COLLATE utf8_unicode_ci DEFAULT NULL,
  `country` varchar(255) COLLATE utf8_unicode_ci DEFAULT NULL,
  `language_id` int(11) DEFAULT NULL,
  `extended_info` text COLLATE utf8_unicode_ci,
  `settings` varchar(1024) COLLATE utf8_unicode_ci DEFAULT NULL,
  `created_at` datetime DEFAULT NULL,
  `updated_at` datetime DEFAULT NULL,
  `delegator_user_id` int(11) DEFAULT NULL,
  PRIMARY KEY (`id`),
  KEY `index_users_on_authentication_system_id` (`authentication_system_id`)
) ENGINE=InnoDB AUTO_INCREMENT=35 DEFAULT CHARSET=utf8 COLLATE=utf8_unicode_ci;
/*!40101 SET character_set_client = @saved_cs_client */;

--
-- Dumping data for table `users`
--

LOCK TABLES `users` WRITE;
/*!40000 ALTER TABLE `users` DISABLE KEYS */;
INSERT INTO `users` VALUES (1,'gino','Gino','F.','01151059187',1,'yuwl59ko8l4vrwe34d','gino@zhdk.ch','t9rj2tr7h0ap3vuhqx','776 Imani Walk','South Maudieborough','D-YK1W 1AW','Denmark',2,NULL,'--- !ruby/hash:ActiveSupport::HashWithIndifferentAccess {}\n','2013-10-02 10:50:23','2013-10-02 10:50:23',NULL),(2,'ramon','Ramon','C.','05695575118',1,'05vc2g4123viu28f5r','ramon@zhdk.ch','5au91z0ahytqy8aln1','938 Schiller Roads','Lake Alvahhaven','G-ZY9 6LL','Guatemala',2,NULL,'--- !ruby/hash:ActiveSupport::HashWithIndifferentAccess {}\n','2013-10-02 10:50:23','2013-10-02 10:50:23',NULL),(3,'urban_hilll_209','Caden','Conn','03384819580',1,'ed8jcwnuyy9yqzp9ae','herminia@harvey.co.uk','8xjs0pdcmr6q8pgz9k','23412 Lamar Squares','East Desiree','Z-W5M 6AJ','Zimbabwe',1,NULL,'--- !ruby/hash:ActiveSupport::HashWithIndifferentAccess {}\n','2013-10-02 10:50:23','2013-10-02 10:50:23',NULL),(4,'sharon_5349','Alexis','Bashirian','08196017897',1,'qce69st5cmt19t5dm1','ava.dubuque@oconner.co.uk','fqvguo227l8zbmfqxz','28718 Wilkinson Turnpike','Predovicport','S-C4 0OL','Samoa',1,NULL,'--- !ruby/hash:ActiveSupport::HashWithIndifferentAccess {}\n','2013-10-02 10:50:23','2013-10-02 10:50:23',NULL),(5,'hoyt_jaskolski_2051','Erling','Schmeler','01117112242',1,'o9cimi07hew7v4o47k','granville_cormier@bernier.com','naqckeci1fzojkcm5x','53941 Charlie Mills','Frankshire','S-YW2 3JB','Seychelles',1,NULL,'--- !ruby/hash:ActiveSupport::HashWithIndifferentAccess {}\n','2013-10-02 10:50:23','2013-10-02 10:50:23',NULL),(6,'piper.bode_8550','Jermain','Heaney','03581946692',1,'kmi7byv2nf376wkur6','athena@mcdermottjerde.name','2kqvpgdoac17y4p0sa','50050 Lavinia Mountain','Gwendolynview','G-I5 2WB','Greece',1,NULL,'--- !ruby/hash:ActiveSupport::HashWithIndifferentAccess {}\n','2013-10-02 10:50:23','2013-10-02 10:50:23',NULL),(7,'mazie_conroy_6060','Willis','Jenkins','08002913121',1,'lfu03i7e8tpwd0js4k','caterina@stroman.co.uk','3noxx6ah9xpbij0gxj','2075 Nona Lodge','New Dennisport','P-YV0 5JJ','Panama',1,NULL,'--- !ruby/hash:ActiveSupport::HashWithIndifferentAccess {}\n','2013-10-02 10:50:23','2013-10-02 10:50:23',NULL),(8,'antonietta_treutel_7045','Carole','Treutel','08008701404',1,'xgd2aje9w3q2d0aesn','ernestine@beer.com','hrxzvpzt9is4550709','22261 Yasmeen Radial','West Eulalia','B-WC5P 0JQ','Bermuda',1,NULL,'--- !ruby/hash:ActiveSupport::HashWithIndifferentAccess {}\n','2013-10-02 10:50:23','2013-10-02 10:50:23',NULL),(9,'matti','Matti','S.','0800202454',1,'nhgm9e6uv2553zgn83','matti@zhdk.ch','qkycf16t8alep88ke6','26572 Rodger Ranch','West Leannashire','F-K2 4FL','French Southern Territories',2,NULL,'--- !ruby/hash:ActiveSupport::HashWithIndifferentAccess {}\n','2013-10-02 10:50:23','2013-10-02 10:50:23',NULL),(10,'mike','Mike','H.','01763570989',1,'1mrxj33q7rh3jx0hpq','mike@zhdk.ch','pb34l3mwsf4khsr98n','8255 Zemlak Junction','Port Lolastad','C-WE3X 9LJ','Congo',2,NULL,'--- !ruby/hash:ActiveSupport::HashWithIndifferentAccess {}\n','2013-10-02 10:50:23','2013-10-02 10:50:23',NULL),(11,'pius','Pius','Miller','0800473021',1,'b34oa07t04nn0krr6k','pius@zhdk.ch','dvs1t6ypfqsykdmp8u','34278 Spencer Station','West Joelle','A-YS0 0PE','Afghanistan',2,NULL,'--- !ruby/hash:ActiveSupport::HashWithIndifferentAccess {}\n','2013-10-02 10:50:23','2013-10-02 10:50:23',NULL),(12,'peter','Peter','Silie','08890194957',1,'2sojkyi61pnwvgwxhj','peter@silie.com','79mm8e30jncyd0n0pq','6126 Althea Stream','Port Corine','D-E8A 1JB','Democratic People\\\'s Republic of Korea',2,NULL,'--- !ruby/hash:ActiveSupport::HashWithIndifferentAccess {}\n','2013-10-02 10:50:23','2013-10-02 10:50:23',NULL),(13,'rosina.lang_3049','Annamae','Wisozk','01611292420',1,'75v1kd9fdkp5m3pd85','jeffry_tremblay@lehnerhodkiewicz.info','0600vryqyh6jzlpcrb','4819 Sawayn Village','Katharinaport','C-W3 6LA','Cote d\'Ivoire',1,NULL,'--- !ruby/hash:ActiveSupport::HashWithIndifferentAccess {}\n','2013-10-02 10:50:23','2013-10-02 10:50:23',NULL),(14,'greyson_waters_255','Vella','Morar','0500974489',1,'xql46je33c8vl3j1gj','whitney_will@hoppe.name','2hdp2fnixx82lkhm92','84488 Royal Trace','Retatown','M-YN1 3LL','Montenegro',1,NULL,'--- !ruby/hash:ActiveSupport::HashWithIndifferentAccess {}\n','2013-10-02 10:50:23','2013-10-02 10:50:23',NULL),(15,'leif.reichel_1046','Albertha','Walsh','01428451242',1,'eugcifcgbpi567qpi1','alan_brekke@schroeder.info','lajioatbdtkf3j8rx6','5996 Kihn Dam','Stoltenbergland','M-YE9 3UA','Macedonia',1,NULL,'--- !ruby/hash:ActiveSupport::HashWithIndifferentAccess {}\n','2013-10-02 10:50:23','2013-10-02 10:50:23',NULL),(16,'trisha_4395','Emma','Pfeffer','02370362763',1,'j6k9kvtane4ozk9dqa','eloisa@murazik.info','xyunhcytlqadv7d29t','643 Josiane Knolls','Port Raegan','P-WA9E 5HB','Palestinian Territory',1,NULL,'--- !ruby/hash:ActiveSupport::HashWithIndifferentAccess {}\n','2013-10-02 10:50:23','2013-10-02 10:50:23',NULL),(17,'meagan.lueilwitz_1268','Cydney','Daugherty','01467696559',1,'wcw3ett9kjyj4yl468','trystan@sporerwaters.info','i9nzr74ktjgoqu0aud','9537 Rempel Isle','Bernicemouth','C-T7W 2YL','Chile',1,NULL,'--- !ruby/hash:ActiveSupport::HashWithIndifferentAccess {}\n','2013-09-27 00:00:00','2013-09-27 00:00:00',NULL),(18,'jazmin_292','Bernard','Douglas','03904056092',1,'c15m7oewd9lho0w6ov','camron@okuneva.biz','sj0fm9nhipln7pxldt','315 Russel Shoals','West Stanford','K-RG0W 1JL','Kiribati',1,NULL,'--- !ruby/hash:ActiveSupport::HashWithIndifferentAccess {}\n','2013-09-27 00:00:00','2013-09-27 00:00:00',NULL),(19,'mina','Mina','McCullough','03153282675',1,'4rjmlrjbc3yjpycz24','mina@zhdk.ch','q9rsg9qqut9akmgly9','6872 Dedric Crossing','McKenziebury','N-Z0 0LY','Namibia',1,NULL,'--- !ruby/hash:ActiveSupport::HashWithIndifferentAccess {}\n','2013-10-02 10:50:23','2013-10-02 10:50:23',NULL),(20,'julie','Julie','Davis','08007161613',1,'s5h5gr4jpcgfp8ido8','julie@zhdk.ch','7rbd3uisll100dddp5','13606 Alfredo Gardens','Bruenhaven','N-W9N 0JS','Netherlands Antilles',1,NULL,'--- !ruby/hash:ActiveSupport::HashWithIndifferentAccess {}\n','2013-10-02 10:50:23','2013-10-02 10:50:23',NULL),(21,NULL,'Et odio impedit tenetur quis qui illo alias sint.',NULL,NULL,NULL,NULL,NULL,NULL,NULL,NULL,NULL,NULL,1,NULL,'--- !ruby/hash:ActiveSupport::HashWithIndifferentAccess {}\n','2013-10-02 10:50:23','2013-10-02 10:50:23',20),(22,NULL,'Error adipisci earum eaque.',NULL,NULL,NULL,NULL,NULL,NULL,NULL,NULL,NULL,NULL,1,NULL,'--- !ruby/hash:ActiveSupport::HashWithIndifferentAccess {}\n','2013-10-02 10:50:23','2013-10-02 10:50:23',19),(23,NULL,'Quia iusto dolor unde officia rerum repudiandae.',NULL,NULL,NULL,NULL,NULL,NULL,NULL,NULL,NULL,NULL,1,NULL,'--- !ruby/hash:ActiveSupport::HashWithIndifferentAccess {}\n','2013-10-02 10:50:23','2013-10-02 10:50:23',19),(24,NULL,'Porro perspiciatis quasi voluptatem nemo inventore.',NULL,NULL,NULL,NULL,NULL,NULL,NULL,NULL,NULL,NULL,1,NULL,'--- !ruby/hash:ActiveSupport::HashWithIndifferentAccess {}\n','2013-10-02 10:50:23','2013-10-02 10:50:23',19),(25,'normin','Normin','N.','0114809934',1,'fipw3fuphqf0wwte04','normin@zhdk.ch','5ye9e00oz3nqinhw3l','3440 Gerhold Bypass','South Kaela','G-L4 7LQ','Guernsey',2,NULL,'--- !ruby/hash:ActiveSupport::HashWithIndifferentAccess {}\n','2013-10-02 10:50:23','2013-10-02 10:50:23',NULL),(26,'petra','Petra','K.','05580420038',1,'n7cans4voxsr9zqbl5','petra@zhdk.ch','y20o774jd9mlnzhssy','1690 Rau Locks, ','Marksfort','E-S4A 7DA','Estonia',2,NULL,'--- !ruby/hash:ActiveSupport::HashWithIndifferentAccess {}\n','2013-10-02 10:50:23','2013-10-02 10:50:23',NULL),(27,'andi','Andi','Hermiston','03790956424',1,'nlsctxqob6uw6fjybe','andi@zhdk.ch','yj8h4kkzlgpb1z0ckf','3745 Cronin Gateway','North Ellashire','N-GB9 6SE','Netherlands',2,NULL,'--- !ruby/hash:ActiveSupport::HashWithIndifferentAccess {}\n','2013-10-02 10:50:23','2013-10-02 10:50:23',NULL),(28,'arlie.schuppe_6575','Hugh','Ebert','05689102116',1,'ztztt9bof2yq41s0ym','merl@mann.info','9c9rdn5tn413muwj1w','1701 O\'Hara Hill','New Cullenfurt','H-W7E 6LB','Hong Kong',2,NULL,'--- !ruby/hash:ActiveSupport::HashWithIndifferentAccess {}\n','2013-10-02 10:50:23','2013-10-02 10:50:23',NULL),(29,'pat_3692','Hubert','Corkery','05514801474',1,'0n4h5ivdl4ffjmc3qa','pansy.jaskolski@kemmer.info','bkjb5zp3xsvylv3gqn','45166 Juston Squares','Mariloumouth','S-WT7M 9LZ','Singapore',1,NULL,'--- !ruby/hash:ActiveSupport::HashWithIndifferentAccess {}\n','2013-10-02 10:50:23','2013-10-02 10:50:23',NULL),(30,'max_9176','Laron','Ziemann','05576262818',1,'sc8d0h6uhq1ahwax1o','janelle.crona@mckenzie.info','h8k0p9x4yw0kc5hffn','6690 Morris Extensions','West Christahaven','M-UM0 2LR','Mali',1,NULL,'--- !ruby/hash:ActiveSupport::HashWithIndifferentAccess {}\n','2013-10-02 10:50:23','2013-10-02 10:50:23',NULL),(31,'wava_497','Tara','Hirthe','03629689937',1,'bqhvsx0klqkh3g7j6w','ethan@lowe.name','ajteio23atnojohkj3','67320 Bayer Locks','Kieranside','L-U9 8YY','Latvia',1,NULL,'--- !ruby/hash:ActiveSupport::HashWithIndifferentAccess {}\n','2013-10-02 10:50:23','2013-10-02 10:50:23',NULL),(32,'braeden_3060','Percy','D\'Amore','01919574648',1,'zdh5z0c0rkk31vz18y','franco_marks@shanahan.name','uyiufaxhe1vguf6dum','16186 Jaron Ville','West Thelmaborough','N-YB3 2PZ','Netherlands Antilles',1,NULL,'--- !ruby/hash:ActiveSupport::HashWithIndifferentAccess {}\n','2013-10-02 10:50:23','2013-10-02 10:50:23',NULL),(33,'scot_5997','Brennan','Abernathy','05683896466',1,'bg8i2jnf5eav4n9ujb','ezequiel@ritchie.name','jadz5poikel7yyr9rb','206 Tiana Turnpike','North Effie','A-ZW0X 8RL','Anguilla',1,NULL,'--- !ruby/hash:ActiveSupport::HashWithIndifferentAccess {}\n','2013-10-02 10:50:23','2013-10-02 10:50:23',NULL),(34,'lisa','Lisa','L.','01816071605',1,'2uhqhuuavqjzkth3kn','lisa@zhdk.ch','ncvhz0n2auviozpldb','4039 Quitzon Crest','Gottliebborough','E-WK06 2AJ','Egypt',2,NULL,'--- !ruby/hash:ActiveSupport::HashWithIndifferentAccess {}\n','2013-10-02 10:50:23','2013-10-02 10:50:23',NULL);
/*!40000 ALTER TABLE `users` ENABLE KEYS */;
UNLOCK TABLES;

--
-- Temporary table structure for view `visit_lines`
--

DROP TABLE IF EXISTS `visit_lines`;
/*!50001 DROP VIEW IF EXISTS `visit_lines`*/;
SET @saved_cs_client     = @@character_set_client;
SET character_set_client = utf8;
/*!50001 CREATE TABLE `visit_lines` (
  `visit_id` tinyint NOT NULL,
  `inventory_pool_id` tinyint NOT NULL,
  `user_id` tinyint NOT NULL,
  `delegated_user_id` tinyint NOT NULL,
  `status` tinyint NOT NULL,
  `action` tinyint NOT NULL,
  `date` tinyint NOT NULL,
  `quantity` tinyint NOT NULL,
  `contract_line_id` tinyint NOT NULL
) ENGINE=MyISAM */;
SET character_set_client = @saved_cs_client;

--
-- Temporary table structure for view `visits`
--

DROP TABLE IF EXISTS `visits`;
/*!50001 DROP VIEW IF EXISTS `visits`*/;
SET @saved_cs_client     = @@character_set_client;
SET character_set_client = utf8;
/*!50001 CREATE TABLE `visits` (
  `id` tinyint NOT NULL,
  `inventory_pool_id` tinyint NOT NULL,
  `user_id` tinyint NOT NULL,
  `status` tinyint NOT NULL,
  `action` tinyint NOT NULL,
  `date` tinyint NOT NULL,
  `quantity` tinyint NOT NULL
) ENGINE=MyISAM */;
SET character_set_client = @saved_cs_client;

--
-- Table structure for table `workdays`
--

DROP TABLE IF EXISTS `workdays`;
/*!40101 SET @saved_cs_client     = @@character_set_client */;
/*!40101 SET character_set_client = utf8 */;
CREATE TABLE `workdays` (
  `id` int(11) NOT NULL AUTO_INCREMENT,
  `inventory_pool_id` int(11) DEFAULT NULL,
  `monday` tinyint(1) DEFAULT '1',
  `tuesday` tinyint(1) DEFAULT '1',
  `wednesday` tinyint(1) DEFAULT '1',
  `thursday` tinyint(1) DEFAULT '1',
  `friday` tinyint(1) DEFAULT '1',
  `saturday` tinyint(1) DEFAULT '0',
  `sunday` tinyint(1) DEFAULT '0',
  PRIMARY KEY (`id`),
  KEY `index_workdays_on_inventory_pool_id` (`inventory_pool_id`)
) ENGINE=InnoDB AUTO_INCREMENT=13 DEFAULT CHARSET=utf8 COLLATE=utf8_unicode_ci;
/*!40101 SET character_set_client = @saved_cs_client */;

--
-- Dumping data for table `workdays`
--

LOCK TABLES `workdays` WRITE;
/*!40000 ALTER TABLE `workdays` DISABLE KEYS */;
INSERT INTO `workdays` VALUES (1,1,1,1,1,1,1,0,0),(2,2,1,1,1,1,1,0,0),(3,3,1,1,1,1,1,0,0),(4,4,1,1,1,1,1,0,0),(5,5,1,1,1,1,1,0,0),(6,6,1,1,1,1,1,0,0),(7,7,1,1,1,1,1,0,0),(8,8,1,1,1,1,1,0,0),(9,9,1,1,1,1,1,0,0),(10,10,1,1,1,1,1,0,0),(11,11,1,1,1,1,1,0,0),(12,12,1,1,1,1,1,0,0);
/*!40000 ALTER TABLE `workdays` ENABLE KEYS */;
UNLOCK TABLES;

--
-- Final view structure for view `partitions_with_generals`
--

/*!50001 DROP TABLE IF EXISTS `partitions_with_generals`*/;
/*!50001 DROP VIEW IF EXISTS `partitions_with_generals`*/;
/*!50001 SET @saved_cs_client          = @@character_set_client */;
/*!50001 SET @saved_cs_results         = @@character_set_results */;
/*!50001 SET @saved_col_connection     = @@collation_connection */;
/*!50001 SET character_set_client      = utf8 */;
/*!50001 SET character_set_results     = utf8 */;
/*!50001 SET collation_connection      = utf8_general_ci */;
/*!50001 CREATE ALGORITHM=UNDEFINED */
/*!50001 VIEW `partitions_with_generals` AS select `partitions`.`model_id` AS `model_id`,`partitions`.`inventory_pool_id` AS `inventory_pool_id`,`partitions`.`group_id` AS `group_id`,`partitions`.`quantity` AS `quantity` from `partitions` union select `i`.`model_id` AS `model_id`,`i`.`inventory_pool_id` AS `inventory_pool_id`,NULL AS `group_id`,(count(`i`.`id`) - ifnull((select sum(`p`.`quantity`) from `partitions` `p` where ((`p`.`model_id` = `i`.`model_id`) and (`p`.`inventory_pool_id` = `i`.`inventory_pool_id`)) group by `p`.`inventory_pool_id`,`p`.`model_id`),0)) AS `quantity` from `items` `i` where (isnull(`i`.`retired`) and (`i`.`is_borrowable` = 1) and isnull(`i`.`parent_id`)) group by `i`.`inventory_pool_id`,`i`.`model_id` */;
/*!50001 SET character_set_client      = @saved_cs_client */;
/*!50001 SET character_set_results     = @saved_cs_results */;
/*!50001 SET collation_connection      = @saved_col_connection */;

--
-- Final view structure for view `visit_lines`
--

/*!50001 DROP TABLE IF EXISTS `visit_lines`*/;
/*!50001 DROP VIEW IF EXISTS `visit_lines`*/;
/*!50001 SET @saved_cs_client          = @@character_set_client */;
/*!50001 SET @saved_cs_results         = @@character_set_results */;
/*!50001 SET @saved_col_connection     = @@collation_connection */;
/*!50001 SET character_set_client      = utf8 */;
/*!50001 SET character_set_results     = utf8 */;
/*!50001 SET collation_connection      = utf8_general_ci */;
/*!50001 CREATE ALGORITHM=UNDEFINED */
/*!50001 VIEW `visit_lines` AS select hex(concat(if((`c`.`status` = 'approved'),`cl`.`start_date`,`cl`.`end_date`),`c`.`inventory_pool_id`,`c`.`user_id`,`c`.`status`)) AS `visit_id`,`c`.`inventory_pool_id` AS `inventory_pool_id`,`c`.`user_id` AS `user_id`,`c`.`delegated_user_id` AS `delegated_user_id`,`c`.`status` AS `status`,if((`c`.`status` = 'approved'),'hand_over','take_back') AS `action`,if((`c`.`status` = 'approved'),`cl`.`start_date`,`cl`.`end_date`) AS `date`,`cl`.`quantity` AS `quantity`,`cl`.`id` AS `contract_line_id` from (`contract_lines` `cl` join `contracts` `c` on((`cl`.`contract_id` = `c`.`id`))) where ((`c`.`status` in ('approved','signed')) and isnull(`cl`.`returned_date`)) order by if((`c`.`status` = 'approved'),`cl`.`start_date`,`cl`.`end_date`) */;
/*!50001 SET character_set_client      = @saved_cs_client */;
/*!50001 SET character_set_results     = @saved_cs_results */;
/*!50001 SET collation_connection      = @saved_col_connection */;

--
-- Final view structure for view `visits`
--

/*!50001 DROP TABLE IF EXISTS `visits`*/;
/*!50001 DROP VIEW IF EXISTS `visits`*/;
/*!50001 SET @saved_cs_client          = @@character_set_client */;
/*!50001 SET @saved_cs_results         = @@character_set_results */;
/*!50001 SET @saved_col_connection     = @@collation_connection */;
/*!50001 SET character_set_client      = utf8 */;
/*!50001 SET character_set_results     = utf8 */;
/*!50001 SET collation_connection      = utf8_general_ci */;
/*!50001 CREATE ALGORITHM=UNDEFINED */
/*!50001 VIEW `visits` AS select hex(concat(`visit_lines`.`date`,`visit_lines`.`inventory_pool_id`,`visit_lines`.`user_id`,`visit_lines`.`status`)) AS `id`,`visit_lines`.`inventory_pool_id` AS `inventory_pool_id`,`visit_lines`.`user_id` AS `user_id`,`visit_lines`.`status` AS `status`,`visit_lines`.`action` AS `action`,`visit_lines`.`date` AS `date`,sum(`visit_lines`.`quantity`) AS `quantity` from `visit_lines` group by `visit_lines`.`user_id`,`visit_lines`.`status`,`visit_lines`.`date`,`visit_lines`.`inventory_pool_id` */;
/*!50001 SET character_set_client      = @saved_cs_client */;
/*!50001 SET character_set_results     = @saved_cs_results */;
/*!50001 SET collation_connection      = @saved_col_connection */;
/*!40103 SET TIME_ZONE=@OLD_TIME_ZONE */;

/*!40101 SET SQL_MODE=@OLD_SQL_MODE */;
/*!40014 SET FOREIGN_KEY_CHECKS=@OLD_FOREIGN_KEY_CHECKS */;
/*!40014 SET UNIQUE_CHECKS=@OLD_UNIQUE_CHECKS */;
/*!40101 SET CHARACTER_SET_CLIENT=@OLD_CHARACTER_SET_CLIENT */;
/*!40101 SET CHARACTER_SET_RESULTS=@OLD_CHARACTER_SET_RESULTS */;
/*!40101 SET COLLATION_CONNECTION=@OLD_COLLATION_CONNECTION */;
/*!40111 SET SQL_NOTES=@OLD_SQL_NOTES */;

-- Dump completed on 2014-06-24 14:08:44
COMMIT;
