SET autocommit=0; SET unique_checks=0; SET foreign_key_checks=0;
-- MySQL dump 10.13  Distrib 5.6.19, for osx10.9 (x86_64)
--
-- Host: localhost    Database: leihs2_test
-- ------------------------------------------------------
-- Server version	5.6.19

/*!40101 SET @OLD_CHARACTER_SET_CLIENT=@@CHARACTER_SET_CLIENT */;
/*!40101 SET @OLD_CHARACTER_SET_RESULTS=@@CHARACTER_SET_RESULTS */;
/*!40101 SET @OLD_COLLATION_CONNECTION=@@COLLATION_CONNECTION */;
/*!40101 SET NAMES utf8 */;
/*!40103 SET @OLD_TIME_ZONE=@@TIME_ZONE */;
/*!40103 SET TIME_ZONE='+00:00' */;
/*!40014 SET @OLD_UNIQUE_CHECKS=@@UNIQUE_CHECKS, UNIQUE_CHECKS=0 */;
/*!40014 SET @OLD_FOREIGN_KEY_CHECKS=@@FOREIGN_KEY_CHECKS, FOREIGN_KEY_CHECKS=0 */;
/*!40101 SET @OLD_SQL_MODE=@@SQL_MODE, SQL_MODE='NO_AUTO_VALUE_ON_ZERO' */;
/*!40111 SET @OLD_SQL_NOTES=@@SQL_NOTES, SQL_NOTES=0 */;

--
-- Table structure for table `access_rights`
--

DROP TABLE IF EXISTS `access_rights`;
/*!40101 SET @saved_cs_client     = @@character_set_client */;
/*!40101 SET character_set_client = utf8 */;
CREATE TABLE `access_rights` (
  `id` int(11) NOT NULL AUTO_INCREMENT,
  `user_id` int(11) DEFAULT NULL,
  `inventory_pool_id` int(11) DEFAULT NULL,
  `suspended_until` date DEFAULT NULL,
  `suspended_reason` text COLLATE utf8_unicode_ci,
  `deleted_at` date DEFAULT NULL,
  `created_at` datetime DEFAULT NULL,
  `updated_at` datetime DEFAULT NULL,
  `role` enum('customer','group_manager','lending_manager','inventory_manager','admin') COLLATE utf8_unicode_ci NOT NULL,
  PRIMARY KEY (`id`),
  KEY `index_access_rights_on_suspended_until` (`suspended_until`),
  KEY `index_access_rights_on_deleted_at` (`deleted_at`),
  KEY `index_access_rights_on_inventory_pool_id` (`inventory_pool_id`),
  KEY `index_access_rights_on_role` (`role`),
  KEY `index_on_user_id_and_inventory_pool_id_and_deleted_at` (`user_id`,`inventory_pool_id`,`deleted_at`)
) ENGINE=InnoDB AUTO_INCREMENT=42 DEFAULT CHARSET=utf8 COLLATE=utf8_unicode_ci;
/*!40101 SET character_set_client = @saved_cs_client */;

--
-- Dumping data for table `access_rights`
--

LOCK TABLES `access_rights` WRITE;
/*!40000 ALTER TABLE `access_rights` DISABLE KEYS */;
INSERT INTO `access_rights` VALUES (1,1,NULL,NULL,NULL,NULL,'2015-07-07 23:20:09','2015-07-07 23:20:09','admin'),(2,3,3,NULL,NULL,NULL,'2015-07-07 23:20:09','2015-07-07 23:20:09','customer'),(3,4,1,NULL,NULL,NULL,'2015-07-07 23:20:09','2015-07-07 23:20:09','lending_manager'),(4,5,5,NULL,NULL,NULL,'2015-07-07 23:20:09','2015-07-07 23:20:09','customer'),(5,6,12,NULL,NULL,NULL,'2015-07-07 23:20:09','2015-07-07 23:20:09','customer'),(6,7,1,NULL,NULL,'2015-07-08','2015-07-07 23:20:09','2015-07-07 23:20:09','customer'),(7,1,1,NULL,NULL,NULL,'2015-07-07 23:20:09','2015-07-07 23:20:09','customer'),(8,8,2,NULL,NULL,NULL,'2015-07-07 23:20:09','2015-07-07 23:20:09','inventory_manager'),(9,9,1,NULL,NULL,NULL,'2015-07-07 23:20:09','2015-07-07 23:20:09','inventory_manager'),(10,9,12,NULL,NULL,NULL,'2015-07-07 23:20:09','2015-07-07 23:20:09','inventory_manager'),(11,10,1,NULL,NULL,NULL,'2015-07-07 23:20:09','2015-07-07 23:20:09','group_manager'),(12,10,2,NULL,NULL,NULL,'2015-07-07 23:20:09','2015-07-07 23:20:09','group_manager'),(13,10,3,NULL,NULL,NULL,'2015-07-07 23:20:09','2015-07-07 23:20:09','group_manager'),(14,11,1,NULL,NULL,NULL,'2015-07-07 23:20:09','2015-07-07 23:20:09','group_manager'),(15,12,1,NULL,NULL,NULL,'2015-07-07 23:20:09','2015-07-07 23:20:09','customer'),(16,13,1,'2015-07-08','suspreason',NULL,'2015-07-07 23:20:09','2015-07-07 23:20:09','customer'),(17,14,1,NULL,NULL,NULL,'2015-07-07 23:20:09','2015-07-07 23:20:09','customer'),(18,15,1,NULL,NULL,NULL,'2015-07-07 23:20:09','2015-07-07 23:20:09','customer'),(19,16,1,NULL,NULL,NULL,'2015-07-07 23:20:09','2015-07-07 23:20:09','customer'),(20,17,NULL,NULL,NULL,NULL,'2015-07-07 23:20:09','2015-07-07 23:20:09','admin'),(21,18,1,NULL,NULL,NULL,'2015-07-07 23:20:09','2015-07-07 23:20:09','lending_manager'),(22,18,2,NULL,NULL,NULL,'2015-07-07 23:20:09','2015-07-07 23:20:09','lending_manager'),(23,19,1,NULL,NULL,NULL,'2015-07-07 23:20:09','2015-07-07 23:20:09','customer'),(24,20,1,NULL,NULL,NULL,'2015-07-07 23:20:09','2015-07-07 23:20:09','customer'),(25,21,1,NULL,NULL,NULL,'2015-07-07 23:20:09','2015-07-07 23:20:09','customer'),(26,22,1,NULL,NULL,NULL,'2015-07-07 23:20:09','2015-07-07 23:20:09','customer'),(27,23,1,NULL,NULL,NULL,'2015-07-07 23:20:09','2015-07-07 23:20:09','customer'),(28,24,2,'2015-07-04','Quis perferendis nesciunt ullam doloremque eos molestias quia.',NULL,'2015-07-03 00:00:00','2015-07-03 00:00:00','customer'),(29,26,1,NULL,NULL,NULL,'2015-07-07 23:20:09','2015-07-07 23:20:09','customer'),(30,27,1,NULL,NULL,NULL,'2015-07-07 23:20:09','2015-07-07 23:20:09','customer'),(31,28,1,NULL,NULL,NULL,'2015-07-07 23:20:09','2015-07-07 23:20:09','customer'),(32,29,1,NULL,NULL,NULL,'2015-07-07 23:20:09','2015-07-07 23:20:09','customer'),(33,31,1,NULL,NULL,NULL,'2015-07-07 23:20:09','2015-07-07 23:20:09','customer'),(34,31,13,NULL,NULL,NULL,'2015-07-07 23:20:09','2015-07-07 23:20:09','customer'),(35,31,14,NULL,NULL,NULL,'2015-07-07 23:20:09','2015-07-07 23:20:09','customer'),(36,32,1,NULL,NULL,NULL,'2015-07-07 23:20:09','2015-07-07 23:20:09','customer'),(37,32,2,NULL,NULL,NULL,'2015-07-07 23:20:09','2015-07-07 23:20:09','customer'),(38,32,3,NULL,NULL,NULL,'2015-07-07 23:20:09','2015-07-07 23:20:09','customer'),(39,32,14,NULL,NULL,'2015-07-06','2015-07-07 23:20:09','2015-07-07 23:20:09','customer'),(40,33,1,NULL,NULL,NULL,'2015-07-07 23:20:09','2015-07-07 23:20:09','customer'),(41,34,1,NULL,NULL,NULL,'2015-07-07 23:20:09','2015-07-07 23:20:09','customer');
/*!40000 ALTER TABLE `access_rights` ENABLE KEYS */;
UNLOCK TABLES;

--
-- Table structure for table `accessories`
--

DROP TABLE IF EXISTS `accessories`;
/*!40101 SET @saved_cs_client     = @@character_set_client */;
/*!40101 SET character_set_client = utf8 */;
CREATE TABLE `accessories` (
  `id` int(11) NOT NULL AUTO_INCREMENT,
  `model_id` int(11) DEFAULT NULL,
  `name` varchar(255) COLLATE utf8_unicode_ci DEFAULT NULL,
  `quantity` int(11) DEFAULT NULL,
  PRIMARY KEY (`id`),
  KEY `index_accessories_on_model_id` (`model_id`)
) ENGINE=InnoDB AUTO_INCREMENT=518 DEFAULT CHARSET=utf8 COLLATE=utf8_unicode_ci;
/*!40101 SET character_set_client = @saved_cs_client */;

--
-- Dumping data for table `accessories`
--

LOCK TABLES `accessories` WRITE;
/*!40000 ALTER TABLE `accessories` DISABLE KEYS */;
INSERT INTO `accessories` VALUES (1,1,'Georgianna Kuhic',NULL),(2,2,'Adele Gulgowski Sr.',NULL),(3,2,'Lue Fay',NULL),(4,2,'Ms. Jaylen Bashirian',NULL),(5,2,'Raquel Yundt',NULL),(6,2,'Collin Jacobi II',NULL),(7,3,'Dannie Cartwright',NULL),(8,3,'Ms. Eduardo Kemmer',NULL),(9,4,'Kenneth Waelchi',NULL),(10,4,'Dr. Lesley Jacobson',NULL),(11,4,'Wilmer Block',NULL),(12,4,'Dejon Bayer',NULL),(13,4,'Dayana Bartell',NULL),(14,5,'Arturo Langworth',NULL),(15,5,'Alessandra Hyatt',NULL),(16,5,'Garry Pollich',NULL),(17,6,'Trent Daugherty',NULL),(18,6,'Demetrius Sanford',NULL),(19,6,'Darlene Osinski',NULL),(20,6,'Zoie Wisoky',NULL),(21,6,'Christop Wolff V',NULL),(22,7,'Chase Krajcik',NULL),(23,7,'Amir Bashirian I',NULL),(24,7,'Hilma Parker',NULL),(25,7,'Rhett Schmitt',NULL),(26,7,'Xzavier Bernier',NULL),(27,8,'Hermann Keeling',NULL),(28,8,'Noe Anderson',NULL),(29,8,'Darrin Rutherford',NULL),(30,9,'Justine Romaguera',NULL),(31,9,'Sheridan Howe',NULL),(32,9,'Yasmin Wehner',NULL),(33,9,'Esmeralda Hand',NULL),(34,9,'Jovany O\'Keefe PhD',NULL),(35,10,'Dr. Cesar Frami',NULL),(36,10,'Mrs. Nia Bergnaum',NULL),(37,10,'Rubie Torp',NULL),(38,11,'Chadrick Kuhn',NULL),(39,11,'Jeanne Vandervort',NULL),(40,11,'Wilhelmine Ullrich',NULL),(41,12,'Gavin Schuster MD',NULL),(42,12,'Alvera Crist',NULL),(43,13,'Catherine Bechtelar',NULL),(44,14,'Lonzo Gutkowski',NULL),(45,14,'Hosea Jacobi',NULL),(46,14,'Karina Wisoky',NULL),(47,14,'Conor Monahan',NULL),(48,14,'Neva Price',NULL),(49,15,'Eve Bauch',NULL),(50,15,'Orland D\'Amore',NULL),(51,16,'Vita Halvorson',NULL),(52,16,'Jaquan Lindgren',NULL),(53,16,'Tamara Murray II',NULL),(54,16,'Alek Quitzon',NULL),(55,17,'Mr. Rosetta Mohr',NULL),(56,17,'Dayna Cartwright',NULL),(57,17,'Jaycee Bartell',NULL),(58,17,'Angelina Heidenreich',NULL),(59,18,'Dr. Kasey Pollich',NULL),(60,18,'Kirstin Gislason',NULL),(61,18,'Jerome Bradtke',NULL),(62,18,'Hannah O\'Hara',NULL),(63,18,'Elroy Murazik',NULL),(64,19,'Emelia Stiedemann IV',NULL),(65,19,'Orie Mosciski',NULL),(66,19,'Adalberto Fritsch I',NULL),(67,20,'Ilene Harvey',NULL),(68,21,'Cleve Kub',NULL),(69,21,'Isabella Hoppe',NULL),(70,21,'Carlie Kuphal',NULL),(71,21,'Kenton Kemmer Jr.',NULL),(72,21,'Jay Carter',NULL),(73,22,'Luna Casper',NULL),(74,23,'Ms. Kaia Kovacek',NULL),(75,23,'Domenico Upton II',NULL),(76,23,'Nikolas Lowe III',NULL),(77,23,'Anne Muller',NULL),(78,24,'Bell Schoen',NULL),(79,24,'Janelle O\'Conner',NULL),(80,25,'Miss Cortez Bahringer',NULL),(81,25,'Maryam Stanton II',NULL),(82,26,'Donato Bernier',NULL),(83,26,'Joaquin Funk MD',NULL),(84,27,'Dr. Willis Purdy',NULL),(85,28,'Arlene Gerlach',NULL),(86,28,'Elbert Boyle',NULL),(87,28,'Toby Powlowski MD',NULL),(88,28,'Elisha Graham',NULL),(89,29,'Idell Denesik DVM',NULL),(90,29,'Eldridge Thiel',NULL),(91,29,'Benny Mertz',NULL),(92,29,'Zetta Halvorson',NULL),(93,30,'Ayla Rowe',NULL),(94,30,'Modesto Deckow DVM',NULL),(95,30,'Lee Lowe',NULL),(96,30,'Mrs. Hobart Jacobs',NULL),(97,31,'Lesly Schoen',NULL),(98,31,'Tanner Gerhold I',NULL),(99,31,'Mr. Sophia Daniel',NULL),(100,31,'Margarett Rath',NULL),(101,32,'Stewart Greenfelder',NULL),(102,32,'Rollin Huels',NULL),(103,32,'Horacio Emard',NULL),(104,33,'Wilson Lynch',NULL),(105,34,'Lawson Sawayn',NULL),(106,34,'Carlotta Considine',NULL),(107,34,'Kelley Bosco',NULL),(108,35,'Vivianne Runolfsdottir II',NULL),(109,36,'Susanna Wilderman',NULL),(110,36,'Pearl Roberts',NULL),(111,36,'Piper Daugherty',NULL),(112,37,'Torrance Boyer',NULL),(113,37,'Maxine Jones',NULL),(114,37,'Ms. Lela Schaefer',NULL),(115,37,'Bart Friesen',NULL),(116,37,'Nelson Fay',NULL),(117,38,'Nikita Jerde',NULL),(118,38,'Reuben Johns Sr.',NULL),(119,38,'Vincenza Green',NULL),(120,38,'Mrs. Catharine Feeney',NULL),(121,38,'Bennie Cruickshank',NULL),(122,39,'Paris Nienow',NULL),(123,39,'Madisen Vandervort',NULL),(124,40,'Mrs. Jeanie Leannon',NULL),(125,40,'Adell Labadie',NULL),(126,40,'Tracy Tromp III',NULL),(127,41,'Judah Kilback',NULL),(128,41,'Terence Larkin',NULL),(129,42,'Alayna Waelchi',NULL),(130,42,'Tremayne Buckridge',NULL),(131,42,'Quinn Jenkins',NULL),(132,42,'Morris Lowe',NULL),(133,42,'Miss Carlie Rempel',NULL),(134,43,'Jean Prohaska',NULL),(135,43,'Margret Dickens',NULL),(136,43,'Mrs. Andre Ryan',NULL),(137,43,'Ms. Lindsey Bergstrom',NULL),(138,43,'Eloise Schroeder',NULL),(139,44,'Mr. Brisa Gleichner',NULL),(140,44,'Ciara Hahn',NULL),(141,45,'Halle Kautzer',NULL),(142,45,'Johnson Bosco',NULL),(143,45,'Titus Volkman',NULL),(144,45,'Wilhelm O\'Connell',NULL),(145,46,'Orin Stanton',NULL),(146,47,'Chasity Nienow',NULL),(147,47,'Tavares Predovic',NULL),(148,47,'Amie Brown',NULL),(149,48,'Ezequiel Bosco',NULL),(150,48,'Koby Sporer',NULL),(151,48,'Agustina Wilkinson',NULL),(152,48,'Christy Klocko PhD',NULL),(153,49,'Aylin Gutmann IV',NULL),(154,50,'Pearline Crooks',NULL),(155,51,'Myrtie Armstrong',NULL),(156,52,'Arnoldo Weissnat V',NULL),(157,52,'Misty Kilback',NULL),(158,52,'Bianka Lebsack',NULL),(159,52,'Arno McCullough',NULL),(160,53,'Sunny Reichert III',NULL),(161,53,'Dawson Rice',NULL),(162,54,'Jacklyn Rippin',NULL),(163,54,'Cassandra Hartmann',NULL),(164,54,'Maryjane Schulist',NULL),(165,54,'Ms. Jaeden Murray',NULL),(166,55,'Juanita Schaefer',NULL),(167,55,'Carlo Hyatt',NULL),(168,55,'Dimitri Koss',NULL),(169,56,'Alysha Runolfsson IV',NULL),(170,56,'Arne Kutch MD',NULL),(171,56,'Ross Hahn',NULL),(172,57,'Manuela Koss',NULL),(173,58,'Mr. Meghan Nolan',NULL),(174,58,'Adele Waters',NULL),(175,59,'Parker Hilll',NULL),(176,59,'Randi Cole Sr.',NULL),(177,59,'Kacey West',NULL),(178,59,'Melisa Cassin',NULL),(179,60,'Trent Ledner',NULL),(180,60,'Annie Feest',NULL),(181,61,'Jolie Schinner',NULL),(182,61,'Santos Corwin',NULL),(183,61,'Francesca Stiedemann',NULL),(184,61,'Mr. Hobart Goldner',NULL),(185,62,'Juliana Becker PhD',NULL),(186,62,'Magdalen Tremblay',NULL),(187,62,'Mr. Stacy Halvorson',NULL),(188,63,'Caden Lang',NULL),(189,63,'Nicole Murazik',NULL),(190,63,'Dr. Keely Kuhlman',NULL),(191,64,'Reymundo Walsh Jr.',NULL),(192,64,'Norma Weimann',NULL),(193,64,'Ms. Arnold Smitham',NULL),(194,64,'Keyon Gutkowski III',NULL),(195,64,'Ms. Maryam Schiller',NULL),(196,65,'Ms. Rosalyn Schaden',NULL),(197,65,'Estella Stroman II',NULL),(198,66,'Elza Hackett',NULL),(199,66,'Norwood Schoen',NULL),(200,67,'Adell Jacobi I',NULL),(201,68,'Nathanael Hahn',NULL),(202,68,'Krystel Lemke II',NULL),(203,68,'Chris Gleichner',NULL),(204,68,'Mack Yundt',NULL),(205,68,'Ms. Franco Kunde',NULL),(206,69,'Amelia Mertz III',NULL),(207,69,'Mr. Marielle Kunde',NULL),(208,69,'Edmond Bartoletti',NULL),(209,69,'Reymundo Weimann',NULL),(210,70,'Ms. Breanna Hyatt',NULL),(211,70,'Mandy Ledner',NULL),(212,71,'Sam Mills II',NULL),(213,71,'Lilyan McLaughlin V',NULL),(214,71,'Claudia Smitham',NULL),(215,71,'Vincenzo Ward',NULL),(216,72,'Miss Royce Russel',NULL),(217,72,'Mrs. Saul Howe',NULL),(218,72,'Leanne Lang MD',NULL),(219,72,'Donato Streich III',NULL),(220,73,'Nyasia Leffler',NULL),(221,74,'Chaz Koelpin',NULL),(222,75,'Jena Smith II',NULL),(223,75,'Felicity Hodkiewicz',NULL),(224,75,'Leo Reilly',NULL),(225,75,'Giovani Watsica',NULL),(226,75,'Dax Adams',NULL),(227,76,'Mr. Kayden Krajcik',NULL),(228,76,'Ms. Taylor Stark',NULL),(229,76,'Sandrine Little',NULL),(230,77,'Jeffrey Gibson',NULL),(231,77,'Mrs. Destiney Kuphal',NULL),(232,77,'Ms. Gage Lang',NULL),(233,77,'Stewart Stamm',NULL),(234,77,'Raoul Morar',NULL),(235,78,'Emma Greenholt',NULL),(236,78,'Dayna Quigley',NULL),(237,78,'Elda Cremin',NULL),(238,78,'Cooper Paucek',NULL),(239,79,'Ms. Johathan Macejkovic',NULL),(240,79,'Kyleigh Crist',NULL),(241,79,'Kennedi Lind IV',NULL),(242,79,'Hallie Runte',NULL),(243,80,'Ewald Feil II',NULL),(244,80,'Walton Schmitt',NULL),(245,81,'Treva Predovic',NULL),(246,81,'Jaleel Schneider',NULL),(247,81,'Manuela Rippin',NULL),(248,81,'Holly Okuneva',NULL),(249,81,'Miss Deon Miller',NULL),(250,82,'Leila Rutherford',NULL),(251,82,'Mr. Fidel Tillman',NULL),(252,82,'Ms. Domenica Kulas',NULL),(253,83,'Trey Farrell',NULL),(254,83,'George Zemlak',NULL),(255,83,'Serena Kub',NULL),(256,83,'Miles Funk Sr.',NULL),(257,83,'Ms. Ona Bauch',NULL),(258,84,'Eloisa Considine',NULL),(259,84,'Vesta Corwin DVM',NULL),(260,84,'Luna Braun',NULL),(261,84,'Isobel Hills MD',NULL),(262,84,'Agustina Davis III',NULL),(263,85,'Hoyt Prohaska',NULL),(264,85,'Anika Kuhn',NULL),(265,85,'Rosie Kertzmann',NULL),(266,85,'Sister Carroll',NULL),(267,86,'Susan Casper',NULL),(268,86,'Aracely Abbott',NULL),(269,86,'Domingo Thompson',NULL),(270,86,'Dawson Nikolaus',NULL),(271,86,'Dr. Regan Fisher',NULL),(272,87,'Davin Yundt',NULL),(273,87,'Ms. Miracle Nikolaus',NULL),(274,87,'Kavon Hoppe',NULL),(275,88,'Quinton Brakus',NULL),(276,88,'Jaclyn Lockman',NULL),(277,88,'Mr. Dylan Bartell',NULL),(278,88,'Deja Jacobs',NULL),(279,88,'Mr. Glen Nikolaus',NULL),(280,89,'Mr. Issac Herman',NULL),(281,89,'Donnell Waters',NULL),(282,89,'Emerson Jenkins',NULL),(283,89,'Mariana Schumm',NULL),(284,89,'Maya Heathcote',NULL),(285,90,'Frank Ferry',NULL),(286,91,'Dangelo Brekke',NULL),(287,91,'Harry Collier',NULL),(288,92,'Frida Williamson',NULL),(289,92,'Tanner Marks V',NULL),(290,92,'Preston Koch',NULL),(291,92,'Dillan Breitenberg',NULL),(292,92,'Madilyn Frami',NULL),(293,93,'Ronaldo Wisoky DDS',NULL),(294,93,'Francesco Senger Sr.',NULL),(295,93,'Leon West',NULL),(296,93,'Kallie Waters',NULL),(297,94,'Miss Will Muller',NULL),(298,94,'Mr. Uriah Klocko',NULL),(299,94,'Zelma Frami II',NULL),(300,95,'Kiera Cummerata',NULL),(301,95,'Chanelle Ullrich',NULL),(302,95,'Adele Keeling',NULL),(303,96,'Mrs. Nicholas Bruen',NULL),(304,97,'Jeanette Ebert DVM',NULL),(305,97,'Karolann Schamberger',NULL),(306,98,'Liam Bogisich',NULL),(307,99,'Margarette Reilly',NULL),(308,100,'Rodger Barton',NULL),(309,100,'Hubert Wisoky',NULL),(310,100,'Maurice Bashirian',NULL),(311,100,'Megane Goldner',NULL),(312,101,'Vergie Hilll',NULL),(313,101,'Ms. Geoffrey Schaefer',NULL),(314,101,'Miss Amaya Shanahan',NULL),(315,101,'Clifford Abshire',NULL),(316,101,'Larry Shields',NULL),(317,102,'Jamison Wintheiser',NULL),(318,102,'Audreanne Herman',NULL),(319,102,'Jackie Mann',NULL),(320,102,'Mrs. Cassandra Schiller',NULL),(321,102,'Dereck Bernhard',NULL),(322,103,'Delpha Langosh',NULL),(323,103,'Hilma Swaniawski IV',NULL),(324,103,'Freddie Sporer',NULL),(325,103,'Neal Kerluke Sr.',NULL),(326,104,'Arlo O\'Reilly',NULL),(327,104,'Felix Langosh IV',NULL),(328,104,'Claud Wolff',NULL),(329,104,'Caleigh Lemke V',NULL),(330,104,'Hellen Murphy',NULL),(331,105,'Carrie Monahan V',NULL),(332,105,'Kamren Hilpert',NULL),(333,105,'Amber Mills V',NULL),(334,106,'Griffin Gutmann',NULL),(335,106,'Miss Candice West',NULL),(336,106,'Arnoldo Hettinger',NULL),(337,106,'Jessyca Schroeder',NULL),(338,106,'Stewart Aufderhar',NULL),(339,107,'Mr. Karianne Watsica',NULL),(340,107,'Andres Price',NULL),(341,107,'Dorris Kuhn',NULL),(342,108,'Christ Murray',NULL),(343,108,'Mrs. Myrtis Hickle',NULL),(344,108,'Zachariah Bernier Jr.',NULL),(345,108,'Maymie Waelchi',NULL),(346,108,'Leopold Reynolds III',NULL),(347,109,'Alicia Fisher',NULL),(348,109,'Miss Levi Nader',NULL),(349,109,'Tiara Thompson PhD',NULL),(350,109,'Clark Kub',NULL),(351,110,'Talia Bernier',NULL),(352,110,'Justine Orn',NULL),(353,110,'Harrison Schuster',NULL),(354,110,'Landen Rutherford III',NULL),(355,110,'Bennie Becker',NULL),(356,111,'Cayla Hegmann',NULL),(357,112,'Odessa Thiel',NULL),(358,112,'Savanah Trantow',NULL),(359,112,'Kacie Heidenreich',NULL),(360,113,'Mrs. Floyd Roob',NULL),(361,113,'Jayne Roob Jr.',NULL),(362,113,'Ms. Ashlynn Gerlach',NULL),(363,114,'Zula Keeling',NULL),(364,114,'Omari White III',NULL),(365,115,'Joanny Robel',NULL),(366,115,'Lauryn Terry',NULL),(367,116,'Madaline Larson',NULL),(368,116,'Frida Kohler',NULL),(369,116,'Rhoda Mills III',NULL),(370,116,'Leonor Reichert',NULL),(371,116,'Piper Price',NULL),(372,117,'Connie Jenkins',NULL),(373,117,'Aurelia Morar Sr.',NULL),(374,117,'Palma Rogahn',NULL),(375,117,'Alana Hammes I',NULL),(376,118,'Torrey Keebler',NULL),(377,118,'Colby Price',NULL),(378,118,'America Harber',NULL),(379,119,'Willie Armstrong Jr.',NULL),(380,119,'Lorenz Pagac',NULL),(381,120,'Gustave Hahn',NULL),(382,120,'Eldora Wunsch',NULL),(383,120,'Heloise Kassulke Jr.',NULL),(384,121,'Brayan Cormier I',NULL),(385,122,'Nina Raynor MD',NULL),(386,122,'Ms. Ellie Spencer',NULL),(387,123,'Austin Hansen',NULL),(388,124,'Linwood Becker',NULL),(389,124,'Orval Conn',NULL),(390,124,'Marina Borer',NULL),(391,124,'Gaylord Hoppe',NULL),(392,125,'Tiana Bailey',NULL),(393,125,'Bryon Greenfelder',NULL),(394,125,'Ms. Cassandre Kiehn',NULL),(395,125,'Domenica Feeney',NULL),(396,126,'Elvis Sawayn',NULL),(397,126,'Mrs. Lora Schiller',NULL),(398,126,'Mr. Desmond Wuckert',NULL),(399,126,'Xander DuBuque',NULL),(400,126,'Rickey Sanford',NULL),(401,127,'Julius Veum',NULL),(402,127,'Elvera Wintheiser',NULL),(403,127,'Emiliano Cronin',NULL),(404,128,'Chelsey Parker',NULL),(405,128,'Rosamond Mraz',NULL),(406,129,'Katelin Wolff V',NULL),(407,129,'Westley Abernathy',NULL),(408,129,'Mckenna Zulauf',NULL),(409,130,'Manuel Nikolaus',NULL),(410,130,'Serena Howell',NULL),(411,131,'Marietta Haag',NULL),(412,131,'Lew Shields',NULL),(413,132,'Durward Johnson',NULL),(414,132,'Pasquale Schulist DVM',NULL),(415,132,'Andreane Kilback DVM',NULL),(416,132,'Jean Schamberger DDS',NULL),(417,132,'Ivah Treutel',NULL),(418,133,'Bertram Kovacek',NULL),(419,133,'Gerald Grant',NULL),(420,133,'Carlie Metz III',NULL),(421,134,'Jaycee Gleason I',NULL),(422,134,'Robin Luettgen',NULL),(423,134,'Ena Bartell',NULL),(424,135,'Dr. Davonte Bogisich',NULL),(425,135,'Jaquan Corwin',NULL),(426,136,'Roma Gerlach',NULL),(427,137,'Oran Thompson MD',NULL),(428,137,'Elliott Watsica',NULL),(429,137,'Everett Haley',NULL),(430,137,'Elisha Ortiz MD',NULL),(431,137,'Jamarcus Treutel',NULL),(432,138,'Ms. Lacy Langosh',NULL),(433,138,'Cyril Borer MD',NULL),(434,138,'Earline Schmidt',NULL),(435,138,'Walker Balistreri MD',NULL),(436,138,'Mr. Tracey Ankunding',NULL),(437,139,'Gussie Ernser',NULL),(438,139,'Roderick Mayert',NULL),(439,139,'Dr. Ed Kautzer',NULL),(440,139,'Mckayla Moore',NULL),(441,139,'Melyna Zulauf',NULL),(442,140,'Telly Brekke',NULL),(443,141,'Jamar Goodwin',NULL),(444,141,'Ford MacGyver',NULL),(445,141,'Darrion Kessler III',NULL),(446,141,'Roberta Hilll',NULL),(447,142,'Nelle Schmitt Sr.',NULL),(448,142,'Curtis Raynor',NULL),(449,142,'Carroll Considine',NULL),(450,142,'Margret Ferry',NULL),(451,142,'Jay Mohr',NULL),(452,143,'Mr. Orville Heller',NULL),(453,143,'Miss Retta Kuvalis',NULL),(454,143,'Edwin Monahan',NULL),(455,144,'Miss Ayana Bahringer',NULL),(456,144,'Stanford Shanahan',NULL),(457,144,'Miss Mohamed Blanda',NULL),(458,144,'Kylie Dicki',NULL),(459,144,'Kane Jones',NULL),(460,145,'Brock Smitham',NULL),(461,145,'Hertha Ankunding',NULL),(462,145,'Palma Flatley',NULL),(463,145,'Bennett Ernser',NULL),(464,145,'Hanna Frami',NULL),(465,146,'Chanel Gleason',NULL),(466,146,'Jordan Hauck',NULL),(467,146,'Ms. Ephraim Jast',NULL),(468,146,'Ardith Altenwerth',NULL),(469,146,'Miss Arthur Pfeffer',NULL),(470,147,'Annamarie Herman Sr.',NULL),(471,147,'Roel Gleichner',NULL),(472,148,'Irwin Hartmann',NULL),(473,149,'Domenick MacGyver',NULL),(474,149,'Rachel Rippin IV',NULL),(475,149,'Rodger Nitzsche',NULL),(476,149,'Ms. Damien Sauer',NULL),(477,150,'Jayme Kessler',NULL),(478,150,'Samson Howell',NULL),(479,150,'Gardner Watsica',NULL),(480,150,'Wanda Gerhold I',NULL),(481,150,'Prudence Watsica',NULL),(482,151,'Miss Sydney Goldner',NULL),(483,151,'Federico Schmitt',NULL),(484,151,'Carrie Keeling',NULL),(485,152,'Brad Goyette',NULL),(486,152,'Mr. Valentin Wisoky',NULL),(487,152,'Dell Hegmann',NULL),(488,152,'Nora Berge',NULL),(489,153,'Miss Marcel Goodwin',NULL),(490,153,'Jan Ondricka Sr.',NULL),(491,153,'Newell Armstrong II',NULL),(492,153,'Gretchen Daniel',NULL),(493,154,'Waldo Wyman',NULL),(494,155,'Forest Flatley',NULL),(495,155,'Cameron Dach',NULL),(496,155,'Justen Connelly',NULL),(497,155,'Mckenzie Kautzer',NULL),(498,156,'Addie Nitzsche',NULL),(499,156,'Mertie Rice DVM',NULL),(500,157,'Hortense Spencer',NULL),(501,157,'Dr. Jaeden Schmidt',NULL),(502,158,'Brent Bogisich',NULL),(503,158,'Watson Gutmann',NULL),(504,158,'Malinda Harris',NULL),(505,158,'April Quigley',NULL),(506,158,'Miss Karlie Nikolaus',NULL),(507,159,'Kaylee Pouros',NULL),(508,159,'Golda Lehner',NULL),(509,159,'Bulah Mayer',NULL),(510,159,'Darian Moore',NULL),(511,159,'Armando Kautzer',NULL),(512,160,'Oleta Cummerata',NULL),(513,161,'Alford Murazik',NULL),(514,161,'Ms. Ibrahim Cummings',NULL),(515,161,'Sonny Schiller V',NULL),(516,162,'Kennith Runolfsdottir',NULL),(517,163,'Antone Macejkovic',NULL);
/*!40000 ALTER TABLE `accessories` ENABLE KEYS */;
UNLOCK TABLES;

--
-- Table structure for table `accessories_inventory_pools`
--

DROP TABLE IF EXISTS `accessories_inventory_pools`;
/*!40101 SET @saved_cs_client     = @@character_set_client */;
/*!40101 SET character_set_client = utf8 */;
CREATE TABLE `accessories_inventory_pools` (
  `accessory_id` int(11) DEFAULT NULL,
  `inventory_pool_id` int(11) DEFAULT NULL,
  UNIQUE KEY `index_accessories_inventory_pools` (`accessory_id`,`inventory_pool_id`),
  KEY `index_accessories_inventory_pools_on_inventory_pool_id` (`inventory_pool_id`)
) ENGINE=InnoDB DEFAULT CHARSET=utf8 COLLATE=utf8_unicode_ci;
/*!40101 SET character_set_client = @saved_cs_client */;

--
-- Dumping data for table `accessories_inventory_pools`
--

LOCK TABLES `accessories_inventory_pools` WRITE;
/*!40000 ALTER TABLE `accessories_inventory_pools` DISABLE KEYS */;
INSERT INTO `accessories_inventory_pools` VALUES (3,1),(4,1),(6,1),(7,1),(8,1),(9,1),(12,1),(13,1),(15,1),(16,1),(18,1),(21,1),(22,1),(25,1),(28,1),(30,1),(33,1),(36,1),(38,1),(40,1),(43,1),(44,1),(45,1),(46,1),(47,1),(49,1),(50,1),(51,1),(54,1),(55,1),(58,1),(59,1),(60,1),(61,1),(62,1),(63,1),(66,1),(67,1),(69,1),(71,1),(72,1),(74,1),(80,1),(83,1),(84,1),(88,1),(91,1),(93,1),(95,1),(100,1),(101,1),(102,1),(103,1),(104,1),(105,1),(106,1),(109,1),(113,1),(115,1),(116,1),(117,1),(118,1),(119,1),(120,1),(121,1),(122,1),(123,1),(124,1),(125,1),(126,1),(127,1),(128,1),(130,1),(131,1),(133,1),(134,1),(135,1),(136,1),(139,1),(140,1),(142,1),(143,1),(144,1),(149,1),(151,1),(152,1),(153,1),(155,1),(160,1),(161,1),(162,1),(164,1),(165,1),(166,1),(167,1),(168,1),(170,1),(171,1),(173,1),(175,1),(176,1),(178,1),(179,1),(180,1),(181,1),(182,1),(183,1),(185,1),(190,1),(192,1),(200,1),(201,1),(205,1),(206,1),(207,1),(208,1),(210,1),(213,1),(214,1),(217,1),(220,1),(221,1),(222,1),(227,1),(231,1),(232,1),(234,1),(235,1),(238,1),(241,1),(242,1),(243,1),(245,1),(246,1),(248,1),(253,1),(256,1),(259,1),(261,1),(263,1),(264,1),(266,1),(267,1),(268,1),(270,1),(272,1),(273,1),(275,1),(276,1),(278,1),(279,1),(280,1),(283,1),(284,1),(285,1),(287,1),(288,1),(289,1),(291,1),(293,1),(294,1),(297,1),(298,1),(299,1),(302,1),(304,1),(305,1),(306,1),(307,1),(308,1),(309,1),(311,1),(312,1),(314,1),(316,1),(318,1),(320,1),(321,1),(327,1),(328,1),(329,1),(331,1),(332,1),(333,1),(341,1),(344,1),(346,1),(349,1),(351,1),(352,1),(354,1),(355,1),(357,1),(358,1),(361,1),(362,1),(367,1),(368,1),(371,1),(374,1),(375,1),(376,1),(377,1),(379,1),(381,1),(383,1),(385,1),(387,1),(393,1),(394,1),(395,1),(396,1),(397,1),(398,1),(399,1),(400,1),(401,1),(404,1),(408,1),(410,1),(411,1),(416,1),(418,1),(419,1),(421,1),(422,1),(424,1),(425,1),(431,1),(434,1),(435,1),(438,1),(439,1),(442,1),(443,1),(444,1),(445,1),(447,1),(449,1),(455,1),(457,1),(458,1),(461,1),(462,1),(463,1),(466,1),(467,1),(468,1),(469,1),(471,1),(473,1),(475,1),(476,1),(480,1),(484,1),(488,1),(489,1),(491,1),(493,1),(496,1),(498,1),(500,1),(501,1),(502,1),(504,1),(507,1),(509,1),(510,1),(515,1),(517,1);
/*!40000 ALTER TABLE `accessories_inventory_pools` ENABLE KEYS */;
UNLOCK TABLES;

--
-- Table structure for table `addresses`
--

DROP TABLE IF EXISTS `addresses`;
/*!40101 SET @saved_cs_client     = @@character_set_client */;
/*!40101 SET character_set_client = utf8 */;
CREATE TABLE `addresses` (
  `id` int(11) NOT NULL AUTO_INCREMENT,
  `street` varchar(255) COLLATE utf8_unicode_ci DEFAULT NULL,
  `zip_code` varchar(255) COLLATE utf8_unicode_ci DEFAULT NULL,
  `city` varchar(255) COLLATE utf8_unicode_ci DEFAULT NULL,
  `country_code` varchar(255) COLLATE utf8_unicode_ci DEFAULT NULL,
  `latitude` float DEFAULT NULL,
  `longitude` float DEFAULT NULL,
  PRIMARY KEY (`id`),
  UNIQUE KEY `index_addresses_on_street_and_zip_code_and_city_and_country_code` (`street`,`zip_code`,`city`,`country_code`)
) ENGINE=InnoDB DEFAULT CHARSET=utf8 COLLATE=utf8_unicode_ci;
/*!40101 SET character_set_client = @saved_cs_client */;

--
-- Dumping data for table `addresses`
--

LOCK TABLES `addresses` WRITE;
/*!40000 ALTER TABLE `addresses` DISABLE KEYS */;
/*!40000 ALTER TABLE `addresses` ENABLE KEYS */;
UNLOCK TABLES;

--
-- Table structure for table `attachments`
--

DROP TABLE IF EXISTS `attachments`;
/*!40101 SET @saved_cs_client     = @@character_set_client */;
/*!40101 SET character_set_client = utf8 */;
CREATE TABLE `attachments` (
  `id` int(11) NOT NULL AUTO_INCREMENT,
  `model_id` int(11) DEFAULT NULL,
  `is_main` tinyint(1) DEFAULT '0',
  `content_type` varchar(255) COLLATE utf8_unicode_ci DEFAULT NULL,
  `filename` varchar(255) COLLATE utf8_unicode_ci DEFAULT NULL,
  `size` int(11) DEFAULT NULL,
  PRIMARY KEY (`id`),
  KEY `index_attachments_on_model_id` (`model_id`)
) ENGINE=InnoDB AUTO_INCREMENT=7 DEFAULT CHARSET=utf8 COLLATE=utf8_unicode_ci;
/*!40101 SET character_set_client = @saved_cs_client */;

--
-- Dumping data for table `attachments`
--

LOCK TABLES `attachments` WRITE;
/*!40000 ALTER TABLE `attachments` DISABLE KEYS */;
INSERT INTO `attachments` VALUES (1,149,0,'image/jpeg','provident',NULL),(2,150,0,'image/jpeg','id',NULL),(3,161,0,'image/jpeg','cum',NULL),(4,161,0,'image/jpeg','quod',NULL),(5,161,0,'image/jpeg','ea',NULL),(6,162,0,'image/jpeg','eaque',NULL);
/*!40000 ALTER TABLE `attachments` ENABLE KEYS */;
UNLOCK TABLES;

--
-- Table structure for table `authentication_systems`
--

DROP TABLE IF EXISTS `authentication_systems`;
/*!40101 SET @saved_cs_client     = @@character_set_client */;
/*!40101 SET character_set_client = utf8 */;
CREATE TABLE `authentication_systems` (
  `id` int(11) NOT NULL AUTO_INCREMENT,
  `name` varchar(255) COLLATE utf8_unicode_ci DEFAULT NULL,
  `class_name` varchar(255) COLLATE utf8_unicode_ci DEFAULT NULL,
  `is_default` tinyint(1) DEFAULT '0',
  `is_active` tinyint(1) DEFAULT '0',
  PRIMARY KEY (`id`)
) ENGINE=InnoDB AUTO_INCREMENT=7 DEFAULT CHARSET=utf8 COLLATE=utf8_unicode_ci;
/*!40101 SET character_set_client = @saved_cs_client */;

--
-- Dumping data for table `authentication_systems`
--

LOCK TABLES `authentication_systems` WRITE;
/*!40000 ALTER TABLE `authentication_systems` DISABLE KEYS */;
INSERT INTO `authentication_systems` VALUES (1,'Database Authentication','DatabaseAuthentication',1,1),(2,'LDAP Authentication','LdapAuthentication',0,0),(3,'ZHDK Authentication','Zhdk',0,0),(4,'Database Authentication','DatabaseAuthentication',1,1),(5,'LDAP Authentication','LdapAuthentication',0,0),(6,'ZHDK Authentication','Zhdk',0,0);
/*!40000 ALTER TABLE `authentication_systems` ENABLE KEYS */;
UNLOCK TABLES;

--
-- Table structure for table `buildings`
--

DROP TABLE IF EXISTS `buildings`;
/*!40101 SET @saved_cs_client     = @@character_set_client */;
/*!40101 SET character_set_client = utf8 */;
CREATE TABLE `buildings` (
  `id` int(11) NOT NULL AUTO_INCREMENT,
  `name` varchar(255) COLLATE utf8_unicode_ci DEFAULT NULL,
  `code` varchar(255) COLLATE utf8_unicode_ci DEFAULT NULL,
  PRIMARY KEY (`id`)
) ENGINE=InnoDB AUTO_INCREMENT=173 DEFAULT CHARSET=utf8 COLLATE=utf8_unicode_ci;
/*!40101 SET character_set_client = @saved_cs_client */;

--
-- Dumping data for table `buildings`
--

LOCK TABLES `buildings` WRITE;
/*!40000 ALTER TABLE `buildings` DISABLE KEYS */;
INSERT INTO `buildings` VALUES (1,'Great Pyramid of Giza','ZZZ'),(2,'Cumqueipsamnostrum','qui'),(3,'Quodvoluptatumcupiditate','min'),(4,'Sintnihillaborum','eaq'),(5,'Nihilesteum','cum'),(6,'Sedutrerum','rer'),(7,'Distinctioutin','cor'),(8,'Asperioresarchitectodolorem','vel'),(9,'Easuntipsam','con'),(10,'Aspernaturautquia','dol'),(11,'Quaeratetatque','lau'),(12,'Etabautem','etu'),(13,'Velitsunthic','qui'),(14,'Itaquevoluptatetotam','eum'),(15,'Praesentiummolestiassunt','etc'),(16,'Ipsumetqui','rec'),(17,'Eafacerequia','qui'),(18,'Insolutaamet','dol'),(19,'Quosveritatishic','sus'),(20,'Dictaquiest','lab'),(21,'Mollitiaullamdolor','dol'),(22,'Verofugiatpossimus','inc'),(23,'Abmolestiasquibusdam','exc'),(24,'Doloremquiaiste','ali'),(25,'Involuptatemrerum','ear'),(26,'Reprehenderitveldolorem','ear'),(27,'Quiavoluptatemat','etq'),(28,'Sintexpeditaminus','par'),(29,'Accusantiumsapienteillum','sed'),(30,'Molestiasetfacere','tem'),(31,'Doloremquiquia','rem'),(32,'Velitquiaillum','odi'),(33,'Delectushicexplicabo','eum'),(34,'Dolorespariaturquo','rat'),(35,'Facerequidelectus','rer'),(36,'Porrodolorumut','ven'),(37,'Asperioresquismolestiae','qua'),(38,'Quismodiet','etv'),(39,'Ipsamvoluptatemminima','nih'),(40,'Ipsumetnulla','tot'),(41,'Noncumquesunt','vol'),(42,'Corporisdignissimosquis','omn'),(43,'Etnullaaut','est'),(44,'Ausstellungsstrasse 60','AU60'),(45,'Ausstellungsstrasse 60','AU60'),(46,'Undeautest','exp'),(47,'Reruminventoreipsum','sap'),(48,'Accusamusconsequaturet','ips'),(49,'Earumsuntvoluptatem','est'),(50,'Repudiandaequasiinventore','nes'),(51,'Ideiusvoluptas','quo'),(52,'Eligendisitquidem','eti'),(53,'Quianihildolorem','ina'),(54,'Errorabsit','lab'),(55,'Suntveniamquia','vol'),(56,'Veldelenitiut','qua'),(57,'Iureullamtenetur','pla'),(58,'Voluptasnobisvoluptatibus','ver'),(59,'Sequimagniin','rep'),(60,'Dolorealiquidqui','est'),(61,'Solutasuntin','neq'),(62,'Veritatisminimaquis','nih'),(63,'Atquequibusdamest','del'),(64,'Doloribusaccusantiumrecusandae','iur'),(65,'Dolorculpavitae','qui'),(66,'Distinctiorecusandaeasperiores','exe'),(67,'Estetet','exp'),(68,'Veritatisinventoredicta','fac'),(69,'Culpaeoscorrupti','aqu'),(70,'Sequidoloribusearum','eum'),(71,'Sintaliquamqui','ass'),(72,'Enimdelectusreiciendis','est'),(73,'Ullamnostrumratione','ute'),(74,'Etnihilsed','ver'),(75,'Utnesciuntest','qui'),(76,'Omnisnostrumin','eta'),(77,'Molestiaefacerecorporis','qui'),(78,'Eoscorruptilibero','exp'),(79,'Utrerummaiores','adc'),(80,'Quisquamfugaquo','dol'),(81,'Assumendaoditaliquid','quo'),(82,'Beataeenimdoloribus','rer'),(83,'Nobisatquesimilique','qui'),(84,'Suntvoluptasaut','qua'),(85,'Sintblanditiisesse','vel'),(86,'Doloreipsumaccusantium','per'),(87,'Voluptatemnostrumet','num'),(88,'Corruptietvoluptas','qui'),(89,'Temporadoloriure','exc'),(90,'Quiaaliquidquaerat','mol'),(91,'Eumquiarchitecto','qui'),(92,'Consequaturdolorumneque','sim'),(93,'Ametiureeos','quo'),(94,'Sintnatusquis','sim'),(95,'Sedabqui','qui'),(96,'Nihiltemporeipsam','rep'),(97,'Officiaiustoest','ita'),(98,'Ducimusnostrumeos','dis'),(99,'Magnamvoluptateseligendi','dol'),(100,'Cumqueeacorporis','qui'),(101,'Estsintet','min'),(102,'Sapienteetdolor','vit'),(103,'Architectoquiofficiis','dic'),(104,'Ipsaetquae','rep'),(105,'Sednesciuntqui','vol'),(106,'Dolorinnon','ete'),(107,'Voluptasetaut','eni'),(108,'Minimaquodculpa','qua'),(109,'Cupiditateveniammolestiae','com'),(110,'Oditetat','min'),(111,'Eaquequirepellat','qui'),(112,'Inventoresuntmolestias','dol'),(113,'Velfacilisdolor','etq'),(114,'Dolorsuntearum','dig'),(115,'Etvelitoptio','ape'),(116,'Quisquamiureiste','qua'),(117,'Aperiamsuntat','sit'),(118,'Beataedebitisdolorem','ull'),(119,'Nostrumutvoluptatem','odi'),(120,'Quiconsequaturfuga','vol'),(121,'Great Pyramid of Giza','ZZZ'),(122,'Quoanimiquae','eiu'),(123,'Easequiminima','quo'),(124,'Fugiatipsaodio','eae'),(125,'Facilissuntnostrum','quo'),(126,'Abdoloreseum','err'),(127,'Etassumendanobis','har'),(128,'Rerumdoloremquerem','und'),(129,'Omnisquieligendi','dol'),(130,'Etaspernaturaccusantium','aut'),(131,'Laboriosamnisiaut','mol'),(132,'Commodialiquiderror','etc'),(133,'Atqueinventorequia','seq'),(134,'Dolorsitdebitis','vol'),(135,'Assumendaquibusdamqui','mod'),(136,'Quosdignissimosnihil','duc'),(137,'Molestiaererumquos','por'),(138,'Autautquae','est'),(139,'Velesteos','eum'),(140,'Quisquamaspernaturfacilis','exp'),(141,'Consequaturquisquamipsam','dol'),(142,'Culpaullamquis','ven'),(143,'Utvoluptatemquo','est'),(144,'Corruptiquasnecessitatibus','nam'),(145,'Etnisivelit','mol'),(146,'Fugitquodaut','eae'),(147,'Autetsint','qui'),(148,'Consequaturbeataefugit','sun'),(149,'Delenitieligendiet','qua'),(150,'Cumvoluptassint','bla'),(151,'Repellatdolorin','rec'),(152,'Eanobisreprehenderit','qui'),(153,'Recusandaevoluptassaepe','tot'),(154,'Fugiateligendiest','qui'),(155,'Veritatiscumquecorrupti','ten'),(156,'Teneturutodit','exc'),(157,'Voluptatemautest','eae'),(158,'Expeditatemporibusqui','ins'),(159,'Similiqueistevero','vol'),(160,'Debitisquoet','asp'),(161,'Sitsedea','sed'),(162,'Etporrotenetur','vol'),(163,'Enimetvero','qui'),(164,'Recusandaequiavoluptas','aut'),(165,'Necessitatibusetarchitecto','acc'),(166,'Undeabdolorem','sim'),(167,'Ametnobisquae','vol'),(168,'Quidemquasiexpedita','odi'),(169,'Nihildictaminus','qui'),(170,'Voluptatemautut','inv'),(171,'Repellendusmagnamlaborum','vel'),(172,'Consequunturatquequo','etq');
/*!40000 ALTER TABLE `buildings` ENABLE KEYS */;
UNLOCK TABLES;

--
-- Table structure for table `contract_lines`
--

DROP TABLE IF EXISTS `contract_lines`;
/*!40101 SET @saved_cs_client     = @@character_set_client */;
/*!40101 SET character_set_client = utf8 */;
CREATE TABLE `contract_lines` (
  `id` int(11) NOT NULL AUTO_INCREMENT,
  `contract_id` int(11) DEFAULT NULL,
  `type` varchar(255) COLLATE utf8_unicode_ci NOT NULL DEFAULT 'ItemLine',
  `item_id` int(11) DEFAULT NULL,
  `model_id` int(11) DEFAULT NULL,
  `quantity` int(11) DEFAULT '1',
  `start_date` date DEFAULT NULL,
  `end_date` date DEFAULT NULL,
  `returned_date` date DEFAULT NULL,
  `option_id` int(11) DEFAULT NULL,
  `purpose_id` int(11) DEFAULT NULL,
  `returned_to_user_id` int(11) DEFAULT NULL,
  `created_at` datetime DEFAULT NULL,
  `updated_at` datetime DEFAULT NULL,
  PRIMARY KEY (`id`),
  KEY `index_contract_lines_on_start_date` (`start_date`),
  KEY `index_contract_lines_on_end_date` (`end_date`),
  KEY `index_contract_lines_on_option_id` (`option_id`),
  KEY `index_contract_lines_on_contract_id` (`contract_id`),
  KEY `index_contract_lines_on_item_id` (`item_id`),
  KEY `index_contract_lines_on_model_id` (`model_id`),
  KEY `index_contract_lines_on_returned_date_and_contract_id` (`returned_date`,`contract_id`),
  KEY `index_contract_lines_on_type_and_contract_id` (`type`,`contract_id`)
) ENGINE=InnoDB AUTO_INCREMENT=165 DEFAULT CHARSET=utf8 COLLATE=utf8_unicode_ci;
/*!40101 SET character_set_client = @saved_cs_client */;

--
-- Dumping data for table `contract_lines`
--

LOCK TABLES `contract_lines` WRITE;
/*!40000 ALTER TABLE `contract_lines` DISABLE KEYS */;
INSERT INTO `contract_lines` VALUES (1,1,'ItemLine',NULL,1,1,'2015-07-08','2015-07-08',NULL,NULL,NULL,NULL,'2015-07-07 23:20:09','2015-07-07 23:20:09'),(2,1,'ItemLine',NULL,5,1,'2015-07-08','2015-07-08',NULL,NULL,NULL,NULL,'2015-07-07 23:20:09','2015-07-07 23:20:09'),(3,1,'ItemLine',NULL,9,1,'2015-07-08','2015-07-08',NULL,NULL,NULL,NULL,'2015-07-07 23:20:09','2015-07-07 23:20:09'),(4,1,'ItemLine',NULL,13,1,'2015-07-08','2015-07-08',NULL,NULL,NULL,NULL,'2015-07-07 23:20:09','2015-07-07 23:20:09'),(5,1,'ItemLine',NULL,17,1,'2015-07-08','2015-07-08',NULL,NULL,NULL,NULL,'2015-07-07 23:20:09','2015-07-07 23:20:09'),(6,1,'ItemLine',NULL,21,1,'2015-07-08','2015-07-08',NULL,NULL,NULL,NULL,'2015-07-07 23:20:09','2015-07-07 23:20:09'),(7,2,'ItemLine',NULL,25,1,'2015-07-08','2015-07-08',NULL,NULL,1,NULL,'2015-07-07 23:20:09','2015-07-07 23:20:09'),(8,2,'ItemLine',NULL,29,1,'2015-07-08','2015-07-08',NULL,NULL,1,NULL,'2015-07-07 23:20:09','2015-07-07 23:20:09'),(9,2,'ItemLine',NULL,33,1,'2015-07-08','2015-07-08',NULL,NULL,1,NULL,'2015-07-07 23:20:09','2015-07-07 23:20:09'),(10,2,'ItemLine',NULL,37,1,'2015-07-08','2015-07-08',NULL,NULL,1,NULL,'2015-07-07 23:20:09','2015-07-07 23:20:09'),(11,3,'ItemLine',NULL,41,1,'2015-07-08','2015-07-08','2015-07-08',NULL,2,1,'2015-07-07 23:20:09','2015-07-07 23:20:09'),(12,3,'ItemLine',NULL,45,1,'2015-07-08','2015-07-08','2015-07-08',NULL,2,1,'2015-07-07 23:20:09','2015-07-07 23:20:09'),(13,3,'ItemLine',NULL,49,1,'2015-07-08','2015-07-08','2015-07-08',NULL,2,1,'2015-07-07 23:20:09','2015-07-07 23:20:09'),(14,3,'ItemLine',NULL,53,1,'2015-07-08','2015-07-08','2015-07-08',NULL,2,1,'2015-07-07 23:20:09','2015-07-07 23:20:09'),(15,4,'ItemLine',NULL,164,1,'2015-07-06','2015-07-06',NULL,NULL,3,NULL,'2015-07-05 04:06:46','2015-07-05 04:06:46'),(16,4,'ItemLine',NULL,165,1,'2015-07-06','2015-07-06',NULL,NULL,3,NULL,'2015-07-05 04:06:47','2015-07-05 04:06:47'),(17,4,'ItemLine',NULL,166,1,'2015-07-06','2015-07-06',NULL,NULL,3,NULL,'2015-07-05 04:06:47','2015-07-05 04:06:47'),(18,4,'ItemLine',NULL,167,1,'2015-07-06','2015-07-06',NULL,NULL,3,NULL,'2015-07-05 04:06:47','2015-07-05 04:06:47'),(19,4,'ItemLine',NULL,168,1,'2015-07-06','2015-07-06',NULL,NULL,3,NULL,'2015-07-05 04:06:47','2015-07-05 04:06:47'),(20,5,'ItemLine',NULL,172,1,'2015-07-06','2015-07-06',NULL,NULL,4,NULL,'2015-07-05 04:06:47','2015-07-05 04:06:47'),(21,5,'ItemLine',NULL,173,1,'2015-07-06','2015-07-06',NULL,NULL,4,NULL,'2015-07-05 04:06:47','2015-07-05 04:06:47'),(22,5,'ItemLine',NULL,174,1,'2015-07-06','2015-07-06',NULL,NULL,4,NULL,'2015-07-05 04:06:47','2015-07-05 04:06:47'),(23,5,'ItemLine',NULL,175,1,'2015-07-06','2015-07-06',NULL,NULL,4,NULL,'2015-07-05 04:06:47','2015-07-05 04:06:47'),(24,6,'ItemLine',NULL,179,1,'2015-07-06','2015-07-06',NULL,NULL,5,NULL,'2015-07-05 04:06:47','2015-07-05 04:06:47'),(25,6,'ItemLine',NULL,180,1,'2015-07-06','2015-07-06',NULL,NULL,5,NULL,'2015-07-05 04:06:47','2015-07-05 04:06:47'),(26,6,'ItemLine',NULL,181,1,'2015-07-06','2015-07-06',NULL,NULL,5,NULL,'2015-07-05 04:06:47','2015-07-05 04:06:47'),(27,6,'ItemLine',NULL,182,1,'2015-07-06','2015-07-06',NULL,NULL,5,NULL,'2015-07-05 04:06:47','2015-07-05 04:06:47'),(28,6,'ItemLine',NULL,183,1,'2015-07-06','2015-07-06',NULL,NULL,5,NULL,'2015-07-05 04:06:47','2015-07-05 04:06:47'),(29,6,'ItemLine',NULL,184,1,'2015-07-06','2015-07-06',NULL,NULL,5,NULL,'2015-07-05 04:06:47','2015-07-05 04:06:47'),(30,7,'ItemLine',NULL,188,1,'2015-07-06','2015-07-06',NULL,NULL,6,NULL,'2015-07-06 02:53:03','2015-07-06 02:53:03'),(31,7,'ItemLine',NULL,189,1,'2015-07-06','2015-07-06',NULL,NULL,6,NULL,'2015-07-06 02:53:03','2015-07-06 02:53:03'),(32,7,'ItemLine',NULL,190,1,'2015-07-06','2015-07-06',NULL,NULL,6,NULL,'2015-07-06 02:53:03','2015-07-06 02:53:03'),(33,7,'ItemLine',NULL,191,1,'2015-07-06','2015-07-06',NULL,NULL,6,NULL,'2015-07-06 02:53:03','2015-07-06 02:53:03'),(34,8,'ItemLine',NULL,192,1,'2015-07-06','2015-07-06',NULL,NULL,7,NULL,'2015-07-05 04:14:31','2015-07-05 04:14:31'),(35,8,'ItemLine',NULL,193,1,'2015-07-06','2015-07-06',NULL,NULL,7,NULL,'2015-07-05 04:14:31','2015-07-05 04:14:31'),(36,8,'ItemLine',NULL,194,1,'2015-07-06','2015-07-06',NULL,NULL,7,NULL,'2015-07-05 04:14:31','2015-07-05 04:14:31'),(37,8,'ItemLine',NULL,195,1,'2015-07-06','2015-07-06',NULL,NULL,7,NULL,'2015-07-05 04:14:31','2015-07-05 04:14:31'),(38,8,'ItemLine',NULL,196,1,'2015-07-06','2015-07-06',NULL,NULL,7,NULL,'2015-07-05 04:14:32','2015-07-05 04:14:32'),(39,8,'ItemLine',NULL,196,1,'2015-07-06','2015-07-06',NULL,NULL,7,NULL,'2015-07-05 04:14:32','2015-07-05 04:14:32'),(40,9,'ItemLine',NULL,200,1,'2015-07-08','2015-07-08',NULL,NULL,8,NULL,'2015-07-07 23:20:09','2015-07-07 23:20:09'),(41,9,'ItemLine',NULL,201,1,'2015-07-08','2015-07-08',NULL,NULL,8,NULL,'2015-07-07 23:20:09','2015-07-07 23:20:09'),(42,9,'ItemLine',NULL,202,1,'2015-07-08','2015-07-08',NULL,NULL,8,NULL,'2015-07-07 23:20:09','2015-07-07 23:20:09'),(43,9,'ItemLine',NULL,203,1,'2015-07-08','2015-07-08',NULL,NULL,8,NULL,'2015-07-07 23:20:09','2015-07-07 23:20:09'),(44,9,'ItemLine',NULL,204,1,'2015-07-08','2015-07-08',NULL,NULL,8,NULL,'2015-07-07 23:20:09','2015-07-07 23:20:09'),(45,9,'ItemLine',NULL,205,1,'2015-07-08','2015-07-08',NULL,NULL,8,NULL,'2015-07-07 23:20:09','2015-07-07 23:20:09'),(46,10,'ItemLine',NULL,209,1,'2015-07-08','2015-07-08',NULL,NULL,9,NULL,'2015-07-07 23:20:09','2015-07-07 23:20:09'),(47,10,'ItemLine',NULL,210,1,'2015-07-08','2015-07-08',NULL,NULL,9,NULL,'2015-07-07 23:20:09','2015-07-07 23:20:09'),(48,10,'ItemLine',NULL,211,1,'2015-07-08','2015-07-08',NULL,NULL,9,NULL,'2015-07-07 23:20:09','2015-07-07 23:20:09'),(49,11,'ItemLine',NULL,212,1,'2015-07-08','2015-07-08',NULL,NULL,10,NULL,'2015-07-07 23:20:09','2015-07-07 23:20:09'),(50,11,'ItemLine',NULL,213,1,'2015-07-08','2015-07-08',NULL,NULL,10,NULL,'2015-07-07 23:20:09','2015-07-07 23:20:09'),(51,11,'ItemLine',NULL,214,1,'2015-07-08','2015-07-08',NULL,NULL,10,NULL,'2015-07-07 23:20:09','2015-07-07 23:20:09'),(52,11,'ItemLine',NULL,215,1,'2015-07-08','2015-07-08',NULL,NULL,10,NULL,'2015-07-07 23:20:09','2015-07-07 23:20:09'),(53,12,'ItemLine',NULL,216,1,'2015-07-08','2015-07-08',NULL,NULL,11,NULL,'2015-07-07 23:20:09','2015-07-07 23:20:09'),(54,12,'ItemLine',NULL,217,1,'2015-07-08','2015-07-08',NULL,NULL,11,NULL,'2015-07-07 23:20:09','2015-07-07 23:20:09'),(55,12,'ItemLine',NULL,218,1,'2015-07-08','2015-07-08',NULL,NULL,11,NULL,'2015-07-07 23:20:09','2015-07-07 23:20:09'),(56,12,'ItemLine',NULL,219,1,'2015-07-08','2015-07-08',NULL,NULL,11,NULL,'2015-07-07 23:20:09','2015-07-07 23:20:09'),(57,13,'ItemLine',31,41,1,'2015-07-08','2015-07-08',NULL,NULL,12,NULL,'2015-07-07 23:20:09','2015-07-07 23:20:09'),(58,13,'ItemLine',32,41,1,'2015-07-08','2015-07-08',NULL,NULL,12,NULL,'2015-07-07 23:20:09','2015-07-07 23:20:09'),(59,13,'ItemLine',33,41,1,'2015-07-08','2015-07-08',NULL,NULL,12,NULL,'2015-07-07 23:20:09','2015-07-07 23:20:09'),(60,13,'ItemLine',34,45,1,'2015-07-08','2015-07-08',NULL,NULL,12,NULL,'2015-07-07 23:20:09','2015-07-07 23:20:09'),(61,13,'ItemLine',35,45,1,'2015-07-08','2015-07-08',NULL,NULL,12,NULL,'2015-07-07 23:20:09','2015-07-07 23:20:09'),(62,13,'ItemLine',36,45,1,'2015-07-08','2015-07-08',NULL,NULL,12,NULL,'2015-07-07 23:20:09','2015-07-07 23:20:09'),(63,13,'ItemLine',37,49,1,'2015-07-08','2015-07-08',NULL,NULL,12,NULL,'2015-07-07 23:20:09','2015-07-07 23:20:09'),(64,13,'ItemLine',38,49,1,'2015-07-08','2015-07-08',NULL,NULL,12,NULL,'2015-07-07 23:20:09','2015-07-07 23:20:09'),(65,13,'ItemLine',39,49,1,'2015-07-08','2015-07-08',NULL,NULL,12,NULL,'2015-07-07 23:20:09','2015-07-07 23:20:09'),(66,13,'ItemLine',40,53,1,'2015-07-08','2015-07-08',NULL,NULL,12,NULL,'2015-07-07 23:20:09','2015-07-07 23:20:09'),(67,13,'ItemLine',41,53,1,'2015-07-08','2015-07-08',NULL,NULL,12,NULL,'2015-07-07 23:20:09','2015-07-07 23:20:09'),(68,13,'ItemLine',42,53,1,'2015-07-08','2015-07-08',NULL,NULL,12,NULL,'2015-07-07 23:20:09','2015-07-07 23:20:09'),(69,13,'ItemLine',45,58,1,'2015-07-08','2015-07-08',NULL,NULL,12,NULL,'2015-07-07 23:20:09','2015-07-07 23:20:09'),(70,13,'ItemLine',46,58,1,'2015-07-08','2015-07-08',NULL,NULL,12,NULL,'2015-07-07 23:20:09','2015-07-07 23:20:09'),(71,13,'ItemLine',47,59,1,'2015-07-08','2015-07-08',NULL,NULL,12,NULL,'2015-07-07 23:20:09','2015-07-07 23:20:09'),(72,13,'ItemLine',49,61,1,'2015-07-08','2015-07-08',NULL,NULL,12,NULL,'2015-07-07 23:20:09','2015-07-07 23:20:09'),(73,13,'ItemLine',50,62,1,'2015-07-08','2015-07-08',NULL,NULL,12,NULL,'2015-07-07 23:20:09','2015-07-07 23:20:09'),(74,13,'ItemLine',51,63,1,'2015-07-08','2015-07-08',NULL,NULL,12,NULL,'2015-07-07 23:20:09','2015-07-07 23:20:09'),(75,13,'ItemLine',52,64,1,'2015-07-08','2015-07-08',NULL,NULL,12,NULL,'2015-07-07 23:20:09','2015-07-07 23:20:09'),(76,13,'ItemLine',53,65,1,'2015-07-08','2015-07-08',NULL,NULL,12,NULL,'2015-07-07 23:20:09','2015-07-07 23:20:09'),(77,13,'ItemLine',54,66,1,'2015-07-08','2015-07-08',NULL,NULL,12,NULL,'2015-07-07 23:20:09','2015-07-07 23:20:09'),(78,13,'ItemLine',55,67,1,'2015-07-08','2015-07-08',NULL,NULL,12,NULL,'2015-07-07 23:20:09','2015-07-07 23:20:09'),(79,13,'ItemLine',56,68,1,'2015-07-08','2015-07-08',NULL,NULL,12,NULL,'2015-07-07 23:20:09','2015-07-07 23:20:09'),(80,13,'ItemLine',57,69,1,'2015-07-08','2015-07-08',NULL,NULL,12,NULL,'2015-07-07 23:20:09','2015-07-07 23:20:09'),(81,13,'ItemLine',58,70,1,'2015-07-08','2015-07-08',NULL,NULL,12,NULL,'2015-07-07 23:20:09','2015-07-07 23:20:09'),(82,13,'ItemLine',59,71,1,'2015-07-08','2015-07-08',NULL,NULL,12,NULL,'2015-07-07 23:20:09','2015-07-07 23:20:09'),(83,13,'ItemLine',60,72,1,'2015-07-08','2015-07-08',NULL,NULL,12,NULL,'2015-07-07 23:20:09','2015-07-07 23:20:09'),(84,13,'ItemLine',61,73,1,'2015-07-08','2015-07-08',NULL,NULL,12,NULL,'2015-07-07 23:20:09','2015-07-07 23:20:09'),(85,13,'ItemLine',62,74,1,'2015-07-08','2015-07-08',NULL,NULL,12,NULL,'2015-07-07 23:20:09','2015-07-07 23:20:09'),(86,13,'ItemLine',63,75,1,'2015-07-08','2015-07-08',NULL,NULL,12,NULL,'2015-07-07 23:20:09','2015-07-07 23:20:09'),(87,14,'OptionLine',NULL,NULL,2,'2015-07-08','2015-07-09',NULL,4,13,NULL,'2015-07-07 23:20:09','2015-07-07 23:20:09'),(88,14,'ItemLine',213,220,1,'2015-07-08','2015-07-08',NULL,NULL,13,NULL,'2015-07-07 23:20:09','2015-07-07 23:20:09'),(89,15,'OptionLine',NULL,NULL,2,'2015-07-08','2015-07-08',NULL,5,14,NULL,'2015-07-07 23:20:09','2015-07-07 23:20:09'),(90,15,'OptionLine',NULL,NULL,1,'2015-07-08','2015-07-08',NULL,5,14,NULL,'2015-07-07 23:20:09','2015-07-07 23:20:09'),(91,16,'ItemLine',214,221,1,'2015-07-08','2015-07-08',NULL,NULL,15,NULL,'2015-07-07 23:20:09','2015-07-07 23:20:09'),(92,17,'ItemLine',215,222,1,'2015-07-03','2015-07-07',NULL,NULL,16,NULL,'2015-07-03 00:00:00','2015-07-03 00:00:00'),(93,17,'OptionLine',NULL,NULL,1,'2015-07-03','2015-07-07',NULL,6,16,NULL,'2015-07-03 00:00:00','2015-07-03 00:00:00'),(94,18,'ItemLine',NULL,228,1,'2015-07-08','2015-07-08',NULL,NULL,17,NULL,'2015-07-07 23:20:09','2015-07-07 23:20:09'),(95,18,'ItemLine',NULL,229,1,'2015-07-08','2015-07-08',NULL,NULL,17,NULL,'2015-07-07 23:20:09','2015-07-07 23:20:09'),(96,18,'ItemLine',NULL,230,1,'2015-07-08','2015-07-08',NULL,NULL,17,NULL,'2015-07-07 23:20:09','2015-07-07 23:20:09'),(97,18,'ItemLine',NULL,231,1,'2015-07-08','2015-07-08',NULL,NULL,17,NULL,'2015-07-07 23:20:09','2015-07-07 23:20:09'),(98,18,'ItemLine',NULL,232,1,'2015-07-08','2015-07-08',NULL,NULL,17,NULL,'2015-07-07 23:20:09','2015-07-07 23:20:09'),(99,19,'ItemLine',225,233,1,'2015-07-08','2015-07-08',NULL,NULL,18,NULL,'2015-07-07 23:20:09','2015-07-07 23:20:09'),(100,19,'ItemLine',226,234,1,'2015-07-08','2015-07-08',NULL,NULL,18,NULL,'2015-07-07 23:20:09','2015-07-07 23:20:09'),(101,19,'ItemLine',227,235,1,'2015-07-08','2015-07-08',NULL,NULL,18,NULL,'2015-07-07 23:20:09','2015-07-07 23:20:09'),(102,19,'ItemLine',228,236,1,'2015-07-08','2015-07-08',NULL,NULL,18,NULL,'2015-07-07 23:20:09','2015-07-07 23:20:09'),(103,19,'ItemLine',229,237,1,'2015-07-08','2015-07-08',NULL,NULL,18,NULL,'2015-07-07 23:20:09','2015-07-07 23:20:09'),(104,20,'ItemLine',230,238,1,'2015-07-08','2015-07-08',NULL,NULL,19,NULL,'2015-07-07 23:20:09','2015-07-07 23:20:09'),(105,20,'ItemLine',231,239,1,'2015-07-08','2015-07-08',NULL,NULL,19,NULL,'2015-07-07 23:20:09','2015-07-07 23:20:09'),(106,20,'ItemLine',232,240,1,'2015-07-08','2015-07-08',NULL,NULL,19,NULL,'2015-07-07 23:20:09','2015-07-07 23:20:09'),(107,20,'ItemLine',233,241,1,'2015-07-08','2015-07-08',NULL,NULL,19,NULL,'2015-07-07 23:20:09','2015-07-07 23:20:09'),(108,20,'ItemLine',234,242,1,'2015-07-08','2015-07-08',NULL,NULL,19,NULL,'2015-07-07 23:20:09','2015-07-07 23:20:09'),(109,21,'ItemLine',235,243,1,'2015-07-03','2015-07-03',NULL,NULL,20,NULL,'2015-07-03 00:00:00','2015-07-03 00:00:00'),(110,21,'ItemLine',236,244,1,'2015-07-03','2015-07-03',NULL,NULL,20,NULL,'2015-07-03 00:00:00','2015-07-03 00:00:00'),(111,21,'ItemLine',237,245,1,'2015-07-03','2015-07-03',NULL,NULL,20,NULL,'2015-07-03 00:00:00','2015-07-03 00:00:00'),(112,21,'ItemLine',238,246,1,'2015-07-03','2015-07-03',NULL,NULL,20,NULL,'2015-07-03 00:00:00','2015-07-03 00:00:00'),(113,21,'ItemLine',239,247,1,'2015-07-03','2015-07-03',NULL,NULL,20,NULL,'2015-07-03 00:00:00','2015-07-03 00:00:00'),(114,22,'ItemLine',NULL,84,1,'2015-07-15','2015-07-18',NULL,NULL,21,NULL,'2015-07-07 23:20:09','2015-07-07 23:20:09'),(115,22,'ItemLine',NULL,84,1,'2015-07-15','2015-07-18',NULL,NULL,21,NULL,'2015-07-07 23:20:09','2015-07-07 23:20:09'),(116,22,'ItemLine',NULL,84,1,'2015-07-15','2015-07-18',NULL,NULL,21,NULL,'2015-07-07 23:20:09','2015-07-07 23:20:09'),(117,22,'ItemLine',NULL,116,1,'2015-07-15','2015-07-18',NULL,NULL,21,NULL,'2015-07-07 23:20:09','2015-07-07 23:20:09'),(118,22,'ItemLine',NULL,116,1,'2015-07-15','2015-07-18',NULL,NULL,21,NULL,'2015-07-07 23:20:09','2015-07-07 23:20:09'),(119,22,'ItemLine',NULL,116,1,'2015-07-15','2015-07-18',NULL,NULL,21,NULL,'2015-07-07 23:20:09','2015-07-07 23:20:09'),(120,23,'ItemLine',NULL,248,1,'2015-07-08','2015-07-08',NULL,NULL,22,NULL,'2015-07-07 23:20:09','2015-07-07 23:20:09'),(121,23,'ItemLine',NULL,252,1,'2015-07-08','2015-07-08',NULL,NULL,22,NULL,'2015-07-07 23:20:09','2015-07-07 23:20:09'),(122,23,'ItemLine',NULL,256,1,'2015-07-08','2015-07-08',NULL,NULL,22,NULL,'2015-07-07 23:20:09','2015-07-07 23:20:09'),(123,24,'ItemLine',NULL,260,1,'2015-07-08','2015-07-08',NULL,NULL,23,NULL,'2015-07-07 23:20:09','2015-07-07 23:20:09'),(124,24,'ItemLine',NULL,264,1,'2015-07-08','2015-07-08',NULL,NULL,23,NULL,'2015-07-07 23:20:09','2015-07-07 23:20:09'),(125,24,'ItemLine',NULL,268,1,'2015-07-08','2015-07-08',NULL,NULL,23,NULL,'2015-07-07 23:20:09','2015-07-07 23:20:09'),(126,24,'ItemLine',NULL,272,1,'2015-07-08','2015-07-08',NULL,NULL,23,NULL,'2015-07-07 23:20:09','2015-07-07 23:20:09'),(127,25,'ItemLine',NULL,116,1,'2015-07-08','2015-07-08',NULL,NULL,24,NULL,'2015-07-07 23:20:09','2015-07-07 23:20:09'),(128,26,'ItemLine',NULL,116,1,'2015-07-08','2015-07-08',NULL,NULL,25,NULL,'2015-07-07 23:20:09','2015-07-07 23:20:09'),(129,26,'ItemLine',NULL,84,1,'2015-07-08','2015-07-08',NULL,NULL,25,NULL,'2015-07-07 23:20:09','2015-07-07 23:20:09'),(130,27,'ItemLine',NULL,116,1,'2015-07-15','2015-07-16',NULL,NULL,26,NULL,'2015-07-07 23:20:09','2015-07-07 23:20:09'),(131,28,'ItemLine',NULL,58,1,'2015-07-08','2015-07-08',NULL,NULL,27,NULL,'2015-07-07 23:20:09','2015-07-07 23:20:09'),(132,28,'ItemLine',NULL,58,1,'2015-07-08','2015-07-08',NULL,NULL,27,NULL,'2015-07-07 23:20:09','2015-07-07 23:20:09'),(133,28,'ItemLine',NULL,58,1,'2015-07-08','2015-07-08',NULL,NULL,27,NULL,'2015-07-07 23:20:09','2015-07-07 23:20:09'),(134,29,'ItemLine',NULL,84,1,'2015-07-08','2015-07-08',NULL,NULL,28,NULL,'2015-07-07 23:20:09','2015-07-07 23:20:09'),(135,29,'ItemLine',NULL,116,1,'2015-07-08','2015-07-08',NULL,NULL,28,NULL,'2015-07-07 23:20:09','2015-07-07 23:20:09'),(136,29,'ItemLine',NULL,84,1,'2015-07-08','2015-07-08',NULL,NULL,28,NULL,'2015-07-07 23:20:09','2015-07-07 23:20:09'),(137,29,'ItemLine',NULL,116,1,'2015-07-08','2015-07-08',NULL,NULL,28,NULL,'2015-07-07 23:20:09','2015-07-07 23:20:09'),(138,29,'ItemLine',NULL,84,1,'2015-07-08','2015-07-08',NULL,NULL,28,NULL,'2015-07-07 23:20:09','2015-07-07 23:20:09'),(139,29,'ItemLine',NULL,116,1,'2015-07-08','2015-07-08',NULL,NULL,28,NULL,'2015-07-07 23:20:09','2015-07-07 23:20:09'),(140,29,'OptionLine',NULL,NULL,5,'2015-07-08','2015-07-09',NULL,1,28,NULL,'2015-07-07 23:20:09','2015-07-07 23:20:09'),(141,30,'ItemLine',NULL,151,1,'2015-07-08','2015-07-08',NULL,NULL,NULL,NULL,'2015-07-07 23:20:09','2015-07-07 23:20:09'),(142,31,'ItemLine',72,84,1,'2015-07-08','2015-07-08',NULL,NULL,30,NULL,'2015-07-07 23:20:09','2015-07-07 23:20:09'),(143,32,'ItemLine',261,276,1,'2015-07-08','2015-07-08',NULL,NULL,31,NULL,'2015-07-07 23:20:09','2015-07-07 23:20:09'),(144,33,'ItemLine',43,57,1,'2015-07-08','2015-07-08',NULL,NULL,32,NULL,'2015-07-07 23:20:09','2015-07-07 23:20:09'),(145,33,'ItemLine',258,272,1,'2015-07-08','2015-07-08','2015-07-08',NULL,32,18,'2015-07-07 23:20:09','2015-07-07 23:20:09'),(146,34,'ItemLine',48,58,1,'2015-07-08','2015-07-08',NULL,NULL,33,NULL,'2015-07-07 23:20:09','2015-07-07 23:20:09'),(147,35,'ItemLine',113,119,1,'2015-07-08','2015-07-08',NULL,NULL,34,NULL,'2015-07-07 23:20:09','2015-07-07 23:20:09'),(148,36,'ItemLine',NULL,84,1,'2015-07-15','2015-07-18',NULL,NULL,35,NULL,'2015-07-07 23:20:09','2015-07-07 23:20:09'),(149,36,'ItemLine',NULL,116,1,'2015-07-15','2015-07-18',NULL,NULL,35,NULL,'2015-07-07 23:20:09','2015-07-07 23:20:09'),(150,36,'ItemLine',NULL,116,1,'2015-07-16','2015-07-19',NULL,NULL,35,NULL,'2015-07-07 23:20:09','2015-07-07 23:20:09'),(151,37,'ItemLine',NULL,NULL,1,'2015-07-08','2015-07-09',NULL,NULL,35,NULL,'2015-07-07 23:20:09','2015-07-07 23:20:09'),(152,38,'ItemLine',NULL,58,1,'2015-07-05','2015-07-09',NULL,NULL,36,NULL,'2015-07-07 23:20:09','2015-07-07 23:20:09'),(153,38,'ItemLine',NULL,277,1,'2015-07-05','2015-07-09',NULL,NULL,36,NULL,'2015-07-07 23:20:09','2015-07-07 23:20:09'),(154,39,'ItemLine',138,58,1,'2015-07-08','2015-07-08',NULL,NULL,37,NULL,'2015-07-07 23:20:09','2015-07-07 23:20:09'),(155,39,'OptionLine',NULL,NULL,1,'2015-07-08','2015-07-08',NULL,1,37,NULL,'2015-07-07 23:20:09','2015-07-07 23:20:09'),(156,40,'ItemLine',NULL,84,1,'2015-08-14','2015-08-22',NULL,NULL,38,NULL,'2015-07-07 23:20:09','2015-07-07 23:20:09'),(157,41,'ItemLine',NULL,84,1,'2015-08-29','2015-09-01',NULL,NULL,39,NULL,'2015-07-07 23:20:09','2015-07-07 23:20:09'),(158,41,'ItemLine',NULL,84,1,'2015-08-29','2015-09-01',NULL,NULL,39,NULL,'2015-07-07 23:20:09','2015-07-07 23:20:09'),(159,41,'ItemLine',NULL,84,1,'2015-08-29','2015-09-01',NULL,NULL,39,NULL,'2015-07-07 23:20:09','2015-07-07 23:20:09'),(160,41,'ItemLine',NULL,84,1,'2015-08-29','2015-09-01',NULL,NULL,39,NULL,'2015-07-07 23:20:09','2015-07-07 23:20:09'),(161,41,'ItemLine',NULL,84,1,'2015-08-29','2015-09-01',NULL,NULL,39,NULL,'2015-07-07 23:20:09','2015-07-07 23:20:09'),(162,41,'ItemLine',NULL,84,1,'2015-08-29','2015-09-01',NULL,NULL,39,NULL,'2015-07-07 23:20:09','2015-07-07 23:20:09'),(163,42,'ItemLine',NULL,41,1,'2015-07-08','2015-07-08',NULL,NULL,40,NULL,'2015-07-07 23:20:09','2015-07-07 23:20:09'),(164,43,'ItemLine',108,116,1,'2015-07-03','2015-07-07',NULL,NULL,41,NULL,'2015-07-03 00:00:00','2015-07-03 00:00:00');
/*!40000 ALTER TABLE `contract_lines` ENABLE KEYS */;
UNLOCK TABLES;

--
-- Table structure for table `contracts`
--

DROP TABLE IF EXISTS `contracts`;
/*!40101 SET @saved_cs_client     = @@character_set_client */;
/*!40101 SET character_set_client = utf8 */;
CREATE TABLE `contracts` (
  `id` int(11) NOT NULL AUTO_INCREMENT,
  `user_id` int(11) DEFAULT NULL,
  `delegated_user_id` int(11) DEFAULT NULL,
  `inventory_pool_id` int(11) DEFAULT NULL,
  `note` text COLLATE utf8_unicode_ci,
  `handed_over_by_user_id` int(11) DEFAULT NULL,
  `created_at` datetime DEFAULT NULL,
  `updated_at` datetime DEFAULT NULL,
  `status` enum('unsubmitted','submitted','rejected','approved','signed','closed') COLLATE utf8_unicode_ci NOT NULL,
  PRIMARY KEY (`id`),
  KEY `index_contracts_on_inventory_pool_id` (`inventory_pool_id`),
  KEY `index_contracts_on_status` (`status`),
  KEY `index_contracts_on_user_id` (`user_id`)
) ENGINE=InnoDB AUTO_INCREMENT=44 DEFAULT CHARSET=utf8 COLLATE=utf8_unicode_ci;
/*!40101 SET character_set_client = @saved_cs_client */;

--
-- Dumping data for table `contracts`
--

LOCK TABLES `contracts` WRITE;
/*!40000 ALTER TABLE `contracts` DISABLE KEYS */;
INSERT INTO `contracts` VALUES (1,5,NULL,5,NULL,NULL,'2015-07-07 23:20:09','2015-07-07 23:20:09','unsubmitted'),(2,6,NULL,12,NULL,NULL,'2015-07-07 23:20:09','2015-07-07 23:20:09','approved'),(3,7,NULL,1,NULL,NULL,'2015-07-07 23:20:09','2015-07-07 23:20:09','closed'),(4,12,NULL,1,NULL,NULL,'2015-07-05 04:06:46','2015-07-05 04:06:46','submitted'),(5,12,NULL,1,NULL,NULL,'2015-07-05 04:06:47','2015-07-05 04:06:47','approved'),(6,12,NULL,1,NULL,NULL,'2015-07-05 04:06:47','2015-07-05 04:06:47','rejected'),(7,12,NULL,1,NULL,NULL,'2015-07-06 02:53:03','2015-07-06 02:53:03','submitted'),(8,12,NULL,1,NULL,NULL,'2015-07-05 04:14:31','2015-07-05 04:14:31','submitted'),(9,13,NULL,1,NULL,NULL,'2015-07-07 23:20:09','2015-07-07 23:20:09','submitted'),(10,14,NULL,1,NULL,NULL,'2015-07-07 23:20:09','2015-07-07 23:20:09','submitted'),(11,15,NULL,1,NULL,NULL,'2015-07-07 23:20:09','2015-07-07 23:20:09','submitted'),(12,16,NULL,1,NULL,NULL,'2015-07-07 23:20:09','2015-07-07 23:20:09','submitted'),(13,20,NULL,1,NULL,NULL,'2015-07-07 23:20:09','2015-07-07 23:20:09','approved'),(14,21,NULL,1,NULL,18,'2015-07-07 23:20:09','2015-07-07 23:20:09','signed'),(15,22,NULL,1,NULL,18,'2015-07-07 23:20:09','2015-07-07 23:20:09','signed'),(16,23,NULL,1,NULL,18,'2015-07-07 23:20:09','2015-07-07 23:20:09','signed'),(17,24,NULL,2,NULL,18,'2015-07-03 00:00:00','2015-07-03 00:00:00','signed'),(18,28,26,1,NULL,NULL,'2015-07-07 23:20:09','2015-07-07 23:20:09','submitted'),(19,28,27,1,NULL,NULL,'2015-07-07 23:20:09','2015-07-07 23:20:09','approved'),(20,28,26,1,NULL,18,'2015-07-07 23:20:09','2015-07-07 23:20:09','signed'),(21,28,26,1,NULL,18,'2015-07-03 00:00:00','2015-07-03 00:00:00','signed'),(22,32,NULL,1,NULL,NULL,'2015-07-07 23:20:09','2015-07-07 23:20:09','submitted'),(23,32,NULL,1,NULL,NULL,'2015-07-07 23:20:09','2015-07-07 23:20:09','submitted'),(24,32,NULL,2,NULL,NULL,'2015-07-07 23:20:09','2015-07-07 23:20:09','submitted'),(25,32,NULL,1,NULL,NULL,'2015-07-07 23:20:09','2015-07-07 23:20:09','approved'),(26,32,NULL,1,NULL,NULL,'2015-07-07 23:20:09','2015-07-07 23:20:09','approved'),(27,32,NULL,1,NULL,NULL,'2015-07-07 23:20:09','2015-07-07 23:20:09','approved'),(28,32,NULL,1,NULL,NULL,'2015-07-07 23:20:09','2015-07-07 23:20:09','approved'),(29,32,NULL,1,NULL,NULL,'2015-07-07 23:20:09','2015-07-07 23:20:09','approved'),(30,32,NULL,1,NULL,NULL,'2015-07-07 23:20:09','2015-07-07 23:20:09','approved'),(31,32,NULL,1,NULL,18,'2015-07-07 23:20:09','2015-07-07 23:20:09','signed'),(32,32,NULL,1,NULL,18,'2015-07-07 23:20:09','2015-07-07 23:20:09','signed'),(33,32,NULL,2,NULL,18,'2015-07-07 23:20:09','2015-07-07 23:20:09','signed'),(34,32,NULL,2,NULL,18,'2015-07-07 23:20:09','2015-07-07 23:20:09','signed'),(35,32,NULL,1,NULL,18,'2015-07-07 23:20:09','2015-07-07 23:20:09','signed'),(36,33,NULL,1,NULL,NULL,'2015-07-07 23:20:09','2015-07-07 23:20:09','submitted'),(37,33,NULL,1,NULL,NULL,'2015-07-07 23:20:09','2015-07-07 23:20:09','submitted'),(38,33,NULL,1,NULL,NULL,'2015-07-07 23:20:09','2015-07-07 23:20:09','approved'),(39,33,NULL,1,NULL,18,'2015-07-07 23:20:09','2015-07-07 23:20:09','signed'),(40,34,NULL,1,NULL,NULL,'2015-07-07 23:20:09','2015-07-07 23:20:09','submitted'),(41,34,NULL,1,NULL,NULL,'2015-07-07 23:20:09','2015-07-07 23:20:09','submitted'),(42,34,NULL,1,NULL,NULL,'2015-07-07 23:20:09','2015-07-07 23:20:09','approved'),(43,34,NULL,1,NULL,18,'2015-07-03 00:00:00','2015-07-03 00:00:00','signed');
/*!40000 ALTER TABLE `contracts` ENABLE KEYS */;
UNLOCK TABLES;

--
-- Table structure for table `database_authentications`
--

DROP TABLE IF EXISTS `database_authentications`;
/*!40101 SET @saved_cs_client     = @@character_set_client */;
/*!40101 SET character_set_client = utf8 */;
CREATE TABLE `database_authentications` (
  `id` int(11) NOT NULL AUTO_INCREMENT,
  `login` varchar(255) COLLATE utf8_unicode_ci DEFAULT NULL,
  `crypted_password` varchar(40) COLLATE utf8_unicode_ci DEFAULT NULL,
  `salt` varchar(40) COLLATE utf8_unicode_ci DEFAULT NULL,
  `user_id` int(11) DEFAULT NULL,
  `created_at` datetime DEFAULT NULL,
  `updated_at` datetime DEFAULT NULL,
  PRIMARY KEY (`id`)
) ENGINE=InnoDB AUTO_INCREMENT=31 DEFAULT CHARSET=utf8 COLLATE=utf8_unicode_ci;
/*!40101 SET character_set_client = @saved_cs_client */;

--
-- Dumping data for table `database_authentications`
--

LOCK TABLES `database_authentications` WRITE;
/*!40000 ALTER TABLE `database_authentications` DISABLE KEYS */;
INSERT INTO `database_authentications` VALUES (1,'ramon','aa39d04abe5a69e0bb18fe4b70767d6dec3bcff4','0e5758c7f8059d148287e7b3317bdf854d3636ea',1,'2015-07-07 23:20:09','2015-07-07 23:20:09'),(2,'tomas_fritsch_5387','a8b0a1a079b5610979f5a7f3881739d456f12843','efa0b4994a305fbb75cac02af44819c0796eb03d',2,'2015-07-07 23:20:09','2015-07-07 23:20:09'),(3,'elta.rowe_2650','20a6316fb41c240ec86ad6a9a56116fdbe546247','e282c1252f9a49ee927b37707268cafa5fd31026',3,'2015-07-07 23:20:09','2015-07-07 23:20:09'),(4,'grady_torphy_2164','b6229cf706c8b94cc5c05c6680f53a7b3801fdc1','94939af2549297bdc8346665807f5a3f554c7283',4,'2015-07-07 23:20:09','2015-07-07 23:20:09'),(5,'beaulah_6112','6417bd0dc30a5a39714b3d0516cfb0468420d853','9a38afa738747561f0cbcb90cb3dc116ec9c0f19',5,'2015-07-07 23:20:09','2015-07-07 23:20:09'),(6,'darrick.jerde_1646','350a88b186c6b97139bfc440ae483573df8141cf','54e9391467280a667213abf54d70d550ac44510e',6,'2015-07-07 23:20:09','2015-07-07 23:20:09'),(7,'zachary_4048','a8a3437035fdee740d3ca63de0e976614b627c8c','a068626968d98de6a70d7628e64241fd52080d2b',7,'2015-07-07 23:20:09','2015-07-07 23:20:09'),(8,'matti','d84db9e0824b5873702c626bcc0a102d2eeb9f0f','943bc77ce6a43bd6070d0479b602292b6fbcfc17',8,'2015-07-07 23:20:09','2015-07-07 23:20:09'),(9,'mike','500159e5bc18e519c66eb44f64f926e5300b0325','3eb886f8476a26c98c62c0437763962aace18e24',9,'2015-07-07 23:20:09','2015-07-07 23:20:09'),(10,'andi','f78d5fd7761d7b3a09ef4076e2ef56137ae2ea4e','66c476ac00d50d1185bcf5c5219a46f101c9677c',10,'2015-07-07 23:20:09','2015-07-07 23:20:09'),(11,'edmund_morar_7066','a4347c6a52d6b0b45cdfee5f3029f03a77e77fd0','45a58d12717eaceacb99bdc496bce51249c9e109',11,'2015-07-07 23:20:09','2015-07-07 23:20:09'),(12,'roxanne_kutch_9106','546dd3e662b7cb9ca4776aed33a4b3340782c871','af8c91e6662d98c3102dc6af6a8161e745d350b7',12,'2015-07-07 23:20:09','2015-07-07 23:20:09'),(13,'romaine_6630','5b02a6d18b801def78e2c1c4b000580da8fc0c7d','d912910eb8517218d4f8e11cc950a8abef964a3a',13,'2015-07-07 23:20:09','2015-07-07 23:20:09'),(14,'laurianne_schmidt_8380','b51ab0cc1c4371a93ed0d88829d288566639a010','4117af249fc7011af850ef460db48d5ea76eed46',14,'2015-07-07 23:20:09','2015-07-07 23:20:09'),(15,'lance_5197','44233fb22db31a6e85e9c865518f05c183d5d273','555a63316e3e5b72c325fcda0fed7bbb1619906d',15,'2015-07-07 23:20:09','2015-07-07 23:20:09'),(16,'juvenal.thiel_957','2fe6d968d3358256082ea5381a18fd5cf2df6275','27fa960f9e3942fd0326ab375b7039fe500d69a5',16,'2015-07-07 23:20:09','2015-07-07 23:20:09'),(17,'gino','5c83ee941bc2968d9a2df847c4c20c9af67f6a05','d38c4271c7b7fb9c748b763de39fde869371f40a',17,'2015-07-07 23:20:09','2015-07-07 23:20:09'),(18,'pius','4ed684ba236625966393da51af353321e3e13aa9','b525323ca835a12cdc2c405b0d463d24abb0bf20',18,'2015-07-07 23:20:09','2015-07-07 23:20:09'),(19,'peter','d98ee2aca6542e3d9ff13551f263c865187a87ab','4a23d15ed50cf84dd543dfe322ed64361b42bcf1',19,'2015-07-07 23:20:09','2015-07-07 23:20:09'),(20,'birdie_8118','5fd226de1f1f5b272063c277646ae2a3f855abfb','50ab305dc9c20608ade02eede0a0043e5b62fb23',20,'2015-07-07 23:20:09','2015-07-07 23:20:09'),(21,'arnoldo.lakin_6551','426a750dd58cff306837f824cf4b33001dcc8090','fd18ed4eac2b3d60977aadbb867a28e9426b17ef',21,'2015-07-07 23:20:09','2015-07-07 23:20:09'),(22,'jaden_kohler_5097','836fd536cf3537e7e40d8a631b4f99c8e784db0b','8b50452dc9aac27f1e7fe60d0e3fc27b5996f035',22,'2015-07-07 23:20:09','2015-07-07 23:20:09'),(23,'lauretta_bogisich_8676','332aad87dc0732d012a47d3cd76c4c7363e00e59','fb623d6b002d4e8cf1a773fa501aa6b636b5d4d2',23,'2015-07-07 23:20:09','2015-07-07 23:20:09'),(24,'kevon_jakubowski_2495','8f4162d1faff603f404d9073966c7cc85028a44d','ddb450d843bd754e1b7c6b06715a0b938135b3d6',24,'2015-07-03 00:00:00','2015-07-03 00:00:00'),(25,'shawna_2902','4d7a56c7c4ee9f87fd88f534d180e3cff76177e9','d6144d86ee894debd655738a35a1434b2e6a9d5c',25,'2015-07-03 00:00:00','2015-07-03 00:00:00'),(26,'mina','521d60a2b04e4a8e51241e7ff27e98f8a45d9903','b3a3e0271e621080c65af73c4577de15db489f13',26,'2015-07-07 23:20:09','2015-07-07 23:20:09'),(27,'julie','84ff58b677ba7d85724acb7c21ae4b90651ecc04','32c999ec8a635fbc01b2e0391f7c58b785ad6fb5',27,'2015-07-07 23:20:09','2015-07-07 23:20:09'),(28,'normin','6f2d05d4fbe33186f510c43a2ed0392d183ed1a4','813e02d860f6bb33c6d89b130c7153d813a9bb07',32,'2015-07-07 23:20:09','2015-07-07 23:20:09'),(29,'petra','5c53e2fcce332c2c18196906aaf33725f7b9824f','c5a1e4fc556f709cf99653bf82b59089456a74b1',33,'2015-07-07 23:20:09','2015-07-07 23:20:09'),(30,'lisa','8daf6081542c713b2a2d759ee4e320b1714a4e0b','ceada594a3a667dad5342fee1ec63c5425c0f29c',34,'2015-07-07 23:20:09','2015-07-07 23:20:09');
/*!40000 ALTER TABLE `database_authentications` ENABLE KEYS */;
UNLOCK TABLES;

--
-- Table structure for table `delegations_users`
--

DROP TABLE IF EXISTS `delegations_users`;
/*!40101 SET @saved_cs_client     = @@character_set_client */;
/*!40101 SET character_set_client = utf8 */;
CREATE TABLE `delegations_users` (
  `delegation_id` int(11) DEFAULT NULL,
  `user_id` int(11) DEFAULT NULL,
  UNIQUE KEY `index_delegations_users_on_user_id_and_delegation_id` (`user_id`,`delegation_id`),
  KEY `index_delegations_users_on_delegation_id` (`delegation_id`)
) ENGINE=InnoDB DEFAULT CHARSET=utf8 COLLATE=utf8_unicode_ci;
/*!40101 SET character_set_client = @saved_cs_client */;

--
-- Dumping data for table `delegations_users`
--

LOCK TABLES `delegations_users` WRITE;
/*!40000 ALTER TABLE `delegations_users` DISABLE KEYS */;
INSERT INTO `delegations_users` VALUES (28,26),(29,26),(30,26),(31,26),(28,27),(29,27),(30,27),(31,27);
/*!40000 ALTER TABLE `delegations_users` ENABLE KEYS */;
UNLOCK TABLES;

--
-- Table structure for table `groups`
--

DROP TABLE IF EXISTS `groups`;
/*!40101 SET @saved_cs_client     = @@character_set_client */;
/*!40101 SET character_set_client = utf8 */;
CREATE TABLE `groups` (
  `id` int(11) NOT NULL AUTO_INCREMENT,
  `name` varchar(255) COLLATE utf8_unicode_ci DEFAULT NULL,
  `inventory_pool_id` int(11) DEFAULT NULL,
  `is_verification_required` tinyint(1) DEFAULT '0',
  `created_at` datetime DEFAULT NULL,
  `updated_at` datetime DEFAULT NULL,
  PRIMARY KEY (`id`),
  KEY `index_groups_on_inventory_pool_id` (`inventory_pool_id`),
  KEY `index_groups_on_is_verification_required` (`is_verification_required`)
) ENGINE=InnoDB AUTO_INCREMENT=10 DEFAULT CHARSET=utf8 COLLATE=utf8_unicode_ci;
/*!40101 SET character_set_client = @saved_cs_client */;

--
-- Dumping data for table `groups`
--

LOCK TABLES `groups` WRITE;
/*!40000 ALTER TABLE `groups` DISABLE KEYS */;
INSERT INTO `groups` VALUES (1,'Cast',1,0,'2015-07-07 23:20:09','2015-07-07 23:20:09'),(2,'IAD',1,0,'2015-07-07 23:20:09','2015-07-07 23:20:09'),(3,'Wu',1,0,'2015-07-07 23:20:09','2015-07-07 23:20:09'),(4,'Group Hifi',1,0,'2015-07-07 23:20:09','2015-07-07 23:20:09'),(5,'Group A',1,0,'2015-07-07 23:20:09','2015-07-07 23:20:09'),(6,'Group B',1,0,'2015-07-07 23:20:09','2015-07-07 23:20:09'),(7,'FFI',1,1,'2015-07-07 23:20:09','2015-07-07 23:20:09'),(8,'VTO',1,1,'2015-07-07 23:20:09','2015-07-07 23:20:09'),(9,'1. Semester',2,1,'2015-07-07 23:20:09','2015-07-07 23:20:09');
/*!40000 ALTER TABLE `groups` ENABLE KEYS */;
UNLOCK TABLES;

--
-- Table structure for table `groups_users`
--

DROP TABLE IF EXISTS `groups_users`;
/*!40101 SET @saved_cs_client     = @@character_set_client */;
/*!40101 SET character_set_client = utf8 */;
CREATE TABLE `groups_users` (
  `user_id` int(11) DEFAULT NULL,
  `group_id` int(11) DEFAULT NULL,
  UNIQUE KEY `index_groups_users_on_user_id_and_group_id` (`user_id`,`group_id`),
  KEY `index_groups_users_on_group_id` (`group_id`)
) ENGINE=InnoDB DEFAULT CHARSET=utf8 COLLATE=utf8_unicode_ci;
/*!40101 SET character_set_client = @saved_cs_client */;

--
-- Dumping data for table `groups_users`
--

LOCK TABLES `groups_users` WRITE;
/*!40000 ALTER TABLE `groups_users` DISABLE KEYS */;
INSERT INTO `groups_users` VALUES (12,7),(12,8),(13,7),(14,7),(14,8),(15,7),(15,9),(16,7),(32,1),(34,1);
/*!40000 ALTER TABLE `groups_users` ENABLE KEYS */;
UNLOCK TABLES;

--
-- Table structure for table `histories`
--

DROP TABLE IF EXISTS `histories`;
/*!40101 SET @saved_cs_client     = @@character_set_client */;
/*!40101 SET character_set_client = utf8 */;
CREATE TABLE `histories` (
  `id` int(11) NOT NULL AUTO_INCREMENT,
  `text` varchar(255) COLLATE utf8_unicode_ci DEFAULT '',
  `type_const` int(11) DEFAULT NULL,
  `created_at` datetime NOT NULL,
  `target_id` int(11) NOT NULL,
  `target_type` varchar(255) COLLATE utf8_unicode_ci NOT NULL,
  `user_id` int(11) DEFAULT NULL,
  PRIMARY KEY (`id`),
  KEY `index_histories_on_target_type_and_target_id` (`target_type`,`target_id`),
  KEY `index_histories_on_type_const` (`type_const`),
  KEY `index_histories_on_user_id` (`user_id`)
) ENGINE=InnoDB AUTO_INCREMENT=14 DEFAULT CHARSET=utf8 COLLATE=utf8_unicode_ci;
/*!40101 SET character_set_client = @saved_cs_client */;

--
-- Dumping data for table `histories`
--

LOCK TABLES `histories` WRITE;
/*!40000 ALTER TABLE `histories` DISABLE KEYS */;
INSERT INTO `histories` VALUES (1,'Contract 14 has been signed by Rod Collier',1,'2015-07-07 23:20:09',14,'Contract',18),(2,'Contract 15 has been signed by Cielo Wilkinson',1,'2015-07-07 23:20:09',15,'Contract',18),(3,'Contract 16 has been signed by Felicia Rutherford',1,'2015-07-07 23:20:09',16,'Contract',18),(4,'Contract 17 has been signed by Michelle Bernhard',1,'2015-07-03 00:00:00',17,'Contract',18),(5,'Contract 20 has been signed by Enim recusandae quae ut.',1,'2015-07-07 23:20:09',20,'Contract',18),(6,'Contract 21 has been signed by Enim recusandae quae ut.',1,'2015-07-03 00:00:00',21,'Contract',18),(7,'Contract 31 has been signed by Normin N.',1,'2015-07-07 23:20:09',31,'Contract',18),(8,'Contract 32 has been signed by Normin N.',1,'2015-07-07 23:20:09',32,'Contract',18),(9,'Contract 33 has been signed by Normin N.',1,'2015-07-07 23:20:09',33,'Contract',18),(10,'Contract 34 has been signed by Normin N.',1,'2015-07-07 23:20:09',34,'Contract',18),(11,'Contract 35 has been signed by Normin N.',1,'2015-07-07 23:20:09',35,'Contract',18),(12,'Contract 39 has been signed by Petra K.',1,'2015-07-07 23:20:09',39,'Contract',18),(13,'Contract 43 has been signed by Lisa L.',1,'2015-07-03 00:00:00',43,'Contract',18);
/*!40000 ALTER TABLE `histories` ENABLE KEYS */;
UNLOCK TABLES;

--
-- Table structure for table `holidays`
--

DROP TABLE IF EXISTS `holidays`;
/*!40101 SET @saved_cs_client     = @@character_set_client */;
/*!40101 SET character_set_client = utf8 */;
CREATE TABLE `holidays` (
  `id` int(11) NOT NULL AUTO_INCREMENT,
  `inventory_pool_id` int(11) DEFAULT NULL,
  `start_date` date DEFAULT NULL,
  `end_date` date DEFAULT NULL,
  `name` varchar(255) COLLATE utf8_unicode_ci DEFAULT NULL,
  PRIMARY KEY (`id`),
  KEY `index_holidays_on_inventory_pool_id` (`inventory_pool_id`),
  KEY `index_holidays_on_start_date_and_end_date` (`start_date`,`end_date`)
) ENGINE=InnoDB AUTO_INCREMENT=5 DEFAULT CHARSET=utf8 COLLATE=utf8_unicode_ci;
/*!40101 SET character_set_client = @saved_cs_client */;

--
-- Dumping data for table `holidays`
--

LOCK TABLES `holidays` WRITE;
/*!40000 ALTER TABLE `holidays` DISABLE KEYS */;
INSERT INTO `holidays` VALUES (1,1,'2015-12-24','2015-12-24','Christmas'),(2,2,'2015-12-24','2015-12-24','Christmas'),(3,3,'2015-12-24','2015-12-24','Christmas'),(4,1,'2015-12-24','2015-12-24','Christmas');
/*!40000 ALTER TABLE `holidays` ENABLE KEYS */;
UNLOCK TABLES;

--
-- Table structure for table `images`
--

DROP TABLE IF EXISTS `images`;
/*!40101 SET @saved_cs_client     = @@character_set_client */;
/*!40101 SET character_set_client = utf8 */;
CREATE TABLE `images` (
  `id` int(11) NOT NULL AUTO_INCREMENT,
  `model_id` int(11) DEFAULT NULL,
  `is_main` tinyint(1) DEFAULT '0',
  `content_type` varchar(255) COLLATE utf8_unicode_ci DEFAULT NULL,
  `filename` varchar(255) COLLATE utf8_unicode_ci DEFAULT NULL,
  `size` int(11) DEFAULT NULL,
  `height` int(11) DEFAULT NULL,
  `width` int(11) DEFAULT NULL,
  `parent_id` int(11) DEFAULT NULL,
  `thumbnail` varchar(255) COLLATE utf8_unicode_ci DEFAULT NULL,
  PRIMARY KEY (`id`),
  KEY `index_images_on_model_id` (`model_id`)
) ENGINE=InnoDB AUTO_INCREMENT=4 DEFAULT CHARSET=utf8 COLLATE=utf8_unicode_ci;
/*!40101 SET character_set_client = @saved_cs_client */;

--
-- Dumping data for table `images`
--

LOCK TABLES `images` WRITE;
/*!40000 ALTER TABLE `images` DISABLE KEYS */;
INSERT INTO `images` VALUES (1,149,0,'image/jpeg','Miss Cecile Thompson',NULL,NULL,NULL,NULL,NULL),(2,149,0,'image/jpeg','Lula Hilll',NULL,NULL,NULL,NULL,NULL),(3,150,0,'image/jpeg','Bill Boyle DVM',NULL,NULL,NULL,NULL,NULL);
/*!40000 ALTER TABLE `images` ENABLE KEYS */;
UNLOCK TABLES;

--
-- Table structure for table `inventory_pools`
--

DROP TABLE IF EXISTS `inventory_pools`;
/*!40101 SET @saved_cs_client     = @@character_set_client */;
/*!40101 SET character_set_client = utf8 */;
CREATE TABLE `inventory_pools` (
  `id` int(11) NOT NULL AUTO_INCREMENT,
  `name` varchar(255) COLLATE utf8_unicode_ci DEFAULT NULL,
  `description` text COLLATE utf8_unicode_ci,
  `contact_details` varchar(255) COLLATE utf8_unicode_ci DEFAULT NULL,
  `contract_description` varchar(255) COLLATE utf8_unicode_ci DEFAULT NULL,
  `contract_url` varchar(255) COLLATE utf8_unicode_ci DEFAULT NULL,
  `logo_url` varchar(255) COLLATE utf8_unicode_ci DEFAULT NULL,
  `default_contract_note` text COLLATE utf8_unicode_ci,
  `shortname` varchar(255) COLLATE utf8_unicode_ci DEFAULT NULL,
  `email` varchar(255) COLLATE utf8_unicode_ci DEFAULT NULL,
  `color` text COLLATE utf8_unicode_ci,
  `print_contracts` tinyint(1) DEFAULT '1',
  `opening_hours` text COLLATE utf8_unicode_ci,
  `address_id` int(11) DEFAULT NULL,
  `automatic_suspension` tinyint(1) NOT NULL DEFAULT '0',
  `automatic_suspension_reason` text COLLATE utf8_unicode_ci,
  `automatic_access` tinyint(1) DEFAULT NULL,
  PRIMARY KEY (`id`),
  UNIQUE KEY `index_inventory_pools_on_name` (`name`)
) ENGINE=InnoDB AUTO_INCREMENT=15 DEFAULT CHARSET=utf8 COLLATE=utf8_unicode_ci;
/*!40101 SET character_set_client = @saved_cs_client */;

--
-- Dumping data for table `inventory_pools`
--

LOCK TABLES `inventory_pools` WRITE;
/*!40000 ALTER TABLE `inventory_pools` DISABLE KEYS */;
INSERT INTO `inventory_pools` VALUES (1,'A-Ausleihe','Wichtige Hinweise...\n Bitte die Gegenstnde rechtzeitig zurckbringen','A Verleih  /  ZHdK\nav@zh-dk.ch\n+41 00 00 00 00','Gert erhalten','av@zhdk.ch',NULL,'Distinctio cumque incidunt aut autem quibusdam voluptatem rerum ut.','A','av@zhdk.ch',NULL,1,NULL,NULL,1,'Illum nihil at veritatis et necessitatibus.',NULL),(2,'IT-Ausleihe','Bringt die Gerte bitte rechtzeitig zurck','IT Verleih  /  ZHdK\nav@zh-dk.ch\n+41 00 00 00 00','Gert erhalten','it@zhdk.ch',NULL,NULL,'IT','it@zhdk.ch',NULL,1,NULL,NULL,1,'Ducimus sit expedita eos natus et dolore aperiam.',NULL),(3,'AV-Technik','Bringt die Gerte bitte rechtzeitig zurck','AV Verleih  /  ZHdK\nav@zh-dk.ch\n+41 00 00 00 00','Gert erhalten','it@zhdk.ch',NULL,NULL,'AV','it@zhdk.ch',NULL,1,NULL,NULL,0,NULL,NULL),(4,'DT deletable','Bringt die Gerte bitte rechtzeitig zurck','AV Verleih  /  ZHdK\nav@zh-dk.ch\n+41 00 00 00 00','Gert erhalten','it@zhdk.ch',NULL,NULL,'DT','it@zhdk.ch',NULL,1,NULL,NULL,0,NULL,NULL),(5,'Dictaeaquesedaliquid','Quia aut magnam ad.','Quidem magni ipsum nemo voluptatem cum ab illum.','Dictaeaquesedaliquid','sherman_mccullough@towne.biz',NULL,NULL,'JCOVEE','sherman_mccullough@towne.biz',NULL,1,NULL,NULL,0,NULL,NULL),(6,'Voluptatumetquivoluptatem','Qui dolorem architecto est.','Et autem beatae illo.','Voluptatumetquivoluptatem','hope.homenick@strosin.biz',NULL,NULL,'R4YH0Z','hope.homenick@strosin.biz',NULL,1,NULL,NULL,0,NULL,NULL),(7,'Quamanimiliberoet','Omnis ad dolore cumque aliquam rerum optio et quod.','Non voluptatem ipsa doloremque distinctio ut dicta enim.','Quamanimiliberoet','jo_wilderman@schinner.com',NULL,NULL,'CC3JEJ','jo_wilderman@schinner.com',NULL,1,NULL,NULL,0,NULL,NULL),(8,'Maiorescorruptinatusalias','Quisquam adipisci corrupti error dolores nisi porro ex.','Repellendus sed exercitationem asperiores quo et qui.','Maiorescorruptinatusalias','nannie.walsh@okon.co.uk',NULL,NULL,'8BGM21','nannie.walsh@okon.co.uk',NULL,1,NULL,NULL,0,NULL,NULL),(9,'Voluptatemcupiditatequibusdamsit','Accusantium voluptatibus minima quibusdam odit ut.','Inventore dolores non et sed non nulla et.','Voluptatemcupiditatequibusdamsit','reynold.klocko@kris.name',NULL,NULL,'K3J81T','reynold.klocko@kris.name',NULL,1,NULL,NULL,0,NULL,NULL),(10,'Placeatevenietquaerataut','Repellendus eos labore sint fugit ipsam eligendi perferendis delectus.','Ab est odio aut eos est eos qui deleniti.','Placeatevenietquaerataut','elisa@miller.biz',NULL,NULL,'Y6QPHT','elisa@miller.biz',NULL,1,NULL,NULL,0,NULL,NULL),(11,'Laboreesseillumpraesentium','Veritatis dolorem molestiae sint pariatur ipsum non.','Et quas ullam sit.','Laboreesseillumpraesentium','alden.keeling@dickens.biz',NULL,NULL,'GPU4FG','alden.keeling@dickens.biz',NULL,1,NULL,NULL,0,NULL,NULL),(12,'Nequereprehenderitveniamautem','Aut eveniet iure totam.','Beatae fugiat consectetur magni consequuntur dignissimos molestias sequi.','Nequereprehenderitveniamautem','marlee_schmitt@ferry.info',NULL,NULL,'EXQNMY','marlee_schmitt@ferry.info',NULL,1,NULL,NULL,0,NULL,NULL),(13,'Pariaturdoloremqueutoccaecati','Reprehenderit repellat est blanditiis.','Cumque autem nemo ut placeat ex quo quam non.','Pariaturdoloremqueutoccaecati','ambrose@macejkovicshields.com',NULL,NULL,'TMZPZY','ambrose@macejkovicshields.com',NULL,1,NULL,NULL,0,NULL,NULL),(14,'Nostrumquisquamsuntaperiam','Ex deserunt sunt occaecati quam esse voluptatem dolorem.','Ut est aut harum est et sit.','Nostrumquisquamsuntaperiam','tyrell@rosenbaumritchie.name',NULL,NULL,'FJ8K7R','tyrell@rosenbaumritchie.name',NULL,1,NULL,NULL,0,NULL,NULL);
/*!40000 ALTER TABLE `inventory_pools` ENABLE KEYS */;
UNLOCK TABLES;

--
-- Table structure for table `inventory_pools_model_groups`
--

DROP TABLE IF EXISTS `inventory_pools_model_groups`;
/*!40101 SET @saved_cs_client     = @@character_set_client */;
/*!40101 SET character_set_client = utf8 */;
CREATE TABLE `inventory_pools_model_groups` (
  `inventory_pool_id` int(11) DEFAULT NULL,
  `model_group_id` int(11) DEFAULT NULL,
  KEY `index_inventory_pools_model_groups_on_inventory_pool_id` (`inventory_pool_id`),
  KEY `index_inventory_pools_model_groups_on_model_group_id` (`model_group_id`)
) ENGINE=InnoDB DEFAULT CHARSET=utf8 COLLATE=utf8_unicode_ci;
/*!40101 SET character_set_client = @saved_cs_client */;

--
-- Dumping data for table `inventory_pools_model_groups`
--

LOCK TABLES `inventory_pools_model_groups` WRITE;
/*!40000 ALTER TABLE `inventory_pools_model_groups` DISABLE KEYS */;
INSERT INTO `inventory_pools_model_groups` VALUES (1,12),(1,13),(1,14);
/*!40000 ALTER TABLE `inventory_pools_model_groups` ENABLE KEYS */;
UNLOCK TABLES;

--
-- Table structure for table `items`
--

DROP TABLE IF EXISTS `items`;
/*!40101 SET @saved_cs_client     = @@character_set_client */;
/*!40101 SET character_set_client = utf8 */;
CREATE TABLE `items` (
  `id` int(11) NOT NULL AUTO_INCREMENT,
  `inventory_code` varchar(255) COLLATE utf8_unicode_ci DEFAULT NULL,
  `serial_number` varchar(255) COLLATE utf8_unicode_ci DEFAULT NULL,
  `model_id` int(11) DEFAULT NULL,
  `location_id` int(11) DEFAULT NULL,
  `supplier_id` int(11) DEFAULT NULL,
  `owner_id` int(11) DEFAULT NULL,
  `parent_id` int(11) DEFAULT NULL,
  `invoice_number` varchar(255) COLLATE utf8_unicode_ci DEFAULT NULL,
  `invoice_date` date DEFAULT NULL,
  `last_check` date DEFAULT NULL,
  `retired` date DEFAULT NULL,
  `retired_reason` varchar(255) COLLATE utf8_unicode_ci DEFAULT NULL,
  `price` decimal(8,2) DEFAULT NULL,
  `is_broken` tinyint(1) DEFAULT '0',
  `is_incomplete` tinyint(1) DEFAULT '0',
  `is_borrowable` tinyint(1) DEFAULT '0',
  `needs_permission` tinyint(1) DEFAULT '0',
  `inventory_pool_id` int(11) DEFAULT NULL,
  `is_inventory_relevant` tinyint(1) DEFAULT '0',
  `responsible` varchar(255) COLLATE utf8_unicode_ci DEFAULT NULL,
  `insurance_number` varchar(255) COLLATE utf8_unicode_ci DEFAULT NULL,
  `note` text COLLATE utf8_unicode_ci,
  `name` text COLLATE utf8_unicode_ci,
  `user_name` varchar(255) COLLATE utf8_unicode_ci DEFAULT NULL,
  `properties` varchar(2048) COLLATE utf8_unicode_ci DEFAULT NULL,
  `created_at` datetime DEFAULT NULL,
  `updated_at` datetime DEFAULT NULL,
  PRIMARY KEY (`id`),
  UNIQUE KEY `index_items_on_inventory_code` (`inventory_code`),
  KEY `index_items_on_inventory_pool_id` (`inventory_pool_id`),
  KEY `index_items_on_retired` (`retired`),
  KEY `index_items_on_is_borrowable` (`is_borrowable`),
  KEY `index_items_on_is_broken` (`is_broken`),
  KEY `index_items_on_is_incomplete` (`is_incomplete`),
  KEY `index_items_on_location_id` (`location_id`),
  KEY `index_items_on_owner_id` (`owner_id`),
  KEY `index_items_on_parent_id_and_retired` (`parent_id`,`retired`),
  KEY `index_items_on_model_id_and_retired_and_inventory_pool_id` (`model_id`,`retired`,`inventory_pool_id`)
) ENGINE=InnoDB AUTO_INCREMENT=265 DEFAULT CHARSET=utf8 COLLATE=utf8_unicode_ci;
/*!40101 SET character_set_client = @saved_cs_client */;

--
-- Dumping data for table `items`
--

LOCK TABLES `items` WRITE;
/*!40000 ALTER TABLE `items` DISABLE KEYS */;
INSERT INTO `items` VALUES (1,'nh3rc445zw1cqj9ydbvr1','4b:48:29:5b:ff:e7-1f:e5:f8:8d:26:4f-ad:4e:43:a0:25:a7',1,1,1,6,NULL,NULL,'2014-09-30',NULL,NULL,NULL,631.00,0,0,1,0,5,1,NULL,NULL,NULL,NULL,NULL,'--- !ruby/hash:ActiveSupport::HashWithIndifferentAccess\nanschaffungskategorie: AV-Technik\n','2015-07-07 23:20:09','2015-07-07 23:20:09'),(2,'ci32dgull1yvnfns8fsw2','06:8e:7f:9e:88:df-e9:ea:98:2a:3b:fe-7a:a7:a7:07:d7:ee',1,2,2,7,NULL,NULL,'2011-12-17',NULL,NULL,NULL,916.00,0,0,1,0,5,1,NULL,NULL,NULL,NULL,NULL,'--- !ruby/hash:ActiveSupport::HashWithIndifferentAccess\nanschaffungskategorie: AV-Technik\n','2015-07-07 23:20:09','2015-07-07 23:20:09'),(3,'wplnt6gzoii3s1fczzmn3','d8:93:20:cb:9d:f7-7c:f4:ba:d3:2a:8e-6b:62:0f:ac:0b:c0',1,3,3,7,NULL,NULL,'2014-11-11',NULL,NULL,NULL,914.00,0,0,1,0,5,1,NULL,NULL,NULL,NULL,NULL,'--- !ruby/hash:ActiveSupport::HashWithIndifferentAccess\nanschaffungskategorie: AV-Technik\n','2015-07-07 23:20:09','2015-07-07 23:20:09'),(4,'2r63z2q9oavnaw4tez9o4','68:89:ed:38:61:db-22:8d:b5:0e:95:b7-c9:e2:1e:e4:1d:df',5,4,4,4,NULL,NULL,'2012-07-15',NULL,NULL,NULL,1103.00,0,0,1,0,5,1,NULL,NULL,NULL,NULL,NULL,'--- !ruby/hash:ActiveSupport::HashWithIndifferentAccess\nanschaffungskategorie: AV-Technik\n','2015-07-07 23:20:09','2015-07-07 23:20:09'),(5,'6x5b3cnmpmqpt0mxvzay5','32:77:fe:5c:32:51-b0:06:e5:ae:28:db-f9:a4:d4:e8:dd:f1',5,5,5,6,NULL,NULL,'2011-08-13',NULL,NULL,NULL,745.00,0,0,1,0,5,1,NULL,NULL,NULL,NULL,NULL,'--- !ruby/hash:ActiveSupport::HashWithIndifferentAccess\nanschaffungskategorie: AV-Technik\n','2015-07-07 23:20:09','2015-07-07 23:20:09'),(6,'ptg8e4rmiemjli5w4d0s6','d2:77:e7:1c:1b:98-aa:df:9c:e1:a0:c3-3d:d2:be:c5:50:7b',5,6,6,8,NULL,NULL,'2011-02-14',NULL,NULL,NULL,103.00,0,0,1,0,5,1,NULL,NULL,NULL,NULL,NULL,'--- !ruby/hash:ActiveSupport::HashWithIndifferentAccess\nanschaffungskategorie: AV-Technik\n','2015-07-07 23:20:09','2015-07-07 23:20:09'),(7,'mwd4wul1gwmusbuz0aew7','4d:f4:ce:58:e6:01-4d:96:be:c8:b7:94-ae:d8:24:d9:70:61',9,7,7,9,NULL,NULL,'2010-09-25',NULL,NULL,NULL,553.00,0,0,1,0,5,1,NULL,NULL,NULL,NULL,NULL,'--- !ruby/hash:ActiveSupport::HashWithIndifferentAccess\nanschaffungskategorie: AV-Technik\n','2015-07-07 23:20:09','2015-07-07 23:20:09'),(8,'u0gl9vct0rt5fcr7kjd08','63:6c:dd:56:1b:8f-54:10:e2:24:fb:82-9a:d6:a9:ba:00:6b',9,8,8,6,NULL,NULL,'2010-08-15',NULL,NULL,NULL,293.00,0,0,1,0,5,1,NULL,NULL,NULL,NULL,NULL,'--- !ruby/hash:ActiveSupport::HashWithIndifferentAccess\nanschaffungskategorie: AV-Technik\n','2015-07-07 23:20:09','2015-07-07 23:20:09'),(9,'09mr6c9d3zkdhhvsz4y79','d9:18:5c:d2:e2:c0-e7:7a:e6:18:fa:18-a2:04:1b:20:a8:11',9,9,9,6,NULL,NULL,'2011-04-01',NULL,NULL,NULL,139.00,0,0,1,0,5,1,NULL,NULL,NULL,NULL,NULL,'--- !ruby/hash:ActiveSupport::HashWithIndifferentAccess\nanschaffungskategorie: AV-Technik\n','2015-07-07 23:20:09','2015-07-07 23:20:09'),(10,'4nrxc8lwhzds6wzz10hp10','95:ab:8c:ec:b1:e3-25:e1:d3:07:44:ef-21:7e:7c:54:af:38',13,10,10,9,NULL,NULL,'2010-03-03',NULL,NULL,NULL,349.00,0,0,1,0,5,1,NULL,NULL,NULL,NULL,NULL,'--- !ruby/hash:ActiveSupport::HashWithIndifferentAccess\nanschaffungskategorie: AV-Technik\n','2015-07-07 23:20:09','2015-07-07 23:20:09'),(11,'civfgu9pxnxyarocpfbg11','73:29:37:55:9f:51-f0:00:17:93:1c:c5-6d:be:39:37:ce:25',13,11,11,10,NULL,NULL,'2012-09-10',NULL,NULL,NULL,56.00,0,0,1,0,5,1,NULL,NULL,NULL,NULL,NULL,'--- !ruby/hash:ActiveSupport::HashWithIndifferentAccess\nanschaffungskategorie: AV-Technik\n','2015-07-07 23:20:09','2015-07-07 23:20:09'),(12,'csuiyy59zrpgv9r73qaq12','d4:b4:3e:fd:5d:b8-b2:26:10:da:0c:3b-55:fd:df:84:22:5c',13,12,12,8,NULL,NULL,'2011-10-18',NULL,NULL,NULL,652.00,0,0,1,0,5,1,NULL,NULL,NULL,NULL,NULL,'--- !ruby/hash:ActiveSupport::HashWithIndifferentAccess\nanschaffungskategorie: AV-Technik\n','2015-07-07 23:20:09','2015-07-07 23:20:09'),(13,'96oo5lofr7g33fjx9o6t13','0f:00:2c:fd:b8:5d-17:b1:35:97:47:dd-0f:d4:f4:a8:62:6b',17,13,13,6,NULL,NULL,'2010-06-23',NULL,NULL,NULL,703.00,0,0,1,0,5,1,NULL,NULL,NULL,NULL,NULL,'--- !ruby/hash:ActiveSupport::HashWithIndifferentAccess\nanschaffungskategorie: AV-Technik\n','2015-07-07 23:20:09','2015-07-07 23:20:09'),(14,'ucjtsxcw55nu239jkt8t14','ba:65:13:d1:ef:2d-9e:94:dd:1e:50:c5-be:d0:ea:3e:db:1c',17,14,14,1,NULL,NULL,'2014-09-26',NULL,NULL,NULL,160.00,0,0,1,0,5,1,NULL,NULL,NULL,NULL,NULL,'--- !ruby/hash:ActiveSupport::HashWithIndifferentAccess\nanschaffungskategorie: AV-Technik\n','2015-07-07 23:20:09','2015-07-07 23:20:09'),(15,'yryfu8rx4tol9ckn870315','a8:bc:c3:3c:20:aa-92:e2:83:2b:f2:69-8e:8d:2a:06:19:c7',17,15,15,7,NULL,NULL,'2012-05-31',NULL,NULL,NULL,1453.00,0,0,1,0,5,1,NULL,NULL,NULL,NULL,NULL,'--- !ruby/hash:ActiveSupport::HashWithIndifferentAccess\nanschaffungskategorie: AV-Technik\n','2015-07-07 23:20:09','2015-07-07 23:20:09'),(16,'teakd0o9e4ipg3jr658y16','53:c8:9f:a7:40:96-49:4b:bd:87:ac:65-7d:19:2f:d4:4d:d0',21,16,16,7,NULL,NULL,'2013-03-01',NULL,NULL,NULL,238.00,0,0,1,0,5,1,NULL,NULL,NULL,NULL,NULL,'--- !ruby/hash:ActiveSupport::HashWithIndifferentAccess\nanschaffungskategorie: AV-Technik\n','2015-07-07 23:20:09','2015-07-07 23:20:09'),(17,'qhcvq10ckh6wnjll4txb17','c6:bb:e7:74:d0:a5-05:42:43:1e:a0:6a-11:84:8c:84:ef:10',21,17,17,11,NULL,NULL,'2013-05-28',NULL,NULL,NULL,232.00,0,0,1,0,5,1,NULL,NULL,NULL,NULL,NULL,'--- !ruby/hash:ActiveSupport::HashWithIndifferentAccess\nanschaffungskategorie: AV-Technik\n','2015-07-07 23:20:09','2015-07-07 23:20:09'),(18,'yk0v3e2df7bz5bimuodl18','2c:3e:e9:d6:25:9b-d1:ee:c3:ab:b6:bc-48:1f:80:48:8c:e5',21,18,18,2,NULL,NULL,'2013-04-12',NULL,NULL,NULL,1058.00,0,0,1,0,5,1,NULL,NULL,NULL,NULL,NULL,'--- !ruby/hash:ActiveSupport::HashWithIndifferentAccess\nanschaffungskategorie: AV-Technik\n','2015-07-07 23:20:09','2015-07-07 23:20:09'),(19,'zscolfqp3xhqq3lt8orq19','73:62:74:9c:c0:ae-24:15:03:f4:d6:7c-69:9a:2f:09:5a:0b',25,19,19,3,NULL,NULL,'2014-06-02',NULL,NULL,NULL,1164.00,0,0,1,0,12,1,NULL,NULL,NULL,NULL,NULL,'--- !ruby/hash:ActiveSupport::HashWithIndifferentAccess\nanschaffungskategorie: AV-Technik\n','2015-07-07 23:20:09','2015-07-07 23:20:09'),(20,'icz54kbmanzwqns1mwbn20','15:53:78:0b:ca:0a-bb:5a:e4:68:aa:90-b5:b6:9c:5b:63:f1',25,20,20,5,NULL,NULL,'2012-06-13',NULL,NULL,NULL,667.00,0,0,1,0,12,1,NULL,NULL,NULL,NULL,NULL,'--- !ruby/hash:ActiveSupport::HashWithIndifferentAccess\nanschaffungskategorie: AV-Technik\n','2015-07-07 23:20:09','2015-07-07 23:20:09'),(21,'zjwrb764bxik5g96ra0a21','2e:93:5e:d6:cb:c8-21:87:81:02:51:7c-bf:0f:d0:8c:e1:04',25,21,21,3,NULL,NULL,'2010-04-23',NULL,NULL,NULL,238.00,0,0,1,0,12,1,NULL,NULL,NULL,NULL,NULL,'--- !ruby/hash:ActiveSupport::HashWithIndifferentAccess\nanschaffungskategorie: AV-Technik\n','2015-07-07 23:20:09','2015-07-07 23:20:09'),(22,'hxuiv6gp4kzg429oh3dz22','6f:0d:54:89:ef:05-15:78:e9:13:ac:44-78:04:18:77:4d:d0',29,22,22,3,NULL,NULL,'2012-11-30',NULL,NULL,NULL,434.00,0,0,1,0,12,1,NULL,NULL,NULL,NULL,NULL,'--- !ruby/hash:ActiveSupport::HashWithIndifferentAccess\nanschaffungskategorie: AV-Technik\n','2015-07-07 23:20:09','2015-07-07 23:20:09'),(23,'8fsxk61qua4730o8r2bu23','08:8e:83:d4:8b:35-c8:74:05:90:14:7d-7e:5d:69:eb:0c:2e',29,23,23,3,NULL,NULL,'2010-10-28',NULL,NULL,NULL,315.00,0,0,1,0,12,1,NULL,NULL,NULL,NULL,NULL,'--- !ruby/hash:ActiveSupport::HashWithIndifferentAccess\nanschaffungskategorie: AV-Technik\n','2015-07-07 23:20:09','2015-07-07 23:20:09'),(24,'oipnw8fntbdyscvth4yt24','66:2c:6b:02:57:51-3c:16:91:42:0e:be-d0:94:35:5f:ba:4b',29,24,24,4,NULL,NULL,'2013-11-14',NULL,NULL,NULL,526.00,0,0,1,0,12,1,NULL,NULL,NULL,NULL,NULL,'--- !ruby/hash:ActiveSupport::HashWithIndifferentAccess\nanschaffungskategorie: AV-Technik\n','2015-07-07 23:20:09','2015-07-07 23:20:09'),(25,'58cr3mil5htageoami9r25','6a:91:42:2a:c3:f4-0b:5b:48:81:e4:88-e5:d2:ff:95:82:9e',33,25,25,5,NULL,NULL,'2014-10-09',NULL,NULL,NULL,1253.00,0,0,1,0,12,1,NULL,NULL,NULL,NULL,NULL,'--- !ruby/hash:ActiveSupport::HashWithIndifferentAccess\nanschaffungskategorie: AV-Technik\n','2015-07-07 23:20:09','2015-07-07 23:20:09'),(26,'cidk3gdbyv98aek264oe26','03:bc:0b:c4:56:82-a6:31:89:75:f8:c0-a7:5b:b2:ea:49:24',33,26,26,12,NULL,NULL,'2012-05-10',NULL,NULL,NULL,428.00,0,0,1,0,12,1,NULL,NULL,NULL,NULL,NULL,'--- !ruby/hash:ActiveSupport::HashWithIndifferentAccess\nanschaffungskategorie: AV-Technik\n','2015-07-07 23:20:09','2015-07-07 23:20:09'),(27,'kj9kw5t3bugdvitbnpln27','9d:29:3d:10:55:d5-36:e6:6b:98:d3:0c-05:b6:13:f4:15:f3',33,27,27,5,NULL,NULL,'2011-07-21',NULL,NULL,NULL,1174.00,0,0,1,0,12,1,NULL,NULL,NULL,NULL,NULL,'--- !ruby/hash:ActiveSupport::HashWithIndifferentAccess\nanschaffungskategorie: AV-Technik\n','2015-07-07 23:20:09','2015-07-07 23:20:09'),(28,'w3jmm7d4warveckc911y28','d9:34:3b:6c:44:b4-8d:82:87:a7:7e:06-2c:7b:af:ba:8f:13',37,28,28,1,NULL,NULL,'2013-05-01',NULL,NULL,NULL,845.00,0,0,1,0,12,1,NULL,NULL,NULL,NULL,NULL,'--- !ruby/hash:ActiveSupport::HashWithIndifferentAccess\nanschaffungskategorie: AV-Technik\n','2015-07-07 23:20:09','2015-07-07 23:20:09'),(29,'r8neabilypibdz9mj0zf29','d4:dc:c8:10:23:a9-76:ac:8b:e6:ef:97-2d:ce:fd:5c:20:c4',37,29,29,4,NULL,NULL,'2011-07-08',NULL,NULL,NULL,695.00,0,0,1,0,12,1,NULL,NULL,NULL,NULL,NULL,'--- !ruby/hash:ActiveSupport::HashWithIndifferentAccess\nanschaffungskategorie: AV-Technik\n','2015-07-07 23:20:09','2015-07-07 23:20:09'),(30,'9t1cnkabbfft5rxumzxz30','81:41:9a:0c:87:56-52:6d:42:22:1c:c8-cb:30:ae:d6:dc:63',37,30,30,12,NULL,NULL,'2014-03-03',NULL,NULL,NULL,10.00,0,0,1,0,12,1,NULL,NULL,NULL,NULL,NULL,'--- !ruby/hash:ActiveSupport::HashWithIndifferentAccess\nanschaffungskategorie: AV-Technik\n','2015-07-07 23:20:09','2015-07-07 23:20:09'),(31,'im540uqo8kyihiz1nrxs31','6c:64:2e:db:0f:87-02:59:29:08:1b:83-0d:e3:2e:4d:23:ab',41,31,31,10,NULL,NULL,'2012-11-09',NULL,NULL,NULL,270.00,0,0,1,0,1,1,NULL,NULL,NULL,NULL,NULL,'--- !ruby/hash:ActiveSupport::HashWithIndifferentAccess\nanschaffungskategorie: AV-Technik\n','2015-07-07 23:20:09','2015-07-07 23:20:09'),(32,'p9pzfmasnsa8nd5kif3i32','96:59:f8:08:c1:c3-1c:1f:0f:de:be:92-78:5f:3a:d3:c1:4a',41,32,32,2,NULL,NULL,'2010-04-28',NULL,NULL,NULL,1487.00,0,0,1,0,1,1,NULL,NULL,NULL,NULL,NULL,'--- !ruby/hash:ActiveSupport::HashWithIndifferentAccess\nanschaffungskategorie: AV-Technik\n','2015-07-07 23:20:09','2015-07-07 23:20:09'),(33,'mjztwjanpivtl6chtki933','34:39:74:af:69:69-e2:8e:f3:cd:16:45-02:57:af:3b:a1:4f',41,33,33,12,NULL,NULL,'2011-05-15',NULL,NULL,NULL,684.00,0,0,1,0,1,1,NULL,NULL,NULL,NULL,NULL,'--- !ruby/hash:ActiveSupport::HashWithIndifferentAccess\nanschaffungskategorie: AV-Technik\n','2015-07-07 23:20:09','2015-07-07 23:20:09'),(34,'8oe5ncf3qvg1cblthy7k34','70:fe:9f:b0:dd:c0-ef:dc:ff:36:1b:ae-50:fa:19:ef:fe:17',45,34,34,2,NULL,NULL,'2011-03-23',NULL,NULL,NULL,1127.00,0,0,1,0,1,1,NULL,NULL,NULL,NULL,NULL,'--- !ruby/hash:ActiveSupport::HashWithIndifferentAccess\nanschaffungskategorie: AV-Technik\n','2015-07-07 23:20:09','2015-07-07 23:20:09'),(35,'rl6j220u63fjthmtovjm35','82:df:b6:72:4d:6a-a8:40:62:25:ad:80-e3:b0:2b:85:c3:41',45,35,35,3,NULL,NULL,'2013-09-07',NULL,NULL,NULL,656.00,0,0,1,0,1,1,NULL,NULL,NULL,NULL,NULL,'--- !ruby/hash:ActiveSupport::HashWithIndifferentAccess\nanschaffungskategorie: AV-Technik\n','2015-07-07 23:20:09','2015-07-07 23:20:09'),(36,'2c8sb8atfu3lj8tzr1hy36','46:78:61:65:b5:84-e9:c2:f7:83:ff:cb-73:00:53:48:f9:9f',45,36,36,5,NULL,NULL,'2012-09-02',NULL,NULL,NULL,1067.00,0,0,1,0,1,1,NULL,NULL,NULL,NULL,NULL,'--- !ruby/hash:ActiveSupport::HashWithIndifferentAccess\nanschaffungskategorie: AV-Technik\n','2015-07-07 23:20:09','2015-07-07 23:20:09'),(37,'5mtdnriuwju23apktfoc37','db:b8:e5:b5:47:f0-96:40:7e:2a:82:51-d6:4c:ce:c8:95:34',49,37,37,2,NULL,NULL,'2010-06-02',NULL,NULL,NULL,749.00,0,0,1,0,1,1,NULL,NULL,NULL,NULL,NULL,'--- !ruby/hash:ActiveSupport::HashWithIndifferentAccess\nanschaffungskategorie: AV-Technik\n','2015-07-07 23:20:09','2015-07-07 23:20:09'),(38,'nuuelil8ulmuxu0gvo0g38','43:90:f5:65:8a:10-fe:95:26:2d:1d:c1-21:0c:9f:f8:51:68',49,38,38,1,NULL,NULL,'2012-04-04',NULL,NULL,NULL,404.00,0,0,1,0,1,1,NULL,NULL,NULL,NULL,NULL,'--- !ruby/hash:ActiveSupport::HashWithIndifferentAccess\nanschaffungskategorie: AV-Technik\n','2015-07-07 23:20:09','2015-07-07 23:20:09'),(39,'di4za15yade7szmbzi6x39','38:57:70:22:9d:8f-75:87:03:bc:78:5c-17:6e:2f:53:4f:f1',49,39,39,12,NULL,NULL,'2011-03-28',NULL,NULL,NULL,25.00,0,0,1,0,1,1,NULL,NULL,NULL,NULL,NULL,'--- !ruby/hash:ActiveSupport::HashWithIndifferentAccess\nanschaffungskategorie: AV-Technik\n','2015-07-07 23:20:09','2015-07-07 23:20:09'),(40,'ogqlv8lqiwcdt05rljr540','c2:80:72:e8:d8:79-39:99:7d:3d:44:74-06:92:88:9f:19:b2',53,40,40,11,NULL,NULL,'2013-12-01',NULL,NULL,NULL,1491.00,0,0,1,0,1,1,NULL,NULL,NULL,NULL,NULL,'--- !ruby/hash:ActiveSupport::HashWithIndifferentAccess\nanschaffungskategorie: AV-Technik\n','2015-07-07 23:20:09','2015-07-07 23:20:09'),(41,'ara40pfoq7pf14zlwy5241','7f:a6:8a:7b:34:2b-7a:4d:ed:60:08:30-1e:bf:f5:4a:87:35',53,41,41,10,NULL,NULL,'2010-05-26',NULL,NULL,NULL,669.00,0,0,1,0,1,1,NULL,NULL,NULL,NULL,NULL,'--- !ruby/hash:ActiveSupport::HashWithIndifferentAccess\nanschaffungskategorie: AV-Technik\n','2015-07-07 23:20:09','2015-07-07 23:20:09'),(42,'7c73ckmgpiqcim3hcnks42','18:bd:39:14:fa:ac-d0:48:9c:d6:72:a9-e3:c7:70:37:d5:78',53,42,42,1,NULL,NULL,'2014-03-05',NULL,NULL,NULL,717.00,0,0,1,0,1,1,NULL,NULL,NULL,NULL,NULL,'--- !ruby/hash:ActiveSupport::HashWithIndifferentAccess\nanschaffungskategorie: AV-Technik\n','2015-07-07 23:20:09','2015-07-07 23:20:09'),(43,'book1','book1',57,43,43,2,NULL,NULL,'2012-02-12',NULL,NULL,NULL,248.00,0,0,1,0,2,1,NULL,NULL,NULL,NULL,NULL,'--- !ruby/hash:ActiveSupport::HashWithIndifferentAccess\nanschaffungskategorie: AV-Technik\n','2015-07-07 23:20:09','2015-07-07 23:20:09'),(44,'book2','book2',57,43,44,2,NULL,NULL,'2012-11-15',NULL,NULL,NULL,24.00,0,0,1,0,2,1,NULL,NULL,NULL,NULL,NULL,'--- !ruby/hash:ActiveSupport::HashWithIndifferentAccess\nanschaffungskategorie: AV-Technik\n','2015-07-07 23:20:09','2015-07-07 23:20:09'),(45,'beam123','xyz456',58,44,45,1,NULL,NULL,'2011-07-07',NULL,NULL,NULL,42.00,0,0,1,0,1,1,NULL,NULL,NULL,'name123',NULL,'--- !ruby/hash:ActiveSupport::HashWithIndifferentAccess\nanschaffungskategorie: AV-Technik\n','2015-07-07 23:20:09','2015-07-07 23:20:09'),(46,'beam345','xyz890',58,44,46,1,NULL,NULL,'2011-11-30',NULL,NULL,NULL,1269.00,0,0,1,0,1,1,NULL,NULL,NULL,NULL,NULL,'--- !ruby/hash:ActiveSupport::HashWithIndifferentAccess\nanschaffungskategorie: AV-Technik\n','2015-07-07 23:20:09','2015-07-07 23:20:09'),(47,'beam678','xyz678',59,44,47,1,NULL,NULL,'2013-12-05',NULL,NULL,NULL,123.00,0,0,1,0,1,1,NULL,NULL,NULL,NULL,NULL,'--- !ruby/hash:ActiveSupport::HashWithIndifferentAccess\nanschaffungskategorie: AV-Technik\n','2015-07-07 23:20:09','2015-07-07 23:20:09'),(48,'beam749','xyz749',58,44,48,1,NULL,NULL,'2011-12-20',NULL,NULL,NULL,216.00,0,0,1,0,2,1,NULL,NULL,NULL,NULL,NULL,'--- !ruby/hash:ActiveSupport::HashWithIndifferentAccess\nanschaffungskategorie: AV-Technik\n','2015-07-07 23:20:09','2015-07-07 23:20:09'),(49,'beamTest123','xyz749',61,44,49,1,NULL,NULL,'2013-05-26',NULL,NULL,NULL,44.00,0,0,1,0,1,1,NULL,NULL,NULL,NULL,NULL,'--- !ruby/hash:ActiveSupport::HashWithIndifferentAccess\nanschaffungskategorie: AV-Technik\n','2015-07-07 23:20:09','2015-07-07 23:20:09'),(50,'ucbeam1','minbeam1',62,44,50,1,NULL,NULL,'2014-10-23',NULL,NULL,NULL,869.00,0,0,1,0,1,1,NULL,NULL,NULL,'ucbeam1',NULL,'--- !ruby/hash:ActiveSupport::HashWithIndifferentAccess\nanschaffungskategorie: AV-Technik\n','2015-07-07 23:20:09','2015-07-07 23:20:09'),(51,'microbeam1','microbeam1',63,44,51,1,NULL,NULL,'2013-12-11',NULL,NULL,NULL,317.00,0,0,1,0,1,1,NULL,NULL,NULL,'microbeam1',NULL,'--- !ruby/hash:ActiveSupport::HashWithIndifferentAccess\nanschaffungskategorie: AV-Technik\n','2015-07-07 23:20:09','2015-07-07 23:20:09'),(52,'mbeam1','mbeam1',64,44,52,1,NULL,NULL,'2014-05-22',NULL,NULL,NULL,899.00,0,0,1,0,1,1,NULL,NULL,NULL,'mbeam1',NULL,'--- !ruby/hash:ActiveSupport::HashWithIndifferentAccess\nanschaffungskategorie: AV-Technik\n','2015-07-07 23:20:09','2015-07-07 23:20:09'),(53,'mbeam2','mbeam2',65,44,53,1,NULL,NULL,'2014-04-07',NULL,NULL,NULL,407.00,0,0,1,0,1,1,NULL,NULL,NULL,'mbeam2',NULL,'--- !ruby/hash:ActiveSupport::HashWithIndifferentAccess\nanschaffungskategorie: AV-Technik\n','2015-07-07 23:20:09','2015-07-07 23:20:09'),(54,'mbeam3','mbeam3',66,44,54,1,NULL,NULL,'2010-08-24',NULL,NULL,NULL,1296.00,0,0,1,0,1,1,NULL,NULL,NULL,'mbeam3',NULL,'--- !ruby/hash:ActiveSupport::HashWithIndifferentAccess\nanschaffungskategorie: AV-Technik\n','2015-07-07 23:20:09','2015-07-07 23:20:09'),(55,'mbeam4','mbeam4',67,44,55,1,NULL,NULL,'2012-04-09',NULL,NULL,NULL,381.00,0,0,1,0,1,1,NULL,NULL,NULL,'mbeam4',NULL,'--- !ruby/hash:ActiveSupport::HashWithIndifferentAccess\nanschaffungskategorie: AV-Technik\n','2015-07-07 23:20:09','2015-07-07 23:20:09'),(56,'mbeam5','mbeam5',68,44,56,1,NULL,NULL,'2010-08-13',NULL,NULL,NULL,468.00,0,0,1,0,1,1,NULL,NULL,NULL,'mbeam5',NULL,'--- !ruby/hash:ActiveSupport::HashWithIndifferentAccess\nanschaffungskategorie: AV-Technik\n','2015-07-07 23:20:09','2015-07-07 23:20:09'),(57,'mbeam6','mbeam6',69,44,57,1,NULL,NULL,'2014-10-19',NULL,NULL,NULL,1348.00,0,0,1,0,1,1,NULL,NULL,NULL,'mbeam6',NULL,'--- !ruby/hash:ActiveSupport::HashWithIndifferentAccess\nanschaffungskategorie: AV-Technik\n','2015-07-07 23:20:09','2015-07-07 23:20:09'),(58,'mbeam7','mbeam7',70,44,58,1,NULL,NULL,'2014-12-23',NULL,NULL,NULL,313.00,0,0,1,0,1,1,NULL,NULL,NULL,'mbeam7',NULL,'--- !ruby/hash:ActiveSupport::HashWithIndifferentAccess\nanschaffungskategorie: AV-Technik\n','2015-07-07 23:20:09','2015-07-07 23:20:09'),(59,'mbeam8','mbeam8',71,44,59,1,NULL,NULL,'2011-07-02',NULL,NULL,NULL,310.00,0,0,1,0,1,1,NULL,NULL,NULL,'mbeam8',NULL,'--- !ruby/hash:ActiveSupport::HashWithIndifferentAccess\nanschaffungskategorie: AV-Technik\n','2015-07-07 23:20:09','2015-07-07 23:20:09'),(60,'mbeam9','mbeam9',72,44,60,1,NULL,NULL,'2012-05-03',NULL,NULL,NULL,1476.00,0,0,1,0,1,1,NULL,NULL,NULL,'mbeam9',NULL,'--- !ruby/hash:ActiveSupport::HashWithIndifferentAccess\nanschaffungskategorie: AV-Technik\n','2015-07-07 23:20:09','2015-07-07 23:20:09'),(61,'mbeam10','mbeam10',73,44,61,1,NULL,NULL,'2013-02-13',NULL,NULL,NULL,615.00,0,0,1,0,1,1,NULL,NULL,NULL,'mbeam10',NULL,'--- !ruby/hash:ActiveSupport::HashWithIndifferentAccess\nanschaffungskategorie: AV-Technik\n','2015-07-07 23:20:09','2015-07-07 23:20:09'),(62,'mbeam11','mbeam11',74,44,62,1,NULL,NULL,'2012-02-26',NULL,NULL,NULL,145.00,0,0,1,0,1,1,NULL,NULL,NULL,'mbeam11',NULL,'--- !ruby/hash:ActiveSupport::HashWithIndifferentAccess\nanschaffungskategorie: AV-Technik\n','2015-07-07 23:20:09','2015-07-07 23:20:09'),(63,'mbeam12','mbeam12',75,44,63,1,NULL,NULL,'2014-07-23',NULL,NULL,NULL,768.00,0,0,1,0,1,1,NULL,NULL,NULL,'mbeam12',NULL,'--- !ruby/hash:ActiveSupport::HashWithIndifferentAccess\nanschaffungskategorie: AV-Technik\n','2015-07-07 23:20:09','2015-07-07 23:20:09'),(64,'mbeam13','mbeam13',76,44,64,1,NULL,NULL,'2012-03-04',NULL,NULL,NULL,1297.00,0,0,1,0,1,1,NULL,NULL,NULL,'mbeam13',NULL,'--- !ruby/hash:ActiveSupport::HashWithIndifferentAccess\nanschaffungskategorie: AV-Technik\n','2015-07-07 23:20:09','2015-07-07 23:20:09'),(65,'mbeam14','mbeam14',77,44,65,1,NULL,NULL,'2010-12-17',NULL,NULL,NULL,277.00,0,0,1,0,1,1,NULL,NULL,NULL,'mbeam14',NULL,'--- !ruby/hash:ActiveSupport::HashWithIndifferentAccess\nanschaffungskategorie: AV-Technik\n','2015-07-07 23:20:09','2015-07-07 23:20:09'),(66,'mbeam15','mbeam15',78,44,66,1,NULL,NULL,'2011-07-12',NULL,NULL,NULL,1287.00,0,0,1,0,1,1,NULL,NULL,NULL,'mbeam15',NULL,'--- !ruby/hash:ActiveSupport::HashWithIndifferentAccess\nanschaffungskategorie: AV-Technik\n','2015-07-07 23:20:09','2015-07-07 23:20:09'),(67,'mbeam16','mbeam16',79,44,67,1,NULL,NULL,'2012-11-23',NULL,NULL,NULL,1143.00,0,0,1,0,1,1,NULL,NULL,NULL,'mbeam16',NULL,'--- !ruby/hash:ActiveSupport::HashWithIndifferentAccess\nanschaffungskategorie: AV-Technik\n','2015-07-07 23:20:09','2015-07-07 23:20:09'),(68,'mbeam17','mbeam17',80,44,68,1,NULL,NULL,'2012-10-11',NULL,NULL,NULL,291.00,0,0,1,0,1,1,NULL,NULL,NULL,'mbeam17',NULL,'--- !ruby/hash:ActiveSupport::HashWithIndifferentAccess\nanschaffungskategorie: AV-Technik\n','2015-07-07 23:20:09','2015-07-07 23:20:09'),(69,'mbeam18','mbeam18',81,44,69,1,NULL,NULL,'2010-10-16',NULL,NULL,NULL,613.00,0,0,1,0,1,1,NULL,NULL,NULL,'mbeam18',NULL,'--- !ruby/hash:ActiveSupport::HashWithIndifferentAccess\nanschaffungskategorie: AV-Technik\n','2015-07-07 23:20:09','2015-07-07 23:20:09'),(70,'mbeam19','mbeam19',82,44,70,1,NULL,NULL,'2013-09-01',NULL,NULL,NULL,746.00,0,0,1,0,1,1,NULL,NULL,NULL,'mbeam19',NULL,'--- !ruby/hash:ActiveSupport::HashWithIndifferentAccess\nanschaffungskategorie: AV-Technik\n','2015-07-07 23:20:09','2015-07-07 23:20:09'),(71,'mbeam20','mbeam20',83,44,71,1,NULL,NULL,'2011-11-05',NULL,NULL,NULL,1467.00,0,0,1,0,1,1,NULL,NULL,NULL,'mbeam20',NULL,'--- !ruby/hash:ActiveSupport::HashWithIndifferentAccess\nanschaffungskategorie: AV-Technik\n','2015-07-07 23:20:09','2015-07-07 23:20:09'),(72,'cam123','abc234',84,44,72,1,NULL,NULL,'2013-06-01',NULL,NULL,NULL,947.00,0,0,1,0,1,1,NULL,NULL,NULL,NULL,NULL,'--- !ruby/hash:ActiveSupport::HashWithIndifferentAccess\nanschaffungskategorie: AV-Technik\n','2015-07-07 23:20:09','2015-07-07 23:20:09'),(73,'cam345','ab567',84,44,73,1,NULL,NULL,'2012-11-20',NULL,NULL,NULL,1414.00,0,0,1,0,1,1,NULL,NULL,NULL,NULL,NULL,'--- !ruby/hash:ActiveSupport::HashWithIndifferentAccess\nanschaffungskategorie: AV-Technik\n','2015-07-07 23:20:09','2015-07-07 23:20:09'),(74,'cam567','ab789',84,44,74,1,NULL,NULL,'2011-08-13',NULL,NULL,NULL,1132.00,0,0,1,0,1,1,NULL,NULL,NULL,NULL,NULL,'--- !ruby/hash:ActiveSupport::HashWithIndifferentAccess\nanschaffungskategorie: AV-Technik\n','2015-07-07 23:20:09','2015-07-07 23:20:09'),(75,'cam53267','ab782129',84,44,75,1,NULL,NULL,'2013-06-06',NULL,NULL,NULL,715.00,0,0,1,0,1,1,NULL,NULL,NULL,NULL,NULL,'--- !ruby/hash:ActiveSupport::HashWithIndifferentAccess\nanschaffungskategorie: AV-Technik\n','2015-07-07 23:20:09','2015-07-07 23:20:09'),(76,'cam532asd67','ab78as2129',84,44,76,1,NULL,NULL,'2014-03-28',NULL,NULL,NULL,190.00,0,0,1,0,1,1,NULL,NULL,NULL,NULL,NULL,'--- !ruby/hash:ActiveSupport::HashWithIndifferentAccess\nanschaffungskategorie: AV-Technik\n','2015-07-07 23:20:09','2015-07-07 23:20:09'),(77,'mcam1','mcam1',85,44,77,1,NULL,NULL,'2013-05-29',NULL,NULL,NULL,433.00,0,0,1,0,1,1,NULL,NULL,NULL,'mcam1',NULL,'--- !ruby/hash:ActiveSupport::HashWithIndifferentAccess\nanschaffungskategorie: AV-Technik\n','2015-07-07 23:20:09','2015-07-07 23:20:09'),(78,'mcam2','mcam2',86,44,78,1,NULL,NULL,'2012-06-15',NULL,NULL,NULL,1398.00,0,0,1,0,1,1,NULL,NULL,NULL,'mcam2',NULL,'--- !ruby/hash:ActiveSupport::HashWithIndifferentAccess\nanschaffungskategorie: AV-Technik\n','2015-07-07 23:20:09','2015-07-07 23:20:09'),(79,'mcam3','mcam3',87,44,79,1,NULL,NULL,'2011-02-08',NULL,NULL,NULL,235.00,0,0,1,0,1,1,NULL,NULL,NULL,'mcam3',NULL,'--- !ruby/hash:ActiveSupport::HashWithIndifferentAccess\nanschaffungskategorie: AV-Technik\n','2015-07-07 23:20:09','2015-07-07 23:20:09'),(80,'mcam4','mcam4',88,44,80,1,NULL,NULL,'2011-06-23',NULL,NULL,NULL,1422.00,0,0,1,0,1,1,NULL,NULL,NULL,'mcam4',NULL,'--- !ruby/hash:ActiveSupport::HashWithIndifferentAccess\nanschaffungskategorie: AV-Technik\n','2015-07-07 23:20:09','2015-07-07 23:20:09'),(81,'mcam5','mcam5',89,44,81,1,NULL,NULL,'2011-12-27',NULL,NULL,NULL,1474.00,0,0,1,0,1,1,NULL,NULL,NULL,'mcam5',NULL,'--- !ruby/hash:ActiveSupport::HashWithIndifferentAccess\nanschaffungskategorie: AV-Technik\n','2015-07-07 23:20:09','2015-07-07 23:20:09'),(82,'mcam6','mcam6',90,44,82,1,NULL,NULL,'2011-03-02',NULL,NULL,NULL,321.00,0,0,1,0,1,1,NULL,NULL,NULL,'mcam6',NULL,'--- !ruby/hash:ActiveSupport::HashWithIndifferentAccess\nanschaffungskategorie: AV-Technik\n','2015-07-07 23:20:09','2015-07-07 23:20:09'),(83,'mcam7','mcam7',91,44,83,1,NULL,NULL,'2013-10-16',NULL,NULL,NULL,1467.00,0,0,1,0,1,1,NULL,NULL,NULL,'mcam7',NULL,'--- !ruby/hash:ActiveSupport::HashWithIndifferentAccess\nanschaffungskategorie: AV-Technik\n','2015-07-07 23:20:09','2015-07-07 23:20:09'),(84,'mcam8','mcam8',92,44,84,1,NULL,NULL,'2010-05-14',NULL,NULL,NULL,108.00,0,0,1,0,1,1,NULL,NULL,NULL,'mcam8',NULL,'--- !ruby/hash:ActiveSupport::HashWithIndifferentAccess\nanschaffungskategorie: AV-Technik\n','2015-07-07 23:20:09','2015-07-07 23:20:09'),(85,'mcam9','mcam9',93,44,85,1,NULL,NULL,'2013-01-26',NULL,NULL,NULL,661.00,0,0,1,0,1,1,NULL,NULL,NULL,'mcam9',NULL,'--- !ruby/hash:ActiveSupport::HashWithIndifferentAccess\nanschaffungskategorie: AV-Technik\n','2015-07-07 23:20:09','2015-07-07 23:20:09'),(86,'mcam10','mcam10',94,44,86,1,NULL,NULL,'2011-11-16',NULL,NULL,NULL,1143.00,0,0,1,0,1,1,NULL,NULL,NULL,'mcam10',NULL,'--- !ruby/hash:ActiveSupport::HashWithIndifferentAccess\nanschaffungskategorie: AV-Technik\n','2015-07-07 23:20:09','2015-07-07 23:20:09'),(87,'mcam11','mcam11',95,44,87,1,NULL,NULL,'2010-09-20',NULL,NULL,NULL,627.00,0,0,1,0,1,1,NULL,NULL,NULL,'mcam11',NULL,'--- !ruby/hash:ActiveSupport::HashWithIndifferentAccess\nanschaffungskategorie: AV-Technik\n','2015-07-07 23:20:09','2015-07-07 23:20:09'),(88,'mcam12','mcam12',96,44,88,1,NULL,NULL,'2011-04-06',NULL,NULL,NULL,681.00,0,0,1,0,1,1,NULL,NULL,NULL,'mcam12',NULL,'--- !ruby/hash:ActiveSupport::HashWithIndifferentAccess\nanschaffungskategorie: AV-Technik\n','2015-07-07 23:20:09','2015-07-07 23:20:09'),(89,'mcam13','mcam13',97,44,89,1,NULL,NULL,'2014-11-18',NULL,NULL,NULL,1295.00,0,0,1,0,1,1,NULL,NULL,NULL,'mcam13',NULL,'--- !ruby/hash:ActiveSupport::HashWithIndifferentAccess\nanschaffungskategorie: AV-Technik\n','2015-07-07 23:20:09','2015-07-07 23:20:09'),(90,'mcam14','mcam14',98,44,90,1,NULL,NULL,'2010-05-13',NULL,NULL,NULL,198.00,0,0,1,0,1,1,NULL,NULL,NULL,'mcam14',NULL,'--- !ruby/hash:ActiveSupport::HashWithIndifferentAccess\nanschaffungskategorie: AV-Technik\n','2015-07-07 23:20:09','2015-07-07 23:20:09'),(91,'mcam15','mcam15',99,44,91,1,NULL,NULL,'2012-07-21',NULL,NULL,NULL,1004.00,0,0,1,0,1,1,NULL,NULL,NULL,'mcam15',NULL,'--- !ruby/hash:ActiveSupport::HashWithIndifferentAccess\nanschaffungskategorie: AV-Technik\n','2015-07-07 23:20:09','2015-07-07 23:20:09'),(92,'mcam16','mcam16',100,44,92,1,NULL,NULL,'2011-06-25',NULL,NULL,NULL,1015.00,0,0,1,0,1,1,NULL,NULL,NULL,'mcam16',NULL,'--- !ruby/hash:ActiveSupport::HashWithIndifferentAccess\nanschaffungskategorie: AV-Technik\n','2015-07-07 23:20:09','2015-07-07 23:20:09'),(93,'mcam17','mcam17',101,44,93,1,NULL,NULL,'2013-08-06',NULL,NULL,NULL,766.00,0,0,1,0,1,1,NULL,NULL,NULL,'mcam17',NULL,'--- !ruby/hash:ActiveSupport::HashWithIndifferentAccess\nanschaffungskategorie: AV-Technik\n','2015-07-07 23:20:09','2015-07-07 23:20:09'),(94,'mcam18','mcam18',102,44,94,1,NULL,NULL,'2014-02-10',NULL,NULL,NULL,380.00,0,0,1,0,1,1,NULL,NULL,NULL,'mcam18',NULL,'--- !ruby/hash:ActiveSupport::HashWithIndifferentAccess\nanschaffungskategorie: AV-Technik\n','2015-07-07 23:20:09','2015-07-07 23:20:09'),(95,'mcam19','mcam19',103,44,95,1,NULL,NULL,'2011-07-21',NULL,NULL,NULL,1347.00,0,0,1,0,1,1,NULL,NULL,NULL,'mcam19',NULL,'--- !ruby/hash:ActiveSupport::HashWithIndifferentAccess\nanschaffungskategorie: AV-Technik\n','2015-07-07 23:20:09','2015-07-07 23:20:09'),(96,'mcam20','mcam20',104,44,96,1,NULL,NULL,'2012-01-08',NULL,NULL,NULL,346.00,0,0,1,0,1,1,NULL,NULL,NULL,'mcam20',NULL,'--- !ruby/hash:ActiveSupport::HashWithIndifferentAccess\nanschaffungskategorie: AV-Technik\n','2015-07-07 23:20:09','2015-07-07 23:20:09'),(97,'mcam21','mcam21',105,44,97,1,NULL,NULL,'2012-05-09',NULL,NULL,NULL,611.00,0,0,1,0,1,1,NULL,NULL,NULL,'mcam21',NULL,'--- !ruby/hash:ActiveSupport::HashWithIndifferentAccess\nanschaffungskategorie: AV-Technik\n','2015-07-07 23:20:09','2015-07-07 23:20:09'),(98,'mcam22','mcam22',106,44,98,1,NULL,NULL,'2013-09-17',NULL,NULL,NULL,909.00,0,0,1,0,1,1,NULL,NULL,NULL,'mcam22',NULL,'--- !ruby/hash:ActiveSupport::HashWithIndifferentAccess\nanschaffungskategorie: AV-Technik\n','2015-07-07 23:20:09','2015-07-07 23:20:09'),(99,'mcam23','mcam23',107,44,99,1,NULL,NULL,'2010-03-24',NULL,NULL,NULL,637.00,0,0,1,0,1,1,NULL,NULL,NULL,'mcam23',NULL,'--- !ruby/hash:ActiveSupport::HashWithIndifferentAccess\nanschaffungskategorie: AV-Technik\n','2015-07-07 23:20:09','2015-07-07 23:20:09'),(100,'mcam24','mcam24',108,44,100,1,NULL,NULL,'2011-01-28',NULL,NULL,NULL,1079.00,0,0,1,0,1,1,NULL,NULL,NULL,'mcam24',NULL,'--- !ruby/hash:ActiveSupport::HashWithIndifferentAccess\nanschaffungskategorie: AV-Technik\n','2015-07-07 23:20:09','2015-07-07 23:20:09'),(101,'mcam25','mcam25',109,44,101,1,NULL,NULL,'2010-02-03',NULL,NULL,NULL,25.00,0,0,1,0,1,1,NULL,NULL,NULL,'mcam25',NULL,'--- !ruby/hash:ActiveSupport::HashWithIndifferentAccess\nanschaffungskategorie: AV-Technik\n','2015-07-07 23:20:09','2015-07-07 23:20:09'),(102,'mcam26','mcam26',110,44,102,1,NULL,NULL,'2010-04-27',NULL,NULL,NULL,1141.00,0,0,1,0,1,1,NULL,NULL,NULL,'mcam26',NULL,'--- !ruby/hash:ActiveSupport::HashWithIndifferentAccess\nanschaffungskategorie: AV-Technik\n','2015-07-07 23:20:09','2015-07-07 23:20:09'),(103,'mcam27','mcam27',111,44,103,1,NULL,NULL,'2010-01-03',NULL,NULL,NULL,1286.00,0,0,1,0,1,1,NULL,NULL,NULL,'mcam27',NULL,'--- !ruby/hash:ActiveSupport::HashWithIndifferentAccess\nanschaffungskategorie: AV-Technik\n','2015-07-07 23:20:09','2015-07-07 23:20:09'),(104,'mcam28','mcam28',112,44,104,1,NULL,NULL,'2010-07-24',NULL,NULL,NULL,1381.00,0,0,1,0,1,1,NULL,NULL,NULL,'mcam28',NULL,'--- !ruby/hash:ActiveSupport::HashWithIndifferentAccess\nanschaffungskategorie: AV-Technik\n','2015-07-07 23:20:09','2015-07-07 23:20:09'),(105,'mcam29','mcam29',113,44,105,1,NULL,NULL,'2010-07-08',NULL,NULL,NULL,1225.00,0,0,1,0,1,1,NULL,NULL,NULL,'mcam29',NULL,'--- !ruby/hash:ActiveSupport::HashWithIndifferentAccess\nanschaffungskategorie: AV-Technik\n','2015-07-07 23:20:09','2015-07-07 23:20:09'),(106,'mcam30','mcam30',114,44,106,1,NULL,NULL,'2014-09-17',NULL,NULL,NULL,819.00,0,0,1,0,1,1,NULL,NULL,NULL,'mcam30',NULL,'--- !ruby/hash:ActiveSupport::HashWithIndifferentAccess\nanschaffungskategorie: AV-Technik\n','2015-07-07 23:20:09','2015-07-07 23:20:09'),(107,'hifi123','hifi123',115,44,107,1,NULL,NULL,'2011-03-19',NULL,NULL,NULL,814.00,0,0,1,0,1,1,NULL,NULL,NULL,NULL,NULL,'--- !ruby/hash:ActiveSupport::HashWithIndifferentAccess\nanschaffungskategorie: AV-Technik\n','2015-07-07 23:20:09','2015-07-07 23:20:09'),(108,'tri789','fgh567',116,44,108,1,NULL,NULL,'2011-05-28',NULL,NULL,NULL,649.00,0,0,1,0,1,1,NULL,NULL,NULL,NULL,NULL,'--- !ruby/hash:ActiveSupport::HashWithIndifferentAccess\nanschaffungskategorie: AV-Technik\n','2015-07-07 23:20:09','2015-07-07 23:20:09'),(109,'tri123','fgh987',116,44,109,1,NULL,NULL,'2012-05-13',NULL,NULL,NULL,1320.00,0,0,1,0,1,1,NULL,NULL,NULL,NULL,NULL,'--- !ruby/hash:ActiveSupport::HashWithIndifferentAccess\nanschaffungskategorie: AV-Technik\n','2015-07-07 23:20:09','2015-07-07 23:20:09'),(110,'tri923','asd213',116,44,110,1,NULL,NULL,'2014-04-07',NULL,NULL,NULL,630.00,0,0,1,0,1,1,NULL,NULL,NULL,NULL,NULL,'--- !ruby/hash:ActiveSupport::HashWithIndifferentAccess\nanschaffungskategorie: AV-Technik\n','2015-07-07 23:20:09','2015-07-07 23:20:09'),(111,'tri212','tri212',116,44,111,1,NULL,NULL,'2013-06-26',NULL,NULL,NULL,1476.00,0,0,1,0,1,1,NULL,NULL,NULL,NULL,NULL,'--- !ruby/hash:ActiveSupport::HashWithIndifferentAccess\nanschaffungskategorie: AV-Technik\n','2015-07-07 23:20:09','2015-07-07 23:20:09'),(112,'phklsj','nfe8dp',118,44,112,1,NULL,NULL,'2010-08-28',NULL,NULL,NULL,720.00,0,0,1,0,1,1,NULL,NULL,NULL,NULL,NULL,'--- !ruby/hash:ActiveSupport::HashWithIndifferentAccess\nanschaffungskategorie: AV-Technik\n','2015-07-07 23:20:09','2015-07-07 23:20:09'),(113,'u18snf03ww1ny1ppxxpm43','fd:e2:1e:2a:ad:f9-2a:5a:df:79:e3:0d-87:56:55:a0:c2:a0',119,45,113,1,NULL,NULL,'2013-12-04',NULL,NULL,NULL,1169.00,0,0,1,0,1,1,NULL,NULL,NULL,NULL,NULL,'--- !ruby/hash:ActiveSupport::HashWithIndifferentAccess\nanschaffungskategorie: AV-Technik\n','2015-07-07 23:20:09','2015-07-07 23:20:09'),(114,'y7w98wm2bcqeo390o9jw44','58:4b:83:39:d1:de-74:43:21:00:13:98-84:81:95:4b:d3:69',121,45,114,1,113,NULL,'2010-08-19',NULL,NULL,NULL,526.00,0,0,1,0,1,1,NULL,NULL,NULL,NULL,NULL,'--- !ruby/hash:ActiveSupport::HashWithIndifferentAccess\nanschaffungskategorie: AV-Technik\n','2015-07-07 23:20:09','2015-07-07 23:20:09'),(115,'c7ttdfu5n0wkcco2h6lu45','95:b8:ea:fb:c3:1b-d6:c4:95:4a:32:b7-73:9c:f7:ee:e0:38',122,45,115,1,113,NULL,'2012-08-02',NULL,NULL,NULL,390.00,0,0,1,0,1,1,NULL,NULL,NULL,NULL,NULL,'--- !ruby/hash:ActiveSupport::HashWithIndifferentAccess\nanschaffungskategorie: AV-Technik\n','2015-07-07 23:20:09','2015-07-07 23:20:09'),(116,'b5usgkvvzidtozmn6fq546','4f:76:ad:d1:b1:a8-9c:0e:98:15:ee:c4-81:a7:cb:26:17:70',123,45,116,1,113,NULL,'2012-07-31',NULL,NULL,NULL,1468.00,0,0,1,0,1,1,NULL,NULL,NULL,NULL,NULL,'--- !ruby/hash:ActiveSupport::HashWithIndifferentAccess\nanschaffungskategorie: AV-Technik\n','2015-07-07 23:20:09','2015-07-07 23:20:09'),(117,'3g7dpd824i4a6zfe5z2447','b1:8c:7e:49:9b:a7-5d:9a:8d:aa:92:c3-b9:4c:13:60:e5:5a',119,49,117,1,NULL,NULL,'2012-03-16',NULL,NULL,NULL,232.00,0,0,1,0,1,1,NULL,NULL,NULL,NULL,NULL,'--- !ruby/hash:ActiveSupport::HashWithIndifferentAccess\nanschaffungskategorie: AV-Technik\n','2015-07-07 23:20:09','2015-07-07 23:20:09'),(118,'7rvm85vyjgnkh52yge2k48','28:8c:6e:76:e3:c8-06:e8:28:5d:82:70-83:47:f9:fa:14:4a',125,49,118,1,117,NULL,'2010-05-06',NULL,NULL,NULL,1462.00,0,0,1,0,1,1,NULL,NULL,NULL,NULL,NULL,'--- !ruby/hash:ActiveSupport::HashWithIndifferentAccess\nanschaffungskategorie: AV-Technik\n','2015-07-07 23:20:09','2015-07-07 23:20:09'),(119,'5wydvbmdrpw8qh1ssnqa49','1b:d6:c7:6a:64:c5-31:58:14:23:32:e6-4a:bc:66:90:11:6e',126,49,119,1,117,NULL,'2010-03-25',NULL,NULL,NULL,86.00,0,0,1,0,1,1,NULL,NULL,NULL,NULL,NULL,'--- !ruby/hash:ActiveSupport::HashWithIndifferentAccess\nanschaffungskategorie: AV-Technik\n','2015-07-07 23:20:09','2015-07-07 23:20:09'),(120,'95o2kldjwu0fqz2uejoh50','73:04:0e:d2:25:b2-7f:2b:93:70:31:6e-b8:3a:c0:f6:5a:d8',127,49,120,1,117,NULL,'2014-03-02',NULL,NULL,NULL,617.00,0,0,1,0,1,1,NULL,NULL,NULL,NULL,NULL,'--- !ruby/hash:ActiveSupport::HashWithIndifferentAccess\nanschaffungskategorie: AV-Technik\n','2015-07-07 23:20:09','2015-07-07 23:20:09'),(121,'oyb8lhl8hhazqy27y35651','32:f7:0a:83:a5:79-68:91:cc:04:8b:0b-f3:76:67:54:2c:de',119,53,121,1,NULL,NULL,'2011-01-04',NULL,NULL,NULL,149.00,0,0,1,0,1,1,NULL,NULL,NULL,NULL,NULL,'--- !ruby/hash:ActiveSupport::HashWithIndifferentAccess\nanschaffungskategorie: AV-Technik\n','2015-07-07 23:20:09','2015-07-07 23:20:09'),(122,'5h2j9n4vnmvmtgtq60qb52','ab:dc:34:eb:b5:d8-e1:ad:49:79:42:a5-91:01:71:06:34:26',129,53,122,1,121,NULL,'2013-06-07',NULL,NULL,NULL,22.00,0,0,1,0,1,1,NULL,NULL,NULL,NULL,NULL,'--- !ruby/hash:ActiveSupport::HashWithIndifferentAccess\nanschaffungskategorie: AV-Technik\n','2015-07-07 23:20:09','2015-07-07 23:20:09'),(123,'vu4y8y20nge37a3gg5on53','ac:10:d3:c3:6d:6b-bb:05:1b:52:d2:28-19:f1:82:5f:02:b9',130,53,123,1,121,NULL,'2012-10-27',NULL,NULL,NULL,1116.00,0,0,1,0,1,1,NULL,NULL,NULL,NULL,NULL,'--- !ruby/hash:ActiveSupport::HashWithIndifferentAccess\nanschaffungskategorie: AV-Technik\n','2015-07-07 23:20:09','2015-07-07 23:20:09'),(124,'b7w1p6pd4ooajbesb74k54','58:b9:33:19:2c:f6-5c:68:b2:ac:8b:17-0c:ea:a3:fd:bd:5e',131,53,124,1,121,NULL,'2012-11-28',NULL,NULL,NULL,317.00,0,0,1,0,1,1,NULL,NULL,NULL,NULL,NULL,'--- !ruby/hash:ActiveSupport::HashWithIndifferentAccess\nanschaffungskategorie: AV-Technik\n','2015-07-07 23:20:09','2015-07-07 23:20:09'),(125,'dp53ton06eicnk64wu7l55','4a:45:86:1c:33:dd-27:f3:33:6e:bb:29-3d:3a:7a:5e:ba:1a',132,57,125,1,NULL,NULL,'2014-12-11',NULL,NULL,NULL,1095.00,0,0,1,0,1,1,NULL,NULL,NULL,NULL,NULL,'--- !ruby/hash:ActiveSupport::HashWithIndifferentAccess\nanschaffungskategorie: AV-Technik\n','2015-07-07 23:20:09','2015-07-07 23:20:09'),(126,'4wse4s45u592vbkvkwlt56','80:9f:9f:eb:59:9f-84:d7:3e:6b:5d:f8-81:01:5a:7b:82:aa',134,57,126,1,125,NULL,'2012-12-14',NULL,NULL,NULL,1073.00,0,0,1,0,1,1,NULL,NULL,NULL,NULL,NULL,'--- !ruby/hash:ActiveSupport::HashWithIndifferentAccess\nanschaffungskategorie: AV-Technik\n','2015-07-07 23:20:09','2015-07-07 23:20:09'),(127,'x5tu8rsrl1c03hb7waqq57','71:7c:48:29:e8:ff-2f:db:4d:61:1b:8d-cf:6d:32:4b:a8:5f',135,57,127,1,125,NULL,'2012-03-08',NULL,NULL,NULL,1100.00,0,0,1,0,1,1,NULL,NULL,NULL,NULL,NULL,'--- !ruby/hash:ActiveSupport::HashWithIndifferentAccess\nanschaffungskategorie: AV-Technik\n','2015-07-07 23:20:09','2015-07-07 23:20:09'),(128,'ot71sdx7vfqf0wxr3xto58','a6:4d:71:df:1d:7f-70:e3:9a:1f:e5:f9-2d:aa:8c:cf:ff:04',136,57,128,1,125,NULL,'2013-08-01',NULL,NULL,NULL,464.00,0,0,1,0,1,1,NULL,NULL,NULL,NULL,NULL,'--- !ruby/hash:ActiveSupport::HashWithIndifferentAccess\nanschaffungskategorie: AV-Technik\n','2015-07-07 23:20:09','2015-07-07 23:20:09'),(129,'0de4y0o6re9r3bl6n1sd59','f0:13:04:b6:cf:19-22:a0:9d:b4:57:83-9e:88:bf:6f:15:7c',132,61,129,1,NULL,NULL,'2011-07-18',NULL,NULL,NULL,1420.00,0,0,1,0,1,1,NULL,NULL,NULL,NULL,NULL,'--- !ruby/hash:ActiveSupport::HashWithIndifferentAccess\nanschaffungskategorie: AV-Technik\n','2015-07-07 23:20:09','2015-07-07 23:20:09'),(130,'2fch0ieadqcsfp9ss3wx60','10:82:1f:1a:33:d2-33:ae:66:ba:52:3e-b4:9f:b2:74:c1:42',138,61,130,1,129,NULL,'2014-03-20',NULL,NULL,NULL,675.00,0,0,1,0,1,1,NULL,NULL,NULL,NULL,NULL,'--- !ruby/hash:ActiveSupport::HashWithIndifferentAccess\nanschaffungskategorie: AV-Technik\n','2015-07-07 23:20:09','2015-07-07 23:20:09'),(131,'2at9w9xifpjom23d2qqt61','20:ac:55:66:56:a0-b4:90:01:bf:84:b7-8d:76:76:42:28:07',139,61,131,1,129,NULL,'2011-06-13',NULL,NULL,NULL,198.00,0,0,1,0,1,1,NULL,NULL,NULL,NULL,NULL,'--- !ruby/hash:ActiveSupport::HashWithIndifferentAccess\nanschaffungskategorie: AV-Technik\n','2015-07-07 23:20:09','2015-07-07 23:20:09'),(132,'kvn1lrg71yd687jm4s8z62','dc:ad:ee:c2:7d:19-ef:74:13:04:ba:a9-0f:97:b0:3a:db:15',140,61,132,1,129,NULL,'2011-08-22',NULL,NULL,NULL,845.00,0,0,1,0,1,1,NULL,NULL,NULL,NULL,NULL,'--- !ruby/hash:ActiveSupport::HashWithIndifferentAccess\nanschaffungskategorie: AV-Technik\n','2015-07-07 23:20:09','2015-07-07 23:20:09'),(133,'zb8924f98uvm1utf06us63','c2:4a:5f:b0:30:36-d9:bb:5d:aa:a0:10-3b:1b:f2:b8:fe:a9',132,65,133,1,NULL,NULL,'2011-10-09',NULL,NULL,NULL,727.00,0,0,1,0,1,1,NULL,NULL,NULL,NULL,NULL,'--- !ruby/hash:ActiveSupport::HashWithIndifferentAccess\nanschaffungskategorie: AV-Technik\n','2015-07-07 23:20:09','2015-07-07 23:20:09'),(134,'3b7g57d5siva9ehvasx164','78:8d:a6:47:54:7c-a0:f0:32:e1:af:fb-74:ad:c9:25:f4:2d',142,65,134,1,133,NULL,'2014-07-30',NULL,NULL,NULL,1000.00,0,0,1,0,1,1,NULL,NULL,NULL,NULL,NULL,'--- !ruby/hash:ActiveSupport::HashWithIndifferentAccess\nanschaffungskategorie: AV-Technik\n','2015-07-07 23:20:09','2015-07-07 23:20:09'),(135,'prmp5nxma3u9laxz3qrn65','95:ff:8a:4b:1a:26-6e:85:15:1e:33:7f-43:a7:94:95:92:19',143,65,135,1,133,NULL,'2014-11-24',NULL,NULL,NULL,582.00,0,0,1,0,1,1,NULL,NULL,NULL,NULL,NULL,'--- !ruby/hash:ActiveSupport::HashWithIndifferentAccess\nanschaffungskategorie: AV-Technik\n','2015-07-07 23:20:09','2015-07-07 23:20:09'),(136,'7k65v0y4gxzab0r62o9r66','09:60:48:f3:87:28-0c:ba:59:ab:98:2e-ed:8b:81:4a:6d:de',144,65,136,1,133,NULL,'2012-11-10',NULL,NULL,NULL,1237.00,0,0,1,0,1,1,NULL,NULL,NULL,NULL,NULL,'--- !ruby/hash:ActiveSupport::HashWithIndifferentAccess\nanschaffungskategorie: AV-Technik\n','2015-07-07 23:20:09','2015-07-07 23:20:09'),(137,'cand5','cand5',84,44,137,1,NULL,NULL,'2010-04-09',NULL,NULL,NULL,334.00,0,0,0,0,1,1,NULL,NULL,NULL,NULL,NULL,'--- !ruby/hash:ActiveSupport::HashWithIndifferentAccess\nanschaffungskategorie: AV-Technik\n','2015-07-07 23:20:09','2015-07-07 23:20:09'),(138,'beam21231','beamas12312',58,44,138,1,NULL,NULL,'2012-05-12',NULL,NULL,NULL,919.00,0,0,0,0,1,1,NULL,NULL,NULL,NULL,NULL,'--- !ruby/hash:ActiveSupport::HashWithIndifferentAccess\nanschaffungskategorie: AV-Technik\n','2015-07-07 23:20:09','2015-07-07 23:20:09'),(139,'hifi345','hifi345',115,44,139,1,NULL,NULL,'2014-07-27',NULL,NULL,NULL,834.00,0,0,0,0,1,1,NULL,NULL,NULL,NULL,NULL,'--- !ruby/hash:ActiveSupport::HashWithIndifferentAccess\nanschaffungskategorie: AV-Technik\n','2015-07-07 23:20:09','2015-07-07 23:20:09'),(140,'iMac1','iMac5',146,44,140,1,NULL,NULL,'2012-09-27',NULL,'2015-07-08','This Item is gone',1058.00,0,0,1,0,1,1,NULL,NULL,NULL,NULL,NULL,'--- !ruby/hash:ActiveSupport::HashWithIndifferentAccess\nanschaffungskategorie: AV-Technik\n','2015-07-07 23:20:09','2015-07-07 23:20:09'),(141,'iMac2','iMac6',146,44,141,3,NULL,NULL,'2010-11-21',NULL,'2015-07-08','This Item is gone',611.00,0,0,1,0,1,1,NULL,NULL,NULL,NULL,NULL,'--- !ruby/hash:ActiveSupport::HashWithIndifferentAccess\nanschaffungskategorie: AV-Technik\n','2015-07-07 23:20:09','2015-07-07 23:20:09'),(142,'o7p0qa','j2qhci',117,44,142,1,NULL,NULL,'2014-04-08',NULL,'2015-07-08','This Item is gone',0.00,0,0,1,0,1,1,NULL,NULL,NULL,NULL,NULL,'--- !ruby/hash:ActiveSupport::HashWithIndifferentAccess\nanschaffungskategorie: AV-Technik\n','2015-07-07 23:20:09','2015-07-07 23:20:09'),(143,'uly29z','qppqn0',117,44,143,1,NULL,NULL,'2012-04-28',NULL,NULL,NULL,808.00,0,0,1,0,1,1,NULL,NULL,NULL,NULL,NULL,'--- !ruby/hash:ActiveSupport::HashWithIndifferentAccess\nanschaffungskategorie: AV-Technik\n','2015-07-07 23:20:09','2015-07-07 23:20:09'),(144,'wlaptop1','wlaptop1',147,44,144,1,NULL,NULL,'2012-11-12',NULL,NULL,NULL,577.00,1,0,1,0,1,1,NULL,NULL,NULL,NULL,NULL,'--- !ruby/hash:ActiveSupport::HashWithIndifferentAccess\nanschaffungskategorie: AV-Technik\n','2015-07-07 23:20:09','2015-07-07 23:20:09'),(145,'v120d02','v120d02',148,44,145,1,NULL,NULL,'2010-02-26',NULL,NULL,NULL,204.00,0,1,1,0,1,1,NULL,NULL,NULL,NULL,NULL,'--- !ruby/hash:ActiveSupport::HashWithIndifferentAccess\nanschaffungskategorie: AV-Technik\n','2015-07-07 23:20:09','2015-07-07 23:20:09'),(146,'v120d022g','v120d022g',149,44,146,1,NULL,NULL,'2013-04-04',NULL,NULL,NULL,1256.00,0,0,1,0,1,1,NULL,NULL,NULL,NULL,NULL,'--- !ruby/hash:ActiveSupport::HashWithIndifferentAccess\nanschaffungskategorie: AV-Technik\n','2015-07-07 23:20:09','2015-07-07 23:20:09'),(147,'v120d022g2','v120d022g2',149,44,147,1,NULL,NULL,'2011-04-21',NULL,NULL,NULL,982.00,0,0,1,0,1,1,NULL,NULL,NULL,NULL,NULL,'--- !ruby/hash:ActiveSupport::HashWithIndifferentAccess\nanschaffungskategorie: AV-Technik\n','2015-07-07 23:20:09','2015-07-07 23:20:09'),(148,'beam897','xyz890',58,44,148,1,NULL,NULL,'2012-08-04',NULL,NULL,NULL,307.00,0,0,1,0,2,1,NULL,NULL,NULL,NULL,NULL,'--- !ruby/hash:ActiveSupport::HashWithIndifferentAccess\nanschaffungskategorie: AV-Technik\n','2015-07-07 23:20:09','2015-07-07 23:20:09'),(149,'minibeam12','xyz890',60,44,149,1,NULL,NULL,'2013-12-24',NULL,NULL,NULL,387.00,0,0,1,0,2,1,NULL,NULL,NULL,NULL,NULL,'--- !ruby/hash:ActiveSupport::HashWithIndifferentAccess\nanschaffungskategorie: AV-Technik\n','2015-07-07 23:20:09','2015-07-07 23:20:09'),(150,'minibeam34','xyz890',60,44,150,1,NULL,NULL,'2013-08-08',NULL,NULL,NULL,12.00,0,0,1,0,3,1,NULL,NULL,NULL,NULL,NULL,'--- !ruby/hash:ActiveSupport::HashWithIndifferentAccess\nanschaffungskategorie: AV-Technik\n','2015-07-07 23:20:09','2015-07-07 23:20:09'),(151,'ja92txp19rem4sqw3s6167','75:14:d1:15:e9:6f-c4:be:60:da:5a:24-35:10:8c:81:f2:56',151,NULL,NULL,1,NULL,NULL,NULL,NULL,NULL,NULL,NULL,0,0,0,0,1,0,NULL,NULL,NULL,NULL,NULL,'--- !ruby/hash:ActiveSupport::HashWithIndifferentAccess\nlicense_type: single_workspace\nactivation_type: serial_number\noperating_system:\n- windows\n- linux\ninstallation:\n- citrix\n- web\n','2015-07-07 23:20:09','2015-07-07 23:20:09'),(152,'m1ipelxgndca848td26168','b0:5e:d5:c9:70:c3-41:86:38:44:db:c1-2b:c0:57:29:1b:7d',152,NULL,NULL,1,NULL,NULL,NULL,NULL,NULL,NULL,NULL,0,0,1,0,1,0,NULL,NULL,NULL,NULL,NULL,'--- !ruby/hash:ActiveSupport::HashWithIndifferentAccess\nlicense_type: single_workspace\nactivation_type: serial_number\noperating_system:\n- windows\n- linux\ninstallation:\n- citrix\n- web\n','2015-07-07 23:20:09','2015-07-07 23:20:09'),(153,'p8vrtvm02f78vmpl6ue969','48:e0:70:0b:7a:71-69:a4:d3:e6:8f:83-d4:92:12:66:d4:d4',153,NULL,NULL,1,NULL,NULL,NULL,NULL,NULL,NULL,NULL,0,0,0,0,1,0,NULL,NULL,NULL,NULL,NULL,'--- !ruby/hash:ActiveSupport::HashWithIndifferentAccess\nlicense_type: single_workspace\nactivation_type: serial_number\noperating_system:\n- windows\n- linux\ninstallation:\n- citrix\n- web\n','2015-07-07 23:20:09','2015-07-07 23:20:09'),(154,'n2o1082gv9hd78o51ec970','85:2f:87:2d:93:6a-7a:fe:fe:54:89:c6-1c:b7:4f:9e:c3:ec',154,NULL,NULL,1,NULL,NULL,NULL,NULL,NULL,NULL,NULL,0,0,1,0,1,0,NULL,NULL,NULL,NULL,NULL,'--- !ruby/hash:ActiveSupport::HashWithIndifferentAccess\nlicense_type: single_workspace\nactivation_type: serial_number\noperating_system:\n- windows\n- linux\ninstallation:\n- citrix\n- web\n','2015-07-07 23:20:09','2015-07-07 23:20:09'),(155,'3ge6gdaiqqpmrefg197q71','ea:04:c6:ec:45:68-88:3f:c5:1e:2e:31-bf:c1:05:dd:16:4c',155,NULL,NULL,1,NULL,NULL,NULL,NULL,NULL,NULL,NULL,0,0,1,0,1,0,NULL,NULL,NULL,NULL,NULL,'--- !ruby/hash:ActiveSupport::HashWithIndifferentAccess\nlicense_type: single_workspace\nactivation_type: serial_number\noperating_system:\n- windows\n- linux\ninstallation:\n- citrix\n- web\n','2015-07-07 23:20:09','2015-07-07 23:20:09'),(156,'a32nq7wzhviqbe0uwovm72','19:12:6c:8d:cd:fd-9d:1b:a8:b7:f9:c7-27:54:56:fc:bd:c6',156,NULL,NULL,1,NULL,NULL,NULL,NULL,NULL,NULL,NULL,0,0,1,0,2,0,NULL,NULL,NULL,NULL,NULL,'--- !ruby/hash:ActiveSupport::HashWithIndifferentAccess\nlicense_type: single_workspace\nactivation_type: serial_number\noperating_system:\n- windows\n- linux\ninstallation:\n- citrix\n- web\n','2015-07-07 23:20:09','2015-07-07 23:20:09'),(157,'ckp1qspbc9okazs93qyy73','21:bd:b1:60:d1:69-90:64:21:20:0e:c1-90:0e:10:1d:8a:7b',157,NULL,NULL,1,NULL,NULL,NULL,NULL,'2015-07-08','Neque cupiditate enim porro veritatis.',NULL,0,0,0,0,1,0,NULL,NULL,NULL,NULL,NULL,'--- !ruby/hash:ActiveSupport::HashWithIndifferentAccess\nlicense_type: single_workspace\nactivation_type: serial_number\noperating_system:\n- windows\n- linux\ninstallation:\n- citrix\n- web\n','2015-07-07 23:20:09','2015-07-07 23:20:09'),(158,'n6jln47og92glqmkfuja74','a3:aa:16:5f:60:37-c9:eb:37:ce:1b:d3-d5:3f:c4:11:3e:48',158,NULL,NULL,2,NULL,NULL,NULL,NULL,'2015-07-08','Vero et voluptas ipsa ipsam non nesciunt voluptatem.',NULL,0,0,1,0,1,0,NULL,NULL,NULL,NULL,NULL,'--- !ruby/hash:ActiveSupport::HashWithIndifferentAccess\nlicense_type: single_workspace\nactivation_type: serial_number\noperating_system:\n- windows\n- linux\ninstallation:\n- citrix\n- web\n','2015-07-07 23:20:09','2015-07-07 23:20:09'),(159,'tfarryaj3hglsz95n0cx75','17:c0:68:aa:55:80-fa:43:ef:7c:f4:14-42:af:28:37:91:7a',159,NULL,NULL,2,NULL,NULL,NULL,NULL,NULL,NULL,NULL,0,0,1,0,2,0,NULL,NULL,NULL,NULL,NULL,'--- !ruby/hash:ActiveSupport::HashWithIndifferentAccess\nlicense_type: single_workspace\nactivation_type: serial_number\noperating_system:\n- windows\n- linux\ninstallation:\n- citrix\n- web\n','2015-07-07 23:20:09','2015-07-07 23:20:09'),(160,'2eornhe8e0x9ooobj6i176','00:0e:67:0d:24:b0-38:c4:8b:21:3b:01-e0:08:52:9a:45:cf',160,NULL,NULL,1,NULL,NULL,'2015-07-08',NULL,NULL,NULL,NULL,0,0,0,0,1,0,NULL,NULL,NULL,NULL,NULL,'--- !ruby/hash:ActiveSupport::HashWithIndifferentAccess\nlicense_expiration: \'2015-07-08\'\nmaintenance_contract: \'true\'\nmaintenance_expiration: \'2015-07-08\'\n','2015-07-07 23:20:09','2015-07-07 23:20:09'),(161,'e70aecj8pbodk252ulry77','33:6a:87:59:c4:47-14:84:4b:7b:91:a0-86:52:f2:c0:1b:1b',161,NULL,NULL,1,NULL,NULL,NULL,NULL,NULL,NULL,NULL,0,0,0,0,1,0,NULL,NULL,NULL,NULL,NULL,'--- !ruby/hash:ActiveSupport::HashWithIndifferentAccess\nlicense_type: single_workspace\nactivation_type: serial_number\noperating_system:\n- windows\n- linux\ninstallation:\n- citrix\n- web\n','2015-07-07 23:20:09','2015-07-07 23:20:09'),(162,'0f5l4dtr5zit04dipqb678','fa:6f:98:86:c7:c9-d1:b1:a8:e5:4c:91-53:ad:49:f5:8d:5e',164,69,151,6,NULL,NULL,'2012-12-20',NULL,NULL,NULL,520.00,0,0,1,0,1,1,NULL,NULL,NULL,NULL,NULL,'--- !ruby/hash:ActiveSupport::HashWithIndifferentAccess\nanschaffungskategorie: AV-Technik\n','2015-07-05 04:06:46','2015-07-05 04:06:46'),(163,'zkgevvoy4ynyhydhbib679','80:a4:31:6f:b7:92-48:4d:4d:3b:78:cd-64:84:95:0d:58:ac',165,70,152,11,NULL,NULL,'2011-07-26',NULL,NULL,NULL,1352.00,0,0,1,0,1,1,NULL,NULL,NULL,NULL,NULL,'--- !ruby/hash:ActiveSupport::HashWithIndifferentAccess\nanschaffungskategorie: AV-Technik\n','2015-07-05 04:06:47','2015-07-05 04:06:47'),(164,'e0pz7uqu59vayx9ovlky80','90:20:51:1f:27:9e-9c:ca:d6:87:9b:16-34:af:e0:aa:b0:e4',166,71,153,7,NULL,NULL,'2010-05-26',NULL,NULL,NULL,1181.00,0,0,1,0,1,1,NULL,NULL,NULL,NULL,NULL,'--- !ruby/hash:ActiveSupport::HashWithIndifferentAccess\nanschaffungskategorie: AV-Technik\n','2015-07-05 04:06:47','2015-07-05 04:06:47'),(165,'947kj17uk62dda2e8ybq81','6a:6a:8c:0b:15:16-c4:94:6d:05:e3:fb-db:d4:ef:b3:80:b9',167,72,154,12,NULL,NULL,'2011-02-22',NULL,NULL,NULL,946.00,0,0,1,0,1,1,NULL,NULL,NULL,NULL,NULL,'--- !ruby/hash:ActiveSupport::HashWithIndifferentAccess\nanschaffungskategorie: AV-Technik\n','2015-07-05 04:06:47','2015-07-05 04:06:47'),(166,'blpm3bia5hjb6yeydstn82','88:63:e7:2a:f4:83-23:ac:e4:9b:5c:38-fd:6f:74:07:c5:66',168,73,155,9,NULL,NULL,'2013-08-31',NULL,NULL,NULL,334.00,0,0,1,0,1,1,NULL,NULL,NULL,NULL,NULL,'--- !ruby/hash:ActiveSupport::HashWithIndifferentAccess\nanschaffungskategorie: AV-Technik\n','2015-07-05 04:06:47','2015-07-05 04:06:47'),(167,'kygdvnrvxsnr3g5gxr8v83','f8:3f:58:35:da:51-dd:51:1e:b8:30:4b-67:7a:85:a4:1c:3f',168,74,156,4,NULL,NULL,'2014-04-03',NULL,NULL,NULL,416.00,0,0,1,0,1,1,NULL,NULL,NULL,NULL,NULL,'--- !ruby/hash:ActiveSupport::HashWithIndifferentAccess\nanschaffungskategorie: AV-Technik\n','2015-07-05 04:06:47','2015-07-05 04:06:47'),(168,'3qj80agre15mshtrw21i84','8c:49:52:cb:4f:c6-db:93:cc:a1:48:f4-62:be:03:3c:3a:cd',168,75,157,12,NULL,NULL,'2013-04-28',NULL,NULL,NULL,1321.00,0,0,1,0,1,1,NULL,NULL,NULL,NULL,NULL,'--- !ruby/hash:ActiveSupport::HashWithIndifferentAccess\nanschaffungskategorie: AV-Technik\n','2015-07-05 04:06:47','2015-07-05 04:06:47'),(169,'d0msq9b6pmaitgoftgp685','3c:53:3e:3c:ae:0a-f0:06:b8:65:56:29-3e:a1:cc:a2:3f:b4',172,76,158,8,NULL,NULL,'2011-02-06',NULL,NULL,NULL,1185.00,0,0,1,0,1,1,NULL,NULL,NULL,NULL,NULL,'--- !ruby/hash:ActiveSupport::HashWithIndifferentAccess\nanschaffungskategorie: AV-Technik\n','2015-07-05 04:06:47','2015-07-05 04:06:47'),(170,'xksth0stu5ijbuq4jor086','27:cd:ec:df:cc:b2-8e:cb:2b:f0:e5:e7-00:0a:94:3e:61:e4',173,77,159,8,NULL,NULL,'2011-08-03',NULL,NULL,NULL,496.00,0,0,1,0,1,1,NULL,NULL,NULL,NULL,NULL,'--- !ruby/hash:ActiveSupport::HashWithIndifferentAccess\nanschaffungskategorie: AV-Technik\n','2015-07-05 04:06:47','2015-07-05 04:06:47'),(171,'zpn2kforzap1wxf76gmk87','3a:35:aa:37:e7:79-98:7e:58:c2:38:a1-31:dc:73:c3:1d:b6',174,78,160,1,NULL,NULL,'2012-08-10',NULL,NULL,NULL,1199.00,0,0,1,0,1,1,NULL,NULL,NULL,NULL,NULL,'--- !ruby/hash:ActiveSupport::HashWithIndifferentAccess\nanschaffungskategorie: AV-Technik\n','2015-07-05 04:06:47','2015-07-05 04:06:47'),(172,'bbvkw2osi79uafe8gvsc88','47:1c:e8:da:88:3b-7d:e0:18:f0:69:00-68:1f:a1:0c:8b:a7',175,79,161,5,NULL,NULL,'2012-10-16',NULL,NULL,NULL,916.00,0,0,1,0,1,1,NULL,NULL,NULL,NULL,NULL,'--- !ruby/hash:ActiveSupport::HashWithIndifferentAccess\nanschaffungskategorie: AV-Technik\n','2015-07-05 04:06:47','2015-07-05 04:06:47'),(173,'gcftoatgota33l7y2eyj89','8b:55:c6:e6:63:1b-76:3e:3d:cc:78:3f-24:c1:db:73:7b:d7',175,80,162,1,NULL,NULL,'2012-11-18',NULL,NULL,NULL,952.00,0,0,1,0,1,1,NULL,NULL,NULL,NULL,NULL,'--- !ruby/hash:ActiveSupport::HashWithIndifferentAccess\nanschaffungskategorie: AV-Technik\n','2015-07-05 04:06:47','2015-07-05 04:06:47'),(174,'espkbhzh0yvbbacwo7gn90','de:b4:53:e9:ac:d2-d2:ea:ec:b2:78:4b-41:18:32:c2:44:3f',175,81,163,8,NULL,NULL,'2011-01-03',NULL,NULL,NULL,1047.00,0,0,1,0,1,1,NULL,NULL,NULL,NULL,NULL,'--- !ruby/hash:ActiveSupport::HashWithIndifferentAccess\nanschaffungskategorie: AV-Technik\n','2015-07-05 04:06:47','2015-07-05 04:06:47'),(175,'lo0bkyl7h6duitqpzj7991','a5:a4:f6:e7:5f:5c-1d:c6:ad:6d:03:45-ac:7e:5e:77:4d:6a',179,82,164,6,NULL,NULL,'2010-11-25',NULL,NULL,NULL,1117.00,0,0,1,0,1,1,NULL,NULL,NULL,NULL,NULL,'--- !ruby/hash:ActiveSupport::HashWithIndifferentAccess\nanschaffungskategorie: AV-Technik\n','2015-07-05 04:06:47','2015-07-05 04:06:47'),(176,'n8qwndjr5rfpmq35pxyt92','4f:14:c7:87:03:03-8c:88:3f:76:cb:56-c9:ea:b9:a1:15:30',180,83,165,9,NULL,NULL,'2011-04-28',NULL,NULL,NULL,1001.00,0,0,1,0,1,1,NULL,NULL,NULL,NULL,NULL,'--- !ruby/hash:ActiveSupport::HashWithIndifferentAccess\nanschaffungskategorie: AV-Technik\n','2015-07-05 04:06:47','2015-07-05 04:06:47'),(177,'xquwytphnmux1t4rq8ts93','02:f1:da:35:c5:1e-04:fe:c8:34:34:aa-68:bf:06:c1:a0:29',181,84,166,11,NULL,NULL,'2010-03-24',NULL,NULL,NULL,169.00,0,0,1,0,1,1,NULL,NULL,NULL,NULL,NULL,'--- !ruby/hash:ActiveSupport::HashWithIndifferentAccess\nanschaffungskategorie: AV-Technik\n','2015-07-05 04:06:47','2015-07-05 04:06:47'),(178,'mcrs9wnnci56snfqu9h194','39:a2:99:a8:b7:33-0f:57:de:eb:10:b5-91:7a:3d:6e:11:fc',182,85,167,11,NULL,NULL,'2013-11-07',NULL,NULL,NULL,659.00,0,0,1,0,1,1,NULL,NULL,NULL,NULL,NULL,'--- !ruby/hash:ActiveSupport::HashWithIndifferentAccess\nanschaffungskategorie: AV-Technik\n','2015-07-05 04:06:47','2015-07-05 04:06:47'),(179,'v7ndxpvx82syoznuidl595','f4:f9:39:99:e0:46-7f:27:4d:e5:8f:50-8b:6a:ad:39:64:3c',183,86,168,1,NULL,NULL,'2013-08-10',NULL,NULL,NULL,760.00,0,0,1,0,1,1,NULL,NULL,NULL,NULL,NULL,'--- !ruby/hash:ActiveSupport::HashWithIndifferentAccess\nanschaffungskategorie: AV-Technik\n','2015-07-05 04:06:47','2015-07-05 04:06:47'),(180,'s6szh8dujqjtj3mai15e96','1d:52:9c:a6:25:92-76:53:62:43:c5:1e-7f:48:44:3c:a6:c0',184,87,169,6,NULL,NULL,'2014-06-26',NULL,NULL,NULL,854.00,0,0,1,0,1,1,NULL,NULL,NULL,NULL,NULL,'--- !ruby/hash:ActiveSupport::HashWithIndifferentAccess\nanschaffungskategorie: AV-Technik\n','2015-07-05 04:06:47','2015-07-05 04:06:47'),(181,'7ah8o2ywcgbvemjjs33e97','27:e2:ba:b2:68:c5-89:ff:c7:38:ef:69-ed:48:3e:36:4c:f7',184,88,170,12,NULL,NULL,'2014-05-27',NULL,NULL,NULL,241.00,0,0,1,0,1,1,NULL,NULL,NULL,NULL,NULL,'--- !ruby/hash:ActiveSupport::HashWithIndifferentAccess\nanschaffungskategorie: AV-Technik\n','2015-07-05 04:06:47','2015-07-05 04:06:47'),(182,'9oj09hm0q5uvic741hxq98','a0:15:83:cd:03:eb-46:74:b7:69:45:0e-0c:d8:00:86:ba:d8',184,89,171,12,NULL,NULL,'2013-04-08',NULL,NULL,NULL,21.00,0,0,1,0,1,1,NULL,NULL,NULL,NULL,NULL,'--- !ruby/hash:ActiveSupport::HashWithIndifferentAccess\nanschaffungskategorie: AV-Technik\n','2015-07-05 04:06:47','2015-07-05 04:06:47'),(183,'86uylvz850xcn52xyw7399','fd:80:30:a3:95:87-da:df:98:b5:41:5e-60:81:5f:c7:28:e1',188,90,172,5,NULL,NULL,'2014-12-14',NULL,NULL,NULL,310.00,0,0,1,0,1,1,NULL,NULL,NULL,NULL,NULL,'--- !ruby/hash:ActiveSupport::HashWithIndifferentAccess\nanschaffungskategorie: AV-Technik\n','2015-07-06 02:53:03','2015-07-06 02:53:03'),(184,'0nw9xzmmvj7ssuiqlhwd100','4c:f2:63:dc:47:92-12:f5:f1:7e:ce:14-50:d6:3f:13:a2:e6',189,91,173,2,NULL,NULL,'2010-06-03',NULL,NULL,NULL,1028.00,0,0,1,0,1,1,NULL,NULL,NULL,NULL,NULL,'--- !ruby/hash:ActiveSupport::HashWithIndifferentAccess\nanschaffungskategorie: AV-Technik\n','2015-07-06 02:53:03','2015-07-06 02:53:03'),(185,'nyhknyk4karqxl5znqs6101','14:68:e8:9c:09:d5-fd:5a:83:61:a2:dc-14:52:9d:7a:8e:7a',190,92,174,12,NULL,NULL,'2011-12-03',NULL,NULL,NULL,1020.00,0,0,1,0,1,1,NULL,NULL,NULL,NULL,NULL,'--- !ruby/hash:ActiveSupport::HashWithIndifferentAccess\nanschaffungskategorie: AV-Technik\n','2015-07-06 02:53:03','2015-07-06 02:53:03'),(186,'ml2e1loshtqcpivy36sz102','d3:06:ec:a2:e8:85-a3:49:97:eb:79:ab-d3:6c:96:2b:03:b3',191,93,175,2,NULL,NULL,'2013-01-15',NULL,NULL,NULL,1423.00,0,0,1,0,1,1,NULL,NULL,NULL,NULL,NULL,'--- !ruby/hash:ActiveSupport::HashWithIndifferentAccess\nanschaffungskategorie: AV-Technik\n','2015-07-06 02:53:03','2015-07-06 02:53:03'),(187,'1qdbv5k0tfjd5g0jbx59103','bb:1e:72:4e:9c:84-0c:d9:50:bd:16:2e-1f:9d:98:0a:5c:ed',192,94,176,2,NULL,NULL,'2014-01-08',NULL,NULL,NULL,413.00,0,0,1,0,1,1,NULL,NULL,NULL,NULL,NULL,'--- !ruby/hash:ActiveSupport::HashWithIndifferentAccess\nanschaffungskategorie: AV-Technik\n','2015-07-05 04:14:31','2015-07-05 04:14:31'),(188,'gq85dcd4kyf9d7t1zv9a104','1a:78:23:b0:4c:5a-54:c2:f2:9d:e4:51-b8:c0:a1:2b:8c:b9',193,95,177,3,NULL,NULL,'2011-10-20',NULL,NULL,NULL,370.00,0,0,1,0,1,1,NULL,NULL,NULL,NULL,NULL,'--- !ruby/hash:ActiveSupport::HashWithIndifferentAccess\nanschaffungskategorie: AV-Technik\n','2015-07-05 04:14:31','2015-07-05 04:14:31'),(189,'96n5g1506j36cn32vwv4105','88:60:4a:90:9b:a8-52:25:e0:3e:e6:cd-9b:b9:83:a5:02:04',194,96,178,4,NULL,NULL,'2012-10-18',NULL,NULL,NULL,814.00,0,0,1,0,1,1,NULL,NULL,NULL,NULL,NULL,'--- !ruby/hash:ActiveSupport::HashWithIndifferentAccess\nanschaffungskategorie: AV-Technik\n','2015-07-05 04:14:31','2015-07-05 04:14:31'),(190,'rq2pykal8srw0g27czel106','d3:53:0a:00:da:5d-8a:be:ef:5d:b3:4a-73:b2:12:cb:76:5a',195,97,179,7,NULL,NULL,'2013-09-12',NULL,NULL,NULL,1452.00,0,0,1,0,1,1,NULL,NULL,NULL,NULL,NULL,'--- !ruby/hash:ActiveSupport::HashWithIndifferentAccess\nanschaffungskategorie: AV-Technik\n','2015-07-05 04:14:31','2015-07-05 04:14:31'),(191,'itj3h8gigtpsd3kv1l4c107','cd:81:cc:94:c0:4a-48:7d:dd:18:28:29-c2:b7:b7:b7:06:cd',196,98,180,11,NULL,NULL,'2010-05-18',NULL,NULL,NULL,256.00,0,0,1,0,1,1,NULL,NULL,NULL,NULL,NULL,'--- !ruby/hash:ActiveSupport::HashWithIndifferentAccess\nanschaffungskategorie: AV-Technik\n','2015-07-05 04:14:31','2015-07-05 04:14:31'),(192,'4f80q6rffgwxemc6wb7o108','6d:67:b5:70:a3:23-a2:ac:18:ce:a1:5a-2a:14:12:56:66:45',196,99,181,2,NULL,NULL,'2013-03-06',NULL,NULL,NULL,1253.00,0,0,1,0,1,1,NULL,NULL,NULL,NULL,NULL,'--- !ruby/hash:ActiveSupport::HashWithIndifferentAccess\nanschaffungskategorie: AV-Technik\n','2015-07-05 04:14:31','2015-07-05 04:14:31'),(193,'6v8se4fxlgsqgbpzzud9109','05:16:a9:18:9a:61-cd:4a:f5:76:cf:f9-1b:ac:5f:9a:7d:7a',196,100,182,1,NULL,NULL,'2010-02-16',NULL,NULL,NULL,192.00,0,0,1,0,1,1,NULL,NULL,NULL,NULL,NULL,'--- !ruby/hash:ActiveSupport::HashWithIndifferentAccess\nanschaffungskategorie: AV-Technik\n','2015-07-05 04:14:31','2015-07-05 04:14:31'),(194,'y1o73gp894p9i9sdb85q110','29:37:7e:9f:54:37-dd:30:90:51:fe:88-3d:10:a7:ee:85:66',200,101,183,5,NULL,NULL,'2014-12-15',NULL,NULL,NULL,581.00,0,0,1,0,1,1,NULL,NULL,NULL,NULL,NULL,'--- !ruby/hash:ActiveSupport::HashWithIndifferentAccess\nanschaffungskategorie: AV-Technik\n','2015-07-07 23:20:09','2015-07-07 23:20:09'),(195,'t19p9du1an6hr1b1blj9111','f7:cc:85:14:b5:7d-46:51:18:87:a2:6f-0b:f4:8a:3a:59:4a',201,102,184,4,NULL,NULL,'2014-01-14',NULL,NULL,NULL,1450.00,0,0,1,0,1,1,NULL,NULL,NULL,NULL,NULL,'--- !ruby/hash:ActiveSupport::HashWithIndifferentAccess\nanschaffungskategorie: AV-Technik\n','2015-07-07 23:20:09','2015-07-07 23:20:09'),(196,'yttnmg2bg7gp36zl6ao3112','60:19:c0:67:71:25-2e:8b:16:2d:c5:8f-cf:de:3d:17:b1:d3',202,103,185,2,NULL,NULL,'2011-12-29',NULL,NULL,NULL,1048.00,0,0,1,0,1,1,NULL,NULL,NULL,NULL,NULL,'--- !ruby/hash:ActiveSupport::HashWithIndifferentAccess\nanschaffungskategorie: AV-Technik\n','2015-07-07 23:20:09','2015-07-07 23:20:09'),(197,'efelrd2v2ubywmayidex113','55:ff:9b:13:71:ad-50:77:70:91:1b:97-84:ea:21:95:a1:ff',203,104,186,7,NULL,NULL,'2013-05-28',NULL,NULL,NULL,1374.00,0,0,1,0,1,1,NULL,NULL,NULL,NULL,NULL,'--- !ruby/hash:ActiveSupport::HashWithIndifferentAccess\nanschaffungskategorie: AV-Technik\n','2015-07-07 23:20:09','2015-07-07 23:20:09'),(198,'585u719f92vox8cow6je114','da:74:3b:98:4f:0f-89:e4:53:43:1c:90-26:1e:8f:ea:42:f1',204,105,187,4,NULL,NULL,'2011-04-23',NULL,NULL,NULL,45.00,0,0,1,0,1,1,NULL,NULL,NULL,NULL,NULL,'--- !ruby/hash:ActiveSupport::HashWithIndifferentAccess\nanschaffungskategorie: AV-Technik\n','2015-07-07 23:20:09','2015-07-07 23:20:09'),(199,'1phex84sjqjzh8015fmt115','10:e9:6c:a2:7e:b2-17:27:ca:7e:66:b0-f2:22:98:b5:51:5c',205,106,188,2,NULL,NULL,'2012-06-09',NULL,NULL,NULL,378.00,0,0,1,0,1,1,NULL,NULL,NULL,NULL,NULL,'--- !ruby/hash:ActiveSupport::HashWithIndifferentAccess\nanschaffungskategorie: AV-Technik\n','2015-07-07 23:20:09','2015-07-07 23:20:09'),(200,'z13xsyvwtm0zy6jwbrcu116','c7:8e:ee:ec:d8:01-97:5a:03:42:ea:33-5f:ae:0c:82:f1:02',205,107,189,8,NULL,NULL,'2011-02-02',NULL,NULL,NULL,521.00,0,0,1,0,1,1,NULL,NULL,NULL,NULL,NULL,'--- !ruby/hash:ActiveSupport::HashWithIndifferentAccess\nanschaffungskategorie: AV-Technik\n','2015-07-07 23:20:09','2015-07-07 23:20:09'),(201,'4sqb0rausauvwdjmgs32117','66:0e:92:28:d0:4e-32:82:19:5e:3f:5b-ce:1d:87:9d:e9:74',205,108,190,10,NULL,NULL,'2014-01-24',NULL,NULL,NULL,354.00,0,0,1,0,1,1,NULL,NULL,NULL,NULL,NULL,'--- !ruby/hash:ActiveSupport::HashWithIndifferentAccess\nanschaffungskategorie: AV-Technik\n','2015-07-07 23:20:09','2015-07-07 23:20:09'),(202,'1ydie7kmx2mqjbg3go65118','20:3c:7f:78:04:c7-8b:f1:59:5b:a8:52-c8:e9:fb:12:7e:e8',209,109,191,10,NULL,NULL,'2014-09-21',NULL,NULL,NULL,910.00,0,0,1,0,1,1,NULL,NULL,NULL,NULL,NULL,'--- !ruby/hash:ActiveSupport::HashWithIndifferentAccess\nanschaffungskategorie: AV-Technik\n','2015-07-07 23:20:09','2015-07-07 23:20:09'),(203,'xdkqdvhutqbuyppamzws119','aa:5b:66:ce:2f:c3-45:26:b2:2e:ff:fd-2c:17:dc:81:8f:ac',210,110,192,2,NULL,NULL,'2011-07-23',NULL,NULL,NULL,1401.00,0,0,1,0,1,1,NULL,NULL,NULL,NULL,NULL,'--- !ruby/hash:ActiveSupport::HashWithIndifferentAccess\nanschaffungskategorie: AV-Technik\n','2015-07-07 23:20:09','2015-07-07 23:20:09'),(204,'i1a8zjqf15w5oo7ejp4a120','c6:b2:e0:c8:ba:95-b9:50:37:14:b6:90-58:77:ee:a5:f3:1b',211,111,193,9,NULL,NULL,'2012-12-14',NULL,NULL,NULL,821.00,0,0,1,0,1,1,NULL,NULL,NULL,NULL,NULL,'--- !ruby/hash:ActiveSupport::HashWithIndifferentAccess\nanschaffungskategorie: AV-Technik\n','2015-07-07 23:20:09','2015-07-07 23:20:09'),(205,'amxz6tbu7k9wlg6i5ax1121','59:41:6a:8d:c2:55-bf:e3:f1:8f:1c:d9-0b:dd:56:9d:14:47',212,112,194,3,NULL,NULL,'2012-04-29',NULL,NULL,NULL,464.00,0,0,1,0,1,1,NULL,NULL,NULL,NULL,NULL,'--- !ruby/hash:ActiveSupport::HashWithIndifferentAccess\nanschaffungskategorie: AV-Technik\n','2015-07-07 23:20:09','2015-07-07 23:20:09'),(206,'kmtitcay20y25n7adxdr122','ad:25:d0:92:3f:00-0b:75:a0:b5:de:e8-bc:32:f2:02:8a:c0',213,113,195,4,NULL,NULL,'2012-01-02',NULL,NULL,NULL,838.00,0,0,1,0,1,1,NULL,NULL,NULL,NULL,NULL,'--- !ruby/hash:ActiveSupport::HashWithIndifferentAccess\nanschaffungskategorie: AV-Technik\n','2015-07-07 23:20:09','2015-07-07 23:20:09'),(207,'4l600xbmsmz8tm77zphp123','53:01:a7:5a:fe:74-a9:ae:24:61:83:4a-56:f4:b0:34:37:d0',214,114,196,5,NULL,NULL,'2012-01-23',NULL,NULL,NULL,333.00,0,0,1,0,1,1,NULL,NULL,NULL,NULL,NULL,'--- !ruby/hash:ActiveSupport::HashWithIndifferentAccess\nanschaffungskategorie: AV-Technik\n','2015-07-07 23:20:09','2015-07-07 23:20:09'),(208,'in3wqv1zaqgodcqo980r124','44:47:27:f4:76:96-ed:70:ef:b0:d7:02-0f:f5:50:93:bc:f7',215,115,197,1,NULL,NULL,'2014-04-12',NULL,NULL,NULL,862.00,0,0,1,0,1,1,NULL,NULL,NULL,NULL,NULL,'--- !ruby/hash:ActiveSupport::HashWithIndifferentAccess\nanschaffungskategorie: AV-Technik\n','2015-07-07 23:20:09','2015-07-07 23:20:09'),(209,'uf5l9qgteapkfyuy5jm2125','39:3d:3e:61:b6:ab-ec:56:42:16:f5:2e-f3:91:b3:19:b1:1b',216,116,198,8,NULL,NULL,'2013-12-03',NULL,NULL,NULL,1074.00,0,0,1,0,1,1,NULL,NULL,NULL,NULL,NULL,'--- !ruby/hash:ActiveSupport::HashWithIndifferentAccess\nanschaffungskategorie: AV-Technik\n','2015-07-07 23:20:09','2015-07-07 23:20:09'),(210,'mjgo7wjarknkuafpon2x126','6a:5e:bc:ba:2a:29-66:1c:79:32:15:fa-e3:fb:1d:d4:04:f1',217,117,199,3,NULL,NULL,'2014-10-08',NULL,NULL,NULL,221.00,0,0,1,0,1,1,NULL,NULL,NULL,NULL,NULL,'--- !ruby/hash:ActiveSupport::HashWithIndifferentAccess\nanschaffungskategorie: AV-Technik\n','2015-07-07 23:20:09','2015-07-07 23:20:09'),(211,'gdkfkjzbuffcj5ssis36127','7a:20:84:62:35:f0-4a:e6:df:77:24:f9-39:70:b6:d2:12:0d',218,118,200,4,NULL,NULL,'2013-12-26',NULL,NULL,NULL,1493.00,0,0,1,0,1,1,NULL,NULL,NULL,NULL,NULL,'--- !ruby/hash:ActiveSupport::HashWithIndifferentAccess\nanschaffungskategorie: AV-Technik\n','2015-07-07 23:20:09','2015-07-07 23:20:09'),(212,'wibd3u3ibleskfp5ayze128','07:2b:21:af:df:79-d8:cf:6f:98:b7:d2-02:ea:9d:a9:d9:a5',219,119,201,8,NULL,NULL,'2010-07-08',NULL,NULL,NULL,228.00,0,0,1,0,1,1,NULL,NULL,NULL,NULL,NULL,'--- !ruby/hash:ActiveSupport::HashWithIndifferentAccess\nanschaffungskategorie: AV-Technik\n','2015-07-07 23:20:09','2015-07-07 23:20:09'),(213,'9eykxj1e2ushpniswvgz129','b1:54:25:66:e6:a7-72:b4:cd:14:9f:21-6e:bf:09:d8:25:1e',220,120,202,1,NULL,NULL,'2013-08-25',NULL,NULL,NULL,496.00,0,0,1,0,1,1,NULL,NULL,NULL,NULL,NULL,'--- !ruby/hash:ActiveSupport::HashWithIndifferentAccess\nanschaffungskategorie: AV-Technik\n','2015-07-07 23:20:09','2015-07-07 23:20:09'),(214,'3at1l26grlto0o95club130','98:2d:20:3a:b5:34-16:5e:53:41:bf:97-20:bd:d8:2a:16:c7',221,NULL,NULL,1,NULL,NULL,NULL,NULL,NULL,NULL,NULL,0,0,1,0,1,0,NULL,NULL,NULL,NULL,NULL,'--- !ruby/hash:ActiveSupport::HashWithIndifferentAccess\nlicense_type: single_workspace\nactivation_type: serial_number\noperating_system:\n- windows\n- linux\ninstallation:\n- citrix\n- web\n','2015-07-07 23:20:09','2015-07-07 23:20:09'),(215,'ewvg3261n08lb7c02c6k131','ad:bf:b7:48:77:49-99:f3:77:a7:86:db-dd:77:b2:fa:8c:b0',222,121,203,11,NULL,NULL,'2014-01-01',NULL,NULL,NULL,901.00,0,0,1,0,2,1,NULL,NULL,NULL,NULL,NULL,'--- !ruby/hash:ActiveSupport::HashWithIndifferentAccess\nanschaffungskategorie: AV-Technik\n','2015-07-03 00:00:00','2015-07-03 00:00:00'),(216,'3wvjfvyjrnp4tpkxze81132','1b:56:fb:0b:3b:ab-b9:21:0a:e9:af:ac-c0:cc:a2:aa:25:83',222,122,204,9,NULL,NULL,'2014-04-02',NULL,NULL,NULL,1287.00,0,0,1,0,2,1,NULL,NULL,NULL,NULL,NULL,'--- !ruby/hash:ActiveSupport::HashWithIndifferentAccess\nanschaffungskategorie: AV-Technik\n','2015-07-03 00:00:00','2015-07-03 00:00:00'),(217,'tbnc0bc5m5ebf2hj4lms133','e9:05:9f:91:02:d9-48:72:03:c7:a7:36-ac:6a:c1:61:b6:2f',222,123,205,3,NULL,NULL,'2013-03-17',NULL,NULL,NULL,800.00,0,0,1,0,2,1,NULL,NULL,NULL,NULL,NULL,'--- !ruby/hash:ActiveSupport::HashWithIndifferentAccess\nanschaffungskategorie: AV-Technik\n','2015-07-03 00:00:00','2015-07-03 00:00:00'),(218,'2jqq1i4wkqqr7kop4r0l134','58:df:3d:51:5b:f5-e0:df:0b:99:ea:48-37:4f:b9:3e:9d:37',226,124,206,1,NULL,NULL,'2012-03-30',NULL,NULL,NULL,13.00,0,0,1,0,13,1,NULL,NULL,NULL,NULL,NULL,'--- !ruby/hash:ActiveSupport::HashWithIndifferentAccess\nanschaffungskategorie: AV-Technik\n','2015-07-07 23:20:09','2015-07-07 23:20:09'),(219,'z30v4f7y9ebej2aza6u8135','7c:40:9f:b1:91:4b-8e:6b:c6:16:88:c5-24:cf:b6:bd:c6:89',227,125,207,4,NULL,NULL,'2014-05-26',NULL,NULL,NULL,33.00,0,0,1,0,14,1,NULL,NULL,NULL,NULL,NULL,'--- !ruby/hash:ActiveSupport::HashWithIndifferentAccess\nanschaffungskategorie: AV-Technik\n','2015-07-07 23:20:09','2015-07-07 23:20:09'),(220,'kyigf2xkcb99v5jc4jqe136','b5:69:ec:d6:f6:da-f2:1f:62:65:72:0e-28:33:9e:d0:1a:0a',228,126,208,8,NULL,NULL,'2011-07-28',NULL,NULL,NULL,893.00,0,0,1,0,1,1,NULL,NULL,NULL,NULL,NULL,'--- !ruby/hash:ActiveSupport::HashWithIndifferentAccess\nanschaffungskategorie: AV-Technik\n','2015-07-07 23:20:09','2015-07-07 23:20:09'),(221,'rnd0wpkoebqpf33x4d1f137','a9:82:46:fc:28:12-8b:51:d3:5d:53:21-30:83:a0:7d:91:44',229,127,209,14,NULL,NULL,'2013-04-19',NULL,NULL,NULL,378.00,0,0,1,0,1,1,NULL,NULL,NULL,NULL,NULL,'--- !ruby/hash:ActiveSupport::HashWithIndifferentAccess\nanschaffungskategorie: AV-Technik\n','2015-07-07 23:20:09','2015-07-07 23:20:09'),(222,'dl6qbar2zzy39e8wm15x138','b3:06:ed:ee:b5:6e-9c:d5:87:1b:3c:10-7c:84:8e:50:23:e4',230,128,210,2,NULL,NULL,'2012-04-11',NULL,NULL,NULL,525.00,0,0,1,0,1,1,NULL,NULL,NULL,NULL,NULL,'--- !ruby/hash:ActiveSupport::HashWithIndifferentAccess\nanschaffungskategorie: AV-Technik\n','2015-07-07 23:20:09','2015-07-07 23:20:09'),(223,'ymyqb9cb844smoj4ffnh139','b8:7a:0b:b9:ba:d1-e6:5e:90:7c:df:37-dc:3b:d1:76:50:6e',231,129,211,2,NULL,NULL,'2010-12-06',NULL,NULL,NULL,1206.00,0,0,1,0,1,1,NULL,NULL,NULL,NULL,NULL,'--- !ruby/hash:ActiveSupport::HashWithIndifferentAccess\nanschaffungskategorie: AV-Technik\n','2015-07-07 23:20:09','2015-07-07 23:20:09'),(224,'2lq4iwo5my9pfiibp6uq140','70:af:e6:2f:3d:cf-da:d7:e9:bc:5c:36-3d:79:48:4f:e5:29',232,130,212,7,NULL,NULL,'2014-07-19',NULL,NULL,NULL,1418.00,0,0,1,0,1,1,NULL,NULL,NULL,NULL,NULL,'--- !ruby/hash:ActiveSupport::HashWithIndifferentAccess\nanschaffungskategorie: AV-Technik\n','2015-07-07 23:20:09','2015-07-07 23:20:09'),(225,'61tvh0labwj2o90edsgx141','83:64:54:b2:e6:0a-3f:05:89:8b:12:ca-64:92:21:34:2b:8a',233,131,213,1,NULL,NULL,'2013-04-11',NULL,NULL,NULL,221.00,0,0,1,0,1,1,NULL,NULL,NULL,NULL,NULL,'--- !ruby/hash:ActiveSupport::HashWithIndifferentAccess\nanschaffungskategorie: AV-Technik\n','2015-07-07 23:20:09','2015-07-07 23:20:09'),(226,'tycjqd40mq25vmgiul1i142','4c:83:98:1e:ed:95-e1:64:1f:90:82:cb-79:70:ff:e6:cf:19',234,132,214,8,NULL,NULL,'2014-02-26',NULL,NULL,NULL,1418.00,0,0,1,0,1,1,NULL,NULL,NULL,NULL,NULL,'--- !ruby/hash:ActiveSupport::HashWithIndifferentAccess\nanschaffungskategorie: AV-Technik\n','2015-07-07 23:20:09','2015-07-07 23:20:09'),(227,'ufciea8xxbmtsi5lakrq143','89:16:41:ed:6f:cc-12:cc:ac:95:29:05-0d:02:99:0d:dc:99',235,133,215,9,NULL,NULL,'2010-05-10',NULL,NULL,NULL,995.00,0,0,1,0,1,1,NULL,NULL,NULL,NULL,NULL,'--- !ruby/hash:ActiveSupport::HashWithIndifferentAccess\nanschaffungskategorie: AV-Technik\n','2015-07-07 23:20:09','2015-07-07 23:20:09'),(228,'03n9h1fsc42d3favotjn144','40:90:bf:cf:30:5c-7e:a6:be:fb:ce:11-82:25:13:d0:af:68',236,134,216,13,NULL,NULL,'2014-12-17',NULL,NULL,NULL,755.00,0,0,1,0,1,1,NULL,NULL,NULL,NULL,NULL,'--- !ruby/hash:ActiveSupport::HashWithIndifferentAccess\nanschaffungskategorie: AV-Technik\n','2015-07-07 23:20:09','2015-07-07 23:20:09'),(229,'cedx79f7784tjlmpe3bq145','de:6d:e6:b0:76:59-dd:2b:f0:aa:02:c7-f4:b0:2f:29:fd:e1',237,135,217,10,NULL,NULL,'2010-03-31',NULL,NULL,NULL,1042.00,0,0,1,0,1,1,NULL,NULL,NULL,NULL,NULL,'--- !ruby/hash:ActiveSupport::HashWithIndifferentAccess\nanschaffungskategorie: AV-Technik\n','2015-07-07 23:20:09','2015-07-07 23:20:09'),(230,'dm5oaapa0xdztrp07f31146','e5:f2:62:0e:c8:42-2b:5c:84:e9:dc:89-1a:43:75:c0:48:f2',238,136,218,13,NULL,NULL,'2012-08-04',NULL,NULL,NULL,39.00,0,0,1,0,1,1,NULL,NULL,NULL,NULL,NULL,'--- !ruby/hash:ActiveSupport::HashWithIndifferentAccess\nanschaffungskategorie: AV-Technik\n','2015-07-07 23:20:09','2015-07-07 23:20:09'),(231,'zfv3ucdb5l473sqixfli147','a3:36:4f:da:71:e4-d0:da:5f:8f:81:7e-5f:a4:1d:95:35:3b',239,137,219,6,NULL,NULL,'2010-10-03',NULL,NULL,NULL,442.00,0,0,1,0,1,1,NULL,NULL,NULL,NULL,NULL,'--- !ruby/hash:ActiveSupport::HashWithIndifferentAccess\nanschaffungskategorie: AV-Technik\n','2015-07-07 23:20:09','2015-07-07 23:20:09'),(232,'0qd593scugiv8ki6k6b0148','d8:33:24:e9:fd:d7-31:d9:8e:47:24:67-6f:e8:fd:5a:0c:f0',240,138,220,13,NULL,NULL,'2014-04-02',NULL,NULL,NULL,516.00,0,0,1,0,1,1,NULL,NULL,NULL,NULL,NULL,'--- !ruby/hash:ActiveSupport::HashWithIndifferentAccess\nanschaffungskategorie: AV-Technik\n','2015-07-07 23:20:09','2015-07-07 23:20:09'),(233,'e2j34mxmd32enygqd0cc149','7b:21:46:bf:d9:f7-38:a3:2c:40:c4:f4-f3:4d:cd:8e:61:0e',241,139,221,6,NULL,NULL,'2012-12-19',NULL,NULL,NULL,1413.00,0,0,1,0,1,1,NULL,NULL,NULL,NULL,NULL,'--- !ruby/hash:ActiveSupport::HashWithIndifferentAccess\nanschaffungskategorie: AV-Technik\n','2015-07-07 23:20:09','2015-07-07 23:20:09'),(234,'qem9n4z8id3peafogvsy150','aa:52:28:6b:2c:5d-8f:6a:36:73:7c:86-78:66:73:17:c5:35',242,140,222,11,NULL,NULL,'2014-01-19',NULL,NULL,NULL,1447.00,0,0,1,0,1,1,NULL,NULL,NULL,NULL,NULL,'--- !ruby/hash:ActiveSupport::HashWithIndifferentAccess\nanschaffungskategorie: AV-Technik\n','2015-07-07 23:20:09','2015-07-07 23:20:09'),(235,'3ihaye400jsps0alrhf2151','67:6a:93:61:31:e9-40:bd:9d:ed:24:a2-f0:5d:93:08:6d:8b',243,141,223,14,NULL,NULL,'2012-07-08',NULL,NULL,NULL,1126.00,0,0,1,0,1,1,NULL,NULL,NULL,NULL,NULL,'--- !ruby/hash:ActiveSupport::HashWithIndifferentAccess\nanschaffungskategorie: AV-Technik\n','2015-07-03 00:00:00','2015-07-03 00:00:00'),(236,'p3yhrk8xo0bzuoap6wlw152','a9:bc:66:4b:70:ff-9c:dd:c0:19:3f:bf-eb:86:7a:78:1c:27',244,142,224,3,NULL,NULL,'2013-02-16',NULL,NULL,NULL,558.00,0,0,1,0,1,1,NULL,NULL,NULL,NULL,NULL,'--- !ruby/hash:ActiveSupport::HashWithIndifferentAccess\nanschaffungskategorie: AV-Technik\n','2015-07-03 00:00:00','2015-07-03 00:00:00'),(237,'wbg8giyewur67cgkrn4e153','d2:d0:9c:92:71:f4-17:e6:4c:9c:79:65-7e:98:01:a8:fe:93',245,143,225,6,NULL,NULL,'2010-06-15',NULL,NULL,NULL,513.00,0,0,1,0,1,1,NULL,NULL,NULL,NULL,NULL,'--- !ruby/hash:ActiveSupport::HashWithIndifferentAccess\nanschaffungskategorie: AV-Technik\n','2015-07-03 00:00:00','2015-07-03 00:00:00'),(238,'ll44ezkv27r6lmj4wobl154','48:1a:d0:5c:73:b2-ef:f9:bc:70:9b:32-65:60:6d:27:03:0e',246,144,226,5,NULL,NULL,'2011-06-06',NULL,NULL,NULL,767.00,0,0,1,0,1,1,NULL,NULL,NULL,NULL,NULL,'--- !ruby/hash:ActiveSupport::HashWithIndifferentAccess\nanschaffungskategorie: AV-Technik\n','2015-07-03 00:00:00','2015-07-03 00:00:00'),(239,'a7uep9nkl4y3efdxcack155','e6:93:d8:0d:a2:d9-e7:0c:2c:ad:ee:c1-35:fe:cd:db:c3:e8',247,145,227,2,NULL,NULL,'2013-05-06',NULL,NULL,NULL,878.00,0,0,1,0,1,1,NULL,NULL,NULL,NULL,NULL,'--- !ruby/hash:ActiveSupport::HashWithIndifferentAccess\nanschaffungskategorie: AV-Technik\n','2015-07-03 00:00:00','2015-07-03 00:00:00'),(240,'jrr2s81tlqsirprkymkf156','70:a0:81:57:45:f1-5e:56:e6:8b:05:c4-71:03:86:16:59:9e',248,146,228,14,NULL,NULL,'2011-07-03',NULL,NULL,NULL,713.00,0,0,1,0,1,1,NULL,NULL,NULL,NULL,NULL,'--- !ruby/hash:ActiveSupport::HashWithIndifferentAccess\nanschaffungskategorie: AV-Technik\n','2015-07-07 23:20:09','2015-07-07 23:20:09'),(241,'fnj9wld63ne43xd11cbp157','d0:cd:71:c1:c6:e6-53:68:12:d9:b3:59-33:f9:f3:2a:8e:e6',248,147,229,1,NULL,NULL,'2010-12-30',NULL,NULL,NULL,1056.00,0,0,1,0,1,1,NULL,NULL,NULL,NULL,NULL,'--- !ruby/hash:ActiveSupport::HashWithIndifferentAccess\nanschaffungskategorie: AV-Technik\n','2015-07-07 23:20:09','2015-07-07 23:20:09'),(242,'7qwguy7pkki1g1uv8pwc158','93:dc:f3:23:ec:48-2d:b3:4f:fd:e6:dc-07:1e:8d:7c:5c:d5',248,148,230,2,NULL,NULL,'2010-04-21',NULL,NULL,NULL,435.00,0,0,1,0,1,1,NULL,NULL,NULL,NULL,NULL,'--- !ruby/hash:ActiveSupport::HashWithIndifferentAccess\nanschaffungskategorie: AV-Technik\n','2015-07-07 23:20:09','2015-07-07 23:20:09'),(243,'gfxa5o9cdl15i7kanzkk159','17:2e:95:4d:61:88-f7:f2:f6:b3:b3:67-c1:1e:f0:25:68:ca',252,149,231,6,NULL,NULL,'2014-10-18',NULL,NULL,NULL,383.00,0,0,1,0,1,1,NULL,NULL,NULL,NULL,NULL,'--- !ruby/hash:ActiveSupport::HashWithIndifferentAccess\nanschaffungskategorie: AV-Technik\n','2015-07-07 23:20:09','2015-07-07 23:20:09'),(244,'12ug3hqgndfuo83ncbzn160','ef:4e:f1:13:3a:84-e1:f8:08:69:68:8c-e4:c9:1f:a2:2b:90',252,150,232,5,NULL,NULL,'2013-10-24',NULL,NULL,NULL,189.00,0,0,1,0,1,1,NULL,NULL,NULL,NULL,NULL,'--- !ruby/hash:ActiveSupport::HashWithIndifferentAccess\nanschaffungskategorie: AV-Technik\n','2015-07-07 23:20:09','2015-07-07 23:20:09'),(245,'phfdan77cf4a0bz7a69l161','fe:23:ef:cd:4f:a8-91:1a:26:f6:52:8b-da:65:28:9a:b7:19',252,151,233,4,NULL,NULL,'2010-09-08',NULL,NULL,NULL,179.00,0,0,1,0,1,1,NULL,NULL,NULL,NULL,NULL,'--- !ruby/hash:ActiveSupport::HashWithIndifferentAccess\nanschaffungskategorie: AV-Technik\n','2015-07-07 23:20:09','2015-07-07 23:20:09'),(246,'y0a777h26r4au3w4q04d162','11:a1:b5:1d:c9:f9-9c:08:0f:e2:40:6d-b2:23:db:00:cc:80',256,152,234,7,NULL,NULL,'2013-02-11',NULL,NULL,NULL,870.00,0,0,1,0,1,1,NULL,NULL,NULL,NULL,NULL,'--- !ruby/hash:ActiveSupport::HashWithIndifferentAccess\nanschaffungskategorie: AV-Technik\n','2015-07-07 23:20:09','2015-07-07 23:20:09'),(247,'eaaybpfncft42jzdqgzv163','1e:35:8c:41:93:8c-1c:f8:c0:4c:3f:ea-c8:00:71:e2:70:31',256,153,235,6,NULL,NULL,'2012-07-31',NULL,NULL,NULL,270.00,0,0,1,0,1,1,NULL,NULL,NULL,NULL,NULL,'--- !ruby/hash:ActiveSupport::HashWithIndifferentAccess\nanschaffungskategorie: AV-Technik\n','2015-07-07 23:20:09','2015-07-07 23:20:09'),(248,'viqfhy66q3beyvndux9p164','a3:95:01:97:5c:be-98:9a:af:c0:dd:1b-dc:41:2d:7d:99:37',256,154,236,7,NULL,NULL,'2010-12-21',NULL,NULL,NULL,554.00,0,0,1,0,1,1,NULL,NULL,NULL,NULL,NULL,'--- !ruby/hash:ActiveSupport::HashWithIndifferentAccess\nanschaffungskategorie: AV-Technik\n','2015-07-07 23:20:09','2015-07-07 23:20:09'),(249,'283l5fkpog2xmqttgxnh165','66:de:99:b8:b9:a0-bd:fb:1a:1e:31:4c-af:61:19:16:21:2f',260,155,237,9,NULL,NULL,'2011-06-21',NULL,NULL,NULL,1371.00,0,0,1,0,2,1,NULL,NULL,NULL,NULL,NULL,'--- !ruby/hash:ActiveSupport::HashWithIndifferentAccess\nanschaffungskategorie: AV-Technik\n','2015-07-07 23:20:09','2015-07-07 23:20:09'),(250,'bgqlyvtydtblz3l8xdql166','3b:68:fa:8a:ec:58-c3:d1:2c:27:ef:4b-26:1e:ea:26:e5:ec',260,156,238,9,NULL,NULL,'2013-06-04',NULL,NULL,NULL,218.00,0,0,1,0,2,1,NULL,NULL,NULL,NULL,NULL,'--- !ruby/hash:ActiveSupport::HashWithIndifferentAccess\nanschaffungskategorie: AV-Technik\n','2015-07-07 23:20:09','2015-07-07 23:20:09'),(251,'phf4248ilmskcfkdc9mg167','cc:13:10:59:64:4e-95:6b:ab:e2:8a:ec-c1:9a:64:1b:3b:b2',260,157,239,13,NULL,NULL,'2011-06-30',NULL,NULL,NULL,1169.00,0,0,1,0,2,1,NULL,NULL,NULL,NULL,NULL,'--- !ruby/hash:ActiveSupport::HashWithIndifferentAccess\nanschaffungskategorie: AV-Technik\n','2015-07-07 23:20:09','2015-07-07 23:20:09'),(252,'zdv074sa8bvf3ycswgqq168','17:a0:90:27:72:85-41:7e:e0:11:60:51-56:aa:27:c9:a3:b4',264,158,240,5,NULL,NULL,'2013-06-08',NULL,NULL,NULL,1468.00,0,0,1,0,2,1,NULL,NULL,NULL,NULL,NULL,'--- !ruby/hash:ActiveSupport::HashWithIndifferentAccess\nanschaffungskategorie: AV-Technik\n','2015-07-07 23:20:09','2015-07-07 23:20:09'),(253,'992gijgowm3uvgpw1rya169','af:f5:e7:65:25:f2-12:5f:3b:e4:71:e8-7b:5c:40:9c:39:e5',264,159,241,12,NULL,NULL,'2012-04-17',NULL,NULL,NULL,186.00,0,0,1,0,2,1,NULL,NULL,NULL,NULL,NULL,'--- !ruby/hash:ActiveSupport::HashWithIndifferentAccess\nanschaffungskategorie: AV-Technik\n','2015-07-07 23:20:09','2015-07-07 23:20:09'),(254,'8ilr1f7dwv5qcd3xztnn170','3b:c9:6b:5f:63:19-7d:15:cd:f5:03:87-c1:94:c4:58:16:38',264,160,242,7,NULL,NULL,'2014-04-03',NULL,NULL,NULL,1328.00,0,0,1,0,2,1,NULL,NULL,NULL,NULL,NULL,'--- !ruby/hash:ActiveSupport::HashWithIndifferentAccess\nanschaffungskategorie: AV-Technik\n','2015-07-07 23:20:09','2015-07-07 23:20:09'),(255,'ykdwme81kj27oz7aehg1171','ba:15:33:fe:1c:5e-80:33:e0:8b:d9:1e-ff:bf:f2:4e:21:8f',268,161,243,11,NULL,NULL,'2012-10-02',NULL,NULL,NULL,114.00,0,0,1,0,2,1,NULL,NULL,NULL,NULL,NULL,'--- !ruby/hash:ActiveSupport::HashWithIndifferentAccess\nanschaffungskategorie: AV-Technik\n','2015-07-07 23:20:09','2015-07-07 23:20:09'),(256,'kwveizzn0cgrur2cuuu4172','1b:fd:0a:0c:a6:bd-c4:e9:25:b1:f1:a7-86:3e:bb:e3:31:2a',268,162,244,12,NULL,NULL,'2010-12-20',NULL,NULL,NULL,780.00,0,0,1,0,2,1,NULL,NULL,NULL,NULL,NULL,'--- !ruby/hash:ActiveSupport::HashWithIndifferentAccess\nanschaffungskategorie: AV-Technik\n','2015-07-07 23:20:09','2015-07-07 23:20:09'),(257,'92mnuhchw8a6egl4kp2b173','65:f0:0f:e7:8d:aa-b4:97:07:26:83:be-1f:6b:ca:a7:bc:6a',268,163,245,2,NULL,NULL,'2013-11-30',NULL,NULL,NULL,1447.00,0,0,1,0,2,1,NULL,NULL,NULL,NULL,NULL,'--- !ruby/hash:ActiveSupport::HashWithIndifferentAccess\nanschaffungskategorie: AV-Technik\n','2015-07-07 23:20:09','2015-07-07 23:20:09'),(258,'yq63iysx4arextp0xnjk174','b5:bb:c0:ee:5e:7a-32:7b:db:16:b7:bb-4d:d2:75:90:c1:09',272,164,246,5,NULL,NULL,'2012-07-31',NULL,NULL,NULL,667.00,0,0,1,0,2,1,NULL,NULL,NULL,NULL,NULL,'--- !ruby/hash:ActiveSupport::HashWithIndifferentAccess\nanschaffungskategorie: AV-Technik\n','2015-07-07 23:20:09','2015-07-07 23:20:09'),(259,'2wukdin5erfk999u5hh1175','b7:97:b4:28:bd:e6-d3:99:a3:70:38:03-06:d7:98:42:54:0b',272,165,247,2,NULL,NULL,'2011-02-27',NULL,NULL,NULL,1464.00,0,0,1,0,2,1,NULL,NULL,NULL,NULL,NULL,'--- !ruby/hash:ActiveSupport::HashWithIndifferentAccess\nanschaffungskategorie: AV-Technik\n','2015-07-07 23:20:09','2015-07-07 23:20:09'),(260,'tqbz8offu9gzekf8fftd176','a5:68:bf:50:59:97-86:03:23:26:e7:c8-a3:e4:e0:ac:bb:68',272,166,248,12,NULL,NULL,'2011-05-18',NULL,NULL,NULL,800.00,0,0,1,0,2,1,NULL,NULL,NULL,NULL,NULL,'--- !ruby/hash:ActiveSupport::HashWithIndifferentAccess\nanschaffungskategorie: AV-Technik\n','2015-07-07 23:20:09','2015-07-07 23:20:09'),(261,'hzmxqi4z9pttmh7yhn08177','08:0a:04:8e:0d:c1-05:fa:24:b2:5d:b0-e3:7f:50:bc:6f:a6',276,167,249,1,NULL,NULL,'2010-02-13',NULL,NULL,NULL,1128.00,0,0,1,0,1,1,NULL,NULL,NULL,NULL,NULL,'--- !ruby/hash:ActiveSupport::HashWithIndifferentAccess\nanschaffungskategorie: AV-Technik\n','2015-07-07 23:20:09','2015-07-07 23:20:09'),(262,'kohy1u6eh8v3d6hfrk0z178','61:8f:1d:cc:c6:7f-89:5b:a3:b7:88:80-06:22:56:24:71:75',277,168,250,10,NULL,NULL,'2014-06-17',NULL,NULL,NULL,59.00,0,0,1,0,1,1,NULL,NULL,NULL,NULL,NULL,'--- !ruby/hash:ActiveSupport::HashWithIndifferentAccess\nanschaffungskategorie: AV-Technik\n','2015-07-07 23:20:09','2015-07-07 23:20:09'),(263,'dfdf8my8xwrqirzjy5hn179','87:32:22:5e:5d:b8-12:58:89:0b:27:fa-23:15:31:46:80:e7',277,169,251,8,NULL,NULL,'2014-05-03',NULL,NULL,NULL,179.00,0,0,1,0,1,1,NULL,NULL,NULL,NULL,NULL,'--- !ruby/hash:ActiveSupport::HashWithIndifferentAccess\nanschaffungskategorie: AV-Technik\n','2015-07-07 23:20:09','2015-07-07 23:20:09'),(264,'0s0lnvw26qqvddee64gq180','a1:11:8d:ea:a9:90-f1:4f:ac:cd:fb:17-28:f6:49:c1:c7:fa',277,170,252,3,NULL,NULL,'2011-02-02',NULL,NULL,NULL,356.00,0,0,1,0,1,1,NULL,NULL,NULL,NULL,NULL,'--- !ruby/hash:ActiveSupport::HashWithIndifferentAccess\nanschaffungskategorie: AV-Technik\n','2015-07-07 23:20:09','2015-07-07 23:20:09');
/*!40000 ALTER TABLE `items` ENABLE KEYS */;
UNLOCK TABLES;

--
-- Table structure for table `languages`
--

DROP TABLE IF EXISTS `languages`;
/*!40101 SET @saved_cs_client     = @@character_set_client */;
/*!40101 SET character_set_client = utf8 */;
CREATE TABLE `languages` (
  `id` int(11) NOT NULL AUTO_INCREMENT,
  `name` varchar(255) COLLATE utf8_unicode_ci DEFAULT NULL,
  `locale_name` varchar(255) COLLATE utf8_unicode_ci DEFAULT NULL,
  `default` tinyint(1) DEFAULT NULL,
  `active` tinyint(1) DEFAULT NULL,
  PRIMARY KEY (`id`),
  UNIQUE KEY `index_languages_on_name` (`name`),
  KEY `index_languages_on_active_and_default` (`active`,`default`)
) ENGINE=InnoDB AUTO_INCREMENT=5 DEFAULT CHARSET=utf8 COLLATE=utf8_unicode_ci;
/*!40101 SET character_set_client = @saved_cs_client */;

--
-- Dumping data for table `languages`
--

LOCK TABLES `languages` WRITE;
/*!40000 ALTER TABLE `languages` DISABLE KEYS */;
INSERT INTO `languages` VALUES (1,'English','en-GB',1,1),(2,'Deutsch','de-CH',0,1),(3,'Castellano','es',0,1),(4,'Zrittsch','gsw-CH',0,1);
/*!40000 ALTER TABLE `languages` ENABLE KEYS */;
UNLOCK TABLES;

--
-- Table structure for table `locations`
--

DROP TABLE IF EXISTS `locations`;
/*!40101 SET @saved_cs_client     = @@character_set_client */;
/*!40101 SET character_set_client = utf8 */;
CREATE TABLE `locations` (
  `id` int(11) NOT NULL AUTO_INCREMENT,
  `room` varchar(255) COLLATE utf8_unicode_ci DEFAULT NULL,
  `shelf` varchar(255) COLLATE utf8_unicode_ci DEFAULT NULL,
  `building_id` int(11) DEFAULT NULL,
  PRIMARY KEY (`id`),
  KEY `index_locations_on_building_id` (`building_id`)
) ENGINE=InnoDB AUTO_INCREMENT=171 DEFAULT CHARSET=utf8 COLLATE=utf8_unicode_ci;
/*!40101 SET character_set_client = @saved_cs_client */;

--
-- Dumping data for table `locations`
--

LOCK TABLES `locations` WRITE;
/*!40000 ALTER TABLE `locations` DISABLE KEYS */;
INSERT INTO `locations` VALUES (1,'Repellenduset','consequaturnam',2),(2,'Autemeligendi','pariaturiste',3),(3,'Sitporro','doloremeum',4),(4,'Nonvoluptatibus','namrerum',5),(5,'Dolorumest','fugiatofficia',6),(6,'Ullamofficiis','laboriosampraesentium',7),(7,'Exet','numquamaut',8),(8,'Possimusnostrum','maximefacere',9),(9,'Quammagnam','similiquequidem',10),(10,'Odioadipisci','noneaque',11),(11,'Etinventore','voluptasexcepturi',12),(12,'Possimusnobis','ipsamqui',13),(13,'Dolorumimpedit','estperferendis',14),(14,'Sitdebitis','adveritatis',15),(15,'Etdistinctio','sedquasi',16),(16,'Idmolestiae','veltenetur',17),(17,'Voluptatibusprovident','ineos',18),(18,'Voluptatibuslabore','beataevoluptas',19),(19,'Cupiditatedignissimos','autlibero',20),(20,'Mollitiased','etvoluptatem',21),(21,'Iustoquam','voluptasdoloribus',22),(22,'Praesentiumaut','temporibuscum',23),(23,'Voluptatemaliquid','suntmagnam',24),(24,'Architectoofficiis','fugiatquia',25),(25,'Excepturivoluptas','maioreslaboriosam',26),(26,'Harumomnis','placeatincidunt',27),(27,'Eaquod','mollitiaomnis',28),(28,'Cumqueat','etqui',29),(29,'Adipiscisunt','aliquidrerum',30),(30,'Architectosed','veroet',31),(31,'Eosvoluptatibus','modimagni',32),(32,'Etsit','sittempora',33),(33,'Essevoluptatum','quisadipisci',34),(34,'Culpacum','pariaturpraesentium',35),(35,'Sapienteet','utmaxime',36),(36,'Blanditiisvoluptate','dictalaudantium',37),(37,'Minimaid','velitad',38),(38,'Utvoluptatem','sitporro',39),(39,'Minusodit','omnisvoluptatem',40),(40,'Voluptatemculpa','doloribusprovident',41),(41,'Laboriosamipsam','fugiatodit',42),(42,'Omnissimilique','quosamet',43),(43,'SQ2','Desk',44),(44,'UG 13','Ausgabe',45),(45,'Animiesse','deseruntaut',46),(46,'Atsoluta','autpossimus',47),(47,'Nequeexplicabo','perferendisin',48),(48,'Corruptiquisquam','estsint',49),(49,'Suscipitest','nonvoluptas',50),(50,'Dictaut','suntesse',51),(51,'Occaecatiin','quisipsum',52),(52,'Recusandaemolestiae','similiquelaboriosam',53),(53,'Adfuga','rerumet',54),(54,'Quosillum','modiporro',55),(55,'Estnihil','praesentiumeius',56),(56,'Veroad','temporaomnis',57),(57,'Iustomolestiae','officiaomnis',58),(58,'Etsapiente','sedveritatis',59),(59,'Utnon','cumquesaepe',60),(60,'Maximeiste','autquasi',61),(61,'Occaecaticommodi','etaspernatur',62),(62,'Aliquidnecessitatibus','inomnis',63),(63,'Corporisdeserunt','velitut',64),(64,'Assumendarerum','sedillo',65),(65,'Commodivoluptas','laudantiumtempora',66),(66,'Dignissimoseos','liberofugit',67),(67,'Doloressunt','nihilunde',68),(68,'Etplaceat','remanimi',69),(69,'Autet','quibusdamodit',70),(70,'Providentculpa','autlaudantium',71),(71,'Consecteturiure','quiin',72),(72,'Veritatiscorporis','distinctioitaque',73),(73,'Expeditaoccaecati','hicmodi',74),(74,'Vellaboriosam','laudantiumimpedit',75),(75,'Debitisrepudiandae','rerumillo',76),(76,'Blanditiispraesentium','voluptatemcum',77),(77,'Suscipititaque','namdoloribus',78),(78,'Enimrem','autemomnis',79),(79,'Eiusdolores','etest',80),(80,'Sapientequos','assumendadebitis',81),(81,'Providentet','liberolabore',82),(82,'Placeateligendi','autmagni',83),(83,'Quialias','perferendisminus',84),(84,'Velullam','utunde',85),(85,'Seddelectus','eumfugit',86),(86,'Suntaperiam','quidemrerum',87),(87,'Quameum','ipsumut',88),(88,'Repellatsit','corporiset',89),(89,'Sedblanditiis','quoid',90),(90,'Harumsed','nihilet',91),(91,'Quiculpa','ullamet',92),(92,'Animia','fugacorrupti',93),(93,'Exercitationemnobis','etasperiores',94),(94,'Inciduntiure','nostrumeum',95),(95,'Utest','omnisfuga',96),(96,'Voluptatibusab','ametcorrupti',97),(97,'Laboretotam','animidolor',98),(98,'Nihilconsectetur','maximeut',99),(99,'Eablanditiis','ipsumnesciunt',100),(100,'Architectosaepe','eaqueeius',101),(101,'Etdolores','nequequam',102),(102,'Quasimagnam','iddoloremque',103),(103,'Namaccusantium','quodautem',104),(104,'Etdicta','istefacilis',105),(105,'Accusamusquibusdam','quodet',106),(106,'Suscipitvel','delenitienim',107),(107,'Etin','teneturoptio',108),(108,'Asperioresin','etvoluptatibus',109),(109,'Accusamusomnis','autquasi',110),(110,'Quiaest','dolorespossimus',111),(111,'Voluptassaepe','ipsamofficia',112),(112,'Ipsumin','voluptasconsequatur',113),(113,'Estrepudiandae','voluptatemvoluptas',114),(114,'Voluptatumdistinctio','autemmodi',115),(115,'Nonratione','autinventore',116),(116,'Sitquia','enimodit',117),(117,'Dolordicta','nobisest',118),(118,'Tenetursapiente','arepellat',119),(119,'Eiusnemo','temporemagni',120),(120,'Aliquamoptio','praesentiumrerum',122),(121,'Aliquidlaudantium','laborefacere',123),(122,'Quisvelit','mollitiadebitis',124),(123,'Cumvoluptatem','nihilautem',125),(124,'Rerumexcepturi','minimavelit',126),(125,'Sitrecusandae','idipsa',127),(126,'Suscipitaliquam','quibusdamfacere',128),(127,'Quodad','distinctionisi',129),(128,'Eumpossimus','omnisdoloribus',130),(129,'Suscipitratione','quaeratnumquam',131),(130,'Doloremquenostrum','distinctiosint',132),(131,'Minimadicta','fugitea',133),(132,'Autest','rerumdoloremque',134),(133,'Sitrepudiandae','eteum',135),(134,'Delenitiminima','autesse',136),(135,'Odiosint','laborumeos',137),(136,'Atqueaut','nequeet',138),(137,'Blanditiissequi','idnihil',139),(138,'Quosexpedita','ametaspernatur',140),(139,'Doloremlaboriosam','omnisoptio',141),(140,'Facilistemporibus','quiaiure',142),(141,'Autpraesentium','itaquenam',143),(142,'Autplaceat','occaecatiqui',144),(143,'Remincidunt','asperioresiure',145),(144,'Quaeratin','sapienteeaque',146),(145,'Etquo','temporeest',147),(146,'Molestiaelabore','molestiaeneque',148),(147,'Deseruntenim','rerumest',149),(148,'Quoharum','totamvelit',150),(149,'Utasperiores','voluptateslaborum',151),(150,'Sintvitae','fugased',152),(151,'Quodat','estet',153),(152,'Delectusdeleniti','natusmaxime',154),(153,'Autemprovident','temporeillum',155),(154,'Veniamperspiciatis','ipsaet',156),(155,'Voluptateexplicabo','utbeatae',157),(156,'Voluptasratione','inimpedit',158),(157,'Etlaborum','velitvoluptatibus',159),(158,'Etqui','abut',160),(159,'Nobisvoluptate','voluptasnon',161),(160,'Molestiaenecessitatibus','debitissapiente',162),(161,'Ipsamaiores','suntcorporis',163),(162,'Temporerepudiandae','omnisaspernatur',164),(163,'Repudiandaeest','etvoluptatem',165),(164,'Perspiciatisdicta','fugitenim',166),(165,'Quirem','iustoquaerat',167),(166,'Facilisdolor','etaspernatur',168),(167,'Nequevoluptatem','quisconsequatur',169),(168,'Quodeveniet','inventoreeveniet',170),(169,'Maximequaerat','expeditaesse',171),(170,'Modiconsequatur','aid',172);
/*!40000 ALTER TABLE `locations` ENABLE KEYS */;
UNLOCK TABLES;

--
-- Table structure for table `model_group_links`
--

DROP TABLE IF EXISTS `model_group_links`;
/*!40101 SET @saved_cs_client     = @@character_set_client */;
/*!40101 SET character_set_client = utf8 */;
CREATE TABLE `model_group_links` (
  `id` int(11) NOT NULL AUTO_INCREMENT,
  `ancestor_id` int(11) DEFAULT NULL,
  `descendant_id` int(11) DEFAULT NULL,
  `direct` tinyint(1) DEFAULT NULL,
  `count` int(11) DEFAULT NULL,
  `label` varchar(255) COLLATE utf8_unicode_ci DEFAULT NULL,
  PRIMARY KEY (`id`),
  KEY `index_model_group_links_on_ancestor_id` (`ancestor_id`),
  KEY `index_model_group_links_on_direct` (`direct`),
  KEY `index_on_descendant_id_and_ancestor_id_and_direct` (`descendant_id`,`ancestor_id`,`direct`)
) ENGINE=InnoDB AUTO_INCREMENT=9 DEFAULT CHARSET=utf8 COLLATE=utf8_unicode_ci;
/*!40101 SET character_set_client = @saved_cs_client */;

--
-- Dumping data for table `model_group_links`
--

LOCK TABLES `model_group_links` WRITE;
/*!40000 ALTER TABLE `model_group_links` DISABLE KEYS */;
INSERT INTO `model_group_links` VALUES (1,2,10,1,1,NULL),(2,2,8,1,1,NULL),(3,5,10,1,1,NULL),(4,5,9,1,1,NULL),(5,1,9,1,1,NULL),(6,1,11,0,1,NULL),(7,5,11,0,1,NULL),(8,9,11,1,1,NULL);
/*!40000 ALTER TABLE `model_group_links` ENABLE KEYS */;
UNLOCK TABLES;

--
-- Table structure for table `model_groups`
--

DROP TABLE IF EXISTS `model_groups`;
/*!40101 SET @saved_cs_client     = @@character_set_client */;
/*!40101 SET character_set_client = utf8 */;
CREATE TABLE `model_groups` (
  `id` int(11) NOT NULL AUTO_INCREMENT,
  `type` varchar(255) COLLATE utf8_unicode_ci DEFAULT NULL,
  `name` varchar(255) COLLATE utf8_unicode_ci DEFAULT NULL,
  `created_at` datetime DEFAULT NULL,
  `updated_at` datetime DEFAULT NULL,
  PRIMARY KEY (`id`),
  KEY `index_model_groups_on_type` (`type`)
) ENGINE=InnoDB AUTO_INCREMENT=15 DEFAULT CHARSET=utf8 COLLATE=utf8_unicode_ci;
/*!40101 SET character_set_client = @saved_cs_client */;

--
-- Dumping data for table `model_groups`
--

LOCK TABLES `model_groups` WRITE;
/*!40000 ALTER TABLE `model_groups` DISABLE KEYS */;
INSERT INTO `model_groups` VALUES (1,'Category','Beamer','2015-07-07 23:20:09','2015-07-07 23:20:09'),(2,'Category','Kameras','2015-07-07 23:20:09','2015-07-07 23:20:09'),(3,'Category','Stative','2015-07-07 23:20:09','2015-07-07 23:20:09'),(4,'Category','Hifi-Anlagen','2015-07-07 23:20:09','2015-07-07 23:20:09'),(5,'Category','Notebooks','2015-07-07 23:20:09','2015-07-07 23:20:09'),(6,'Category','RC Helikopter','2015-07-07 23:20:09','2015-07-07 23:20:09'),(7,'Category','Computer','2015-07-07 23:20:09','2015-07-07 23:20:09'),(8,'Category','Kurzdistanz','2015-07-07 23:20:09','2015-07-07 23:20:09'),(9,'Category','Portabel','2015-07-07 23:20:09','2015-07-07 23:20:09'),(10,'Category','Standard','2015-07-07 23:20:09','2015-07-07 23:20:09'),(11,'Category','Micro','2015-07-07 23:20:09','2015-07-07 23:20:09'),(12,'Template','Kamera & Stativ','2015-07-07 23:20:09','2015-07-07 23:20:09'),(13,'Template','Beamer & Hifi','2015-07-07 23:20:09','2015-07-07 23:20:09'),(14,'Template','Unaccomplishable template','2015-07-07 23:20:09','2015-07-07 23:20:09');
/*!40000 ALTER TABLE `model_groups` ENABLE KEYS */;
UNLOCK TABLES;

--
-- Table structure for table `model_links`
--

DROP TABLE IF EXISTS `model_links`;
/*!40101 SET @saved_cs_client     = @@character_set_client */;
/*!40101 SET character_set_client = utf8 */;
CREATE TABLE `model_links` (
  `id` int(11) NOT NULL AUTO_INCREMENT,
  `model_group_id` int(11) DEFAULT NULL,
  `model_id` int(11) DEFAULT NULL,
  `quantity` int(11) DEFAULT '1',
  PRIMARY KEY (`id`),
  KEY `index_model_links_on_model_id_and_model_group_id` (`model_id`,`model_group_id`),
  KEY `index_model_links_on_model_group_id_and_model_id` (`model_group_id`,`model_id`)
) ENGINE=InnoDB AUTO_INCREMENT=73 DEFAULT CHARSET=utf8 COLLATE=utf8_unicode_ci;
/*!40101 SET character_set_client = @saved_cs_client */;

--
-- Dumping data for table `model_links`
--

LOCK TABLES `model_links` WRITE;
/*!40000 ALTER TABLE `model_links` DISABLE KEYS */;
INSERT INTO `model_links` VALUES (1,1,58,1),(2,9,58,1),(3,1,59,1),(4,1,60,1),(5,1,62,1),(6,9,62,1),(7,11,63,1),(8,1,64,1),(9,1,65,1),(10,1,66,1),(11,1,67,1),(12,1,68,1),(13,1,69,1),(14,1,70,1),(15,1,71,1),(16,1,72,1),(17,1,73,1),(18,1,74,1),(19,1,75,1),(20,1,76,1),(21,1,77,1),(22,1,78,1),(23,1,79,1),(24,1,80,1),(25,1,81,1),(26,1,82,1),(27,1,83,1),(28,2,84,1),(29,2,85,1),(30,2,86,1),(31,2,87,1),(32,2,88,1),(33,2,89,1),(34,2,90,1),(35,2,91,1),(36,2,92,1),(37,2,93,1),(38,2,94,1),(39,2,95,1),(40,2,96,1),(41,2,97,1),(42,2,98,1),(43,2,99,1),(44,2,100,1),(45,2,101,1),(46,2,102,1),(47,2,103,1),(48,2,104,1),(49,2,105,1),(50,2,106,1),(51,2,107,1),(52,2,108,1),(53,2,109,1),(54,2,110,1),(55,2,111,1),(56,2,112,1),(57,2,113,1),(58,2,114,1),(59,4,115,1),(60,3,116,1),(61,12,84,1),(62,12,116,1),(63,13,58,1),(64,13,115,1),(65,14,84,999),(66,14,116,999),(67,2,145,1),(68,7,146,1),(69,5,147,1),(70,6,148,1),(71,6,149,1),(72,6,150,1);
/*!40000 ALTER TABLE `model_links` ENABLE KEYS */;
UNLOCK TABLES;

--
-- Table structure for table `models`
--

DROP TABLE IF EXISTS `models`;
/*!40101 SET @saved_cs_client     = @@character_set_client */;
/*!40101 SET character_set_client = utf8 */;
CREATE TABLE `models` (
  `id` int(11) NOT NULL AUTO_INCREMENT,
  `type` varchar(255) COLLATE utf8_unicode_ci NOT NULL DEFAULT 'Model',
  `manufacturer` varchar(255) COLLATE utf8_unicode_ci DEFAULT NULL,
  `product` varchar(255) COLLATE utf8_unicode_ci NOT NULL,
  `version` varchar(255) COLLATE utf8_unicode_ci DEFAULT NULL,
  `description` text COLLATE utf8_unicode_ci,
  `internal_description` text COLLATE utf8_unicode_ci,
  `info_url` varchar(255) COLLATE utf8_unicode_ci DEFAULT NULL,
  `rental_price` decimal(8,2) DEFAULT NULL,
  `maintenance_period` int(11) DEFAULT '0',
  `is_package` tinyint(1) DEFAULT '0',
  `technical_detail` text COLLATE utf8_unicode_ci,
  `hand_over_note` text COLLATE utf8_unicode_ci,
  `created_at` datetime DEFAULT NULL,
  `updated_at` datetime DEFAULT NULL,
  PRIMARY KEY (`id`),
  KEY `index_models_on_is_package` (`is_package`),
  KEY `index_models_on_type` (`type`)
) ENGINE=InnoDB AUTO_INCREMENT=281 DEFAULT CHARSET=utf8 COLLATE=utf8_unicode_ci;
/*!40101 SET character_set_client = @saved_cs_client */;

--
-- Dumping data for table `models`
--

LOCK TABLES `models` WRITE;
/*!40000 ALTER TABLE `models` DISABLE KEYS */;
INSERT INTO `models` VALUES (1,'Model','Nitzsche, Luettgen and Streich','Small Granite Table','1','Perferendis amet eveniet ipsum maiores.','Possimus ea ullam ea nobis qui aut.',NULL,NULL,0,0,'Laudantium qui reprehenderit accusamus nisi.','Neque quo quae et exercitationem enim magni.','2015-07-07 23:20:09','2015-07-07 23:20:09'),(2,'Model','Watsica Inc','Gorgeous Concrete Shirt','2','Et placeat deleniti enim amet debitis sed.','Minus velit pariatur magni ut.',NULL,NULL,0,0,'Et aut nobis voluptatum possimus porro aspernatur.','Repellendus cum error sit.','2015-07-07 23:20:09','2015-07-07 23:20:09'),(3,'Model','Altenwerth-Tremblay','Sleek Wooden Car','3','Expedita praesentium minima blanditiis fugiat et ex.','Laudantium est possimus omnis maxime dolorem.',NULL,NULL,1,0,'Maiores quo quaerat et.','Odio asperiores corrupti qui dignissimos sint ipsam dolores cupiditate.','2015-07-07 23:20:09','2015-07-07 23:20:09'),(4,'Model','Larkin LLC','Gorgeous Rubber Hat','4','Est qui architecto esse minima tenetur natus.','Eos error at voluptatibus.',NULL,NULL,3,0,'Ipsa rerum exercitationem qui quia cupiditate deserunt facilis distinctio.','Laboriosam nulla et dolor commodi.','2015-07-07 23:20:09','2015-07-07 23:20:09'),(5,'Model','Stokes-Leuschke','Practical Steel Pants','5','Nisi est exercitationem ut.','Ex repellendus ut autem suscipit.',NULL,NULL,2,0,'Voluptas aut voluptas dolor.','Quos quo perferendis iste occaecati aut.','2015-07-07 23:20:09','2015-07-07 23:20:09'),(6,'Model','Kozey Group','Rustic Concrete Shoes','6','Possimus nihil modi et consequuntur.','Sunt reprehenderit et veritatis blanditiis.',NULL,NULL,0,0,'Fugit non officia asperiores.','Blanditiis officiis commodi repellendus aut saepe placeat tenetur exercitationem.','2015-07-07 23:20:09','2015-07-07 23:20:09'),(7,'Model','Johnston-Cummerata','Gorgeous Plastic Chair','7','Saepe incidunt voluptatem beatae.','Totam recusandae blanditiis repellat.',NULL,NULL,2,0,'Occaecati placeat veritatis ut qui laudantium.','Corporis est sint autem quasi ut.','2015-07-07 23:20:09','2015-07-07 23:20:09'),(8,'Model','Hagenes, Rodriguez and Hand','Small Plastic Shoes','8','Nesciunt id quis eum similique voluptatem.','Optio quaerat aut consequatur omnis ut incidunt rerum.',NULL,NULL,1,0,'Et voluptate sint id velit et consequatur fugiat.','Quia quibusdam enim quia voluptas nihil.','2015-07-07 23:20:09','2015-07-07 23:20:09'),(9,'Model','Lesch, Heaney and Volkman','Intelligent Rubber Chair','9','Nemo vel tenetur voluptates.','Vel tempora id non consequatur sed dolorem.',NULL,NULL,3,0,'Sed distinctio architecto consequatur asperiores odit at.','Eius autem officia nisi in.','2015-07-07 23:20:09','2015-07-07 23:20:09'),(10,'Model','Daniel-Borer','Sleek Steel Car','10','Hic corporis praesentium quia illum dicta assumenda.','Sit dolorem quod at officiis aut ipsum in officia.',NULL,NULL,2,0,'Et quaerat animi qui deserunt earum placeat voluptatem.','Pariatur et aut quae voluptate explicabo in facilis natus.','2015-07-07 23:20:09','2015-07-07 23:20:09'),(11,'Model','Walter-Schmidt','Awesome Concrete Car','11','Id nihil fugiat impedit repudiandae autem quas ex.','Voluptas quisquam repellat itaque est in.',NULL,NULL,0,0,'Dolores a est sit.','Non eveniet eos sed voluptatum quaerat eum in necessitatibus.','2015-07-07 23:20:09','2015-07-07 23:20:09'),(12,'Model','Reichert, Sipes and Dare','Fantastic Rubber Pants','12','Corrupti cum molestiae quaerat placeat et sed autem iusto.','Nihil quae incidunt dolorem.',NULL,NULL,3,0,'Magni facilis consequatur voluptates illo alias iste.','Ut nesciunt earum autem.','2015-07-07 23:20:09','2015-07-07 23:20:09'),(13,'Model','Kreiger, Wiza and Tremblay','Fantastic Plastic Table','13','Aut sed vel sint molestias excepturi ipsum fugiat.','Unde voluptatibus repellat voluptas.',NULL,NULL,3,0,'Ut eum consequatur culpa qui delectus in corrupti et.','Est perferendis est porro et blanditiis.','2015-07-07 23:20:09','2015-07-07 23:20:09'),(14,'Model','Stiedemann and Sons','Sleek Wooden Pants','14','Voluptatem sunt corrupti et vel consequatur hic.','Rerum quas dignissimos et consequuntur voluptatem aut sit.',NULL,NULL,3,0,'Rerum vero dicta eum sed.','Iure eius ipsam quaerat.','2015-07-07 23:20:09','2015-07-07 23:20:09'),(15,'Model','Skiles, O\'Connell and Sanford','Rustic Wooden Gloves','15','Praesentium aut et error tempore accusamus libero.','Qui dicta nesciunt cum.',NULL,NULL,1,0,'Aut laboriosam occaecati similique ut.','Ea eum voluptatem odit dignissimos ducimus eos qui.','2015-07-07 23:20:09','2015-07-07 23:20:09'),(16,'Model','Hyatt, Beier and Klein','Awesome Rubber Computer','16','Debitis magnam consectetur architecto.','Sequi ea corporis accusantium ut.',NULL,NULL,0,0,'Nam esse vel in voluptatem earum.','Quaerat at harum sint a.','2015-07-07 23:20:09','2015-07-07 23:20:09'),(17,'Model','Mertz LLC','Ergonomic Plastic Gloves','17','Occaecati autem ullam velit et iste est aut doloribus.','Laborum repellat nostrum ratione fuga omnis facere sed perferendis.',NULL,NULL,3,0,'Corporis sunt tenetur dolor beatae nostrum optio.','Minus ut ex autem est cumque.','2015-07-07 23:20:09','2015-07-07 23:20:09'),(18,'Model','Hickle-Bosco','Rustic Granite Shirt','18','Necessitatibus labore est quia molestiae.','Rem ut totam cupiditate voluptas.',NULL,NULL,2,0,'Et aut voluptas est esse blanditiis velit quis eos.','Quo non qui consequuntur.','2015-07-07 23:20:09','2015-07-07 23:20:09'),(19,'Model','Bode-Haley','Fantastic Plastic Car','19','Incidunt ipsam est non quasi sint cum ipsa.','Eum molestiae ut quia quia.',NULL,NULL,0,0,'Tempore eveniet in nostrum est eos.','Vero ex atque possimus optio eum harum perspiciatis non.','2015-07-07 23:20:09','2015-07-07 23:20:09'),(20,'Model','Blick Inc','Ergonomic Granite Gloves','20','Quo asperiores enim velit facere accusantium.','Consequatur natus et cumque sed.',NULL,NULL,3,0,'Id eligendi eveniet blanditiis.','Quam nobis laborum consectetur.','2015-07-07 23:20:09','2015-07-07 23:20:09'),(21,'Model','Swift Group','Small Steel Shoes','21','Non ipsa eum nostrum deserunt omnis.','Totam dolorem sit consequuntur.',NULL,NULL,3,0,'Voluptatibus esse cupiditate aut sit consequatur.','Totam corporis aperiam provident corrupti earum et nam dolores.','2015-07-07 23:20:09','2015-07-07 23:20:09'),(22,'Model','Wuckert, Hyatt and Skiles','Sleek Granite Table','22','Voluptatibus sit sed qui laboriosam placeat est.','Cumque animi aut est.',NULL,NULL,1,0,'Voluptatem doloribus ducimus dicta impedit laudantium et aliquid quibusdam.','Ea enim cum excepturi aut.','2015-07-07 23:20:09','2015-07-07 23:20:09'),(23,'Model','Haley LLC','Incredible Rubber Hat','23','Quisquam est sit voluptatem quasi minima repudiandae temporibus dolorem.','Quas exercitationem ullam iure asperiores beatae.',NULL,NULL,0,0,'Perferendis cum natus commodi enim impedit.','Animi exercitationem dolores ut nobis nihil.','2015-07-07 23:20:09','2015-07-07 23:20:09'),(24,'Model','Moore Inc','Ergonomic Granite Chair','24','Cupiditate sit esse corporis facilis saepe.','Quod repellendus eius similique reprehenderit.',NULL,NULL,3,0,'Vel architecto non illo labore ut quisquam.','Officiis quis pariatur nihil veniam et id.','2015-07-07 23:20:09','2015-07-07 23:20:09'),(25,'Model','Lemke LLC','Rustic Rubber Table','25','Eos delectus est deserunt dicta corporis excepturi.','Ab molestias exercitationem magni est incidunt voluptas et non.',NULL,NULL,1,0,'Porro aut minus distinctio officia facere quibusdam.','Voluptatem illum asperiores vel optio deserunt aut delectus.','2015-07-07 23:20:09','2015-07-07 23:20:09'),(26,'Model','Smitham and Sons','Intelligent Steel Car','26','Nisi et enim vitae.','Adipisci ea ut maxime autem est possimus.',NULL,NULL,3,0,'Et rem recusandae sed sunt impedit iste.','Dolores aut voluptatum sed ad libero.','2015-07-07 23:20:09','2015-07-07 23:20:09'),(27,'Model','O\'Keefe, Prosacco and Feil','Gorgeous Plastic Computer','27','Vel nisi molestiae quibusdam qui.','Autem similique et id laudantium reiciendis vel.',NULL,NULL,1,0,'Ut sunt rem quis rerum voluptatem.','Nulla modi alias aut quia vitae voluptatem.','2015-07-07 23:20:09','2015-07-07 23:20:09'),(28,'Model','Moen, Johnston and Abshire','Incredible Rubber Table','28','Et repellat impedit sed nihil voluptas.','Qui ut quo aut repellat quod explicabo et.',NULL,NULL,0,0,'Recusandae sed soluta laboriosam cum.','Illum sint voluptatem ex veniam id eum.','2015-07-07 23:20:09','2015-07-07 23:20:09'),(29,'Model','Parker, Lynch and Murray','Gorgeous Concrete Pants','29','Sint provident quasi facere numquam cupiditate a.','Excepturi veniam consequuntur corporis neque et dicta commodi.',NULL,NULL,3,0,'Cumque omnis repudiandae similique veritatis ut officiis nam.','Veniam et alias nulla consequuntur aperiam quod magni.','2015-07-07 23:20:09','2015-07-07 23:20:09'),(30,'Model','Bernhard, Roberts and Witting','Rustic Plastic Table','30','Et cupiditate sapiente provident.','Omnis ipsum sed vero dolorem molestias alias perferendis.',NULL,NULL,0,0,'Temporibus debitis natus perspiciatis at.','Est voluptatem maxime at.','2015-07-07 23:20:09','2015-07-07 23:20:09'),(31,'Model','Bernhard, Buckridge and Bosco','Awesome Steel Hat','31','Reiciendis aliquid veniam est sed quos velit voluptatem.','Iusto accusantium soluta veniam.',NULL,NULL,2,0,'Quia itaque sunt saepe minima sed neque est quis.','Qui veritatis architecto facilis.','2015-07-07 23:20:09','2015-07-07 23:20:09'),(32,'Model','Marvin and Sons','Fantastic Cotton Shirt','32','Nobis soluta omnis ea sunt.','Odio nesciunt eligendi et.',NULL,NULL,1,0,'Fugit et autem sed recusandae.','Sapiente deleniti sunt sequi.','2015-07-07 23:20:09','2015-07-07 23:20:09'),(33,'Model','Kihn-Farrell','Rustic Wooden Pants','33','Accusantium sit deleniti repudiandae.','Assumenda vel ut ad itaque cumque.',NULL,NULL,1,0,'In omnis et ab quisquam accusantium autem sit.','Dolorem repellendus voluptates explicabo earum in ut.','2015-07-07 23:20:09','2015-07-07 23:20:09'),(34,'Model','Runolfsdottir-Reilly','Incredible Plastic Chair','34','Culpa enim iusto iste nihil voluptas.','Tempore et mollitia libero.',NULL,NULL,1,0,'Qui repellendus praesentium fuga accusamus eveniet.','Saepe ipsum modi pariatur recusandae esse unde.','2015-07-07 23:20:09','2015-07-07 23:20:09'),(35,'Model','Bruen, Rosenbaum and Shields','Incredible Concrete Shoes','35','Enim qui et maxime ea dolore.','Veniam est rerum sed doloribus voluptatem autem cupiditate ea.',NULL,NULL,0,0,'Facere similique minus corporis sit ex.','Alias quaerat quidem officiis quo voluptatem pariatur vel.','2015-07-07 23:20:09','2015-07-07 23:20:09'),(36,'Model','Mills Inc','Ergonomic Concrete Pants','36','Dolores tempore odio est aut exercitationem itaque voluptatem et.','Vel explicabo et accusamus porro molestias nulla.',NULL,NULL,0,0,'Voluptatem fugit minima odio quo veritatis enim.','Illo est et sapiente repellat quaerat enim repellendus temporibus.','2015-07-07 23:20:09','2015-07-07 23:20:09'),(37,'Model','Pagac Group','Practical Rubber Gloves','37','Nostrum fuga quia quidem iusto vero.','Aut fugit possimus est.',NULL,NULL,3,0,'Qui laboriosam nesciunt qui.','Non omnis repellat maxime nostrum quibusdam laborum dolor labore.','2015-07-07 23:20:09','2015-07-07 23:20:09'),(38,'Model','Roberts, Johnston and Shields','Fantastic Wooden Shirt','38','Velit maiores quod laborum amet sunt.','Ut dolor quia corporis aspernatur.',NULL,NULL,2,0,'Eveniet non est veritatis harum nostrum quod.','Magnam sit et earum eos.','2015-07-07 23:20:09','2015-07-07 23:20:09'),(39,'Model','Schaefer Group','Rustic Rubber Hat','39','Voluptatem nesciunt dicta dolor suscipit nam et.','A ea voluptatibus aut excepturi id aut.',NULL,NULL,1,0,'Placeat doloremque nesciunt et qui rerum rerum blanditiis.','Ut doloremque illum eos et tempore quisquam ut.','2015-07-07 23:20:09','2015-07-07 23:20:09'),(40,'Model','Green-Wisozk','Rustic Wooden Shirt','40','Aut cum veniam cupiditate atque.','Ea deleniti accusantium nisi eum totam voluptas eos.',NULL,NULL,0,0,'Illo quia recusandae necessitatibus aut cupiditate.','Labore animi id est ipsa qui aut cum.','2015-07-07 23:20:09','2015-07-07 23:20:09'),(41,'Model','Nolan Group','Rustic Steel Pants','41','Quae voluptatibus ipsam qui esse.','Occaecati qui veritatis sapiente molestiae dolorem possimus.',NULL,NULL,1,0,'Ut facilis dolorum quo assumenda quod quis ratione sed.','Ea hic quia explicabo rerum architecto.','2015-07-07 23:20:09','2015-07-07 23:20:09'),(42,'Model','Schmeler LLC','Ergonomic Rubber Pants','42','Rem qui impedit molestiae quia totam.','Beatae cum fuga iste in iusto ex.',NULL,NULL,0,0,'Dolorum harum magni vel hic odio cupiditate rerum.','Et aut dolore expedita unde ut at incidunt.','2015-07-07 23:20:09','2015-07-07 23:20:09'),(43,'Model','Crist, Mills and Hoppe','Fantastic Plastic Gloves','43','Sunt aliquam eius est.','Voluptas blanditiis fugit tenetur nesciunt.',NULL,NULL,3,0,'Et eos ducimus ullam nemo eveniet.','Adipisci debitis voluptas et quo ab nulla voluptatibus numquam.','2015-07-07 23:20:09','2015-07-07 23:20:09'),(44,'Model','Legros-Schuster','Fantastic Rubber Chair','44','Tenetur qui quod dolores dolorem.','Quis dolores soluta voluptas impedit dignissimos corporis laboriosam.',NULL,NULL,1,0,'Aliquid rerum sed provident laudantium nemo aliquam necessitatibus.','Corrupti dicta quia reprehenderit qui ipsam consequuntur.','2015-07-07 23:20:09','2015-07-07 23:20:09'),(45,'Model','Brown-Carroll','Awesome Plastic Shirt','45','Quia quisquam impedit ullam tempore et.','Et eos ut nulla.',NULL,NULL,3,0,'Nostrum fuga eveniet culpa quia qui.','Nihil esse error laboriosam est.','2015-07-07 23:20:09','2015-07-07 23:20:09'),(46,'Model','O\'Hara LLC','Small Concrete Shirt','46','Quia qui quo quos nostrum explicabo et nulla rem.','Molestiae maxime vel in et in.',NULL,NULL,2,0,'Ea nam et porro.','Quod eius minima unde rerum.','2015-07-07 23:20:09','2015-07-07 23:20:09'),(47,'Model','Quitzon LLC','Fantastic Concrete Pants','47','Suscipit et temporibus illum voluptatibus nostrum voluptas rerum et.','Veniam quos enim dicta delectus vero.',NULL,NULL,0,0,'Maxime accusantium ut voluptas dolorem et.','Magni vel dolore qui animi.','2015-07-07 23:20:09','2015-07-07 23:20:09'),(48,'Model','Watsica, Ledner and Goldner','Awesome Granite Chair','48','In unde neque qui provident.','Impedit sed sunt laboriosam repellat.',NULL,NULL,2,0,'Reprehenderit officiis sint voluptatum dolor voluptas veritatis nihil.','Aut ipsam omnis a sit cupiditate.','2015-07-07 23:20:09','2015-07-07 23:20:09'),(49,'Model','Moen, Morar and Nikolaus','Intelligent Rubber Shoes','49','Non autem est nulla distinctio qui culpa non consequatur.','Voluptatem quod architecto eligendi et quibusdam.',NULL,NULL,2,0,'Illo placeat tempora velit dolorem iure modi.','Impedit suscipit corrupti voluptatem eos.','2015-07-07 23:20:09','2015-07-07 23:20:09'),(50,'Model','Rice LLC','Incredible Cotton Shirt','50','Quidem assumenda nisi dolor culpa optio.','Unde ut placeat explicabo rem et aut veniam sed.',NULL,NULL,2,0,'Consequatur atque laudantium reiciendis sed est.','Omnis quia natus ex quae veritatis quaerat.','2015-07-07 23:20:09','2015-07-07 23:20:09'),(51,'Model','Smitham, Strosin and Marquardt','Awesome Rubber Gloves','51','Optio magnam neque fugit ut et dolor accusantium nisi.','Corporis nesciunt quae ducimus.',NULL,NULL,1,0,'Et recusandae debitis eos veritatis dicta quaerat explicabo atque.','Quibusdam eveniet nulla ut vel vitae.','2015-07-07 23:20:09','2015-07-07 23:20:09'),(52,'Model','King-Dooley','Practical Granite Pants','52','Ex aspernatur laudantium facilis qui et animi ipsa.','Quas at sit dolore quo laboriosam ut eum et.',NULL,NULL,0,0,'Velit doloribus sed eos magni officia et facere ipsum.','Omnis nihil itaque earum provident qui consequatur quidem aliquam.','2015-07-07 23:20:09','2015-07-07 23:20:09'),(53,'Model','Lockman-Hickle','Small Wooden Computer','53','Qui vel magni veniam et.','Vitae expedita libero qui ut.',NULL,NULL,1,0,'Facere in qui maxime odit non sed sequi nesciunt.','Aperiam sed quibusdam nemo.','2015-07-07 23:20:09','2015-07-07 23:20:09'),(54,'Model','Cremin, Schiller and Larson','Incredible Concrete Table','54','Pariatur sit possimus cupiditate corporis similique tempora quidem.','Maxime dolorum aut rerum eligendi ab omnis.',NULL,NULL,3,0,'Libero at distinctio atque.','Reprehenderit adipisci quo architecto quos quasi minus voluptate.','2015-07-07 23:20:09','2015-07-07 23:20:09'),(55,'Model','Hoppe, Bartell and Gerlach','Gorgeous Steel Car','55','Blanditiis eum in ut ratione velit.','Praesentium tempora est vitae vero commodi non facilis voluptas.',NULL,NULL,3,0,'Sed sequi et dolor eius ipsum libero.','Fugit reiciendis optio commodi et sunt inventore veniam minima.','2015-07-07 23:20:09','2015-07-07 23:20:09'),(56,'Model','Haag and Sons','Sleek Granite Computer','56','Eum molestiae voluptatem ut dolorem accusantium est.','Deserunt voluptate dolores placeat non mollitia qui qui ipsa.',NULL,NULL,0,0,'Fugit eum quod quia.','Voluptate cum iste atque.','2015-07-07 23:20:09','2015-07-07 23:20:09'),(57,'Model','Apple','MacBookPro','57','Laptop fr Studis und Angestellte.','Voluptatum doloremque minus quia.',NULL,NULL,0,0,'Molestias repudiandae maiores qui voluptatem facere nostrum.','Mit Verpackung aushndigen.','2015-07-07 23:20:09','2015-07-07 23:20:09'),(58,'Model','Sharp','Sharp Beamer','123','Beamer, geeignet fr alle Verwendungszwecke.','Eum sequi aliquid omnis similique unde reiciendis modi.',NULL,NULL,0,0,'Dolorem qui at neque autem.','Beamer brauch ein VGA Kabel!','2015-07-07 23:20:09','2015-07-07 23:20:09'),(59,'Model','Sharp','Sharp Beamer 2D','58','Beamer, geeignet fr alle Verwendungszwecke.','Vero libero quam totam.',NULL,NULL,0,0,'Nobis esse maxime similique velit ratione earum exercitationem aut.','Eum maxime alias consequatur possimus eaque.','2015-07-07 23:20:09','2015-07-07 23:20:09'),(60,'Model','Panasonic','Mini Beamer','59','Beamer, geeignet fr alle Verwendungszwecke.','Cum velit rem sequi praesentium neque.',NULL,NULL,0,0,'Ut quod eos amet.','Voluptatibus in tenetur cumque omnis odit aliquam numquam iste.','2015-07-07 23:20:09','2015-07-07 23:20:09'),(61,'Model','Sharp','Sharp Beamer','456','Beamer, geeignet fr alle Verwendungszwecke.','Quis totam aut vitae optio et sit voluptate.',NULL,NULL,0,0,'Odit voluptatibus eum quod libero animi et.','Beamer brauch ein VGA Kabel!','2015-07-07 23:20:09','2015-07-07 23:20:09'),(62,'Model','Sony','Ultra Compact Beamer','60','Besonders kleiner Beamer.','Sequi voluptas ut reiciendis repellat quam beatae.',NULL,NULL,0,0,'Magni similique velit molestiae.','Beamer brauch ein VGA Kabel!','2015-07-07 23:20:09','2015-07-07 23:20:09'),(63,'Model','Micro','Micro Beamer','61','Besonders mikro kleiner Beamer.','Dolorum delectus aut nihil est animi ipsa autem.',NULL,NULL,0,0,'Quae fugit esse aut consequatur.','Beamer brauch ein VGA Kabel!','2015-07-07 23:20:09','2015-07-07 23:20:09'),(64,'Model','Sony','Beamer 1 maiores','62','Minima nobis aut deserunt similique sit quisquam molestias eveniet.','Quas qui aut placeat cumque labore excepturi modi.',NULL,NULL,0,0,'Voluptas natus sit nobis doloremque et adipisci qui.','Beamer brauch ein VGA Kabel!','2015-07-07 23:20:09','2015-07-07 23:20:09'),(65,'Model','Sony','Beamer 2 placeat','63','Sunt rerum occaecati qui temporibus expedita odio.','Pariatur fugit est nostrum ut.',NULL,NULL,0,0,'Sed aliquam atque cupiditate quisquam.','Beamer brauch ein VGA Kabel!','2015-07-07 23:20:09','2015-07-07 23:20:09'),(66,'Model','Sony','Beamer 3 quibusdam','64','Temporibus voluptatem ut excepturi nesciunt.','Sapiente ipsa excepturi nam qui.',NULL,NULL,0,0,'Sapiente nihil ullam sed sint et.','Beamer brauch ein VGA Kabel!','2015-07-07 23:20:09','2015-07-07 23:20:09'),(67,'Model','Sony','Beamer 4 asperiores','65','Voluptas aut explicabo perspiciatis distinctio ipsam.','Consequatur et ea fugit ea quidem eligendi.',NULL,NULL,0,0,'Dicta impedit aspernatur et.','Beamer brauch ein VGA Kabel!','2015-07-07 23:20:09','2015-07-07 23:20:09'),(68,'Model','Sony','Beamer 5 repellendus','66','Molestiae occaecati a quod et ea eum.','Vitae omnis sed exercitationem dolore earum.',NULL,NULL,0,0,'Minima libero maxime sit in.','Beamer brauch ein VGA Kabel!','2015-07-07 23:20:09','2015-07-07 23:20:09'),(69,'Model','Sony','Beamer 6 quo','67','Deleniti beatae quas libero expedita sed.','Omnis at voluptatum nesciunt nisi accusantium nulla.',NULL,NULL,0,0,'Qui omnis non enim ut numquam.','Beamer brauch ein VGA Kabel!','2015-07-07 23:20:09','2015-07-07 23:20:09'),(70,'Model','Sony','Beamer 7 qui','68','Eius quaerat pariatur vel accusantium nihil officiis quidem.','Temporibus ratione et esse aut.',NULL,NULL,0,0,'Repudiandae quibusdam voluptas quia hic delectus vitae.','Beamer brauch ein VGA Kabel!','2015-07-07 23:20:09','2015-07-07 23:20:09'),(71,'Model','Sony','Beamer 8 ipsum','69','Corporis odit et iste quia occaecati eum excepturi.','Illo similique voluptas eius suscipit ut voluptatum non qui.',NULL,NULL,0,0,'Voluptatibus quod qui nihil.','Beamer brauch ein VGA Kabel!','2015-07-07 23:20:09','2015-07-07 23:20:09'),(72,'Model','Sony','Beamer 9 deleniti','70','Voluptatem commodi et totam architecto iusto culpa quas nam.','Ut quidem explicabo quo distinctio est quia et.',NULL,NULL,0,0,'Totam enim quasi veritatis officiis culpa quam.','Beamer brauch ein VGA Kabel!','2015-07-07 23:20:09','2015-07-07 23:20:09'),(73,'Model','Sony','Beamer 10 sint','71','Dignissimos maiores ipsam dolor natus quibusdam eos ea iusto.','Dicta facilis pariatur at.',NULL,NULL,0,0,'Culpa iusto numquam sit.','Beamer brauch ein VGA Kabel!','2015-07-07 23:20:09','2015-07-07 23:20:09'),(74,'Model','Sony','Beamer 11 quae','72','Velit quia vitae ab.','Omnis laborum omnis impedit.',NULL,NULL,0,0,'Maxime assumenda totam error nihil repudiandae aut blanditiis beatae.','Beamer brauch ein VGA Kabel!','2015-07-07 23:20:09','2015-07-07 23:20:09'),(75,'Model','Sony','Beamer 12 est','73','Eos vero eum odio itaque nemo.','Id sit illo in voluptates aut rerum sunt.',NULL,NULL,0,0,'Sed unde modi explicabo earum eos doloremque eum necessitatibus.','Beamer brauch ein VGA Kabel!','2015-07-07 23:20:09','2015-07-07 23:20:09'),(76,'Model','Sony','Beamer 13 aut','74','Accusantium iusto consequatur qui occaecati doloribus dolor fuga.','Consequuntur corrupti doloremque quia deleniti eligendi minus cupiditate qui.',NULL,NULL,0,0,'Consequatur quia aut est eos.','Beamer brauch ein VGA Kabel!','2015-07-07 23:20:09','2015-07-07 23:20:09'),(77,'Model','Sony','Beamer 14 sit','75','Dolorem consequatur distinctio est reprehenderit perspiciatis sit aperiam temporibus.','Consequatur rem dolor quo sed maiores asperiores.',NULL,NULL,0,0,'Expedita est autem deserunt nam tempore.','Beamer brauch ein VGA Kabel!','2015-07-07 23:20:09','2015-07-07 23:20:09'),(78,'Model','Sony','Beamer 15 qui','76','Saepe pariatur corrupti aperiam tempora.','Assumenda veritatis neque et.',NULL,NULL,0,0,'Accusamus molestias aliquam ut alias omnis eos quo aut.','Beamer brauch ein VGA Kabel!','2015-07-07 23:20:09','2015-07-07 23:20:09'),(79,'Model','Sony','Beamer 16 commodi','77','Rerum est minima unde adipisci.','Deserunt illum sunt quos.',NULL,NULL,0,0,'Numquam ea quod qui cumque sunt omnis.','Beamer brauch ein VGA Kabel!','2015-07-07 23:20:09','2015-07-07 23:20:09'),(80,'Model','Sony','Beamer 17 placeat','78','Tempora dolorem rerum reiciendis quos odio sapiente.','Vitae debitis explicabo consectetur quo eligendi.',NULL,NULL,0,0,'Placeat laborum rerum et veniam cupiditate minus.','Beamer brauch ein VGA Kabel!','2015-07-07 23:20:09','2015-07-07 23:20:09'),(81,'Model','Sony','Beamer 18 impedit','79','Facilis soluta voluptas accusantium ut a expedita.','Perferendis assumenda minima voluptatem voluptatem.',NULL,NULL,0,0,'Corrupti et occaecati vero ad facere est pariatur.','Beamer brauch ein VGA Kabel!','2015-07-07 23:20:09','2015-07-07 23:20:09'),(82,'Model','Sony','Beamer 19 incidunt','80','Ullam voluptatem excepturi aut numquam praesentium voluptatem in.','Repellat nisi deleniti hic et et esse.',NULL,NULL,0,0,'Ea nesciunt et rerum maxime officia sequi nihil sit.','Beamer brauch ein VGA Kabel!','2015-07-07 23:20:09','2015-07-07 23:20:09'),(83,'Model','Sony','Beamer 20 voluptatem','81','Possimus voluptatem enim est id.','Rem aut ut dolorem natus veritatis.',NULL,NULL,0,0,'Fuga sequi odit aliquid vel tempore.','Beamer brauch ein VGA Kabel!','2015-07-07 23:20:09','2015-07-07 23:20:09'),(84,'Model','Nikon','Kamera Nikon','X12','Super Kamera.','Quae consequuntur omnis impedit odit animi occaecati et.',NULL,NULL,0,0,'Totam qui ipsum numquam quia.','Kamera brauch Akkus!','2015-07-07 23:20:09','2015-07-07 23:20:09'),(85,'Model','Nikon','Camera 1 quo','82','Cupiditate autem voluptatum incidunt occaecati doloremque asperiores ab doloribus.','Pariatur ut aliquid qui dolorem repellendus tempora numquam non.',NULL,NULL,0,0,'Rem possimus totam corporis rerum iste.','Adipisci pariatur officiis earum qui iusto sunt nam.','2015-07-07 23:20:09','2015-07-07 23:20:09'),(86,'Model','Nikon','Camera 2 est','83','Aut numquam velit nam dolore dicta architecto eum.','Aut illo et corporis voluptatum aliquid soluta.',NULL,NULL,0,0,'Minus aliquam eos consequatur quos nobis quia ut.','Dolorum occaecati dolor eum sapiente esse.','2015-07-07 23:20:09','2015-07-07 23:20:09'),(87,'Model','Nikon','Camera 3 explicabo','84','Id impedit omnis deleniti ullam dicta perferendis.','Nobis quos et dolores doloremque asperiores iure.',NULL,NULL,0,0,'Aut aspernatur odio temporibus repellat nemo.','Laboriosam in libero sit odit at.','2015-07-07 23:20:09','2015-07-07 23:20:09'),(88,'Model','Nikon','Camera 4 accusantium','85','Deserunt ut sed quia.','Fugiat cum voluptas laboriosam incidunt quas.',NULL,NULL,0,0,'Minus debitis id consequatur modi et non reprehenderit.','Soluta eveniet iusto deleniti eum.','2015-07-07 23:20:09','2015-07-07 23:20:09'),(89,'Model','Nikon','Camera 5 distinctio','86','Cumque consequuntur distinctio expedita voluptatem.','Ipsum at deserunt sit tenetur ad officiis.',NULL,NULL,0,0,'Mollitia dolores nulla est ducimus quia quos.','Ducimus ex aut corrupti quisquam consequuntur fugit.','2015-07-07 23:20:09','2015-07-07 23:20:09'),(90,'Model','Nikon','Camera 6 et','87','Harum quo error dolore odit tenetur iste labore numquam.','Fugiat possimus sed nemo accusamus eveniet.',NULL,NULL,0,0,'Aperiam perspiciatis accusantium ex deleniti quasi totam aut quia.','Et distinctio nostrum dolores voluptate repellat pariatur.','2015-07-07 23:20:09','2015-07-07 23:20:09'),(91,'Model','Nikon','Camera 7 est','88','Illum necessitatibus voluptas quo ut.','Molestiae iste aut vel nostrum id hic harum ut.',NULL,NULL,0,0,'Officia est et illo esse adipisci enim eligendi.','Aperiam tempore optio sapiente omnis ut itaque eos ut.','2015-07-07 23:20:09','2015-07-07 23:20:09'),(92,'Model','Nikon','Camera 8 quo','89','Et aut aperiam qui.','Id accusamus fugiat reiciendis repudiandae aut magnam.',NULL,NULL,0,0,'Quidem aspernatur porro sequi.','Rerum dolor esse amet modi numquam aperiam.','2015-07-07 23:20:09','2015-07-07 23:20:09'),(93,'Model','Nikon','Camera 9 voluptatem','90','Sed non exercitationem eius.','Dolorem reprehenderit vel est at asperiores incidunt sit.',NULL,NULL,0,0,'Sunt ut deserunt vel ipsam assumenda.','Amet ratione et est culpa itaque deleniti et.','2015-07-07 23:20:09','2015-07-07 23:20:09'),(94,'Model','Nikon','Camera 10 tempora','91','Enim sapiente voluptas qui est rerum.','Cupiditate corrupti necessitatibus in voluptate ipsum.',NULL,NULL,0,0,'Vero sint voluptates amet nisi est accusamus in ducimus.','Officiis fugit modi commodi.','2015-07-07 23:20:09','2015-07-07 23:20:09'),(95,'Model','Nikon','Camera 11 expedita','92','Consequuntur autem exercitationem amet iste quae sed nisi.','Saepe quo quia harum atque eveniet aliquam.',NULL,NULL,0,0,'Consectetur soluta repellat qui dignissimos est.','Sed ipsum velit est iure sequi et.','2015-07-07 23:20:09','2015-07-07 23:20:09'),(96,'Model','Nikon','Camera 12 aut','93','Consequuntur voluptatem sed ea est aut adipisci possimus ut.','Possimus culpa voluptas veritatis maxime reprehenderit omnis ut.',NULL,NULL,0,0,'Est omnis mollitia ipsum et.','Enim sed autem est soluta beatae.','2015-07-07 23:20:09','2015-07-07 23:20:09'),(97,'Model','Nikon','Camera 13 iure','94','Et aut et accusantium quia quos quia.','Iure sed iste deleniti voluptatem earum omnis fugiat sit.',NULL,NULL,0,0,'Dicta voluptas qui in vero occaecati fuga.','Quasi quo corporis deserunt beatae et velit.','2015-07-07 23:20:09','2015-07-07 23:20:09'),(98,'Model','Nikon','Camera 14 voluptas','95','Nesciunt magni sit velit.','Ipsum distinctio odio sapiente enim dolor maxime et officiis.',NULL,NULL,0,0,'Repellendus autem cupiditate non molestiae neque id.','Mollitia blanditiis possimus iusto ut architecto rem consequatur doloribus.','2015-07-07 23:20:09','2015-07-07 23:20:09'),(99,'Model','Nikon','Camera 15 voluptas','96','Nulla labore quas nemo quidem reprehenderit.','Repellendus ipsa excepturi nam quibusdam rerum optio repellat dolores.',NULL,NULL,0,0,'Ut expedita est quo magni voluptatem aut.','Sunt porro voluptate voluptas officiis.','2015-07-07 23:20:09','2015-07-07 23:20:09'),(100,'Model','Nikon','Camera 16 provident','97','Suscipit numquam id et.','Optio non cumque dolorem ipsum sit veritatis iusto porro.',NULL,NULL,0,0,'Eveniet nihil asperiores repellat illo sed rerum.','Ad porro odio molestias quas consequatur ipsa voluptatem eos.','2015-07-07 23:20:09','2015-07-07 23:20:09'),(101,'Model','Nikon','Camera 17 ea','98','Nihil facilis et quia ut aliquam quod quidem.','Maiores est facilis culpa delectus eum earum voluptatem eius.',NULL,NULL,0,0,'Qui itaque eos ipsum.','Ipsum quas eos nobis beatae eos illo.','2015-07-07 23:20:09','2015-07-07 23:20:09'),(102,'Model','Nikon','Camera 18 maiores','99','Voluptates eveniet et perferendis quod sapiente.','Earum porro a dolorem et non dicta.',NULL,NULL,0,0,'Magnam voluptas omnis impedit nihil sed et soluta.','Aspernatur est quasi sapiente voluptas.','2015-07-07 23:20:09','2015-07-07 23:20:09'),(103,'Model','Nikon','Camera 19 impedit','100','Unde id fugiat veniam tempore velit dolor fugit ducimus.','Sint voluptatem alias iusto est quo velit ex ab.',NULL,NULL,0,0,'Repudiandae est iste ut esse accusantium.','Dolorum tempora molestiae maiores aut veritatis praesentium.','2015-07-07 23:20:09','2015-07-07 23:20:09'),(104,'Model','Nikon','Camera 20 rem','101','Voluptatem distinctio placeat sequi.','Corporis incidunt excepturi est quos consequuntur.',NULL,NULL,0,0,'Qui et vitae maxime sequi corrupti.','Voluptatibus commodi quam veritatis.','2015-07-07 23:20:09','2015-07-07 23:20:09'),(105,'Model','Nikon','Camera 21 porro','102','Veniam voluptas accusantium nisi et voluptas quidem provident.','Ab odio ad libero vel est omnis architecto.',NULL,NULL,0,0,'Inventore consequuntur necessitatibus dolorum facilis.','Et eos quod amet voluptatem.','2015-07-07 23:20:09','2015-07-07 23:20:09'),(106,'Model','Nikon','Camera 22 quasi','103','Et placeat qui quia.','Facere temporibus vel ut porro corporis voluptatem.',NULL,NULL,0,0,'Non dolorum id natus nihil doloribus.','Quos ipsam facilis et voluptatum voluptate animi debitis nam.','2015-07-07 23:20:09','2015-07-07 23:20:09'),(107,'Model','Nikon','Camera 23 cum','104','Odit voluptate sit repudiandae consequatur voluptatem aut rerum.','Minima consectetur rem eveniet exercitationem.',NULL,NULL,0,0,'Totam aspernatur ut placeat quaerat et.','Totam omnis saepe et sit consequatur.','2015-07-07 23:20:09','2015-07-07 23:20:09'),(108,'Model','Nikon','Camera 24 nesciunt','105','A deleniti quam possimus veniam.','Dolorum et sit id maxime soluta dicta vero.',NULL,NULL,0,0,'Quia ipsa repudiandae illo dolor velit cupiditate et.','Molestias nemo voluptatem magni.','2015-07-07 23:20:09','2015-07-07 23:20:09'),(109,'Model','Nikon','Camera 25 et','106','Consequatur sequi suscipit ipsam iure.','Est repellat corrupti est ut facere vitae perspiciatis laudantium.',NULL,NULL,0,0,'Accusamus adipisci esse similique optio voluptatem ut nam deleniti.','Rerum et explicabo non minus doloremque accusantium.','2015-07-07 23:20:09','2015-07-07 23:20:09'),(110,'Model','Nikon','Camera 26 rem','107','Illo qui error inventore quae vel minus recusandae nam.','Quia sint aut deserunt.',NULL,NULL,0,0,'Dicta molestias neque debitis consequatur esse cupiditate dolorem quod.','Fugiat natus repellendus quis inventore.','2015-07-07 23:20:09','2015-07-07 23:20:09'),(111,'Model','Nikon','Camera 27 vitae','108','Alias facere quia aliquid voluptas.','Dolorem iste similique laboriosam dolorum excepturi accusantium.',NULL,NULL,0,0,'Veritatis est aut natus omnis voluptate sed dolorem.','Voluptas aut vel et.','2015-07-07 23:20:09','2015-07-07 23:20:09'),(112,'Model','Nikon','Camera 28 architecto','109','Non qui autem officia.','Animi blanditiis quidem accusamus sequi inventore.',NULL,NULL,0,0,'Expedita nihil et non voluptas earum.','Omnis laudantium aliquam non voluptates dolor dolores.','2015-07-07 23:20:09','2015-07-07 23:20:09'),(113,'Model','Nikon','Camera 29 ut','110','Quia esse non reiciendis.','Et voluptatem aspernatur soluta enim optio quos sunt.',NULL,NULL,0,0,'Aut vel quae accusamus cum optio provident et.','Est fuga provident itaque.','2015-07-07 23:20:09','2015-07-07 23:20:09'),(114,'Model','Nikon','Camera 30 impedit','111','Voluptas qui sint enim veritatis nesciunt quo.','Qui tempora quis iusto voluptatem et et repellendus.',NULL,NULL,0,0,'Est sunt odit culpa porro quas.','Assumenda delectus quidem quisquam facilis reiciendis.','2015-07-07 23:20:09','2015-07-07 23:20:09'),(115,'Model','Sony','Hifi Standard','112','Laudantium et voluptatum modi assumenda quo.','Architecto distinctio provident dolorem quia natus.',NULL,NULL,2,0,'Qui voluptates porro et beatae aliquid.','Consequatur earum eum reprehenderit.','2015-07-07 23:20:09','2015-07-07 23:20:09'),(116,'Model','Feli','Kamera Stativ','123','Stabiles Kamera Stativ','Cum consectetur est saepe provident ratione cupiditate odio.',NULL,NULL,0,0,'Asperiores est provident maxime libero quam tenetur iste.','Stativ muss mit Stativtasche ausgehndigt werden.','2015-07-07 23:20:09','2015-07-07 23:20:09'),(117,'Model','Bose','BoseAwesome Cotton Shoes','113','Neque qui et iste. Dolorem molestiae tempore omnis velit sit. Consectetur quaerat laboriosam nemo culpa qui.','Quaerat expedita voluptatum voluptate.',NULL,NULL,0,0,'Doloribus dolorum qui et maiores sequi porro.','Sed sunt voluptates accusamus fugit.','2015-07-07 23:20:09','2015-07-07 23:20:09'),(118,'Model','Bose','BoseSleek Granite Pants','114','Ratione architecto sed nam aliquam est recusandae sit. Eum eaque sunt et. Est in exercitationem eaque nam est.','Doloribus sed laudantium aut totam mollitia quas.',NULL,NULL,0,0,'Possimus ut laboriosam eum reprehenderit id.','Quod assumenda ut necessitatibus molestiae inventore harum ipsum.','2015-07-07 23:20:09','2015-07-07 23:20:09'),(119,'Model','Lynch-Bernhard','Kamera Set','118','Laboriosam rem neque porro nemo odit eos.','Veniam inventore est dignissimos doloremque aliquam blanditiis.',NULL,NULL,2,1,'Explicabo sed modi quidem error.','Magnam aut possimus sed placeat vel.','2015-07-07 23:20:09','2015-07-07 23:20:09'),(120,'Model','Klein-Hilll','Sleek Wooden Computer','119','Dolorem veniam quis aut placeat dolor consequatur ut.','Omnis et eos odit corporis soluta ut illum sed.',NULL,NULL,2,0,'Magni quaerat sint excepturi.','Voluptas ut quod aliquam a.','2015-07-07 23:20:09','2015-07-07 23:20:09'),(121,'Model','Upton Group','Sleek Cotton Hat','120','Quod voluptatem dolore voluptatem.','Et corporis dignissimos voluptatem fugiat voluptas est incidunt.',NULL,NULL,3,0,'Qui nemo eos veniam libero.','Voluptatum iure autem ex assumenda nisi.','2015-07-07 23:20:09','2015-07-07 23:20:09'),(122,'Model','Halvorson-Lebsack','Awesome Plastic Table','121','Tempora quisquam voluptatem sint velit deserunt totam optio nisi.','Eum unde exercitationem qui ut sit.',NULL,NULL,3,0,'Delectus vero architecto ad ullam provident.','Quod nemo corrupti quos.','2015-07-07 23:20:09','2015-07-07 23:20:09'),(123,'Model','Olson, Ziemann and Ziemann','Awesome Steel Car','122','Ut laudantium perferendis consequatur.','Eos aut et quod rerum.',NULL,NULL,0,0,'Ut et a iste odit ullam modi labore in.','Vel animi dolores neque voluptatem id.','2015-07-07 23:20:09','2015-07-07 23:20:09'),(124,'Model','Mayert, Berge and Jast','Incredible Wooden Hat','123','Tenetur enim porro aut fugiat dicta aliquam et consectetur.','Id aperiam aliquid quasi possimus reprehenderit omnis cum.',NULL,NULL,0,0,'Quaerat debitis aliquam saepe magni.','Qui aliquam est temporibus dolor corrupti hic.','2015-07-07 23:20:09','2015-07-07 23:20:09'),(125,'Model','Muller-Smith','Sleek Concrete Car','124','Ipsum voluptas ipsa dolorum.','Assumenda consectetur a quis quod nam quisquam et.',NULL,NULL,2,0,'Aut ea autem vitae deleniti architecto quos.','Iste aut dolorem ex dolores nesciunt rerum.','2015-07-07 23:20:09','2015-07-07 23:20:09'),(126,'Model','Runolfsdottir-Schumm','Fantastic Granite Shirt','125','Aut laudantium magni placeat aspernatur molestias soluta.','Sunt rerum voluptatem molestias.',NULL,NULL,1,0,'Ut dolores suscipit maiores laborum iure quae.','Dignissimos ratione cumque iste excepturi.','2015-07-07 23:20:09','2015-07-07 23:20:09'),(127,'Model','Kub-Pfannerstill','Ergonomic Cotton Shirt','126','Explicabo rerum molestiae voluptas assumenda nemo.','Autem placeat id similique repellat doloremque.',NULL,NULL,2,0,'Aperiam quaerat saepe quasi assumenda iusto officiis.','Repudiandae odio non architecto.','2015-07-07 23:20:09','2015-07-07 23:20:09'),(128,'Model','Casper, Durgan and Rippin','Small Cotton Hat','127','Soluta veniam repudiandae culpa.','Repellendus aut voluptatem iure adipisci sit ipsum dolore ipsam.',NULL,NULL,1,0,'Molestias deleniti voluptatem consequuntur necessitatibus animi autem.','Voluptatem nam et assumenda suscipit est eligendi.','2015-07-07 23:20:09','2015-07-07 23:20:09'),(129,'Model','Kuhlman Inc','Practical Plastic Pants','128','Sunt esse corrupti in eligendi nesciunt.','Tempora qui asperiores voluptatem reprehenderit accusamus impedit sit et.',NULL,NULL,2,0,'Velit laborum et occaecati id esse.','Quia animi nobis eaque soluta.','2015-07-07 23:20:09','2015-07-07 23:20:09'),(130,'Model','Grant-Hyatt','Intelligent Steel Table','129','Autem perspiciatis corrupti adipisci delectus repudiandae neque consequuntur sunt.','Fuga officia sed dolorum eaque.',NULL,NULL,1,0,'Sapiente quis officia incidunt molestiae ut nihil accusantium.','Modi natus quia maiores.','2015-07-07 23:20:09','2015-07-07 23:20:09'),(131,'Model','Thompson-Emmerich','Ergonomic Steel Computer','130','Quisquam dolorem voluptatum ipsam voluptatem vitae in in.','Accusamus eveniet atque explicabo qui est.',NULL,NULL,2,0,'Facere est molestiae magnam officiis.','Dolorum at in inventore numquam harum delectus.','2015-07-07 23:20:09','2015-07-07 23:20:09'),(132,'Model','Padberg, Orn and Balistreri','Kamera Set2','131','A amet molestiae excepturi.','Vero voluptas explicabo ab in rerum.',NULL,NULL,2,1,'Cum facilis dignissimos libero commodi placeat omnis.','Aliquid reiciendis quidem sed.','2015-07-07 23:20:09','2015-07-07 23:20:09'),(133,'Model','Lueilwitz, Brown and Witting','Awesome Rubber Shirt','132','Dolorem veritatis qui adipisci amet.','Labore ut placeat dolore et incidunt.',NULL,NULL,0,0,'Sit quia aut ut.','Delectus vero omnis et expedita fuga neque tempore.','2015-07-07 23:20:09','2015-07-07 23:20:09'),(134,'Model','Considine-Beer','Intelligent Plastic Chair','133','Odit non dolore exercitationem.','Voluptas et expedita ipsam et fugiat.',NULL,NULL,1,0,'Quia molestias quibusdam cupiditate aut ullam nesciunt enim.','Sed facere dolorem voluptas cum.','2015-07-07 23:20:09','2015-07-07 23:20:09'),(135,'Model','Gerhold, O\'Hara and Kihn','Gorgeous Rubber Pants','134','Sapiente ut recusandae rem.','Adipisci est tenetur magnam modi.',NULL,NULL,0,0,'Tempora consectetur dolores ab sit.','Illum est aut omnis nemo asperiores quo.','2015-07-07 23:20:09','2015-07-07 23:20:09'),(136,'Model','Crona-Lesch','Gorgeous Wooden Computer','135','Voluptatem velit quasi doloribus.','Dolorem id cum quasi quod autem ea.',NULL,NULL,1,0,'Exercitationem vero rerum velit.','Cum nihil aut vel tenetur error.','2015-07-07 23:20:09','2015-07-07 23:20:09'),(137,'Model','Goyette, West and Jenkins','Gorgeous Wooden Shirt','136','Quia eum dolor in.','Autem qui laborum voluptatem.',NULL,NULL,2,0,'Omnis voluptatum laboriosam facilis dolorum et eligendi autem similique.','Recusandae corrupti aspernatur quo atque.','2015-07-07 23:20:09','2015-07-07 23:20:09'),(138,'Model','Carter, Brown and Casper','Fantastic Cotton Hat','137','Alias molestiae et qui dolorem tempore itaque sed officiis.','Architecto eos eum et neque dolor modi veniam voluptatem.',NULL,NULL,0,0,'Reiciendis non itaque veniam dolores.','Voluptas quisquam numquam repellendus enim.','2015-07-07 23:20:09','2015-07-07 23:20:09'),(139,'Model','Schuster Group','Practical Granite Hat','138','Fuga et minima alias voluptates ea ea.','Eos eligendi nobis qui ut recusandae minima porro quia.',NULL,NULL,0,0,'Corrupti sit voluptatem commodi.','Aliquam molestiae aut iusto ut reiciendis unde.','2015-07-07 23:20:09','2015-07-07 23:20:09'),(140,'Model','Schumm-Johnson','Incredible Plastic Computer','139','Qui quibusdam porro quae maiores.','Optio facere modi aperiam sint laboriosam hic rem sequi.',NULL,NULL,1,0,'Voluptate molestias totam et saepe.','Est ut quis tenetur ut fuga corporis magni.','2015-07-07 23:20:09','2015-07-07 23:20:09'),(141,'Model','Mante-Bailey','Practical Cotton Pants','140','Perspiciatis ut omnis sit in error consectetur sed.','Sed nihil ipsum architecto mollitia.',NULL,NULL,0,0,'Et quia nulla sunt voluptatum quidem quod.','Unde et similique laboriosam sit est voluptas.','2015-07-07 23:20:09','2015-07-07 23:20:09'),(142,'Model','Kihn, MacGyver and Beahan','Intelligent Wooden Chair','141','Rem consequatur est facere illo dolorum non quibusdam sunt.','Porro ipsum omnis ut exercitationem est vitae sunt sapiente.',NULL,NULL,2,0,'Officia in sit aperiam recusandae.','Officia in occaecati cum beatae vero deserunt.','2015-07-07 23:20:09','2015-07-07 23:20:09'),(143,'Model','Romaguera, Keebler and Monahan','Rustic Rubber Pants','142','Totam voluptas pariatur modi.','Fugit quia voluptas cupiditate et autem aut.',NULL,NULL,3,0,'Autem quis voluptatem molestiae quia perferendis veniam.','Soluta repellat qui et deleniti aut.','2015-07-07 23:20:09','2015-07-07 23:20:09'),(144,'Model','Jones, White and Davis','Fantastic Concrete Gloves','143','Aut deleniti voluptatem soluta voluptatem.','Recusandae reiciendis et nihil itaque voluptatem iure.',NULL,NULL,1,0,'Porro ut est aut.','Enim animi praesentium at.','2015-07-07 23:20:09','2015-07-07 23:20:09'),(145,'Model','Canon','Kamera Canon D5','144','Ganz teure Kamera','Voluptas ut eveniet explicabo ab et eaque hic.',NULL,NULL,0,0,'Ut similique aspernatur eius magni qui.','Kamera brauch Akkus!','2015-07-07 23:20:09','2015-07-07 23:20:09'),(146,'Model','Apple','iMac','145','Apples alter iMac','Consequatur adipisci qui molestiae commodi sed.',NULL,NULL,0,0,'Quia numquam doloribus voluptatem sed id quia.','Enim tenetur possimus harum sint odio.','2015-07-07 23:20:09','2015-07-07 23:20:09'),(147,'Model','Microsoft','Windows Laptop','146','Ein Laptop der Marke Microsoft','Atque a ut eveniet aut quaerat natus.',NULL,NULL,0,0,'Eos doloribus veniam sed animi.','Laptop mit Tasche ausgeben','2015-07-07 23:20:09','2015-07-07 23:20:09'),(148,'Model','Walkera','Walkera v120','1G','3D Helikopter','Tempore quae nostrum tenetur qui nisi occaecati.',NULL,NULL,0,0,'Consequuntur eos aut tempora et ipsam molestias.','Nam quasi voluptas itaque.','2015-07-07 23:20:09','2015-07-07 23:20:09'),(149,'Model','Walkera','Walkera v120','2G','3D Helikopter','Qui ipsum est consequatur et vel deserunt.',NULL,NULL,0,0,'Veritatis dolores aut at minus sapiente dignissimos aut.','Exercitationem ullam sed quos vero.','2015-07-07 23:20:09','2015-07-07 23:20:09'),(150,'Model','Walkera','Walkera v120','3G','3D Helikopter','Ullam molestiae beatae et qui atque aut dolore.',NULL,NULL,0,0,'Adipisci vero voluptas voluptatibus porro.','Quaerat ut cupiditate voluptates omnis eveniet.','2015-07-07 23:20:09','2015-07-07 23:20:09'),(151,'Software','Friesen, Wiegand and Bednar','Gorgeous Cotton Pants','147',NULL,NULL,NULL,NULL,0,0,NULL,NULL,'2015-07-07 23:20:09','2015-07-07 23:20:09'),(152,'Software','Boehm-Hand','Ergonomic Cotton Chair','148',NULL,NULL,NULL,NULL,0,0,NULL,NULL,'2015-07-07 23:20:09','2015-07-07 23:20:09'),(153,'Software','Wisoky-Pfeffer','Practical Concrete Shirt','149',NULL,NULL,NULL,NULL,0,0,NULL,NULL,'2015-07-07 23:20:09','2015-07-07 23:20:09'),(154,'Software','Sauer Inc','Practical Cotton Computer','150',NULL,NULL,NULL,NULL,0,0,NULL,NULL,'2015-07-07 23:20:09','2015-07-07 23:20:09'),(155,'Software','Gerhold-Zemlak','Intelligent Rubber Table','151',NULL,NULL,NULL,NULL,0,0,NULL,NULL,'2015-07-07 23:20:09','2015-07-07 23:20:09'),(156,'Software','Sauer and Sons','Rustic Cotton Computer','152',NULL,NULL,NULL,NULL,0,0,NULL,NULL,'2015-07-07 23:20:09','2015-07-07 23:20:09'),(157,'Software','Dicki, Legros and Oberbrunner','Practical Rubber Pants','153',NULL,NULL,NULL,NULL,0,0,NULL,NULL,'2015-07-07 23:20:09','2015-07-07 23:20:09'),(158,'Software','Cormier, Connelly and Fritsch','Small Wooden Car','154',NULL,NULL,NULL,NULL,0,0,NULL,NULL,'2015-07-07 23:20:09','2015-07-07 23:20:09'),(159,'Software','Hermann, O\'Conner and Doyle','Small Rubber Shirt','155',NULL,NULL,NULL,NULL,0,0,NULL,NULL,'2015-07-07 23:20:09','2015-07-07 23:20:09'),(160,'Software','Boehm, Quigley and Bashirian','Gorgeous Steel Shoes','156',NULL,NULL,NULL,NULL,0,0,NULL,NULL,'2015-07-07 23:20:09','2015-07-07 23:20:09'),(161,'Software','Ledner and Sons','Sleek Wooden Hat','157',NULL,NULL,NULL,NULL,0,0,'test http://test.ch\r\nwww.foo.ch\r\njust a text',NULL,'2015-07-07 23:20:09','2015-07-07 23:20:09'),(162,'Software','Grady-Simonis','Gorgeous Concrete Gloves','158',NULL,NULL,NULL,NULL,0,0,'test http://test.ch\r\nwww.foo.ch\r\njust a text',NULL,'2015-07-07 23:20:09','2015-07-07 23:20:09'),(163,'Model','Bogisich, Goyette and Halvorson','Intelligent Granite Car',NULL,'Ab iste expedita quis praesentium quae ipsam voluptatum.','Sit fugiat mollitia voluptas.',NULL,NULL,1,0,'Eius nobis doloremque qui sint fugiat velit consequatur quo.','Cum omnis voluptatem harum enim excepturi autem.','2015-07-07 23:20:09','2015-07-07 23:20:09'),(164,'Model','Shields Inc','Rustic Granite Table','159','Minus atque id eum.','Rerum et necessitatibus pariatur consequatur non.',NULL,NULL,1,0,'Ad sit omnis amet voluptatem rerum eum aliquid aut.','Tenetur dolorem rerum suscipit aspernatur sed et.','2015-07-05 04:06:46','2015-07-05 04:06:46'),(165,'Model','Brakus-Conn','Rustic Cotton Hat','160','Nemo expedita et quis dolorum facere similique.','Repudiandae perspiciatis doloremque omnis quae asperiores et corrupti.',NULL,NULL,1,0,'Autem omnis necessitatibus culpa.','Aliquid dolorum enim consequuntur ipsam facilis consectetur nesciunt quaerat.','2015-07-05 04:06:46','2015-07-05 04:06:46'),(166,'Model','Kessler, Goyette and Ebert','Practical Steel Hat','161','Dolorem et sit amet est.','Amet rerum tempore exercitationem.',NULL,NULL,3,0,'Corporis pariatur et sed possimus.','Necessitatibus ut quasi ex.','2015-07-05 04:06:47','2015-07-05 04:06:47'),(167,'Model','Gibson, Frami and Murphy','Ergonomic Rubber Shoes','162','Vero quod eveniet quis neque et.','Quia qui aperiam sit error.',NULL,NULL,1,0,'Laborum est voluptas dolor nisi vel reiciendis atque.','Dolorem nemo error id optio laborum pariatur esse.','2015-07-05 04:06:47','2015-07-05 04:06:47'),(168,'Model','Rice-Waelchi','Sleek Rubber Table','163','Ipsum repellat et facilis ut impedit.','Laborum accusamus nobis sunt sit eum dignissimos ad magni.',NULL,NULL,2,0,'Accusamus tenetur hic voluptas tempora qui officiis iste.','Commodi natus quas ducimus placeat quia.','2015-07-05 04:06:47','2015-07-05 04:06:47'),(169,'Model','Homenick Group','Practical Rubber Hat','164','Commodi nihil placeat eius quo.','Aspernatur quia consequatur illum numquam et.',NULL,NULL,0,0,'Nihil in omnis incidunt impedit.','Molestias odio rem provident corrupti porro et sapiente vel.','2015-07-05 04:06:47','2015-07-05 04:06:47'),(170,'Model','Hermann LLC','Practical Concrete Pants','165','Voluptatem quae asperiores esse sed voluptas sint ab impedit.','Assumenda ea quia numquam voluptates odit natus et.',NULL,NULL,1,0,'Eos fugit vero suscipit aut doloremque sunt.','Magni excepturi et quidem.','2015-07-05 04:06:47','2015-07-05 04:06:47'),(171,'Model','Kerluke, Robel and Boyer','Fantastic Plastic Pants','166','Voluptatibus quae debitis et aut.','Asperiores ipsam libero necessitatibus dolorem ipsa porro.',NULL,NULL,2,0,'Voluptas natus optio cupiditate nulla quas ut.','Modi sed soluta illo voluptatem beatae sint.','2015-07-05 04:06:47','2015-07-05 04:06:47'),(172,'Model','Johns-Schmeler','Gorgeous Concrete Computer','167','Quis non debitis labore ut totam.','Quod tempore ratione rerum velit nostrum ab eos at.',NULL,NULL,0,0,'Ullam voluptates reprehenderit doloribus sequi odio earum in.','Qui earum voluptatum est quam harum.','2015-07-05 04:06:47','2015-07-05 04:06:47'),(173,'Model','Gleason-Carter','Small Cotton Pants','168','Eum et consequatur dolores facilis.','Voluptatem porro aut et culpa optio ea.',NULL,NULL,0,0,'Blanditiis dolor libero voluptas.','Tempora culpa molestiae ut ipsa laudantium modi.','2015-07-05 04:06:47','2015-07-05 04:06:47'),(174,'Model','Kovacek and Sons','Gorgeous Concrete Hat','169','Quia totam nulla qui expedita dicta quo eligendi qui.','Corporis debitis a sequi totam minima veniam.',NULL,NULL,2,0,'Quisquam ratione itaque non officiis recusandae.','Nihil dolorem corporis quod officia quisquam.','2015-07-05 04:06:47','2015-07-05 04:06:47'),(175,'Model','Mertz LLC','Incredible Granite Shoes','170','Ad et dolorum accusamus quas aut qui facilis.','Quia sint harum qui natus nesciunt ut.',NULL,NULL,0,0,'Sint voluptatibus velit temporibus.','Delectus fugit in exercitationem aliquid sapiente.','2015-07-05 04:06:47','2015-07-05 04:06:47'),(176,'Model','Mayer Group','Ergonomic Cotton Pants','171','Et iusto delectus quas ut et.','Qui odio tenetur excepturi.',NULL,NULL,0,0,'Quia possimus omnis et nemo ipsum expedita et consequatur.','Qui est impedit aut beatae commodi doloremque.','2015-07-05 04:06:47','2015-07-05 04:06:47'),(177,'Model','McKenzie LLC','Incredible Cotton Shoes','172','Debitis sint quidem tempore quasi alias sed sed dignissimos.','Et tempore consequatur ad blanditiis iusto repudiandae laborum maiores.',NULL,NULL,1,0,'Magni et accusantium nesciunt et iusto aut.','Maxime accusantium corporis reiciendis.','2015-07-05 04:06:47','2015-07-05 04:06:47'),(178,'Model','Tromp, Cummerata and McDermott','Fantastic Concrete Shoes','173','Quisquam iusto exercitationem et numquam dolor nesciunt modi.','Similique voluptatibus consequatur quaerat porro rerum sint enim et.',NULL,NULL,1,0,'Ad et nesciunt ut.','Numquam et earum unde possimus.','2015-07-05 04:06:47','2015-07-05 04:06:47'),(179,'Model','Crona, Schinner and Parker','Small Wooden Gloves','174','Et corporis debitis et vero nihil.','Aut adipisci rerum quos et.',NULL,NULL,2,0,'Aut ut accusamus ut quae.','Autem quaerat et aut sapiente impedit pariatur exercitationem doloribus.','2015-07-05 04:06:47','2015-07-05 04:06:47'),(180,'Model','Collier Inc','Ergonomic Wooden Hat','175','Id iusto corporis itaque facere.','Soluta molestiae doloribus ratione et sed hic est earum.',NULL,NULL,0,0,'Aut dolorem nihil in repudiandae laborum dolor mollitia totam.','Ut et voluptatem expedita similique harum inventore consectetur.','2015-07-05 04:06:47','2015-07-05 04:06:47'),(181,'Model','Bernhard-Ritchie','Small Concrete Computer','176','Et quaerat provident adipisci molestiae possimus non laborum eum.','Dolor aut officiis nesciunt necessitatibus.',NULL,NULL,1,0,'Ut vero laudantium excepturi quam deserunt consectetur eaque odit.','Dolorum voluptas sint fuga totam sit ducimus.','2015-07-05 04:06:47','2015-07-05 04:06:47'),(182,'Model','Barrows, Herman and Pollich','Rustic Cotton Chair','177','Quia placeat qui cupiditate.','Dolore facere laboriosam consequatur reiciendis iusto.',NULL,NULL,0,0,'Quo consequatur esse quaerat eaque quis.','Vel sed nam consequatur dolor alias amet et.','2015-07-05 04:06:47','2015-07-05 04:06:47'),(183,'Model','Ritchie-Rice','Awesome Plastic Gloves','178','Molestias repellat expedita sit odit optio cumque.','Sed ut qui dicta voluptates rem et fugit.',NULL,NULL,2,0,'Iste quia itaque rerum excepturi nisi et.','Atque cumque praesentium occaecati tempora impedit omnis.','2015-07-05 04:06:47','2015-07-05 04:06:47'),(184,'Model','Bauch Inc','Practical Steel Table','179','Iusto voluptatem voluptates fugiat impedit.','Saepe dolorem architecto consequuntur.',NULL,NULL,1,0,'Voluptatem impedit voluptatibus dicta laudantium.','Sed sit animi adipisci quibusdam illum minus et quis.','2015-07-05 04:06:47','2015-07-05 04:06:47'),(185,'Model','Kling, Johnston and Swaniawski','Sleek Steel Chair','180','Necessitatibus et voluptas repellat.','Sit officia fuga suscipit neque sunt distinctio nam possimus.',NULL,NULL,3,0,'Ut dolor in tempore vitae error.','Dolore quidem qui doloremque.','2015-07-05 04:06:47','2015-07-05 04:06:47'),(186,'Model','Hammes LLC','Rustic Steel Car','181','Consequatur molestias dolorum expedita aut modi reiciendis magni est.','Vitae expedita rem veniam ut.',NULL,NULL,1,0,'Perferendis vel doloribus autem reprehenderit laborum.','Qui ipsa minus velit iure.','2015-07-05 04:06:47','2015-07-05 04:06:47'),(187,'Model','Glover LLC','Fantastic Wooden Chair','182','Reiciendis at architecto quia blanditiis eaque et quis.','Asperiores commodi nihil qui autem dolores sit rerum.',NULL,NULL,0,0,'Libero sunt rerum et quaerat similique dolores.','Eius vitae rerum numquam nostrum.','2015-07-05 04:06:47','2015-07-05 04:06:47'),(188,'Model','Lynch-Franecki','Intelligent Cotton Table','183','Ipsum necessitatibus ab eveniet quaerat.','Ad qui aut porro facilis perferendis ut.',NULL,NULL,1,0,'Ratione sit reiciendis odio voluptate voluptates.','Nihil et est voluptatem enim.','2015-07-06 02:53:03','2015-07-06 02:53:03'),(189,'Model','Nikolaus, Fay and Tremblay','Ergonomic Granite Car','184','Laborum aspernatur provident quis magnam quas.','Eveniet est sunt optio consequatur quia.',NULL,NULL,3,0,'Et sit voluptatem non tenetur enim ut ut.','Laudantium aspernatur esse earum dolores totam delectus.','2015-07-06 02:53:03','2015-07-06 02:53:03'),(190,'Model','Dicki, Lynch and Mitchell','Rustic Plastic Computer','185','Provident dolorem est est ipsam nesciunt aperiam.','Cum temporibus deleniti quia quaerat.',NULL,NULL,1,0,'Rerum accusamus in et sint facere illo rem maxime.','Et numquam pariatur aut.','2015-07-06 02:53:03','2015-07-06 02:53:03'),(191,'Model','Blick-Hirthe','Intelligent Concrete Hat','186','Maiores explicabo consequatur rerum corrupti repellat eum quos in.','Ipsum expedita et eos aut veritatis voluptas facere temporibus.',NULL,NULL,1,0,'Vitae quaerat repellat est vero aut eum.','Voluptatem est laudantium similique.','2015-07-06 02:53:03','2015-07-06 02:53:03'),(192,'Model','Gulgowski, King and Mosciski','Awesome Plastic Car','187','A et sequi neque omnis autem veniam laudantium.','Sit necessitatibus provident et reprehenderit natus.',NULL,NULL,1,0,'Autem et ipsam aut.','Autem sint dolor debitis veniam quasi veritatis voluptatum.','2015-07-05 04:14:31','2015-07-05 04:14:31'),(193,'Model','Lehner Group','Gorgeous Wooden Table','188','Quia quis ipsum tenetur molestiae est.','Molestias ex sed consequatur aut voluptas aut exercitationem.',NULL,NULL,3,0,'Sint qui quia enim et animi.','Eos tempore cum deleniti ut.','2015-07-05 04:14:31','2015-07-05 04:14:31'),(194,'Model','Raynor, McLaughlin and Grant','Rustic Granite Gloves','189','Ducimus deserunt dolores ut fugit nisi nemo maxime.','Quam minima consequuntur numquam.',NULL,NULL,1,0,'Possimus iste aut corporis facilis neque quam.','Veniam quia adipisci laborum doloremque repellendus nisi incidunt.','2015-07-05 04:14:31','2015-07-05 04:14:31'),(195,'Model','Parisian, Leffler and Howe','Ergonomic Wooden Car','190','Totam est cupiditate aut.','Voluptas laborum qui ab a odio ea voluptas occaecati.',NULL,NULL,2,0,'Adipisci unde excepturi voluptas quod temporibus voluptatibus.','Corporis rerum et quia velit non.','2015-07-05 04:14:31','2015-07-05 04:14:31'),(196,'Model','Roob, Von and Wisoky','Sleek Granite Car','191','Qui magnam fuga quam nesciunt quia nihil repudiandae impedit.','Mollitia qui sit id fugiat.',NULL,NULL,0,0,'Non placeat autem nihil accusantium porro quaerat.','Esse commodi odit nesciunt enim assumenda et numquam.','2015-07-05 04:14:31','2015-07-05 04:14:31'),(197,'Model','Hoeger and Sons','Small Plastic Gloves','192','Rerum animi dolorum facilis.','Minima optio quo et error qui vitae dicta.',NULL,NULL,2,0,'Est eveniet nemo vitae quia ea iste.','Ex soluta numquam vel illum voluptatibus dolorem quibusdam.','2015-07-05 04:14:31','2015-07-05 04:14:31'),(198,'Model','Goyette-Anderson','Rustic Steel Shoes','193','Et et vero veritatis qui alias quod in eos.','Corporis laboriosam maiores quia in.',NULL,NULL,2,0,'Voluptatibus in explicabo assumenda dolore perspiciatis excepturi ullam quae.','Et non ut eum tempora nesciunt saepe necessitatibus voluptatem.','2015-07-05 04:14:31','2015-07-05 04:14:31'),(199,'Model','Beahan LLC','Gorgeous Granite Chair','194','Sit qui architecto et maiores.','Commodi amet nostrum ipsum quia aut.',NULL,NULL,3,0,'Neque animi non inventore.','Maxime eligendi quam veniam et sint rerum cupiditate atque.','2015-07-05 04:14:31','2015-07-05 04:14:31'),(200,'Model','Rempel-Mitchell','Incredible Wooden Pants','195','Repellat natus sit corrupti alias dicta rerum aspernatur.','Odit optio ut et perspiciatis aut inventore aut veniam.',NULL,NULL,0,0,'Sed qui voluptatem commodi et eos.','Quia ullam est quibusdam exercitationem eaque aliquam.','2015-07-07 23:20:09','2015-07-07 23:20:09'),(201,'Model','Marvin and Sons','Gorgeous Cotton Chair','196','Voluptatibus vitae voluptates quas eveniet ut consequatur sit autem.','Sed magni eum repellat necessitatibus modi et.',NULL,NULL,3,0,'Earum quo autem ducimus ut velit dolor eos.','Laudantium repellendus sint laborum quidem accusantium odit possimus dolorum.','2015-07-07 23:20:09','2015-07-07 23:20:09'),(202,'Model','Kreiger, Runte and Mohr','Gorgeous Granite Computer','197','Architecto enim alias quae exercitationem rerum molestiae.','Aut earum consequuntur iusto.',NULL,NULL,1,0,'Ex vitae error totam aliquid.','Neque sit voluptas voluptatum quidem non voluptate.','2015-07-07 23:20:09','2015-07-07 23:20:09'),(203,'Model','Dibbert-Gibson','Sleek Wooden Table','198','Odit reprehenderit voluptatum ad reiciendis iure.','Qui voluptatum velit qui similique.',NULL,NULL,2,0,'Architecto aut autem nihil magnam soluta quae labore.','Autem distinctio officia consequatur.','2015-07-07 23:20:09','2015-07-07 23:20:09'),(204,'Model','Yost, Konopelski and Kuphal','Awesome Granite Car','199','Voluptas dignissimos est nobis totam sed ut sint.','Ut maiores quia in.',NULL,NULL,1,0,'Modi veniam eos doloremque.','Fuga nam reiciendis est rerum.','2015-07-07 23:20:09','2015-07-07 23:20:09'),(205,'Model','Smitham, Kihn and Pollich','Gorgeous Wooden Chair','200','Voluptas consequatur vel provident rerum enim.','Et voluptates sit maiores.',NULL,NULL,1,0,'Adipisci dolorum et ab blanditiis aliquam nobis aperiam.','Molestiae quis est molestiae velit repellendus quos optio.','2015-07-07 23:20:09','2015-07-07 23:20:09'),(206,'Model','Yundt, Hand and Wisozk','Gorgeous Cotton Table','201','Fugiat impedit ex cupiditate voluptas voluptas repellendus architecto.','Rem qui omnis architecto omnis neque nesciunt.',NULL,NULL,0,0,'Non ipsum aliquid tempore aut tenetur voluptatem distinctio in.','Mollitia non corporis pariatur sint sunt voluptatum.','2015-07-07 23:20:09','2015-07-07 23:20:09'),(207,'Model','Haley, Bradtke and Pfannerstill','Awesome Wooden Car','202','Dolores expedita perspiciatis voluptatem et harum.','Velit sit nisi ea facere rerum.',NULL,NULL,3,0,'Id vel asperiores temporibus repellendus ut voluptatum.','Ullam consequatur numquam fugiat voluptas voluptatem.','2015-07-07 23:20:09','2015-07-07 23:20:09'),(208,'Model','Keebler-Sawayn','Ergonomic Concrete Shoes','203','Placeat minima molestias soluta quisquam omnis quaerat.','Corporis aspernatur iste quas doloribus non incidunt doloremque.',NULL,NULL,1,0,'Eveniet rem et asperiores soluta voluptas unde.','Veritatis et in porro.','2015-07-07 23:20:09','2015-07-07 23:20:09'),(209,'Model','Kuhn, Larkin and Von','Awesome Plastic Hat','204','Corporis error animi iste maiores natus a ut.','Blanditiis itaque qui deserunt soluta.',NULL,NULL,1,0,'Voluptatem rem et provident numquam nostrum ut veniam aliquid.','Soluta qui esse est dolor.','2015-07-07 23:20:09','2015-07-07 23:20:09'),(210,'Model','Raynor-Leuschke','Rustic Rubber Shirt','205','Et amet optio quo doloremque quaerat earum.','Optio tempore excepturi delectus quis omnis laboriosam commodi.',NULL,NULL,1,0,'Est quos velit sit iusto.','Incidunt nam praesentium neque ut eum quo.','2015-07-07 23:20:09','2015-07-07 23:20:09'),(211,'Model','Fritsch and Sons','Fantastic Granite Chair','206','Corporis quia fuga iste voluptas in.','Sit dolor qui ullam dolores eum sed odio nulla.',NULL,NULL,1,0,'Quod quis dolorem fugit tenetur.','In aut quo voluptatibus laborum sapiente.','2015-07-07 23:20:09','2015-07-07 23:20:09'),(212,'Model','Cremin LLC','Gorgeous Granite Shoes','207','Non inventore libero consequuntur fugiat asperiores.','Eos rerum harum et et aperiam et molestiae.',NULL,NULL,2,0,'Reiciendis consequatur accusantium fuga.','Odit suscipit optio impedit aut officia fuga.','2015-07-07 23:20:09','2015-07-07 23:20:09'),(213,'Model','Lynch and Sons','Intelligent Rubber Shirt','208','Sint nam aut et labore maiores vel qui.','Facere et aut commodi enim consequatur.',NULL,NULL,3,0,'Et nihil et quidem doloribus voluptatem eligendi facere amet.','Deserunt assumenda iste dolor.','2015-07-07 23:20:09','2015-07-07 23:20:09'),(214,'Model','Romaguera-Johns','Small Rubber Table','209','Asperiores illum nam facilis amet harum quae.','Qui temporibus assumenda reprehenderit consequuntur incidunt non et.',NULL,NULL,1,0,'Est non suscipit labore laudantium necessitatibus et odit.','Iusto dolorem explicabo aliquam est.','2015-07-07 23:20:09','2015-07-07 23:20:09'),(215,'Model','Murazik-Bogan','Small Concrete Shoes','210','Labore doloremque dolore et exercitationem quaerat enim ad.','Officiis deleniti qui et explicabo voluptate porro sed qui.',NULL,NULL,1,0,'Assumenda delectus perferendis beatae.','Voluptas perspiciatis asperiores et repellendus sequi maiores dolor velit.','2015-07-07 23:20:09','2015-07-07 23:20:09'),(216,'Model','Fay-Dibbert','Practical Concrete Table','211','Tempore rerum quam ut vel dolorem similique possimus ab.','Explicabo asperiores consectetur quia incidunt esse nihil.',NULL,NULL,1,0,'Quasi blanditiis est ex aut et odit in quo.','Dolore alias vel qui ut voluptatem et quos.','2015-07-07 23:20:09','2015-07-07 23:20:09'),(217,'Model','Kertzmann-Hermiston','Sleek Rubber Shirt','212','Dolore vitae porro quas mollitia id eum.','Deleniti ipsam ea aut qui quia dolore aliquam.',NULL,NULL,3,0,'Ratione dolorem modi magni esse.','Quia et ad perspiciatis consectetur.','2015-07-07 23:20:09','2015-07-07 23:20:09'),(218,'Model','Gibson, Dietrich and Homenick','Intelligent Wooden Car','213','Soluta provident ea quia expedita distinctio sint sint eveniet.','Qui iusto doloremque a.',NULL,NULL,3,0,'Neque aut voluptatem officiis optio soluta.','Saepe nihil aliquid assumenda.','2015-07-07 23:20:09','2015-07-07 23:20:09'),(219,'Model','Cole, Pfannerstill and Turner','Small Steel Table','214','Quia molestias repellendus aut.','Aperiam possimus ut et qui nihil.',NULL,NULL,2,0,'Distinctio dolor eligendi suscipit voluptatem aut et enim ea.','Blanditiis autem sunt nesciunt nulla sit optio sed neque.','2015-07-07 23:20:09','2015-07-07 23:20:09'),(220,'Model','Stanton-Konopelski','Awesome Steel Chair','216','Eum totam voluptatum alias ratione vero.','Voluptas quibusdam sint amet labore molestias.',NULL,NULL,1,0,'Recusandae quibusdam aliquid quis.','Aperiam facere quia nesciunt perferendis et eligendi.','2015-07-07 23:20:09','2015-07-07 23:20:09'),(221,'Software','Paucek-Bednar','Incredible Steel Shoes','218',NULL,NULL,NULL,NULL,0,0,NULL,NULL,'2015-07-07 23:20:09','2015-07-07 23:20:09'),(222,'Model','Jacobson-Weber','Small Cotton Shoes','219','Modi numquam quae aut dolore voluptatem.','Mollitia aut at ut nihil.',NULL,NULL,2,0,'Est nulla recusandae laborum quis magnam quibusdam velit.','Libero eius tempora error qui dolor perspiciatis sequi sed.','2015-07-03 00:00:00','2015-07-03 00:00:00'),(223,'Model','Thiel and Sons','Fantastic Plastic Computer','220','Consequuntur quidem libero quia accusamus at ea expedita ipsum.','Numquam consectetur omnis ut modi debitis.',NULL,NULL,2,0,'Ea voluptas qui recusandae voluptates accusamus ratione voluptatem quo.','Qui et enim ad nulla sed earum.','2015-07-03 00:00:00','2015-07-03 00:00:00'),(224,'Model','McClure LLC','Awesome Cotton Chair','221','Aut sapiente qui corporis consectetur eum ipsam.','Nobis sunt quod iste natus.',NULL,NULL,3,0,'Ratione quia sit et quis nemo debitis temporibus quia.','Nesciunt non repudiandae enim voluptas voluptates iusto.','2015-07-03 00:00:00','2015-07-03 00:00:00'),(225,'Model','Senger LLC','Practical Wooden Car','222','In ad cumque ea ducimus.','Rerum eos enim blanditiis illo et architecto.',NULL,NULL,1,0,'Quia vitae libero eos quia commodi.','Expedita aut et illo.','2015-07-03 00:00:00','2015-07-03 00:00:00'),(226,'Model','Schaefer-Skiles','Fantastic Steel Shoes','224','Iusto et dolorum tenetur.','Possimus quis dolor quia qui dicta rerum in.',NULL,NULL,1,0,'Consequatur vero placeat aliquid quis dicta.','Ullam et nihil amet esse officia quia.','2015-07-07 23:20:09','2015-07-07 23:20:09'),(227,'Model','Heathcote-Nolan','Small Steel Pants','225','Rerum asperiores ipsa est.','Et facilis doloremque atque exercitationem.',NULL,NULL,3,0,'Ut saepe temporibus iusto itaque modi tempora omnis.','Omnis ab velit a omnis vel ipsum suscipit et.','2015-07-07 23:20:09','2015-07-07 23:20:09'),(228,'Model','Bauch Group','Awesome Cotton Car','226','Cum nesciunt rerum quia iure.','Beatae et quos odio.',NULL,NULL,0,0,'Quia ipsam quos voluptatem aut.','Aut ab assumenda cumque qui.','2015-07-07 23:20:09','2015-07-07 23:20:09'),(229,'Model','Morar, Cruickshank and Becker','Ergonomic Concrete Gloves','227','Nemo beatae ducimus perspiciatis expedita qui ullam.','Sapiente voluptas voluptatum voluptate expedita eius alias minus placeat.',NULL,NULL,3,0,'Ullam et voluptatem praesentium natus aperiam rem.','Quia ut nisi ipsam id minima.','2015-07-07 23:20:09','2015-07-07 23:20:09'),(230,'Model','Will, Gibson and Weber','Practical Steel Computer','228','Quos non qui nisi illum eveniet aut qui.','Omnis quam eum repellat aut corporis.',NULL,NULL,3,0,'Nam totam molestias earum voluptatum quo rerum aperiam non.','Saepe sed explicabo exercitationem.','2015-07-07 23:20:09','2015-07-07 23:20:09'),(231,'Model','Hegmann-VonRueden','Ergonomic Plastic Computer','229','Soluta sint quod odio necessitatibus quam.','Et nulla aut dolore a.',NULL,NULL,1,0,'Ipsa possimus doloremque est officiis.','Qui deserunt enim autem est perferendis aut aut.','2015-07-07 23:20:09','2015-07-07 23:20:09'),(232,'Model','Gulgowski Group','Sleek Cotton Shoes','230','Doloribus quae labore similique rerum.','Quia omnis illo pariatur saepe quidem voluptatibus.',NULL,NULL,1,0,'Perferendis non distinctio esse voluptatem.','Tempore autem quia est sit animi enim sunt.','2015-07-07 23:20:09','2015-07-07 23:20:09'),(233,'Model','Dietrich, Sauer and Runte','Incredible Wooden Chair','231','Repellat nesciunt assumenda dignissimos cupiditate.','Aut vitae necessitatibus molestias est laudantium quia aut.',NULL,NULL,2,0,'Id non minima suscipit mollitia sunt repellat in et.','Eum et sit quo qui.','2015-07-07 23:20:09','2015-07-07 23:20:09'),(234,'Model','Hammes-Emard','Sleek Wooden Shoes','232','Quidem eum aut esse.','Qui facilis tenetur et.',NULL,NULL,2,0,'Aut quo ut ut nostrum est eligendi laboriosam voluptas.','Quia aperiam tempore cum placeat.','2015-07-07 23:20:09','2015-07-07 23:20:09'),(235,'Model','Nitzsche-Swift','Small Granite Car','233','Voluptatem voluptas harum praesentium.','Delectus dignissimos odit nisi cumque.',NULL,NULL,1,0,'Animi rem reprehenderit non quae laboriosam illo.','Officiis labore vel numquam non.','2015-07-07 23:20:09','2015-07-07 23:20:09'),(236,'Model','Romaguera-Hackett','Fantastic Granite Hat','234','Autem quos temporibus sit.','Facere rem autem quae.',NULL,NULL,1,0,'Omnis voluptate quia omnis modi corrupti consectetur aut.','Consequatur ab repudiandae quod assumenda suscipit exercitationem itaque quis.','2015-07-07 23:20:09','2015-07-07 23:20:09'),(237,'Model','Lebsack, O\'Keefe and Gusikowski','Intelligent Plastic Gloves','235','Quo iusto magnam architecto.','Dolore maiores et repudiandae quod quos.',NULL,NULL,0,0,'Consequatur laboriosam quis maiores perspiciatis adipisci cumque.','Ut non quos iste eveniet qui necessitatibus.','2015-07-07 23:20:09','2015-07-07 23:20:09'),(238,'Model','Koepp-Emmerich','Incredible Rubber Computer','236','Non repellat itaque ducimus aperiam quam.','Voluptate vitae est esse enim quas magni.',NULL,NULL,1,0,'Qui aut optio eveniet.','Ipsam sint quo maxime dolorem sunt molestiae voluptas voluptatem.','2015-07-07 23:20:09','2015-07-07 23:20:09'),(239,'Model','Kuhlman, Hahn and Lynch','Sleek Rubber Hat','237','Blanditiis dignissimos commodi libero molestiae velit quia ex.','Rem et reiciendis commodi.',NULL,NULL,3,0,'Laudantium id illo culpa voluptas est aut.','Id doloremque vitae atque et architecto quam unde fugit.','2015-07-07 23:20:09','2015-07-07 23:20:09'),(240,'Model','Douglas, Hermiston and Miller','Ergonomic Rubber Gloves','238','Deserunt sed expedita reprehenderit veniam vel.','Cumque aut fugiat laudantium reprehenderit.',NULL,NULL,0,0,'Quisquam dicta ut at distinctio corrupti possimus.','Ut rerum eos quo deserunt non voluptate temporibus non.','2015-07-07 23:20:09','2015-07-07 23:20:09'),(241,'Model','Sauer-Gutkowski','Gorgeous Rubber Table','239','Voluptatem enim et nemo esse et quidem qui quia.','Saepe sit voluptas omnis dolorum aut repellat.',NULL,NULL,3,0,'Ad minima eaque corporis aliquid molestiae perspiciatis nihil commodi.','Et repellendus maiores culpa dolore provident.','2015-07-07 23:20:09','2015-07-07 23:20:09'),(242,'Model','Quitzon Group','Gorgeous Steel Computer','240','Quam nulla et id aut ipsam et vel.','Incidunt ea doloremque aliquam ad tenetur.',NULL,NULL,0,0,'Animi quis rerum non earum ipsum.','Deleniti ex quos commodi ut.','2015-07-07 23:20:09','2015-07-07 23:20:09'),(243,'Model','Hermann, Parisian and Anderson','Awesome Steel Gloves','241','Dicta magnam quia provident dolores harum laborum exercitationem atque.','Qui placeat iure voluptatum asperiores omnis dolores.',NULL,NULL,3,0,'Tempore dolor quo eum enim aut odit et.','Quidem ut maiores maxime repellat.','2015-07-03 00:00:00','2015-07-03 00:00:00'),(244,'Model','Sanford-Jacobs','Small Granite Pants','242','Expedita ut voluptatibus et quo minima molestiae nulla.','Adipisci et aperiam non.',NULL,NULL,3,0,'Porro provident vero nostrum aut.','Enim eligendi aut ducimus nihil odit beatae.','2015-07-03 00:00:00','2015-07-03 00:00:00'),(245,'Model','Bergstrom, Olson and Goodwin','Sleek Cotton Car','243','Modi quaerat reprehenderit ad quod voluptatum in laudantium.','Exercitationem architecto dignissimos voluptatem iste ducimus perferendis dolor sint.',NULL,NULL,3,0,'Itaque blanditiis ut aut excepturi.','Eaque non cumque suscipit.','2015-07-03 00:00:00','2015-07-03 00:00:00'),(246,'Model','Spencer, Bogisich and Kuhic','Incredible Granite Computer','244','Illum molestias ratione commodi quaerat esse cum consequatur omnis.','Possimus sapiente qui velit reprehenderit.',NULL,NULL,2,0,'Possimus modi adipisci doloribus excepturi sint quia similique est.','Ab est fugiat dolorem ut et voluptas aspernatur error.','2015-07-03 00:00:00','2015-07-03 00:00:00'),(247,'Model','Satterfield, Borer and Dibbert','Awesome Concrete Table','245','Numquam facere aut sed sunt deleniti est eligendi aperiam.','Error reprehenderit et ut quas fugiat.',NULL,NULL,1,0,'Repellat ad molestiae aut animi dolorem perspiciatis eos facilis.','Sit laudantium ut mollitia.','2015-07-03 00:00:00','2015-07-03 00:00:00'),(248,'Model','Koss LLC','Incredible Plastic Shoes','246','Aut rerum eos dolorum.','Eveniet consequatur ducimus exercitationem deleniti.',NULL,NULL,0,0,'Qui quod odit repellendus fuga doloremque quas ab.','Eos vero animi sit sunt eos distinctio est cupiditate.','2015-07-07 23:20:09','2015-07-07 23:20:09'),(249,'Model','Berge Inc','Practical Granite Computer','247','Accusantium voluptas quaerat praesentium.','Nulla minima nihil dolor beatae quisquam amet.',NULL,NULL,2,0,'Reiciendis cum vitae consequuntur.','Error saepe sed eos eveniet a rerum quis.','2015-07-07 23:20:09','2015-07-07 23:20:09'),(250,'Model','Satterfield Group','Ergonomic Rubber Table','248','Temporibus dolor debitis vitae inventore libero voluptatem.','Dolorum aliquid voluptate sapiente sed similique impedit.',NULL,NULL,3,0,'Est illum qui temporibus vitae quia vel fugit.','Soluta ut rem dolorem impedit et repellat aperiam voluptatum.','2015-07-07 23:20:09','2015-07-07 23:20:09'),(251,'Model','Ernser-Klocko','Incredible Concrete Gloves','249','Atque autem vel vero qui incidunt voluptatum consequatur.','Est doloremque quis at voluptas.',NULL,NULL,3,0,'Officiis assumenda ipsam est quis voluptatem.','Repellat reiciendis debitis in officia ipsum dolore pariatur.','2015-07-07 23:20:09','2015-07-07 23:20:09'),(252,'Model','Lueilwitz and Sons','Sleek Steel Shoes','250','Aut corrupti possimus libero quod ad et aperiam asperiores.','Qui et ipsam blanditiis consequatur qui fugit laborum.',NULL,NULL,2,0,'Dolorum corrupti delectus corporis.','Adipisci minima quia sed enim consectetur asperiores.','2015-07-07 23:20:09','2015-07-07 23:20:09'),(253,'Model','Stroman LLC','Awesome Wooden Pants','251','Odit distinctio tenetur iure iusto dicta excepturi.','Et nemo eius soluta reprehenderit.',NULL,NULL,0,0,'Corporis molestiae rerum sapiente eaque aut.','Nesciunt dolor sint architecto assumenda suscipit.','2015-07-07 23:20:09','2015-07-07 23:20:09'),(254,'Model','Upton-Torphy','Gorgeous Rubber Chair','252','Eaque ullam sunt aliquid eius veniam qui dicta.','Veritatis voluptas sunt similique blanditiis nulla non.',NULL,NULL,0,0,'Quae itaque aperiam quia dolore rerum.','Nam molestiae atque enim.','2015-07-07 23:20:09','2015-07-07 23:20:09'),(255,'Model','Streich LLC','Gorgeous Concrete Shoes','253','Recusandae et labore eius hic.','Commodi veritatis porro error voluptas.',NULL,NULL,3,0,'Quia numquam voluptatem provident architecto ea.','Aut veniam et nesciunt dolores et commodi dolore repudiandae.','2015-07-07 23:20:09','2015-07-07 23:20:09'),(256,'Model','Turcotte-Gutmann','Incredible Granite Hat','254','Optio assumenda voluptatem sit architecto.','Fuga ipsum perspiciatis asperiores.',NULL,NULL,3,0,'Minima eius qui quis aut atque.','Fuga vitae aperiam non.','2015-07-07 23:20:09','2015-07-07 23:20:09'),(257,'Model','Skiles Inc','Sleek Cotton Pants','255','Eligendi accusantium odit et sed natus tempore possimus.','Quae necessitatibus porro optio molestiae omnis deleniti placeat ipsa.',NULL,NULL,0,0,'Et harum saepe officia et dolor quaerat quam.','Fugit est autem debitis at.','2015-07-07 23:20:09','2015-07-07 23:20:09'),(258,'Model','Langosh-Bauch','Intelligent Plastic Table','256','Placeat ex nihil culpa perferendis.','Dolores corporis quae aut quos consequatur id tempore.',NULL,NULL,2,0,'Ducimus et et doloribus ad est rerum sapiente.','Quod harum aliquid sapiente.','2015-07-07 23:20:09','2015-07-07 23:20:09'),(259,'Model','Schimmel and Sons','Ergonomic Plastic Car','257','At ab dolor eum aut ducimus.','Maiores fuga qui dicta eum tempore est repellat reprehenderit.',NULL,NULL,3,0,'Quo voluptatem aut molestias nemo voluptatem doloribus aut.','Molestiae dolorem porro perferendis nostrum.','2015-07-07 23:20:09','2015-07-07 23:20:09'),(260,'Model','Veum-Harvey','Practical Wooden Computer','258','Quis provident et iste dolorem nulla corporis.','Et labore dignissimos recusandae reiciendis ab.',NULL,NULL,2,0,'Sed dolor expedita velit quae hic perferendis qui.','Consequatur sequi voluptas beatae qui aliquam earum.','2015-07-07 23:20:09','2015-07-07 23:20:09'),(261,'Model','Feest Inc','Awesome Rubber Pants','259','Officia voluptas maxime consequatur sed.','Fuga totam et eius eaque sed omnis sunt velit.',NULL,NULL,0,0,'Autem iste facere enim qui.','Quia est est minus omnis explicabo dolorem optio.','2015-07-07 23:20:09','2015-07-07 23:20:09'),(262,'Model','Cremin Group','Intelligent Rubber Gloves','260','Alias aut saepe eos perspiciatis odit consequatur.','Qui eligendi adipisci et enim aliquid omnis quis.',NULL,NULL,3,0,'Autem ex dolor doloremque harum deleniti.','Laboriosam sequi rerum aut minus sit.','2015-07-07 23:20:09','2015-07-07 23:20:09'),(263,'Model','Lynch-Cummings','Incredible Plastic Table','261','Tempore id in vel quasi error.','Quis repellat omnis tempore officia enim rem et deleniti.',NULL,NULL,3,0,'In distinctio pariatur quisquam voluptatem consectetur facere qui omnis.','Sunt amet rerum blanditiis.','2015-07-07 23:20:09','2015-07-07 23:20:09'),(264,'Model','Ledner-Champlin','Rustic Cotton Shoes','262','Alias quasi dolorem odio consectetur non ratione repellendus recusandae.','Ut enim architecto et est.',NULL,NULL,2,0,'Aliquam minus itaque beatae et odio.','Molestiae vel ea et dolor est repudiandae culpa.','2015-07-07 23:20:09','2015-07-07 23:20:09'),(265,'Model','Bahringer, Larkin and Bailey','Rustic Cotton Pants','263','Iusto ratione totam omnis est illum.','Dolorem quo ut aut quos nemo voluptas sed qui.',NULL,NULL,3,0,'Repellendus veniam sed quae voluptates qui quibusdam corrupti impedit.','Non sed eaque sunt quia ut.','2015-07-07 23:20:09','2015-07-07 23:20:09'),(266,'Model','Luettgen-Tromp','Fantastic Rubber Table','264','Sint nihil enim exercitationem.','Tempora sunt omnis vero velit distinctio mollitia doloremque rerum.',NULL,NULL,2,0,'Non quibusdam cupiditate quis aut dolorem.','Cumque ea velit perferendis.','2015-07-07 23:20:09','2015-07-07 23:20:09'),(267,'Model','Anderson Inc','Intelligent Rubber Hat','265','Magnam est harum aut dignissimos omnis ut.','Eveniet omnis architecto labore.',NULL,NULL,2,0,'Blanditiis omnis et possimus aut quia ipsam similique repellendus.','Dolorum explicabo suscipit qui est.','2015-07-07 23:20:09','2015-07-07 23:20:09'),(268,'Model','Larson Inc','Small Granite Chair','266','Adipisci qui amet alias sequi autem repudiandae.','Ad sit dolore culpa sint velit consequatur ut.',NULL,NULL,3,0,'Blanditiis et tenetur veniam molestiae occaecati nam.','Aut dignissimos nihil impedit dolore.','2015-07-07 23:20:09','2015-07-07 23:20:09'),(269,'Model','Hermiston Inc','Intelligent Cotton Pants','267','Mollitia temporibus ea similique quasi.','Impedit distinctio sed qui a et deleniti id.',NULL,NULL,1,0,'Ipsam dicta molestiae et non quaerat voluptatem.','Harum soluta sint et tenetur nemo.','2015-07-07 23:20:09','2015-07-07 23:20:09'),(270,'Model','Beer-Cremin','Intelligent Plastic Shirt','268','Unde veritatis et dolor asperiores voluptas temporibus.','Et illo aspernatur aut laudantium animi voluptatem non tenetur.',NULL,NULL,3,0,'Sed et harum et nam dolor nobis.','Velit doloremque itaque vel.','2015-07-07 23:20:09','2015-07-07 23:20:09'),(271,'Model','Barrows-Murphy','Incredible Granite Gloves','269','Consequuntur in explicabo aut velit blanditiis reprehenderit et quibusdam.','Aut voluptatum aliquam minima a.',NULL,NULL,3,0,'Maiores quo architecto eligendi ex.','Adipisci distinctio vero possimus non sunt.','2015-07-07 23:20:09','2015-07-07 23:20:09'),(272,'Model','Block-Toy','Gorgeous Concrete Table','270','Rerum nesciunt qui fugiat.','Et incidunt nemo nesciunt accusamus delectus temporibus nihil nobis.',NULL,NULL,1,0,'Ad quam deserunt doloribus omnis.','Culpa voluptatem sequi minus eligendi et aut quos.','2015-07-07 23:20:09','2015-07-07 23:20:09'),(273,'Model','Jaskolski, White and Wiza','Fantastic Steel Table','271','Illum maiores sed minus ut distinctio quis.','Expedita velit consequuntur ut illo quidem.',NULL,NULL,0,0,'Animi odio a sed.','Sunt dolores ut voluptatum nihil voluptate.','2015-07-07 23:20:09','2015-07-07 23:20:09'),(274,'Model','Hamill, Wunsch and Hilll','Incredible Steel Computer','272','Accusamus enim cumque debitis autem recusandae corporis.','Quibusdam et iure omnis vitae ratione et.',NULL,NULL,3,0,'Et enim modi nostrum laboriosam recusandae blanditiis.','Quia non optio dolores quia dicta quam consequatur.','2015-07-07 23:20:09','2015-07-07 23:20:09'),(275,'Model','Vandervort Inc','Intelligent Steel Pants','273','Voluptas animi omnis aut ipsum est.','Quibusdam eveniet laborum voluptatem vero voluptas fugiat.',NULL,NULL,3,0,'Qui odit sit et eum quisquam earum.','Mollitia rerum voluptatibus ipsam exercitationem quas aut a natus.','2015-07-07 23:20:09','2015-07-07 23:20:09'),(276,'Model','Turcotte, Larkin and Mueller','Gorgeous Rubber Car','274','Dolorum est quas a ab placeat.','Temporibus nostrum nam sunt ducimus.',NULL,NULL,1,0,'Et qui id incidunt et voluptate velit corporis qui.','Natus sit enim aut sunt.','2015-07-07 23:20:09','2015-07-07 23:20:09'),(277,'Model','Hickle, Satterfield and Murray','Incredible Steel Pants','275','Qui officia recusandae culpa beatae dolores similique velit et.','Dolorem eius veniam nihil ipsum ut distinctio.',NULL,NULL,3,0,'Magnam molestiae error rem aliquid modi.','Iste et repellat necessitatibus aut exercitationem unde.','2015-07-07 23:20:09','2015-07-07 23:20:09'),(278,'Model','Beier, Sporer and Herzog','Practical Steel Shirt','276','Possimus iste in iure sed repellat magni ad.','Maiores excepturi iure doloribus libero.',NULL,NULL,2,0,'Sint quia maxime in officia et quia blanditiis.','Eum vel illo incidunt expedita molestiae possimus quos quaerat.','2015-07-07 23:20:09','2015-07-07 23:20:09'),(279,'Model','Parker Group','Small Plastic Hat','277','Dolores sed illo id.','Sit esse aut earum libero aperiam quasi.',NULL,NULL,2,0,'Sequi a labore harum in et.','Beatae autem sint error exercitationem est qui corrupti.','2015-07-07 23:20:09','2015-07-07 23:20:09'),(280,'Model','Rempel LLC','Fantastic Granite Gloves','278','Incidunt ullam culpa molestiae.','Deleniti beatae dolor libero eum sint.',NULL,NULL,0,0,'Aliquid ad quisquam cupiditate et tempora eum nesciunt.','Eum praesentium aut est enim libero rerum.','2015-07-07 23:20:09','2015-07-07 23:20:09');
/*!40000 ALTER TABLE `models` ENABLE KEYS */;
UNLOCK TABLES;

--
-- Table structure for table `models_compatibles`
--

DROP TABLE IF EXISTS `models_compatibles`;
/*!40101 SET @saved_cs_client     = @@character_set_client */;
/*!40101 SET character_set_client = utf8 */;
CREATE TABLE `models_compatibles` (
  `model_id` int(11) DEFAULT NULL,
  `compatible_id` int(11) DEFAULT NULL,
  KEY `index_models_compatibles_on_compatible_id` (`compatible_id`),
  KEY `index_models_compatibles_on_model_id` (`model_id`)
) ENGINE=InnoDB DEFAULT CHARSET=utf8 COLLATE=utf8_unicode_ci;
/*!40101 SET character_set_client = @saved_cs_client */;

--
-- Dumping data for table `models_compatibles`
--

LOCK TABLES `models_compatibles` WRITE;
/*!40000 ALTER TABLE `models_compatibles` DISABLE KEYS */;
INSERT INTO `models_compatibles` VALUES (148,147),(149,147),(150,147);
/*!40000 ALTER TABLE `models_compatibles` ENABLE KEYS */;
UNLOCK TABLES;

--
-- Table structure for table `notifications`
--

DROP TABLE IF EXISTS `notifications`;
/*!40101 SET @saved_cs_client     = @@character_set_client */;
/*!40101 SET character_set_client = utf8 */;
CREATE TABLE `notifications` (
  `id` int(11) NOT NULL AUTO_INCREMENT,
  `user_id` int(11) DEFAULT NULL,
  `title` varchar(255) COLLATE utf8_unicode_ci DEFAULT '',
  `created_at` datetime NOT NULL,
  PRIMARY KEY (`id`),
  KEY `index_notifications_on_user_id` (`user_id`)
) ENGINE=InnoDB DEFAULT CHARSET=utf8 COLLATE=utf8_unicode_ci;
/*!40101 SET character_set_client = @saved_cs_client */;

--
-- Dumping data for table `notifications`
--

LOCK TABLES `notifications` WRITE;
/*!40000 ALTER TABLE `notifications` DISABLE KEYS */;
/*!40000 ALTER TABLE `notifications` ENABLE KEYS */;
UNLOCK TABLES;

--
-- Table structure for table `numerators`
--

DROP TABLE IF EXISTS `numerators`;
/*!40101 SET @saved_cs_client     = @@character_set_client */;
/*!40101 SET character_set_client = utf8 */;
CREATE TABLE `numerators` (
  `id` int(11) NOT NULL AUTO_INCREMENT,
  `item` int(11) DEFAULT NULL,
  PRIMARY KEY (`id`)
) ENGINE=InnoDB DEFAULT CHARSET=utf8 COLLATE=utf8_unicode_ci;
/*!40101 SET character_set_client = @saved_cs_client */;

--
-- Dumping data for table `numerators`
--

LOCK TABLES `numerators` WRITE;
/*!40000 ALTER TABLE `numerators` DISABLE KEYS */;
/*!40000 ALTER TABLE `numerators` ENABLE KEYS */;
UNLOCK TABLES;

--
-- Table structure for table `options`
--

DROP TABLE IF EXISTS `options`;
/*!40101 SET @saved_cs_client     = @@character_set_client */;
/*!40101 SET character_set_client = utf8 */;
CREATE TABLE `options` (
  `id` int(11) NOT NULL AUTO_INCREMENT,
  `inventory_pool_id` int(11) DEFAULT NULL,
  `inventory_code` varchar(255) COLLATE utf8_unicode_ci DEFAULT NULL,
  `manufacturer` varchar(255) COLLATE utf8_unicode_ci DEFAULT NULL,
  `product` varchar(255) COLLATE utf8_unicode_ci NOT NULL,
  `version` varchar(255) COLLATE utf8_unicode_ci DEFAULT NULL,
  `price` decimal(8,2) DEFAULT NULL,
  PRIMARY KEY (`id`),
  KEY `index_options_on_inventory_pool_id` (`inventory_pool_id`)
) ENGINE=InnoDB AUTO_INCREMENT=7 DEFAULT CHARSET=utf8 COLLATE=utf8_unicode_ci;
/*!40101 SET character_set_client = @saved_cs_client */;

--
-- Dumping data for table `options`
--

LOCK TABLES `options` WRITE;
/*!40000 ALTER TABLE `options` DISABLE KEYS */;
INSERT INTO `options` VALUES (1,1,'akku-aa',NULL,'Akku AA','115',864.00),(2,1,'akku-aaa',NULL,'Akku AAA','116',1106.00),(3,1,'usb',NULL,'USB Kabel','117',699.00),(4,1,'quo9279',NULL,'Incredible Steel Chair','215',41.00),(5,1,'quo2420',NULL,'Ergonomic Rubber Pants','217',510.00),(6,2,'fac1513',NULL,'Gorgeous Wooden Chair','223',1352.00);
/*!40000 ALTER TABLE `options` ENABLE KEYS */;
UNLOCK TABLES;

--
-- Table structure for table `partitions`
--

DROP TABLE IF EXISTS `partitions`;
/*!40101 SET @saved_cs_client     = @@character_set_client */;
/*!40101 SET character_set_client = utf8 */;
CREATE TABLE `partitions` (
  `id` int(11) NOT NULL AUTO_INCREMENT,
  `model_id` int(11) DEFAULT NULL,
  `inventory_pool_id` int(11) DEFAULT NULL,
  `group_id` int(11) DEFAULT NULL,
  `quantity` int(11) DEFAULT NULL,
  PRIMARY KEY (`id`),
  UNIQUE KEY `index_partitions_on_model_id_and_inventory_pool_id_and_group_id` (`model_id`,`inventory_pool_id`,`group_id`)
) ENGINE=InnoDB AUTO_INCREMENT=12 DEFAULT CHARSET=utf8 COLLATE=utf8_unicode_ci;
/*!40101 SET character_set_client = @saved_cs_client */;

--
-- Dumping data for table `partitions`
--

LOCK TABLES `partitions` WRITE;
/*!40000 ALTER TABLE `partitions` DISABLE KEYS */;
INSERT INTO `partitions` VALUES (1,115,1,4,1),(2,149,1,5,1),(3,150,1,6,5),(4,148,1,1,1),(5,84,1,1,1),(6,84,1,2,1),(7,168,1,7,1),(8,175,1,7,1),(9,184,1,7,1),(10,196,1,8,1),(11,205,1,7,1);
/*!40000 ALTER TABLE `partitions` ENABLE KEYS */;
UNLOCK TABLES;

--
-- Temporary view structure for view `partitions_with_generals`
--

DROP TABLE IF EXISTS `partitions_with_generals`;
/*!50001 DROP VIEW IF EXISTS `partitions_with_generals`*/;
SET @saved_cs_client     = @@character_set_client;
SET character_set_client = utf8;
/*!50001 CREATE VIEW `partitions_with_generals` AS SELECT 
 1 AS `model_id`,
 1 AS `inventory_pool_id`,
 1 AS `group_id`,
 1 AS `quantity`*/;
SET character_set_client = @saved_cs_client;

--
-- Table structure for table `properties`
--

DROP TABLE IF EXISTS `properties`;
/*!40101 SET @saved_cs_client     = @@character_set_client */;
/*!40101 SET character_set_client = utf8 */;
CREATE TABLE `properties` (
  `id` int(11) NOT NULL AUTO_INCREMENT,
  `model_id` int(11) DEFAULT NULL,
  `key` varchar(255) COLLATE utf8_unicode_ci DEFAULT NULL,
  `value` varchar(255) COLLATE utf8_unicode_ci DEFAULT NULL,
  PRIMARY KEY (`id`),
  KEY `index_properties_on_model_id` (`model_id`)
) ENGINE=InnoDB AUTO_INCREMENT=13 DEFAULT CHARSET=utf8 COLLATE=utf8_unicode_ci;
/*!40101 SET character_set_client = @saved_cs_client */;

--
-- Dumping data for table `properties`
--

LOCK TABLES `properties` WRITE;
/*!40000 ALTER TABLE `properties` DISABLE KEYS */;
INSERT INTO `properties` VALUES (1,148,'Rotorduchmesser','120'),(2,148,'Akkus','2'),(3,148,'Farbe','Rot'),(4,149,'Rotorduchmesser','120'),(5,149,'Akkus','2'),(6,149,'Farbe','Rot'),(7,149,'max. Speed','80 kmh'),(8,149,'Gyro','Ja'),(9,149,'Achsen','3-Achsen'),(10,150,'Rotorduchmesser','120'),(11,150,'Akkus','2'),(12,150,'Farbe','Rot');
/*!40000 ALTER TABLE `properties` ENABLE KEYS */;
UNLOCK TABLES;

--
-- Table structure for table `purposes`
--

DROP TABLE IF EXISTS `purposes`;
/*!40101 SET @saved_cs_client     = @@character_set_client */;
/*!40101 SET character_set_client = utf8 */;
CREATE TABLE `purposes` (
  `id` int(11) NOT NULL AUTO_INCREMENT,
  `description` text COLLATE utf8_unicode_ci,
  PRIMARY KEY (`id`)
) ENGINE=InnoDB AUTO_INCREMENT=42 DEFAULT CHARSET=utf8 COLLATE=utf8_unicode_ci;
/*!40101 SET character_set_client = @saved_cs_client */;

--
-- Dumping data for table `purposes`
--

LOCK TABLES `purposes` WRITE;
/*!40000 ALTER TABLE `purposes` DISABLE KEYS */;
INSERT INTO `purposes` VALUES (1,'---\n- Inventore quia harum.\n- Rerum aspernatur officia eius.\n'),(2,'---\n- Autem sunt eaque.\n- Aliquam et voluptas.\n'),(3,'Ersatzstativ fr die Ausstellung.'),(4,'Ersatzstativ fr die Ausstellung.'),(5,'Ersatzstativ fr die Ausstellung.'),(6,'Ersatzstativ fr die Ausstellung.'),(7,'Ersatzstativ fr die Ausstellung.'),(8,'Ersatzstativ fr die Ausstellung.'),(9,'Ersatzstativ fr die Ausstellung.'),(10,'Ersatzstativ fr die Ausstellung.'),(11,'Ersatzstativ fr die Ausstellung.'),(12,'Ersatzstativ fr die Ausstellung.'),(13,'Ersatzstativ fr die Ausstellung.'),(14,'Ersatzstativ fr die Ausstellung.'),(15,'Iste quis sequi facere porro modi sunt vel quisquam.'),(16,'Maiores enim magni facere sit et repudiandae dolor.'),(17,'Et minus excepturi odio.'),(18,'Ut veniam sapiente et tempore accusamus.'),(19,'Qui adipisci voluptas voluptatem.'),(20,'Velit eum qui qui voluptatem.'),(21,'Bentige ich fr die Aufnahmen meiner Abschlussarbeit.'),(22,'Debitis ut accusantium quam error voluptate voluptatem ea.'),(23,'Provident nesciunt dignissimos mollitia odio sequi voluptatibus iure.'),(24,'Ersatzstativ fr die Ausstellung.'),(25,'Fr das zweite Austellungswochenende.'),(26,'Fr das dritte Austellungswochenende.'),(27,'Fr die Abschlussarbeit.'),(28,'Ersatzstativ fr die Ausstellung.'),(29,'Bestellung mit Software'),(30,'Um meine Abschlussarbeit zu fotografieren.'),(31,'Minus sapiente itaque ut in libero totam sequi.'),(32,'Um meine Abschlussarbeit zu fotografieren.'),(33,'Um meine Abschlussarbeit zu fotografieren.'),(34,'Paketausgabe'),(35,'Fr meinen aktuellen Kurs.'),(36,'Ersatzstativ fr die Ausstellung.'),(37,'Um meine Abschlussarbeit zu fotografieren.'),(38,'Fotoshooting (Kurs Fotografie).'),(39,'Brauche ich zwingend fr meinen Kurs.'),(40,'Ganz dringend bentigt fr meine Abschlussarbeit.'),(41,'Als Ersatz.');
/*!40000 ALTER TABLE `purposes` ENABLE KEYS */;
UNLOCK TABLES;

--
-- Table structure for table `schema_migrations`
--

DROP TABLE IF EXISTS `schema_migrations`;
/*!40101 SET @saved_cs_client     = @@character_set_client */;
/*!40101 SET character_set_client = utf8 */;
CREATE TABLE `schema_migrations` (
  `version` varchar(255) COLLATE utf8_unicode_ci NOT NULL,
  UNIQUE KEY `unique_schema_migrations` (`version`)
) ENGINE=InnoDB DEFAULT CHARSET=utf8 COLLATE=utf8_unicode_ci;
/*!40101 SET character_set_client = @saved_cs_client */;

--
-- Dumping data for table `schema_migrations`
--

LOCK TABLES `schema_migrations` WRITE;
/*!40000 ALTER TABLE `schema_migrations` DISABLE KEYS */;
INSERT INTO `schema_migrations` VALUES ('20140410180000'),('20140414100000'),('20140415083535'),('20140417113831'),('20140428092844'),('20140515131025');
/*!40000 ALTER TABLE `schema_migrations` ENABLE KEYS */;
UNLOCK TABLES;

--
-- Table structure for table `settings`
--

DROP TABLE IF EXISTS `settings`;
/*!40101 SET @saved_cs_client     = @@character_set_client */;
/*!40101 SET character_set_client = utf8 */;
CREATE TABLE `settings` (
  `id` int(11) NOT NULL AUTO_INCREMENT,
  `smtp_address` varchar(255) COLLATE utf8_unicode_ci DEFAULT NULL,
  `smtp_port` int(11) DEFAULT NULL,
  `smtp_domain` varchar(255) COLLATE utf8_unicode_ci DEFAULT NULL,
  `local_currency_string` varchar(255) COLLATE utf8_unicode_ci DEFAULT NULL,
  `contract_terms` text COLLATE utf8_unicode_ci,
  `contract_lending_party_string` text COLLATE utf8_unicode_ci,
  `email_signature` varchar(255) COLLATE utf8_unicode_ci DEFAULT NULL,
  `default_email` varchar(255) COLLATE utf8_unicode_ci DEFAULT NULL,
  `deliver_order_notifications` tinyint(1) DEFAULT NULL,
  `user_image_url` varchar(255) COLLATE utf8_unicode_ci DEFAULT NULL,
  `ldap_config` varchar(255) COLLATE utf8_unicode_ci DEFAULT NULL,
  `logo_url` varchar(255) COLLATE utf8_unicode_ci DEFAULT NULL,
  `mail_delivery_method` varchar(255) COLLATE utf8_unicode_ci DEFAULT NULL,
  `smtp_username` varchar(255) COLLATE utf8_unicode_ci DEFAULT NULL,
  `smtp_password` varchar(255) COLLATE utf8_unicode_ci DEFAULT NULL,
  `smtp_enable_starttls_auto` tinyint(1) NOT NULL DEFAULT '0',
  `smtp_openssl_verify_mode` varchar(255) COLLATE utf8_unicode_ci NOT NULL DEFAULT 'none',
  `time_zone` varchar(255) COLLATE utf8_unicode_ci NOT NULL DEFAULT 'Bern',
  `disable_manage_section` tinyint(1) NOT NULL DEFAULT '0',
  `disable_manage_section_message` text COLLATE utf8_unicode_ci,
  `disable_borrow_section` tinyint(1) NOT NULL DEFAULT '0',
  `disable_borrow_section_message` text COLLATE utf8_unicode_ci,
  `text` text COLLATE utf8_unicode_ci,
  PRIMARY KEY (`id`)
) ENGINE=InnoDB AUTO_INCREMENT=2 DEFAULT CHARSET=utf8 COLLATE=utf8_unicode_ci;
/*!40101 SET character_set_client = @saved_cs_client */;

--
-- Dumping data for table `settings`
--

LOCK TABLES `settings` WRITE;
/*!40000 ALTER TABLE `settings` DISABLE KEYS */;
INSERT INTO `settings` VALUES (1,'smtp.zhdk.ch',25,'beta.ausleihe.zhdk.ch','CHF','Die Benutzerin/der Benutzer ist bei unsachgemsser Handhabung oder Verlust schadenersatzpflichtig. Sie/Er verpflichtet sich, das Material sorgfltig zu behandeln und gereinigt zu retournieren. Bei mangelbehafteter oder verspteter Rckgabe kann eine Ausleihsperre (bis zu 6 Monaten) verhngt werden. Das geliehene Material bleibt jederzeit uneingeschrnktes Eigentum der Zrcher Hochschule der Knste und darf ausschliesslich fr schulische Zwecke eingesetzt werden. Mit ihrer/seiner Unterschrift akzeptiert die Benutzerin/der Benutzer diese Bedingungen sowie die \'Richtlinie zur Ausleihe von Sachen\' der ZHdK und etwaige abteilungsspezifische Ausleih-Richtlinien.','Your\nAddress\nHere','Das PZ-leihs Team','sender@example.com',0,'http://www.zhdk.ch/?person/foto&width=100&compressionlevel=0&id={:id}',NULL,'/assets/image-logo-zhdk.png','test',NULL,NULL,0,'none','Bern',0,'',0,'',NULL);
/*!40000 ALTER TABLE `settings` ENABLE KEYS */;
UNLOCK TABLES;

--
-- Table structure for table `suppliers`
--

DROP TABLE IF EXISTS `suppliers`;
/*!40101 SET @saved_cs_client     = @@character_set_client */;
/*!40101 SET character_set_client = utf8 */;
CREATE TABLE `suppliers` (
  `id` int(11) NOT NULL AUTO_INCREMENT,
  `name` varchar(255) COLLATE utf8_unicode_ci DEFAULT NULL,
  `created_at` datetime DEFAULT NULL,
  `updated_at` datetime DEFAULT NULL,
  PRIMARY KEY (`id`)
) ENGINE=InnoDB AUTO_INCREMENT=253 DEFAULT CHARSET=utf8 COLLATE=utf8_unicode_ci;
/*!40101 SET character_set_client = @saved_cs_client */;

--
-- Dumping data for table `suppliers`
--

LOCK TABLES `suppliers` WRITE;
/*!40000 ALTER TABLE `suppliers` DISABLE KEYS */;
INSERT INTO `suppliers` VALUES (1,'etesttenetur','2015-07-07 23:20:09','2015-07-07 23:20:09'),(2,'asperioresimpeditsuscipit','2015-07-07 23:20:09','2015-07-07 23:20:09'),(3,'doloresestvoluptatem','2015-07-07 23:20:09','2015-07-07 23:20:09'),(4,'temporeullamofficia','2015-07-07 23:20:09','2015-07-07 23:20:09'),(5,'impeditnemosunt','2015-07-07 23:20:09','2015-07-07 23:20:09'),(6,'animiestfugiat','2015-07-07 23:20:09','2015-07-07 23:20:09'),(7,'modimaximeaut','2015-07-07 23:20:09','2015-07-07 23:20:09'),(8,'doloribusexplicabonon','2015-07-07 23:20:09','2015-07-07 23:20:09'),(9,'liberoexercitationemeveniet','2015-07-07 23:20:09','2015-07-07 23:20:09'),(10,'inciduntmolestiasquo','2015-07-07 23:20:09','2015-07-07 23:20:09'),(11,'sequivelminus','2015-07-07 23:20:09','2015-07-07 23:20:09'),(12,'enimquidemnam','2015-07-07 23:20:09','2015-07-07 23:20:09'),(13,'etrepellattempora','2015-07-07 23:20:09','2015-07-07 23:20:09'),(14,'maioresquidolore','2015-07-07 23:20:09','2015-07-07 23:20:09'),(15,'occaecatietqui','2015-07-07 23:20:09','2015-07-07 23:20:09'),(16,'maioressedsequi','2015-07-07 23:20:09','2015-07-07 23:20:09'),(17,'esttotamaspernatur','2015-07-07 23:20:09','2015-07-07 23:20:09'),(18,'totamnatusvitae','2015-07-07 23:20:09','2015-07-07 23:20:09'),(19,'voluptateminusodit','2015-07-07 23:20:09','2015-07-07 23:20:09'),(20,'etassumendaquo','2015-07-07 23:20:09','2015-07-07 23:20:09'),(21,'quianobismaxime','2015-07-07 23:20:09','2015-07-07 23:20:09'),(22,'quaeratquispraesentium','2015-07-07 23:20:09','2015-07-07 23:20:09'),(23,'eosomnispraesentium','2015-07-07 23:20:09','2015-07-07 23:20:09'),(24,'estdolorumquaerat','2015-07-07 23:20:09','2015-07-07 23:20:09'),(25,'quiautdistinctio','2015-07-07 23:20:09','2015-07-07 23:20:09'),(26,'etetsapiente','2015-07-07 23:20:09','2015-07-07 23:20:09'),(27,'abadipisciet','2015-07-07 23:20:09','2015-07-07 23:20:09'),(28,'temporibusnostrumut','2015-07-07 23:20:09','2015-07-07 23:20:09'),(29,'eteosiusto','2015-07-07 23:20:09','2015-07-07 23:20:09'),(30,'molestiaseosquia','2015-07-07 23:20:09','2015-07-07 23:20:09'),(31,'nisiaspernaturet','2015-07-07 23:20:09','2015-07-07 23:20:09'),(32,'rerumnullavitae','2015-07-07 23:20:09','2015-07-07 23:20:09'),(33,'quimaioresut','2015-07-07 23:20:09','2015-07-07 23:20:09'),(34,'voluptatemnesciuntsed','2015-07-07 23:20:09','2015-07-07 23:20:09'),(35,'exercitationemessemolestiae','2015-07-07 23:20:09','2015-07-07 23:20:09'),(36,'suscipitdoloremqueaspernatur','2015-07-07 23:20:09','2015-07-07 23:20:09'),(37,'asperioresnihilfacilis','2015-07-07 23:20:09','2015-07-07 23:20:09'),(38,'ipsumidamet','2015-07-07 23:20:09','2015-07-07 23:20:09'),(39,'perspiciatisadipiscicupiditate','2015-07-07 23:20:09','2015-07-07 23:20:09'),(40,'delenitiasperioresdelectus','2015-07-07 23:20:09','2015-07-07 23:20:09'),(41,'sitnostrumet','2015-07-07 23:20:09','2015-07-07 23:20:09'),(42,'accusantiuminventoretempore','2015-07-07 23:20:09','2015-07-07 23:20:09'),(43,'errorconsectetursit','2015-07-07 23:20:09','2015-07-07 23:20:09'),(44,'quonihilest','2015-07-07 23:20:09','2015-07-07 23:20:09'),(45,'quasivoluptatemlaudantium','2015-07-07 23:20:09','2015-07-07 23:20:09'),(46,'temporibusquiaqui','2015-07-07 23:20:09','2015-07-07 23:20:09'),(47,'velitquidoloremque','2015-07-07 23:20:09','2015-07-07 23:20:09'),(48,'modidistinctioveniam','2015-07-07 23:20:09','2015-07-07 23:20:09'),(49,'oditconsecteturincidunt','2015-07-07 23:20:09','2015-07-07 23:20:09'),(50,'insequidignissimos','2015-07-07 23:20:09','2015-07-07 23:20:09'),(51,'molestiaelaudantiumautem','2015-07-07 23:20:09','2015-07-07 23:20:09'),(52,'aliquametplaceat','2015-07-07 23:20:09','2015-07-07 23:20:09'),(53,'porroquismolestias','2015-07-07 23:20:09','2015-07-07 23:20:09'),(54,'quaeenimest','2015-07-07 23:20:09','2015-07-07 23:20:09'),(55,'praesentiumautodio','2015-07-07 23:20:09','2015-07-07 23:20:09'),(56,'dolorvoluptasquasi','2015-07-07 23:20:09','2015-07-07 23:20:09'),(57,'providentquaeeveniet','2015-07-07 23:20:09','2015-07-07 23:20:09'),(58,'nullaenimeaque','2015-07-07 23:20:09','2015-07-07 23:20:09'),(59,'veliteligendinesciunt','2015-07-07 23:20:09','2015-07-07 23:20:09'),(60,'eadignissimosdolor','2015-07-07 23:20:09','2015-07-07 23:20:09'),(61,'dictamaximequi','2015-07-07 23:20:09','2015-07-07 23:20:09'),(62,'molestiaeautet','2015-07-07 23:20:09','2015-07-07 23:20:09'),(63,'quaeratvitaedolorem','2015-07-07 23:20:09','2015-07-07 23:20:09'),(64,'voluptasdoloremveritatis','2015-07-07 23:20:09','2015-07-07 23:20:09'),(65,'accusamusharumanimi','2015-07-07 23:20:09','2015-07-07 23:20:09'),(66,'voluptatemquienim','2015-07-07 23:20:09','2015-07-07 23:20:09'),(67,'quiaiurehic','2015-07-07 23:20:09','2015-07-07 23:20:09'),(68,'etanimifugit','2015-07-07 23:20:09','2015-07-07 23:20:09'),(69,'etmollitiacorrupti','2015-07-07 23:20:09','2015-07-07 23:20:09'),(70,'harumrerumest','2015-07-07 23:20:09','2015-07-07 23:20:09'),(71,'voluptatemvoluptatesblanditiis','2015-07-07 23:20:09','2015-07-07 23:20:09'),(72,'consequaturullamunde','2015-07-07 23:20:09','2015-07-07 23:20:09'),(73,'voluptatemsedveritatis','2015-07-07 23:20:09','2015-07-07 23:20:09'),(74,'animiautconsequatur','2015-07-07 23:20:09','2015-07-07 23:20:09'),(75,'quinamqui','2015-07-07 23:20:09','2015-07-07 23:20:09'),(76,'voluptasquosat','2015-07-07 23:20:09','2015-07-07 23:20:09'),(77,'etminimaodio','2015-07-07 23:20:09','2015-07-07 23:20:09'),(78,'debitispraesentiumiure','2015-07-07 23:20:09','2015-07-07 23:20:09'),(79,'delenitivelerror','2015-07-07 23:20:09','2015-07-07 23:20:09'),(80,'animiplaceatvoluptas','2015-07-07 23:20:09','2015-07-07 23:20:09'),(81,'estvoluptatemrepellendus','2015-07-07 23:20:09','2015-07-07 23:20:09'),(82,'voluptateidquia','2015-07-07 23:20:09','2015-07-07 23:20:09'),(83,'debitisnihilmolestias','2015-07-07 23:20:09','2015-07-07 23:20:09'),(84,'occaecatirepudiandaeaut','2015-07-07 23:20:09','2015-07-07 23:20:09'),(85,'istenecessitatibusitaque','2015-07-07 23:20:09','2015-07-07 23:20:09'),(86,'nobisautquod','2015-07-07 23:20:09','2015-07-07 23:20:09'),(87,'quodebitisaccusamus','2015-07-07 23:20:09','2015-07-07 23:20:09'),(88,'expeditanondoloremque','2015-07-07 23:20:09','2015-07-07 23:20:09'),(89,'sitquisquamqui','2015-07-07 23:20:09','2015-07-07 23:20:09'),(90,'aperiamdoloreconsectetur','2015-07-07 23:20:09','2015-07-07 23:20:09'),(91,'cumblanditiisea','2015-07-07 23:20:09','2015-07-07 23:20:09'),(92,'errorquiadolor','2015-07-07 23:20:09','2015-07-07 23:20:09'),(93,'assumendabeataequos','2015-07-07 23:20:09','2015-07-07 23:20:09'),(94,'impeditomnisaccusantium','2015-07-07 23:20:09','2015-07-07 23:20:09'),(95,'etconsequatura','2015-07-07 23:20:09','2015-07-07 23:20:09'),(96,'voluptasexercitationemdoloribus','2015-07-07 23:20:09','2015-07-07 23:20:09'),(97,'laborumvoluptatemet','2015-07-07 23:20:09','2015-07-07 23:20:09'),(98,'cumquenoniusto','2015-07-07 23:20:09','2015-07-07 23:20:09'),(99,'ametsedquo','2015-07-07 23:20:09','2015-07-07 23:20:09'),(100,'estautemvoluptatum','2015-07-07 23:20:09','2015-07-07 23:20:09'),(101,'sitnatusiste','2015-07-07 23:20:09','2015-07-07 23:20:09'),(102,'dolorumrationeullam','2015-07-07 23:20:09','2015-07-07 23:20:09'),(103,'architectodebitissoluta','2015-07-07 23:20:09','2015-07-07 23:20:09'),(104,'aliquamdoloremqueharum','2015-07-07 23:20:09','2015-07-07 23:20:09'),(105,'etsedsit','2015-07-07 23:20:09','2015-07-07 23:20:09'),(106,'autdoloremvel','2015-07-07 23:20:09','2015-07-07 23:20:09'),(107,'doloremsedquos','2015-07-07 23:20:09','2015-07-07 23:20:09'),(108,'delenitivoluptaset','2015-07-07 23:20:09','2015-07-07 23:20:09'),(109,'dolorumquaeratsuscipit','2015-07-07 23:20:09','2015-07-07 23:20:09'),(110,'quorerumut','2015-07-07 23:20:09','2015-07-07 23:20:09'),(111,'quilaudantiumsimilique','2015-07-07 23:20:09','2015-07-07 23:20:09'),(112,'sitexpeditadistinctio','2015-07-07 23:20:09','2015-07-07 23:20:09'),(113,'laboreiustocorrupti','2015-07-07 23:20:09','2015-07-07 23:20:09'),(114,'etetaut','2015-07-07 23:20:09','2015-07-07 23:20:09'),(115,'doloresrepellatsit','2015-07-07 23:20:09','2015-07-07 23:20:09'),(116,'vitaeinciduntdistinctio','2015-07-07 23:20:09','2015-07-07 23:20:09'),(117,'quisvelitnesciunt','2015-07-07 23:20:09','2015-07-07 23:20:09'),(118,'rationeistearchitecto','2015-07-07 23:20:09','2015-07-07 23:20:09'),(119,'abdoloremquenesciunt','2015-07-07 23:20:09','2015-07-07 23:20:09'),(120,'estpraesentiumea','2015-07-07 23:20:09','2015-07-07 23:20:09'),(121,'eiusdelenitidolorem','2015-07-07 23:20:09','2015-07-07 23:20:09'),(122,'abaccusantiumvoluptatem','2015-07-07 23:20:09','2015-07-07 23:20:09'),(123,'estmolestiaeesse','2015-07-07 23:20:09','2015-07-07 23:20:09'),(124,'dolorperferendisqui','2015-07-07 23:20:09','2015-07-07 23:20:09'),(125,'quiadharum','2015-07-07 23:20:09','2015-07-07 23:20:09'),(126,'estquodaut','2015-07-07 23:20:09','2015-07-07 23:20:09'),(127,'officiaminussed','2015-07-07 23:20:09','2015-07-07 23:20:09'),(128,'dignissimosvoluptatehic','2015-07-07 23:20:09','2015-07-07 23:20:09'),(129,'namearumincidunt','2015-07-07 23:20:09','2015-07-07 23:20:09'),(130,'quisipsavoluptates','2015-07-07 23:20:09','2015-07-07 23:20:09'),(131,'earumrerumvitae','2015-07-07 23:20:09','2015-07-07 23:20:09'),(132,'etporroamet','2015-07-07 23:20:09','2015-07-07 23:20:09'),(133,'sitexautem','2015-07-07 23:20:09','2015-07-07 23:20:09'),(134,'nemoearumquia','2015-07-07 23:20:09','2015-07-07 23:20:09'),(135,'dolorquisquidem','2015-07-07 23:20:09','2015-07-07 23:20:09'),(136,'molestiaeipsamsunt','2015-07-07 23:20:09','2015-07-07 23:20:09'),(137,'debitisdelenitirepellat','2015-07-07 23:20:09','2015-07-07 23:20:09'),(138,'distinctioquaerateaque','2015-07-07 23:20:09','2015-07-07 23:20:09'),(139,'delectusquiet','2015-07-07 23:20:09','2015-07-07 23:20:09'),(140,'estoditdicta','2015-07-07 23:20:09','2015-07-07 23:20:09'),(141,'autetveritatis','2015-07-07 23:20:09','2015-07-07 23:20:09'),(142,'veniampraesentiumnecessitatibus','2015-07-07 23:20:09','2015-07-07 23:20:09'),(143,'eavoluptasamet','2015-07-07 23:20:09','2015-07-07 23:20:09'),(144,'quodteneturarchitecto','2015-07-07 23:20:09','2015-07-07 23:20:09'),(145,'abquiafugiat','2015-07-07 23:20:09','2015-07-07 23:20:09'),(146,'totammaioreseos','2015-07-07 23:20:09','2015-07-07 23:20:09'),(147,'quoscorruptiomnis','2015-07-07 23:20:09','2015-07-07 23:20:09'),(148,'inlaborummaiores','2015-07-07 23:20:09','2015-07-07 23:20:09'),(149,'solutaetdistinctio','2015-07-07 23:20:09','2015-07-07 23:20:09'),(150,'inquaeipsam','2015-07-07 23:20:09','2015-07-07 23:20:09'),(151,'uteosearum','2015-07-05 04:06:46','2015-07-05 04:06:46'),(152,'pariaturvoluptassequi','2015-07-05 04:06:46','2015-07-05 04:06:46'),(153,'laboreetconsequatur','2015-07-05 04:06:47','2015-07-05 04:06:47'),(154,'quiimpeditquia','2015-07-05 04:06:47','2015-07-05 04:06:47'),(155,'officiavoluptatesed','2015-07-05 04:06:47','2015-07-05 04:06:47'),(156,'minimaexcepturiimpedit','2015-07-05 04:06:47','2015-07-05 04:06:47'),(157,'iustoquaeaut','2015-07-05 04:06:47','2015-07-05 04:06:47'),(158,'quocommodisaepe','2015-07-05 04:06:47','2015-07-05 04:06:47'),(159,'solutaipsanecessitatibus','2015-07-05 04:06:47','2015-07-05 04:06:47'),(160,'perspiciatisquibusdamaspernatur','2015-07-05 04:06:47','2015-07-05 04:06:47'),(161,'corporisexplicaboquo','2015-07-05 04:06:47','2015-07-05 04:06:47'),(162,'quasvoluptatibusquasi','2015-07-05 04:06:47','2015-07-05 04:06:47'),(163,'saepepariaturvel','2015-07-05 04:06:47','2015-07-05 04:06:47'),(164,'necessitatibusaliasqui','2015-07-05 04:06:47','2015-07-05 04:06:47'),(165,'exercitationemconsequunturomnis','2015-07-05 04:06:47','2015-07-05 04:06:47'),(166,'voluptatemadignissimos','2015-07-05 04:06:47','2015-07-05 04:06:47'),(167,'nihilaccusamusipsam','2015-07-05 04:06:47','2015-07-05 04:06:47'),(168,'facereadmaxime','2015-07-05 04:06:47','2015-07-05 04:06:47'),(169,'utimpeditexcepturi','2015-07-05 04:06:47','2015-07-05 04:06:47'),(170,'cupiditateexsit','2015-07-05 04:06:47','2015-07-05 04:06:47'),(171,'eumnihildolorem','2015-07-05 04:06:47','2015-07-05 04:06:47'),(172,'ducimushicminima','2015-07-06 02:53:03','2015-07-06 02:53:03'),(173,'consectetureanesciunt','2015-07-06 02:53:03','2015-07-06 02:53:03'),(174,'quasquiea','2015-07-06 02:53:03','2015-07-06 02:53:03'),(175,'autassumendasit','2015-07-06 02:53:03','2015-07-06 02:53:03'),(176,'ipsumquiaccusantium','2015-07-05 04:14:31','2015-07-05 04:14:31'),(177,'doloremquisquamveritatis','2015-07-05 04:14:31','2015-07-05 04:14:31'),(178,'aliquamnemoperspiciatis','2015-07-05 04:14:31','2015-07-05 04:14:31'),(179,'abdelenitifacilis','2015-07-05 04:14:31','2015-07-05 04:14:31'),(180,'suntnisimolestias','2015-07-05 04:14:31','2015-07-05 04:14:31'),(181,'voluptatemquiat','2015-07-05 04:14:31','2015-07-05 04:14:31'),(182,'idetperspiciatis','2015-07-05 04:14:31','2015-07-05 04:14:31'),(183,'quirecusandaemodi','2015-07-07 23:20:09','2015-07-07 23:20:09'),(184,'autemrationequia','2015-07-07 23:20:09','2015-07-07 23:20:09'),(185,'voluptatibusrepudiandaedolorem','2015-07-07 23:20:09','2015-07-07 23:20:09'),(186,'voluptatemsimiliquererum','2015-07-07 23:20:09','2015-07-07 23:20:09'),(187,'eosdoloremqueasperiores','2015-07-07 23:20:09','2015-07-07 23:20:09'),(188,'repellendusexatque','2015-07-07 23:20:09','2015-07-07 23:20:09'),(189,'utaperiamquibusdam','2015-07-07 23:20:09','2015-07-07 23:20:09'),(190,'solutaametexpedita','2015-07-07 23:20:09','2015-07-07 23:20:09'),(191,'undebeataeut','2015-07-07 23:20:09','2015-07-07 23:20:09'),(192,'velassumendaaut','2015-07-07 23:20:09','2015-07-07 23:20:09'),(193,'autconsequunturdoloremque','2015-07-07 23:20:09','2015-07-07 23:20:09'),(194,'maximesolutaducimus','2015-07-07 23:20:09','2015-07-07 23:20:09'),(195,'etdelectusid','2015-07-07 23:20:09','2015-07-07 23:20:09'),(196,'architectocupiditatesaepe','2015-07-07 23:20:09','2015-07-07 23:20:09'),(197,'fugitplaceatquia','2015-07-07 23:20:09','2015-07-07 23:20:09'),(198,'teneturconsequaturnon','2015-07-07 23:20:09','2015-07-07 23:20:09'),(199,'doloreaperiampraesentium','2015-07-07 23:20:09','2015-07-07 23:20:09'),(200,'quaeratestquasi','2015-07-07 23:20:09','2015-07-07 23:20:09'),(201,'providentquianostrum','2015-07-07 23:20:09','2015-07-07 23:20:09'),(202,'rerumfugitmolestiae','2015-07-07 23:20:09','2015-07-07 23:20:09'),(203,'dignissimosconsequunturconsectetur','2015-07-03 00:00:00','2015-07-03 00:00:00'),(204,'repudiandaeconsequaturexplicabo','2015-07-03 00:00:00','2015-07-03 00:00:00'),(205,'voluptaseanisi','2015-07-03 00:00:00','2015-07-03 00:00:00'),(206,'hiccupiditatevelit','2015-07-07 23:20:09','2015-07-07 23:20:09'),(207,'aliquamquirepudiandae','2015-07-07 23:20:09','2015-07-07 23:20:09'),(208,'veritatisundeblanditiis','2015-07-07 23:20:09','2015-07-07 23:20:09'),(209,'quasiestrerum','2015-07-07 23:20:09','2015-07-07 23:20:09'),(210,'quofacerefacilis','2015-07-07 23:20:09','2015-07-07 23:20:09'),(211,'hicsuntpossimus','2015-07-07 23:20:09','2015-07-07 23:20:09'),(212,'rationesitdistinctio','2015-07-07 23:20:09','2015-07-07 23:20:09'),(213,'facereutitaque','2015-07-07 23:20:09','2015-07-07 23:20:09'),(214,'autoditcorrupti','2015-07-07 23:20:09','2015-07-07 23:20:09'),(215,'voluptatemaccusantiumquisquam','2015-07-07 23:20:09','2015-07-07 23:20:09'),(216,'similiquefacilisenim','2015-07-07 23:20:09','2015-07-07 23:20:09'),(217,'quimaximeet','2015-07-07 23:20:09','2015-07-07 23:20:09'),(218,'doloribusadipiscinam','2015-07-07 23:20:09','2015-07-07 23:20:09'),(219,'delenitifacilisillum','2015-07-07 23:20:09','2015-07-07 23:20:09'),(220,'quivelmolestiae','2015-07-07 23:20:09','2015-07-07 23:20:09'),(221,'rationeutquia','2015-07-07 23:20:09','2015-07-07 23:20:09'),(222,'estinquia','2015-07-07 23:20:09','2015-07-07 23:20:09'),(223,'voluptasquosdeleniti','2015-07-03 00:00:00','2015-07-03 00:00:00'),(224,'estvelest','2015-07-03 00:00:00','2015-07-03 00:00:00'),(225,'praesentiumfacilisdicta','2015-07-03 00:00:00','2015-07-03 00:00:00'),(226,'distinctioestquia','2015-07-03 00:00:00','2015-07-03 00:00:00'),(227,'temporerationedolore','2015-07-03 00:00:00','2015-07-03 00:00:00'),(228,'repudiandaelaborumaccusantium','2015-07-07 23:20:09','2015-07-07 23:20:09'),(229,'quiexplicaboharum','2015-07-07 23:20:09','2015-07-07 23:20:09'),(230,'atdoloresimilique','2015-07-07 23:20:09','2015-07-07 23:20:09'),(231,'doloredoloremquevero','2015-07-07 23:20:09','2015-07-07 23:20:09'),(232,'exercitationemdebitisillo','2015-07-07 23:20:09','2015-07-07 23:20:09'),(233,'eaenimofficia','2015-07-07 23:20:09','2015-07-07 23:20:09'),(234,'voluptatemcorruptiaut','2015-07-07 23:20:09','2015-07-07 23:20:09'),(235,'quosquicum','2015-07-07 23:20:09','2015-07-07 23:20:09'),(236,'quisquamquidemipsa','2015-07-07 23:20:09','2015-07-07 23:20:09'),(237,'nondoloremiusto','2015-07-07 23:20:09','2015-07-07 23:20:09'),(238,'optiocorrupticumque','2015-07-07 23:20:09','2015-07-07 23:20:09'),(239,'minimautfacilis','2015-07-07 23:20:09','2015-07-07 23:20:09'),(240,'aliasdoloresvel','2015-07-07 23:20:09','2015-07-07 23:20:09'),(241,'sederrorexcepturi','2015-07-07 23:20:09','2015-07-07 23:20:09'),(242,'doloremessenemo','2015-07-07 23:20:09','2015-07-07 23:20:09'),(243,'laboreanimisimilique','2015-07-07 23:20:09','2015-07-07 23:20:09'),(244,'autvitaeodit','2015-07-07 23:20:09','2015-07-07 23:20:09'),(245,'suntoptiodolores','2015-07-07 23:20:09','2015-07-07 23:20:09'),(246,'nihilestlaboriosam','2015-07-07 23:20:09','2015-07-07 23:20:09'),(247,'veritatisliberoab','2015-07-07 23:20:09','2015-07-07 23:20:09'),(248,'possimusvoluptateaccusamus','2015-07-07 23:20:09','2015-07-07 23:20:09'),(249,'consecteturquisexplicabo','2015-07-07 23:20:09','2015-07-07 23:20:09'),(250,'perspiciatiseumvoluptas','2015-07-07 23:20:09','2015-07-07 23:20:09'),(251,'nostrumperferendisarchitecto','2015-07-07 23:20:09','2015-07-07 23:20:09'),(252,'providentminusreprehenderit','2015-07-07 23:20:09','2015-07-07 23:20:09');
/*!40000 ALTER TABLE `suppliers` ENABLE KEYS */;
UNLOCK TABLES;

--
-- Table structure for table `users`
--

DROP TABLE IF EXISTS `users`;
/*!40101 SET @saved_cs_client     = @@character_set_client */;
/*!40101 SET character_set_client = utf8 */;
CREATE TABLE `users` (
  `id` int(11) NOT NULL AUTO_INCREMENT,
  `login` varchar(255) COLLATE utf8_unicode_ci DEFAULT NULL,
  `firstname` varchar(255) COLLATE utf8_unicode_ci DEFAULT NULL,
  `lastname` varchar(255) COLLATE utf8_unicode_ci DEFAULT NULL,
  `phone` varchar(255) COLLATE utf8_unicode_ci DEFAULT NULL,
  `authentication_system_id` int(11) DEFAULT '1',
  `unique_id` varchar(255) COLLATE utf8_unicode_ci DEFAULT NULL,
  `email` varchar(255) COLLATE utf8_unicode_ci DEFAULT NULL,
  `badge_id` varchar(255) COLLATE utf8_unicode_ci DEFAULT NULL,
  `address` varchar(255) COLLATE utf8_unicode_ci DEFAULT NULL,
  `city` varchar(255) COLLATE utf8_unicode_ci DEFAULT NULL,
  `zip` varchar(255) COLLATE utf8_unicode_ci DEFAULT NULL,
  `country` varchar(255) COLLATE utf8_unicode_ci DEFAULT NULL,
  `language_id` int(11) DEFAULT NULL,
  `extended_info` text COLLATE utf8_unicode_ci,
  `settings` varchar(1024) COLLATE utf8_unicode_ci DEFAULT NULL,
  `created_at` datetime DEFAULT NULL,
  `updated_at` datetime DEFAULT NULL,
  `delegator_user_id` int(11) DEFAULT NULL,
  PRIMARY KEY (`id`),
  KEY `index_users_on_authentication_system_id` (`authentication_system_id`)
) ENGINE=InnoDB AUTO_INCREMENT=35 DEFAULT CHARSET=utf8 COLLATE=utf8_unicode_ci;
/*!40101 SET character_set_client = @saved_cs_client */;

--
-- Dumping data for table `users`
--

LOCK TABLES `users` WRITE;
/*!40000 ALTER TABLE `users` DISABLE KEYS */;
INSERT INTO `users` VALUES (1,'ramon','Ramon','C.','05612792742',1,'grky5cozevgufojk17','ramon@zhdk.ch','b93kculn9rgn0esyca','3378 Kuhlman Union','Port Oletashire','E-Y0A 5BZ','Equatorial Guinea',2,NULL,'--- !ruby/hash:ActiveSupport::HashWithIndifferentAccess {}\n','2015-07-07 23:20:09','2015-07-07 23:20:09',NULL),(2,'tomas_fritsch_5387','Ethan','Lowe','03719443362',1,'z4hcy9r6t55oz15p0p','alfredo.rutherford@jenkins.biz','azdc6osvrahvyhy933','126 Alison Isle','North Hilbertport','C-YG9 1DE','Cambodia',1,NULL,'--- !ruby/hash:ActiveSupport::HashWithIndifferentAccess {}\n','2015-07-07 23:20:09','2015-07-07 23:20:09',NULL),(3,'elta.rowe_2650','Wilber','Jacobson','05518908587',1,'ka3mgcmvbskc4yk0nr','grayson@olson.biz','rgcveuzu1r8tu27sco','17170 Llewellyn Prairie','South Garthside','R-LQ2 4DE','Reunion',1,NULL,'--- !ruby/hash:ActiveSupport::HashWithIndifferentAccess {}\n','2015-07-07 23:20:09','2015-07-07 23:20:09',NULL),(4,'grady_torphy_2164','Sister','Greenholt','08830801847',1,'fvximu17px5280do8u','roscoe@jones.biz','bj1vynb2cyt0s0jxku','52937 Hanna Extension','North Lonfurt','S-W3B 7TZ','South Georgia and the South Sandwich Islands',1,NULL,'--- !ruby/hash:ActiveSupport::HashWithIndifferentAccess {}\n','2015-07-07 23:20:09','2015-07-07 23:20:09',NULL),(5,'beaulah_6112','Marilie','Stanton','0169771431',1,'kcfkvsmu5y9faw7et9','mariana.jast@mcdermott.co.uk','ue7ljuspwkl7ry5f9q','4620 Charley Vista','East Marquis','B-WU5X 1LA','Bhutan',1,NULL,'--- !ruby/hash:ActiveSupport::HashWithIndifferentAccess {}\n','2015-07-07 23:20:09','2015-07-07 23:20:09',NULL),(6,'darrick.jerde_1646','Rahsaan','Lindgren','0500830001',1,'jrsi1sdgamt44gyeh5','bryce_wiza@collierflatley.name','8m7rq0sdr15mgy6wuc','46404 Arlie Square','Serenityside','N-A6A 2JL','Norfolk Island',1,NULL,'--- !ruby/hash:ActiveSupport::HashWithIndifferentAccess {}\n','2015-07-07 23:20:09','2015-07-07 23:20:09',NULL),(7,'zachary_4048','Valentina','Jakubowski','08978698407',1,'xif6liigr33lhv06ja','darion_lueilwitz@ferry.co.uk','g2h17x3ncpw3fbhqn2','5866 Abshire Brook','East Ressieland','B-U6 5BD','Bahamas',1,NULL,'--- !ruby/hash:ActiveSupport::HashWithIndifferentAccess {}\n','2015-07-07 23:20:09','2015-07-07 23:20:09',NULL),(8,'matti','Matti','S.','05577974714',1,'nddt57qwd0mvaj00tc','matti@zhdk.ch','hr965o3eo2037kueaz','56407 Maci Bypass','Antwanville','B-OC4 8JA','Bulgaria',2,NULL,'--- !ruby/hash:ActiveSupport::HashWithIndifferentAccess {}\n','2015-07-07 23:20:09','2015-07-07 23:20:09',NULL),(9,'mike','Mike','H.','0800151195',1,'0ficb8revygw66yt6r','mike@zhdk.ch','pxxl5ag6gqh07062j1','59636 Alexie Islands','New Everettemouth','B-W3 9DD','Burundi',2,NULL,'--- !ruby/hash:ActiveSupport::HashWithIndifferentAccess {}\n','2015-07-07 23:20:09','2015-07-07 23:20:09',NULL),(10,'andi','Andi','Harris','05653118324',1,'qqe1ijnjpj9yhs8z8j','andi@zhdk.ch','zsl3s49776yo97blpa','8398 Schmitt Lakes','New Victoria','P-W5M 6WB','Panama',2,NULL,'--- !ruby/hash:ActiveSupport::HashWithIndifferentAccess {}\n','2015-07-07 23:20:09','2015-07-07 23:20:09',NULL),(11,'edmund_morar_7066','Maxime','Kessler','03270566036',1,'7v2uiz7swrqh1b2kx4','winston_hammes@hoppe.info','hs6ffs4mn55n91wuu2','69286 Quitzon Dam','Norbertomouth','G-GH4 8WY','Greece',2,NULL,'--- !ruby/hash:ActiveSupport::HashWithIndifferentAccess {}\n','2015-07-07 23:20:09','2015-07-07 23:20:09',NULL),(12,'roxanne_kutch_9106','Mossie','Okuneva','0169775089',1,'yxh97g2scn3daukfgs','delaney@waelchi.com','k2zn240vygt45dly58','69156 Neva Harbors','Jastchester','B-MG8 6HJ','Brazil',1,NULL,'--- !ruby/hash:ActiveSupport::HashWithIndifferentAccess {}\n','2015-07-07 23:20:09','2015-07-07 23:20:09',NULL),(13,'romaine_6630','Eda','Flatley','0800509679',1,'73ohtyj6xeizecktp6','enos@dach.co.uk','vte04zng3plk49ell7','37087 Ora Parkway','Gutmannview','S-WX9 1JF','Suriname',1,NULL,'--- !ruby/hash:ActiveSupport::HashWithIndifferentAccess {}\n','2015-07-07 23:20:09','2015-07-07 23:20:09',NULL),(14,'laurianne_schmidt_8380','Cameron','Dare','01914638243',1,'8bj0avioosc2hls3ee','joe@runolfsdottirjohnston.com','xp75vedd8kkpcggtmv','66855 Lexus Course','West Alana','S-YY6W 1JJ','Senegal',1,NULL,'--- !ruby/hash:ActiveSupport::HashWithIndifferentAccess {}\n','2015-07-07 23:20:09','2015-07-07 23:20:09',NULL),(15,'lance_5197','Rebeka','Skiles','09117366033',1,'eohr6nb85niawacq6e','jena.oconnell@abernathy.biz','047z5keudjp6yvprp7','278 Ahmed Ridges','Leifmouth','T-PA5P 0LL','Tunisia',1,NULL,'--- !ruby/hash:ActiveSupport::HashWithIndifferentAccess {}\n','2015-07-07 23:20:09','2015-07-07 23:20:09',NULL),(16,'juvenal.thiel_957','Hobart','Bailey','01253983203',1,'24dquy9n2hthmditci','violet@windler.biz','ggpcijpxh4hmcb86lm','410 Kuhn Ferry','Damionshire','B-ZB1X 7XB','Bulgaria',1,NULL,'--- !ruby/hash:ActiveSupport::HashWithIndifferentAccess {}\n','2015-07-07 23:20:09','2015-07-07 23:20:09',NULL),(17,'gino','Gino','F.','09554118715',1,'r2ukytx6mrf5u5i9ui','gino@zhdk.ch','dgt6txp1rw5z5pn62a','174 Kemmer Falls','Reubenchester','B-Z1X 4WE','Bulgaria',2,NULL,'--- !ruby/hash:ActiveSupport::HashWithIndifferentAccess {}\n','2015-07-07 23:20:09','2015-07-07 23:20:09',NULL),(18,'pius','Pius','Stoltenberg','08835819916',1,'uk2rdy0yt2kpobde69','pius@zhdk.ch','yf1iflsnecfue0qkwm','929 Pacocha Parkway','North Jennifer','I-SL1 4AL','Israel',2,NULL,'--- !ruby/hash:ActiveSupport::HashWithIndifferentAccess {}\n','2015-07-07 23:20:09','2015-07-07 23:20:09',NULL),(19,'peter','Peter','Silie','0500991333',1,'u7y6sjaddnlh9zzewu','peter@silie.com','3tkjdh6pf79stimd9f','46714 Marquise Stream','East Agustina','A-FG2 0GL','Andorra',2,NULL,'--- !ruby/hash:ActiveSupport::HashWithIndifferentAccess {}\n','2015-07-07 23:20:09','2015-07-07 23:20:09',NULL),(20,'birdie_8118','Tremayne','Kulas','0125624319',1,'v4yvqbhwpiv0l26wom','nickolas_keebler@marvin.info','fssly8jayhmu1v6y5r','49854 Rosemary River','Boyerbury','W-A0B 9LW','Wallis and Futuna',1,NULL,'--- !ruby/hash:ActiveSupport::HashWithIndifferentAccess {}\n','2015-07-07 23:20:09','2015-07-07 23:20:09',NULL),(21,'arnoldo.lakin_6551','Rod','Collier','01317716167',1,'is0ht2vc7pt6cv1nfy','mitchel@hettinger.com','8082q2k7rtskxw1aj2','342 Jones Rapids','East Maudie','M-WU4 2TY','Martinique',1,NULL,'--- !ruby/hash:ActiveSupport::HashWithIndifferentAccess {}\n','2015-07-07 23:20:09','2015-07-07 23:20:09',NULL),(22,'jaden_kohler_5097','Cielo','Wilkinson','08948292311',1,'to23nuc3z3j05484l7','torrance@hilpert.co.uk','fenl0fmef22tv2rcf0','44581 Malika Mews','West Eldora','A-RC7 5LA','Andorra',1,NULL,'--- !ruby/hash:ActiveSupport::HashWithIndifferentAccess {}\n','2015-07-07 23:20:09','2015-07-07 23:20:09',NULL),(23,'lauretta_bogisich_8676','Felicia','Rutherford','01507716401',1,'6sfjgtld33jxqol1ec','dane.oberbrunner@franecki.name','20dahuj33lvebdd5rh','271 D\'Amore Dam','Ayanamouth','E-W5 9JS','Estonia',1,NULL,'--- !ruby/hash:ActiveSupport::HashWithIndifferentAccess {}\n','2015-07-07 23:20:09','2015-07-07 23:20:09',NULL),(24,'kevon_jakubowski_2495','Michelle','Bernhard','09543971793',1,'x2ra38tea62ut29591','jodie@darebotsford.co.uk','o7b3lfxudre6yv12zy','5189 Colleen Knolls','Lake Dollychester','L-Z7 1LL','Lesotho',1,NULL,'--- !ruby/hash:ActiveSupport::HashWithIndifferentAccess {}\n','2015-07-03 00:00:00','2015-07-03 00:00:00',NULL),(25,'shawna_2902','Sherwood','Hoppe','01773977853',1,'15zr7y5ivsrkeajrhx','weldon.crist@lynchauer.name','zhlyzj9sgyqpxepmmu','447 Kshlerin Drives','Borisland','T-WA5 2LB','Tunisia',1,NULL,'--- !ruby/hash:ActiveSupport::HashWithIndifferentAccess {}\n','2015-07-03 00:00:00','2015-07-03 00:00:00',NULL),(26,'mina','Mina','Walker','0800476099',1,'6w7z8ke6gxig4r58pb','mina@zhdk.ch','sd3045mlcpi5qlxxia','739 Ziemann Trail','Lake Leliaborough','P-SA6M 2JE','Paraguay',1,NULL,'--- !ruby/hash:ActiveSupport::HashWithIndifferentAccess {}\n','2015-07-07 23:20:09','2015-07-07 23:20:09',NULL),(27,'julie','Julie','Hickle','0149382164',1,'bh6axsmqxf5pxgv7gq','julie@zhdk.ch','ilqdo2qm7gl0s6ej58','36369 Herman Prairie','West Corneliusport','B-UR5R 4BO','Bulgaria',1,NULL,'--- !ruby/hash:ActiveSupport::HashWithIndifferentAccess {}\n','2015-07-07 23:20:09','2015-07-07 23:20:09',NULL),(28,NULL,'Enim recusandae quae ut.',NULL,NULL,NULL,NULL,NULL,NULL,NULL,NULL,NULL,NULL,1,NULL,'--- !ruby/hash:ActiveSupport::HashWithIndifferentAccess {}\n','2015-07-07 23:20:09','2015-07-07 23:20:09',27),(29,NULL,'Nisi assumenda eius cum.',NULL,NULL,NULL,NULL,NULL,NULL,NULL,NULL,NULL,NULL,1,NULL,'--- !ruby/hash:ActiveSupport::HashWithIndifferentAccess {}\n','2015-07-07 23:20:09','2015-07-07 23:20:09',26),(30,NULL,'Totam nihil tempore reiciendis.',NULL,NULL,NULL,NULL,NULL,NULL,NULL,NULL,NULL,NULL,1,NULL,'--- !ruby/hash:ActiveSupport::HashWithIndifferentAccess {}\n','2015-07-07 23:20:09','2015-07-07 23:20:09',26),(31,NULL,'Sunt officiis nemo quia sed.',NULL,NULL,NULL,NULL,NULL,NULL,NULL,NULL,NULL,NULL,1,NULL,'--- !ruby/hash:ActiveSupport::HashWithIndifferentAccess {}\n','2015-07-07 23:20:09','2015-07-07 23:20:09',26),(32,'normin','Normin','N.','05553835823',1,'hnxux1pgiw2qfukul2','normin@zhdk.ch','7v2wfqo52zvlal7wj6','40471 Casimir Rest','North Marcosbury','S-UG4 3XO','Seychelles',2,NULL,'--- !ruby/hash:ActiveSupport::HashWithIndifferentAccess {}\n','2015-07-07 23:20:09','2015-07-07 23:20:09',NULL),(33,'petra','Petra','K.','08009951234',1,'1h8nc4y2n6tq4s187q','petra@zhdk.ch','4td25xsgf5uarrx3j2','4912 Lamont Branch, ','South Selinaside','P-YU2X 4OJ','Peru',2,NULL,'--- !ruby/hash:ActiveSupport::HashWithIndifferentAccess {}\n','2015-07-07 23:20:09','2015-07-07 23:20:09',NULL),(34,'lisa','Lisa','L.','0169774292',1,'1vvxvjeijm3fgj3nan','lisa@zhdk.ch','tdavo9a42l2z785ei9','6344 Josianne Extension','Schaeferburgh','I-WF67 5JB','India',2,NULL,'--- !ruby/hash:ActiveSupport::HashWithIndifferentAccess {}\n','2015-07-07 23:20:09','2015-07-07 23:20:09',NULL);
/*!40000 ALTER TABLE `users` ENABLE KEYS */;
UNLOCK TABLES;

--
-- Temporary view structure for view `visit_lines`
--

DROP TABLE IF EXISTS `visit_lines`;
/*!50001 DROP VIEW IF EXISTS `visit_lines`*/;
SET @saved_cs_client     = @@character_set_client;
SET character_set_client = utf8;
/*!50001 CREATE VIEW `visit_lines` AS SELECT 
 1 AS `visit_id`,
 1 AS `inventory_pool_id`,
 1 AS `user_id`,
 1 AS `delegated_user_id`,
 1 AS `status`,
 1 AS `action`,
 1 AS `date`,
 1 AS `quantity`,
 1 AS `contract_line_id`*/;
SET character_set_client = @saved_cs_client;

--
-- Temporary view structure for view `visits`
--

DROP TABLE IF EXISTS `visits`;
/*!50001 DROP VIEW IF EXISTS `visits`*/;
SET @saved_cs_client     = @@character_set_client;
SET character_set_client = utf8;
/*!50001 CREATE VIEW `visits` AS SELECT 
 1 AS `id`,
 1 AS `inventory_pool_id`,
 1 AS `user_id`,
 1 AS `status`,
 1 AS `action`,
 1 AS `date`,
 1 AS `quantity`*/;
SET character_set_client = @saved_cs_client;

--
-- Table structure for table `workdays`
--

DROP TABLE IF EXISTS `workdays`;
/*!40101 SET @saved_cs_client     = @@character_set_client */;
/*!40101 SET character_set_client = utf8 */;
CREATE TABLE `workdays` (
  `id` int(11) NOT NULL AUTO_INCREMENT,
  `inventory_pool_id` int(11) DEFAULT NULL,
  `monday` tinyint(1) DEFAULT '1',
  `tuesday` tinyint(1) DEFAULT '1',
  `wednesday` tinyint(1) DEFAULT '1',
  `thursday` tinyint(1) DEFAULT '1',
  `friday` tinyint(1) DEFAULT '1',
  `saturday` tinyint(1) DEFAULT '0',
  `sunday` tinyint(1) DEFAULT '0',
  PRIMARY KEY (`id`),
  KEY `index_workdays_on_inventory_pool_id` (`inventory_pool_id`)
) ENGINE=InnoDB AUTO_INCREMENT=15 DEFAULT CHARSET=utf8 COLLATE=utf8_unicode_ci;
/*!40101 SET character_set_client = @saved_cs_client */;

--
-- Dumping data for table `workdays`
--

LOCK TABLES `workdays` WRITE;
/*!40000 ALTER TABLE `workdays` DISABLE KEYS */;
INSERT INTO `workdays` VALUES (1,1,1,1,1,1,1,0,0),(2,2,1,1,1,1,1,0,0),(3,3,1,1,1,1,1,0,0),(4,4,1,1,1,1,1,0,0),(5,5,1,1,1,1,1,0,0),(6,6,1,1,1,1,1,0,0),(7,7,1,1,1,1,1,0,0),(8,8,1,1,1,1,1,0,0),(9,9,1,1,1,1,1,0,0),(10,10,1,1,1,1,1,0,0),(11,11,1,1,1,1,1,0,0),(12,12,1,1,1,1,1,0,0),(13,13,1,1,1,1,1,0,0),(14,14,1,1,1,1,1,0,0);
/*!40000 ALTER TABLE `workdays` ENABLE KEYS */;
UNLOCK TABLES;

--
-- Final view structure for view `partitions_with_generals`
--

/*!50001 DROP VIEW IF EXISTS `partitions_with_generals`*/;
/*!50001 SET @saved_cs_client          = @@character_set_client */;
/*!50001 SET @saved_cs_results         = @@character_set_results */;
/*!50001 SET @saved_col_connection     = @@collation_connection */;
/*!50001 SET character_set_client      = utf8 */;
/*!50001 SET character_set_results     = utf8 */;
/*!50001 SET collation_connection      = utf8_general_ci */;
/*!50001 CREATE ALGORITHM=UNDEFINED */
/*!50001 VIEW `partitions_with_generals` AS select `partitions`.`model_id` AS `model_id`,`partitions`.`inventory_pool_id` AS `inventory_pool_id`,`partitions`.`group_id` AS `group_id`,`partitions`.`quantity` AS `quantity` from `partitions` union select `i`.`model_id` AS `model_id`,`i`.`inventory_pool_id` AS `inventory_pool_id`,NULL AS `group_id`,(count(`i`.`id`) - ifnull((select sum(`p`.`quantity`) from `partitions` `p` where ((`p`.`model_id` = `i`.`model_id`) and (`p`.`inventory_pool_id` = `i`.`inventory_pool_id`)) group by `p`.`inventory_pool_id`,`p`.`model_id`),0)) AS `quantity` from `items` `i` where (isnull(`i`.`retired`) and (`i`.`is_borrowable` = 1) and isnull(`i`.`parent_id`)) group by `i`.`inventory_pool_id`,`i`.`model_id` */;
/*!50001 SET character_set_client      = @saved_cs_client */;
/*!50001 SET character_set_results     = @saved_cs_results */;
/*!50001 SET collation_connection      = @saved_col_connection */;

--
-- Final view structure for view `visit_lines`
--

/*!50001 DROP VIEW IF EXISTS `visit_lines`*/;
/*!50001 SET @saved_cs_client          = @@character_set_client */;
/*!50001 SET @saved_cs_results         = @@character_set_results */;
/*!50001 SET @saved_col_connection     = @@collation_connection */;
/*!50001 SET character_set_client      = utf8 */;
/*!50001 SET character_set_results     = utf8 */;
/*!50001 SET collation_connection      = utf8_general_ci */;
/*!50001 CREATE ALGORITHM=UNDEFINED */
/*!50001 VIEW `visit_lines` AS select hex(concat(if((`c`.`status` = 'approved'),`cl`.`start_date`,`cl`.`end_date`),`c`.`inventory_pool_id`,`c`.`user_id`,`c`.`status`)) AS `visit_id`,`c`.`inventory_pool_id` AS `inventory_pool_id`,`c`.`user_id` AS `user_id`,`c`.`delegated_user_id` AS `delegated_user_id`,`c`.`status` AS `status`,if((`c`.`status` = 'approved'),'hand_over','take_back') AS `action`,if((`c`.`status` = 'approved'),`cl`.`start_date`,`cl`.`end_date`) AS `date`,`cl`.`quantity` AS `quantity`,`cl`.`id` AS `contract_line_id` from (`contract_lines` `cl` join `contracts` `c` on((`cl`.`contract_id` = `c`.`id`))) where ((`c`.`status` in ('approved','signed')) and isnull(`cl`.`returned_date`)) order by if((`c`.`status` = 'approved'),`cl`.`start_date`,`cl`.`end_date`) */;
/*!50001 SET character_set_client      = @saved_cs_client */;
/*!50001 SET character_set_results     = @saved_cs_results */;
/*!50001 SET collation_connection      = @saved_col_connection */;

--
-- Final view structure for view `visits`
--

/*!50001 DROP VIEW IF EXISTS `visits`*/;
/*!50001 SET @saved_cs_client          = @@character_set_client */;
/*!50001 SET @saved_cs_results         = @@character_set_results */;
/*!50001 SET @saved_col_connection     = @@collation_connection */;
/*!50001 SET character_set_client      = utf8 */;
/*!50001 SET character_set_results     = utf8 */;
/*!50001 SET collation_connection      = utf8_general_ci */;
/*!50001 CREATE ALGORITHM=UNDEFINED */
/*!50001 VIEW `visits` AS select hex(concat(`visit_lines`.`date`,`visit_lines`.`inventory_pool_id`,`visit_lines`.`user_id`,`visit_lines`.`status`)) AS `id`,`visit_lines`.`inventory_pool_id` AS `inventory_pool_id`,`visit_lines`.`user_id` AS `user_id`,`visit_lines`.`status` AS `status`,`visit_lines`.`action` AS `action`,`visit_lines`.`date` AS `date`,sum(`visit_lines`.`quantity`) AS `quantity` from `visit_lines` group by `visit_lines`.`user_id`,`visit_lines`.`status`,`visit_lines`.`date`,`visit_lines`.`inventory_pool_id` */;
/*!50001 SET character_set_client      = @saved_cs_client */;
/*!50001 SET character_set_results     = @saved_cs_results */;
/*!50001 SET collation_connection      = @saved_col_connection */;
/*!40103 SET TIME_ZONE=@OLD_TIME_ZONE */;

/*!40101 SET SQL_MODE=@OLD_SQL_MODE */;
/*!40014 SET FOREIGN_KEY_CHECKS=@OLD_FOREIGN_KEY_CHECKS */;
/*!40014 SET UNIQUE_CHECKS=@OLD_UNIQUE_CHECKS */;
/*!40101 SET CHARACTER_SET_CLIENT=@OLD_CHARACTER_SET_CLIENT */;
/*!40101 SET CHARACTER_SET_RESULTS=@OLD_CHARACTER_SET_RESULTS */;
/*!40101 SET COLLATION_CONNECTION=@OLD_COLLATION_CONNECTION */;
/*!40111 SET SQL_NOTES=@OLD_SQL_NOTES */;

-- Dump completed on 2014-06-24 12:01:35
COMMIT;
